ISO3,Country,Year,fraser_Summary,heritage_Overall,fraser_SizeGov,fraser_LegalSystem,fraser_SoundMoney,fraser_FreeTrade,fraser_Regulation,heritage_Property.Rights,heritage_Government.Integrity,heritage_Judicial.Effectiveness,heritage_Tax.Burden,heritage_Government.Spending,heritage_Fiscal.Health,heritage_Business.Freedom,heritage_Labor.Freedom,heritage_Monetary.Freedom,heritage_Trade.Freedom,heritage_Investment.Freedom,heritage_Financial.Freedom,GDP.per.capita..PPP..constant.2021.international...,Poverty.headcount.ratio.at..8.30.a.day..2021.PPP.....of.population.,Poverty.gap.at..8.30.a.day..2021.PPP.....,Gini.index,Income.share.held.by.lowest.20.,Proportion.of.population.facing.impoverishing.out.of.pocket.health.expenditure..based.on.the.societal.poverty.line....,Vulnerable.employment..total....of.total.employment...modeled.ILO.estimate.,NY.GDP.PCAP.PP.KD,SI.POV.UMIC,SI.POV.UMIC.GP,SI.POV.GINI,SI.DST.FRST.20,SH_UHC_FH40_IMPOV,SL.EMP.VULN.ZS,log_GDP_per_capita,GDP_per_capita_growth
AFG,Afghanistan,1995,,,,,,,,,,,,,,,,,,,,,,,,,,95.52982507781,,,,,,,,,
AFG,Afghanistan,1996,,,,,,,,,,,,,,,,,,,,,,,,,,95.441270725716,,,,,,,,,
AFG,Afghanistan,1997,,,,,,,,,,,,,,,,,,,,,,,,,,95.2876945838557,,,,,,,,,
AFG,Afghanistan,1998,,,,,,,,,,,,,,,,,,,,,,,,,,95.1033947601255,,,,,,,,,
AFG,Afghanistan,1999,,,,,,,,,,,,,,,,,,,,,,,,,,94.8961368242593,,,,,,,,,
AFG,Afghanistan,2000,,,,,,,,,,,,,,,,,,,,1617.82647494969,,,,,,94.6701280639741,,,,,,,,7.389456767544086,
AFG,Afghanistan,2001,,,,,,,,,,,,,,,,,,,,1454.11078195559,,,,,,94.6443004380422,,,,,,,,7.282837315508274,-10.661945203581169
AFG,Afghanistan,2002,,,,,,,,,,,,,,,,,,,,1774.30874287341,,,,,,94.3840223991455,,,,,,,,7.481729626430761,19.88923109224867
AFG,Afghanistan,2003,,,,,,,,,,,,,,,,,,,,1815.92819979586,,,,,,94.0942212869551,,,,,,,,7.504902551817856,2.31729253870947
AFG,Afghanistan,2004,,,,,,,,,,,,,,,,,,,,1776.91820712187,,,,,,93.8555530192998,,,,,,,,7.483198412272086,-2.170413954577022
AFG,Afghanistan,2005,,,,,,,,,,,,,,,,,,,,1908.11478234587,,,,,,93.5180128027252,,,,,,,,7.554394948867315,7.119653659522918
AFG,Afghanistan,2006,,,,,,,,,,,,,,,,,,,,1929.72389709372,,,,,,93.1873845507324,,,,,,,,7.565650287789794,1.1255338922479652
AFG,Afghanistan,2007,,,,,,,,,,,,,,,,,,,,2155.35306784413,,,,,,92.7458765409573,,,,,,,,7.676173679217193,11.052339142739864
AFG,Afghanistan,2008,,,,,,,,,,,,,,,,,,,,2191.50435559062,,,,,,92.3506316077969,,,,,,,,7.692799710830736,1.6626031613543368
AFG,Afghanistan,2009,,,,,,,,,,,,,,,,,,,,2565.02208584099,,,,,,91.2424734583851,,,,,,,,7.8501121522472666,15.731244141653011
AFG,Afghanistan,2010,,,,,,,,,,,,,,,,,,,,2848.58606111495,,,,,,90.043576046337,,,,,,,,7.954929021000044,10.481686875277774
AFG,Afghanistan,2011,,,,,,,,,,,,,,,,,,,,2757.05258747725,,,,,,89.0042626266029,,,,,,,,7.922280125422104,-3.2648895577940706
AFG,Afghanistan,2012,,,,,,,,,,,,,,,,,,,,2985.31914452845,,,,,,87.9466221225401,,,,,,,,8.001796852671987,7.9516727249883346
AFG,Afghanistan,2013,,,,,,,,,15,,,83.2,,59.7,75.8,69.5,,65,,3046.57993117128,,,,,,86.4837438686457,,,,,,,,8.022103089451592,2.0306236779605413
AFG,Afghanistan,2014,,,,,,,,,10,,91.2,84.2,,63.1,75,74.3,,65,,3017.94254424696,,,,,,85.0754288517816,,,,,,,,8.012661898140168,-0.9441191311424291
AFG,Afghanistan,2015,,,,,,,,,8,,91.7,81.2,,61.4,67.5,72.6,,55,,2967.692067153,,,,,,84.1329631338373,,,,,,,,7.995876753370399,-1.6785144769769111
AFG,Afghanistan,2016,,,,,,,,,12,,91.6,81.2,,56.6,63.2,,,55,,2958.7853992308,,,,,,83.3065433479913,,,,,,,,7.99287204442997,-0.3004708940428813
AFG,Afghanistan,2017,,48.9,,,,,,12.6,27.5,28.4,91.6,79.9,97.3,54.2,59.9,69.3,66,0,0,2952.99891598909,,,,,,82.2233604181096,,,,,,,,7.990915096127511,-0.19569483024595158
AFG,Afghanistan,2018,,51.3,,,,,,17.9,26.2,28.2,91.8,79.3,98.3,53,57.3,77.8,66,10,10,2902.39211285546,,,,,,82.31332217699,,,,,,,,7.97363502650351,-1.7280069624000305
AFG,Afghanistan,2019,,51.5,,,,,,19.6,25.2,29.6,91.7,80.3,99.3,49.2,60.4,76.7,66,10,10,2927.2451435353,,,,,,82.3961191048543,,,,,,,,7.98215859546156,0.8523568958049843
AFG,Afghanistan,2020,,54.7,,,,,,48.3,24.8,30,91.4,79.2,99.9,54.7,61.6,81,66,10,10,2769.68574507111,,,,,,82.6906955888445,,,,,,,,7.926850129940631,-5.5308465520929495
AFG,Afghanistan,2021,,53,,,,,,30.3,29.1,25.7,91.1,76.1,99.9,53.9,59.9,80.8,68.6,10,10,2144.16657002819,,,,,,80.587703693578,,,,,,,,7.670972483371919,-25.587764656871137
AFG,Afghanistan,2022,,,,,,,,,,,,,,,,,,,,1981.71016810561,,,,,,81.091381513011,,,,,,,,7.592219959544949,-7.875252382696996
AGO,Angola,1995,,27.4,7.41,2.09,,,3.37,30,30,,61.6,0,,40,,0,25,30,30,5983.18421691116,,,,,,83.0818207260934,,,,,,,,8.696875304092092,
AGO,Angola,1996,,24.4,,,,,,30,10,,54.6,0,,40,,0,25,30,30,6567.67778259899,,,,,,82.9013089604234,,,,,,,,8.79006784047904,9.319253638694747
AGO,Angola,1997,,24.2,,,,,,30,10,,52.6,0,,40,,0,25,30,30,6810.21622212226,,,,,,82.6036623195544,,,,,,,,8.826325976754493,3.6258136275453268
AGO,Angola,1998,,24.9,,,,,,30,10,,59.1,0,,40,,0,25,30,30,6895.02600537711,,,,,,82.2379065077477,,,,,,,,8.838700583417786,1.2374606663293264
AGO,Angola,1999,,23.7,,,,,,30,10,,47.9,0,,40,,0,25,30,30,6817.05713550008,,,,,,81.8921679287296,,,,,,,,8.827329832759549,-1.1370750658237228
AGO,Angola,2000,4.17,24.3,6.45,2.34,1.98,,3.37,30,10,,53.4,0,,40,,0,25,30,30,6796.40633958013,69.7,37.1,51.9,3.2,,81.5838188375825,,,,,,,,8.824296397754859,-0.30334350046903324
AGO,Angola,2001,4.21,,6.59,2.34,1.98,,3.37,,,,,,,,,,,,,6848.68325514498,,,,,,81.2873607867441,,,,,,,,8.831957690062342,0.7661292307483691
AGO,Angola,2002,4.37,,7.18,2.34,1.98,,3.37,,,,,,,,,,,,,7523.81291488042,,,,,,80.8859734375241,,,,,,,,8.925961227498105,9.40035374357624
AGO,Angola,2003,3.92,,6.45,2.46,1.98,,2.51,,,,,,,,,,,,,7518.88948314505,,,,,,80.5220804611363,,,,,,,,8.925306720445606,-0.06545070524985874
AGO,Angola,2004,3.78,,7.15,2.53,0.01,,3.36,,,,,,,,,,,,,8081.75707952672,,,,,,80.0835951914469,,,,,,,,8.997488316025613,7.218159558000714
AGO,Angola,2005,3.72,,6.89,2.53,0.03,5.84,3.36,,,,,,,,,,,,,8895.37660461036,,,,,,79.5157009787716,,,,,,,,9.093399349745644,9.59110337200304
AGO,Angola,2006,4.09,43.5,5.17,2.57,2.59,5.79,4.17,30,20,,84.9,40.1,,26.8,44.9,40.3,68,30,50,9588.82238860962,,,,,,78.9800674798274,,,,,,,,9.168457647227315,7.505829748167159
AGO,Angola,2007,4.03,44.7,4.97,2.55,2.66,5.65,4.22,20,20,,85,61.6,,35.3,44.9,47.7,73,20,40,10437.5899897179,,,,,,78.3795617615055,,,,,,,,9.253264793859275,8.480714663195954
AGO,Angola,2008,4.17,46.9,4.72,2.75,3.57,5.66,4.02,20,22,,85.2,72.8,,36.7,41.5,57.8,73,20,40,11134.7047183666,71.7,35.1,42.7,5.4,7.63,77.6124239019324,,,,,,,,9.317911866271372,6.464707241209666
AGO,Angola,2009,4.64,47,7.46,2.76,3.52,5.59,3.92,20,22,,85.2,62.2,,43.6,43.5,61.8,72,20,40,10933.2712187989,,,,,,76.9023996576862,,,,,,,,9.299657284232259,-1.8254582039112677
AGO,Angola,2010,4.86,48.4,6.32,2.98,4.39,5.96,4.64,20,19,,85.1,62.8,,43.4,45.2,62.6,70.4,35,40,11077.1301919405,,,,,,75.4921547412175,,,,,,,,9.31272819082048,1.307090658822041
AGO,Angola,2011,4.72,46.2,6.16,2.88,4.6,5.98,3.92,20,19,,84.5,48.1,,41.4,42.3,61.8,70.2,35,40,11037.6388778577,,,,,,74.3450021759171,,,,,,,,9.309157022181122,-0.35711686393575803
AGO,Angola,2012,4.96,46.7,6.25,2.87,5.32,6.07,4.29,20,19,,84.1,53.2,,45.5,43.9,61.2,65.2,35,40,11519.9933863364,,,,,,71.3937735306844,,,,,,,,9.351926161984977,4.276913980385544
AGO,Angola,2013,4.84,47.3,4.98,2.82,6.26,5.94,4.18,15,20,,82.6,60.6,,43.1,44.8,61.5,70.2,35,40,11626.1877218484,,,,,,68.4179370315136,,,,,,,,9.361101403876573,0.9175241891595576
AGO,Angola,2014,4.79,47.7,5.5,2.83,6.54,5.06,4.02,15,17.7,,87.7,55.3,,47.5,40.1,63.6,70.1,40,40,11721.664415634,,,,,,65.3874596999408,,,,,,,,9.369279376511278,0.81779726347051
AGO,Angola,2015,5.25,47.9,7.54,2.83,6.21,5.12,4.54,15,23,,84.5,50.1,,47.4,43.2,65.4,70.2,40,40,11392.9059344932,,,,,,65.2627838048266,,,,,,,,9.340833924300908,-2.8445452210370092
AGO,Angola,2016,5.04,48.9,7.86,2.83,4.72,5.26,4.5,15,19,,87.8,50.1,,50.3,44.8,72.2,70.2,40,40,10805.7122533667,,,,,,65.2247980488231,,,,,,,,9.287922724999461,-5.291119930144639
AGO,Angola,2017,4.41,48.5,7.26,2.88,4.39,3.07,4.46,36.4,12.8,19.8,87.7,58.6,70.7,58.5,40.4,70.6,56.7,30,40,10414.2358842987,,,,,,65.2211179561194,,,,,,,,9.251025001955036,-3.6897723044425845
AGO,Angola,2018,4.34,48.6,7.52,3,3.33,3.07,4.81,36,18.9,25.4,82.4,69.1,54.8,58.3,50.9,58.5,59.5,30,40,10000.9443772509,80,46.7,51.3,3.8,31.72,65.260188942090707,,,,,,,,9.210534790800708,-4.049021115432794
AGO,Angola,2019,5.03,50.6,7.97,3.13,3.72,5.51,4.81,35.9,20.5,26.6,83.9,80.7,58.2,55.7,58.8,55.4,61.2,30,40,9648.01103767178,,,,,,65.2690021312481,,,,,,,,9.174610705938456,-3.592408486225196
AGO,Angola,2020,5.31,52.2,7.93,3.17,4.85,5.49,5.1,36.9,15.1,14.3,87.3,85.7,71.9,57.7,61.1,59.6,66.2,30,40,8960.33797242389,,,,,,65.9410906429964,,,,,,,,9.10067482210022,-7.393588383823513
AGO,Angola,2021,5.17,54.2,7.65,3.17,4.7,5.49,4.82,30.3,20.4,22.8,87.3,86.9,77.9,56.9,59.6,67.5,70.2,30,40,8862.28133314521,,,,,,65.7930821615419,,,,,,,,9.089672328663278,-1.1002493436942373
AGO,Angola,2022,4.79,52.6,7.5,3.17,5,2.97,5.3,39.8,20.6,25.3,86.6,86.4,80,37.6,53.9,61.2,70,30,40,8950.14259255142,,,,,,66.312487849522,,,,,,,,9.099536467092776,0.9864138429497515
ALB,Albania,1995,5.69,49.7,6.6,5.27,4.5,6.68,5.48,50,10,,81.7,34.3,,70,,22.1,59,70,50,4901.55585401353,,,,,,59.1027687458486,,,,,,,,8.497511950971136,
ALB,Albania,1996,,53.8,,,,,,50,10,,81.7,51,,70,,42.6,59,70,50,5293.95058645517,58.6,18.7,27,9.2,8.85,58.6512084193838,,,,,,,,8.574508925877735,7.699697490659929
ALB,Albania,1997,,54.8,,,,,,50,10,,81.5,60.3,,70,,62.9,59,70,30,4703.26955163136,,,,,,58.3439224355516,,,,,,,,8.45622579057945,-11.82831352982845
ALB,Albania,1998,,53.9,,,,,,30,10,,82.1,66.5,,70,,67.7,59,70,30,5126.27252945174,,,,,,57.9455268382669,,,,,,,,8.542329126105672,8.610333552622151
ALB,Albania,1999,,53.4,,,,,,30,10,,82.9,72.5,,70,,57.8,57.8,70,30,5790.83875196357,,,,,,57.4505693862819,,,,,,,,8.664205093892724,12.187596778705156
ALB,Albania,2000,6.35,53.6,7.51,4.8,6.91,6.29,6.3,30,10,,80.2,74.8,,70,,59.7,57.8,70,30,6262.79025338866,,,,,,56.9688447383251,,,,,,,,8.742540752657382,7.833565876465798
ALB,Albania,2001,6.44,56.6,7.58,4.92,6.64,6.42,6.71,30,23,,79.5,71.2,,70,,71.8,63.8,70,30,6882.19233239915,,,,,,56.4629109200184,,,,,,,,8.836837825114044,9.429707245666208
ALB,Albania,2002,6.63,56.8,8.18,4.93,6.71,6.63,6.73,30,10,,79.2,67.3,,55,,86,63.4,70,50,7222.35315098754,61,21.1,31.7,8.4,19.52,55.9126413837175,,,,,,,,8.885074549419336,4.8236724305292356
ALB,Albania,2003,7.19,56.8,8.16,5.1,9.7,6.64,6.42,30,10,,83.8,70.4,,55,,85.8,56.2,70,50,7636.05719381394,,,,,,55.4442264573991,,,,,,,,8.940767623902365,5.569307448302929
ALB,Albania,2004,7.1,58.5,7.88,5.14,9.44,6.65,6.44,30,25,,83.6,72.3,,55,,79.6,61.4,70,50,8071.85637663207,,,,,,55.459663112862,,,,,,,,8.996262648654831,5.549502475246548
ALB,Albania,2005,7.14,57.8,8.23,5.23,9.47,6.58,6.18,30,25,,83.3,71,,55,49,85,60.2,70,50,8529.55083539458,50,15.6,30.6,8.4,18.65,55.253812505202,,,,,,,,9.051409214648668,5.514656599383727
ALB,Albania,2006,7.34,60.3,8.4,5.28,9.3,6.91,6.86,30,25,,81.2,75.6,,54.3,50.2,84.5,62.4,70,70,9100.17619950219,,,,,,54.7415976042769,,,,,,,,9.11615893684508,6.474972219641195
ALB,Albania,2007,7.4,61.4,8.69,5.3,9.21,7.01,6.85,30,24,,87.3,75.1,,64.1,49.7,80.3,73.2,60,70,9765.21549539096,,,,,,54.9166987982008,,,,,,,,9.186684310258862,7.052537341378162
ALB,Albania,2008,7.3,62.4,8.18,5.41,9.16,7.08,6.71,30,26,,90.3,76,,55.6,49.5,80.4,75.8,70,70,10520.1214959839,43.4,11.8,30,8.9,12.3,58.423704765182,,,,,,,,9.261140086691796,7.445577643293433
ALB,Albania,2009,7.36,63.7,7.76,5.51,9.41,7.35,6.82,30,29,,92.8,75.6,,67,47.2,79.6,75.8,70,70,10876.2397483184,,,,,,56.8305037593501,,,,,,,,9.294427788619657,3.3287701927861235
ALB,Albania,2010,7.35,66,8.02,5.18,9.28,7.57,6.74,35,34,,92.6,74.2,,68,52.1,78.7,85.8,70,70,11255.347190983,,,,,,55.1330239126757,,,,,,,,9.328687443288588,3.4259654668931105
ALB,Albania,2011,7.41,64,8.01,5.07,9.35,7.54,7.11,35,32,,92.1,68.7,,67.1,50.4,79.9,79.8,65,70,11563.6910916595,,,,,,59.1932153701183,,,,,,,,9.355711863687057,2.7024420398468862
ALB,Albania,2012,7.44,65.1,8.1,4.92,9.57,7.6,7.02,35,33,,91.4,69.5,,78.2,51,78.6,79.8,65,70,11859.090052184,45.9,13.4,29,8.9,9.59,61.5347469275197,,,,,,,,9.380934265455775,2.522240176871726
ALB,Albania,2013,7.39,65.2,7.86,5.06,9.53,7.55,6.94,30,31,,92.6,75.1,,81,49,78.4,79.8,65,70,12249.1225163452,,,,,,57.7794652997091,,,,,,,,9.413291217257163,3.235695180138798
ALB,Albania,2014,7.56,66.9,7.63,5.1,9.55,8.37,7.17,30,30.4,,92.7,75.6,,78.1,49.7,80,87.5,75,70,12718.2847603288,46.5,16.2,34.6,7,,55.9762894374987,,,,,,,,9.450874605779275,3.758338852211196
ALB,Albania,2015,7.64,65.7,7.76,5.3,9.62,8.36,7.19,30,31,,87.2,76.1,,70.6,52.9,80.8,87.8,70,70,13203.7969468536,32.8,9.2,32.8,7.7,,56.450566600066,,,,,,,,9.488335447623502,3.746084184422749
ALB,Albania,2016,7.68,65.9,7.76,5.34,9.74,8.41,7.15,35,33,,87.8,75,,67.6,51.5,81.7,87.6,70,70,13933.283751028,32.9,9.6,33.7,7.3,,55.9022724728535,,,,,,,,9.542107539314687,5.37720916911848
ALB,Albania,2017,7.66,64.4,7.49,5.34,9.7,8.54,7.24,54,39.7,28.5,86.9,72.5,51.5,79.3,50.7,81.4,87.7,70,70,14614.531161511,32.7,9.3,33.1,7.6,10.93,52.8315293895777,,,,,,,,9.589840020471044,4.773248115635731
ALB,Albania,2018,7.65,64.5,7.72,5.2,9.68,8.52,7.13,54.1,39.9,25.4,85.1,72.7,67.5,69.1,50.4,82.4,87.8,70,70,15386.701533437,24.1,6.6,30.1,7.9,,52.1865088304747,,,,,,,,9.641323867624617,5.148384715357324
ALB,Albania,2019,7.69,66.5,7.82,5.23,9.76,8.53,7.1,54.8,40.4,30.6,86.3,73.9,80.6,69.3,52.7,81.5,87.8,70,70,15948.2789166128,21.5,5,30.1,8.5,,51.1991823398025,,,,,,,,9.67716889820124,3.584503057662225
ALB,Albania,2020,7.57,66.9,7.74,5.24,9.68,8.44,6.73,57.1,38.8,33,85.9,74.6,86.3,65.7,52.1,81.2,88.4,70,70,15659.5886956223,19.9,4.9,29.4,8.4,,50.2974456373031,,,,,,,,9.658902561151267,-1.8266337049972492
ALB,Albania,2021,7.58,65.2,7.71,5.28,9.45,8.51,6.94,46.1,40.6,22.8,89,74.6,86.6,66.1,51.6,82,82.8,70,70,17329.5506338461,,,,,,48.1514912332876,,,,,,,,9.76022615565244,10.132359450117256
ALB,Albania,2022,7.48,66.6,7.81,5.43,8.76,8.53,6.9,55.5,35.6,49.8,89.1,72.1,70.6,70.7,51.1,82,82.6,70,70,18448.5176769995,,,,,,48.977117161397,,,,,,,,9.822793506958913,6.2567351306473284
ARE,United Arab Emirates,1995,6.85,,5.84,4.58,8.16,,6.9,,,,,,,,,,,,,104527.92304577,,,,,,0.230176391940564,,,,,,,,11.557219087649322,
ARE,United Arab Emirates,1996,,71.6,,,,,,90,90,,99.9,47.1,,85,,75.2,77,30,50,103653.473060887,,,,,,0.226249490731836,,,,,,,,11.548818272368232,-0.8400815281090601
ARE,United Arab Emirates,1997,,71.9,,,,,,90,90,,99.9,49.1,,85,,76.1,77,30,50,103392.439957977,,,,,,0.221142994813792,,,,,,,,11.546296795697401,-0.252147667083058
ARE,United Arab Emirates,1998,,72.2,,,,,,90,90,,99.9,51,,85,,78,76,30,50,96088.4925317357,,,,,,0.22691181079477,,,,,,,,11.473035250080718,-7.326154561668297
ARE,United Arab Emirates,1999,,71.5,,,,,,90,90,,99.9,43,,85,,78.9,77,30,50,92047.5945823489,,,,,,0.232238188821802,,,,,,,,11.430071918563666,-4.296333151705234
ARE,United Arab Emirates,2000,6.53,74.2,6.12,4.58,6.48,8.5,6.99,90,90,,99.9,65.7,,85,,80.4,77,30,50,95390.7013642316,,,,,,0.228771603724688,,,,,,,,11.465746865856406,3.5674947292740455
ARE,United Arab Emirates,2001,6.66,74.9,5.75,4.58,7.46,8.5,7.03,90,90,,99.9,51.3,,85,,80.7,77,50,50,90750.3469329386,,,,,,0.23557602567981,,,,,,,,11.41587859425319,-4.9868271603216385
ARE,United Arab Emirates,2002,6.91,73.6,6.59,4.58,7.84,8.5,7.06,70,90,,99.9,58.3,,85,,81.9,77,50,50,87479.2448897115,,,,,,0.275469273349458,,,,,,,,11.379168274166204,-3.6710320086985604
ARE,United Arab Emirates,2003,6.89,73.4,6.55,4.57,7.91,8.5,6.93,70,90,,99.9,68.1,,70,,85.2,77,50,50,89828.555395832,,,,,,0.274682281638935,,,,,,,,11.405669324815836,2.6501050649631708
ARE,United Arab Emirates,2004,6.82,67.2,6.7,4.46,7.64,8.45,6.87,70,70,,99.9,58,,70,,79.5,77,50,30,93166.1449767722,,,,,,0.250784539371422,,,,,,,,11.442150416814846,3.6481091999009507
ARE,United Arab Emirates,2005,6.77,65.2,6.98,4.56,7.19,8.48,6.69,50,52,,99.9,70.2,,70,74.3,79,77,50,30,92750.9148604289,,,,,,0.246177725495406,,,,,,,,11.437683625652028,-0.4466791162817785
ARE,United Arab Emirates,2006,6.92,62.2,7.07,4.58,7.62,8.43,6.94,50,61,,99.3,76.1,,49,74.3,76.8,75,30,30,94872.5391985501,,,,,,0.260444486775702,,,,,,,,11.460300117462662,2.2616491810634187
ARE,United Arab Emirates,2007,7,62.6,7.64,4.63,7.14,8.42,7.18,40,62,,99.9,82.3,,49.3,73.9,73.6,75,30,40,87180.6059048658,,,,,,0.287786784353692,,,,,,,,11.375748646187832,-8.45514712748301
ARE,United Arab Emirates,2008,6.9,62.6,7.01,4.64,7.34,8.43,7.11,40,62,,99.9,80.2,,48.2,74.1,70.9,80.4,30,40,80285.1852028705,,,,,,0.318188339668984,,,,,,,,11.293352845319493,-8.239580086833875
ARE,United Arab Emirates,2009,6.89,64.7,6.42,4.58,7.74,8.52,7.19,40,57,,99.9,86.3,,57.4,76.2,69.8,80.8,30,50,71488.990960362207,,,,,,0.525150464255588,,,,,,,,11.177312732314704,-11.604011300478945
ARE,United Arab Emirates,2010,7.04,67.3,6.64,4.56,8.03,8.42,7.57,50,59,,99.9,80.9,,67.4,79.3,68.8,82.8,35,50,70913.778039508,,,,,,0.607486075437938,,,,,,,,11.169234125772572,-0.8078606542131439
ARE,United Arab Emirates,2011,7.05,67.8,6.35,4.62,8.19,8.39,7.71,50,65,,99.9,79.1,,67.3,72.4,76.5,82.6,35,50,73190.3973792075,,,,,,0.483067009435662,,,,,,,,11.200833170901161,3.15990451285888
ARE,United Arab Emirates,2012,7.13,69.3,6.16,4.71,8.59,8.45,7.75,55,63,,99.9,80.1,,68,78.8,80.9,82.6,35,50,73644.0532143257,,,,,,0.561142625366092,,,,,,,,11.207012253502318,0.6179082601157404
ARE,United Arab Emirates,2013,7.09,71.1,5.65,4.75,8.71,8.46,7.89,55,68,,99.9,85.1,,74,77.6,83.9,82.6,35,50,74237.2214478496,0,0,32.5,6.2,,0.636339242197725,,,,,,,,11.215034410382295,0.8022156879976095
ARE,United Arab Emirates,2014,7.05,71.4,5.66,4.76,8.87,8.42,7.53,55,66.4,,99.6,83.1,,74.4,82.9,84.6,82.5,35,50,74145.1093706462,,,,,,0.57178377857936,,,,,,,,11.213792876474676,-0.12415339076188303
ARE,United Arab Emirates,2015,6.94,72.4,5.53,4.81,8.4,8.45,7.54,55,69,,99.5,85.8,,74.7,83.8,83.8,82.4,40,50,75238.5539913477,,,,,,0.779650834551746,,,,,,,,11.228432355584369,1.4639479109693099
ARE,United Arab Emirates,2016,7.06,72.6,5.7,4.85,8.99,8.45,7.28,55,70,,95,76.1,,79.6,80.7,81.3,82.8,45,60,75671.0564378596,,,,,,0.808071677244697,,,,,,,,11.234164235714957,0.5731880130587896
ARE,United Arab Emirates,2017,6.93,76.9,5.4,4.75,8.91,8.38,7.2,76.7,74.2,85,96.4,67.4,99.2,81.1,80.9,78.4,83.5,40,60,72529.0571050174,,,,,,0.751495776869112,,,,,,,,11.191756335686769,-4.240790002818784
ARE,United Arab Emirates,2018,6.98,77.6,5.51,5.03,8.81,8.39,7.16,76.3,77.3,83.4,98.4,70.9,99,79.9,81.1,80.2,84.3,40,60,72671.0652349751,0.6,0.1,26.4,8.2,,0.953032968752257,,,,,,,,11.193712342568015,0.19560068812456421
ARE,United Arab Emirates,2019,7.18,77.6,5.38,5.89,8.93,8.49,7.19,81.8,78.8,87.1,99.2,68.8,88.9,79.9,81.1,80.9,84.4,40,60,72822.969940695,,,,,,1.40478186930735,,,,,,,,11.195800437418574,0.20880948505599406
ARE,United Arab Emirates,2020,7.31,76.2,5.3,6.98,8.96,8.14,7.18,80.3,64.6,84.6,99.2,72.1,94.1,78.6,81.3,79.6,80.4,40,60,66808.6477560191,,,,,,1.43345340477155,,,,,,,,11.109602776581408,-8.619766083716662
ARE,United Arab Emirates,2021,7.3,76.9,5.35,7.03,8.95,8.01,7.17,80.8,66,81.1,100,73,98.5,80,81.6,80.6,81.4,40,60,68580.1485423483,,,,,,1.1035100524838,,,,,,,,11.13577297335915,2.6170196777743016
ARE,United Arab Emirates,2022,7.39,70.2,5.78,7.06,8.33,8.57,7.18,63.5,71.8,35.4,100,71.5,92.8,73.2,64.9,80.8,78.2,50,60,70075.6300053372,,,,,,1.14601532538992,,,,,,,,11.157344636630631,2.157166327148019
ARG,Argentina,1995,6.49,68,8.33,4.76,6.29,7.62,5.37,70,50,,80.7,86.6,,85,,61.1,58.4,70,50,20819.4999479903,24,9.4,48.9,3.8,,23.2865571278501,,,,,,,,9.943693354752428,
ARG,Argentina,1996,,74.7,,,,,,70,70,,80.2,89.4,,85,,77.5,60,70,70,21695.5949515372,25.8,10.5,49.5,3.5,,23.6846464936502,,,,,,,,9.98491061254045,4.1217257788021655
ARG,Argentina,1997,,73.3,,,,,,70,52,,80.2,90,,85,,82,60,70,70,23172.1583398342,24.8,9.8,49.1,3.6,,22.8020681153944,,,,,,,,10.050749919739523,6.5839307199073716
ARG,Argentina,1998,,70.9,,,,,,70,34,,77.7,83.3,,85,,87.7,60,70,70,23783.101718544905,27,10.9,50.7,3.4,,22.433819684413,,,,,,,,10.076772641432365,2.60227216928417
ARG,Argentina,1999,,70.6,,,,,,70,28,,77.6,83.9,,85,,89.8,61.2,70,70,22714.5111302701,28,11.2,49.8,3.5,,22.2161669656372,,,,,,,,10.03080327982324,-4.596936160912435
ARG,Argentina,2000,7.15,70,7.96,4.83,9.53,7.67,5.82,70,30,,74,79.7,,85,,89.6,62,70,70,22281.3814299958,30.9,12.9,51,3.2,,21.9748899685516,,,,,,,,10.011551574774325,-1.9251705048915824
ARG,Argentina,2001,6.86,68.6,8.03,4.52,9.6,6.94,5.27,50,30,,72.5,79.7,,85,,95.4,65,70,70,21066.4581290433,34.3,16.6,53.3,2.6,,22.9126921231873,,,,,,,,9.955484860177739,-5.606671459658585
ARG,Argentina,2002,6.06,65.7,7.8,4.36,6.05,6.83,5.31,50,35,,72.4,76.5,,70,,94.3,53,70,70,18571.7020471274,49.1,24.2,53.8,2.8,,23.70466457638,,,,,,,,9.829448149799868,-12.603671037787123
ARG,Argentina,2003,6.06,56.3,7.96,4.25,5.8,6.9,5.43,30,35,,72.2,76.8,,70,,88.5,54,50,30,20005.1385113465,33.1,14.4,51,3.3,,21.7001661163026,,,,,,,,9.903794431011436,7.4346281211568055
ARG,Argentina,2004,6.34,53.9,8,4.73,6.67,6.76,5.58,30,28,,72.4,78.8,,70,,64,61.6,50,30,21591.449396517,28.6,11.7,48.5,3.6,,21.6028718502752,,,,,,,,9.980098967584112,7.630453657267644
ARG,Argentina,2005,6.03,51.7,7.45,4.83,5.8,6.35,5.75,30,25,,72.7,73.7,,70,43.9,65.4,56.2,50,30,23262.4075792816,24.5,9.5,47.8,3.7,,21.2797063654732,,,,,,,,10.054636914881838,7.453794729772589
ARG,Argentina,2006,5.91,53.4,7.22,4.78,5.74,6.56,5.3,30,25,,71.5,81.5,,62.9,44.4,71.5,67.4,50,30,24877.2493922296,19.9,7.6,46.4,3.9,,20.2573051041667,,,,,,,,10.12174918232894,6.7112267447102525
ARG,Argentina,2007,6.09,54,7.06,4.79,6.56,6.62,5.42,30,28,,70.7,81.5,,63.9,42.9,71.4,61.4,50,40,26850.6645932771,18.9,6.7,46.3,4.1,,19.178244400597,,,,,,,,10.198083094040554,7.633391171161286
ARG,Argentina,2008,5.9,54.2,6.95,4.8,5.95,6.64,5.22,30,29,,70.5,80.9,,63.7,42.9,65,69.6,50,40,27658.4853446831,16.7,6.2,45,4.2,,19.1016841857864,,,,,,,,10.22772399856275,2.9640904522196365
ARG,Argentina,2009,5.81,52.3,6.37,4.81,6.02,6.33,5.52,20,29,,70.3,75.6,,62.1,45.6,60.6,70,50,40,25747.1976809995,15.2,5.5,43.8,4.3,,19.5906993047639,,,,,,,,10.156119910671366,-7.160408789138373
ARG,Argentina,2010,5.63,51.2,6.54,4.82,5.22,6.2,5.35,20,29,,69.5,75.6,,62.1,50.1,61.2,69.5,45,30,28056.2570212342,13.6,4.6,43.7,4.5,,19.0490238114851,,,,,,,,10.242002594823836,8.588268415246958
ARG,Argentina,2011,5.59,51.7,6.3,4.78,5.48,5.86,5.52,20,29,,68.7,81.7,,62.4,47.9,63.2,69.5,45,30,29425.7593876084,11.3,3.5,42.7,4.8,,18.6211188839315,,,,,,,,10.289659722613154,4.7657127789317855
ARG,Argentina,2012,5.03,48,6.12,4.74,5.33,3.73,5.24,20,29,,65.5,56.9,,61,48.9,60.7,67.6,40,30,28825.9666865361,10.3,3.5,41.4,5,,19.0299608764648,,,,,,,,10.26906657131062,-2.059315130253303
ARG,Argentina,2013,4.88,46.7,5.94,4.7,5.01,3.55,5.21,15,30,,64.3,52.1,,60.1,47.4,60.4,67.6,40,30,29227.6601818437,10.4,3.3,41.1,5,,19.6857850931616,,,,,,,,10.282905019964206,1.383844865358519
ARG,Argentina,2014,4.5,44.6,5.69,4.73,3.94,3.15,4.99,15,29.5,,63.5,49.9,,53.9,44.9,60,68.9,30,30,28200.8152571318,11.7,3.7,41.8,5,,20.1779734655309,,,,,,,,10.24714162567477,-3.576339428943598
ARG,Argentina,2015,4.95,44.1,6.02,4.81,5.15,3.41,5.38,15,34,,66.8,41.2,,52.8,43.3,59.6,68.8,30,30,28669.2061336796,,,,,,20.604372046677,,,,,,,,10.263613748725291,1.6472123050521148
ARG,Argentina,2016,5.5,43.8,6.01,4.95,4.77,6.41,5.35,15,34,,66.1,51.3,,56,43.9,44,67.4,30,30,27802.1057201498,11.5,3.7,42.3,4.9,,21.0846506714366,,,,,,,,10.23290300999105,-3.0710738734240906
ARG,Argentina,2017,5.69,50.4,6.12,4.97,4.99,6.72,5.65,32.4,38.2,39.6,62.6,54.6,56.4,57.3,46.1,50.9,66.7,50,50,28334.904184742,9.8,3.3,41.4,5,33.47,21.505941986483,,,,,,,,10.25188497862016,1.8981968629109502
ARG,Argentina,2018,5.59,52.3,6.35,4.99,3.6,7.32,5.66,40.8,32.6,44.5,65.7,55.6,52.6,56.2,43.3,51.3,70.3,55,60,27367.115094108,12.5,4.2,41.7,4.9,,21.6175577222417,,,,,,,,10.217133932074935,-3.475104654522454
ARG,Argentina,2019,5.16,52.2,6.43,4.97,3.37,5.67,5.37,47.8,33.5,44.5,69.3,49.5,33,56.4,46.9,60.2,70,55,60,26629.5529419501,14.9,5,43.3,4.6,,22.7149996003683,,,,,,,,10.189814442465867,-2.731948960906827
ARG,Argentina,2020,4.5,53.1,6.08,4.98,3.27,3.1,5.07,50.5,49.7,47,69.6,50.7,24.7,60.2,46.5,53.7,69.2,55,60,23877.0931404855,18.3,6.2,42.7,4.7,,24.0669497937937,,,,,,,,10.080716712579756,-10.909772988611088
ARG,Argentina,2021,4.55,52.7,6.24,4.98,2.96,3.37,5.2,46.1,54,45.7,70.4,52.8,38.4,59.5,46.3,41.9,62.6,55,60,26300.274261175,14.2,4.6,42.4,5,,24.0189803057016,,,,,,,,10.177372667987392,9.665595540763583
ARG,Argentina,2022,4.55,50.1,6.22,4.95,2.55,4.22,4.8,35.1,45.1,57.9,73.3,53,16.8,55.1,51,37.9,60.6,55,60,27825.0273492567,13.9,4.2,40.7,5.4,,23.2797968408073,,,,,,,,10.233727097268323,5.635442928093148
ARM,Armenia,1995,,,3.97,5.05,,,3.93,,,,,,,,,,,,,3480.7559365251,,,,,,52.2472290335848,,,,,,,,8.155292024972345,
ARM,Armenia,1996,,42.2,,,,,,50,50,,75.8,0,,55,,0,69,30,50,3717.33576522762,72.2,34.5,44.4,5.5,,52.172269735698,,,,,,,,8.221031472226356,6.573944725401049
ARM,Armenia,1997,,46.7,,,,,,50,30,,80.7,41.7,,55,,0,83,30,50,3879.17938009678,,,,,,51.9945089606303,,,,,,,,8.26363666353236,4.260519130600393
ARM,Armenia,1998,,49.6,,,,,,50,30,,80.9,75.1,,55,,0,75,30,50,4211.51276778797,,,,,,51.6742307857693,,,,,,,,8.345814605584918,8.217794205255835
ARM,Armenia,1999,,56.4,,,,,,50,30,,80.3,82.1,,55,,55.5,75,30,50,4406.96706718618,84.4,40.8,36.2,7.6,13.72,51.2821263878719,,,,,,,,8.39116887965833,4.535427407341253
ARM,Armenia,2000,5.55,63,7.68,4.89,5.82,,3.48,50,30,,79.3,86.8,,55,,69.1,77,50,70,4589.00825039977,,,,,,50.820134391605,,,,,,,,8.431637100525693,4.046822086736235
ARM,Armenia,2001,6.64,66.4,8.14,4.87,7.59,,5.64,50,30,,81.9,85.5,,55,,77.8,77,70,70,5044.11647826468,85.5,42.8,35.4,7.7,10.97,50.4323042017649,,,,,,,,8.526176020383366,9.453891985767271
ARM,Armenia,2002,6.78,68,7.96,4.78,8.21,,5.93,50,25,,88.3,81.3,,55,,91.1,81.4,70,70,5731.35346609213,84.6,40.5,34.8,8,10.52,49.824094613842,,,,,,,,8.653881452450202,12.770543206683627
ARM,Armenia,2003,6.88,67.3,7.65,4.8,8.85,,6.01,50,25,,88.9,84.1,,55,,81.7,81.2,70,70,6569.26023440631,84.9,38.4,33,8.7,9.82,49.1105657862561,,,,,,,,8.790308720192899,13.642726774269676
ARM,Armenia,2004,7.17,70.3,8.83,4.79,8.75,7.43,6.04,50,25,,90,88.7,,55,,84.5,80,70,90,7299.40001858866,76.2,31.5,37.5,7.6,11.26,48.4944382981278,,,,,,,,8.895684422702118,10.537570250921924
ARM,Armenia,2005,7.3,69.8,8.72,5.4,9.32,7.04,6.02,50,30,,89.9,88.9,,55,62.1,82,80,70,90,8362.90084037119,70.7,26.1,36,8.1,9.39,47.6886991150855,,,,,,,,9.03168020495113,13.599578224901165
ARM,Armenia,2006,7.31,70.6,8.73,5.4,8.82,7.34,6.26,50,31,,90,90.7,,77.6,65.3,80.6,80.6,70,70,9525.23146779778,66.8,23,29.7,8.9,6.65,46.9942614799422,,,,,,,,9.161804479595705,13.012427464457588
ARM,Armenia,2007,7.36,68.6,8.8,5.41,8.69,7.61,6.27,30,29,,89.7,90.8,,80.8,70.3,80.3,85.6,60,70,10898.8483795634,59.7,19.7,31.2,8.4,8.21,46.2480438907782,,,,,,,,9.29650415798869,13.469967839298391
ARM,Armenia,2008,7.28,69.9,8.77,5.37,8.23,7.75,6.28,35,29,,89,86.4,,81.3,68.2,84.6,85,70,70,11727.4821272949,56.3,17.5,29.2,9.1,6.02,45.5559487862975,,,,,,,,9.369775532361874,7.327137437318498
ARM,Armenia,2009,7.25,69.9,8.6,5.35,8.7,7.74,5.87,35,30,,90,89.7,,83.7,66.3,77.8,86.4,70,70,10143.2350796867,65,21.5,28,9.4,8,45.503767073103,,,,,,,,9.224660850667824,-14.511468169405006
ARM,Armenia,2010,7.27,69.2,8.59,5.32,8.31,7.66,6.49,30,29,,89.3,90.9,,83.4,70.6,72.9,80.5,75,70,10438.5641904169,66,21.9,30,9.1,13.24,46.6693687063109,,,,,,,,9.253358116352375,2.8697265684551
ARM,Armenia,2011,7.37,69.7,8.7,5.41,8.42,7.49,6.82,30,27,,89.2,85.7,,82.4,75.9,76,85.5,75,70,10990.177099035,63,20.6,29.4,9,11.79,47.2795797167657,,,,,,,,9.3048481480348,5.149003168242494
ARM,Armenia,2012,7.49,68.8,8.66,5.41,8.95,7.45,6.99,30,26,,89.3,74.9,,87.8,76.6,73.1,85.4,75,70,11796.2741177994,59.6,19.1,29.6,9,11.37,46.7265421292748,,,,,,,,9.375623776801385,7.077562876658483
ARM,Armenia,2013,7.31,69.4,8.21,5.39,8.5,7.47,6.98,30,26,,88,82.1,,87.6,77.1,73,85.4,75,70,12194.0189523843,57.4,18.5,30.6,8.6,9.99,45.7123707423573,,,,,,,,9.408782864759866,3.315908795848088
ARM,Armenia,2014,7.48,68.9,8.03,5.37,8.81,8.26,6.92,30,26.7,,86.5,81.3,,83.1,78.5,77,85.5,70,70,12667.375733024899,55.2,18,31.5,8.5,12.13,45.5644503082124,,,,,,,,9.44686406723012,3.8081202470253928
ARM,Armenia,2015,7.43,67.1,7.87,5.45,8.85,8.1,6.86,20,36,,84.4,82.8,,82.7,64.3,70.6,85.4,75,70,13112.7600902915,50.7,16,32.4,8.2,12.72,44.713284091974,,,,,,,,9.481417346489037,3.455327925891716
ARM,Armenia,2016,7.41,67,7.6,5.5,9.12,8.01,6.8,20,37,,83.8,80.7,,77.5,62.2,72.8,85.6,80,70,13192.9940731731,45.9,15.3,32.5,7.9,15.81,43.737876038607,,,,,,,,9.487517010576493,0.6099664087455992
ARM,Armenia,2017,7.44,70.3,7.5,5.55,9.2,8.05,6.9,55.5,43.4,42.5,83.7,81.7,82.9,78.5,72.4,72.8,80.2,80,70,14243.8749003795,52.7,15.7,33.6,8.4,12.24,41.953387777937,,,,,,,,9.564152464891306,7.663545431481289
ARM,Armenia,2018,7.65,68.7,7.97,5.89,9.13,8.06,7.19,55.3,40.5,47.4,84.7,80,67.2,78.7,69.9,75.8,80,75,70,15037.0452420712,52.8,16.2,34.4,8.1,11.93,41.6632765532805,,,,,,,,9.618338618449952,5.418615355864631
ARM,Armenia,2019,7.68,67.7,7.77,5.92,9.34,8.1,7.26,57.2,38.6,46.3,84.7,79,53,78.3,71.4,77.8,80.8,75,70,16215.3607965094,57.1,17.2,30,8.9,13.5,38.558798749928,,,,,,,,9.69377593729906,7.543731884910798
ARM,Armenia,2020,7.55,70.6,8.03,5.91,9.34,7.49,6.96,60.7,43.4,54.1,84.9,80.6,68.8,81,72.5,76,80.6,75,70,15052.9359791136,58.2,16.2,25.1,10.2,11.04,38.907623537019,,,,,,,,9.619394762836238,-7.4381174462821775
ARM,Armenia,2021,7.52,71.9,7.89,5.91,8.65,8.15,6.99,57.3,45,55.3,87.1,81.3,84.3,81.9,74.5,76.9,73.8,75,70,15921.705281964,57,16.4,27.9,9.4,,35.8547137639461,,,,,,,,9.675501374733553,5.610661189731481
ARM,Armenia,2022,7.49,65.3,8.01,5.81,8.47,8.08,7.1,50.4,50.8,33.1,86.9,78.9,75.5,64.9,47.2,77.5,73.6,75,70,17886.1783877168,55.7,17,27.9,9.2,,35.4281537602789,,,,,,,,9.791839443980738,11.63380692471847
AUS,Australia,1995,8.07,74.1,6.87,8.88,9.63,7.91,7.1,90,70,,59.6,53.9,,70,,86.7,77,70,90,38653.3366778657,2,1.2,32.6,7.7,,12.7371732521657,,,,,,,,10.56241425154695,
AUS,Australia,1996,,74,,,,,,90,70,,59.3,53.4,,70,,86.5,77,70,90,39663.1617728168,,,,,,12.7511483505402,,,,,,,,10.58820333284715,2.5789081300199967
AUS,Australia,1997,,75.5,,,,,,90,88,,56.6,55.1,,70,,82.8,77,70,90,40773.5660516518,,,,,,12.6949866905908,,,,,,,,10.61581378492251,2.7610452075359504
AUS,Australia,1998,,75.6,,,,,,90,86,,56.1,54.8,,70,,84,79.4,70,90,42257.1718122395,,,,,,12.5653083885823,,,,,,,,10.651553029757228,3.5739244834717354
AUS,Australia,1999,,76.4,,,,,,90,89,,55.7,56,,70,,87.9,79.4,70,90,43899.073794405,,,,,,12.550963461551,,,,,,,,10.689671280027795,3.81182502705677
AUS,Australia,2000,8.2,77.1,6.7,8.79,9.25,8.06,8.2,90,87,,55.8,63.3,,70,,89,79,70,90,45099.0752097084,,,,,,12.4619770065853,,,,,,,,10.716639193110408,2.6967913082613038
AUS,Australia,2001,8.12,77.4,6.62,8.76,9.22,8.05,7.97,90,87,,55.4,67.3,,70,,87.9,79,70,90,45428.2000837579,1.7,1,33.5,7.5,,12.3277062086201,,,,,,,,10.723910350932966,0.7271157822557939
AUS,Australia,2002,8.15,77.3,6.66,8.74,9.37,8,8.01,90,83,,56.4,61.1,,85,,83.3,77.4,70,90,46688.3947760633,,,,,,12.1952899272369,,,,,,,,10.751272325277911,2.736197434494514
AUS,Australia,2003,8.19,77.4,6.66,8.7,9.44,8.04,8.13,90,85,,58.6,58.9,,85,,82.1,77,70,90,47581.2285345879,2,1.2,33.5,7.5,,11.7831092066612,,,,,,,,10.770214620393306,1.8942295115394359
AUS,Australia,2004,8.12,77.9,6.63,8.55,9.43,7.88,8.11,90,86,,59.6,60.5,,85,,83.2,77.2,70,90,49061.2761503925,1.2,0.8,33.1,7.8,,12.5188185772581,,,,,,,,10.800845711974585,3.063109158127908
AUS,Australia,2005,8.21,79,6.82,8.73,9.41,7.74,8.32,90,88,,59.1,60.9,,85,85.8,84,77.2,70,90,49997.0664953941,,,,,,11.7990913959297,,,,,,,,10.819739613570459,1.8893901595873785
AUS,Australia,2006,8.24,79.9,7.13,8.72,9.19,7.89,8.27,90,88,,58.9,62.2,,90.9,86.5,85,77.4,70,90,50693.7248649798,,,,,,11.5678114399862,,,,,,,,10.833577138110483,1.3837524540024404
AUS,Australia,2007,8.27,81.1,7.18,8.72,9.2,7.93,8.28,90,88,,59.5,62.6,,89.1,93.7,84.8,83.8,70,90,51663.2403953881,,,,,,10.2904780847036,,,,,,,,10.852521146041353,1.8944007930869589
AUS,Australia,2008,8.19,82.2,7.17,8.66,8.98,7.87,8.24,90,87,,59.2,62.8,,90.3,95.5,83.7,83.8,80,90,52473.3819160773,1,0.6,35.4,7.2,,9.46378967997381,,,,,,,,10.868080365983491,1.5559219942138824
AUS,Australia,2009,8.18,82.6,6.98,8.61,9.32,7.89,8.09,90,86,,61.4,64.3,,90.5,94.7,84.7,84.8,80,90,52407.9115378584,,,,,,10.7999837636487,,,,,,,,10.866831923365675,-0.12484426178165364
AUS,Australia,2010,8.17,82.6,7.01,8.55,9.06,7.94,8.28,90,87,,61.4,64.9,,90.3,94.9,82.7,85.1,80,90,52739.2681556133,1,0.6,34.7,7.3,,10.6374306869352,,,,,,,,10.87313454437697,0.6302621011295528
AUS,Australia,2011,8.17,82.5,7.04,8.52,9.04,8.04,8.21,90,87,,61.3,64.7,,90.1,92.2,85,84.4,80,90,53257.0473237603,,,,,,10.6224816956753,,,,,,,,10.88290419560457,0.9769651227600207
AUS,Australia,2012,8.24,83.1,7,8.46,9.41,8.17,8.15,90,87,,63.4,67.1,,91.9,90.6,84.5,86.2,80,90,54403.8836902433,,,,,,10.1642556565603,,,,,,,,10.904209202532323,2.13050069277525
AUS,Australia,2013,8.2,82.6,6.89,8.5,9.27,8.1,8.25,90,88,,66.4,62.8,,95.5,83.5,83.8,86.2,80,90,54895.0052588984,,,,,,10.3980090417696,,,,,,,,10.913195860895705,0.898665836338175
AUS,Australia,2014,8.23,82,6.76,8.58,9.25,8.13,8.43,90,87.7,,64.2,62.6,,94.6,79.2,80.5,86.4,85,90,55489.068844146,1,0.6,34.4,7.6,,10.1205203021911,,,,,,,,10.923959343977783,1.0763483082078196
AUS,Australia,2015,8.24,81.4,6.76,8.59,9.36,8.1,8.4,90,81,,63.7,61.8,,94.1,81.6,85.3,86.4,80,90,55879.9958817103,,,,,,10.1963602012578,,,,,,,,10.930979635003615,0.7020291025831682
AUS,Australia,2016,8.29,80.3,6.87,8.56,9.54,8.08,8.39,90,80,,63.2,62,,89.4,77.2,85.2,86.4,80,90,56529.951824687,1,0.6,33.7,7.5,,10.4038369950611,,,,,,,,10.942543587041952,1.1563952038336822
AUS,Australia,2017,8.27,81,6.84,8.56,9.43,8.11,8.4,81.7,74.8,92.9,63.2,59,84.6,89.3,84.1,86.4,86.2,80,90,56881.8569859104,,,,,,9.98297045286625,,,,,,,,10.948749291519352,0.6205704477400431
AUS,Australia,2018,8.29,80.9,6.82,8.55,9.48,8.18,8.41,78.7,77.4,93.4,63,61.2,84.3,89.1,79.7,87.4,86.2,80,90,57647.8455068105,1.2,0.6,34.3,7.4,,9.76474000840711,,,,,,,,10.96212549959574,1.3376208076387286
AUS,Australia,2019,8.21,80.9,6.51,8.54,9.42,8.2,8.4,79.1,79.9,86.5,62.8,60.1,86.2,88.3,84.1,86.6,87.6,80,90,58048.6188420831,,,,,,9.82873725665,,,,,,,,10.969053421076628,0.6927921480889054
AUS,Australia,2020,8.07,82.6,6.1,8.59,9.45,8.11,8.09,82.8,89.3,86.1,63,61.6,91.8,87.8,84,86.2,88.2,80,90,57260.4650530108,1.5,1,33.8,7.3,,9.62077427345308,,,,,,,,10.955383164301228,-1.3670256775400347
AUS,Australia,2021,8,82.4,5.91,8.61,9.33,8.1,8.03,81.5,89.8,90,62.6,58.1,88.7,87.4,84.1,86.7,89.8,80,90,58327.4146842325,,,,,,9.59602083427141,,,,,,,,10.973844640983565,1.8461476682336553
AUS,Australia,2022,7.98,77.7,6.14,8.58,8.8,8.15,8.23,91.7,87,95.2,62.5,51.6,52,84.6,64.2,83.2,90,80,90,60029.1329190733,,,,,,9.37931001488805,,,,,,,,11.00260193045422,2.8757289470656033
AUT,Austria,1995,7.44,70,5.17,8.12,9.54,8.97,5.44,90,90,,46.3,9.6,,70,,82.9,81,70,90,46639.5321839019,1,0.3,29.9,8.3,,12.8839889724711,,,,,,,,10.750225231420293,
AUT,Austria,1996,,68.9,,,,,,90,90,,45.9,0,,70,,83.6,81,70,90,47608.6310978165,0.5,0.2,29.3,8.6,,13.008392644946,,,,,,,,10.770790353740493,2.056512232019969
AUT,Austria,1997,,65.2,,,,,,90,71,,46.1,1.2,,70,,84.8,63.6,70,90,48575.1588721006,0.7,0.3,29.1,8.6,,12.4077046149834,,,,,,,,10.790888131338322,2.009777759782949
AUT,Austria,1998,,65.4,,,,,,90,76,,46.5,1.5,,70,,86,78.4,70,70,50216.6986894124,1,0.4,31.3,8.3,,12.1078274523257,,,,,,,,10.824122807078014,3.3234675739691966
AUT,Austria,1999,,64,,,,,,90,76,,45.5,3.2,,70,,87.2,63.6,70,70,52004.5327523874,0.5,0.3,29.7,8.8,6.34,11.9896922484203,,,,,,,,10.859105390987956,3.498258390994202
AUT,Austria,2000,8.01,68.4,5.37,8.18,9.51,9.32,7.59,90,75,,44.2,25,,70,,88.4,83,70,70,53534.3421055422,0.6,0.2,29,8.8,,11.7946119205713,,,,,,,,10.888097314887489,2.8991923899532424
AUT,Austria,2001,7.91,68.1,5.42,8.11,9.44,9.21,7.33,90,76,,44.2,25,,70,,89.6,78,70,70,54032.1515612712,,,,,,11.5682416374926,,,,,,,,10.89735305497729,0.9255740089800568
AUT,Austria,2002,7.91,67.4,5.37,8.02,9.54,9.16,7.39,90,77,,44.5,18.9,,70,,86.4,79.6,70,70,54565.0769851287,,,,,,11.4897679741697,,,,,,,,10.907167668007105,0.9814613029815789
AUT,Austria,2003,8.06,67.6,5.67,8.32,9.58,9.22,7.44,90,78,,45.3,18.6,,70,,85.1,81.4,70,70,54919.7872512396,0.7,0.4,29.5,8.5,,11.0160447530193,,,,,,,,10.913647194288266,0.6479526281161441
AUT,Austria,2004,8.01,67.6,5.7,8.29,9.52,9.15,7.36,90,78,,43.5,21,,70,,85.9,79.8,70,70,55980.2317146013,0.4,0.2,29.8,8.5,,10.8951815163021,,,,,,,,10.932771765589111,1.912457130084455
AUT,Austria,2005,7.91,68.8,5.73,8.41,9.44,8.48,7.46,90,80,,44.4,22.6,,70,73.6,87,80.2,70,70,56890.2794433829,0.5,0.2,28.7,8.8,,11.3445159463068,,,,,,,,10.948897347268263,1.612558167915168
AUT,Austria,2006,7.91,71.1,5.7,8.44,9.37,8.61,7.44,90,84,,50.2,23.2,,82,72.7,86.4,82.4,70,70,58460.2370782474,0.5,0.2,29.6,8.6,,11.4829214718326,,,,,,,,10.976119199547183,2.7221852278920267
AUT,Austria,2007,7.91,71.6,5.67,8.43,9.35,8.61,7.45,90,87,,50.3,24.7,,81.7,70.1,86,86.6,70,70,60470.9099906715,0.8,0.5,30.6,8,,11.3388264023747,,,,,,,,11.009934238524542,3.3815038977358824
AUT,Austria,2008,7.84,71.4,5.6,8.34,9.32,8.5,7.4,90,86,,51.2,25.3,,80.9,73.2,81.4,86,70,70,61157.9873105684,1,0.6,30.4,8,,11.2773074018174,,,,,,,,11.021232101870734,1.129786334619176
AUT,Austria,2009,7.85,71.2,5.42,8.54,9.45,8.49,7.33,90,81,,49.9,27.1,,78.6,78.7,80.9,85.8,70,70,58810.4422020872,1,0.7,31.5,7.7,,11.1914861130349,,,,,,,,10.982091710229106,-3.9140391641627303
AUT,Austria,2010,7.85,71.6,5.46,8.51,9.38,8.36,7.51,90,81,,51.2,28.8,,73.6,79.1,79.3,87.5,75,70,59730.5512005635,0.8,0.6,30.3,8,,11.3339723954727,,,,,,,,10.997615655597796,1.552394536868995
AUT,Austria,2011,7.89,71.9,5.76,8.47,9.38,8.3,7.54,90,79,,50.3,28,,72.8,78.2,82.9,87.6,80,70,61272.2584397775,1,0.6,30.8,7.8,,10.694142700634,,,,,,,,11.023098785956945,2.548313035914873
AUT,Austria,2012,7.89,70.3,5.75,8.46,9.38,8.27,7.58,90,79,,50.5,15.4,,70.3,78.1,82.2,87.2,80,70,61376.7207131054,1.1,0.7,30.5,7.8,,10.3938915067999,,,,,,,,11.024802193452071,0.1703407495126541
AUT,Austria,2013,7.86,71.8,5.65,8.45,9.38,8.23,7.61,90,78,,51.1,23.5,,73.6,80.4,79.3,86.8,85,70,60863.0547666965,0.7,0.4,30.8,8.1,,10.529302353387,,,,,,,,11.016398045725513,-0.840414772655862
AUT,Austria,2014,7.93,72.4,5.64,8.48,9.49,8.59,7.46,90,75.5,,51,23.5,,76.3,80.5,79.5,87.8,90,70,60845.6597729815,0.7,0.4,30.5,8,,10.4007369432489,,,,,,,,11.016112204106731,-0.028584161878164593
AUT,Austria,2015,7.95,71.2,5.61,8.47,9.55,8.58,7.55,90,69,,50.1,19.8,,78,76.7,80.3,88,90,70,60951.6892510507,1.2,0.7,30.5,7.9,,10.2087792165021,,,,,,,,11.017853256184635,0.17410520779037597
AUT,Austria,2016,7.88,71.7,5.63,8.43,9.27,8.57,7.52,90,72,,50.7,22.4,,79.4,72.5,81.7,88,90,70,61572.7121353063,1.3,0.9,30.8,7.7,,9.83301455145515,,,,,,,,11.027990307387245,1.0137051202610436
AUT,Austria,2017,7.88,72.3,5.69,8.46,9.04,8.62,7.57,86,75.2,81.8,50.3,19.3,79.7,76.9,67.6,83.4,87,90,70,62535.8983176843,0.7,0.4,29.7,8,,9.38495596861514,,,,,,,,11.043512034605813,1.5521727218567705
AUT,Austria,2018,7.87,71.8,5.5,8.51,9.13,8.64,7.59,83.5,73.5,80.9,49.9,19.4,81.1,75.5,66.7,83.7,86.9,90,70,63778.0257051746,1.2,0.7,30.8,7.9,,9.12127558183906,,,,,,,,11.06317966457993,1.9667629974117418
AUT,Austria,2019,7.88,72,5.42,8.51,9.3,8.61,7.54,84.2,77.4,71.3,50.5,24.5,85.5,74.9,68.7,81.5,86,90,70,64609.374295614,0.9,0.7,30.2,7.9,,8.88849698883418,,,,,,,,11.07613026968841,1.2950605108478896
AUT,Austria,2020,7.58,73.3,4.93,8.58,8.8,8.38,7.2,87.3,84,73.2,51.3,27.2,87.9,73,68.3,81,86.4,90,70,60276.4153459141,1.1,0.8,29.8,7.9,,8.99178926481383,,,,,,,,11.006712774347942,-6.941749534046693
AUT,Austria,2021,7.67,73.9,4.94,8.55,8.93,8.63,7.3,86.8,84.8,83.5,45.7,29.1,90,72.6,68.4,81.7,84,90,70,62968.9422311892,1.1,0.6,30.7,7.7,,8.76606320213368,,,,,,,,11.050412784080258,4.370000973231569
AUT,Austria,2022,7.62,73.8,5.24,8.55,8.44,8.67,7.2,98.4,82.9,94.6,45.5,20.3,71.7,82.3,78.4,82.3,79.2,80,70,65694.5513287254,1.1,0.6,30.9,7.8,,8.18266106209311,,,,,,,,11.092786490288601,4.237370620834291
AZE,Azerbaijan,1995,,,6.21,4.7,,,4.39,,,,,,,,,,,,,4211.72114349636,80.2,37.1,34.6,7.1,,57.4364106657083,,,,,,,,8.345864070255129,
AZE,Azerbaijan,1996,,30,,,,,,30,10,,46.3,48.8,,40,,0,55,10,30,4223.5229711304,,,,,,58.1632473664943,,,,,,,,8.34866162717556,0.27975569204308215
AZE,Azerbaijan,1997,,34,,,,,,30,10,,54.6,61.6,,55,,0,55,10,30,4425.5882352872,,,,,,58.6746878528362,,,,,,,,8.395384416273242,4.672278909768224
AZE,Azerbaijan,1998,,43.1,,,,,,30,30,,70.3,87.9,,55,,0,55,30,30,4822.1601856452,,,,,,58.9020129107662,,,,,,,,8.481184632381877,8.580021610863575
AZE,Azerbaijan,1999,,47.4,,,,,,30,30,,71.6,87.5,,55,,37.8,55,30,30,5133.74812032569,,,,,,58.7646132431402,,,,,,,,8.543786069616397,6.260143723451961
AZE,Azerbaijan,2000,5.62,49.8,6.99,4.64,5.68,,5.41,30,30,,71.3,76.5,,55,,70.7,55,30,30,5656.92989378687,,,,,,58.3413955260338,,,,,,,,8.640813361149695,9.70272915332977
AZE,Azerbaijan,2001,5.66,50.3,6.99,4.65,5.72,,5.52,30,17,,71.8,86.8,,55,,65.1,66.8,30,30,6168.98512059749,73.1,30.4,36.5,7.4,,58.9916252134914,,,,,,,,8.727451705323995,8.663834417430039
AZE,Azerbaijan,2002,5.61,53.3,6.99,4.65,5.56,,5.49,30,15,,78.4,88,,55,,78.8,74.4,30,30,6701.08174444207,53.7,11.9,25.3,10.9,6.03,59.7288103649424,,,,,,,,8.810173465244967,8.272175992097175
AZE,Azerbaijan,2003,5.65,54.1,6.99,4.65,5.64,,5.57,30,20,,78.4,87,,55,,84.8,71.6,30,30,7329.40601818943,48.8,11.8,26.8,10.2,7.33,59.2677410148362,,,,,,,,8.899786184641258,8.961271939629079
AZE,Azerbaijan,2004,5.92,53.4,6.91,4.65,6.74,5.7,5.59,30,20,,78.3,87.9,,55,,80.2,69.2,30,30,7937.8594791002,47.7,10.1,26.6,10.7,4.43,58.9210519150955,,,,,,,,8.979524901492914,7.973871685165612
AZE,Azerbaijan,2005,5.78,54.4,6.59,4.71,6.45,5.78,5.38,30,18,,79.2,87,,55,64.8,80.4,69.2,30,30,10054.1003389401,35.9,6.5,26.6,10.8,4.33,58.2921017998191,,,,,,,,9.21583528116642,23.631037967350643
AZE,Azerbaijan,2006,5.62,53.2,5.85,4.66,6.18,5.82,5.58,30,19,,80,77.8,,56.7,60.4,75.5,72.6,30,30,13371.6585214534,,,,,,57.532628196492,,,,,,,,9.50096749262218,28.51322114557604
AZE,Azerbaijan,2007,5.31,54.6,4.49,4.93,4.87,6.12,6.16,30,22,,80.8,79.9,,58,60.8,76.8,77.6,30,30,16587.3657240228,,,,,,56.6619865088247,,,,,,,,9.716456868628823,21.548937600664253
AZE,Azerbaijan,2008,5.23,55.3,4.86,4.92,4.18,6.38,5.81,30,24,,80.4,82.9,,62.6,58.7,76.5,78.4,30,30,17963.0208126838,,,,,,56.0017287622825,,,,,,,,9.796126192784323,7.9669324155499766
AZE,Azerbaijan,2009,5.5,58,4.67,4.72,5.83,6.27,6.04,25,21,,79.7,77.5,,74.6,87,66.3,78.4,30,40,19242.3900077231,,,,,,55.3638761462757,,,,,,,,9.86492290452664,6.8796711742317385
AZE,Azerbaijan,2010,5.4,58.8,4.45,4.72,5.38,6.49,5.94,20,19,,79.5,77.5,,74.6,82.5,62.7,77.1,55,40,19925.3900662137,,,,,,55.9698653033254,,,,,,,,9.899800266154125,3.4877361627485115
AZE,Azerbaijan,2011,5.52,59.7,4.94,4.75,5.45,6.52,5.91,20,23,,83.9,71,,72.9,81.1,72.6,77.1,55,40,19358.0778100345,,,,,,57.5386634407561,,,,,,,,9.870916725916834,-2.8883540237291783
AZE,Azerbaijan,2012,5.78,58.9,4.89,4.77,6.5,6.77,5.97,20,24,,84.9,63.7,,68.6,81.6,74.5,77.2,55,40,19523.3737161356,,,,,,57.1286972828041,,,,,,,,9.879418898195265,0.850217227843153
AZE,Azerbaijan,2013,5.87,59.7,5.09,4.59,6.76,6.79,6.11,25,24,,85.5,67.8,,69.2,79.4,73.5,77.2,55,40,20398.6462250349,,,,,,56.4352439885177,,,,,,,,9.923272837771881,4.385393957661599
AZE,Azerbaijan,2014,5.97,61.3,5.07,4.6,7.17,6.94,6.05,20,22.7,,88.1,64.8,,73.5,77.9,78.8,77.2,60,50,20709.201611232,,,,,,56.7178915097316,,,,,,,,9.938381689312404,1.5108851540523105
AZE,Azerbaijan,2015,6,61,5.35,4.71,6.87,7.04,6.03,20,28,,88.1,59.7,,74.5,79.1,79.8,76,55,50,20678.7539572375,,,,,,55.350505621417,,,,,,,,9.936910430932512,-0.14712583798921486
AZE,Azerbaijan,2016,6.43,60.2,5.55,4.89,8.6,7.09,6.02,20,29,,88,56.7,,70.3,75.2,77,75.8,60,50,19822.4105943941,,,,,,55.0501782403119,,,,,,,,9.89461887150572,-4.229155942679164
AZE,Azerbaijan,2017,6.28,63.6,5.49,4.91,7.51,7.21,6.26,50.5,37.6,33,87.7,57.5,97.4,71.5,75,73.6,74.4,55,50,19659.0048562768,,,,,,55.1200615079564,,,,,,,,9.886341640714189,-0.8277230791531309
AZE,Azerbaijan,2018,6.44,64.3,5.14,4.73,8.63,7.25,6.43,53.6,39.9,36.8,87.5,59.4,95.5,72.3,71.9,65.6,74.6,55,60,19781.8509058437,,,,,,55.1666537127637,,,,,,,,9.892570725521084,0.6229084806895102
AZE,Azerbaijan,2019,6.37,65.4,5.04,4.75,8.44,7.17,6.43,59.1,44.7,53.1,87.5,59.5,89.4,69.5,63.9,63,74.6,60,60,20101.491875147,,,,,,55.1658690396931,,,,,,,,9.90859906025095,1.6028334729865534
AZE,Azerbaijan,2020,6.16,69.3,4.48,4.76,8.4,7,6.17,67.1,38.7,53.9,88,63,99.2,80.8,66.2,69.8,74.6,70,60,19126.096851126,,,,,,54.9686291288053,,,,,,,,9.858861291959352,-4.973776829159782
AZE,Azerbaijan,2021,6.12,70.1,4.56,4.81,7.68,7.16,6.39,67.9,46.8,55.8,88.1,65.2,99.4,80.5,65.9,73.2,68,70,60,20111.3756952109,,,,,,54.474235817507,,,,,,,,9.909090610807253,5.022931884790083
AZE,Azerbaijan,2022,5.8,61.6,4.64,4.81,6.25,7.19,6.12,53.6,28.6,15.9,87.7,62.7,99.1,64.6,55.9,74.5,66.6,70,60,21051.2442291612,,,,,,54.3428702003442,,,,,,,,9.95476244763957,4.567183683231768
BDI,Burundi,1995,4.24,,6.13,2.95,5.95,1.4,4.42,,,,,,,,,,,,,1184.2840262089,,,,,,86.059683310689607,,,,,,,,7.077737709413948,
BDI,Burundi,1996,,,,,,,,,,,,,,,,,,,,1088.78927818283,,,,,,86.418413976439,,,,,,,,6.993739633765888,-8.399807564805961
BDI,Burundi,1997,,45.4,,,,,,30,10,,43.6,81.5,,55,,58.6,70.2,30,30,1071.55943349349,,,,,,86.6859154198875,,,,,,,,6.977803065111517,-1.5936568654371541
BDI,Burundi,1998,,44.7,,,,,,30,10,,43.7,79.6,,55,,54.2,70.2,30,30,1101.22051819781,98.1,78.7,42.1,5.3,69.69,86.8232166905217,,,,,,,,7.005082076951614,2.7279011840096956
BDI,Burundi,1999,,41.1,,,,,,30,10,,44.7,76.6,,55,,51,42.2,30,30,1064.28756095402,,,,,,86.9470072662565,,,,,,,,6.971000051982774,-3.4082024968840052
BDI,Burundi,2000,4.64,42.6,6.41,2.75,4.8,5.02,3.94,30,10,,44.8,83.3,,55,,57.9,42.2,30,30,1033.47188177042,,,,,,87.0530770447714,,,,,,,,6.941646316313949,-2.935373566882493
BDI,Burundi,2001,5.01,,6.43,2.76,6.22,5.02,4.42,,,,,,,,,,,,,1028.61849315822,,,,,,87.156097807648,,,,,,,,6.9369436176184935,-0.4702698695455254
BDI,Burundi,2002,4.96,,6.64,2.76,7.02,3.52,4.42,,,,,,,,,,,,,1044.4802745003,,,,,,87.1542917399443,,,,,,,,6.952231651641732,1.5288034023238417
BDI,Burundi,2003,4.62,,5.38,2.75,6.57,3.52,4.61,,,,,,,,,,,,,999.615791221936,,,,,,87.1729815355573,,,,,,,,6.908370880682458,-4.3860770959273765
BDI,Burundi,2004,4.49,,4.86,2.79,6.45,3.61,4.6,,,,,,,,,,,,,1009.58916929728,,,,,,87.1778888523295,,,,,,,,6.918288775698935,0.9917895016476663
BDI,Burundi,2005,4.93,,6.25,2.69,6.02,3.62,5.6,,,,,,,,,,,,,981.533210986845,,,,,,87.1622421559675,,,,,,,,6.890134145703263,-2.815462999567142
BDI,Burundi,2006,4.99,48.7,5.46,2.92,6.82,4.29,5.24,30,30,,70.1,62.6,,37,53.7,67.3,56,50,30,998.069458519996,98.5,73.6,33.4,8.9,73.89,87.148628276687,,,,,,,,6.906824304279635,1.669015857637124
BDI,Burundi,2007,4.96,46.9,4.85,2.93,6.66,5.04,5.24,30,23,,70.1,52.5,,49.6,55,68.2,60.6,30,30,994.963590921008,,,,,,87.1014182361404,,,,,,,,6.9037107016162444,-0.3113602663390225
BDI,Burundi,2008,4.36,46.2,4.49,2.91,4.67,4.94,4.65,30,24,,72.1,59.4,,35.5,56,74.7,50.2,30,30,1001.61751311947,,,,,,87.0828494926995,,,,,,,,6.910369372380286,0.6658670764041474
BDI,Burundi,2009,4.83,48.8,4.75,2.91,5.96,4.93,5.5,30,25,,72.5,55.8,,34.4,64.3,72.7,63,40,30,988.19632868896,,,,,,87.0228248578009,,,,,,,,6.896892824246278,-1.3476548134008226
BDI,Burundi,2010,4.68,47.5,4.11,2.84,6.46,4.99,5.03,25,19,,72.2,42.7,,37.8,66.9,62.7,68.6,50,30,991.038897704986,,,,,,86.998386174983,,,,,,,,6.899762317912281,0.2869493666003642
BDI,Burundi,2011,4.9,49.6,4.32,2.97,6.51,5.52,5.21,20,18,,72.3,52,,36.8,67.1,66.1,78.8,55,30,994.691231245018,,,,,,86.9381200861101,,,,,,,,6.903437200731797,0.3674882819515446
BDI,Burundi,2012,4.92,48.1,4.68,3.11,5.66,5.6,5.58,20,18,,72.2,22.9,,46.1,67.2,70.9,78.9,55,30,1002.27452805218,,,,,,86.8255774927058,,,,,,,,6.911024457442413,0.758725671061633
BDI,Burundi,2013,5.62,49,6.11,3.08,7.26,5.7,5.97,20,19,,71.5,22.6,,58.4,66.4,68.7,78.9,55,30,1014.5231007912,97.1,70.7,38.6,6.9,55.29,86.6975231005543,,,,,,,,6.923159128955893,1.2134671513480022
BDI,Burundi,2014,5.71,51.4,6.45,3.07,7.51,5.89,5.59,20,15.9,,73.5,51.9,,59.8,63.1,68.2,71.8,60,30,1022.29153627273,,,,,,86.5542057118003,,,,,,,,6.93077970704583,0.7620578089936991
BDI,Burundi,2015,5.66,53.7,6.88,3.02,7.48,5.3,5.59,20,21,,73.5,61.3,,61.4,68.1,69.8,72.2,60,30,995.319068450023,,,,,,86.1758448110596,,,,,,,,6.904067556132961,-2.6712150912868715
BDI,Burundi,2016,5.78,53.9,6.84,3.09,8.62,5.31,5.01,20,20,,73.8,70.5,,54.2,67.6,73.8,74.2,55,30,1009.63596796379,,,,,,85.800721928781,,,,,,,,6.918335082926819,1.4267526793857677
BDI,Burundi,2017,5.53,53.2,6.47,3.12,7.57,4.57,5.91,25.7,24.6,19.8,73.8,69.5,69.6,53.5,67.4,75.2,74.2,55,30,1023.97040626757,,,,,,85.4434159482099,,,,,,,,6.932419019221628,1.4083936294809085
BDI,Burundi,2018,5.39,50.9,6.63,3.41,8.65,2.35,5.9,17.6,26.2,21.7,71,78.6,54.8,53,63.2,70.2,69.2,55,30,1046.59511246023,,,,,,85.0882632896767,,,,,,,,6.954252447158976,2.183342793734777
BDI,Burundi,2019,5.46,48.9,6.52,3.53,8.75,2.84,5.66,20.6,26.2,31,74,83.3,23.3,50.3,67.5,62.2,68.2,50,30,1057.95005999167,,,,,,84.7377561639709,,,,,,,,6.965033186785641,1.0780739626665259
BDI,Burundi,2020,5.42,49,6.63,3.53,7.71,3.14,6.07,24.9,22.3,26.9,73.7,85.8,13.2,55.1,67.4,70.3,68.2,50,30,1030.77026419371,97.4,69.9,37.5,7.1,,84.3286574301882,,,,,,,,6.939031309044334,-2.6001877741307133
BDI,Burundi,2021,5.43,49.9,6.69,3.52,7.42,3.28,6.23,28,27,32.1,77.1,79.3,32.2,51.8,67.3,74.7,49.8,50,30,1035.53857384938,,,,,,83.781812737099,,,,,,,,6.943642146667562,0.46108376232281145
BDI,Burundi,2022,5.22,39.4,6.48,3.45,6.09,4.04,6.02,18.8,12.2,7.1,77.1,76.4,10.3,27.5,41.5,70.3,51,50,30,1031.25412243175,,,,,,83.7816742288047,,,,,,,,6.939500158395183,-0.41419882723792156
BEL,Belgium,1995,7.62,,5.63,7.02,9.73,9.25,6.54,,,,,,,,,,,,,44310.6278688274,1.2,0.7,28.4,8.8,,14.7581072498794,,,,,,,,10.699002401700321,
BEL,Belgium,1996,,66,,,,,,90,90,,33.9,7.3,,70,,85,77.8,70,70,44808.524358035,,,,,,14.7792561094709,,,,,,,,10.710175993085045,1.1173591384723736
BEL,Belgium,1997,,64.6,,,,,,90,69,,33.7,14.8,,70,,86.4,77.8,70,70,46396.0021283993,1,0.5,26.8,9.2,,14.0808251037836,,,,,,,,10.744990126825337,3.481413374029252
BEL,Belgium,1998,,64.7,,,,,,90,68,,33.7,16.4,,70,,86.1,77.8,70,70,47205.3098527353,,,,,,14.0930578651431,,,,,,,,10.762282845959492,1.729271913415431
BEL,Belgium,1999,,62.9,,,,,,90,53,,33.5,15.7,,70,,86.7,77.8,70,70,48765.7668571996,,,,,,14.0825044116991,,,,,,,,10.794804352826025,3.2521506866533656
BEL,Belgium,2000,7.84,63.5,5.25,7.05,9.49,9.28,8.12,90,54,,33.1,18.9,,70,,87.9,77.8,70,70,50455.7338920672,1,0.5,33.1,8.5,,12.9895192091229,,,,,,,,10.828871493426925,3.4067140600900103
BEL,Belgium,2001,7.69,63.8,5.26,6.97,9.52,9.3,7.38,90,53,,33.2,22,,70,,88.3,78,70,70,50835.3969916061,,,,,,12.2839866596732,,,,,,,,10.836367853232742,0.7496359805816866
BEL,Belgium,2002,7.75,67.6,5.19,6.94,9.59,9.33,7.68,90,61,,33.7,28,,70,,86,79.6,90,70,51471.8532550932,,,,,,12.3909121381813,,,,,,,,10.848809826414248,1.2441973181505972
BEL,Belgium,2003,7.74,68.1,5.08,7,9.58,9.4,7.62,90,66,,33.7,26.8,,70,,85.2,81.4,90,70,51788.8439641973,0.9,0.4,28.1,8.6,,12.1117982576862,,,,,,,,10.854949346557582,0.6139520143333854
BEL,Belgium,2004,7.68,68.7,5.04,6.92,9.51,9.15,7.78,90,71,,43.1,23.5,,70,,81.3,79.8,90,70,53406.6918625201,0.4,0.1,30.5,8.4,,11.7395118352569,,,,,,,,10.88571005694447,3.076071038688788
BEL,Belgium,2005,7.59,69,5.07,7.02,9.39,8.59,7.9,90,76,,42.1,22,,70,68,81.8,80.2,90,70,54346.8934219286,0.6,0.3,29.3,8.7,,12.1211749323843,,,,,,,,10.903161132312054,1.7451075367583613
BEL,Belgium,2006,7.56,71.8,5.05,7.06,9.33,8.75,7.62,90,75,,42.8,26.8,,90.7,68.4,81.5,82.4,90,70,55367.6227467907,0.4,0.2,28.1,8.7,,11.943339157244,,,,,,,,10.921768335871949,1.8607203559895424
BEL,Belgium,2007,7.58,72.5,5.04,7.11,9.38,8.74,7.65,80,74,,44.1,26.5,,92.6,70.8,80.5,86.6,90,80,56983.4612170062,0.4,0.2,29.2,8.6,,11.6504112164888,,,,,,,,10.950533899423803,2.8765563551854
BEL,Belgium,2008,7.52,71.7,4.96,7.14,9.19,8.74,7.6,80,73,,43.9,17.9,,93.7,71.6,80.4,86,90,80,56787.7366257414,0.3,0.2,28.4,8.7,,11.1508952327056,,,,,,,,10.947093286202847,-0.34406132209561235
BEL,Belgium,2009,7.54,72.1,4.73,7.09,9.54,8.79,7.55,80,71,,41.5,28.3,,93.2,70.5,81,85.8,90,80,55258.7071019666,0.3,0.2,28.6,8.5,7.85,11.6246512514305,,,,,,,,10.91979929810083,-2.729398810201644
BEL,Belgium,2010,7.57,70.1,4.79,7.13,9.42,8.52,7.98,80,73,,42.2,30,,92.9,67.1,77.9,87.5,80,70,56240.2030936239,0.5,0.2,28.4,8.6,,11.2169351101363,,,,,,,,10.937404918389875,1.7605620289044666
BEL,Belgium,2011,7.6,70.2,4.74,7.58,9.45,8.45,7.78,80,71,,41.8,25,,92.6,71,82.5,87.6,80,70,56585.3025000677,0.6,0.3,28.1,8.6,,11.1961464245777,,,,,,,,10.94352222960411,0.6117311214234533
BEL,Belgium,2012,7.6,69,4.74,7.57,9.48,8.42,7.82,80,71,,44.8,12.1,,92.3,71.3,81.2,87.1,80,70,56356.8251292135,0.5,0.2,27.5,8.7,,11.1800307829145,,,,,,,,10.93947637636126,-0.4045853242850228
BEL,Belgium,2013,7.66,69.2,4.75,7.59,9.6,8.53,7.8,80,75,,45,14.5,,91.6,69.8,79.3,86.8,80,70,56263.1752679668,0.5,0.2,27.7,8.6,,11.7679995990123,,,,,,,,10.937813293082653,-0.16630832786059813
BEL,Belgium,2014,7.73,69.9,4.73,8.29,9.7,8.8,7.13,80,74.2,,44.8,14.8,,89.9,72.7,79.5,87.8,85,70,57002.9092185204,0.3,0.1,28.1,8.6,,11.4119763142117,,,,,,,,10.950875127246055,1.3061834163401898
BEL,Belgium,2015,7.72,68.8,4.68,7.68,9.64,8.82,7.8,80,75,,43.6,10.2,,90.7,63.7,81.7,88,85,70,57509.0245728702,0.2,0.1,27.7,8.6,,11.8331425031293,,,,,,,,10.959714551987663,0.883942474160726
BEL,Belgium,2016,7.62,68.4,4.69,7.59,9.21,8.78,7.81,80,76,,44.2,11,,85.4,60.5,84,88,85,70,57901.4976903148,0.3,0.1,27.6,8.6,,11.5346780240955,,,,,,,,10.966515800632653,0.680124864499021
BEL,Belgium,2017,7.61,67.8,4.73,7.6,9.03,8.82,7.88,83.3,71.5,69.3,44.1,9.6,66.3,82,61.1,84.9,87,85,70,58529.3302957534,0.4,0.2,27.4,8.7,,11.2481162271304,,,,,,,,10.977300365456657,1.0784564824003695
BEL,Belgium,2018,7.63,67.5,4.76,7.62,9.11,8.78,7.87,81.2,70.9,69.5,44,12.1,67.9,80.6,59.5,82.6,86.9,85,70,59357.6896884394,0.2,0.1,27.2,8.9,,11.3249224721346,,,,,,,,10.991353803615812,1.4053438159155718
BEL,Belgium,2019,7.66,67.3,4.75,7.62,9.3,8.78,7.83,81.3,72.5,61.6,47.1,15.2,73.4,78.1,61,76.1,86,85,70,60479.9769955466,0.2,0.1,27.2,9,,11.4287139671142,,,,,,,,11.010084164749834,1.8730361134021933
BEL,Belgium,2020,7.4,68.9,4.32,7.69,8.88,8.55,7.57,84.5,80.2,62.5,46.7,17.2,77,75.2,61.1,80.5,86.4,85,70,57333.5424137922,0.3,0.1,26,9.4,,12.0079997422103,,,,,,,,10.956658555517773,-5.342560923206108
BEL,Belgium,2021,7.42,70.1,4.53,7.69,8.92,8.25,7.69,84,81.3,70.2,46.5,18.4,78.7,80.1,61.1,82,84,85,70,60669.2137746531,0.3,0.1,26.6,9.2,,11.1278951534833,,,,,,,,11.013208144494552,5.654958897677886
BEL,Belgium,2022,7.42,69.6,4.64,7.69,8.28,8.85,7.64,92.5,83.6,91.2,48.2,10.1,50.3,82.8,57.4,84.3,79.2,85,70,62561.7810453236,0.2,0.1,26.4,9.4,,11.6307275986444,,,,,,,,11.04392582828043,3.071768378587869
BEN,Benin,1995,5.22,,7,2.58,5.06,,5.92,,,,,,,,,,,,,2300.14122107459,,,,,,85.759176157516407,,,,,,,,7.741160461935031,
BEN,Benin,1996,,54.5,,,,,,50,50,,72.1,90.5,,70,,57.9,0,50,50,2337.63030771279,,,,,,85.6390453584629,,,,,,,,7.757320698389961,1.6160236454929588
BEN,Benin,1997,,61.3,,,,,,50,50,,71.9,88.2,,70,,62.3,58.8,50,50,2399.78593127356,,,,,,85.5030124973078,,,,,,,,7.783551434092976,2.623073570301493
BEN,Benin,1998,,61.7,,,,,,50,50,,71.8,85.3,,70,,69.7,58.8,50,50,2419.10014338548,,,,,,85.3912691105302,,,,,,,,7.791564199858787,0.801276576581067
BEN,Benin,1999,,60.6,,,,,,50,30,,71.7,88.6,,70,,76.1,59,50,50,2470.68504400549,,,,,,85.2641318164402,,,,,,,,7.812655401077424,2.10912012186375
BEN,Benin,2000,5.74,61.5,8.06,2.47,6.54,5.67,5.92,50,30,,71.5,97.6,,70,,75.6,59,50,50,2536.16885867097,,,,,,85.099520546505,,,,,,,,7.8388041157883785,2.614871471095448
BEN,Benin,2001,5.73,60.1,8.03,2.47,6.66,5.55,5.92,30,30,,71.5,97,,70,,81.2,61,50,50,2591.06485220288,,,,,,84.9369132435693,,,,,,,,7.8602100772991665,2.1405961510787996
BEN,Benin,2002,5.69,57.3,7.67,2.46,6.83,5.54,5.92,30,30,,71.4,90.3,,55,,78.3,61,50,50,2630.18061029627,,,,,,84.7745670205795,,,,,,,,7.87518792569912,1.4977848399953864
BEN,Benin,2003,5.71,54.9,7.68,2.46,7.01,5.64,5.73,30,30,,52.3,87.9,,55,,77.8,61,50,50,2639.04370114641,96.5,67.5,38.6,7,50.85,84.624823905217,,,,,,,,7.878550749467904,0.336282376878394
BEN,Benin,2004,5.62,54.6,7.31,2.35,6.87,5.6,5.92,30,30,,52.4,87.6,,55,,79,57,50,50,2672.84404357157,,,,,,84.4972186270667,,,,,,,,7.891272432689356,1.272168322145184
BEN,Benin,2005,5.7,52.3,7.05,3.34,6.58,5.64,5.86,30,30,,52.2,88.5,,55,52.6,81.1,54,30,50,2632.47251454328,,,,,,84.3892962600202,,,,,,,,7.8760586020143295,-1.5213830675026685
BEN,Benin,2006,5.74,54,7.08,3.47,6.69,5.6,5.8,30,32,,67.3,86.6,,48,53.4,83.1,59.6,30,50,2652.21841967159,,,,,,84.3041154716285,,,,,,,,7.883528680063451,0.7470078049121476
BEN,Benin,2007,5.69,55.1,7.42,3.46,6.7,5.69,5.11,30,29,,67.8,87,,48.5,51.9,82.4,64.6,30,60,2729.13741390352,,,,,,84.1902733111942,,,,,,,,7.9121072216754476,2.8578541611996577
BEN,Benin,2008,5.63,55.2,7.57,3.6,5.94,5.82,5.15,30,25,,67.5,86.4,,48.1,52.7,77.5,65.2,40,60,2777.61974031765,,,,,,84.0668998460186,,,,,,,,7.929709587100973,1.7602365425525512
BEN,Benin,2009,5.7,55.4,7.65,3.51,6.3,5.7,5.28,30,27,,67.2,88.5,,43.8,50.3,79.6,67.4,40,60,2758.07243150648,,,,,,83.9609874641825,,,,,,,,7.922649826684024,-0.705976041694889
BEN,Benin,2010,5.8,55.4,7.71,3.45,6.33,5.81,5.65,30,31,,75.9,85.2,,42.3,47.8,74.6,57,60,50,2733.57399641151,,,,,,83.8616063719703,,,,,,,,7.913730942728442,-0.8918883955582046
BEN,Benin,2011,5.81,56,7.75,3.43,6.49,5.79,5.57,30,29,,75.8,84.1,,43,50.7,78.2,58.8,60,50,2732.01249647957,94.1,65.7,43.4,6.1,50.78,83.7602116727129,,,,,,,,7.913159758357999,-0.0571184370443234
BEN,Benin,2012,5.59,55.7,7.09,3.36,6.15,5.8,5.54,30,28,,76.2,79.9,,42.9,51.5,79.7,59.3,60,50,2779.7264808532,,,,,,83.6427278353874,,,,,,,,7.9304674965934145,1.7307738235415648
BEN,Benin,2013,5.83,57.6,7.42,3.48,6.88,5.82,5.54,30,30,,76.1,86.1,,45.4,49.7,79.9,59.3,70,50,2893.0467015352,,,,,,83.4485053544751,,,,,,,,7.970411044426531,3.994354783311671
BEN,Benin,2014,5.96,57.1,7.67,3.92,6.72,5.83,5.64,30,29.5,,68.3,86.1,,51,50.5,75.4,60,70,50,2987.38236326153,,,,,,83.2375636037583,,,,,,,,8.002487504351373,3.2076459924842204
BEN,Benin,2015,5.79,58.8,7.37,3.53,6.81,5.75,5.5,30,36,,68.3,86.7,,55.2,53.2,79.9,58.4,70,50,2952.00218338705,93.2,66.7,47.6,3.3,39.97,83.0559753050062,,,,,,,,7.990577621122942,-1.1909883228431895
BEN,Benin,2016,5.97,59.3,7.42,3.88,6.84,5.8,5.91,30,39,,68.1,84.9,,51.3,53.8,82.2,58.8,75,50,2962.66381572265,,,,,,82.8341870245721,,,,,,,,7.994181557487428,0.36039363644864153
BEN,Benin,2017,6.14,59.2,7.07,3.93,7.19,6.12,6.37,36,31.3,29.4,68.6,85.9,71.3,51.9,52.4,85.4,68.7,80,50,3041.77929984989,,,,,,82.5652532589345,,,,,,,,8.020526620106017,2.63450626185886
BEN,Benin,2018,6.28,56.7,7.46,4.01,7.27,6.12,6.53,35.5,30.2,31.3,67.4,85.6,49.7,60.7,49.9,84.7,55.6,80,50,3155.4510650627,88.1,48.9,37.9,7,31.37,82.2529102241123,,,,,,,,8.057203594776912,3.6676974670895035
BEN,Benin,2019,6.38,55.3,7.96,3.96,7.32,6.11,6.54,37.2,28.1,32.8,69.3,83.4,27.9,62.4,53.8,86.4,61.8,70,50,3281.10470051465,,,,,,81.9076739365036,,,,,,,,8.096240172577714,3.9036577800802164
BEN,Benin,2020,6.23,55.2,7.7,4.14,7.03,5.75,6.53,41.3,29.6,36.4,69,84.2,46.6,58,53.7,84.3,49.4,60,50,3317.8597222557,,,,,,82.1676930663402,,,,,,,,8.10737654576372,1.113637318600702
BEN,Benin,2021,6.23,59.6,7.6,4.3,6.99,5.73,6.51,42.5,32.2,37,68.4,92,86.3,54.6,58.5,83.7,60.4,50,50,3464.2886286745,86.5,44,34.4,7.6,28.93,80.7635209470087,,,,,,,,8.15055120647365,4.317466070992992
BEN,Benin,2022,6.26,61,7.62,4.26,6.83,6.07,6.51,44.3,40.3,55.3,68.4,91.6,83.4,47.7,59.6,80.4,61.4,50,50,3588.32519938147,,,,,,79.5320545684629,,,,,,,,8.185719497068254,3.5168290594603135
BFA,Burkina Faso,1995,,,4.62,3.28,,,5.25,,,,,,,,,,,,,1183.52861008084,,,,,,83.6366172421494,,,,,,,,7.077100177026722,
BFA,Burkina Faso,1996,,49.4,,,,,,30,10,,66.7,84.3,,40,,59.1,55,70,30,1280.69608533889,,,,,,83.4302815028432,,,,,,,,7.155939546458578,7.88393694318561
BFA,Burkina Faso,1997,,54,,,,,,50,10,,66.5,85.3,,55,,63.9,55,70,30,1326.94230829963,,,,,,83.1537426716761,,,,,,,,7.191385886547265,3.54463400886873
BFA,Burkina Faso,1998,,54.5,,,,,,50,10,,66.3,86.9,,55,,66.9,55,70,30,1385.09310679095,97.1,78.2,49.9,5.2,24.14,82.85773049817,,,,,,,,7.234244354110448,4.285846756318268
BFA,Burkina Faso,1999,,55,,,,,,50,10,,66.1,86.4,,55,,72.8,55,70,30,1444.56690170414,,,,,,82.5526720116889,,,,,,,,7.276256843127788,4.2012489017340116
BFA,Burkina Faso,2000,5.1,55.7,4.93,3.7,5.4,,5.84,50,10,,69.2,85.5,,55,,76.6,55,70,30,1428.57400617096,,,,,,82.3105129959874,,,,,,,,7.265131781091049,-1.112506203673913
BFA,Burkina Faso,2001,5.39,56.7,7.22,3.7,4.9,,5.84,30,10,,73.4,76.5,,55,,84.6,61,70,50,1477.28491846525,,,,,,82.0517142677218,,,,,,,,7.298637855910371,3.350607481932233
BFA,Burkina Faso,2002,5.1,58.8,5.47,3.66,5.13,,5.84,30,30,,65.9,78.1,,55,,89.4,61,70,50,1494.67801269583,,,,,,81.8094359422728,,,,,,,,7.310334903213464,1.1697047303092845
BFA,Burkina Faso,2003,5.42,58.9,5.66,3.66,5.19,,7.07,30,30,,77.1,78.1,,55,,78.8,61,70,50,1561.83310184915,95.1,66.7,43.3,5.8,,81.5241908520532,,,,,,,,7.35425554407328,4.392064085981584
BFA,Burkina Faso,2004,5.7,58,5.44,3.66,6.91,,5.91,30,30,,77.7,84.9,,55,,79.7,64.8,50,50,1581.25620933294,,,,,,81.3000849766232,,,,,,,,7.366607088016771,1.2351543943490917
BFA,Burkina Faso,2005,5.48,56.6,5.57,3.66,6.38,6.34,5.45,30,30,,77.6,86.4,,55,43.8,80.4,62.6,50,50,1664.99543180023,,,,,,81.0548301952539,,,,,,,,7.41817808070636,5.157099268958909
BFA,Burkina Faso,2006,5.55,55.8,5.46,3.71,6.71,6.26,5.61,30,30,,77.6,87.3,,39.2,45.7,85.9,62.2,50,50,1714.76034904509,,,,,,80.7949615885477,,,,,,,,7.447611613561367,2.943353285500727
BFA,Burkina Faso,2007,5.56,55.1,5.55,3.92,6.88,6.09,5.37,30,34,,77.4,86.5,,43.8,45.1,76.8,67.2,40,50,1731.93046335077,,,,,,80.7723427263906,,,,,,,,7.457569163896594,0.9957550335227161
BFA,Burkina Faso,2008,5.52,55.7,5.54,3.96,6.2,6.26,5.66,30,32,,77.5,85.9,,50.7,45.8,78.8,66.6,40,50,1779.32710911571,,,,,,80.7978165965944,,,,,,,,7.484552395568775,2.698323167218053
BFA,Burkina Faso,2009,5.66,59.5,5.42,3.86,6.71,6.29,6.07,30,29,,80.7,83.7,,58.7,69,83.7,70.4,40,50,1779.32305627973,95.9,66.1,39.8,6.7,53.55,80.836046803148,,,,,,,,7.484550119110381,-2.2764583942347372e-4
BFA,Burkina Faso,2010,5.66,59.4,5.38,3.87,6.63,6.23,6.28,30,35,,80.4,80,,60,64.4,73,71.3,50,50,1873.97146230828,,,,,,80.8078833988332,,,,,,,,7.536348718186433,5.179859907605255
BFA,Burkina Faso,2011,5.71,60.6,5.8,3.86,6.39,6.23,6.3,30,36,,80.5,86,,61.5,53.5,76.8,76.2,55,50,1939.86659989406,,,,,,80.7717657551426,,,,,,,,7.570889853292514,3.4541135106080922
BFA,Burkina Faso,2012,5.58,60.6,5.67,3.79,6.2,6.2,6.08,30,31,,80.4,84,,62.8,58.9,81.4,72.5,55,50,2003.6646118745,,,,,,80.7736607557773,,,,,,,,7.603232049875433,3.2342196582918703
BFA,Burkina Faso,2013,5.77,59.9,6.14,3.79,6.67,6.12,6.16,30,30,,81.4,82,,61.2,56.4,80.6,72.5,55,50,2057.0639319853,,,,,,80.7933698090045,,,,,,,,7.629520981016101,2.628893114066777
BFA,Burkina Faso,2014,5.94,58.9,6.4,3.8,6.76,6.48,6.25,30,31.3,,83,82.3,,60.7,55,78.8,67.8,60,40,2083.19844698304,94.5,60.6,35.3,8.3,52.92,80.7951997210481,,,,,,,,7.6421396224198865,1.261864140378588
BFA,Burkina Faso,2015,5.91,58.6,6.22,3.73,6.73,6.64,6.22,25,38,,82.4,79.8,,49.6,57.8,80,68.2,65,40,2101.70266192027,,,,,,80.817784226981,,,,,,,,7.650978778127014,0.8839155707127233
BFA,Burkina Faso,2016,5.99,59.1,6.38,3.74,6.72,6.64,6.48,30,38,,82.8,76.8,,46.3,58.9,84.9,68.2,65,40,2162.72578977814,,,,,,80.829109098257,,,,,,,,7.679586917417141,2.8608139290127177
BFA,Burkina Faso,2017,5.98,59.6,6.07,3.98,6.64,6.61,6.61,38.2,31.7,28.4,82.6,82.5,88.4,46.4,53.3,84.6,69.2,70,40,2232.28781490944,,,,,,80.8230232927942,,,,,,,,7.711230135119411,3.16432177022703
BFA,Burkina Faso,2018,5.96,60,5.95,3.88,6.5,6.64,6.82,42.1,31.8,47.1,80.6,83.7,80.4,51.5,47,84.5,65.8,65,40,2316.39432079045,89.5,53.9,43,6.3,30.39,80.795201571007,,,,,,,,7.748198695878354,3.696856075894317
BFA,Burkina Faso,2019,6.21,59.4,7.23,3.86,6.4,6.67,6.88,49.1,36.6,42.9,81.9,80,61.8,51.6,52.3,86.2,65.2,65,40,2391.53626844484,,,,,,80.795205063033407,,,,,,,,7.780109282436803,3.1910586558448806
BFA,Burkina Faso,2020,6.12,56.7,7.2,3.88,6.58,6.19,6.73,46.9,34.1,42.6,81.3,77,49.2,47.6,52.1,82.4,61.8,65,40,2380.93171826574,,,,,,82.1006632824973,,,,,,,,7.7756670837889015,-0.44421986479017406
BFA,Burkina Faso,2021,6.06,56.5,7.19,3.79,6.34,6.22,6.78,45.1,34.5,36.6,80.9,81.9,60.8,44.8,52.2,74.7,61,65,40,2486.43093147762,90.4,52.4,37.4,7.3,33.59,81.3079684620804,,,,,,,,7.819005702407106,4.3338618618204094
BFA,Burkina Faso,2022,5.9,58.3,7.07,3.75,5.41,6.63,6.65,47,41.4,36.3,81.8,82.3,66.1,41.9,61.6,75.6,61,65,40,2469.19956941259,,,,,,80.7951990517066,,,,,,,,7.812054223691127,-0.6951478715978787
BGD,Bangladesh,1995,4.85,40.9,7.65,3.09,6.58,2.02,4.81,30,10,,44,91.5,,40,,72.9,0,50,30,2351.70387946903,93.4,54.3,32.9,8.8,,67.5302042710227,,,,,,,,7.763320532728368,
BGD,Bangladesh,1996,,51.1,,,,,,30,10,,79.2,92,,40,,70.7,38,50,50,2413.54298201505,,,,,,67.2786823649272,,,,,,,,7.789265306776624,2.594477404825568
BGD,Bangladesh,1997,,49.9,,,,,,30,10,,70.6,94.2,,40,,66.1,38,50,50,2475.59574602489,,,,,,67.0196207460679,,,,,,,,7.814640213112112,2.537490633548778
BGD,Bangladesh,1998,,52,,,,,,30,23,,73,93.5,,40,,71.1,38,50,50,2555.06119218282,,,,,,66.7370690277509,,,,,,,,7.846222755814461,3.158254270234906
BGD,Bangladesh,1999,,50,,,,,,30,23,,77.2,94.5,,40,,71,34,50,30,2624.06553797638,,,,,,66.4950209662036,,,,,,,,7.872861141562202,2.6638385747741467
BGD,Bangladesh,2000,5.8,48.9,8.25,2.57,6.82,5.83,5.54,30,23,,77.2,90.3,,40,,68.1,32,50,30,2712.93512215725,92.3,52.8,33.4,8.6,31.1,66.2249634576764,,,,,,,,7.906154935229667,3.3293793667464655
BGD,Bangladesh,2001,5.62,51.2,8.33,2.44,6.51,5.76,5.03,30,23,,77.3,93.3,,40,,68.6,48.8,50,30,2803.55471950946,,,,,,65.9019556492587,,,,,,,,7.939000060082512,3.284512485284541
BGD,Bangladesh,2002,5.62,51.9,8.47,2.37,6.34,5.75,5.14,30,23,,77.3,93.3,,40,,72.7,50.6,50,30,2866.43454328715,,,,,,65.5713327248984,,,,,,,,7.961173021641728,2.2172961559215665
BGD,Bangladesh,2003,5.59,49.3,8.61,2.3,6.15,5.82,5.07,30,4,,77.2,94,,40,,80.8,38,50,30,2958.91503115633,,,,,,65.246300716344,,,,,,,,7.992915841215661,3.1742819573932657
BGD,Bangladesh,2004,5.46,50,8.57,2.3,5.87,5.6,4.96,30,12,,77.2,94.1,,40,,78.9,38,50,30,3071.83778764611,,,,,,64.8913823515472,,,,,,,,8.030356774419669,3.744093320400843
BGD,Bangladesh,2005,5.69,47.5,8.64,2.54,6.32,5.55,5.41,30,13,,84.1,93.4,,40,64.1,76.3,34,30,10,3231.61370692891,90,48.4,33.2,8.8,21.36,64.4914371632306,,,,,,,,8.081046286184781,5.068951176511227
BGD,Bangladesh,2006,5.81,52.9,8.65,2.59,6.23,6.08,5.51,30,15,,84.1,94.4,,58.2,64.2,74.9,48.2,30,30,3407.4273502159,,,,,,64.1843947113788,,,,,,,,8.134006276277873,5.295999009309149
BGD,Bangladesh,2007,5.8,46.7,8.78,2.57,5.99,6.09,5.6,30,17,,84.1,94,,59.1,63.8,68.7,0,30,20,3608.91543819399,,,,,,63.68530953012,,,,,,,,8.19143962672958,5.743335045170639
BGD,Bangladesh,2008,5.8,44.2,8.88,2.53,5.91,6.13,5.55,25,20,,84,93.2,,56.5,54.5,68.9,0,20,20,3787.9382761855,,,,,,63.1649650606653,,,,,,,,8.239841120620804,4.8401493891224945
BGD,Bangladesh,2009,5.93,47.5,8.93,2.81,6.23,6.07,5.62,25,20,,72.8,94.2,,62.9,52.3,67.3,40.2,20,20,3942.13631207203,,,,,,62.6404448858856,,,,,,,,8.279731703929842,3.9890583309038163
BGD,Bangladesh,2010,5.88,51.1,8.85,2.88,5.93,5.91,5.83,20,21,,72.8,93.9,,59.4,53.8,66.6,58,45,20,4125.46390163202,88.6,44.9,32.1,8.9,22.76,62.1114634809614,,,,,,,,8.325176121056034,4.544441712619118
BGD,Bangladesh,2011,5.8,53,8.72,2.73,5.75,5.93,5.86,20,24,,72.7,92.4,,65,54.3,68.6,58,55,20,4352.42643359325,,,,,,61.2768062357384,,,,,,,,8.37871849990452,5.3542378848487004
BGD,Bangladesh,2012,5.85,53.2,8.7,2.63,6.16,5.94,5.82,20,24,,72.8,93.9,,68.5,55.9,67.5,54,55,20,4592.04840919812,,,,,,60.4298109620797,,,,,,,,8.432299224047764,5.358072414324333
BGD,Bangladesh,2013,5.78,52.6,8.54,2.56,6.07,5.96,5.78,20,27,,72.7,92.1,,68,51.9,65.4,54,55,20,4822.72621378266,,,,,,59.5723857040062,,,,,,,,8.481301981776216,4.9002757728452195
BGD,Bangladesh,2014,5.75,54.1,8.57,2.58,6.15,5.7,5.77,20,23.3,,72.5,92.3,,70.8,51.9,65.9,59,55,30,5068.63965672741,,,,,,58.7487925119881,,,,,,,,8.531025020435594,4.9723038659378105
BGD,Bangladesh,2015,5.78,53.9,8.51,2.7,6.28,5.69,5.73,20,27,,72.7,92,,62.2,63.7,67.7,59,45,30,5352.71133299566,,,,,,57.902961981056,,,,,,,,8.585545306488493,5.4520286052898825
BGD,Bangladesh,2016,5.75,53.3,8.32,2.74,6.36,5.66,5.67,20,25,,72.7,93.6,,52.6,62.5,68.2,63.6,45,30,5682.53553494306,85.7,40.8,32.4,8.6,24.38,57.0356746745533,,,,,,,,8.645328771406518,5.978346491802533
BGD,Bangladesh,2017,5.82,55,8.19,2.65,6.43,6.13,5.67,34.9,19.1,26,72.8,94,78.7,53.4,68.7,68.6,63.6,50,30,6005.70718781048,,,,,,56.1806275900299,,,,,,,,8.700631988499847,5.530321709332853
BGD,Bangladesh,2018,5.84,55.1,8.27,2.65,6.5,6.1,5.67,32.4,21.2,32.6,72.7,94.2,78.9,52.1,66.4,69,61.2,50,30,6392.59334024091,,,,,,56.2930050778402,,,,,,,,8.763051727384651,6.241973888480423
BGD,Bangladesh,2019,5.81,55.6,8.19,2.63,6.51,6.11,5.62,36.1,24.4,34.5,72.7,94.5,77.6,50.9,68.2,69.9,63.6,45,30,6838.32611608243,,,,,,56.3883787871261,,,,,,,,8.830444484722499,6.739275733784744
BGD,Bangladesh,2020,5.71,56.4,8.3,2.66,6.48,5.49,5.62,41,26.6,36.1,72.7,94.3,76.8,52.3,68.4,70,63.6,45,30,7015.19792797056,,,,,,57.4001952008227,,,,,,,,8.85597674459631,2.553225987381147
BGD,Bangladesh,2021,5.76,56.5,8.31,2.7,6.58,5.47,5.75,38,27.7,35.4,84,93.8,66.3,55.6,68.8,69.9,63.4,45,30,7441.06913961254,,,,,,57.7138400623424,,,,,,,,8.914904199324651,5.892745472834093
BGD,Bangladesh,2022,5.85,52.7,8.33,2.73,6.47,5.94,5.77,36.3,22.2,28.1,82.6,93.2,54,55.6,36.6,70,63.8,50,40,7888.16389098304,71.5,26.4,30.9,8.8,27.57,57.8403806625567,,,,,,,,8.973245437500044,5.834123817539272
BGR,Bulgaria,1995,4.74,50,4.45,5.53,1.6,6.99,5.18,50,30,,46,50.5,,55,,26.3,72.4,70,50,12932.2782571471,21.4,6,32.8,7.8,,11.0924491249058,,,,,,,,9.46755897846618,
BGR,Bulgaria,1996,,48.6,,,,,,50,30,,50.6,30.6,,55,,30,71,70,50,13675.802823114,,,,,,10.9394897736924,,,,,,,,9.52345645210102,5.589747363483966
BGR,Bulgaria,1997,,47.6,,,,,,50,30,,48.9,37.3,,55,,36.5,71,50,50,11817.1350328953,62.8,18.4,26.4,10.1,12.2,10.8240261416595,,,,,,,,9.3773904978765,-14.606595422451996
BGR,Bulgaria,1998,,45.7,,,,,,50,30,,53.5,48.8,,55,,25.2,49,50,50,12347.0182679512,,,,,,10.8982120202447,,,,,,,,9.42125086504687,4.386036717037101
BGR,Bulgaria,1999,,46.2,,,,,,50,30,,68,46.3,,55,,0,46.8,70,50,11373.9407578444,,,,,,11.0844171840518,,,,,,,,9.339168035703997,-8.208282934287325
BGR,Bulgaria,2000,5.59,47.3,5.79,5.35,2.72,7.23,6.9,50,29,,67.9,54.4,,55,,0,49.8,70,50,11954.5867680223,,,,,,11.1689950089748,,,,,,,,9.388953960078378,4.978592437438145
BGR,Bulgaria,2001,6.25,51.9,6.44,5.25,5.99,7.01,6.55,50,33,,58.1,67.3,,55,,26.2,57.2,70,50,12661.2414690795,35.8,11.9,32.7,7.1,12.99,10.4385380740709,,,,,,,,9.446379731296544,5.742577121816517
BGR,Bulgaria,2002,6.62,57.1,6.54,5.22,7.84,6.93,6.55,50,35,,68.3,49.6,,55,,75.8,60.2,70,50,13698.8575981443,,,,,,10.3993883512088,,,,,,,,9.525140717466158,7.8760986169614355
BGR,Bulgaria,2003,6.91,57,6.53,5.23,8.76,7.39,6.67,50,39,,72.4,56.7,,55,,77.5,62.4,50,50,14530.9346678868,37.3,10.2,28.9,8.8,,10.8885126152146,,,,,,,,9.584103897589644,5.8963180123486225
BGR,Bulgaria,2004,6.84,59.2,6.57,5.2,8.43,7.41,6.6,30,40,,81.1,64.5,,55,,78.7,63.2,50,70,15594.2219971836,,,,,,10.839671538911,,,,,,,,9.654719864091826,7.061596650218149
BGR,Bulgaria,2005,7.03,62.3,6.89,5.48,8.71,7.24,6.83,30,39,,80.3,53.4,,55,80.3,83.1,82,50,70,16820.7857529671,,,,,11.86,9.38608748156539,,,,,,,,9.730430096319955,7.5710232228129115
BGR,Bulgaria,2006,7.12,64.1,7.01,5.52,8.18,8,6.88,30,41,,83.2,49.8,,70.5,79.8,80.7,65.8,70,70,18101.9997194224,33.5,13.4,35.7,5.7,,8.51538041706174,,,,,,,,9.803832933876988,7.340283755703325
BGR,Bulgaria,2007,7.13,62.7,7.04,5.43,7.91,8.19,7.06,30,40,,82.4,57.8,,70.3,79.8,75.8,70.8,60,60,19449.0580200569,18.5,6.4,36.1,6.5,,7.96242010565837,,,,,,,,9.875605332078488,7.17723982014995
BGR,Bulgaria,2008,7.09,63.7,7.29,5.38,7.62,8.13,7.02,30,40,,82.7,56,,68.4,80.6,73.7,86,60,60,20786.5943491749,13.4,4.7,33.6,6.9,,7.733419506595,,,,,,,,9.942111662236519,6.650633015803109
BGR,Bulgaria,2009,7.25,64.6,7.2,5.3,8.71,8.14,6.87,30,41,,86.2,58.7,,73.5,78.4,72.8,85.8,60,60,20220.6970269748,13,4.5,33.8,6.8,,7.69517503892675,,,,,,,,9.914511417191902,-2.760024504461711
BGR,Bulgaria,2010,7.35,62.3,7.01,5.29,8.85,8.4,7.19,30,36,,86.3,48.3,,77.8,78.1,69.5,87.4,50,60,20670.8257101095,15.9,5.9,35.7,6.3,12.65,7.89619663400265,,,,,,,,9.936526975340783,2.2015558148881453
BGR,Bulgaria,2011,7.35,64.9,7.2,5.32,8.8,8.1,7.31,30,38,,86.9,58.3,,75.8,82,75.5,87.6,55,60,21238.6347180791,17,6.5,34.3,6.4,,7.4271539999785,,,,,,,,9.96362427737744,2.70973020366565
BGR,Bulgaria,2012,7.46,64.7,7.49,5.29,9.09,8.08,7.36,30,36,,93.6,50.3,,72.7,84.2,77.8,87.1,55,60,21521.9722528865,16.8,6.4,36,6.2,,7.02975743224076,,,,,,,,9.976876120579057,1.325184320161732
BGR,Bulgaria,2013,7.52,65,7.34,5.33,9.43,8.15,7.35,30,33,,94,64.2,,73.6,74.8,78.6,86.8,55,60,21841.2853304575,15.2,6.2,36.6,5.7,,7.04322057293975,,,,,,,,9.991603064057456,1.472694347839898
BGR,Bulgaria,2014,7.5,65.7,7.03,5.39,9.38,8.55,7.13,30,35.2,,91.2,64.5,,73.5,80.2,79.6,87.8,55,60,22318.0729490157,13.2,5,37.4,6,,7.58178661678736,,,,,,,,10.013196881090357,2.1593817032901086
BGR,Bulgaria,2015,7.48,66.8,6.64,5.46,9.49,8.6,7.21,30,41,,91,64.5,,68.5,76.6,83.2,88,65,60,23371.5497861932,15.6,6.9,38.6,5.3,11.77,7.33814278119531,,,,,,,,10.05931752668164,4.61206455912837
BGR,Bulgaria,2016,7.73,65.9,7.62,5.61,9.53,8.58,7.32,30,43,,91.1,60.4,,66.9,71.6,82.6,88,65,60,24393.5599946297,11.6,5.1,40.6,5.4,12.66,6.87889849126132,,,,,,,,10.102115435384249,4.279790870260847
BGR,Bulgaria,2017,7.72,67.9,7.65,5.64,9.37,8.65,7.31,62.5,41.8,38.9,91,58.4,86.4,66.7,68.3,83.3,87,70,60,25397.4134296456,11.7,4.2,40.4,5.7,12.99,7.07666823445945,,,,,,,,10.142441987655928,4.032655227167936
BGR,Bulgaria,2018,7.68,68.3,7.47,5.73,9.32,8.54,7.34,63.6,38.2,42.5,90.9,60.5,94.3,64.3,66.1,82.8,86.9,70,60,26348.0991129693,9.1,3.3,41.3,5.7,11.89,7.24219599415064,,,,,,,,10.179189364123916,3.6747376467987536
BGR,Bulgaria,2019,7.63,69,7.34,5.72,9.25,8.53,7.28,62.5,35.1,41.9,90.2,63.9,98.8,62.7,68.4,88,86,70,60,27736.3748496575,8.2,3.3,40.3,5.7,11.72,6.86506059610062,,,,,,,,10.230536055276007,5.134669115209078
BGR,Bulgaria,2020,7.51,70.2,7.04,5.75,9.37,8.23,7.14,64.2,44.2,45.4,90.3,66.1,99.2,62.6,68.1,85.7,86.4,70,60,27138.1481078548,5.8,1.9,40.5,6.1,,6.48061532890651,,,,,,,,10.208732544092051,-2.180351118395585
BGR,Bulgaria,2021,7.47,70.4,7,5.81,9.16,8.37,7,66.2,46.8,43.6,93.9,64.7,99.2,62.9,68.5,85.2,84,70,60,29457.7113319774,6.5,2.5,39,6.1,10.41,6.77351860435608,,,,,,,,10.29074494608558,8.201240199352888
BGR,Bulgaria,2022,7.16,71,7.05,5.94,7.56,8.41,6.83,77.3,45.6,61.1,93.9,60.5,96.2,72.1,64.4,81.9,79.2,60,60,30860.8767083739,5.5,2.1,38.2,6.2,9.06,6.96782186020414,,,,,,,,10.337276937690046,4.653199160446597
BHR,Bahrain,1995,7.02,76.2,6.56,4.59,9.58,7.36,7.14,60,70,,99.4,71.7,,100,,86.7,78.4,50,70,53537.6828948177,,,,,,2.52643858114227,,,,,,,,10.888159716376114,
BHR,Bahrain,1996,,76.4,,,,,,60,70,,99.4,72.5,,100,,89.1,77,50,70,54289.4380390309,,,,,,2.40086544559257,,,,,,,,10.902103395370002,1.3943678993888042
BHR,Bahrain,1997,,76.1,,,,,,60,70,,99.5,73.4,,100,,85.2,77,50,70,54512.8551056888,,,,,,2.28830718056259,,,,,,,,10.906210170465098,0.4106775095095827
BHR,Bahrain,1998,,75.6,,,,,,60,70,,99.4,78.1,,85,,89.6,78.4,50,70,55638.6935860684,,,,,,2.35505470030397,,,,,,,,10.926652138942208,2.0441968477109995
BHR,Bahrain,1999,,75.2,,,,,,60,70,,99.4,80.8,,85,,83.5,78.4,50,70,56522.2261899823,,,,,,2.16574675544827,,,,,,,,10.942406915671597,1.575477672938952
BHR,Bahrain,2000,7.25,75.7,6.98,4.01,8.99,8.14,8.15,60,70,,99.6,79.7,,85,,89.2,77.6,50,70,57968.9956082135,,,,,,1.80777836834058,,,,,,,,10.967680838574132,2.527392290253516
BHR,Bahrain,2001,7.12,75.9,6.57,4.01,8.83,8.12,8.07,60,70,,99.2,73,,85,,90.3,75.4,50,80,57280.6986707494,,,,,,1.63555969280894,,,,,,,,10.955736456759569,-1.1944381814563698
BHR,Bahrain,2002,7.06,75.6,6.14,3.96,8.92,8.17,8.12,60,70,,99.3,74.8,,85,,84.3,76.6,50,80,55096.6571550779,,,,,,2.27306378132118,,,,,,,,10.916862474365466,-3.887398239410267
BHR,Bahrain,2003,7.15,76.3,6.51,3.96,8.95,8.18,8.15,70,70,,99.5,79.2,,85,,83.4,69.6,50,80,54431.8763559658,,,,,,2.21353219352492,,,,,,,,10.904723595080053,-1.2138879285412685
BHR,Bahrain,2004,7.17,75.1,7,3.89,8.91,8.03,8.03,60,70,,99.5,76.6,,85,,84.7,69.6,50,80,54045.092888858,,,,,,2.04374319188306,,,,,,,,10.897592533476875,-0.7131061603178779
BHR,Bahrain,2005,7.18,71.2,7.02,3.97,8.87,7.91,8.13,70,61,,99.5,68.1,,85,40,89,69.6,50,80,53478.2662415503,,,,,,2.15293725861629,,,,,,,,10.887049310881485,-1.0543222595389423
BHR,Bahrain,2006,7.22,71.6,6.62,4.24,9.07,8.08,8.13,70,58,,99.4,73.2,,80,40,86.3,69.6,50,90,52691.9323366851,,,,,,2.16783037525905,,,,,,,,10.872236614277387,-1.4812696604098008
BHR,Bahrain,2007,7.3,71.2,7.27,4.31,8.7,8.13,8.11,60,58,,99.4,75.3,,80,40,80.1,79.6,50,90,52731.7921672618,,,,,,2.05344803043053,,,,,,,,10.87299278328004,0.07561690026527401
BHR,Bahrain,2008,7.27,72.2,7.21,4.34,8.78,8.06,7.98,60,57,,99.7,80.3,,80,40,74.3,80.8,60,90,52765.3899455546,,,,,,2.00949492546781,,,,,,,,10.873629712946332,0.0636929666292474
BHR,Bahrain,2009,7.04,74.8,6.85,4.3,7.88,8.22,7.99,60,50,,99.9,79.4,,79.6,85.1,74,80,60,80,50665.7507489219,,,,,,1.95676144270473,,,,,,,,10.833025170677121,-4.060454226921095
BHR,Bahrain,2010,7.06,76.3,6.71,4.37,8.04,8.11,8.09,60,54,,99.9,80.8,,77.8,89.4,73.4,82.9,65,80,50704.8479679819,,,,,,1.06144346386962,,,,,,,,10.833796527463738,0.07713567866165505
BHR,Bahrain,2011,7.21,77.7,7.15,4.3,8.33,8.1,8.16,60,51,,99.8,80.2,,77.4,97,74,82.8,75,80,53132.3284162611,,,,,,0.974212882459581,,,,,,,,10.880559664128,4.676313666426246
BHR,Bahrain,2012,7.11,75.2,6.9,4.17,8.4,8.01,8.06,55,49,,99.9,72.2,,76.5,91.1,70.4,82.8,75,80,54516.8406594787,,,,,,1.00362541183025,,,,,,,,10.906283278633575,2.572361450557459
BHR,Bahrain,2013,7.21,75.5,7.33,4.17,8.53,7.99,8.03,55,51,,99.9,72.4,,75.8,90.4,72.5,82.8,75,80,55376.4005147894,,,,,,0.96644841075109,,,,,,,,10.921926856562056,1.5643577928480923
BHR,Bahrain,2014,7.23,75.1,7.43,4.21,9,7.77,7.76,60,49.4,,99.9,71.4,,76.3,82,78.4,78.6,75,80,55065.8189472129,,,,,,0.990117846582015,,,,,,,,10.916302616782303,-0.5624239779752571
BHR,Bahrain,2015,7.17,73.4,7.29,4.3,9.09,7.72,7.44,60,48,,99.9,73.1,,72.5,83.1,74.2,78.6,65,80,54149.9131524721,,,,,,0.996640100015627,,,,,,,,10.899530115675171,-1.6772501107132243
BHR,Bahrain,2016,7.15,74.3,7.45,4.3,9.26,7.71,7.01,60,49,,99.9,75.4,,71.9,79.1,74.6,82.6,70,80,54107.0752236423,,,,,,0.993977794270227,,,,,,,,10.89873871845803,-0.07913972171404993
BHR,Bahrain,2017,7.32,68.5,7.33,4.3,9.29,8.14,7.56,64.2,55.5,53.7,99.9,69.8,12,69.4,78.7,80.7,82.8,75,80,53859.7749589601,,,,,,0.935276161628514,,,,,,,,10.894157754657178,-0.4580963800853155
BHR,Bahrain,2018,7.4,67.7,7.31,4.59,9.17,8.09,7.82,62.1,51.8,55.1,99.9,66.4,6.5,75.5,76.5,79.9,83.4,75,80,54893.0724411368,,,,,,0.859416855191711,,,,,,,,10.913160651561633,1.9002896904455113
BHR,Bahrain,2019,7.48,66.4,7.42,4.59,9.29,8.2,7.89,63.5,53.6,50.7,99.7,62.7,3.7,71.4,71.1,81.6,83.8,75,80,56749.9628370612,,,,,,0.788277933352838,,,,,,,,10.94642790149155,3.326724992991714
BHR,Bahrain,2020,7.44,66.3,7.34,4.78,9.31,8.2,7.57,70.6,51,48.4,99.4,66.1,2.6,70.5,71.1,81.1,79.4,75,80,53814.2452592358,,,,,,1.14505895487841,,,,,,,,10.893312075139203,-5.311582635234657
BHR,Bahrain,2021,7.55,69.9,7.35,5.18,9.36,8.19,7.66,71.5,64.4,65.8,100,67.1,0,76.7,71.4,82.8,83.6,75,80,54954.6757895532,,,,,,1.05644717217135,,,,,,,,10.914282244571476,2.097016943227281
BHR,Bahrain,2022,7.51,62,7.37,5.18,9.03,8.35,7.64,65.9,41.6,27.4,99.9,65.5,0,60.2,54.9,81.1,83,85,80,57572.997981018,,,,,,0.901733674439886,,,,,,,,10.96082632082086,4.65440762493845
BHS,"Bahamas, The",1995,6.99,71.8,9.03,5.69,6.86,5.08,,90,70,,97.7,86.9,,100,,82.6,19,30,70,30128.1935557246,,,,,,14.1346269098703,,,,,,,,10.313249866274097,
BHS,Bahamas,1996,,74,,,,,,90,70,,97.8,83.6,,100,,85.8,19,50,70,30907.8208035756,,,,,,16.4769322947873,,,,,,,,10.338796885047943,2.554701877384602
BHS,Bahamas,1997,,74.5,,,,,,90,70,,97.3,87.8,,100,,86.1,19,50,70,30839.0247952491,,,,,,14.7226622278304,,,,,,,,10.336568631673346,-0.22282533745965338
BHS,Bahamas,1998,,74.5,,,,,,90,70,,97.2,87.4,,100,,86.9,19.4,50,70,31836.5264901331,,,,,,14.61712451911,,,,,,,,10.368400951329239,3.1832319655892505
BHS,Bahamas,1999,,74.7,,,,,,90,70,,97.2,87.1,,100,,88.4,19.4,50,70,33657.804588874,,,,,,15.7921358615588,,,,,,,,10.424029952820447,5.562900149120864
BHS,"Bahamas, The",2000,6.77,73.9,8.54,5.18,6.85,5.23,8.05,90,70,,97.2,85.5,,100,,87,15,50,70,34597.1621145274,,,,,,14.8273170973416,,,,,,,,10.451555841557758,2.752588873731021
BHS,"Bahamas, The",2001,6.88,74.8,8.97,5.39,6.84,5.14,8.03,90,70,,97.3,89.2,,100,,87.3,19.4,50,70,35072.3658990461,,,,,,13.9164671713796,,,,,,,,10.465197315119758,1.3641473562000073
BHS,"Bahamas, The",2002,6.99,74.4,8.89,5.72,7.21,5.07,8.01,90,70,,97,89.2,,100,,88.1,15,50,70,35610.6786425646,,,,,,15.3208919584145,,,,,,,,10.480428914800342,1.5231599680584296
BHS,"Bahamas, The",2003,6.93,73.5,8.92,5.73,6.93,5.03,8,90,70,,96.9,88.8,,100,,80.4,15,50,70,34740.7635535381,,,,,,14.2706273869316,,,,,,,,10.455697802857179,-2.473111194316324
BHS,"Bahamas, The",2004,7.04,72.1,8.89,5.78,7.14,5.37,8,90,70,,97.1,87.1,,85,,82.5,17,50,70,34617.8051137459,,,,,,14.9575030098291,,,,,,,,10.452152313800248,-0.35454890569308617
BHS,"Bahamas, The",2005,7.02,72.6,8.81,5.83,6.95,5.5,8.02,90,70,,96.7,88,,85,80,79.5,17,50,70,35365.4663980219,,,,,,14.5021135301252,,,,,,,,10.473519373279531,2.1367059479283412
BHS,"Bahamas, The",2006,7,72.3,8.98,5.8,6.81,5.34,8.03,90,70,,96.8,87.1,,80,80,82.2,17,50,70,35789.1322131898,,,,,,14.0450163660148,,,,,,,,10.48542749789099,1.190812461145896
BHS,"Bahamas, The",2007,7.02,72,9.02,5.82,6.75,5.46,8.03,80,70,,96.6,88.7,,80,80,76.1,38.8,40,70,35797.118972073,,,,,,13.6928819099362,,,,,,,,10.485650628328852,0.022313043786148512
BHS,"Bahamas, The",2008,6.97,71.1,9.04,5.81,6.51,5.45,8.03,80,70,,96.2,86.4,,80,80,76.3,32,40,70,34498.0351399173,,,,,,13.288888647604,,,,,,,,10.44868663566945,-3.6963992659401868
BHS,"Bahamas, The",2009,6.9,70.3,8.87,5.78,6.79,5.09,7.98,75,50,,96.5,84.4,,74.7,80.4,75.5,56,40,70,32630.263065979,,,,,,13.2991714409623,,,,,,,,10.393026097571852,-5.566053809759808
BHS,"Bahamas, The",2010,6.92,67.3,8.94,5.53,7.01,5.3,7.79,70,55,,95.2,83.6,,73.4,81,72.7,42.2,30,70,32711.4592459383,,,,,,13.7019689770979,,,,,,,,10.395511301012277,0.24852034404254653
BHS,"Bahamas, The",2011,6.86,68,8.87,5.55,6.84,5.27,7.74,70,55,,97.2,86.9,,72.5,81.3,74.6,42.2,30,70,32535.6625139135,,,,,,14.0940783876065,,,,,,,,10.390122809867869,-0.5388491144408647
BHS,"Bahamas, The",2012,6.91,68,8.92,5.61,7.09,5.3,7.65,70,55,,97.7,85.2,,70.9,82.7,76,42.2,30,70,33667.5547098911,,,,,,13.9964093745607,,,,,,,,10.424319586074649,3.41967762067803
BHS,"Bahamas, The",2013,6.94,70.1,8.95,5.61,7.29,5.31,7.52,70,73,,97,84.9,,71.3,81.6,75.8,47,30,70,32402.9163503108,,,,,,13.9710182953161,,,,,,,,10.386034569485219,-3.82850165894304
BHS,"Bahamas, The",2014,6.97,69.8,9.02,5.61,7.16,5.54,7.54,70,66.6,,97.3,84.1,,70.7,81.5,75.1,52.2,30,70,32712.6356664811,,,,,,13.8809396521903,,,,,,,,10.395547262826733,0.9512693341514833
BHS,"Bahamas, The",2015,6.96,68.7,9.04,5.86,7.01,5.49,7.39,70,71,,97.8,83.2,,68.9,75.3,78.8,52.2,30,60,32777.5849410742,,,,,,13.8860602376067,,,,,,,,10.397530683003447,0.19834201767139348
BHS,"Bahamas, The",2016,6.99,70.9,9.03,5.75,7.12,5.52,7.52,70,71,,97.9,84.3,,70.7,72.8,78.5,64,40,60,32172.3365152976,,,,,,13.7765675818773,,,,,,,,10.378893329971525,-1.8637353031921933
BHS,"Bahamas, The",2017,6.91,61.1,8.92,5.74,6.98,5.49,7.39,45.3,38.2,48.7,97.1,83.8,42.3,68.5,71.5,77,50.6,50,60,33050.0350128611,,,,,,13.7436737841616,,,,,,,,10.405808161366213,2.6914831394687866
BHS,"Bahamas, The",2018,7.16,63.3,9.13,5.43,8.06,5.66,7.52,46.5,50.9,53.5,96.5,82.9,59,68.3,64.6,79.2,52.7,45,60,33650.2164350935,,,,,,13.7384796750683,,,,,,,,10.4238044840508,1.799632268458673
BHS,"Bahamas, The",2019,7.12,62.9,8.93,5.42,7.97,5.65,7.65,42.2,43.7,46.9,97.3,86.8,65.7,68.5,67.5,78.1,47.8,50,60,33202.4902105068,,,,,,13.7163102619258,,,,,,,,10.410410276201636,-1.3394207849163564
BHS,"Bahamas, The",2020,6.56,64.5,8.7,5.4,6.56,5.02,7.11,54.9,46,46.4,96.8,87.4,69.2,69,70,76.3,47.8,50,60,26452.695760929,,,,,,14.2903535006992,,,,,,,,10.183151153836748,-22.72591223648881
BHS,"Bahamas, The",2021,6.43,64.6,8.69,5.4,6.36,4.83,6.88,48.1,47.5,45.7,97.1,87.6,72.7,70.4,70,77,49,50,60,31064.6822166194,,,,,,14.7841636024782,,,,,,,,10.343859023197245,16.070786936049686
BHS,"Bahamas, The",2022,6.65,68.7,8.82,5.4,6.08,5.63,7.34,61.1,64.3,78.8,96.5,85.8,67.3,63.3,69.3,79.2,49,50,60,34342.9285316569,,,,,,15.4526381655226,,,,,,,,10.444180528946516,10.032150574927101
BIH,Bosnia and Herzegovina,1995,,,2.93,3.28,,,4.88,,,,,,,,,,,,,2940.50824197162,,,,,,30.8272763747915,,,,,,,,7.98667773626272,
BIH,Bosnia Herzegovina,1996,,,,,,,,,,,,,,,,,,,,4347.40673052649,,,,,,29.7836868818534,,,,,,,,8.377564788145428,39.08870518827072
BIH,Bosnia Herzegovina,1997,,,,,,,,,,,,,,,,,,,,5728.96966389374,,,,,,28.6637887575405,,,,,,,,8.65346551543539,27.590072728996162
BIH,Bosnia Herzegovina,1998,,29.4,,,,,,10,10,,78.8,16.7,,40,,0,69.4,30,10,6564.71090839493,,,,,,27.5902557837615,,,,,,,,8.78961606852005,13.61505530846614
BIH,Bosnia Herzegovina,1999,,29.4,,,,,,10,10,,78.8,16.7,,40,,0,69.4,30,10,7118.49302829335,,,,,,26.6785546434331,,,,,,,,8.87059179797952,8.09757294594693
BIH,Bosnia and Herzegovina,2000,4.42,45.1,2.93,3.69,4.46,,6.22,10,10,,82,52,,40,,83.3,69,30,30,7450.75630719962,,,,,,25.9519923685177,,,,,,,,8.916205029522734,4.561323154321428
BIH,Bosnia and Herzegovina,2001,5.24,36.6,4.37,3.79,6.07,,6.33,10,10,,67,0,,40,,75.2,67.6,30,30,7595.40113504032,20.2,4.7,30,8.8,12.27,25.3523991122073,,,,,,,,8.935429879258267,1.9224849735532956
BIH,Bosnia and Herzegovina,2002,5.07,37.4,3.74,3.82,5.93,,6.33,10,10,,66.8,0,,40,,77.2,72.6,30,30,7960.94311887733,,,,,,24.8594721106189,,,,,,,,8.982428359460055,4.699848020178798
BIH,Bosnia and Herzegovina,2003,5.04,40.6,3.2,3.87,6.41,,6.17,10,10,,66.1,3.2,,40,,77.9,78.2,30,50,8287.56139959493,,,,,,24.3913313581564,,,,,,,,9.022631698642867,4.02033391828116
BIH,Bosnia and Herzegovina,2004,5.34,44.7,3.37,3.86,7.38,,6.17,10,10,,70.1,18.3,,40,,82.4,71.8,30,70,8891.64622025157,9.7,2.2,34,7.4,7.33,24.0554200208202,,,,,,,,9.092979946785716,7.034824814284946
BIH,Bosnia and Herzegovina,2005,6.25,48.8,5.93,3.88,8.2,6.75,6.49,10,33,,70.1,23.8,,40,54.8,84.5,71.8,30,70,9338.51021407231,,,,,,23.8791765784336,,,,,,,,9.142009090241064,4.902914345534803
BIH,Bosnia and Herzegovina,2006,6.25,55.6,5.85,3.9,7.55,7.45,6.46,10,31,,75.1,47.8,,55.7,54.9,86.1,75.2,50,70,9924.58202192151,,,,,,23.4502617844482,,,,,,,,9.20287074584322,6.086165560215662
BIH,Bosnia and Herzegovina,2007,6.47,54.4,6.28,4.19,7.77,7.51,6.59,10,29,,74.9,47.8,,55.4,53.8,82.5,80.2,50,60,10636.5636686798,6.8,1.6,33.1,7.5,9.65,23.2473668340156,,,,,,,,9.272146758168518,6.927601232529668
BIH,Bosnia and Herzegovina,2008,6.35,53.9,6.2,4.24,7.16,7.61,6.53,10,29,,73.7,48.3,,57.2,54.2,76.6,79.8,50,60,11402.5612562151,,,,,,23.5887710390077,,,,,,,,9.341680976494771,6.953421832625395
BIH,Bosnia and Herzegovina,2009,6.41,53.1,5.58,4.46,7.95,7.69,6.37,10,33,,71.8,37.6,,59.9,52.1,79,77.2,50,60,11253.1086370257,,,,,,24.0241823435314,,,,,,,,9.328488553138893,-1.3192423355878447
BIH,Bosnia and Herzegovina,2010,6.34,56.2,5.02,4.57,7.83,7.51,6.75,10,32,,83.2,28.8,,61.3,61.2,74.7,80.8,70,60,11553.9853015029,,,,,,22.7391560897902,,,,,,,,9.35487225066119,2.6383697522296856
BIH,Bosnia and Herzegovina,2011,6.64,57.5,6.17,4.76,7.84,7.48,6.9,20,30,,83.9,24.1,,60.4,60.2,80.6,86,70,60,11882.0519630912,8.1,2,33,7.5,8.57,21.9984883178852,,,,,,,,9.382868459173775,2.7996208512584886
BIH,Bosnia and Herzegovina,2012,6.62,57.3,6.07,4.89,8.16,7.2,6.74,20,32,,84.3,24.4,,55.2,60.4,80.7,86,70,60,12014.5748838034,,,,,,23.4356975865313,,,,,,,,9.393958994200577,1.1090535026802684
BIH,Bosnia and Herzegovina,2013,6.63,57.3,6.06,4.56,8.54,7.29,6.66,20,32,,83.2,26.9,,54.3,61.2,79,86.4,70,60,12498.6918885636,,,,,,21.5435954936195,,,,,,,,9.43345927407169,3.9500279871113264
BIH,Bosnia and Herzegovina,2014,6.72,58.4,5.96,4.73,8.38,7.69,6.81,20,33.9,,82.9,27.4,,55.5,62.4,80.1,86.9,75,60,12806.156303047,,,,,,19.5240260450518,,,,,,,,9.457759379852808,2.430010578111741
BIH,Bosnia and Herzegovina,2015,6.8,59,6.42,4.56,8.37,7.63,7.02,20,42,,82.9,27.3,,53.5,63.4,84,87.2,70,60,13530.4770000466,,,,,6.97,21.2715458578249,,,,,,,,9.512773880029153,5.501450017634468
BIH,Bosnia and Herzegovina,2016,6.79,58.6,6.48,4.46,8.3,7.6,7.08,20,39,,83.9,33.1,,54.6,59.4,84.3,87,65,60,14152.333698495,,,,,,21.1268396554957,,,,,,,,9.557705472389538,4.49315923603848
BIH,Bosnia and Herzegovina,2017,6.82,60.2,6.48,4.6,8.22,7.75,7.02,41.2,32.7,40,83.5,33.7,89.3,47.4,59.3,84,86.6,65,60,14800.324914292,,,,,,20.4469856354411,,,,,,,,9.602471976981366,4.476650459182885
BIH,Bosnia and Herzegovina,2018,6.87,61.4,6.84,4.56,8.19,7.77,7,39.5,28.4,43.7,83.5,41.5,94.4,49.3,59.6,83.5,87.8,65,60,15556.1437763134,,,,,,17.4979127339041,,,,,,,,9.652275218949242,4.980324196787578
BIH,Bosnia and Herzegovina,2019,6.87,61.9,6.86,4.43,8.29,7.76,6.99,40.2,30.2,37.9,84.3,46.1,96.6,49.7,67,83.1,82.6,65,60,16203.4497674296,,,,,,20.1335197548125,,,,,,,,9.693041160505482,4.076594155623958
BIH,Bosnia and Herzegovina,2020,6.67,62.6,6.64,4.43,8.19,7.33,6.74,44.4,41.8,33.9,83.6,49.3,97.3,45.7,67.4,82.7,80,65,60,15934.8764408695,,,,,,19.8216011990422,,,,,,,,9.676328226334826,-1.6712934170655558
BIH,Bosnia and Herzegovina,2021,6.4,62.9,6.73,4.52,6.77,7.06,6.89,44.1,42.4,33.7,93.8,49.5,97.1,48.2,67.8,84.1,69.2,65,60,17399.8373242588,,,,,6.04,19.5183823626158,,,,,,,,9.76427360612863,8.794537979380301
BIH,Bosnia and Herzegovina,2022,6.22,63.4,6.8,4.57,5.37,7.68,6.7,49.2,33.4,37.2,94,46.2,95.9,66.6,60.2,84.9,68.8,65,60,18362.241671965,,,,,6.18,19.1427374707394,,,,,,,,9.818106210243174,5.3832604114544935
BLR,Belarus,1995,,40.4,6.19,5.29,,,4.93,50,10,,42,31.5,,70,,0,60,50,50,8061.19604112609,46.5,14.3,28.7,8.5,,15.2309187156821,,,,,,,,8.994941260067906,
BLR,Belarus,1996,,38.7,,,,,,50,10,,38,0,,70,,0,60,50,70,8314.85656685025,,,,,,15.3480618526483,,,,,,,,9.025919400975653,3.0978140907746976
BLR,Belarus,1997,,39.8,,,,,,50,10,,38,32.9,,70,,0,77.2,30,50,9301.32717519867,,,,,,15.2819928361265,,,,,,,,9.138019881730399,11.21004807547461
BLR,Belarus,1998,,38,,,,,,30,10,,43.4,44.5,,55,,0,79,30,50,10128.1560469563,93.4,52.2,32,7.9,,15.0641164440053,,,,,,,,9.223173281526888,8.515339979648928
BLR,Belarus,1999,,35.4,,,,,,30,10,,44.9,45.3,,55,,15.9,57.6,30,30,10519.7489145442,92.2,49.2,31.7,7.6,,14.7388906361652,,,,,,,,9.261104673353298,3.793139182640992
BLR,Belarus,2000,4.1,41.3,6.19,4.44,0.01,,4.64,30,39,,58.3,39.3,,55,,32.5,57.6,30,30,11182.4548339393,89.4,44.7,31.2,7.9,,14.3399662468984,,,,,,,,9.322190718108406,6.108604475510759
BLR,Belarus,2001,4.1,38,6.19,4.42,0.01,,4.66,30,34,,66,41.9,,40,,0,70.2,30,30,11771.0872003861,80.5,34.7,30.6,8.2,,13.9129666484702,,,,,,,,9.373486516766134,5.129579865772804
BLR,Belarus,2002,4.13,39,6.23,4.44,0.01,,4.71,30,41,,68.2,36.5,,40,,0,75.4,30,30,12443.9322575939,76.1,30.3,30.3,8.3,24.92,13.4181887469403,,,,,,,,9.42906877144368,5.558225467754596
BLR,Belarus,2003,4.09,39.7,6.15,4.45,0.01,,4.66,30,41,,65.3,41.1,,40,,14.1,66,30,30,13413.9265504854,73.3,28,28.8,8.6,23.06,12.8875349350624,,,,,,,,9.504123287666607,7.505451622292725
BLR,Belarus,2004,4.61,43.1,6.23,4.45,2.14,,4.71,30,48,,75.4,36.8,,40,,31.6,65.8,30,30,15052.1182160947,64.5,21.2,26.5,9.4,18.76,12.262457855066,,,,,,,,9.619340439154234,11.521715148762723
BLR,Belarus,2005,4.87,46.7,6.23,4.12,3.61,,4.71,30,42,,76.2,35.4,,40,72,42.7,69,30,30,16579.8731683834,47.2,14,27.6,8.9,19.05,11.602798023298,,,,,,,,9.716005091258161,9.666465210392694
BLR,Belarus,2006,5.15,47.5,6.08,3.94,5.17,,4.71,30,33,,78.9,33.2,,54.4,68.2,49.8,67.2,30,30,18349.8719060634,36.7,10.1,28.3,8.8,17.49,10.916022406036,,,,,,,,9.817432367670706,10.142727641254545
BLR,Belarus,2007,5.36,47,6.1,3.96,5.81,,4.9,20,26,,81.8,60,,55.7,68.2,61.5,67.2,20,10,20019.6111676728,28.2,7.3,29.6,8.6,15.02,10.2410612154294,,,,,,,,9.90451758025903,8.708521258832391
BLR,Belarus,2008,5.37,45.3,6.23,3.96,5.7,,4.9,20,21,,81,55.5,,58.8,68.6,66.2,52.2,20,10,22137.9472928315,24,5.7,27.8,9,14.21,9.57004451248077,,,,,,,,10.005093657382943,10.057607712391281
BLR,Belarus,2009,5.48,45,6.23,3.97,6.2,,4.88,20,21,,79.4,30.9,,63.7,70.8,66.8,67.2,20,10,22236.8387691136,22.3,5.4,27.7,9.1,14.4,9.0254434130304,,,,,,,,10.009550565994696,0.4456908611752297
BLR,Belarus,2010,5.78,48.7,6.23,3.97,7.2,,5.11,20,20,,85.2,32,,72.1,84.8,62.6,80.3,20,10,24012.6133040213,18,4,28.6,8.8,12.56,8.50813685974614,,,,,,,,10.086376169521944,7.682560352724899
BLR,Belarus,2011,4.48,47.9,6.23,4.52,0.94,,5.26,20,24,,83.6,26.2,,70.6,82.3,62.2,80.3,20,10,25404.7566082412,14.6,3.2,27.2,9.2,11.86,8.07892620341935,,,,,,,,10.14273106544782,5.635489592587639
BLR,Belarus,2012,4.45,49,6.23,4.49,0.84,,5.26,20,25,,86.6,34.9,,71.3,77,65.3,80.4,20,10,25879.1319400701,9.2,1.7,26.5,9.5,10.45,7.74025905851783,,,,,,,,10.161230846749836,1.849978130201535
BLR,Belarus,2013,4.7,48,6.23,4.49,1.88,,5.24,20,24,,88.8,43.5,,75.2,76.9,40.7,80.8,20,10,26147.6253584645,5.8,1.1,26.6,9.5,10.19,7.52722786338655,,,,,,,,10.171551900557407,1.032105380757109
BLR,Belarus,2014,4.82,50.1,6.23,4.5,1.83,,5.77,20,24.6,,89.2,61.2,,73.4,77.7,33.9,81.4,30,10,26564.4347246547,5.4,0.9,27.2,9.3,10.12,7.36243402690636,,,,,,,,10.187366203315598,1.5814302758190735
BLR,Belarus,2015,4.93,49.8,6.23,4.5,2.32,,5.77,20,29,,86.4,54.7,,72,80.1,44.5,81,20,10,25513.2132958317,6.8,1.3,25.6,9.7,9.85,7.32461595766971,,,,,,,,10.146990960015932,-4.03752432996658
BLR,Belarus,2016,5.37,48.8,6.34,4.52,3.97,6.24,5.78,20,31,,88.6,44.8,,69,74.9,50.4,79,20,10,24846.8301529359,7.4,1.4,25.3,9.9,9.33,7.33475298887525,,,,,,,,10.120525709923054,-2.6465250092877923
BLR,Belarus,2017,6.03,58.6,6.42,4.51,6.67,6.35,6.16,50.9,37.6,56.3,89.8,48.7,92.8,71.3,74.6,60.4,80.6,30,10,25503.9809845207,6.2,1.1,25.4,9.9,9.41,7.56520732476061,,,,,,,,10.146629044797866,2.6103334874811424
BLR,Belarus,2018,6.08,58.1,6.46,4.49,7.01,6.29,6.13,53.5,42,57.3,89.8,47.9,75.4,74.1,73.1,62.3,81.4,30,10,26363.4629778536,4.3,0.7,25.2,10.1,8.34,7.36042971624877,,,,,,,,10.179772283005127,3.314323820726095
BLR,Belarus,2019,6.37,57.9,6.34,4.49,8.42,6.39,6.22,55.2,37.7,51.7,89.4,41.3,85.4,75,75.3,67,76.4,30,10,26798.8206398076,3.9,0.7,25.3,10,7.83,7.22194189675353,,,,,,,,10.196150473932061,1.6378190926934266
BLR,Belarus,2020,6.39,61.7,6.22,4.38,8.87,6.64,5.86,63.2,37.4,48.4,88.8,54.1,95.4,76.4,74.8,69.8,82,30,20,26731.4953869922,2.6,0.4,24.4,10.3,7.81,6.90679247349712,,,,,,,,10.193635160069016,-0.251531386304471
BLR,Belarus,2021,6.16,61,6.23,4.27,8.39,6.3,5.62,58.6,39.8,40.4,92.9,55.5,96.5,75.9,75.7,70.2,76,30,20,27611.1801135157,,,,,,6.85199093646948,,,,,,,,10.226012262818015,3.2377102748998965
BLR,Belarus,2022,5.98,53,6.28,4.2,7.81,6.46,5.17,34.5,43.7,15.5,93.3,56.7,95.3,54.5,46.8,70.2,75.6,30,20,26537.5083081674,,,,,,6.79840537714345,,,,,,,,10.18635210088715,-3.9660161930864746
BLZ,Belize,1995,6.75,62.9,8.4,3.92,7.11,6.81,,70,50,,63.2,64.7,,70,,86.5,42,70,50,9967.84688088643,48,25.2,57.5,2.4,,31.0729819514367,,,,,,,,9.207220197378858,
BLZ,Belize,1996,,61.6,,,,,,70,50,,63.3,68.7,,70,,85.4,27,70,50,9782.64416029651,70.5,35.3,56.6,3.4,,32.2764722327287,,,,,,,,9.188467307152933,-1.875289022592419
BLZ,Belize,1997,,64.3,,,,,,70,50,,63.3,88.2,,70,,84.6,33,70,50,9862.26634546876,70,36.9,60.4,2.7,,32.0151033386327,,,,,,,,9.196572665098023,0.8105357945089153
BLZ,Belize,1998,,59.1,,,,,,50,50,,63.7,64.7,,70,,80.6,33,70,50,9894.59919785026,68.6,36.1,54.9,3.3,,31.697002301324,,,,,,,,9.199845411822274,0.3272746724251263
BLZ,Belize,1999,,60.7,,,,,,50,50,,63.6,74.9,,70,,85,33,70,50,10460.6346102795,66.7,34.4,53.2,3.2,,31.3317272208219,,,,,,,,9.2554699979029,5.56245860806257
BLZ,Belize,2000,6.06,63.3,6.1,4.24,6.77,6.09,7.22,50,50,,58.9,74.8,,70,,92,53.8,70,50,11363.6868781615,,,,,,30.7733361102795,,,,,,,,9.338266184491479,8.279618658857935
BLZ,Belize,2001,5.98,65.9,5.94,4.26,6.76,6.09,6.98,70,50,,83.6,74.8,,70,,88.9,56,50,50,11567.0265720608,,,,,,30.3947722655963,,,,,,,,9.356000241427443,1.7734056935964304
BLZ,Belize,2002,6.31,65.6,5.94,4.36,8.1,6.08,7.1,50,50,,84.5,74.8,,70,,94,66.8,50,50,11828.1865744067,,,,,,30.0394364858765,,,,,,,,9.378325195048513,2.2324953621069454
BLZ,Belize,2003,6.36,63.5,5.95,4.45,8.13,6,7.22,50,50,,84.3,60.9,,70,,89.2,66.8,50,50,12589.2679378206,,,,,,29.8285989077044,,,,,,,,9.44067940860865,6.2354213560137595
BLZ,Belize,2004,6.59,62.8,7.24,4.45,8.15,6.2,7.03,50,50,,84.1,64.7,,70,,86.5,60,50,50,12807.1658774384,,,,,,29.4763317852375,,,,,,,,9.457838205673136,1.7158797064485753
BLZ,Belize,2005,6.91,64.5,9.14,4.15,8.12,6.15,7.32,50,45,,83.9,68.9,,70,83.3,85.2,58.4,50,50,12714.9697390831,,,,,,29.1291067570587,,,,,,,,9.450613942276611,-0.7224263396524933
BLZ,Belize,2006,6.87,64.7,9.04,4.16,7.9,6.21,7.32,50,38,,83.9,71.5,,77.4,83.8,84.2,58.4,50,50,12912.5300233774,,,,,,29.010867377742,,,,,,,,9.466030879723915,1.541693744730388
BLZ,Belize,2007,6.83,63.3,8.46,4.16,7.93,6.4,7.44,50,37,,69.7,74.9,,77.4,83.2,73.2,67.2,50,50,12973.2067214746,,,,,,29.0113219123583,,,,,,,,9.470718567164994,0.4687687441078836
BLZ,Belize,2008,6.84,63,8.79,4.14,7.65,6.46,7.43,50,35,,69.3,74.8,,76.5,82.5,77.3,64.6,50,50,12415.6811300464,,,,,,28.9550619644762,,,,,,,,9.426796099974869,-4.392246719012505
BLZ,Belize,2009,6.62,63,8.53,4.11,6.89,6.37,7.45,50,30,,68.8,77.6,,75.5,80.6,78.4,69.6,50,50,12033.9096816588,,,,,,29.14804964539,,,,,,,,9.395566845549112,-3.1229254425756636
BLZ,Belize,2010,6.28,61.5,6.56,4.11,6.92,6.41,7.4,40,29,,68.3,74.9,,74.1,81.7,75.6,71.5,50,50,11913.6635959061,,,,,,29.2514392114658,,,,,,,,9.385525155471328,-1.0041690077784438
BLZ,Belize,2011,6.21,63.8,6.58,4.06,6.87,6.44,7.11,40,29,,82.3,76.1,,73.7,86.5,78.8,71.5,50,50,11641.7717375703,,,,,,29.2729665268525,,,,,,,,9.362440814723326,-2.3084340748001253
BLZ,Belize,2012,6.23,61.9,6.55,4.05,7.09,6.49,6.97,30,20,,82.8,74.6,,73.6,82.2,77.6,78.1,50,50,11843.4153404212,,,,,,29.4736591897695,,,,,,,,9.37961175618694,1.7170941463612976
BLZ,Belize,2013,6.32,57.3,6.91,4.03,7.26,6.51,6.91,30,0,,82.2,72.6,,72.6,71.4,77.3,77.2,40,50,12064.797259406,,,,,,29.5220995530427,,,,,,,,9.398130056224534,1.8518300037595026
BLZ,Belize,2014,6.26,56.7,7,3.6,7.21,6.81,6.69,30,6.7,,82.1,74.2,,71.6,67.2,77.6,67.8,40,50,12272.2957895446,,,,,,23.8619955369515,,,,,,,,9.415181107141814,1.7051050917279653
BLZ,Belize,2015,6.27,56.8,7.24,3.99,7.1,6.29,6.73,30,6.7,,82.4,78.3,,59.1,61.8,79.3,70.4,50,50,12348.7944978311,,,,,,26.1975170874599,,,,,,,,9.421394702065946,0.6213594924131982
BLZ,Belize,2016,6.26,57.4,7.12,3.98,7.12,6.37,6.73,35,6.7,,82.1,71.9,,63.3,60.3,79.2,70,55,50,12063.0600374093,,,,,,27.677132314742,,,,,,,,9.39798606681106,-2.340863525488679
BLZ,Belize,2017,6.2,58.6,6.51,3.97,7.19,6.55,6.8,43.5,35,48.7,81.3,68.6,60.5,62.7,53.6,79.6,70.1,50,50,11572.3007931461,,,,,,29.9251838211623,,,,,,,,9.356456068450102,-4.1529998360957165
BLZ,Belize,2018,6.3,57.1,6.95,3.98,7.22,6.57,6.77,42.1,34.7,53.5,80,65.5,50,62.9,48.7,78.3,64.9,55,50,11451.8979413877,19.7,6,39.9,5.8,15.12,26.0585898586907,,,,,,,,9.345998072276872,-1.0457996173229844
BLZ,Belize,2019,6.32,55.4,6.98,3.99,7.28,6.57,6.77,41.7,27.2,46.9,79.9,65.9,39.1,61.8,54.8,78.7,64,55,50,11765.9748661176,,,,,,29.9801961851599,,,,,,,,9.373052146498157,2.7054074221284807
BLZ,Belize,2020,6.02,57.4,6.09,3.95,7.05,5.94,7.09,44.4,33.5,46.4,79.5,66.3,53.9,60.9,54.3,80.4,64.2,55,50,10045.1404163746,,,,,,30.7179468269479,,,,,,,,9.214943801553996,-15.81083449441607
BLZ,Belize,2021,5.95,57.5,6.16,3.95,6.64,5.94,7.09,41.8,36.3,45.7,78.7,64.7,68.5,60,54.2,80.2,55,55,50,11716.3267818656,,,,,,30.2632350736784,,,,,,,,9.368823946829954,15.38801452759575
BLZ,Belize,2022,6,56.6,6.23,3.95,6.17,6.57,7.08,34.7,38.1,70.2,77,64.1,37.6,54,59.9,82.5,55.6,55,50,12565.3645829576,,,,,,30.0678852520256,,,,,,,,9.438779045987626,6.995509915767251
BOL,Bolivia,1995,6.33,56.8,6.76,3.92,8.25,7.51,5.12,50,10,,91,60.7,,55,,79.5,65.4,70,30,6914.34189540931,,,,,,73.0801208363526,,,,,,,,8.841497685452076,
BOL,Bolivia,1996,,65.2,,,,,,50,30,,89.2,75.3,,55,,81.6,65.4,70,70,7083.61313107091,,,,,,72.7443089077086,,,,,,,,8.865680546691928,2.418286123985247
BOL,Bolivia,1997,,65.1,,,,,,50,30,,89.1,76.1,,55,,80.5,65.4,70,70,7301.50935715196,49.8,25.5,58.1,2,,72.4625340648728,,,,,,,,8.895973315623891,3.0292768931962755
BOL,Bolivia,1998,,68.8,,,,,,70,34,,89.1,77.5,,55,,78.6,74.8,70,70,7534.51656215666,,,,,,72.287787664475,,,,,,,,8.927382663741552,3.140934811766094
BOL,Bolivia,1999,,65.6,,,,,,50,21,,88.9,77.8,,55,,83.2,74.8,70,70,7435.72544462966,52.5,30.8,58,1.3,13.2,72.0436771177632,,,,,,,,8.914185902532209,-1.3196761209343322
BOL,Bolivia,2000,6.7,65,7.83,3.88,9.01,7.52,5.28,50,28,,89,65.3,,55,,82.8,75.2,70,70,7492.43381815499,58.8,34.3,61.6,1.1,11.46,71.9102148708161,,,,,,,,8.921782425145734,0.7596522613525281
BOL,Bolivia,2001,6.55,68,7.28,3.79,9.36,7.39,4.89,50,25,,88.2,74.8,,55,,87.7,71.6,90,70,7491.15257767136,54.2,29.3,57.4,1.9,11.71,71.717652811025,,,,,,,,8.921611428769229,-0.01709963765055278
BOL,Bolivia,2002,6.64,65.1,7.32,3.77,9.62,7.54,4.95,30,27,,88.7,69.3,,55,,81.9,74.2,90,70,7550.01554439063,56.4,30.8,59.3,1.7,11.83,71.3428845346001,,,,,,,,8.929437342388333,0.7825913619104341
BOL,Bolivia,2003,6.55,64.3,6.89,3.81,9.28,7.56,5.18,30,20,,88.6,73,,55,,85.2,66.8,90,70,7625.90515937027,,,,,,68.6845799150333,,,,,,,,8.939437427233152,1.0000084844818957
BOL,Bolivia,2004,6.44,64.5,6.37,3.76,9.29,7.34,5.44,30,22,,88.9,69.9,,55,,87.5,67,90,70,7811.59684101948,49.3,22.4,55,3.1,,68.398786494882,,,,,,,,8.963492689618326,2.405526238517375
BOL,Bolivia,2005,6.37,58.4,6.34,3.86,9.09,7.23,5.33,30,23,,88.9,66.7,,55,47.7,84.9,67.4,50,70,8020.63568776794,49.5,25.6,58.5,2,,68.1334015628131,,,,,,,,8.989897631158623,2.64049415402976
BOL,Bolivia,2006,6.35,57.8,6.13,3.81,9.14,7.3,5.36,30,22,,90.4,68.1,,60.9,49.2,82.6,74.4,30,70,8263.31896895542,44.6,22.5,56.7,2.3,,69.0915700718119,,,,,,,,9.019702607459674,2.9804976301051056
BOL,Bolivia,2007,6.15,54.2,6.22,3.7,8.45,7.13,5.22,30,25,,88.9,69.3,,59.9,28.6,70.9,79.2,30,60,8493.94848397403,42.7,20.5,54.5,2.9,,65.4201974637439,,,,,,,,9.047226969811486,2.7524362351812215
BOL,Bolivia,2008,6.01,53.1,6.25,3.67,7.82,7.09,5.18,25,27,,87.8,68.1,,59,28.8,76.5,79,20,60,8865.27246783163,36.6,16.5,50.8,3.2,,65.4125948848405,,,,,,,,9.090009746598142,4.278277678665532
BOL,Bolivia,2009,6.14,53.6,6.21,3.69,8.43,6.97,5.37,20,29,,84.8,71.9,,58.5,41.9,67.9,81.8,20,60,9011.55629962953,31.9,14.6,49.2,3.2,,63.8124807589565,,,,,,,,9.10637402841192,1.6364281813778803
BOL,Bolivia,2010,6.14,49.4,6.22,3.81,8.54,6.94,5.18,10,30,,84.3,67.5,,57.3,39.4,63.2,76.9,15,50,9230.39808115934,,,,,,64.6038081087248,,,,,,,,9.130365787441141,2.399175902922046
BOL,Bolivia,2011,5.98,50,6.2,3.9,7.78,6.92,5.1,10,27,,83.9,63.7,,57.2,41.5,68.8,77.6,20,50,9554.44502529396,25.3,11.2,46.1,3.8,,65.3774636104482,,,,,,,,9.164866430712125,3.4500643270984455
BOL,Bolivia,2012,6.08,50.2,6.17,3.94,8.36,6.91,5.05,10,28,,87,62.2,,56.5,40.8,72.8,74.3,20,50,9884.46163420335,25.9,11.8,46.6,3.4,,63.1116316927195,,,,,,,,9.1988204349900915,3.395400427796602
BOL,Bolivia,2013,6.09,47.9,6.15,4.02,8.36,6.84,5.06,10,28,,88.8,64.1,,55.8,30.8,67.4,74.3,10,50,10391.38337536,23.6,10.3,47.6,3.6,15.56,65.3711622818641,,,,,,,,9.248828449063344,5.000801407325284
BOL,Bolivia,2014,5.98,48.4,6.14,3.94,8.29,6.56,4.99,10,28.1,,87.1,62.5,,53.4,29.9,70,77.6,15,50,10790.8472899414,22.6,9.6,47.8,3.8,16.68,65.435299536553,,,,,,,,9.28654624748553,3.771779842218592
BOL,Bolivia,2015,5.92,46.8,6.07,4.07,8.26,6.63,4.57,10,34,,86.8,60.9,,53.7,25.5,69.7,77.6,10,40,11144.6415727207,23,9.7,46.7,3.9,13.9,67.3596828992072,,,,,,,,9.31880381013177,3.2257562646240245
BOL,Bolivia,2016,6.08,47.4,6.06,4.1,8.81,6.77,4.63,10,35,,86.4,55.5,,58.8,31.7,65,76.6,15,40,11448.0218032246,23.7,10.7,45.2,3.7,,67.1344421590832,,,,,,,,9.345659573300075,2.6855763168304847
BOL,Bolivia,2017,6.1,47.7,6.07,4.04,8.93,6.83,4.63,25.7,32.6,15.4,86.1,49.1,81.4,58.9,35.8,66.4,76,5,40,11755.2556195885,23.1,10,44.6,3.9,,65.6688233715507,,,,,,,,9.372140771057818,2.6481197757743047
BOL,Bolivia,2018,6.15,44.1,6.03,4.05,9.17,6.76,4.75,19,23.1,11.4,85.7,46.5,46.8,59.2,49.2,67.5,75.5,5,40,11920.3135079645,21.3,8.6,42.6,4.5,16.19,65.7380978893668,,,,,,,,9.386083128169652,1.3942357111833559
BOL,Bolivia,2019,6.15,42.3,6.02,3.9,9.38,6.76,4.71,20.5,19.7,12.3,82.4,49.3,17.6,58.8,52.9,68.8,70.4,15,40,11930.9159145918,17.8,6.5,41.6,5.1,14.01,64.1768785065462,,,,,,,,9.386972098559172,0.08889703895196277
BOL,Bolivia,2020,6.03,42.8,5.95,3.87,9.5,6.14,4.68,20.1,23.1,11.2,86.3,54.2,14.2,58.3,52.9,69.9,67.8,15,40,10285.6590750222,19.5,7.4,43.6,4.7,,66.6040077034208,,,,,,,,9.238603099240558,-14.836899931861325
BOL,Bolivia,2021,6.05,42.7,5.94,3.95,9.48,6.09,4.8,18.7,25.9,11,85.3,58.4,13.4,58.4,53.4,71,61.6,15,40,11202.4409836707,17.1,6.1,40.9,5.3,11.03,66.0892897307924,,,,,,,,9.323976240782388,8.537314154182951
BOL,Bolivia,2022,6.11,43,5.95,3.92,9.41,6.45,4.8,14.1,28.7,28.4,86,58.8,10.9,54.7,46.2,72.8,60.8,15,40,11487.7148799194,18.5,6.6,41.2,5.1,,64.3683028020439,,,,,,,,9.34912051775714,2.5144276974751634
BRA,Brazil,1995,4.37,51.4,6.1,4.87,0.01,6.21,4.74,50,50,,76.7,74.4,,55,,0,56.4,50,50,13550.4393737243,54.8,27.8,59.5,2.5,,30.4797732205289,,,,,,,,9.514248047509298,
BRA,Brazil,1996,,48.1,,,,,,50,30,,66.7,74.4,,55,,0,57,50,50,13641.6295997537,54.9,28.3,59.8,2.3,16.54,29.4280666436194,,,,,,,,9.520954698722335,0.6706651213036707
BRA,Brazil,1997,,52.6,,,,,,50,27,,88.3,80.8,,70,,0,57,50,50,13896.6249901345,55.1,28.5,59.8,2.3,,29.8052780965293,,,,,,,,9.539473240500763,1.8518541778428599
BRA,Brazil,1998,,52.3,,,,,,50,30,,88.6,74.4,,70,,0,57.8,50,50,13737.7026434846,54.3,27.2,59.6,2.4,,29.9026533951689,,,,,,,,9.527972139446742,-1.1501101054021134
BRA,Brazil,1999,,61.3,,,,,,50,36,,88.7,79.2,,70,,71,57.4,50,50,13602.4137069426,55.8,28.3,59,2.5,,30.4651119441301,,,,,,,,9.518076048090366,-0.9896091356376147
BRA,Brazil,2000,5.72,61.1,6.1,4.69,5.74,6.65,5.45,50,40,,87.2,71.2,,70,,80.5,51,50,50,14005.347187072,,,,,,30.2047258950805,,,,,,,,9.547265876361184,2.918982827081784
BRA,Brazil,2001,5.66,61.9,5.82,4.62,5.91,6.89,5.05,50,41,,87,71.2,,70,,81.3,57,50,50,14016.1313773564,50.3,25.1,58.4,2.5,,29.9897609694399,,,,,,,,9.548035530334865,0.07696539736805619
BRA,Brazil,2002,6.22,61.5,6.42,5.37,6.98,7.36,4.98,50,39,,86.3,71.2,,70,,79.3,58,50,50,14265.9048768518,49.8,24.2,58.1,2.6,,30.0866840763169,,,,,,,,9.565697789737978,1.7662259403113723
BRA,Brazil,2003,6.13,63.4,7,5.35,6.23,7.17,4.85,50,40,,90.2,82.7,,70,,78.6,59,50,50,14259.3664088286,50.9,25.1,57.6,2.6,,30.1785257482827,,,,,,,,9.565239388506946,-0.04584012310324681
BRA,Brazil,2004,6.3,62,6.89,5.28,7.17,7.24,4.9,50,40,,90.2,68.1,,70,,77.2,62.8,50,50,14911.260960772,49.5,23.8,56.5,2.9,,29.6901297706027,,,,,,,,9.609939036824018,4.469964831707252
BRA,Brazil,2005,6.45,61.7,6.85,5.51,7.35,7.42,5.07,50,39,,86.2,69.9,,70,64.6,72.7,65.2,50,50,15221.0138281917,47.5,22.2,56.3,2.9,,29.6544876944097,,,,,,,,9.630497937261538,2.055890043751951
BRA,Brazil,2006,6.41,60.9,6.46,5.48,7.36,7.82,4.91,50,39,,83.8,71.7,,53.5,66.1,76.3,69,50,50,15657.4795714009,43.7,19.7,55.6,3,,28.6572677191098,,,,,,,,9.658767874882402,2.8269937620864383
BRA,Brazil,2007,6.41,56.2,6.64,5.53,7.23,7.63,5.02,50,37,,68.6,55.5,,54.2,64.1,72.6,69.8,50,40,16440.5837398046,41.2,18.6,54.9,3,,28.2495822888988,,,,,,,,9.70756899850829,4.88011236258874
BRA,Brazil,2008,6.43,56.2,6.7,5.6,7.26,7.59,4.96,50,33,,68.6,55.5,,54,63.9,75.7,70.8,50,40,17113.3679822772,38.2,16.5,54,3.2,24.12,26.4611469990898,,,,,,,,9.74767362257442,4.01046240661298
BRA,Brazil,2009,6.44,56.7,6.65,5.65,7.35,7.52,5.04,50,35,,65.8,50.3,,54.4,62.7,77.2,71.6,50,50,16939.4407809047,36.3,15.6,53.7,3.2,,26.162873506076,,,,,,,,9.737458987991772,-1.0214634582647264
BRA,Brazil,2010,6.54,55.6,6.86,5.7,7.37,7.26,5.5,50,35,,68.4,50.3,,54.5,57.5,75.8,69.2,45,50,18062.158110224,,,,,,25.8550019135957,,,,,,,,9.801629679359154,6.417069136738185
BRA,Brazil,2011,6.56,56.3,7.09,5.77,7.23,7.21,5.48,50,37,,69,49.6,,54.3,57.8,75.9,69.8,50,50,18627.8104527933,32.2,13.5,52.9,3.3,,25.5304982941098,,,,,,,,9.832464610391915,3.0834931032760693
BRA,Brazil,2012,6.57,57.9,6.94,5.74,7.48,7.19,5.52,50,37,,69.1,54.8,,53.7,59.1,75.8,69.7,50,60,18832.2195524356,30.3,12.3,53.4,3.4,,25.3469708350551,,,,,,,,9.843377586984577,1.0912976592662105
BRA,Brazil,2013,6.47,57.7,6.66,5.6,7.48,7.14,5.47,50,38,,70.3,54.8,,53,57.2,74.4,69.7,50,60,19241.5059814525,27.8,11,52.7,3.5,,25.4302488749907,,,,,,,,9.864876964254337,2.14993772697607
BRA,Brazil,2014,6.36,56.9,6.51,5.53,7.49,6.94,5.3,50,37.9,,68.8,54.1,,53.8,49.8,69.9,69.3,55,60,19183.1727445223,26.3,10.1,52,3.6,,25.3338754286233,,,,,,,,9.861840881841136,-0.3036082413201413
BRA,Brazil,2015,6.25,56.6,6.56,5.49,7.22,6.98,5.02,50,42,,68.4,50.9,,53.6,52.1,69.4,69.6,50,60,18357.0690615421,27.3,10.8,51.9,3.6,,26.2570850324328,,,,,,,,9.817824487703657,-4.401639413747915
BRA,Brazil,2016,6.54,56.5,6.71,5.45,8.49,7.11,4.91,45,43,,69.7,55.2,,61.4,52.5,64.2,69.4,55,50,17620.9272434403,29,12,53.4,3.3,,26.6500334165773,,,,,,,,9.776899271683632,-4.0925216020024635
BRA,Brazil,2017,6.69,52.9,6.78,5.38,9.02,7.32,4.95,55,33.4,49.7,70.1,53.1,22.8,61.3,52.3,67,69.4,50,50,17724.4799577815,29.2,12.2,53.3,3.2,20.05,26.9085129573391,,,,,,,,9.782758429046787,0.5859157363154566
BRA,Brazil,2018,6.68,51.4,6.76,5.24,8.95,7.32,5.15,55.8,31.4,55.5,70.6,50.7,7.7,58.6,46.8,71.4,68.5,50,50,17917.7492122925,28.6,12,53.9,3.1,,27.1841141875625,,,,,,,,9.79360288567172,1.084445662493394
BRA,Brazil,2019,6.66,51.9,6.59,5.16,8.99,7.34,5.22,57.3,28.1,51.7,70.5,55.2,5.9,57.9,51.9,75.5,69,50,50,18018.62091495,28,12,53.5,3.1,,27.6011508281783,,,,,,,,9.799216494034834,0.5613608363113087
BRA,Brazil,2020,6.41,53.7,6.16,5.22,8.98,6.72,4.98,57.3,45.6,46.7,70.4,54.6,4.6,60.5,49.5,77.2,67.8,60,50,17327.5157248143,20.8,7.1,48.9,4.5,,27.9396077371374,,,,,,,,9.760108731310245,-3.9107762724588824
BRA,Brazil,2021,6.47,53.4,6.58,5.19,8.35,6.72,5.53,55,47.5,45.5,70.1,56.5,5.3,58,50.7,77.8,64.6,60,50,18075.7060048757,30.5,12.7,52.9,3.3,,29.3798050062589,,,,,,,,9.802379427351742,4.227069604149669
BRA,Brazil,2022,6.56,53.3,6.63,5.2,8.17,7.4,5.41,50.3,40,57.2,69.9,53.8,0.4,63.2,55.9,78.4,60,60,50,18554.0461828519,25.3,9.9,52,3.6,,27.8044136163908,,,,,,,,9.828497062462331,2.6117635110589177
BRB,Barbados,1995,6.65,,6.69,5.72,7.18,6.55,7.22,,,,,,,,,,,,,18398.7507400297,,,,,,12.5075266532073,,,,,,,,9.820092396767803,
BRB,Barbados,1996,,62.3,,,,,,50,30,,60.8,71.5,,70,,89,49,70,70,19112.5029984541,,,,,,12.5767283857188,,,,,,,,9.858150327523754,3.8057930755950764
BRB,Barbados,1997,,64.5,,,,,,50,50,,60.7,73,,70,,87.5,49,70,70,20010.2158345921,,,,,,11.9300854715137,,,,,,,,9.904048187080814,4.589785955706027
BRB,Barbados,1998,,67.9,,,,,,70,50,,60.3,73,,70,,85.9,62,70,70,20752.8095915976,,,,,,12.1372907992159,,,,,,,,9.940485103583175,3.643691650236036
BRB,Barbados,1999,,66.7,,,,,,70,50,,60.3,67.9,,70,,79.6,62,70,70,20815.8353874873,,,,,,13.7518271244025,,,,,,,,9.943517331936226,0.30322283530512806
BRB,Barbados,2000,6.51,69.5,6.89,4.96,6.91,6.62,7.24,70,70,,58.6,67.3,,70,,88,62,70,70,21779.2203006868,,,,,,12.5193319499818,,,,,,,,9.988757511251537,4.524017931531077
BRB,Barbados,2001,6.39,71.5,6.48,4.97,6.69,6.62,7.23,90,70,,58.8,65.3,,85,,87.4,46.8,70,70,21234.708034436,,,,,,13.5176531873702,,,,,,,,9.963439384995185,-2.5318126256351547
BRB,Barbados,2002,6.4,73.6,6.39,4.97,6.8,6.68,7.23,90,70,,59,65.3,,85,,86.3,66.8,70,70,21262.3089250843,,,,,,13.7474723214355,,,,,,,,9.964738280664001,0.12988956688158027
BRB,Barbados,2003,6.28,71.3,6.02,4.97,6.55,6.68,7.24,90,70,,60.4,64.7,,85,,85.1,66.8,50,70,21591.7915931807,,,,,,13.7188866953122,,,,,,,,9.980114815436568,1.5376534772567396
BRB,Barbados,2004,6.37,69.4,6.43,4.97,6.54,6.66,7.27,90,70,,59.8,58.9,,85,,88.9,52,50,70,21771.9014007178,,,,,,14.089213203674,,,,,,,,9.988421420530505,0.8306605093936881
BRB,Barbados,2005,6.32,70.1,6.4,5.42,6.24,6.81,6.76,90,70,,60.6,56,,85,80,87.7,52,50,70,22514.483943994,,,,,,14.2596817683487,,,,,,,,10.0219585267971,3.3537106266594563
BRB,Barbados,2006,6.38,71.9,6.07,5.74,6.07,6.98,7.04,90,73,,67.4,58.7,,90,80,87.7,52,50,70,23766.6070131111,,,,,,14.3889324931965,,,,,,,,10.076078882720624,5.41203559235246
BRB,Barbados,2007,6.42,70,6.11,5.82,6.34,7.07,6.74,90,69,,67.4,59.8,,90,80,76.6,57,50,60,24145.753990727,,,,,,14.6143115994133,,,,,,,,10.091905239724978,1.5826357004353753
BRB,Barbados,2008,6.44,71.3,6.65,5.78,5.95,7.03,6.75,90,67,,71.3,62.2,,90,80,74,58.8,60,60,24171.6517995745,,,,,,14.8209879215551,,,,,,,,10.092977182183864,0.10719424588856441
BRB,Barbados,2009,6.49,71.5,6.61,5.75,6.59,7.02,6.44,90,69,,70.9,66.3,,90,80,74.5,64.6,50,60,22840.8841002763,,,,,,15.1295093052656,,,,,,,,10.03635115162326,-5.6626030560604335
BRB,Barbados,2010,6.49,68.3,7,5.78,6.15,7.07,6.41,80,70,,70.1,54.6,,90,80,73.1,60.5,45,60,22243.4579670705,,,,,,15.48331275005,,,,,,,,10.009848176437115,-2.6502975186144084
BRB,Barbados,2011,6.47,68.5,7.12,5.7,5.72,7.44,6.37,80,74,,70.7,48.8,,90,80,76.3,60.5,45,60,22102.4817004397,,,,,,15.7970594572106,,,,,,,,10.003490418103569,-0.635775833354657
BRB,Barbados,2012,6.51,69,6.98,5.68,6.37,7.2,6.33,80,78,,71.1,40.1,,90,80,75.8,60.5,55,60,21286.3318932135,,,,,,16.1512986670087,,,,,,,,9.965867427967995,-3.762299013557424
BRB,Barbados,2013,6.71,69.3,7.2,5.73,6.88,7.51,6.23,80,78,,74.5,54.2,,74.8,84.4,72.1,60.5,55,60,20854.5676341718,,,,,,16.4610611323891,,,,,,,,9.945376224394026,-2.0491203573968164
BRB,Barbados,2014,6.63,68.3,7.22,5.73,6.99,6.98,6.22,80,77.9,,74,49.8,,72.8,78.4,74.6,60.6,55,60,20959.9650372142,,,,,,16.3635528612106,,,,,,,,9.950417179226907,0.5040954832880473
BRB,Barbados,2015,6.63,67.9,7.19,5.67,7.1,6.95,6.25,80,75,,73.8,42.1,,71.6,69.2,78.2,63.8,65,60,20666.9651609374,,,,,,16.2579753056731,,,,,,,,9.936340203753312,-1.4076975473594544
BRB,Barbados,2016,6.67,68.3,7.3,5.65,7.18,6.96,6.25,80,74,,75.8,37.6,,70.2,67.3,80.8,62.2,75,60,20930.633669268,15.8,4.9,34.1,6.9,9.62,17.4774800995387,,,,,,,,9.94901686634851,1.2676662595197286
BRB,Barbados,2017,6.45,54.5,7.3,5.49,6.61,6.77,6.07,55.5,34.3,33,74,39,0,69.6,67.7,83.7,62.2,75,60,21035.7933581451,,,,,,18.8232988852764,,,,,,,,9.954028248304262,0.5011381955752015
BRB,Barbados,2018,6.49,57,6.94,5.61,6.68,6.91,6.27,51.4,53.8,54.4,74,39.3,0,70.5,63.2,85,62.2,70,60,20727.4216338412,,,,,,19.5763129658092,,,,,,,,9.939261063304903,-1.4767184999358918
BRB,Barbados,2019,6.77,64.7,6.97,5.62,7.9,7.06,6.29,52.9,53.8,59.9,70.1,65,79.5,69.8,59.9,78.3,56.6,70,60,20737.9776890352,,,,,,20.0438853130485,,,,,,,,9.939770188815274,0.05091255103710779
BRB,Barbados,2020,6.76,61.4,7.35,5.75,7.9,6.52,6.29,56.6,44,36.1,73.6,69.2,63.1,69.4,60,77.9,56.6,70,60,17728.0729247569,,,,,,19.7125240906962,,,,,,,,9.782961109193373,-15.680907962190105
BRB,Barbados,2021,6.73,65,7.3,5.78,8.06,6.19,6.3,52.7,50.2,49.7,79.3,73.1,79.8,69.7,60.1,77.3,58.4,70,60,17682.7314537483,,,,,,18.9383806650285,,,,,,,,9.780400368998906,-0.2560740194466504
BRB,Barbados,2022,6.81,71.3,7.32,5.8,7.88,6.74,6.28,72.6,68.7,88.2,80.6,70.8,79.7,64.7,63.4,78.6,58.4,70,60,20716.2851304966,,,,,,19.1530324450665,,,,,,,,9.938723661268261,15.832329226935471
BRN,Brunei Darussalam,1995,,,,5.19,,,,,,,,,,,,,,,,105043.853097683,,,,,,5.1242983159583,,,,,,,,11.562142710286409,
BRN,Brunei Darussalam,2000,,,,5.43,7.15,,7.14,,,,,,,,,,,,,100323.439918528,,,,,,4.86064341449145,,,,,,,,11.516164612448495,-4.597809783791362
BRN,Brunei Darussalam,2001,,,,5.42,7.15,,7.14,,,,,,,,,,,,,99680.7626777537,,,,,,4.94517435542823,,,,,,,,11.509738017229234,-0.6426595219261699
BRN,Brunei Darussalam,2002,,,,5.27,7.39,,7.14,,,,,,,,,,,,,101571.583784666,,,,,,4.90293471085504,,,,,,,,11.528528933072788,1.8790915843554856
BRN,Brunei Darussalam,2003,,,,5.27,7.74,,7.14,,,,,,,,,,,,,103226.914446986,,,,,,4.76737722426597,,,,,,,,11.544694584281476,1.6165651208687848
BRN,Brunei Darussalam,2004,,,,5.26,7.65,,7.14,,,,,,,,,,,,,101497.754798655,,,,,,4.66723970811464,,,,,,,,11.52780180939518,-1.6892774886295925
BRN,Brunei Darussalam,2005,,,,4.92,7.58,,7.14,,,,,,,,,,,,,99795.6850854526,,,,,,4.61068993467792,,,,,,,,11.510890246171279,-1.6911563223901638
BRN,Brunei Darussalam,2006,,,,5,9.29,,7.19,,,,,,,,,,,,,102248.510300567,,,,,,4.57239528643099,,,,,,,,11.535171284657071,2.428103848579255
BRN,Brunei Darussalam,2007,,,,5.01,9.16,,7.12,,,,,,,,,,,,,96752.6204091885,,,,,,4.6622816080079,,,,,,,,11.479923030441919,-5.524825421515267
BRN,Brunei Darussalam,2008,,,,5.07,8.96,,7.2,,,,,,,,,,,,,91275.5000919182,,,,,,4.71364066421542,,,,,,,,11.421648641249572,-5.827438919234673
BRN,Brunei Darussalam,2009,,,,5.08,8.04,,6.91,,,,,,,,,,,,,87875.8283546044,,,,,,5.03635287416657,,,,,,,,11.383691435207805,-3.795720604176722
BRN,Brunei Darussalam,2010,6.95,,5.3,5.47,8.48,8.16,7.32,,,,,,,,,,,,,88586.5133683924,,,,,,5.1130285958782,,,,,,,,11.39174619402458,0.8054758816776086
BRN,Brunei Darussalam,2011,6.98,,6.14,5.49,8.07,8.13,7.06,,,,,,,,,,,,,90279.6634042123,,,,,,5.05668177462939,,,,,,,,11.41067857920102,1.8932385176439581
BRN,Brunei Darussalam,2012,7.13,,6.06,5.5,8.27,8.12,7.67,,,,,,,,,,,,,89718.4636049982,,,,,,5.11589754445385,,,,,,,,11.404443010071892,-0.6235569129128038
BRN,Brunei Darussalam,2013,7.05,,6.28,5.26,8.39,8.11,7.19,,,,,,,,,,,,,86606.6518910199,,,,,,5.23475023076081,,,,,,,,11.369143449665804,-3.529956040608795
BRN,Brunei Darussalam,2014,6.99,69,5.79,5.25,9.01,7.63,7.25,40,53.3,,90.2,66.1,,68.2,96.5,74.2,81.8,70,50,83310.6151819533,,,,,,5.27238784861685,,,,,,,,11.330343256392988,-3.8800193272816585
BRN,Brunei Darussalam,2015,7.03,68.9,6.33,5.24,8.44,7.53,7.62,35,60,,87,63.6,,68.3,96.9,76.6,81.8,70,50,81910.1882959493,,,,,,5.59023357820959,,,,,,,,11.31339086974112,-1.6952386651867712
BRN,Brunei Darussalam,2016,7.15,67.3,6.28,5.29,8.76,7.57,7.83,30,60,,87,57.3,,71.3,90.2,76.8,85.2,65,50,78880.6228501768,,,,,,5.86234076635562,,,,,,,,11.27570356272331,-3.768730701781031
BRN,Brunei Darussalam,2017,7.27,69.8,6.67,5.28,8.77,7.71,7.93,62.5,40.9,39.9,85.6,61.2,100,76.6,90.4,76.1,89.1,65,50,78966.8643142346,,,,,,6.09216389412937,,,,,,,,11.276796267858918,0.10927051356084405
BRN,Brunei Darussalam,2018,7.19,64.2,6.67,5.27,8.5,7.69,7.85,56.6,45.4,57.1,85.6,57.7,20,79.9,88.9,75.1,89.1,65,50,78099.0507802561,,,,,,4.80454565288006,,,,,,,,11.265745986022907,-1.1050281836011422
BRN,Brunei Darussalam,2019,7.25,65.1,6.67,5.09,8.85,7.67,7.97,64,43.7,56,90.7,59.9,20,80.2,90.8,76.5,84,65,50,80228.1598170527,,,,,,6.26820275175392,,,,,,,,11.292642316513541,2.689633049063467
BRN,Brunei Darussalam,2020,7.2,66.6,6.67,5.1,8.87,7.39,7.96,69.8,49.6,56.8,89.8,61.5,20,84.1,90.5,77.1,85,65,50,80280.8980640677,,,,,,6.96413698142095,,,,,,,,11.293299445680953,0.06571291674113411
BRN,Brunei Darussalam,2021,7.08,66.6,6.67,5.13,8.7,7.31,7.58,61.1,47.5,62.3,92.3,67.6,20,83.6,90.9,74.7,84.6,65,50,78248.797127611,,,,,,5.3964548566241,,,,,,,,11.267661515780649,-2.5637929900304
BRN,Brunei Darussalam,2022,6.99,64.8,6.67,5.25,8.09,7.61,7.31,67,61.1,51.6,90.8,68.1,20,72.4,75,72.3,84.6,65,50,76357.829114996,,,,,,4.47760509577508,,,,,,,,11.243198943974033,-2.446257180661604
BTN,Bhutan,1995,,,5.61,5.88,,,,,,,,,,,,,,,,4379.87046667778,,,,,,75.988155247632207,,,,,,,,8.385002720309398,
BTN,Bhutan,1996,,,,,,,,,,,,,,,,,,,,4616.91979198439,,,,,,75.500580480611,,,,,,,,8.437699621202407,5.269690089300916
BTN,Bhutan,1997,,,,,,,,,,,,,,,,,,,,4778.70511731732,,,,,,75.0645176784989,,,,,,,,8.472134132644738,3.443451144233123
BTN,Bhutan,1998,,,,,,,,,,,,,,,,,,,,4965.87646031681,,,,,,74.6601785229432,,,,,,,,8.510546442705587,3.841231006084911
BTN,Bhutan,1999,,,,,,,,,,,,,,,,,,,,5241.36663790737,,,,,,74.1835549774526,,,,,,,,8.56452832380823,5.398188110264179
BTN,Bhutan,2000,5.79,,5.03,6.3,5.95,,6.21,,,,,,,,,,,,,5287.57434721684,,,,,,73.7811075642797,,,,,,,,8.573303988949869,0.8775665141639521
BTN,Bhutan,2001,5.99,,5.74,6.11,6.49,,5.86,,,,,,,,,,,,,5545.6305511084,,,,,,73.3124241819327,,,,,,,,8.620945914467454,4.764192551758484
BTN,Bhutan,2002,6.05,,5.83,6.18,6.36,,6.14,,,,,,,,,,,,,5991.25497571775,,,,,,72.7929427430093,,,,,,,,8.698223076981593,7.727716251413952
BTN,Bhutan,2003,6.39,,7.19,6.2,6.73,,5.83,,,,,,,,,,,,,6323.5411950973,76.1,37.1,40.9,6.5,5.27,72.2875858899967,,,,,,,,8.752192772640152,5.396969565855869
BTN,Bhutan,2004,6.08,,7.27,6.22,5.21,,6.33,,,,,,,,,,,,,6517.99683290216,,,,,,71.8195795256276,,,,,,,,8.782475783098706,3.028301045855386
BTN,Bhutan,2005,6.2,,6.23,6.22,6.45,,6.28,,,,,,,,,,,,,6850.80441609334,,,,,,71.3485770752317,,,,,,,,8.832267314975521,4.97915318768154
BTN,Bhutan,2006,6.03,,5.59,6.22,6.31,,6.33,,,,,,,,,,,,,7140.85609148376,,,,,,70.9298901199584,,,,,,,,8.873727978341162,4.146066336564047
BTN,Bhutan,2007,6.71,,7.21,6.25,6.63,,7.23,,,,,,,,,,,,,8195.07074477912,65.1,27.5,38.1,6.7,6.65,70.3763800172221,,,,,,,,9.011410140944173,13.76821626030118
BTN,Bhutan,2008,6.19,,5.71,6.21,6.1,,7.18,,,,,,,,,,,,,8470.03471622855,,,,,,70.0203718491226,,,,,,,,9.044407942667581,3.2997801723407605
BTN,Bhutan,2009,6.48,57.7,6.37,6.2,6.41,,7.35,60,50,,83.6,58.3,,61.7,85.8,75.9,42,30,30,9019.11861272397,,,,,,69.6361822537241,,,,,,,,9.107212762939607,6.280482027202616
BTN,Bhutan,2010,6.35,57,6.59,6.21,6.13,,6.98,60,52,,84.1,58.3,,60.5,85.1,73.4,52,15,30,9985.28455483655,,,,,,69.0949937782355,,,,,,,,9.208967886031752,10.175512309214518
BTN,Bhutan,2011,6.29,57.6,6.65,6.2,6.01,,6.87,60,50,,83.9,64.1,,59.8,84.7,71.8,52,20,30,10714.686566371,,,,,,70.8986195401706,,,,,,,,9.279463981111222,7.049609507946997
BTN,Bhutan,2012,6.17,56.6,6.44,6.21,5.85,,6.73,60,57,,83.8,55.3,,59.7,78.6,72.6,49.5,20,30,11143.9445354588,48.5,16.6,38.8,6.7,3.56,70.8006337502851,,,,,,,,9.318741269177599,3.9277288066376315
BTN,Bhutan,2013,6.56,55,7.24,6.22,6.43,6.01,6.92,60,57,,82.7,38.8,,60.5,84.4,67.3,49.5,20,30,11212.479426698,,,,,,70.8867128653209,,,,,,,,9.324871853874154,0.6130584696554919
BTN,Bhutan,2014,6.59,56.7,7.46,5.9,6.35,5.95,7.34,60,58.8,,82.9,57.2,,59.4,83.6,65.8,49.4,20,30,11744.5189124825,,,,,,71.001889659892,,,,,,,,9.371227077682171,4.63552238080176
BTN,Bhutan,2015,6.85,57.4,7.45,6.42,6.77,6.38,7.23,60,63,,82.6,60.1,,61.9,81.1,66,49.4,20,30,12400.2983237391,,,,,,72.7974166519113,,,,,,,,9.425556449639442,5.432937195727128
BTN,Bhutan,2016,6.75,59.5,7.03,6.46,6.6,6.41,7.23,60,65,,83.1,67.5,,65.2,77.6,66.9,60,20,30,13320.9759036882,,,,,,72.3010157738819,,,,,,,,9.497170274210657,7.161382457121412
BTN,Bhutan,2017,6.69,58.4,6.99,6.45,6.54,6.39,7.05,60.1,44.7,50.7,83.1,73.6,61.7,72.6,77.6,67.1,60,20,30,13482.3425280358,42.5,14.1,37.4,6.7,3.96,71.8541957754582,,,,,,,,9.509210315749257,1.2040041538600832
BTN,Bhutan,2018,6.73,61.8,7.17,6.47,6.53,6.39,7.08,60.9,50.9,51.6,83,72.2,80,72.5,75.7,70.5,74.4,20,30,13854.8543977158,,,,,,71.5103665115848,,,,,,,,9.536463122499011,2.7252806749753944
BTN,Bhutan,2019,6.83,62.9,7.39,6.51,6.73,6.39,7.11,62.5,54.5,55.4,83,71.6,77.6,68.7,79.5,72.6,79.4,20,30,14555.1884045845,,,,,,70.7341889791536,,,,,,,,9.585771502079481,4.930837958047007
BTN,Bhutan,2020,6.57,62.1,6.6,6.61,6.07,6.38,7.18,69.9,51.2,46.4,82.9,71.1,74.8,68.2,79.4,71.6,79.4,20,30,12979.9369485824,,,,,,70.5357213333439,,,,,,,,9.471237171673156,-11.453433040632532
BTN,Bhutan,2021,6.61,58.3,6.22,6.84,6.02,6.83,7.14,62.6,55,45.7,82.2,71.6,70.2,67.3,79.6,74.3,40.8,20,30,13458.812666743,,,,,,70.1985949024013,,,,,,,,9.507463685326456,3.622651365330043
BTN,Bhutan,2022,6.24,59.3,6.41,6.8,4.01,6.84,7.14,67.2,73.5,60.9,82.4,71.6,72.4,62.9,57.2,72.7,40.8,20,30,14061.3120274588,10.1,2.1,28.5,8.8,8.59,69.8527722495481,,,,,,,,9.551253591921174,4.378990659471782
BWA,Botswana,1995,5.54,56.8,4.65,5.1,7.75,5.62,4.88,70,50,,53.7,55.1,,70,,65.9,46.2,50,50,11457.6994362472,,,,,,17.1252070563361,,,,,,,,9.346504496590102,
BWA,Botswana,1996,,61.6,,,,,,70,70,,63.5,46.6,,70,,68.1,46.2,50,70,11832.9387782379,,,,,,16.9777930941343,,,,,,,,9.378726849844679,3.2222353254576674
BWA,Botswana,1997,,59.1,,,,,,70,50,,75.9,46.6,,70,,74.2,25,50,70,12526.352236393,,,,,,17.5140329969005,,,,,,,,9.435669711625064,5.69428617803851
BWA,Botswana,1998,,62.8,,,,,,70,30,,76.6,63,,70,,74.8,61,50,70,12306.250477233,,,,,,18.0804779888982,,,,,,,,9.417943837385234,-1.772587423982941
BWA,Botswana,1999,,62.9,,,,,,70,30,,80.3,59.4,,70,,75.8,61,50,70,13207.447346512,,,,,,18.5603229028305,,,,,,,,9.488611854386798,7.066801700156411
BWA,Botswana,2000,6.31,65.8,5.13,4.81,8.5,7.08,6.08,70,61,,77.8,54.4,,70,,77.7,61,50,70,13185.8171514278,,,,,,19.0640689955681,,,,,,,,9.486972908891275,-0.16389454955234584
BWA,Botswana,2001,6.29,66.8,5,4.8,8.45,7.15,6.09,70,61,,80.4,61.1,,70,,77.6,61,50,70,12949.6403104655,,,,,,19.6364063325571,,,,,,,,9.46890051072892,-1.807239816235473
BWA,Botswana,2002,6.28,66.2,5,4.76,8.41,7.2,6.07,70,60,,73.1,44.5,,70,,76.9,61,70,70,13479.6960719923,70.6,41.5,61.5,2.7,,20.2713115220149,,,,,,,,9.509014020521287,4.011350979236639
BWA,Botswana,2003,6.27,68.6,5.03,4.72,8.42,7.1,6.11,70,60,,69.4,46.8,,85,,78,68,70,70,13857.2588264737,,,,,,20.955375213692,,,,,,,,9.536636639056765,2.7622618535477983
BWA,Botswana,2004,6.32,69.9,5.46,4.74,8.54,6.75,6.13,70,64,,75.9,54.6,,85,,77.4,62.2,70,70,13984.8415112641,,,,,,21.7300608710674,,,,,,,,9.545800776243656,0.9164137186891352
BWA,Botswana,2005,6.56,69.3,5.68,6.24,8.6,6.46,5.84,70,57,,75.6,45,,85,66.6,76.4,77.8,70,70,14361.9576327759,,,,,,22.5683545240285,,,,,,,,9.57240778467992,2.6607008436263513
BWA,Botswana,2006,6.46,68.8,5.87,6.25,8.24,6.2,5.73,70,60,,73.9,50.5,,69.6,68.9,77.6,77.8,70,70,15275.5828811117,,,,,,23.4361959954333,,,,,,,,9.634076404275728,6.166861959580849
BWA,Botswana,2007,6.58,68.1,5.63,6.32,8.83,6.34,5.79,70,59,,73.9,56.2,,66.1,69.4,76.8,69.6,70,70,15850.2343496231,,,,,,24.8356756825413,,,,,,,,9.671002653221004,3.6926248945276186
BWA,Botswana,2008,6.27,68.2,4.82,6.3,8.23,6.49,5.53,70,56,,76.4,61.8,,69.1,71.1,69.7,67.6,70,70,16040.3153236098,,,,,,26.2304957400532,,,,,,,,9.682922880777282,1.1920227556277752
BWA,Botswana,2009,6.12,69.7,4.83,6.3,7.82,6.27,5.43,75,54,,75.1,70.6,,71.2,70,71.8,69,70,70,13489.9509168296,62.7,31.2,56.9,3.3,10.43,27.7262240003954,,,,,,,,9.509774437216322,-17.314844356095982
BWA,Botswana,2010,6.41,70.3,5.55,6.33,7.86,6.5,5.82,70,58,,74.1,67.1,,70.5,70.8,68.8,73.9,80,70,14545.0198074427,,,,,,27.9458735238199,,,,,,,,9.58507268242418,7.529824520785766
BWA,Botswana,2011,6.56,68.8,6.23,6.23,7.69,6.5,6.12,70,56,,78.4,51.5,,70.5,70,70.9,75.2,75,70,15236.7188843522,,,,,,28.0679948928725,,,,,,,,9.631529138533093,4.645645610891336
BWA,Botswana,2012,6.7,69.6,6.97,6.01,7.98,6.33,6.21,70,58,,78.3,53.7,,69.1,70.2,72.4,79.7,75,70,14957.6189142932,,,,,,28.2772779508163,,,,,,,,9.613042928703559,-1.8486209829534417
BWA,Botswana,2013,6.79,70.6,6.93,5.94,8.4,6.5,6.17,70,61,,79.5,65.1,,69,69.8,72,79.7,70,70,16369.4252971454,,,,,,28.3779700551793,,,,,,,,9.703231650305366,9.018872160180713
BWA,Botswana,2014,6.7,72,5.63,5.96,8.68,7.17,6.07,70,61.2,,81,69.8,,68.5,69.7,72.4,82.7,75,70,17052.1924105361,,,,,,28.0810648805542,,,,,,,,9.744092703339398,4.086105303403187
BWA,Botswana,2015,6.8,69.8,5.77,5.97,9.11,7.1,6.06,70,64,,79.5,61.9,,66.8,70,73.9,72.2,70,70,15994.9643042101,63.2,32.1,54.9,3.7,10.81,27.8992610465993,,,,,,,,9.680091738419463,-6.400096491993423
BWA,Botswana,2016,6.81,71.1,5.99,5.86,8.88,7.25,6.07,70,63,,79.1,68.4,,66.4,68.5,76.3,84,65,70,16905.588740873,,,,,,27.666946873579,,,,,,,,9.735458691256882,5.536695283741899
BWA,Botswana,2017,6.84,70.1,6.25,5.88,9.02,6.9,6.13,58.1,57.6,54,77.1,61.2,99.4,68.8,68.6,77.9,83.8,65,70,17352.8958451454,,,,,,27.4501623176658,,,,,,,,9.761572304557472,2.6113613300589478
BWA,Botswana,2018,6.84,69.9,6.22,5.91,9,7.09,5.98,57.7,56.6,54.7,76.1,63.4,98.2,69.5,64.6,79,83.9,65,70,17825.018569213,,,,,,27.2376845428069,,,,,,,,9.78841438638276,2.6842081825288133
BWA,Botswana,2019,6.88,69.5,6.27,5.93,9.05,7.12,6.05,58.1,52.4,45.7,82.7,65.9,94.6,68.7,68.2,78.8,83.8,65,70,18106.0105471124,,,,,,27.0474161138017,,,,,,,,9.804054465308594,1.5640078925834189
BWA,Botswana,2020,6.77,69.6,6.39,5.94,9.18,6.49,5.83,60.9,46.4,45.2,87,69.1,97.5,69.3,68.2,73.6,82.8,65,70,16289.3913582645,,,,,,26.6076463672212,,,,,,,,9.698330725755913,-10.572373955268155
BWA,Botswana,2021,6.74,67.6,6.39,5.91,8.92,6.44,6.05,58.6,48.8,50.8,87.4,68.2,74.8,68.4,68.2,74.1,77.4,65,70,17960.6254447437,,,,,,26.1144689851688,,,,,,,,9.79599284136587,9.766211560995686
BWA,Botswana,2022,6.67,64.8,6.41,5.83,8.07,7.24,5.8,74.2,61.4,70.1,87.4,59.8,19.2,56.7,61.6,75.4,77.2,65,70,18647.3734588832,,,,,,25.9268497368709,,,,,,,,9.833514207267699,3.752136590182964
CAF,Central African Republic,1995,4.05,,4.62,1.78,5.08,4.57,4.07,,,,,,,,,,,,,1334.10322981784,,,,,,79.2677513070995,,,,,,,,7.196763893551119,
CAF,Central African Rep,1996,,,,,,,,,,,,,,,,,,,,1247.9687525828,,,,,,79.407979811192,,,,,,,,7.130073491864505,-6.669040168661411
CAF,Central African Rep,1997,,,,,,,,,,,,,,,,,,,,1278.48826062781,,,,,,79.4564948296547,,,,,,,,7.154215480589258,2.4141988724752927
CAF,Central African Rep,1998,,,,,,,,,,,,,,,,,,,,1302.75142830782,,,,,,79.4325064422252,,,,,,,,7.173001101852499,1.8785621263241126
CAF,Central African Rep,1999,,,,,,,,,,,,,,,,,,,,1313.23570902088,,,,,,79.4207014281314,,,,,,,,7.181010565773882,0.8009463921382576
CAF,Central African Republic,2000,4.59,,5.3,2,6.88,4.46,4.38,,,,,,,,,,,,,1245.81399563599,,,,,,79.4313525126893,,,,,,,,7.1283467730756,-5.266379269828203
CAF,Central African Republic,2001,4.77,,5.96,2.01,6.81,4.45,4.7,,,,,,,,,,,,,1272.85710758505,,,,,,79.3936330445058,,,,,,,,7.14980466939036,2.1457896314760028
CAF,Central African Republic,2002,4.67,59.8,5.16,2.01,7.08,4.44,4.7,50,30,,65.3,88,,55,,82,48.2,70,50,1290.38314917126,,,,,,79.3369971709975,,,,,,,,7.163469131610455,1.366446222009543
CAF,Central African Republic,2003,4.88,60,6.56,1.95,6.81,4.44,4.7,50,30,,65.4,92.7,,55,,78.7,48.2,70,50,1191.8731520062,,,,,,79.3830827779227,,,,,,,,7.08412008954305,-7.934904206740523
CAF,Central African Republic,2004,4.82,57.5,5.99,1.86,7.01,4.59,4.7,30,30,,65.5,89.5,,55,,79.5,48.2,70,50,1236.28534712166,,,,,,79.373941309301,,,,,,,,7.120675022526076,3.655493298302659
CAF,Central African Republic,2005,4.58,56.5,4.94,1.93,6.87,4.63,4.55,30,30,,65.3,92.4,,55,49.7,77.6,45,70,50,1219.5939445674,,,,,,79.3888598021385,,,,,,,,7.107092859068595,-1.3582163457481755
CAF,Central African Republic,2006,4.69,54.2,5.33,1.86,6.89,4.83,4.6,30,30,,58.8,95,,42.1,49.7,87.3,49.2,50,50,1251.87082171335,,,,,,79.3420869490166,,,,,,,,7.133192854380555,2.609999531196028
CAF,Central African Republic,2007,4.95,50.6,6.88,1.86,6.86,4.62,4.55,20,30,,65.6,94.4,,41.1,49.4,76.5,49.2,40,40,1284.55283590666,,,,,,79.26758988808,,,,,,,,7.158944127305612,2.57512729250573
CAF,Central African Republic,2008,4.81,48.6,6.84,1.87,5.97,4.78,4.58,20,24,,65.5,91.6,,40.8,49.9,72.5,51.4,30,40,1283.2728263106,92.4,66,56.2,3.4,32.64,79.2183088908587,,,,,,,,7.15794794322921,-0.09961840764018959
CAF,Central African Republic,2009,4.92,48.3,6.72,1.88,6.68,4.87,4.44,20,20,,65.4,94,,39.5,48.7,75,50.4,40,30,1402.68164770801,,,,,,79.04994363922,,,,,,,,7.2468538122281325,8.890586899892217
CAF,Central African Republic,2010,4.97,48.4,6.41,2.04,6.92,4.86,4.59,20,20,,65.5,94.1,,37.5,50.7,68.3,58.1,40,30,1479.41367757692,,,,,,78.8551246248174,,,,,,,,7.300076839578291,5.32230273501586
CAF,Central African Republic,2011,5.05,49.3,6.94,2.03,6.74,4.89,4.6,20,20,,65.4,92.8,,36.8,48.2,71.3,58.1,50,30,1517.14839091011,,,,,,78.6211913372407,,,,,,,,7.325246707400677,2.5169867822385505
CAF,Central African Republic,2012,4.78,50.3,6.54,1.97,6.19,4.61,4.57,20,21,,65.2,92.9,,37.3,49.1,74.6,57.8,55,30,1577.98053252253,,,,,,78.3627815713425,,,,,,,,7.364534685188208,3.928797778753168
CAF,Central African Republic,2013,5.04,50.4,7.99,1.89,6.01,4.64,4.57,20,22,,65.1,92.4,,35.2,47.9,78.1,57.8,55,30,996.896355923912,,,,,,78.9416720643146,,,,,,,,6.9056494191388476,-45.888526604936075
CAF,Central African Republic,2014,4.25,46.7,5.4,1.97,3.97,5.24,4.68,10,20.6,,65.1,92.6,,33.9,40.4,72.5,51.8,50,30,1001.85598053496,,,,,,79.3817097319019,,,,,,,,6.910607188953148,0.49577698143004056
CAF,Central African Republic,2015,4.27,45.9,5.44,1.97,4.09,5.17,4.69,15,25,,65,92,,27.2,37.5,69.6,52.4,45,30,1043.92171697157,,,,,,79.6020025399142,,,,,,,,6.95169724960394,4.109006065079246
CAF,Central African Republic,2016,4.78,45.2,5.85,1.99,6.25,5.09,4.73,10,24,,65.7,93.6,,28,40.9,62.9,52.2,45,30,1073.94477703739,,,,,,79.7275971608616,,,,,,,,6.980024569044493,2.8327319440552223
CAF,Central African Republic,2017,4.84,51.8,5.86,2.06,6.37,5.09,4.85,12.6,28.7,33,65.8,94.1,84.1,27.2,42.7,68.2,55.2,80,30,1103.86609318724,,,,,,79.7491798950881,,,,,,,,7.007479423972662,2.745485492816968
CAF,Central African Republic,2018,4.91,49.2,6.17,2.16,6.3,5.08,4.82,17.9,24.6,28.2,64.6,94.6,96.4,27.2,34.5,70.5,57.2,45,30,1125.70091748228,,,,,,79.690565001594,,,,,,,,7.027049099479081,1.9569675506418527
CAF,Central African Republic,2019,5.1,49.1,6.87,2.16,6.42,5.17,4.83,19.6,23.2,29.6,65.2,94.2,94.3,24.2,40.1,72.3,51,45,30,1145.09563657752,,,,,,79.5560195545725,,,,,,,,7.0441163463036425,1.7067246824561622
CAF,Central African Republic,2020,4.88,50.7,6.17,2.02,6.42,5.05,4.74,38.1,24.3,31.7,65.5,93.5,95.3,24.3,40.4,73.3,47.2,45,30,1136.57052993758,,,,,,80.3531262833705,,,,,,,,7.036650153243645,-0.7466193059997295
CAF,Central African Republic,2021,4.88,48.8,6.22,2.17,6.19,5.06,4.78,23.2,22,28.2,65.3,92.2,95.4,23.3,40.9,74.9,45.2,45,30,1128.55237996459,96.1,69.2,43,5.6,50.64,79.8311116998482,,,,,,,,7.029576709303437,-0.7073443940208257
CAF,Central African Republic,2022,4.92,45.7,6.65,2.03,6.02,5.13,4.76,7.1,18.3,12.3,65.3,88.1,95.2,26.5,39.5,75.3,46.2,45,30,1136.80171107045,,,,,,79.7145777633579,,,,,,,,7.036853356156557,0.7276646853120461
CAN,Canada,1995,7.99,69.4,5.91,8.55,9.72,8.14,7.6,90,90,,64.2,14.8,,85,,85.9,75.2,50,70,41617.7233238779,1.5,0.9,31.5,7.5,,9.47409140776172,,,,,,,,10.636305424894688,
CAN,Canada,1996,,70.3,,,,,,90,90,,64.6,18.3,,85,,89.7,75.2,50,70,41880.5520989428,1.2,0.6,32.8,7.4,,10.1345204811806,,,,,,,,10.642600724921977,0.6295300027288064
CAN,Canada,1997,,67.9,,,,,,90,89,,38.1,25.9,,85,,86.8,77,50,70,43241.2407061887,1.2,0.5,33.1,7.4,,11.1471078094724,,,,,,,,10.674573090627653,3.1972365705676964
CAN,Canada,1998,,68.5,,,,,,90,90,,38.1,29.4,,85,,86.9,77,50,70,44553.2827303697,1.2,0.6,33.2,7.3,,11.4235573938173,,,,,,,,10.70446356139563,2.9890470767975685
CAN,Canada,1999,,69.3,,,,,,90,91,,39.2,34.9,,85,,86.9,77,50,70,46464.5457841559,1.2,0.6,33.1,7.3,,11.1991167185189,,,,,,,,10.746466366057307,4.200280466167783
CAN,Canada,2000,8.37,70.5,6.25,8.52,9.53,9.14,8.37,90,92,,40,41.9,,85,,88.1,77.4,50,70,48399.3055389359,1,0.5,33.4,7.2,,10.581713671184099,,,,,,,,10.78726140547273,4.079503941542306
CAN,Canada,2001,8.21,71.2,6.6,8.47,8.69,9.13,8.1,90,92,,41.5,47.1,,85,,87.2,77.8,50,70,48774.1675534138,1,0.4,33.6,7.2,,9.97770323825117,,,,,,,,10.794976600716858,0.771519524412767
CAN,Canada,2002,8.22,74.6,6.72,8.33,8.72,9.11,8.2,90,92,,71.1,49.6,,85,,85.4,78.6,50,70,49695.0066909867,1,0.4,33.6,7.2,,10.068638001273,,,,,,,,10.81367986058674,1.8703259869882416
CAN,Canada,2003,8.26,74.8,6.73,8.41,8.74,9.18,8.2,90,89,,72.7,47.8,,85,,85,83.4,50,70,50139.7862347007,0.7,0.4,33.8,7.1,,10.2960878366073,,,,,,,,10.82259005237715,0.8910191790409527
CAN,Canada,2004,8.29,75.3,6.73,8.36,8.85,9.1,8.37,90,90,,73.6,50.5,,85,,85.4,83.2,50,70,51210.6796118735,0.7,0.4,33.8,7.1,,10.1718151634988,,,,,,,,10.843722902432182,2.1132850055032293
CAN,Canada,2005,8.35,75.8,6.93,8.44,9.64,8.28,8.44,90,87,,75.1,50.8,,85,82.2,84.7,82.8,50,70,52356.5578038534,1,0.5,33.6,7.2,,10.2342993793429,,,,,,,,10.865851576534467,2.2128674102285473
CAN,Canada,2006,8.33,77.4,6.92,8.51,9.57,8.35,8.28,90,85,,75.3,53.4,,96.9,84.2,85.9,83.2,50,70,53195.781842155,0.7,0.4,34.1,7.2,,10.1525051503232,,,,,,,,10.881753181811224,1.5901605276756214
CAN,Canada,2007,8.26,78,6.72,8.59,9.29,8.41,8.3,90,84,,75.9,52.2,,96.8,82.5,80.7,88.2,60,70,53761.8620298113,0.7,0.3,33.8,7.3,,10.37158028412,,,,,,,,10.892338210941652,1.058502913042858
CAN,Canada,2008,8.25,80.2,6.61,8.51,9.41,8.44,8.28,90,85,,75.5,53.7,,96.7,82.7,81,87,70,80,53711.6792064975,1,0.4,33.9,7.2,,10.3617593790161,,,,,,,,10.89140436447978,-0.09338464618728892
CAN,Canada,2009,8.21,80.5,6.5,8.46,9.5,8.46,8.12,90,87,,76.6,53.7,,96.5,81.9,80.8,88.2,70,80,51552.4223837895,1,0.4,34,7.2,,10.9266042912179,,,,,,,,10.850373876839658,-4.103048764012129
CAN,Canada,2010,8.07,80.4,6.49,8.47,8.73,8.39,8.27,90,87,,76.7,54.1,,96.5,81.5,75.4,88.1,75,80,52558.4408142168,0.7,0.3,33.6,7.3,,10.6878070281103,,,,,,,,10.869700014102978,1.932613726332022
CAN,Canada,2011,8.02,80.8,6.66,8.39,8.63,8.19,8.23,90,87,,78,52.7,,96.4,81.7,78.8,88.1,75,80,53681.1296700569,0.7,0.4,32.7,7.5,,10.5574230803548,,,,,,,,10.890835444294824,2.1135430191845828
CAN,Canada,2012,8.01,79.9,6.71,8.34,8.44,8.25,8.29,90,89,,79.2,41.7,,96.6,81.8,77.3,87.9,75,80,54034.8034751988,1,0.4,33.5,7,,10.5806462430706,,,,,,,,10.897402133159403,0.6566688864579007
CAN,Canada,2013,8.08,79.4,6.85,8.34,8.59,8.26,8.36,90,87,,79.8,44.8,,91.7,82.3,75.2,88.2,75,80,54712.178423981,1,0.5,33.8,6.8,,10.5840958560203,,,,,,,,10.909859881220875,1.2457748061471818
CAN,Canada,2014,8.18,80.2,6.98,8.35,8.75,8.49,8.36,90,87.7,,79.7,47.3,,89.3,83.1,76.3,88.3,80,80,55723.4835404159,1,0.5,33.2,7.2,,10.5338625064916,,,,,,,,10.928174890206023,1.831500898514804
CAN,Canada,2015,8.2,79.1,6.51,8.31,9.42,8.44,8.31,90,81,,79.9,48.3,,89,76.1,77.9,88.4,80,80,55660.8675272614,1,0.5,33.7,7,,10.4742872426478,,,,,,,,10.927050586929182,-0.11243032768408767
CAN,Canada,2016,8.25,78,6.69,8.36,9.42,8.48,8.29,90,81,,80,50.4,,81.8,72.6,76.9,87,80,80,55606.1549191947,1,0.5,32.7,7.4,,10.5169734593256,,,,,,,,10.92606715755642,-0.09834293727628562
CAN,Canada,2017,8.18,78.5,6.66,8.38,9.4,8.12,8.34,88.3,81.6,80.8,77.4,52.3,80.3,81.9,73.1,77.8,88.4,80,80,56612.3285367448,0.7,0.4,33.3,7.3,,10.519904241659,,,,,,,,10.943999722983603,1.7932565427184244
CAN,Canada,2018,8.11,77.7,6.59,8.2,9.39,8.07,8.3,87.5,78.3,77.1,76.7,52.3,81.2,81.8,71.3,77.5,88.1,80,80,57337.4909099991,0.7,0.4,32.5,7.5,,10.6070279931613,,,,,,,,10.956727420814069,1.2727697830465345
CAN,Canada,2019,8.07,77.7,6.39,8.21,9.43,8.12,8.19,87,84.6,69.4,76.8,51.3,83.1,81.9,73.7,77.2,86.8,80,80,57583.845798092,0.7,0.4,31.7,7.7,,10.5665118443442,,,,,,,,10.961014718285616,0.42872974715475465
CAN,Canada,2020,7.86,78.2,5.86,8.2,9.39,8.16,7.68,87.7,90.3,72.7,76.5,50.9,83.3,81.7,72,76,87,80,80,54092.8790317796,0.5,0.2,29.9,8.6,,11.0283731309203,,,,,,,,10.898476316691966,-6.253840159365076
CAN,Canada,2021,7.93,77.9,6.27,8.3,8.92,8.14,8.01,84.5,87.9,73.3,76,49.8,84.2,81.4,72.4,76.1,88.8,80,80,56995.1176781351,0.5,0.2,31.1,8.2,,10.1115983026295,,,,,,,,10.950738433587123,5.226211689515736
CAN,Canada,2022,7.99,76.6,6.44,8.3,8.55,8.53,8.14,89.5,86.7,96.4,75.7,39.6,62.8,78.8,68.7,78.2,83.2,80,80,58321.0611834624,,,,,,9.78435526150716,,,,,,,,10.973735708709965,2.2997275122842
CHE,Switzerland,1995,8.46,,7.33,9.12,9.63,9.25,6.91,,,,,,,,,,,,,61453.6297020666,,,,,,14.1460492651549,,,,,,,,11.026054453117407,
CHE,Switzerland,1996,,76.8,,,,,,70,90,,78,53.4,,70,,91.6,78,90,70,61471.1689633393,,,,,,14.1193571477869,,,,,,,,11.026339814187281,0.028536106987431253
CHE,Switzerland,1997,,78.6,,,,,,90,88,,77.7,54.4,,70,,86.7,80.6,70,90,62709.9871171841,,,,,,14.5679297290557,,,,,,,,11.046291944398414,1.9952130211132513
CHE,Switzerland,1998,,79,,,,,,90,88,,77.4,56.2,,70,,88.5,81.6,70,90,64418.3857592838,,,,,,14.6750237208963,,,,,,,,11.073169887901573,2.6877943503158974
CHE,Switzerland,1999,,79.1,,,,,,90,86,,80.4,54.4,,70,,89.7,81.6,70,90,65177.8822005074,,,,,,14.6942941906675,,,,,,,,11.084890802819944,1.1720914918370795
CHE,Switzerland,2000,8.93,76.8,7.91,9.08,9.8,9.48,8.32,90,89,,80.7,28,,70,,92.2,81,70,90,67378.3901472877,0.5,0.2,33.4,7.9,,13.8664727934079,,,,,,,,11.118094465974018,3.3203663154074192
CHE,Switzerland,2001,8.83,76,7.93,8.98,9.83,9.28,8.01,90,89,,80.1,22,,70,,90.2,83,70,90,68008.3441852855,,,,,,13.6896410785982,,,,,,,,11.12740038920723,0.9305923233211999
CHE,Switzerland,2002,8.85,79.3,8,8.89,9.85,9.37,8.05,90,86,,80,56.7,,70,,88.1,83,70,90,67446.4044310268,0.2,0.1,31.7,8.2,,13.1615678442631,,,,,,,,11.119103379517073,-0.8297009690156898
CHE,Switzerland,2003,8.79,79,7.77,8.92,9.83,9.31,8.01,90,84,,80.4,55.3,,70,,88.3,83,70,90,66926.167976443,,,,,,12.6772464962902,,,,,,,,11.111360261983307,-0.7743117533765442
CHE,Switzerland,2004,8.71,79.5,7.77,8.95,9.73,8.92,8.08,90,85,,80.6,55.8,,70,,89.4,85,70,90,68263.4411390817,0.5,0.2,31.6,8.2,,12.1083400707435,,,,,,,,11.13114428244624,1.9784020462932261
CHE,Switzerland,2005,8.52,79.3,8.12,9.02,9.65,7.69,8.05,90,88,,73,61.1,,70,77.2,90,83.4,70,90,69692.5954827493,,,,,,11.9033994882663,,,,,,,,11.151863705622153,2.0719423175913576
CHE,Switzerland,2006,8.59,78.9,8.2,9.03,9.67,7.77,8.22,90,91,,73.4,61.1,,85,77.1,89.6,82,70,70,72077.8598470308,0.5,0.2,33.9,7.4,6.92,11.8965524026726,,,,,,,,11.185516074274634,3.3652368652481
CHE,Switzerland,2007,8.6,78,8.15,9.05,9.71,7.78,8.25,90,91,,67.9,59.8,,84.1,77,83.5,87,70,70,74234.3010991931,0.5,0.2,34.3,7.4,7.54,12.3705200560247,,,,,,,,11.214995072073258,2.9478997798623396
CHE,Switzerland,2008,8.48,79.5,7.9,8.97,9.56,7.7,8.23,90,91,,68,61.6,,83.9,79.9,83.6,87.2,70,80,75355.202488789,0.5,0.1,33.8,7.5,7.78,11.7881402861207,,,,,,,,11.229981516377427,1.4986444304168955
CHE,Switzerland,2009,8.54,79.4,7.86,8.92,9.77,7.76,8.32,90,90,,67.5,65.3,,82.9,79.2,83.9,85.4,70,80,72709.8138293408,0.3,0.1,32.9,7.8,8.01,11.273626922439,,,,,,,,11.194245398393193,-3.573611798423393
CHE,Switzerland,2010,8.58,81.1,7.92,8.94,9.72,7.83,8.46,90,90,,68.2,68.9,,81.2,81.8,81.3,90,80,80,74290.2619629278,0.5,0.2,32.6,7.8,8.46,11.5490005534118,,,,,,,,11.215748618984046,2.150322059085319
CHE,Switzerland,2011,8.52,81.9,7.72,8.93,9.73,7.71,8.5,90,90,,68.4,69.3,,80.2,87.8,83.8,90,80,80,74800.8886353533,0.1,0,31.7,7.9,7.2,11.3166107857827,,,,,,,,11.222598412779554,0.6849793795508319
CHE,Switzerland,2012,8.47,81.1,7.71,8.88,9.65,7.74,8.34,90,87,,67.9,65.8,,77.9,87.9,84.4,90,80,80,74883.6158924249,0,0,31.6,8.1,8.02,11.0492703473196,,,,,,,,11.223703753114082,0.11053403345275825
CHE,Switzerland,2013,8.45,81,7.76,8.88,9.71,7.72,8.18,90,88,,68.1,63.8,,75.8,87.9,86.2,90,80,80,75354.1550500884,0.1,0,32.5,7.9,8.46,11.2783784856748,,,,,,,,11.229967616446888,0.6263863332806707
CHE,Switzerland,2014,8.51,81.6,7.78,8.92,9.7,7.91,8.22,90,88.1,,68.9,65.7,,75.4,87.4,85.2,90,85,80,76189.6018443969,0.1,0.1,32.5,7.8,7.43,10.9091029999014,,,,,,,,11.240993398692936,1.1025782246047555
CHE,Switzerland,2015,8.5,80.5,7.74,8.98,9.62,7.97,8.2,90,85,,70.3,65.1,,78.1,75.3,86.3,90,85,80,76566.0772542148,0.1,0,32.3,7.8,7.11,10.2687812048554,,,,,,,,11.245922462479005,0.49290637860686104
CHE,Switzerland,2016,8.53,81,7.72,8.96,9.74,8.01,8.2,90,86,,70.9,66.3,,82.2,72.1,87.8,90,85,80,77301.2124304857,0.2,0.1,33,7.7,8.1,10.1643721006382,,,,,,,,11.25547785551762,0.9555393038615634
CHE,Switzerland,2017,8.55,81.5,7.73,8.94,9.78,8.08,8.2,86.9,80.3,77.6,70.9,67.5,95.8,76.8,72.2,84.4,90,85,90,77626.9027376941,0.1,0,32.7,7.7,7.28,10.1563032760055,,,,,,,,11.259682212903057,0.42043573854364524
CHE,Switzerland,2018,8.54,81.7,7.75,8.89,9.78,8.09,8.2,84.2,82.8,82.1,70.5,65.4,95.9,75.7,73.9,85.2,90,85,90,79261.3563641288,0.2,0.1,33.1,7.5,,9.99332462166162,,,,,,,,11.28051859585246,2.083638294940293
CHE,Switzerland,2019,8.51,81.9,7.73,8.89,9.86,8.07,8,85.3,88,82,70.5,64.8,96.3,75.4,72.5,85.2,87.4,85,90,79596.7029465098,0.2,0,34,7.4,,9.53885023119349,,,,,,,,11.284740513960182,0.42219181077225443
CHE,Switzerland,2020,8.41,82,7.54,8.95,9.82,7.89,7.83,87.4,90.1,81.5,70.1,65.3,96.7,74.2,72.4,84.4,86.6,85,90,77324.8870934007,0.1,0.1,33.7,7.5,,9.30594102223025,,,,,,,,11.255784069759054,-2.8956444201128306
CHE,Switzerland,2021,8.47,81.9,7.54,8.96,9.8,8.09,7.97,85.4,87.9,82.2,70.4,67.6,96.9,73.6,72.5,85.4,86,85,90,81001.4111206118,0.2,0.1,33.8,7.5,,9.62881873020718,,,,,,,,11.302234200132682,4.645013037362844
CHE,Switzerland,2022,8.43,84.2,7.6,8.92,9.55,8.11,7.98,95.2,92.3,98,70.1,67.2,96.3,84.3,60,84.9,86.6,85,90,82777.293582076,0.3,0.2,33.8,7.4,,9.74750320571686,,,,,,,,11.323921151198928,2.1686951066245186
CHL,Chile,1995,7.59,71.2,7.87,6.68,8.65,8.12,6.73,90,50,,79.4,87,,85,,66.2,63,70,50,14908.0347974549,,,,,,22.3883412869365,,,,,,,,9.609722670415541,
CHL,Chile,1996,,72.6,,,,,,90,50,,89.8,85.9,,85,,68,65,70,50,15744.7380005491,44.6,17.9,54.9,3.7,14.7,22.2255430807655,,,,,,,,9.664325004494403,5.46023340788615
CHL,Chile,1997,,75.9,,,,,,90,79,,73.5,86.6,,85,,75.6,73,70,50,16683.9059031298,,,,,,22.0295144847792,,,,,,,,9.722259751560928,5.793474706652546
CHL,Chile,1998,,74.9,,,,,,90,68,,73,88.1,,85,,77.1,73,70,50,17156.9718740639,41.6,16.7,55.5,3.5,,21.9031822878644,,,,,,,,9.75021817689995,2.795842533902082
CHL,Chile,1999,,74.1,,,,,,90,61,,73,87.1,,85,,78.7,73,70,50,16896.1244715786,,,,,,21.8456182404067,,,,,,,,9.734898736823345,-1.5319440076604351
CHL,Chile,2000,7.68,74.7,7.29,6.59,8.91,7.86,7.76,90,68,,73.2,85.5,,85,,80.1,70.4,70,50,17525.2717273479,44.5,18.1,52.8,3.8,,21.7595433210313,,,,,,,,9.771456275737755,3.655753891441016
CHL,Chile,2001,7.75,75.1,7.28,6.7,8.48,8.88,7.38,90,69,,73.7,84.1,,85,,82.4,71.6,70,50,17870.3008332711,,,,,,21.6490768553765,,,,,,,,9.790951399755421,1.9495124017666399
CHL,Chile,2002,7.82,77.8,7.27,6.74,8.65,8.94,7.49,90,74,,74,82.7,,85,,82.7,71.4,70,70,18240.2015602857,,,,,,21.5686560496095,,,,,,,,9.811438136474322,2.0486736718901
CHL,Chile,2003,7.94,76,7.45,6.75,8.79,9.06,7.6,90,75,,75,81.8,,70,,83,69,70,70,18902.8708740806,43.2,17.5,51.5,4,,21.4646255257433,,,,,,,,9.84712198822982,3.568385175549693
CHL,Chile,2004,7.95,76.9,7.52,6.68,9.1,8.84,7.6,90,75,,78.5,81.5,,70,,84.2,73,70,70,19961.9835794233,,,,,,21.2191814264433,,,,,,,,9.901635016621762,5.451302839194305
CHL,Chile,2005,8.05,77.8,7.56,6.86,9.42,8.7,7.69,90,74,,78.3,84.8,,70,77.3,84.4,79.2,70,70,20918.5275760681,,,,,,20.9831423537935,,,,,,,,9.94843833551795,4.680331889618827
CHL,Chile,2006,8.06,78,7.59,6.99,9.13,8.94,7.63,90,74,,78.6,87.5,,68.1,77.5,86.9,77.6,70,70,21968.5375355854,32,10.7,47.7,4.9,9.49,20.6557737731495,,,,,,,,9.997412115343058,4.8973779825107755
CHL,Chile,2007,8.11,77.7,7.97,7.05,8.92,9.02,7.61,90,73,,78.8,87.9,,68.2,77,79.8,82.4,70,70,22878.8834428789,,,,,,20.4238694012793,,,,,,,,10.03801335120099,4.060123585793107
CHL,Chile,2008,7.99,78.6,7.9,7.09,8.31,9.09,7.56,90,73,,78.1,88.2,,67.8,77.4,78.8,82.2,80,70,23509.7816931441,,,,,,20.2827253700611,,,,,,,,10.065214390370738,2.7201039169748142
CHL,Chile,2009,8.05,78.3,7.79,7.11,9.15,8.79,7.42,90,70,,78.2,90.1,,66.3,75,77.3,85.8,80,70,23013.5817893814,27.6,8.6,47.4,5.1,,20.1151139848596,,,,,,,,10.043883284866665,-2.1331105504073022
CHL,Chile,2010,8.08,77.2,7.89,7.06,9.07,8.63,7.74,85,69,,77.5,89.6,,64.8,75.4,73,88,80,70,24116.7694715614,,,,,,19.9468654027448,,,,,,,,10.0907041702615,4.682088539483509
CHL,Chile,2011,8.07,77.4,7.96,7.04,8.9,8.62,7.83,85,67,,77.7,86.6,,67.2,74.5,77.9,88,80,70,25366.2690249825,23.5,6.9,46.9,5.2,11.32,19.9359022365088,,,,,,,,10.141215000956864,5.051083069536411
CHL,Chile,2012,8.04,78.3,7.97,7.04,9.01,8.53,7.64,90,72,,77.4,82.1,,68.6,75.1,85.6,82,80,70,26670.4971338402,,,,,,19.1568100362915,,,,,,,,10.191350751102592,5.01357501457278
CHL,Chile,2013,8.04,79,8.01,7.03,9.04,8.52,7.61,90,72,,77.6,83.7,,70.5,74.2,84.6,82,85,70,27291.3576525957,14.4,3.8,46.8,5.4,,19.1954319216634,,,,,,,,10.214362002517326,2.30112514147347
CHL,Chile,2014,7.98,78.7,7.96,7.03,8.62,8.74,7.54,90,72.3,,76.5,83.8,,69.3,69.3,84.1,82,90,70,27505.0495524158,,,,,,19.9398426850485,,,,,,,,10.222161243186003,0.7799240668676433
CHL,Chile,2015,8,78.5,7.93,6.98,8.96,8.61,7.5,90,71,,76.5,83.3,,69.3,67,85.6,82,90,70,27811.3745158617,11.7,3,45.3,5.6,,19.8407454018785,,,,,,,,10.233236327109175,1.1075083923172357
CHL,Chile,2016,8.03,77.7,7.88,6.97,9.18,8.64,7.46,85,73,,74.8,83.1,,72.1,64.3,82.9,86.4,85,70,27958.7284996682,,,,,11.36,20.6669999520745,,,,,,,,10.238520485988305,0.5284158879129919
CHL,Chile,2017,8.06,76.5,7.99,6.94,9.45,8.66,7.27,68.2,70.5,63.7,77.6,82.2,96.1,72.3,64.3,82.2,86.4,85,70,27892.9946862827,9,2.2,45.3,5.6,,21.1846815872184,,,,,,,,10.236166700421837,-0.23537855664681473
CHL,Chile,2018,8.08,75.2,7.98,6.92,9.51,8.61,7.39,67.9,61.2,63.4,78,81.3,91.7,72.4,60.4,82.4,88.7,85,70,28492.6611456515,,,,,,20.9748274850116,,,,,,,,10.257436925576595,2.1270225154758293
CHL,Chile,2019,8,75.4,7.74,6.86,9.49,8.6,7.29,68.7,62.3,56.3,77.3,81,89,76.6,65,84.5,88.8,85,70,28218.5343879081,,,,,,20.8479397366575,,,,,,,,10.247769725905277,-0.9667199671318016
CHL,Chile,2020,7.64,76.8,7.32,6.92,9.15,8.01,6.82,69.9,73.4,61.1,76.4,80.8,90.5,75,64.7,85.2,89,85,70,26248.5616432825,11.3,3.8,47,4.9,,21.745295695875,,,,,,,,10.17540456857681,-7.236515732846627
CHL,Chile,2021,7.52,75.2,7.15,6.86,8.88,8,6.7,70.2,74.5,68.4,72.3,80.4,90.4,75.1,62.5,85.5,83,70,70,29089.850459728,,,,,11.36,21.8411063330398,,,,,,,,10.278178986528658,10.27744179518475
CHL,Chile,2022,7.45,74.4,7.2,6.81,8.11,8.56,6.58,73,71.4,91.4,72.4,78.1,75.3,76.2,58,79.4,78,70,70,29569.4775527937,5.7,1.6,43,5.9,,21.3956019718851,,,,,,,,10.294531762624592,1.6352776095933663
CHN,China,1995,4.96,52,5.17,4.89,5.48,5.44,4.02,30,30,,70.6,93.7,,55,,68.4,20,50,50,2808.03403089611,,,,,39.63,51.1780757632866,,,,,,,,7.940595941981414,
CHN,China,1996,,51.3,,,,,,30,30,,70.7,94.6,,55,,61.5,20,50,50,3055.96977919745,96.4,63.9,35.2,7.4,,50.4855938191321,,,,,,,,8.025179436070772,8.458349408935817
CHN,China,1997,,51.7,,,,,,30,22,,70.4,95.4,,55,,62.7,30,50,50,3305.79061082131,,,,,,49.8313503518869,,,,,,,,8.103733394019617,7.855395794884501
CHN,China,1998,,53.1,,,,,,30,24,,70.5,95.9,,55,,68.2,34,50,50,3533.56587021506,,,,,,49.2103022382145,,,,,,,,8.170345761797535,6.661236777791757
CHN,China,1999,,54.8,,,,,,30,29,,70.5,95.1,,55,,75.2,38.2,50,50,3774.13766362641,94.5,61.3,38.7,6.5,,48.6147652112058,,,,,,,,8.236192128204017,6.584636640648256
CHN,China,2000,5.73,56.4,4.74,4.55,8.22,6.4,4.72,30,35,,70.4,90.3,,55,,84,42.6,50,50,4066.03627019859,,,,,,48.0183372305775,,,,,,,,8.310669824037753,7.4477695833735424
CHN,China,2001,5.78,52.6,4.76,4.68,8.34,6.69,4.45,30,34,,70.4,94.1,,55,,84.1,46,30,30,4372.15705579934,,,,,,47.3799724526367,,,,,,,,8.383240465654652,7.257064161689897
CHN,China,2002,5.72,52.8,4.73,4.71,8.3,6.52,4.33,30,31,,70.3,92.3,,55,,87.6,48.6,30,30,4744.39855079794,89.3,54,42,5.7,41.69,46.7012672338196,,,,,,,,8.464930701362462,8.169023570781064
CHN,China,2003,5.77,52.6,4.75,4.82,8.23,6.51,4.49,30,35,,66.9,90.2,,55,,85.8,50.6,30,30,5192.00604608587,,,,,,45.9882105974691,,,,,,,,8.555068008119758,9.013730675729548
CHN,China,2004,5.61,52.5,4.71,4.78,7.89,6.53,4.11,30,35,,66.4,88.4,,55,,86.4,51.4,30,30,5684.16873050981,,,,,,45.236003901082,,,,,,,,8.64561608569315,9.054807757339312
CHN,China,2005,5.69,53.7,4.44,4.85,8.08,6.52,4.52,30,34,,67.9,86,,55,65,84.8,54.4,30,30,6298.32318474516,81.8,43.9,40.9,5.9,,44.4697322649126,,,,,,,,8.74819747561567,10.258138992251986
CHN,China,2006,5.75,53.6,4.38,4.94,7.95,6.64,4.85,30,34,,70,86,,43.1,65.2,79.4,68,30,30,7057.09993331646,,,,,,43.6722793357819,,,,,,,,8.86193116300668,11.373368739100975
CHN,China,2007,5.81,52,4.52,5.1,7.63,6.68,5.09,20,32,,66.6,87,,46.9,64.2,75.5,68,30,30,8013.71568302247,,,,,33.26,42.8299922600966,,,,,,,,8.989034591304359,12.710342829767818
CHN,China,2008,5.76,53.1,4.55,5.14,7.57,6.69,4.87,20,33,,66.4,89.7,,50.3,64.8,76.5,70.2,30,30,8743.74491232188,73,37.2,43,5.2,,42.013887418356,,,,,,,,9.076208217481451,8.717362617709234
CHN,China,2009,5.87,53.2,4.45,5.1,7.82,6.7,5.26,20,35,,70.6,88.9,,51.6,61.8,72.9,71.4,30,30,9518.43214737204,,,,,,41.2417335404196,,,,,,,,9.161090477621086,8.488226013963462
CHN,China,2010,5.87,51,4.56,5.05,7.53,6.73,5.46,20,36,,70.2,88.1,,49.7,53.2,70.6,72.2,20,30,10476.3123630451,66.1,32.1,43.7,5.1,,40.4867143485093,,,,,,,,9.256967471077196,9.587699345611078
CHN,China,2011,5.91,52,4.88,4.97,7.37,6.7,5.62,20,36,,70.3,87,,49.8,54.9,75.3,71.6,25,30,11405.0172845617,62.7,28.6,42.4,5.4,,39.7731246435059,,,,,,,,9.341896327107383,8.492885603018685
CHN,China,2012,5.98,51.2,4.95,4.94,7.65,6.74,5.63,20,35,,70.4,84.1,,46.4,55.4,74.2,71.6,25,30,12217.8543175465,58,25.5,42.2,5.3,,39.1144990738399,,,,,,,,9.410735473628744,6.883914652136092
CHN,China,2013,5.99,51.9,4.99,4.9,7.7,6.76,5.61,20,36,,70.2,83.3,,48,62.6,71.6,72,25,30,13080.8288162668,51.7,19.6,39.7,6.2,,38.4984455583427,,,,,,,,9.478979432994999,6.824395936625471
CHN,China,2014,6.05,52.5,5.02,4.89,7.96,6.79,5.56,20,35,,69.9,82.9,,49.7,61.9,73.3,71.8,30,30,13968.581485524,46.7,16.9,39.2,6.2,,37.9179011645414,,,,,,,,9.54463749371521,6.565806072021196
CHN,China,2015,6.07,52.7,5.09,4.96,8.05,6.72,5.51,20,40,,69.7,81.5,,52.1,63,74.2,71.8,25,30,14856.7807604461,42.4,14.4,38.6,6.4,,37.3670101435152,,,,,,,,9.606278963945739,6.164147023052813
CHN,China,2016,6.07,52,4.99,4.94,8.25,6.69,5.49,20,36,,69.7,74.3,,54.2,62,70.6,72.8,30,30,15772.7647598696,38.7,12.5,38.5,6.5,,36.8378037904124,,,,,,,,9.666103380690249,5.982441674450989
CHN,China,2017,6.15,57.4,4.95,4.91,8.26,6.86,5.8,48.3,41.6,60.7,70,73,92.5,53.9,63.4,71.8,73.6,20,20,16757.9736318662,36.3,11.5,39.1,6.4,,36.3236704322757,,,,,,,,9.726689133012085,6.0585752321836495
CHN,China,2018,6.18,57.8,4.99,4.91,8.25,6.93,5.81,46.7,47.3,65.4,70.4,71.6,85.9,54.9,61.4,71.4,73.2,25,20,17806.7902349725,32.2,9.7,38.5,6.5,24.55,35.8183526295519,,,,,,,,9.787391294187891,6.070216117580607
CHN,China,2019,6.18,58.4,4.98,4.9,8.18,7.04,5.83,49.9,49.1,75.2,70.4,70.1,76,56.2,64.2,71.9,73,25,20,18820.5131033646,28.9,7.9,38.2,6.7,,35.3216676043777,,,,,,,,9.842755808598568,5.536451441067669
CHN,China,2020,6.16,59.5,4.92,4.87,8.25,6.92,5.85,60.9,46,76.3,70.4,67.9,67.5,76.8,64.4,71.1,72.4,20,20,19215.1541703465,29.5,7.6,37.1,7.2,,35.3997429816079,,,,,,,,9.863506567307278,2.0750758708709682
CHN,China,2021,6.18,58.4,5.03,4.77,8.39,6.94,5.75,62.2,46.4,71.5,72.6,67.6,54.8,80.2,64.9,69.8,71.2,20,20,20843.2978347377,21,4.7,35.7,7.4,,35.0980643322894,,,,,,,,9.94483570467859,8.132913737131275
CHN,China,2022,6.14,48,4.74,4.79,8.25,7.08,5.82,43.7,39.3,37.4,71.2,64.2,11.1,68.8,57.2,70,73.2,20,20,21499.3822834427,21.5,5,36,7.3,,34.6621398489615,,,,,,,,9.975825994582923,3.0990289904332613
CIV,Côte d'Ivoire,1995,4.89,53.4,5.58,3.74,4.97,6.14,4.36,50,30,,52.2,86.1,,70,,79.7,12.6,50,50,4638.75732482502,88.8,50.1,40.6,6.6,,81.096261445787,,,,,,,,8.442417343168309,
CIV,Cote Divoire,1996,,49.9,,,,,,50,30,,52.2,86.4,,55,,62.9,12.6,50,50,4807.42428178026,,,,,,80.9275601442493,,,,,,,,8.478124717284302,3.5707374115993673
CIV,Cote Divoire,1997,,50.5,,,,,,30,30,,51.9,88.9,,55,,64.6,34,50,50,5072.59703802667,,,,,,80.5506411434275,,,,,,,,8.5318053199828,5.368060269849728
CIV,Cote Divoire,1998,,51.3,,,,,,30,30,,51.2,88.5,,55,,72.7,34,50,50,5093.13169438529,89.5,53.9,39,6.4,32.53,80.3806098044618,,,,,,,,8.535844508048822,0.40391880660219925
CIV,Cote Divoire,1999,,51.7,,,,,,30,30,,50.9,88.7,,55,,76.5,34,50,50,4987.35708530265,,,,,,80.1505456997365,,,,,,,,8.514861893111393,-2.0982614937429034
CIV,Côte d'Ivoire,2000,5.75,50.2,8.52,2.86,6.6,6.04,4.73,30,31,,51.8,73,,55,,76.8,34,50,50,4838.34023729938,,,,,,80.0593692209323,,,,,,,,8.48453367581143,-3.0328217299961935
CIV,Côte d'Ivoire,2001,5.81,54.8,8.62,2.99,6.77,6.13,4.52,30,26,,52.1,82.7,,55,,86,61,50,50,4609.14469395303,,,,,,80.1828797157392,,,,,,,,8.43601452247276,-4.851915333867041
CIV,Côte d'Ivoire,2002,5.54,57.3,7.64,2.64,6.77,6.13,4.52,30,27,,52.2,85.5,,55,,85.4,61,50,70,4368.92808837279,88.8,53.1,41.3,6.1,32.89,80.1512714068716,,,,,,,,8.382501832204305,-5.351269026845529
CIV,Côte d'Ivoire,2003,5.64,56.7,8.1,2.64,6.8,6.1,4.54,30,24,,52.4,90.2,,55,,78.1,61,50,70,4060.00038038427,,,,,,80.183504808044,,,,,,,,8.30918462135393,-7.331721085037479
CIV,Côte d'Ivoire,2004,5.72,57.8,8.2,2.63,7.1,6.12,4.54,30,27,,52.2,91.7,,55,,78.4,65.8,50,70,4088.94517328472,,,,,,80.1617481615116,,,,,,,,8.316286843882137,0.7102222528207136
CIV,Côte d'Ivoire,2005,5.8,56.6,8.3,3.01,6.88,6.29,4.54,30,21,,52,88.6,,55,59.9,78.4,61,50,70,4032.24588029846,,,,,,80.1362493378695,,,,,,,,8.302326760111022,-1.396008377111535
CIV,Côte d'Ivoire,2006,5.61,56.2,7.02,3.18,6.94,6.28,4.61,30,20,,52.2,88.4,,46.4,60.3,80.9,63.6,50,70,4049.26032962496,,,,,,79.9846875006817,,,,,,,,8.306536436954527,0.420967684350515
CIV,Côte d'Ivoire,2007,5.7,54.9,7.21,3.1,6.98,6.26,4.93,30,19,,52.1,87.8,,48.1,59.9,78.6,63.6,40,70,3999.69095682208,,,,,,79.8555069716699,,,,,,,,8.29422236438985,-1.2314072564677758
CIV,Côte d'Ivoire,2008,5.43,53.9,6.77,3.11,6.01,6.33,4.92,30,21,,52.3,88.1,,47.3,60.2,80.7,59.8,40,60,4096.72346918931,89.1,54.5,43.2,5.1,26.81,79.6052882972561,,,,,,,,8.318186847066004,2.3964482676154475
CIV,Côte d'Ivoire,2009,5.65,55,6.8,3.1,6.44,6.38,5.47,30,21,,58.1,87.6,,45.8,57.8,79.1,70.4,40,60,4151.05360874982,,,,,,79.0661801742685,,,,,,,,8.331358336310979,1.317148924497502
CIV,Côte d'Ivoire,2010,5.42,54.1,6.71,3.09,6.15,6.28,4.86,30,20,,78.3,87.1,,43.7,56.1,76,64.3,35,50,4338.65248394142,,,,,,78.6679641701152,,,,,,,,8.375549551063893,4.4191214752913766
CIV,Côte d'Ivoire,2011,5.39,55.4,6.67,3.17,5.84,6.35,4.93,30,21,,78.5,88.4,,43.3,55.7,80.2,72.2,35,50,4017.40782040208,,,,,,78.3453576928986,,,,,,,,8.29864103858218,-7.690851248171349
CIV,Côte d'Ivoire,2012,5.42,54.3,5.66,3.56,6.5,6.31,5.06,20,22,,78.1,86.6,,42.7,56.1,81.7,70.3,35,50,4234.18055593319,,,,,,77.9447888641947,,,,,,,,8.351181240400056,5.254020181787666
CIV,Côte d'Ivoire,2013,5.64,54.1,6.04,4.23,6.54,6.31,5.08,25,22,,77.9,79.8,,43.3,54.6,77.8,70.3,40,50,4597.18635239866,,,,,,75.8313713974169,,,,,,,,8.433417233514172,8.223599311411611
CIV,Côte d'Ivoire,2014,5.81,57.7,6.1,4.45,6.84,5.63,6.04,30,22.1,,79.1,79.8,,55.1,59,80.6,71.4,50,50,4907.57450294516,,,,,,74.5592847189172,,,,,,,,8.498738853370275,6.53216198561033
CIV,Côte d'Ivoire,2015,6.04,58.5,7.1,4.41,6.83,5.74,6.11,35,27,,77.7,82.4,,65.4,46,75,71.4,55,50,5110.86240809881,90.2,54.7,41.5,5.7,17.28,73.3441705576149,,,,,,,,8.539319080221514,4.058022685123852
CIV,Côte d'Ivoire,2016,6.13,60,7.04,4.41,6.95,5.7,6.53,30,32,,78.3,85.4,,62.2,46.9,73.5,71.8,70,50,5320.84646239855,,,,,,72.0563509033746,,,,,,,,8.579575601515792,4.025652129427826
CIV,Côte d'Ivoire,2017,6.04,63,6.78,4.25,6.89,5.81,6.49,42.6,34.3,45.8,78.4,84.6,87,62.1,50.6,73.2,72.3,75,50,5556.11366322898,,,,,,72.6860894072429,,,,,,,,8.622834127133899,4.325852561810706
CIV,Côte d'Ivoire,2018,6.09,62,6.72,4.45,6.95,5.81,6.53,39.4,36.6,44.2,76.4,84.6,80.8,62.1,47.6,73.6,73.7,75,50,5670.20005356688,79.6,38.6,37.2,7,24.63,71.6948683588411,,,,,,,,8.643156023986231,2.032189685233199
CIV,Côte d'Ivoire,2019,6.07,62.4,6.48,4.6,6.94,5.79,6.54,40.9,38.1,47.8,77.5,83.9,74.3,61,52.5,74.2,73.6,75,50,5894.87874674153,,,,,,70.6320372605902,,,,,,,,8.682008868315357,3.8852844329126057
CIV,Côte d'Ivoire,2020,5.88,59.7,6.1,4.6,6.8,5.63,6.3,48.5,25.5,33,77.8,82.5,66.9,62.3,49.2,75.7,69.4,75,50,5787.81533309018,,,,,,71.4382740457868,,,,,,,,8.663682943948535,-1.8325924366822122
CIV,Côte d'Ivoire,2021,5.87,61.7,6.24,4.59,6.6,5.6,6.32,42.8,27,34.9,77.6,90.4,84.1,60.8,48.9,74.7,73.8,75,50,6045.20480490879,80.9,38.6,35.3,7.6,24.16,70.8756847520827,,,,,,,,8.707186049213046,4.350310526451118
CIV,Côte d'Ivoire,2022,5.89,61.6,6.17,4.68,6.51,5.79,6.32,45.4,33.8,30,79.1,89.7,73.8,61,55.9,71.3,73.6,75,50,6272.26395759415,,,,,,70.4359456335626,,,,,,,,8.744052065578149,3.6866016365102894
CMR,Cameroon,1995,4.94,51.3,5.74,2.96,5.95,5.85,4.01,50,10,,51.1,89.8,,55,,80.9,25,50,50,3526.54367510339,,,,,,82.6096322232769,,,,,,,,8.168357064969497,
CMR,Cameroon,1996,,45.7,,,,,,30,10,,51.3,88,,55,,72.4,25,50,30,3577.59204137871,89.8,57.6,44.4,6.1,45.8,82.4831525058971,,,,,,,,8.182724717507016,1.4367652537519149
CMR,Cameroon,1997,,44.6,,,,,,30,10,,51,88.8,,55,,61.7,25,50,30,3641.70750463277,,,,,,82.3611345133706,,,,,,,,8.200482504087883,1.7757786580867574
CMR,Cameroon,1998,,48,,,,,,30,25,,50.9,92.2,,55,,70.1,29,50,30,3714.13212604236,,,,,,82.167758988392407,,,,,,,,8.22016952207591,1.9687017988026412
CMR,Cameroon,1999,,50.3,,,,,,30,25,,50.9,92.2,,55,,74.6,45,50,30,3780.06217282191,,,,,,81.9244048571421,,,,,,,,8.237760247242095,1.7590725166185095
CMR,Cameroon,2000,5.29,49.9,6.84,2.8,6.71,5.36,4.64,30,14,,50.6,94.1,,55,,77.5,47.8,50,30,3822.94425358926,,,,,,81.6120670518842,,,,,,,,8.24903769602875,1.1277448786655597
CMR,Cameroon,2001,5.33,53.3,6.76,2.78,6.7,5.36,4.96,30,15,,50.4,89.2,,55,,78.6,61.6,50,50,3884.87304812714,82.3,43.4,42.1,6.2,39.35,81.4098475439436,,,,,,,,8.265102960368008,1.6065264339257368
CMR,Cameroon,2002,5.35,52.8,6.86,2.78,6.75,5.36,4.96,30,20,,50.4,89.2,,55,,82,48.2,50,50,3951.41936232132,,,,,,81.0743723032583,,,,,,,,8.282083167185775,1.6980206817766685
CMR,Cameroon,2003,5.42,52.7,6.89,2.79,7.1,5.36,4.96,30,20,,50.2,90.9,,55,,80.4,48.2,50,50,4054.78133246517,,,,,,80.7309806027482,,,,,,,,8.3078986317036,2.5815464517824793
CMR,Cameroon,2004,5.53,52.3,6.97,2.73,7.25,5.75,4.93,30,22,,50.4,89.4,,55,,75.9,48.2,50,50,4222.96638689885,,,,,,80.3999439817785,,,,,,,,8.348529867707382,4.0631236003783044
CMR,Cameroon,2005,5.48,53,6.95,2.72,6.97,5.77,5,30,18,,69,92.2,,55,52,80.6,53.4,50,30,4199.72270969362,,,,,,80.0345927812019,,,,,,,,8.34301186320505,-0.5518004502333085
CMR,Cameroon,2006,5.48,54.6,6.94,2.81,6.58,5.93,5.16,30,21,,69.4,93,,40.3,53.3,83.9,54.8,50,50,4241.51744722821,,,,,,79.6338638157894,,,,,,,,8.352912109587423,0.9900246382374078
CMR,Cameroon,2007,5.48,55.6,6.54,2.83,7.05,5.85,5.16,30,22,,69.5,92.4,,41,53.7,77.4,60,50,60,4302.6192630847,82.6,45.6,42.8,5.8,36.08,79.2592045903489,,,,,,,,8.367211636749493,1.4299527162069836
CMR,Cameroon,2008,5.43,54.3,6.71,2.74,6.52,6,5.22,30,23,,71.8,93.6,,40.3,55,72.3,57,50,50,4300.26640352464,,,,,,78.5622228316091,,,,,,,,8.366664770768967,-0.05468659805263343
CMR,Cameroon,2009,5.56,53,6.85,2.73,6.55,6.18,5.53,30,24,,69.6,93.6,,39.3,51.5,76,56,40,50,4286.57718166156,,,,,,77.9394072738217,,,,,,,,8.363477092865885,-0.31876779030817204
CMR,Cameroon,2010,5.77,52.3,7.65,2.76,6.68,6.07,5.7,30,23,,71.8,92.7,,37.2,52.2,71.9,59.7,35,50,4286.58302947378,,,,,,77.2990131783781,,,,,,,,8.363478456761621,1.3638957359063397e-4
CMR,Cameroon,2011,5.72,51.8,7.38,2.7,6.5,6.04,5.96,30,22,,66.9,89.7,,44.1,47,73.3,59.6,35,50,4307.85195558527,,,,,,76.6673090708565,,,,,,,,8.368426780002013,0.49483232403915167
CMR,Cameroon,2012,5.71,51.8,7.32,2.73,6.65,6.03,5.84,30,22,,69.3,90.8,,47.1,48.1,70.9,54.9,35,50,4382.11120797355,,,,,,75.9598247679606,,,,,,,,8.385514072666759,1.7087292664745846
CMR,Cameroon,2013,5.69,52.3,7.09,2.77,6.78,6,5.79,30,25,,69.3,87.1,,46.8,55.5,69.9,54.9,35,50,4473.57231896434,,,,,,75.2625574716895,,,,,,,,8.406166054960586,2.0651982293827587
CMR,Cameroon,2014,5.61,52.6,6.96,2.8,6.99,5.5,5.81,30,21.9,,71.7,86,,45,56.1,69.4,61.2,35,50,4588.4864949903,72.7,38.1,46.6,4.5,36.66,74.5631034668067,,,,,,,,8.431523422066364,2.5357367105778295
CMR,Cameroon,2015,5.62,51.9,7.21,2.8,6.9,5.37,5.83,25,25,,71.7,87.8,,41.6,47.8,75.6,59.6,35,50,4698.66677843587,,,,,,73.5754353091425,,,,,,,,8.45524688697962,2.3723464913254944
CMR,Cameroon,2016,5.6,54.2,6.82,2.76,7.12,5.39,5.91,25,27,,75.6,85.6,,46.9,48.9,81.2,61.6,40,50,4767.13186148953,,,,,,72.6209894940485,,,,,,,,8.469709863876522,1.4462976896902902
CMR,Cameroon,2017,5.63,51.8,6.83,2.72,7.1,5.44,6.03,43.5,17.4,29.6,75.4,84.4,60.9,44.3,47.8,80.1,53.4,35,50,4797.97544185544,,,,,,71.6542099172547,,,,,,,,8.476157724498922,0.6447860622399659
CMR,Cameroon,2018,5.73,51.9,7.25,2.77,7.05,5.46,6.12,40.6,23.4,29.4,73.7,86.1,72,44,42.9,82.5,53.4,25,50,4851.48003949961,,,,,,70.6635008051378,,,,,,,,8.487245201587948,1.108747708902591
CMR,Cameroon,2019,5.67,52.4,7.2,2.72,6.91,5.5,6.05,42.5,25.5,31.3,74.4,87.5,58.4,44.4,47.8,84,53.4,30,50,4882.35560028896,,,,,,69.7334962750829,,,,,,,,8.493587885552843,0.6342683964895457
CMR,Cameroon,2020,5.66,53.6,7.18,2.72,6.91,5.45,6.03,45.3,20.8,30.8,74.8,88.3,63.7,46,50.1,84.1,59.6,30,50,4763.48194388066,,,,,,69.7020286425947,,,,,,,,8.468944089061397,-2.4643796491446324
CMR,Cameroon,2021,5.68,53.4,7.23,2.74,6.92,5.42,6.07,38.3,21,27.2,74.8,89,79.9,43.9,49.9,81.2,55.2,30,50,4793.55628200196,74,37.5,42.2,5.4,,68.4733890637704,,,,,,,,8.475236445392698,0.6292356331300653
CMR,Cameroon,2022,5.61,52.9,7.27,2.77,6.45,5.47,6.08,39.1,19.9,10.9,74.7,90.1,78.7,60.4,46.4,79.9,55.2,30,50,4843.65038202917,,,,,32.5,68.179843923416,,,,,,,,8.485630361149273,1.0393915756575112
COD,"Congo, Dem. Rep.",1995,2.96,41.4,5.29,1.6,0.01,5.82,1.81,50,10,,50.9,97.2,,55,,0,49,30,30,1362.1877957229,,,,,,80.8774357712398,,,,,,,,7.217581203366915,
COD,Congo Dem Rep,1996,,39.5,,,,,,30,10,,54.7,97.2,,55,,0,49,30,30,1322.58011961553,,,,,,81.0593575645635,,,,,,,,7.188095556000787,-2.948564736612802
COD,Congo Dem Rep,1997,,39.5,,,,,,30,10,,54.7,97.2,,55,,0,49,30,30,1228.39076846803,,,,,,81.4476960199311,,,,,,,,7.114274015471258,-7.382154052952927
COD,Congo Dem Rep,1998,,40.6,,,,,,30,10,,54.5,97.2,,55,,10,49,30,30,1176.05049796489,,,,,,81.663119917072,,,,,,,,7.070767010303301,-4.350700516795669
COD,Congo Dem Rep,1999,,34,,,,,,10,10,,54.5,97.2,,55,,10,49,10,10,1088.65043725373,,,,,,81.8802430701845,,,,,,,,6.993612224020802,-7.715478628249972
COD,"Congo, Dem. Rep.",2000,3.43,34.8,6.95,1.36,1.44,3.83,3.51,10,10,,54.6,96.4,,55,,17.9,49,10,10,981.422080026496,,,,,,82.0534443127514,,,,,,,,6.890021032737309,-10.359119128349281
COD,"Congo, Dem. Rep.",2001,3.46,,6.75,1.38,2.69,3.6,2.84,,,,,,,,,,,,,930.8578260745,,,,,,82.1967326072483,,,,,,,,6.83718025591873,-5.284077681857902
COD,"Congo, Dem. Rep.",2002,3.95,,6.92,1.4,2.69,5.57,3.23,,,,,,,,,,,,,929.452807092197,,,,,,82.2814228365983,,,,,,,,6.835671357001592,-0.15088989171374578
COD,"Congo, Dem. Rep.",2003,4.34,,7.51,1.49,3.9,5.67,3.19,,,,,,,,,,,,,953.044643237975,,,,,,82.3252136529488,,,,,,,,6.860710466200329,2.5039109198736753
COD,"Congo, Dem. Rep.",2004,4.45,,7.18,1.5,5.27,5.51,2.86,,,,,,,,,,,,,987.746920877671,99.7,86.6,41.6,6.1,64.01,82.1971145734119,,,,,,,,6.896438404920424,3.5727938720095054
COD,"Congo, Dem. Rep.",2005,4.18,,7.06,1.52,3.76,5.29,3.33,,,,,,,,,,,,,1016.6338907666,,,,,,82.0274461122515,,,,,,,,6.925235496636814,2.879709171639
COD,"Congo, Dem. Rep.",2006,4.62,,7.47,1.52,5.49,5.24,3.42,,,,,,,,,,,,,1036.13329616563,,,,,,81.8416962420385,,,,,,,,6.944215740147953,1.898024351113925
COD,"Congo, Dem. Rep.",2007,4.62,,7.16,1.54,5.47,5.41,3.59,,,,,,,,,,,,,1091.0040733455,,,,,,81.6006030687386,,,,,,,,6.995769886467765,5.15541463198117
COD,"Congo, Dem. Rep.",2008,4.54,,7.03,1.53,5.16,5.42,3.65,,,,,,,,,,,,,1136.9467210438,,,,,,81.3170045233249,,,,,,,,7.036980795526832,4.121090905906666
COD,"Congo, Dem. Rep.",2009,4.88,42.8,6.68,1.63,6.85,5.4,3.89,10,19,,73.3,85.3,,34.3,34.5,59.5,62.2,30,20,1108.57506967795,,,,,,81.1513347191468,,,,,,,,7.0117324009021,-2.5248394624731496
COD,"Congo, Dem. Rep.",2010,5.09,41.4,6.84,1.91,6.35,5.64,4.72,10,17,,74,90.5,,33.5,33.4,58.7,61.7,15,20,1158.01422439658,,,,,,80.9426016930631,,,,,,,,7.055325116255449,4.359271535334841
COD,"Congo, Dem. Rep.",2011,5.1,40.7,7.33,1.92,5.96,5.64,4.64,10,19,,73.3,84.5,,37.8,37.3,46.7,63,15,20,1205.73984565432,,,,,,80.7669846578697,,,,,,,,7.095677659882718,4.035254362726892
COD,"Congo, Dem. Rep.",2012,5.25,41.1,7.59,1.92,6.45,5.64,4.64,10,20,,72.5,76.1,,38.7,39,51.2,63,20,20,1267.23827814087,97.9,73.8,42.1,5.6,58.6,80.6400587885107,,,,,,,,7.145384033857956,4.9706373975238805
COD,"Congo, Dem. Rep.",2013,5.31,39.6,7.8,1.86,6.15,5.64,5.1,10,20,,71.4,60.1,,38.7,36.3,56.5,63,20,20,1342.74156112016,,,,,,80.7675097625104,,,,,,,,7.2032132117596275,5.782917790167108
COD,"Congo, Dem. Rep.",2014,5.25,40.6,7.2,1.86,6.94,5.4,4.83,10,17.6,,69.4,74.6,,30,38.5,63,63,20,20,1392.75841334673,,,,,,80.8663516811374,,,,,,,,7.239759271672169,3.654605991254112
COD,"Congo, Dem. Rep.",2015,5.3,45,7.21,1.81,7.61,5.38,4.48,10,22,,72.9,85.7,,42.8,38.4,75.1,63,20,20,1433.21579814709,,,,,,80.9942726162592,,,,,,,,7.268373496690477,2.8614225018308126
COD,"Congo, Dem. Rep.",2016,5.52,46.4,7.62,1.84,7.74,5.47,4.95,10,22,,73.3,95.2,,42.8,41,78.5,61,20,20,1388.80163211633,,,,,,81.2064459829885,,,,,,,,7.236916305232919,-3.1457191457557876
COD,"Congo, Dem. Rep.",2017,4.77,56.4,7.87,2.39,3.76,5.55,4.26,40.6,28.6,48.7,73.4,94.7,99.3,59.9,38.4,78.6,64.6,30,20,1395.71961761712,,,,,,81.4444151093784,,,,,,,,7.241881635904444,0.4965330671525159
COD,"Congo, Dem. Rep.",2018,4.81,52.1,7.85,2.34,3.46,5.56,4.86,24.1,27.3,23.9,73.2,94.8,99.1,60.2,47.8,60.3,64.6,30,20,1431.7285269693,,,,,,81.6591653778133,,,,,,,,7.267335966035851,2.545433013140741
COD,"Congo, Dem. Rep.",2019,5.23,50.3,7.72,2.37,5.5,5.56,5,25.3,26.2,30.7,73.8,93.9,96.9,53.2,41.9,49.1,62.6,30,20,1394.76461472893,,,,,,81.9502345225141,,,,,,,,7.241197655014339,-2.6138311021512095
COD,"Congo, Dem. Rep.",2020,5.05,49.5,7.69,2.38,4.95,5.53,4.73,30.1,13.1,26.5,74.4,95.4,98,51.2,41.6,49.6,64.6,30,20,1361.02791099008,98,78,44.7,5.5,,83.0786328052548,,,,,,,,7.216729979150059,-2.446767586428056
COD,"Congo, Dem. Rep.",2021,5.21,49,7.57,2.51,5.43,5.51,5.03,23,11.5,18.2,71.3,96,99.5,53.1,40.2,61.7,63.2,30,20,1402.38560295221,,,,,,82.5934626014836,,,,,,,,7.246642884073968,2.9912904923909522
COD,"Congo, Dem. Rep.",2022,5.02,47.6,5.98,2.59,5.95,5.61,4.94,14.8,11.8,13.2,74.4,95.7,97.4,28.3,54,63.7,68,30,20,1484.33841881449,,,,,,82.3220896871642,,,,,,,,7.303397916731055,5.67550326570867
COG,"Congo, Rep.",1995,4.99,,6.75,3.15,5.83,6.21,3.18,,,,,,,,,,,,,7701.32468533336,,,,,,78.925857634444,,,,,,,,8.949277469463121,
COG,Congo Rep,1996,,40.3,,,,,,30,10,,49.6,54.8,,55,,50.9,52.4,30,30,7812.04779971641,,,,,,78.6105725027537,,,,,,,,8.96355040995018,1.427294048705896
COG,Congo Rep,1997,,42.2,,,,,,30,10,,54.1,59.8,,55,,58.8,52.4,30,30,7599.04815388587,,,,,,78.4824579267336,,,,,,,,8.935909862291965,-2.7640547658215553
COG,Congo Rep,1998,,33.8,,,,,,10,10,,54.5,67.5,,55,,62.4,25,10,10,7711.6321257605,,,,,,78.6180634676507,,,,,,,,8.950614799445898,1.4704937153933173
COG,Congo Rep,1999,,41.6,,,,,,30,10,,54.5,67.3,,55,,72.8,25,30,30,7312.32665071621,,,,,,78.1440887600504,,,,,,,,8.897453531402656,-5.316126804324206
COG,"Congo, Rep.",2000,4.14,40.6,4.52,2.29,4.37,5.73,3.81,30,10,,54.6,56.7,,55,,73.8,25,30,30,7570.58279297342,,,,,,77.589734333737,,,,,,,,8.932157412154785,3.470388075212938
COG,"Congo, Rep.",2001,4.33,44.3,4.55,2.33,4.9,5.63,4.28,30,10,,54.3,89.2,,55,,74.9,25,30,30,7567.43916817104,,,,,,77.476448400477,,,,,,,,8.93174213866897,-0.041527348581560375
COG,"Congo, Rep.",2002,4.17,45.3,4.5,2.33,4.29,5.61,4.14,30,10,,54.5,67.3,,55,,82.8,48.2,30,30,7729.3889014189,,,,,,77.3425873972336,,,,,,,,8.952914450978142,2.117231230917227
COG,"Congo, Rep.",2003,4.34,47.7,4.7,2.41,4.68,5.63,4.31,30,10,,58.8,80.5,,55,,86.7,48.2,30,30,7577.45630456352,,,,,,77.198746157092,,,,,,,,8.933064804144662,-1.9849646833479895
COG,"Congo, Rep.",2004,4.36,45.9,4.79,2.41,4.85,5.62,4.2,30,10,,59.4,70,,55,,80.2,48.2,30,30,7577.44597274153,,,,,,76.9496882169668,,,,,,,,8.933063440828887,-1.3633157749382008e-4
COG,"Congo, Rep.",2005,4.36,46.2,4.7,2.39,4.99,5.66,4.11,30,22,,60.2,62.2,,55,43.9,80.1,49,30,30,7876.11806658285,88.9,57.5,47.3,4.9,47.51,77.061810866142,,,,,,,,8.97171738836627,3.8653947537383715
COG,"Congo, Rep.",2006,4.36,43.8,4.08,2.44,5.03,5.91,4.39,10,23,,51,73.5,,47.4,45,78.5,49.4,30,30,8192.57979719023,,,,,,76.7474912404379,,,,,,,,9.011106175023523,3.9388786657251984
COG,"Congo, Rep.",2007,4.31,44.4,3.7,2.66,4.93,5.7,4.55,10,23,,59.8,75.5,,47.3,45,74.5,49.4,30,30,7375.82454100145,,,,,,76.8876594901773,,,,,,,,8.906098546000855,-10.500762902266736
COG,"Congo, Rep.",2008,4.24,45.3,4.19,2.68,4.09,5.7,4.52,10,22,,60.1,83.1,,45.4,45.2,73,54.6,30,30,7587.28826163492,,,,,,76.4763978700848,,,,,,,,8.934361319478686,2.8262773477830905
COG,"Congo, Rep.",2009,4.28,45.4,4.32,2.79,3.82,5.85,4.58,10,21,,60.2,77.6,,50.1,45.6,73.9,55.4,30,30,8138.45033818822,,,,,,76.5536860023096,,,,,,,,9.004477930695499,7.0116611216812785
COG,"Congo, Rep.",2010,4.26,43.2,4.29,2.62,3.99,5.84,4.56,10,19,,60.3,69.3,,48.7,48.1,70.8,61,15,30,8583.66179834288,,,,,,75.886426716713,,,,,,,,9.057732378070197,5.325444737469809
COG,"Congo, Rep.",2011,4.26,43.6,3.99,2.62,4.48,5.84,4.35,10,19,,61.8,79.7,,40.8,42.3,71.4,61,20,30,8492.42098392103,82.4,47.7,48.9,4.2,33.72,75.6943487180997,,,,,,,,9.047047140892648,-1.0685237177549212
COG,"Congo, Rep.",2012,4.46,43.8,5.11,2.63,4.29,5.9,4.39,10,21,,61.3,78,,40.6,45.7,71,60.7,20,30,9079.68656400891,,,,,,75.4528127319151,,,,,,,,9.113905081513149,6.685794062050121
COG,"Congo, Rep.",2013,4.69,43.5,5.81,2.63,4.68,5.89,4.47,10,22,,61.4,80.3,,31.5,44.8,74.3,60.7,20,30,8798.49382506314,,,,,,75.3534763988312,,,,,,,,9.082449478932778,-3.1455602580370723
COG,"Congo, Rep.",2014,4.64,43.7,4.89,2.74,5.62,5.63,4.33,10,20.6,,67.5,79.6,,35.1,47,72,55.6,20,30,9159.25664414045,,,,,,75.3052979669075,,,,,,,,9.122629475194945,4.017999626216628
COG,"Congo, Rep.",2015,4.81,42.7,6.14,2.74,5.26,5.69,4.27,10,22,,67.4,60.7,,36.8,36,71.6,62.4,30,30,8977.70681641417,,,,,,75.4905990090387,,,,,,,,9.102611143845403,-2.0018331349541896
COG,"Congo, Rep.",2016,5.04,42.8,6.43,2.72,5.87,5.8,4.38,10,23,,66.9,55.8,,35.9,38.8,75.6,52,40,30,8001.8255194505,,,,,,75.892202592545,,,,,,,,8.987549948236405,-11.506119560899819
COG,"Congo, Rep.",2017,5.05,40,6.41,2.78,5.88,5.8,4.4,34.8,30.5,22.6,66.8,36.2,11.6,32.1,37.5,76.1,52.2,50,30,7372.77046737599,,,,,,75.7871459411284,,,,,,,,8.905684451021314,-8.186549721509095
COG,"Congo, Rep.",2018,4.85,38.9,6.43,2.81,5,5.82,4.21,32.4,24.6,28.2,60.8,33.4,6.2,31.3,34.1,73.8,61.9,50,30,7029.33651566257,,,,,,75.5737050723614,,,,,,,,8.85798985217435,-4.769459884696303
COG,"Congo, Rep.",2019,4.87,39.7,6.59,2.79,4.91,5.82,4.23,33.2,25.3,29.6,59.5,40.6,0,38.2,35.8,82.6,56.8,45,30,6939.36913397466,,,,,,75.8302606009268,,,,,,,,8.845110241419873,-1.2879610754477966
COG,"Congo, Rep.",2020,4.96,41.8,6.07,2.83,5.79,5.72,4.4,40.7,23.1,30,63.3,56.2,0.6,37.5,35.3,83.2,56.8,45,30,6350.50913409722,,,,,,76.8075559992808,,,,,,,,8.75644772256328,-8.86625188565926
COG,"Congo, Rep.",2021,4.94,50.7,6.07,2.8,5.52,5.75,4.53,32.2,23.5,25.7,80.4,84,81.8,36.6,36.6,86.5,56.4,35,30,6263.21161292636,,,,,,76.2130893941425,,,,,,,,8.742608019495679,-1.3839703067601405
COG,"Congo, Rep.",2022,4.89,48.5,6.02,2.78,5.39,5.74,4.53,30.4,13.4,14.9,82.4,86,80,29.5,43.3,80.5,56.4,35,30,6205.1050414034,,,,,,75.9833630298331,,,,,,,,8.733288770647135,-0.9319248848543182
COL,Colombia,1995,6,64.5,7.56,5.18,5.03,7.14,5.18,50,10,,80.5,86,,85,,63.7,65,70,70,11279.0004579347,,,,,,40.0553565758796,,,,,,,,9.330786565649097,
COL,Colombia,1996,,64.3,,,,,,50,10,,80.4,99.2,,70,,64.1,65,70,70,11303.1308859186,66.7,35.3,56.8,2.5,,39.8469757961667,,,,,,,,9.332923503023322,0.21369373742246012
COL,Colombia,1997,,66.4,,,,,,50,34,,77.3,99.3,,70,,65.4,61,70,70,11483.5050125907,,,,,23.55,39.631529420585,,,,,,,,9.348754015595446,1.5830512572124533
COL,Colombia,1998,,65.5,,,,,,50,27,,76.2,99.1,,70,,66.2,61,70,70,11343.8799115733,,,,,,39.7751750351097,,,,,,,,9.336521812016738,-1.2232203578708578
COL,Colombia,1999,,65.3,,,,,,50,22,,75.9,98.9,,70,,67.3,63.2,70,70,10679.7092686089,69.2,38.4,58.5,2.2,,39.6825257793984,,,,,,,,9.276194521227515,-6.032729078922294
COL,Colombia,2000,5.96,63.3,5.94,4.54,5.91,7.03,6.4,50,22,,72.4,84.1,,70,,67.6,63.8,70,70,10813.4942250011,65.4,34.7,58.4,2.1,,39.6947238074318,,,,,,,,9.288642571228046,1.2448050000530841
COL,Colombia,2001,6.13,65.6,6.07,4.55,7.19,7.01,5.83,50,29,,72.4,88,,70,,71.7,69.2,70,70,10823.4504878807,71.5,39.6,57.3,2.5,,39.5025261341302,,,,,,,,9.289562788337916,0.0920217109870336
COL,Colombia,2002,6.24,64.2,6.52,4.5,7.42,6.69,6.1,30,32,,72.6,89.2,,70,,74.5,69.8,70,70,10925.1485602082,62.5,31.6,56,3.2,,39.2319596807969,,,,,,,,9.298914145807048,0.9351357469132182
COL,Colombia,2003,6.36,64.2,6.49,4.46,7.48,6.94,6.43,30,38,,72.5,87.6,,70,,76.5,63,70,70,11183.2911819793,63.3,31.1,53.6,3.5,,39.1509163416715,,,,,,,,9.322265499719373,2.3351353912325123
COL,Colombia,2004,6.4,61.2,7.2,4.5,7.46,6.63,6.2,30,36,,66.7,66.9,,70,,78.3,63,70,70,11607.9384935105,62.4,30.5,55,3.5,,39.5036500590418,,,,,,,,9.359530640151075,3.7265140431701482
COL,Colombia,2005,6.5,59.6,7.09,4.67,7.72,6.51,6.51,30,37,,66.7,66.3,,70,62.8,78.3,64.8,50,70,11999.2549591305,59.1,27.8,53.9,3.6,,37.8189943745979,,,,,,,,9.39268317513864,3.3152534987564763
COL,Colombia,2006,6.5,60.4,6.92,4.66,7.63,6.86,6.41,30,38,,66.6,68.3,,72.1,63.8,79.2,65.8,50,70,12636.6246577724,,,,,,39.5765975647162,,,,,,,,9.444433727396587,5.1750552257948
COL,Colombia,2007,6.53,59.9,6.84,4.69,7.38,7.15,6.57,30,40,,71.7,70.2,,71.8,63.5,70.3,71.4,50,60,13318.3033138168,,,,,,39.1535655916994,,,,,,,,9.496969638958983,5.253591156239601
COL,Colombia,2008,6.52,62.2,7.15,4.67,7.15,7.15,6.45,40,39,,72.8,71.2,,72.5,63.9,71.4,70.8,60,60,13591.0609028567,53.7,25.9,55.3,3,16.64,43.5757789928962,,,,,,,,9.517241144128715,2.0271505169731086
COL,Colombia,2009,6.54,62.3,6.94,4.68,7.58,7.07,6.4,40,38,,72.9,65.9,,77.4,66,70.6,72.4,60,60,13586.7518430982,52.5,24.6,54.3,3.3,,45.3076775787095,,,,,,,,9.516924066168327,-0.03170779603873797
COL,Colombia,2010,6.62,65.5,6.66,4.73,7.81,7.05,6.85,50,38,,74.3,74.8,,83.6,72.7,74,72.5,55,60,14037.0642668639,50,22.7,54.6,3.3,16.05,45.0367623889033,,,,,,,,9.549527795343993,3.2603729175665563
COL,Colombia,2011,6.64,68,6.38,4.73,7.7,7.36,7.02,50,37,,74.5,78.9,,86.1,79.3,75.8,73.2,65,60,14852.3699513061,47.2,20.7,53.5,3.5,,45.3860305633174,,,,,,,,9.60598205123339,5.645425588939723
COL,Colombia,2012,6.72,68,6.56,4.73,7.7,7.48,7.13,50,35,,76,74.1,,89.4,79.7,78.7,72.2,65,60,15279.4790008058,45.4,19.8,52.6,3.5,,44.8925726233459,,,,,,,,9.634331410449441,2.8349359216051084
COL,Colombia,2013,6.69,69.6,6.28,4.66,7.9,7.51,7.1,50,34,,76.1,75.2,,90.2,79.3,78.7,72.2,70,70,15912.2471293239,43,18.5,52.6,3.5,,44.3647499163015,,,,,,,,9.67490719411686,4.057578366741943
COL,Colombia,2014,6.57,70.7,6.21,4.68,7.79,7.01,7.18,50,33.2,,80.6,74.9,,85.2,80.5,78.8,78.8,75,70,16480.3631474161,40.8,17.2,52.5,3.6,,43.9321252809496,,,,,,,,9.709985515298577,3.5078321181716277
COL,Colombia,2015,6.57,71.7,6.44,4.63,7.57,6.96,7.28,50,36,,80.3,76,,81.5,81.7,80.1,81.2,80,70,16821.3801400631,40,16.5,51,3.8,,43.7094749790026,,,,,,,,9.730465430059418,2.047991476084121
COL,Colombia,2016,6.59,70.8,6.93,4.66,7.46,6.89,7.02,50,37,,80.1,74.4,,78.2,77.6,79.6,81,80,70,17003.244366485,40.1,16.3,50.6,3.9,14.46,43.9457077672816,,,,,,,,9.741218260493095,1.0752830433677474
COL,Colombia,2017,6.63,69.7,6.7,4.82,7.81,6.76,7.05,63.8,39.6,25.2,80.1,74.2,89.8,77.1,77.9,77,81.6,80,70,16986.0334182842,39.6,15.8,49.7,4.1,,43.9907710532752,,,,,,,,9.740205591903194,-0.10126685899010113
COL,Colombia,2018,6.66,68.9,6.62,4.85,8.02,6.84,6.98,60.7,33.4,36.4,80.3,74.4,82.2,78.6,75.2,73.9,81.6,80,70,17104.1313545678,39.6,15.9,50.4,4,,44.2544216354014,,,,,,,,9.74713377669048,0.6928184787286185
COL,Colombia,2019,6.72,67.3,7.02,4.88,8.05,6.78,6.9,59.2,33.5,34.3,74.3,75,79.2,71.4,78.5,75.6,76,80,70,17336.7716030551,40.3,16.8,51.3,3.7,,42.7650120334878,,,,,,,,9.760642730141628,1.350895345114722
COL,Colombia,2020,6.51,69.2,6.88,4.89,8.04,6.21,6.53,61.1,46.1,32.8,70.4,77,85.5,71.3,78,77.5,81.2,80,70,15861.4999291295,48,22.1,53.5,3.1,,44.3625992423816,,,,,,,,9.671713107554842,-8.892962258678594
COL,Colombia,2021,6.55,68.1,6.93,4.91,7.9,6.5,6.52,59.8,49.7,36.4,69.7,69.3,78.9,71,77.7,78.1,77,80,70,17383.0901728295,44,19.4,55.1,3.1,6.26,44.5307458332975,,,,,,,,9.763310709039098,9.159760148425633
COL,Colombia,2022,6.54,65.1,7.02,4.96,6.91,7.12,6.68,50.9,42,59.1,71.3,66,56.7,68.8,60.7,79.3,76.4,80,70,18458.7209460704,40.2,17.1,54.8,3.2,,44.2221914558041,,,,,,,,9.823346391261675,6.003568222257627
COM,Comoros,1995,,,3.05,,,,,,,,,,,,,,,,,2957.40898299767,,,,,,67.1956275176972,,,,,,,,7.992406897066078,
COM,Comoros,1996,,,,,,,,,,,,,,,,,,,,2892.08263672469,,,,,,67.2495305955419,,,,,,,,7.9700778689389695,-2.2329028127108685
COM,Comoros,1997,,,,,,,,,,,,,,,,,,,,2968.07724742894,,,,,,67.2446176934185,,,,,,,,7.996006492420899,2.592862348192959
COM,Comoros,1998,,,,,,,,,,,,,,,,,,,,2918.13300445377,,,,,,67.2252172141018,,,,,,,,7.979041934891005,-1.6964557529894009
COM,Comoros,1999,,,,,,,,,,,,,,,,,,,,2943.92006172568,,,,,,67.1933001358081,,,,,,,,7.987836951990865,0.8795017099860303
COM,Comoros,2000,,,3.45,,4.41,,4.91,,,,,,,,,,,,,2858.85692121457,,,,,,67.059726917272,,,,,,,,7.958526875015125,-2.9310076975740174
COM,Comoros,2001,,,3.45,,4.18,,4.91,,,,,,,,,,,,,2952.44235205824,,,,,,66.8223332758918,,,,,,,,7.9907266680391915,3.219979302406628
COM,Comoros,2002,,,3.45,,4.38,,4.91,,,,,,,,,,,,,3023.52434389434,,,,,,66.5446405278261,,,,,,,,8.01450911641335,2.378244837415888
COM,Comoros,2003,,,3.45,,4.36,,4.91,,,,,,,,,,,,,3023.18985379149,,,,,,66.2623980740216,,,,,,,,8.01439851766715,-0.011059874620045207
COM,Comoros,2004,,,3.45,,4.3,,4.91,,,,,,,,,,,,,3058.38338421434,76.7,40,55.9,4,,65.9606279591328,,,,,,,,8.025968666214188,1.1570148547038528
COM,Comoros,2005,,,3.45,,4.63,,4.91,,,,,,,,,,,,,3166.36268239583,,,,,,65.123059242748,,,,,,,,8.060654559210052,3.4685892995863554
COM,Comoros,2006,,,3.45,,6.89,,4.91,,,,,,,,,,,,,3048.69236655028,,,,,,64.2727562180213,,,,,,,,8.022796001088262,-3.785855812179051
COM,Comoros,2007,,,3.45,,6.79,,4.91,,,,,,,,,,,,,3012.54746686894,,,,,,63.4335154826958,,,,,,,,8.010873224207355,-1.1922776880906483
COM,Comoros,2008,,,3.45,,6.98,,4.91,,,,,,,,,,,,,3070.36952892496,,,,,,62.6145926619678,,,,,,,,8.029878841734963,1.9005617527607654
COM,Comoros,2009,,43.3,5.69,,6.54,,4.91,30,26,,64.6,88.1,,46.5,31.8,78.9,27.2,20,20,3107.45297029798,,,,,,61.8185042395423,,,,,,,,8.041880444207127,1.2001602472164308
COM,Comoros,2010,,44.9,5.67,,6.52,,5.91,30,25,,65,85.1,,43.7,31.4,76.4,62.4,10,20,3161.37481152565,,,,,,60.9705574010685,,,,,,,,8.059078546963926,1.7198102756799116
COM,Comoros,2011,,43.8,5.63,,6.71,,5.96,30,23,,64.8,77.8,,42.9,30.7,76.2,62.4,10,20,3227.21653582919,,,,,,60.1178495199061,,,,,,,,8.079685107632358,2.0606560668431584
COM,Comoros,2012,,45.7,4.91,,6.19,,5.96,30,21,,64.9,85.3,,41.5,31.2,78.3,69.4,15,20,3263.16316392712,,,,,,59.2840809146878,,,,,,,,8.090758703782852,1.107359615049397
COM,Comoros,2013,,47.5,3.5,,6.49,,5.95,30,24,,64.7,82.4,,44.7,51.2,74.6,68.8,15,20,3337.59859719238,,,,,,58.4275832399325,,,,,,,,8.113306416242795,2.2547712459942915
COM,Comoros,2014,,51.4,4.6,,6.84,,5.85,30,22.1,,64.5,85.3,,49.4,50.1,74.5,72.7,35,30,3334.57512780965,76.7,41.9,45.3,4.5,28.7,57.6101201410327,,,,,,,,8.112400395598403,-0.0906020644391603
COM,Comoros,2015,,52.1,3.96,,6.78,,6.14,30,28,,64.5,78.8,,47.3,52,77.9,73,40,30,3302.38635129322,,,,,,57.586844852356,,,,,,,,8.10270338836362,-0.9697007234782618
COM,Comoros,2016,,52.4,6.3,,6.8,,6.24,30,26,,64.5,81,,49.6,51,79.4,72,40,30,3342.76677092883,,,,,,57.5428510073403,,,,,,,,8.114853226236622,1.2149837873002056
COM,Comoros,2017,6.65,55.8,7.31,,7.07,6.41,6.25,37.3,30,22.6,64.6,81.2,98.6,58.5,50.6,81.5,70.2,45,30,3401.85239322573,,,,,,57.4843074315767,,,,,,,,8.13236929807551,1.751607183888737
COM,Comoros,2018,6.51,56.2,6.86,,6.94,6.41,6.27,36.7,27.5,28.2,59.7,77.8,96.6,57.5,58.7,81.2,74.9,45,30,3457.58685798732,,,,,,57.3912740906343,,,,,,,,8.148615362077548,1.6246064002038096
COM,Comoros,2019,5.83,55.4,6.67,3.19,6.69,6.42,6.14,36.5,24.4,29.6,63.9,73.4,91.7,57.2,60.3,82.8,70,45,30,3451.42139338772,,,,,,57.3159688493011,,,,,,,,8.146831116997523,-0.17842450800245047
COM,Comoros,2020,5.73,53.7,6.53,3.31,7,5.56,6.23,43.1,23.8,31.7,63.6,73.6,85,47.8,60.3,81.7,59.2,45,30,3377.74564051638,,,,,,57.6831543825804,,,,,,,,8.125259807324603,-2.157130967291998
COM,Comoros,2021,5.61,55.7,6.38,3.09,6.85,5.8,5.95,34,23.6,28.2,63.5,91.6,97.3,48.5,60.4,79.7,66.2,45,30,3377.88518482587,,,,,,57.1741859318259,,,,,,,,8.12530110709759,0.004129977298639176
COM,Comoros,2022,5.56,50.4,6.36,3.11,5.88,6.47,6.01,28.9,20.1,21.2,63,88.5,96.2,48.3,55.5,81.5,27,45,30,3399.27830776976,,,,,,57.1175867496498,,,,,,,,8.131612562480697,0.63114553831074
CPV,Cabo Verde,1995,,,7.61,6.17,,,,,,,,,,,,,,,,2763.39733371857,,,,,,46.3708201630344,,,,,,,,7.924577927710397,
CPV,Cabo Verde,1996,,49.7,,,,,,70,30,,64.3,30.9,,55,,72.3,45,70,10,3022.88825211585,,,,,,45.5034081747331,,,,,,,,8.014298782951226,8.972085524082907
CPV,Cabo Verde,1997,,47.7,,,,,,70,30,,63.6,17,,55,,68.3,45,70,10,3302.9740337536,,,,,,44.7579549631619,,,,,,,,8.102881275576573,8.858249262534734
CPV,Cabo Verde,1998,,48,,,,,,70,30,,63.5,19.8,,55,,69,45,70,10,3657.38118993776,,,,,,43.9281744602909,,,,,,,,8.204776030721662,10.189475514508928
CPV,Cabo Verde,1999,,50.7,,,,,,70,30,,64.7,44.8,,55,,67.2,45,70,10,4006.47964718799,,,,,,43.140814966330304,,,,,,,,8.295917805790335,9.114177506867271
CPV,Cabo Verde,2000,5.59,51.9,5.61,6.37,4.56,,6.51,70,30,,65,52,,55,,70.1,45,70,10,4510.13573659758,,,,,,42.2388908000419,,,,,,,,8.414304227090385,11.838642130005006
CPV,Cabo Verde,2001,6.12,56.3,7.86,6.33,4.56,,6.51,70,30,,64.9,61.1,,70,,71.2,39.4,70,30,4540.90731780518,79.9,45.6,52.5,4.2,12.22,41.665936057046,,,,,,,,8.421102316866197,0.6798089775811533
CPV,Cabo Verde,2002,5.78,57.6,5.65,6.34,5.17,,6.51,50,30,,64.5,49.6,,70,,87.2,46.8,70,50,4710.2410491228,,,,,,41.1954662104363,,,,,,,,8.457706644685203,3.6604327819006244
CPV,Cabo Verde,2003,6.51,56.1,6.31,6.34,7.03,,6.51,50,30,,64.2,36.5,,85,,81.1,58.4,50,50,4841.265398715,,,,,,40.6801630718841,,,,,,,,8.485137947791637,2.7431303106434157
CPV,Cabo Verde,2004,6.6,58.1,6.78,6.35,6.97,,6.51,50,30,,64,69.7,,85,,86.4,38,50,50,5268.30312485708,,,,,,40.2253111779605,,,,,,,,8.569653398419202,8.451545062756516
CPV,Cabo Verde,2005,6.44,57.8,6.1,6.24,7.03,,6.51,50,30,,81.2,64.5,,85,56.9,87.1,23,50,50,5565.76951208069,,,,,,39.8819119647062,,,,,,,,8.624570184790148,5.491678637094566
CPV,Cabo Verde,2006,6.28,58.6,6.11,6.26,6.47,,6.53,70,30,,77.1,71,,55.7,57,89.3,36.2,50,50,5941.38218091511,,,,,,39.503242542153,,,,,,,,8.689865372519519,6.52951877293706
CPV,Cabo Verde,2007,6.83,56.5,8.03,6.26,6.63,,6.77,70,30,,67,56.5,,55.7,56.4,88.1,41.2,50,50,6767.40677380347,74.2,37.9,47.2,5,14.32,38.9466538942213,,,,,,,,8.820021001992309,13.015562947279058
CPV,Cabo Verde,2008,6.52,57.9,7.03,6.26,6.43,,6.68,70,40,,66.2,60.5,,55.3,56.7,78.7,41.2,60,50,7169.13944155367,,,,,,38.2738546888411,,,,,,,,8.877680381319992,5.765937932768317
CPV,Cabo Verde,2009,6.67,61.3,7.06,6.26,7.02,,6.53,70,49,,65.5,62.2,,57.1,46.9,76.9,65.4,60,60,6994.5740991365,,,,,,37.8238817476002,,,,,,,,8.85303295651757,-2.4647424802422435
CPV,Cabo Verde,2010,6.44,61.8,5.71,6.25,7.06,6.52,6.62,65,51,,65.6,65.3,,63.3,48.1,74.5,65.5,60,60,7072.12150207342,,,,,,37.536904259806,,,,,,,,8.864057175182438,1.1024218664868357
CPV,Cabo Verde,2011,6.61,64.6,6.65,6.29,6.92,6.56,6.62,65,51,,77.3,71,,64.8,50,79.2,67.6,60,60,7325.78441834692,,,,,,37.2714501837043,,,,,,,,8.899292010818261,3.5234835635822748
CPV,Cabo Verde,2012,6.72,63.5,5.93,6.27,8.39,6.57,6.46,65,51,,77.3,61.8,,59,48.5,80.5,66.9,65,60,7397.82220702474,,,,,,37.0748444748488,,,,,,,,8.909076105311899,0.9784094493637596
CPV,Cabo Verde,2013,6.6,63.7,5.28,6.29,8.44,6.59,6.43,70,55,,77.9,65.4,,58.9,40.3,78,66.9,65,60,7440.66242650114,,,,,,36.8725868725869,,,,,,,,8.914849547289347,0.5773441977448002
CPV,Cabo Verde,2014,7.01,66.1,6.94,6.39,8.42,6.84,6.46,70,54.9,,77.4,68.6,,63.8,48,79.1,69.6,70,60,7491.02198228243,,,,,,36.7319047443157,,,,,,,,8.921593997660374,0.6744450371027
CPV,Cabo Verde,2015,7.14,66.4,7.48,6.37,8.4,6.86,6.57,75,58,,78.3,67.9,,61.8,42.1,81,69.6,70,60,7560.13649202469,65,29,42.4,5.7,21.24,36.5856223446767,,,,,,,,8.930776787508107,0.9182789847733019
CPV,Cabo Verde,2016,7.19,66.5,7.52,6.35,8.25,7,6.82,75,57,,78.1,66.9,,61.3,43.6,84.5,68.2,70,60,7881.30336227784,,,,,,36.4977176137258,,,,,,,,8.972375444996777,4.15986574886702
CPV,Cabo Verde,2017,7.26,56.9,7.67,6.29,8.36,7.09,6.91,42.6,41.8,50.2,78.3,70.7,1.2,65.5,43.2,86.7,68.2,75,60,8234.56000312459,,,,,,36.2780673511552,,,,,,,,9.016216643107741,4.384119811096454
CPV,Cabo Verde,2018,7.59,60,7.57,6.3,9.63,7.61,6.86,42.1,42.8,52,74,71.5,40.2,64.6,40.5,83.5,68.2,80,60,8531.12961646549,,,,,,36.4917051641414,,,,,,,,9.051594271279116,3.537762817137491
CPV,Cabo Verde,2019,7.47,63.1,7.53,6.32,9.67,7.01,6.82,44.1,43.7,49,76.4,71.2,59.7,65.2,55.7,84.1,68.2,80,60,9111.62993173269,,,,,,35.7537600559636,,,,,,,,9.117416634841618,6.582236356250171
CPV,Cabo Verde,2020,7.37,63.6,7.25,6.46,9.62,7.03,6.5,47.5,46.1,48,77.7,71.7,66.2,58.5,55.6,83.1,68.2,80,60,7207.86853962048,,,,,,36.3314898708783,,,,,,,,8.883067288646753,-23.43493461948647
CPV,Cabo Verde,2021,7.35,63.8,7.23,6.39,9.54,6.98,6.61,44.5,48.7,47.5,77.9,70.7,69.7,60.6,55.2,83.3,68,80,60,7685.41921393669,,,,,,35.9508466956392,,,,,,,,8.947210312174048,6.414302352729528
CPV,Cabo Verde,2022,7.37,66.7,7.53,6.36,8.81,7.61,6.56,66.1,60.9,77.4,77.5,68.1,48.3,59.8,52.4,84.4,66,80,60,8850.1066918812,,,,,,35.4300331057859,,,,,,,,9.088297780113963,14.1087467939915
CRI,Costa Rica,1995,7.42,68,7.66,6.45,7.92,8.09,7.06,50,50,,82.6,90.8,,70,,70.9,78,70,50,12593.2255061637,41.9,18.1,45.7,4,,30.0655002411195,,,,,,,,9.440993694729551,
CRI,Costa Rica,1996,,66.4,,,,,,50,50,,82.5,90.5,,70,,71.9,63,70,50,12467.6212160351,45.9,20.2,46.5,3.8,,29.3006325478966,,,,,,,,9.430970464480396,-1.002323024915519
CRI,Costa Rica,1997,,65.6,,,,,,50,50,,82.7,87.9,,70,,67,63,70,50,12856.5832725459,42.7,18,45.6,4.2,,30.2947350150258,,,,,,,,9.461689054201763,3.0718589721367096
CRI,Costa Rica,1998,,65.6,,,,,,50,50,,82.4,87,,70,,67.7,63,70,50,13481.0594799651,37.3,15.2,45.6,4.3,,28.7193305128961,,,,,,,,9.5091151532094,4.742609900763739
CRI,Costa Rica,1999,,67.4,,,,,,50,65,,83.2,85.9,,70,,70.4,63,70,50,13760.9236981946,41.3,17.1,47.6,4,,28.4905637433727,,,,,,,,9.52966090536358,2.0545752154179198
CRI,Costa Rica,2000,7.68,68.4,7.9,6.31,8.35,8.6,7.27,50,56,,83.2,88,,70,,72.5,75.6,70,50,14018.7425010386,41.4,17.3,47.4,3.9,,28.22203439819,,,,,,,,9.548221793874879,1.8560888511299112
CRI,Costa Rica,2001,7.18,67.6,7.81,6.25,6.84,8.55,6.47,50,51,,83.2,88,,70,,74.3,71.8,70,50,14250.4627491739,32.1,13.3,51.5,3.5,,28.0625082014914,,,,,,,,9.564614829493577,1.6393035618698093
CRI,Costa Rica,2002,7.17,67.5,7.61,6.19,7.08,8.58,6.43,50,54,,83.3,85.5,,70,,74.2,71,70,50,14495.9925105457,31.8,12.9,51.8,3.5,,28.7288276392763,,,,,,,,9.581696493829787,1.7081664336210167
CRI,Costa Rica,2003,7.27,67,7.78,6.28,7.13,8.71,6.5,50,45,,83.2,83.6,,70,,74,77.6,70,50,14891.3398216888,30.4,12.4,49.3,3.7,,26.8838561691876,,,,,,,,9.608602253808861,2.6905759979074517
CRI,Costa Rica,2004,7.09,66.4,7.91,6.28,6.99,7.87,6.42,50,45,,83,78.1,,70,,75.1,76.4,70,50,15323.2892201469,32.2,12.6,48.4,4,12.29,28.1598751397948,,,,,,,,9.63719437931425,2.859212550538892
CRI,Costa Rica,2005,7.36,66.1,8.36,6.49,7.77,7.78,6.39,50,43,,83,84.7,,70,61.1,75.5,73.4,70,50,15703.9624720506,29.6,11.1,47.5,4.2,,26.0154200192253,,,,,,,,9.661732022415649,2.4537643101398388
CRI,Costa Rica,2006,7.55,65.9,8.51,6.46,7.81,8.32,6.66,50,49,,83,85.2,,59.4,61.2,73.7,77.4,70,50,16620.1356432064,29.4,10.9,49.3,4.1,,26.5230861977778,,,,,,,,9.718430395991206,5.669837357555707
CRI,Costa Rica,2007,7.4,64,8.54,6.43,6.77,8.43,6.87,50,42,,83,86.4,,59,60.1,67.1,82.4,70,40,17743.6227382356,24.3,8.4,49.3,4.3,,24.652112632804,,,,,,,,9.783837804681905,6.54074086906995
CRI,Costa Rica,2008,7.18,64.2,8.04,6.42,6.38,8.48,6.58,50,41,,82.9,87.4,,60,61.2,67.9,81.8,70,40,18334.0135988616,23.3,8.3,48.6,4.3,,24.5906131158125,,,,,,,,9.816567822193813,3.2730017511907405
CRI,Costa Rica,2009,7.28,66.4,7.87,6.45,7.02,8.4,6.65,50,50,,82.8,88.4,,60.3,61.2,69.7,81.8,70,50,17932.6147807275,22.8,8.2,50.6,4,,24.5211458632142,,,,,,,,9.794432151451227,-2.213567074258549
CRI,Costa Rica,2010,7.33,65.9,7.81,6.42,7.49,8.36,6.58,50,51,,82.4,87,,59.3,59,67.8,82.5,70,50,18660.9198222783,18.8,6.4,48,4.4,,23.8317143711872,,,,,,,,9.83424035347557,3.9808202024342876
CRI,Costa Rica,2011,7.64,67.3,7.81,6.39,8.88,8.47,6.65,55,53,,82.3,86.9,,58.2,62.1,70.7,85.2,70,50,19254.9142153099,19.8,6.8,48.8,4.2,,23.6826340732098,,,,,,,,9.865573524494005,3.1333171018435024
CRI,Costa Rica,2012,7.63,68,7.65,6.4,8.97,8.44,6.68,55,53,,82.8,90.8,,57.6,62.7,73.4,85.1,70,50,19960.7933253035,18.4,6.3,48.4,4.2,10.8,24.9781285769893,,,,,,,,9.901575391786638,3.6001867292632994
CRI,Costa Rica,2013,7.65,67,7.61,6.44,9.11,8.42,6.65,50,48,,82.9,90.1,,58.3,60.4,75.4,85.1,70,50,20232.2670799446,18.4,6.4,49.2,4.1,,27.2362890193681,,,,,,,,9.915083413906801,1.3508022120163332
CRI,Costa Rica,2014,7.62,66.9,7.62,6.44,9.21,8.23,6.6,50,50.9,,80,90,,64.9,53.3,76.3,83.8,70,50,20724.9217693423,18.3,6.2,48.6,4.2,,26.6272496600503,,,,,,,,9.939140455219153,2.4057041312351757
CRI,Costa Rica,2015,7.7,67.2,7.67,6.39,9.64,8.3,6.49,50,53,,80,89.9,,64.5,54.6,75.8,83.8,70,50,21254.7840932049,17.5,6.1,48.4,4.3,,26.5333002960316,,,,,,,,9.96438432993628,2.5243874717126857
CRI,Costa Rica,2016,7.73,67.4,7.68,6.46,9.68,8.31,6.51,50,54,,79.4,88.7,,68.6,53.8,77.6,81.6,70,50,21925.6000803999,17,5.8,48.7,4.2,,24.8440335030415,,,,,,,,9.995455794299268,3.107146436298791
CRI,Costa Rica,2017,7.66,65,7.45,6.41,9.56,8.32,6.56,51.6,55.4,55.6,79.4,88.5,42.4,68.1,53.9,80.8,84.7,70,50,22622.5534502517,15.8,5.1,48.3,4.4,,24.492541574141,,,,,,,,10.026746830623663,3.129103632439545
CRI,Costa Rica,2018,7.67,65.6,7.63,6.37,9.58,8.18,6.6,54.8,51.8,57.8,79.3,88.9,46.8,68.3,50.3,85,84.7,70,50,23005.3121471794,16.5,5.8,48,4.3,11.02,24.6291977643677,,,,,,,,10.043523898440908,1.6777067817244529
CRI,Costa Rica,2019,7.62,65.3,7.48,6.37,9.7,8.19,6.38,58.3,54.5,54,79.2,88.4,42.5,67.2,55.2,83.2,81.4,70,50,23364.783127574,16.7,5.3,48.2,4.4,,25.2783664801008,,,,,,,,10.059027971695631,1.5504073254723139
CRI,Costa Rica,2020,7.62,65.8,7.33,6.63,9.7,7.97,6.44,66.7,57.2,54.4,78.9,88.4,39.7,66.5,55,81.2,81.4,70,50,22211.8613921698,23.3,8.4,49.2,4,,25.7975182166931,,,,,,,,10.00842674209622,-5.060122959941182
CRI,Costa Rica,2021,7.74,64.2,7.49,6.64,9.56,8.3,6.71,64,59,58.1,79.9,87.7,24.3,66.2,55.5,80.9,75,70,50,23852.9253020002,17.8,5.7,48.7,4.3,,25.4165880205252,,,,,,,,10.079704065667299,7.127732357107952
CRI,Costa Rica,2022,7.6,65.4,7.58,6.67,8.81,8.25,6.71,66.4,63.1,78.4,79.2,86.6,10.9,66,56.6,83.1,74.6,70,50,24831.7193480342,17.1,5.4,47.2,4.5,,24.8774870081078,,,,,,,,10.119917391153658,4.021332548635925
CUB,Cuba,1995,,27.8,,,,,,10,10,,47.6,0,,40,,62.9,60,10,10,,,,,,,6.28728710955624,,,,,,,,,
CUB,Cuba,1996,,27.8,,,,,,10,10,,47.6,0,,40,,62.9,60,10,10,,,,,,,6.04017827309259,,,,,,,,,
CUB,Cuba,1997,,27.8,,,,,,10,10,,47.6,0,,40,,62.9,60,10,10,,,,,,,6.87250227154748,,,,,,,,,
CUB,Cuba,1998,,28.2,,,,,,10,10,,47.6,0,,40,,65.4,60.6,10,10,,,,,,,7.82495514207828,,,,,,,,,
CUB,Cuba,1999,,29.7,,,,,,10,10,,47.6,10.2,,40,,69.2,60.6,10,10,,,,,,,9.01681438033312,,,,,,,,,
CUB,Cuba,2000,,31.3,,,,,,10,10,,47.6,0,,40,,73.2,60.6,30,10,,,,,,,9.43603939389983,,,,,,,,,
CUB,Cuba,2001,,31.6,,,,,,10,10,,46.5,0,,40,,77,60.6,30,10,,,,,,,10.4119549736886,,,,,,,,,
CUB,Cuba,2002,,32.4,,,,,,10,10,,46.5,12.5,,40,,72,60.6,30,10,,,,,,,10.4410248365855,,,,,,,,,
CUB,Cuba,2003,,35.1,,,,,,10,10,,50.9,18.3,,55,,68.3,63.8,30,10,,,,,,,11.2760042430888,,,,,,,,,
CUB,Cuba,2004,,34.4,,,,,,10,10,,49.9,14.8,,55,,66.4,63.6,30,10,,,,,,,11.5007795422568,,,,,,,,,
CUB,Cuba,2005,,35.5,,,,,,10,46,,46.7,5.9,,55,20,70.6,61.2,30,10,,,,,,,11.2359419548723,,,,,,,,,
CUB,Cuba,2006,,29.3,,,,,,10,37,,44.2,0,,10,20,71.5,60.2,30,10,,,,,,,10.1685794272976,,,,,,,,,
CUB,Cuba,2007,,28.6,,,,,,10,38,,51.7,10,,10,20,65.8,60.2,10,10,,,,,,,9.59554726280699,,,,,,,,,
CUB,Cuba,2008,,27.5,,,,,,10,35,,54.8,0,,10,20,64.6,60.8,10,10,,,,,,,9.79229088401852,,,,,,,,,
CUB,Cuba,2009,,27.9,,,,,,10,42,,45.9,0,,10,20,67,64.4,10,10,,,,,,,9.36291840346313,,,,,,,,,
CUB,Cuba,2010,,26.7,,,,,,10,43,,45.9,0,,10,20,66.7,61.7,0,10,,,,,,,9.47516549760378,,,,,,,,,
CUB,Cuba,2011,,27.7,,,,,,10,44,,49,0,,10,20,71.6,62.2,0,10,,,,,,,14.8255467500509,,,,,,,,,
CUB,Cuba,2012,,28.3,,,,,,10,37,,61.5,0,,10,20,71.3,62.7,0,10,,,,,,,16.3596336890655,,,,,,,,,
CUB,Cuba,2013,,28.5,,,,,,10,42,,62.7,0,,10,20,67.4,62.7,0,10,,,,,,,17.2283529136258,,,,,,,,,
CUB,Cuba,2014,,28.7,,,,,,10,41.2,,60,0,,20,20,65.8,60,0,10,,,,,,,18.3683679723168,,,,,,,,,
CUB,Cuba,2015,,29.6,,,,,,10,46,,61.8,0,,20,20,64.8,63.8,0,10,,,,,,,19.4088398321664,,,,,,,,,
CUB,Cuba,2016,,29.8,,,,,,10,46,,52.1,0,,20,20,65.2,64.6,10,10,,,,,,,20.3468481512906,,,,,,,,,
CUB,Cuba,2017,,33.9,,,,,,32.4,41.8,10,51.3,0,81.2,20,20,66,64.5,10,10,,,,,,,21.3144886466382,,,,,,,,,
CUB,Cuba,2018,,31.9,,,,,,29.7,38.1,10,49,0,64.4,20,20,66.4,64.7,10,10,,,,,,,21.2662835521349,,,,,,,,,
CUB,Cuba,2019,,27.8,,,,,,31.6,37.7,10,48.8,0,15.6,20,20,65.6,64,10,10,,,,,,,21.3959678962647,,,,,,,,,
CUB,Cuba,2020,,26.9,,,,,,20.1,38.7,10,49.5,0,14.8,20,20,64.1,65.6,10,10,,,,,,,21.0584273271116,,,,,,,,,
CUB,Cuba,2021,,28.1,,,,,,27.7,48.7,10,47.1,0,14.6,20,20,64.6,64.2,10,10,,,,,,,20.512754835402,,,,,,,,,
CUB,Cuba,2022,,29.5,,,,,,31.5,39.9,15.6,48.4,0,11.4,41.1,20,61.8,64,10,10,,,,,,,20.2362786108614,,,,,,,,,
CYP,Cyprus,1995,6.61,,6.68,6.12,7.25,6.64,6.33,,,,,,,,,,,,,29870.7734375,,,,,,18.9244502390717,,,,,,,,10.304669281309115,
CYP,Cyprus,1996,,67.7,,,,,,50,50,,71.9,67.9,,85,,76,68.4,70,70,29765.501953125,,,,,,18.8187849019688,,,,,,,,10.301138944691528,-0.3530336617586727
CYP,Cyprus,1997,,67.9,,,,,,50,50,,71.3,67.9,,85,,78.5,68.4,70,70,30121.57421875,,,,,,18.76103986827,,,,,,,,10.313030143691815,1.189119900028679
CYP,Cyprus,1998,,68.2,,,,,,50,50,,71.1,67.7,,85,,78.9,71.2,70,70,31572.765625,,,,,,18.6126748217694,,,,,,,,10.360081853026179,4.705170933436342
CYP,Cyprus,1999,,67.8,,,,,,70,50,,71.2,62.4,,85,,78.4,72.8,50,70,32781.875,,,,,,18.5391889850864,,,,,,,,10.397661554370124,3.7579701343945615
CYP,Cyprus,2000,6.67,67.2,6.85,6.23,6.67,7.12,6.49,70,50,,71.7,54.4,,85,,79.8,74.4,50,70,34369.87890625,,,,,,18.0952853340136,,,,,,,,10.444964941418291,4.730338704816717
CYP,Cyprus,2001,6.74,71,6.77,6.41,6.96,7.12,6.49,90,50,,71.4,58.9,,85,,86.2,77,50,70,35345.33984375,,,,,,17.1633550390502,,,,,,,,10.472950125476055,2.7985184057763846
CYP,Cyprus,2002,7.11,73,7.42,6.35,8.13,7.15,6.57,90,70,,71.2,58.9,,85,,83.5,78.8,50,70,36243.49609375,,,,,,17.3845773796367,,,,,,,,10.49804281685864,2.5092691382583965
CYP,Cyprus,2003,7.08,73.3,7.21,6.35,8.02,7.34,6.5,90,70,,70.7,59.8,,85,,85,79.4,50,70,36744.97265625,,,,,,17.951434397913,,,,,,,,10.51178391105079,1.3741094192150527
CYP,Cyprus,2004,7.77,74.1,7.4,6.47,9.43,8.81,6.73,90,70,,81.4,56.2,,85,,84.6,79.4,50,70,38079.0859375,0.3,0.1,30.1,8.8,,16.6563814061625,,,,,,,,10.547446745664836,3.5662834614045735
CYP,Cyprus,2005,7.74,71.9,7.63,6.58,9.22,8.51,6.78,90,61,,79,57.4,,85,70,83,73.6,50,70,39356.1640625,0.1,0.1,30.3,8.9,,15.8301236079999,,,,,,,,10.580433297312752,3.2986551647915974
CYP,Cyprus,2006,7.7,71.8,7.7,6.59,9.07,8.61,6.55,90,54,,79.1,48.3,,70,70,84.4,82.4,70,70,40529.46875,0,0,31.1,8.8,,15.149468948366,,,,,,,,10.609809285062505,2.937598774975392
CYP,Cyprus,2007,7.73,71.7,7.59,6.69,8.96,8.79,6.65,90,57,,79.4,44.8,,70,70,84.7,81.6,70,70,41698.4453125,0.1,0,31.1,8.7,,14.2527033696774,,,,,,,,10.638243105839909,2.8433820777403085
CYP,Cyprus,2008,7.73,71.3,7.59,6.65,9.01,8.77,6.67,90,56,,78.2,43,,70,70,85,81,70,70,42147.4296875,0,0,31.7,8.7,,14.4003985663292,,,,,,,,10.648952707397926,1.0709601558017923
CYP,Cyprus,2009,7.72,70.8,7.38,6.61,9.24,8.79,6.6,90,53,,76.6,42.2,,70,70,85.7,80.8,70,70,40204.23046875,0.2,0.1,32.1,8.5,7.82,14.6282581566313,,,,,,,,10.601752377306324,-4.720033009160218
CYP,Cyprus,2010,7.74,70.9,7.28,6.58,9.16,8.56,7.12,80,64,,72.7,44.8,,80.3,61.5,82.9,82.5,70,70,40060.45703125,0.2,0.1,31.5,8.6,,13.8284223657228,,,,,,,,10.598169979782806,-0.3582397523517855
CYP,Cyprus,2011,7.7,73.3,6.99,6.56,9.18,8.52,7.24,80,66,,74.6,45.6,,80.1,71.4,87.6,82.6,75,70,39214.00390625,0.3,0.1,32.6,8.4,,13.4184575450116,,,,,,,,10.57681470525788,-2.1355274524927026
CYP,Cyprus,2012,7.62,71.8,7.03,6.43,9.37,8.08,7.17,70,63,,83.3,37.1,,81.6,69.9,85.7,82.1,75,70,37289.62109375,0.1,0,34.3,8,,12.4992706479563,,,,,,,,10.526497128806486,-5.031757645139301
CYP,Cyprus,2013,7.2,69,7.27,6.38,7.25,7.95,7.14,70,63,,79.8,32.7,,80.7,62.8,84.1,81.8,75,60,34873.13671875,0.3,0.2,37,7.7,,13.51956104273,,,,,,,,10.459500765233063,-6.699636357342342
CYP,Cyprus,2014,7.28,67.6,7.31,6.4,7.15,8.76,6.77,70,64,,79.7,36.2,,79.7,70.2,78.8,82.8,65,50,34353.9296875,0.4,0.2,35.6,7.6,,14.1834031373325,,,,,,,,10.44450080081776,-1.4999964415302713
CYP,Cyprus,2015,7.9,67.9,7.4,6.32,9.56,8.72,7.5,70,63,,79.5,36.7,,79.5,59.6,82.7,88,70,50,35451.58203125,0.2,0.1,34,7.9,8.72,12.6110111615334,,,,,,,,10.475951365168237,3.1450564350476995
CYP,Cyprus,2016,7.88,68.7,7.45,6.37,9.4,8.74,7.42,70,63,,76.1,47.3,,74.5,58.2,85.3,88,75,50,37585.18359375,0.1,0.1,32.9,8.2,,12.4756636055831,,,,,,,,10.534391804235861,5.844043906762408
CYP,Cyprus,2017,7.89,67.9,7.49,6.42,9.29,8.81,7.45,75.4,53.6,60.7,73,48.8,72.9,75.8,58.6,83.3,87,75,50,39409.34765625,0.2,0,31.4,8.4,,11.0948430668008,,,,,,,,10.581783691673865,4.739188743800327
CYP,Cyprus,2018,7.81,67.8,7.47,6.53,9.04,8.76,7.25,71.2,41.3,56.7,75.2,52.9,79.3,77,55.7,83,86.9,75,60,41399.93359375,0.3,0.1,32.7,8.4,,11.1081555567378,,,,,,,,10.631058710132816,4.927501845895144
CYP,Cyprus,2019,7.86,68.1,7.28,6.52,9.27,8.79,7.46,73.1,43.7,48.1,74.9,55.2,80.3,76.9,59.5,84,86,75,60,43249.79296875,0.5,0.2,31.2,8.5,,11.712463383962,,,,,,,,10.674770846729523,4.371213659670659
CYP,Cyprus,2020,7.48,70.1,6.68,6.55,8.75,8.51,6.93,77.4,57.6,50.5,74.8,58.6,80,76.6,59.7,84.3,86.4,75,60,41297.48046875,0.2,0.1,31.7,8.5,,11.9814251748547,,,,,,,,10.62858098574805,-4.618986098147282
CYP,Cyprus,2021,7.5,71.4,6.7,6.73,8.55,8.25,7.28,78.5,65,57.9,80.2,52.1,82,76.1,60.5,85,84,75,60,45322.54296875,0.1,0,31.3,8.6,,9.90363120896757,,,,,,,,10.72158188880188,9.30009030538308
CYP,Cyprus,2022,7.53,72.9,6.85,6.7,7.83,8.9,7.39,85.6,62.9,90.9,80.3,44.3,71.2,74.9,66.4,83.9,79.2,75,60,48168.50390625,0,0,31.5,8.7,,9.17234429114858,,,,,,,,10.782481400759732,6.089951195785126
CZE,Czechia,1995,6.46,67.8,5.89,7.03,6.29,8.03,5.07,70,50,,46.7,38.2,,100,,69.2,76,70,90,26869.0197149398,,,,,,8.70114122134475,,,,,,,,10.198766435324929,
CZE,Czech Rep,1996,,68.1,,,,,,70,50,,47.5,38.2,,100,,72.5,75,70,90,28021.6704584336,2,0.5,25.8,10,,8.70477798720375,,,,,,,,10.240769120789894,4.200268546496488
CZE,Czech Rep,1997,,68.8,,,,,,70,50,,53.7,35.4,,100,,74.4,76,70,90,27884.7397585343,,,,,,8.86970823755119,,,,,,,,10.235870717377427,-0.4898403412466834
CZE,Czech Rep,1998,,68.4,,,,,,70,54,,54.7,39.3,,85,,75.9,77.4,70,90,27801.4387801408,,,,,,10.1120514026015,,,,,,,,10.232879021735382,-0.29916956420450447
CZE,Czech Rep,1999,,69.7,,,,,,70,52,,59.2,44.8,,85,,76.4,79.8,70,90,28213.4555005997,,,,,4.24,10.9218442569883,,,,,,,,10.247589731992669,1.4710710257286763
CZE,Czechia,2000,7.11,68.6,6.13,6.82,7.81,8.34,6.43,70,48,,58.1,49.6,,85,,75,72,70,90,29427.4070011514,,,,,3.87,10.8357113444229,,,,,,,,10.28971571136128,4.212597936861151
CZE,Czechia,2001,7.29,70.2,6.14,6.75,8.92,8.5,6.15,70,46,,67.5,49.6,,85,,81.2,72.8,70,90,30399.8730764283,,,,,3.72,11.1566883721244,,,,,,,,10.322226606601264,3.251089523998374
CZE,Czechia,2002,7.45,66.5,6.05,6.68,9.39,8.6,6.55,70,43,,66.8,33.7,,70,,82.2,73,70,90,30919.549661870202,1.2,0.2,26.6,9.6,4.06,11.9528043882803,,,,,,,,10.339176279447303,1.6949672846038766
CZE,Czechia,2003,7.37,67.5,5.3,6.72,9.73,8.54,6.54,70,39,,67.2,45.6,,70,,81.9,73.6,70,90,31949.2963145034,,,,,3.83,12.9795011537138,,,,,,,,10.37193673408203,3.2760454634727765
CZE,Czechia,2004,7.54,67,5.89,6.71,9.51,8.72,6.87,70,37,,67,40.9,,70,,84.6,73.4,70,90,33452.3408000614,1.9,0.4,27.5,9,3.97,12.840144275933,,,,,,,,10.417906935010553,4.597020092852233
CZE,Czechia,2005,7.51,64.6,5.84,6.76,9.57,8.29,7.09,70,39,,68.2,15.1,,70,57.7,88.9,76.8,70,90,35535.7479961511,1.1,0.2,26.9,9.3,3.99,12.3014425343978,,,,,,,,10.478322594881364,6.041565987081121
CZE,Czechia,2006,7.54,66.4,5.9,6.76,9.45,8.48,7.12,70,42,,68.8,36.8,,57.8,60.3,85.9,82.4,70,90,37786.8781740905,1,0.2,26.7,9.3,5.36,12.0826808992441,,,,,,,,10.539743646952699,6.142105207133497
CZE,Czechia,2007,7.65,67.4,6.61,6.77,9.14,8.49,7.21,70,43,,69.9,47.1,,61.1,59.7,86.3,86.6,70,80,39629.0061324728,0.8,0.2,26,9.7,4.06,12.4362621742137,,,,,,,,10.587341840927664,4.759819397496479
CZE,Czechia,2008,7.56,68.1,6.51,6.91,8.76,8.45,7.19,70,48,,71.3,45.6,,64.2,66.1,80.3,86,70,80,40328.3426630095,0.9,0.2,26.3,9.8,4.53,12.5501674241936,,,,,,,,10.604834588776228,1.749274784856425
CZE,Czechia,2009,7.6,69.4,6.21,6.91,9.38,8.45,7.04,70,52,,80.2,43,,65.1,67.8,79.7,85.8,70,80,38175.1422773334,1,0.2,26.2,9.6,4.93,13.0458559092726,,,,,,,,10.549966051769717,-5.4868537006511175
CZE,Czechia,2010,7.69,69.8,6.47,6.88,9.4,8.2,7.52,65,52,,80.1,45.6,,65.5,76.4,75.6,87.5,70,80,39097.3886218756,1.1,0.3,26.6,9.4,5.4,14.0797235420596,,,,,,,,10.573836533407494,2.3870481637777274
CZE,Czechia,2011,7.74,70.4,6.61,6.91,9.41,8.15,7.65,65,49,,81,44.8,,69.8,77,80,87.6,70,80,39708.1626280195,0.9,0.2,26.4,9.3,6.85,14.439152640993001,,,,,,,,10.58933723672138,1.5500703313886532
CZE,Czechia,2012,7.82,69.9,6.66,7.06,9.41,8.33,7.65,70,46,,82,36.8,,67.7,77.9,81.5,87.1,70,80,39347.0492956846,1.1,0.3,26.1,9.6,5.4,15.0290537676357,,,,,,,,10.58020167944483,-0.9135557276550799
CZE,Czechia,2013,7.87,70.9,6.69,7.06,9.65,8.26,7.7,70,44,,82,43.5,,65.8,85.5,81.7,86.8,70,80,39317.5535692377,0.8,0.2,26.5,9.4,5.63,14.1893047184708,,,,,,,,10.579451787451152,-0.07498919936779203
CZE,Czechia,2014,7.95,72.2,6.53,7.15,9.7,8.81,7.56,70,45.3,,81.7,43.8,,70.1,84,79.4,87.8,80,80,40158.0164275735,1.1,0.2,25.9,9.7,4.86,14.5358283738005,,,,,,,,10.600602262720411,2.115047526925906
CZE,Czechia,2015,7.96,72.5,6.42,7.23,9.67,8.77,7.71,75,48,,81.5,40.6,,68.2,82.9,81.2,88,80,80,42066.5759800801,0.7,0.1,25.9,9.7,6.22,13.814761325026,,,,,,,,10.64703255619576,4.643029347534977
CZE,Czechia,2016,8.01,73.2,6.7,7.25,9.65,8.78,7.69,75,51,,82.5,47.3,,66.6,77.7,84.1,88,80,80,43069.4659744727,0.8,0.2,25.4,10,,14.020032806256,,,,,,,,10.670592796992944,2.3560240797182885
CZE,Czechia,2017,7.98,73.3,6.7,7.23,9.4,8.85,7.7,70.3,55.9,55.9,82.9,45.3,92,67.2,77.7,85.8,87,80,80,45177.5226053634,0.5,0.2,24.9,10.2,,13.9833291322777,,,,,,,,10.718377089296172,4.778429230322878
CZE,Czechia,2018,7.98,74.2,6.68,7.27,9.41,8.8,7.72,73,51.1,57.9,82.9,48.6,96.2,72.5,76.8,85.2,86.9,80,80,46301.082036029,0.4,0.1,25,10.2,5.06,13.8169342651411,,,,,,,,10.742942207444035,2.456511814786211
CZE,Czechia,2019,7.94,73.7,6.65,7.27,9.33,8.8,7.66,74.8,52.1,47.6,82.6,52.1,97.6,72.4,78.1,81.5,86,80,80,47763.6165520254,0.3,0.1,25.3,10.1,6.15,13.7726275771591,,,,,,,,10.774040404869632,3.109819742559772
CZE,Czechia,2020,7.71,74.8,6.19,7.32,9.21,8.56,7.3,76.8,64.2,49.9,82,52.7,97.8,69.7,77.6,80.8,86.4,80,80,45119.9387309139,0.5,0.1,26.2,9.8,,14.0265417271519,,,,,,,,10.71710169116194,-5.693871370769266
CZE,Czechia,2021,7.78,73.8,6.21,7.34,9.18,8.81,7.33,76.2,64.4,56.8,79.1,51.4,98.1,68.8,77.1,79.7,84,70,80,47796.0337408466,0.3,0.1,26.2,9.7,8.24,13.2478426636467,,,,,,,,10.774718860923192,5.761716976125264
CZE,Czechia,2022,7.65,74.4,6.46,7.4,8,8.86,7.53,88.8,59.6,81.8,78.9,44.7,93.2,80.6,56.5,79,79.2,70,80,48390.661678675,0.6,0.1,25.9,9.8,7.87,13.9586071672468,,,,,,,,10.787082798496709,1.2363937573516282
DEU,Germany,1995,7.93,69.8,6.03,8.56,9.75,9.55,5.76,90,90,,33.2,30.6,,85,,81.6,77.8,70,70,45475.6859114918,0.5,0.3,28.8,8.7,,7.25996892091443,,,,,,,,10.724955076068925,
DEU,Germany,1996,,69.1,,,,,,90,90,,44,27.1,,70,,83.5,77.8,70,70,45814.8523072639,0.2,0.1,28,9.1,,7.18440627083764,,,,,,,,10.732385430462418,0.7430354393493488
DEU,Germany,1997,,67.5,,,,,,90,81,,37.8,28,,70,,85.6,75,70,70,46596.1810672853,0.5,0.2,28.2,9,,7.31891138181412,,,,,,,,10.749295326165674,1.6909895703255629
DEU,Germany,1998,,64.3,,,,,,90,83,,37.8,26.8,,55,,87,79.4,70,50,47565.4526830045,0.2,0.1,28.3,9.1,,7.31308661124397,,,,,,,,10.769883016181328,2.0587690015654303
DEU,Germany,1999,,65.6,,,,,,90,82,,38.3,24.1,,70,,86.6,79.4,70,50,48547.0040773031,0.2,0.1,29,8.9,,7.15785648577301,,,,,,,,10.790308362211235,2.042534602990642
DEU,Germany,2000,8.13,65.7,5.83,8.56,9.47,9.59,7.2,90,79,,38.6,28,,70,,88.1,78,70,50,49875.8764172059,0.2,0.1,28.9,8.9,,7.13832994361471,,,,,,,,10.817312775884577,2.7004413673342498
DEU,Germany,2001,8.01,69.5,6.04,8.4,9.46,9.51,6.65,90,80,,44.7,33.7,,70,,89.4,78,90,50,50606.7114616457,0.2,0.1,29.9,8.8,,7.2312887139114,,,,,,,,10.831859244091572,1.4546468206994234
DEU,Germany,2002,8.06,70.4,6.05,8.41,9.53,9.54,6.77,90,76,,53.3,36.5,,70,,88,79.6,90,50,50406.3800683443,0.2,0.1,29.8,8.7,,7.14923603424598,,,,,,,,10.82789287326711,-0.3966370824461052
DEU,Germany,2003,8.12,69.7,6.16,8.45,9.54,9.58,6.84,90,74,,55.7,30,,70,,86.6,81.4,90,50,50111.5752591319,0.5,0.2,29.8,8.7,,7.26307436031963,,,,,,,,10.822027258753215,-0.5865614513895778
DEU,Germany,2004,8.02,69.5,6.27,8.45,9.46,9.12,6.8,90,73,,56.4,29.4,,70,,87.1,79.8,90,50,50704.9219887398,0.5,0.1,30.2,8.7,,7.72229144514195,,,,,,,,10.833797987269792,1.1770728516577122
DEU,Germany,2005,8.01,68.1,6.45,8.54,9.43,8.65,6.97,90,77,,58.4,28.6,,70,48.7,88.1,80.2,90,50,51182.9591615718,0.2,0.1,31.7,8.3,,7.82880171729668,,,,,,,,10.843181464314094,0.9383477044302424
DEU,Germany,2006,7.95,70.8,6.51,8.49,9.28,8.77,6.68,90,82,,60.8,31.7,,89.1,44.4,87.1,82.4,90,50,53222.0409282226,0.2,0.1,31,8.5,,7.81580271169644,,,,,,,,10.882246681723496,3.90652174094015
DEU,Germany,2007,7.9,70.8,6.38,8.45,9.29,8.7,6.71,90,82,,61.4,33.7,,88.9,44.2,81.5,86.6,90,50,54832.9610328446,0.2,0.1,31.2,8.5,,7.38982539541776,,,,,,,,10.912065007861433,2.981832613793678
DEU,Germany,2008,7.85,70.6,6.37,8.35,9.31,8.55,6.67,90,80,,58.4,34,,89.9,46.3,81.4,86,80,60,55425.1109251245,0.2,0.1,30.8,8.6,,7.00175870270074,,,,,,,,10.922806078038704,1.074107017727144
DEU,Germany,2009,7.89,70.5,6.15,8.57,9.41,8.52,6.83,90,78,,58.5,38.2,,90.3,43.4,80.8,85.8,80,60,52484.8550055388,0.2,0.1,30.5,8.5,,7.01772960715379,,,,,,,,10.868298983811417,-5.45070942272865
DEU,Germany,2010,7.93,71.1,6.19,8.47,9.37,8.38,7.26,90,79,,58.3,41.4,,89.6,39.9,79.9,87.5,85,60,54738.708300671096,0.2,0.2,30.2,8.6,3.61,6.75517744752431,,,,,,,,10.910344653765549,4.204566995413117
DEU,Germany,2011,8.01,71.8,6.21,8.45,9.41,8.34,7.64,90,80,,58.5,42.7,,89.6,40.6,83.9,87.6,85,60,57858.4222602355,0.2,0.1,30.6,8.6,,7.02180025751223,,,,,,,,10.965771593347808,5.542693958225975
DEU,Germany,2012,7.99,71,6.13,8.45,9.35,8.28,7.74,90,79,,61.3,32.2,,90.5,41.4,83.5,87.1,85,60,58017.5855783147,0.2,0.1,31.1,8.3,,6.84590019039311,,,,,,,,10.96851867920373,0.2747085855920872
DEU,Germany,2013,8.01,72.8,6.3,8.38,9.35,8.23,7.78,90,80,,61.8,37.3,,92.1,43.8,81.2,86.8,85,70,58089.1708538296,0.2,0.1,31.5,8.3,,6.52421225849841,,,,,,,,10.969751752174018,0.12330729702885179
DEU,Germany,2014,8.08,73.4,6.28,8.4,9.48,8.45,7.76,90,80.1,,61.2,38.2,,89.9,46.4,80.8,87.8,90,70,59108.6977289315,0.5,0.2,30.8,8.2,,6.31938811783888,,,,,,,,10.987150280100916,1.7398527926898666
DEU,Germany,2015,8.13,73.8,6.22,8.26,9.6,8.59,7.97,90,78,,60.8,40.1,,88.2,51.2,81.5,88,90,70,59573.7089539686,0.2,0.1,31.7,8.1,,6.15334219504752,,,,,,,,10.994986416583101,0.7836136482184841
DEU,Germany,2016,8.09,74.4,6.2,8.23,9.34,8.65,8.02,90,79,,61.5,41.3,,90,50.6,83.3,88,90,70,60407.9713703755,0.2,0.1,31.4,8,,6.01011095191089,,,,,,,,11.00889290551514,1.3906488932038386
DEU,Germany,2017,8.02,73.8,6.06,8.2,9.12,8.7,8.02,82.9,77.7,79.5,61.9,41.4,89.9,86.6,42.8,85.9,87,80,70,61866.4872205276,0.5,0.3,31.3,8,,5.81126821381395,,,,,,,,11.03275007384101,2.385716832587015
DEU,Germany,2018,7.99,74.2,6.04,8.11,9.17,8.65,7.97,81,75.3,78,61.3,41.3,90.8,86.1,53.3,86.2,86.9,80,70,62381.3478772241,0.5,0.2,31.9,8,,5.54823982417323,,,,,,,,11.041037627754616,0.8287553913605805
DEU,Germany,2019,7.99,73.5,5.99,8.11,9.3,8.66,7.86,79.9,81.3,75.4,60.8,42.3,91.8,83.3,52.8,77.9,86,80,70,62849.3741865912,0.5,0.3,31.8,7.9,,5.29598518556429,,,,,,,,11.048512167645718,0.7474539891102694
DEU,Germany,2020,7.74,73.5,5.64,8.16,8.9,8.43,7.56,80.5,82.8,74.3,60.9,42.2,92.9,82.8,53,76.7,86.4,80,70,60203.289760263,0.5,0.3,32.4,7.8,,5.04590467990138,,,,,,,,11.005498887234276,-4.301328041144181
DEU,Germany,2021,7.7,72.5,5.6,8.15,8.87,8.13,7.74,78.8,81.5,69.8,60.4,40.3,92.8,82.4,53,77.2,84,80,70,62530.7653199239,,,,,,4.88659251518676,,,,,,,,11.04342995173047,3.7931064496193656
DEU,Germany,2022,7.8,76.1,5.78,8.15,8.6,8.73,7.75,95.7,89.4,95.3,59.9,34.5,90.4,87.2,52.3,79.5,79.2,80,70,63676.087821808,,,,,,4.57471962343057,,,,,,,,11.061580088031093,1.8150136300622677
DJI,Djibouti,1995,,,2.47,,,,,,,,,,,,,,,,,,,,,,,33.669510405912,,,,,,,,,
DJI,Djibouti,1996,,,,,,,,,,,,,,,,,,,,,,,,,,33.9131536171919,,,,,,,,,
DJI,Djibouti,1997,,54.5,,,,,,50,30,,84.1,44.5,,55,,75.5,51,50,50,,,,,,,34.1445397879058,,,,,,,,,
DJI,Djibouti,1998,,55.9,,,,,,50,30,,84.7,55.1,,55,,77.2,51,50,50,,,,,,,34.3903119916058,,,,,,,,,
DJI,Djibouti,1999,,57.1,,,,,,50,30,,84.9,63.9,,55,,79.1,51,50,50,,,,,,,34.5715048664377,,,,,,,,,
DJI,Djibouti,2000,,55.1,2.39,,8.74,,5.3,50,30,,86,63.3,,55,,80.2,51,50,30,,,,,,,34.6923739270148,,,,,,,,,
DJI,Djibouti,2001,,58.3,2.39,,9.43,,5.3,50,30,,87.1,67.3,,55,,84,51,50,50,,,,,,,34.7713693869515,,,,,,,,,
DJI,Djibouti,2002,,57.8,2.39,,9.65,,5.3,50,30,,78.8,67.3,,55,,87.8,51,50,50,,84.3,45.2,40,6,20.65,34.7652793741886,,,,,,,,,
DJI,Djibouti,2003,,55.7,2.39,,9.38,,5.37,30,30,,80.1,67.9,,55,,87,51,50,50,,,,,,,34.6991274615744,,,,,,,,,
DJI,Djibouti,2004,,55.6,2.39,,9.15,,5.37,30,30,,80.5,73.5,,55,,88.7,43,50,50,,,,,,,34.5986907359651,,,,,,,,,
DJI,Djibouti,2005,,55.2,2.39,,9.25,,5.37,30,30,,80.3,67.5,,55,59.7,86.9,43,50,50,,,,,,,34.4288010988497,,,,,,,,,
DJI,Djibouti,2006,,53.2,5.05,,9.15,,5.37,30,30,,80.3,60,,38.3,59.9,84.8,28.6,50,70,,,,,,,34.2685447155092,,,,,,,,,
DJI,Djibouti,2007,,52.4,3.9,,8.87,,5.37,30,30,,80.5,60,,38.3,59.3,79,36.4,50,60,,,,,,,33.9591533605644,,,,,,,,,
DJI,Djibouti,2008,,51.2,3.74,,6.91,,5.37,30,30,,80.8,57.8,,37.7,59.6,78.3,28.2,50,60,,,,,,,33.5864105496287,,,,,,,,,
DJI,Djibouti,2009,,51.3,2.39,,8.93,,5.37,30,29,,80.8,59.4,,38.1,57.9,76.6,31.8,50,60,,,,,,,33.470612377758,,,,,,,,,
DJI,Djibouti,2010,,51,2.39,,8.49,,6.18,30,30,,78.2,58.9,,35.7,55.3,70.5,31.9,60,60,,,,,,,33.2780186272273,,,,,,,,,
DJI,Djibouti,2011,,54.5,2.39,,8.29,,6.18,30,28,,79.6,50.5,,32.9,67.7,76.6,59.6,60,60,,,,,,,33.0508302888284,,,,,,,,,
DJI,Djibouti,2012,,53.9,2.39,,8.54,,6.18,30,32,,80.3,42.4,,30.5,61.6,77.2,59.6,65,60,,77.5,40,45.1,4.3,3.36,32.8597704483575,,,,,,,,,
DJI,Djibouti,2013,,53.9,3.54,,9.28,,6.18,30,30,,79.4,48.8,,30,59.6,76.6,59.6,65,60,4469.07409933135,81.7,44,44.1,5,,32.5508980491767,,,,,,,,8.40516026450184,
DJI,Djibouti,2014,,55.9,4.44,,9.53,,6.74,30,30.9,,80.6,62.8,,42.7,65.1,77.2,54.8,65,50,4705.04926772184,,,,,,32.2748351683019,,,,,,,,8.45660403836167,5.144377385983034
DJI,Djibouti,2015,,57.5,4.23,,9.46,,6.74,25,36,,81.2,57.1,,55.4,66.6,78.9,54.8,70,50,4961.8681860592,,,,,,31.9445900688923,,,,,,,,8.509739115907555,5.313507754588542
DJI,Djibouti,2016,,56,5.02,,9.18,,6.86,25,34,,80.6,57.4,,50.8,62.9,74.3,54.6,70,50,5226.50026106607,,,,,,31.5839953672704,,,,,,,,8.56168848124369,5.1949365336135145
DJI,Djibouti,2017,7.09,46.7,5.75,,9.67,6.34,6.85,12.3,32.6,10.3,80.9,39.5,13.8,51.6,59,75.3,54.9,80,50,5421.95649149613,80.8,40.4,41.6,5.4,5.74,31.155627317731,,,,,,,,8.59839642385039,3.6707942606700072
DJI,Djibouti,2018,6.98,45.1,5.28,,9.83,6.35,6.75,19,29,13.8,69.8,27.2,18,51.7,58.9,69.5,54.9,80,50,5590.50426604853,,,,,,30.7466394260905,,,,,,,,8.629003629420385,3.0607205569994633
DJI,Djibouti,2019,6.25,47.1,5.18,3.57,9.38,6.35,6.75,29.7,28.1,18.1,76.2,27.3,18.1,54.7,60.4,72.7,50.4,80,50,5809.30455041341,,,,,,30.3354144829786,,,,,,,,8.667388266787727,3.8384637367341767
DJI,Djibouti,2020,6.43,52.9,5.81,3.62,9.61,6.35,6.75,58.8,25.5,31.7,75.3,53.6,10.9,62.3,60.6,76.5,49.8,80,50,5791.47767679877,,,,,,31.2678517037062,,,,,,,,8.664315402487931,-0.3072864299795697
DJI,Djibouti,2021,6.41,56.2,6.32,3.59,9.64,5.74,6.75,42.8,27.9,28.2,79.6,80.4,79.4,63.3,49.4,70.4,43.2,60,50,5960.10807396825,,,,,,30.8966763731299,,,,,,,,8.69301166122975,2.8696258741819136
DJI,Djibouti,2022,6.23,55.3,5.88,3.64,9.11,5.76,6.75,33.1,24.5,28.3,80,83.3,92.1,48.6,50.7,69.5,43.2,60,50,6180.67998594606,,,,,,30.6597171951161,,,,,,,,8.729345355895383,3.633369466563252
DMA,Dominica,1995,,,,,,,,,,,,,,,,,,,,12343.9001238545,,,,,,,,,,,,,,9.420998311333793,
DMA,Dominica,1996,,,,,,,,,,,,,,,,,,,,12737.8972359049,,,,,,,,,,,,,,9.452415366188553,3.1417054854760096
DMA,Dominica,1997,,,,,,,,,,,,,,,,,,,,13037.1491313755,,,,,,,,,,,,,,9.475634887628571,2.3219521440017488
DMA,Dominica,1998,,,,,,,,,,,,,,,,,,,,13563.4528199459,,,,,,,,,,,,,,9.515207886641843,3.9572999013271826
DMA,Dominica,1999,,,,,,,,,,,,,,,,,,,,13661.6785774172,,,,,,,,,,,,,,9.522423203024603,0.7215316382760406
DMA,Dominica,2000,,,,,,,,,,,,,,,,,,,,14054.6548016043,,,,,,,,,,,,,,9.55078007077227,2.8356867747666215
DMA,Dominica,2001,,,,,,,,,,,,,,,,,,,,14091.5491387572,,,,,,,,,,,,,,9.553401506822611,0.2621436050342041
DMA,Dominica,2002,,,,,,,,,,,,,,,,,,,,13640.70330575,,,,,,,,,,,,,,9.520886799389244,-3.2514707433367818
DMA,Dominica,2003,,,,,,,,,,,,,,,,,,,,14398.0017636834,,,,,,,,,,,,,,9.574914161194783,5.40273618055398
DMA,Dominica,2004,,,,,,,,,,,,,,,,,,,,14962.2456326016,,,,,,,,,,,,,,9.613352182048251,3.843802085346759
DMA,Dominica,2005,,,,,,,,,,,,,,,,,,,,15080.5206040984,,,,,,,,,,,,,,9.6212254722939,0.7873290245649756
DMA,Dominica,2006,,,,,,,,,,,,,,,,,,,,15727.7053232323,,,,,,,,,,,,,,9.663242686449616,4.201721415571491
DMA,Dominica,2007,,,,,,,,,,,,,,,,,,,,16560.5179009944,,,,,,,,,,,,,,9.714837084426733,5.159439797711762
DMA,Dominica,2008,,,,,,,,,,,,,,,,,,,,17738.0405685048,,,,,,,,,,,,,,9.783523171453165,6.868608702643186
DMA,Dominica,2009,,62.6,,,,,,60,56,,67.4,52.2,,76.4,70,79.8,74.2,60,30,17534.0339616963,,,,,,,,,,,,,,9.771956099367173,-1.1567072085991725
DMA,Dominica,2010,,63.2,,,,,,65,60,,67.7,49.8,,75.4,65.2,80,74.3,65,30,17516.7879573152,,,,,,,,,,,,,,9.770972098375042,-0.0984000992131584
DMA,Dominica,2011,,63.3,,,,,,65,59,,69.5,45.8,,74.8,62.8,86.3,74.3,65,30,17475.0411061698,,,,,,,,,,,,,,9.768586142218354,-0.23859561566883514
DMA,Dominica,2012,,61.6,,,,,,60,52,,68.8,43.8,,80.5,61.9,85,74.3,60,30,17431.1288003063,,,,,,,,,,,,,,9.766070265325148,-0.25158768932058706
DMA,Dominica,2013,,63.9,,,,,,60,52,,72,50.1,,77,68.8,85.3,74.3,70,30,17282.6368040368,,,,,,,,,,,,,,9.75751548341035,-0.8554781914797971
DMA,Dominica,2014,,65.2,,,,,,60,53.5,,72.9,61.7,,75,70.7,85.8,72.7,70,30,17520.8546265613,,,,,,,,,,,,,,9.771204216568293,1.368873315794339
DMA,Dominica,2015,,66.1,,,,,,60,58,,73.6,61.5,,71.6,68.7,89.5,72.8,75,30,16920.9126555668,,,,,,,,,,,,,,9.736364667880698,-3.4839548687594757
DMA,Dominica,2016,,67,,,,,,60,58,,74,68.5,,73.3,68.7,90.1,72.6,75,30,17364.0773046793,,,,,,,,,,,,,,9.7622164169206,2.5851749039901506
DMA,Dominica,2017,,63.7,,,,,,43.8,40.9,67.7,73.2,67.5,72.6,72.1,59,89.5,72.6,75,30,16314.2295558891,,,,,,,,,,,,,,9.699854279163747,-6.236213775685329
DMA,Dominica,2018,,64.5,,,,,,48.6,49.9,69.2,72.9,64.8,85.2,71.7,57.7,86.6,62.6,75,30,16877.1244880642,,,,,,,,,,,,,,9.733773653449935,3.391937428618874
DMA,Dominica,2019,,63.6,,,,,,49.2,54.5,63.8,72.1,53.5,84.7,70.7,60.4,85.7,68.2,70,30,17619.4335416769,,,,,,,,,,,,,,9.776814504276965,4.304085082702969
DMA,Dominica,2020,,60.8,,,,,,59.8,51.2,62.6,70.5,16,86.2,70.4,60.7,83.5,68.4,70,30,14919.5307686719,,,,,,,,,,,,,,9.61049344743277,-16.632105684419507
DMA,Dominica,2021,,53,,,,,,51.2,51,66.3,70,7.4,6.1,68.4,67,82.4,55.6,70,40,15808.9743503945,,,,,,,,,,,,,,9.668396307836263,5.7902860403492795
DMA,Dominica,2022,,54.4,,,,,,68.1,56.2,81.6,71.6,8.5,1.1,55.8,59,84.9,55.6,70,40,17550.8009946466,,,,,,,,,,,,,,9.772911844406444,10.451553657018131
DNK,Denmark,1995,7.78,,4.22,9.29,9.76,8.18,7.47,,,,,,,,,,,,,50927.5478357083,0.2,0.1,23,10.9,,7.61133556944656,,,,,,,,10.838178906527093,
DNK,Denmark,1996,,67.3,,,,,,90,90,,31.5,0,,85,,91.4,77.8,70,70,52106.5619034914,,,,,,7.35342177742249,,,,,,,,10.861065359310924,2.28864527838315
DNK,Denmark,1997,,67.5,,,,,,90,93,,30.6,0,,85,,91,77.8,70,70,53534.6146433982,,,,,5.33,7.41290229063722,,,,,,,,10.888102405677078,2.703704636615356
DNK,Denmark,1998,,67.5,,,,,,90,93,,30.6,0,,85,,90.8,77.8,70,70,54581.4122543301,,,,,,7.60641367498529,,,,,,,,10.907466989957179,1.9364584280101127
DNK,Denmark,1999,,68.1,,,,,,90,99,,30.3,0,,85,,90.7,77.8,70,70,56015.3553380174,,,,,,7.18565642504732,,,,,,,,10.933398986683635,2.5931996726455964
DNK,Denmark,2000,8.25,68.3,4.76,9.19,9.56,9.32,8.39,90,100,,30.5,0,,85,,91.1,77.8,70,70,57907.5020603903,0.2,0.1,23.8,10.6,,7.00491848556738,,,,,,,,10.966619493202336,3.3220506518700788
DNK,Denmark,2001,8.1,68.3,4.44,9.13,9.58,9.22,8.1,90,100,,31.6,0,,85,,90.3,78,70,70,58248.553927359,,,,,,6.75119349535427,,,,,,,,10.972491713499208,0.5872220296872399
DNK,Denmark,2002,8.09,71.1,4.26,9.14,9.57,9.25,8.24,90,98,,32.2,5.9,,85,,89.6,79.6,70,90,58327.8281608342,,,,,,6.72680108691514,,,,,,,,10.973851729726476,0.13600162272684457
DNK,Denmark,2003,8.2,73.2,4.7,9.19,9.64,9.27,8.18,90,95,,32.6,9.9,,100,,89.9,81.4,70,90,58425.9658939096,0.5,0.3,25.6,9.8,,6.90992311450539,,,,,,,,10.975532807003738,0.16810772772615223
DNK,Denmark,2004,8.23,72.4,4.74,9.12,9.82,9.13,8.34,90,95,,33.6,8.3,,100,,85.1,79.8,70,90,59893.0929898784,0.4,0.3,24.9,9.9,,6.64935682584885,,,,,,,,11.000333164714572,2.480035771083422
DNK,Denmark,2005,8.12,75.3,4.42,9.2,9.67,8.78,8.54,90,95,,33.9,8.3,,100,99.9,85.6,80.2,70,90,61137.6803582961,0.5,0.3,25.2,9.8,,6.68749782807631,,,,,,,,11.020900011278231,2.0566846563658814
DNK,Denmark,2006,8.21,75.4,4.89,9.22,9.57,8.82,8.58,90,95,,35.5,9.3,,94.6,99.9,87.2,82.4,70,90,63262.7404572232,0.3,0.2,25.9,9.8,,6.71601719134701,,,,,,,,11.055067623426888,3.4167612148657156
DNK,Denmark,2007,8.2,77,4.91,9.22,9.45,8.85,8.57,90,95,,34.2,12.8,,94.8,99.9,86.8,86.6,80,90,63604.5626658193,0.6,0.3,26.2,9.8,,6.61611478598187,,,,,,,,11.060456208802568,0.5388585375680321
DNK,Denmark,2008,8.07,79.2,4.8,9.15,9.12,8.75,8.54,90,95,,35,19.8,,99.9,100,86.5,86,90,90,62968.1612290596,0.8,0.4,25.2,9.8,,6.68014800119571,,,,,,,,11.050400381226687,-1.0055827575881082
DNK,Denmark,2009,7.96,79.6,4.45,9.04,9.23,8.67,8.41,95,94,,35.4,20.4,,99.9,99.4,86.6,85.8,90,90,59516.5093273659,1.1,0.6,26.7,9.2,,7.12273187497846,,,,,,,,10.994025822653011,-5.637455857367613
DNK,Denmark,2010,7.99,77.9,4.57,9.13,9.18,8.69,8.4,90,93,,35.9,22,,97.9,93.7,79.3,87.5,90,90,60190.6346060499,0.3,0.1,27.2,9.3,5.98,6.72239979592655,,,,,,,,11.00528866160868,1.126283895566793
DNK,Denmark,2011,8.03,78.6,4.78,9.01,9.29,8.66,8.39,90,93,,43.2,19.5,,99.7,92.1,81.4,87.6,90,90,60729.0557255127,0.6,0.2,27.3,9.4,,6.67412441701192,,,,,,,,11.01419400648568,0.8905344877000232
DNK,Denmark,2012,8.03,76.2,4.79,8.99,9.46,8.6,8.33,90,93,,39.8,0,,99.1,92.1,80.7,87.1,90,90,60497.6919146995,0.9,0.1,27.8,9.3,,6.81047707715329,,,,,,,,11.010377022540554,-0.38169839451249743
DNK,Denmark,2013,8.12,76.1,4.82,9.04,9.74,8.59,8.43,90,94,,39.8,5.9,,98.4,91.1,80,86.8,85,90,61085.0312821103,0.8,0.4,28.5,9.1,,6.67482935147129,,,,,,,,11.020038498434623,0.9661475894068516
DNK,Denmark,2014,8.17,76.1,4.79,9.04,9.75,8.83,8.45,90,93.7,,39.3,0.5,,98.1,91.2,80,87.8,90,90,61552.7997775157,0.9,0.3,28.4,9.1,,6.55669017617905,,,,,,,,11.027666864516439,0.762836608181594
DNK,Denmark,2015,8.2,76.3,4.93,9.04,9.8,8.8,8.42,95,91,,39.6,1.8,,97.4,92.1,87.6,88,90,80,62405.7161942122,0.5,0.3,28.2,9.4,,6.49450081271859,,,,,,,,11.041428179883187,1.3761315366748406
DNK,Denmark,2016,8.21,75.3,5,8.98,9.81,8.82,8.45,95,92,,39.5,2.3,,95.4,86,84.4,88,90,80,63823.4502019665,0.5,0.3,28.2,9.2,,6.43907336030118,,,,,,,,11.063891627923997,2.246344804080991
DNK,Denmark,2017,8.23,75.1,5.13,8.98,9.71,8.91,8.43,86.7,84.9,68.5,37.2,5.7,95.4,93.9,85.8,85.5,87,90,80,65352.3988081353,0.3,0.2,28.7,9.1,,6.05645767354857,,,,,,,,11.08756472700575,2.367309908175308
DNK,Denmark,2018,8.25,76.6,5.28,9.02,9.66,8.87,8.43,84.8,84.1,83.6,41.4,10.6,96.7,92.5,82.8,86.4,86.9,90,80,66238.705427981,0.3,0.2,28.2,9.3,,5.87842099646873,,,,,,,,11.101035342007904,1.3470615002153963
DNK,Denmark,2019,8.3,76.7,5.32,9.02,9.78,8.87,8.48,86.2,85.8,77.8,42,14.4,96.7,90.7,86.4,84.1,86,90,80,67131.4657009734,0.5,0.3,27.7,9.5,,5.9695081479189,,,,,,,,11.114423046497695,1.3387704489790764
DNK,Denmark,2020,8.15,78.3,5.09,9.07,9.76,8.64,8.21,86.3,93,84.6,42,19.7,97.7,88.7,86.2,84.6,86.4,90,80,65744.4367251959,0.5,0.2,27.5,9.4,,6.22578684985061,,,,,,,,11.09354554421241,-2.0877502285285843
DNK,Denmark,2021,8.1,77.8,5.27,9.08,9.6,8.34,8.23,86.7,93.4,86.9,43.7,23.1,98.2,88.8,73.8,84.5,84,90,80,69715.1809680929,0.3,0.2,28.3,9.2,,6.26723614047401,,,,,,,,11.152187721428163,5.864217721575393
DNK,Denmark,2022,8.02,78,5.34,9.1,8.78,8.94,7.94,98.6,99.5,89.6,42.3,21.1,96.2,89,64.4,85.7,79.2,90,80,69475.3198650883,0.8,0.3,29.3,9,,5.75716058671048,,,,,,,,11.148741252128534,-0.3446469299628774
DOM,Dominican Republic,1995,5.54,55.8,8.51,4.16,4.3,5.67,5.09,30,30,,84.3,95.3,,55,,76.2,31,50,50,8685.01648557062,,,,,,41.7751622652095,,,,,,,,9.069469711040309,
DOM,Dominican Rep,1996,,58.1,,,,,,30,30,,85.4,89.3,,55,,78,55,50,50,9036.88352149896,40.9,16.8,47.4,4.3,,41.5202266120037,,,,,,,,9.109180302246992,3.9710591206683077
DOM,Dominican Rep,1997,,53.5,,,,,,30,30,,85.7,89.6,,55,,74.2,17,50,50,9671.14817881707,38.3,15.7,48.9,4,,41.4181118654431,,,,,,,,9.177005712567789,6.782541032079692
DOM,Dominican Rep,1998,,58.1,,,,,,30,30,,85.7,91.8,,55,,77.8,52.2,50,50,10150.4460178993,,,,,,41.1334302100715,,,,,,,,9.22537143914045,4.836572657266025
DOM,Dominican Rep,1999,,58.1,,,,,,30,30,,85.8,91.2,,55,,77.1,54.2,50,50,10582.0775939337,,,,,,40.9301741665856,,,,,,,,9.267011551008045,4.164011186759531
DOM,Dominican Republic,2000,6.56,59,9.21,4.2,6.08,6.47,6.85,30,30,,85.3,93.3,,55,,79.9,57.8,50,50,10896.3184155964,39.8,16,51.5,3.7,,40.7529364085715,,,,,,,,9.296272021032348,2.9260470024302876
DOM,Dominican Republic,2001,6.68,59.1,8.84,4.18,7.06,6.82,6.52,30,30,,85.3,93.3,,55,,79.2,59.4,50,50,10991.1363420488,39.2,15.5,50,4.1,,41.861278737063,,,,,,,,9.304935418137825,0.8663397105477699
DOM,Dominican Republic,2002,6.76,58.6,8.46,4.38,7.55,6.92,6.45,30,30,,85.3,93.3,,55,,73.1,60.8,50,50,11313.0690271273,39,16.5,49.7,3.8,,42.9270623669616,,,,,,,,9.33380227692102,2.8866858783194616
DOM,Dominican Republic,2003,6.05,57.8,8.11,4.32,4.27,7.19,6.35,30,31,,85.3,93.5,,55,,71.7,53.4,50,50,11000.8684059352,47.8,20.5,52.1,3.8,,42.6196055423448,,,,,,,,9.305820392441785,-2.798188447923522
DOM,Dominican Republic,2004,5.81,54.6,8.46,4.2,3.23,7.1,6.07,30,35,,85,92.8,,55,,69.1,44.4,50,30,11131.2709216332,55.6,25,52.1,3.9,,39.9771457861221,,,,,,,,9.317603459542703,1.1783067100918032
DOM,Dominican Republic,2005,6.48,55.1,8.91,4.53,5.56,7.37,6.06,30,33,,84.9,89.7,,55,56.9,56.5,64.8,50,30,12022.5080544053,46.6,19.5,50,4.1,,42.3268045254673,,,,,,,,9.394619016956877,7.701555741417465
DOM,Dominican Republic,2006,6.5,56.3,8.59,4.6,5.19,7.91,6.2,30,29,,85.4,90.1,,57,54.5,49.3,67.4,50,50,12961.9183632133,43.5,17.4,52,3.9,,42.2103251198022,,,,,,,,9.469848126903232,7.5229109946354455
DOM,Dominican Republic,2007,6.57,56.8,8.76,4.6,5.21,8.11,6.17,30,30,,79.7,90.2,,56.7,54.2,63.2,73.8,50,40,13754.9212674095,43,17.1,48.9,4.4,22.53,41.6235307168869,,,,,,,,9.529224648026727,5.93765211234949
DOM,Dominican Republic,2008,6.54,57.7,8.55,4.62,5.45,8.02,6.1,30,28,,80.4,88.8,,62.6,54.9,69.3,73,50,40,14030.1411084465,44.2,17.5,48.1,4.6,,43.4449059410538,,,,,,,,9.549034503249313,1.9809855222586492
DOM,Dominican Republic,2009,7.12,59.2,9.02,4.6,8.1,7.92,5.97,30,30,,85.2,91.1,,63.7,55.1,74.1,73,50,40,13992.4103270189,41.5,16,48.9,4.5,,43.3235650160691,,,,,,,,9.546341806860427,-0.2692696388885807
DOM,Dominican Republic,2010,7.26,60.3,8.85,4.51,8.82,8.05,6.08,30,30,,85.3,90.2,,62.4,59.6,70.8,80,55,40,14975.0010126958,42,15.9,47.3,4.6,,44.2745807136213,,,,,,,,9.614204266338618,6.786245947819047
DOM,Dominican Republic,2011,7.23,60,8.9,4.53,8.56,8.05,6.12,30,30,,85.3,89.1,,56.4,57.1,77.1,79.8,55,40,15258.0858148503,40.2,14.6,47.7,4.7,,43.979319665625,,,,,,,,9.632930395760207,1.8726129421589022
DOM,Dominican Republic,2012,7.19,60.2,8.36,4.56,9.11,8,5.92,30,30,,85.8,91.4,,55.5,58.7,75.1,80.1,55,40,15487.2776356321,39.6,14.5,46.1,4.9,,43.1866294693224,,,,,,,,9.647838735210037,1.4908339449830166
DOM,Dominican Republic,2013,7.29,59.7,8.73,4.64,9.04,7.95,6.08,30,26,,83.7,92.6,,53.7,55.6,72.9,77.8,65,40,16054.7677297656,39.3,14,47.7,4.8,,41.57228015607,,,,,,,,9.683823424113788,3.598468890375095
DOM,Dominican Republic,2014,7.38,61.3,8.75,4.66,9.25,8.15,6.1,30,27.3,,83.7,92.3,,56.1,55.2,75.7,77.8,75,40,16993.587444403,33.5,11.7,44.3,5.1,,42.0145419412377,,,,,,,,9.740650186719536,5.682676260574837
DOM,Dominican Republic,2015,7.42,61,8.82,4.57,9.42,8.19,6.09,30,29,,84.1,87.1,,53.5,57.5,76,77.8,75,40,17973.1870256815,29.4,10,45.2,5,,41.8023558515016,,,,,,,,9.796691953509766,5.6041766790229985
DOM,Dominican Republic,2016,7.38,61,8.83,4.5,9.42,8.14,6.02,25,32,,84.5,90.2,,56.6,56.5,73.1,77.2,75,40,18968.9752386179,27.4,9.2,45.7,4.9,,40.3159474305724,,,,,,,,9.850612757636585,5.392080412681821
DOM,Dominican Republic,2017,7.33,62.9,8.68,4.55,9.29,8.15,5.99,56.1,30.9,25.3,84.6,90.2,90.1,52.8,56.2,76.7,77,75,40,19501.8743054078,23.8,7,42.2,5.9,,41.167137383215,,,,,,,,9.878317133966808,2.7704376330223823
DOM,Dominican Republic,2018,7.41,61.6,8.81,4.74,9.29,8.25,5.98,51.7,26.2,23.1,84.6,90.6,90.5,53.2,54.3,77.1,72.4,75,40,20662.848586153,20.9,5.9,43.7,5.8,12.27,40.7196750004788,,,,,,,,9.936141007326889,5.782387336008021
DOM,Dominican Republic,2019,7.45,61,8.79,4.73,9.46,8.25,6.01,50.6,23.2,18.1,84.6,90.3,89.9,51.9,57.6,79.7,75.8,70,40,21451.286441995,18.8,5.2,41.9,6,,39.1934937252814,,,,,,,,9.973586512707824,3.7445505380935273
DOM,Dominican Republic,2020,7.21,60.9,8.54,4.94,9.09,7.53,5.96,55.8,31.2,18.2,84.5,90.5,82.4,50.3,57.5,73.5,76.6,70,40,19545.4099552943,21.7,6.5,39.6,6.2,,40.1302140656107,,,,,,,,9.880546914550433,-9.303959815739127
DOM,Dominican Republic,2021,7.21,62.1,8.69,5.1,8.56,7.54,6.19,51.2,34.6,28.8,84.6,91.7,84.4,56.4,58.7,75.3,69.4,70,40,22053.4589869955,21.8,6.2,38.5,6.6,,40.6228579854727,,,,,,,,10.001270082063403,12.072316751297052
DOM,Dominican Republic,2022,7.32,63,8.68,5.16,8.42,8.16,6.17,54,30.8,55.9,84.6,89.9,66.8,68.1,52.9,73.5,69,70,40,22986.95808105,20.2,5.6,37,6.6,,39.5146130896028,,,,,,,,10.042725796111528,4.145571404812465
DZA,Algeria,1995,3.96,55.7,5.97,3.72,5.26,1.67,3.46,50,50,,48.8,69.5,,70,,59.2,54.2,50,50,10588.4433695754,65.2,26.5,35.3,7,,33.0739205050656,,,,,,,,9.267612875323131,
DZA,Algeria,1996,,54.5,,,,,,50,50,,48.8,60.7,,70,,57,54.2,50,50,10808.8788666941,,,,,,32.9156903621221,,,,,,,,9.28821570489925,2.0602829576118253
DZA,Algeria,1997,,54.9,,,,,,50,50,,48.8,65.5,,70,,56,54.2,50,50,10725.967349336801,,,,,,32.7584287043865,,,,,,,,9.280516162809521,-0.769954208972834
DZA,Algeria,1998,,55.8,,,,,,50,50,,48.6,69.3,,70,,60.1,54.2,50,50,11094.8875368585,,,,,,32.4185337969154,,,,,,,,9.314329826476333,3.381366366681249
DZA,Algeria,1999,,57.2,,,,,,50,50,,48.7,72.8,,70,,69,54.2,50,50,11292.0372997165,,,,,,32.0149609882244,,,,,,,,9.33194164662413,1.7611820147797275
DZA,Algeria,2000,4.88,56.8,4.93,3.11,6.94,5.14,4.37,50,50,,64.7,63.3,,70,,74,39.6,50,50,11558.220469383,,,,,,31.6250539205498,,,,,,,,9.355238706508255,2.3297059884123783
DZA,Algeria,2001,4.8,57.3,4.8,3.14,6.37,4.99,4.8,30,50,,64.6,63.3,,70,,78.2,59.6,50,50,11742.5946761225,,,,,,31.1874511139119,,,,,,,,9.371063236985751,1.5824530477496879
DZA,Algeria,2002,4.84,61,4.49,3.14,6.66,5.2,4.8,30,50,,65,71.2,,70,,82.8,60,70,50,12213.1263531246,,,,,,30.167760494284,,,,,,,,9.410348458671818,3.9285221686066407
DZA,Algeria,2003,4.96,57.7,4.72,3.13,6.74,5.36,4.98,30,50,,65.2,74.9,,70,,78.9,50.4,70,30,12835.1814413331,,,,,,29.1182249266494,,,,,,,,9.460023137478325,4.967467880650744
DZA,Algeria,2004,4.98,58.1,4.58,3.13,6.68,5.57,5.02,30,50,,74.1,62.4,,70,,81.1,55,70,30,13226.7650481165,,,,,,29.0117334529149,,,,,,,,9.49007331223518,3.005017475685534
DZA,Algeria,2005,5.37,53.2,4.24,4.11,7.58,5.88,5.09,30,26,,73.9,61.8,,70,55.9,80.1,54.4,50,30,13738.495644436,,,,,,28.9431680096128,,,,,,,,9.52802985800189,3.795654576670948
DZA,Algeria,2006,5.31,55.7,4.09,4.06,7.44,5.93,5.04,30,27,,73.9,74.4,,74.8,57.4,78.8,61,50,30,13920.6940553701,,,,,,28.9250763464362,,,,,,,,9.541203625863679,1.3173767861788477
DZA,Algeria,2007,5.26,55.4,3.96,3.87,7.47,6.05,4.96,30,28,,73.8,74.2,,73.7,57.6,80.7,66,50,20,14114.6745192683,,,,,,28.9734898638678,,,,,,,,9.555041126954118,1.383750109043902
DZA,Algeria,2008,5.08,56.2,3.5,3.78,7.39,5.79,4.89,30,31,,77,74.6,,73.6,57,80.2,68.8,40,30,14206.7767147039,,,,,,29.1002217609756,,,,,,,,9.561544749645618,0.650362269150051
DZA,Algeria,2009,5,56.6,3.54,3.85,6.67,6,4.93,30,30,,77.2,74.1,,72.5,55.5,78.6,68.6,50,30,14104.42817214,,,,,,29.2572193307179,,,,,,,,9.554314979029243,-0.7229770616374864
DZA,Algeria,2010,4.99,56.9,4.06,3.76,6.82,5.69,4.64,30,32,,83.5,73.4,,71.2,56.4,77.2,70.7,45,30,14496.4211312996,,,,,,29.4536323041588,,,,,,,,9.581726059577122,2.741108054787844
DZA,Algeria,2011,4.82,52.4,3.35,3.6,6.63,5.71,4.8,30,28,,83.5,62.4,,69.4,52.9,75.4,72.8,20,30,14641.9640935685,41.8,11,27.6,9.4,,29.5343350568468,,,,,,,,9.591715232429632,0.9989172852510109
DZA,Algeria,2012,4.7,51,3.27,3.78,6.3,5.27,4.86,30,29,,82.9,47.9,,66.3,54.4,76.3,72.8,20,30,14697.5396133853,,,,,,28.2345154129682,,,,,,,,9.595503421803473,0.37881893738411776
DZA,Algeria,2013,4.94,49.6,4.15,3.9,6.88,4.83,4.92,30,29,,80.4,44.1,,65.2,52.6,76.6,67.8,20,30,14778.1914257233,,,,,,26.9280770170154,,,,,,,,9.600975485679799,0.5472063876325706
DZA,Algeria,2014,4.85,50.8,3.9,3.86,7.07,4.5,4.95,30,28.7,,80.5,51,,66.3,48.3,67.8,60.8,45,30,15073.7629403565,,,,,,27.0020327204437,,,,,,,,9.620777296122256,1.9801810442457324
DZA,Algeria,2015,4.68,48.9,3.67,3.87,6.98,3.98,4.88,30,36,,80,38.7,,66.6,50.5,71.2,60.8,25,30,15239.5171456469,,,,,,27.0487384195325,,,,,,,,9.631712762106309,1.0935465984053039
DZA,Algeria,2016,4.96,50.1,4.43,3.9,7.51,4.04,4.93,25,36,,81,59.4,,62.1,48.2,68.1,60.8,30,30,15511.6858768094,,,,,,27.0741622172624,,,,,,,,9.649413411830077,1.7700649723767725
DZA,Algeria,2017,4.72,46.5,4.48,3.88,7.67,2.67,4.88,38.2,31.7,29.6,81.1,51,19.8,62.1,49.5,67,63.3,35,30,15427.6641894713,,,,,,27.1121193253132,,,,,,,,9.643982369313516,-0.543104251656068
DZA,Algeria,2018,4.8,44.7,4.77,3.94,7.63,2.67,4.98,27.8,29,35.2,74,45.9,19.2,68.1,48.7,69.9,63.5,25,30,15343.4261222434,,,,,,26.9908650715776,,,,,,,,9.638507567999557,-0.5474801313958721
DZA,Algeria,2019,4.74,46.2,4.35,3.84,8,2.67,4.85,31.6,28.9,36.2,76.4,48.7,18.7,61.6,49.9,74.9,67.4,30,30,15199.1989965639,,,,,,26.8786505529258,,,,,,,,9.629063798627874,-0.9443769371683786
DZA,Algeria,2020,4.92,46.9,4.32,3.84,7.85,3.76,4.8,37.9,28.3,35,75.4,52.6,17.3,63,50.5,76.2,66.2,30,30,14194.1557479619,,,,,,26.7323712355013,,,,,,,,9.560656040876601,-6.840775775127206
DZA,Algeria,2021,4.77,49.7,4.44,3.82,6.94,4.01,4.63,34,32.7,41.6,67.2,55.4,49.1,63.5,51.3,84.3,57.4,30,30,14496.8654697299,,,,,,26.2121546483116,,,,,,,,9.581756708588214,2.1100667711612786
DZA,Algeria,2022,4.46,45.8,4.45,3.82,6.37,3.14,4.51,27.9,30.1,29.7,67.2,57.1,38.6,50,51.5,80.1,57.4,30,30,14782.2002970247,,,,,,26.1032765692872,,,,,,,,9.60124669995526,1.9489991367045434
ECU,Ecuador,1995,6.44,57.7,8.4,4.61,7.01,6.61,5.57,50,10,,81.8,94.9,,55,,46.3,61,70,50,9525.17701832407,65.3,31.7,50.8,3.8,,46.072050445073,,,,,,,,9.161798763838169,
ECU,Ecuador,1996,,60.1,,,,,,50,30,,79,92.5,,55,,53,61,70,50,9509.27540633173,,,,,,47.2489872309996,,,,,,,,9.160128114776446,-0.1670649061722429
ECU,Ecuador,1997,,61,,,,,,50,30,,78.2,91,,55,,57.7,67,70,50,9739.26682428016,,,,,,45.2823377344189,,,,,,,,9.184023790951308,2.3895676174861435
ECU,Ecuador,1998,,62.8,,,,,,50,32,,86.9,90.9,,55,,63.8,67,70,50,9876.7507512592,65,33.1,49.6,4,,46.1529357061335,,,,,,,,9.198040108069039,1.4016317117730992
ECU,Ecuador,1999,,62.9,,,,,,50,32,,87,91.4,,55,,61.3,69,70,50,9242.96681019585,68.6,36.7,58.6,2.6,,46.1625289448336,,,,,,,,9.131726380971973,-6.631372709706618
ECU,Ecuador,2000,5.95,59.8,8.54,4.25,5.41,7.09,4.49,50,23,,86.6,78.1,,55,,58.3,67,70,50,9183.05155276919,76.6,43.5,56.3,3.1,,46.2071111504194,,,,,,,,9.125223731867765,-0.6502649104207947
ECU,Ecuador,2001,5.74,55.1,8.59,4.05,4.54,7.13,4.45,30,24,,90.8,85.5,,55,,51.9,59,70,30,9405.11680690106,,,,,,46.2254292963344,,,,,,,,9.149115480767357,2.3891748899592002
ECU,Ecuador,2002,6.11,53.1,8.54,4.15,5.21,7.24,5.48,30,26,,86.7,84.1,,55,,33.4,62.4,70,30,9697.55517665978,,,,,,44.8914566839693,,,,,,,,9.179732202537377,3.061672177001995
ECU,Ecuador,2003,5.98,54.1,8.6,4,4.71,7.33,5.32,30,23,,86.3,85.7,,55,,43.8,62.8,50,50,9802.81408202125,58.7,28.8,53.5,3.3,,43.553466726099,,,,,,,,9.190526780986069,1.079457844869225
ECU,Ecuador,2004,5.73,54.4,8.47,3.91,3.64,7.48,5.2,30,22,,85.4,76.8,,55,,57.6,62.4,50,50,10290.6634264766,59.7,29.6,53.9,3.2,,45.8390658599015,,,,,,,,9.239089470425837,4.856268943976794
ECU,Ecuador,2005,5.93,52.9,8.42,4.24,4.2,7.45,5.4,30,22,,85,84.5,,55,39.8,68.3,64,30,50,10660.2046228939,51.9,24.2,53.1,3.3,,43.821238031438,,,,,,,,9.27436669535918,3.527722493334373
ECU,Ecuador,2006,6,54.6,8.41,4.21,4.54,7.52,5.37,30,24,,86.2,84.5,,58.2,39.7,76.1,67,30,50,10933.4897470283,46.8,20.3,52.3,3.7,,43.527849257882004,,,,,,,,9.299677269656193,2.531057429701278
ECU,Ecuador,2007,6.02,55.3,7.98,4.22,4.85,7.67,5.4,30,25,,86.5,81.7,,58.8,39.8,74.5,67,30,60,10952.8226853948,45.9,19.9,53.4,3.5,,43.3251010467954,,,,,,,,9.301443778011155,0.17665083549616156
ECU,Ecuador,2008,5.78,55.2,7.78,4.26,4.16,7.37,5.38,30,23,,86.4,82.3,,58.7,40.3,74.1,67.6,40,50,11474.5257023541,43.4,18.7,49.8,3.8,,42.7212946625026,,,,,,,,9.347971846720686,4.652806870953086
ECU,Ecuador,2009,5.99,52.5,7.22,4.24,6.09,7,5.44,25,21,,85.8,83.1,,54,38.3,75,72.6,30,40,11403.5277978831,44.4,18.4,48.5,4.1,,44.3727266255032,,,,,,,,9.341765730782278,-0.6206115938407919
ECU,Ecuador,2010,6.06,49.3,7.01,4.28,6.29,7.05,5.68,20,20,,79.3,77.5,,52.9,42.2,63.9,71.8,25,40,11665.6978598204,39.7,16,48.8,4.1,,43.9038963484365,,,,,,,,9.364493725498757,2.272799471647957
ECU,Ecuador,2011,5.96,47.1,6.67,4.26,6.16,7.03,5.69,20,22,,78.9,50.1,,53.5,40.1,64.9,76,25,40,12449.0785549218,35.9,13.8,45.9,4.4,21.6,45.8688301301088,,,,,,,,9.42948221150522,6.498848600646312
ECU,Ecuador,2012,6.01,48.3,6.72,4.45,6.09,7.09,5.72,20,25,,78.3,64.3,,54.1,41,66.8,68.1,25,40,12961.0267423765,32.6,12.7,46.1,4.3,,45.6248513660559,,,,,,,,9.469779342122125,4.029713061690465
ECU,Ecuador,2013,5.97,46.9,6.41,4.37,6.59,7.05,5.44,20,27,,80.1,47.3,,51.5,48,66.9,68.1,20,40,13689.1520460125,32.5,11.8,46.9,4.5,18.4,44.9686893230082,,,,,,,,9.524432024576736,5.465268245461097
ECU,Ecuador,2014,5.76,48,6.19,4.35,6.38,6.44,5.46,20,26,,79.8,41.8,,52.8,52,66.1,71.8,30,40,14064.7992246727,28.7,10.3,45,4.8,,42.7447296073432,,,,,,,,9.551501542962075,2.706951838533911
ECU,Ecuador,2015,6.2,49.2,6.56,4.32,7.69,6.6,5.84,15,35,,79.1,51,,51.4,51.3,68.2,71.4,30,40,13881.5700738105,29.8,10.9,46,4.6,,44.8841060781396,,,,,,,,9.538389380739291,-1.3112162222784107
ECU,Ecuador,2016,6.18,48.6,6.36,4.27,7.92,6.61,5.73,15,33,,79.2,41.8,,55.5,51.6,68.1,71.4,30,40,13586.5160772568,29.3,10.7,45,4.7,,48.6177906465896,,,,,,,,9.516906714667536,-2.1482666071754863
ECU,Ecuador,2017,6.31,49.3,6.24,4.35,8.49,6.68,5.78,38.7,33.9,22.3,79.1,46.1,56.4,55.4,47.3,67.7,69.7,35,40,14179.1537503305,28.3,10.2,44.7,4.7,,49.6750648985681,,,,,,,,9.559598642786892,4.269192811935518
ECU,Ecuador,2018,6.47,48.5,6.75,4.53,8.46,6.75,5.85,36.7,30.2,23.3,79.4,52.5,47,55.6,43.7,70.1,68.8,35,40,14083.5069982304,28.9,10.7,45.4,4.6,,50.2721553528032,,,,,,,,9.552830677797317,-0.6767964989574438
ECU,Ecuador,2019,6.48,46.9,6.82,4.59,8.42,6.68,5.86,35.9,25.3,20.2,77,55.5,32.1,54.1,48.2,73.5,66.4,35,40,13870.4895118068,30.6,11.3,45.7,4.5,,51.7228762159523,,,,,,,,9.537590898444604,-1.5239779352713256
ECU,Ecuador,2020,6.3,51.3,6.51,4.62,8.49,6.05,5.85,40.4,33.4,20.7,77.5,57.9,62.3,53.8,48,81,66,35,40,12440.3263747814,36,14.8,47.3,4.1,,52.0343211366706,,,,,,,,9.428778982376468,-10.881191606813623
ECU,Ecuador,2021,6.39,52.4,6.58,4.66,8.55,6.12,6.03,39.5,38.5,24.7,77.1,58.5,75.9,50.4,47.9,81.7,59.8,35,40,13507.4445638375,33.5,12,45.8,4.6,,52.1511278170763,,,,,,,,9.511070292115622,8.229130973915488
ECU,Ecuador,2022,6.14,54.3,6.56,4.56,6.53,6.84,6.2,31.4,37.2,47.3,77.5,59.7,63.1,60.3,57.3,81.5,61,35,40,14186.6388544625,30.9,11.2,45.5,4.7,,50.972290649321,,,,,,,,9.560126361274543,4.905606915892058
EGY,"Egypt, Arab Rep.",1995,5.2,45.7,4.61,3.26,7.48,4.92,5.98,30,30,,46,53.7,,55,,72,25,50,50,8423.57817499547,77.1,28.7,30.1,9.5,,18.2385365212143,,,,,,,,9.03890868571731,
EGY,Egypt,1996,,52,,,,,,50,50,,56.2,61.8,,55,,70.3,25,50,50,8662.33147869592,,,,,,17.9435433406455,,,,,,,,9.06685462488844,2.7945939171130973
EGY,Egypt,1997,,54.5,,,,,,50,50,,55.9,72.3,,55,,66.7,41,50,50,8950.65410694496,,,,,21.84,17.4984986341697,,,,,,,,9.099593610610881,3.2738985722440717
EGY,Egypt,1998,,55.8,,,,,,50,28,,56.5,76.5,,55,,70.6,45.6,50,70,9245.47890469795,,,,,,16.4972000893844,,,,,,,,9.131998099085887,3.2404488475005877
EGY,Egypt,1999,,58,,,,,,50,28,,64.9,74.2,,55,,74.2,55.8,50,70,9588.85938515274,64,20.5,30.8,9.2,,15.1687118720216,,,,,,,,9.168461505116467,3.6463406030579293
EGY,"Egypt, Arab Rep.",2000,5.87,51.7,5.63,3.31,9.36,6.16,4.96,50,29,,65.3,54.4,,55,,76.8,55,50,30,9981.62775083138,,,,,,15.2080365199589,,,,,,,,9.208601636334215,4.014013121774873
EGY,"Egypt, Arab Rep.",2001,5.83,51.5,5.66,3.22,9.38,6.32,4.59,50,33,,66.1,54.4,,55,,78.3,47.2,50,30,10117.3331821699,,,,,,12.8859939944043,,,,,,,,9.222104223956865,1.3502587622649997
EGY,"Egypt, Arab Rep.",2002,5.51,54.1,5.26,3.3,9.38,5.31,4.37,50,31,,65.6,71.2,,55,,79.2,55,50,30,10143.5063455702,,,,,,14.6358912049096,,,,,,,,9.224687591201189,0.2583367244323398
EGY,"Egypt, Arab Rep.",2003,5.35,55.3,5.17,3.26,8.96,4.99,4.46,50,36,,66.1,72.8,,55,,80.1,57.6,50,30,10250.3765500459,,,,,,16.545386030329,,,,,,,,9.235167273114897,1.047968191370785
EGY,"Egypt, Arab Rep.",2004,5.41,55.5,5.15,3.2,8.05,6.22,4.44,50,34,,66.1,76.8,,55,,79.8,57.4,50,30,10451.8217511537,72.4,25.6,31.8,9,,18.4951263285982,,,,,,,,9.254627244976875,1.9459971861978786
EGY,"Egypt, Arab Rep.",2005,5.72,55.8,5.67,3.46,8.71,6.58,4.18,50,33,,66.1,78.6,,55,59.7,77.6,58.2,50,30,10700.6090373232,,,,,,17.5712834047634,,,,,,,,9.278149386464387,2.3522141487511306
EGY,"Egypt, Arab Rep.",2006,5.79,53.2,5.7,3.63,8.37,6.73,4.51,50,32,,64.7,72.1,,39.8,62.1,73.6,57.6,50,30,11211.8320229508,,,,,,17.0859528233162,,,,,,,,9.324814117786003,4.6664731321616415
EGY,"Egypt, Arab Rep.",2007,5.9,54.4,6.17,3.81,8.18,6.81,4.55,40,34,,90.4,72.8,,40.9,62.1,66.8,57.2,50,30,11782.0060717966,,,,,,19.6229515877632,,,,,,,,9.374413609014626,4.959949122862284
EGY,"Egypt, Arab Rep.",2008,5.74,58.5,6.17,3.7,7.4,6.82,4.57,40,33,,90.8,73,,60.2,62.2,69.9,66,50,40,12391.5847624705,71.8,24.8,31.1,9.2,20.45,19.1442282719396,,,,,,,,9.42485356969143,5.043996067680467
EGY,"Egypt, Arab Rep.",2009,5.69,58,5.45,3.68,8.13,6.78,4.45,40,29,,89.5,66.1,,64.7,61.3,65.9,63.4,50,50,12728.0814586737,,,,,,18.4772205998858,,,,,,,,9.451644533305823,2.6790963614391927
EGY,"Egypt, Arab Rep.",2010,5.85,59,5.85,3.65,8.25,6.61,4.89,40,28,,89.7,73.4,,65,55.6,64.2,74,50,50,13128.9878334085,63.5,19.4,30.2,9.4,,17.2401565791713,,,,,,,,9.482654040671013,3.1009507365190814
EGY,"Egypt, Arab Rep.",2011,5.87,59.1,6.21,3.29,8.56,6.55,4.72,40,28,,89.6,65.3,,64.5,53.6,60.8,74,65,50,13082.4263680701,,,,,,17.3056274608023,,,,,,,,9.479101545452457,-0.3552495218556828
EGY,"Egypt, Arab Rep.",2012,5.9,57.9,6.59,3.1,8.92,6.42,4.49,35,31,,89.7,64.1,,63.8,53.7,62.3,74,65,40,13076.8052395914,60.6,17.1,28.3,9.8,19.94,16.0151419528394,,,,,,,,9.478671815793739,-0.042972965871790336
EGY,"Egypt, Arab Rep.",2013,5.61,54.8,5.79,3.08,8.56,6.24,4.4,35,29,,85.6,69.4,,63.3,43.3,58.4,73.8,50,40,13058.0748239258,,,,,,20.5027159795519,,,,,,,,9.477238559886649,-0.14332559070897588
EGY,"Egypt, Arab Rep.",2014,5.39,52.9,5.4,3.15,8.41,5.57,4.41,20,28.6,,85.6,69.6,,62.7,45.7,60.5,71.4,45,40,13136.365629827,,,,,,19.6475351963884,,,,,,,,9.483215787146372,0.5977227259723605
EGY,"Egypt, Arab Rep.",2015,5.08,55.2,5.44,3.19,7.09,5.45,4.24,20,32,,85.8,68,,65.4,53.6,67.4,70,50,40,13425.9119599775,56.8,16.1,31.8,9.1,20.41,19.6545205453918,,,,,,,,9.505016327112022,2.180053996564979
EGY,"Egypt, Arab Rep.",2016,4.93,56,5.38,3.29,6.29,5.45,4.23,20,37,,85.6,65.9,,68.3,51.4,65.8,70.6,55,40,13727.3201600494,,,,,,19.7477149647995,,,,,,,,9.527216143137718,2.219981602569554
EGY,"Egypt, Arab Rep.",2017,4.75,52.6,5.32,3.32,4.69,6.1,4.3,35.4,32.7,56.3,86.1,63,4.6,66.8,51.3,69.6,70.2,55,40,14018.360593453,66.8,22.1,31.5,9,22.64,21.5645253336233,,,,,,,,9.548194552804839,2.0978409667121056
EGY,"Egypt, Arab Rep.",2018,5.29,53.4,5.4,3.39,6.96,6.12,4.58,32.7,32.2,52.5,84.2,65.1,1.2,71.5,51.5,69.6,70.9,60,50,14488.2094340483,,,,,,18.9003846679113,,,,,,,,9.581159474409352,3.2964921604513364
EGY,"Egypt, Arab Rep.",2019,5.42,52.5,5.38,3.37,7.53,6.12,4.7,37,29.2,48.3,85.2,68.1,0,65.9,51.6,62.3,71.8,60,50,15026.5682438097,62.2,19.2,31.9,9,21.06,19.5069705952861,,,,,,,,9.617641676164672,3.6482201755319466
EGY,"Egypt, Arab Rep.",2020,5.34,54,5.39,3.41,7.83,5.5,4.59,48.5,34,51.2,86.1,69.9,2.8,62,51.5,61.3,70.2,60,50,15309.2359881702,,,,,,18.4583819298746,,,,,,,,9.636276902521844,1.863522635717274
EGY,"Egypt, Arab Rep.",2021,5.36,55.7,5.4,3.41,8,5.5,4.48,51.2,37,54,86.9,73.1,6,62.7,51.4,64.3,67,65,50,15579.0160861551,58.5,16.4,28.5,9.7,,23.6650240780468,,,,,,,,9.653744351911696,1.7467449389851453
EGY,"Egypt, Arab Rep.",2022,5.36,49.1,5.4,3.39,7.26,6.12,4.64,39,28.7,22.1,87.1,75.7,3.7,54.1,32.9,70.9,60.2,65,50,16360.3907750364,,,,,,23.0648768584727,,,,,,,,9.70267961724258,4.893526533088455
ERI,Eritrea,1995,,,,,,,,,,,,,,,,,,,,,,,,,,50.5448632993805,,,,,,,,,
ERI,Eritrea,1996,,,,,,,,,,,,,,,,,,,,,,,,,,50.2113319872789,,,,,,,,,
ERI,Eritrea,1997,,,,,,,,,,,,,,,,,,,,,,,,,,49.8005832776384,,,,,,,,,
ERI,Eritrea,1998,,,,,,,,,,,,,,,,,,,,,,,,,,49.5929597248349,,,,,,,,,
ERI,Eritrea,1999,,,,,,,,,,,,,,,,,,,,,,,,,,49.4124894058557,,,,,,,,,
ERI,Eritrea,2000,,,,,,,,,,,,,,,,,,,,,,,,,,49.3862344585435,,,,,,,,,
ERI,Eritrea,2001,,,,,,,,,,,,,,,,,,,,,,,,,,49.2387114921834,,,,,,,,,
ERI,Eritrea,2002,,,,,,,,,,,,,,,,,,,,,,,,,,49.114588864154904,,,,,,,,,
ERI,Eritrea,2003,,,,,,,,,,,,,,,,,,,,,,,,,,49.1569168050533,,,,,,,,,
ERI,Eritrea,2004,,,,,,,,,,,,,,,,,,,,,,,,,,49.1820926615635,,,,,,,,,
ERI,Eritrea,2005,,,,,,,,,,,,,,,,,,,,,,,,,,49.1112613155463,,,,,,,,,
ERI,Eritrea,2006,,,,,,,,,,,,,,,,,,,,,,,,,,49.1359101470659,,,,,,,,,
ERI,Eritrea,2007,,,,,,,,,,,,,,,,,,,,,,,,,,49.085125071671,,,,,,,,,
ERI,Eritrea,2008,,,,,,,,,,,,,,,,,,,,,,,,,,49.1416594446377,,,,,,,,,
ERI,Eritrea,2009,,38.5,,,,,,10,28,,86.4,9.9,,18.3,73.9,59,69.2,10,20,,,,,,,49.3029413679761,,,,,,,,,
ERI,Eritrea,2010,,35.3,,,,,,10,26,,73,6.9,,18,70.8,59,69.1,0,20,,,,,,,49.288282865211,,,,,,,,,
ERI,Eritrea,2011,,36.7,,,,,,10,26,,73,31.5,,18.2,73.4,46,69.1,0,20,,,,,,,49.1977309374742,,,,,,,,,
ERI,Eritrea,2012,,36.2,,,,,,10,26,,57,46.8,,17.1,63.2,52.9,69.1,0,20,,,,,,,49.0948503223394,,,,,,,,,
ERI,Eritrea,2013,,36.3,,,,,,10,25,,57,54.6,,17.3,54.6,55.5,69.1,0,20,,,,,,,49.1466391147448,,,,,,,,,
ERI,Eritrea,2014,,38.5,,,,,,10,22.9,,57,66.1,,18.6,63.6,57.6,69.1,0,20,,,,,,,48.8007551478023,,,,,,,,,
ERI,Eritrea,2015,,38.9,,,,,,10,20,,57,71.8,,18.2,65.5,57.8,69.2,0,20,,,,,,,48.8095273574756,,,,,,,,,
ERI,Eritrea,2016,,42.7,,,,,,10,18,,80.9,73.4,,32.1,65.6,57.8,69.2,0,20,,,,,,,48.7083929617464,,,,,,,,,
ERI,Eritrea,2017,,42.2,,,,,,36.4,27.5,10.3,81.3,74.7,0,56.7,69.7,61,69.2,0,20,,,,,,,48.7697282276229,,,,,,,,,
ERI,Eritrea,2018,,41.7,,,,,,35.5,23.4,13.8,79.9,75.6,0,56.7,65.7,60.9,69.2,0,20,,,,,,,48.6521574001736,,,,,,,,,
ERI,Eritrea,2019,,38.9,,,,,,35.5,19.7,18.1,81.4,73.9,0,17.7,70,61,69.2,0,20,,,,,,,48.489689111353,,,,,,,,,
ERI,Eritrea,2020,,38.5,,,,,,32.5,21.4,14.3,81.4,74.7,0,18.2,69.7,61,69.2,0,20,,,,,,,49.1364151445771,,,,,,,,,
ERI,Eritrea,2021,,42.3,,,,,,24.2,21,15.4,74,64.3,78.1,17.3,69.6,55,69.2,0,20,,,,,,,48.6544722191247,,,,,,,,,
ERI,Eritrea,2022,,39.7,,,,,,8.6,11.1,3.9,72.7,68.6,79,30.1,51.2,61.5,69.2,0,20,,,,,,,48.4828072897589,,,,,,,,,
ESP,Spain,1995,7.31,62.8,5.85,7.2,9.61,8.09,5.92,70,50,,45.2,36.8,,70,,75.8,77.8,70,70,33501.7314182929,5.5,2.3,35.7,6.5,,19.5551610828307,,,,,,,,10.419382249363785,
ESP,Spain,1996,,59.6,,,,,,70,50,,45.8,26.8,,70,,76.2,77.8,70,50,34232.3786868602,6.5,2.7,36.5,6.1,6.08,19.1610668249456,,,,,,,,10.440956432082917,2.1574182719131585
ESP,Spain,1997,,59.6,,,,,,70,44,,45.8,32.9,,70,,76.3,77.8,70,50,35312.0862854389,5.2,2.1,35.3,6.6,,18.1772636462794,,,,,,,,10.472008890524464,3.1052458441546804
ESP,Spain,1998,,62.6,,,,,,70,43,,46.3,39.3,,70,,77.4,77.8,70,70,36679.0942334698,3.5,1.5,34.6,6.7,,17.3381772541787,,,,,,,,10.509989495436615,3.7980604912151605
ESP,Spain,1999,,65.1,,,,,,70,59,,46.5,42.7,,70,,79.7,77.8,70,70,38141.316878689,2.7,1.2,33.8,7.2,,16.1969107147247,,,,,,,,10.549079623997633,3.909012856101768
ESP,Spain,2000,7.94,65.9,6.65,7.49,9.26,9.15,7.21,70,61,,45.8,47.1,,70,,81,77.8,70,70,39945.8971298178,3,1.2,34.1,7,,15.0731154369274,,,,,,,,10.595306279337434,4.622665533980097
ESP,Spain,2001,7.89,68.1,6.85,7.22,9.31,8.95,7.2,70,66,,53.8,54.4,,70,,80.7,78,70,70,41224.2924057393,,,,,,14.8125825254814,,,,,,,,10.62680724032537,3.1500960987935755
ESP,Spain,2002,7.91,68.8,6.83,7.24,9.43,8.99,7.15,70,70,,53.1,52,,70,,84.1,79.6,70,70,41766.0378188791,,,,,,13.9568237287512,,,,,,,,10.639862738502483,1.3055498177113378
ESP,Spain,2003,8.01,68.8,7.06,7.26,9.45,9.24,7.11,70,70,,52.6,52.2,,70,,83.3,81.4,70,70,42223.130174522,2.4,1.2,31.8,7.2,,13.3292531276294,,,,,,,,10.65074714168933,1.088440318684647
ESP,Spain,2004,8,68.9,7.03,7.27,9.46,9.02,7.27,70,71,,52.9,52.7,,70,,83.6,79.8,70,70,42793.3902326006,2.7,1.3,33.3,6.9,,13.19560134426,,,,,,,,10.66416230364779,1.3415161958461042
ESP,Spain,2005,7.86,67,6.93,7.43,9.41,8.24,7.3,70,69,,55.4,53,,70,48.8,83.9,80.2,70,70,43570.7652574033,2.8,1.2,32.4,7,,13.2232674707966,,,,,,,,10.682164633723472,1.8002330075681527
ESP,Spain,2006,7.77,68.2,6.93,7.45,9.23,8.35,6.91,70,71,,55.3,50.5,,78.7,50,83.9,82.4,70,70,44572.6815459931,3.1,1.3,33.5,6.7,7.64,12.9261182981476,,,,,,,,10.704898863965079,2.2734230241606923
ESP,Spain,2007,7.76,69.2,6.75,7.48,9.33,8.31,6.9,70,70,,55.2,54.8,,78,49.3,78.5,86.6,70,80,45301.2843416374,1.9,0.8,34.1,6.7,7.3,12.6417687075876,,,,,,,,10.721112737167442,1.621387320236245
ESP,Spain,2008,7.67,69.1,6.81,7.4,9.27,8.25,6.6,70,68,,54.5,56.2,,77.9,50.2,78.1,86,70,80,44926.348951812,2.1,0.9,34.2,6.6,7.58,12.7359392540713,,,,,,,,10.7128019963575,-0.8310740809941208
ESP,Spain,2009,7.53,70.1,6.24,7.33,9.45,8.3,6.32,70,67,,58.6,55.3,,76.8,48.3,78.9,85.8,80,80,42852.220888454,2.7,1.3,34.9,6.3,8.01,12.1127144881471,,,,,,,,10.66553608779275,-4.726590856474999
ESP,Spain,2010,7.67,69.6,6.29,7.36,9.43,8.32,6.93,70,65,,58.1,54.8,,75.8,47.3,77.7,87.5,80,80,42695.5274189933,3.1,1.3,35.2,6.3,8.21,12.11600969174,,,,,,,,10.661872870827528,-0.36632169652222046
ESP,Spain,2011,7.73,70.2,6.47,7.39,9.49,8.29,7.01,70,61,,61,49.3,,77.2,53,82.4,87.6,80,80,42271.8346788238,3.4,1.8,35.7,6,7.95,11.8356312134069,,,,,,,,10.651899952557276,-0.9972918270252151
ESP,Spain,2012,7.64,69.1,6.19,7.31,9.6,8.23,6.86,70,61,,61.3,37.1,,81.3,51.8,81.5,87.1,80,80,41034.0481566356,3.7,1.7,35.4,6.1,7.81,12.3002839913515,,,,,,,,10.6221818136134,-2.971813894387587
ESP,Spain,2013,7.68,68,6.14,7.23,9.74,8.2,7.08,70,62,,53.9,43,,80.3,54.3,79.9,86.8,80,70,40594.914008768,4.2,1.9,36.2,5.7,8.07,12.653717918517,,,,,,,,10.611422700347134,-1.0759113266265885
ESP,Spain,2014,7.79,67.2,6.12,7.22,9.86,8.51,7.22,70,62.6,,54,38.7,,77.3,52.2,79.9,87.8,80,70,41339.4111169417,4.3,1.7,36.1,5.7,7.94,13.0088582600047,,,,,,,,10.629595777959937,1.8173077612802402
ESP,Spain,2015,7.81,67.6,6.16,7.33,9.76,8.53,7.29,70,59,,53.1,39.8,,77.5,52.6,81.3,88,85,70,43053.761430314,3.8,1.8,36.2,5.8,8.48,12.5780503092451,,,,,,,,10.670228106070065,4.063232811012796
ESP,Spain,2016,7.84,68.5,6.4,7.35,9.5,8.54,7.41,70,60,,58.3,41.1,,76,51.7,84.7,88,85,70,44274.6676149922,4,1.9,35.8,5.8,8.23,11.9822538942882,,,,,,,,10.698190541362695,2.796243529263087
ESP,Spain,2017,7.74,63.6,6.24,7.33,9.05,8.6,7.46,71.2,57.2,53.9,62.5,41.4,26.9,66.9,55.3,85.5,87,85,70,45446.2508575695,2.9,1.3,34.7,6.2,8.49,11.9498951108739,,,,,,,,10.724307610594012,2.6117069231316847
ESP,Spain,2018,7.81,65.1,6.43,7.39,9.13,8.58,7.51,73.1,51.5,62,62,42.8,36.1,66.3,59,86.7,86.9,85,70,46325.2099441141,3.2,1.4,34.7,6.2,8.44,11.4298620158285,,,,,,,,10.74346316941181,1.9155558817796958
ESP,Spain,2019,7.86,65.7,6.42,7.38,9.36,8.61,7.51,72.9,51.9,51.4,62.3,46.2,51.1,66.8,57.8,87.5,86,85,70,46896.4171141424,2.9,1.4,34.3,6.2,9.72,11.1066859737622,,,,,,,,10.755717880724717,1.2254711312907673
ESP,Spain,2020,7.52,66.9,5.84,7.43,8.89,8.37,7.09,74.9,55.1,51.8,62.1,48.3,62.6,66.8,57.7,82,86.4,85,70,41553.4477945675,3.4,1.5,34.9,6,8.45,11.5767623379317,,,,,,,,10.634759841355157,-12.095803936955996
ESP,Spain,2021,7.51,69.9,5.99,7.42,8.81,8.07,7.27,76.4,70.3,65.4,61.7,48.1,69.8,66.3,57.9,83.5,84,85,70,44251.6658222621,2.2,1,33.9,6.4,9.11,11.4380024416856,,,,,,,,10.697670893192338,6.2911051837181375
ESP,Spain,2022,7.54,68.2,6.05,7.35,8.42,8.67,7.19,87.7,67.2,74.3,59.7,38.3,29.7,75.2,61.8,85.4,84.2,85,70,46733.4809780536,2.4,1.1,33.6,6.6,9.42,10.8344079188734,,,,,,,,10.75223752191799,5.456662872565232
EST,Estonia,1995,6.27,65.2,6.38,7.05,2.31,9.65,6.08,70,50,,82,63.3,,85,,0,77,90,70,14710.9686602535,40.2,12.3,30.1,8.1,12.07,9.98435502138561,,,,,,,,9.596416636065296,
EST,Estonia,1996,,65.4,,,,,,70,50,,73.2,59.2,,85,,17.3,74,90,70,15667.5909129247,,,,,,10.2265071547347,,,,,,,,9.659413408711044,6.299677264574832
EST,Estonia,1997,,69.1,,,,,,70,50,,71.4,55.5,,85,,55.5,74,90,70,17915.4540304763,,,,,,9.92033570989981,,,,,,,,9.793474789184934,13.406138047388971
EST,Estonia,1998,,72.5,,,,,,70,70,,72.2,50.1,,85,,62.3,83,90,70,18873.3758453389,34.1,9.8,37.6,7,,9.31979182424147,,,,,,,,9.845560505773859,5.208571658892502
EST,Estonia,1999,,73.8,,,,,,70,70,,72.8,50.8,,85,,70.2,85,90,70,18737.8980935019,,,,,,9.29897797610479,,,,,,,,9.838356754357234,-0.7203751416625437
EST,Estonia,2000,7.78,69.9,6.57,6.98,8.46,9.03,7.91,70,57,,72.5,25,,85,,74.9,85,90,70,20528.5708195573,35.9,11.1,35.8,6.9,7.92,8.78270227562203,,,,,,,,9.929621604755853,9.126485039861976
EST,Estonia,2001,7.85,76.1,6.59,7.03,8.91,8.99,7.77,70,57,,79.6,67.3,,85,,80.6,85,90,70,21874.6948334875,38.5,11.9,36,7,,8.6944063741719,,,,,,,,9.993131474537927,6.350986978207374
EST,Estonia,2002,7.88,77.6,6.52,7.1,9.06,8.91,7.83,70,57,,80,54.4,,85,,87,85,90,90,23539.9060675759,36,11.4,35.8,6.9,,8.4103521425541,,,,,,,,10.066494870624753,7.336339608682607
EST,Estonia,2003,8.02,77.7,6.64,7.14,9.54,8.98,7.86,70,56,,80.4,58.3,,85,,85.7,84.2,90,90,25487.5329152987,20.7,7.6,37.2,6.2,8.41,8.42350271550969,,,,,,,,10.1459839404097,7.948906978494641
EST,Estonia,2004,8.05,77.4,6.89,7.04,9.38,9.03,7.94,70,56,,83.8,55.5,,85,,82.1,84.2,90,90,27384.0831488798,14.6,4.8,33.6,7.1,8.77,8.46608780292106,,,,,,,,10.217753733506067,7.1769793096367
EST,Estonia,2005,8.07,75.2,7.12,7.23,9.22,8.89,7.9,70,55,,82.9,61.6,,85,47.4,85.5,84.8,90,90,30164.0063711861,10.1,3.2,33.4,7.4,7.63,7.89372539266762,,,,,,,,10.314437802086049,9.668406857998235
EST,Estonia,2006,8.05,74.9,7.15,7.22,9.05,8.94,7.92,70,60,,83.8,57.4,,81.9,49.3,84.7,82.4,90,90,33304.5935377333,6.3,2.1,33.7,7.6,,7.53360257316794,,,,,,,,10.41348063596857,9.90428338825211
EST,Estonia,2007,7.98,78,7.09,7.28,8.75,8.96,7.85,90,64,,84.5,61.8,,79.9,49.7,83,86.6,90,90,35989.864986622,4.1,1.4,31.2,8,,7.25113528948554,,,,,,,,10.491020434866563,7.7539798897992895
EST,Estonia,2008,7.86,77.9,6.6,7.33,8.65,8.93,7.84,90,67,,86,62,,85.3,50.7,82,86,90,80,34236.950125417,4.1,1.3,31.9,7.8,,6.9765674747005,,,,,,,,10.44108996063108,-4.993047423548269
EST,Estonia,2009,7.96,76.4,5.89,7.75,9.45,8.9,7.88,90,65,,81.5,67.3,,75.9,48.5,79.7,85.8,90,80,29284.4047394108,5,1.7,31.4,7.7,,7.40299229176776,,,,,,,,10.284844539135593,-15.624542149548759
EST,Estonia,2010,8.08,74.7,6.42,7.79,9.15,8.85,8.2,80,66,,80.2,62.2,,83.1,47,71.1,87.5,90,80,30070.2990791103,7.2,2.5,32,7.2,,7.5943269344032,,,,,,,,10.311326476882137,2.648193774654395
EST,Estonia,2011,8.01,75.2,6.6,7.77,8.67,8.77,8.24,80,66,,80.7,52.2,,80.9,55.8,78.7,87.6,90,80,32456.1208864878,6.1,2.2,32.5,7.3,5.81,7.70340928695606,,,,,,,,10.387675139860804,7.634866297866694
EST,Estonia,2012,8,73.2,6.44,7.75,8.8,8.72,8.28,80,65,,79.1,38.8,,75.7,56.9,79.3,87.1,90,80,33768.572369804,5.2,2,32.9,7.3,,7.78067774794745,,,,,,,,10.427315450279123,3.9640310418318947
EST,Estonia,2013,8.03,75.3,6.65,7.76,8.71,8.67,8.37,85,64,,79.7,56.2,,78.2,56,77.1,86.8,90,80,34484.2236457273,5.3,2.2,35.1,6.8,,7.73474708903476,,,,,,,,10.44828621114891,2.0970760869786886
EST,Estonia,2014,8.1,75.9,6.56,7.79,8.87,8.94,8.34,90,64.2,,80.4,56,,77.6,55.9,76.9,87.8,90,80,35723.6266134228,5,1.9,34.6,7,,7.64014199201175,,,,,,,,10.483595551054794,3.5309339905884585
EST,Estonia,2015,8.15,76.8,6.43,7.9,9.02,9.05,8.35,90,68,,80.6,53.2,,81.5,58.7,77.6,88,90,80,36356.4410152614,2.9,1.2,32.7,7.5,,7.56713258685905,,,,,,,,10.501154166696466,1.7558615641672048
EST,Estonia,2016,8.16,77.2,6.49,7.85,9.19,8.92,8.34,90,69,,81.9,54.9,,79,57.2,82.2,88,90,80,37470.0427676805,2.4,0.9,31.2,7.8,,7.49411463067851,,,,,,,,10.53132372080217,3.016955410570432
EST,Estonia,2017,8.05,79.1,6.39,7.84,8.75,8.98,8.28,82.6,69.9,82.8,81.2,55.8,99.8,77,56.9,85.7,87,90,80,39533.4645582199,1.8,0.7,30.4,8.1,,7.53094010434105,,,,,,,,10.584928090925768,5.360437012359753
EST,Estonia,2018,8.09,78.8,6.48,7.85,8.9,8.95,8.29,80.4,75.7,83.9,80.7,52.6,99.8,75.6,54.8,85.1,86.9,90,80,40853.6487755073,1.3,0.6,30.3,8.1,,7.33316768689812,,,,,,,,10.617775894927304,3.2847804001535863
EST,Estonia,2019,8.17,76.6,6.58,7.84,9.2,8.96,8.25,81.5,73.1,76,79.9,51.1,99.8,75.3,57.2,79.6,86,90,70,42218.962853871,1.7,0.9,30.8,8.1,,7.17083274138434,,,,,,,,10.650648441578879,3.2872546651574908
EST,Estonia,2020,7.98,77.7,6.33,7.92,8.85,8.73,8.07,83.2,85.9,73.7,81.1,53.3,99.9,73.5,57.3,78.6,86.4,90,70,40920.5270623015,1.6,0.7,30.7,8.1,,7.33037798124594,,,,,,,,10.619411537607316,-3.1236903971562313
EST,Estonia,2021,7.91,78.2,6.42,7.95,8.63,8.39,8.16,81.8,86.4,80.8,81,54.4,99.6,72.7,57.8,79.7,84,90,70,44251.5374983455,1,0.5,31.8,8.1,,7.08791425186999,,,,,,,,10.697667993387316,7.825645578000007
EST,Estonia,2022,7.67,80,6.6,7.98,6.91,8.95,7.93,91.5,83.9,92.3,81.1,48.4,93.3,86.9,61.1,82.8,79.2,90,70,43128.6327713627,2,0.9,32.3,7.7,,6.83873027469106,,,,,,,,10.671965575146162,-2.570241824115449
ETH,Ethiopia,1995,,42.6,7.24,3.71,,,,30,30,,41,88.5,,55,,72,27,10,30,760.264345021167,96.5,69.2,44.6,6.3,,89.5981438184402,,,,,,,,6.634980662880934,
ETH,Ethiopia,1996,,45.9,,,,,,30,30,,48.8,88.5,,55,,73.4,27,30,30,826.991658780615,,,,,,89.4682517018966,,,,,,,,6.719003080398062,8.402241751712847
ETH,Ethiopia,1997,,48.1,,,,,,30,30,,48.7,79.9,,55,,71.2,58,30,30,826.00521803882,,,,,,89.3486582926823,,,,,,,,6.717811004603326,-0.1192075794736347
ETH,Ethiopia,1998,,49.2,,,,,,30,30,,48.4,80.6,,55,,86.8,52.2,30,30,772.78664639708,,,,,,89.3487597033186,,,,,,,,6.651296184941336,-6.651481966198958
ETH,Ethiopia,1999,,46.7,,,,,,30,30,,48.3,78.9,,55,,82.9,35,30,30,787.679577487053,97.7,65.5,30,9.1,24.4,89.3387501825257,,,,,,,,6.670360126176279,1.9063941234942483
ETH,Ethiopia,2000,4.6,50.2,5.9,3.64,4.46,,4.89,30,30,,66.6,82.7,,55,,81.4,46,30,30,810.270749126975,,,,,,89.5735806570517,,,,,,,,6.698601844427091,2.824171825081212
ETH,Ethiopia,2001,4.47,48.9,5.11,4.31,3.6,,5.35,30,30,,66.7,78.1,,55,,74.4,46,30,30,851.313428423251,,,,,,89.7201239856499,,,,,,,,6.747954332916573,4.935248848948248
ETH,Ethiopia,2002,4.63,49.8,5.37,4.31,4.16,,5.12,30,32,,70.3,71.2,,55,,79.7,50,30,30,838.298046963913,,,,,,89.9072639482234,,,,,,,,6.732565884103962,-1.53884488126117
ETH,Ethiopia,2003,4.15,48.8,5.38,4.32,2.4,,5.26,30,32,,69.9,67.1,,55,,76.5,48.8,30,30,795.772138310178,,,,,,90.204888664713,,,,,,,,6.680568738678831,-5.1997145425130675
ETH,Ethiopia,2004,5.31,54.5,5.51,4.32,6.08,,5.41,30,35,,70.2,73.4,,55,,84.3,63,50,30,877.114494970686,95.7,55.3,29.8,9.4,26.4,90.3512078322708,,,,,,,,6.777776989427847,9.720825074901551
ETH,Ethiopia,2005,5.09,51.1,5.49,4.31,5.1,4.78,5.73,30,25,,73.5,65.3,,55,61.6,68.5,52,50,30,952.115666295785,,,,,,90.5203343018835,,,,,,,,6.859736267008978,8.195927758113175
ETH,Ethiopia,2006,5.13,50.9,5.5,4.45,4.89,5.21,5.56,30,23,,70.8,61.3,,54.4,62,69.8,58,50,30,1024.72911938972,,,,,,90.2641768330575,,,,,,,,6.933158974682948,7.342270767396997
ETH,Ethiopia,2007,5.17,53.6,5.69,4.47,4.69,5.25,5.74,30,22,,77.2,81.3,,59.4,61.5,71.8,63,50,20,1109.14330261241,,,,,,89.9450870097839,,,,,,,,7.012244387426126,7.908541274317749
ETH,Ethiopia,2008,4.88,52.5,5.77,4.49,3.38,5.19,5.55,30,24,,77.2,80.9,,58.8,61.9,69.4,63,40,20,1193.74728332973,,,,,,89.5838767830177,,,,,,,,7.085689963615741,7.344557618961556
ETH,Ethiopia,2009,5.25,53,5.59,4.58,5.07,5.26,5.74,30,24,,77.4,82.7,,62.6,59.4,65.5,68.6,40,20,1262.46398002755,,,,,,89.22170873035,,,,,,,,7.141612418331304,5.592245471556279
ETH,Ethiopia,2010,5.14,51.2,5.34,4.54,4.96,5.15,5.71,30,26,,77.7,82.9,,66.3,61.5,60.4,61.9,25,20,1381.19044652656,93.2,52.6,33.2,8,,88.8349580144057,,,,,,,,7.231424799845359,8.981238151405524
ETH,Ethiopia,2011,4.87,50.5,5.72,4.52,3.35,5.1,5.68,30,27,,74.5,88.7,,67.4,57.1,54.3,65.6,20,20,1492.5339647204,,,,,31.16,88.4428129524798,,,,,,,,7.308900379091852,7.747557924649229
ETH,Ethiopia,2012,4.91,52,5.95,4.48,3.4,5.1,5.61,30,27,,74.8,91.1,,64.4,55.5,67.1,65.6,25,20,1576.76875736149,,,,,,88.0693385117263,,,,,,,,7.363766949071537,5.486656997968531
ETH,Ethiopia,2013,5.19,49.4,6.12,4.43,4.67,5.12,5.62,30,27,,74.2,89.6,,52.4,46.9,64.7,64,25,20,1696.86515591049,,,,,,87.7271951584348,,,,,,,,7.437126950237599,7.3360001166062005
ETH,Ethiopia,2014,5.08,50,5.67,4.34,4.76,5.02,5.61,30,27,,77.5,89.9,,57.8,54.7,59,64.2,20,20,1821.39161774962,,,,,,87.2635490033701,,,,,,,,7.507904993115625,7.077804287802625
ETH,Ethiopia,2015,5.07,51.5,5.67,4.41,4.61,5.12,5.54,30,33,,77.4,91.4,,55.9,56.4,66.1,64.4,20,20,1957.41454187301,89.9,49,35,7.3,23.63,86.8080524689374,,,,,,,,7.579890517674942,7.198552455931662
ETH,Ethiopia,2016,5.27,51.5,5.86,4.42,4.94,5.14,5.97,30,33,,77.2,90.5,,55.8,57.7,66,65,20,20,2084.840556194,,,,,,86.3623410416873,,,,,,,,7.642927197449563,6.303667977462091
ETH,Ethiopia,2017,5.42,52.7,5.85,4.45,5.56,5.27,5.98,32.6,37.6,29.6,77.1,90.3,86.5,50,57.2,65.7,65.1,20,20,2222.82824481382,,,,,,85.9513690600726,,,,,,,,7.706985424336894,6.4058226887331315
ETH,Ethiopia,2018,5.35,52.8,5.94,4.46,5.21,5.08,6.07,31.1,37.7,37.6,76.5,90.6,85.5,40.2,51.3,67.1,60.7,35,20,2311.16511659606,,,,,19.73,85.5703892314737,,,,,,,,7.745939644455009,3.8954220118115224
ETH,Ethiopia,2019,5.48,53.6,6.24,4.47,4.97,5.61,6.11,32.6,35.1,40.9,77.2,90.4,83.3,48.6,58,60.8,60.8,35,20,2437.97046055952,,,,,,85.2199628039605,,,,,,,,7.799331286850868,5.33916423958587
ETH,Ethiopia,2020,5.24,53.6,6.46,4.47,4.34,4.82,6.12,36.5,29.4,45.1,77.4,90.8,79.2,48.6,57.6,62.7,60.8,35,20,2516.54907642544,,,,,,85.7358454393711,,,,,,,,7.831041118514106,3.170983166323804
ETH,Ethiopia,2021,5.15,51.7,6.74,4.41,4.98,3.54,6.06,23.2,31.5,33.8,78.2,91.9,79.6,47.5,57.4,60.6,61.4,35,20,2588.41310215884,93.5,52.5,31.1,8.3,23.17,85.3372193352939,,,,,,,,7.859186527532515,2.8145409018408785
ETH,Ethiopia,2022,5.24,49.6,6.88,4.41,4.67,4.18,6.06,38.1,33.2,20.5,78.3,93,81.6,42.7,38.8,57.7,61.4,30,20,2655.59276743729,,,,,,85.0570339605148,,,,,,,,7.884799666206287,2.5613138673771907
FIN,Finland,1995,7.83,,4.83,9.03,9.55,8.56,7.23,,,,,,,,,,,,,37069.62898136,0.2,0.1,23.5,11,,13.0598511259224,,,,,,,,10.520580263396571,
FIN,Finland,1996,,63.7,,,,,,90,90,,58.4,0,,55,,82.3,77.8,70,50,38301.5126175582,,,,,,13.6956295735845,,,,,,,,10.553270776608514,3.269051321194283
FIN,Finland,1997,,65.2,,,,,,90,91,,54.9,0,,70,,83.3,77.8,70,50,40630.921767316,,,,,,12.5811151585703,,,,,,,,10.612309287083383,5.903851047486874
FIN,Finland,1998,,63.5,,,,,,90,91,,38.5,0,,70,,89.5,73.2,70,50,42733.4455712897,,,,,7.4,11.6711716480019,,,,,,,,10.662760561871165,5.045127478778255
FIN,Finland,1999,,63.9,,,,,,90,95,,38.4,0,,70,,88.6,73.2,70,50,44505.7114770222,,,,,,10.986683101421,,,,,,,,10.703395276490546,4.0634714619381285
FIN,Finland,2000,8.22,64.3,5.31,9.04,9.38,9.27,8.14,90,96,,37.2,0,,70,,87.8,78,70,50,46968.841714507,0.2,0.1,27.2,9.7,,10.6675669526415,,,,,,,,10.757261009087898,5.386573259735172
FIN,Finland,2001,8.17,69.7,5.32,8.98,9.49,9.16,7.92,90,98,,55.6,28,,70,,87.9,78,70,50,48099.3014282794,,,,,,10.1442731286854,,,,,,,,10.781043722774413,2.3782713686514967
FIN,Finland,2002,8.16,73.6,5.2,8.99,9.55,9.17,7.91,90,100,,55.6,28,,85,,84.6,79.6,70,70,48792.4864789775,,,,,,9.96579256067057,,,,,,,,10.795352109141374,1.43083863669613
FIN,Finland,2003,8.17,73.7,5.14,8.98,9.59,9.17,7.97,90,99,,54.9,28,,85,,84.7,81.4,70,70,49655.5451564067,0.2,0.1,27.7,9.4,,9.82422290801625,,,,,,,,10.812885486694547,1.7533377553172969
FIN,Finland,2004,8.17,73.4,5.12,8.89,9.65,9.03,8.18,90,97,,57.5,25,,85,,86,79.8,70,70,51494.705860401,0.2,0.1,27.9,9.4,,9.55610705852668,,,,,,,,10.849253701823972,3.6368215129424897
FIN,Finland,2005,8.13,71,5.25,8.98,9.53,8.57,8.32,90,97,,58,22.3,,85,49.9,88,80.2,70,70,52744.048034135,0.2,0.1,27.6,9.5,,9.55560131187563,,,,,,,,10.87322517080153,2.397146897755853
FIN,Finland,2006,8.04,72.9,5.37,9,9.38,8.53,7.94,90,97,,61.9,24.4,,95.4,47.4,90.8,82.4,70,70,54653.981203281,0.2,0.1,28,9.3,7.18,9.97185396399102,,,,,,,,10.908795636812059,3.5570466010527824
FIN,Finland,2007,8.05,74,5.56,9.02,9.29,8.5,7.92,90,96,,63.1,23.5,,95.3,45.6,89.9,86.6,70,80,57313.2916474478,0.1,0.1,28.3,9.2,,9.86896240804827,,,,,,,,10.956305289534376,4.750965272231689
FIN,Finland,2008,7.98,74.6,5.5,8.91,9.2,8.45,7.85,90,96,,64.3,29.1,,95.2,46.4,88.5,86,70,80,57494.585352886,0.2,0.1,27.8,9.3,,9.27240231057814,,,,,,,,10.95946344736643,0.3158157832054087
FIN,Finland,2009,7.97,74.5,5.18,8.9,9.46,8.47,7.83,95,94,,64.3,28.6,,95.1,44.8,87.4,85.8,70,80,52599.1487066911,0.1,0.1,27.5,9.3,,10.2362891519733,,,,,,,,10.87047422584521,-8.89892215212189
FIN,Finland,2010,8.05,73.8,5.26,8.95,9.39,8.46,8.19,90,90,,65.4,32.9,,95,43.8,78.9,87.5,75,80,54017.9458623339,0.2,0.1,27.7,9.2,,10.6141009107943,,,,,,,,10.897090113315667,2.6615887470455846
FIN,Finland,2011,8.11,74,5.28,8.95,9.27,8.7,8.34,90,89,,65.3,26.5,,95,41.4,80.7,87.6,85,80,55053.3906850323,0.1,0.1,27.6,9.3,,9.95926927196694,,,,,,,,10.916076897099876,1.8986783784209038
FIN,Finland,2012,8.06,72.3,5.15,8.95,9.27,8.64,8.28,90,92,,65.4,5.2,,94.9,42.4,81.3,87.1,85,80,53957.6680986279,0.2,0.1,27.1,9.4,8.34,10.0852807602088,,,,,,,,10.895973626893038,-2.010327020683711
FIN,Finland,2013,7.95,74,5.03,8.9,9.33,8.33,8.16,90,94,,66.9,12.2,,94.8,45.3,79.5,86.8,90,80,53183.4286685126,0.2,0.1,27.2,9.3,,10.3590108201427,,,,,,,,10.881520938285536,-1.445268860750204
FIN,Finland,2014,8.01,73.4,5.05,8.88,9.43,8.53,8.16,90,93.4,,65.1,8.9,,93.6,46.5,78.9,87.8,90,80,52710.7334867778,0.2,0.1,26.8,9.4,,9.99248847756953,,,,,,,,10.87259335655526,-0.8927581730276302
FIN,Finland,2015,8.01,73.4,4.85,8.9,9.56,8.55,8.19,90,89,,66.4,3.6,,92.6,54.8,79.9,88,90,80,52782.4873926277,0.2,0.1,27.1,9.4,,10.9832247280087,,,,,,,,10.873953682005393,0.1360325450132649
FIN,Finland,2016,7.97,72.6,4.9,8.85,9.28,8.57,8.25,90,89,,66.5,0.8,,90.7,53.7,81.9,88,85,80,53984.6316254715,0.2,0.1,27.1,9.4,7.15,10.5574042312685,,,,,,,,10.896473209130791,2.2519527125398398
FIN,Finland,2017,7.97,74,5.01,8.84,9.08,8.63,8.3,90.6,90,82.7,66.6,0,77.3,90.2,53.4,85.1,87,85,80,55637.2262781223,0.2,0.1,27.4,9.4,,9.94449346293616,,,,,,,,10.926625766990828,3.0152557860036566
FIN,Finland,2018,8.01,74.1,5.11,8.81,9.16,8.6,8.35,89,89.8,82.7,66.5,2.3,81.1,89.9,50.5,86,86.9,85,80,56226.337241343,0.2,0.1,27.3,9.3,,9.83014384540746,,,,,,,,10.937158345396044,1.0532578405216597
FIN,Finland,2019,8.03,74.9,5.13,8.79,9.3,8.61,8.33,89.6,92.5,81.2,66.8,7.2,86.4,89.4,50.3,84.8,86,85,80,56922.4873163103,0.2,0.1,27.7,9.2,,9.98095197996488,,,,,,,,10.949463317303683,1.2304971907639128
FIN,Finland,2020,7.76,75.7,4.72,8.89,8.88,8.16,8.13,92.3,96.1,80.5,67.5,11.2,90.7,84.8,50.3,83.6,86.4,85,80,55424.8574989208,0.1,0,27.1,9.5,,10.2844269865134,,,,,,,,10.92280150570305,-2.6661811600632745
FIN,Finland,2021,7.8,76.1,4.94,8.9,8.92,8.07,8.17,91.9,97.2,82.2,68,14.3,91.4,85.8,50.5,83.3,84,85,80,56790.3766177692,0.2,0.1,27.7,9.3,,10.5447969174707,,,,,,,,10.947139773073706,2.4338267370655586
FIN,Finland,2022,7.87,78.3,5.06,8.86,8.52,8.67,8.22,100,96.4,97.8,68.4,10.7,83.2,88.7,65.1,84.9,79.2,85,80,57068.3056478074,0.3,0.1,27.9,9.3,,10.3058665793875,,,,,,,,10.952021696780857,0.48819237071509036
FJI,Fiji,1995,6.55,54.7,6.22,4.48,7.02,7.47,7.5,50,30,,57.1,72.5,,55,,75.5,52.6,50,50,8600.09284204425,,,,,,37.2978486256861,,,,,,,,9.059644548824608,
FJI,Fiji,1996,,57.4,,,,,,50,30,,67.4,74.4,,55,,80.5,59,50,50,8956.35010569935,,,,,,37.0285761754444,,,,,,,,9.1002297150954,4.058516627079278
FJI,Fiji,1997,,58,,,,,,50,30,,71,77.5,,55,,80.8,57.6,50,50,8669.25168630675,,,,,,36.9056305277299,,,,,,,,9.067653098915724,-3.2576616179676776
FJI,Fiji,1998,,58.2,,,,,,50,30,,70.9,79.6,,55,,79.7,58.4,50,50,8673.87816621436,,,,,,36.8218688511424,,,,,,,,9.068186560476018,0.05334615602947679
FJI,Fiji,1999,,58.4,,,,,,50,30,,71.1,73,,70,,78.6,53,50,50,9328.6066405707,,,,,,36.6572632422438,,,,,,,,9.140948132242066,7.2761571766047695
FJI,Fiji,2000,6.1,57.8,6.73,3.96,6.89,6.24,6.65,50,30,,70.8,63.3,,70,,76,60.2,50,50,9070.99316578265,,,,,,36.6261589585762,,,,,,,,9.112947272636413,-2.8000859605652906
FJI,Fiji,2001,5.96,53.7,6.39,3.97,6.57,6.24,6.62,30,30,,70.7,63.3,,70,,79,60.2,30,50,9157.80841609435,,,,,,36.613150017337,,,,,,,,9.122471363627094,0.9524090990680634
FJI,Fiji,2002,6.06,53.9,6.28,4.01,6.73,6.44,6.85,30,30,,70.9,76.5,,70,,81.7,46.2,30,50,9357.75384260711,52.4,18.6,38.1,6.7,,36.6779812163822,,,,,,,,9.144067424134592,2.1596060507498294
FJI,Fiji,2003,5.97,54.7,6.26,4.02,6.3,6.44,6.83,30,30,,75.4,74.4,,70,,78.5,33.8,30,70,9361.46421337988,,,,,,36.8559839613785,,,,,,,,9.144463805482243,0.03963813476506317
FJI,Fiji,2004,6.09,58,6.84,4.02,6.34,6.49,6.75,30,30,,78.3,71.7,,70,,81.8,60.2,30,70,9766.52768879045,,,,,,37.0284931054211,,,,,,,,9.18681866171307,4.235485623082802
FJI,Fiji,2005,6.36,58.2,7.75,4.01,6.55,6.07,7.45,30,30,,78.5,71.5,,70,83.6,78.4,60.2,30,50,9745.58145847385,,,,,,37.2990067667466,,,,,,,,9.184671882866747,-0.21467788463240822
FJI,Fiji,2006,6.12,58.4,7.66,3.87,6.32,6.06,6.71,30,30,,76.9,71.9,,70.8,84.8,79.1,60.2,30,50,9837.08591539941,,,,,,38.6898432255497,,,,,,,,9.194016450331933,0.9344567465186415
FJI,Fiji,2007,6.12,60.8,7.75,3.78,6.15,6.07,6.88,30,40,,75.5,71,,70.4,84.7,74.7,71.8,30,60,9672.29015915616,,,,,,40.1228125810822,,,,,,,,9.177123774543999,-1.6892675787934408
FJI,Fiji,2008,6.29,61.8,7.9,4.02,6.13,6.04,7.35,30,40,,74.5,75.3,,69.8,85,78.9,74.2,30,60,9711.96604655315,48.9,15.6,40.4,6.6,,41.5702036591899,,,,,,,,9.181216977725795,0.4093203181795957
FJI,Fiji,2009,6.26,61,7.71,3.93,6.4,6.09,7.17,30,40,,76,76,,66,84.8,77.3,69.6,30,60,9536.81721085631,,,,,,43.0398878496484,,,,,,,,9.16301993436926,-1.8197043356535048
FJI,Fiji,2010,6.18,60.3,7.24,3.99,6.31,6.11,7.23,30,40,,75.7,80.6,,63.5,84,73.6,71,25,60,9784.30356200221,,,,,,44.4772081409617,,,,,,,,9.188636902547966,2.56169681787064
FJI,Fiji,2011,6.18,60.4,7.51,3.99,6.05,6,7.32,30,40,,78.1,81.3,,63.2,75.7,76.1,69.8,30,60,10020.6957855059,,,,,,45.9255291350928,,,,,,,,9.21250760038982,2.387069784185414
FJI,Fiji,2012,6.13,57.3,6.76,3.98,6.56,6.05,7.29,25,20,,78.1,78.9,,59.3,75.8,75.7,69.7,30,60,10140.6936395636,,,,,,44.6829633444201,,,,,,,,9.22441028879594,1.1902688406120632
FJI,Fiji,2013,6.17,57.2,7.03,4.01,6.36,6.12,7.33,25,20,,78,78,,65.7,74.9,72.8,68,40,50,10604.1558725865,46.7,14.1,36.7,7.5,,43.3325675986108,,,,,,,,9.269095564918727,4.468527612278628
FJI,Fiji,2014,6.1,58.7,6.47,4.07,6.63,6.03,7.29,25,20,,82.3,76.2,,64.9,73.1,75.2,70.2,50,50,11183.3135357123,,,,,,41.8954810198425,,,,,,,,9.322267498389678,5.317193347095106
FJI,Fiji,2015,6.11,59,6.2,4.43,6.5,6.06,7.37,25,22.3,,81.3,74.6,,63.2,75.2,78.3,70.2,50,50,11674.0633525272,,,,,,37.9055580534324,,,,,,,,9.365210508863035,4.294301047335658
FJI,Fiji,2016,6,58.8,5.7,4.47,6.44,6.01,7.37,30,22.3,,81.2,75.3,,62,70.6,77.6,68.8,50,50,11951.9196317982,,,,,,34.192259032435,,,,,,,,9.388730848170797,2.3520339307761873
FJI,Fiji,2017,6.07,63.4,5.89,4.43,6.56,6.03,7.42,67.7,32.7,41.9,80.7,72.5,84.1,61.3,70.5,75.5,68.8,55,50,12597.3274662764,,,,,,33.9745797595746,,,,,,,,9.44131934335702,5.258849518622277
FJI,Fiji,2018,6.08,62,6.13,4.42,6.6,6.06,7.19,68.3,34.8,47.1,81.4,68.2,63,62.8,70.8,74.1,68.8,55,50,13100.0959551236,,,,,,33.7383489148067,,,,,,,,9.48045116638634,3.91318230293205
FJI,Fiji,2019,5.95,62.2,5.37,4.42,6.91,6.08,6.95,67.3,23.4,42.9,81.1,71.7,82.4,63,72.9,73.5,62.8,55,50,13056.3310937089,61.3,20.9,30.7,8.4,,33.5321126602833,,,,,,,,9.477105024650216,-0.3346141736123798
FJI,Fiji,2020,5.75,63.4,4.9,4.68,6.79,5.45,6.92,69.9,45.6,42.6,80.5,68.9,84.2,62.6,76.2,72.5,52.8,55,50,10812.0355014178,,,,,,34.3260327900049,,,,,,,,9.288507676156442,-18.859734849377396
FJI,Fiji,2021,5.92,62.2,5.47,4.59,7.13,5.39,7.03,60.6,46.8,40.4,86.2,71.1,68.4,61.3,77.2,74.9,55,55,50,10322.4279638854,,,,,,33.8612658049478,,,,,,,,9.242171150923454,-4.633652523298792
FJI,Fiji,2022,5.99,56.4,5.47,4.58,6.71,6.18,7,53.2,54.3,43.4,86.8,69.6,9.1,58.8,66,74.9,55.2,55,50,12118.3182710082,,,,,,33.7007790703502,,,,,,,,9.402556009774662,16.038485885120757
FRA,France,1995,7.12,64.4,5.05,7.34,9.83,7.98,5.59,70,90,,60.8,15.7,,85,,80.5,77.8,50,50,40570.7169560557,,,,,,8.88354019668312,,,,,,,,10.610826476134562,
FRA,France,1996,,63.7,,,,,,70,90,,60.6,8.3,,85,,81.4,77.8,50,50,40990.7395148125,0.7,0.3,32,7.7,,8.53780628169876,,,,,,,,10.621125850139105,1.0299374004542727
FRA,France,1997,,59.1,,,,,,70,70,,38.1,9.6,,85,,81.5,77.8,50,50,41876.9330265158,0.7,0.3,31.9,7.7,,8.29662067737163,,,,,,,,10.64251430909877,2.13884589596649
FRA,France,1998,,58.9,,,,,,70,70,,38.2,8.6,,85,,81.2,77.8,50,50,43162.5423856938,0.5,0.2,31.7,7.9,,7.89102908486719,,,,,,,,10.672751491668873,3.023718257010266
FRA,France,1999,,59.1,,,,,,70,67,,42.4,7.6,,85,,82.4,77.8,50,50,44400.1357889191,0.5,0.2,32.5,7.8,,7.64706091052847,,,,,,,,10.701020328924644,2.8268837255771118
FRA,France,2000,7.67,57.4,4.66,7.09,9.5,9.24,7.92,70,67,,35.1,12.5,,70,,83.9,77.8,50,50,45922.4789363701,0.5,0.2,32.6,7.8,,7.0342610491006,,,,,,,,10.734731788933196,3.3711460008552407
FRA,France,2001,7.59,58,4.9,7.09,9.54,8.99,7.46,70,66,,33.9,18.9,,70,,85,78,50,50,46454.8706927365,0.2,0.1,32.5,7.8,,6.61437479707299,,,,,,,,10.746258123612858,1.1526334679661687
FRA,France,2002,7.65,58,4.98,7.1,9.51,9.28,7.43,70,67,,37.2,15.7,,70,,82.7,79.6,50,50,46610.7820717214,0.2,0.1,31.8,8.1,,6.50719357421791,,,,,,,,10.74960862231368,0.33504987008221576
FRA,France,2003,7.63,59.2,4.94,7.13,9.49,9.19,7.46,70,67,,41.3,15.7,,70,,87,81.4,50,50,46730.975806379,0.5,0.2,31.4,8.2,,6.81130849064541,,,,,,,,10.752183916126963,0.25752938132832526
FRA,France,2004,7.68,60.9,5.04,7.2,9.5,9.15,7.54,70,63,,44.3,14.5,,70,,86.4,79.8,70,50,47720.4413351103,0.3,0.1,30.6,8.4,,6.60889701166431,,,,,,,,10.773136079760548,2.095216363358432
FRA,France,2005,7.63,60.5,5.09,7.28,9.49,8.8,7.55,70,69,,44.8,10.9,,70,54.3,86,80.2,70,50,48257.4650937971,0.3,0.1,29.8,8.6,,6.53092708744986,,,,,,,,10.78432653373741,1.1190453976862358
FRA,France,2006,7.61,61.1,5.14,7.52,9.34,8.81,7.28,70,71,,46.6,11.2,,88,56.5,85.6,82.4,50,50,49223.247197008,0.2,0.1,29.7,8.5,,6.89935648014665,,,,,,,,10.80414161028745,1.9815076550040445
FRA,France,2007,7.81,62.1,5.86,7.78,9.41,8.84,7.22,70,75,,46.3,13.5,,87.2,56.1,81,81.6,50,60,50157.7837477634,0.1,0,32.4,8.1,,6.5779477693734,,,,,,,,10.822948927559946,1.8807317272495183
FRA,France,2008,7.77,64.7,5.85,7.71,9.34,8.81,7.2,70,74,,53.2,13.2,,88,56.4,81.2,81,60,70,50068.2969141379,0.1,0.1,33,7.9,,5.95905687141719,,,,,,,,10.821163263167039,-0.17856643929068383
FRA,France,2009,7.75,63.3,5.54,7.77,9.56,8.8,7.1,70,73,,50.9,14.5,,87.4,54.5,71.7,80.8,60,70,48404.965782636304,0.4,0.2,32.7,7.7,,6.48101079417983,,,,,,,,10.787378345080661,-3.3784918086377402
FRA,France,2010,7.71,64.2,5.52,7.77,9.43,8.46,7.4,80,69,,51.9,17.9,,86.3,54.7,79.7,82.5,50,70,49130.422942344,0.4,0.2,33.7,7.7,,7.04498766493177,,,,,,,,10.802254087542874,1.4875742462212571
FRA,France,2011,7.67,64.6,5.41,7.69,9.48,8.42,7.33,80,69,,52.3,16.4,,85.6,51.4,83.7,82.6,55,70,50085.6829779109,0.2,0.1,33.3,7.8,,7.18973610593997,,,,,,,,10.821510442915395,1.9256355372521128
FRA,France,2012,7.63,63.2,5.22,7.7,9.53,8.38,7.32,80,68,,53.8,5.3,,83.7,51.6,82.3,82.1,55,70,49935.6269081617,0.3,0.1,33.1,7.9,,7.11591274294664,,,,,,,,10.818510018664409,-0.30004242509864554
FRA,France,2013,7.65,64.1,5.25,7.68,9.65,8.34,7.32,80,70,,53,5.6,,84,50.5,81.1,81.8,65,70,50066.5304324783,0.2,0.1,32.5,8,,6.97353092197546,,,,,,,,10.82112798180839,0.2617963143981328
FRA,France,2014,7.75,63.5,5.26,7.71,9.65,8.71,7.4,80,69.9,,48.4,5.6,,79.9,51.8,76.1,82.8,70,70,50326.567863089,0.2,0.1,32.3,8,,7.36581417536402,,,,,,,,10.82630827480164,0.5180292993250291
FRA,France,2015,7.75,62.5,5.29,7.67,9.71,8.66,7.42,80,71,,47.5,2.5,,80.2,43.5,77.5,83,70,70,50682.8953586333,0.4,0.2,32.7,7.9,,7.31675981502274,,,,,,,,10.83336349333284,0.7055218531199614
FRA,France,2016,7.71,62.3,5.3,7.59,9.46,8.8,7.4,80,69,,47.7,2.5,,78.4,43.5,79.1,83,70,70,50984.075297832,0.3,0.1,31.9,8,,7.55830733165033,,,,,,,,10.839288227659685,0.5924734326844927
FRA,France,2017,7.68,63.3,5.33,7.59,9.18,8.83,7.45,85,69.7,72.7,47.6,2,57,78,44.1,81.6,82,70,70,51895.5662985838,0.1,0,31.6,8.1,,7.40904275870256,,,,,,,,10.857007907015099,1.7719679355414186
FRA,France,2018,7.6,63.9,5.11,7.44,9.15,8.83,7.45,84,65.1,72.7,47.3,2.7,60.8,80.2,45,81.6,81.9,75,70,52560.9536243841,0.1,0.1,32.4,8,,7.42132147130234,,,,,,,,10.869747821881427,1.2739914866328306
FRA,France,2019,7.63,63.8,5.11,7.45,9.31,8.88,7.41,82.5,67.9,66.1,48.4,3.9,64.9,81.2,45.2,79.1,81,75,70,53448.5548849943,0.4,0.2,31.2,7.8,,7.85418190336883,,,,,,,,10.88649358872898,1.67457668475528
FRA,France,2020,7.36,66,4.7,7.48,8.81,8.65,7.14,85.9,83.3,71.2,48.8,4.5,67.1,82.5,46.1,76.7,81.4,75,70,49311.333409639,0.4,0.2,30.7,8,,8.19962482332996,,,,,,,,10.805929499324252,-8.056408940472792
FRA,France,2021,7.38,65.7,4.85,7.48,8.97,8.34,7.25,82.2,80.1,69.2,50.7,6.3,69,80.2,44.8,77.3,84,75,70,52517.3354905855,0.6,0.2,31.5,7.7,,7.67358720252073,,,,,,,,10.868917635046747,6.298813572249529
FRA,France,2022,7.49,65.9,4.97,7.49,8.78,8.94,7.29,93.8,75.9,85.5,52.1,0.5,39.1,81.9,58.8,79.1,79.2,75,70,53673.8137406422,0.4,0.1,31.2,7.8,,8.07652198227418,,,,,,,,10.890699152608539,2.1781517561791475
FSM,Micronesia,1995,,,,,,,,,,,,,,,,,,,,3663.78236228922,,,,,,,,,,,,,,8.206524229826073,
FSM,Micronesia,1996,,,,,,,,,,,,,,,,,,,,3526.09250594956,,,,,,,,,,,,,,8.168229157833574,-3.829507199249882
FSM,Micronesia,1997,,,,,,,,,,,,,,,,,,,,3296.33568727784,,,,,,,,,,,,,,8.100870053866343,-6.735910396723099
FSM,Micronesia,1998,,,,,,,,,,,,,,,,,,,,3380.53310212796,,,,,,,,,,,,,,8.12608446615175,2.521441228540766
FSM,Micronesia,1999,,,,,,,,,,,,,,,,,,,,3409.41700394847,,,,,,,,,,,,,,8.134589851348865,0.8505385197114634
FSM,Micronesia,2000,,,,,,,,,,,,,,,,,,,,3555.49951989363,,,,,,,,,,,,,,8.176532059179502,4.194220783063685
FSM,Micronesia,2001,,,,,,,,,,,,,,,,,,,,3609.87256369558,,,,,,,,,,,,,,8.191704729515298,1.5172670335795502
FSM,Micronesia,2002,,,,,,,,,,,,,,,,,,,,3623.19636273235,,,,,,,,,,,,,,8.195387849671889,0.3683120156591002
FSM,Micronesia,2003,,,,,,,,,,,,,,,,,,,,3692.41720136136,,,,,,,,,,,,,,8.21430737932517,1.8919529653281586
FSM,Micronesia,2004,,,,,,,,,,,,,,,,,,,,3586.11247849917,,,,,,,,,,,,,,8.185102834302759,-2.920454502241121
FSM,Micronesia,2005,,,,,,,,,,,,,,,,,,,,3685.99439466343,64.9,28.4,42.4,5.6,,,,,,,,,,8.212566877935574,2.746404363281485
FSM,Micronesia,2006,,,,,,,,,,,,,,,,,,,,3701.35082122551,,,,,,,,,,,,,,8.21672325396643,0.4156376030856279
FSM,Micronesia,2007,,,,,,,,,,,,,,,,,,,,3665.65753455567,,,,,,,,,,,,,,8.20703577253357,-0.9687481432859357
FSM,Micronesia,2008,,,,,,,,,,,,,,,,,,,,3601.90031821178,,,,,,,,,,,,,,8.189494444035033,-1.7541328498538178
FSM,Micronesia,2009,,51.7,,,,,,30,30,,97.4,0,,59.8,82.3,76.7,81,30,30,3674.48835418326,,,,,,,,,,,,,,8.209441288310487,1.9946844275454012
FSM,Micronesia,2010,,50.6,,,,,,30,30,,97.5,0,,59.1,81.8,76.7,81,20,30,3764.95289087757,,,,,,,,,,,,,,8.233756200078203,2.431491176771594
FSM,Micronesia,2011,,50.3,,,,,,30,30,,97.6,0,,58.7,82.4,73.4,81,20,30,3901.67577698307,,,,,,,,,,,,,,8.269417693523348,3.5661493445145354
FSM,Micronesia,2012,,50.7,,,,,,30,30,,97.6,3.9,,57,83.7,73.4,81,20,30,3828.74704775533,,,,,,,,,,,,,,8.250554035021128,-1.8863658502219494
FSM,Micronesia,2013,,50.1,,,,,,30,30,,97.5,0,,54.1,82.5,76.1,81,20,30,3680.10650035034,78.1,40.1,40.1,5.5,4.61,,,,,,,,,8.210968665410999,-3.9585369610129817
FSM,Micronesia,2014,,49.8,,,,,,30,30,,97.5,0,,51.7,77.9,75.2,81,25,30,3575.85071357893,,,,,,,,,,,,,,8.182238003296927,-2.8730662114071492
FSM,Micronesia,2015,,49.6,,,,,,30,30,,93.2,0,,51,79.1,76.9,81,25,30,3723.39901795888,,,,,,,,,,,,,,8.222660780336668,4.042277703974051
FSM,Micronesia,2016,,51.8,,,,,,30,30,,93.2,0,,57.5,79.1,82.1,85.6,30,30,3746.13008308173,,,,,,,,,,,,,,8.228745514786151,0.6084734449483875
FSM,Micronesia,2017,,54.1,,,,,,30,40.7,30,90.7,0,98.6,57.8,67.7,83.6,85.6,35,30,3813.44207942995,,,,,,,,,,,,,,8.246549689099874,1.7804174313722498
FSM,Micronesia,2018,,52.3,,,,,,5.2,38.8,25.4,93.2,7.4,98.7,57.6,67.4,83.8,85.6,35,30,3798.59203794112,,,,,,,,,,,,,,8.2426489815146,-0.39007075852737216
FSM,Micronesia,2019,,51.9,,,,,,7.6,36.6,26.6,92.8,0,98.8,57.4,71.9,85.8,80.6,35,30,3940.26446989917,,,,,,,,,,,,,,8.279256882250989,3.6607900736388643
FSM,Micronesia,2020,,52,,,,,,30.1,22.3,26.5,92.9,0,99.2,56.9,78.2,82.2,70.8,35,30,3852.20025570019,,,,,,,,,,,,,,8.256659317243944,-2.2597565007044906
FSM,Micronesia,2021,,50.4,,,,,,16.5,25,23.3,88.2,0,99.3,56.2,74.4,82.1,74.8,35,30,3946.41608109166,,,,,,,,,,,,,,8.280816487155672,2.4157169911728005
FSM,Micronesia,2022,,61,,,,,,54.3,56.8,82.2,80.7,0,99.5,52.4,81.5,84.3,74.8,35,30,3814.99076486823,,,,,,,,,,,,,,8.246955612457343,-3.386087469832866
GAB,Gabon,1995,4.76,57.5,5.56,2.71,5.32,,4.46,50,50,,49.4,76,,70,,78.9,23.6,70,50,24344.1857401023,,,,,,48.4079529059585,,,,,,,,10.100089398084608,
GAB,Gabon,1996,,55.7,,,,,,50,50,,52.5,75.5,,70,,59.5,23.6,70,50,24595.9719625614,,,,,,47.0552715571074,,,,,,,,10.110378623391352,1.0289225306744143
GAB,Gabon,1997,,58.8,,,,,,50,50,,49.9,80.5,,70,,65.3,23.6,70,70,25359.6596581834,,,,,,45.7039942600949,,,,,,,,10.140954419970882,3.0575796579530135
GAB,Gabon,1998,,59.2,,,,,,50,50,,49.5,78.6,,70,,74.4,20,70,70,25585.5077964813,,,,,,44.3987896161809,,,,,,,,10.149820452333728,0.8866032362845999
GAB,Gabon,1999,,60.5,,,,,,50,50,,53.5,83.3,,70,,77.8,20,70,70,22713.7144403948,,,,,,43.2906638182038,,,,,,,,10.030768206703293,-11.905224563043504
GAB,Gabon,2000,5.1,58.2,7.09,2.47,5.71,5.68,4.59,50,50,,53.1,79.7,,70,,81.1,20,50,70,21717.2240797447,,,,,,42.2636098351978,,,,,,,,9.985907006420677,-4.486120028261631
GAB,Gabon,2001,5.01,55,6.27,2.46,5.61,5.73,5.01,50,50,,52.2,63.3,,55,,85.3,39,50,50,21604.7804442423,,,,,,41.2394598508389,,,,,,,,9.980716171029608,-0.5190835391069015
GAB,Gabon,2002,5.11,58,6.42,2.46,5.75,5.73,5.2,50,50,,53.2,76.5,,55,,89.5,48.2,50,50,20981.4798585102,,,,,,40.2210770081787,,,,,,,,9.951443076038029,-2.927309499157893
GAB,Gabon,2003,5.12,58.7,6.42,2.46,5.81,5.73,5.2,50,50,,56.4,85.7,,55,,82.6,48.2,50,50,20875.4549326477,,,,,,39.1571784192348,,,,,,,,9.946377244662653,-0.5065831375375751
GAB,Gabon,2004,5.17,57.1,6.46,2.45,6.05,5.73,5.2,50,30,,61.5,84.1,,55,,85.3,48.2,50,50,20438.9307067212,,,,,,38.0758433095262,,,,,,,,9.92524565422976,-2.1131590432892366
GAB,Gabon,2005,5.15,54.8,6.18,2.45,6.27,5.72,5.2,50,30,,61.2,76.1,,55,60.2,81.9,53.4,50,30,20385.2899909742,56.9,22.7,42.2,5.8,14.21,36.9503518308077,,,,,,,,9.922617894633277,-0.26277595964838696
GAB,Gabon,2006,5.13,56.1,6.17,2.69,5.9,5.77,5.19,50,33,,59.7,84.9,,53.3,60.2,84.3,55.2,50,30,19224.1268658969,,,,,,35.8784460062229,,,,,,,,9.863973393358412,-5.8644501274864425
GAB,Gabon,2007,5.19,54.8,6.46,2.69,5.86,5.75,5.25,40,29,,61.3,85.9,,53.3,60.1,81.6,56.4,40,40,19751.8762216408,,,,,,34.7317232255808,,,,,,,,9.891054391201518,2.708099784310569
GAB,Gabon,2008,5.17,54.2,6.5,2.69,5.8,5.74,5.2,40,30,,61.7,85.6,,53.2,60.1,74.6,56.4,40,40,18493.0921103343,,,,,,33.6538461538462,,,,,,,,9.825206614677484,-6.584777652403417
GAB,Gabon,2009,5.17,55,6.49,2.69,5.32,5.84,5.53,40,33,,61.7,84.8,,59.9,60,73.8,57,40,40,17911.1458491661,,,,,,32.5890079842234,,,,,,,,9.79323430078486,-3.197231389262356
GAB,Gabon,2010,4.89,55.4,5.09,2.7,5.44,5.82,5.4,40,31,,61.5,86.4,,58.8,57.4,71.4,62.1,45,40,18530.5760936058,,,,,,31.5186620688345,,,,,,,,9.827231371982117,3.3997071197257256
GAB,Gabon,2011,4.81,56.7,5.05,2.59,5.3,5.83,5.28,40,29,,74.5,87.9,,57.3,58.8,73.8,61,45,40,19153.0878201525,,,,,,31.4146405388246,,,,,,,,9.860271435022108,3.304006303999074
GAB,Gabon,2012,4.75,56.4,5.07,2.52,5.11,5.88,5.18,40,28,,73.5,81.5,,57.7,59.8,77.7,61.1,45,40,19450.4027067379,,,,,,31.2883171175831,,,,,,,,9.87567446504452,1.5403030022412167
GAB,Gabon,2013,4.79,57.8,5.11,2.42,5.36,5.92,5.14,40,30,,74.2,80.1,,56.5,63.1,77.5,61.1,55,40,19836.4554852011,,,,,,31.1398672729,,,,,,,,9.895327120859928,1.9652655815407982
GAB,Gabon,2014,4.9,57.8,6.04,2.59,5.49,5.43,4.95,40,29.1,,74.5,81.7,,58.9,63,75.1,61,55,40,20008.9899779322,,,,,,30.9866532279665,,,,,,,,9.90398692672469,0.8659805864761339
GAB,Gabon,2015,5.1,58.3,6.26,2.61,6.28,5.36,4.98,40,34,,77.5,74.6,,57.9,64.3,78.4,61,55,40,20147.7116202405,,,,,,30.8291304530698,,,,,,,,9.910895625888458,0.6908699163767906
GAB,Gabon,2016,5.26,59,6.33,2.61,6.81,5.4,5.12,40,37,,77.6,74.5,,58.4,61.9,78.4,61.8,60,40,19988.1755963792,,,,,,30.6897388000985,,,,,,,,9.90294618584258,-0.7949440045877054
GAB,Gabon,2017,5.25,58.6,6.57,2.47,6.37,5.8,5.02,35.9,37.6,26.7,77,81,96.1,50.6,58.4,83,61.8,55,40,19555.7078829752,32.9,11.2,38,6,18.58,30.5870609183618,,,,,,,,9.88107362078197,-2.187256506060997
GAB,Gabon,2018,5.31,58,6.71,2.47,6.23,5.83,5.29,29.9,33.4,27.8,74.3,84.6,92.3,49.3,61.7,81.4,60.9,60,40,19225.5982575261,,,,,,30.51469172074,,,,,,,,9.864049925250034,-1.7023695531936056
GAB,Gabon,2019,5.38,56.3,6.79,2.45,6.47,5.86,5.32,28.1,35.5,30.6,75.8,86.6,82.1,52.1,53,80,51.2,60,40,19491.4067631986,,,,,,30.4347159526446,,,,,,,,9.877780271958187,1.3730346708152652
GAB,Gabon,2020,5.32,56.7,6.65,2.48,6.63,5.47,5.4,36.9,36.7,20.8,74.3,89.3,88.9,52.1,52.3,77.3,51.2,60,40,18681.4840738985,,,,,,30.5370037569652,,,,,,,,9.835341683343142,-4.243858861504535
GAB,Gabon,2021,5.36,58.1,6.54,3.2,6.02,5.65,5.38,24.2,36.4,25.5,77.7,90.8,93.7,54.7,52.9,84.5,56.8,60,40,18523.5798032193,,,,,,29.9749260763579,,,,,,,,9.826853767219815,-0.848791612332711
GAB,Gabon,2022,5.28,55.8,6.5,3.17,5.66,5.57,5.48,26.8,24.4,18.6,77.4,90.2,89.5,49.9,54,81.5,56.8,60,40,18662.0497970621,,,,,,29.9504601710225,,,,,,,,9.83430090140344,0.7447134183625082
GBR,United Kingdom,1995,8.06,77.9,6.36,8.53,9.57,8.35,7.46,90,90,,61.3,37.3,,100,,85,77.8,70,90,36603.7383816545,1,0.5,35.5,7.2,5.07,11.0777308120545,,,,,,,,10.507932974989352,
GBR,United Kingdom,1996,,76.4,,,,,,90,90,,62.1,37.3,,85,,85.2,77.8,70,90,37465.3771277415,0.7,0.3,35.3,7.2,,10.6749434006224,,,,,,,,10.531199199836502,2.326622484715024
GBR,United Kingdom,1997,,76.4,,,,,,90,90,,61.7,39.3,,85,,84,77.8,70,90,39192.610054674,0.7,0.3,35.7,7.1,,10.4769196395904,,,,,,,,10.576269003681837,4.506980384533499
GBR,United Kingdom,1998,,76.5,,,,,,90,90,,60.8,40.3,,85,,84.7,77.8,70,90,40347.1799533754,0.7,0.4,36.6,7,,10.0338806513699,,,,,,,,10.605301566196886,2.903256251504871
GBR,United Kingdom,1999,,76.2,,,,,,90,82,,62.3,44.5,,85,,84.1,77.8,70,90,41396.9358449656,0.7,0.4,36.8,6.9,0.42,10.052635501396,,,,,,,,10.630986299753157,2.5684733556271766
GBR,United Kingdom,2000,8.56,77.3,7.08,8.5,9.15,9.53,8.52,90,87,,62.5,49.6,,85,,83.6,77.8,70,90,43115.5630082237,0.7,0.3,38.8,6.8,5.69,9.69436663073989,,,,,,,,10.671662494804568,4.067619505141096
GBR,United Kingdom,2001,8.47,77.6,6.85,8.5,9.44,9.39,8.18,90,86,,61.7,52,,85,,85.7,78,70,90,43976.8391685783,0.7,0.4,37.1,7,,9.60779413351675,,,,,,,,10.6914411307639,1.9778635959331936
GBR,United Kingdom,2002,8.51,78.5,7.03,8.45,9.6,9.39,8.05,90,87,,61.5,58.9,,85,,84.7,79.6,70,90,44539.4636492853,1,0.4,35.1,7.3,,9.63680739768636,,,,,,,,10.704153350485182,1.271221972128167
GBR,United Kingdom,2003,8.47,77.5,6.93,8.48,9.41,9.47,8.07,90,83,,60.9,51,,85,,85.9,81.4,70,90,45759.4020280715,0.7,0.4,34.9,7.4,,10.100460451629,,,,,,,,10.731174411593573,2.7021061108390754
GBR,United Kingdom,2004,8.37,77.7,6.81,8.41,9.42,9.12,8.09,90,87,,61.2,50.1,,85,,86.6,79.8,70,90,46558.1299600699,0.5,0.3,34.8,7.4,,10.1794412970594,,,,,,,,10.74847839580611,1.7303984212537316
GBR,United Kingdom,2005,8.31,79.2,6.81,8.45,9.41,8.82,8.06,90,87,,62.3,43.5,,85,79,85,80.2,90,90,47529.9377511933,0.7,0.4,35.5,7.2,5.56,10.0520045039508,,,,,,,,10.769136099082969,2.0657703276858896
GBR,United Kingdom,2006,8.28,80.4,6.8,8.38,9.25,8.93,8.05,90,86,,62.3,43.5,,91.5,81.1,86.7,82.4,90,90,48215.0486668938,0.7,0.4,35.9,7.2,,10.2881281471454,,,,,,,,10.78344720451391,1.4311105430941495
GBR,United Kingdom,2007,8.19,79.9,6.82,8.26,9.03,8.89,7.94,90,86,,62,42.7,,91.2,79,81.3,86.6,90,90,49243.2517368789,0.7,0.4,34.4,7.3,,10.4943830183185,,,,,,,,10.804547923785933,2.110071927202206
GBR,United Kingdom,2008,8.07,79.4,6.41,8.32,8.97,8.82,7.82,90,86,,61.2,40.1,,90.8,79.5,80.7,86,90,90,48833.0712359377,0.7,0.4,35.4,7.2,5.81,10.5256766322784,,,,,,,,10.796183529290522,-0.8364394495410821
GBR,United Kingdom,2009,8.03,79,6.27,8.33,9.19,8.91,7.44,90,84,,61,40.3,,89.8,78.5,80.4,85.8,90,90,46241.8039957358,0.7,0.4,35.1,7.3,5.79,10.8207595895658,,,,,,,,10.741661141553916,-5.452238773660589
GBR,United Kingdom,2010,8.08,76.5,5.97,8.29,9.17,8.94,8.02,85,77,,61.8,41.9,,94.9,72.8,73.7,87.5,90,80,46917.8912974837,0.7,0.4,33.7,7.6,6.08,11.3554790283189,,,,,,,,10.756175672852331,1.4514531298415179
GBR,United Kingdom,2011,8.02,74.5,6.06,8.3,9.24,8.87,7.62,85,77,,52,32.9,,94.6,71.2,74.9,87.6,90,80,46949.0207981339,0.7,0.4,33.2,7.7,5.45,11.6666074319968,,,,,,,,10.75683892762106,0.06632547687281942
GBR,United Kingdom,2012,8.06,74.1,6.16,8.23,9.54,8.79,7.59,90,76,,56.4,21.5,,94.7,71.5,73.9,87.1,90,80,47328.2100308702,0.7,0.5,33.1,7.7,5.84,12.1332907955343,,,,,,,,10.764882932096945,0.8044004475886268
GBR,United Kingdom,2013,8.12,74.8,6.38,8.23,9.65,8.59,7.77,90,78,,57,27.7,,94.1,71.6,72.4,86.8,90,80,47820.2821627006,0.5,0.3,32.7,7.9,5.53,11.9804748001539,,,,,,,,10.775226052921811,1.0343120824865437
GBR,United Kingdom,2014,8.18,74.9,6.4,8.24,9.74,8.7,7.8,90,76.4,,56.6,29.5,,92,73.1,73.5,87.8,90,80,48964.2863514962,0.7,0.4,33.1,7.7,6.06,12.7070175483877,,,,,,,,10.798866884223084,2.364083130127348
GBR,United Kingdom,2015,8.26,75.8,6.47,8.28,9.83,8.73,7.97,90,76,,62.9,30.3,,91.1,75.6,74.4,88,90,80,49652.7188154397,0.7,0.4,33.3,7.6,6.1,12.5442364442758,,,,,,,,10.812828567281493,1.396168305840817
GBR,United Kingdom,2016,8.27,76.4,6.5,8.27,9.81,8.74,8.05,90,78,,64.9,39,,86,71.8,76.4,88,90,80,50346.8592925717,0.7,0.4,33.1,7.6,7.16,12.8656555388247,,,,,,,,10.82671138071002,1.388281342852693
GBR,United Kingdom,2017,8.23,76.4,6.54,8.23,9.54,8.69,8.16,93.8,78.3,93,65.1,41.9,40.4,89.9,72.8,85,87,90,80,51586.6756125445,0.7,0.5,32.6,7.6,6.34,12.9696842585767,,,,,,,,10.851038078223581,2.432669751356187
GBR,United Kingdom,2018,8.16,78,6.55,7.98,9.53,8.63,8.11,92.2,79,93.8,65.2,44.4,53.5,91.1,74.4,85.2,86.9,90,80,52131.6948248133,0.7,0.5,33.7,7.4,6.81,13.0346670597528,,,,,,,,10.861547570744353,1.0509492520771602
GBR,United Kingdom,2019,8.18,78.9,6.55,7.94,9.61,8.63,8.17,92.3,83.8,85.9,64.7,48.2,68.6,92.9,73.5,81.2,86,90,80,52515.684446109,0.7,0.5,32.8,7.5,7.5,12.8689404472607,,,,,,,,10.868886197065823,0.7338626321470088
GBR,United Kingdom,2020,7.76,79.3,5.87,8,9.47,8.12,7.32,92.2,89.9,82.7,64.7,49.5,78.1,94.7,73.1,80.3,86.4,80,80,47158.985486323,1,0.6,32.6,7.7,5.96,12.494973728953,,,,,,,,10.761301046897294,-10.758515016852854
GBR,United Kingdom,2021,7.97,78.4,6.11,7.99,9.27,8.7,7.79,87.6,86.5,76.7,64.9,54.8,77.3,94.4,73.2,81,84,80,80,51004.4271714238,1,0.5,32.4,7.7,6.23,11.7900980563197,,,,,,,,10.839687321170732,7.838627427343781
GBR,United Kingdom,2022,7.88,72.7,6.18,8.01,8.71,8.75,7.75,96.2,87.1,85.9,65.4,46.3,22.6,79.1,62.1,83,84.2,80,80,53139.151252206,,,,,,11.7474589546434,,,,,,,,10.880688065606442,4.100074443570989
GEO,Georgia,1995,,,2.81,4.36,,,1.14,,,,,,,,,,,,,3762.81153750309,,,,,,53.0012453484368,,,,,,,,8.233187429712922,
GEO,Georgia,1996,,44.1,,,,,,30,10,,92,61.3,,55,,0,69,50,30,4339.0046688347,60,24.4,37.1,6.1,,53.7441570187624,,,,,,,,8.375630702862235,14.244327314931304
GEO,Georgia,1997,,46.5,,,,,,30,10,,92,82.3,,55,,0,69,50,30,4951.81291757472,79.5,41.1,40.7,5.1,22.37,54.1056026897201,,,,,,,,8.507710960337366,13.208025747513119
GEO,Georgia,1998,,47.9,,,,,,30,10,,91.7,95.5,,55,,0,69,50,30,5233.28837672816,79.9,40.5,41.2,5.2,22.04,53.9722885895111,,,,,,,,8.562986178387021,5.527521804965474
GEO,Georgia,1999,,52.5,,,,,,30,10,,91.3,86.6,,55,,50.9,69,50,30,5495.24505052866,84.6,45.6,40.1,5.4,23.5,55.2094383374738,,,,,,,,8.611820419976745,4.88342415897236
GEO,Georgia,2000,6.57,54.3,8.46,4.39,5.93,,6.56,30,10,,90.8,86.8,,55,,67.5,69,50,30,5706.27236527837,86,47.3,40.5,5.4,25.26,59.9395550984598,,,,,,,,8.649496494170718,3.767607419397301
GEO,Georgia,2001,7.18,58.3,8.32,4.39,8.51,,6.62,50,23,,90.9,89.2,,55,,61.1,75.6,50,30,6074.08643017282,87.7,48.9,39.6,5.8,24.61,62.3703164021248,,,,,,,,8.711951495296486,6.245500112576785
GEO,Georgia,2002,7.14,56.7,8.3,4.39,8.42,,6.58,30,23,,90.7,85.5,,55,,67.4,79.2,50,30,6464.32539672648,78.7,37.9,37.2,6.3,16.13,62.4545286318029,,,,,,,,8.774208621992935,6.225712669644956
GEO,Georgia,2003,7.14,58.6,8.14,4.39,8.6,7.96,6.57,30,23,,90.6,88.9,,55,,74.8,64.8,50,50,7227.73705960701,78.3,37.8,36.6,6.3,15.32,64.3416152937261,,,,,,,,8.885819619342104,11.161099734916924
GEO,Georgia,2004,7.17,58.9,7.96,4.84,8.55,7.67,6.79,30,24,,90.6,90.1,,55,,75.5,65.2,50,50,7693.91525392067,77,36,36.2,6.3,14.47,64.8008403156555,,,,,,,,8.94831503307662,6.249541373451528
GEO,Georgia,2005,7.29,57.1,7.71,5.08,8.19,7.98,7.46,30,18,,89.9,90.5,,55,66.8,75.9,65.2,30,50,8485.58670534953,77.3,37.4,37.4,6.2,16.55,64.0477699508338,,,,,,,,9.046242161405523,9.792712832890338
GEO,Georgia,2006,7.37,64.5,7.45,5.21,8.13,8.17,7.87,30,20,,94.1,90.8,,73.9,73.6,75.2,67.6,50,70,9337.98906420101,78.5,37.9,36.9,6.3,18.43,64.2672602987726,,,,,,,,9.141953288127237,9.571112672171367
GEO,Georgia,2007,7.17,69.3,6.82,5.36,7.38,8.42,7.86,30,23,,91.2,88.4,,80.8,99.9,77.8,71.8,60,70,10567.2747164758,79.8,39.3,38.1,6.2,20.48,61.7779032768326,,,,,,,,9.265611840988802,12.365855286156524
GEO,Georgia,2008,7.08,69.2,6.51,5.33,7.63,8.56,7.34,35,28,,90.7,81.2,,85,100,71.4,71,70,60,10856.1031328003,76.6,36.4,38.5,6.1,20.67,59.4971888238702,,,,,,,,9.292574811385435,2.6962970396633423
GEO,Georgia,2009,7.04,69.8,5.98,5.34,8.34,8.38,7.14,35,34,,86.8,74.6,,86.6,99.4,70.9,80.6,70,60,10553.0896395853,76.7,36.6,38.2,6.1,21.59,59.1839037427895,,,,,,,,9.264268707352446,-2.8306104032989055
GEO,Georgia,2010,7.21,70.4,6.83,5.37,7.8,8.33,7.7,40,39,,89.1,65.3,,87.9,93.7,70.2,89.1,70,60,11294.3685917112,76.7,37.5,39.5,5.7,23.28,57.6307751183667,,,,,,,,9.332148061544615,6.787935419216851
GEO,Georgia,2011,7.41,70.4,7.45,5.39,7.93,8.34,7.92,40,41,,87.5,60.3,,87.3,92.1,76.7,89.2,70,60,12288.6828861156,75.6,36.2,39.6,5.6,23.57,56.9217755948709,,,,,,,,9.416515399632852,8.436733808823682
GEO,Georgia,2012,7.67,69.4,7.52,5.46,8.98,8.45,7.95,40,38,,87.8,55.8,,86.9,92.1,74.4,89.2,70,60,13193.9596974054,72.1,33.1,39,5.9,23.72,55.2276384593053,,,,,,,,9.487590194548932,7.107479491608082
GEO,Georgia,2013,7.8,72.2,7.93,5.78,8.83,8.57,7.87,45,41,,88.2,68.9,,90.6,91.1,72.6,89.2,75,60,13913.0018245661,66.6,29.3,38.6,6.1,22.56,56.3366086415784,,,,,,,,9.54065093761525,5.306074306631814
GEO,Georgia,2014,7.87,72.6,8.08,6.25,8.6,8.54,7.85,40,42.8,,87.3,69.7,,87.8,91.2,78.4,88.6,80,60,14475.3135356035,64.8,26.9,37.6,6.4,22.71,54.9731650387286,,,,,,,,9.58026904344352,3.9618105828269634
GEO,Georgia,2015,7.91,73,8.03,6.26,8.63,8.69,7.95,40,49,,87.2,73.8,,88.6,79.9,82.7,88.6,80,60,14936.8434116647,63.1,25.9,36.5,6.7,23.53,52.5224603854618,,,,,,,,9.611653098311843,3.138405486832241
GEO,Georgia,2016,7.95,72.6,8.05,6.22,8.85,8.59,8.01,40,52,,87.6,75.3,,86.5,75.7,80.5,88.6,80,60,15442.9564358054,64,25.6,36.6,6.7,23.69,51.9764434116661,,,,,,,,9.644973036595728,3.331993828388491
GEO,Georgia,2017,7.87,76,7.95,6.21,8.38,8.77,8.07,55.1,65,66.5,87.3,74.4,93.5,87.2,75.9,78.2,88.6,80,60,16237.6242230275,61.5,25.3,37.9,6.3,23.23,49.8151083245296,,,,,,,,9.695147894796303,5.017485820057566
GEO,Georgia,2018,7.95,76.2,7.76,6.22,9,8.76,8,62.8,61.8,64.2,87,73.3,91.8,86.9,77.3,79.6,89.4,80,60,17228.6790847503,62,25,36.4,6.5,22.46,47.3615527217238,,,,,,,,9.754388703971289,5.924080917498564
GEO,Georgia,2019,7.86,75.9,7.55,6.2,8.81,8.82,7.92,65.9,58.5,54.6,87.1,73.6,93.9,85.8,76.6,76,88.6,80,70,18186.8816465807,62.5,24.5,35.9,6.8,21.47,47.9072755468837,,,,,,,,9.808510807698124,5.412210372683468
GEO,Georgia,2020,7.55,77.1,7.29,6.32,8.62,8.19,7.33,68.6,64.8,57.9,87.1,73.6,94.4,85.3,76.3,78.3,88.6,80,70,17031.144028342602,66.4,27.1,34.5,7,20.3,47.7594417630068,,,,,,,,9.7428576628751955,-6.565314482292806
GEO,Georgia,2021,7.59,77.2,7.42,6.33,8.16,8.67,7.38,66.9,64.6,59.3,89.1,76.9,94.9,84.9,76.7,76.7,86,80,70,18915.6534005263,64.6,25.2,34.2,7,20.29,47.754134909331,,,,,,,,9.84779794538153,10.494028250633392
GEO,Georgia,2022,7.66,71.8,7.39,6.27,7.97,8.8,7.86,63.8,64.4,56.4,89.1,72.7,67.1,74.1,61.9,76,86.6,80,70,20966.5280391134,56.6,21,33.5,7,20.36,47.2297362731509,,,,,,,,9.950730236123126,10.293229074159704
GHA,Ghana,1995,5.29,55.6,5.76,5.31,3.96,5.81,5.74,50,70,,66.3,81.8,,55,,66.2,31.2,30,50,3039.68873031674,,,,,,81.4422322129451,,,,,,,,8.01983932476557,
GHA,Ghana,1996,,57.7,,,,,,50,70,,73.8,74.8,,55,,64.3,31.2,50,50,3106.18555480388,,,,,,80.3608502985712,,,,,,,,8.041472629143062,2.163330437749167
GHA,Ghana,1997,,56.7,,,,,,50,50,,72.9,70.8,,55,,51.2,60,50,50,3160.44504053249,,,,,,79.2608785780756,,,,,,,,8.058784493362902,1.731186421983999
GHA,Ghana,1998,,57,,,,,,50,50,,73.3,72.3,,55,,51.2,61.6,50,50,3229.48228272631,96.1,66,40.1,5.8,65.37,78.5307538368691,,,,,,,,8.080386718608104,2.1602225245201723
GHA,Ghana,1999,,57.9,,,,,,50,50,,73.2,73.5,,55,,57.4,61.6,50,50,3290.26865235748,,,,,,77.7767338108063,,,,,,,,8.099028378050816,1.8641659442712566
GHA,Ghana,2000,5.43,58.1,6.22,4.73,4.06,6.38,5.78,50,33,,73.3,84.1,,55,,66.2,61,50,50,3327.35199291767,,,,,,77.0131263015815,,,,,,,,8.110232563450818,1.1204185400002231
GHA,Ghana,2001,5.53,58,6.7,4.7,4.15,6.3,5.85,50,33,,73,84.1,,55,,71,56,50,50,3369.50702508212,,,,,,76.7213194227969,,,,,,,,8.12281846457618,1.2585901125362398
GHA,Ghana,2002,5.92,57.2,6.27,4.58,6.2,6.28,6.28,50,35,,73.3,79.7,,55,,65.9,55.6,50,50,3425.61820934278,,,,,,76.405124621686,,,,,,,,8.139329108998679,1.6510644422497833
GHA,Ghana,2003,5.96,58.2,6.9,4.68,5.27,6.6,6.36,50,34,,74.5,77,,70,,55.8,62.6,50,50,3507.75105744843,,,,,,76.0781254479944,,,,,,,,8.163015429050732,2.3686320052053844
GHA,Ghana,2004,6.19,59.1,6.71,4.87,6.78,6.14,6.48,50,39,,77.5,67.9,,70,,61.6,65.6,50,50,3607.36522285021,,,,,,75.740660224742,,,,,,,,8.191010101904926,2.7994672854193325
GHA,Ghana,2005,6.2,56.5,6.83,4.87,6.75,6.22,6.36,50,33,,77.4,79.6,,70,50.2,58.8,66,50,30,3721.30785741996,94.1,63,42.8,5.3,40.61,75.3554947372309,,,,,,,,8.222099146683327,3.108904477840113
GHA,Ghana,2006,6.69,55.6,8.63,5.34,7.02,6.49,5.96,50,36,,75.6,74.8,,50,49.5,64.5,55.4,50,50,3857.86154847605,,,,,,74.9313965209772,,,,,,,,8.258127483328844,3.6028336645516745
GHA,Ghana,2007,6.78,57.6,8.67,5.33,7.09,6.95,5.85,50,40,,82.5,66.7,,54.9,48.4,70.1,63,50,50,3923.12567803728,,,,,,74.6058683085686,,,,,,,,8.274898848214487,1.6771364885643791
GHA,Ghana,2008,6.6,57,8.69,5.29,6.89,6.79,5.33,50,33,,83.7,71.5,,53.4,47.6,68,63,50,50,4174.78124103364,,,,,,74.2334858734083,,,,,,,,8.33705674338039,6.21578951659032
GHA,Ghana,2009,6.7,58.1,8.77,5.34,6.64,6.73,6.01,50,37,,83.2,65.7,,56.7,45.3,69.6,63,50,60,4269.16005861557,,,,,,73.9210504519872,,,,,,,,8.35940658997344,2.234984659305006
GHA,Ghana,2010,6.55,60.2,8.82,5.4,6.08,6.76,5.67,50,39,,83.5,58.9,,56.8,57.4,65.9,65.3,65,60,4495.68916584106,,,,,,73.5947339401619,,,,,,,,8.411096664044019,5.169007407057791
GHA,Ghana,2011,6.51,59.4,8.22,5.37,6.31,6.68,5.93,50,39,,83.3,46.1,,63.4,56.1,63.3,67.8,65,60,5005.36732498187,,,,,,72.7795582862609,,,,,,,,8.518465846243805,10.73691821997862
GHA,Ghana,2012,6.52,60.7,8.53,5.42,6.37,6.55,5.68,50,41,,81.9,48.3,,62.9,62.9,66.9,67.8,65,60,5339.71321903045,86.3,50.6,42.4,5.4,23.46,72.1818583083342,,,,,,,,8.58311448465187,6.464863840806601
GHA,Ghana,2013,6.57,61.3,8.57,5.3,6.35,6.54,6.08,50,39,,86,52.5,,61.5,61.6,64.8,67.8,70,60,5593.77481886917,,,,,,71.7181857515887,,,,,,,,8.629588373085191,4.647388843332045
GHA,Ghana,2014,6.11,64.2,8.38,5.27,4.59,6.03,6.24,50,40.4,,85.4,83.3,,62.6,60.2,65.8,64.8,70,60,5619.07233511591,,,,,,71.2043433958207,,,,,,,,8.634099813821972,0.4511440736781225
GHA,Ghana,2015,6.19,63,8.24,5.4,4.46,6.31,6.52,50,46,,84.6,70.8,,62.5,56.9,69.2,64.8,65,60,5607.36635657413,,,,,,70.7620853759152,,,,,,,,8.632014754072499,-0.20850597494739276
GHA,Ghana,2016,6.22,63,8.63,5.19,4.57,6.37,6.35,50,48,,84.9,77.6,,61.5,56.5,66.5,65,60,60,5666.07795334591,85.4,49,43.5,4.7,20.46,69.1171444148456,,,,,,,,8.642428911738662,1.0414157666163604
GHA,Ghana,2017,6.43,56.2,8.73,5.23,5.06,6.67,6.45,51.6,35.5,40.9,84.5,76.3,9.2,59.6,57.4,64.5,65.1,70,60,5993.63085211077,,,,,,67.2233379012015,,,,,,,,8.698619489604232,5.619057786556958
GHA,Ghana,2018,6.36,56,8.26,5.11,5.27,6.67,6.5,48.9,32.9,43.7,83.5,79,9.5,59.5,56.2,63.7,65.1,70,60,6234.51208201488,,,,,,65.3733158416716,,,,,,,,8.73801598497658,3.9396495372347573
GHA,Ghana,2019,6.5,57.5,8.51,5.12,5.65,6.74,6.49,49.1,35.5,44.2,78.8,82,23.9,56.5,59.9,66.3,63.4,70,60,6508.24652305901,,,,,,63.604056475719,,,,,,,,8.780978987038464,4.296300206188519
GHA,Ghana,2020,6.32,59.4,8.48,5.15,5.39,6.36,6.22,52.5,32.2,46.1,78.4,88.1,35.6,58.4,59.3,68.9,63.8,70,60,6412.68541762469,,,,,,63.0803075462413,,,,,,,,8.766189332842732,-1.4789654195732638
GHA,Ghana,2021,6.35,59.2,8.47,5.21,5.69,6.31,6.05,49.3,32.3,38.2,82.8,87.8,31.7,62.9,60.9,71.7,62.4,70,60,6607.50297378321,,,,,,61.2622947977996,,,,,,,,8.796112428191437,2.9923095348705075
GHA,Ghana,2022,5.96,59.8,8.56,5.16,3.22,6.67,6.16,60.7,45.4,57,82.8,83.8,7.8,60.9,55.4,70.8,63,70,60,6728.45414012286,,,,,,60.8654801488998,,,,,,,,8.814249310898022,1.813688270658531
GIN,Guinea,1995,,59.4,7,2.57,,,7.3,50,10,,71.3,86.4,,70,,75.9,51,50,70,2171.72552153265,,,,,,91.7254678647608,,,,,,,,7.68373765913175,
GIN,Guinea,1996,,58.5,,,,,,50,10,,71.4,89.1,,55,,80.2,51,50,70,2205.32363416973,,,,,,91.5924932089342,,,,,,,,7.699082895385732,1.5345236253982542
GIN,Guinea,1997,,52.9,,,,,,30,10,,71.4,90.8,,55,,80.3,19,50,70,2272.41100463955,,,,,,91.43061131048,,,,,,,,7.729036627849476,2.9953732463743776
GIN,Guinea,1998,,61,,,,,,30,30,,71.4,90.5,,55,,82.8,69,50,70,2311.327353403,,,,,,91.2804247376994,,,,,,,,7.7460098086116425,1.6973180762166251
GIN,Guinea,1999,,59.4,,,,,,30,30,,71.4,92.1,,55,,85,71,50,50,2346.2701835771,,,,,,91.0818057428193,,,,,,,,7.761008307920347,1.4998499308704893
GIN,Guinea,2000,6.56,58.2,7.63,2.31,7.46,,7.24,30,30,,71.3,89.2,,55,,77.1,71,50,50,2358.28765608495,,,,,,90.8758535688407,,,,,,,,7.76611501181463,0.5106703894282916
GIN,Guinea,2001,6.58,58.4,6.95,2.35,8.11,,7.21,30,30,,71.3,92.3,,55,,76.6,70.2,50,50,2412.75161959628,,,,,,90.6754035068157,,,,,,,,7.788937504730082,2.282249291545213
GIN,Guinea,2002,6.69,52.9,7.46,2.31,8.11,,7.1,30,25,,71.3,92.3,,55,,74.4,28,50,50,2498.13177495102,90.9,56.1,43,5.8,34.69,90.4135808350035,,,,,,,,7.823698660517556,3.4761155787473186
GIN,Guinea,2003,6.55,54.6,9.2,2.2,6.15,,7.32,30,25,,71.2,91.6,,55,,79.9,19,50,70,2473.23418295471,,,,,,89.872816202951,,,,,,,,7.813686206093827,-1.0012454423728556
GIN,Guinea,2004,6.31,56.1,9.41,2.18,5.4,,7.11,30,25,,71.2,89.1,,55,,82.5,52.2,30,70,2477.50282602363,,,,,,89.3246750980779,,,,,,,,7.815409957675282,0.17237515814549909
GIN,Guinea,2005,5.84,57.4,9.99,2.17,3.6,,6.88,30,25,,71,90,,55,70.5,75.2,57.2,30,70,2501.22160456279,,,,,,88.7556387463413,,,,,,,,7.8249342580730215,0.9524300397739438
GIN,Guinea,2006,4.77,52.8,9.89,2.05,2.17,,4.38,30,25,,70.3,90,,43.8,71,70.4,47.8,30,50,2478.61319510726,,,,,,88.2376770806733,,,,,,,,7.815857857279672,-0.9076400793349038
GIN,Guinea,2007,5.2,54.5,10,1.94,3.42,,4.48,30,30,,74.3,91.8,,40.9,70.5,57.5,59.6,30,60,2587.0048887648,88.8,52.2,39.4,6.3,39.89,87.6804570266389,,,,,,,,7.858642544631681,4.2784687352008355
GIN,Guinea,2008,5.74,52.8,10,2.34,3.89,,5.83,30,19,,70.1,88.7,,45.9,70.8,54.3,59.6,40,50,2629.5397474637,,,,,,87.0487685711246,,,,,,,,7.874944331288105,1.63017866564239
GIN,Guinea,2009,4.47,51,4.91,2.34,5.59,,4.3,20,19,,71.1,91.9,,45.2,66.3,57.4,59.6,40,40,2537.30645758746,,,,,,86.5559665391496,,,,,,,,7.839252388655314,-3.5691942632790408
GIN,Guinea,2010,3.95,51.8,4.84,2.41,3.75,,4.53,20,16,,69.9,93.1,,43.7,78,57.4,60,40,40,2594.83050344245,,,,,,85.9917587326235,,,,,,,,7.861661784260372,2.2409395605057725
GIN,Guinea,2011,4.57,51.7,6.03,2.4,4.63,,4.7,20,18,,69.6,90.9,,40.8,66.6,70.3,61.2,40,40,2673.40873029955,,,,,,85.3956055722162,,,,,,,,7.891483599496144,2.982181523577232
GIN,Guinea,2012,4.58,50.8,5.52,2.4,5.35,,4.38,20,20,,69.3,82.6,,38.5,64.7,67.1,61.2,45,40,2762.90350938513,83.8,39.7,33.7,7.6,24.37,84.7440962461019,,,,,,,,7.924399274504369,3.2915675008224454
GIN,Guinea,2013,4.53,51.2,4.6,2.47,5.94,5.27,4.56,20,21,,69.6,82.6,,46.1,63.8,62.8,61.2,45,40,2802.56007024474,,,,,,84.125505252043,,,,,,,,7.9386453422094165,1.4246067705047771
GIN,Guinea,2014,4.49,53.5,4.41,2.55,6.21,4.9,4.52,20,19.2,,69.3,86.2,,51.8,73.4,64.1,61.2,50,40,2834.96634347846,,,,,,83.4962187620246,,,,,,,,7.950138019978798,1.1492677769381565
GIN,Guinea,2015,4.73,52.1,4.35,2.58,7.01,5.14,4.7,15,24,,68.1,79.5,,51.6,74.4,66.7,61.2,40,40,2869.85157178732,,,,,,82.9065471890642,,,,,,,,7.962363979650978,1.2225959672179876
GIN,Guinea,2016,5.39,53.3,6.94,2.64,7.38,5.18,4.82,20,25,,68.5,81.2,,51.4,71.8,69.2,61.2,45,40,3099.78874189372,,,,,,82.1438261339484,,,,,,,,8.039411790979626,7.704781132864813
GIN,Guinea,2017,5.23,47.6,4.6,2.66,7.02,6.04,5.85,15.6,27.5,13.1,69.1,78.4,34.2,55.8,54.8,71.1,61.2,50,40,3332.76576150531,,,,,,81.3309083625921,,,,,,,,8.111857803345659,7.2446012366032875
GIN,Guinea,2018,5.53,52.2,6.17,2.97,6.72,6.01,5.75,32.4,26.9,28.2,65.9,80.6,61,54.1,54,71.8,61.2,50,40,3455.64512638662,76.6,31.4,29.6,8.5,33.08,80.5418393048145,,,,,,,,8.148053781018193,3.619597767253424
GIN,Guinea,2019,5.62,55.7,6.31,3.22,6.69,6.03,5.85,34.7,25.5,32.6,69.4,89.8,87.2,54.6,54.9,66.4,63.2,50,40,3557.46233883145,,,,,,79.8453224769091,,,,,,,,8.177083803244077,2.903002222588391
GIN,Guinea,2020,5.33,56.5,6.17,3.27,6.46,5.86,4.89,38.7,16.1,33.3,70,91.4,93.8,55.4,58,70.6,60.4,50,40,3630.99330577677,,,,,,80.7303787513769,,,,,,,,8.197536896596349,2.0453093352271523
GIN,Guinea,2021,5.31,56.5,6.25,3.31,6.37,5.82,4.82,32.2,22,33.4,69.7,92.5,95.3,47.1,58.6,70.5,66.4,50,40,3738.8051255133,,,,,,80.2901300152473,,,,,,,,8.226788783573312,2.925188697696335
GIN,Guinea,2022,5.63,54.2,7.25,3.37,6.63,5.93,4.96,21.4,25.6,27.8,69.3,92.8,92,45.4,49.5,69.7,66.4,50,40,3792.01068836277,,,,,,80.0684202516554,,,,,,,,8.240915359602875,1.4126576029562798
GMB,"Gambia, The",1995,,,7.56,4.16,,,6,,,,,,,,,,,,,2456.00078113606,,,,,,77.1112725090445,,,,,,,,7.806696690443823,
GMB,Gambia,1996,,,,,,,,,,,,,,,,,,,,2439.04551648512,,,,,,76.9845359967816,,,,,,,,7.799771972410439,-0.692471803338357
GMB,Gambia,1997,,52.9,,,,,,70,10,,72.5,80.8,,55,,69.9,58,30,30,2486.93798396527,,,,,,76.8987290667442,,,,,,,,7.819209527489436,1.9437555078996915
GMB,Gambia,1998,,53.4,,,,,,70,10,,72.8,80.2,,55,,74.8,58,30,30,2502.76477124298,96.2,73.1,48.3,4.4,,76.7403021808125,,,,,,,,7.8255507866103455,0.6341259120909548
GMB,Gambia,1999,,52.1,,,,,,70,10,,70.5,72.5,,55,,74.5,56.4,30,30,2589.97773860396,,,,,,76.5591646695919,,,,,,,,7.859790588708898,3.4239802098552374
GMB,"Gambia, The",2000,6.33,52.7,7.56,4,6.96,,6,50,10,,72.5,90.3,,55,,77.2,59.4,30,30,2658.61770579464,,,,,,76.3346316620677,,,,,,,,7.885937671821014,2.614708311211622
GMB,"Gambia, The",2001,6.28,56.6,7.43,3.98,6.96,,6,50,10,,72.7,90.3,,55,,73.9,57.4,50,50,2737.69610805906,,,,,,76.0816490468061,,,,,,,,7.915237213147494,2.9299541326479606
GMB,"Gambia, The",2002,6.29,57.7,7.13,3.9,7.51,,6,50,10,,73,84.1,,55,,81.9,65.6,50,50,2578.557145742,,,,,,75.9366664425168,,,,,,,,7.855373014245089,-5.986419890240491
GMB,"Gambia, The",2003,5.56,56.3,5.96,3.86,5.91,,6,50,10,,72.9,85.3,,55,,78.1,55.4,50,50,2682.47993310133,89.8,58,47.3,4.8,47.29,75.7629084075399,,,,,,,,7.894869713706059,3.9496699460969786
GMB,"Gambia, The",2004,6.1,55.3,7.49,3.81,6.44,,6,50,10,,73.8,79.7,,55,,73.4,56.2,50,50,2794.19352609118,,,,,,75.5592667595928,,,,,,,,7.935656623296393,4.0786909590334375
GMB,"Gambia, The",2005,6.85,56.5,7.63,4.46,8.23,,6.36,30,25,,73.5,80.6,,55,75.1,66.5,59.6,50,50,2653.64239155191,,,,,,75.4454768923205,,,,,,,,7.884065232156705,-5.159139113968791
GMB,"Gambia, The",2006,6.67,57.3,7.76,4.46,7.63,,6.25,30,28,,71,84.3,,59.4,75,66,59.6,50,50,2564.68653970519,,,,,,75.3707646812403,,,,,,,,7.84998137859632,-3.4083853560384902
GMB,"Gambia, The",2007,6.71,57.7,8.84,4.46,6.92,,6.1,30,27,,72,70.8,,59.4,74.7,68.1,64.6,50,60,2567.15728802982,,,,,,75.2840171852023,,,,,,,,7.85094391216699,0.096253357066977685
GMB,"Gambia, The",2008,6.88,56.9,8.25,4.41,8.04,,5.97,30,25,,72.5,72.8,,57.5,74.8,73.9,62.6,50,50,2649.61119865306,,,,,,75.1804926796657,,,,,,,,7.882545533387876,3.160162122088561
GMB,"Gambia, The",2009,6.55,55.8,7.15,4.37,7.95,,5.91,30,23,,71.9,74.4,,59.9,67,71.9,59.6,50,50,2745.32540574768,,,,,,74.9682422945778,,,,,,,,7.9180190810360855,3.547354764820998
GMB,"Gambia, The",2010,6.55,55.1,7.05,4.36,7.87,7.28,6.17,25,19,,71.9,75.3,,58.5,63.8,71.6,60.6,55,50,2824.21259222517,85,46.4,43.6,5.7,32,74.6565539387339,,,,,,,,7.946338894634126,2.8319813598040255
GMB,"Gambia, The",2011,6.47,57.4,6.7,4.37,7.89,7.25,6.13,30,29,,73.2,79.7,,57.8,67.2,71.4,60.4,55,50,2519.83983255672,,,,,,74.4963593253401,,,,,,,,7.832347391871982,-11.399150276214343
GMB,"Gambia, The",2012,6.51,58.8,6.83,4.26,7.93,7.26,6.25,30,32,,75,85.5,,56.3,67.2,71,60.5,60,50,2574.93509664061,,,,,,74.2727757710023,,,,,,,,7.853967891503345,2.1620499631362478
GMB,"Gambia, The",2013,6.8,58.8,7.49,4.2,8.94,7.31,6.08,30,35,,75.1,82.7,,59.5,59.3,71.1,60.5,65,50,2572.44728941685,,,,,,73.2331529096012,,,,,,,,7.8530016368223725,-0.09662546809723338
GMB,"Gambia, The",2014,6.79,59.5,7.55,4.2,8.94,7.18,6.08,30,31.7,,79,79.8,,57.4,65.8,71.3,65,65,50,2465.10971144823,,,,,,72.2274667120289,,,,,,,,7.810397172373029,-4.260446444934374
GMB,"Gambia, The",2015,6.88,57.5,8.03,4.24,8.88,7.11,6.14,25,28,,75.4,73.4,,55.7,66.7,70.8,65,65,50,2495.95741601525,78.7,36,35.9,7.4,25.12,71.1644783238317,,,,,,,,7.822828236075581,1.243106370255198
GMB,"Gambia, The",2016,6.88,57.1,7.78,4.32,8.88,7.18,6.24,25,29,,75.5,78,,53.4,65.8,64.7,65,65,50,2478.46055756999,,,,,,70.1119061988103,,,,,,,,7.815796298389875,-0.7031937685705536
GMB,"Gambia, The",2017,7.04,53.4,7.87,4.65,8.74,6.96,6.95,39.1,38.2,38.8,74.9,74.3,3.2,52.8,65.6,63.8,65,75,50,2533.18683710276,,,,,,69.0735564119953,,,,,,,,7.837628090247759,2.1831791857883864
GMB,"Gambia, The",2018,7.05,52.3,8.32,4.58,8.81,6.8,6.75,34.4,36.8,38.8,71.9,74,0,54.2,64,63.2,64.7,75,50,2651.43281455826,,,,,,67.9586263648105,,,,,,,,7.883232541065847,4.560445081808773
GMB,"Gambia, The",2019,6.89,52.4,8.13,4.6,8.61,6.34,6.77,39.9,41.2,42.5,74.3,70.7,0,54,67.4,62.4,61.6,65,50,2750.82132179634,,,,,,66.8100301760813,,,,,,,,7.920018270272565,3.6785729206718187
GMB,"Gambia, The",2020,7.04,56.3,8.59,4.65,8.75,6.35,6.87,43.9,39.2,43.4,74.6,85.6,25.3,53.5,67.4,63.3,64.6,65,50,2702.31919474482,78.2,37.7,38.8,6.6,,67.6333307360061,,,,,,,,7.902235628370269,-1.778264190229617
GMB,"Gambia, The",2021,6.91,58.8,7.72,4.63,8.58,6.68,6.94,41.8,35.2,44.3,76.9,84.1,54.5,56,67.4,63.2,66.6,65,50,2777.79620978324,,,,,,66.2846791706917,,,,,,,,7.929773094841705,2.753746647143629
GMB,"Gambia, The",2022,6.85,58,7.28,4.74,8.08,7.28,6.88,47.6,38.1,37.2,79.3,84.1,68.9,50.5,47.3,64.1,63.8,65,50,2863.18049829859,,,,,,65.1728276108768,,,,,,,,7.96003754924361,3.0264454401905283
GNB,Guinea-Bissau,1995,3.27,,6.84,1.88,1.62,,2.47,,,,,,,,,,,,,1999.82023018049,,,,,,78.1324029692248,,,,,,,,7.6013124905581195,
GNB,Guinea Bissau,1996,,,,,,,,,,,,,,,,,,,,2185.76736211592,,,,,,77.9381188628363,,,,,,,,7.6901796419579025,8.886715139978296
GNB,Guinea Bissau,1997,,,,,,,,,,,,,,,,,,,,2283.88357077251,,,,,,77.6212927143778,,,,,,,,7.73407034832006,4.389070636215742
GNB,Guinea Bissau,1998,,,,,,,,,,,,,,,,,,,,1738.54122410447,,,,,,77.8446377299877,,,,,,,,7.4613766931352545,-27.269365518480537
GNB,Guinea Bissau,1999,,33.5,,,,,,10,10,,65.5,65.9,,40,,40.6,29.4,30,10,1992.72847838268,,,,,,77.8226216967,,,,,,,,7.597761771933291,13.63850787980363
GNB,Guinea-Bissau,2000,4.29,34.7,6.52,1.73,3.43,5.85,4.06,10,10,,65.4,67.3,,40,,50.4,29.4,30,10,1974.62172274651,,,,,,77.8177435274467,,,,,,,,7.588638424124601,-0.9123347808690063
GNB,Guinea-Bissau,2001,4.86,42.5,6.5,1.87,5.31,5.79,4.79,10,10,,65.9,81.3,,40,,70.9,64.8,30,10,2025.60064005453,,,,,,77.7322142710441,,,,,,,,7.614115106840936,2.5476682716335297
GNB,Guinea-Bissau,2002,4.95,42.3,6.69,1.72,5.87,5.8,4.66,10,10,,65.1,79.7,,40,,74.6,61,30,10,2053.96189370909,97.6,66.9,35.6,7.3,41.79,77.635474872943007,,,,,,,,7.628012583551152,1.3897476710216239
GNB,Guinea-Bissau,2003,4.95,43.1,6.04,1.72,6.41,5.8,4.66,10,10,,82.5,47.3,,40,,77.2,61,50,10,2002.27740627342,,,,,,77.5579461995001,,,,,,,,7.602539821469836,-2.547276208131599
GNB,Guinea-Bissau,2004,5.02,42.6,5.94,1.97,6.63,5.79,4.53,10,10,,82.7,46.8,,40,,77.7,56.4,50,10,1979.57457765814,,,,,,77.5332299084217,,,,,,,,7.5911422723278275,-1.1397549142008856
GNB,Guinea-Bissau,2005,5.07,46,5.91,2.01,6.61,6.2,4.42,10,10,,83,65.9,,40,51.6,83,56.4,50,10,2060.53834311757,,,,,,77.4376811351414,,,,,,,,7.63120775159444,4.006547926661241
GNB,Guinea-Bissau,2006,5.16,46.5,6.31,2.23,6.8,5.95,4.41,10,10,,81,58.7,,27.2,51.8,89,57.8,50,30,2065.08370690452,,,,,,77.3215983417592,,,,,,,,7.633410165269523,0.22024136750831147
GNB,Guinea-Bissau,2007,4.97,46.1,6.33,2.23,6.55,5.96,3.7,20,10,,82.9,51,,27.2,51.6,80.7,57.8,40,40,2065.86121747677,,,,,,77.2231106167003,,,,,,,,7.633786415423177,0.03762501536543894
GNB,Guinea-Bissau,2008,4.61,44.4,6.54,1.81,4.89,6.03,3.84,20,10,,88.4,56.5,,24.8,51.7,75.7,56.8,30,30,2105.54284991215,,,,,,77.0873144201088,,,,,,,,7.6528034229696695,1.901700754649216
GNB,Guinea-Bissau,2009,5,45.4,6.6,1.78,6.07,6.03,4.46,20,22,,88.4,49.1,,24.2,50.5,73.5,66.8,30,30,2102.92720552345,,,,,,76.9924560185316,,,,,,,,7.651560975123829,-0.12424478458408217
GNB,Guinea-Bissau,2010,4.85,43.6,6.59,1.63,6.01,6.03,4,20,19,,88.6,47.3,,23.4,52.5,67,58.2,30,30,2164.13349780236,94.9,70.9,50.6,4.5,46.26,76.8705455037593,,,,,,,,7.680237300338055,2.867632521422614
GNB,Guinea-Bissau,2011,4.88,46.5,6.51,1.61,5.54,6.03,4.69,20,19,,88.7,54.8,,25.5,61.4,72.2,63.6,30,30,2278.40566106623,,,,,,76.6527196652719,,,,,,,,7.731670012995909,5.143271265785376
GNB,Guinea-Bissau,2012,5.3,50.1,8.39,1.77,6.1,6.01,4.25,20,21,,88.7,63.3,,40.5,61,75.9,65.3,35,30,2180.60762289148,,,,,,76.522146197204,,,,,,,,7.687817325699953,-4.385268729595548
GNB,Guinea-Bissau,2013,5.38,51.1,8.27,1.91,6.53,6.01,4.18,20,22,,89.1,82,,41.3,54,72.7,65.3,35,30,2192.45628322206,,,,,,76.3904021165975,,,,,,,,7.693233790260435,0.5416464560481948
GNB,Guinea-Bissau,2014,5.09,51.3,6.32,2.17,6,5.9,4.88,20,20.2,,89,86.6,,40.5,61.4,74.4,61.4,30,30,2156.2021908175,,,,,,76.3314739942913,,,,,,,,7.676567379046415,-1.6666411214020016
GNB,Guinea-Bissau,2015,5.36,52,8.1,2.31,5.81,5.97,4.58,20,19,,89.1,88,,39.6,61.7,77.5,65.4,30,30,2230.39106612596,,,,,,76.2372267863482,,,,,,,,7.710380466443061,3.381308739664579
GNB,Guinea-Bissau,2016,5.36,51.8,7.68,2.3,6.1,5.81,4.82,20,19,,89.3,94.1,,36.7,61.1,78.5,59.4,30,30,2293.23583589196,,,,,,76.0732965752127,,,,,,,,7.738155097937866,2.777463149480486
GNB,Guinea-Bissau,2017,5.39,56.1,7.82,2.3,6.2,5.77,4.81,33.8,28.7,48.7,89,87.5,75.3,46.7,60.9,77.7,65.2,30,30,2342.41526571427,,,,,,75.9133051909781,,,,,,,,7.759364659557067,2.1209561619201622
GNB,Guinea-Bissau,2018,5.19,56.9,6.66,2.31,6.27,5.77,4.92,31.1,27.3,53.5,86.4,85.6,87.1,47.8,61.1,77.4,65.2,30,30,2373.50158144916,89.5,49.3,34.8,7.8,32.15,75.6874194458749,,,,,,,,7.772542834002499,1.3178174445431345
GNB,Guinea-Bissau,2019,5.61,54,7.94,2.35,6.67,6.32,4.79,32.6,25.3,42.9,88.8,86.7,81.4,35.9,61.2,78.1,55.6,30,30,2442.10663731324,,,,,,75.4967000116286,,,,,,,,7.8010257204537865,2.8482886451287825
GNB,Guinea-Bissau,2020,5.36,53.3,6.89,2.4,6.76,5.7,5.06,41.3,14.8,48.4,88.7,86.7,67.3,39.1,61.2,82.7,49,30,30,2455.85606168546,,,,,,76.2602879242479,,,,,,,,7.80663778785253,0.5612067398743648
GNB,Guinea-Bissau,2021,5.38,54.9,7.3,2.39,6.55,5.7,4.94,39.5,20.2,50.8,88.7,88.7,69.6,37.9,61,86.7,55.8,30,30,2522.76764302521,91.4,51.7,33.4,7.9,34.12,75.790843807282,,,,,,,,7.833508160400119,2.687037254758895
GNB,Guinea-Bissau,2022,5.32,46,7.1,2.37,5.82,6.32,4.98,29.1,15.9,14,88.8,85.8,31.3,31.5,56.4,83.4,55.8,30,30,2603.24022588591,,,,,,75.5925501561412,,,,,,,,7.864896251717805,3.1388091317685607
GNQ,Equatorial Guinea,1995,,,,,,,,,,,,,,,,,,,,1892.11653062527,,,,,,42.7631437479841,,,,,,,,7.5459797080179225,
GNQ,Equatorial Guinea,1996,,,,,,,,,,,,,,,,,,,,3033.84031220306,,,,,,40.6119862393626,,,,,,,,8.017914086690269,47.1934378672346
GNQ,Equatorial Guinea,1997,,,,,,,,,,,,,,,,,,,,7296.10009809843,,,,,,37.5096358997568,,,,,,,,8.895232301377225,87.7318214686957
GNQ,Equatorial Guinea,1998,,,,,,,,,,,,,,,,,,,,8684.6573083064,,,,,,34.3857821445297,,,,,,,,9.069428358978495,17.419605760126977
GNQ,Equatorial Guinea,1999,,45.1,,,,,,10,10,,89.3,81.4,,55,,66,54.4,30,10,10492.4649475554,,,,,,31.3947404653724,,,,,,,,9.258507956435976,18.907959745748038
GNQ,Equatorial Guinea,2000,,45.6,,,,,,10,10,,89.4,81.3,,55,,64,61,30,10,11767.4708814313,,,,,,28.7348425890098,,,,,,,,9.373179275198565,11.467131876258918
GNQ,Equatorial Guinea,2001,,47.9,,,,,,10,10,,89.5,90.3,,55,,75.1,61,30,10,18031.964975074,,,,,,26.1032243864862,,,,,,,,9.799956749436989,42.677747423842405
GNQ,Equatorial Guinea,2002,,46.4,,,,,,10,10,,89.6,92.3,,55,,72.3,48.2,30,10,20242.4309684399,,,,,,23.9064568206337,,,,,,,,9.915585623286468,11.562887384947906
GNQ,Equatorial Guinea,2003,,53.1,,,,,,30,10,,89.7,96.7,,55,,68.2,48.2,50,30,21709.5751241959,,,,,,22.1823658171023,,,,,,,,9.985554753732686,6.9969130446217775
GNQ,Equatorial Guinea,2004,,53.3,,,,,,30,10,,89.7,99.3,,55,,67.5,48.2,50,30,28225.985816122,,,,,,20.6608247979893,,,,,,,,10.248033743181463,26.24789894487769
GNQ,Equatorial Guinea,2005,,53.3,,,,,,30,10,,92.7,93.3,,55,47.4,67.3,57,30,50,31302.957953874,,,,,,19.509883650195,,,,,,,,10.351499820734286,10.346607755282378
GNQ,Equatorial Guinea,2006,,51.5,,,,,,30,10,,75.4,96.7,,48.2,47.5,70.3,57,30,50,32251.7680082519,,,,,,18.7456522535057,,,,,,,,10.381359148253997,2.9859327519710988
GNQ,Equatorial Guinea,2007,,53.2,,,,,,30,19,,75.4,84.1,,48.2,47,80.1,57.6,30,60,35540.4477563657,,,,,,18.2224842927147,,,,,,,,10.478454836848726,9.709568859472917
GNQ,Equatorial Guinea,2008,,51.6,,,,,,30,21,,75.4,82,,47.1,47.2,81.1,52.2,30,50,39994.6159790647,,,,,,17.8504850990497,,,,,,,,10.596525126566114,11.807028971738731
GNQ,Equatorial Guinea,2009,,51.3,,,,,,30,19,,75.5,86.3,,45.7,46.1,81.4,59.4,30,40,38706.6052512135,,,,,,17.7483708114554,,,,,,,,10.56379137782993,-3.273374873618451
GNQ,Equatorial Guinea,2010,,48.6,,,,,,20,17,,75.5,83.9,,44.8,44.8,80.9,58.9,20,40,33668.8740654852,,,,,,18.0336012781467,,,,,,,,10.424358771889295,-13.94326059406339
GNQ,Equatorial Guinea,2011,,47.5,,,,,,20,18,,75.5,80.5,,44.2,43.1,74.4,58.9,20,40,34341.9342607505,,,,,,18.3430955190499,,,,,,,,10.444151578114695,1.9792806225400028
GNQ,Equatorial Guinea,2012,,42.8,,,,,,20,19,,75.5,28,,44.7,43.8,73.1,58.8,25,40,35711.4919273537,,,,,,18.6460662460282,,,,,,,,10.483255820493603,3.9104242378908083
GNQ,Equatorial Guinea,2013,,42.3,,,,,,15,19,,75.4,39.3,,44.4,43.1,72.8,58.8,25,30,32894.3693189101,,,,,,19.2582740274995,,,,,,,,10.401087176662124,-8.216864383147993
GNQ,Equatorial Guinea,2014,,44.4,,,,,,10,16.6,,75.5,62.6,,43.4,41.5,75.4,53.8,35,30,31765.8997056851,,,,,,19.897980256908,,,,,,,,10.366180136907982,-3.4907039754141778
GNQ,Equatorial Guinea,2015,,40.4,,,,,,10,19,,75.4,31.4,,37.5,33.5,78.3,53.8,35,30,27797.7942803179,,,,,,20.6382616071889,,,,,,,,10.232747927526583,-13.343220938139844
GNQ,Equatorial Guinea,2016,,43.7,,,,,,10,19,,75.4,45.6,,45.6,38.4,78.9,53.8,40,30,24435.0645564801,,,,,,21.4219190135816,,,,,,,,10.103815375625723,-12.893255190085995
GNQ,Equatorial Guinea,2017,,45,,,,,,35.4,24.6,13.1,75.4,53.6,46.4,50.9,38.5,78.3,53.8,40,30,22250.4389230263,,,,,,22.1652577438764,,,,,,,,10.010161956201138,-9.36534194245855
GNQ,Equatorial Guinea,2018,,42,,,,,,29.8,26.2,17.6,69.6,61,19.1,45.6,29.8,81.7,53.8,40,30,20165.4795550607,,,,,,22.8589585634576,,,,,,,,9.911777077046327,-9.838487915481053
GNQ,Equatorial Guinea,2019,,41,,,,,,29.7,15.8,18.1,71.3,67.6,16.4,37.6,32.7,83.7,48.8,40,30,18446.5916579681,,,,,,23.4846044723443,,,,,,,,9.822689107504978,-8.908796954134957
GNQ,Equatorial Guinea,2020,,48.3,,,,,,38.1,15.1,19.5,75.1,86.4,77.2,37.5,34.2,78.1,48.8,40,30,17089.153726379,,,,,,22.944849584044,,,,,,,,9.746257771176202,-7.643133632877586
GNQ,Equatorial Guinea,2021,,49.2,,,,,,27.8,17,15.4,75.2,90,96.1,36.4,34.4,79.4,48.8,40,30,16821.4486470413,,,,,,22.0823332985495,,,,,,,,9.730469502422432,-1.578826875377004
GNQ,Equatorial Guinea,2022,,47.2,,,,,,18.9,6.5,6.9,75.1,91,94.8,34.4,46.5,73,48.8,40,30,16932.7706827155,58.1,23.3,38.5,6.4,,22.3571756315423,,,,,,,,9.737065172284353,0.6595669861921394
GRC,Greece,1995,6.47,61.2,6.15,6.38,7.34,7.64,4.79,70,50,,62.5,55.3,,70,,65.3,77.8,70,30,27646.1476383588,6.5,2.8,37,6,,33.3094640698128,,,,,,,,10.227277842076141,
GRC,Greece,1996,,60.5,,,,,,70,50,,58,50.5,,70,,67.9,77.8,70,30,27905.1065690594,,,,,,32.3971938783789,,,,,,,,10.236600817303149,0.9322975227007646
GRC,Greece,1997,,59.6,,,,,,70,40,,54,54.4,,70,,70.1,77.8,70,30,28768.2401472217,,,,,,31.6814691932519,,,,,,,,10.267062044908025,3.046122760487613
GRC,Greece,1998,,60.6,,,,,,70,50,,53.3,52.5,,70,,71.4,77.8,70,30,29592.525483114,,,,,,31.4960498133574,,,,,,,,10.29531088270787,2.8248837799845106
GRC,Greece,1999,,61,,,,,,70,54,,47.6,55.8,,70,,73.9,77.8,70,30,30263.0543705003,,,,,,29.7804991131153,,,,,,,,10.317715962851706,2.2405080143835576
GRC,Greece,2000,7.2,61,5.95,5.77,9.16,8.78,6.36,70,49,,52.2,54.4,,70,,75.5,77.8,70,30,31386.639783624,3.2,1,34.4,6.9,,29.1819869372247,,,,,,,,10.354169456936576,3.645349408487064
GRC,Greece,2001,7.08,63.4,5.92,5.64,9.27,8.57,6.01,70,49,,50.9,54.4,,70,,78.3,78,70,50,32675.9292327768,,,,,,28.9488594114425,,,,,,,,10.394424579833666,4.025512289708999
GRC,Greece,2002,7.2,59.1,6.11,5.63,9.36,8.78,6.13,50,49,,50.1,54.4,,70,,78.7,79.6,50,50,34081.0289759343,3,1,35.5,6.8,,28.9611133411585,,,,,,,,10.436525514849897,4.210093501623113
GRC,Greece,2003,7.18,58.8,5.91,5.65,9.43,8.89,6.01,50,42,,57.2,50.3,,70,,78.5,81.4,50,50,35970.7016808475,2.2,0.9,32.8,7.2,,28.9353262332341,,,,,,,,10.49048784390671,5.396232905681231
GRC,Greece,2004,7.17,59.1,6.01,5.61,9.49,8.73,6.03,50,42,,58.4,53.2,,70,,78.1,79.8,50,50,37811.4913664483,2.2,1.1,33.6,7.1,10.42,28.6709220965401,,,,,,,,10.540394786447838,4.990694254112782
GRC,Greece,2005,7.16,59,6.15,6.31,9.38,7.89,6.1,50,43,,58,54.4,,70,56.1,78.1,80.2,50,50,38146.962971083,2.4,0.8,34.6,6.9,,28.4891373537035,,,,,,,,10.549227640033632,0.8832853585793998
GRC,Greece,2006,7.19,60.1,6.27,6.34,9.28,7.98,6.07,50,43,,61,53.9,,73.2,58.6,78.7,82.4,50,50,40483.1569225337,2.7,1.1,35.1,6.7,,28.3875313049692,,,,,,,,10.608665989463065,5.943834942943305
GRC,Greece,2007,7.26,58.7,6.49,6.44,9.37,7.96,6.07,50,43,,62.4,53.4,,69.7,58,78.4,81.6,50,40,41796.2336918303,2,0.9,34,7,,27.6783493169818,,,,,,,,10.640585436701596,3.1919447238530907
GRC,Greece,2008,7.03,60.6,6.16,6.32,9.33,7.86,5.52,50,44,,65.6,57.8,,70.4,58.8,78.5,81,50,50,41709.3877420312,1.8,0.7,33.6,7.1,8.91,27.0325326035188,,,,,,,,10.638505483288544,-0.20799534130517827
GRC,Greece,2009,6.95,60.8,5.87,5.9,9.47,7.89,5.64,50,46,,66.5,46.3,,78.7,61.2,78.8,80.8,50,50,39886.2135496664,2.2,0.9,33.6,7,9.03,27.0498883413613,,,,,,,,10.593811089104527,-4.469439418401677
GRC,Greece,2010,7.05,62.7,6.11,5.89,9.29,8.09,5.9,60,47,,65.9,41.9,,77.4,55.1,77.6,82.5,60,60,37566.7483686263,3.2,1.5,34.1,6.7,8.97,27.7991227391922,,,,,,,,10.533901205141122,-5.990988396340491
GRC,Greece,2011,7.11,60.3,6.17,5.77,9.45,8.12,6.06,50,38,,65.9,34.3,,76.2,55.2,80.6,82.6,60,60,33906.4917435676,6.4,2.6,34.8,6.1,6.97,28.593242542978,,,,,,,,10.431391264338133,-10.25099408029888
GRC,Greece,2012,7.05,55.4,5.88,5.74,9.51,8.06,6.07,50,35,,65.3,16.2,,76.3,36.6,72.6,82.1,60,60,31250.2268565956,9,3.5,36.3,5.8,7.47,29.633801745922,,,,,,,,10.349813913804976,-8.15773505331574
GRC,Greece,2013,6.87,55.4,4.54,6.09,9.59,8.09,6.03,40,34,,66.2,24.7,,77.1,42.1,73.4,81.8,65,50,30762.4432227813,10.3,3.5,36.1,5.9,8.19,30.3802640344405,,,,,,,,10.334082355676843,-1.573155812813276
GRC,Greece,2014,7,55.7,4.62,6.16,9.53,8.11,6.58,40,33.2,,65.9,19.2,,75.8,53.9,76.3,82.8,60,50,31213.3765120298,9.5,3.7,35.8,5.9,9.39,29.6859466470261,,,,,,,,10.348634053310452,1.455169763360864
GRC,Greece,2015,6.64,54,4.25,6.18,8.42,7.89,6.47,40,40,,64.2,0,,73.3,51.6,77.8,83,60,50,31347.976574604,9.2,3.7,36,5.8,7.52,28.126465643969,,,,,,,,10.352936900380005,0.4302847069553195
GRC,Greece,2016,6.75,53.2,4.68,6.08,8.12,7.9,6.95,40,43,,64.4,0,,73.8,50.2,77.7,83,60,40,31468.6198471099,8,2.8,35,6.3,8.49,26.7440180834744,,,,,,,,10.356777910135154,0.3841009755149116
GRC,Greece,2017,6.61,55,4.34,6.06,7.68,7.95,7,52.5,41.3,56.1,61.1,5.4,58.1,74.3,51,78.2,82,60,40,31995.4108838386,6.9,2.3,34.4,6.6,7.68,26.809058177015,,,,,,,,10.37337901561143,1.6601105476276246
GRC,Greece,2018,6.96,57.3,5.02,5.98,9.03,7.89,6.85,52.3,37.9,59,60.4,20.9,70.5,74.4,54.4,81,81.9,55,40,32722.3310444029,5.1,1.2,32.9,7.2,7.73,25.9179152880344,,,,,,,,10.395843590070495,2.246457445906458
GRC,Greece,2019,7.07,57.7,5.35,6.01,9.21,8,6.79,52.4,37.7,49.5,59.1,23.3,79,74.1,52.5,79.1,81,55,50,33502.7506488997,4.8,1.8,33.1,7,7.61,24.5538294648534,,,,,,,,10.41941267121479,2.356908114429501
GRC,Greece,2020,6.69,59.9,4.8,6.06,8.63,8.06,5.91,57,51.2,48.6,59,31.5,80,73.7,52,79.4,81.4,55,50,30487.1129331045,5.1,1.9,33.6,6.7,7.52,24.1689746930629,,,,,,,,10.325092146728956,-9.432052448583406
GRC,Greece,2021,6.88,60.9,4.77,6.13,8.93,8.38,6.21,55.5,53.6,53.5,59.9,34.2,80,75.8,49.8,80,84,55,50,33531.15511226,3.6,1.4,32.9,7.1,8.28,23.9321375727813,,,,,,,,10.420260111545092,9.516796481613632
GRC,Greece,2022,6.85,61.5,4.98,6.04,8.07,8.49,6.66,76,52.3,69.9,59.9,17.9,67.6,70.3,61.1,78.6,79.2,55,50,35831.3441781205,3.6,1.2,33.4,7.2,8.02,22.6635492785329,,,,,,,,10.486606233169217,6.634612162412523
GTM,Guatemala,1995,7,62,9.43,3.71,8.39,8.27,5.32,50,50,,86.8,96.6,,55,,66.9,52.4,50,50,8195.34591091977,,,,,,37.9537047319523,,,,,,,,9.01144371331443,
GTM,Guatemala,1996,,63.7,,,,,,50,50,,84.1,96.6,,55,,69,69,50,50,8222.06539206535,,,,,,38.0255181674384,,,,,,,,9.014698337276057,0.32546239616273454
GTM,Guatemala,1997,,65.7,,,,,,50,50,,81.5,97.5,,55,,70.7,67,50,70,8364.16131429348,,,,,,37.9919932038884,,,,,,,,9.03183089766935,1.7132560393292806
GTM,Guatemala,1998,,65.8,,,,,,50,50,,81.4,97.3,,55,,69.6,69,50,70,8559.98628929783,46.6,21.2,49.4,3.7,,37.9369737020552,,,,,,,,9.054970683210755,2.3139785541404834
GTM,Guatemala,1999,,66.2,,,,,,50,50,,84,97.3,,55,,70.4,69,50,70,8668.42697938871,,,,,,38.6045794188019,,,,,,,,9.067557975247682,1.2587292036927877
GTM,Guatemala,2000,6.74,64.3,8.67,3.77,7.43,7.88,5.99,50,31,,82.7,96.4,,55,,72.2,71.8,50,70,8770.4040870875,41.7,17.1,54.2,3.5,23.25,39.2918775558137,,,,,,,,9.079252173701635,1.1694198453952254
GTM,Guatemala,2001,6.88,65.1,8.64,3.69,8.41,7.96,5.73,50,32,,86.7,94.9,,55,,74.8,72.6,50,70,8771.15520620407,,,,,,39.1516274162191,,,,,,,,9.07933780274697,0.008562904533526705
GTM,Guatemala,2002,6.97,62.3,8.51,3.64,8.48,8.13,6.12,30,32,,79.8,95.7,,55,,74.7,73.6,50,70,8901.53633819804,,,,,,38.9936482425336,,,,,,,,9.09409149694063,1.4753694193659683
GTM,Guatemala,2003,6.98,62.3,8.63,3.71,8.43,8.16,5.98,30,29,,79.8,95.5,,55,,78.3,73.4,50,70,8926.15358002845,,,,,,38.850140899419,,,,,,,,9.096852875022464,0.2761378081833854
GTM,Guatemala,2004,7.09,59.6,8.86,4.09,8.39,8.03,6.11,30,25,,79.8,95,,55,,77.4,73.8,30,70,9003.85719003217,,,,,,38.698606732558,,,,,,,,9.105519398520634,0.8666523498170875
GTM,Guatemala,2005,7.16,59.5,8.65,4.77,8.5,7.89,6.02,30,24,,77,95.4,,55,60.6,79.1,73.4,30,70,9099.72328845701,,,,,,38.5712908868235,,,,,,,,9.116109171594418,1.058977307378406
GTM,Guatemala,2006,7.3,59.1,8.54,4.7,8.57,8.55,6.16,30,22,,79.7,94.6,,49.2,62.4,78.1,75.2,50,50,9386.00114713774,40.2,17.9,54.5,3.1,,38.393398033722,,,,,,,,9.14708115454192,3.097198294750214
GTM,Guatemala,2007,7.3,60.5,8.35,4.64,8.56,8.69,6.26,30,25,,79.8,96.1,,52.3,59.6,71.6,80.2,50,60,9772.8053901732,,,,,,38.1479655415626,,,,,,,,9.187461166661258,4.038001211933739
GTM,Guatemala,2008,7.24,59.8,8.41,4.54,8.24,8.72,6.3,30,26,,79.9,95.9,,54.6,60,72.9,78.4,50,50,9889.57209974855,,,,,,37.8990612845959,,,,,,,,9.199337269227705,1.1876102566446889
GTM,Guatemala,2009,7.27,59.4,7.92,4.34,9.16,8.67,6.27,30,28,,79.4,93.5,,54.1,57.3,73.3,78.4,50,50,9740.70936130832,,,,,,37.7863951627952,,,,,,,,9.184171880346044,-1.5165388881660746
GTM,Guatemala,2010,7.33,61,8.13,4.37,9.02,8.58,6.56,35,31,,79.3,93.9,,52.5,54.3,70.2,84,60,50,9825.0176796825,,,,,,37.6480649165183,,,,,,,,9.19278901200262,0.8617131656576404
GTM,Guatemala,2011,7.34,61.9,8.31,4.44,8.85,8.56,6.53,35,34,,79.5,94.4,,52.1,53.4,76.4,84.6,60,50,10032.088632465,,,,,11.38,34.3121350585065,,,,,,,,9.213643772980582,2.085476097796146
GTM,Guatemala,2012,7.46,60.9,8.49,4.52,9.09,8.57,6.63,30,32,,79.6,93.9,,48.5,53.5,77.3,84.6,60,50,10126.8283621986,,,,,,38.1209424194401,,,,,,,,9.22304219738003,0.9398424399448047
GTM,Guatemala,2013,7.65,60,9.22,4.5,9.13,8.59,6.81,30,27,,79.6,93.6,,50.8,48.7,75.5,85.2,60,50,10297.8395710411,,,,,,37.9642635784105,,,,,,,,9.239786504865055,1.674430748502509
GTM,Guatemala,2014,7.64,61.2,9.23,4.56,9.29,8.47,6.65,25,28.7,,79.6,93.6,,58.4,49.3,76.7,85.4,65,50,10553.5642244297,44.8,18.3,48.3,4.5,20.1,37.7668690948347,,,,,,,,9.26431367325577,2.452716839071556
GTM,Guatemala,2015,7.7,60.4,9.22,4.61,9.4,8.54,6.74,20,29,,79.6,94.1,,54.7,50.6,76.8,84.6,65,50,10785.9584615777,,,,,,36.9315606033131,,,,,,,,9.286093133582597,2.1779460326825983
GTM,Guatemala,2016,7.67,61.8,9.27,4.58,9.27,8.52,6.68,20,32,,79.1,94.3,,62.5,50.9,77.9,86.4,65,50,10872.5939962916,,,,,,34.564450912327104,,,,,,,,9.294092559901186,0.7999426318589187
GTM,Guatemala,2017,7.63,63,9.25,4.6,9.29,8.41,6.6,45,27.5,27.8,79.2,94.8,93.5,58.7,48.2,79.4,87,65,50,11005.4593976653,,,,,,37.6556506995395,,,,,,,,9.306237597405074,1.214503750388829
GTM,Guatemala,2018,7.61,63.4,9.22,4.55,9.34,8.4,6.56,40.4,27.3,33.1,79.2,95.3,95.3,57.3,48.3,77.6,87.2,70,50,11192.372055508,,,,,,37.9002669743935,,,,,,,,9.323077101353627,1.6839503948553158
GTM,Guatemala,2019,7.66,62.6,9.23,4.55,9.35,8.4,6.76,40.3,26.4,32.3,79.2,95.6,96.2,53.6,48.7,77,82.2,70,50,11466.3765822795,,,,,,33.7638042762497,,,,,,,,9.347261464022264,2.418436266863644
GTM,Guatemala,2020,7.51,64,9.11,4.62,9.28,7.85,6.69,45.5,29.6,32.2,79.2,95.6,95.7,62.6,48.4,77.4,82.2,70,50,11097.15041153,,,,,,38.2561749030253,,,,,,,,9.314533743824281,-3.2727720197982535
GTM,Guatemala,2021,7.45,64,9.06,4.49,9.17,7.85,6.7,43.2,30.1,32.6,91.8,94.8,92.1,61.5,48.5,77.7,75.6,70,50,11825.141273764,,,,,,42.0032956311106,,,,,,,,9.378067722340539,6.353397851625786
GTM,Guatemala,2022,7.45,63.2,9.06,4.34,8.81,8.37,6.69,39.8,26.5,36.9,91.5,94,83.3,62.1,50.3,79.3,75,70,50,12147.9309684074,,,,,,39.2273503942037,,,,,,,,9.404996458758378,2.692873641783855
GUY,Guyana,1995,4.86,45.7,4.61,5.14,4.67,,5.19,50,10,,55.8,30.3,,55,,64,66,50,30,7071.21280005947,,,,,,32.5098290496871,,,,,,,,8.863928694370916,
GUY,Guyana,1996,,50.1,,,,,,50,30,,55.9,37.3,,55,,71.5,51,50,50,7612.30424290021,,,,,,32.2251878683889,,,,,,,,8.93765255410945,7.37238597385339
GUY,Guyana,1997,,53.2,,,,,,50,30,,59.8,61.8,,55,,72.9,49.8,50,50,8064.56715164725,,,,,,31.9844687497503,,,,,,,,8.995359310671697,5.770675656224711
GUY,Guyana,1998,,52.7,,,,,,50,30,,58.9,53.7,,55,,76.2,51,50,50,7915.22956203951,54.2,23.6,45.1,4.3,,31.8374477231652,,,,,,,,8.97667030605431,-1.868900461738754
GUY,Guyana,1999,,53.3,,,,,,50,30,,58.3,54.6,,55,,80.5,51,50,50,8139.97018415742,,,,,,31.7136784378625,,,,,,,,9.004664639137276,2.799433308296706
GUY,Guyana,2000,6.12,52.4,4.63,4.93,7.58,6.81,6.59,50,30,,59.9,44.5,,55,,81.4,51,50,50,8025.29326490962,,,,,,31.6770059252955,,,,,,,,8.990478089520096,-1.4186549617180688
GUY,Guyana,2001,6.06,53.3,4.04,4.93,7.72,7.04,6.52,50,30,,60.3,54.4,,55,,79,51,50,50,8212.04321760917,,,,,,31.6002717559137,,,,,,,,9.01347880582414,2.30007163040451
GUY,Guyana,2002,6.01,54.3,3.72,4.82,7.43,7.29,6.77,50,30,,60.9,47.1,,55,,79.1,66.8,50,50,8314.0272750321,,,,,,31.5334826985312,,,,,,,,9.025819671841985,1.234086601784412
GUY,Guyana,2003,5.9,50.3,3.39,4.69,7.33,7.29,6.75,50,30,,60.3,7.9,,55,,82.4,66.8,50,50,8267.42910545363,,,,,,31.5284855813724,,,,,,,,9.020199819001807,-0.5619852840178297
GUY,Guyana,2004,5.93,53,3.67,4.49,7.59,7.17,6.71,50,30,,60.9,14.5,,55,,81.1,65.2,50,70,8404.2001629708,,,,,,31.5105907675249,,,,,,,,9.036605860308798,1.6406041306991526
GUY,Guyana,2005,6.34,56.5,5.86,4.51,7.45,7.1,6.75,50,30,,60.3,43,,55,62.5,80.1,63.8,50,70,8256.52519071138,,,,,,31.5534569328665,,,,,,,,9.018880207906538,-1.772565240226065
GUY,Guyana,2006,6.15,56.6,4.77,4.55,7.49,7.24,6.66,50,30,,60.3,41.7,,56.9,62.9,80.7,63.8,50,70,8702.33133494001,,,,,,31.557814668325,,,,,,,,9.07146114341263,5.2580935506092885
GUY,Guyana,2007,6.1,53.7,4.94,4.6,6.83,7.31,6.79,40,25,,67.1,34.3,,57,62.5,74.1,67,50,60,9354.08017716534,,,,,,31.4274458933026,,,,,,,,9.143674809186198,7.221366577356747
GUY,Guyana,2008,6.25,48.8,5.27,4.58,7.24,7.34,6.8,40,25,,67.3,16,,56.6,63.1,73.9,65.8,40,40,9546.70875949436,,,,,,31.2788057240912,,,,,,,,9.164056484217461,2.0381675031263313
GUY,Guyana,2009,6.27,48.4,4.85,4.64,7.66,7.27,6.93,40,26,,66.5,3.2,,60.9,65.2,69.6,72.6,40,40,9924.52660770631,,,,,,31.1361003364847,,,,,,,,9.20286516285879,3.880867864132931
GUY,Guyana,2010,6.22,48.4,4.8,4.55,7.68,7.18,6.9,35,26,,55.9,26.2,,63.4,65.2,71,71.3,30,40,10374.3947557656,,,,,,30.9676807810642,,,,,,,,9.247192393123555,4.432723026476459
GUY,Guyana,2011,6.2,49.4,4.83,4.5,7.43,7.19,7.02,30,26,,64.6,29.1,,66.8,60.3,75.8,71.3,30,40,10958.8598838438,,,,,,30.7765095511267,,,,,,,,9.301994776099464,5.4802382975909225
GUY,Guyana,2012,6.28,51.3,4.92,4.56,7.77,7.19,6.97,30,27,,64,52,,65.5,65.3,77.4,71.5,30,30,11534.9985588659,,,,,,30.5345492726779,,,,,,,,9.353227734599784,5.1232958500319725
GUY,Guyana,2013,6.24,53.8,4.66,4.54,7.83,7.2,6.97,30,25,,67.9,61.1,,66.3,75.4,75.9,71.2,35,30,11896.9069854942,,,,,,30.3048465190617,,,,,,,,9.384117780058375,3.0890045458590976
GUY,Guyana,2014,6.15,55.7,4.71,4.52,7.95,6.57,6.98,30,24.4,,68.4,71.8,,64.3,72.6,78.1,72,45,30,12030.0529344045,,,,,,30.0860415796032,,,,,,,,9.395246330857983,1.112855079960795
GUY,Guyana,2015,6.36,55.5,5.44,4.58,8.08,6.52,7.2,25,27,,68.7,70.8,,63.8,74.5,78.4,72,45,30,12040.08253302,,,,,,29.8396051098844,,,,,,,,9.396079626201425,0.08332953434422308
GUY,Guyana,2016,6.25,55.4,4.84,4.67,8.25,6.52,6.99,30,30,,68.7,73.1,,63,70.7,77.4,70.8,40,30,12420.4724727603,,,,,,29.4948530439238,,,,,,,,9.427181905043149,3.1102278841723674
GUY,Guyana,2017,6.11,58.5,4.31,4.68,8.28,6.51,6.78,37.7,33.9,34.1,68,72.8,80.9,63.2,70.9,79.8,70.7,60,30,12801.6408529346,,,,,,29.0845124874353,,,,,,,,9.457406745262874,3.022484021972538
GUY,Guyana,2018,6.07,58.7,4.17,4.68,8.29,6.46,6.74,42.1,34.8,42.5,68.4,70.8,73.8,60.3,70.5,79.3,71.5,60,30,12980.3576003177,,,,,,28.6338041788469,,,,,,,,9.471269576492734,1.3862831229859651
GUY,Guyana,2019,5.99,56.8,3.98,4.68,8.18,6.42,6.7,41.7,33.2,42.9,67,69.4,77.6,59.3,62,76.9,66.8,55,30,13402.4219472757,,,,,,28.4664638159168,,,,,,,,9.503265322537517,3.19957460447835
GUY,Guyana,2020,5.8,56.2,3.99,4.71,7.27,6.05,6.97,53.6,34.1,42.6,66,64.4,58.6,58.9,62.1,82.5,66.8,55,30,19234.1301977637,,,,,,29.4174126568418,,,,,,,,9.864493583958065,36.1228261420548
GUY,Guyana,2021,5.46,57.4,3.85,4.7,6.43,6.04,6.29,44.9,38.5,40.4,64.6,77.3,69.8,58.2,62.1,81.3,66.8,55,30,22865.9270968882,,,,,,30.0127982956804,,,,,,,,10.037446914057755,17.29533300996895
GUY,Guyana,2022,5.6,59.5,3.87,4.79,6.3,6.4,6.63,46.9,41.5,47.4,67.5,74.8,67.4,63.1,67.3,83.3,69.4,55,30,37068.1993827588,,,,,,28.2738407920907,,,,,,,,10.520541698467762,48.309478441000664
HKG,"Hong Kong SAR, China",1995,9.34,88.6,9.25,9.19,9.43,10,8.91,90,90,,93,93.5,,100,,80.8,90,90,70,37905.6509352086,,,,,,4.57432074026051,,,,,,,,10.542881862091692,
HKG,Hong Kong,1996,,90.5,,,,,,90,90,,91.4,92,,100,,81.1,90,90,90,37804.068427697,,,,,,4.46492898270045,,,,,,,,10.540198458007847,-0.26834040838448203
HKG,Hong Kong,1997,,88.6,,,,,,90,71,,91.8,93,,100,,81.1,90,90,90,39402.5953789391,,,,,,4.14359122072547,,,,,,,,10.581612344395264,4.1413886387417165
HKG,Hong Kong,1998,,88,,,,,,90,70,,91.9,92.4,,100,,78,90,90,90,36776.3830289355,,,,,,4.34726105556631,,,,,,,,10.51263834361317,-6.897400078209337
HKG,Hong Kong,1999,,88.5,,,,,,90,73,,91.8,92.9,,100,,79.2,90,90,90,37339.9267574178,,,,,,4.89706974750501,,,,,,,,10.527845236215082,1.5206892601911548
HKG,"Hong Kong SAR, China",2000,8.89,89.5,9.03,7.72,8.88,9.88,8.92,90,78,,93,92.3,,100,,82.5,90,90,90,39848.59152924,,,,,,4.84013344364409,,,,,,,,10.592867433958551,6.502219774346862
HKG,"Hong Kong SAR, China",2001,8.93,89.9,9,7.76,9.25,9.87,8.75,90,77,,93.7,91,,100,,87.4,90,90,90,39777.8561883562,,,,,,6.01813916883792,,,,,,,,10.591090798559588,-0.17766353989632222
HKG,"Hong Kong SAR, China",2002,8.89,89.4,8.67,7.76,9.4,9.79,8.81,90,77,,93.8,90.3,,100,,83.7,90,90,90,40258.1727894569,,,,,,7.01112610872466,,,,,,,,10.603093152272733,1.2002353713144842
HKG,"Hong Kong SAR, China",2003,8.93,89.8,8.59,7.78,9.54,9.87,8.88,90,79,,93.6,90.2,,100,,85.5,90,90,90,41570.5763105053,,,,,,6.86012146587024,,,,,,,,10.635171950952953,3.20787986802209
HKG,"Hong Kong SAR, China",2004,8.98,90,8.83,8.09,9.78,9.31,8.88,90,82,,93.6,89.5,,100,,84.6,90,90,90,44836.2053321129,,,,,,6.90061375062572,,,,,,,,10.710793549911788,7.562159895883447
HKG,"Hong Kong SAR, China",2005,9.08,89.5,8.99,8.3,9.65,9.54,8.92,90,80,,93.6,89.7,,100,86.5,85.1,90,90,90,47938.8998017111,,,,,,6.88704679653931,,,,,,,,10.777703417909242,6.690986799745424
HKG,"Hong Kong SAR, China",2006,9.09,88.6,9.14,8.36,9.4,9.67,8.89,90,80,,93.3,87.9,,90,86.7,88.3,90,90,90,50981.7931037524,,,,,,6.96497361375984,,,,,,,,10.839243464655109,6.154004674586666
HKG,"Hong Kong SAR, China",2007,9.07,89.9,9.12,8.36,9.17,9.75,8.98,90,83,,92.9,91.9,,88.4,86.3,91.6,95,90,90,53813.0792084943,,,,,,6.35747284746466,,,,,,,,10.8932904072388,5.404694258369069
HKG,"Hong Kong SAR, China",2008,9.11,89.7,9.2,8.34,9.12,9.77,9.1,90,83,,92.8,93.1,,89,86.5,87.2,95,90,90,54630.3763985044,,,,,,6.59614443124265,,,,,,,,10.908363655992831,1.507324875403171
HKG,"Hong Kong SAR, China",2009,9.18,90,9.16,8.41,9.6,9.64,9.09,90,83,,93.4,93.1,,92.7,86.3,86.2,95,90,90,53172.3001900618,,,,,,6.59014482433384,,,,,,,,10.8813116732211,-2.705198277173082
HKG,"Hong Kong SAR, China",2010,9.17,89.7,9.08,8.35,9.39,9.63,9.38,90,81,,93,93.7,,98.7,87.4,83.1,90,90,90,56355.4117939379,,,,,,6.4206015729077,,,,,,,,10.939451298157932,5.813962493683178
HKG,"Hong Kong SAR, China",2011,9.1,89.7,9.11,8.3,9.12,9.61,9.38,90,82,,93.3,89.6,,98.7,86.2,87.1,90,90,90,58672.8294901182,,,,,,6.6527201639213,,,,,,,,10.979749071480924,4.029777332299211
HKG,"Hong Kong SAR, China",2012,9.08,89.9,8.99,8.18,9.27,9.6,9.37,90,84,,93.1,91,,98.9,86.5,85.8,90,90,90,59015.3332811946,,,,,,6.96785467353053,,,,,,,,10.985569519850527,0.5820448369602715
HKG,"Hong Kong SAR, China",2013,9.02,89.3,8.84,8.17,9.16,9.52,9.4,90,84,,92.9,88.9,,98.9,86.2,82.1,90,90,90,60601.6097817011,,,,,,6.90569112367285,,,,,,,,11.012093236834744,2.652371698421696
HKG,"Hong Kong SAR, China",2014,9.02,90.1,8.74,8.22,9.14,9.62,9.41,90,82.3,,93,89.7,,98.9,95.5,82,90,90,90,61839.810843419,,,,,,6.186124791874,,,,,,,,11.032318795132312,2.0225558297568114
HKG,"Hong Kong SAR, China",2015,9.02,89.6,8.65,8.21,9.31,9.52,9.4,90,75,,93.2,89.7,,100,95.9,81.8,90,90,90,62779.7484353718,,,,,,5.99410000693005,,,,,,,,11.047403751882255,1.5084956749943146
HKG,"Hong Kong SAR, China",2016,9.02,88.6,8.57,8.16,9.39,9.59,9.4,90,74,,92.6,90.7,,97.4,89,81.8,90,90,90,63749.4095274634,,,,,,5.90840189115284,,,,,,,,11.06273088696025,1.5327135077994214
HKG,"Hong Kong SAR, China",2017,9.05,89.8,8.62,8.16,9.46,9.6,9.38,93.7,80.3,84,93,90,100,94.6,89.1,83.2,90,90,90,65662.8359167546,,,,,,5.88572025607515,,,,,,,,11.092303610256163,2.957272329591376
HKG,"Hong Kong SAR, China",2018,9.05,90.2,8.64,8.14,9.44,9.61,9.42,92.5,82.8,84.3,93.1,90.2,100,96.3,89.4,84.3,90,90,90,66993.9679794398,,,,,,5.99201950900823,,,,,,,,11.112372790768116,2.0069180511953277
HKG,"Hong Kong SAR, China",2019,8.92,90.2,8.42,7.81,9.43,9.66,9.29,93.3,83.8,75.3,93.1,90.3,100,96.4,89.2,86.4,95,90,90,65388.3336248234,,,,,,6.00684603013425,,,,,,,,11.088114429722289,-2.425836104582757
HKG,"Hong Kong SAR, China",2020,8.65,89.1,7.9,7.77,9.6,9.04,8.94,93.6,84.7,76.8,93,90.3,99.9,96.2,89.1,80.7,95,80,90,61328.5288044938,,,,,,6.03654498099071,,,,,,,,11.024016715637536,-6.409771408475251
HKG,"Hong Kong SAR, China",2021,8.61,,7.99,7.58,9.48,9.04,8.98,,,,,,,,,,,,,65884.9376260603,,,,,,6.15816293637989,,,,,,,,11.095680308130428,7.166359249289123
HKG,"Hong Kong SAR, China",2022,8.58,,7.34,7.49,9.53,9.66,8.86,,,,,,,,,,,,,64036.6454154727,,,,,,6.20730228677218,,,,,,,,11.067226399031101,-2.8453909099326324
HND,Honduras,1995,6.15,57,6.78,3.33,7.16,8.38,5.2,50,30,,65.5,83.4,,55,,67.8,61,50,50,2555.02622819382,75.1,42.7,55.5,3.1,,39.3566719731516,,,,,,,,7.84620907686646,
HND,Honduras,1996,,56.6,,,,,,50,30,,65.5,82.7,,55,,63.3,63,50,50,3054.15773738434,77,45.2,55.7,2.9,,39.222547610414,,,,,,,,8.024586502804482,17.837742593802197
HND,Honduras,1997,,56,,,,,,50,30,,65.4,82.9,,55,,57.8,63,50,50,3635.98071228428,69.9,36.9,52.7,3.5,,39.0730945283387,,,,,,,,8.198909141779163,17.432263897468125
HND,Honduras,1998,,56.2,,,,,,50,30,,64.8,85.1,,55,,58.3,63,50,50,3950.83498620229,69.1,39.3,57.3,2.2,,38.9216331950986,,,,,,,,8.281935303492546,8.30261617133825
HND,Honduras,1999,,56.7,,,,,,50,30,,65.3,86.9,,55,,60.4,63,50,50,4293.82723059843,70.8,40.1,55.2,2.4,,38.8041030336724,,,,,,,,8.365166607904607,8.323130441206139
HND,Honduras,2000,6.56,57.6,8.23,3.36,7.31,7.5,6.39,50,17,,82.3,86.8,,55,,64.5,63,50,50,4579.68960840984,,,,,,38.6422693573127,,,,,,,,8.429604835295576,6.443822739096916
HND,Honduras,2001,6.61,57,8.21,3.38,7.82,7.52,6.09,30,18,,81.9,86.8,,55,,67.2,73.8,50,50,4578.94787944773,59.9,32.8,55.4,2.5,,38.570243201924,,,,,,,,8.429442897010231,-0.016193828534483146
HND,Honduras,2002,6.85,58.7,8.66,3.36,8.41,7.64,6.19,50,18,,84.4,82.7,,55,,68.6,69.8,50,50,4627.02278723456,65.8,36.6,55.7,2.6,,38.4304315291007,,,,,,,,8.43988501207728,1.0442115067048618
HND,Honduras,2003,6.89,60.4,8.5,3.4,8.53,7.89,6.13,50,27,,84.8,83.6,,55,,74.8,68.4,50,50,4714.86701000971,69.1,40.4,58.1,2.4,,38.1686373873874,,,,,,,,8.458688061516153,1.8803049438872677
HND,Honduras,2004,6.87,55.3,8.51,3.52,8.55,7.6,6.16,30,27,,84.9,79.7,,55,,71.5,70,30,50,4885.34258343422,67.9,39.6,58.1,2.4,25.35,37.9013183373395,,,,,,,,8.494199364675772,3.55113031596197
HND,Honduras,2005,6.91,55.3,8.66,3.63,8.52,7.54,6.21,30,23,,82.2,75.3,,55,44.7,72.2,70.4,30,70,5056.67544412551,66.1,38.2,59.5,1.9,,37.7088205006979,,,,,,,,8.528662258331572,3.4462893655799576
HND,Honduras,2006,7.11,57.4,8.81,3.88,8.59,7.8,6.45,30,23,,82.1,78.5,,55.3,44,72.1,69.4,50,70,5263.15029099578,60.8,34,57.5,2.1,,37.1164161867279,,,,,,,,8.568675023318672,4.001276498710027
HND,Honduras,2007,7.1,59.1,8.63,3.93,8.43,7.9,6.6,30,26,,81.8,82.6,,56.1,44,71.5,79.2,50,70,5461.90151889031,58.5,30.3,55.8,2.8,,34.0418471556523,,,,,,,,8.60573534130486,3.706031798618703
HND,Honduras,2008,7.04,58.9,8.76,3.81,8.05,8.16,6.41,30,25,,84.5,82.6,,59.9,45.4,73.7,78,50,60,5566.70639487722,55.6,28.7,55.5,2.7,,33.709151910425,,,,,,,,8.62473846981884,1.9003128513981338
HND,Honduras,2009,7.02,58.7,8.38,3.69,8.77,7.96,6.31,30,25,,85.1,79.7,,64.4,40.9,73.5,78,50,60,5313.75573967791,52.9,26,51.3,3.3,,35.978419193385,,,,,,,,8.578242332933156,-4.649613688568444
HND,Honduras,2010,7.06,58.3,8.61,3.8,8.97,7.5,6.44,30,26,,84.7,73.5,,63,31.6,70.2,83.7,60,60,5396.07227927744,55.5,27.9,53.1,3.1,,38.0795389925997,,,,,,,,8.593611915020615,1.5369582087458866
HND,Honduras,2011,7.07,58.6,8.69,3.75,8.83,7.6,6.46,30,25,,83.5,85.7,,62.1,29.7,73.2,77,60,60,5488.43371596332,56.2,28.3,52.6,3.1,,37.6645235913782,,,,,,,,8.610580380907164,1.696846588654921
HND,Honduras,2012,7,58.8,8.71,3.4,9.05,7.58,6.28,30,24,,83.7,83.4,,60.6,30,74.1,77.1,65,60,5600.6077605497,61,32.3,53.4,3,,41.1936961676887,,,,,,,,8.630808935616054,2.0228554708889845
HND,Honduras,2013,7.07,58.4,8.63,3.89,9,7.57,6.29,30,26,,85.3,79.2,,61,26.8,73.9,77.1,65,60,5644.13384802045,59.1,29.7,50,3.5,,38.6576886643228,,,,,,,,8.638549187200883,0.7740251584829494
HND,Honduras,2014,7.08,57.1,8.92,4.02,8.76,7.19,6.49,30,23.7,,84.9,79.8,,55.4,26.5,75.1,75.4,60,60,5705.16246265484,58.2,28.7,49.9,3.7,,34.8560347536189,,,,,,,,8.649302003617477,1.0752816416593092
HND,Honduras,2015,7.13,57.4,8.93,3.8,9.07,7.26,6.58,30,26,,84.9,78.7,,53.2,28,75.4,77.6,60,60,5812.5348879105,58,28.6,49.2,3.7,,37.71901349294,,,,,,,,8.667944079279355,1.8642075661878366
HND,Honduras,2016,7.06,57.7,8.93,3.59,9.17,7.19,6.41,30,29,,84.2,72,,58,31,74.8,78.4,60,60,5926.49025534228,55.4,28,49.8,3.2,,33.2358510656352,,,,,,,,8.6873561739639,1.9412094684545522
HND,Honduras,2017,7.05,58.8,8.86,3.7,8.99,7.2,6.48,45,32.2,38.2,83.3,74.7,64.1,56.9,31.2,77.3,78.4,65,60,6099.60734919414,56.4,27.7,49.4,3.4,,36.7326708854113,,,,,,,,8.716143610646755,2.878743668285466
HND,Honduras,2018,7.05,60.6,8.95,3.76,8.97,7.17,6.42,44.3,28.2,34.5,82.8,76.6,87.4,58.5,31.9,73.8,84.4,65,60,6219.27973775059,56.1,27.7,48.9,3.4,,36.45080133154459,,,,,,,,8.735570158636815,1.9426547990059717
HND,Honduras,2019,7.06,60.2,8.96,3.76,9.02,7.17,6.37,43.4,25.3,31,82.8,78.2,95.9,56.9,32,73,79.4,65,60,6264.01884276715,54.5,27,48.2,3.6,,34.8929088629628,,,,,,,,8.742736874950092,0.7166716313276922
HND,Honduras,2020,6.9,61.1,8.75,3.85,8.99,6.58,6.34,48.6,28.6,34.2,82.3,78.2,96.7,56.7,31.5,72.2,79.4,65,60,5603.26398377777,,,,,,35.3839313938655,,,,,,,,8.63128301266038,-11.145386228971255
HND,Honduras,2021,6.89,59.8,8.8,3.86,8.95,6.56,6.3,45.5,29.1,36,82.2,79.3,96.7,48.7,32,71.8,71.8,65,60,6202.98078812037,,,,,,34.9168377354579,,,,,,,,8.732946427599238,10.166341493885866
HND,Honduras,2022,6.92,59.5,8.84,3.95,8.33,7.06,6.44,40.3,25.4,29,82.7,78.7,92.1,56.9,39.1,72.7,71.6,65,60,6352.58710177732,,,,,,34.6280941166055,,,,,,,,8.75677483030966,2.3828402710421415
HRV,Croatia,1995,4.39,,3.32,4.21,4.4,6.95,3.47,,,,,,,,,,,,,16672.8869800255,,,,,,23.6838596899134,,,,,,,,9.72159912073153,
HRV,Croatia,1996,,48,,,,,,50,30,,77.4,50.5,,55,,0,69,50,50,17935.7471290514,,,,,,23.4391218959095,,,,,,,,9.794606799721558,7.300767899002736
HRV,Croatia,1997,,46.7,,,,,,30,50,,74.4,50.5,,55,,0,60.8,50,50,19135.1430174626,,,,,,21.0517421063009,,,,,,,,9.85933413046107,6.472733073951176
HRV,Croatia,1998,,51.7,,,,,,30,50,,68.3,39.5,,55,,61.8,60.8,50,50,19578.0281294785,0.4,0.1,28.7,8.7,7.32,19.4052874817005,,,,,,,,9.882214278973056,2.288014851198561
HRV,Croatia,1999,,53.1,,,,,,30,50,,68.4,38.4,,55,,72.1,63.8,50,50,19495.917248384,4.3,0.4,27.6,9.2,8.46,19.7518470759705,,,,,,,,9.878011642227863,-0.42026367451928337
HRV,Croatia,2000,5.83,53.6,4.22,4.6,7.39,7.32,5.54,30,50,,68.9,41.9,,55,,70,67,50,50,20269.0797228215,3.9,0.3,31.3,8.3,,18.7572582697041,,,,,,,,9.916901172483279,3.888953025541575
HRV,Croatia,2001,6.09,50.7,4.97,4.77,7.51,7.25,5.89,30,27,,66.9,33.7,,55,,71.7,71.6,50,50,21719.5208790779,5.6,0.6,31.1,8.3,,19.2106175671505,,,,,,,,9.986012755301658,6.91115828183797
HRV,Croatia,2002,6.12,51.1,4.83,4.77,7.83,7.24,5.9,30,37,,68.3,25,,55,,75.7,68.8,50,50,22966.4513448603,,,,,,18.8553240835931,,,,,,,,10.041833333709082,5.582057840742394
HRV,Croatia,2003,6.17,53.3,4.66,4.77,7.82,7.64,5.93,30,39,,77.6,28.6,,55,,76.3,72.8,50,50,24238.4073428103,,,,,,17.9954018125196,,,,,,,,10.095734990330325,5.390165662124247
HRV,Croatia,2004,6.21,53.1,4.68,4.85,7.98,7.45,6.06,30,38,,67.3,22.9,,55,,79.5,65.4,50,70,25242.221818037,0.6,0.2,29.7,8.6,7.92,16.8198707280257,,,,,,,,10.136312955816255,4.057796548593018
HRV,Croatia,2005,6.41,51.9,4.94,4.97,8.16,7.75,6.22,30,37,,59.3,26.2,,55,44.3,81.4,65.4,50,70,26300.5927585261,,,,,,15.9313819370963,,,,,,,,10.177384777492792,4.107182167653711
HRV,Croatia,2006,6.45,53.6,4.95,5.24,8.01,7.81,6.2,30,35,,69.6,23.2,,54.5,44.6,81.2,78.4,50,70,27627.2906770322,,,,,,15.0829625243061,,,,,,,,10.226595551256464,4.921077376367222
HRV,Croatia,2007,6.44,53.4,4.82,5.26,7.95,7.88,6.29,30,34,,69.9,24.4,,54.2,44.5,79.3,87.8,50,60,29028.6117628633,,,,,,14.4034346133468,,,,,,,,10.276071683276589,4.947613202012491
HRV,Croatia,2008,6.51,54.1,5.31,5.34,7.61,7.87,6.41,30,34,,68.8,28,,58.5,45.5,78.8,87.6,50,60,29604.8252391198,0.9,0.2,33.7,8,9.97,13.868017725592,,,,,,,,10.295726419568757,1.965473629216774
HRV,Croatia,2009,6.5,55.1,5.02,5.32,8.05,7.85,6.25,30,41,,68.7,31.7,,59.9,43.4,79,87.6,50,60,27617.0423920175,6.3,2.3,32.6,7,9.92,13.7971496126171,,,,,,,,10.226224547985733,-6.9501871583023345
HRV,Croatia,2010,6.78,59.2,5.37,5.9,8.08,7.97,6.56,40,44,,70.3,47.1,,61.5,40.8,75.8,87.8,65,60,27309.9403569214,7.9,2.9,32.4,6.9,6.87,14.0006183454706,,,,,,,,10.215042646570726,-1.118190141500719
HRV,Croatia,2011,7.04,61.1,5.47,5.87,9.34,7.94,6.59,40,41,,74.6,50.3,,65.2,44.1,78.5,87.6,70,60,27374.0014605728,8.8,2.9,32.3,6.9,,13.9205861766417,,,,,,,,10.217385520473059,0.2342873902332343
HRV,Croatia,2012,7.06,60.9,5.45,5.87,9.43,7.99,6.55,40,41,,76.4,45,,63.4,44.4,81.4,87.5,70,60,26888.7519726209,10.3,3.1,32.5,6.9,,13.0006182746613,,,,,,,,10.199500525442792,-1.7884995030266637
HRV,Croatia,2013,7.07,61.3,5.2,5.89,9.62,7.93,6.7,40,40,,75.4,48.7,,63,42.4,81.1,87.5,75,60,27020.5448477635,9.4,3.1,32,7.1,,11.9877155799797,,,,,,,,10.204389784112356,0.4889258669564356
HRV,Croatia,2014,7.19,60.4,5.11,5.9,9.87,8.26,6.79,40,41.1,,69.4,45.8,,61.4,39.4,79.2,87.4,80,60,27076.5700412559,7.9,2.7,32.1,7.1,,11.5533416163129,,,,,,,,10.20646099040236,0.2071206290004568
HRV,Croatia,2015,7.28,61.5,5.42,5.92,9.78,8.37,6.89,40,48,,74.9,46.5,,55.8,42.8,80,87.2,80,60,28037.5488430863,7.5,2.2,31.1,7.3,,11.6176097114994,,,,,,,,10.241335586709656,3.487459630729539
HRV,Croatia,2016,7.29,59.1,5.5,5.87,9.76,8.37,6.93,35,48,,70.8,33.7,,60.3,42.4,78.7,87.4,75,60,29326.3206651786,6,1.9,30.9,7.3,,10.6718427435921,,,,,,,,10.286274806458055,4.493921974839843
HRV,Croatia,2017,7.38,59.4,5.86,5.87,9.7,8.45,7.02,65.5,43.4,56.8,66.8,31.3,44.7,58.2,43.3,80.3,87.4,75,60,30779.9934118108,5.6,1.7,30.4,7.4,,10.1271482605111,,,,,,,,10.334652681459803,4.837787500174784
HRV,Croatia,2018,7.31,61,5.66,5.91,9.54,8.41,7,65.9,40.5,56.5,66,32.5,67.2,58.9,43,79.1,87.4,75,60,32093.9884123169,3.5,1.2,29.7,7.9,,9.65604560814809,,,,,,,,10.376455172702563,4.180249124276081
HRV,Croatia,2019,7.28,61.4,5.44,5.93,9.63,8.42,7,66,38.6,42.9,66.4,33.4,85.4,60.7,44,78.5,86,75,60,33419.3735945034,3.1,0.9,28.9,8,,9.22176837984446,,,,,,,,10.416920980857203,4.04658081546394
HRV,Croatia,2020,7.05,62.2,4.84,5.99,9.58,8.1,6.74,69.9,51,39.6,65.9,34.7,89.1,53.6,44,77.6,86.4,75,60,30917.3690082414,2.7,0.9,29.5,7.9,,8.84463748328568,,,,,,,,10.339105752546878,-7.781522831032461
HRV,Croatia,2021,7.21,63.6,5.48,6.04,9.29,8.39,6.85,68.4,51.4,41.1,79,35.8,89.6,56.2,43.6,78.7,84,75,60,35139.1454691566,2,0.7,28.9,8.2,,8.80305500920385,,,,,,,,10.467099501435326,12.799374888844817
HRV,Croatia,2022,7.07,67.6,5.9,6.17,8.18,8.45,6.63,81.1,50,69.9,82.8,26.3,75.2,72.4,58.7,80.5,79.2,75,60,37930.5840730103,2.4,0.8,30,7.9,,7.98545624115734,,,,,,,,10.543539396874701,7.643989543937479
HTI,Haiti,1995,5.49,43,8.57,2.97,6.3,,5.02,10,10,,78.6,95.5,,40,,52.8,80,10,10,3167.91307649838,,,,,,75.1015070683661,,,,,,,,8.061143929998977,
HTI,Haiti,1996,,41,,,,,,10,10,,78.6,97.7,,40,,47.5,65,10,10,3237.01967477296,,,,,,75.0780778649253,,,,,,,,8.082717210430658,2.1573280431681496
HTI,Haiti,1997,,45.8,,,,,,10,10,,78.7,98.7,,40,,50,65,30,30,3262.4591815691,,,,,,75.3634709680604,,,,,,,,8.090543010434343,0.7825800003685046
HTI,Haiti,1998,,45.7,,,,,,10,10,,78.5,96.6,,40,,54,61.8,30,30,3272.04956439325,,,,,,75.2741540448308,,,,,,,,8.093477417800285,0.2934407365941638
HTI,Haiti,1999,,45.9,,,,,,10,10,,78.4,97.2,,40,,55.8,61.8,30,30,3299.23533948239,,,,,,75.2924506738605,,,,,,,,8.101749059906442,0.8271642106157273
HTI,Haiti,2000,6.2,45.7,7.87,2.83,7.45,6.32,6.78,10,10,,78.3,90.3,,40,,61.4,61.8,30,30,3267.07646816599,,,,,,75.3930259080229,,,,,,,,8.09195685477774,-0.9792205128702491
HTI,Haiti,2001,6.21,47.1,8,2.8,7.65,6.17,6.69,10,10,,78.3,95.7,,40,,64.7,65,30,30,3197.05701086586,93.6,71.5,59,2.6,,75.3357066712702,,,,,,,,8.07029872027248,-2.165813450526066
HTI,Haiti,2002,6.13,47.9,8.05,2.57,7.95,6.26,6,10,10,,78.3,95.7,,40,,67.9,68.8,30,30,3173.73848729607,,,,,,75.3202685631324,,,,,,,,8.062980541728548,-0.7318178543931353
HTI,Haiti,2003,6.11,50.6,8.81,2.59,6.09,6.93,6.22,10,10,,78.4,96.7,,40,,66.7,73.2,30,50,3227.12087860443,,,,,,75.0395622932585,,,,,,,,8.079655475592201,1.6674933863653152
HTI,Haiti,2004,6.11,51.2,8.98,2.3,6.43,6.88,6.02,10,22,,78.2,96.9,,40,,68.7,65,30,50,3130.85551975981,,,,,,74.9213149355952,,,,,,,,8.049380925701769,-3.027454989043221
HTI,Haiti,2005,6.16,48.4,8.64,2.22,7.14,7.36,5.46,10,15,,78.1,96.3,,40,61.9,55.4,67,30,30,3173.26081032717,,,,,,74.7760814993365,,,,,,,,8.062830068576037,1.344914287426846
HTI,Haiti,2006,6.25,49.2,8.65,2.5,7.44,7.4,5.26,10,15,,78,93.2,,36.2,62.2,58.6,79.2,30,30,3174.97622258076,,,,,,74.6181659275564,,,,,,,,8.063370335746042,0.05402671700043271
HTI,Haiti,2007,6.24,51.4,8.23,2.28,8.05,7.52,5.13,10,18,,78,95.2,,38.6,62.6,62.2,79.2,30,40,3268.81890675823,,,,,,74.6181730135559,,,,,,,,8.0924898821615,2.911954641545833
HTI,Haiti,2008,6.27,49,8.18,2.28,7.59,7.64,5.66,10,18,,77.8,93.2,,35.8,62.6,65.3,67,30,30,3300.25849332968,,,,,,74.4893778268514,,,,,,,,8.102059036369768,0.9569154208268316
HTI,Haiti,2009,6.43,50.5,7.72,2.27,8.74,7.6,5.85,10,16,,77.9,93.8,,37.7,61.2,69,79.4,30,30,3437.3806965318,,,,,,74.3632824934881,,,,,,,,8.14275591178797,4.069687541820244
HTI,Haiti,2010,6.11,50.8,7.16,2.21,7.97,7.32,5.92,10,14,,81.5,91.3,,36,69.2,67.1,79.1,30,30,3205.49829961515,,,,,,74.4739764332237,,,,,,,,8.072934748295669,-6.982116349230161
HTI,Haiti,2011,6.06,52.1,7.11,2.2,7.65,7.32,6.03,10,18,,80.9,90.1,,37.5,76.4,73.7,74.8,30,30,3330.99820416355,,,,,,74.2960091125677,,,,,,,,8.111327464320066,3.839271602439709
HTI,Haiti,2012,5.83,50.7,6.99,2.26,6.81,7.45,5.66,10,22,,80.6,85.3,,33.3,65.4,76,74.8,30,30,3296.24782448974,88.2,50.6,41.1,5.5,23.1,74.3008845408301,,,,,,,,8.100843406910414,-1.0484057409652081
HTI,Haiti,2013,6.12,48.1,7.09,2.28,7.48,7.46,6.28,10,18,,80.7,66.3,,33.4,63.6,74.2,74.8,30,30,3387.47180169748,,,,,21.14,74.3712588512168,,,,,,,,8.128134302776004,2.7290895865590414
HTI,Haiti,2014,6.34,48.9,7.17,2.34,7.71,8.19,6.28,10,16.9,,80.3,66.3,,33.3,68.5,73.6,70.4,40,30,3434.63597400578,,,,,,74.1162374859301,,,,,,,,8.141957332790149,1.3823030014144422
HTI,Haiti,2015,6.26,51.3,7.36,2.33,7.28,8.03,6.3,10,19,,80.3,76.2,,43.1,63.7,73.5,77.6,40,30,3433.07529240973,,,,,,74.1410746225615,,,,,,,,8.141502966787744,-0.04543660024047824
HTI,Haiti,2016,6.12,51.3,7.7,2.35,6.5,7.72,6.34,10,19,,80.5,76.4,,47.1,62,76,72,40,30,3446.75276647872,,,,,,74.2662721405128,,,,,,,,8.145477925755321,0.3974958967576825
HTI,Haiti,2017,6.06,49.6,7.73,2.33,6.3,7.69,6.25,12.6,19.1,25.1,80.3,81,51.8,49.4,62.1,73.8,70.6,40,30,3485.4923470131,,,,,,74.3271418647626,,,,,,,,8.156651451624409,1.1173525869088152
HTI,Haiti,2018,6.06,55.8,7.83,2.23,6.39,7.63,6.21,25.1,24.6,42.5,80.1,85.6,83.6,48.3,64.1,68.9,71.9,45,30,3496.87870320748,,,,,,74.2253622572215,,,,,,,,8.159911978936005,0.32605273115962063
HTI,Haiti,2019,6.17,52.7,9,2.24,5.75,7.63,6.24,10.4,20.3,25.3,79.9,88.3,95.9,36.2,62.6,66.5,72,45,30,3392.43263210456,,,,,,74.2860616254666,,,,,,,,8.129597263907437,-3.031471502856853
HTI,Haiti,2020,6.08,52.3,8.48,2.25,5.56,7.93,6.18,16.4,22.3,23.3,80.2,89.4,96.3,33.6,62.3,61.5,67,45,30,3239.83543441301,,,,,,76.6037161425185,,,,,,,,8.083586425676216,-4.601083823122032
HTI,Haiti,2021,5.88,50.8,8.2,2.05,6.01,7.22,5.93,12.6,22,15.1,80.2,91.3,92.9,33,62.1,59.7,65.4,45,30,3145.00681057269,,,,,,75.9970956770557,,,,,,,,8.053889248451446,-2.96971772247705
HTI,Haiti,2022,5.8,50,8.73,1.94,4.9,7.56,5.85,24.1,14.3,18.6,81.5,97,94.8,33.5,54.7,56.2,65.4,30,30,3057.42840826502,,,,,,75.8901629589997,,,,,,,,8.02565647094259,-2.8232777508856444
HUN,Hungary,1995,6.66,55.2,6.64,6.65,5.87,8.75,5.81,70,50,,46.8,0,,85,,64.2,61,70,50,18977.2437047366,,,,,,13.0554644693482,,,,,,,,9.851048533885367,
HUN,Hungary,1996,,56.8,,,,,,70,50,,55.8,0,,70,,66.6,59,70,70,19029.1137284914,,,,,,13.9695090029513,,,,,,,,9.853777936546189,0.2729402660822444
HUN,Hungary,1997,,55.3,,,,,,70,41,,54.4,0,,70,,63,59,70,70,19635.2949600537,,,,,,13.6609930830544,,,,,,,,9.885134916457142,3.1356979910952987
HUN,Hungary,1998,,56.9,,,,,,70,49,,55.7,2.9,,70,,63.8,61,70,70,20438.3829550506,23.2,5.1,26.4,9.6,6.01,12.4369211179833,,,,,,,,9.9252188557529,4.00839392957586
HUN,Hungary,1999,,59.6,,,,,,70,52,,62.6,12.8,,70,,66.3,63.2,70,70,21128.8884639402,15.7,3.8,30.2,8.5,5.62,12.1713204246629,,,,,,,,9.958443832032053,3.322497627915233
HUN,Hungary,2000,6.94,64.4,6.8,6.34,6.74,7.73,7.15,70,50,,63.9,39.3,,70,,69.6,76.6,70,70,22117.9204303193,21.7,4.7,27.2,9.5,6.43,11.7720507787043,,,,,,,,10.00418864930599,4.574481727393653
HUN,Hungary,2001,7.33,65.6,6.67,6.28,8.21,8.64,6.92,70,52,,65.7,41.9,,70,,73.3,77.8,70,70,23069.2114730987,14.4,3.1,26.9,9.4,8.62,11.2951864596933,,,,,,,,10.04629751771004,4.2108868404049815
HUN,Hungary,2002,7.13,64.5,5.6,6.26,8.8,8.52,6.51,70,52,,65.5,28,,70,,74.7,80,70,70,24229.2953575981,13.7,2.6,26.8,9.5,8.66,10.5762306310753,,,,,,,,10.095359003484445,4.906148577440561
HUN,Hungary,2003,7.2,63,5.77,6.23,8.9,8.5,6.66,70,53,,65.6,22.3,,70,,70.6,76,70,70,25255.8711300567,13.9,3.2,30.9,8.2,11.33,10.1423410907066,,,,,,,,10.136853521647138,4.149451816269334
HUN,Hungary,2004,7.29,62.7,5.81,6.19,8.65,8.8,7.03,70,49,,65.6,20.1,,70,,73.7,76,70,70,26568.118861864,9.4,2.2,29.9,8.3,10.9,10.8975216045522,,,,,,,,10.187504875308361,5.06513536612232
HUN,Hungary,2005,7.27,63.5,5.69,6.33,9.07,8.33,6.98,70,48,,67.9,25.6,,70,68.2,75.6,70,70,70,27765.7886146197,10.4,3.2,34.7,7.1,10.62,10.2699183572201,,,,,,,,10.231595931360243,4.409105605188124
HUN,Hungary,2006,7.17,65,5.32,6.38,8.96,8.55,6.69,70,48,,68.2,27.1,,70.8,69.5,74.3,82.4,70,70,28903.0475407078,7,1.5,28.3,8.7,10.07,9.48070822762486,,,,,,,,10.271736917605663,4.014098624542051
HUN,Hungary,2007,7.21,64.8,5.67,6.43,8.62,8.46,6.93,70,50,,68.8,26.8,,70.2,68.7,76.6,86.6,70,60,29044.0669021254,6.9,1.5,27.9,8.7,12.26,9.21965092958627,,,,,,,,10.276603933819587,0.4867016213923492
HUN,Hungary,2008,7.25,67.6,5.8,6.29,8.84,8.42,6.97,70,52,,70,26.5,,74.4,70.3,77.2,86,80,70,29384.0070385818,6.7,1.3,27.5,8.8,,8.95036470118331,,,,,,,,10.288239858576475,1.1635924756888016
HUN,Hungary,2009,7.36,66.8,5.72,6.46,9.04,8.51,7.1,70,53,,70.6,19.2,,77.4,68.4,73.8,85.8,80,70,27445.959458479,7.7,1.5,27,8.9,,9.24881021352248,,,,,,,,10.220010674262683,-6.8229184313791436
HUN,Hungary,2010,7.43,66.1,5.8,6.39,9.09,8.3,7.58,65,51,,68.6,25.9,,76.8,67.6,74.1,87.5,75,70,27801.833816111,9,2,29.4,8.2,,8.99367488544888,,,,,,,,10.232893230314955,1.2882556052272065
HUN,Hungary,2011,7.48,66.6,6.26,6.26,9.24,8.18,7.44,65,51,,69.7,27.4,,76.5,67.7,75.9,87.6,75,70,28415.1173442897,8.7,2.1,29.2,8.1,,8.88482226101472,,,,,,,,10.25471177529807,2.1818544983114307
HUN,Hungary,2012,7.49,67.1,6.12,6.4,9.24,8.13,7.58,70,47,,78.6,24.4,,79.8,67.6,76.1,87.1,70,70,28179.656464434,11.6,3.1,30.8,7.6,,8.57322785868027,,,,,,,,10.246391080583537,-0.8320694714532451
HUN,Hungary,2013,7.45,67.3,5.9,6.43,9.64,8.14,7.16,65,46,,79.7,29.7,,79.1,64.4,77.1,86.8,75,70,28891.0217544976,10.6,2.9,31.5,7.6,,8.22615819824329,,,,,,,,10.271320772129668,2.4929691546130783
HUN,Hungary,2014,7.53,67,5.84,6.37,9.84,8.63,6.98,60,48.6,,81.1,26.8,,79.3,65.7,75.6,87.8,75,70,30264.9492302161,8.3,2.5,30.9,7.6,,8.2269109386475,,,,,,,,10.317778571792848,4.645779966318031
HUN,Hungary,2015,7.44,66.8,5.54,6.28,9.78,8.5,7.09,55,54,,78.7,25.9,,74.5,67.7,79.2,88,75,70,31485.5675425634,6.4,2,30.4,7.8,,7.9433525620706,,,,,,,,10.357316306647572,3.9537734854723894
HUN,Hungary,2016,7.59,66,6.41,6.25,9.7,8.51,7.05,45,54,,78.7,26.7,,70.6,63.8,88.3,88,75,70,32378.9674983075,4.3,2.1,30.3,8,,7.80260431139358,,,,,,,,10.38529522347286,2.7978916825288636
HUN,Hungary,2017,7.48,65.8,6.15,6.27,9.38,8.59,7.02,60.1,41.5,51.8,79.3,25.3,79.3,64,64.4,91.7,87,75,70,33828.714942571,4.9,2,30.6,7.9,,7.41959045405206,,,,,,,,10.42909483556636,4.379961209349936
HUN,Hungary,2018,7.41,66.7,5.91,6.31,9.29,8.56,6.99,57.6,36.4,57.1,78.6,29.4,82.4,61.8,68.7,91.6,86.9,80,70,35798.0412754022,,,,,,7.46304866328812,,,,,,,,10.485676392013502,5.658155644714213
HUN,Hungary,2019,7.41,65,5.93,6.3,9.21,8.58,7.03,60.9,35.3,45.2,78.6,31.7,85,61.1,64.7,81.8,86,80,70,37662.67681014,,,,,,7.59197535786575,,,,,,,,10.536451429153923,5.077503714042031
HUN,Hungary,2020,7.19,66.4,5.89,6.35,9.02,8.04,6.64,64.8,47.5,45.7,79.9,34.5,83.6,60.2,64.6,79.9,86.4,80,70,36119.5211735652,,,,,,8.50370240076879,,,,,,,,10.494616436373812,-4.183499278011027
HUN,Hungary,2021,7.31,67.2,6.01,6.4,8.85,8.62,6.64,65.6,48.7,52.4,83.6,35,83.3,59.9,64.8,78.8,84,80,70,38887.1909527154,,,,,,8.73187142313432,,,,,,,,10.568445909038154,7.382947266434137
HUN,Hungary,2022,7.12,66.9,6.23,6.38,7.61,8.7,6.66,75.8,44.4,62.2,84.1,31.6,58.4,77.2,61.2,78.5,79.2,80,70,40610.9711368238,,,,,,8.5430435426258,,,,,,,,10.611818157715252,4.337224867709821
IDN,Indonesia,1995,6.02,54.9,8.01,3.23,8.84,6,4.27,50,10,,73.1,89.7,,55,,70.9,45,50,50,6312.93453561158,,,,,,65.1849755602467,,,,,,,,8.750514300931718,
IDN,Indonesia,1996,,61,,,,,,50,10,,80,90,,55,,71.3,73,70,50,6695.40975787395,96.9,65.9,34.2,8.4,,64.678897242172,,,,,,,,8.809326804722629,5.881250379091085
IDN,Indonesia,1997,,62,,,,,,50,19,,79.9,90.3,,55,,70.8,73,70,50,6897.00236563331,,,,,,63.1477030001288,,,,,,,,8.838987136441538,2.9660331718909916
IDN,Indonesia,1998,,63.4,,,,,,50,27,,80.1,94.3,,55,,71.7,73,70,50,5897.68530859207,99.1,73.8,30.9,9,,65.7235198574139,,,,,,,,8.682484776011538,-15.650236043000021
IDN,Indonesia,1999,,61.5,,,,,,50,27,,80,95.4,,55,,73.3,73,70,30,5855.65800744994,97.9,65.4,30.8,9.2,30.81,64.3603539782223,,,,,,,,8.67533441398888,-0.7150362022658285
IDN,Indonesia,2000,5.93,55.2,8.07,3.45,6.21,7.08,4.82,50,20,,79.7,76.5,,55,,49.4,66,70,30,6056.38197842165,97.6,65,30.3,9.2,29.04,65.2215913974887,,,,,,,,8.70903296895513,3.369855496625007
IDN,Indonesia,2001,5.62,52.5,8.04,3.42,5.55,7.15,3.97,30,17,,80.4,86.8,,55,,56.2,67.2,50,30,6190.51954040991,96.8,63.3,31.2,9.1,47.53,61.2868273427186,,,,,,,,8.730935818655974,2.1902849700843774
IDN,Indonesia,2002,5.83,54.8,7.9,3.67,6,7.14,4.46,30,17,,79.4,86.8,,55,,72.4,72.6,50,30,6381.94955179996,94.9,56.6,30.2,9.5,43.15,61.131963923336,,,,,,,,8.76138558169983,3.0449763043856493
IDN,Indonesia,2003,6.16,55.8,7.72,4.03,7.17,7.32,4.54,30,19,,77.5,91.1,,55,,74.6,74.6,50,30,6599.09193597034,95.4,56.1,29.3,9.4,,62.9116193648706,,,,,,,,8.794838857609976,3.345327591014602
IDN,Indonesia,2004,6.17,52.1,7.76,3.95,7.26,7.29,4.6,30,19,,77.5,84.4,,55,,68.9,74.2,30,30,6843.54654972364,94.8,56.1,30.4,9,41.8,61.2540804454991,,,,,,,,8.831207490053224,3.6368632443247506
IDN,Indonesia,2005,6.37,52.9,8.09,4.02,6.98,7.13,5.67,30,19,,77.5,90,,55,49.1,71.7,77.2,30,30,7140.8545640704,94.6,54.4,29.9,9.2,39.19,59.0840304698408,,,,,,,,8.873727764473294,4.252027442007034
IDN,Indonesia,2006,6.4,51.9,8.18,4.06,6.6,7.52,5.67,30,20,,77.3,86,,46.6,51,73.6,74.6,30,30,7434.48785352221,95.3,56.8,31.5,8.7,37.81,58.5840765475942,,,,,,,,8.9140194725482509,4.0291708074956745
IDN,Indonesia,2007,6.51,53.2,8.18,4.13,7.19,7.45,5.64,30,22,,77.5,89.1,,48.2,50.1,70.9,74,30,40,7802.46406905954,92.6,52.9,33.2,8.4,38.04,58.9807598305453,,,,,,,,8.962323025507285,4.830355295903388
IDN,Indonesia,2008,6.41,53.2,8.05,4.26,6.86,7.37,5.55,30,24,,77.5,89.7,,49.1,50.3,68.2,73,30,40,8165.06155116624,92.4,51.6,32.6,8.5,,58.4621702981627,,,,,,,,9.007742009343918,4.541898383663323
IDN,Indonesia,2009,6.5,53.4,8.16,4.24,7.21,7.34,5.59,30,23,,77.5,88,,46.7,50.9,71.6,76.4,30,40,8435.4557468629,92.1,51.6,33.4,8.4,32.67,58.3681793495205,,,,,,,,9.040317564186704,3.2575554842786403
IDN,Indonesia,2010,6.81,55.5,8.4,4.24,8.55,7.08,5.81,30,26,,81.9,89.1,,53.1,50.8,70.8,77.9,35,40,8848.22473702066,88.9,47.7,34.6,8.1,31.77,57.2529873177426,,,,,,,,9.088085133828192,4.7767569641488095
IDN,Indonesia,2011,6.78,56,8.32,4.29,8.51,6.98,5.81,30,28,,83,88.9,,54.9,51.8,74.3,73.8,35,40,9274.96955181702,85.8,45.2,37.9,7.5,30.59,54.1008956470533,,,,,,,,9.135182415900976,4.709728207278374
IDN,Indonesia,2012,6.79,56.4,8.27,4.33,8.6,7,5.74,30,28,,83.5,91.6,,54.6,52.1,75.2,73.9,35,40,9708.61182531081,84.7,42.8,37.1,7.7,29.14,51.2865487748644,,,,,,,,9.180871583690275,4.568916778929832
IDN,Indonesia,2013,6.8,56.9,8.28,4.36,8.72,6.99,5.66,30,30,,83.4,89.2,,50.2,50.8,75.5,75,35,50,10121.8141535043,82.6,42.2,38.9,7.4,30.15,50.8849119430324,,,,,,,,9.222546982594338,4.167539890406324
IDN,Indonesia,2014,6.85,58.5,8.28,4.39,8.75,7.14,5.67,30,28,,83.4,89.8,,54.8,47.8,76.4,74.8,40,60,10504.3869411088,82,41.1,38.8,7.4,31.41,50.4491195071174,,,,,,,,9.25964344659492,3.7096464000581975
IDN,Indonesia,2015,6.9,58.1,8.43,4.46,8.83,7.07,5.69,30,32,,83.3,88.3,,49.3,48.7,74.9,74.8,40,60,10893.6621142169,81.9,39.6,38.2,7.4,32.96,48.2113835792613,,,,,,,,9.296028233976001,3.6384787381081196
IDN,Indonesia,2016,7.06,59.4,8.56,4.67,9.23,7.06,5.75,30,34,,83.4,89,,54,49.3,74.3,80.4,40,60,11319.6634287738,77.5,35.9,36.9,7.4,32.03,48.3329217166956,,,,,,,,9.334384956822001,3.8356722846000224
IDN,Indonesia,2017,7.08,61.9,8.56,4.69,9.27,7.12,5.76,48.3,44.7,39.3,83.6,89.9,90.1,49.1,48.9,74,80.5,35,60,11772.5743296107,74.1,33,36.4,7.4,30.74,48.4921518603942,,,,,,,,9.373612835512768,3.9227878690766715
IDN,Indonesia,2018,7.11,64.2,8.54,4.68,9.39,7.18,5.76,49.3,42.8,45.2,83.7,90.7,89.4,57.3,50.3,81.6,80.5,40,60,12262.2310300771,71.2,30.7,36.3,7.4,28.43,49.1211021884397,,,,,,,,9.414360717189643,4.074788167687515
IDN,Indonesia,2019,7.1,65.8,8.42,4.65,9.45,7.18,5.82,52.2,39.5,53.5,83.7,91.4,88.1,69.3,49.3,77.4,79.8,45,60,12757.7850854842,70.4,29.6,35.4,7.6,25.91,49.138303631225,,,,,,,,9.453975339629412,3.961462243976932
IDN,Indonesia,2020,6.91,67.2,8.22,4.66,9.41,6.56,5.71,59.8,37.2,56.2,83.4,91.7,90.2,70,49.2,78.4,80.8,50,60,12388.5449268131,69.4,28.6,35.3,7.6,28.39,50.3136526573599,,,,,,,,9.424608244877884,-2.93670947515281
IDN,Indonesia,2021,6.94,66.9,8.41,4.58,9.33,6.52,5.86,59.4,39.1,48.9,83.7,91.8,90.7,71.3,49.2,79,79.2,50,60,12757.0746440204,68.5,27.3,35.5,7.6,27.63,49.9031597347253,,,,,,,,9.453919655546692,2.931141066880727
IDN,Indonesia,2022,6.96,64.4,8.51,4.53,8.92,7.04,5.81,38.6,39.9,43.2,85.3,91.2,80.1,66.6,59.3,80.3,78.6,50,60,13334.2653947637,70.3,27.6,35.5,7.8,26.12,50.2806596863492,,,,,,,,9.498167338537582,4.424768299089088
IND,India,1995,5.53,45.1,6.41,5.28,6.48,3.94,5.33,50,10,,46.8,92.4,,55,,71.7,0,50,30,2542.42211133345,,,,,,84.955461234921,,,,,,,,7.841265741161128,
IND,India,1996,,47.4,,,,,,50,10,,63.5,88.7,,55,,65.6,14,50,30,2680.27888437082,,,,,,84.6833073973745,,,,,,,,7.894049155344016,5.278341418288779
IND,India,1997,,49.7,,,,,,50,28,,67.1,88.7,,55,,65.1,13.2,50,30,2734.52089133672,,,,,,84.449653662153,,,,,,,,7.914077150592876,2.002799524886001
IND,India,1998,,49.7,,,,,,50,26,,67.1,89.7,,55,,65.6,13.2,50,30,2847.96234988663,,,,,,84.2391985438184,,,,,,,,7.954710119207578,4.063296861470267
IND,India,1999,,50.2,,,,,,50,28,,77.8,90.6,,55,,67.2,24,30,30,3041.48258556057,,,,,,84.0003167017918,,,,,,,,8.02042910111829,6.571898191071224
IND,India,2000,6.14,47.4,7.36,4.75,6.52,5.85,6.26,50,29,,76.6,73,,55,,63.7,19.6,30,30,3099.5028215766,,,,,36.63,83.7213535927474,,,,,,,,8.039319577828739,1.8890476710447857
IND,India,2001,6.1,49,7.56,4.7,6.58,5.98,5.67,50,29,,77,76.5,,55,,68.2,25.6,30,30,3188.81024020636,,,,,36.38,83.6831549521375,,,,,,,,8.06771670818081,2.8397130352072253
IND,India,2002,6.12,51.2,7.33,4.86,6.53,6.01,5.84,50,28,,76.7,78.1,,55,,70.8,21.8,50,30,3250.69565544917,,,,,,83.5942517249853,,,,,,,,8.086931879402925,1.921517122211469
IND,India,2003,6.21,51.2,7.38,4.88,6.76,6.1,5.95,50,27,,76.6,71.9,,55,,77.6,23,50,30,3445.92592352395,,,,,33.04,83.5026779976243,,,,,,,,8.145238076156547,5.830619675362136
IND,India,2004,6.11,51.5,7.09,5.13,6.75,5.66,5.94,50,27,,74.2,77.1,,55,,77,23.6,50,30,3656.12620652098,96.3,57.2,27.7,10,32.4,83.3099974655237,,,,,,,,8.204432928497557,5.919485234100996
IND,India,2005,6.28,54.2,7.43,5.32,6.68,6.03,5.97,50,28,,75.6,76.3,,55,61.7,77.4,38,50,30,3881.9661798273,,,,,,83.1538717115951,,,,,,,,8.264354619888767,5.9921691391210175
IND,India,2006,6.1,52.2,7.35,5.24,6.32,6.2,5.39,50,28,,76.1,74.6,,49.6,62.3,77.6,24,50,30,4129.77837009239,,,,,34.84,82.926212328015,,,,,,,,8.32622113553206,6.18665156432936
IND,India,2007,6.11,53.9,7.53,5.23,6.24,6.14,5.43,50,29,,76,71.4,,50.8,63.2,77.2,51.2,40,30,4379.69604361151,,,,,30.18,82.7394429147281,,,,,,,,8.384962904811545,5.874176927948405
IND,India,2008,6.03,54.1,7.32,5.22,5.96,6.29,5.38,50,33,,75.7,73.5,,50.9,66.5,70.3,51,40,30,4450.39022919238,,,,,,82.6359919103452,,,,,,,,8.400971737424582,1.6008832613037427
IND,India,2009,5.97,54.4,7.22,5.14,5.66,6.3,5.52,50,35,,73.8,77.8,,54.4,62.3,69.3,51,30,40,4731.36160463896,95,52.5,27.8,10,34.01,82.4804895935204,,,,,,,,8.462179639050795,6.120790162621326
IND,India,2010,5.95,53.8,7.38,5.07,5.45,6.11,5.73,50,34,,73.4,76.1,,36.3,57.7,67.5,67.9,35,40,5059.2827108398,,,,,,82.312286141453,,,,,,,,8.529177632428215,6.699799337742007
IND,India,2011,6.12,54.6,7.62,5.11,5.83,6.13,5.93,50,34,,75.4,77.8,,36.9,67.2,65.1,64.2,35,40,5249.54925694026,92.5,48.1,28.8,9.7,34.8,80.9697610878916,,,,,,,,8.566087970482913,3.691033805469779
IND,India,2012,6.11,54.6,7.76,5.1,5.95,6.04,5.71,50,33,,76.1,74.8,,35.5,74.2,62.9,64.1,35,40,5460.43768570052,,,,,,79.6487446201012,,,,,,,,8.605467346477688,3.9379375994775145
IND,India,2013,6.1,55.2,7.72,5.03,5.84,6.01,5.91,50,31,,78.3,77.9,,37.3,73.6,65.3,63.6,35,40,5732.24189090876,,,,,,79.0944024401267,,,,,,,,8.654036424746144,4.856907826845536
IND,India,2014,5.99,55.7,7.61,4.99,6.25,5.32,5.8,50,31.5,,79.4,77.8,,37.7,74,65.5,65.6,35,40,6079.84393523695,,,,,,78.5181807246357,,,,,,,,8.712898770465326,5.8862345719182585
IND,India,2015,6.3,54.6,7.56,5.13,7.59,5.36,5.85,55,36,,79.4,78.3,,43.3,48.7,65.3,64.6,35,40,6488.14602910787,,,,,,77.8760454344934,,,,,,,,8.777886218468412,6.498744800308565
IND,India,2016,6.39,56.2,7.66,5.15,7.82,5.39,5.93,55,38,,77.1,78.1,,47.6,47.8,72.8,71,35,40,6940.62588857522,,,,,,77.2156141688909,,,,,,,,8.845291303954752,6.740508548634061
IND,India,2017,6.61,52.6,7.59,5.13,8.12,6.15,6.06,55.4,44.3,44.4,77.2,77.4,11,52.8,41.6,75,72.6,40,40,7326.60693679859,,,,,,76.5180932398501,,,,,,,,8.899404266378058,5.411296242330543
IND,India,2018,6.57,54.5,7.41,5.28,8,6.19,5.96,55.4,47.2,54.3,79.4,77.7,13.2,56.4,41.8,75.9,72.4,40,40,7714.33974724531,,,,,,75.8131257799368,,,,,,,,8.950965801059706,5.156153468164781
IND,India,2019,6.56,55.2,7.6,5.24,7.71,6.21,6.07,57.3,47.8,61.6,79.4,77.3,14.7,57.1,41.8,72.4,72.4,40,40,7930.0911303899,,,,,,75.2031954710256,,,,,,,,8.978545900420773,2.758009936106731
IND,India,2020,6.62,56.5,7.68,5.3,7.77,6.27,6.09,63,47.2,64.1,79.4,77.9,13.1,65.6,41.2,73,73.4,40,40,7399.53068079041,,,,,,75.0761774925483,,,,,,,,8.909306990241289,-6.923891017948414
IND,India,2021,6.57,56.5,7.68,5.28,7.71,6.18,6.02,59.2,48.1,55.9,78.7,78.5,18,76.7,41.3,72.1,69.4,40,40,8050.01857452664,,,,,,74.5533066565003,,,,,,,,8.993553893405336,8.424690316404693
IND,India,2022,6.58,53.9,7.73,5.29,7.51,6.18,6.17,49.9,42.4,51.5,79.5,76.2,4,63.9,58.2,70,71,40,40,8594.39190499879,82.1,31.1,25.5,10.4,22.27,74.0023374256774,,,,,,,,9.058981513635942,6.542762023060611
IRL,Ireland,1995,7.95,68.5,6.15,7.99,9.6,8.18,7.75,90,50,,49.1,38.7,,85,,86.1,77.8,70,70,36094.7616757114,4,0.8,37,6.9,,19.0156521318077,,,,,,,,10.493930732323506,
IRL,Ireland,1996,,68.5,,,,,,90,50,,49.1,39,,85,,85.6,77.8,70,70,38452.9454979361,2.5,0.7,35.6,7.2,,17.7912498867739,,,,,,,,10.55721658339982,6.32858510763139
IRL,Ireland,1997,,72.6,,,,,,90,84,,49.9,41.1,,85,,85.2,77.8,70,70,42265.1652200505,,,,,,17.5505289542835,,,,,,,,10.651742168367845,9.45255849680251
IRL,Ireland,1998,,73.7,,,,,,90,85,,51.8,48.3,,85,,86.1,77.8,70,70,45493.1692570651,,,,,,17.0046293238903,,,,,,,,10.725339448530988,7.359728016314371
IRL,Ireland,1999,,74.6,,,,,,90,83,,55.9,53,,85,,87.1,77.8,70,70,49719.8847973285,,,,,7.23,15.9746701810869,,,,,,,,10.814180341068248,8.884089253725946
IRL,Ireland,2000,8.18,76.1,6.45,7.88,9.15,9.54,7.92,90,82,,60.6,63.3,,85,,85.8,78,70,70,53675.0054596933,0.7,0.3,33,7.9,,15.6624302375989,,,,,,,,10.890721354936568,7.654101386832046
IRL,Ireland,2001,8.09,81.2,6.28,7.78,9.32,9.52,7.6,90,77,,63,71.2,,85,,86.6,78,90,90,55630.1013273441,,,,,,14.8643313778261,,,,,,,,10.9264977002371,3.577634530053153
IRL,Ireland,2002,8.08,80.5,6.15,7.68,9.41,9.43,7.76,90,72,,66.5,69.3,,85,,81.8,79.6,90,90,57927.488372311,1.5,0.6,32.3,7.7,,14.4576145668155,,,,,,,,10.966964569711047,4.04668694739474
IRL,Ireland,2003,8.16,80.9,6.26,7.77,9.48,9.4,7.95,90,75,,69.4,66.3,,85,,81.2,81.4,90,90,58709.1544464475,0.7,0.3,32.9,7.7,,14.1613620854445,,,,,,,,10.980367979721565,1.3403410010518257
IRL,Ireland,2004,8.21,80.3,6.22,7.87,9.6,9.37,8.03,90,69,,71.8,66.3,,85,,81.1,79.8,90,90,61558.5783140852,0.7,0.2,33.6,7.6,,14.2393100476434,,,,,,,,11.027760737930738,4.739275820917221
IRL,Ireland,2005,8.28,80.8,6.85,7.94,9.53,9.07,8.04,90,75,,72.6,64.5,,85,78.2,82.5,80.2,90,90,63689.0843530779,0.3,0.1,33.8,7.7,,13.7331101192986,,,,,,,,11.061784167796594,3.402342986585616
IRL,Ireland,2006,8.22,82.2,6.72,7.96,9.28,9.15,7.98,90,75,,72,64.7,,93.7,79.6,84.4,82.4,90,90,65087.1804631559,0.7,0.4,32.7,7.9,,12.7603217452712,,,,,,,,11.083498252006956,2.171408421036247
IRL,Ireland,2007,8.2,82.6,6.59,8.03,9.27,9.21,7.94,90,74,,71.7,65.9,,92.1,80.6,85.3,86.6,90,90,66590.1938973457,0.6,0.3,31.9,8.2,,12.7678014329663,,,,,,,,11.10632762402257,2.2829372015614524
IRL,Ireland,2008,8.05,82.5,6.12,8.1,9.26,9.17,7.59,90,74,,71.5,64.5,,93,81.1,84.9,86,90,90,62320.66630649,1,0.5,30.9,8.2,,13.187599146655,,,,,,,,11.040064418096197,-6.626320592637391
IRL,Ireland,2009,7.84,82.2,5.95,8.1,8.82,9.2,7.15,90,75,,69.2,64.9,,93,79.7,84.3,85.8,90,90,58547.2673956109,1.8,0.9,32.7,7.7,6.15,13.8461844286023,,,,,,,,10.977606776711173,-6.245764138502352
IRL,Ireland,2010,7.96,81.3,5.83,8.06,9.29,8.93,7.71,90,77,,71.1,61.8,,92.8,79,79,87.5,95,80,59209.0996763251,2,1,32.3,7.6,,13.6661907552652,,,,,,,,10.988847408961748,1.1240632250574478
IRL,Ireland,2011,8.06,78.7,6.11,8.17,9.45,8.87,7.68,90,80,,72.1,47.1,,92,77.5,80.7,87.6,90,70,59899.917652844,1.9,0.9,32.9,7.5,,13.3089360097293,,,,,,,,11.000447103733173,1.1599694771424751
IRL,Ireland,2012,8.12,76.9,6.03,8.19,9.57,8.83,7.98,90,80,,73.9,30.4,,92.8,78.4,76.7,87.1,90,70,59405.0460751524,1.6,0.7,33.2,7.5,,13.3746128384756,,,,,,,,10.992151285947893,-0.829581778527988
IRL,Ireland,2013,8.17,75.7,6.13,8.2,9.46,8.85,8.19,90,75,,73.8,28.8,,83.4,76.6,82.8,86.8,90,70,60388.9413147986,1.9,1,33.5,7.3,,13.5247263063636,,,,,,,,11.008577835531291,1.6426549583398398
IRL,Ireland,2014,8.27,76.2,6.27,8.21,9.67,8.93,8.25,90,74.8,,74,30.6,,83.4,79.5,81.7,87.8,90,70,65575.8061665793,1.3,0.7,31.9,7.9,,13.2999035893015,,,,,,,,11.090977347879653,8.239951234836163
IRL,Ireland,2015,8.41,76.6,6.61,8.22,9.63,9.1,8.49,85,72,,73.6,45.6,,82.1,76.2,83.9,88,90,70,80954.6619818255,0.9,0.6,31.8,8,,12.6909769854007,,,,,,,,11.301656900845416,21.06795529657628
IRL,Ireland,2016,8.29,77.3,6.61,8.11,9.26,9.02,8.46,90,74,,73.6,50.3,,79.6,72.1,85.5,88,90,70,80899.0223207227,0.9,0.5,32.8,7.9,,12.3640913280025,,,,,,,,11.300969378951645,-0.06875218937700822
IRL,Ireland,2017,8.12,76.7,6.48,7.9,9,8.97,8.26,85.8,78.3,78.3,72.7,57.1,60.3,80.3,73.6,87.6,87,90,70,87882.7074355024,0.6,0.3,31.4,8.4,,11.5395453541863,,,,,,,,11.383769713085949,8.28003341343031
IRL,Ireland,2018,8.2,80.4,6.61,7.85,9.28,8.95,8.3,87.7,79,79,76.1,69.6,80.8,81.8,76.4,87.4,86.9,90,70,93276.0188154012,0.1,0.1,30.6,8.7,,11.0215666626018,,,,,,,,11.443329041547457,5.95593284615088
IRL,Ireland,2019,8.22,80.5,6.62,7.82,9.36,8.99,8.3,85.8,78,68.4,76.3,77.4,89,83.1,75.3,87,86,90,70,96371.2910180182,0.2,0.1,30.3,8.8,,10.4161694658268,,,,,,,,11.475974001708115,3.2644960160657988
IRL,Ireland,2020,7.92,80.9,6.2,7.87,9.02,8.44,8.06,86.6,82.8,64.4,76.4,78.8,91.4,82.7,75.9,85.3,86.4,90,70,101968.554362011,0.2,0.2,29.2,9,,10.7652647552293,,,,,,,,11.532429561063452,5.645555935533686
IRL,Ireland,2021,8.12,81.4,6.51,7.88,9.06,8.97,8.2,86,82,72.4,76.6,81.1,93.1,81.5,76.1,84.4,84,90,70,116903.61243517,0.3,0.2,29.4,9,,10.5248396601086,,,,,,,,11.66911360292789,13.668404186443794
IRL,Ireland,2022,8.02,82,6.33,7.88,8.63,8.98,8.29,92.6,80.7,93,76.5,79.9,89,87.2,60.9,85.2,79.2,90,70,123219.076059494,0.3,0.2,29.9,8.9,,10.1821687637063,,,,,,,,11.721727271834188,5.261366890629837
IRN,"Iran, Islamic Rep.",1995,3.8,,5.32,3.45,4.57,3.25,2.5,,,,,,,,,,,,,10465.0259592685,,,,,,44.031043180243,,,,,,,,9.25588966727195,
IRN,Iran,1996,,36.1,,,,,,10,10,,41.5,92.1,,55,,51.3,45,10,10,11010.0094976248,,,,,,43.9233674389136,,,,,,,,9.306650914671097,5.076124739914789
IRN,Iran,1997,,34.5,,,,,,10,10,,41.5,85.1,,55,,43.7,45,10,10,11025.7202371524,,,,,,43.8956976126821,,,,,,,,9.308076718724259,0.14258040531611726
IRN,Iran,1998,,36,,,,,,10,10,,41.5,84.8,,55,,48,55,10,10,11101.507869196,60.1,26.6,44.1,5.2,,43.858016120555,,,,,,,,9.314926295942948,0.6849577218689618
IRN,Iran,1999,,36.8,,,,,,10,10,,41.4,84,,55,,54.6,56,10,10,11163.6950736445,,,,,,43.8509858001279,,,,,,,,9.320511852987247,0.5585557044298639
IRN,"Iran, Islamic Rep.",2000,5,36.1,5.35,3.37,7.57,5.29,3.5,10,10,,41.3,79.7,,55,,57.6,51.4,10,10,11643.1218077696,,,,,,43.7950143352209,,,,,,,,9.362556765800973,4.204491281372569
IRN,"Iran, Islamic Rep.",2001,5.41,35.9,6.86,3.31,7.94,5.58,3.5,10,10,,41.3,82.7,,40,,57.2,62,10,10,11739.0090911282,,,,,,43.7592732059576,,,,,,,,9.370757867753866,0.8201101952893808
IRN,"Iran, Islamic Rep.",2002,5.25,36.4,6.6,3.29,7.7,5.28,3.5,10,10,,40.9,79.7,,40,,59.5,47.2,30,10,12583.044990424,,,,,,43.6469632374301,,,,,,,,9.440185019940241,6.942715218637474
IRN,"Iran, Islamic Rep.",2003,5.26,43.2,6.36,3.29,7.48,5.28,3.89,10,10,,64.2,89.6,,40,,62.3,72.8,30,10,13519.4501926929,,,,,,43.4756584034243,,,,,,,,9.511958647318682,7.177362737844106
IRN,"Iran, Islamic Rep.",2004,5.41,42.8,6.43,3.49,7.66,5.69,3.83,10,10,,64.2,80.2,,40,,61.7,78.8,30,10,13807.1953114023,,,,,,43.3329237427285,,,,,,,,9.533017558023454,2.105891070477206
IRN,"Iran, Islamic Rep.",2005,5.52,50.5,6.16,3.48,7.94,5.75,4.24,10,30,,81.2,88,,40,76.4,60.1,78.8,30,10,13935.7743087596,37.7,13.4,43.6,5.3,17.01,43.2518554325576,,,,,,,,9.54228625931397,0.9268701290515935
IRN,"Iran, Islamic Rep.",2006,5.51,45,6.1,3.47,7.79,5.86,4.28,10,29,,81.2,85.1,,56.1,53,60.1,55.4,10,10,14320.6568534545,38.2,13.9,44.8,5,17.83,43.291895917996,,,,,,,,9.569528135878548,2.724187656457744
IRN,"Iran, Islamic Rep.",2007,5.3,45,6.53,3.47,7.54,4.95,4.04,10,29,,81.2,84.5,,55.4,52.5,62,55.4,10,10,15237.4237850549,,,,,,42.998431267088,,,,,,,,9.63157539771428,6.204726183573328
IRN,"Iran, Islamic Rep.",2008,5.25,45,6.34,3.48,7.04,4.98,4.37,10,27,,81.1,84.5,,55.8,53.1,61.3,57.4,10,10,15091.2506521463,,,,,,42.3323262633585,,,,,,,,9.621936689225262,-0.9638708489019265
IRN,"Iran, Islamic Rep.",2009,5.31,44.6,6.37,3.43,7.65,5,4.07,10,25,,81,79.7,,60.6,52.4,60.1,57.4,10,10,15055.1494647199,36.9,13.2,42.1,5.3,16.24,41.7789627123868,,,,,,,,9.619541789028801,-0.239490019646027
IRN,"Iran, Islamic Rep.",2010,5.39,43.4,6.38,3.43,8.05,4.93,4.14,10,23,,81.1,79.6,,69.9,55.1,54.7,50.2,0,10,15729.9131707266,,,,,,40.9478582446078,,,,,,,,9.663383047178932,4.384125815013107
IRN,"Iran, Islamic Rep.",2011,5.03,42.1,6.12,3.43,6.93,4.94,3.73,10,18,,81.1,76,,69.4,50.7,60.7,44.8,0,10,15947.766097961,38.3,11.8,34.7,7.3,,40.1761751313275,,,,,,,,9.677136744591099,1.3753697412166588
IRN,"Iran, Islamic Rep.",2012,4.5,42.3,6.55,3.33,6.44,2.38,3.78,10,22,,80.6,76.9,,64.8,51.5,62,45.7,0,10,15159.2948206531,37.2,11,34.4,7.5,,40.7113240617461,,,,,,,,9.6264351062799,-5.070163831119956
IRN,"Iran, Islamic Rep.",2013,4.64,43.2,6.52,3.26,5.94,3.88,3.6,10,27,,80.8,80.5,,65.3,55,58,45.7,0,10,14734.740588719,39.8,11.7,34,7.6,11.76,41.5455355115207,,,,,,,,9.598031154425845,-2.84039518540542
IRN,"Iran, Islamic Rep.",2014,4.73,40.3,6.36,3.44,6.82,2.61,4.44,10,23.4,,80.6,85.9,,62.3,41.7,47.3,41.4,0,10,15262.8515760903,42.1,13.3,34.8,7.2,,40.9317834898621,,,,,,,,9.633242669852159,3.521151542631351
IRN,"Iran, Islamic Rep.",2015,4.98,41.8,6.2,3.46,6.78,4.1,4.33,10,25,,81.2,93,,57,51.3,48.7,41.4,0,10,14841.9048340737,41.5,13,35.3,7.2,,40.9072700377479,,,,,,,,9.605277241102069,-2.796542875008967
IRN,"Iran, Islamic Rep.",2016,5.09,43.5,5.87,3.49,7.19,4.14,4.76,10,27,,81.2,93.2,,59.3,49,50.6,54.6,0,10,15920.3718021202,41.7,13,35.9,7.1,13.8,41.8224177004275,,,,,,,,9.675417624160971,7.0140383058902245
IRN,"Iran, Islamic Rep.",2017,5.2,50.5,5.78,3.44,7.08,4.98,4.72,32.4,29.6,36,81.1,92.7,94.9,64.8,54.5,55.5,54.5,0,10,16167.9677224227,38.6,12.1,36.7,6.9,13.11,41.9604376389704,,,,,,,,9.690849111474769,1.5431487313797732
IRN,"Iran, Islamic Rep.",2018,4.59,50.9,6.03,3.33,6.35,2.67,4.56,32.5,32.6,35.3,81,91.1,91.7,64.3,58.2,59.8,54.5,0,10,15364.8049052614,42.1,13.5,37.4,6.8,12.32,41.8394195451565,,,,,,,,9.63989985882618,-5.094925264858929
IRN,"Iran, Islamic Rep.",2019,4.5,51.1,6.4,3.31,5.23,2.99,4.56,33.5,35,41.3,80.9,89.8,89.5,62.2,50.7,60.1,54.6,5,10,14841.0751514998,47.4,16.1,36.5,6.9,12.95,41.3323820515392,,,,,,,,9.605221341952094,-3.4678516874086185
IRN,"Iran, Islamic Rep.",2020,4.43,49.2,6.68,3.27,5.29,2.37,4.56,36.9,33.5,37.1,81,89.2,86.5,57.3,50.7,49,54.6,5,10,15381.5845437266,48.4,16.5,35.8,7,12.54,40.5915411766548,,,,,,,,9.640991274697484,3.576993274539042
IRN,"Iran, Islamic Rep.",2021,4.43,47.2,6.62,3.26,5.37,2.39,4.51,33.5,31.8,28.3,80.8,90.1,82.8,57.1,50.1,42.1,54.2,5,10,15884.4276775963,42.8,14.1,35.5,7,12.61,39.6546340522622,,,,,,,,9.673157469702618,3.2166195005133957
IRN,"Iran, Islamic Rep.",2022,4.63,42.4,6.99,3.26,5.95,2.48,4.47,26.6,19.8,29.4,80.8,92.5,54.7,38.9,49.4,42.3,59.2,5,10,16377.9610645368,39,12.3,34.8,7.2,11.27,39.4508281538172,,,,,,,,9.703752928322023,3.059545861940549
IRQ,Iraq,1995,,,,1.98,,,,,,,,,,,,,,,,5969.66964095891,,,,,,35.4595250009195,,,,,,,,8.694614367761135,
IRQ,Iraq,1996,,17.2,,,,,,10,10,,10,10.2,,55,,0,40,10,10,6419.36981876289,,,,,,35.4968455516739,,,,,,,,8.767230999193625,7.261663143249031
IRQ,Iraq,1997,,17.2,,,,,,10,10,,10,10.2,,55,,0,40,10,10,7545.72976101105,,,,,,35.3879325688,,,,,,,,8.928869604172062,16.163860497843707
IRQ,Iraq,1998,,17.2,,,,,,10,10,,10,10.2,,55,,0,40,10,10,9871.73398030533,,,,,,34.9224524684522,,,,,,,,9.197532093088146,26.866248891608357
IRQ,Iraq,1999,,17.2,,,,,,10,10,,10,10.2,,55,,0,40,10,10,11237.8537439894,,,,,,34.4371878198751,,,,,,,,9.327132138175244,12.960004508709844
IRQ,Iraq,2000,,17.2,,1.59,5.21,,5.95,10,10,,10,10.2,,55,,0,40,10,10,12702.1641950921,,,,,,33.9436073050358,,,,,,,,9.44960639063402,12.247425245877608
IRQ,Iraq,2001,,17.2,,1.59,2.26,,5.95,10,10,,10,10.2,,55,,0,40,10,10,12529.6084051005,,,,,,33.5631228524958,,,,,,,,9.435929602585258,-1.367678804876249
IRQ,Iraq,2002,,15.6,,1.63,1.49,,5.95,10,10,,10,10.2,,40,,0,40,10,10,11144.0505255928,,,,,,33.4830986660093,,,,,,,,9.318750779285942,-11.717882329931584
IRQ,Iraq,2003,3.3,,5.31,1.66,0.02,,6.01,,,,,,,,,,,,,6849.33200800508,,,,,,33.5476196284826,,,,,,,,8.83205239840363,-48.66983808823129
IRQ,Iraq,2004,3.42,,5.31,1.73,0.61,,5.97,,,,,,,,,,,,,10210.5631004959,,,,,,33.6856184335814,,,,,,,,9.231275994494327,39.92235960906978
IRQ,Iraq,2005,3.59,,5.31,1.71,1.61,,5.97,,,,,,,,,,,,,10078.4437646837,,,,,,33.785395750777,,,,,,,,9.218253358027743,-1.3022636466583748
IRQ,Iraq,2006,4.25,,6.05,1.72,3.84,,5.98,,,,,,,,,,,,,10568.9137652977,35.2,8.4,28.6,9.3,14.59,33.7898366250171,,,,,,,,9.265766920391806,4.751356236406323
IRQ,Iraq,2007,5.57,,8.73,1.71,8.09,,5.59,,,,,,,,,,,,,10853.8161022311,,,,,,33.7239371653776,,,,,,,,9.292364140872811,2.659722048100477
IRQ,Iraq,2008,4.97,,5.31,1.73,7.62,,5.64,,,,,,,,,,,,,11511.9387643664,,,,,,32.8031224969631,,,,,,,,9.3512267918344,5.886265096158816
IRQ,Iraq,2009,4.5,,5.31,1.73,5.83,,5.52,,,,,,,,,,,,,11470.5178061755,,,,,,31.8725604744557,,,,,,,,9.34762252971888,-0.3604262115519674
IRQ,Iraq,2010,4.63,,5.31,1.73,6.14,,5.68,,,,,,,,,,,,,11816.841015026,,,,,,30.9126561454202,,,,,,,,9.37736561903344,2.9743089314560933
IRQ,Iraq,2011,4.73,,5.31,2.05,6.21,,5.65,,,,,,,,,,,,,12267.5848940673,,,,,,29.922509089471,,,,,,,,9.414797200497015,3.743158146357395
IRQ,Iraq,2012,4.88,,5.31,2.07,6.72,,5.64,,,,,,,,,,,,,13357.0143882353,32,8,29.5,8.8,15.59,28.8656112256422,,,,,,,,9.499871812409967,8.507461191295285
IRQ,Iraq,2013,5.07,,5.31,2.04,7.57,,5.53,,18,,,,,47,70.1,,,,,13712.9317142992,,,,,,27.8296007117633,,,,,,,,9.526167508562494,2.6295696152526915
IRQ,Iraq,2014,5.36,,5.31,2.06,8.5,,5.61,,13.7,,95.5,40.3,,56.9,73.4,70,,,,13536.8227681431,,,,,,28.5546504424125,,,,,,,,9.51324273354713,-1.292477501536382
IRQ,Iraq,2015,5,,5.31,2.07,7.53,,5.29,,16,,,43.8,,57.7,74.4,73.6,,,,13516.0271989204,,,,,,28.1981770794536,,,,,,,,9.511705443682764,-0.1537289864366187
IRQ,Iraq,2016,5.45,,5.31,2.19,8.5,5.59,5.76,,16,,,29.7,,63.2,68.5,75,,,,15016.0920644592,,,,,,27.4646455172563,,,,,,,,9.616944302343995,10.523885866123095
IRQ,Iraq,2017,5.27,,5.28,2.14,8.21,5.18,5.67,37.3,19.1,15.9,,36.1,11.3,61.2,68,76.9,,,,14417.6306896487,,,,,24.63,26.6241287218291,,,,,,,,9.576276447221073,-4.06678551229227
IRQ,Iraq,2018,5.3,,5.59,2.11,7.93,5.42,5.53,36.7,23.4,11.4,,45.4,11.9,59.1,69.8,79.2,,,,14456.2357053224,,,,,,26.5668338829286,,,,,,,,9.578950309064474,0.26738618434016814
IRQ,Iraq,2019,5.23,,4.92,2.36,7.87,5.54,5.53,37,20.3,12.3,,52.8,13.3,54.4,53.1,81.4,,,,14910.2250318887,,,,,,27.1255370394852,,,,,,,,9.60986956614685,3.091925708237575
IRQ,Iraq,2020,5.39,,4.94,2.29,8.3,5.68,5.85,43.9,20.8,11.2,,59.5,76.6,52.6,44.8,76.4,,,,12827.6345392323,,,,,,27.1813272107644,,,,,,,,9.459435024762143,-15.043454138470658
IRQ,Iraq,2021,5.18,,4.91,2.29,7.19,5.68,5.88,44.8,22,11,,65.3,94.7,51.7,45.6,77,,,,12731.7535755129,,,,,,26.9831148014689,,,,,,,,9.45193297417112,-0.750205059102349
IRQ,Iraq,2022,5.25,,4.95,2.28,7.26,5.92,5.86,,,,,,,,,,,,,13433.3977166987,,,,,,27.0179929780468,,,,,,,,9.505573690621478,5.364071645035828
ISL,Iceland,1995,7.81,,5.96,9.08,9.56,7.78,6.68,,,,,,,,,,,,,40867.564218067,,,,,7,12.6540996718056,,,,,,,,10.618116445480432,
ISL,Iceland,1996,,,,,,,,,,,,,,,,,,,,42475.6936133275,,,,,,12.1506442021804,,,,,,,,10.656710818925383,3.85943734449512
ISL,Iceland,1997,,70.5,,,,,,90,90,,61.6,40.6,,70,,81.3,80.8,70,50,43873.6690642163,,,,,,12.031088579189,,,,,,,,10.689092418043796,3.238159911841265
ISL,Iceland,1998,,71.2,,,,,,90,90,,61.2,42.4,,70,,85.8,81.2,70,50,46449.3454621245,,,,,,12.0847151535052,,,,,,,,10.746139181504414,5.704676346061888
ISL,Iceland,1999,,71.4,,,,,,90,90,,60.5,43.5,,70,,86.4,81.8,70,50,47679.8715900493,,,,,,11.9342082857702,,,,,,,,10.772285581564798,2.614640006038371
ISL,Iceland,2000,8.13,74,6.68,8.85,8.99,8.22,7.9,90,93,,64.8,58.9,,70,,86.6,82.4,70,50,49338.4714252632,,,,,,11.8050497693615,,,,,,,,10.806479677120882,3.4194095556083326
ISL,Iceland,2001,7.98,73.4,6.41,8.84,8.72,8.23,7.72,90,92,,62.9,58.9,,70,,84.6,82.4,70,50,50556.9938356842,,,,,,11.6371469602681,,,,,,,,10.830876349150683,2.439667202980189
ISL,Iceland,2002,7.97,73.1,6.17,8.86,8.85,8.32,7.65,90,91,,63.1,44.5,,85,,81.7,82.2,70,50,50379.4595507316,,,,,,11.6345406875121,,,,,,,,10.827358671554789,-0.3517677595894497
ISL,Iceland,2003,8.16,73.5,6.25,8.91,9.03,8.5,8.1,90,92,,69,43,,85,,84.7,77.8,70,50,51173.1982542632,0.4,0.1,26.8,9.5,,11.2757693096418,,,,,,,,10.842990743660565,1.5632072105775663
ISL,Iceland,2004,8.3,72.1,6.76,8.84,8.91,8.6,8.4,90,94,,58.7,37.9,,85,,85.2,78.2,70,50,54592.5314628804,0.4,0.2,28,9.4,,11.2642513912252,,,,,,,,10.907670683338893,6.467993967832797
ISL,Iceland,2005,8.23,76.6,7.1,8.99,8.67,7.88,8.55,90,96,,72.5,30.9,,85,64.6,88.6,78.2,70,90,57512.4237338213,0.2,0.1,29,9.2,,11.4208901722593,,,,,,,,10.959773655779145,5.2102972440252415
ISL,Iceland,2006,8.03,75.8,7.23,8.93,7.85,7.81,8.4,90,95,,73.7,32,,95.1,65.4,88.8,78.2,50,90,59364.2901148281,0.5,0.2,30.2,8.9,,11.3965407869401,,,,,,,,10.991464993055493,3.1691337276347653
ISL,Iceland,2007,8.05,76,7.16,8.93,8.11,7.75,8.38,90,97,,73.5,41.7,,94.9,66.2,82.9,84,60,70,62940.7473430955,0.3,0.1,29.5,9.1,,11.2315988136964,,,,,,,,11.049964932277772,5.849993922227981
ISL,Iceland,2008,7.3,75.8,6.67,8.82,7.14,7.2,6.72,90,96,,73.6,46.3,,94.5,67.9,74.8,85,60,70,62831.1728631816,0.2,0.1,31.8,8.6,,11.0654835714017,,,,,,,,11.048222528010555,-0.1742404267217168
ISL,Iceland,2009,6.88,75.9,5.49,8.75,6.12,6.97,7.11,90,92,,76.2,44,,93.6,59.9,75.3,88,70,70,57406.4697506817,0.3,0.1,28.7,9.1,,11.1382899075857,,,,,,,,10.957929708870127,-9.02928191404282
ISL,Iceland,2010,6.86,73.7,5.5,8.7,5.99,7.05,7.08,90,89,,75.4,45.8,,93,60.8,69.9,87.9,65,60,56211.8345417402,0.6,0.2,26.2,9.5,,11.3707945391627,,,,,,,,10.936900382437551,-2.10293264325756
ISL,Iceland,2011,7.1,68.2,5.94,8.67,6.51,7.17,7.22,90,87,,69.8,0,,92.7,60.7,68.6,88.2,65,60,56813.742648754,0.8,0.3,26.8,9.3,,11.5333409847354,,,,,,,,10.947551124706262,1.0650742268710545
ISL,Iceland,2012,7.26,70.9,6.11,8.66,6.45,7.36,7.73,90,85,,73.5,21.8,,92,60.9,72.5,88.2,65,60,57173.0434212296,0.4,0.1,26.8,9.3,,11.8046759329629,,,,,,,,10.95385528803357,0.6304163327307322
ISL,Iceland,2013,7.31,72.1,6.11,8.62,6.73,7.23,7.89,90,83,,72.7,36.2,,91.5,58.9,75.8,87.8,65,60,58671.930709837,0.2,0.1,25.4,9.9,,11.8397375408721,,,,,,,,10.979733753115429,2.587846508185976
ISL,Iceland,2014,7.5,72.4,6.16,8.68,7.06,7.58,8.03,90,84.2,,72.9,32.9,,91.2,59.1,76,87.9,70,60,59133.2701459773,0.2,0,27.8,9.4,,11.8866370952748,,,,,,,,10.987565902442439,0.783214932700993
ISL,Iceland,2015,7.54,72,6.25,8.74,7.06,7.64,7.99,90,78,,72,32.6,,90.5,62.2,77,88,70,60,60725.7271247657,0.2,0.1,26.8,9.5,,11.9102348518742,,,,,,,,11.01413919520763,2.6573292765190715
ISL,Iceland,2016,8.03,73.3,6.29,8.73,9.66,7.74,7.74,90,79,,73.3,42.1,,90.1,61.6,79.5,87.8,70,60,63612.5551585223,0.2,0.1,27.2,9.4,,11.7216788411539,,,,,,,,11.060581858042244,4.644266283461462
ISL,Iceland,2017,8.04,74.4,6.25,8.72,9.52,7.98,7.75,85,71.5,71.5,70.9,41.1,90.6,90.2,62.6,81.2,88,80,60,64303.3782501037,0.1,0,26.1,9.7,,11.5382009967581,,,,,,,,11.07138299888902,1.080114084677497
ISL,Iceland,2018,7.98,77,6.15,8.72,9.43,7.86,7.73,86.7,77.3,72.6,72.1,44.2,94.3,89.5,61.8,81.7,88.5,85,70,65521.9313424781,0.6,0.3,26.6,9.2,,11.3591408662489,,,,,,,,11.090155457185475,1.8772458296455241
ISL,Iceland,2019,8.01,77.1,6.1,8.72,9.43,8.13,7.69,87.4,83.8,63.8,72.7,44,96.7,88.4,64.1,81.7,87,85,70,64826.4324085557,0.4,0.2,26.8,9.4,,11.1437046186092,,,,,,,,11.079484132395628,-1.0671324789846892
ISL,Iceland,2020,7.88,77.1,5.79,8.78,9.48,8.12,7.22,87.6,90.3,63.2,71.7,44.1,97.5,84.7,63.5,80.3,86.8,85,70,59543.813498684,,,,,,11.1433467693273,,,,,,,,10.994484476090113,-8.499965630551465
ISL,Iceland,2021,7.84,77.4,5.86,8.77,9.1,8.4,7.07,87,90.6,72.6,72.4,46.2,97.6,83.6,62,79.4,86.8,80,70,61610.2132740715,,,,,,12.3725483635043,,,,,,,,11.028599166625485,3.411469053537175
ISL,Iceland,2022,7.84,77,6.03,8.77,8.66,8.41,7.32,97.1,85.3,94.8,72.9,36.8,76.1,83.3,67.4,79.3,81,80,70,65380.3173049324,,,,,,12.0488427715935,,,,,,,,11.087991828514081,5.9392661888596265
ISR,Israel,1995,6.32,61.5,5.2,6.36,7.3,7.69,5.11,70,30,,44.8,30,,85,,73.2,80.4,90,50,29470.81726085,,,,,,9.20294390910036,,,,,,,,10.291189738603197,
ISR,Israel,1996,,62,,,,,,70,30,,51.1,27.7,,85,,73.1,81,90,50,30386.1981561933,,,,,,9.04141270788055,,,,,,,,10.321776685418099,3.0586946814901594
ISR,Israel,1997,,62.7,,,,,,70,30,,51.7,32,,85,,74.3,81,90,50,30707.0065373148,9,2.2,38.1,6.2,,8.91508720306069,,,,,,,,10.332278698834141,1.0502013416042288
ISR,Israel,1998,,68,,,,,,70,77,,52.2,32.3,,85,,73.9,81,90,50,31246.8564724838,,,,,,8.8470929208154,,,,,,,,10.34970605993143,1.7427361097288596
ISR,Israel,1999,,68.3,,,,,,70,80,,52.9,28.8,,85,,75.3,83,90,50,31465.6129203265,,,,,,8.79362597604858,,,,,,,,10.356682355423553,0.6976295492123086
ISR,Israel,2000,6.79,65.5,4.88,6.31,7.91,8.4,6.39,70,71,,52.8,9.3,,85,,78.5,83,90,50,33275.0631655978,,,,,,8.66904715176618,,,,,,,,10.412593593634872,5.591123821131916
ISR,Israel,2001,6.92,66.1,4.7,6.25,9.22,8.5,5.87,70,68,,53.1,30.9,,70,,80,83,90,50,32590.2286180761,6.7,1.5,38.9,6,13.38,8.67561880079639,,,,,,,,10.391798470356237,-2.0795123278634975
ISR,Israel,2002,7.02,66.9,5.13,6.04,8.91,8.87,6.11,70,66,,54.8,33.7,,70,,85,83,90,50,31897.5848832705,12,3.2,39.6,5.6,13.27,8.61469843981591,,,,,,,,10.370316926762953,-2.1481543593283803
ISR,Israel,2003,7.19,62.7,5.39,5.86,9.5,8.92,6.25,70,76,,52.7,10.9,,70,,87.3,77,70,50,31780.7796080985,11.2,3.4,40.7,5.3,14.3,8.65770816719507,,,,,,,,10.366648436260416,-0.36684905025374803
ISR,Israel,2004,7.29,61.4,5.72,5.89,9.6,8.85,6.38,70,73,,52.7,7.6,,70,,82.2,77,70,50,32675.2080644863,12.7,3.9,41.5,4.9,13.81,8.57571494735833,,,,,,,,10.39440250994321,2.775407368279481
ISR,Israel,2005,7.38,62.6,5.78,6.01,9.5,8.85,6.74,70,70,,53.9,15.1,,70,64.2,86.2,77,70,50,33512.8909185546,12,3.5,42.3,4.9,14.38,8.51943643202466,,,,,,,,10.419715286153039,2.5312776209828414
ISR,Israel,2006,7.29,64.4,5.77,5.95,9.37,8.88,6.5,70,64,,55.2,28.3,,69.9,65.1,90.9,81,70,50,34770.0262786336,11.5,3.2,41.6,4.9,14.82,8.39512119408031,,,,,,,,10.456539740776655,3.6824454623616276
ISR,Israel,2007,7.41,64.8,6.02,5.9,9.69,8.97,6.47,70,63,,58,33.4,,69.4,64.8,84.2,85.2,70,50,36317.8525090071,9.5,2.7,41.1,5,14.82,8.23417365340041,,,,,,,,10.500092238301129,4.355249752447321
ISR,Israel,2008,7.31,66.3,6.19,5.81,9.4,8.84,6.33,70,59,,55.9,35.1,,68.6,66,81.8,86.6,80,60,36827.9249156064,9.2,2.8,41.6,4.9,14.52,8.16141225090817,,,,,,,,10.5140388185598,1.3946580258672014
ISR,Israel,2009,7.27,67.6,5.96,5.88,9.42,8.84,6.24,70,61,,57.1,35.1,,67.8,64.9,83.7,86,80,70,36403.1626371602,10.2,3.3,42.6,4.7,15.52,8.13061974429286,,,,,,,,10.502438405250178,-1.1600413309622581
ISR,Israel,2010,7.39,67.7,6.09,6,9.43,8.46,6.99,70,60,,58.4,35.4,,66.4,65.4,78.2,87.8,85,70,37722.4099869836,10.2,2.7,42.6,4.8,12.92,8.06181158032296,,,,,,,,10.538036135285491,3.559773003531319
ISR,Israel,2011,7.4,68.5,6.29,6.04,9.39,8.31,6.99,70,61,,62.3,44.8,,66.1,64.3,78.4,87.8,80,70,39075.375376272,9.2,2.7,41.4,4.9,15.33,7.96000780695213,,,,,,,,10.573273353039314,3.523721775382249
ISR,Israel,2012,7.42,67.8,6.41,5.97,9.44,8.32,6.96,70,61,,64.1,41,,64.4,65.1,79,83.6,80,70,39299.3515506546,8.5,2.6,41.3,4.9,13.63,7.83569156606514,,,,,,,,10.57898874312662,0.5715390087306815
ISR,Israel,2013,7.41,66.9,6.22,5.91,9.51,8.42,6.99,70,58,,60.2,39.3,,66.1,63.7,78.6,83,80,70,40148.7774492867,6.7,2,39.9,5.2,13.61,7.77113876945306,,,,,,,,10.600372176377894,2.138343325127323
ISR,Israel,2014,7.5,68.4,6.23,5.9,9.59,8.68,7.09,75,59.3,,60.1,40.3,,73.2,63,80.6,82.9,80,70,40872.5808449627,7.2,2.1,39.8,5.1,15.57,7.99516482237057,,,,,,,,10.61823918820753,1.786701182963668
ISR,Israel,2015,7.5,70.5,6.1,6.06,9.56,8.62,7.17,75,61,,61.9,47.8,,72.4,67.1,81.6,88.6,80,70,40967.3707596637,6.7,1.9,39.7,5.1,14.42,8.02243569130266,,,,,,,,10.620555603083464,0.23164148759331482
ISR,Israel,2016,7.52,70.7,6.16,6.08,9.6,8.7,7.07,75,60,,60.6,48.8,,70.6,64.6,84.2,88.2,85,70,41963.675796165,5.7,1.6,39,5.2,14.07,8.15746417215284,,,,,,,,10.644583490910176,2.4027887826711947
ISR,Israel,2017,7.6,69.7,6.1,6.21,9.66,8.72,7.3,71.9,47.6,82,61,50.5,71.8,69.9,64.3,84.9,88,75,70,42947.0586686984,5.5,1.8,38.2,5.2,13.88,8.03961985835486,,,,,,,,10.667746726593384,2.3163235683208327
ISR,Israel,2018,7.58,72.2,6.06,6.15,9.66,8.71,7.33,78.2,61.2,83.1,60.9,51.8,79,71.8,65.1,85.3,85.5,75,70,43814.2949977965,4.5,1.4,38.6,5.3,13.21,7.99762474884661,,,,,,,,10.68773823627104,1.9991509677655728
ISR,Israel,2019,7.59,72.8,6.07,6.16,9.7,8.68,7.32,80,67.9,73.4,61.9,52.4,85.3,71.4,65.1,86.2,84.4,75,70,44580.8078825716,5.2,1.8,38.3,5.3,14.04,7.93079155356355,,,,,,,,10.705081159786753,1.7342923515712982
ISR,Israel,2020,7.29,74,5.49,6.2,9.55,8.07,7.13,82.3,77.2,71.8,61,53.5,89.2,72.2,64.4,84.9,86.2,75,70,42915.9416939728,4.4,1.5,37.8,5.5,12.47,8.23945336404847,,,,,,,,10.66702193824059,-3.8059221546163258
ISR,Israel,2021,7.49,73.8,5.89,6.21,9.37,8.67,7.32,83.6,76.8,79.8,60,53.8,79.2,73.9,65.1,84.4,84.2,75,70,46162.0822730247,4.2,1.4,37.9,5.6,11.74,8.10576927038061,,,,,,,,10.739935672631763,7.2913734391173435
ISR,Israel,2022,7.44,68,5.96,6.27,9.03,8.71,7.24,83.2,65.2,85,60.4,48.4,23.1,81.1,56.5,84.8,78.8,80,70,48098.187235579,,,,,,7.92071693020327,,,,,,,,10.78102055856188,4.10848859301165
ITA,Italy,1995,6.93,61.2,5.59,6.79,9.58,7.67,5.05,70,70,,43.6,3.6,,85,,81.1,77.8,70,50,45410.1391731091,4.2,1.5,35.2,6.4,,20.660942864648,,,,,,,,10.723512710170404,
ITA,Italy,1996,,60.8,,,,,,70,90,,42.2,0.1,,70,,77,77.8,70,50,46008.2389303796,,,,,,20.5429614146511,,,,,,,,10.736597501616911,1.3084791446507538
ITA,Italy,1997,,58.1,,,,,,70,30,,43.2,10.6,,70,,81.1,77.8,70,70,46869.4256086419,,,,,,20.3355015304877,,,,,,,,10.75514217149515,1.854466987823855
ITA,Italy,1998,,59.1,,,,,,70,34,,43.3,14.5,,70,,81.9,77.8,70,70,47701.3974191265,4.2,2.4,36.7,6,,20.2238479628924,,,,,,,,10.77273693597247,1.7594764477319558
ITA,Italy,1999,,61.6,,,,,,70,50,,46.9,15.1,,70,,84.5,77.8,70,70,48493.6651210308,,,,,,19.7841671206365,,,,,,,,10.789209073370886,1.6472137398416464
ITA,Italy,2000,7.65,61.9,6.29,6.92,9.34,9.24,6.48,70,46,,45.6,22,,70,,85.7,77.8,70,70,50353.4200415436,3.5,1.9,35.2,6.4,,19.6578548414402,,,,,,,,10.8268416806203,3.763260724941375
ITA,Italy,2001,7.61,63,6.26,7.02,9.41,9.15,6.19,70,47,,47.1,28,,70,,86.5,78,70,70,51332.2904432567,,,,,6.1,19.5017468986162,,,,,,,,10.846094757206334,1.9253076586034368
ITA,Italy,2002,7.63,63.6,6.33,6.8,9.45,9.09,6.49,70,46,,48,33.7,,70,,85.5,79.6,70,70,51369.1149098293,3.2,1.8,34.7,6.5,,19.1270236144434,,,,,,,,10.846811860364191,0.0717103157857224
ITA,Italy,2003,7.52,64.3,6.25,6.51,9.41,8.95,6.5,70,55,,48,29.4,,70,,84.7,81.4,70,70,51126.2585544038,2.3,1.2,34.9,6.7,,19.0280531560342,,,,,,,,10.842073069472576,-0.4738790891614997
ITA,Italy,2004,7.6,64.2,6.28,6.59,9.45,9.15,6.54,70,52,,49.7,31.7,,70,,84.8,79.8,70,70,51495.0028841364,1.8,1,34.3,6.9,,19.4392924004487,,,,,,,,10.849259469739449,0.7186400266872894
ITA,Italy,2005,7.59,64.9,6.53,6.72,9.42,8.61,6.67,70,53,,49.6,27.4,,70,74.5,84.7,80.2,70,70,51585.6445807938,2.1,1,33.8,6.8,,18.4052537770748,,,,,,,,10.851018092014828,0.17586222753784853
ITA,Italy,2006,7.48,62,6.58,6.54,9.22,8.58,6.45,50,48,,52,29.1,,78.4,74.6,85.2,82.4,70,50,52304.2402949819,1.8,0.9,33.7,6.9,,18.199978193284,,,,,,,,10.864851841878425,1.3833749863596978
ITA,Italy,2007,7.46,62.8,6.41,6.51,9.32,8.54,6.54,50,50,,52.8,31.5,,77,74.4,80.5,81.6,70,60,52747.1905476807,1.9,1,32.9,7.1,,17.9851624735803,,,,,,,,10.873284748336335,0.8432906457910505
ITA,Italy,2008,7.36,62.6,6.32,6.38,9.24,8.45,6.42,50,49,,54.3,29.4,,77,74.5,80.6,81,70,60,51806.3906176391,1.9,1.1,33.8,6.9,,17.503974409034,,,,,,,,10.855288094086518,-1.7996654249817112
ITA,Italy,2009,7.3,61.4,5.84,6.41,9.44,8.44,6.35,50,52,,55.8,24.7,,78.7,61.3,80.8,80.8,70,60,48774.3916833748,2.2,1.2,33.8,6.7,,17.2201065573124,,,,,,,,10.794981195871673,-6.030689821484536
ITA,Italy,2010,7.42,62.7,5.98,6.47,9.43,8.3,6.93,55,48,,55.2,31.2,,77.9,58.2,79,87.5,75,60,49301.6959141674,2.9,1.7,34.7,6.4,6.62,17.476650946175,,,,,,,,10.805734042393025,1.0752846521352666
ITA,Italy,2011,7.45,60.3,6,6.46,9.48,8.27,7.04,50,43,,55.4,28.6,,77.3,44.4,82.1,87.6,75,60,49473.0149235634,2.8,1.6,35.1,6.4,,17.3180731941436,,,,,,,,10.809202859682621,0.34688172895958047
ITA,Italy,2012,7.47,58.8,6.12,6.49,9.48,8.22,7.06,50,39,,55,19.4,,77.4,43,82,87.1,75,60,47795.9579360541,3.2,1.8,35.2,6.3,,17.2337720322081,,,,,,,,10.774717274949197,-3.4485584733424446
ITA,Italy,2013,7.47,60.6,6.03,6.43,9.67,8.2,7.03,50,39,,55.5,25.3,,76.9,52,80.2,86.8,80,60,46833.3615309303,3.4,2,34.9,6.2,,17.2282669826308,,,,,,,,10.754372433243923,-2.0344841705274064
ITA,Italy,2014,7.56,60.9,5.86,6.44,9.79,8.66,7.05,50,38.5,,55.5,25.6,,75.5,52.5,78.9,87.8,85,60,46825.6511245062,3.3,1.8,34.7,6.2,,17.1751938901746,,,,,,,,10.754207788292454,-0.016464495146806257
ITA,Italy,2015,7.66,61.7,6.1,6.4,9.76,8.9,7.11,55,43,,54.2,23.2,,71.9,55.4,81.2,88,85,60,47311.8255262709,4,2.4,35.4,5.9,,16.9838234817977,,,,,,,,10.764536690500037,1.0328902207582757
ITA,Italy,2016,7.59,61.2,6.09,6.41,9.44,8.9,7.13,50,43,,55.8,22.1,,70.3,53,84.5,88,85,60,47987.8379581014,3.5,2.2,35.2,6.1,,16.6705581753976,,,,,,,,10.778723720308266,1.4187029808228502
ITA,Italy,2017,7.52,62.5,5.93,6.44,9.1,8.97,7.15,74.6,44.7,55.4,54.9,22.3,66.9,69.8,52.9,86.9,87,85,50,48849.2183534756,3.5,2,35.9,6,,16.1168398722354,,,,,,,,10.796514127337614,1.7790407029348643
ITA,Italy,2018,7.5,62.5,5.78,6.46,9.16,8.92,7.19,71.2,40.1,60.9,55.2,24.1,68.2,70.3,50.3,88.2,86.9,85,50,49133.143527174,3.3,2,35.2,6.1,,15.92131310534,,,,,,,,10.802309459631559,0.5795332293944355
ITA,Italy,2019,7.53,62.2,5.73,6.45,9.33,8.91,7.22,71.7,43.7,49.8,55.6,26.5,71.3,71.7,51.1,84,86,85,50,49690.6298505274,2.9,1.4,34.6,6.3,,15.7716430125318,,,,,,,,10.813591784431306,1.1282324799747556
ITA,Italy,2020,7.23,63.8,5.28,6.5,8.85,8.68,6.85,75.4,62.2,51.3,56,28.5,71.1,70.4,50.9,83.2,86.4,80,50,45505.0688708956,2.4,1.2,35.2,6.3,,15.7352530322676,,,,,,,,10.725600977822408,-8.799080660889835
ITA,Italy,2021,7.22,64.9,5.41,6.52,8.93,8.38,6.85,75.7,63.7,62.3,58.1,28.9,73,68.1,50.5,84.2,84,80,50,49825.3934111848,1.7,1,34.8,6.5,,15.0507731793086,,,,,,,,10.816300110795014,9.069913297260612
ITA,Italy,2022,7.22,65.4,5.3,6.6,8.44,8.97,6.79,81.7,57.3,78.6,57.7,20.6,49,73.8,70.4,86.2,79.2,80,50,52333.3274270604,1.6,0.8,33.7,6.8,,14.668726259662,,,,,,,,10.865407790903461,4.910768010844713
JAM,Jamaica,1995,6.69,64.4,7.82,5.4,6.26,6.63,7.22,50,50,,77.5,76.5,,70,,50.9,65,70,70,10257.8065381959,,,,,17.84,37.5458283519049,,,,,,,,9.235891790145589,
JAM,Jamaica,1996,,66.7,,,,,,70,50,,76.2,76.5,,70,,52.2,65,70,70,10147.4641121652,60.2,23,40.4,6.5,15.58,37.9078803639126,,,,,,,,9.225077654021556,-1.0814136124032814
JAM,Jamaica,1997,,67.7,,,,,,70,50,,76.3,76.6,,70,,59.1,67,70,70,9939.66172862006,,,,,,37.0985288315202,,,,,,,,9.204388869730563,-2.0688784290992857
JAM,Jamaica,1998,,67.1,,,,,,70,50,,75.6,73.5,,70,,58,67,70,70,9624.92935948127,,,,,,37.8358480870743,,,,,,,,9.172215711323897,-3.217315840666579
JAM,Jamaica,1999,,64.7,,,,,,70,50,,77.3,62.2,,70,,65.7,67,70,50,9650.43726482499,45.1,16.4,44.1,5.5,,38.0379997655714,,,,,,,,9.174862122602768,0.2646411278870886
JAM,Jamaica,2000,7.35,65.5,7.95,4.9,8.43,7.97,7.48,70,38,,77.4,73,,70,,74.5,67,70,50,9667.92474492316,,,,,,38.0650824155518,,,,,,,,9.176672387323997,0.18102647212288048
JAM,Jamaica,2001,7.3,63.7,7.99,4.89,8.78,7.89,6.93,50,38,,76.7,84.1,,70,,78.3,76.4,70,30,9736.06291757526,,,,,,37.5173292058246,,,,,,,,9.183694802658122,0.7022415334125398
JAM,Jamaica,2002,7.29,61.7,8.33,4.75,8.73,7.79,6.87,50,38,,76.1,56.7,,70,,77.4,66.8,90,30,9869.71291927176,46.6,17.8,48.3,4.8,17.5,35.9588782564642,,,,,,,,9.197327360748256,1.3632558090133529
JAM,Jamaica,2003,7.22,67,8.3,4.76,8.39,7.62,7.02,50,38,,75.6,65.3,,70,,78,65.8,90,70,10169.7500243245,,,,,19.32,35.9806100724509,,,,,,,,9.227271235027777,2.9943874279521054
JAM,Jamaica,2004,7.17,66.7,8.31,4.85,7.81,7.69,7.16,50,40,,76.7,61.3,,70,,78,64.4,90,70,10244.2066702878,44.3,15.4,45.5,5.3,19.99,36.151104103192,,,,,,,,9.234565233264828,0.7293998237051014
JAM,Jamaica,2005,7.2,67,8.29,5.07,7.84,7.76,7.04,50,38,,76.4,62.4,,70,68.4,75.8,69.4,90,70,10278.6834382546,,,,,,34.6574768272688,,,,,,,,9.237924744590908,0.33595113260798115
JAM,Jamaica,2006,7.27,66.4,8.15,5.04,8.3,7.94,6.89,50,33,,77.9,54.4,,82.6,68.2,72.9,65.4,90,70,10522.2367459591,,,,,,35.4904358451642,,,,,,,,9.261341114440707,2.341636984979978
JAM,Jamaica,2007,7.17,65.5,8.38,5.18,7.64,7.91,6.71,50,36,,75.1,61.8,,82,68.5,71,70.4,80,60,10622.4442829007,,,,,,33.4733203924352,,,,,,,,9.270818562639224,0.9477448198516925
JAM,Jamaica,2008,6.83,65.7,8.41,5.2,6.37,7.87,6.3,50,37,,74.9,59.6,,82.3,68.4,74.3,70.4,80,60,10490.4686134498,,,,,21.31,35.8068479594529,,,,,,,,9.258317692873232,-1.250086976599185
JAM,Jamaica,2009,7.05,65.2,8.35,5.23,7.56,7.55,6.53,50,33,,75.3,62.2,,87.8,67.4,75.4,70.6,80,50,9992.97699539021,,,,,21.87,38.2177394453177,,,,,,,,9.209737890059417,-4.857980281381558
JAM,Jamaica,2010,7.01,65.5,8.13,5.24,7.29,7.35,7.04,45,31,,74.8,61.8,,87,70,68.4,72.2,85,60,9805.90172806302,,,,,19.62,38.8969207978508,,,,,,,,9.190841674751008,-1.8896215308409126
JAM,Jamaica,2011,7.07,65.7,7.99,5.26,7.88,7.38,6.86,40,30,,75.9,64.7,,86.3,70.2,72.5,72.2,85,60,9932.48380946963,,,,,,37.000872053748,,,,,,,,9.203666532314973,1.2824857563964898
JAM,Jamaica,2012,7.25,65.1,8.19,5.19,8.3,7.39,7.18,40,33,,75.5,58.7,,84.7,69.6,72.4,72.1,85,60,9829.03510015044,,,,,13.41,37.5182050159506,,,,,,,,9.193197783852074,-1.0468748462898247
JAM,Jamaica,2013,7.39,66.8,8.32,5.26,8.42,7.38,7.58,40,33,,77.5,67.7,,84.3,69.3,76.1,75,85,60,9839.96506606095,,,,,15.65,37.5858508124064,,,,,,,,9.194309061056382,0.11112772043073704
JAM,Jamaica,2014,7.33,66.7,8.15,5.31,8.57,7.04,7.6,40,33,,77.2,69.4,,84.6,75.6,77.3,75.1,85,50,9872.15913752129,,,,,17.93,37.5299844581766,,,,,,,,9.197575155938075,0.3266094881693604
JAM,Jamaica,2015,7.56,67.7,8.18,5.61,9.04,7.35,7.65,40,38,,81.5,73.2,,85.9,76.5,71.4,75,85,50,9931.89875715182,,,,,18.88,37.0118077311931,,,,,,,,9.20360763358834,0.6032477650265378
JAM,Jamaica,2016,7.53,67.5,8.15,5.5,9.04,7.33,7.66,40,38,,81.7,78,,81.3,72.7,77.5,75.4,80,50,10179.2536486158,,,,,14.05,36.5399507982074,,,,,,,,9.22820520616108,2.4597572572739423
JAM,Jamaica,2017,7.46,69.5,8.08,5.5,8.85,7.23,7.65,58,38.2,61.5,81,77.5,79.9,78.9,73.7,79.5,75.3,80,50,10391.0378224678,,,,,15.63,35.821887860662,,,,,,,,9.248795197919236,2.058999175815579
JAM,Jamaica,2018,7.5,69.1,8.05,5.59,8.97,7.22,7.68,60.9,39.4,56.6,80,77.2,79.5,78.7,74.5,82,70.8,80,50,10636.0929784551,18.3,4.6,35.3,7.3,13.26,35.3571841363338,,,,,,,,9.27210250925465,2.3307311335413416
JAM,Jamaica,2019,7.53,68.6,8.23,5.53,8.94,7.21,7.71,60.7,45,49.2,80.2,76,80,78,73.6,82.6,68.4,80,50,10816.3720391154,,,,,15.47,34.1419121881811,,,,,,,,9.288908642966483,1.6806133711833482
JAM,Jamaica,2020,7.29,68.5,7.96,5.66,8.68,6.51,7.62,62.1,46.8,50.5,80,74.8,80.2,77.7,74,77.7,68.4,80,50,9891.96932961548,,,,,,34.6924267135031,,,,,,,,9.19957961510771,-8.93290278587724
JAM,Jamaica,2021,7.4,69,7.98,5.63,8.61,7.16,7.62,60.6,47.7,55.1,79.7,74.4,83.1,77.6,73.4,77.5,69.2,80,50,10430.6909771759,22.9,7,39.9,5.7,19.34,34.2417691287041,,,,,,,,9.252603661141011,5.3024046033300465
JAM,Jamaica,2022,7.32,67.4,7.98,5.72,8.04,7.19,7.65,65,49,70.6,76.6,71.6,79.4,56.5,64.7,76.2,69.2,80,50,11096.6377085321,,,,,,33.1067381908205,,,,,,,,9.314487545600075,6.188388445906412
JOR,Jordan,1995,6.01,62.7,6.4,4.16,7.16,5.62,6.99,70,30,,46.6,70.6,,70,,77.5,59.2,70,70,7829.08121456011,,,,,,13.8833306548773,,,,,,,,8.965728161160957,
JOR,Jordan,1996,,60.8,,,,,,70,30,,36.6,62.8,,70,,78.2,59.2,70,70,7731.47855807269,,,,,,13.872192661323,,,,,,,,8.953184731593556,-1.2543429567401176
JOR,Jordan,1997,,63.6,,,,,,70,30,,64.6,65.1,,70,,79.5,53,70,70,7775.5427123949,42.6,12.7,36.4,7.6,,13.8233516888472,,,,,,,,8.9588671369655,0.5682405371944199
JOR,Jordan,1998,,66.8,,,,,,70,49,,75.9,64.3,,70,,75.5,56.2,70,70,7826.74015705934,,,,,,13.7330327758507,,,,,,,,8.965429133925602,0.6561996960101624
JOR,Jordan,1999,,67.4,,,,,,70,49,,76.2,67.7,,70,,77.7,56.2,70,70,7920.01974595781,,,,,,13.6107055144364,,,,,,,,8.977275232322908,1.1846098397306548
JOR,Jordan,2000,7.01,67.5,7.1,4.15,9.56,7.51,6.78,70,47,,76.2,65.3,,70,,78.4,60.6,70,70,8086.92202690853,,,,,,13.4396753641772,,,,,,,,8.998127120063891,2.0851887740983344
JOR,Jordan,2001,6.91,68.3,6.93,3.98,9.37,7.97,6.31,70,44,,76.2,61.1,,70,,87.4,65.8,70,70,8339.78581448441,,,,,,13.2281618759248,,,,,,,,9.028912713274385,3.07855932104939
JOR,Jordan,2002,7.02,66.2,6.75,4.11,9.35,8.26,6.7,50,46,,76.4,63.3,,70,,89,61.4,70,70,8638.08033080173,32.7,9,37,7.2,18.67,12.9795149858334,,,,,,,,9.064051412938378,3.513869966399241
JOR,Jordan,2003,7,65.3,6.43,4.08,9.48,8.27,6.85,50,49,,78.9,64.9,,70,,87.4,47.2,70,70,8800.49674649158,,,,,,12.7244659987152,,,,,,,,9.082677070832101,1.8625657893723613
JOR,Jordan,2004,6.91,66.1,6.83,4.06,9.26,7.8,6.65,50,45,,78.9,66.3,,70,,86.7,58,70,70,9326.66839127919,,,,,,12.4397933683454,,,,,,,,9.14074035813838,5.806328730627897
JOR,Jordan,2005,6.99,66.7,6.81,4.11,9.17,8.12,6.74,50,46,,79.2,63.5,,70,73.9,81.8,62.4,70,70,9839.68834968723,,,,,,11.9995113358526,,,,,,,,9.194280941836123,5.3540583697742505
JOR,Jordan,2006,6.93,63.7,6.52,4.14,8.73,8.16,7.13,50,53,,78.2,58.3,,56,74.8,84.4,62.2,50,70,9977.75903329275,22.4,5.1,33.9,8,,11.5649599827973,,,,,,,,9.208214016212537,1.3933074376414112
JOR,Jordan,2007,7.05,64.5,6.85,4.18,8.8,8.15,7.26,50,57,,83.2,57.4,,54.9,74.6,83.5,74.2,50,60,10161.4021194103,,,,,,11.1815439002834,,,,,,,,9.22645012226334,1.8236106050803613
JOR,Jordan,2008,6.81,64.1,6.93,4.23,7.49,8.28,7.13,55,53,,83.7,53.2,,56.3,74.6,80.4,74.8,50,60,10641.5894255558,20.4,4.4,32.6,8.4,13.75,10.8225829172059,,,,,,,,9.272619100350191,4.616897808685039
JOR,Jordan,2009,7.04,65.4,6.78,4.15,8.75,8.2,7.32,55,47,,83,56.9,,68.9,74.1,80.3,78.8,50,60,10938.5027244703,,,,,,10.503867772977,,,,,,,,9.300135620141253,2.7516519791062066
JOR,Jordan,2010,7.21,66.1,7.86,4.11,8.48,7.96,7.66,55,51,,83,55.1,,65.6,74.2,73.2,78.8,65,60,10953.537631697,15.3,3.1,33.7,8.2,13.43,10.2428656210469,,,,,,,,9.301509044995274,0.13734248540213656
JOR,Jordan,2011,7.28,68.9,8.1,4.07,8.65,7.98,7.6,55,50,,92.7,60.9,,65.8,74.2,81.4,78.8,70,60,10977.4820450868,,,,,,10.0407243602223,,,,,,,,9.303692458246633,0.21834132513589566
JOR,Jordan,2012,7.25,69.9,8,4.08,8.74,7.98,7.45,55,47,,93.5,67,,69.5,75.7,81.2,79.6,70,60,11086.0299443995,,,,,,9.8716626665815,,,,,,,,9.313531230625518,0.9838772378884642
JOR,Jordan,2013,7.33,70.4,7.92,4.05,9.02,7.98,7.68,60,45,,93.6,68.8,,69.2,75.5,82,79.6,70,60,10799.3538143329,,,,,,9.74763100425039,,,,,,,,9.287334173162074,-2.6197057463443585
JOR,Jordan,2014,7.34,69.2,7.76,3.99,9.49,7.86,7.61,60,45.6,,94,66.9,,62,72.9,81.3,79.6,70,60,10148.99809876,,,,,,9.69549927759453,,,,,,,,9.22522879715563,-6.21053760064445
JOR,Jordan,2015,7.35,69.3,7.56,4.07,9.73,7.92,7.48,60,45,,93.7,70.7,,59.1,74.4,80.6,79.6,70,60,9581.68922567813,,,,,,9.78037807138817,,,,,,,,9.167713544065025,-5.75152530906049
JOR,Jordan,2016,7.37,68.3,7.7,4.1,9.73,7.9,7.45,60,49,,91.7,62,,64.9,68.4,83.1,73.4,70,60,9321.9045113153,,,,,,9.85811196840523,,,,,,,,9.140229501974082,-2.748404209094346
JOR,Jordan,2017,7.33,66.7,7.78,4.06,9.43,7.86,7.49,60.1,49.8,49.5,91.3,73.3,55.5,63.9,58.1,86.7,82,70,60,9339.81039725983,,,,,,9.6370695795226,,,,,,,,9.142148293760819,0.19187917867373727
JOR,Jordan,2018,7.37,64.9,7.84,4.03,9.41,7.9,7.68,57.6,51.9,57.3,92.4,69.4,27.7,63,58.9,88.7,82,70,60,9311.53116265584,,,,,,9.13710909077811,,,,,,,,9.139116209007675,-0.3032084753144204
JOR,Jordan,2019,7.42,66.5,7.62,4.13,9.83,7.91,7.61,58.4,50.3,52.6,91.4,73.4,60.6,61.8,52.7,85,81.4,70,60,9288.52709103516,,,,,,9.27869465995298,,,,,,,,9.136642925349111,-0.24732836585634743
JOR,Jordan,2020,7.33,66,7.73,4.31,9.83,7.28,7.47,64.8,49.6,54.6,91.8,73.5,55.9,60.1,52.5,77.6,81.2,70,60,9022.63930356769,,,,,,8.42159752885731,,,,,,,,9.1076030021464,-2.903992320271165
JOR,Jordan,2021,7.27,64.6,7.47,4.36,9.73,7.29,7.53,66.2,51,60.3,84.7,73.3,45.5,58.9,52.8,82,71,70,60,9182.496161256,,,,,,8.47314539189343,,,,,,,,9.125163256564038,1.7560254417638532
JOR,Jordan,2022,7.33,60.1,7.47,4.33,9.36,7.94,7.54,53.7,49.5,42.6,84.8,71.6,15.9,59.6,57.2,84.2,71.8,70,60,9266.57538251337,,,,,,8.38223999828045,,,,,,,,9.134277069063925,0.9113812499887075
JPN,Japan,1995,7.7,75,6.27,8.24,9.83,7.9,6.35,90,90,,53.6,67.7,,85,,87,82,50,70,37442.8946125519,,,,,,15.2875689162918,,,,,,,,10.530598947952686,
JPN,Japan,1996,,72.6,,,,,,90,90,,53.6,63.9,,85,,88.9,82,50,50,38528.791438519,,,,,,14.8228721736725,,,,,,,,10.559187024642123,2.8588076689436193
JPN,Japan,1997,,70.3,,,,,,90,67,,54.2,63,,85,,92,81,50,50,38814.2535478124,,,,,,14.6593859248958,,,,,,,,10.56656858103054,0.7381556388416755
JPN,Japan,1998,,70.2,,,,,,90,71,,53.8,60.9,,85,,92.9,79,50,50,38217.1955920953,,,,,,14.011523249544,,,,,,,,10.55106700558861,-1.5501575441929205
JPN,Japan,1999,,69.1,,,,,,90,66,,53.9,59.8,,85,,88.2,79,50,50,38020.0940020688,,,,,,13.7635512255745,,,,,,,,10.545896390012159,-0.5170615576451709
JPN,Japan,2000,8.17,70.7,6.95,8.15,9.77,8.39,7.58,90,58,,70.1,63.3,,85,,89,81,50,50,39005.9136305044,,,,,,13.2463678060925,,,,,,,,10.571494181977894,2.5597791965735084
JPN,Japan,2001,8,70.9,6.89,7.91,9.67,8.32,7.22,90,60,,70.4,58.9,,85,,92.8,80.6,50,50,39062.2817355235,,,,,,12.6625344322617,,,,,,,,10.572938218707913,0.14440367300192491
JPN,Japan,2002,7.94,66.7,6.57,7.91,9.66,8.28,7.29,70,64,,70.7,54.4,,70,,90.6,80.4,50,50,38987.9102707538,,,,,,12.3096008017037,,,,,,,,10.571032532644125,-0.1905686063787826
JPN,Japan,2003,8.16,67.6,6.94,8.07,9.74,8.58,7.46,70,71,,70.3,56.7,,70,,89.8,81,50,50,39501.806782419,,,,,,12.1423549161267,,,,,,,,10.584127006147488,1.3094473503363346
JPN,Japan,2004,8.1,64.3,6.71,7.86,9.74,8.61,7.56,70,71,,62.4,55.1,,70,,89.2,80.8,50,30,40351.776374395,,,,,,12.0403172373367,,,,,,,,10.605415478627016,2.12884724795277
JPN,Japan,2005,8.11,67.3,6.77,7.96,9.91,8.05,7.82,70,70,,70.7,57.6,,70,83.3,90.6,80.6,50,30,41075.8243580849,,,,,,11.7431895484861,,,,,,,,10.62319935721031,1.7783878583294666
JPN,Japan,2006,8.01,73.3,6.81,7.99,9.89,7.68,7.64,70,69,,70.9,58.3,,87.2,84.4,92.5,80.2,70,50,41613.1483821427,,,,,,10.9351326507736,,,,,,,,10.636195493766612,1.2996136556301607
JPN,Japan,2007,8.02,72.7,6.79,7.99,9.89,7.77,7.65,70,73,,70.9,58.3,,91.2,83,90.9,80.2,60,50,42182.1758636624,,,,,,10.5453458792008,,,,,,,,10.649776744315082,1.358125054846937
JPN,Japan,2008,7.92,73,6.76,7.91,9.78,7.62,7.5,70,76,,70.3,56.2,,88.1,85.1,94.3,80,60,50,41645.5722078975,3.7,1.8,34.6,6.3,,10.2565008126016,,,,,,,,10.636974344277732,-1.280240003734967
JPN,Japan,2009,7.85,72.8,6.52,7.85,9.83,7.75,7.28,70,75,,67.5,61.1,,85.8,82.5,93.6,82,60,50,39279.498871012,3.2,1.4,33,7,,9.95152366565176,,,,,,,,10.578483462769933,-5.849088150779913
JPN,Japan,2010,7.94,72.9,6.45,7.85,9.86,7.86,7.66,80,73,,67.2,61.1,,84.5,82.4,88.8,82.4,60,50,40881.7972423185,2,0.9,31.5,7.5,,9.63133466671252,,,,,,,,10.618464648229377,3.998118545944429
JPN,Japan,2011,7.88,72.8,6.48,7.8,9.86,7.61,7.66,80,77,,67,58.7,,83.8,81.1,87.9,82.6,60,50,40967.3431400832,2.7,1.1,33,7,,9.39869506833897,,,,,,,,10.620554928914848,0.2090280685470347
JPN,Japan,2012,7.96,71.6,6.5,7.83,9.89,7.84,7.73,80,78,,67.1,47,,81.8,81.4,88.9,81.8,60,50,41596.9238038796,2.4,1.5,32.5,7.2,,9.31931090848193,,,,,,,,10.635805536443295,1.525060752844709
JPN,Japan,2013,7.98,71.8,6.26,7.88,9.82,8.17,7.77,80,80,,69.2,45,,81.3,80.3,90.6,81.8,60,50,42492.2439560498,3.7,1.6,31.5,7.2,,9.12867996445858,,,,,,,,10.65710037653611,2.1294840092815903
JPN,Japan,2014,7.94,72.4,6.33,7.92,9.47,8.29,7.69,80,77.8,,69.2,47.1,,80,79.8,87.5,82.4,70,50,42674.6976301321,1.7,0.9,31.3,7.8,,9.07780809867074,,,,,,,,10.661384895042369,0.428451850625855
JPN,Japan,2015,8.01,73.3,6.16,7.91,9.63,8.46,7.91,80,74,,68.7,47.1,,84.1,90.2,86.7,82.6,70,50,43386.7100739513,2,0.7,30.7,7.9,,8.81954916259362,,,,,,,,10.677931501966475,1.654660692410559
JPN,Japan,2016,8.03,73.1,6.15,7.86,9.72,8.48,7.93,80,76,,68.5,46.2,,82.5,83.9,81.2,82.6,70,60,43736.1305076612,2.6,1.1,31.8,7.3,,8.42781450699563,,,,,,,,10.685952688687387,0.8021186720911899
JPN,Japan,2017,8.04,69.6,6.15,7.85,9.69,8.52,7.99,89.4,86.1,73.8,68.5,52.3,9.5,82.3,77.5,83,82.6,70,60,44505.2792603684,2,1,31.8,7.4,,8.31960341437309,,,,,,,,10.70338556517425,1.743287648686298
JPN,Japan,2018,8.03,72.3,6.15,7.88,9.67,8.37,8.09,86,79.2,73.2,67.4,54.1,49.3,81.7,79.2,85.4,82.3,70,60,44848.4899421798,3.2,1.6,32.9,6.8,,8.22471239794535,,,,,,,,10.711067494895627,0.7681929721377045
JPN,Japan,2019,8.04,72.1,6.09,7.89,9.77,8.4,8.04,84.1,78,68.5,68.2,55,55.7,80.5,79,85.9,80,70,60,44730.9102844958,3.7,1.8,33,6.8,,8.10869689289236,,,,,,,,10.7084424025236,-0.2625092372026572
JPN,Japan,2020,7.89,73.3,5.9,7.94,9.78,8.01,7.83,86.6,80.5,71.4,68.3,55.8,62,81.4,78.7,84.4,80,70,60,42992.4796365328,3.2,1.5,32.3,6.9,,8.10915824404449,,,,,,,,10.668803746818043,-3.963865570555747
JPN,Japan,2021,7.86,74.1,5.82,7.7,9.77,8.03,7.96,87.8,82,75.5,67.8,57.8,67.5,85.9,79,85.1,80.4,60,60,44355.3487163354,,,,,,8.6508100892387,,,,,,,,10.700011127804657,3.1207380986614908
JPN,Japan,2022,7.9,69.9,5.85,7.7,9.55,8.5,7.93,94.6,81.4,95.3,67.4,52.5,19.7,78.3,66.6,87.1,75.4,60,60,44972.3438362201,,,,,,7.88770804842949,,,,,,,,10.713825234043325,1.3814106238667634
KAZ,Kazakhstan,1995,,,8.27,5.31,,,5.52,,,,,,,,,,,,,10600.3302270095,,,,,,40.9713214716405,,,,,,,,9.26873476534066,
KAZ,Kazakhstan,1996,,,,,,,,,,,,,,,,,,,,10857.4353898737,69.5,30.5,35.4,6.9,,41.0873118284358,,,,,,,,9.29269751219469,2.3962746854030215
KAZ,Kazakhstan,1997,,,,,,,,,,,,,,,,,,,,11298.5805497095,,,,,,41.0693912119389,,,,,,,,9.332520884516752,3.9823372322061346
KAZ,Kazakhstan,1998,,41.7,,,,,,30,10,,73.3,85.7,,55,,0,61,30,30,11364.0307809315,,,,,,40.9712668083733,,,,,,,,9.33829644467994,0.5775560163188587
KAZ,Kazakhstan,1999,,47.3,,,,,,30,10,,73.7,89.6,,55,,46.5,61,30,30,11815.7732115429,,,,,,40.7695123593687,,,,,,,,9.377275259743158,3.89788150632171
KAZ,Kazakhstan,2000,5.55,50.4,8.18,5.03,3.49,,5.86,30,10,,80.6,88,,55,,62.6,67,30,30,12935.864368308,,,,,,40.471005618263,,,,,,,,9.467836217848722,9.056095810556464
KAZ,Kazakhstan,2001,5.76,51.8,8.18,5.04,4.29,,5.86,30,23,,79.2,88,,55,,66.2,65,30,30,14612.0290050498,77.4,36.4,36,6.7,27.26,39.9868083377656,,,,,,,,9.58966880735257,12.18325895038479
KAZ,Kazakhstan,2002,5.8,52.4,8.18,5.03,4.51,,5.86,30,30,,79.3,84.1,,55,,68.6,65,30,30,15960.8738450013,75.6,33.6,34.8,7.3,25.19,38.088861156944,,,,,,,,9.67795827294659,8.828946559401984
KAZ,Kazakhstan,2003,5.74,52.3,7.89,5.03,4.57,,5.82,30,27,,77.9,85.2,,55,,70.4,65,30,30,17344.752672995,71,29.8,33.7,7.5,24.13,37.4463238374528,,,,,,,,9.761102952696708,8.31446797501183
KAZ,Kazakhstan,2004,6.18,49.7,8.03,5.02,6.19,,5.86,30,23,,77,84.1,,55,,73.1,65,10,30,18886.5811908122,68.3,26.2,31.8,8.2,23.11,35.8027991135192,,,,,,,,9.846259905224949,8.515695252824074
KAZ,Kazakhstan,2005,6.29,53.9,8.12,5.01,6.33,5.91,6.07,30,24,,82.6,85.9,,55,82.6,73.9,65,10,30,20565.5294470866,64.7,28.6,39.8,5.9,14.68,34.3982320895538,,,,,,,,9.931420249262429,8.516034403747952
KAZ,Kazakhstan,2006,6.07,60.2,7.93,5.02,5.36,5.87,6.13,30,22,,81.6,83.9,,55.9,85.4,73.6,69.2,30,70,22574.3429577665,55.7,16.7,30.2,8.9,12.6,33.5899467410653,,,,,,,,10.024613570097431,9.319332083500242
KAZ,Kazakhstan,2007,6.34,59.6,7.78,5.25,6.72,5.72,6.24,30,26,,81.4,83.7,,58.5,84.3,72.9,69.2,30,60,24351.3464102542,43.3,11.4,30.1,8.9,12.97,32.8092208438947,,,,,,,,10.100383485685654,7.576991558822321
KAZ,Kazakhstan,2008,6.2,61.1,7.48,5.2,6.18,5.64,6.55,30,26,,80.1,84.7,,56.8,85.5,71.9,86.2,30,60,24895.6645683245,42.3,10.5,28.5,9.5,11.12,31.9367150542423,,,,,,,,10.122489120400946,2.21056347152917
KAZ,Kazakhstan,2009,6.48,60.1,7.59,5.16,7.24,5.79,6.64,25,21,,82.8,87.5,,57.9,80.5,70,86.2,30,60,24901.3527260084,43.1,10.9,28.2,9.4,12.89,31.2726209155541,,,,,,,,10.122717564977474,0.02284445765283749
KAZ,Kazakhstan,2010,6.48,61,7.73,5.17,7.37,5.61,6.53,30,22,,87.9,82.1,,73.5,83.1,65.6,85.9,30,50,26374.8407672795,37.5,8.7,28,9.5,11.34,31.0015881211964,,,,,,,,10.180203747702691,5.7486182725217105
KAZ,Kazakhstan,2011,6.54,62.1,7.66,5.29,7.82,5.35,6.59,35,27,,87.3,78.5,,74.3,88.4,69.9,80.9,30,50,27946.1603432944,23.9,4.7,28,9.5,9.73,30.3604139051912,,,,,,,,10.238070875686404,5.786712798371241
KAZ,Kazakhstan,2012,6.75,63.6,7.78,5.37,8.14,5.72,6.73,40,29,,90.4,83.4,,72.9,88.7,71.8,79.6,30,50,28881.2417563728,23.6,4.6,28.2,9.4,10.26,29.2082049278269,,,,,,,,10.270982213137344,3.2911337450940437
KAZ,Kazakhstan,2013,6.79,63,7.89,5.37,8.4,5.55,6.75,35,27,,93.2,84.5,,71.8,88.4,72.2,78.2,30,50,30177.4887221736,18,3.2,27.1,9.8,9.05,28.5690937330718,,,,,,,,10.314884655593323,4.390244245597863
KAZ,Kazakhstan,2014,6.86,63.7,7.53,5.45,8.41,6.14,6.76,30,25.7,,92.9,85,,74.4,86.7,74.4,78.2,40,50,30986.4379168995,19.3,3.5,27,9.9,9.27,27.0742881279755,,,,,,,,10.341337172852919,2.6452517259595965
KAZ,Kazakhstan,2015,6.97,63.3,7.86,5.51,8.25,6.35,6.89,25,26,,93.2,85,,73.7,87,74.6,79,40,50,30893.7594851041,22.2,4.1,26.8,10,9.04,25.617530717533,,,,,,,,10.338341852551494,-0.29953203014247975
KAZ,Kazakhstan,2016,6.8,63.6,7.9,5.4,7.56,6.5,6.65,30,29,,93,87.7,,72.3,82.7,74,77.4,40,50,30758.3227260598,29.1,6,27.2,9.8,7.03,25.5794596029812,,,,,,,,10.333948405368721,-0.43934471827729027
KAZ,Kazakhstan,2017,7.06,69,7.94,5.4,8.37,6.91,6.7,56.1,38,56.5,93.3,85.7,98.9,74.5,82.5,73.9,78.5,40,50,31524.4416339794,23.6,4.5,27.5,9.8,,25.5396055974042,,,,,,,,10.358550169743065,2.4601764374343915
KAZ,Kazakhstan,2018,7.14,69.1,8.04,5.45,8.55,6.76,6.91,56,44.6,58.1,92.6,85.3,87.3,74.3,86.8,68.2,75.6,50,50,32330.2274546567,18.8,3.3,27.8,9.8,7.05,25.4889217830775,,,,,,,,10.383788836427993,2.523866668492758
KAZ,Kazakhstan,2019,7.26,65.4,8.01,5.46,8.74,7.2,6.9,59.3,40.3,56.1,93.4,83.7,41,73.9,86.2,70.9,80,50,50,33298.2123695035,19.3,3.4,28,9.8,,25.4262260484176,,,,,,,,10.413289023121346,2.950018669335286
KAZ,Kazakhstan,2020,7.06,69.6,7.7,5.49,8.77,6.68,6.68,61.3,40.9,62.1,92.3,85.5,84.1,74.6,86,68.1,80.2,50,50,32011.5491499004,18.6,3.1,28.7,9.8,,25.2248842940699,,,,,,,,10.373883265841249,-3.9405757280096765
KAZ,Kazakhstan,2021,7.01,71.1,7.73,5.49,8.57,6.53,6.73,60.2,44.6,62.8,93.6,86.7,98.3,76.2,86.2,70,74.6,50,50,32945.8515725823,15.2,2.4,29.2,9.8,,25.0104340498962,,,,,,,,10.402650983698605,2.876771785735599
KAZ,Kazakhstan,2022,6.89,64.4,7.68,5.51,7.45,7.01,6.79,55.3,37.9,34.5,92.7,86.5,93.5,64.7,62.7,69.1,75.4,50,50,33506.2614893237,,,,,,24.9834881396574,,,,,,,,10.419517455199248,1.6866471500643243
KEN,Kenya,1995,5.63,54.5,6,4.3,6.5,6.25,4.92,50,50,,68,63,,55,,50.4,53.6,50,50,3890.0985511465,,,,,,59.8102376154633,,,,,,,,8.26644680063772,
KEN,Kenya,1996,,56.4,,,,,,50,50,,69.3,62.6,,55,,53.7,67,50,50,3941.40919481353,,,,,,59.6478226381942,,,,,,,,8.27954728618476,1.3100485547040464
KEN,Kenya,1997,,60.1,,,,,,50,50,,69.1,71,,55,,67.8,58,50,70,3853.37139280354,82.2,44,45,5.6,14.46,59.5865165776857,,,,,,,,8.256963209874662,-2.2584076310097956
KEN,Kenya,1998,,58.4,,,,,,50,22,,72.5,74.2,,55,,71.1,60.6,50,70,3871.82176322447,,,,,,59.4634915608919,,,,,,,,8.261738658116117,0.4775448241455038
KEN,Kenya,1999,,58.2,,,,,,50,22,,73.9,76.1,,55,,70.1,57,50,70,3848.46470612727,,,,,,59.3161429548415,,,,,,,,8.255689380245698,-0.604927787041909
KEN,Kenya,2000,6.09,59.7,5.96,3.61,8.36,6.6,5.9,50,25,,73.8,78.1,,55,,72,63,50,70,3756.63622296879,,,,,,59.4283080552709,,,,,,,,8.231545374587759,-2.4144005657939616
KEN,Kenya,2001,6.18,57.6,6.06,3.61,8.8,6.5,5.9,50,20,,77.3,76.5,,55,,78.9,60.6,50,50,3778.25854755615,,,,,,59.6452595330022,,,,,,,,8.237283117933252,0.5737743345493485
KEN,Kenya,2002,6.39,58.2,6.23,3.56,9.29,6.6,6.26,50,21,,77.9,78.1,,55,,76.4,65,50,50,3681.2569427491,,,,,,59.8521651126704,,,,,,,,8.21128114283168,-2.6001975101571873
KEN,Kenya,2003,6.32,58.6,6.28,3.87,8.52,6.78,6.11,50,20,,78.1,85.2,,55,,78.6,60.2,50,50,3674.08592758409,,,,,,60.0706834526201,,,,,,,,8.209331793029126,-0.19493498025546785
KEN,Kenya,2004,6.36,57.7,7.65,3.78,8.22,6.02,6.16,50,19,,78.9,79.2,,55,,82.9,54,50,50,3743.56785736929,,,,,,60.1467896316854,,,,,,,,8.228061497402454,1.8729704373328104
KEN,Kenya,2005,6.78,57.9,8.35,3.9,8.31,6.44,6.87,50,19,,78.9,83,,55,59.4,77.6,56.2,50,50,3844.73557120578,87.5,52,46.4,5,32.74,60.1981601452947,,,,,,,,8.254720169548378,2.66586721459241
KEN,Kenya,2006,6.67,59.7,8.38,3.96,7.79,6.58,6.65,50,21,,78.9,82.6,,65.2,60,74.7,64.4,50,50,3970.73349887685,,,,,,60.2746055620568,,,,,,,,8.286957927968691,3.223775842031351
KEN,Kenya,2007,6.81,59.6,8.27,3.97,8.34,6.66,6.78,40,21,,78.9,82.1,,64.5,59.9,74.4,75,50,50,4116.45094720856,,,,,,60.2331742985607,,,,,,,,8.322989548734581,3.6031620765889727
KEN,Kenya,2008,6.38,59.3,7.9,4.08,6.58,6.73,6.63,35,22,,78.2,84.8,,65.6,60.1,72.2,75,50,50,4002.88364073792,,,,,,60.3162548955221,,,,,,,,8.295020079258075,-2.796946947650625
KEN,Kenya,2009,6.59,58.7,7.69,4.04,8.12,6.78,6.33,30,21,,78.6,81.5,,66.9,63.1,74,71.8,50,50,4012.19428382397,,,,,,60.4128237651572,,,,,,,,8.29734278270677,0.2322703448694341
KEN,Kenya,2010,6.69,57.5,7.72,4.26,8.47,6.71,6.27,30,21,,78.1,83.1,,63.4,63.7,72.7,67.9,45,50,4211.52462957784,,,,,,60.4144393357643,,,,,,,,8.345817421427581,4.8474638720811924
KEN,Kenya,2011,6.51,57.4,7.79,4.31,7.39,6.67,6.41,30,22,,77.6,72.8,,62.2,62.9,73.2,72.8,50,50,4307.10611556858,,,,,,60.3697946616743,,,,,,,,8.368253670184744,2.2436248757163213
KEN,Kenya,2012,6.67,57.5,7.81,4.43,7.96,6.62,6.5,30,21,,77.7,75.3,,61.7,63.3,79.1,66.7,50,50,4387.93790075409,,,,,,60.3859276717689,,,,,,,,8.386842540751067,1.8588870566322413
KEN,Kenya,2013,6.68,55.9,7.72,4.47,8.39,6.63,6.2,30,22,,77.5,73.5,,58,57.1,73.8,66.7,50,50,4443.371215682,,,,,,60.3988903080815,,,,,,,,8.399393679152565,1.2551138401498463
KEN,Kenya,2014,6.74,57.1,8.04,4.51,8.19,6.49,6.47,30,21,,78,74.6,,55.8,64,74.9,72.8,50,50,4558.55155266374,,,,,,60.4059303984054,,,,,,,,8.424979553958279,2.5585874805713615
KEN,Kenya,2015,6.66,55.6,7.69,4.45,8.41,6.51,6.25,30,27,,78,72.1,,47.9,63.8,72.8,64,50,50,4679.62182831938,85.8,48,40.8,6.2,24.58,60.4082523896868,,,,,,,,8.451186249384362,2.6206695426083115
KEN,Kenya,2016,6.62,57.5,6.66,4.51,8.67,6.57,6.71,30,25,,79.4,80.8,,48.6,62.2,73.5,65.6,60,50,4770.31046388086,,,,,,60.4376479753784,,,,,,,,8.470376276524254,1.9190027139892152
KEN,Kenya,2017,6.58,53.5,6.94,4.56,8.58,6.58,6.26,45.1,24.7,42.7,78.5,77.9,14.4,50,62.4,73.8,67.2,55,50,4846.86210851932,,,,,,60.4497082887266,,,,,,,,8.486293084382455,1.59168078582006
KEN,Kenya,2018,6.76,54.7,7.36,4.48,8.89,6.5,6.56,47.9,27.5,44,78.5,77.5,14.1,55.5,62.9,74,69.8,55,50,5017.66784674664,,,,,,60.4179053081158,,,,,,,,8.520919808295169,3.462672391271404
KEN,Kenya,2019,6.75,55.1,7.11,4.43,9.01,6.45,6.75,53.8,32.1,46.9,79.5,77.8,13.8,55.8,63.4,72.7,60.4,55,50,5171.71264279257,,,,,,60.4376558126849,,,,,,,,8.55115251902942,3.023271073425171
KEN,Kenya,2020,6.73,55.3,7.32,4.46,9.02,6.21,6.64,63.2,28.2,48.6,78.7,79.6,13.5,55,55.8,75,60.4,55,50,5057.40115537429,91,53.6,36.2,7.3,,63.0648966221714,,,,,,,,8.52880573515144,-2.234678387798006
KEN,Kenya,2021,6.75,54.9,7.07,4.67,8.98,6.2,6.82,60.4,29.5,41.5,78.7,80.2,12.6,56.7,57.1,75.4,62.2,55,50,5338.85243382781,91.3,54.3,38.7,7.2,,64.8848849716783,,,,,,,,8.582953297457768,5.414756230632811
KEN,Kenya,2022,6.82,52.6,7.08,4.83,8.94,6.4,6.87,40.6,30.9,39,79,82.2,10.6,56.1,56.8,75.5,56,55,50,5491.69378280246,90.9,53.9,37.7,7.2,,64.564882355435,,,,,,,,8.611174084984134,2.8220787526365143
KGZ,Kyrgyz Republic,1995,,,,3.81,,,2.38,,,,,,,,,,,,,2974.71163891294,,,,,,36.3034521262482,,,,,,,,7.998238495731742,
KGZ,Kyrgyz Rep,1996,,,,,,,,,,,,,,,,,,,,3138.66615671114,,,,,,36.7789152963279,,,,,,,,8.051871753731232,5.36332579994907
KGZ,Kyrgyz Rep,1997,,,,,,,,,,,,,,,,,,,,3399.93427126665,,,,,,36.8517717179114,,,,,,,,8.131805458524248,7.993370479301554
KGZ,Kyrgyz Rep,1998,,51.8,,,,,,30,30,,72.3,72.6,,55,,41.1,65,50,50,3419.22330736215,87.5,52.1,46.3,4.4,,36.9207866052884,,,,,,,,8.13746112247539,0.5655663951142031
KGZ,Kyrgyz Rep,1999,,54.8,,,,,,30,30,,72.7,83.7,,55,,56.9,65,50,50,3491.93773268741,,,,,,36.7657216940527,,,,,,,,8.158498418334574,2.1037295859184013
KGZ,Kyrgyz Republic,2000,,55.7,,3.88,2.77,,5.74,30,30,,69.3,86.8,,55,,65,65.2,50,50,3638.46314292227,97.6,65.2,31,8.6,25.34,36.4490415283092,,,,,,,,8.199591461545163,4.109304321058893
KGZ,Kyrgyz Republic,2001,5.53,53.7,7.46,3.88,4.31,,5.97,30,22,,68.7,86.8,,55,,55.7,65,50,50,3795.89059344129,97.7,63.3,30.2,8.8,27.32,36.244528692136,,,,,,,,8.241937745869159,4.2346284323995675
KGZ,Kyrgyz Republic,2002,5.61,51.7,7.46,3.88,4.65,,5.97,30,22,,72.5,61.1,,55,,60,65,50,50,3760.53239965257,97.5,62.4,30.3,8.6,21.82,36.1797585815607,,,,,,,,8.232581706455822,-0.9356039413336958
KGZ,Kyrgyz Republic,2003,5.53,56.8,7.46,3.88,4.42,,5.9,30,22,,76.5,90.3,,55,,67.6,69.4,50,50,3982.92722017802,97.1,60.5,28.7,9.3,22.06,35.9046931513043,,,,,,,,8.29002335051002,5.744164405419916
KGZ,Kyrgyz Republic,2004,6.25,58,7.46,3.88,7.42,,5.96,30,22,,85.5,84.4,,55,,76.2,69.4,50,50,4211.52248307857,86.8,46.4,34.8,7.7,14.31,35.5135603472233,,,,,,,,8.345816911875708,5.579356136568769
KGZ,Kyrgyz Republic,2005,6.57,56.6,7.46,3.95,8.49,6.81,6.16,30,21,,85.1,81.5,,55,64.8,78.8,69.4,30,50,4156.95849230116,91.2,50.3,32.6,8.4,25.53,35.377880755824,,,,,,,,8.332779485756578,-1.3037426119129947
KGZ,Kyrgyz Republic,2006,6.49,61,7.62,3.91,7.81,6.77,6.34,30,22,,90,81.3,,60.7,71.6,77.9,76.4,50,50,4240.17017797554,81.9,41.1,37.4,7.3,21.7,35.323734988662,,,,,,,,8.352594495520636,1.9815009764057478
KGZ,Kyrgyz Republic,2007,6.56,60.2,7.81,4.02,7.23,6.96,6.79,30,23,,92.7,77.1,,59.9,71.1,77.1,81.4,40,50,4558.71267894172,84.2,41.2,33.9,7.6,25.65,35.1930407271377,,,,,,,,8.425014891519272,7.242039599863581
KGZ,Kyrgyz Republic,2008,6.31,61.1,7.73,4.02,5.84,7.1,6.86,30,22,,93.9,76.1,,60.7,71.3,75.6,81.4,50,50,4894.9427801376,80.6,34.8,31.5,8.4,19.65,34.8278755240514,,,,,,,,8.49616213706047,7.114724554119789
KGZ,Kyrgyz Republic,2009,6.61,61.8,7.65,4,7.62,6.82,6.97,25,21,,93.4,74.9,,75.3,69.5,71.5,87.6,50,50,4969.96132720374,80.1,33.2,29.9,9.1,20.01,34.8046601917646,,,,,,,,8.511368526383007,1.5206389322537817
KGZ,Kyrgyz Republic,2010,6.48,61.3,7.65,4.06,7.38,6.76,6.55,25,18,,92.9,80.2,,76.6,82.6,62.2,75.9,50,50,4876.47964886483,82.5,35.5,30.1,8.7,20.36,34.8917141726324,,,,,,,,8.492383900036451,-1.898462634655651
KGZ,Kyrgyz Republic,2011,6.39,61.1,7.71,4.25,6.71,6.73,6.52,25,19,,92.6,74.2,,75.4,88.1,68.6,63.2,55,50,5092.85165751678,83.5,34.6,27.8,9.7,12.25,35.8838879005957,,,,,,,,8.535789534093936,4.340563405748554
KGZ,Kyrgyz Republic,2012,6.62,60.2,7.75,4.36,8.14,6.61,6.23,20,20,,93.1,66.5,,74.1,88.9,71,63.2,55,50,4993.39431683528,85.2,36,27.4,9.6,5.82,34.9804739799448,,,,,,,,8.516071425839487,-1.9718108254449973
KGZ,Kyrgyz Republic,2013,6.66,59.6,7.85,4.49,7.68,6.64,6.63,20,21,,94.8,56.4,,73.2,88.6,66.7,75.4,50,50,5418.54061993935,85.1,37.4,28.8,9.3,9.9,39.4497505244087,,,,,,,,8.597766334372904,8.169490853341799
KGZ,Kyrgyz Republic,2014,6.9,61.1,7.89,4.49,7.86,7.58,6.68,20,19.2,,94.6,60.2,,74.2,83.8,73.7,75.2,60,50,5513.7544695252,84.1,34.3,26.8,10,9.38,39.8961257084516,,,,,,,,8.615182410211531,1.741607583862681
KGZ,Kyrgyz Republic,2015,6.82,61.3,7.47,4.55,7.96,7.52,6.58,20,24,,93.6,53.2,,73.7,85,73.8,80.2,60,50,5600.2143342846,85.1,36.5,29,9.5,10.68,36.906275052589,,,,,,,,8.630738698623638,1.5556288412106767
KGZ,Kyrgyz Republic,2016,7.01,59.6,7.42,4.58,9.11,7.51,6.43,20,27,,93.7,56.3,,65.3,80.4,68.4,75,60,50,5715.01041179003,83.7,34.3,26.8,10,8.25,35.1209541308741,,,,,,,,8.651026360564899,2.0287661941260637
KGZ,Kyrgyz Republic,2017,7.02,61.1,7.48,4.58,8.92,7.54,6.59,50.9,30.3,17.2,93.7,55.2,78.9,73.7,79.8,68.5,75.3,60,50,5861.22200040503,83.5,34.2,27.3,9.9,,33.1980267068851,,,,,,,,8.676283991656616,2.5257631091717414
KGZ,Kyrgyz Republic,2018,7.04,62.8,7.38,4.57,9.21,7.31,6.72,50.2,29.4,22.1,93.8,58.2,89.2,73.3,77.9,74.9,74.5,60,50,5951.82876758606,80.3,31.1,27.7,9.9,,33.0029969579374,,,,,,,,8.691621808685616,1.5337817028999723
KGZ,Kyrgyz Republic,2019,7.02,62.3,7.33,4.64,9.22,7.25,6.68,49.9,27.2,27.9,94.1,54.2,78.4,73.4,79.8,74.4,78.6,60,50,6087.60193826927,78.9,29.7,29.7,9.6,7.03,31.384617531956,,,,,,,,8.7141737675628,2.2551958877183864
KGZ,Kyrgyz Republic,2020,6.77,62.9,7.1,4.62,8.51,6.99,6.64,53.6,32,31.3,94.1,58.5,66.7,73.6,79.6,76.4,79.2,60,50,5537.79547319377,81.3,33.4,29,9.4,13.32,32.3106470299395,,,,,,,,8.619532332490156,-9.464143507264389
KGZ,Kyrgyz Republic,2021,6.72,63.7,7.39,4.61,7.52,7.32,6.77,46,33.7,23.3,94.8,63.8,90.6,72.6,79.5,77.5,72.8,60,50,5736.47883415154,76.9,29.3,28.8,9.5,8,30.8009936926706,,,,,,,,8.654775165325228,3.5242832835072235
KGZ,Kyrgyz Republic,2022,6.53,55.8,7.09,4.47,7.07,7.38,6.65,25.1,28.8,11.8,94.8,66.7,79,56.1,52.2,71.4,73.2,60,50,6139.77788825006,76.8,28.2,26.4,10,7.34,30.6547650737201,,,,,,,,8.72270670501385,6.793153968862242
KHM,Cambodia,1995,,,5.52,3.46,,,3.49,,,,,,,,,,,,,1672.73928514136,,,,,,62.9322412815576,,,,,,,,7.422815495276966,
KHM,Cambodia,1996,,,,,,,,,,,,,,,,,,,,1643.01579058314,,,,,,62.8747713645069,,,,,,,,7.404897180547577,-1.7918314729389095
KHM,Cambodia,1997,,52.8,,,,,,30,30,,91.7,91.8,,55,,62.1,15,50,50,1595.17130656935,,,,,,62.6250772301556,,,,,,,,7.375363107192973,-2.953407335460412
KHM,Cambodia,1998,,59.8,,,,,,30,30,,91.6,91.6,,55,,72,68,50,50,1602.38371208931,,,,,,62.4108548973972,,,,,,,,7.379871495199583,0.4508388006610353
KHM,Cambodia,1999,,59.9,,,,,,30,30,,91.6,92,,55,,72.2,68,50,50,1775.41239802043,,,,,,62.1818683966817,,,,,,,,7.482351102689038,10.247960748945495
KHM,Cambodia,2000,6.56,59.3,8.62,3.78,8.5,,4.99,30,30,,91.6,91.3,,55,,67.7,68,50,50,1922.03179092592,,,,,,61.7698079239569,,,,,,,,7.561658277394884,7.930717470584625
KHM,Cambodia,2001,6.37,59.6,7.63,3.77,8.5,,5.07,30,30,,91.6,94.1,,55,,73.2,62.8,50,50,2032.08092022373,,,,,,60.2233259229859,,,,,,,,7.617307616192697,5.564933879781275
KHM,Cambodia,2002,6.44,60.7,7.77,3.6,8.87,,5.07,30,30,,91.3,91.3,,55,,81.6,67,50,50,2126.34150468987,,,,,,59.8599085179104,,,,,,,,7.662628359289247,4.532074309654988
KHM,Cambodia,2003,6.66,63.7,8.6,3.59,9.22,,4.9,30,30,,91.3,92.5,,55,,86.5,68,50,70,2309.83931482788,,,,,,59.502757643048,,,,,,,,7.745366077276265,8.273771798701812
KHM,Cambodia,2004,6.76,61.1,9.17,3.59,8.75,,5.22,30,30,,91.4,91,,55,,80.8,52,50,70,2491.30930003838,,,,,,59.1116971745853,,,,,,,,7.8209649893958035,7.55989121195384
KHM,Cambodia,2005,7.06,60,10,3.72,8.33,,5.8,30,30,,91.3,90.4,,55,43.9,87,52,50,70,2781.89028895255,,,,,,58.7487709772473,,,,,,,,7.9312453388848505,11.028034948904697
KHM,Cambodia,2006,6.93,56.7,9.94,3.73,8.31,,5.48,30,10,,91.3,90.9,,43,44.2,83.7,53.4,50,70,3041.10471220153,,,,,,58.3368108249381,,,,,,,,8.020304894383788,8.90595554989373
KHM,Cambodia,2007,6.86,55.9,9.65,3.73,8.09,,5.65,30,23,,91.4,93.3,,43.5,44.3,81,52.2,50,50,3308.15747246544,,,,,,58.0096490355929,,,,,,,,8.104448895929641,8.414400154585344
KHM,Cambodia,2008,6,55.9,8.48,3.9,5.62,,5.63,30,21,,91.4,94.2,,43,46.3,80.9,52.2,50,50,3501.9257021932,,,,,,57.7287307152963,,,,,,,,8.161353813207555,5.690491727791347
KHM,Cambodia,2009,6.32,56.6,6.89,3.91,8.85,,5.11,30,20,,91.4,94.5,,42.7,44.5,80,63.4,50,50,3587.60889588362,,,,,24.39,57.3777005821421,,,,,,,,8.185519912204217,2.4166098996662555
KHM,Cambodia,2010,6.52,56.6,8.02,3.91,8.27,7,5.41,30,18,,91,92.9,,39.9,43.6,70.5,70,60,50,3711.53750580157,,,,,21.57,57.003354482368,,,,,,,,8.219470885632738,3.3950973428520825
KHM,Cambodia,2011,6.44,57.9,7.58,3.95,8.47,7,5.21,30,20,,90.9,94.2,,39.5,46.3,78,70,60,50,3921.97911563308,,,,,17.24,56.6315771694773,,,,,,,,8.27460662262492,5.513573699218277
KHM,Cambodia,2012,6.55,57.6,7.42,3.8,8.88,7.03,5.62,30,21,,91.1,90,,40.7,47.2,80.7,65.2,60,50,4159.16354123446,,,,,,56.2800241776482,,,,,,,,8.333309665279327,5.8703042654405735
KHM,Cambodia,2013,6.53,58.5,7.6,3.64,9.04,7.03,5.35,30,21,,90.9,88.4,,39.4,54.2,81.3,70.2,60,50,4419.3988680186,,,,,,55.9055748887973,,,,,,,,8.39398521263338,6.067554735405345
KHM,Cambodia,2014,6.71,57.4,8.12,3.67,8.94,7.24,5.58,30,18.7,,90.8,88.4,,36.6,50.2,77.9,71,60,50,4702.73061823207,,,,,12.48,55.5505649063301,,,,,,,,8.456111221406374,6.212600877299401
KHM,Cambodia,2015,6.95,57.5,9.09,3.73,9.18,7.16,5.6,25,20,,90.5,87.5,,29.2,62.2,78.7,72.2,60,50,4968.57276699143,,,,,,55.1735387706775,,,,,,,,8.511089153019729,5.497793161335451
KHM,Cambodia,2016,6.9,57.9,8.98,3.71,8.77,7.24,5.8,25,21,,90.5,87.4,,32.3,62.5,78.1,72.2,60,50,5283.72964943779,,,,,,54.7909197696648,,,,,,,,8.572576742679505,6.148758965977663
KHM,Cambodia,2017,6.97,59.5,9.26,3.69,8.88,7.26,5.77,42.4,12.8,22.1,90.2,88.1,95.7,29.6,62,81,80.3,60,50,5632.03125629342,,,,,,54.4251241530486,,,,,,,,8.636402987662104,6.382624498259837
KHM,Cambodia,2018,6.98,58.7,9.21,3.73,8.81,7.27,5.87,36,17.7,24.5,89.8,86.5,92.1,30.6,57.7,79.7,80.3,60,50,6050.59088262205,,,,,,54.0217305096052,,,,,,,,8.708076472263366,7.167348460126277
KHM,Cambodia,2019,7.01,57.8,9.17,3.75,9.03,7.26,5.87,37.4,16.7,27.6,89.7,85.9,89.1,29.9,63,79.4,65.4,60,50,6448.88455952805,,,,,13.6,53.6343183294795,,,,,,,,8.771817511882062,6.374103961869615
KHM,Cambodia,2020,6.81,57.3,9.09,3.75,8.79,6.66,5.78,43.1,14.8,28.1,89.4,83.9,94.8,31.2,62.5,74.8,65.4,50,50,6128.78243783335,,,,,,53.7591195524134,,,,,,,,8.72091453691924,-5.090297496282226
KHM,Cambodia,2021,6.76,57.3,8.91,3.78,8.82,6.69,5.62,39.9,17,23.2,89.1,84.3,98.3,30.9,62.6,75.1,66.6,50,50,6225.53265474741,,,,,12.39,53.347560114545,,,,,,,,8.736574900626277,1.5660363707036495
KHM,Cambodia,2022,6.85,57.1,8.77,3.78,8.7,7.33,5.66,41.2,12.3,20.9,88.7,81.5,98,55.2,47.8,74.7,64.8,50,50,6458.3681488084,,,,,,53.0609368327681,,,,,,,,8.773286782210977,3.6711881584700734
KIR,Kiribati,1995,,,,,,,,,,,,,,,,,,,,2498.7876151917,,,,,,,,,,,,,,7.823961053324183,
KIR,Kiribati,1996,,,,,,,,,,,,,,,,,,,,2455.50107360313,,,,,,,,,,,,,,7.806493288654457,-1.746776466972566
KIR,Kiribati,1997,,,,,,,,,,,,,,,,,,,,2439.41011578482,,,,,,,,,,,,,,7.799921384403027,-0.6571904251430283
KIR,Kiribati,1998,,,,,,,,,,,,,,,,,,,,2502.86206993942,,,,,,,,,,,,,,7.825589646812808,2.5668262409780596
KIR,Kiribati,1999,,,,,,,,,,,,,,,,,,,,2364.34619150483,,,,,,,,,,,,,,7.768679671399328,-5.690997541347986
KIR,Kiribati,2000,,,,,,,,,,,,,,,,,,,,2481.41524257587,,,,,,,,,,,,,,7.816987253373082,4.8307581973753955
KIR,Kiribati,2001,,,,,,,,,,,,,,,,,,,,2357.58189014518,,,,,,,,,,,,,,7.765815823404218,-5.117142996886415
KIR,Kiribati,2002,,,,,,,,,,,,,,,,,,,,2341.69553872722,,,,,,,,,,,,,,7.7590574850054,-0.6758338398817898
KIR,Kiribati,2003,,,,,,,,,,,,,,,,,,,,2258.03381830985,,,,,,,,,,,,,,7.722692486833968,-3.6364998171431573
KIR,Kiribati,2004,,,,,,,,,,,,,,,,,,,,2199.67074158217,,,,,,,,,,,,,,7.696517475416521,-2.6175011417446825
KIR,Kiribati,2005,,,,,,,,,,,,,,,,,,,,2183.78113886233,,,,,,,,,,,,,,7.689270937232416,-0.7246538184105589
KIR,Kiribati,2006,,,,,,,,,,,,,,,,,,,,2264.16158033718,82.7,38.7,37,6.6,0.7,,,,,,,,,7.725401373269917,3.6130436037501212
KIR,Kiribati,2007,,,,,,,,,,,,,,,,,,,,2286.4464773202,,,,,,,,,,,,,,7.735191398983132,0.97900257132153
KIR,Kiribati,2008,,,,,,,,,,,,,,,,,,,,2172.35767589525,,,,,,,,,,,,,,7.684028566755162,-5.11628322279698
KIR,Kiribati,2009,,45.7,,,,,,30,33,,42.2,0,,62.5,85.6,88.7,55,30,30,2137.96593927055,,,,,,,,,,,,,,7.6680777852859405,-1.5950781469221909
KIR,Kiribati,2010,,43.7,,,,,,30,31,,42.2,0,,65.6,86.1,71.9,55.4,25,30,2119.64018013945,,,,,,,,,,,,,,7.659473293845653,-0.8604491440287632
KIR,Kiribati,2011,,44.8,,,,,,30,28,,60.3,0,,62.9,85.1,71.1,55.4,25,30,2150.38301837654,,,,,,,,,,,,,,7.673866178677053,1.439288483140011
KIR,Kiribati,2012,,46.9,,,,,,30,32,,72.4,0,,61.2,85.5,77.3,55.4,25,30,2242.01379114528,,,,,,,,,,,,,,7.715575683027958,4.170950435090504
KIR,Kiribati,2013,,45.9,,,,,,30,31,,71.2,0,,59.2,78.5,78.4,55.4,25,30,2382.37034452158,,,,,,,,,,,,,,7.776270876069261,6.069519304130289
KIR,Kiribati,2014,,46.3,,,,,,30,29.2,,71.4,0,,57,83.6,81.3,55.4,25,30,2381.34837325608,,,,,,,,,,,,,,7.775841991637893,-0.042888443136757104
KIR,Kiribati,2015,,46.4,,,,,,30,29.2,,73,0,,56.8,83.9,80.6,55.4,25,30,2615.8414365735,,,,,,,,,,,,,,7.869723310925119,9.388131928722565
KIR,Kiribati,2016,,46.2,,,,,,30,29.2,,73.3,0,,51.6,83.9,81,58.2,25,30,2761.9336523043,,,,,,,,,,,,,,7.92404831171592,5.4325000790800715
KIR,Kiribati,2017,,50.9,,,,,,48,37.6,33,73.6,0,99.5,51.5,71.9,82,58.2,25,30,2822.669652935,,,,,,,,,,,,,,7.945792613348173,2.174430163225338
KIR,Kiribati,2018,,50.8,,,,,,45,37.9,35.3,72.4,0,98.5,53.1,71.6,82,58.2,25,30,2877.60204999231,,,,,,,,,,,,,,7.965060055977386,1.926744262921254
KIR,Kiribati,2019,,47.3,,,,,,44.1,35.1,34.3,73,0,98.6,41.9,50.7,81.1,53.2,25,30,2927.48453366722,74.9,28.1,27.8,9.5,2.09,,,,,,,,,7.982240344200275,1.718028822288975
KIR,Kiribati,2020,,45.2,,,,,,47.5,24.3,34.2,72.4,0,99,40.6,62.9,82.2,23.8,25,30,2834.68581354366,,,,,,,,,,,,,,7.950039096445668,-3.2201247754607643
KIR,Kiribati,2021,,44.4,,,,,,44.8,27.9,33.1,70.7,0,98.9,32,63.9,82.5,23.8,25,30,3020.49399935695,,,,,,,,,,,,,,8.013506689818158,6.346759337248997
KIR,Kiribati,2022,,59.2,,,,,,70.6,45.4,81.8,69.3,0,99.4,63.2,65.1,80.7,80,25,30,3107.77604642687,,,,,,,,,,,,,,8.04198437350692,2.8477683688763022
KOR,"Korea, Rep.",1995,7.19,72,7.49,6.87,8.02,8.15,5.52,90,70,,63.3,85.6,,70,,80.1,69.2,50,70,20697.8969808345,,,,,,27.2872636514237,,,,,,,,9.93783569188369,
KOR,Korea South,1996,,73,,,,,,90,70,,64.4,86.4,,70,,79.6,77,50,70,22139.7963785414,,,,,,26.9186538746107,,,,,,,,10.00517717573954,6.734148385585037
KOR,Korea South,1997,,69.8,,,,,,90,43,,68.1,86.9,,70,,80.9,69.2,50,70,23311.0420901741,,,,,,26.5632769492039,,,,,,,,10.056725333948718,5.154815820917769
KOR,Korea South,1998,,73.3,,,,,,90,50,,72.4,87.3,,70,,80.9,69.2,70,70,22000.3387603516,,,,,,26.4052268857819,,,,,,,,9.998858583232254,-5.7866750716463855
KOR,Korea South,1999,,69.7,,,,,,90,43,,67.8,85.5,,70,,81.5,69.6,70,50,24382.2508517369,,,,,,26.1638859291175,,,,,,,,10.101651735070552,10.279315183829851
KOR,"Korea, Rep.",2000,7.14,69.7,7.22,6.48,7.58,7.78,6.68,90,42,,71.8,85.5,,70,,78.9,69.2,70,50,26404.1588575745,,,,,,25.8585795088961,,,,,,,,10.181314681315873,7.966294624532111
KOR,"Korea, Rep.",2001,7.25,69.1,7.17,6.57,8.05,8.08,6.41,90,38,,71.7,79.7,,70,,84.5,67.8,70,50,27440.6564915847,,,,,,25.7403926187744,,,,,,,,10.219817447786882,3.85027664710087
KOR,"Korea, Rep.",2002,7.33,69.5,7.33,6.58,8.32,8.05,6.41,90,40,,69.9,82.7,,70,,85.2,67.6,70,50,29395.2766036796,,,,,,25.3780482757976,,,,,,,,10.288623299173127,6.88058513862444
KOR,"Korea, Rep.",2003,7.33,68.3,7.19,6.58,8.54,7.98,6.41,70,42,,74.2,81.8,,70,,83.4,73.2,70,50,30142.4605585814,,,,,,24.585321490468,,,,,,,,10.313723281733658,2.5099982560531586
KOR,"Korea, Rep.",2004,7.42,67.8,7.14,6.55,8.83,8.09,6.54,70,45,,73.9,80.8,,70,,84,66.6,70,50,31579.5283048867,,,,,,24.2359448928716,,,,,,,,10.360296016766812,4.657273503315373
KOR,"Korea, Rep.",2005,7.52,66.4,7.12,6.82,9.47,7.42,6.76,70,43,,69.5,77.8,,70,56.6,83.3,73.6,70,50,32886.0472450743,,,,,,24.0234303627002,,,,,,,,10.400834158475353,4.053814170854153
KOR,"Korea, Rep.",2006,7.57,67.5,7.14,7.01,9.4,7.58,6.74,70,45,,71.2,77.6,,85.6,57.7,83.1,65,70,50,34429.6222013137,2.7,0.9,31.7,7.4,,23.607264468376,,,,,,,,10.446701627656756,4.58674691814025
KOR,"Korea, Rep.",2007,7.67,67.8,7.44,6.93,9.42,7.77,6.77,70,50,,71.6,76.3,,84.3,57.3,78.9,69.2,70,50,36257.3401689702,,,,,,23.2494986584719,,,,,,,,10.498424707446707,5.17230797899515
KOR,"Korea, Rep.",2008,7.48,68.6,7.37,6.71,9.16,7.69,6.49,70,51,,71.1,77.3,,84.1,56,80,66.4,70,60,37064.1518484106,2.2,0.9,32.3,7.3,,22.9478338053956,,,,,,,,10.52043250389642,2.2007796449711847
KOR,"Korea, Rep.",2009,7.47,68.1,7.07,6.66,9.25,7.75,6.61,70,51,,70.4,72.5,,90.4,46.4,80,70.2,70,60,37176.1939270969,,,,,,21.9190368011596,,,,,,,,10.523450785783254,0.30182818868347283
KOR,"Korea, Rep.",2010,7.6,69.9,7.3,6.63,9.23,7.84,7.02,70,56,,71.1,74.9,,91.9,47.1,77.4,70.8,70,70,39574.0500732947,2.7,1.1,32,7.4,,21.2438611318192,,,,,,,,10.585954150024337,6.250336424108305
KOR,"Korea, Rep.",2011,7.64,69.8,7.34,6.65,9.26,7.83,7.1,70,55,,72.2,73,,91.6,46.5,78.7,70.8,70,70,40719.2273771671,,,,,,20.8616078825624,,,,,,,,10.614480235127456,2.8526085103118604
KOR,"Korea, Rep.",2012,7.64,69.9,7.12,6.59,9.47,7.84,7.17,70,54,,72.8,67.2,,93.6,49.7,78.9,72.6,70,70,41537.6728611117,2.2,0.8,31.6,7.4,,20.764974606777,,,,,,,,10.634380148463114,1.9899913335658326
KOR,"Korea, Rep.",2013,7.65,70.3,7.07,6.51,9.61,7.78,7.26,70,54,,73,72.8,,93.6,48.7,77.9,72.6,70,70,42709.9751857887,,,,,,20.3675133447186,,,,,,,,10.662211196302284,2.78310478391699
KOR,"Korea, Rep.",2014,7.7,71.2,7.03,6.61,9.63,7.89,7.35,70,54,,72.6,72.6,,92.8,47.8,79.6,72.6,70,80,43806.9250985661,2,0.7,31.2,7.6,,19.8406926363261,,,,,,,,10.687570018320601,2.5358822018317184
KOR,"Korea, Rep.",2015,7.71,71.5,6.96,6.71,9.71,7.84,7.3,75,55,,72.5,67.9,,89.7,51.1,81.6,72.6,70,80,44849.106767089,,,,,,19.7124816263033,,,,,,,,10.71108124802121,2.3511229700609704
KOR,"Korea, Rep.",2016,7.71,71.7,6.94,6.7,9.66,7.94,7.3,70,55,,73.8,69.7,,91.1,50.6,82.6,74.6,70,80,46088.2430785383,1.2,0.4,35.2,6.7,,19.5126643893658,,,,,,,,10.738334862896652,2.72536148754412
KOR,"Korea, Rep.",2017,7.73,74.3,7.02,6.78,9.54,7.97,7.36,77.8,67.3,59.9,73.7,68.9,97.4,90.6,57,84,79.5,65,70,47536.7898568851,1.2,0.4,34.9,6.7,,19.3896373849128,,,,,,,,10.769280249654372,3.0945386757720073
KOR,"Korea, Rep.",2018,7.67,73.8,6.73,6.77,9.55,7.97,7.36,79.4,49.9,63.7,73.3,68.8,97,90.7,58.7,83.9,80.4,70,70,48834.4471157733,1,0.3,33.7,7.1,,18.9655592570695,,,,,,,,10.796211703481587,2.693145382721518
KOR,"Korea, Rep.",2019,7.62,72.3,6.46,6.78,9.63,7.97,7.27,79.3,50.5,57.5,64.2,68.6,96.8,91.3,57.4,82,80.4,70,70,49790.8679884821,0.5,0.2,33.2,7.4,6.8,18.9689051686772,,,,,,,,10.815606956274952,1.9395252793364293
KOR,"Korea, Rep.",2020,7.44,74,6.25,6.83,9.57,7.34,7.21,82.5,67.5,61,63.9,67.7,96.7,90.5,56.2,82.1,80,70,70,49374.0926148025,0.5,0.2,32.7,7.6,4.11,19.3280514310827,,,,,,,,10.8072013779445,-0.8405578330451746
KOR,"Korea, Rep.",2021,7.42,74,6.26,6.86,9.3,7.36,7.3,80.7,68.9,63.4,63,86.9,96.7,89.5,55.8,84.4,79,60,60,51718.2518656631,0.5,0.2,32.9,7.5,4.45,19.1130541438887,,,,,,,,10.853585367693453,4.6383989748953525
KOR,"Korea, Rep.",2022,7.52,74.6,6.3,6.94,9.07,8,7.27,90.5,69.2,77.1,60.4,84.5,95.3,84.8,55.6,85.2,73,60,60,53228.6035655365,,,,,,18.5907853606545,,,,,,,,10.8823699785632,2.8784610869747596
KWT,Kuwait,1995,6.68,,4.87,5.1,9.03,8.26,5.96,,,,,,,,,,,,,64093.5178778949,,,,,,3.65655655883057,,,,,,,,11.06811411472551,
KWT,Kuwait,1996,,66.1,,,,,,90,70,,99.9,10.9,,85,,81.7,77,30,50,62665.2243536425,,,,,,3.23262594231685,,,,,,,,11.045577894932512,-2.253621979299858
KWT,Kuwait,1997,,64.8,,,,,,90,70,,99.9,0.8,,85,,80.1,77,30,50,62151.9518270333,,,,,,3.09179983582481,,,,,,,,11.03735359101668,-0.8224303915831399
KWT,Kuwait,1998,,66.3,,,,,,90,70,,99.9,16.4,,85,,78.5,77,30,50,62450.0884424765,,,,,,3.15833811342129,,,,,,,,11.042138944424682,0.4785353408001569
KWT,Kuwait,1999,,69.5,,,,,,90,70,,99.9,40.6,,85,,82,78,30,50,59533.9542752452,,,,,,3.00870622517595,,,,,,,,10.99431888585349,-4.782005857119209
KWT,Kuwait,2000,6.58,69.7,5.94,4.89,7.91,8.3,5.86,90,70,,99.9,39.3,,85,,85,78.2,30,50,60585.3026788164,,,,,,2.8236229646546,,,,,,,,11.011824118106768,1.7505232253277825
KWT,Kuwait,2001,6.84,68.2,6.07,4.89,8.15,8.3,6.78,90,70,,99.9,44.5,,70,,80.8,78.6,30,50,59099.6653133601,,,,,,2.88826304615349,,,,,,,,10.986997460748086,-2.482665735868217
KWT,Kuwait,2002,6.9,65.4,6.24,4.89,8.08,8.33,6.95,70,70,,99.9,41.9,,70,,80.2,76.8,30,50,59348.6172741565,,,,,,2.95350290321106,,,,,,,,10.991200951392868,0.4203490644782093
KWT,Kuwait,2003,6.98,66.7,6.17,4.89,8.5,8.34,6.95,70,70,,99.9,48.8,,70,,81.6,80.2,30,50,67984.3145062554,,,,,,2.76119432009552,,,,,,,,11.127046997691544,13.584604629867592
KWT,Kuwait,2004,6.94,63.6,6.09,4.88,8.49,8.33,6.87,50,70,,99.9,42.2,,70,,83.2,77,30,50,73298.0621819477,,,,,,2.50266330092595,,,,,,,,11.202303093549345,7.525609585780124
KWT,Kuwait,2005,6.9,64.6,6.71,5.03,8.16,8.21,6.39,50,53,,99.9,51.3,,70,80.2,83.7,77.8,30,50,78193.9012127585,,,,,,2.21315811355671,,,,,,,,11.266959722524783,6.465662897543822
KWT,Kuwait,2006,6.98,66.5,6.5,5.07,8.51,8.04,6.74,50,46,,99.9,57.1,,71,80.3,83.1,77.2,50,50,79521.3484338455,,,,,,1.65859185909426,,,,,,,,11.283793373513157,1.6833650988374416
KWT,Kuwait,2007,7.04,66.4,6.91,5.04,8.24,8.03,6.93,50,47,,99.9,60.7,,70.7,80.1,78.8,77.2,50,50,79474.7611346377,,,,,,1.30644912940052,,,,,,,,11.283207362765388,-0.058601074776909456
KWT,Kuwait,2008,6.66,68.1,5.74,4.96,7.74,7.93,6.89,55,48,,99.9,74.6,,68.6,80.2,73.8,81,50,50,77036.5083833055,,,,,,0.82362535897962,,,,,,,,11.252047704091593,-3.115965867379522
KWT,Kuwait,2009,6.66,65.6,6.13,4.97,7.31,8.04,6.82,50,43,,99.9,63.7,,67.4,79.3,71.7,81,50,50,67896.2680451995,,,,,,1.02669361685263,,,,,,,,11.125751077762368,-12.62966263292249
KWT,Kuwait,2010,6.53,67.7,5.59,5.19,7.6,8.01,6.24,50,43,,99.9,76.6,,65.8,88,66.4,82.5,55,50,62956.2152904125,,,,,,0.962369973428855,,,,,,,,11.050210652291208,-7.554042547116069
KWT,Kuwait,2011,6.49,64.9,5.58,5.17,7.51,7.96,6.25,50,41,,99.9,69.7,,64.4,67.9,69.3,81.6,55,50,64844.5019019408,,,,,,0.721842039081634,,,,,,,,11.079762825765192,2.955217347398431
KWT,Kuwait,2012,6.64,62.5,5.91,5.15,7.85,7.88,6.43,50,45,,99.9,47.2,,61.8,63.5,71.3,81.6,55,50,64908.262639237,,,,,,0.589700862755826,,,,,,,,11.080745614222382,0.09827884571897982
KWT,Kuwait,2013,6.67,63.1,6,5.07,7.89,7.84,6.57,50,46,,99.9,61.5,,57.7,62.8,71.6,76.8,55,50,62458.8089221249,,,,,,0.562162798186077,,,,,,,,11.042278571628499,-3.8467042593882894
KWT,Kuwait,2014,6.57,62.3,5.79,5.04,8.41,7.25,6.38,50,43.7,,97.7,55.6,,57.7,63.6,73.2,76.7,55,50,60065.6544076232,,,,,,0.595639722872997,,,,,,,,11.003210131397621,-3.9068440230877854
KWT,Kuwait,2015,6.33,62.5,5.85,5.04,7.58,7.21,5.97,45,43,,97.7,61.1,,58.6,64.2,74,76.2,55,50,57763.5174574395,,,,,,0.595306298647134,,,,,,,,10.964129981336647,-3.908015006097365
KWT,Kuwait,2016,6.58,62.7,5.95,5.06,8.2,7.31,6.4,45,44,,97.7,57.7,,63.4,62.7,74.2,77.2,55,50,56936.620842726,,,,,,1.14905616602664,,,,,,,,10.949711576375051,-1.4418404961595854
KWT,Kuwait,2017,6.48,65.1,5.94,5.07,8.21,7.25,5.91,55.5,41.3,56.4,97.7,40.8,99.8,61.2,61.5,73.6,78.7,55,60,52285.5871175696,,,,,,1.21925097180796,,,,,,,,10.864495156694284,-8.521641968076743
KWT,Kuwait,2018,6.55,62.2,5.94,5.09,8.15,7.42,6.15,52,36.6,53.5,97.7,20.5,99.3,57.2,61.5,73.7,79.1,55,60,51623.8078622052,,,,,,1.32173232965099,,,,,,,,10.85175760845893,-1.2737548235353557
KWT,Kuwait,2019,6.61,60.8,5.87,5.09,8.18,7.42,6.48,52.9,35.3,43.3,97.7,17.3,99.1,57.4,61.7,70.6,79,55,60,51380.6455354631,,,,,,1.53157544343525,,,,,,,,10.847036296921427,-0.47213115375033254
KWT,Kuwait,2020,6.61,63.2,5.93,5.13,8.47,7.03,6.48,57.1,46,47,97.7,22.4,99.6,61.3,62.2,73.2,76.4,55,60,49372.8187938552,,,,,,2.12463046922691,,,,,,,,10.807175578754833,-3.9860718166593756
KWT,Kuwait,2021,6.51,64.1,5.91,5.12,8.02,7.38,6.12,57.4,47.5,52.6,97.7,21.4,99.7,66,62.2,73.6,75.8,55,60,50651.9575337091,,,,,,2.05834426577761,,,,,,,,10.832752899555702,2.557732080086872
KWT,Kuwait,2022,6.45,58.3,5.9,5.13,7.74,7.35,6.12,41.9,43.8,42,97.7,4,99.7,55.4,52.7,71.7,75.6,55,60,51379.8833194119,,,,,,1.92644210721402,,,,,,,,10.847021462408113,1.4268562852411293
LAO,Lao PDR,1995,,,,4.06,,,,,,,,,,,,,,,,2368.05475182536,,,,,,90.2098073458868,,,,,,,,7.770246315679539,
LAO,Laos,1996,,38.5,,,,,,10,10,,32.3,90.2,,40,,62.8,81,10,10,2473.77285753148,,,,,,89.6968997359555,,,,,,,,7.813903896056477,4.365758037693812
LAO,Laos,1997,,35.1,,,,,,10,10,,32.3,82.4,,40,,55.4,66,10,10,2589.20762864101,95.6,62.6,34.9,8.1,,89.236257453355,,,,,,,,7.859493316978961,4.558942092248408
LAO,Laos,1998,,35.2,,,,,,10,10,,32.2,85.2,,40,,53.1,66,10,10,2642.56618699585,,,,,,88.6106532416228,,,,,,,,7.879884112999991,2.0390796021030333
LAO,Laos,1999,,35.2,,,,,,10,10,,32.5,85.7,,40,,52.1,66,10,10,2786.52039703471,,,,,,88.0618211282411,,,,,,,,7.932907733063471,5.302362006348016
LAO,Lao PDR,2000,4.15,36.8,2.94,3.61,3.52,,6.38,10,10,,71.1,85.5,,40,,28.4,66,10,10,2899.01961879748,,,,,,87.5350779593578,,,,,,,,7.972472781054261,3.9565047990789637
LAO,Lao PDR,2001,3.53,33.5,2.94,3.6,3.52,,4.13,10,10,,71,81.3,,40,,13.8,55.6,10,10,3015.63258480614,,,,,,87.0268152433193,,,,,,,,8.011896450107722,3.942366905346084
LAO,Lao PDR,2002,5.41,36.8,9.79,3.59,3.52,,6.75,10,10,,66.4,91.3,,40,,38.1,55.6,10,10,3143.22327579556,93.6,54.3,32.6,8.6,19.04,86.4860589585877,,,,,,,,8.053322167501962,4.142571739424028
LAO,Lao PDR,2003,5.29,41,9.48,3.58,3.52,,6.52,10,10,,70.6,87.9,,40,,55,55.6,30,10,3282.9853971272,,,,,,85.9483821795192,,,,,,,,8.096813023889839,4.349085638787642
LAO,Lao PDR,2004,5.42,42,10,3.59,3.52,,6.67,10,10,,70.6,87.1,,40,,64,56.6,30,10,3441.16999706515,,,,,,85.4292426848323,,,,,,,,8.143857364588827,4.704434069898866
LAO,Lao PDR,2005,5.39,44.4,9.68,3.59,3.52,,6.78,10,10,,70.9,89.8,,40,61.3,61.6,60.6,30,10,3630.55878769378,,,,,,84.8879922101432,,,,,,,,8.197417253182792,5.355988859396454
LAO,Lao PDR,2006,5.25,47.5,8.67,3.61,3.52,,6.81,10,10,,70.8,89.4,,51.1,62.5,63.3,58,30,30,3881.53736632657,,,,,,84.2659318985805,,,,,,,,8.264244179271847,6.682692608905505
LAO,Lao PDR,2007,5.29,50.3,8.87,3.96,3.52,,6.45,10,33,,70.8,92.8,,52.1,62.5,71.3,60.8,30,20,4112.25301659759,90.2,50,35.4,8,15.38,83.8680272986421,,,,,,,,8.321969482651914,5.772530338006732
LAO,Lao PDR,2008,4.97,50.3,8.07,3.97,3.52,,5.65,10,26,,71,92.1,,60.8,63.4,73,57,30,20,4367.162880257,,,,,,83.4542142782035,,,,,,,,8.382097806165634,6.012832351371955
LAO,Lao PDR,2009,6.47,50.4,7.82,4.44,7.29,,5.81,10,19,,70.6,89.7,,59.5,63.5,75.4,66.4,30,20,4625.07173324518,,,,,,83.0094278989121,,,,,,,,8.439463349209245,5.736554304361086
LAO,Lao PDR,2010,6.12,51.1,6.89,4.44,6.31,,6.4,15,20,,80.1,90.3,,59.4,58.9,73.5,68.4,25,20,4946.10563678173,,,,,,82.3803129414813,,,,,,,,8.506557964705348,6.709461549610296
LAO,Lao PDR,2011,6.23,51.3,7.48,4.44,6.12,,6.53,20,20,,79.9,90.1,,58.8,49.9,80.4,68.4,25,20,5266.87866924206,,,,,,81.8062795070503,,,,,,,,8.569383030943053,6.282506623770523
LAO,Lao PDR,2012,6.04,50,6.44,4.45,6.52,,6.16,15,21,,79.8,86.6,,61.6,55.7,76.9,58.7,25,20,5608.96956337059,82.5,39.8,36,7.6,16.43,81.2324442154023,,,,,,,,8.632300573077886,6.291754213483358
LAO,Lao PDR,2013,5.38,50.1,6.06,4.46,6.35,,3.8,15,22,,79.7,85.8,,62.1,54.7,73,58.7,30,20,5974.47368943414,,,,,,80.8366103077468,,,,,,,,8.695418652223715,6.311807914582879
LAO,Lao PDR,2014,5.93,51.2,6.8,4.46,6.74,6.63,5,15,18.6,,86.6,86.7,,60.7,54.9,75.5,58.6,35,20,6341.2122967032,,,,,,80.4325885617527,,,,,,,,8.754982929262592,5.956427703887712
LAO,Lao PDR,2015,6.04,51.4,7.05,4.53,7.07,6.58,4.98,15,26,,86.2,86.8,,59.5,57.1,74.5,58.6,30,20,6703.74124348885,,,,,,79.9914931027485,,,,,,,,8.81057020339599,5.558727413339781
LAO,Lao PDR,2016,6.1,49.8,6.97,4.51,7.05,6.64,5.31,15,25,,86.1,73.8,,55.9,57.6,71.3,58.6,35,20,7063.25545347926,,,,,,79.4815493339898,,,,,,,,8.862802904353504,5.223270095751431
LAO,Lao PDR,2017,6.28,54,7.24,4.35,7.12,7.37,5.29,35.3,32.6,35.9,86.1,76.6,61.2,66.3,54.4,70.2,74.6,35,20,7432.4596330485,,,,,,78.9678261860315,,,,,,,,8.913746659628828,5.0943755275323355
LAO,Lao PDR,2018,6.32,53.6,7.2,4.37,7.2,7.39,5.42,34.1,33.1,41.4,86.7,79.3,60.2,65.4,55,76,56.6,35,20,7775.08574451883,75.3,33.8,38.8,7,9.87,78.5131930524803,,,,,,,,8.958808372895174,4.5061713266346
LAO,Lao PDR,2019,6.31,57.4,7.19,4.33,7.09,7.37,5.56,38.8,33.5,42.5,86.9,85.3,66.5,60.1,60.1,78.5,81.8,35,20,8075.27502377003,,,,,,78.1073781518287,,,,,,,,8.99668603330683,3.7877660411655967
LAO,Lao PDR,2020,6.14,55.5,7.16,4.43,6.92,6.74,5.44,42.5,32,37.3,87,86.6,53.3,54.3,58.6,76.8,82,35,20,7995.59502527818,,,,,,77.8490784865733,,,,,,,,8.986771108219061,-0.9914925087768367
LAO,Lao PDR,2021,6.18,53.9,6.92,4.39,7.05,6.76,5.77,38.8,34.5,37.6,87.1,86.8,51.1,54.7,59.1,74.5,67.8,35,20,8080.43553249923,,,,,,77.3729365768897,,,,,,,,8.99732480064787,1.0553692428809214
LAO,Lao PDR,2022,5.86,49.2,6.94,4.4,4.7,7.4,5.85,41.1,20.4,11.1,87.2,88.4,44,60.5,44.3,71.8,66.8,35,20,8183.03286472653,,,,,,77.1092946471943,,,,,,,,9.009940323352447,1.2615522704576776
LBN,Lebanon,1995,,,7.29,4.21,,,5.43,,,,,,,,,,,,,10762.4426963776,,,,,,26.8985537693193,,,,,,,,9.283910735736612,
LBN,Lebanon,1996,,63.2,,,,,,50,10,,98,79.9,,70,,66.4,75,50,70,11757.2824887935,,,,,,26.5390070921986,,,,,,,,9.372313163915434,8.840242817882249
LBN,Lebanon,1997,,63.9,,,,,,50,10,,98,78.5,,70,,73.9,75,50,70,11668.4006854372,,,,,,26.3314287793871,,,,,,,,9.364725368815112,-0.7587795100322481
LBN,Lebanon,1998,,59,,,,,,50,10,,98,70.8,,70,,75.8,36.6,50,70,11885.3072278409,,,,,,26.2720267977013,,,,,,,,9.383142363467442,1.8416994652330487
LBN,Lebanon,1999,,59.1,,,,,,50,10,,98,70,,70,,76.8,36.6,50,70,11617.2497708538,,,,,18.69,26.2783319123647,,,,,,,,9.360332396931629,-2.2809966535813686
LBN,Lebanon,2000,4.24,56.1,7.76,3.13,0.02,,5.43,50,10,,96.7,41.9,,70,,79.9,36.6,50,70,11571.7326041085,,,,,,26.2914540950266,,,,,,,,9.356406972431966,-0.3925424499662711
LBN,Lebanon,2001,4.26,61,7.91,3.03,0.02,,5.43,50,10,,92.3,63.3,,70,,86.2,57,50,70,11817.9305012844,,,,,,26.2806429397897,,,,,,,,9.377457804741496,2.105083230953042
LBN,Lebanon,2002,5.16,57.1,8.23,2.86,4.17,,5.43,30,10,,92,61.1,,55,,92.3,53.4,50,70,12053.8341563826,,,,,,26.2324893587258,,,,,,,,9.39722103327324,1.9763228531743948
LBN,Lebanon,2003,5.35,56.7,8.4,2.86,4.87,,5.43,30,10,,92.4,65.1,,55,,91.3,46.8,50,70,12272.3440677497,,,,,,26.1564807175812,,,,,,,,9.415185040731535,1.7964007458294518
LBN,Lebanon,2004,5.55,56.9,8.53,3.33,5,,5.43,30,10,,92.4,60.3,,55,,83.5,61,50,70,12882.0757995163,,,,,,26.0214985022284,,,,,,,,9.463669775459406,4.848473472787163
LBN,Lebanon,2005,5.61,57.2,8.52,3.55,5.06,,5.43,30,30,,91.7,54.4,,55,59.2,82.9,69,30,70,13024.6648924956,,,,,,24.3626775522682,,,,,,,,9.474676912727185,1.1007137267778688
LBN,Lebanon,2006,6.82,57.5,8.5,3.55,9.54,,5.43,30,27,,91.3,54.6,,56.7,61,82,72.4,30,70,13003.680803908,,,,,,22.8632785804805,,,,,,,,9.473064633476042,-0.1612279251142823
LBN,Lebanon,2007,6.96,60.4,8.54,3.55,9.24,,6.8,30,31,,93.9,64.3,,56.6,62.3,88.4,77.4,30,70,13941.5614244767,,,,,,21.4699344410715,,,,,,,,9.542701413810878,6.963678033483589
LBN,Lebanon,2008,6.5,60,8.54,3.55,8.14,,5.69,30,36,,91.4,69.5,,55.6,62.2,77.8,77.4,30,70,14955.1413563252,,,,,,21.1648638241386,,,,,,,,9.612877287531692,7.01758737208138
LBN,Lebanon,2009,6.82,58.1,8.53,3.57,9.31,,5.73,30,30,,91.7,64.1,,60,57.4,77.3,80.8,30,60,16264.3506182706,,,,,,20.8353053311836,,,,,,,,9.696792395285662,8.391510775397037
LBN,Lebanon,2010,6.77,59.5,8.81,3.53,9.05,6.96,5.42,30,30,,91.6,62.8,,56.6,57,71.4,80.5,55,60,17390.7584012958,,,,,,20.5157567584326,,,,,,,,9.763751717894667,6.695932260900506
LBN,Lebanon,2011,6.8,60.1,8.74,3.53,9.22,6.93,5.54,25,25,,91,64.9,,57.5,59,77.7,80.5,60,60,17353.1960845294,5.5,1.2,31.8,7.9,,20.3343688825391,,,,,,,,9.761589605386604,-0.21621125080635295
LBN,Lebanon,2012,6.61,60.1,8.22,3.45,9.1,6.95,5.33,25,25,,90.8,68.2,,53.9,60.6,76.9,80.4,60,60,17323.3013764282,,,,,,20.2387828708149,,,,,,,,9.759865498652157,-0.1724106734446451
LBN,Lebanon,2013,6.75,59.5,8.42,3.38,9.55,6.99,5.37,20,25,,90.8,74.6,,50.3,57.2,76.5,80.4,60,60,16396.4969302163,,,,,,20.2205943588872,,,,,,,,9.704883975957403,-5.498152269475476
LBN,Lebanon,2014,6.72,59.4,8.5,3.48,9.68,6.6,5.35,20,24.5,,90.9,73.7,,55.6,58.7,74.5,75.8,60,60,15205.873265402,,,,,,20.2943851526622,,,,,,,,9.629502793141242,-7.5381182816160575
LBN,Lebanon,2015,6.71,59.3,8.7,3.6,9.37,6.64,5.22,20,28,,91.3,70.6,,54.7,60.7,72,75.8,60,60,14980.020515614,,,,,,20.4292245062864,,,,,,,,9.614539379958671,-1.4963413182570662
LBN,Lebanon,2016,6.77,59.5,8.73,3.58,9.63,6.61,5.31,20,27,,91.3,75.7,,59.1,57.3,79,75.8,60,50,15572.3611739774,,,,,,20.5304636355844,,,,,,,,9.653317116544992,3.8777736586320444
LBN,Lebanon,2017,6.69,53.3,8.66,3.54,9.39,6.59,5.26,43.8,23.3,25.3,91.8,76.1,0,51.5,49.5,78.4,84.4,65,50,16128.5838196051,,,,,,20.5514882740481,,,,,,,,9.68841036915,3.509325260500873
LBN,Lebanon,2018,6.61,53.2,8.42,3.55,9.11,6.64,5.3,39.7,20.2,33.6,91.9,78.2,0,48.8,44.2,81.9,84.5,65,50,16290.0516478592,,,,,,20.5103592437456,,,,,,,,9.698371257391953,0.9960888241952404
LBN,Lebanon,2019,6.48,51.1,8.38,3.53,9.4,5.77,5.29,39.5,18.2,26.6,91.8,75.6,0,47.9,46.5,78.1,79,60,50,15659.5661040012,,,,,,20.3169002811764,,,,,,,,9.658901118572201,-3.947013881975181
LBN,Lebanon,2020,5.21,51.7,8.86,3.44,4.99,3.49,5.27,44.6,25,30.8,90.8,72.5,0,45.6,47.8,75.6,77.4,60,50,12507.4366368078,,,,,,20.121702438661,,,,,,,,9.43415862657156,-22.4742492000642
LBN,Lebanon,2021,5.26,51.4,9.08,3.43,4.99,3.54,5.28,42.3,27.9,33.1,88.5,70.3,0,44.3,47.4,78.3,74.4,60,50,11599.7755083765,,,,,,19.3154853281372,,,,,,,,9.358827229030204,-7.533139754135476
LBN,Lebanon,2022,5.35,47.3,8.78,3.53,4.99,4.16,5.28,33.7,22.8,27.4,88.5,77.4,0,48.8,54.2,41.1,74.2,50,50,11474.7505845558,50.7,19.5,35.3,6.8,,19.4660658327121,,,,,,,,9.347991443208384,-1.083578582182021
LBR,Liberia,1995,,,,3.19,,,,,,,,,,,,,,,,534.809715165406,,,,,,82.2525893955396,,,,,,,,6.283779089020417,
LBR,Liberia,1996,,,,,,,,,,,,,,,,,,,,582.677982536092,,,,,,83.158510119278,,,,,,,,6.369349430984504,8.557034196408697
LBR,Liberia,1997,,,,,,,,,,,,,,,,,,,,1111.93760251371,,,,,,82.6796109732741,,,,,,,,7.0147582872724605,64.54088562879568
LBR,Liberia,1998,,,,,,,,,,,,,,,,,,,,1308.40568305294,,,,,,82.1192775638513,,,,,,,,7.1773286361938,16.257034892133948
LBR,Liberia,1999,,,,,,,,,,,,,,,,,,,,1507.31470254594,,,,,,81.5178987380389,,,,,,,,7.318748215486387,14.14195792925872
LBR,Liberia,2000,4.51,,8,1.91,4.01,,4.63,,,,,,,,,,,,,1868.17975587618,,,,,,80.9339321319262,,,,,,,,7.533254980399646,21.450676491325904
LBR,Liberia,2001,4.57,,8.21,1.93,4.01,,4.63,,,,,,,,,,,,,1867.11910921753,,,,,,80.4207359179244,,,,,,,,7.532687379720433,-0.056760067921324264
LBR,Liberia,2002,4.18,,6.87,1.93,4.01,,4.63,,,,,,,,,,,,,1887.64601570733,,,,,,80.062043156733,,,,,,,,7.543615457515378,1.0928077794945423
LBR,Liberia,2003,4.58,,8.21,1.96,4.01,,4.63,,,,,,,,,,,,,1308.15090140274,,,,,,79.8808261525366,,,,,,,,7.177134039176102,-36.64814183392764
LBR,Liberia,2004,4.92,,8.48,2.58,4.01,,5.02,,,,,,,,,,,,,1326.53565502695,,,,,,79.6848452641912,,,,,,,,7.191079611532767,1.3945572356664826
LBR,Liberia,2005,5.33,,9.31,2.95,4.01,,5.33,,,,,,,,,,,,,1335.61728880785,,,,,,79.5582077155443,,,,,,,,7.197897289908659,0.68176783758922
LBR,Liberia,2006,5.36,,9.34,3.02,4.01,,5.35,,,,,,,,,,,,,1364.60347323709,,,,,,79.3863767190707,,,,,,,,7.2193517148550646,2.145442494640548
LBR,Liberia,2007,5.39,,9.34,3.1,4.01,,5.35,,,,,,,,,,,,,1422.10019670004,96.2,63.6,36.4,6.5,35.79,79.2181711115549,,,,,,,,7.260593007909013,4.1241293053948525
LBR,Liberia,2008,5.37,,9.34,3.09,4.01,,5.35,,,,,,,,,,,,,1463.12408187297,,,,,,79.003322543107,,,,,,,,7.289012446307434,2.8419438398421093
LBR,Liberia,2009,5.57,48.1,9.34,3.84,4.05,,5.35,25,21,,73.8,97.2,,40.2,49.8,70.1,53.8,30,20,1492.99817384053,,,,,,78.7732908785746,,,,,,,,7.309211143363053,2.0198697055619164
LBR,Liberia,2010,5.58,46.2,9.34,3.82,4.08,,5.38,25,24,,67.8,82.3,,52.8,51.3,65.4,53.8,20,20,1538.85083488512,,,,,,78.4788827868288,,,,,,,,7.339440830252189,3.0229686889136076
LBR,Liberia,2011,5.31,46.5,8.36,3.83,3.98,,5.38,30,31,,73.3,66.5,,51.8,48.9,69.5,53.8,20,20,1601.03374045996,,,,,,78.2650683856638,,,,,,,,7.379029188867165,3.9588358614975228
LBR,Liberia,2012,5.4,48.6,8.23,3.83,4.6,,5.2,30,33,,76.6,74.8,,55.9,50.6,71.8,53.8,20,20,1668.97289588776,,,,,,78.0126477738854,,,,,,,,7.420562675271763,4.153348640459864
LBR,Liberia,2013,5.93,49.3,7.86,3.82,7.06,,5.28,30,32,,76.6,77.8,,56.5,47.2,72,61.4,20,20,1774.5205777394,,,,,,77.7646450659639,,,,,,,,7.481848942143861,6.1286266872097706
LBR,Liberia,2014,6.32,52.4,7.99,3.8,8.33,6.03,5.43,30,33.8,,83.6,70.5,,62.3,47,72.9,64.1,40,20,1750.1438489328,89.6,47.1,33.2,7.8,37.83,77.5488319890524,,,,,,,,7.468024481357441,-1.382446078642019
LBR,Liberia,2015,6.13,52.7,6.97,3.73,8.67,5.9,5.36,25,38,,83,69.9,,60.1,43.9,72.7,74.4,40,20,1714.09047960464,,,,,,77.457249033694,,,,,,,,7.447221115995359,-2.0803365362081827
LBR,Liberia,2016,6.17,52.2,7.24,3.61,8.89,5.85,5.25,25,37,,83.8,67.7,,55.1,44.5,71,72.8,45,20,1653.31050211233,88.3,47.4,35.3,7.2,37.16,77.3158930253096,,,,,,,,7.41113958596514,-3.608153003021908
LBR,Liberia,2017,6.03,49.1,6.72,3.66,8.49,5.85,5.41,33.6,31.4,41,83.6,60.1,36.2,53.1,48.5,71.8,60.1,50,20,1661.30290782171,,,,,,77.1983576048261,,,,,,,,7.415959213816013,0.4819627850872976
LBR,Liberia,2018,5.7,50.9,6.61,3.64,7.19,5.91,5.15,28.2,32,42.4,77.5,59.4,39.1,53.1,59.5,71.4,72.8,55,20,1647.97443793846,,,,,,77.0695398684804,,,,,,,,7.407908820886059,-0.8050392929954242
LBR,Liberia,2019,5.76,49.7,7.11,3.66,7.1,5.82,5.11,26.7,24.2,39,82.7,62.1,69.1,50.6,38.3,68.9,60.1,55,20,1575.76665001238,,,,,,77.0088146681194,,,,,,,,7.363131605191436,-4.47772156946229
LBR,Liberia,2020,5.7,49,5.87,3.69,7.9,5.72,5.34,31.1,23.8,37.9,86.1,65.5,59.7,48.2,38.2,62.1,60.6,55,20,1497.37692436272,,,,,,78.306367667894,,,,,,,,7.312137750826244,-5.099385436519199
LBR,Liberia,2021,5.87,49.2,5.99,3.7,8.6,5.72,5.34,29.5,27,40.4,85.8,68.3,54.3,48.9,41.4,58.5,60.8,55,20,1539.20892304674,,,,,,77.7844948154024,,,,,,,,7.339673350522169,2.753559969592523
LBR,Liberia,2022,5.87,47.9,5.9,3.74,8.56,5.82,5.34,32.2,25.1,23.4,86.1,68,64.6,34.8,43.2,61.7,60.8,55,20,1578.99837069175,,,,,,77.6401208449059,,,,,,,,7.365179094812728,2.550574429055885
LBY,Libya,1995,,,,2.77,,,,,,,,,,,,,,,,17723.2679211029,,,,,,19.3557160216984,,,,,,,,9.782690048493942,
LBY,Libya,1996,,31.7,,,,,,10,10,,33.3,73,,40,,60.2,39,10,10,17809.1519222171,,,,,,19.2689979707362,,,,,,,,9.787523906411115,0.483385791717339
LBY,Libya,1997,,28.9,,,,,,10,10,,33.3,61.1,,40,,61.2,24,10,10,18451.6998451345,,,,,,19.0885888424595,,,,,,,,9.822965971832655,3.5442065421539937
LBY,Libya,1998,,32,,,,,,10,10,,33.3,61.1,,40,,64.9,49,10,10,17532.9261043755,,,,,,18.9110360571076,,,,,,,,9.77189291772055,-5.107305411210561
LBY,Libya,1999,,32.3,,,,,,10,10,,33.3,61.1,,40,,67.1,49,10,10,17402.5683820479,,,,,,18.6939557599954,,,,,,,,9.76443054360475,-0.7462374115799975
LBY,Libya,2000,,34.7,,1.89,4.37,,5.19,10,10,,53.9,61.1,,40,,67.8,49,10,10,17747.0188855832,,,,,,18.4152141796626,,,,,,,,9.78402917659465,1.9598632989900722
LBY,Libya,2001,,34,,2.51,3.21,,5.19,10,10,,53.6,54.6,,40,,69.1,49,10,10,17115.9888564264,,,,,,18.1367951941702,,,,,,,,9.747826749671699,-3.6202426922951503
LBY,Libya,2002,3.77,35.4,2.1,2.51,3.01,,5.19,10,10,,51.3,64.7,,40,,73.8,49,10,10,16629.4364346005,,,,,,17.8922474892979,,,,,,,,9.718989815655029,-2.8836934016670313
LBY,Libya,2003,4.17,34.6,2.1,2.49,4.51,,5.19,10,10,,53,72.1,,40,,64.1,42.4,10,10,18422.7336032405,,,,,,17.5378429435996,,,,,,,,9.821394982171089,10.240516651606058
LBY,Libya,2004,4.46,31.5,2.1,2.49,5.73,,5.19,10,10,,32.3,68.1,,40,,61,42.4,10,10,18851.2039109963,,,,,,17.2320372957868,,,,,,,,9.84438510439698,2.2990122225891696
LBY,Libya,2005,4.45,32.8,2.1,2.49,5.67,,5.19,10,21,,47.1,49.8,,40,20,66.4,53.2,10,10,20649.4624580172,,,,,,16.9353374106481,,,,,,,,9.935492993199778,9.110788880279763
LBY,Libya,2006,4.67,33.2,2.1,2.48,6.42,,5.19,10,25,,52.2,41.4,,20,20,69.3,34.6,30,30,21545.2986384419,,,,,,16.7554407171334,,,,,,,,9.977959323863136,4.2466330663357255
LBY,Libya,2007,4.72,37,2.1,2.53,6.57,,5.16,10,25,,81.7,43.8,,20,20,80.1,39.6,30,20,22422.0117594762,,,,,,16.721620838867,,,,,,,,10.017843021211524,3.988369734838848
LBY,Libya,2008,4.66,38.7,2.1,2.77,6.15,,5.13,10,27,,81.7,63.5,,20,20,74.9,39.6,30,20,21915.1976208274,,,,,,16.9183480023869,,,,,,,,9.994981259811821,-2.2861761399703084
LBY,Libya,2009,4.16,43.5,2.1,2.63,4.64,,5.17,10,25,,81.7,68.1,,20,20,70.3,90,30,20,20518.9642412838,,,,,,17.3840071759943,,,,,,,,9.929153556655692,-6.58277031561294
LBY,Libya,2010,4.3,40.2,2.1,2.74,5.17,,5.01,10,26,,81.7,62.8,,20,20,66.4,85,10,20,21115.5259846154,,,,,,17.9787982161012,,,,,,,,9.957811234925538,2.8657678269846443
LBY,Libya,2011,3.65,38.6,2.84,2.78,2.77,,4.99,10,25,,80.3,44.5,,20,20,71,85,10,20,10741.9206751908,,,,,,18.7037346502475,,,,,,,,9.282002274779169,-67.58089601463695
LBY,Libya,2012,4.39,35.9,3.52,2.67,4.71,,5.1,10,22,,80.2,17.9,,20,20,73.6,85,10,20,20601.0026641,,,,,,19.4928836079021,,,,,,,,9.933143566756318,65.1141291977149
LBY,Libya,2013,4.72,,3.9,2.58,5.66,6.6,5.08,10,20,,,,,,,64.8,85,10,20,16557.500941665,,,,,,20.5020852518986,,,,,,,,9.714654900995495,-21.848866576082315
LBY,Libya,2014,4.44,,3.9,2.57,5.72,5.2,4.84,10,18.3,,95,0,,50.1,77.9,66.9,,5,20,12499.0829968523,,,,,,21.6886550115968,,,,,,,,9.433490563016534,-28.11643379789608
LBY,Libya,2015,4.55,,3.9,2.52,6.35,5.27,4.7,10,15,,95,37.5,,46.8,66.7,71.4,80,5,,12195.3486990421,,,,,,22.6743828248344,,,,,,,,9.408891898962304,-2.45986640542295
LBY,Libya,2016,4.33,,3.9,2.51,5.18,5.27,4.79,10,18,,95,0,,55.5,63.1,74,,5,,11831.8257669559,,,,,,23.4123031200955,,,,,,,,9.378632792942165,-3.025910602013937
LBY,Libya,2017,3.77,,3.79,2.54,5.41,2.21,4.45,6.8,26.7,22.6,95,0,11.4,65,52.5,69.2,80,,,15428.1164411854,,,,,,23.5633298163491,,,,,,,,9.64401168131878,26.537888837661505
LBY,Libya,2018,4.26,,3.79,2.53,7.81,2.21,4.39,5.2,23.1,22.1,90.5,0,19.9,63.5,45.9,56.2,80,5,,16385.164476127,,,,,,23.4569511242814,,,,,,,,9.704192628252201,6.018094693342135
LBY,Libya,2019,4.2,,3.7,2.51,7.67,2.19,4.39,7.6,15.8,24.4,,0,20,40.2,51.3,52.8,,5,,14337.1962987582,,,,,,23.3878823300215,,,,,,,,9.570682325123828,-13.35103031283733
LBY,Libya,2020,4.8,,3.7,2.5,8.12,5.31,4.31,30.1,18.9,20.8,,0,,40.7,53.9,53.6,,5,,9978.66400110743,,,,,,23.1740550354812,,,,,,,,9.208304701515052,-36.23776236087757
LBY,Libya,2021,4.63,,3.7,2.51,7.12,5.53,4.31,16.5,21,19.7,,0,19.9,38.4,55.3,69.7,,5,,12641.5097714075,,,,,,22.5949759711415,,,,,,,,9.444820205855361,23.651550434030888
LBY,Libya,2022,4.65,,3.62,2.5,7.03,5.76,4.32,,,,,,,,,,,,,11450.0598552928,,,,,,22.5060832638279,,,,,,,,9.345837568479654,-9.898263737570723
LCA,St Lucia,1995,,,,,,,,,,,,,,,,,,,,18048.780665013,87.9,51.3,42.6,5.2,,18.9988827707286,,,,,,,,9.800888812164372,
LCA,St Lucia,1996,,,,,,,,,,,,,,,,,,,,18301.1522745648,,,,,,22.6797052598573,,,,,,,,9.81477394254588,1.3885130381508404
LCA,St Lucia,1997,,,,,,,,,,,,,,,,,,,,17920.034113687,,,,,,20.0704012873378,,,,,,,,9.79373039210092,-2.1043550444959536
LCA,St Lucia,1998,,,,,,,,,,,,,,,,,,,,18786.9976028018,,,,,,20.469306930693,,,,,,,,9.840973519554893,4.724312745397263
LCA,St Lucia,1999,,,,,,,,,,,,,,,,,,,,19039.4630213718,,,,,,19.7067448680352,,,,,,,,9.85432162639903,1.3348106844135899
LCA,St Lucia,2000,,,,,,,,,,,,,,,,,,,,18818.8855989431,,,,,,22.4830927978805,,,,,,,,9.842669334424992,-1.165229197403761
LCA,St Lucia,2001,,,,,,,,,,,,,,,,,,,,17993.6372662268,,,,,,22.650942410201,,,,,,,,9.79782906283438,-4.484027159061199
LCA,St Lucia,2002,,,,,,,,,,,,,,,,,,,,17911.6297765068,,,,,,22.7708641545557,,,,,,,,9.793261317134986,-0.4567745699393555
LCA,St Lucia,2003,,,,,,,,,,,,,,,,,,,,18522.5129630157,,,,,,22.6893972340611,,,,,,,,9.82679617504034,3.3534857905353377
LCA,St Lucia,2004,,,,,,,,,,,,,,,,,,,,19715.8297745985,,,,,,22.5919850011718,,,,,,,,9.889227853295845,6.243167825550522
LCA,St Lucia,2005,,,,,,,,,,,,,,,,,,,,19491.2182260584,,,,,,22.5913674099049,,,,,,,,9.87777059957374,-1.145725372210471
LCA,St Lucia,2006,,,,,,,,,,,,,,,,,,,,20551.0599501307,,,,,,22.5366734371474,,,,,,,,9.930716455782871,5.294585620913139
LCA,St Lucia,2007,,,,,,,,,,,,,,,,,,,,20759.3043872305,,,,,,22.692611474115,,,,,,,,9.940797999370337,1.0081543587466157
LCA,St Lucia,2008,,,,,,,,,,,,,,,,,,,,21651.233776084,,,,,,22.7847400890807,,,,,,,,9.982863904832717,4.206590546237976
LCA,St Lucia,2009,,68.8,,,,,,70,68,,74,68.5,,87.7,82.8,85.1,72,40,40,20907.3343580129,,,,,,22.8133856398944,,,,,,,,9.947903131574702,-3.496077325801572
LCA,St Lucia,2010,,70.5,,,,,,70,71,,73.2,71.4,,88.4,84.2,80.1,71.9,55,40,20849.0551242245,,,,,,22.8934839367242,,,,,,,,9.94511187107115,-0.2791260503551385
LCA,St Lucia,2011,,70.8,,,,,,70,70,,74.4,71.4,,86.2,83.4,85.3,71.9,55,40,21637.8686925992,,,,,,22.8574224757431,,,,,,,,9.982246453063311,3.713458199216113
LCA,St Lucia,2012,,71.3,,,,,,70,70,,74.1,67.7,,84.7,83.5,85.8,71.9,65,40,21515.89963362,,,,,,22.8243506275589,,,,,,,,9.976593934827072,-0.5652518236239246
LCA,St Lucia,2013,,70.4,,,,,,70,70,,76.9,63.6,,85.3,76.4,84.7,71.9,65,40,21029.2888872138,,,,,,22.8238463018443,,,,,,,,9.953719005512228,-2.2874929314843584
LCA,St Lucia,2014,,70.7,,,,,,70,70.6,,75.7,63.6,,83.1,84.5,82.7,71.9,65,40,21214.4773346334,,,,,,22.7244582043343,,,,,,,,9.962486257248186,0.876725173595716
LCA,St Lucia,2015,,70.2,,,,,,70,71,,77.7,65.8,,75.6,79.8,85.5,72,65,40,21142.9733304366,7.8,1.9,43.7,5.5,,22.6849473836711,,,,,,,,9.95911019495324,-0.337606229494547
LCA,St Lucia,2016,,70,,,,,,70,71,,76.9,70.6,,77.6,76.2,80.3,72,65,40,21775.4737658629,,,,,11.51,22.6425537392199,,,,,,,,9.988585480985538,2.9475286032297987
LCA,St Lucia,2017,,65,,,,,,65.5,39.6,68.8,76.4,71.6,53.8,77.2,68.7,82.3,71.6,65,40,22422.5970388018,,,,,,22.6460793218287,,,,,,,,10.017869122597618,2.9283641612080302
LCA,St Lucia,2018,,67.6,,,,,,67.9,50.9,69.2,75.5,72.4,67.7,76.6,69.5,81.7,74.3,65,40,22981.9179294013,,,,,,23.0193092465413,,,,,,,,10.042506520252275,2.4637397654656112
LCA,St Lucia,2019,,68.7,,,,,,65.9,50.3,63.8,76.2,79.3,81.3,76.3,69.2,83.9,73.2,65,40,22738.2471068581,,,,,,24.7723678535487,,,,,,,,10.03184765799908,-1.0658862253194457
LCA,St Lucia,2020,,68.2,,,,,,69.8,41.8,62.6,76.9,80.6,83.8,76.7,66.4,82,73.2,65,40,17142.044063192,,,,,,23.6990843340377,,,,,,,,9.749347776335625,-28.249988166345474
LCA,St Lucia,2021,,67.5,,,,,,61.5,44.6,66.3,76.9,83.2,86.2,75.7,66.5,83.5,60.6,65,40,19101.1652956675,,,,,,22.8372013246605,,,,,,,,9.857556973874566,10.820919753894032
LCA,St Lucia,2022,,64.3,,,,,,66.8,58.1,76.9,77.5,78.7,50.1,61.5,58.2,82.2,56.6,65,40,22962.2818144554,,,,,,24.1074788334902,,,,,,,,10.041651776388761,18.409480251419552
LIE,Liechtenstein,1995,,,,,,,,,,,,,,,,,,,,,,,,,,,,,,,,,,,
LIE,Liechtenstein,1996,,,,,,,,,,,,,,,,,,,,,,,,,,,,,,,,,,,
LIE,Liechtenstein,1997,,,,,,,,,,,,,,,,,,,,,,,,,,,,,,,,,,,
LIE,Liechtenstein,1998,,,,,,,,,,,,,,,,,,,,,,,,,,,,,,,,,,,
LIE,Liechtenstein,1999,,,,,,,,,,,,,,,,,,,,,,,,,,,,,,,,,,,
LIE,Liechtenstein,2000,,,,,,,,,,,,,,,,,,,,,,,,,,,,,,,,,,,
LIE,Liechtenstein,2001,,,,,,,,,,,,,,,,,,,,,,,,,,,,,,,,,,,
LIE,Liechtenstein,2002,,,,,,,,,,,,,,,,,,,,,,,,,,,,,,,,,,,
LIE,Liechtenstein,2003,,,,,,,,,,,,,,,,,,,,,,,,,,,,,,,,,,,
LIE,Liechtenstein,2004,,,,,,,,,,,,,,,,,,,,,,,,,,,,,,,,,,,
LIE,Liechtenstein,2005,,,,,,,,,,,,,,,,,,,,,,,,,,,,,,,,,,,
LIE,Liechtenstein,2006,,,,,,,,,,,,,,,,,,,,,,,,,,,,,,,,,,,
LIE,Liechtenstein,2007,,,,,,,,,,,,,,,,,,,,,,,,,,,,,,,,,,,
LIE,Liechtenstein,2008,,,,,,,,,,,,,,,,,,,,,,,,,,,,,,,,,,,
LIE,Liechtenstein,2009,,,,,,,,,,,,,,,,,,,,,,,,,,,,,,,,,,,
LIE,Liechtenstein,2010,,,,,,,,,,,,,,,,,,,,,,,,,,,,,,,,,,,
LIE,Liechtenstein,2011,,,,,,,,,,,,,,,,,,,,,,,,,,,,,,,,,,,
LIE,Liechtenstein,2012,,,,,,,,,,,,,,,,,,,,,,,,,,,,,,,,,,,
LIE,Liechtenstein,2013,,,,,,,,,,,,,,70,,,90,,80,,,,,,,,,,,,,,,,
LIE,Liechtenstein,2014,,,,,,,,,,,,,,,,,90,85,80,,,,,,,,,,,,,,,,
LIE,Liechtenstein,2015,,,,,,,,,,,,,,,,,90,85,80,,,,,,,,,,,,,,,,
LIE,Liechtenstein,2016,,,,,,,,,,,,,,,,,90,85,80,,,,,,,,,,,,,,,,
LIE,Liechtenstein,2017,,,,,,,,,,,,,,92.3,85.7,,90,85,80,,,,,,,,,,,,,,,,
LIE,Liechtenstein,2018,,,,,,,,,,,,,,,,,90,85,80,,,,,,,,,,,,,,,,
LIE,Liechtenstein,2019,,,,,,,,,,,,,,,,,,85,80,,,,,,,,,,,,,,,,
LIE,Liechtenstein,2020,,,,,,,,,,,,,,,,,,85,80,,,,,,,,,,,,,,,,
LIE,Liechtenstein,2021,,,,,,,,,,,,,,,,,,85,80,,,,,,,,,,,,,,,,
LIE,Liechtenstein,2022,,,,,,,,,,,,,,,,,,,,,,,,,,,,,,,,,,,
LKA,Sri Lanka,1995,6.29,60.6,7.88,5.37,6.25,5.57,6.25,50,30,,64.3,78.3,,70,,78.4,54.2,50,70,5523.31225393965,84.5,41.9,35.4,8,16.3,41.7034521911223,,,,,,,,8.616914039712858,
LKA,Sri Lanka,1996,,62.5,,,,,,50,30,,72.5,78.1,,70,,80.5,61,50,70,5624.02393650599,,,,,,41.5917982912576,,,,,,,,8.63498048244241,1.8066442729551824
LKA,Sri Lanka,1997,,65.5,,,,,,50,50,,72.5,69.1,,85,,81.8,61,50,70,5871.72297557268,,,,,,41.4310264865979,,,,,,,,8.678073685258425,4.309320281601536
LKA,Sri Lanka,1998,,64.6,,,,,,50,50,,72.3,66.3,,85,,77,61,50,70,6032.62212630498,,,,,,45.6251206477101,,,,,,,,8.70510279367865,2.7029108420224546
LKA,Sri Lanka,1999,,64,,,,,,50,50,,72.6,71.7,,70,,74,68,50,70,6176.23548455949,,,,,,43.651932037029,,,,,,,,8.72862611777311,2.3523324094460563
LKA,Sri Lanka,2000,6.54,63.2,8.03,4.45,6.31,7.68,6.26,50,50,,72.9,79.7,,70,,74.9,71,50,50,6428.61341890463,,,,,,44.538658657666,,,,,,,,8.768669693947567,4.004357617445642
LKA,Sri Lanka,2001,6.3,66,8.03,4.5,5.41,7.73,5.87,70,50,,73.4,81.3,,70,,79.1,70.2,50,50,6230.03051864853,,,,,,42.2384570482462,,,,,,,,8.737297010405527,-3.1372683542040036
LKA,Sri Lanka,2002,6.39,64,8.28,4.26,5.85,7.72,5.86,50,50,,73.3,81.3,,70,,79.3,72,50,50,6409.86278893446,78.9,38.2,40.2,7,,42.4793133656455,,,,,,,,8.76574914131468,2.845213090915344
LKA,Sri Lanka,2003,6.54,62.5,8.41,4.27,6.13,7.96,5.93,50,50,,73.4,80.3,,70,,68.6,70.2,50,50,6741.01248849424,,,,,,42.6200864189435,,,,,,,,8.816113748134955,5.0364606820274105
LKA,Sri Lanka,2004,6.36,61.6,8.33,4.26,5.99,7.55,5.67,50,37,,79.9,77.3,,70,,69.6,70.6,50,50,7059.91098068568,,,,,,40.7507484488338,,,,,,,,8.86232935625456,4.621560811960634
LKA,Sri Lanka,2005,6.13,61,8,4.39,5.55,7.31,5.39,50,34,,78.5,80.6,,70,67.6,72.3,76.6,50,30,7452.74234124518,,,,,18.97,40.7601404030283,,,,,,,,8.916471512933207,5.414215667864575
LKA,Sri Lanka,2006,6.14,58.7,8.03,4.46,5.3,7.54,5.38,50,35,,78.5,83.1,,68.2,68.6,72.5,71.4,30,30,7970.66491021045,72.2,31,39.7,7,17.5,44.4183770000018,,,,,,,,8.983648647108875,6.717713417566884
LKA,Sri Lanka,2007,5.95,59.4,7.24,4.45,4.95,7.59,5.53,50,32,,78.5,83.4,,69.2,68.9,70.4,71.6,30,40,8454.2067533326,,,,,,43.8096255539141,,,,,,,,9.042537714414257,5.888906730538146
LKA,Sri Lanka,2008,5.7,58.4,7.01,4.42,4.38,7.46,5.25,50,31,,73.5,81.7,,71.6,71.4,65.4,69.6,30,40,8897.82686006864,,,,,,44.1505016003952,,,,,,,,9.093674733556638,5.113701914238078
LKA,Sri Lanka,2009,6,56,6.64,4.48,6.17,7.37,5.37,40,32,,73.2,80.5,,73.7,70.8,59.4,71,20,40,9156.31906483165,70.9,28,36.1,7.8,14.29,42.91663623822,,,,,,,,9.122308736317633,2.863400276099526
LKA,Sri Lanka,2010,6.19,54.6,7.68,4.47,5.93,6.96,5.93,40,32,,73.5,83.9,,71.8,70.7,56.8,62.2,15,40,9832.18622338643,,,,,,42.526501914354,,,,,,,,9.19351829321431,7.120955689667774
LKA,Sri Lanka,2011,6.24,57.1,8.2,4.48,5.6,6.97,5.97,40,31,,73.4,84.7,,71.9,61.8,65.8,72.2,30,40,10618.4926000405,,,,,,42.0517276431325,,,,,,,,9.270446515880572,7.692822266626109
LKA,Sri Lanka,2012,6.27,58.3,8.46,4.44,5.57,6.94,5.97,40,32,,73.5,81.4,,78,62.1,68.5,77.1,30,40,11447.6937738135,64.9,24.6,38.7,7.3,12.91,40.7389748808513,,,,,,,,9.345630921585016,7.51844057044444
LKA,Sri Lanka,2013,6.6,60.7,8.52,4.35,7.09,7.04,6.05,40,33,,84.7,86.5,,77,60.8,69.1,76.2,40,40,12249.7223348096,,,,,,40.6740563470328,,,,,,,,9.413340180341347,6.770925875633083
LKA,Sri Lanka,2014,6.44,60,8.36,4.43,7.38,5.97,6.11,40,33.4,,84.9,86.3,,74.4,59.2,68,73.6,40,40,12909.9663068885,,,,,,40.2110680638108,,,,,,,,9.465832330527483,5.24921501861364
LKA,Sri Lanka,2015,6.56,58.6,8.2,4.88,7.49,6.1,6.15,35,37,,85,88.4,,72.5,58.7,68.2,71.6,30,40,13329.7793438947,,,,,,40.7502738937489,,,,,,,,9.497830876872174,3.1998546344690126
LKA,Sri Lanka,2016,6.62,59.9,8.29,4.87,7.5,6.14,6.3,40,38,,85.1,90,,70.3,56.5,71.5,72.4,35,40,13845.6146782368,56.6,19.5,39.3,7.1,11.3,39.4440853841471,,,,,,,,9.53579605417407,3.7965177301895636
LKA,Sri Lanka,2017,6.57,57.4,8.3,4.86,7.14,6.2,6.34,48,30,48.3,85.3,90.2,31.2,72.8,57.5,76,74.5,35,40,14572.4858214565,,,,,,39.3105155240346,,,,,,,,9.586959117071043,5.11630628969737
LKA,Sri Lanka,2018,6.71,57.8,8.58,4.87,7.75,6.03,6.33,46.5,30.7,52,84.9,89.3,24.9,76.2,60.1,74,74.5,40,40,14759.8248945765,,,,,,39.437097009348,,,,,,,,9.599731983759263,1.2772866688219864
LKA,Sri Lanka,2019,6.6,56.4,8.23,4.86,7.66,6.02,6.23,44.7,28.9,39.4,84.9,88.3,30.4,75.1,58.8,70.1,76.2,40,40,14637.44429132,53.3,17.6,37.7,7.4,9.48,39.52341503082,,,,,,,,9.59140651761476,-0.8325466144503579
LKA,Sri Lanka,2020,6.28,57.4,8.44,4.78,6.2,6.01,5.98,47.7,34.7,39.2,84.8,88.9,39.3,76.5,58.6,71.1,67.6,40,40,13886.6513728651,,,,,,40.011946287921504,,,,,,,,9.538755333824762,-5.265118378999745
LKA,Sri Lanka,2021,6.04,55.7,8.45,4.84,6.07,4.83,6.02,45.4,39.5,46.8,85,88.4,30.1,75.2,59.1,71.6,47,40,40,14316.1352225683,,,,,,39.9962974738114,,,,,,,,9.569212366211184,3.045703238642261
LKA,Sri Lanka,2022,5.87,53.3,8.75,4.87,2.57,7,6.16,51.7,40.1,57.7,90.3,87.4,0,58.3,55.7,71.6,47,40,40,13249.065064602,,,,,,39.0627287490868,,,,,,,,9.491757741938311,-7.745462427287286
LSO,Lesotho,1995,,,4.44,3.23,,,,,,,,,,,,,,,,1709.69433512939,,,,,,39.1976437770448,,,,,,,,7.444654611018491,
LSO,Lesotho,1996,,47,,,,,,50,30,,59.1,38.7,,55,,65.3,45,50,30,1786.182290166,,,,,,38.7363235974263,,,,,,,,7.488395519003306,4.3740907984815
LSO,Lesotho,1997,,47.2,,,,,,50,30,,58.8,35.4,,55,,65.3,50.2,50,30,1837.69657049966,,,,,,38.4905099636008,,,,,,,,7.516812213981388,2.841669497808219
LSO,Lesotho,1998,,48.4,,,,,,50,30,,61.8,32,,55,,65.9,61,50,30,1856.69078488714,,,,,,38.1554361147291,,,,,,,,7.527089481889356,1.0277267907968124
LSO,Lesotho,1999,,48.2,,,,,,50,30,,61.9,30,,55,,66.2,61,50,30,1860.70052178612,,,,,,37.844096791978,,,,,,,,7.52924560805182,0.2156126162463856
LSO,Lesotho,2000,4.27,48.4,4.44,3.09,4.85,,4.96,50,30,,61.4,30.9,,55,,67,61,50,30,1932.15793223415,,,,,,37.4708190803399,,,,,,,,7.566910179044192,3.766457099237197
LSO,Lesotho,2001,4.12,50.6,4.44,3.09,4.43,,4.85,50,30,,64.3,28,,55,,66.7,61,50,50,2004.03350215955,,,,,,37.0571595653534,,,,,,,,7.6034160489075795,3.6505869863387552
LSO,Lesotho,2002,3.62,48.9,4.44,3.1,2.61,,4.87,50,30,,64.7,5.9,,55,,73.4,61,50,50,2024.78727304864,95.9,72.5,51.2,3.3,,36.7909649188574,,,,,,,,7.613713680800659,1.029763189307964
LSO,Lesotho,2003,4.49,52,5.49,3.1,4.76,,5.02,50,30,,66.2,25.3,,55,,73.4,68,50,50,2127.37302160132,,,,,,36.5325573433756,,,,,,,,7.663113127205553,4.939944640489369
LSO,Lesotho,2004,5.43,50.3,6.08,3.09,7.81,,5.02,50,30,,63.5,41.7,,55,,70,62.2,30,50,2178.66474674332,,,,,,36.2465773494828,,,,,,,,7.686926358059312,2.381323085375886
LSO,Lesotho,2005,5.62,53.9,6.61,3.09,8,5.45,5.02,50,30,,63.9,38.4,,55,71.9,71.5,77.8,30,50,2275.01614419256,,,,,,35.896462284564,,,,,,,,7.730181888451539,4.325553039222729
LSO,Lesotho,2006,5.75,54.7,6.85,3.79,7.46,5.46,5.29,50,30,,63.9,47.8,,58.2,65.4,74.2,77.8,30,50,2381.02024562073,,,,,,35.4493604670784,,,,,,,,7.7757042493000865,4.552236084854755
LSO,Lesotho,2007,5.8,53.2,6.91,4.02,7.26,5.47,5.43,40,34,,69.3,44.3,,68.2,64.6,77.1,54.4,30,50,2470.31462127885,,,,,,35.0740610740611,,,,,,,,7.8125055233706,3.680127407051348
LSO,Lesotho,2008,5.67,52.1,6.68,4.1,6.77,5.52,5.36,40,32,,67.2,46.8,,58.2,65.5,75.4,56.4,30,50,2589.16635854686,,,,,,34.6531088075642,,,,,,,,7.859477383730028,4.697186035942824
LSO,Lesotho,2009,5.64,49.7,6.19,4.06,7.08,5.75,5.17,40,33,,63.1,36.2,,61.7,62.7,73.1,57,30,40,2538.19341751854,,,,,,34.7261024761798,,,,,,,,7.839601757424164,-1.9875626305863925
LSO,Lesotho,2010,5.61,48.1,5.7,4.02,7.33,5.66,5.35,40,32,,52,30,,62,66.1,70.3,63.5,25,40,2651.37804898226,,,,,,34.5150775962915,,,,,,,,7.8832118935527085,4.361013612854414
LSO,Lesotho,2011,5.69,47.5,5.84,4.17,7.52,5.88,5.04,40,33,,48.2,21.4,,58.9,63.7,71.6,63.6,35,40,2749.31958166573,,,,,,34.1543629250373,,,,,,,,7.9194723954233925,3.626050187068408
LSO,Lesotho,2012,5.67,46.6,5.38,4.39,7.51,5.54,5.56,40,35,,49.1,0,,57.5,65,75.5,69.1,35,40,2894.22705048142,,,,,,33.9053726261812,,,,,,,,7.970818815422733,5.134641999934075
LSO,Lesotho,2013,5.91,47.9,5.27,4.58,7.76,6.2,5.74,40,35,,48.2,0,,63.7,62.8,75.7,69.1,45,40,2914.37515966739,,,,,,33.7568131594901,,,,,,,,7.977753790217865,0.6934974795131943
LSO,Lesotho,2014,6.03,49.5,5.39,4.72,7.51,6.6,5.94,40,37.1,,67.4,0,,54,62.4,75.5,68.6,50,40,2930.61724036206,,,,,,33.4842031154986,,,,,,,,7.98330950890562,0.555571868775484
LSO,Lesotho,2015,6.16,49.6,5.81,4.81,7.83,6.62,5.74,35,49,,68.5,0,,54.7,63.9,75.2,64.6,45,40,2986.95866729879,,,,,,33.282295832175,,,,,,,,8.002345713258368,1.9036204352747887
LSO,Lesotho,2016,5.91,50.6,5.39,4.65,7.49,6.67,5.35,30,49,,59.1,0,,53.3,62.1,76.9,85.8,50,40,3057.26091568162,,,,,,33.1775928988104,,,,,,,,8.025601705178113,2.3255991919745256
LSO,Lesotho,2017,6.05,53.9,6.14,4.64,7.37,6.49,5.58,51.6,39.6,50.9,55.7,0,92.2,52.2,57.7,76.4,80.2,50,40,2924.68096193272,83.8,49.2,44.9,4.6,28.56,33.1925326872443,,,,,,,,7.981282540068863,-4.431916510925049
LSO,Lesotho,2018,5.94,53.9,5.55,4.43,7.58,6.54,5.57,49.4,32.9,52.7,48.2,23.8,90.5,52.9,58.9,74.2,68.5,55,40,2846.41828124649,,,,,,33.1139510740031,,,,,,,,7.95416799648863,-2.7114543580232464
LSO,Lesotho,2019,5.93,53.1,5.29,4.5,7.74,6.51,5.6,41.5,30.9,45.7,59.4,33,63.5,53.3,58.8,75,81,55,40,2773.28639887236,,,,,,33.2170203084905,,,,,,,,7.928148839551379,-2.601915693725143
LSO,Lesotho,2020,5.93,54.5,5.23,4.6,7.78,6.24,5.81,45.2,29.6,47,73,34.4,60.3,52.8,58.8,75.7,82.2,55,40,2517.11044486593,,,,,,33.2531587441907,,,,,,,,7.831264075781348,-9.688476377003052
LSO,Lesotho,2021,5.9,53.5,5.44,4.63,7.61,6.15,5.68,41.6,32.2,60.5,71.5,22.2,67.2,55.3,58.8,75.8,62.2,55,40,2544.78249551214,,,,,,32.6479634745311,,,,,,,,7.842193345582756,1.0929269801407848
LSO,Lesotho,2022,5.96,48.1,5.56,4.68,7.37,6.58,5.62,45,42.8,44.1,77.4,4.5,27.5,44.2,58.3,75.9,62.2,55,40,2577.54544127769,,,,,,32.7384486087002,,,,,,,,7.854980736480071,1.2787390897314843
LTU,Lithuania,1995,6,,6.7,6.46,2.51,8.69,5.57,,,,,,,,,,,,,12164.2037159996,,,,,,18.4449432066626,,,,,,,,9.406335001152181,
LTU,Lithuania,1996,,49.7,,,,,,50,30,,76.6,62.4,,70,,12.9,65,50,30,12873.2007572979,31.2,9,32.3,7.8,,18.7957506318951,,,,,,,,9.462980646501999,5.664564534981764
LTU,Lithuania,1997,,57.3,,,,,,50,30,,75.6,58,,70,,33,79,70,50,14045.0045144544,,,,,,18.7831826853091,,,,,,,,9.550093258123898,8.71126116218992
LTU,Lithuania,1998,,59.4,,,,,,50,30,,70.7,59.4,,70,,53.9,81,70,50,15202.9118027933,27.4,7.6,32.1,7.8,9.11,18.615105053178,,,,,,,,9.629308029171064,7.921477104716601
LTU,Lithuania,1999,,61.5,,,,,,50,30,,72.4,64.9,,70,,65.1,81,70,50,15143.1937102939,28,7.7,32,7.9,8.85,19.4289180669581,,,,,,,,9.625372484031196,-0.3935545139867713
LTU,Lithuania,2000,7.16,61.9,7.03,6.32,7.04,8.57,6.82,50,30,,70.5,63.3,,70,,72.3,81,70,50,15771.4269595328,31.9,9.1,31.7,7.9,10.47,18.5749232540292,,,,,,,,9.666018565359796,4.064608132859959
LTU,Lithuania,2001,7.28,65.5,7.06,6.37,7.77,8.67,6.52,50,38,,71,73,,70,,84.8,82.8,70,50,16933.0225490496,32.1,9.3,32,7.8,10.89,19.0201809060782,,,,,,,,9.7370800457857,7.106148042590377
LTU,Lithuania,2002,7.63,66.1,6.78,6.41,9.36,8.68,6.9,50,41,,74.1,69.3,,70,,87.7,82.8,70,50,18216.5452581272,32.2,9.3,31.9,7.8,10.71,19.5747648790953,,,,,,,,9.810140433862866,7.306038807716675
LTU,Lithuania,2003,7.75,69.7,6.95,7.02,9.18,8.68,6.89,50,48,,78.8,71.5,,70,,88.1,80.4,70,70,20302.9848798403,19.3,4.8,35.5,7.2,9.01,19.6852070957439,,,,,,,,9.918572445265175,10.843201140230896
LTU,Lithuania,2004,7.74,72.4,6.93,6.98,9.11,8.67,6.98,50,48,,82.8,70.6,,70,,90.1,80.2,70,90,21867.2861464791,24.6,9.2,37,5.8,8.07,17.6559767174243,,,,,,,,9.992792745098436,7.422029983326084
LTU,Lithuania,2005,7.75,70.5,7.11,7.23,8.7,8.51,7.17,50,47,,82.8,65.1,,70,55.8,90.1,84,70,90,23944.7019948719,17,6.1,35.3,6.4,,16.0673384766589,,,,,,,,10.08354412931803,9.075138421959394
LTU,Lithuania,2006,7.64,71.8,6.95,7.31,8.36,8.5,7.08,50,46,,82.9,63.9,,85.2,57.1,90.4,82.4,70,90,26129.3392566938,10,3.6,34.4,6.9,,15.8485141314698,,,,,,,,10.170852341847665,8.730821252963494
LTU,Lithuania,2007,7.63,71.5,7.03,7.36,8.26,8.53,6.95,50,48,,86.5,70.8,,84.3,57.3,81.1,86.6,70,80,29370.7739737176,7.5,2.5,34.8,6.8,,13.50484006734,,,,,,,,10.287789423244249,11.693708139658376
LTU,Lithuania,2008,7.52,70.9,6.88,7.25,8.29,8.45,6.72,50,48,,86.3,68.3,,84.2,57.7,78.5,86,70,80,30445.7809464936,6.1,2.6,35.7,6.6,7.67,10.784268947621,,,,,,,,10.323735551506806,3.5946128262557053
LTU,Lithuania,2009,7.52,70,6.5,7.18,8.93,8.19,6.81,50,48,,87.6,65.3,,82.4,54.6,75.8,85.8,70,80,26217.5449293891,12.6,4.9,37.2,5.7,,11.0788694395522,,,,,,,,10.17422226109394,-14.951329041286598
LTU,Lithuania,2010,7.65,70.3,6.32,7.22,9.28,8,7.42,55,46,,84.6,63.5,,82,58.5,70.8,87.5,75,80,26887.4913057701,11.9,4.3,33.6,6.5,,10.0821146311119,,,,,,,,10.199453641544242,2.5231380450302154
LTU,Lithuania,2011,7.68,71.3,6.76,7.23,9.03,8,7.35,60,49,,86.1,58,,81.7,55.6,74.5,87.6,80,80,29240.7487851392,8.9,2.6,32.5,7.1,,9.80029981369405,,,,,,,,10.283352720048587,8.389907850434497
LTU,Lithuania,2012,7.72,71.5,7,7.19,8.77,7.92,7.73,60,50,,93.6,41.7,,79.2,64.6,79.3,87.1,80,80,30920.330402208,8.7,2.8,35.1,6.5,,10.2187725297579,,,,,,,,10.339201529014005,5.584880896541833
LTU,Lithuania,2013,7.9,72.1,7.24,7.2,9.18,8.1,7.8,60,48,,92.8,53.6,,77.6,64.1,78.3,86.8,80,80,32474.6413533554,7,2.5,35.3,6.7,,10.8448059396959,,,,,,,,10.388245590484832,4.904406147082696
LTU,Lithuania,2014,8.02,73,7.32,7.24,9.19,8.41,7.94,60,49.9,,92.9,55.9,,85.7,59,78.6,87.8,80,80,33975.0843756963,7.8,2.9,37.7,6,,11.1412111964228,,,,,,,,10.433412155381133,4.516656489630044
LTU,Lithuania,2015,8.03,74.7,7.23,7.28,9.25,8.62,7.78,60,57,,92.9,61.3,,84.9,62,81.2,88,80,80,35251.2986931775,6.8,2.1,37.4,6.1,,11.2762522858636,,,,,,,,10.470286017268231,3.6873861887098514
LTU,Lithuania,2016,8.06,75.2,7.42,7.27,9.18,8.63,7.82,65,58,,92.9,63.8,,80,60,84.6,88,80,80,36618.1468417838,5.6,2.4,38.4,6,7.67,11.299634553426,,,,,,,,10.508326520354263,3.804050308603202
LTU,Lithuania,2017,8.02,75.8,7.42,7.29,8.73,8.72,7.92,73,69.7,62.4,86.9,64.1,93.6,79.1,63.6,90,87,70,70,38774.4892011822,5,2.1,37.3,6.3,,10.9920620873967,,,,,,,,10.565543604372174,5.721708401791048
LTU,Lithuania,2018,8.06,75.3,7.37,7.34,8.93,8.72,7.91,73.8,50.9,66.7,86.4,63.9,96.7,73.4,64.5,89.9,86.9,80,70,41019.7901632878,3.4,1.5,35.7,6.6,,10.6357604721446,,,,,,,,10.62183429431963,5.629068994745623
LTU,Lithuania,2019,8.17,74.2,7.69,7.34,9.16,8.76,7.88,73.6,47.8,61.2,86.4,65.1,97.3,75.2,63.6,84.6,86,80,70,43062.3228425315,2.3,0.8,35.3,7,,10.5992015089048,,,,,,,,10.670426935672882,4.8592641353252475
LTU,Lithuania,2020,7.78,76.7,6.56,7.4,8.84,8.53,7.56,77.9,67.4,62.1,84.9,66,97.4,71.9,76.5,79.7,86.4,80,70,43091.7973723526,1.8,0.7,36,7.2,,10.7466488142524,,,,,,,,10.671111147796118,0.06842121232359943
LTU,Lithuania,2021,7.92,76.9,7.02,7.4,8.67,8.75,7.78,78.9,74.5,68.7,84.6,66.8,97.2,73.1,74.4,80.1,84,70,70,45873.5273239486,1.4,0.6,36.7,7,4.12,10.5519255843768,,,,,,,,10.733665281738636,6.255413394251796
LTU,Lithuania,2022,7.51,75.8,7.13,7.39,6.93,8.76,7.33,88.6,66.6,74.6,84.5,59.9,86.5,87.3,59.5,82.3,79.2,70,70,46651.2145810247,2.6,1.1,36.6,6.8,,10.813924750714,,,,,,,,10.750475677410769,1.6810395672132827
LUX,Luxembourg,1995,8.01,,5.38,8.12,9.72,9.77,7.16,,,,,,,,,,,,,92391.3398625545,0.2,0,28.3,9.1,,8.17356143843866,,,,,,,,11.433799352272816,
LUX,Luxembourg,1996,,72.5,,,,,,90,90,,46.6,37.1,,85,,84.7,79,70,70,92416.5186640698,0.2,0.1,29,8.6,,6.92787949210401,,,,,,,,11.43407183559023,0.027248331741347442
LUX,Luxembourg,1997,,72.8,,,,,,90,90,,45.2,40.6,,85,,85.8,79,70,70,96211.7308040367,0.1,0,29.6,8.7,,6.51852025947165,,,,,,,,11.47431696473835,4.024512914812028
LUX,Luxembourg,1998,,72.7,,,,,,90,90,,45.6,37.9,,85,,87,79,70,70,101364.675334086,0,0,30.6,8.4,11.1,6.61549092133762,,,,,,,,11.526489805279212,5.217284054086235
LUX,Luxembourg,1999,,72.4,,,,,,90,86,,46.5,37.9,,85,,87.4,79,70,70,108180.402740212,0,0,30,8.6,,6.35316083389102,,,,,,,,11.591564752065441,6.507494678622905
LUX,Luxembourg,2000,8.23,76.4,5.74,8.18,9.6,9.66,7.92,90,87,,51.3,67.3,,85,,88.3,79,70,70,114141.585295622,0,0,30.1,8.6,,6.41932195301825,,,,,,,,11.645203694049904,5.363894198446317
LUX,Luxembourg,2001,8.27,80.1,6.04,8.19,9.53,9.64,7.92,90,88,,52.5,58.9,,85,,88.6,78,90,90,116258.426812926,0,0,30.9,8.5,,4.92586076903745,,,,,,,,11.663579411025795,1.837571697589091
LUX,Luxembourg,2002,8.13,79.4,5.42,8.14,9.55,9.61,7.92,90,86,,56.8,52,,85,,85.2,79.6,90,90,118757.530526236,0,0,31.1,8.6,,5.28321614345088,,,,,,,,11.684847555327213,2.126814430141799
LUX,Luxembourg,2003,8.11,79.9,5.24,8.23,9.48,9.67,7.92,90,87,,59.8,51.5,,85,,84.7,81.4,90,90,120396.257843179,0.5,0.2,30.2,8.3,,5.18354995273278,,,,,,,,11.698552036208616,1.3704480881402858
LUX,Luxembourg,2004,8.11,78.9,5.33,8.18,9.44,9.58,7.96,90,90,,58.9,41.4,,85,,85.3,79.8,90,90,123720.261499488,0.1,0,30.2,8.3,,5.30127492440852,,,,,,,,11.725786423154135,2.7234386945519162
LUX,Luxembourg,2005,7.88,76.3,5.21,8.24,9.35,8.74,7.83,90,87,,64.3,39,,85,51.4,85.9,80.2,90,90,124866.858810412,0.1,0.1,30.8,8.2,,5.16910656242644,,,,,,,,11.735011327612225,0.9224904458090322
LUX,Luxembourg,2006,7.91,75.3,5.59,8.21,9.21,8.84,7.67,90,84,,65.7,36.8,,76.9,51.4,85.7,82.4,90,90,130284.96750238,0.1,0,30.9,8.2,,5.01617484614171,,,,,,,,11.777487063548236,4.2475735936010395
LUX,Luxembourg,2007,8,74.6,5.72,8.52,9.28,8.82,7.65,90,85,,65.3,44,,76.9,47.8,80.2,86.6,90,80,138677.965491876,0,0,31.1,8.3,,4.55022027279199,,,,,,,,11.839916940093287,6.24298765450515
LUX,Luxembourg,2008,8.01,74.7,5.8,8.58,9.21,8.85,7.61,90,86,,65.4,44.8,,77.3,47.4,79.8,86,90,80,135812.22230327,0.2,0,32.6,7.8,,4.06862745098039,,,,,,,,11.819035855370432,-2.0881084722855547
LUX,Luxembourg,2009,7.94,75.2,5.24,8.54,9.45,8.84,7.59,90,84,,66.3,54.4,,76.2,45.1,80.2,85.8,90,80,129002.240187517,0.3,0.1,31.2,8,,5.52416063435681,,,,,,,,11.767592800761054,-5.144305460937737
LUX,Luxembourg,2010,7.84,75.4,4.87,8.57,9.07,8.74,7.94,90,83,,65.9,58.5,,75.1,40.4,78.9,87.5,95,80,131432.059616316,0.3,0.1,30.5,8.2,13.46,5.27216706607326,,,,,,,,11.786252948641415,1.8660147880360967
LUX,Luxembourg,2011,7.9,76.2,5.1,8.54,9.16,8.67,8.03,90,82,,66.7,58.5,,76.4,44.1,82.1,87.6,95,80,129885.369760706,0.2,0.1,32.1,7.8,,5.53245023950749,,,,,,,,11.774415268444328,-1.1837680197087863
LUX,Luxembourg,2012,7.91,74.5,5.27,8.52,9.11,8.6,8.08,90,85,,63.6,46.6,,75.9,40.9,81.3,87.1,95,80,128895.405145048,0.3,0.2,34.3,7.3,14.05,5.76189850118328,,,,,,,,11.766764299826574,-0.7650968617753051
LUX,Luxembourg,2013,8.02,74.2,5.74,8.57,9.1,8.62,8.09,90,85,,65,47.1,,74.8,39,79.3,86.8,95,80,129945.453783621,0.3,0.1,32,7.6,13.73,5.88704447407324,,,,,,,,11.77487775061395,0.8113450787375243
LUX,Luxembourg,2014,8.14,74.2,5.84,8.61,9.19,8.91,8.15,90,84.1,,62.8,47.6,,72.6,43.1,78.9,87.8,95,80,130247.661687069,0.3,0.2,31.2,7.9,13.41,5.62017542834208,,,,,,,,11.777200684607502,0.2322933993552212
LUX,Luxembourg,2015,8.12,73.2,5.48,8.63,9.45,8.83,8.2,90,80,,62.3,42.2,,71.3,42.1,80.7,88,95,80,130097.2561798,0.8,0.4,32.9,7.5,14.03,7.39337029075687,,,,,,,,11.776045260719759,-0.11554238877433676
LUX,Luxembourg,2016,8.07,73.9,5.55,8.61,9.15,8.83,8.2,90,82,,61.1,43,,73.7,42.6,83.2,88,95,80,133661.649729132,0.6,0.2,31.7,7.6,14.94,7.56192039575572,,,,,,,,11.803074365267273,2.7029104547514393
LUX,Luxembourg,2017,8.07,75.9,5.82,8.6,8.93,8.91,8.11,85.8,78.3,77,64.5,46,99,68.6,43.8,86.2,87,95,80,132169.834045368,1.1,0.4,34.5,6.8,14.66,6.66762781812611,,,,,,,,11.79185056213043,-1.1223803136843458
LUX,Luxembourg,2018,8.09,76.4,5.74,8.57,9.1,8.92,8.12,82.7,79,77.9,65.1,48.5,99,69.2,46.2,87.6,86.9,95,80,131733.8846493,0.8,0.4,35.4,6.6,,6.02911621979314,,,,,,,,11.78854673230236,-0.3303829828070093
LUX,Luxembourg,2019,8.11,75.9,5.75,8.58,9.17,8.86,8.2,83,85.8,72.4,65.4,46.6,98.9,68.8,45.9,82.6,86,95,80,132724.752743888,0.3,0.2,34.2,7.2,12.18,6.88675186895153,,,,,,,,11.796040268890964,0.7493536588604854
LUX,Luxembourg,2020,7.8,75.8,4.91,8.65,8.75,8.68,8.03,86.4,90.3,74.4,64.1,45.4,99,66.8,45.3,76.4,86.4,95,80,129865.629988164,0,0,33.4,7.1,12.37,6.53890844180995,,,,,,,,11.774263279650366,-2.17769892405979
LUX,Luxembourg,2021,7.92,76,5.5,8.64,8.88,8.37,8.22,85.7,92.5,77.6,63.4,46.2,99,66.1,45.9,76.5,84,95,80,136772.443753292,0.5,0.2,32.7,7.2,13.56,7.80256458668681,,,,,,,,11.826081140715527,5.181786106516029
LUX,Luxembourg,2022,7.98,80.6,5.39,8.64,8.7,8.97,8.19,97.4,89.5,96.4,64.1,41.5,98.7,89.3,56.3,80.1,79.2,95,80,132570.826463419,0.2,0.1,34.1,7.1,12.77,7.20906507779544,,,,,,,,11.794879864048966,-3.120127666656103
LVA,Latvia,1995,5.91,,5.92,6.22,3.69,8.39,5.43,,,,,,,,,,,,,10707.5149969006,35.5,10.5,31,8,,11.2718187957558,,,,,,,,9.27879449807662,
LVA,Latvia,1996,,55,,,,,,50,50,,78,50.8,,70,,41.1,55,50,50,11077.8618422597,37.3,11.7,31.6,7.7,,11.6025554534688,,,,,,,,9.312794233207311,3.399973513069199
LVA,Latvia,1997,,62.4,,,,,,50,30,,78,56.2,,85,,57.4,65,70,70,12215.0151940189,44.6,14.6,34.4,7.2,9.75,16.2519630541074,,,,,,,,9.410503090677892,9.770885747058067
LVA,Latvia,1998,,63.4,,,,,,50,30,,77.5,56.2,,70,,66,81,70,70,13138.4012524255,40.9,12.9,33.3,7.5,,15.2054452480954,,,,,,,,9.483370724213913,7.286763353602055
LVA,Latvia,1999,,64.2,,,,,,50,30,,77.1,56.7,,70,,72.9,81,70,70,13619.098799485,,,,,,15.3838947069313,,,,,,,,9.519301833677561,3.5931109463648525
LVA,Latvia,2000,7.47,63.4,7.02,6.18,8.42,8.28,7.45,50,27,,76.8,47.1,,70,,78.5,81,70,70,14554.2131724037,,,,,,13.6888982576275,,,,,,,,9.585704502063795,6.640266838623354
LVA,Latvia,2001,7.6,66.4,7.02,6.17,9.2,8.41,7.18,50,34,,75.5,65.3,,70,,83.2,80,70,70,15695.906718153,,,,,,14.440526224273,,,,,,,,9.661218947603093,7.551444553929798
LVA,Latvia,2002,7.85,65,7.22,6.94,9.26,8.49,7.29,50,34,,76.8,49.6,,70,,84.4,80,70,70,17096.5594440255,24.7,7.2,35.1,7.1,9.91,13.4724553917161,,,,,,,,9.746691009733308,8.547206213021497
LVA,Latvia,2003,7.78,66,7.18,6.76,9.07,8.49,7.34,50,34,,78.3,58,,70,,84.9,78.6,70,70,18717.6675525538,19.4,5.5,36.5,6.9,8.89,13.0808821623863,,,,,,,,9.837276569750133,9.058556001682483
LVA,Latvia,2004,7.78,67.4,7.27,6.81,8.72,8.58,7.48,50,37,,82.2,62.2,,70,,85.8,79.8,70,70,20574.118201251,23.1,8.1,36.4,6.5,10.73,12.912853430391,,,,,,,,9.931837770425537,9.456120067540397
LVA,Latvia,2005,7.73,66.3,7.53,7.01,8.34,8.33,7.42,50,38,,83.6,52.7,,70,63.5,84.8,80,70,70,23213.3539355881,20.3,7.5,39,5.9,9.18,11.0494325287755,,,,,,,,10.052526070456093,12.06883000305563
LVA,Latvia,2006,7.8,66.9,7.63,7.01,8.19,8.41,7.71,50,40,,83.5,51,,75,66.6,80.8,82.4,70,70,26431.8140222767,11.1,4.1,35.6,6.8,8.16,10.1566948421001,,,,,,,,10.182361472694128,12.98354022380348
LVA,Latvia,2007,7.79,67.9,7.58,7.06,8.09,8.59,7.6,50,42,,83.9,61.3,,74.5,66.9,74.2,86.6,70,70,29423.7371235063,7.3,2.5,37.5,6.4,7.69,9.70494643127733,,,,,,,,10.289590998307986,10.722952561385846
LVA,Latvia,2008,7.68,68.3,7.38,6.95,7.95,8.57,7.52,55,47,,83.4,59.2,,74.8,64.1,73.8,86,70,70,28726.9722869522,9.2,3.3,37.2,6.1,8.67,9.03404534107467,,,,,,,,10.265626571235174,-2.39644270728121
LVA,Latvia,2009,7.77,66.6,7.05,6.89,8.99,8.5,7.39,55,48,,82.3,58.5,,73.8,61.6,71.1,85.8,70,60,24520.6791475489,14,5.2,35.9,5.9,7.5,9.52520953091404,,,,,,,,10.107312868437461,-15.831370279771306
LVA,Latvia,2010,7.74,66.2,6.9,6.98,9,8.33,7.5,55,50,,82.7,57.4,,72.9,59.1,67,87.5,80,50,24119.7307848939,14.6,5.2,35,6.2,5.84,9.64290489270024,,,,,,,,10.090826948263324,-1.6485920174137192
LVA,Latvia,2011,7.7,65.8,6.96,6.98,8.69,8.3,7.55,50,45,,82.5,55.5,,72.8,61.3,73.5,87.6,80,50,25308.7322074626,13.7,4.5,35.8,6.4,7.79,9.51540669944868,,,,,,,,10.13894427297994,4.811732471661578
LVA,Latvia,2012,7.89,65.2,7.22,7,9.02,8.29,7.9,50,43,,84.3,43.8,,75.9,59.1,79.1,87.1,80,50,27496.5454583635,12.5,4.1,35.2,6.5,6.68,9.36791400868291,,,,,,,,10.221852023611595,8.290775063165512
LVA,Latvia,2013,8.02,66.5,7.25,7.07,9.38,8.47,7.92,50,42,,84.4,53.6,,75.7,64.4,78.3,86.8,80,50,28375.1842887263,10,3.5,35.5,6.5,7.35,9.3640979317219,,,,,,,,10.25330549096036,3.1453467348764974
LVA,Latvia,2014,8.04,68.7,7.25,7.12,9.04,8.77,8.02,50,43.6,,84.6,54.9,,82.5,68.5,79.7,87.8,85,50,29243.7412502629,8.4,2.9,35.1,6.6,9.29,9.37021185486191,,,,,,,,10.283455050180708,3.014955922034801
LVA,Latvia,2015,8.1,69.7,7.19,7.01,9.34,8.74,8.22,50,53,,84.4,59.2,,82.1,61.5,83.8,88,85,50,30599.6133134147,5.7,2.1,34.2,7.1,9.13,9.43594790452318,,,,,,,,10.328775330661664,4.532028048095604
LVA,Latvia,2016,8.04,70.4,7.28,6.93,9.25,8.74,7.98,50,55,,84.8,58.4,,78.6,59.5,84.8,88,85,60,31668.5148442662,5.5,1.9,34.3,7,9.37,9.44947126233352,,,,,,,,10.3631098203205,3.4334489658835565
LVA,Latvia,2017,7.95,74.8,7.16,6.98,8.82,8.8,7.97,72.6,67.3,59.7,84.7,57.4,95,79.8,72,86.5,87,75,60,33036.3915943437,5.4,1.9,35.6,6.7,,8.75514997497208,,,,,,,,10.405395277616014,4.228545729551492
LVA,Latvia,2018,7.84,73.6,6.41,7.1,8.94,8.75,7.99,68.3,45.4,58.9,84,59,95.3,80.1,72.5,87.3,86.9,85,60,34729.7062763057,3.6,1.3,35.1,7,,8.6919196523536,,,,,,,,10.455379481733637,4.998420411762261
LVA,Latvia,2019,7.88,70.4,6.42,7.09,9.11,8.78,7.99,67.3,35.5,48.4,77,57.1,96.9,77.5,73.3,81.1,86,85,60,35208.1934590859,3.3,1.1,34.5,7.1,10.23,8.40307390600415,,,,,,,,10.46906250530014,1.368302356650375
LVA,Latvia,2020,7.73,71.9,6.18,7.16,8.88,8.55,7.89,72.3,46.4,51.1,76.9,58.3,96.5,77,72.4,80.2,86.4,85,60,34225.8976044058,2.9,1.1,35.7,6.9,,8.84689747678932,,,,,,,,10.44076709359862,-2.8295411701520834
LVA,Latvia,2021,7.68,72.3,5.93,7.17,8.73,8.76,7.83,74.7,47.7,55.9,76.7,57.6,96.6,76.5,73.8,79.6,84,85,60,36912.0130602161,2.4,1,34.3,7.1,,8.42417458793317,,,,,,,,10.516319425318024,7.555233171940401
LVA,Latvia,2022,7.52,74.8,6.46,7.16,7.26,8.78,7.93,88.5,61.1,75.1,76.4,53.2,91.4,81.9,62.4,83.8,79.2,85,60,37718.7097958367,2.9,1,33.7,7.1,,8.24992650399551,,,,,,,,10.53793804307614,2.16186177581168
MAC,Macau,1995,,,,,,,,,,,,,,,,,,,,60205.7086394147,,,,,,7.28302094212059,,,,,,,,11.005539064280962,
MAC,Macau,1996,,,,,,,,,,,,,,,,,,,,59115.2336138336,,,,,,7.26646353763018,,,,,,,,10.987260846113541,-1.827821816742059
MAC,Macau,1997,,,,,,,,,,,,,,,,,,,,58639.5250296819,,,,,,6.3808101398672,,,,,,,,10.979181289959774,-0.8079556153766987
MAC,Macau,1998,,,,,,,,,,,,,,,,,,,,55296.5007644986,,,,,,6.25911065025622,,,,,,,,10.920482992357108,-5.869829760266576
MAC,Macau,1999,,,,,,,,,,,,,,,,,,,,53348.0126915655,,,,,,7.29199127454036,,,,,,,,10.884610750308713,-3.587224204839501
MAC,Macau,2000,,,,,,,,,,,,,,,,,,,,55994.760697993,,,,,,8.40119185115449,,,,,,,,10.933031265030206,4.8420514721492225
MAC,Macau,2001,,,,,,,,,,,,,,,,,,,,57173.8590987063,,,,,,7.80477671974658,,,,,,,,10.953869554501523,2.0838289471317495
MAC,Macau,2002,,,,,,,,,,,,,,,,,,,,61625.9560068114,,,,,,6.9792967888897,,,,,,,,11.028854651316914,7.498509681539112
MAC,Macau,2003,,,,,,,,,,,,,,,,,,,,67994.777526459,,,,,,7.54631824647142,,,,,,,,11.127200887031124,9.83462357142102
MAC,Macau,2004,,,,,,,,,,,,,,,,,,,,84004.4558061302,,,,,,8.07506989471179,,,,,,,,11.338637025789264,21.143613875814005
MAC,Macau,2005,,,,,,,,,,,,,,,,,,,,87185.5254441553,,,,,,6.44194548420772,,,,,,,,11.375805073233906,3.7168047444641417
MAC,Macau,2006,,,,,,,,,,,,,,,,,,,,93828.3198758417,,,,,,5.54492954834135,,,,,,,,11.4492326647855,7.342759155159406
MAC,Macau,2007,,,,,,,,,,,,,,,,,,,,102879.639164559,,,,,,5.16145677738247,,,,,,,,11.541324752171422,9.209208738592167
MAC,Macau,2008,,,,,,,,,,,,,,,,,,,,102474.668562926,,,,,,4.64553017892133,,,,,,,,11.537380669507645,-0.3944082663776882
MAC,Macau,2009,,72,,,,,,60,57,,79.3,93.2,,60,60,80.3,90,70,70,104911.140336462,,,,,,4.85029399025952,,,,,,,,11.560878520161324,2.349785065367982
MAC,Macau,2010,,72.5,,,,,,60,54,,77.8,95.2,,60,60,77.5,90,80,70,130758.2806979,,,,,,4.83813003503938,,,,,,,,11.781113359889245,22.023483972792057
MAC,Macau,2011,,73.1,,,,,,60,53,,76.6,93.3,,60,60,83.4,90,85,70,155385.324208541,,,,,,4.36636641803671,,,,,,,,11.95366970923708,17.255634934783437
MAC,Macau,2012,,71.8,,,,,,60,50,,75.8,88.1,,60,55,84.2,90,85,70,164239.261923457,,,,,,4.10716284275322,,,,,,,,12.009085646451998,5.5415937214919
MAC,Macau,2013,,71.7,,,,,,60,51,,73.5,91.5,,60,55,81.3,90,85,70,174569.523171267,,,,,,3.54565740682288,,,,,,,,12.070084083228277,6.099843677627881
MAC,Macau,2014,,71.3,,,,,,60,49.7,,71.4,91.7,,60,55,79.8,90,85,70,162813.439348589,,,,,,3.19505151107174,,,,,,,,12.000366422404918,-6.9717660823359395
MAC,Macau,2015,,70.3,,,,,,60,49.7,,71.8,91.8,,60,50,74.9,90,85,70,123194.067291275,,,,,,3.35428933105689,,,,,,,,11.721524291059835,-27.88421313450833
MAC,Macau,2016,,70.1,,,,,,60,49.7,,73.1,93.9,,60,50,69.6,90,85,70,120530.052858314,,,,,,3.23331807392785,,,,,,,,11.699662698782884,-2.1861592276950503
MAC,Macau,2017,,70.7,,,,,,60,37.1,60,72.3,92.8,100,60,50,70.8,90,85,70,133322.632677744,,,,,,3.39733465599833,,,,,,,,11.800534779858323,10.087208107543866
MAC,Macau,2018,,70.9,,,,,,60,36.4,60,75.3,91,100,60,50,73.6,90,85,70,139541.157248769,,,,,,3.03737182290907,,,,,,,,11.846122037089716,4.55872572313929
MAC,Macau,2019,,71,,,,,,60,33.2,60,77.1,90.4,100,60,50,76.5,90,85,70,133453.896026037,,,,,,3.27505503124763,,,,,,,,11.801518842252875,-4.460319483684039
MAC,Macau,2020,,70.3,,,,,,60,33.5,60,75,89.8,99.9,60,50,70,90,85,70,59662.4855864551,,,,,,3.48984544641717,,,,,,,,10.99647548054004,-80.50433617128351
MAR,Morocco,1995,5.8,62.8,6.64,4.37,6.63,6.28,5.18,70,50,,57.5,72.8,,70,,75,49.8,70,50,4444.228515625,,,,,,47.5212711072422,,,,,,,,8.399586556216004,
MAR,Morocco,1996,,64.3,,,,,,70,50,,60.5,73.2,,70,,75.6,59,70,50,4916.47998046875,,,,,,47.1930905056225,,,,,,,,8.500551479175872,10.096492295986792
MAR,Morocco,1997,,64.7,,,,,,70,50,,62.1,76.3,,70,,74.8,59,70,50,4766.1103515625,,,,,,47.4129409724355,,,,,,,,8.469495603995522,-3.10558751803498
MAR,Morocco,1998,,61.1,,,,,,50,50,,63.6,73.7,,70,,77.4,45,70,50,5033.92333984375,73.4,33.6,39.4,6.5,18.77,47.3239343185492,,,,,,,,8.524153579583675,5.465797558815311
MAR,Morocco,1999,,63.8,,,,,,50,50,,63.4,95.1,,70,,81.2,45,70,50,5043.6650390625,,,,,,47.4393157461075,,,,,,,,8.52608653594771,0.1932956364035121
MAR,Morocco,2000,5.88,63.2,6.81,4.46,6.89,6.06,5.24,50,37,,63,88,,70,,80.2,61,70,50,5100.11572265625,73.2,33.5,40.6,6.5,17.96,47.6312828766359,,,,,,,,8.53721456393422,1.1128027986510247
MAR,Morocco,2001,5.94,63.9,6.83,4.45,7.06,6.19,5.26,50,41,,62.3,82.7,,70,,87.9,61,70,50,5417.57861328125,,,,,,47.5638873298981,,,,,,,,8.597588811568453,6.03742476342326
MAR,Morocco,2002,5.84,59,6.88,4.47,6.85,5.83,5.25,30,47,,62.3,69.3,,70,,86.8,46,70,50,5544.07177734375,,,,,,47.4968637212069,,,,,,,,8.620664844217144,2.3076032648690514
MAR,Morocco,2003,5.93,57.8,6.87,4.5,7.01,5.98,5.38,30,47,,62.5,67.9,,70,,88.9,33.4,70,50,5810.05322265625,,,,,,47.3503499571624,,,,,,,,8.667517110982784,4.685226676564014
MAR,Morocco,2004,5.93,56.7,6.79,4.78,7.03,5.92,5.17,30,37,,63.2,70.4,,70,,85.7,34.2,70,50,5996.39013671875,,,,,,47.3111832194468,,,,,,,,8.69907967636662,3.1562565383836727
MAR,Morocco,2005,6.04,52.2,6.73,5.06,7.07,6.16,5.22,30,33,,63.1,73.2,,70,42.1,82.2,28.6,70,30,6103.42236328125,,,,,,46.5517184558715,,,,,,,,8.716768765079188,1.7689088712566914
MAR,Morocco,2006,6.07,51.5,6.7,4.87,6.69,6.22,5.85,30,32,,63.3,72.8,,67.8,31.7,82.1,35.2,70,30,6488.673828125,65.1,25.9,40.7,6.5,26.73,45.4908977839474,,,,,,,,8.777967550827322,6.11987857481342
MAR,Morocco,2007,6.12,56.4,6.79,5.03,6.71,6.24,5.84,30,32,,63.2,78.1,,74.6,31.4,83.2,61,70,40,6620.59033203125,,,,,,44.6543842145124,,,,,,,,8.798090851504766,2.0123300677443723
MAR,Morocco,2008,6.11,55.6,6.74,4.99,6.4,6.59,5.82,35,32,,65.4,73.2,,76.1,31.9,79.8,62.6,60,40,6901.95068359375,,,,,,43.4775072884129,,,,,,,,8.839704234478875,4.161338297410921
MAR,Morocco,2009,6.21,57.7,6.83,4.96,6.77,6.62,5.91,35,35,,65.1,76.5,,76.2,30.8,80.5,68,60,50,7063.72705078125,,,,,,42.6236354633082,,,,,,,,8.862869660371077,2.316542589220205
MAR,Morocco,2010,6.33,59.2,6.96,4.9,6.85,6.78,6.16,40,35,,68.5,81.5,,76.1,21.7,78.4,71.2,60,60,7210.63671875,,,,,,41.7007890027538,,,,,,,,8.8834512112783,2.05815509072238
MAR,Morocco,2011,6.43,59.6,6.91,4.9,6.95,6.87,6.51,40,33,,67.8,74.6,,75.7,27.2,76.5,75.8,65,60,7503.79296875,,,,,,40.7791687699686,,,,,,,,8.923297157910918,3.9845946632617313
MAR,Morocco,2012,6.34,60.2,6.39,4.92,7,7.01,6.36,40,34,,69.7,74.8,,77.2,27.6,77.9,75.7,65,60,7628.64404296875,,,,,,39.955119066174,,,,,,,,8.939796470892576,1.6499312981657965
MAR,Morocco,2013,6.4,59.6,6.31,4.98,7.17,7.04,6.47,40,34,,71.4,64.3,,76.4,30.1,78.9,70.8,70,60,7839.0322265625,49,16.3,39.5,6.7,20.54,39.0275988920488,,,,,,,,8.966998223866936,2.7201752974360005
MAR,Morocco,2014,6.39,58.3,6.53,5.01,7.32,6.66,6.41,40,33.3,,71.3,64.1,,76.2,31.5,78.1,58.8,70,60,7951.79833984375,,,,,,38.1162743161859,,,,,,,,8.98127913814675,1.4280914279813928
MAR,Morocco,2015,6.47,60.1,6.55,5.11,7.19,6.9,6.59,40,37,,70.9,61,,68.8,33.4,81.9,78.2,70,60,8198.80859375,,,,,,37.7308709836669,,,,,,,,9.011866090754301,3.058695260755151
MAR,Morocco,2016,6.48,61.3,6.6,4.98,7.17,6.94,6.71,40,39,,71.5,65.6,,66.4,34.3,84.1,81.8,70,60,8141.9404296875,,,,,,37.6413382987147,,,,,,,,9.004906625916304,-0.6959464837997587
MAR,Morocco,2017,6.57,61.5,6.59,5.12,7.3,7.1,6.77,55,37.1,41.9,71.7,69.4,55,67.7,33.8,82.7,84,70,70,8450.0087890625,,,,,,37.3106230229215,,,,,,,,9.042041096546605,3.7134470630300953
MAR,Morocco,2018,6.61,61.9,6.61,5.24,7.17,7.2,6.81,53.8,41.3,44.3,70.5,70.5,60.6,69.6,36,82.3,79.4,65,70,8611.75,,,,,,37.0295163984512,,,,,,,,9.06099894247682,1.89578459302151
MAR,Morocco,2019,6.61,62.9,6.69,5.24,7.37,7.21,6.56,57.2,39.2,47.1,72.2,72.7,66.9,70.3,33.1,83.5,77.4,65,70,8768.17578125,,,,,,36.6992487642516,,,,,,,,9.078998099336225,1.7999156859405119
MAR,Morocco,2020,6.44,63.3,6.51,5.27,7.25,6.69,6.46,66.3,39.2,48,71.8,72.8,67.2,70.4,33,77,78.6,65,70,8054.56298828125,,,,,,36.9063063440001,,,,,,,,8.994118186189311,-8.487991314691357
MAR,Morocco,2021,6.45,63.3,6.93,5.25,6.99,6.58,6.5,67.5,39.9,51.2,68.3,73,68.5,72.3,33.2,80.3,70.6,65,70,8623.265625,,,,,,36.4337371052087,,,,,,,,9.06233509334699,6.821690715767836
MAR,Morocco,2022,6.46,59.2,6.95,5.31,6.41,7.09,6.52,57.8,41,32.7,68.2,69.8,46,64.8,46.4,80,68.6,65,70,8690.4482421875,,,,,,36.3768248449945,,,,,,,,9.070094860551919,0.7759767204928991
MDA,Moldova,1995,,33,7.74,5.28,,,3.94,50,10,,37.3,72.1,,70,,0,17.6,30,10,6428.83979448752,,,,,,28.4684541113242,,,,,,,,8.768704901600515,
MDA,Moldova,1996,,52.5,,,,,,50,30,,75.1,72.1,,70,,0,75,50,50,6063.14051693664,,,,,,29.4061015788798,,,,,,,,8.71014809937178,-5.855680222873438
MDA,Moldova,1997,,48.9,,,,,,50,30,,59,45.6,,70,,10.4,75,50,50,6185.83952473232,76.5,35.8,36.9,6.6,,30.2241046197738,,,,,,,,8.73017965770185,2.0031558330069643
MDA,Moldova,1998,,53.5,,,,,,50,30,,57.7,52.7,,70,,46.3,75,50,50,5783.48593751483,84.4,45.2,39.5,6,6.1,31.0743782672726,,,,,,,,8.662934774402773,-6.724488329907707
MDA,Moldova,1999,,56.1,,,,,,50,30,,58.5,55.1,,70,,65.9,75,50,50,5597.46512850295,88.8,52.7,42.6,6,6.62,31.7856731114048,,,,,,,,8.6302477549594,-3.268701944337238
MDA,Moldova,2000,5.15,59.6,8.2,5.25,1.2,,5.67,50,30,,55.8,85.5,,70,,69.9,75,50,50,5727.07922525352,91.2,52.4,36.4,6.9,7.58,36.456960075687,,,,,,,,8.65313553976926,2.2887784809858758
MDA,Moldova,2001,5.35,54.9,7.09,5.22,2.99,,5.75,50,26,,54.5,76.5,,55,,55.9,76.4,50,50,6090.03474356112,86.4,46.3,38,6.7,8.11,38.8641142222786,,,,,,,,8.714573254901833,6.1437715132573345
MDA,Moldova,2002,5.59,57.4,7.62,5.22,3.4,,5.75,50,26,,78.2,76.5,,55,,54.7,76,50,50,6580.27841436838,77.6,36.1,35.8,7,8.89,40.6926084506522,,,,,,,,8.791984293345843,7.741103844401032
MDA,Moldova,2003,5.45,60,7.77,5.21,2.72,,5.77,50,31,,81.3,78.6,,55,,63.4,80.4,50,50,7034.35784911687,70.8,28.4,34.9,7.6,8.88,42.889307561429,,,,,,,,8.858703835222382,6.671954187653917
MDA,Moldova,2004,6.13,57.1,7.75,5.24,5.33,,5.77,50,21,,81.5,74.2,,55,,71.3,80.4,30,50,7573.6178454751,71.4,29,35,7.4,7,42.8700982560684,,,,,,,,8.932558179662722,7.385434444034011
MDA,Moldova,2005,6.36,57.4,7.71,5.26,5.96,6.78,6.04,50,24,,84.5,68.5,,55,64.8,70,77.2,30,50,8161.47344724765,76.2,34.1,36.3,7,8.17,44.153863618481,,,,,,,,9.007302520562263,7.474434089954052
MDA,Moldova,2006,6.23,58,7.1,5.25,5.84,6.88,6.06,50,23,,81.9,66.1,,67.4,63.4,68.4,79.4,30,50,8577.02858037286,43.1,14,35.4,7.1,15.01,47.575278376178,,,,,,,,9.056959396893712,4.9656876331448885
MDA,Moldova,2007,6.24,58.7,7.03,5.33,5.68,7,6.11,50,29,,85.6,62.8,,68.1,64.4,68,79.4,30,50,8854.83397616724,33.7,10.1,34.4,7.4,12.21,49.7563488086094,,,,,,,,9.088831727167491,3.187233027377978
MDA,Moldova,2008,6.28,57.9,7.1,5.36,5.9,6.99,6.02,50,32,,83,56.9,,69.3,60.7,67.6,79.2,30,50,9563.69814290939,35.4,10.5,34.7,7.3,11.48,49.7542477424054,,,,,,,,9.165834322872389,7.70025957048972
MDA,Moldova,2009,6.38,54.9,6.75,5.32,7.32,6.81,5.71,40,28,,85.3,51.3,,70.1,45.1,67.6,81.6,30,50,9001.23432081622,34.3,9.9,32.9,7.6,11.29,51.3551528688226,,,,,,,,9.10522808337594,-6.060623949644928
MDA,Moldova,2010,6.52,53.7,7.4,5.35,6.81,6.79,6.23,40,29,,85.1,43,,70.2,42.7,67.5,79.9,30,50,9649.9509930271,31.7,8.2,32.1,8.1,11.59,55.3041868946859,,,,,,,,9.174811737977665,6.958365460172544
MDA,Moldova,2011,6.6,55.7,7.57,5.54,6.92,6.81,6.15,40,33,,85.6,48.1,,69.5,39,77,80.2,35,50,10217.3087761255,28,6.8,30.6,8.5,9.92,55.1207245426558,,,,,,,,9.231936368275962,5.712463029829706
MDA,Moldova,2012,6.71,54.4,7.58,5.49,7.51,6.8,6.14,40,29,,86.5,38.7,,70,41.7,74.4,79,35,50,10158.3854676883,27.3,6.3,29.2,9,9.6,56.684292369242,,,,,,,,9.226153233839403,-0.5783134436558868
MDA,Moldova,2013,6.74,55.5,7.6,5.36,7.42,6.94,6.39,40,29,,87.2,50.1,,69.7,40.9,73.4,80,35,50,11080.0634585341,22.5,4.7,28.5,9.2,9.83,57.3751819907049,,,,,,,,9.312992935707591,8.68397018681879
MDA,Moldova,2014,6.84,57.3,7.68,5.35,7.43,7.39,6.35,40,29.5,,85.8,54.4,,70.1,37.9,75,80.1,50,50,11641.1208436577,21.4,4.1,26.8,9.7,8,59.1520634391167,,,,,,,,9.362384907751842,4.9391972044251276
MDA,Moldova,2015,6.76,57.5,7.61,5.31,7.17,7.39,6.32,40,35,,85.1,51.8,,66.8,40.6,76.1,79.8,50,50,11691.0797484184,19,3.6,27,9.7,9.07,60.5100846814372,,,,,,,,9.366666946975785,0.42820392239431015
MDA,Moldova,2016,6.82,57.4,7.66,5.3,7.49,7.39,6.24,40,35,,85.4,55.6,,64.6,39.3,76,73.6,55,50,12377.366678394,19.1,3.6,26.3,10,8.57,61.5590591627244,,,,,,,,9.423705605256407,5.703865828062149
MDA,Moldova,2017,6.88,58,7.63,5.36,7.6,7.46,6.35,49.6,28.6,23.9,86.1,54.8,90.6,65.9,38.9,72,80,55,50,13118.8219369605,18.8,3.6,25.9,10,7.67,60.1455658753858,,,,,,,,9.481879490527971,5.817388527156453
MDA,Moldova,2018,7.08,58.4,7.59,5.76,8.1,7.49,6.48,53.5,26.6,26.3,85.3,56.7,90,66,39.9,73.2,78.3,55,50,13895.5043655692,15.5,2.8,25.7,10.2,7.01,59.6244661995789,,,,,,,,9.53939260299983,5.751311247185953
MDA,Moldova,2019,7.14,59.1,7.77,5.84,7.94,7.66,6.48,55.2,25.4,29.6,85.4,59.1,92,67,39,73.5,78,55,50,14621.2401362286,16.1,2.9,26,10,6.57,59.2519024696919,,,,,,,,9.5902989456584,5.0906342658569415
MDA,Moldova,2020,6.9,62,7.5,5.86,7.87,7.03,6.24,60.5,37.2,31.7,86.1,71.6,96.2,68.1,37,72,78,55,50,13559.2600217483,16.7,2.9,25,10.3,5.22,59.1271275629698,,,,,,,,9.514898736955692,-7.540020870270858
MDA,Moldova,2021,7.12,62.5,7.85,5.96,7.74,7.63,6.39,60.6,38.7,29.9,94,71,96.5,66.2,39.2,71.5,76.8,55,50,15682.0703284653,15.4,2.7,25.7,10.1,5.33,58.7779623301966,,,,,,,,9.660337086500146,14.543834954445423
MDA,Moldova,2022,6.49,61.3,7.7,5.84,5.24,7.62,6.07,55.9,34.7,30.7,94.1,68.1,87.2,64.2,46.4,72.4,76.6,55,50,15358.0153548867,19.7,3.5,25.9,10.2,5.44,58.5846798598757,,,,,,,,9.639457900147319,-2.087918635282726
MDG,Madagascar,1995,3.94,51.6,6.25,3.11,2.71,5.56,2.24,30,10,,74.7,87.9,,70,,74,37.6,50,30,1661.27062467061,,,,,,79.7973653436049,,,,,,,,7.415939792888315,
MDG,Madagascar,1996,,52.2,,,,,,50,30,,74.8,87.3,,70,,60.5,37.6,30,30,1643.32579628891,,,,,,79.848955473852,,,,,,,,7.405085728907593,-1.0854063980722195
MDG,Madagascar,1997,,53.8,,,,,,50,30,,74.9,88.2,,70,,53.5,58,30,30,1649.44809006306,98.6,74.8,39.4,6.1,,79.8983796008177,,,,,,,,7.408802099761428,0.3716370853835471
MDG,Madagascar,1998,,51.8,,,,,,50,30,,74.8,90.7,,70,,61.1,29.2,30,30,1658.88849253066,,,,,,79.9182478228374,,,,,,,,7.414505705920069,0.5703606158641072
MDG,Madagascar,1999,,52.8,,,,,,50,30,,74.8,90.5,,70,,72.8,27,30,30,1681.35933226493,98.5,73.9,38.6,6.3,,79.9132810461313,,,,,,,,7.427952451643247,1.34467457231775
MDG,Madagascar,2000,5.31,54.4,6.65,2.86,6.61,6.59,3.91,50,30,,74.6,84.1,,70,,78.2,22.2,50,30,1701.44320253582,,,,,,79.9268664266097,,,,,,,,7.4398196762547295,1.1867224611482818
MDG,Madagascar,2001,5.64,53.9,6.95,2.85,7.44,6.74,4.26,50,30,,74.5,84.1,,70,,76.5,0,50,50,1748.50350929178,89.1,58.6,47.4,4.9,,79.945300925874193,,,,,,,,7.467087317688429,2.7267641433699197
MDG,Madagascar,2002,5.45,56.8,7.43,2.59,6.22,6.66,4.3,50,30,,74.3,90.3,,70,,74,22.4,50,50,1486.43429741771,,,,,,80.2316840296752,,,,,,,,7.30480796664105,-16.227935104737856
MDG,Madagascar,2003,5.67,62.8,6.71,2.53,7.72,6.72,4.67,50,30,,74.2,90.2,,70,,76.6,74.6,50,50,1584.74925232364,,,,,,80.4546893851822,,,,,,,,7.3688122890169,6.400432237585019
MDG,Madagascar,2004,5.49,60.9,6.93,2.55,6.33,6.84,4.74,50,17,,74.6,89.8,,70,,71.9,74.4,50,50,1620.11953793293,,,,,,81.3412602968258,,,,,,,,7.390872262343686,2.2059973326785887
MDG,Madagascar,2005,5.39,63.1,7.03,2.68,5.98,6.45,4.76,50,26,,81.4,92.6,,70,48.9,82.8,79.2,50,50,1648.17631554009,93.1,59,39.9,6.7,43.93,82.1677586606,,,,,,,,7.408031239548498,1.715897720481152
MDG,Madagascar,2006,5.66,61,6.83,2.71,6.53,6.61,5.52,50,31,,81,88.6,,38,49.3,74.5,77.8,70,50,1686.86335460016,,,,,,82.9634120572152,,,,,,,,7.431218720812932,2.3187481264434595
MDG,Madagascar,2007,5.8,61.1,7.22,2.99,6.48,6.84,5.43,50,28,,80.8,81.1,,51.2,47.2,70,82.8,70,50,1731.61751794976,,,,,,83.7454838931063,,,,,,,,7.457388560192044,2.6169839379111437
MDG,Madagascar,2008,5.97,62.4,7.78,3.03,6.78,6.84,5.4,50,31,,80.9,86.4,,56,48.1,72.2,79.6,70,50,1794.40235887329,,,,,,84.4461680958992,,,,,,,,7.492984431164484,3.5595870972440657
MDG,Madagascar,2009,6.04,62.2,8.38,2.74,6.88,6.79,5.4,50,32,,80.9,86.3,,60.5,46,73.9,72.6,70,50,1673.15551466723,,,,,,85.3201859979696,,,,,,,,7.4230641467746405,-6.992028438984388
MDG,Madagascar,2010,5.97,63.2,8.03,2.58,6.99,6.52,5.72,45,34,,87.3,88.8,,71.9,46.9,75.4,73.2,60,50,1635.24511473059,94.2,64.2,42.4,6.1,58.66,86.1912662024353,,,,,,,,7.400159331569899,-2.2904815204741524
MDG,Madagascar,2011,5.94,61.2,8.03,2.56,7.1,6.43,5.55,40,30,,87.8,89.7,,60,50.7,75.9,73.2,55,50,1614.55137773785,,,,,,86.1541324397767,,,,,,,,7.387431587753494,-1.2727743816404846
MDG,Madagascar,2012,6.14,62.4,8.46,2.61,7.61,6.48,5.54,40,26,,88.3,93.6,,71.1,50.8,76,73.5,55,50,1617.79082882481,94.5,65.5,42.6,5.7,52.46,86.1079263289671,,,,,,,,7.389434747569805,0.20031598163106068
MDG,Madagascar,2013,6.24,62,8.54,2.73,7.7,6.59,5.64,40,30,,90,94.6,,63.5,47.4,74.9,74.6,55,50,1610.6023078966,,,,,,85.9525757711906,,,,,,,,7.384984185369158,-0.44505622006472123
MDG,Madagascar,2014,6.19,61.7,7.93,2.8,7.67,6.98,5.54,40,27.3,,90.8,92.3,,62.8,43.9,77.6,77.8,55,50,1620.357889066,,,,,,85.7593623933675,,,,,,,,7.391019280257528,0.6035094888370729
MDG,Madagascar,2015,6.18,61.7,8.1,2.87,7.5,6.89,5.53,45,28,,90.9,94.7,,62.3,45.1,79.2,71.8,50,50,1627.5806134224,,,,,,85.5683421479978,,,,,,,,7.395464125132142,0.4444844874613274
MDG,Madagascar,2016,6.11,61.1,7.69,2.85,7.57,6.85,5.6,45,28,,91.1,93.4,,52.9,48.5,74.5,77.2,50,50,1648.91226979296,,,,,,85.4387187628213,,,,,,,,7.408477395658613,1.3013270526471388
MDG,Madagascar,2017,5.97,57.4,7.52,2.82,7.26,6.86,5.37,34.8,25,21.4,91,93.2,79.8,43.3,43.8,73.3,78,55,50,1669.72764267278,,,,,,85.2841308345373,,,,,,,,7.421014524690261,1.253712903164761
MDG,Madagascar,2018,6.06,56.8,7.77,2.85,7.15,6.89,5.63,33.2,17.8,21.4,90.3,92.9,82.5,45.6,41.5,73.4,78,55,50,1678.78623269491,,,,,,85.1290872848545,,,,,,,,7.426421821857792,0.5407297167531411
MDG,Madagascar,2019,6.12,56.6,7.69,2.78,7.52,6.87,5.71,33.2,14.3,24.4,91,91.8,85.5,47.3,44.6,72.4,69.2,55,50,1707.83153830039,,,,,,84.9378549105182,,,,,,,,7.4435651049979406,1.7143283140148569
MDG,Madagascar,2020,5.8,60.5,7.04,2.82,7.62,6.25,5.27,45.6,25,39.6,90.7,91.5,90.6,47.3,44.6,72.7,73.6,55,50,1545.72714379204,,,,,,85.5948004297467,,,,,,,,7.343896457377425,-9.966864762051575
MDG,Madagascar,2021,5.97,57.7,7.89,2.65,7.54,6.23,5.54,33.7,20.2,25.7,90.6,93.4,92.9,46.5,44.7,73.7,65.4,55,50,1577.43246056529,96.6,66.8,36.8,7.2,8.08,85.0753472754052,,,,,,,,7.364187519984325,2.029106260690039
MDG,Madagascar,2022,5.95,58.9,7.21,2.66,7.35,6.87,5.65,40.3,23,33.4,90.7,92.9,87.8,37.4,56,75.9,64.8,55,50,1602.71368352337,,,,,,84.9434806513982,,,,,,,,7.38007727094913,1.5889750964804605
MDV,Maldives,1995,,,,,,,,,,,,,,,,,,,,10894.1730236585,,,,,,32.6996197718631,,,,,,,,9.296075128267626,
MDV,Maldives,1996,,,,,,,,,,,,,,,,,,,,11495.0988639063,,,,,,32.4155767184364,,,,,,,,9.349763027574554,5.368789930692763
MDV,Maldives,1997,,,,,,,,,,,,,,,,,,,,12210.9687208916,,,,,,32.1506907299804,,,,,,,,9.410171792509496,6.040876493494274
MDV,Maldives,1998,,,,,,,,,,,,,,,,,,,,12884.7223193763,,,,,,31.8961622525855,,,,,,,,9.463875180450131,5.370338794063478
MDV,Maldives,1999,,,,,,,,,,,,,,,,,,,,13449.2026730153,,,,,,31.6659503037766,,,,,,,,9.506749453542128,4.287427309199643
MDV,Maldives,2000,,,,,,,,,,,,,,,,,,,,13738.2809408875,,,,,,31.4588759878152,,,,,,,,9.528014231138167,2.126477759603951
MDV,Maldives,2001,,,,,,,,,,,,,,,,,,,,12977.9990665612,,,,,,31.300493776692505,,,,,,,,9.471087873768594,-5.6926357369572855
MDV,Maldives,2002,,,,,,,,,,,,,,,,,,,,13689.8065561949,81.4,38.7,41.3,6.8,,31.1258486626022,,,,,,,,9.524479832266163,5.339195849756884
MDV,Maldives,2003,,,,,,,,,,,,,,,,,,,,15316.1192814998,,,,,,30.8481419992211,,,,,,,,9.636726389157884,11.224655689172103
MDV,Maldives,2004,,,,,,,,,,,,,,,,,,,,15958.6557759464,,,,,20.16,30.5366303302341,,,,,,,,9.67781930284805,4.10929136901661
MDV,Maldives,2005,,,,,,,,,,,,,,,,,,,,13942.8753891662,,,,,,30.4109992634422,,,,,,,,9.542795650640004,-13.502365220804613
MDV,Maldives,2006,,,,,,,,,,,,,,,,,,,,16829.9768208157,,,,,,30.0568999532982,,,,,,,,9.730976325953078,18.818067531307392
MDV,Maldives,2007,,,,,,,,,,,,,,,,,,,,17439.9504862625,,,,,,29.7025984850567,,,,,,,,9.766576196336969,3.5599870383890675
MDV,Maldives,2008,,,,,,,,,,,,,,,,,,,,18344.4866455436,,,,,,29.2539439666544,,,,,,,,9.817138863858828,5.056266752185934
MDV,Maldives,2009,,51.3,,,,,,30,33,,95.8,0,,83.2,90.1,76.5,44,30,30,16230.0089361263,65,27.2,38.4,6.4,18.82,28.9325579613279,,,,,,,,9.694678823464114,-12.246004039471359
MDV,Maldives,2010,,49,,,,,,30,28,,95.5,0,,82.3,75.3,69.7,44.5,35,30,16730.0144200167,,,,,,27.3620643197921,,,,,,,,9.72501942693146,3.034060346734613
MDV,Maldives,2011,,48.3,,,,,,25,25,,95.6,0,,81.5,73.4,74.1,43.8,35,30,17581.7676697752,,,,,,25.6831895753897,,,,,,,,9.7746745917134,4.9655164781938765
MDV,Maldives,2012,,49.2,,,,,,25,23,,98,0,,89.7,71.9,75.3,43.7,35,30,17390.1474995422,,,,,,23.9912600145667,,,,,,,,9.763716591343977,-1.0958000369422294
MDV,Maldives,2013,,49,,,,,,25,25,,98.8,14.5,,88.7,64,70.4,43.7,30,30,17986.8907361645,,,,,,22.2344764577284,,,,,,,,9.797454073609558,3.373748226558071
MDV,Maldives,2014,,51,,,,,,20,21.9,,97.4,43.8,,87.4,71.7,69.4,43.8,25,30,18765.3592118344,,,,,,20.436927847229,,,,,,,,9.839821142297106,4.236706868754858
MDV,Maldives,2015,,53.4,,,,,,25,21.9,,95.5,50.6,,85.8,73.4,74.1,47.8,30,30,18829.4481529112,,,,,,20.1674391657011,,,,,,,,9.843230421310162,0.3409279013055766
MDV,Maldives,2016,,53.9,,,,,,25,21.9,,94,60.8,,81.5,70.4,73,47.8,35,30,19345.1792343541,11.7,2.6,31.3,8.3,9.7,19.8911419190872,,,,,,,,9.870250223372071,2.701980206190946
MDV,Maldives,2017,,50.3,,,,,,45.1,31.4,33,93,51.5,9.4,80.6,70.4,76.3,47.8,35,30,20036.7165354949,,,,,,19.4950474649353,,,,,,,,9.905371603371952,3.512137999988063
MDV,Maldives,2018,,51.1,,,,,,45,36.6,38.8,94.3,45.5,6.7,78.6,70.6,83.3,48.4,35,30,21072.5805249694,,,,,,19.1009356736014,,,,,,,,9.955775427100848,5.040382372889596
MDV,Maldives,2019,,53.2,,,,,,43.9,33.5,36.4,95.8,60.8,10.7,78.3,70.8,81,62.6,35,30,21855.501224579,11.2,2,29.3,8.9,10.7,18.7276410499547,,,,,,,,9.992253695150156,3.647826804930787
MDV,Maldives,2020,,56.5,,,,,,48.5,39.2,31.7,95.8,67.9,42.9,78.7,70.6,77,61,35,30,14242.9750701162,,,,,,18.328602414832,,,,,,,,9.56408929419368,-42.81644009564758
MDV,Maldives,2021,,55.2,,,,,,44.1,39.5,28.2,96.5,67,35.9,77.9,71.2,77.5,59.8,35,30,19052.6224904311,,,,,,17.9129992937975,,,,,,,,9.855012519455311,29.092322526163095
MDV,Maldives,2022,,47.3,,,,,,47.2,43.1,32.1,96.9,55.2,0,39.8,51.6,77.2,60,35,30,21357.8112511153,,,,,,17.7230533543386,,,,,,,,9.96921963848777,11.420711903245895
MEX,Mexico,1995,6.53,63.1,7.46,5.29,4.97,9.18,5.84,70,50,,72.4,86.8,,55,,67.8,66.2,70,30,17028.1215003697,,,,,,33.9691096067829,,,,,,,,9.742680186910405,
MEX,Mexico,1996,,61.2,,,,,,50,50,,73.1,93.1,,55,,66.6,63,70,30,17775.8727869147,65.6,32.7,52,3.8,,32.3222158998867,,,,,,,,9.785653609847955,4.29734229375498
MEX,Mexico,1997,,57.1,,,,,,50,32,,73.2,82.7,,55,,57.8,63,70,30,18737.6426443231,,,,,,33.4392985862985,,,,,,,,9.838343122236568,5.268951238861241
MEX,Mexico,1998,,57.9,,,,,,50,33,,73.4,80.9,,55,,54.1,74.8,70,30,19573.0654539328,62.2,31.1,53.3,3.3,,31.276231726969,,,,,,,,9.881960777902357,4.361765566578946
MEX,Mexico,1999,,58.5,,,,,,50,27,,73.4,86.3,,55,,58.2,77,70,30,19793.2852841045,,,,,,30.9941521102718,,,,,,,,9.893148553008352,1.1187775105995001
MEX,Mexico,2000,6.65,59.3,7.71,4.7,6.43,7.75,6.69,50,33,,73.1,92.3,,55,,67.6,63,70,30,20470.4937646148,55.1,25.9,53.4,3.4,,28.6556583715149,,,,,,,,9.926788649349763,3.3640096341411407
MEX,Mexico,2001,6.72,60.6,7.87,4.58,7.31,7.6,6.26,50,34,,69,85.5,,55,,69.1,83,50,50,20078.2183908739,,,,,,28.9205645916625,,,,,,,,9.907440648290802,-1.9348001058961728
MEX,Mexico,2002,6.81,63,7.82,4.71,7.56,7.5,6.48,50,33,,68.8,85.5,,55,,73.2,81.2,50,70,19744.7933653416,52.9,23.3,50.6,4,,28.9291909210766,,,,,,,,9.890695753482872,-1.6744894807930066
MEX,Mexico,2003,6.79,65.3,7.67,4.64,7.75,7.46,6.45,50,37,,68.3,84.7,,70,,77,81,50,70,19701.4633876569,,,,,,29.161819871507,,,,,,,,9.888498951967325,-0.2196801515546909
MEX,Mexico,2004,6.84,66,7.7,4.82,7.75,7.57,6.37,50,36,,73.3,83.1,,70,,79.8,81.6,50,70,20127.2242847772,50.4,21.2,50.3,4,19.14,28.7294860397438,,,,,,,,9.90987830236223,2.137935039490557
MEX,Mexico,2005,6.95,65.2,7.46,5.23,8.01,7.5,6.55,50,36,,74.9,83.7,,70,61.4,81.1,75.2,50,70,20277.2552818503,48.4,21,50.9,3.8,,28.6988275313931,,,,,,,,9.917304422537253,0.7426120175022533
MEX,Mexico,2006,6.97,64.7,7.48,5.2,7.98,7.52,6.65,50,36,,78.4,82.1,,79.7,62,81.3,57.4,50,70,20965.8256074046,45.9,18.6,49.7,4.2,,27.6392315403137,,,,,,,,9.950696734631018,3.339231209376514
MEX,Mexico,2007,6.89,66,7.49,5.1,7.86,7.41,6.6,50,35,,82.2,83.4,,83.5,61.7,77,77.6,50,60,21102.2688314629,,,,,,27.6258854803049,,,,,,,,9.957183228387564,0.6486493756545642
MEX,Mexico,2008,6.87,66.2,7.51,5.08,7.79,7.43,6.56,50,33,,83.4,83.7,,82.9,61.9,77.7,79,50,60,20992.5602618229,46,19.5,50.8,3.9,12.94,27.1293986726867,,,,,,,,9.951971015478637,-0.5212212908926261
MEX,Mexico,2009,6.8,65.8,7.2,4.96,7.77,7.46,6.62,50,35,,83.4,81.8,,80.3,59.8,77.5,80.2,50,60,19385.5437230088,,,,,,28.10971298329,,,,,,,,9.8723344818587,-7.96365336199365
MEX,Mexico,2010,6.95,68.3,7.62,4.97,7.84,7.38,6.92,50,36,,83.5,85.2,,83,61.9,76.3,82,65,60,20058.3854859755,46.3,18.4,47.7,4.6,11.05,27.1323174816299,,,,,,,,9.906452427246876,3.411794538817503
MEX,Mexico,2011,6.9,67.8,7.47,4.94,7.9,7.43,6.73,50,33,,81.3,83.1,,87.3,60.9,75.7,81.2,65,60,20457.6001664624,,,,,,27.0383943361546,,,,,,,,9.926158619103528,1.9706191856652566
MEX,Mexico,2012,6.9,65.3,7.65,4.84,7.83,7.47,6.7,50,31,,80.7,78.3,,82,61.3,76.5,72.9,60,60,20898.9357195292,44.1,17.2,49.6,4.4,10.92,26.5915706565839,,,,,,,,9.94750136232756,2.134274322403229
MEX,Mexico,2013,6.93,67,7.67,4.8,7.84,7.55,6.77,50,30,,81.1,79.4,,81.4,59.7,77.7,80.6,70,60,20805.3480411912,,,,,,26.6149635386733,,,,,,,,9.943013413415144,-0.44879489124163285
MEX,Mexico,2014,7.03,66.8,8.18,4.77,7.8,7.83,6.58,50,29.7,,80.9,78.9,,76.8,58.3,77.4,85.6,70,60,21069.7661649129,46.6,17.9,48.9,4.7,12.84,26.1286776395464,,,,,,,,9.955641868971147,1.2628455556003004
MEX,Mexico,2015,7.11,66.4,8.36,4.69,7.93,7.88,6.67,50,34,,77.8,78,,71.5,59.9,77.6,85.6,70,60,21408.9283201493,,,,,,25.8734166652499,,,,,,,,9.971610033616859,1.596816464571127
MEX,Mexico,2016,7.02,65.2,8.42,4.63,7.89,7.58,6.59,50,35,,74.9,76.4,,70.7,58.2,77.4,79.2,70,60,21578.2633554092,37.8,13.3,46.9,5,10.99,25.368150093206,,,,,,,,9.979488102706288,0.7878069089429118
MEX,Mexico,2017,7.06,63.6,8.41,4.69,7.5,7.94,6.78,58.1,30,38.7,74.9,76.7,66.8,70.7,57.9,78.8,80,70,60,21777.5225111982,,,,,,25.01057468159,,,,,,,,9.988679557234507,0.9191454528219012
MEX,Mexico,2018,7.07,64.8,8.3,4.65,7.72,7.94,6.73,58.6,26.9,39,75.7,78.1,69.8,67.5,59.8,79.2,88,75,60,21997.7730167472,35.3,12,46,5.2,11.77,24.9522096359473,,,,,,,,9.998741958819103,1.0062401584596259
MEX,Mexico,2019,7.12,64.7,8.28,4.44,7.95,8.16,6.75,59.1,26.3,34.9,75.8,78.2,83.2,67.8,58.6,75.9,81.4,75,60,21704.1859494071,,,,,,25.2923719558328,,,,,,,,9.985306494820106,-1.3435463998996866
MEX,Mexico,2020,7.06,66,8.14,4.48,7.89,8.12,6.66,58.3,36.7,34.7,76.1,79.3,87.5,67,58.4,70.9,87.6,75,60,19728.4817823158,36.5,12.6,44.6,5.3,12.99,25.6061584665131,,,,,,,,9.88986933320369,-9.543716161641669
MEX,Mexico,2021,7,65.5,8.23,4.46,7.67,8.15,6.5,53.4,39.8,35.9,76.1,79.8,88.7,65.6,58.2,72.1,81.6,75,60,20782.5877417545,,,,,,26.9162365538204,,,,,,,,9.941918903347727,5.2049570144037105
MEX,Mexico,2022,6.94,63.7,8.28,4.32,7.47,8.1,6.53,47.7,32,40.7,76,78.3,78,69.2,58.4,73,76.6,75,60,21391.8573692427,27.4,8.5,43.5,5.6,13.64,26.7121637679536,,,,,,,,9.970812377504679,2.889347415695198
MKD,North Macedonia,1995,,,,5.01,,,6.97,,,,,,,,,,,,,9991.82225945554,,,,,,18.045553220082,,,,,,,,9.209622340198608,
MKD,North Macedonia,1996,,,,,,,,,,,,,,,,,,,,10039.8100629547,,,,,19.96,18.4214909701722,,,,,,,,9.214413073552201,0.4790733353592813
MKD,North Macedonia,1997,,,,,,,,,,,,,,,,,,,,10264.3725995917,,,,,14.76,18.8683488765255,,,,,,,,9.23653162685484,2.2118553302638233
MKD,North Macedonia,1998,,,,,,,,,,,,,,,,,,,,10554.8646919125,44.4,13.6,28.1,8.5,16.81,19.2761562506408,,,,,,,,9.26443687941985,2.7905252565011196
MKD,North Macedonia,1999,,,,,,,,,,,,,,,,,,,,10960.3270635811,,,,,16.83,21.308147934123,,,,,,,,9.30212863561565,3.7691756195799897
MKD,North Macedonia,2000,6.33,,6.23,4.83,6.81,,7.08,,,,,,,,,,,,,11406.8563566892,58.3,22.3,34.3,6.6,25.49,21.6109667433472,,,,,,,,9.342057551120492,3.9928915504841456
MKD,North Macedonia,2001,6.12,,5.68,4.82,6.57,,7.08,,,,,,,,,,,,,11010.618301328701,,,,,,23.8282043881387,,,,,,,,9.30670620359571,-3.535134752478264
MKD,North Macedonia,2002,6.48,58,6.29,4.83,7.27,,7.15,30,33,,81,63.3,,55,,77.2,63,50,70,11256.5356823915,33.1,10.8,38.5,6.1,12.54,22.7504958308851,,,,,,,,9.328793021825733,2.208681823002401
MKD,North Macedonia,2003,6.62,60.1,6.56,4.84,7.55,6.96,7.15,30,33,,80.3,85.7,,55,,80.9,56,50,70,11492.1149885832,34.2,11.3,38.7,6.1,11.32,19.8985141524474,,,,,,,,9.349503438416003,2.0710416590269176
MKD,North Macedonia,2004,6.63,56.8,6.83,4.88,7.61,6.6,7.18,30,33,,84.6,48.1,,55,,83.3,57.4,50,70,12068.2806854614,23.2,7,38.4,6.1,12.45,18.9422222059948,,,,,,,,9.398418717076389,4.891527866038636
MKD,North Macedonia,2005,6.83,56.1,6.89,5.01,8.28,6.91,7,30,23,,83.6,49.6,,55,56.2,86.6,57.4,50,70,12706.8158450018,31.4,10.6,39.3,5.8,10.87,22.6867942106623,,,,,,,,9.449972504019204,5.155378694281509
MKD,North Macedonia,2006,6.81,59.2,6.83,5.05,7.73,7.05,7.33,30,27,,80.4,65.1,,54.4,56.4,90.3,68.8,50,70,13433.5443407778,32.8,11.6,42.6,5.2,9.68,22.4202094446327,,,,,,,,9.505584604641001,5.561210062179711
MKD,North Macedonia,2007,6.88,60.6,7.28,5.14,7.28,7.24,7.44,30,27,,85,60.9,,60.1,58.8,90.7,83.4,50,60,14385.0610009248,,,,,,21.8025111725899,,,,,,,,9.574015030716156,6.843042607515493
MKD,North Macedonia,2008,6.87,61.1,7.24,5.18,6.96,7.31,7.63,30,27,,88.1,61.6,,65.2,60.2,85.5,83.4,50,60,15260.251667134,24.1,7.4,46.1,5,,22.8929834058451,,,,,,,,9.633072324222734,5.905729350657829
MKD,North Macedonia,2009,6.99,61.2,7.1,5.03,7.82,7.37,7.58,30,33,,89.4,65.1,,58.2,59.8,85.4,81.6,50,60,15304.1983953734,43.6,19.5,42.8,4.1,8.11,22.4075757897298,,,,,,,,9.635947814077163,0.2875489854428537
MKD,North Macedonia,2010,6.98,65.7,6.7,5.04,7.7,7.37,8.08,35,36,,89.3,65.9,,65.2,83.1,79,83.3,60,60,15919.6900201451,40,18.7,40.1,3.8,8.27,22.1168877953291,,,,,,,,9.675374801433033,3.942698735587058
MKD,North Macedonia,2011,7,66,6.84,5.05,7.67,7.41,8.04,35,38,,90,64.3,,64.6,79.7,84.5,83.6,60,60,16367.03554064,39.5,17.1,39.4,4.4,6.76,21.9425813123438,,,,,,,,9.703085659538024,2.771085810499052
MKD,North Macedonia,2012,7.04,68.5,6.68,5,7.92,7.48,8.14,35,41,,91.2,66.7,,80.9,80.3,86.1,83.6,60,60,16356.3401355766,37.8,15.8,38.1,4.9,10.56,22.0059153241328,,,,,,,,9.702432013538662,-0.06536459993622401
MKD,North Macedonia,2013,7.12,68.2,6.96,5,8.16,7.5,8.01,35,39,,91.4,69.1,,80.3,78.4,84,84.6,60,60,16897.014775912,36.5,14.1,36.2,5.6,8.71,23.4328595213876,,,,,,,,9.734951425130209,3.2519411591547254
MKD,North Macedonia,2014,7.18,68.6,6.86,4.94,8.34,7.73,8.03,35,39.6,,91.4,70.7,,81,78.8,83.5,85.9,60,60,17557.3378727867,32.4,12.3,35.2,5.8,8.56,22.7689940950514,,,,,,,,9.773284208539797,3.8332783409588345
MKD,North Macedonia,2015,7.18,67.1,6.99,4.89,8.37,7.72,7.92,35,44,,91.4,65.6,,79.2,70.7,79,86.2,60,60,18283.2092254459,30.4,11.9,35.6,5.6,9.66,21.7458833814632,,,,,,,,9.813793082475526,4.050887393572822
MKD,North Macedonia,2016,7.16,67.5,7,4.81,8.33,7.73,7.94,35,45,,92.1,69.6,,76.4,66.7,83.5,86.4,60,60,18864.2908884287,27,10.7,34.5,5.6,8.7,19.4408796034363,,,,,,,,9.845079051756272,3.1285969280746784
MKD,North Macedonia,2017,7.13,70.7,7.18,4.71,8.25,7.71,7.83,67,52,61.4,91.9,68.9,72.6,81.5,66.7,80.8,86.1,60,60,19145.2494468401,24.7,9.9,34.2,5.7,8.07,18.6452765096335,,,,,,,,9.85986212408747,1.4783072331198355
MKD,North Macedonia,2018,7.17,71.3,7.41,4.69,8.14,7.7,7.88,64.8,47.4,57,91.6,70.3,78.1,82.9,69,81.8,87.8,65,60,19796.906661928,22.7,8.5,33,6.1,5.59,18.3217048097391,,,,,,,,9.893331486948385,3.346936286091484
MKD,North Macedonia,2019,7.11,71.1,7.07,4.72,8.23,7.69,7.81,65.1,44.7,60.7,91.8,70,82.9,80.2,71.5,78.7,82,65,60,20711.2654023295,20.5,7.9,33.5,5.8,8.25,16.6952890178874,,,,,,,,9.93848133528948,4.51498483410937
MKD,North Macedonia,2020,7.01,69.5,6.86,4.79,8.11,7.69,7.57,62.5,42.2,42.7,91.5,71,87.7,80.6,67,77.7,86.2,65,60,19954.3994977276,,,,,7.56,13.7737918709469,,,,,,,,9.901255037213664,-3.7226298075815123
MKD,North Macedonia,2021,6.99,68.6,6.82,4.74,7.95,7.74,7.69,62.6,41.9,40.4,94.9,71,87.8,77.8,65.2,78.7,77.4,65,60,21070.2754741732,,,,,8.3,12.6611227235597,,,,,,,,9.955666040047845,5.441100283418088
MKD,North Macedonia,2022,6.74,65.7,6.85,4.73,6.77,7.72,7.62,57.4,38.7,50.2,95,67.7,69.8,74.4,54.1,78.3,77.8,65,60,21715.4337998328,,,,,8.39,12.154234727462,,,,,,,,9.985824570872646,3.0158530824801133
MLI,Mali,1995,5.58,52.4,7.85,3.5,5.26,6.52,4.78,30,10,,48.9,80.6,,55,,82.1,65,70,30,2022.4037826787,,,,,,85.3889717207285,,,,,,,,7.612536413236634,
MLI,Mali,1996,,57,,,,,,50,10,,48.8,83.4,,70,,65.6,65,70,50,2105.2753013378,,,,,,85.229227735548207,,,,,,,,7.652676406533116,4.013999329648232
MLI,Mali,1997,,56.4,,,,,,50,10,,49,77.8,,70,,65.8,65,70,50,2142.78769298746,,,,,,85.0334444959693,,,,,,,,7.670329493494351,1.7653086961234798
MLI,Mali,1998,,57.3,,,,,,50,10,,48.8,81.4,,70,,70.1,65,70,50,2228.20055528486,,,,,,84.7883248205539,,,,,,,,7.7093983047913754,3.9068811297024553
MLI,Mali,1999,,58.4,,,,,,50,10,,48.3,82.9,,70,,79.8,65,70,50,2269.08741153512,,,,,,84.5201594275299,,,,,,,,7.727573617018256,1.817531222688018
MLI,Mali,2000,5.63,60.3,5.81,3.35,8.29,6.47,4.33,50,10,,60.8,82.7,,70,,83.7,65,70,50,2187.71894209604,,,,,,84.3191093786824,,,,,,,,7.691071693708884,-3.650192330937152
MLI,Mali,2001,5.38,60.1,6.26,3.35,6.47,6.51,4.34,50,10,,60.8,81.3,,70,,87.6,61,70,50,2458.46155672294,96.5,67.5,39.9,6.3,,83.9830028008034,,,,,,,,7.807697725587902,11.662603187901777
MLI,Mali,2002,5.24,61.1,5.87,3.3,5.92,6.49,4.65,50,10,,69.8,82.7,,70,,86,61,70,50,2455.61935704114,,,,,,83.7183856777448,,,,,,,,7.806541438680374,-0.11562869075278925
MLI,Mali,2003,5.48,58.6,6.61,3.3,6.05,6.61,4.83,50,10,,70.1,83,,70,,83.7,61,50,50,2611.8368553004,,,,,,83.411605808607,,,,,,,,7.868191827788945,6.165038910857135
MLI,Mali,2004,5.37,56.6,6.57,3.35,6.05,6.18,4.74,50,10,,70.2,81.8,,70,,81.5,66.2,50,30,2565.97744562534,,,,,,83.1921443391956,,,,,,,,7.850484394554917,-1.7707433234027903
MLI,Mali,2005,5.45,57.3,6.67,3.4,5.8,6.1,5.28,30,30,,70,83,,70,63.3,84.2,62.2,50,30,2546.33281406377,,,,,,82.9452670604157,,,,,,,,7.842802135490417,-0.7682259064500485
MLI,Mali,2006,5.57,54.1,6.07,3.52,6.23,6.18,5.89,30,32,,69.7,84.8,,35.3,64,81.2,63.8,50,30,2555.07476259654,95.3,63.9,38.9,6.4,26.84,82.7023143612432,,,,,,,,7.846228064911809,0.3425929421392304
MLI,Mali,2007,5.78,54.7,7.05,3.44,6.95,6.34,5.1,30,29,,69.3,81.3,,38.1,62.5,78.4,68.6,50,40,2515.94692367878,,,,,,82.5519150330318,,,,,,,,7.8308019077770155,-1.5426157134793783
MLI,Mali,2008,5.52,55.6,6.54,3.39,5.9,6.51,5.24,30,28,,69.3,81.5,,42.1,66,79.9,68.6,50,40,2523.1996127255,,,,,,82.4019290843523,,,,,,,,7.833679306399869,0.2877398622853633
MLI,Mali,2009,5.65,55.6,6.1,3.39,6.55,6.53,5.79,30,27,,69.4,81.4,,42.2,63.8,79.6,73,50,40,2575.54549773621,97.1,64.4,33,8,35.13,82.1965316901718,,,,,,,,7.854204826349493,2.0525519949623927
MLI,Mali,2010,5.74,55.6,6.49,3.38,6.64,6.48,5.75,35,31,,60.2,81.1,,47.5,67.9,73.8,69.6,50,40,2632.26468220172,,,,,,82.0318641392634,,,,,,,,7.875979679397194,2.177485304770066
MLI,Mali,2011,5.69,56.3,6.53,3.38,6.46,6.45,5.69,30,28,,60.5,86.5,,51.2,65.8,77.6,73.2,50,40,2623.34627008963,,,,,47.38,81.9149855991476,,,,,,,,7.872587104044267,-0.33925753529269187
MLI,Mali,2012,5.89,55.8,7.6,3.49,6.01,6.48,5.86,30,27,,60.1,79.9,,50.8,66.5,80.7,73.2,50,40,2520.52931087437,,,,,,81.77548455167,,,,,,,,7.832620865829297,-3.996623821497014
MLI,Mali,2013,5.71,56.4,6.48,3.41,6.43,6.36,5.86,30,28,,69.6,83.9,,50.1,64.6,79.9,73.2,45,40,2528.53006767058,,,,,46.69,81.6865392471941,,,,,,,,7.835788820465289,0.3167954635991954
MLI,Mali,2014,5.71,55.5,5.57,3.49,6.76,6.87,5.84,20,27.7,,69.8,81.7,,48,63.2,76.7,73.2,55,40,2609.16733048758,,,,,50.75,81.6420290685752,,,,,,,,7.867169609559621,3.1380789094332506
MLI,Mali,2015,5.75,56.4,5.83,3.46,6.78,6.81,5.87,25,28,,69.6,89.2,,47.2,50.7,81.1,73.2,60,40,2686.56065074588,,,,,48.33,81.6734143772091,,,,,,,,7.896389239900668,2.9219630341047242
MLI,Mali,2016,5.73,56.5,5.66,3.42,6.82,6.82,5.94,25,32,,70.3,82.8,,46.3,50.8,83,70.2,65,40,2759.11051294151,,,,,47.01,80.2390654902896,,,,,,,,7.923025998830417,2.663675892974826
MLI,Mali,2017,5.69,58.6,5.61,3.4,7.06,6.37,6.01,36.7,34.3,33.8,69.4,88,87.8,44.2,51.1,83,70.1,65,40,2816.194239022,,,,,44.24,79.6571039576017,,,,,,,,7.9434967179387375,2.047071910832088
MLI,Mali,2018,5.8,57.6,6.16,3.38,7.17,6.39,5.89,31.9,31.4,32.4,68.1,85.3,84.8,52.8,48.4,81.9,68.7,65,40,2862.40728989634,84.5,43.7,36,7.5,44.82,80.4414156362995,,,,,,,,7.959767554811211,1.6270836872473105
MLI,Mali,2019,5.85,58.1,6.46,3.35,7.02,6.38,6.05,33.7,29.6,33.4,68.7,85.4,84.2,53.8,52.2,81.6,69.8,65,40,2916.17167790759,,,,,42.81,82.2494960767689,,,,,,,,7.978369822406562,1.8602267595351663
MLI,Mali,2020,5.8,55.9,6.51,3.38,6.98,6.21,5.91,36.1,20.7,32.7,69.2,85.8,73.6,49.2,52.2,81.6,65,65,40,2796.41038444894,,,,,,84.98949427918,,,,,,,,7.936449405517101,-4.192041688946091
MLI,Mali,2021,5.71,55.6,6.53,3.4,6.55,6.21,5.88,34.5,23.6,21.2,69,85.3,81.3,46.5,53.5,83.7,64,65,40,2796.22793795433,88.6,48.8,35.7,7.6,40.55,80.596929894387,,,,,,,,7.936384183608495,-0.006522190860636101
MLI,Mali,2022,5.63,55.9,6.68,3.4,5.81,6.38,5.87,34,28.3,34.1,69.8,83.9,70.8,44.2,54.2,82.8,64,65,40,2813.81095962843,,,,,36.94,76.5924519695763,,,,,,,,7.9426503836575115,0.6266200049016568
MLT,Malta,1995,7.08,56.3,6.93,7.21,7.07,7.36,6.85,50,10,,68.2,51.8,,70,,73.4,63.6,70,50,21228.8827140472,,,,,,11.7158842755805,,,,,,,,9.96316503014352,
MLT,Malta,1996,,55.8,,,,,,50,10,,67.7,50.8,,70,,72.5,61,70,50,21886.6052225401,,,,,,11.4193525760179,,,,,,,,9.993675784008712,3.0510753865192086
MLT,Malta,1997,,57.9,,,,,,50,30,,68.4,47.8,,70,,72.3,62.6,70,50,22863.4942384574,,,,,,11.1187025534852,,,,,,,,10.037340516383594,4.366473237488222
MLT,Malta,1998,,61.2,,,,,,70,30,,66.6,49.6,,70,,74.6,70.4,70,50,23879.6775796791,,,,,,10.8402778721842,,,,,,,,10.080824941462415,4.348442507882133
MLT,Malta,1999,,59.3,,,,,,70,30,,67.5,41.9,,70,,73.3,61,70,50,24858.9757615368,,,,,,10.5883300230823,,,,,,,,10.121014390065707,4.018944860329121
MLT,Malta,2000,7.03,58.3,6.84,7.17,6.88,7.28,6.98,70,30,,64.1,36.5,,70,,72.9,61,70,50,29560.1788441792,,,,,,10.1224446052032,,,,,,,,10.294217253975326,17.320286390961925
MLT,Malta,2001,6.99,62.9,6.65,7.12,6.79,7.21,7.18,90,30,,65.7,41.9,,70,,74.5,73.6,50,70,29116.8264947493,,,,,,10.2267777235107,,,,,,,,10.27910585992156,-1.5111394053766602
MLT,Malta,2002,7.02,62.2,6.22,7.12,6.86,7.42,7.47,90,30,,64.6,30.9,,70,,79.1,75.4,50,70,29692.7692217189,,,,,,10.5815373164537,,,,,,,,10.298692512267168,1.9586652345608968
MLT,Malta,2003,6.86,61.1,6.4,7.15,6.32,7.25,7.17,90,30,,63.5,36.8,,85,,79.8,65,50,50,30587.5679689088,,,,,,10.9849448892892,,,,,,,,10.328381622348886,2.9689110081717374
MLT,Malta,2004,7.72,63.3,6.56,7.14,8.58,8.68,7.59,90,50,,63.1,11.5,,85,,84.6,65.4,50,70,30506.5872779636,,,,,,10.815230705059,,,,,,,,10.325730694870987,-0.26509274778980796
MLT,Malta,2005,7.92,68.9,6.51,7.34,8.84,9.12,7.78,90,50,,62.2,40.3,,85,60,85.7,75.8,50,90,31186.1269991581,,,,,,10.670308454242,,,,,,,,10.34776069247552,2.202999760453217
MLT,Malta,2006,7.79,67.3,6.71,7.18,8.7,8.84,7.54,90,68,,62.2,35.4,,70,60,85,82.4,50,70,31798.6285492851,1,0.6,28,8.6,,10.7162613257034,,,,,,,,10.367209887859955,1.944919538443557
MLT,Malta,2007,7.88,66.1,6.77,7.37,8.8,8.94,7.57,90,66,,61.1,27.7,,70,60,80,86.6,50,70,33283.8534302963,1.4,0.7,29.2,8.3,,10.5373075307086,,,,,,,,10.412857720548958,4.564783268900285
MLT,Malta,2008,7.91,66,6.65,7.3,9.19,8.87,7.54,90,64,,61.3,29.1,,70,60,79.8,86,50,70,34526.489022327,0.7,0.3,29,8.5,10.37,10.4663589992713,,,,,,,,10.449511069012043,3.6653348463085322
MLT,Malta,2009,7.96,66.1,6.79,7.26,9.33,8.88,7.53,90,58,,63.1,41.7,,70,60,82.7,85.8,50,60,33789.0575673414,1.1,0.6,30.2,8.2,,10.566742409592,,,,,,,,10.427921883386713,-2.1589185625330742
MLT,Malta,2010,7.95,67.2,6.8,7.24,9.29,8.78,7.69,80,58,,62.5,45.6,,70,60,78.1,87.5,70,60,35707.264476315,0.6,0.3,29,8.4,,10.6509505973408,,,,,,,,10.483137438912213,5.521555552549984
MLT,Malta,2011,7.93,65.7,6.78,7.22,9.25,8.7,7.7,70,52,,62.5,39.8,,70,60,80.1,87.6,75,60,35909.0827556224,0.7,0.3,29.1,8.5,,10.6003854894853,,,,,,,,10.488773391746083,0.5635952833870306
MLT,Malta,2012,7.92,67,6.66,7.25,9.31,8.64,7.75,70,56,,67.8,43.8,,70,60,80.5,87.1,75,60,37047.3210348066,0.5,0.2,29.4,8.4,,10.6279548361978,,,,,,,,10.519978313497871,3.120492175178846
MLT,Malta,2013,7.95,67.5,6.79,7.17,9.33,8.61,7.86,75,56,,61.2,44.1,,61.1,65.4,80.4,86.8,85,60,38935.1867625143,0.3,0.1,28.8,8.6,,10.661491985336,,,,,,,,10.569679348155637,4.970103465776532
MLT,Malta,2014,8,66.4,6.57,7.14,9.48,8.91,7.91,75,55.8,,63.7,47.2,,62.4,53.2,79.1,87.8,80,60,41068.2095767399,0.2,0,29,8.6,,10.5960641271383,,,,,,,,10.623013961007914,5.333461285227692
MLT,Malta,2015,7.99,66.5,6.8,6.77,9.53,8.91,7.92,75,56,,63.1,44.4,,61,55.6,81.8,88,80,60,43930.9213739386,0.4,0.1,29.4,8.5,10.72,10.5392059256899,,,,,,,,10.69039647318476,6.738251217684699
MLT,Malta,2016,8.01,66.7,7.03,6.79,9.37,8.92,7.94,70,55,,63.9,46.5,,61.6,53.5,83.5,88,85,60,44687.7724959638,0.3,0.2,29.1,8.6,,10.5104064840035,,,,,,,,10.7074775744651,1.7081101280339794
MLT,Malta,2017,8.01,67.7,7.09,6.76,9.15,8.98,8.07,67.7,53.6,62.9,62.8,44.9,85.1,62.5,57.2,83.5,87,85,60,49122.472309038,0.4,0.2,29.2,8.5,,10.4634553882641,,,,,,,,10.802092250653159,9.461467618805841
MLT,Malta,2018,8,68.5,7.07,6.64,9.33,8.93,8.04,68.1,49.9,62.8,64.7,51,90,64,61.1,78.8,86.9,85,60,50826.2931902802,0.4,0.2,28.7,8.6,,10.3026300291103,,,,,,,,10.836188756815252,3.4096506162093476
MLT,Malta,2019,8.01,68.6,6.98,6.67,9.41,8.96,8.04,69.8,50.3,50.4,64.2,56.1,94.5,67.1,61.3,78.2,86,85,60,50801.9556181426,0.7,0.4,31,8.2,,10.3853008537984,,,,,,,,10.835709813333597,-0.04789434816547811
MLT,Malta,2020,7.73,69.5,6.4,6.76,8.99,8.72,7.77,70.5,55.1,49.6,64.8,60,95.9,68,61.1,77.1,86.4,85,60,47944.0154480893,1,0.5,31.4,8,,10.5842764207216,,,,,,,,10.777810121792117,-5.789969154148089
MLT,Malta,2021,7.74,70.2,6.47,6.78,9.16,8.42,7.87,68.2,55,57.3,68.6,60.9,96.3,67.6,61.8,77.1,84,85,60,54094.9873781231,0.5,0.2,31.6,8.3,,10.2641120107123,,,,,,,,10.898515291623976,12.070516983185975
MLT,Malta,2022,7.82,71.5,6.61,6.77,8.79,9.02,7.9,87.8,55.8,89.9,69,54.6,86.2,75.5,61.8,78.5,79.2,70,50,54085.1262928202,0.7,0.3,34.6,7.3,,10.2810008403896,,,,,,,,10.898332986342714,-0.018230528126217393
MMR,Myanmar,1995,3.6,,,2.96,4.74,3.33,1.26,,,,,,,,,,,,,962.209421824521,,,,,,73.3347908097638,,,,,,,,6.870270856301276,
MMR,Burma,1996,,45.1,,,,,,30,10,,81.8,81.3,,40,,53.3,50,30,30,1011.15993423274,,,,,,72.9664203379444,,,,,,,,6.919841875140144,4.95710188388685
MMR,Burma,1997,,45.4,,,,,,30,10,,81.8,85.2,,40,,51.7,50,30,30,1054.76742791265,,,,,,72.5916744756983,,,,,,,,6.962023201291017,4.218132615087278
MMR,Burma,1998,,45.7,,,,,,30,10,,81.9,84.3,,40,,55,50,30,30,1102.79096369399,,,,,,72.2138693639679,,,,,,,,7.00650586442903,4.44826631380133
MMR,Burma,1999,,46.4,,,,,,30,10,,81.9,95,,40,,50.3,50,30,30,1209.01642809997,,,,,,71.7859628534573,,,,,,,,7.098389215440745,9.188335101171496
MMR,Myanmar,2000,4.11,47.9,5.88,2.27,5.36,2.5,4.3,30,10,,81.8,97,,40,,43.6,69,30,30,1359.93038778036,,,,,,71.2726175628102,,,,,,,,7.215923853496464,11.753463805571851
MMR,Myanmar,2001,3.65,46.1,6.18,2.24,3.12,2.5,4.3,30,10,,74.9,95.7,,40,,55.1,69,10,30,1498.31163236525,,,,,,70.7205988072983,,,,,,,,7.312761370001574,9.683751650511052
MMR,Myanmar,2002,3.41,45.5,5.76,2.24,2.55,2.5,4.15,10,10,,74.9,95.7,,40,,69.6,69,10,30,1661.73588517132,,,,,,70.1263372764165,,,,,,,,7.416219648282504,10.345827828092968
MMR,Myanmar,2003,3.38,44.9,4.81,2.24,3.02,2.5,4.35,10,10,,81.9,98.7,,40,,54.3,69,10,30,1874.17128269389,,,,,,69.500514060747,,,,,,,,7.536455285002359,12.023563671985471
MMR,Myanmar,2004,3.79,43.6,4.75,2.23,4.89,2.51,4.45,10,10,,81.9,98.7,,40,,41.6,70.4,10,30,2110.23728495831,,,,,,68.8630120503401,,,,,,,,7.655029445585608,11.857416058324954
MMR,Myanmar,2005,3.85,40.5,5.24,2.23,4.72,2.51,4.45,10,16,,82,97.8,,40,20,48.2,70.8,10,10,2377.90258162976,,,,,,68.2131474732356,,,,,,,,7.774394560170591,11.936511458498256
MMR,Myanmar,2006,3.62,40,5.34,2.25,3.4,2.75,4.37,10,17,,81.9,97.3,,20,20,61.4,72.2,10,10,2669.32700379999,,,,,,67.5808696197858,,,,,,,,7.889956217228378,11.556165705778731
MMR,Myanmar,2007,3.49,41,4.84,2.61,3.52,2.49,4.01,10,18,,81.9,98,,20,20,70.1,71.8,10,10,2968.3033151236,,,,,,66.9536140526199,,,,,,,,7.996082630247495,10.61264130191173
MMR,Myanmar,2008,3.65,39.5,5.92,2.66,3.35,2.49,4,10,19,,81.7,97,,20,20,56.5,71,10,10,3254.738978881,,,,,,66.3576555917275,,,,,,,,8.088174557717611,9.209192747011574
MMR,Myanmar,2009,4.09,37.7,5.83,2.66,5.71,2.49,3.8,5,14,,81.8,98.5,,20,20,45.3,72.2,10,10,3578.17424704515,,,,,,65.8040371487862,,,,,,,,8.182887395539312,9.471283782170126
MMR,Myanmar,2010,4.05,36.7,5.87,2.73,4.85,2.43,4.43,5,13,,81.9,98.4,,20,20,46.5,72.3,0,10,3893.79030665874,,,,,,65.2948478098803,,,,,,,,8.267395120310999,8.450772477168655
MMR,Myanmar,2011,4.38,37.8,6.84,2.8,5.08,2.43,4.84,5,14,,81.9,98.1,,20,20,56.6,72.3,0,10,4078.61220919965,,,,,,64.8273974913864,,,,,,,,8.313757216116185,4.636209580518624
MMR,Myanmar,2012,5.1,38.7,6.41,2.91,5.84,5.88,4.44,10,14,,82,96,,20,20,61.2,73.6,0,10,4340.99945069174,,,,,,64.4436589419547,,,,,,,,8.376090223927806,6.233300781162043
MMR,Myanmar,2013,5.16,39.2,6.67,2.97,5.46,6.06,4.64,10,15,,81.9,96.8,,20,20,65.1,73.6,0,10,4666.95376141392,,,,,,64.0888560084288,,,,,,,,8.448476087919067,7.2385863991261346
MMR,Myanmar,2014,5.29,46.5,7.25,3.16,5.59,5.48,4.93,10,11.6,,86.9,89.2,,28.3,75.7,64.8,73.6,15,10,5006.50667149767,,,,,,63.7347654032358,,,,,,,,8.518693399840169,7.021731192110181
MMR,Myanmar,2015,5.07,46.9,6.91,3.22,5.2,5.36,4.64,10,21,,86.9,77.9,,28.7,79.3,66.1,74.2,15,10,5313.88615901476,82.5,38.4,38.1,7.3,28.84,63.4197974763633,,,,,,,,8.578266871734764,5.957347189459483
MMR,Myanmar,2016,5.34,48.7,7.36,3.33,5.71,5.37,4.94,10,21,,86.6,75.3,,32.6,76.8,70,74.2,20,20,5580.98977273232,,,,,,63.1710927817521,,,,,,,,8.627300581907617,4.903371017285352
MMR,Myanmar,2017,5.4,52.5,7.43,3.33,6.06,5.37,4.82,23,29.6,12.9,86.2,81.5,89.9,50.1,77.1,65.4,74.2,20,20,5877.87465558175,79.8,32.7,30.7,8.9,20.63,62.9396632462135,,,,,,,,8.679120637471062,5.182005556344471
MMR,Myanmar,2018,5.41,53.9,7.39,3.38,5.96,5.4,4.9,32.5,28.2,17.6,86.3,84.7,89.2,54.2,65.9,67.6,70.9,30,20,6201.26341429803,,,,,,61.8662706505316,,,,,,,,8.732669571234768,5.354893376370562
MMR,Myanmar,2019,5.39,53.6,7.35,3.48,5.79,5.43,4.86,34.7,30.6,18.1,86.6,85.4,78.3,52.8,65.7,69.6,70.8,30,20,6562.98898478625,,,,,,63.0863742673827,,,,,,,,8.789353774083382,5.668420284861497
MMR,Myanmar,2020,5.53,54,7.36,3.51,6.21,5.38,5.21,32.5,31.5,14.3,86.6,87.5,84.6,53.1,59.9,77.5,70.8,30,20,5926.83450206681,,,,,,63.2020972622548,,,,,,,,8.687414248581284,-10.19395255020985
MMR,Myanmar,2021,5.08,55.2,6.44,3.02,5.75,5.32,4.85,37.2,32.7,19.7,87.2,87.1,81.9,60,64.3,72.5,70,30,20,5178.44718217164,,,,,,62.636150327052,,,,,,,,8.552453607969888,-13.496064061139634
MMR,Myanmar,2022,4.54,49.6,6.75,3.02,4.77,3.48,4.67,23.1,29.8,16.7,87.2,86.8,67.2,41.7,49.6,73.9,69.4,30,20,5350.47666899931,,,,,,62.7382656719031,,,,,,,,8.585127814702568,3.2674206732680844
MNE,Montenegro,1995,,,,4.79,,,,,,,,,,,,,,,,,,,,,,16.7580275570633,,,,,,,,,
MNE,Montenegro,1996,,,,,,,,,,,,,,,,,,,,,,,,,,16.5293138304198,,,,,,,,,
MNE,Montenegro,1997,,,,,,,,,,,,,,,,,,,,13928.8026581238,,,,,,16.253325731661,,,,,,,,9.541785899991794,
MNE,Montenegro,1998,,,,,,,,,,,,,,,,,,,,14655.990663459599,,,,,,15.9120026572398,,,,,,,,9.592672679024956,5.088677903316174
MNE,Montenegro,1999,,,,,,,,,,,,,,,,,,,,13314.7226445498,,,,,,15.776591666421,,,,,,,,9.496700769741873,-9.597190928308308
MNE,Montenegro,2000,6.57,,6.95,4.95,4.26,,8.62,,,,,,,,,,,,,13751.3282659061,,,,,,15.602953820062,,,,,,,,9.52896341718981,3.2262647447938164
MNE,Montenegro,2001,6.28,,6.82,4.96,3.31,,8.62,,,,,,,,,,,,,13846.7442500401,,,,,,15.430598784427,,,,,,,,9.535877628317515,0.6914211127703851
MNE,Montenegro,2002,6.97,46.6,7.09,4.96,5.57,,8.62,30,10,,89.8,74.8,,40,,46.8,88.4,10,30,14053.9432093326,,,,,,15.254167669098,,,,,,,,9.550729442730022,1.485181441250738
MNE,Montenegro,2003,6.01,43.5,6.37,4.94,4.88,,6.34,30,10,,79.8,89.2,,40,,34.2,68.4,10,30,14345.480146272,,,,,,15.0706676386896,,,,,,,,9.571259905126166,2.0530462396143534
MNE,Montenegro,2004,6.23,,6.87,4.94,5.2,,6.34,,,,,,,,,,,,,14953.8941133554,,,,,,14.889774017615,,,,,,,,9.612793890688291,4.153398556212551
MNE,Montenegro,2005,5.98,,6,4.94,5.13,7.43,6.34,,,,,,,,,,,,,15556.0283379052,16.4,3.8,30.2,8.5,9.82,14.7031152611339,,,,,,,,9.652267798638796,3.9473907950505094
MNE,Montenegro,2006,6.39,,6.75,5.17,5.71,7.77,6.42,,,,,,,,,,,,,16867.6432691039,16.3,3.5,30,8.4,6.75,14.4277305428384,,,,,,,,9.73321174960907,8.094395097027451
MNE,Montenegro,2007,6.56,,7.38,5.14,5.63,8.16,6.44,,,,,,,,,,,,,18046.6382747187,9.5,2.1,31.4,8.1,9.82,14.1161973437999,,,,,,,,9.80077011169438,6.75583620853093
MNE,Montenegro,2008,6.44,,6.99,5.23,5.15,8.28,6.54,,,,,,,,,,,,,19257.3961416028,6.4,1.3,30.5,8.4,9.43,13.7331229694726,,,,,,,,9.865702407824557,6.493229613017704
MNE,Montenegro,2009,6.54,58.2,6.53,5.31,6.02,8.14,6.68,40,33,,89.1,45.3,,68.7,57.2,78.9,80.2,40,50,18064.2267667426,7.5,2,31,8.3,7.54,13.5275487633219,,,,,,,,9.801744196325684,-6.395821149887304
MNE,Montenegro,2010,6.83,63.6,7,5.34,7.03,7.92,6.85,40,34,,90,54.4,,70.1,86.4,73.2,83.2,55,50,18531.6285824865,10,1.8,28.9,8.7,7.38,13.5646639896962,,,,,,,,9.827288164722724,2.5543968397039762
MNE,Montenegro,2011,7.03,62.5,7.4,5.32,7.7,7.86,6.86,40,39,,89.4,28.6,,71.3,92.3,76,83.6,55,50,19135.1901551663,12,2.6,30.8,8.2,9.69,13.6885117874976,,,,,,,,9.859336593739359,3.2048429016635183
MNE,Montenegro,2012,7.08,62.5,7.67,5.21,7.67,7.85,7,40,37,,91.3,31.7,,69.2,86.1,81.2,83.6,55,50,18627.0162265445,29.5,12.1,41.2,4.5,8.34,13.5308399754752,,,,,,,,9.832421975185445,-2.6914618553913527
MNE,Montenegro,2013,7.52,62.6,7.54,5.14,9.56,7.84,7.5,40,40,,92.4,41.5,,72.7,71.4,79.9,83,55,50,19221.5910700434,28.2,10.2,39,5.2,9.35,13.3341155075822,,,,,,,,9.863841484574571,3.1419509389126077
MNE,Montenegro,2014,7.33,63.6,6.96,5.14,8.59,8.26,7.72,40,37.8,,92.5,42.6,,77.6,68.6,78.6,83.1,65,50,19640.7023720282,25.9,9.9,38.8,5.1,9.3,15.8009763459264,,,,,,,,9.885410256972238,2.156877239766608
MNE,Montenegro,2015,7,64.7,6.05,5.06,8.42,8.2,7.3,40,44,,92.6,36.7,,77.1,77.5,79.7,84.8,65,50,20107.0116811061,24.6,9.3,39,5.2,8.01,17.5176662438848,,,,,,,,9.908873605730642,2.3463348758404834
MNE,Montenegro,2016,7.33,64.9,7.8,5.08,8.29,8.21,7.24,40,42,,91.6,39.8,,76.6,72,82.6,84.8,70,50,20775.2055158716,20.1,7.9,38.5,5.2,,17.9513212165164,,,,,,,,9.941563645278237,3.2690039547594196
MNE,Montenegro,2017,7.12,62,6.87,5.15,7.99,8.3,7.29,58,43.4,50.4,83.1,33.1,44.3,72,67.4,82.5,84.7,75,50,21421.9315829822,19.2,8.2,36.9,5.2,,18.4448843583726,,,,,,,,9.972217196587614,3.0653551309377747
MNE,Montenegro,2018,7.39,64.3,6.83,5.23,9.2,8.31,7.36,54.2,38.1,51.3,85.2,35.7,69.1,72.9,70.9,84.9,84.7,75,50,22419.4831155774,21.1,8.2,36.8,5.3,,18.2673176204542,,,,,,,,10.017730244814032,4.551304822641811
MNE,Montenegro,2019,7.42,60.5,6.51,5.25,9.61,8.32,7.43,55.4,39.5,51.8,85.3,32.6,23.2,73.3,73.4,81.6,84.7,75,50,23392.8133808519,17.6,6.3,35.7,5.9,,17.1951615346331,,,,,,,,10.060226880956122,4.249663614208998
MNE,Montenegro,2020,7.37,61.5,6.5,5.67,9.64,7.67,7.36,59.1,47.5,55.3,85.4,32.1,23.4,70.8,74.8,80.3,83.8,75,50,19890.7910759645,17.6,6.1,35.4,6.1,,18.0487234115164,,,,,,,,9.898062416861944,-16.216446409417884
MNE,Montenegro,2021,7.45,63.4,6.54,5.64,9.35,8.32,7.4,57.8,51,56.2,83.6,35.3,37.2,73.5,78,83.4,79.4,75,50,22541.0879231146,14.5,5.1,34.3,6.2,,16.0786040344538,,,,,,,,10.023139415207629,12.50769983456852
MNE,Montenegro,2022,7.15,57.8,6.69,5.68,7.96,8.29,7.12,61.3,46.4,43,83.9,29.5,11.9,67.1,61.7,85.6,78.8,75,50,24342.6033831469,,,,,,15.6930575971075,,,,,,,,10.100024399263136,7.688498405550703
MNG,Mongolia,1995,,47.8,3.68,5.72,,,7.11,70,50,,47.6,17.3,,70,,0,55,70,50,5457.68501570005,81.1,38.3,33.2,7.4,,53.9202027238493,,,,,,,,8.604963200117057,
MNG,Mongolia,1996,,47.4,,,,,,70,50,,40,17.3,,70,,14.5,65,50,50,5494.32133981897,,,,,,54.1910528417803,,,,,,,,8.611652343711896,0.6689143594838853
MNG,Mongolia,1997,,52.9,,,,,,50,50,,62,41.4,,70,,34.5,68.6,50,50,5628.10663484223,,,,,,54.0622097861614,,,,,,,,8.635706029118708,2.405368540681252
MNG,Mongolia,1998,,57.3,,,,,,50,50,,61.9,51,,70,,48.1,85,50,50,5735.84383645771,94.8,54.1,30.3,7.7,,54.3141350136288,,,,,,,,8.654664483812653,1.8958454693944304
MNG,Mongolia,1999,,58.6,,,,,,50,50,,63.8,61.1,,55,,62.1,85,50,50,5829.16641455929,,,,,,54.347768455583,,,,,,,,8.67080082345847,1.6136339645816733
MNG,Mongolia,2000,6.1,58.5,7.62,5.6,3.98,,6.79,50,50,,64.1,63.3,,55,,69.4,75,50,50,5818.24307842901,,,,,,54.3115581050284,,,,,,,,8.668925477014819,-0.18753464436507272
MNG,Mongolia,2001,6.27,56,7.62,5.61,4.74,,6.79,50,43,,64.5,47.1,,55,,69.6,75,50,50,5917.07088396343,,,,,,55.0274571075013,,,,,,,,8.685765810577411,1.6840333562592846
MNG,Mongolia,2002,6.99,56.7,7.62,5.59,8.3,,6.67,50,43,,64.1,54.4,,55,,72.5,71,50,50,6117.9824222592,78.3,36.1,32.9,7.5,22.05,55.7201757624518,,,,,,,,8.719151090809158,3.338528023174625
MNG,Mongolia,2003,6.89,57.7,7.5,5.6,7.87,,6.76,50,43,,61.8,50.8,,55,,83.7,75,50,50,6463.78966651762,,,,,,56.305664503778,,,,,,,,8.774125756495367,5.497466568620979
MNG,Mongolia,2004,6.73,56.5,7.5,5.59,7.14,6.65,6.77,50,43,,59.4,43.8,,55,,82,75,50,50,7070.667158451,,,,,,56.8703820614745,,,,,,,,8.86385153851123,8.972578201586323
MNG,Mongolia,2005,6.8,59.7,7.49,5.72,6.85,6.97,6.97,50,43,,73.6,40.1,,55,70.4,87.6,77,50,50,7499.84803935428,,,,,,57.3723199478348,,,,,,,,8.92277136504616,5.891982653492889
MNG,Mongolia,2006,6.86,62.4,7.21,5.81,7.18,6.96,7.14,30,30,,76.9,46.6,,73.3,70.8,79.5,77,70,70,8043.99678108557,,,,,,57.8063312750846,,,,,,,,8.992805659312738,7.003429426657881
MNG,Mongolia,2007,6.76,60.3,7.26,5.69,6.89,6.71,7.28,30,30,,72.8,54.1,,70.8,70.9,74.9,80,60,60,8750.13407442299,53.2,18.7,35.8,7.3,,57.8003775605523,,,,,,,,9.076938579458687,8.413292014594909
MNG,Mongolia,2008,6.5,63.6,7.03,5.73,6.03,6.84,6.86,30,28,,85,71.7,,72.2,69.5,78.2,81.4,60,60,9379.85489687765,,,,,,57.4623390210105,,,,,,,,9.146426178239311,6.948759878062383
MNG,Mongolia,2009,6.94,62.8,7.19,5.95,7.3,7.19,7.05,30,30,,81.3,69.9,,71,67.7,76.7,81.2,60,60,9095.9769892529,,,,,20.42,56.6253458969578,,,,,,,,9.115697438331438,-3.0728739907873504
MNG,Mongolia,2010,6.93,60,7.75,5.95,6.7,7.07,7.16,30,30,,81.9,56.7,,69,75.9,66.5,79.8,50,60,9507.118823625,51.5,17.2,33.1,7.8,16.63,51.6938950988822,,,,,,,,9.159901325628015,4.420388729657709
MNG,Mongolia,2011,6.93,59.5,7.41,6.04,6.91,7.05,7.24,30,27,,83.3,49.6,,67.7,74.1,73.6,79.8,50,60,10960.0959283864,46.5,14.4,33.9,7.8,14.51,50.7207540195897,,,,,,,,9.302107548968905,14.22062233408905
MNG,Mongolia,2012,6.84,61.5,7.33,6,6.76,7.1,7,30,27,,88.5,62.8,,67.7,74.5,74.3,79.8,50,60,12078.9185320062,36.7,10.5,33.8,7.6,14.85,47.4458075294625,,,,,,,,9.399299727426843,9.719217845793793
MNG,Mongolia,2013,7.05,61.7,7.65,5.99,7.14,7.17,7.3,30,27,,82.5,62.6,,70.4,79.2,75.6,79.8,50,60,13210.0945665668,,,,,,45.6974158951049,,,,,,,,9.488812253021443,8.951252559459988
MNG,Mongolia,2014,6.95,58.9,7.23,6.03,6.97,7.41,7.11,30,28.2,,81.8,39.1,,71.8,81.1,72.4,74.7,50,60,13943.4277148653,30.6,8.2,32,8.1,15.91,44.7802015506778,,,,,,,,9.542835260486262,5.402300746481892
MNG,Mongolia,2015,7.17,59.2,7.19,6.09,8.51,7.1,6.96,30,38,,83.9,35.6,,68.2,82.7,69.2,74.8,50,60,13974.5967260365,,,,,,45.73243903934219,,,,,,,,9.545067996649196,0.2232736162934401
MNG,Mongolia,2016,6.93,59.4,5.89,6.07,9.21,7.04,6.45,30,39,,84.4,51.5,,67.7,77.9,68,70,45,60,13898.1456953585,44.7,13.5,32.3,8,18.69,42.770038480005,,,,,,,,9.539582656464418,-0.5485340184778309
MNG,Mongolia,2017,7.3,54.8,7.43,6.09,8.78,6.96,7.23,51.3,36.8,28.4,87.1,57.6,0,67.2,76.6,72.3,74.9,45,60,14401.5375067562,,,,,,45.0654424807444,,,,,,,,9.575159685786879,3.5577029322460874
MNG,Mongolia,2018,7.37,55.7,7.94,6.05,8.5,7.01,7.35,51,34.8,30.9,88.4,57.1,3.8,67,75.6,79.1,75.9,45,60,15230.2408828847,41.1,12.1,32.7,7.9,17.49,43.379279883151,,,,,,,,9.631103918793752,5.594423300687268
MNG,Mongolia,2019,7.24,55.4,7.36,5.98,8.51,6.98,7.35,48.2,29.8,23.8,88.5,63.1,6.2,66,75,77.8,75.8,50,60,15790.6961126441,,,,,,43.0872230340125,,,,,,,,9.667239518367804,3.6135599574052435
MNG,Mongolia,2020,7.02,55.9,6.85,6.02,8.62,6.87,6.73,50.3,36.9,23,87.4,66.6,9.3,63.6,75.7,74.2,74,50,60,14801.3420829185,,,,,28.04,42.5677512191222,,,,,,,,9.602540696078023,-6.469882228978108
MNG,Mongolia,2021,6.94,62.4,6.55,6.05,8.25,7.05,6.78,48.1,37.4,25.9,89.9,71.5,91.3,61.9,74.4,73.4,74.6,50,50,14792.2509086422,,,,,23.56,40.75670403291,,,,,,,,9.60192633605727,-0.0614360020753324
MNG,Mongolia,2022,6.86,63.9,6.59,6.05,7.51,7.29,6.85,48.8,37,57.1,89.2,68.2,81.9,66.5,67.5,76,74.4,50,50,15310.4349469163,24.4,6,31.4,8.2,21.15,40.0864297905538,,,,,,,,9.636355210380959,3.442887432368913
MOZ,Mozambique,1995,,45.5,5.36,3.02,,,,30,10,,60.4,74.8,,55,,43.9,75,30,30,525.418671837499,,,,,,90.5095347033496,,,,,,,,6.26609685019795,
MOZ,Mozambique,1996,,48.4,,,,,,30,10,,74.2,88.6,,55,,42.5,75,30,30,562.857456341656,97.7,81.2,53.3,4.2,,90.2829178901235,,,,,,,,6.334801482571806,6.870463237385582
MOZ,Mozambique,1997,,44,,,,,,30,10,,68.2,71.4,,40,,42.9,73.6,30,30,612.371551265915,,,,,,89.9642824046078,,,,,,,,6.418970871840219,8.416938926841322
MOZ,Mozambique,1998,,43,,,,,,30,10,,68,82.1,,40,,45.8,31,30,50,660.650177820748,,,,,,89.6052355241641,,,,,,,,6.494736983972515,7.576611213229523
MOZ,Mozambique,1999,,48.9,,,,,,30,10,,68,87.4,,40,,61.6,63,30,50,722.305561379979,,,,,,89.2073865719708,,,,,,,,6.583831762723753,8.909477875123795
MOZ,Mozambique,2000,5.36,52.2,7.68,2.95,5.59,,4.94,30,10,,69.7,82.7,,40,,74.5,63,50,50,711.976393527396,,,,,,88.8957188375087,,,,,,,,6.569448311208964,-1.4383451514788703
MOZ,Mozambique,2001,5.61,59.2,5.91,2.96,8.19,,4.94,30,35,,82.6,85.5,,55,,79.7,65,50,50,785.790173616246,,,,,,88.4736790868747,,,,,,,,6.667961597387914,9.851328617895039
MOZ,Mozambique,2002,5.35,57.7,6.36,2.95,6.75,,4.94,30,22,,82.5,81.3,,55,,70.8,57.4,70,50,842.645266172761,97.9,79.1,46.9,5.5,34.8,88.193306821035,,,,,,,,6.737732105501669,6.977050811375474
MOZ,Mozambique,2003,5.58,58.6,6.51,2.95,7.52,6.07,4.94,30,22,,82.4,77.6,,55,,70.6,50.2,70,70,883.239121472194,,,,,,87.7513551014619,,,,,,,,6.784727525462211,4.6995419960541795
MOZ,Mozambique,2004,5.74,57.2,6.45,2.96,8.02,6.21,5.17,30,22,,80.9,63.9,,55,,65.9,57.4,70,70,934.133964844421,,,,,,87.3804710619585,,,,,,,,6.84068979693386,5.596227147164878
MOZ,Mozambique,2005,5.62,54.6,6.5,3.77,7.24,6.12,4.58,30,27,,80.9,65.7,,55,35.2,66.4,66.2,70,50,970.38995609863,,,,,,87.0586474788437,,,,,,,,6.87872799024385,3.8038193309990476
MOZ,Mozambique,2006,5.64,51.9,6.46,4.24,6.63,6.23,4.74,30,28,,78.1,73.4,,44.1,33.1,67,65.2,50,50,1041.80471709595,,,,,,86.6947578556493,,,,,,,,6.94966920553967,7.094121529581976
MOZ,Mozambique,2007,5.88,54.7,6.39,4.22,7.25,6.51,5.03,30,28,,78.2,82.7,,48.2,32.9,76.5,70.2,50,50,1095.12568701598,,,,,,86.3703630529609,,,,,,,,6.999537138867238,4.9867933327568
MOZ,Mozambique,2008,5.86,55.4,6.52,4.32,6.98,6.55,5,30,28,,78.1,85.2,,53.8,32.9,73.6,72.8,50,50,1141.94256161019,97.5,74.8,45.5,5.3,33.23,86.0393967865304,,,,,,,,7.041361410222576,4.182427135533828
MOZ,Mozambique,2009,5.68,55.7,6.45,4.43,6.06,6.5,5.06,30,28,,77.7,76.5,,54.2,41.1,75.9,73.4,50,50,1178.70909947834,,,,,,85.7252479698056,,,,,,,,7.073023161201401,3.166175097882462
MOZ,Mozambique,2010,5.35,56,5.49,4.47,5.03,6.46,5.31,30,26,,77.6,76.1,,58.7,42,74.9,74.5,50,50,1224.23020471309,,,,,,85.42258799863,,,,,,,,7.110884027538427,3.7860866337026344
MOZ,Mozambique,2011,5.43,56.8,5.5,4.46,5.38,6.44,5.36,30,25,,77.5,76.5,,63.1,39.2,80.3,81,45,50,1275.52959822581,,,,,,85.1498804682842,,,,,,,,7.151900423428635,4.101639589020767
MOZ,Mozambique,2012,5.75,57.1,6.19,4.45,6.09,6.53,5.49,30,27,,77.1,69.3,,66.8,39.7,74.8,81.1,55,50,1338.51594866104,,,,,,84.8516900713105,,,,,,,,7.20006359534233,4.816317191369546
MOZ,Mozambique,2013,5.66,55,5.95,4.39,5.88,6.55,5.53,30,27,,76.2,64.5,,63.9,37.9,74.7,75.4,50,50,1385.83254864214,,,,,,84.6002217474557,,,,,,,,7.234777683857149,3.471408851481872
MOZ,Mozambique,2014,5.63,55,5.53,4.48,6.16,6.42,5.58,30,26.2,,75.7,64.6,,65.2,36.7,80.8,75.5,45,50,1449.92926632722,94.6,70.2,54,4.2,39.66,84.3080822200555,,,,,,,,7.2799595034721225,4.518181961497358
MOZ,Mozambique,2015,5.62,54.8,5.46,4.47,6.18,6.38,5.59,30,30,,75.2,66.5,,60.9,37.9,82,75.4,40,50,1512.5997455554,,,,,,83.9329454622233,,,,,,,,7.322246030192024,4.22865267199013
MOZ,Mozambique,2016,5.63,53.2,5.13,4.46,6.68,6.41,5.48,30,31,,74.3,63.5,,55.9,41.9,79.5,70.8,35,50,1537.90853271216,,,,,,83.8479873950088,,,,,,,,7.338828699137104,1.6582668945080314
MOZ,Mozambique,2017,5.79,49.9,5.61,4.54,6.3,7.1,5.43,40.6,30.9,32.4,73.2,58.2,22.7,58.8,41,79.9,76.7,35,50,1532.0073576114,,,,,,83.7895819758208,,,,,,,,7.334986678345881,-0.38420207912235327
MOZ,Mozambique,2018,6.22,46.3,6.76,4.47,7.45,7.08,5.34,35.4,28.2,36.3,70.6,60.7,0,58,37.8,66.7,76.7,35,50,1538.83512127022,,,,,,83.7913050847769,,,,,,,,7.339430625565657,0.44439472197765895
MOZ,Mozambique,2019,6.26,48.6,6.67,4.54,7.65,7.08,5.38,33.9,28.1,35.2,75.5,66.9,16.6,57.1,42,65.4,78,35,50,1528.88988354373,96.5,75.3,50.7,4.5,29.36,83.8602767430364,,,,,,,,7.33295104025636,-0.6479585309297597
MOZ,Mozambique,2020,5.9,50.5,6.76,4.58,6.31,6.46,5.38,34.9,23.2,31.7,74.1,69.6,40.3,55.3,41.7,72,78,35,50,1466.12476474476,,,,,,84.3719798374396,,,,,,,,7.2910598220690845,-4.189121818727504
MOZ,Mozambique,2021,5.85,51.6,6.88,4.49,6.12,6.46,5.3,29.5,23.8,26.9,74.8,71.4,62.3,55.2,42,77.1,70.8,35,50,1457.23540930922,,,,,,84.0028622055047,,,,,,,,7.284982359966834,-0.6077462102250131
MOZ,Mozambique,2022,5.86,51.3,7.09,4.42,5.96,6.54,5.28,31.9,26.3,44.1,72.2,70.3,52.7,36.7,47.4,78.8,70.6,35,50,1476.66560298097,96.3,74.8,49.6,4.7,,84.0700181405171,,,,,,,,7.298218826235248,1.3236466268413238
MRT,Mauritania,1995,,,4.16,3.19,,,,,,,,,,,,,,,,5446.26956105444,85.6,45.5,37.7,6.4,,57.29133095502,,,,,,,,8.602869764144211,
MRT,Mauritania,1996,,45.5,,,,,,30,30,,49.8,80.3,,55,,69.6,55,30,10,5650.3411811269,,,,,,57.1962160086571,,,,,,,,8.63964817316158,3.6778409017369285
MRT,Mauritania,1997,,47,,,,,,30,30,,50.4,83.9,,55,,69.3,44.4,50,10,5302.3666333722,,,,,,57.1420848335442,,,,,,,,8.576097111721106,-6.35510614404744
MRT,Mauritania,1998,,43.7,,,,,,30,30,,50.1,82.7,,55,,70.7,15,50,10,5310.15819138341,,,,,,57.1136253366429,,,,,,,,8.577565205590455,0.14680938693487633
MRT,Mauritania,1999,,42.8,,,,,,30,30,,50.7,73.4,,55,,71.1,15,50,10,5359.98881996232,,,,,,57.1081631676454,,,,,,,,8.586903718386512,0.9338512796057685
MRT,Mauritania,2000,5.13,46,4.33,3.2,7.81,,5.58,30,30,,51.3,84.1,,55,,68.4,35,50,10,5008.60806690014,82.8,43.5,39,6.2,,57.265878001001,,,,,,,,8.51911296085912,-6.779075752739239
MRT,Mauritania,2001,4.96,48.5,3.95,3.2,7.47,,5.58,30,30,,51.3,79.7,,55,,75.7,35,50,30,4847.41086088566,,,,,,57.2965934239004,,,,,,,,8.486406272690717,-3.2706688168403275
MRT,Mauritania,2002,4.98,52.5,3.78,3.2,7.61,,5.79,30,30,,51.3,79.7,,55,,77.5,29,70,50,4806.89853417166,,,,,,57.2479625837409,,,,,,,,8.478015372450692,-0.839090024002509
MRT,Mauritania,2003,5.48,59,4.66,3.2,9.01,,5.71,30,30,,61.3,72.5,,55,,76.9,65,70,70,5023.65213424467,,,,,,57.1311976509474,,,,,,,,8.52211150351499,4.409613106429866
MRT,Mauritania,2004,5.78,61.8,6.69,3.19,7.29,,5.71,30,30,,76.2,80.5,,55,,77.3,67,70,70,5139.22552002451,84.4,43.7,40.2,6.5,,56.8672723651351,,,,,,,,8.54485223297786,2.2740729462869425
MRT,Mauritania,2005,5.79,59.4,7.1,3.2,6.62,6.35,5.71,30,30,,78.2,70.4,,55,47,76.1,67,70,70,5445.82951227718,,,,,,56.3855920383684,,,,,,,,8.602788977513846,5.793674453598641
MRT,Mauritania,2006,5.85,55.7,6.87,3.34,6.78,6.4,5.9,30,30,,81.7,70,,36,50.5,76.5,62.6,70,50,6284.70209025296,,,,,,55.4972847668534,,,,,,,,8.746032823656174,14.324384614232777
MRT,Mauritania,2007,5.81,53.6,6.72,3.27,6.3,6.51,6.25,30,30,,75.5,57.4,,37.5,50.6,73.9,71.4,60,50,6002.77832165174,,,,,,55.3283643237571,,,,,,,,8.700144270294869,-4.588855336130493
MRT,Mauritania,2008,5.88,55.2,7.09,3.18,6.45,6.55,6.14,30,31,,75.4,66.3,,39.9,51.9,77.1,70.2,60,50,5813.35608368305,74.1,34.4,35.7,6.7,,55.0658411949685,,,,,,,,8.668085325146885,-3.205894514798402
MRT,Mauritania,2009,5.9,53.9,7.06,3.11,6.74,6.42,6.22,25,26,,75.4,65.9,,53.6,50.2,77.7,75.6,50,40,5639.78745018612,,,,,,55.0650257843158,,,,,,,,8.63777895357363,-3.030637157325522
MRT,Mauritania,2010,5.66,52,6.96,3.14,6.05,6.21,5.92,25,28,,75.1,73.4,,48.3,52.5,78,69.9,30,40,5605.76388754436,,,,,,54.7587556344853,,,,,,,,8.631728984936377,-0.6049968637253045
MRT,Mauritania,2011,5.81,52.1,7.19,3.16,6.42,6.4,5.89,25,25,,81.1,73.9,,48.3,50.3,77.4,69.9,30,40,5653.21719956693,,,,,,54.4102082302176,,,,,,,,8.640156952720313,0.8427967783935841
MRT,Mauritania,2012,5.72,53,6.99,3.08,6.51,6.35,5.66,25,23,,80.5,71.9,,51.3,53.2,75.5,69.9,40,40,5716.25195328296,,,,,,54.4673290896989,,,,,,,,8.651243541183723,1.1086588463410152
MRT,Mauritania,2013,5.69,52.3,7.04,2.95,6.51,6.3,5.64,25,24,,80.3,74.7,,43.3,51.1,75.1,64.8,45,40,5769.72870835599,,,,,,54.3997823236945,,,,,,,,8.660553644137263,0.9310102953540067
MRT,Mauritania,2014,5.77,53.2,7.05,2.95,6.74,6.4,5.73,25,23.9,,81.7,75.8,,38,53.1,75.5,69,50,40,5837.8520312229,70,28.7,32.6,7.5,,54.7184569477374,,,,,,,,8.67228948650378,1.1735842366517701
MRT,Mauritania,2015,5.82,53.3,6.78,2.93,7.54,6.2,5.64,25,30,,80.2,59.8,,50.5,52.1,76.6,69,50,40,5969.54239339806,,,,,,54.8462545663261,,,,,,,,8.694593055425253,2.230356892147256
MRT,Mauritania,2016,6.1,54.8,7.3,3.1,7.95,6.22,5.93,25,30,,81.6,75.3,,48.7,50.7,77.7,69,50,40,5866.28144759405,,,,,,54.7006194405038,,,,,,,,8.677146679071345,-1.7446376353907667
MRT,Mauritania,2017,6.09,54.4,7.27,3.12,7.81,6.31,5.95,22.5,29.2,13.8,81.2,73.2,77.1,64.4,57.4,81.9,62.3,50,40,6050.62180273825,,,,,,54.7113701142417,,,,,,,,8.70808158166977,3.0934902598424685
MRT,Mauritania,2018,6.06,54,7.02,3.17,7.82,6.31,5.99,23.9,28.9,17.6,75.9,72.8,71.8,64.2,59.2,82.4,61.5,50,40,6153.63790295218,,,,,,54.3785868005739,,,,,,,,8.724961207148322,1.687962547855193
MRT,Mauritania,2019,6.22,55.7,7.04,3.2,7.93,6.87,6.07,27.5,30.6,30.6,78,74.2,80.6,61.9,51.5,81.2,62.6,50,40,6162.21044512087,71.2,28.7,32,7.8,,53.9312008606684,,,,,,,,8.726353096918428,0.13918897701064026
MRT,Mauritania,2020,6.14,55.3,6.97,3.16,8.25,6.23,6.08,32.5,21.9,20.8,80.9,76.4,85.9,61.7,51.3,79.6,62.6,50,40,5963.23549793488,,,,,,54.7307408849683,,,,,,,,8.693536161680319,-3.281693523810958
MRT,Mauritania,2021,6,56.1,6.72,3.27,7.81,6.16,6.03,26,21,23.9,74.3,88.4,93.3,59.1,52.8,80,63.8,50,40,5836.56580821897,,,,,,54.2057129602975,,,,,,,,8.672069175270178,-2.146698641014133
MRT,Mauritania,2022,5.91,55.3,6.42,3.14,7.18,6.79,6.03,36.9,23.5,29.9,75.2,89.4,92.9,35.7,48.9,80.3,60.6,50,40,6053.26178155509,,,,,,54.1465116600873,,,,,,,,8.708517729736172,3.644855446599493
MUS,Mauritius,1995,7.2,,7.19,5.48,9.26,6.23,7.64,,,,,,,,,,,,,10847.0307453987,,,,,,22.8653582798691,,,,,,,,9.291738844375892,
MUS,Mauritius,1996,,,,,,,,,,,,,,,,,,,,11336.6041686972,,,,,8.06,22.6577230662535,,,,,,,,9.335880282358886,4.414143798299364
MUS,Mauritius,1997,,,,,,,,,,,,,,,,,,,,11832.2877924531,,,,,,22.4534164806885,,,,,,,,9.378671838262902,4.279155590401551
MUS,Mauritius,1998,,,,,,,,,,,,,,,,,,,,12419.4673726952,,,,,,22.2490408533244,,,,,,,,9.427100985431242,4.842914716834024
MUS,Mauritius,1999,,68.5,,,,,,70,50,,76,85.1,,85,,73.6,57,50,70,12582.7521544356,,,,,,22.1059729003626,,,,,,,,9.440161749251374,1.3060763820131882
MUS,Mauritius,2000,7.41,67.2,7.54,5.3,9.35,7.22,7.49,70,50,,76,82.7,,70,,73.5,62.6,50,70,13481.7540541745,,,,,,21.8071405702955,,,,,,,,9.509166670288032,6.900492103665812
MUS,Mauritius,2001,7.3,66.4,7.32,5.24,9.27,7.43,7.13,70,49,,75.9,84.1,,70,,68.4,60.2,50,70,13823.4171391048,,,,,,21.5549606812192,,,,,,,,9.534191665581695,2.5024995293662755
MUS,Mauritius,2002,7.22,67.7,7.3,5.22,9.16,7.17,7.14,70,47,,84.2,84.1,,70,,70.7,62.8,50,70,13949.4742923184,,,,,,21.9088034110313,,,,,,,,9.54326878612089,0.907712053919596
MUS,Mauritius,2003,7.19,64.4,6.92,5.14,9.32,7.32,7.16,70,45,,84.9,81.5,,70,,70.5,37.4,50,70,14669.5001844577,,,,,,21.6955337994978,,,,,,,,9.593593966292502,5.0325180171611805
MUS,Mauritius,2004,7.22,64.3,7.34,5.12,9.14,7.32,7.11,70,45,,85,82.9,,70,,69.6,36,50,70,15209.0164267817,,,,,,18.2473080971731,,,,,,,,9.629709465251553,3.611549895905064
MUS,Mauritius,2005,7.53,67.2,7.34,5.49,9.18,8.41,7.24,70,44,,84.5,82,,70,76.4,71.4,53.4,50,70,15387.9807842254,,,,,,18.2161142023809,,,,,,,,9.641406998793594,1.1697533542040617
MUS,Mauritius,2006,7.47,67.4,7.22,5.5,8.7,8.63,7.29,70,41,,81.7,79.1,,74.7,76.8,72.1,59,70,50,16061.6030030396,30.8,8.1,35.7,7.6,6.46,17.8077235443779,,,,,,,,9.684249054257613,4.284205546401942
MUS,Mauritius,2007,7.81,69.4,8.38,5.74,8.67,8.76,7.47,60,42,,81.3,79.7,,73.3,71.7,75.8,80,70,60,16904.2745171796,,,,,,18.544719264789,,,,,,,,9.73538095382585,5.1131899568236605
MUS,Mauritius,2008,7.96,72.6,8.59,6.15,8.63,8.78,7.63,60,51,,92.1,81.4,,82,72.9,75.7,80.6,70,60,17750.5936228988,,,,,,17.9709858508946,,,,,,,,9.784230572445201,4.884961861935189
MUS,Mauritius,2009,7.99,74.3,8.05,6.35,9.23,8.86,7.46,60,47,,92.2,80.8,,83.3,71.5,71.1,86.8,80,70,18290.4070077862,,,,,,17.5024585725914,,,,,,,,9.814186666134503,2.9956093689301966
MUS,Mauritius,2010,8,76.3,7.96,6.4,9.15,8.65,7.83,60,55,,92.5,83.4,,82.2,78.5,71.2,85.6,85,70,19045.6542832867,,,,,,17.7558946259372,,,,,,,,9.854646736956488,4.046007082198422
MUS,Mauritius,2011,7.94,76.2,8.07,6.46,8.81,8.68,7.69,60,54,,91.9,80,,82,70.4,76.1,88,90,70,19790.5300586052,,,,,,16.9773380897825,,,,,,,,9.89300935034296,3.8362613386471622
MUS,Mauritius,2012,8.01,77,8.04,6.48,9.18,8.7,7.65,65,54,,91.9,83.4,,78.7,70.4,78.3,87.9,90,70,20425.707017688,26.2,6.9,38.5,7,8.64,18.4003075300154,,,,,,,,9.92459849115342,3.158914081046049
MUS,Mauritius,2013,7.99,76.9,7.85,6.48,9.43,8.69,7.49,70,51,,92.1,81.9,,78.2,72.3,75.4,87.9,90,70,21061.0293432869,,,,,,18.7223125274695,,,,,,,,9.955227141125732,3.0628649972312516
MUS,Mauritius,2014,7.96,76.5,7.71,6.42,9.41,8.71,7.57,65,53.4,,92.2,81.8,,74.4,78,76.7,88.6,85,70,21827.4802326052,,,,,,17.7693523234544,,,,,,,,9.990970828824839,3.574368769910663
MUS,Mauritius,2015,8.03,76.4,7.89,6.44,9.54,8.66,7.62,65,52,,91.9,87.4,,78,68.2,77.6,88.4,85,70,22603.0885218714,,,,,,18.4793648571833,,,,,,,,10.025886076945897,3.491524812105773
MUS,Mauritius,2016,8.03,74.7,7.79,6.85,9.56,8.7,7.22,60,54,,92,81.5,,77.5,65,78.7,88.6,80,70,23460.0011516323,,,,,,17.6566949986946,,,,,,,,10.063094796132058,3.7208719186160977
MUS,Mauritius,2017,8.01,74.7,7.91,6.92,9.29,8.75,7.17,64.4,44.3,72.6,92,81.5,74.9,78.2,68.8,81.1,88.7,80,70,24361.8758542058,19.1,4.8,36.8,7.2,6.39,17.8361421590915,,,,,,,,10.100815771268113,3.7720975136055657
MUS,Mauritius,2018,8.16,75.1,8.05,6.98,9.37,8.76,7.66,68.7,52.1,69.6,91,80.7,73.7,77.5,66.8,82.9,88.7,80,70,25324.1785958124,,,,,,17.8800959882402,,,,,,,,10.139554381246505,3.8738609978391736
MUS,Mauritius,2019,8.18,73,7.89,7,9.63,8.76,7.62,69.5,40.3,62.1,92.1,80.3,73.6,79.8,60.8,79.4,88.4,80,70,26047.9753573284,,,,,,18.1614758194029,,,,,,,,10.167733712716116,2.8179331469610602
MUS,Mauritius,2020,7.77,74.9,7.62,7.08,9.27,8.13,6.76,75.8,53.3,62.6,91.5,82.1,79.3,82.5,60.2,73.8,88.2,80,70,22258.3868106268,,,,,,17.9604445640099,,,,,,,,10.010519077757701,-15.721463495841448
MUS,Mauritius,2021,7.74,77,7.66,7.06,9.12,8.13,6.72,78.4,55,73.6,91.6,78,73.5,83.7,74.6,77.4,88,80,70,23010.2013826905,,,,,,16.1664334138072,,,,,,,,10.043736392995891,3.3217315238189826
MUS,Mauritius,2022,7.79,70.9,7.98,7,8.25,8.76,6.96,85.6,56.5,81.7,91.3,73.4,6.8,72,69.8,75.9,87.4,80,70,25085.9891959451,,,,,,15.8397058744943,,,,,,,,10.13010463199826,8.636823900236834
MWI,Malawi,1995,4.35,54.7,5.96,4.39,1.23,6.11,4.25,50,30,,69.3,64.1,,55,,60.2,64,50,50,1140.75609365079,,,,,,63.926519928614,,,,,,,,7.0403227891656375,
MWI,Malawi,1996,,56.2,,,,,,50,30,,73.4,78.8,,55,,54.9,64,50,50,1200.32058232422,,,,,,63.6417491252879,,,,,,,,7.091176715956248,5.0853926790610515
MWI,Malawi,1997,,53.4,,,,,,50,30,,71.2,85.9,,55,,38.6,49.8,50,50,1221.09404555353,93.4,63.6,65.8,3.9,,63.4165436605923,,,,,,,,7.108321097125015,1.714438116876682
MWI,Malawi,1998,,54.1,,,,,,50,30,,70.9,80.2,,55,,45.9,54.6,50,50,1241.52433181826,,,,,,63.1569876065955,,,,,,,,7.1249003407313625,1.657924360634766
MWI,Malawi,1999,,54,,,,,,50,30,,69,84.3,,55,,59.8,38,50,50,1249.77523298871,,,,,,62.9744195266011,,,,,,,,7.131518824451213,0.661848371985041
MWI,Malawi,2000,4.47,57.4,5.7,4.38,1.93,6.2,4.25,50,41,,67.7,82.7,,55,,58.1,62,50,50,1239.39174838676,,,,,,62.8457968878414,,,,,,,,7.12318253482329,-0.8336289627923321
MWI,Malawi,2001,4.68,56.2,5.66,4.44,2.61,6.45,4.35,50,41,,70.9,73,,55,,51,64.8,50,50,1149.58039601898,,,,,,62.8886296503582,,,,,,,,7.048021786233444,-7.516074858984556
MWI,Malawi,2002,4.9,56.9,6.37,4.35,3.02,6.46,4.39,50,41,,73,74.8,,55,,53.5,65,50,50,1140.84274642418,,,,,,62.9305514435111,,,,,,,,7.040398680580461,-0.7623105652982964
MWI,Malawi,2003,4.81,53.2,5.93,4.37,3.23,6.32,4.26,50,32,,72.6,70,,55,,57.5,62,50,30,1176.12385998737,,,,,,62.9085122096184,,,,,,,,7.070829335357735,3.0430654777274135
MWI,Malawi,2004,4.64,53.6,6.13,4.26,3.01,5.69,4.16,50,29,,69.4,67.1,,55,,63.1,68.6,50,30,1208.2196975075,96.9,69.7,39.9,6.9,63.57,62.8651829941864,,,,,,,,7.097730552474497,2.690121711676152
MWI,Malawi,2005,4.77,53.6,6.89,4.53,2.66,5.03,4.74,50,28,,68.6,68.5,,55,57.9,68,60,50,30,1214.7426419188,,,,,,62.8068851770977,,,,,,,,7.103110396967657,0.5379844493160313
MWI,Malawi,2006,4.9,55.4,6.91,4.68,2.65,5.02,5.2,50,28,,70.4,60,,53.9,58.4,68.6,64.6,50,50,1237.27386519947,,,,,,62.6666372470508,,,,,,,,7.121473644611486,1.8363247643828906
MWI,Malawi,2007,5.27,52.9,5.94,4.68,5.17,5.05,5.55,40,28,,71,45.3,,54.4,57.3,68.2,64.6,50,50,1318.33196397214,,,,,,62.4508664474339,,,,,,,,7.184880799574818,6.340715496333171
MWI,Malawi,2008,5.48,52.7,6.8,4.68,4.81,5.7,5.43,40,27,,70.2,44.3,,52.2,58.6,69.9,64.6,50,50,1378.42886690465,,,,,,62.2207484245404,,,,,,,,7.229424827923828,4.454402834901039
MWI,Malawi,2009,5.58,53.7,7.13,4.8,4.89,5.67,5.41,50,27,,70.7,48.6,,45.2,57.2,69.8,68.8,50,50,1449.72601522136,,,,,,62.0035154897927,,,,,,,,7.279819410258787,5.039458233495875
MWI,Malawi,2010,5.61,54.1,7.24,4.69,4.83,5.76,5.55,45,28,,78.9,45.8,,44.8,59.3,71,68.6,50,50,1504.37514113215,96.1,69.7,45.5,5.5,37.66,61.7614774363974,,,,,,,,7.3167974093327945,3.6977999074007784
MWI,Malawi,2011,5.87,55.8,6.76,4.54,6.17,6.19,5.7,45,33,,79.3,56.7,,42.4,59.1,71.6,71,50,50,1533.22889572405,,,,,,61.521607307057,,,,,,,,7.3357831857397295,1.8985776406934995
MWI,Malawi,2012,5.38,56.4,6.33,4.56,4.6,5.89,5.52,45,34,,79.3,62.2,,42,58.2,72.6,70.9,50,50,1518.14803849238,,,,,,61.4040977541535,,,,,,,,7.325904955709065,-0.9878230030664348
MWI,Malawi,2013,5.31,55.3,6.22,4.61,4.04,5.82,5.86,40,30,,78.4,60,,41.1,58.8,72.5,71.8,50,50,1555.50607410511,,,,,55.96,61.2565407324386,,,,,,,,7.350198892286583,2.4293936577517883
MWI,Malawi,2014,5.34,55.4,6.69,4.58,4.16,5.52,5.77,45,31.9,,78,63,,38.9,60.3,64.1,72.7,50,50,1597.56484331405,,,,,,61.1106315207764,,,,,,,,7.376861532778218,2.6662640491634804
MWI,Malawi,2015,5.35,54.8,6.35,4.47,4.67,5.47,5.78,40,37,,78.5,49,,49.1,63.1,53.8,72.2,55,50,1597.69145324855,,,,,,61.0069364041053,,,,,,,,7.376940731893224,0.007919911500575694
MWI,Malawi,2016,5.58,51.8,6.65,4.46,5.34,5.59,5.89,40,33,,79,27.1,,44.5,63.4,53.6,72.4,55,50,1593.59549264808,96.5,68.2,44.7,6.4,38.68,60.9467499185129,,,,,,,,7.374375373429557,-0.2565358463666456
MWI,Malawi,2017,5.81,52.2,6.09,4.51,6.21,6.31,5.94,36,31.3,44.2,79.1,69.8,33.5,45.3,56.9,54.7,70.5,55,50,1613.0593571462,,,,,,60.884421449249,,,,,,,,7.386507624576335,1.2132251146777406
MWI,Malawi,2018,5.63,52,6.47,4.88,6.27,4.68,5.83,33.1,28.9,47.1,76.9,70.7,28.1,47.7,59.9,60.4,71.5,50,50,1638.91665761076,,,,,,60.8003222826038,,,,,,,,7.402400700996915,1.5893076420580243
MWI,Malawi,2019,5.57,51.4,6.31,4.39,6.59,4.81,5.74,35.8,25.2,40.1,79.8,70.3,19.1,41.7,64,65.5,75.4,50,50,1687.28944917892,97.1,70.4,38.5,7,41.97,60.6858021929867,,,,,,,,7.43147113508787,2.907043409095511
MWI,Malawi,2020,5.68,52.8,6.55,4.51,6.86,4.6,5.89,43.1,24.8,42.1,79,71.7,23.6,41.9,62.8,69.1,75.4,50,50,1656.43985192533,,,,,,60.6513220619037,,,,,,,,7.413029432970403,-1.844170211746654
MWI,Malawi,2021,5.77,53,6.52,4.63,6.89,4.84,5.98,46.1,26.8,42.1,79,72.3,25.4,42.1,63.6,70.5,68.2,50,50,1687.59358179651,,,,,,60.1016299952936,,,,,,,,7.431651261325955,1.8621828355551706
MWI,Malawi,2022,5.48,53,6.45,4.66,5.18,4.77,6.34,48.1,29.4,53,78.7,87.4,11,34,56.4,71.1,67.4,50,50,1659.95933825168,,,,,,60.0633319021039,,,,,,,,7.4151506290316975,-1.6500632294257578
MYS,Malaysia,1995,7.1,71.9,6.56,5.47,8.83,8.13,6.55,70,70,,74.1,78.3,,85,,82.5,67,70,50,16568.5160590209,38.6,14.7,48.5,4.5,,27.5011823988996,,,,,,,,9.715319904141419,
MYS,Malaysia,1996,,69.9,,,,,,70,70,,76.7,82.7,,85,,77.7,67,50,50,17771.7118795056,,,,,,27.1091484589898,,,,,,,,9.785419519494038,7.009961535261944
MYS,Malaysia,1997,,66.8,,,,,,70,53,,76.6,83.6,,85,,78.1,55,50,50,18604.514527465,29.9,10.4,49.1,4.4,,26.7495226515265,,,,,,,,9.831213295731027,4.57937762369891
MYS,Malaysia,1998,,68.2,,,,,,70,53,,76.8,85.3,,85,,78.1,65,50,50,16817.1719190401,,,,,,26.5903300212808,,,,,,,,9.730215242664302,-10.099805306672494
MYS,Malaysia,1999,,68.9,,,,,,70,50,,79.4,84.7,,85,,79.1,72.2,50,50,17428.6256563043,,,,,,26.5100166279705,,,,,,,,9.765926661307203,3.571141864290084
MYS,Malaysia,2000,6.59,66,5.63,4.97,8.22,7.37,6.72,70,53,,79.2,81.3,,85,,76.6,68.8,30,50,18532.9096706227,,,,,,26.2051599738463,,,,,,,,9.827357288422808,6.143062711560532
MYS,Malaysia,2001,6.2,60.2,5.31,5.09,6.85,7.35,6.37,50,51,,80.6,85.5,,70,,78.4,66,30,30,18186.4411330146,,,,,,26.0024983203635,,,,,,,,9.808486587235873,-1.887070118693579
MYS,Malaysia,2002,6.2,60.1,5.24,5.17,6.74,7.4,6.47,50,48,,81.5,84.1,,70,,80.7,66.6,30,30,18708.8694877279,,,,,,25.7680384026185,,,,,,,,9.836806443708152,2.8319856472279525
MYS,Malaysia,2003,6.24,61.1,5.21,5.19,6.98,7.35,6.47,50,50,,81.8,82.9,,70,,82.1,73,30,30,19329.0062757538,30.4,10.6,46.4,4.6,,25.5144549422988,,,,,,,,9.869413896866256,3.260745315810354
MYS,Malaysia,2004,6.24,59.9,5.51,5.36,6.67,7.22,6.43,50,49,,80.9,74.2,,70,,81.8,73.4,30,30,20168.5062099425,,,,,,25.2252163601293,,,,,,,,9.9119271492377,4.251325237144421
MYS,Malaysia,2005,6.43,61.9,5.69,5.44,6.53,7.48,7,50,52,,80.9,75.3,,70,72,82.8,75.8,30,30,20767.5857243346,,,,,,24.9329653669913,,,,,,,,9.941196822319451,2.9269673081751435
MYS,Malaysia,2006,6.39,61.6,5.57,5.35,6.51,7.5,7.02,50,50,,81.2,75.1,,68.6,72.2,82.6,76.6,30,30,21444.4857715028,24.7,7.8,44.8,5,,24.6203842725514,,,,,,,,9.973269448664716,3.2072626345264865
MYS,Malaysia,2007,6.49,63.8,5.91,5.32,6.64,7.49,7.06,50,51,,81.8,78.9,,67.6,72,80.1,76.8,40,40,22305.118263117,,,,,,24.2839310852977,,,,,,,,10.01261628139271,3.934683272799333
MYS,Malaysia,2008,6.3,63.9,5.63,5.2,6.33,7.49,6.84,50,50,,82.2,80.8,,69.3,72.1,78.6,76.2,40,40,22898.0027575442,24.2,7.8,45.5,4.8,,23.972407516829,,,,,,,,10.03884864088861,2.623235949589997
MYS,Malaysia,2009,6.33,64.6,5.53,5.38,6.59,7.21,6.93,50,51,,83,81.4,,70.8,71.5,79.9,78.2,40,40,22106.6417311801,,,,,,23.8781027142588,,,,,,,,10.003678607429231,-3.5170033459378303
MYS,Malaysia,2010,6.51,64.8,5.78,5.5,6.48,7.48,7.29,55,51,,84.3,81.3,,69.9,71.4,76.7,78.7,30,50,23307.9698543785,,,,,,23.7573337175695,,,,,,,,10.056593537761895,5.29149303326637
MYS,Malaysia,2011,6.55,66.3,5.79,5.58,6.34,7.61,7.43,50,45,,84.6,79.2,,69.7,79.2,81.3,78.7,45,50,24115.8181203958,14.7,3.9,43.9,5.2,,23.6315615169377,,,,,,,,10.090664723415856,3.407118565396061
MYS,Malaysia,2012,6.59,66.4,5.81,5.54,6.48,7.61,7.54,50,44,,84.5,72.5,,78.1,79.3,81.6,78.8,45,50,25006.3587781537,,,,,,23.5472548775513,,,,,,,,10.126925411663692,3.6260688247836015
MYS,Malaysia,2013,7.21,66.1,6.02,5.55,9.09,7.69,7.71,55,43,,85.1,73.5,,79.9,72.3,79.8,77,45,50,25736.3525554142,7.7,1.8,41.3,5.8,,23.4283918216193,,,,,,,,10.15569862253534,2.8773210871648303
MYS,Malaysia,2014,7.31,69.6,6.29,5.59,9.24,7.71,7.71,55,44.3,,84.6,75.6,,85.6,78.5,81,76.4,55,60,26818.4317281659,,,,,,23.2718456794385,,,,,,,,10.196881968250489,4.1183345715149144
MYS,Malaysia,2015,7.34,70.8,6.49,5.57,9.39,7.59,7.68,55,50,,84.4,74,,93.5,75.7,80.8,80,55,60,27699.6278860387,5.7,1.3,41.1,5.8,,23.1090988540635,,,,,,,,10.229210359284547,3.2328391034058157
MYS,Malaysia,2016,7.44,71.5,6.66,5.59,9.62,7.64,7.72,55,52,,85,74.3,,91.4,71.5,84.5,81.4,60,60,28425.3707609412,,,,,,22.9297722423797,,,,,,,,10.25507254123582,2.5862181951273655
MYS,Malaysia,2017,7.53,73.8,6.89,5.65,9.43,7.89,7.77,85.3,51.8,67.3,85.3,78.7,76.5,90.8,73.1,85.3,81.2,60,50,29551.5457597197,,,,,,22.7369119991234,,,,,,,,10.293925170044607,3.8852628808786704
MYS,Malaysia,2018,7.63,74.5,6.94,5.76,9.74,7.9,7.79,83.8,54.8,65.2,85.6,81.3,80.7,83.9,75.8,85.6,87.4,60,50,30459.9655338061,4.2,0.8,41.2,5.7,,22.5679872332003,,,,,,,,10.324201324364566,3.0276154319958337
MYS,Malaysia,2019,7.65,74,7.04,5.77,9.71,7.9,7.81,84.1,55.4,68.2,85.6,83.2,82.4,83.9,74.4,78.6,82,60,50,31300.5086554849,,,,,,22.3861951665897,,,,,,,,10.351421575222416,2.722025085784985
MYS,Malaysia,2020,7.52,74.7,7.1,5.81,9.68,7.4,7.61,86.5,49.4,74.6,85.7,84.6,80.2,87.8,74.5,81.6,82,60,50,29200.452632127,,,,,,22.5479268476525,,,,,,,,10.281973734694581,-6.944784052783426
MYS,Malaysia,2021,7.44,74.4,7.26,5.7,9.45,7.27,7.53,85.1,53.2,70.5,83.8,84.3,79.4,86.7,73.9,83.6,82.4,60,50,29822.8491831618,2.9,0.5,40.7,5.9,,22.3601724399696,,,,,,,,10.303063660577473,2.1089925882892047
MYS,Malaysia,2022,7.56,68.1,7.35,5.7,9.32,7.89,7.54,65.6,53.9,57.6,83.8,82.9,73.4,67.1,57,83.6,82.2,60,50,32129.2217820113,,,,,15.82,22.2450763145993,,,,,,,,10.377552354731936,7.4488694154462465
NAM,Namibia,1995,5.51,,5.26,4.63,5.74,6.47,5.79,,,,,,,,,,,,,7506.10484034086,,,,,,39.2596983733057,,,,,,,,8.923605163152965,
NAM,Namibia,1996,,,,,,,,,,,,,,,,,,,,7538.92462342201,,,,,,39.1177349638459,,,,,,,,8.9279674640584,0.4362300905434324
NAM,Namibia,1997,,61.6,,,,,,70,50,,67.7,60.5,,55,,74.9,36.2,70,70,7656.32512542986,,,,,,38.9276708090964,,,,,,,,8.943418001414475,1.54505373560756
NAM,Namibia,1998,,66.1,,,,,,70,50,,67.1,60.7,,70,,76.3,61,70,70,7709.89004370134,,,,,,38.5568647774523,,,,,,,,8.950388900063457,0.6970898648981816
NAM,Namibia,1999,,66.1,,,,,,70,50,,66.9,60.7,,70,,76.3,61,70,70,7773.94354148714,,,,,,38.1566769728588,,,,,,,,8.958661475476008,0.827257541255122
NAM,Namibia,2000,5.98,66.7,5.53,6.1,5.84,6.28,6.21,70,53,,57.1,71.2,,70,,78.3,61,70,70,7858.38789521253,,,,,,37.7037853954527,,,,,,,,8.969464006463605,1.080253098759698
NAM,Namibia,2001,5.97,64.8,5.16,6.07,6.06,6.48,6.14,70,53,,63.1,69.3,,70,,77.1,61,70,50,7786.54169496761,,,,,,37.2876835097303,,,,,,,,8.960280517170315,-0.9183489293290492
NAM,Namibia,2002,6.04,65.1,5.66,5.97,5.97,6.49,6.16,70,54,,65.6,69.3,,70,,76.2,61,70,50,8017.28134128559,,,,,,36.7768689954417,,,,,,,,8.989479381297956,2.91988641276415
NAM,Namibia,2003,6.12,67.3,5.82,6.09,6,6.6,6.13,70,54,,65.7,62,,70,,75.8,68,70,70,8237.36597245597,80.4,50.7,63.3,3,,36.247138744774,,,,,,,,9.01655729892502,2.707791762706435
NAM,Namibia,2004,6.01,62.4,5.98,5.82,6.13,6.15,6.01,70,57,,67.1,61.3,,70,,74.4,62.2,50,50,9130.82442337694,,,,,,35.6187567652693,,,,,,,,9.119520780940208,10.296348201518768
NAM,Namibia,2005,6.17,61.4,6.47,6.01,6.35,5.95,6.1,30,47,,67.8,63.3,,70,86.6,71.7,77.8,50,50,9245.1365329555,,,,,,34.9982554082345,,,,,,,,9.131961071144259,1.2440290204050797
NAM,Namibia,2006,6.08,60.7,6.74,5.98,5.93,5.76,6.04,30,41,,62.4,59.4,,74.4,86.5,75.1,77.8,50,50,9773.29833199798,,,,,,34.3888838856869,,,,,,,,9.187511600384333,5.55505292400742
NAM,Namibia,2007,6.26,63.5,7.19,6.16,5.89,6.04,6.04,30,43,,67.8,64.9,,75.7,86.1,78.7,89,40,60,10162.2400708746,,,,,,33.8079301151511,,,,,,,,9.226532574906846,3.9020974522513185
NAM,Namibia,2008,6.13,61.4,7.05,6.23,5.23,6.15,6.04,30,41,,67.9,71,,74.2,86.2,76.8,87.4,30,50,10286.5124067605,,,,,,33.2697588851661,,,,,,,,9.238686050988049,1.215347608120254
NAM,Namibia,2009,5.94,62.4,7.06,6.21,5.11,6.1,5.32,30,45,,67.2,69.7,,74.4,85,74.6,88.4,40,50,10166.2899453939,76.3,44.7,61,3.3,39.42,32.8009699968037,,,,,,,,9.226930978152568,-1.1755072835480718
NAM,Namibia,2010,6.1,62.2,6.86,5.94,5.51,6.27,5.94,30,45,,68.3,69.5,,73.3,87.2,71,87.8,50,40,10614.6201576671,,,,,,32.3695619825766,,,,,,,,9.27008179519738,4.315081704481116
NAM,Namibia,2011,6.04,62.7,6.99,5.79,5.65,6.27,5.49,30,45,,67.9,74.8,,72.9,84.6,70.9,86.4,55,40,10965.2729759535,,,,,,32.1891919501481,,,,,,,,9.30257974859175,3.249795339437078
NAM,Namibia,2012,5.97,61.9,6.9,5.69,5.8,6.07,5.37,30,44,,65.7,73,,70.8,85,74.4,86.5,50,40,11266.6089486464,,,,,,31.9028982155355,,,,,,,,9.329687423801074,2.7107675209324
NAM,Namibia,2013,6.17,60.3,6.9,5.67,6.01,6.13,6.14,30,44,,66.4,71.5,,68.4,76.7,74.9,81.5,50,40,11593.5753768689,,,,,,33.0415439001758,,,,,,,,9.35829262779171,2.8605203990636596
NAM,Namibia,2014,6.19,59.4,6.84,5.69,6.52,5.95,5.98,30,44.2,,66.9,58.8,,64.4,81.9,75,82.9,50,40,11982.6963648348,,,,,,30.2903228912083,,,,,,,,9.391302368723304,3.3009740931593257
NAM,Namibia,2015,6.25,59.6,6.76,5.79,6.48,6.06,6.18,30,48,,66.7,56,,64.3,90.9,74.3,71.2,55,40,12166.5658392058,61.1,31.8,59.1,2.8,26.69,27.7534858797013,,,,,,,,9.406529152763921,1.5226784040617503
NAM,Namibia,2016,6.13,61.9,6.92,5.79,6.19,6.19,5.53,30,49,,64.4,63.9,,68.2,84.5,75.1,83.4,60,40,11846.7880832757,,,,,,25.2387412698568,,,,,,,,9.379896469501018,-2.6632683262903356
NAM,Namibia,2017,6.17,62.5,6.9,5.79,6.19,5.93,6.03,53.8,41.3,50.6,65.2,55.6,66.4,67.6,84.4,77.2,83.5,65,40,11408.7253099967,,,,,,28.2416469156753,,,,,,,,9.34222136806998,-3.7675101431037916
NAM,Namibia,2018,6.15,58.5,6.93,5.74,6.44,6.02,5.64,56.6,45.4,54.2,63,50.4,16.5,67.5,85.5,74.8,83.3,65,40,11214.38604306,,,,,,31.2299500052078,,,,,,,,9.32504186839131,-1.7179499678670496
NAM,Namibia,2019,6.29,58.7,6.99,5.66,6.44,6.19,6.15,55.9,49.8,54.7,66.5,48.9,15.7,65.8,85.1,74.4,83,65,40,10813.3044681944,,,,,,31.1635053741339,,,,,,,,9.288625024547862,-3.6416843843447566
NAM,Namibia,2020,6.12,60.9,6.82,5.73,6.65,5.51,5.9,58.9,46,58.5,65.7,58.1,28.7,65.6,84.9,75.9,83.2,65,40,9652.24827219463,,,,,,31.4324056753632,,,,,,,,9.175049746210673,-11.357527833718883
NAM,Namibia,2021,6.08,62.6,7.22,5.73,6.48,5.43,5.53,57.1,47.4,63.6,67.5,57.4,53.7,65.6,85.2,77.2,71.2,65,40,9709.09930646771,,,,,,30.8251390026402,,,,,,,,9.180921788469707,0.5872042259033705
NAM,Namibia,2022,6.23,59.2,7.36,5.68,6.24,6.34,5.54,63.8,53.9,67.6,72.3,56.5,22.4,55.4,63.4,79,71.2,65,40,9953.09752403491,,,,,,30.6894020678322,,,,,,,,9.205739556842365,2.4817768372658477
NER,Niger,1995,4.46,,4.85,3.25,5.85,,3.57,,,,,,,,,,,,,1280.3354211914,,,,,,84.3385569531752,,,,,,,,7.155658110862525,
NER,Niger,1996,,45.8,,,,,,30,10,,46.1,92,,55,,54.5,65,30,30,1239.47664115174,,,,,,84.4212385984712,,,,,,,,7.123250972766528,-3.2407138095996935
NER,Niger,1997,,46.6,,,,,,50,10,,46.1,89.6,,55,,59.9,48.4,30,30,1217.31253567922,,,,,,84.5030251393284,,,,,,,,7.105222012792134,-1.8028959974394354
NER,Niger,1998,,47.5,,,,,,50,10,,46,92.9,,55,,65.6,48.4,30,30,1294.16191156539,,,,,,84.4866287325219,,,,,,,,7.1663909945540825,6.1168981761948515
NER,Niger,1999,,48.6,,,,,,50,10,,46,95.8,,55,,72.1,48.4,30,30,1247.64712892756,,,,,,84.5103216755842,,,,,,,,7.129815947332219,-3.6575047221863777
NER,Niger,2000,5.17,45.9,5.17,3.46,8.09,5.38,3.69,30,10,,45.9,92.3,,55,,72.1,48,30,30,1190.56674543223,,,,,,84.5679346974454,,,,,,,,7.083024312957452,-4.679163437476674
NER,Niger,2001,4.85,48.9,5.02,3.49,6.67,5.25,3.7,30,10,,45.8,91.3,,55,,87.4,61,30,30,1233.06511808278,,,,,,84.5454860778308,,,,,,,,7.118068972994266,3.5044660036813724
NER,Niger,2002,4.93,48.2,5.15,3.43,6.82,5.25,3.93,30,10,,45.8,90.3,,55,,81.6,61,30,30,1248.82313660601,,,,,,84.5221023748378,,,,,,,,7.130757329570399,1.2688356576133764
NER,Niger,2003,5.19,54.2,6.94,3.35,6.6,5.25,3.92,30,10,,61,92.1,,55,,78.7,61,50,50,1231.2780915085,,,,,,84.5027001351668,,,,,,,,7.116619842248749,-1.4137487321650433
NER,Niger,2004,5.13,54.6,6.47,3.35,6.68,5.29,3.91,30,10,,66.7,91.6,,55,,79.1,58.6,50,50,1192.0823507557,,,,,,84.5385100721326,,,,,,,,7.084295448010376,-3.2324394238372633
NER,Niger,2005,5.1,54.1,6.53,3.44,6.19,5.29,4.13,30,10,,66.5,89.8,,55,44.2,88.3,56.8,50,50,1233.87551052205,98.1,76.5,44.4,5.9,43.92,84.5529685627574,,,,,,,,7.118725442784575,3.442999477419839
NER,Niger,2006,5.39,52.5,6.71,3.47,6.87,5.49,4.5,30,22,,62.7,90.9,,28.8,44.7,87.9,57.6,50,50,1260.12046671298,,,,,,84.5396865724831,,,,,,,,7.139755864084739,2.1030421300164193
NER,Niger,2007,5.22,53.2,6.75,3.48,6.2,5.58,4.17,30,24,,66.2,86.3,,38.4,44,80.6,62.4,50,50,1252.74827252938,97.8,74.3,37.3,7.7,73.35,84.5341217980028,,,,,,,,7.133892961432229,-0.5862902652509661
NER,Niger,2008,5.15,52.9,7.17,3.47,5.36,5.58,4.22,30,23,,66.4,89.3,,36.2,43.5,86,64.4,50,40,1300.55418500177,,,,,,84.5785288602147,,,,,,,,7.171314356300826,3.7421394868596636
NER,Niger,2009,5.37,53.8,7.14,3.47,6.05,5.58,4.7,30,26,,66.3,88.8,,36.9,40.6,89.5,70.4,50,40,1277.69230957636,,,,,,84.7639573164328,,,,,,,,7.153593201547344,-1.7721154753481905
NER,Niger,2010,5.54,52.9,7.64,3.39,6.28,5.2,5.17,30,28,,65.1,85.1,,37.2,40.7,77.6,75.7,50,40,1336.56410237447,,,,,,84.9220348027154,,,,,,,,7.198605404630649,4.501220308330467
NER,Niger,2011,5.48,54.3,7.59,3.32,6.12,5.2,5.15,30,29,,77.5,83,,36.9,40.3,80,71.8,55,40,1318.10130997844,97.5,66.3,31.5,8.9,51.28,85.0449478824275,,,,,,,,7.184705957939394,-1.389944669125498
NER,Niger,2012,5.42,54.3,6.85,3.36,6.53,5.24,5.09,30,26,,76.9,80.5,,35.9,40.8,86.4,71.7,55,40,1403.18971067857,,,,,,86.5940614905656,,,,,,,,7.247215697023593,6.2509739084199545
NER,Niger,2013,5.47,53.9,6.73,3.46,6.44,5.31,5.44,30,25,,77,80.1,,35.2,39.3,85.4,71.7,55,40,1423.26169034701,,,,,,88.2035235752737,,,,,,,,7.261408846399145,1.4193149375551606
NER,Niger,2014,5.57,55.1,6.56,3.46,6.58,5.64,5.61,30,26,,76.8,88.4,,35.2,45.4,88.3,65.6,55,40,1462.82122998491,96.3,63.1,34.3,7.8,,89.8005286529566,,,,,,,,7.288805576399097,2.7396729999952463
NER,Niger,2015,5.65,54.6,6.7,3.46,6.73,5.75,5.61,30,34,,76.6,83.6,,39.2,40.9,81.3,65.6,55,40,1471.66135329224,,,,,,89.6738370623966,,,,,,,,7.294826487310134,0.6020910911036736
NER,Niger,2016,5.82,54.3,6.92,3.57,6.8,5.75,6.03,30,35,,76.3,76.8,,39.6,42.3,83,64.6,55,40,1500.00858681288,,,,,,89.5564132319769,,,,,,,,7.3138925523452,1.9066065035065805
NER,Niger,2017,5.85,50.8,6.91,3.6,6.96,5.74,6.02,33.8,35,22.6,76.3,73.4,38.5,39.1,46.1,83.3,66.4,55,40,1520.0015371232,,,,,,89.4367629884533,,,,,,,,7.327124302859176,1.3231750513976515
NER,Niger,2018,5.79,49.5,6.58,3.75,7.05,5.74,5.82,37.4,30.4,32.6,73.3,72.9,15.8,45.5,45.7,83.5,61.5,55,40,1574.33838262666,94.7,61.1,37.3,7.6,52.06,87.2743463489649,,,,,,,,7.362225374295778,3.510107143660157
NER,Niger,2019,5.78,51.6,6.68,3.68,7.04,5.75,5.75,37.2,34.1,31,76.9,75.6,22.2,56.3,48.2,76.7,65.8,55,40,1612.63734693259,,,,,,85.1949694646867,,,,,,,,7.386246131471681,2.402075717590346
NER,Niger,2020,5.87,54.7,6.81,3.66,7.04,5.62,6.2,45.6,33.4,42.6,76.7,79,44.7,55.4,47.9,74.8,61.2,55,40,1615.69272448944,,,,,,85.4349535890963,,,,,,,,7.388137813374413,0.1891681902731257
NER,Niger,2021,5.74,57.3,6.53,3.56,6.94,5.62,6.05,38.8,31.8,45.7,77.1,87.1,76.2,52.5,47.4,75.3,61,55,40,1585.59922021188,96.1,61.9,32.9,8.7,35.72,84.7432756503633,,,,,,,,7.36934814938403,-1.8789663990382621
NER,Niger,2022,5.7,54.9,6.39,3.57,6.7,5.75,6.07,37.4,32.5,35.9,77.5,85.7,69,35.2,53.6,74.6,62.6,55,40,1717.51891457684,,,,,,84.3641037899289,,,,,,,,7.449218102674963,7.986995329093283
NGA,Nigeria,1995,3.32,47.3,7.34,2.81,1.35,1.65,3.41,50,50,,75.4,0,,55,,50.2,45,50,50,4797.51152154868,,,,,,74.5214483147548,,,,,,,,8.476061049127777,
NGA,Nigeria,1996,,47.4,,,,,,50,50,,78.6,0,,55,,47.7,45,70,30,4869.82113341489,91.4,62.6,51.9,3.7,,74.3463537923572,,,,,,,,8.491017812420946,1.4956763293168862
NGA,Nigeria,1997,,52.8,,,,,,50,50,,81.3,47.3,,55,,43,48.4,70,30,4884.04743279879,,,,,,74.2651419251456,,,,,,,,8.493934274316905,0.2916461895958733
NGA,Nigeria,1998,,52.3,,,,,,50,7,,84.5,71.7,,55,,53.8,48.4,70,30,4880.87997128038,,,,,,74.3641312507099,,,,,,,,8.493285664677781,-0.06486096391231655
NGA,Nigeria,1999,,55.7,,,,,,50,18,,84.5,78.3,,55,,67.3,48.4,70,30,4781.67311002018,,,,,,74.210099358612,,,,,,,,8.47275489721347,-2.0530767464311594
NGA,Nigeria,2000,4.82,53.1,6.21,2.83,5.01,4.59,5.36,30,19,,84.4,71.2,,55,,73.5,45,70,30,4889.00321939426,,,,,,73.9139308593196,,,,,,,,8.494948240831535,2.219334361806524
NGA,Nigeria,2001,4.66,49.6,6.74,2.84,4.07,4.68,4.96,30,16,,84.4,74.8,,55,,78.9,27,50,30,5039.54869772676,,,,,,73.8101021484306,,,,,,,,8.525270223736237,3.032198290470234
NGA,Nigeria,2002,5.17,50.9,8,2.65,4.72,5.23,5.28,30,12,,84.2,74.8,,55,,77.1,45,50,30,5654.89706065018,,,,,,73.4423631311629,,,,,,,,8.640454007384298,11.518378364806026
NGA,Nigeria,2003,5.27,49.5,7.95,2.66,5.13,5.32,5.35,30,10,,84.2,75.8,,55,,65.4,45,50,30,5905.31482803165,92.6,57.8,40.1,5.7,31.67,72.840345884261,,,,,,,,8.683777367356486,4.332335997218806
NGA,Nigeria,2004,5.25,49.2,8.25,2.71,5.31,4.88,5.17,30,16,,82.1,68.9,,55,,66.3,45,50,30,6275.29894529583,,,,,,72.2310856998246,,,,,,,,8.744535745812167,6.075837845568088
NGA,Nigeria,2005,5.74,48.4,8.97,3.2,5.45,5.66,5.45,30,14,,84,48.6,,55,73.2,66.2,53.4,30,30,6496.93228200091,,,,,,71.7345843180513,,,,,,,,8.779239294814465,3.4703549002298217
NGA,Nigeria,2006,5.86,48.7,8.39,3.61,6.01,5.67,5.6,30,16,,84.1,56.9,,50,73.3,65.8,51.2,30,30,6702.94533358778,,,,,,71.3096751839936,,,,,,,,8.810451487830907,3.121219301644196
NGA,Nigeria,2007,5.83,55.6,7.96,3.37,5.76,6.39,5.64,30,19,,84.2,66.9,,58.6,86.3,69.1,61.6,30,50,6949.42650737506,,,,,,70.8937516661785,,,,,,,,8.846558304643535,3.6106816812628395
NGA,Nigeria,2008,5.55,55.1,7.44,3.36,4.88,6.34,5.71,30,22,,84.4,68.1,,52.9,86.6,73.8,63.4,30,40,7215.76946222422,,,,,,70.4354624095343,,,,,,,,8.884162688849193,3.760438420565748
NGA,Nigeria,2009,5.45,55.1,7.82,3.27,4.86,5.57,5.72,30,22,,84.4,64.3,,55.1,85.8,77.9,61.8,30,40,7581.40572117009,,,,,31.79,70.1134040349954,,,,,,,,8.933585805745917,4.9423116896724295
NGA,Nigeria,2010,5.71,56.8,7.87,3.27,5.36,6.23,5.83,30,27,,84.4,64.7,,53.2,85.7,75.4,67.2,40,40,7962.6395731076,88.7,49.5,35.7,7.1,36.09,69.5004870633622,,,,,,,,8.982641407141825,4.9055601395908255
NGA,Nigeria,2011,5.95,56.7,8.24,3.37,5.78,6.39,5.97,30,25,,84.4,73,,51.6,84.5,73.5,65,40,40,8153.53178680367,,,,,,68.9862218092157,,,,,,,,9.006329099158377,2.368769201655141
NGA,Nigeria,2012,5.87,56.3,8.12,3.21,6.17,6.47,5.35,30,24,,84.3,72.3,,55.6,80.6,72,63.9,40,40,8265.9055121162,88.4,48.8,35.5,7.1,37.81,68.6764005074477,,,,,,,,9.020015535662283,1.3686436503906663
NGA,Nigeria,2013,6.22,55.1,8.45,3.24,6.89,6.56,5.98,30,24,,82.6,74.6,,55.7,67.2,73.3,63.9,40,40,8581.207822956,,,,,,68.3730459179012,,,,,,,,9.057446481403218,3.7430945740934973
NGA,Nigeria,2014,6.25,54.3,8.64,3.47,7.23,5.8,6.13,30,22.7,,85,74.5,,48,66.4,73.1,63.8,40,40,8884.77428661657,,,,,,68.0524386363546,,,,,,,,9.092206882162278,3.476040075906006
NGA,Nigeria,2015,6.3,55.6,8.72,3.56,7.35,5.58,6.31,30,25,,85.2,76.1,,48.3,77.7,70.4,63.8,40,40,8892.05798706748,87.2,47.6,35.9,7,50.34,67.8949499147729,,,,,,,,9.093026249907728,0.08193677454499948
NGA,Nigeria,2016,6.42,57.5,8.81,3.54,7.72,5.56,6.44,30,27,,85.1,94.6,,48.7,72.9,71.5,64.8,40,40,8534.69281513898,,,,,,67.7538029076989,,,,,,,,9.052011805354073,-4.101444455365488
NGA,Nigeria,2017,6.45,57.1,8.51,3.49,7.77,5.75,6.72,35.3,12.2,33.2,85.2,95.2,87.2,48.9,73.9,71.3,62.3,40,40,8396.78452274331,,,,,,67.4370001536973,,,,,,,,9.035723202751507,-1.628860260256637
NGA,Nigeria,2018,6.62,58.5,8.77,3.43,8.16,6,6.74,38,14.4,39.6,84.4,96.3,80.9,49.3,81.5,66.9,65.5,45,40,8362.62330891339,88.7,47.6,35.1,7.1,43.78,67.143265827459,,,,,,,,9.031647022340799,-0.4076180410708119
NGA,Nigeria,2019,6.63,57.3,8.8,3.43,8.16,6.02,6.72,36.5,20.5,34.3,85,96.5,68.2,51.2,83.3,65,62.4,45,40,8361.78664857198,,,,,,66.9029949275054,,,,,,,,9.031546981705153,-0.010004063564572618
NGA,Nigeria,2020,6.24,57.2,8.5,3.47,8.07,4.51,6.63,38.1,22.3,32.2,85.1,96.2,64.1,54.7,84,61.7,62.4,45,40,7664.21099591193,,,,,,67.9560091981761,,,,,,,,8.944447318117124,-8.709966358802923
NGA,Nigeria,2021,6.44,58.7,8.71,3.55,7.85,5.53,6.59,36.8,23.5,38.7,84.9,95.3,59.9,60,84.4,68,68.4,45,40,7588.47885596359,,,,,,67.4186651886349,,,,,,,,8.934518206103956,-0.9929112013168151
NGA,Nigeria,2022,5.96,54.4,8.78,3.51,7.46,3.49,6.55,22.1,22.7,33.8,84.8,95.3,58.1,41.2,73.6,67.5,68.6,45,40,7752.26206532009,92.9,53.2,33.9,7.5,42.2,67.2492936811999,,,,,,,,8.955868945443138,2.1350739339181857
NIC,Nicaragua,1995,6.06,42.5,7.16,4.2,4.35,7.76,6.85,30,10,,78.3,75.1,,55,,0,54.4,50,30,4130.28612675871,,,,,,40.457439929427,,,,,,,,8.326344048314247,
NIC,Nicaragua,1996,,54.1,,,,,,30,10,,78.6,68.5,,55,,68.5,56,70,50,4311.49316853482,,,,,,40.2668157644948,,,,,,,,8.369271477230493,4.292742891624535
NIC,Nicaragua,1997,,53.3,,,,,,30,10,,78.3,61.1,,55,,69.3,56,70,50,4408.32889987936,,,,,,40.0886654641624,,,,,,,,8.391477779962708,2.220630273221502
NIC,Nicaragua,1998,,53.8,,,,,,30,10,,77.8,58.3,,55,,69,64,70,50,4502.59836619887,77.6,44.3,54.4,3.1,25.77,39.9645545776777,,,,,,,,8.412631993152214,2.1154213189506166
NIC,Nicaragua,1999,,54,,,,,,30,10,,77.7,59.4,,55,,70,64.2,70,50,4750.94886822618,,,,,,39.7837545464402,,,,,,,,8.466310100931178,5.367810777896409
NIC,Nicaragua,2000,6.73,56.9,7.49,3.61,7.83,8.19,6.51,30,30,,76.1,76.5,,55,,68.1,56,70,50,4878.24776981667,,,,,,39.6669896935901,,,,,,,,8.49274634143618,2.643624050500115
NIC,Nicaragua,2001,6.64,58,7.36,3.62,8.18,8.01,6.03,30,31,,80.8,71.2,,55,,68.6,65.6,70,50,4958.32771126837,72.3,37.8,52.9,3.9,30.17,39.5116082434436,,,,,,,,8.509025468449325,1.627912701314571
NIC,Nicaragua,2002,7.04,61.1,8.18,3.61,9,8.18,6.24,30,31,,81.3,81.3,,55,,68.5,63.2,70,70,4935.48539005128,,,,,,40.2986986964387,,,,,,,,8.50440889747076,-0.46165709785643827
NIC,Nicaragua,2003,7.07,62.6,8.23,3.56,8.97,8.34,6.24,30,24,,81.8,82.3,,55,,71.3,79.2,70,70,5000.6117655634,,,,,,41.1731007924637,,,,,,,,8.517515492584316,1.3106595113555386
NIC,Nicaragua,2004,6.91,61.4,8.26,3.52,8.64,7.88,6.24,30,25,,85.6,82.6,,55,,75.1,79,50,70,5204.38202801757,,,,,,41.9068252950596,,,,,,,,8.557448374708729,3.9932882124412927
NIC,Nicaragua,2005,6.94,62.5,8.41,3.81,8.45,7.66,6.35,30,26,,82.9,82.4,,55,72.9,75.8,80.4,50,70,5356.95850970538,65.4,30,48.8,4.8,,42.6697810118623,,,,,,,,8.586338306458554,2.8889931749825237
NIC,Nicaragua,2006,7,63.8,8.2,3.91,8.38,7.87,6.61,30,27,,79.8,78.1,,57,76.1,72.3,77.6,70,70,5500.40577576797,,,,,,42.4252250484436,,,,,,,,8.61275893415575,2.6420627697195442
NIC,Nicaragua,2007,6.98,62.7,8.13,3.88,8.24,8.07,6.58,30,26,,79.6,78.5,,56.4,73.4,70.9,82.4,70,60,5697.21109549591,,,,,,42.1378397270787,,,,,,,,8.647907561668198,3.5148627512448627
NIC,Nicaragua,2008,6.68,60.8,7.9,3.83,7.29,7.98,6.41,25,26,,79,77.6,,56.8,73.7,70.6,79.2,70,50,5809.09964464617,,,,,,41.8055402687,,,,,,,,8.667353000240398,1.9445438572200047
NIC,Nicaragua,2009,6.82,59.8,7.31,3.76,8.83,8.01,6.2,25,26,,78.8,71,,57.6,70.6,69.5,79.2,70,50,5538.3658931707,62.1,27.1,43.9,5.3,25.78,41.7871937860057,,,,,,,,8.619635313473836,-4.7717686766562295
NIC,Nicaragua,2010,6.93,58.3,7.95,3.9,8.35,8.07,6.36,25,25,,78.4,78.5,,55.7,68.3,64.1,82.8,55,50,5701.12790180564,,,,,,41.6199881908991,,,,,,,,8.648594700263773,2.895938678993737
NIC,Nicaragua,2011,6.9,58.8,8.14,3.99,8.06,8.08,6.23,20,25,,78.8,81.3,,54.3,67.1,71.7,84.8,55,50,5976.25284495841,,,,,,41.342207128488,,,,,,,,8.695716350917364,4.712165065359031
NIC,Nicaragua,2012,6.97,57.9,8.23,4.02,8.19,8.09,6.33,15,25,,77.1,83,,51.2,63.4,74,84.9,55,50,6275.7876907774,,,,,,41.0628956316593,,,,,,,,8.744613614386802,4.889726346943846
NIC,Nicaragua,2013,6.92,56.6,8.14,3.88,8.14,8.1,6.35,15,25,,78.7,65.1,,51.2,62.2,73.2,85.4,60,50,6494.14961103199,,,,,,40.8057415138236,,,,,,,,8.778810963640325,3.41973492535228
NIC,Nicaragua,2014,6.88,58.4,8.04,3.73,8.44,7.86,6.3,15,24.1,,78.6,80,,52.6,60.3,72.8,85.4,65,50,6712.21749816316,46.5,18.2,46.2,5.1,24.19,40.546603155565,,,,,,,,8.811833622961515,3.3022659321190417
NIC,Nicaragua,2015,6.87,57.6,7.29,3.97,8.77,8.04,6.28,10,28,,78.4,76.6,,58,56.7,67.8,85.4,65,50,6939.03286207731,,,,,,40.2399933517706,,,,,,,,8.845061788659281,3.322816569776599
NIC,Nicaragua,2016,6.86,58.6,7.2,4.01,8.82,8.04,6.21,10,28,,78,82.8,,61.2,55.7,69,86.2,65,50,7158.75799760378,,,,,,39.9671135390233,,,,,,,,8.876231460166135,3.11696715068539
NIC,Nicaragua,2017,6.79,59.2,6.95,3.95,8.81,8.02,6.22,31.1,27.4,15.9,77.2,80.8,96.1,59,55.6,71.2,81,65,50,7391.19683946294,,,,,,39.6919257511583,,,,,,,,8.908180241682206,3.194878151607128
NIC,Nicaragua,2018,6.72,58.9,6.72,3.81,9.06,8.03,5.99,29.8,24.2,19,77.2,80,94.8,60.2,57.3,73,81,60,50,7049.02753442352,,,,,,39.5784855634116,,,,,,,,8.860786801390676,-4.739344029153081
NIC,Nicaragua,2019,6.63,57.7,6.09,3.8,9.17,8.03,6.07,33.4,20.3,18.7,76.9,79.1,93.9,56,55.8,72.7,76,60,50,6756.59375829081,,,,,,39.5837231735532,,,,,,,,8.818422152755172,-4.23646486355036
NIC,Nicaragua,2020,6.5,57.2,5.88,3.75,9.4,7.41,6.05,33.5,24.3,19.5,76.3,77.5,87.2,55.1,55.5,71.5,75.4,60,50,6523.3698502278,,,,,,40.2716359278103,,,,,,,,8.783299652849529,-3.5122499905643423
NIC,Nicaragua,2021,6.4,56.3,5.92,3.49,9.23,7.37,5.99,27.8,24.8,19,77.1,77.5,91.8,53.1,55,70.7,68.4,60,50,7119.16923360042,,,,,,39.7963349559465,,,,,,,,8.870686772887654,8.738712003812488
NIC,Nicaragua,2022,6.42,54.8,6.3,3.43,8.55,7.9,5.93,30.1,19,19.5,75.3,76.2,87.3,53.8,46.9,72,67.8,60,50,7277.82264804562,,,,,,39.6154533672968,,,,,,,,8.89272440394241,2.203763105475609
NLD,Netherlands,1995,7.79,,5.21,8.68,9.7,9.33,6.21,,,,,,,,,,,,,46720.2879220144,,,,,,9.88352582869003,,,,,,,,10.75195518394609,
NLD,Netherlands,1996,,69.7,,,,,,90,90,,33.8,6.6,,85,,84.4,77.8,70,90,48095.966024712,,,,,,9.47758137944407,,,,,,,,10.780974377695138,2.901919374904871
NLD,Netherlands,1997,,70.4,,,,,,90,87,,34.1,14.1,,85,,85.4,77.8,70,90,49881.8758323461,,,,,,9.54680407686843,,,,,,,,10.817433053150953,3.645867545581538
NLD,Netherlands,1998,,69.2,,,,,,90,87,,36.2,20.7,,70,,80.8,77.8,70,90,51879.3803259073,,,,,,8.88067592162598,,,,,,,,10.856695969280674,3.9262916129720438
NLD,Netherlands,1999,,70.2,,,,,,90,90,,37.1,26.2,,70,,80.7,77.8,70,90,54134.3622865113,0.7,0.4,28.1,9.2,,8.70520557307118,,,,,,,,10.899242898001377,4.254692872070365
NLD,Netherlands,2000,8.07,70.4,4.99,8.66,9.45,9.37,7.85,90,90,,36.9,28,,70,,80.9,77.8,70,90,56016.8727218416,,,,,,8.63541179119193,,,,,,,,10.933426074545096,3.418317654371883
NLD,Netherlands,2001,7.91,73,5.08,8.56,9.25,9.33,7.29,90,90,,38.4,25,,70,,85.7,78,90,90,56887.4332731111,,,,,,8.66180431680751,,,,,,,,10.94884731778226,1.542124323716365
NLD,Netherlands,2002,7.89,75.1,4.9,8.53,9.35,9.28,7.34,90,89,,43.6,39.3,,70,,84.6,79.6,90,90,56664.4134372303,,,,,,8.73329108517361,,,,,,,,10.944919311306148,-0.39280064761122446
NLD,Netherlands,2003,7.93,74.6,4.89,8.54,9.45,9.39,7.31,90,88,,44.1,35.4,,70,,82.8,81.4,90,90,56452.8674805644,,,,,,8.49109682822237,,,,,,,,10.941179078844181,-0.37402324619666416
NLD,Netherlands,2004,7.9,74.5,5.06,8.52,9.48,9.06,7.33,90,90,,45.2,32.3,,70,,83.2,79.8,90,90,57391.3645202468,0.8,0.4,29.8,8.4,,9.04078073639764,,,,,,,,10.957666551164056,1.6487472319875351
NLD,Netherlands,2005,7.93,72.9,5.23,8.64,9.37,8.84,7.55,90,89,,45.7,28,,70,61.5,84.8,80.2,90,90,58422.0135197444,0.5,0.2,29,8.7,,10.3587061428978,,,,,,,,10.975465158311174,1.7798607147117451
NLD,Netherlands,2006,7.9,75.4,4.95,8.6,9.32,9.01,7.58,90,87,,48,29.1,,87.5,62.9,86.6,82.4,90,90,60391.544265121,0.3,0.1,30,8.7,,10.6492307499063,,,,,,,,11.008620936984459,3.3155778673284786
NLD,Netherlands,2007,7.96,75.5,5.13,8.64,9.39,9.04,7.56,90,86,,48.8,34.9,,88.4,62.7,87.2,86.6,90,80,62601.6205718183,0.4,0.1,29.6,8.8,,10.7364372299646,,,,,,,,11.044562418381615,3.594148139715614
NLD,Netherlands,2008,7.9,77.4,5.04,8.57,9.36,8.96,7.55,90,87,,51.6,38.2,,88,65.8,86.9,86,90,90,63678.4032834996,0.6,0.2,29.3,8.7,,10.8602687476292,,,,,,,,11.061616449926301,1.7054031544686765
NLD,Netherlands,2009,7.76,77,4.58,8.51,9.34,8.96,7.37,90,90,,50.9,36.2,,86.5,63.3,87,85.8,90,90,61029.7298855714,0.4,0.2,27.9,9,,11.275547484779,,,,,,,,11.019132784922563,-4.2483665003738125
NLD,Netherlands,2010,7.79,75,4.47,8.53,9.33,8.81,7.79,90,89,,52,38.4,,82.6,59.1,81,87.5,90,80,61518.5540088717,0.2,0.1,27.8,9,,11.0078921247411,,,,,,,,11.027110354622554,0.7977569699990639
NLD,Netherlands,2011,7.85,74.7,4.56,8.58,9.38,8.8,7.92,90,89,,50.6,36.8,,81.9,58.3,82.7,87.6,90,80,62318.1416226231,0.4,0.2,27.8,9.1,,11.1471255857242,,,,,,,,11.040023906743468,1.2913552120913607
NLD,Netherlands,2012,7.83,73.3,4.54,8.54,9.36,8.75,7.98,90,88,,51.2,20.9,,81.9,60,83.6,87.1,90,80,61480.8126014961,0.3,0.1,27.6,9.1,,11.2777774305589,,,,,,,,11.026496680000879,-1.3527226742588994
NLD,Netherlands,2013,7.83,73.5,4.75,8.48,9.41,8.72,7.79,90,89,,52.1,24.7,,83,58.6,81.1,86.8,90,80,61281.288807752,0.3,0.1,28.1,8.9,,12.0025982448413,,,,,,,,11.023246153712932,-0.3250526287946087
NLD,Netherlands,2014,7.96,74.2,4.79,8.52,9.65,8.94,7.88,90,88,,51.7,25.6,,89.7,59.6,79.9,87.8,90,80,62045.8563802085,0.4,0.2,28.6,8.8,,12.1820658403527,,,,,,,,11.035645126661338,1.2398972948405529
NLD,Netherlands,2015,8.05,73.7,5.04,8.6,9.71,9.09,7.79,90,83,,51.8,23.8,,84.3,66.3,79.8,88,90,80,63081.3941350677,0.4,0.2,28.2,8.9,2.28,12.2880613811716,,,,,,,,11.052196994305184,1.6551867643846307
NLD,Netherlands,2016,8.02,74.6,5.03,8.59,9.46,9.11,7.89,90,83,,52.7,34.4,,80,64,83.4,88,90,80,64267.736357935,0.4,0.2,28.2,8.8,,12.2078025002246,,,,,,,,11.070828576711564,1.8631582406380076
NLD,Netherlands,2017,7.94,75.8,4.91,8.59,9.15,9.11,7.93,87.4,85.7,69.9,53.2,37,83,80.2,70.5,85.8,87,90,80,65666.0036593237,0.4,0.2,28.5,8.8,,12.0192162875113,,,,,,,,11.092351850906722,2.1523274195157427
NLD,Netherlands,2018,7.97,76.2,5.13,8.58,9.1,9.16,7.88,87.9,86,74.1,52.5,39.1,88.2,80.5,61.5,87.5,86.9,90,80,66758.2640145753,0.4,0.2,28.1,8.9,,12.0175208547197,,,,,,,,11.10884835336772,1.649650246099732
NLD,Netherlands,2019,7.97,76.8,5.1,8.58,9.08,9.15,7.91,88,89.1,74.7,51.6,42.9,93.3,81.4,60.3,84,86,90,80,67847.8542926795,0.4,0.1,29.2,8.6,,11.8555109407111,,,,,,,,11.125037779235104,1.61894258673847
NLD,Netherlands,2020,7.75,77,4.86,8.6,8.75,8.92,7.61,90,90.1,73.9,51.7,45.2,94.1,80.4,60.2,82.5,86.4,90,80,64862.1922496366,0.3,0.1,26,9.2,,12.9355688273211,,,,,,,,11.080035596190045,-4.500218304505843
NLD,Netherlands,2021,7.76,76.8,4.97,8.64,8.93,8.58,7.68,88.9,90.6,72.8,51.7,47.7,95.3,80.5,60.1,80.4,84,90,80,68573.5648786446,0.3,0.1,25.7,9.4,,12.7647392478419,,,,,,,,11.135676970596386,5.5641374406340205
NLD,Netherlands,2022,7.74,79.5,4.92,8.66,8.34,9.15,7.61,96.2,92.3,96.9,51.2,45.4,93.6,88.1,58.9,82.1,79.2,90,80,71324.0360349277,,,,,,13.3857369760742,,,,,,,,11.175002681303132,3.932571070674662
NOR,Norway,1995,7.86,,5.24,9.06,9.65,8.48,6.85,,,,,,,,,,,,,66762.1587276864,0.7,0.5,26,9.9,,8.29979489359719,,,,,,,,11.108906691331219,
NOR,Norway,1996,,65.4,,,,,,90,90,,58.9,8.9,,70,,81.7,69,70,50,69764.3814246187,,,,,3.98,7.2379921501146,,,,,,,,11.152893197588918,4.398650625769918
NOR,Norway,1997,,65.1,,,,,,90,86,,58,12.2,,70,,80.6,69,70,50,73053.9655256434,,,,,6.25,6.78918665678226,,,,,,,,11.198967389210152,4.60741916212335
NOR,Norway,1998,,68,,,,,,90,89,,57.9,20.1,,70,,82,83,70,50,74558.2948989562,,,,,6.87,6.81988118871564,,,,,,,,11.219349992487453,2.038260327730157
NOR,Norway,1999,,68.6,,,,,,90,89,,57.9,27.4,,70,,80.5,82.4,70,50,75583.834403854,,,,,,6.01536155863619,,,,,,,,11.233010938920502,1.3660946433049048
NOR,Norway,2000,7.92,70.1,5.43,9.05,8.98,8.73,7.28,90,90,,57.3,41.9,,70,,80.4,81,70,50,77587.2073182558,0.5,0.3,27.4,9.9,,5.70277032409316,,,,,,,,11.259170727074823,2.6159788154320296
NOR,Norway,2001,7.84,67.1,5.35,8.95,8.81,8.71,7.24,90,89,,56.7,36.5,,70,,80.3,81,50,50,78791.3045707129,,,,,,5.79634610352564,,,,,,,,11.274570613345073,1.5399886270250462
NOR,Norway,2002,7.8,67.4,5.21,8.95,8.98,8.47,7.27,90,91,,51.1,41.9,,70,,79.3,82.8,50,50,79447.0914824426,,,,,,5.74975219526842,,,,,,,,11.282859150058247,0.8288536713173755
NOR,Norway,2003,7.88,67.2,5.01,9.17,8.88,8.84,7.37,90,86,,50.9,41.4,,70,,84.1,82.8,50,50,79728.7849973309,0.4,0.2,27.6,9.5,,5.85097316947217,,,,,,,,11.286398508858401,0.3539358800153991
NOR,Norway,2004,7.84,66.2,5.17,9.05,9.1,8.47,7.33,90,85,,50.8,31.7,,70,,86.3,81.8,50,50,82440.9558801113,0.6,0.4,31.6,8.8,,5.72086833282932,,,,,,,,11.319849759615144,3.3451250756742823
NOR,Norway,2005,7.94,64.5,5.79,9.19,9.32,7.92,7.42,90,88,,50.4,28.3,,70,49.3,85.5,83.6,50,50,84079.996241889,0.5,0.3,30.6,9,,5.59523034709074,,,,,,,,11.339535854218612,1.9686094603468263
NOR,Norway,2006,7.86,67.9,5.89,9.05,9.15,8.07,7.11,90,89,,50.8,34.9,,91.4,50.6,88.7,84.2,50,50,85458.5466934023,0.7,0.3,26.4,9.2,,6.49624174500493,,,,,,,,11.355798404870846,1.6262550652234253
NOR,Norway,2007,7.94,67.9,5.93,9.18,9.32,8.07,7.16,90,89,,50.6,37.6,,91.1,49,82.5,89.2,50,50,87043.4979357593,0.5,0.3,27.1,9.4,,5.87661370054827,,,,,,,,11.374174737406223,1.837633253537696
NOR,Norway,2008,7.77,68.6,5.66,9.15,8.98,8,7.04,90,88,,50.3,46.3,,89.1,49.5,76.1,86.2,60,50,86379.6624832291,0.5,0.3,27,9.1,,5.94686635531051,,,,,,,,11.366519115890574,-0.7655621515649358
NOR,Norway,2009,7.7,70.2,5.26,9.13,8.93,8.04,7.11,90,87,,50.3,50.5,,88.1,48.6,78.1,89.2,60,60,83642.0695747773,0.3,0.1,26.2,9.4,,6.09759974073882,,,,,,,,11.334313852711057,-3.2205263179516663
NOR,Norway,2010,7.74,69.4,5.49,9.09,8.96,7.81,7.32,90,79,,50.5,49.8,,88.8,47.1,74.2,89.2,65,60,83256.7880722557,0.4,0.2,25.7,9.5,,5.46874939400732,,,,,,,,11.329696953884609,-0.46168988264483346
NOR,Norway,2011,7.82,70.3,5.58,9.07,9.09,7.81,7.54,90,86,,51.6,51.5,,88.3,45.8,75.1,89.4,65,60,83092.4342216441,0.3,0.1,25.3,9.5,,5.59821343360501,,,,,,,,11.327720967152173,-0.19759867324360414
NOR,Norway,2012,7.89,68.8,5.66,9.1,9.29,7.83,7.55,90,86,,52.5,35.3,,88.4,46.3,75.1,89.3,65,60,84237.1495663816,0.4,0.2,25.7,9.4,,5.04095763981718,,,,,,,,11.341403180355552,1.368221320337959
NOR,Norway,2013,7.86,70.5,5.58,9.09,9.21,7.84,7.6,90,90,,51,40.3,,92.6,44.7,76.9,89.3,70,60,84070.4583940478,0.4,0.2,26.4,9.3,,5.04326868617012,,,,,,,,11.339422411356633,-0.19807689989193022
NOR,Norway,2014,7.9,70.9,5.61,9.13,9.32,7.8,7.65,90,88.1,,50.6,42.2,,90.9,44.6,78.7,89.1,75,60,84830.2558016961,0.4,0.2,26.8,9.1,,5.46793596928682,,,,,,,,11.348419336437297,0.8996925080664298
NOR,Norway,2015,7.45,71.8,5.27,9.19,6.87,8.21,7.72,90,86,,52.1,43.8,,92.1,48.2,81.7,89.4,75,60,85550.2942614495,0.4,0.2,27.5,9,,5.27408187605521,,,,,,,,11.356871407919513,0.8452071482215828
NOR,Norway,2016,7.89,70.8,5.17,9.12,9.27,8.19,7.7,90,86,,53.2,41.8,,89.6,48.5,76.2,87.8,75,60,85787.6174410424,0.7,0.4,28.5,8.6,,5.17861012386918,,,,,,,,11.35964161281811,0.27702048985975836
NOR,Norway,2017,7.93,74,5.33,9.03,9.38,8.26,7.66,86.7,88.3,83.3,55.6,38.5,98.4,89.5,48.8,75.8,87.7,75,60,87194.1115421374,0.6,0.3,27,8.9,,4.85388171341915,,,,,,,,11.375903548029044,1.6261935210932776
NOR,Norway,2018,7.86,74.3,5.24,8.94,9.22,8.26,7.65,86.4,93.6,86,56.4,29.2,97.8,90.4,54.6,73.9,87.9,75,60,87338.4708008985,0.5,0.3,27.6,8.9,,4.67151947860452,,,,,,,,11.377557767952023,0.16542199229796495
NOR,Norway,2019,7.85,73,5.06,8.93,9.3,8.23,7.74,86.1,92.3,81.2,57.4,25.3,97.3,89.4,53.7,75.4,83.2,75,60,87725.7283254613,0.5,0.3,27.7,8.8,,4.55558979363001,,,,,,,,11.381981901886995,0.44241339349717634
NOR,Norway,2020,7.71,73.4,4.78,8.99,9.2,8,7.6,84.3,95.6,82.8,57.7,25.6,97.3,86.1,57.4,74.8,83.8,75,60,86096.0508947506,0.5,0.3,28.4,8.6,,4.431540506287,,,,,,,,11.363230437735718,-1.8751464151277375
NOR,Norway,2021,7.63,73.4,5.02,9,8.6,8.24,7.29,82.4,95.8,86.3,57.1,25.3,96.6,85.5,57.8,75.4,84,75,60,88984.1386736515,0.4,0.2,29.1,8.8,,4.26890048286429,,,,,,,,11.396224653576438,3.299421584071993
NOR,Norway,2022,7.58,76.9,5.49,8.98,7.86,8.28,7.29,99.6,96,97.3,56.4,19.5,96.6,91.4,68.8,76.9,85.4,75,60,91051.0831968407,0.7,0.4,26.9,9.1,,4.25979829162327,,,,,,,,11.419186964595728,2.2962311019290027
NPL,Nepal,1995,5.23,,6.47,4.25,6.17,4.31,5.04,,,,,,,,,,,,,2043.60517160069,97.1,67.7,35.2,7.8,,85.193439874117,,,,,,,,7.622959979714555,
NPL,Nepal,1996,,50.3,,,,,,30,10,,86.4,91.3,,55,,67,53.2,30,30,2105.50832713857,,,,,,84.9433800746248,,,,,,,,7.652787034479651,2.9827054765096506
NPL,Nepal,1997,,53.6,,,,,,50,10,,82.9,93.5,,55,,67.7,63,30,30,2166.3126334505,,,,,,84.6836382959107,,,,,,,,7.681243261296778,2.8456226817127117
NPL,Nepal,1998,,53.5,,,,,,50,10,,83,89.6,,55,,67.3,66.6,30,30,2188.2220157023,,,,,,84.4431140608258,,,,,,,,7.6913015157249065,1.0058254428128244
NPL,Nepal,1999,,53.1,,,,,,50,10,,83,88.4,,55,,66.9,65,30,30,2242.65011822095,,,,,,84.2109808616855,,,,,,,,7.715859335689619,2.4557819964712735
NPL,Nepal,2000,5.78,51.3,6.25,4.1,7.03,6.06,5.49,50,10,,86.3,88,,55,,64.6,47.8,30,30,2340.81563141298,,,,,,83.935079427278,,,,,,,,7.758681818348782,4.282248265916255
NPL,Nepal,2001,6.03,51.6,7.5,4.07,6.83,6.06,5.64,30,10,,84,88,,55,,69.8,67.8,30,30,2413.8142127556,,,,,,83.6360809197943,,,,,,,,7.789377632591384,3.0695814242601926
NPL,Nepal,2002,6.07,52.3,7.63,4.35,6.7,6.04,5.62,30,10,,84,89.2,,55,,78.2,64.2,30,30,2380.24424587571,,,,,,83.455179882947,,,,,,,,7.7753784224419435,-1.3999210149440167
NPL,Nepal,2003,6.1,51.5,8.17,4.33,6.33,6,5.62,30,10,,88.8,90.9,,55,,79.4,49.6,30,30,2439.49479601556,91.7,58.9,43.8,6.5,40.28,83.2658184916784,,,,,,,,7.799956082981376,2.4577660539432777
NPL,Nepal,2004,6.19,51.2,8.33,4.32,6.59,5.99,5.62,30,10,,88.9,88.6,,55,,77.3,51.4,30,30,2521.54105171428,,,,,,83.0587795835096,,,,,,,,7.833022026313093,3.306594333171642
NPL,Nepal,2005,6.15,51.4,8.29,4.38,6.15,6.13,5.74,30,10,,86.6,91.3,,55,47.5,77.2,56.4,30,30,2580.23106308364,,,,,,82.8300008676296,,,,,,,,7.856021720346796,2.2999694033702944
NPL,Nepal,2006,6.14,53.7,8.31,4.35,6.35,6.14,5.45,30,28,,86.6,92.3,,62.4,47.1,77.2,53.8,30,30,2641.34799494749,,,,,,82.5999977990763,,,,,,,,7.879423192891191,2.3401472544395396
NPL,Nepal,2007,6.21,54.4,8.3,4.38,6.64,6.1,5.53,30,25,,86.6,92.8,,60.7,45.8,81.8,61.4,30,30,2708.7143922589,,,,,,82.3616150233385,,,,,,,,7.904598518009428,2.517532511823717
NPL,Nepal,2008,6.01,54.1,7.99,4.39,6.08,6.02,5.49,30,25,,86.5,92,,60.9,46.3,78.5,61.4,30,30,2852.60983167965,,,,,,82.084020314947,,,,,,,,7.956340079398871,5.17415613894423
NPL,Nepal,2009,5.75,53.2,7.69,4.34,5.16,6.1,5.41,30,25,,86.3,91,,60.5,46.9,78.7,63.2,20,30,2961.83900365912,,,,,,81.7966593200433,,,,,,,,7.993903210511482,3.7563131112611003
NPL,Nepal,2010,5.93,52.7,7.82,4.34,5.23,5.99,6.24,35,27,,86.6,92.3,,59.4,44.7,77.8,58.8,15,30,3085.31407004502,84.4,40.6,32.8,8.3,,81.4982331912628,,,,,,,,8.034732800280285,4.082958976880313
NPL,Nepal,2011,6.02,50.1,7.94,4.48,5.29,5.93,6.46,30,23,,86.4,88.4,,59.2,44.3,73.8,61.4,5,30,3176.65040602417,,,,,,81.2026452218337,,,,,,,,8.063897336648052,2.9164536367767724
NPL,Nepal,2012,6.09,50.2,8.2,4.51,5.34,5.96,6.45,30,22,,86,88.1,,53.6,45.4,74.9,61.5,10,30,3316.50073452021,,,,,,80.8867697812339,,,,,,,,8.106966987614088,4.306965096603577
NPL,Nepal,2013,6.24,50.4,8.66,4.45,5.54,5.98,6.58,30,22,,85.8,89.2,,57.2,44.3,75.1,60.8,10,30,3426.5579593796,,,,,25.34,80.5799827653779,,,,,,,,8.139603321396953,3.263633378286457
NPL,Nepal,2014,6.35,50.1,8.56,4.54,5.77,6.28,6.6,30,21.3,,85.9,89.6,,58.5,43.8,76.3,61,5,30,3621.73168937112,,,,,24.62,80.2408750238996,,,,,,,,8.194983630568114,5.53803091711611
NPL,Nepal,2015,6.36,51.3,8.55,4.62,5.76,6.27,6.59,30,31,,85.6,88.9,,65.7,44.3,70.5,61.8,5,30,3745.26182249477,,,,,24.84,79.9139735678029,,,,,,,,8.228513774446986,3.353014387887221
NPL,Nepal,2016,6.35,50.9,8.46,4.62,5.73,6.16,6.82,30,29,,85.1,91.1,,64.9,47.3,70.8,55.6,5,30,3743.7445783578,,,,,23.55,79.6580332172956,,,,,,,,8.22810869024961,-0.04050841973768371
NPL,Nepal,2017,6.32,55.1,7.81,4.55,6.26,6.15,6.83,37.3,26.7,32,84.9,89.5,98.4,64.6,47.6,72.2,68.1,10,30,4071.70431755798,,,,,,79.323631449029,,,,,,,,8.312062509274933,8.395381902532328
NPL,Nepal,2018,6.4,54.1,7.8,4.85,6.23,6.34,6.8,37.5,24.6,36.2,84.2,87.6,98.5,64.6,43.5,65.8,66.6,10,30,4371.38571771897,,,,,,78.9444168392601,,,,,,,,8.383064069951756,7.100156067682306
NPL,Nepal,2019,6.45,53.8,8.11,4.79,6.16,6.31,6.89,39.2,26.2,34.7,84,83.7,98.5,61.8,47.9,69.4,60.4,10,30,4607.52454717112,,,,,,78.5461557908431,,,,,,,,8.435663029918636,5.25989599668808
NPL,Nepal,2020,6.28,54.2,7.77,4.89,6.16,5.68,6.91,40.7,31.5,32,83.4,77.9,98.1,61.6,53.7,71.2,60.4,10,30,4412.5420439395,,,,,,78.534600878618,,,,,,,,8.392432830627557,-4.3230199291079074
NPL,Nepal,2021,6.26,50.7,7.69,4.9,6.29,5.48,6.96,38.1,33.8,34.1,83.2,73.2,61.8,61.5,53.6,71.6,57.6,10,30,4546.22970006289,,,,,,78.0728641357747,,,,,,,,8.42227346938719,2.9840638759631943
NPL,Nepal,2022,6.54,49.7,7.55,4.92,7.27,6,6.98,37.4,33.8,34.1,82.6,77.2,51.5,60.2,51.5,70,57.6,10,30,4763.38751073946,52.6,16.1,30,8.7,18.5,77.7965803186827,,,,,,,,8.468924268632195,4.665079924500581
NZL,New Zealand,1995,8.64,,7.49,9.25,9.65,7.87,8.81,,,,,,,,,,,,,32584.6549851439,,,,,,15.977078408543,,,,,,,,10.391627439382136,
NZL,New Zealand,1996,,78.1,,,,,,90,90,,65.1,48.6,,85,,86,78.6,70,90,33231.4477971415,,,,,,15.9139670823033,,,,,,,,10.411282020902982,1.9654581520846648
NZL,New Zealand,1997,,79,,,,,,90,96,,64.7,53.9,,85,,83.7,78.6,70,90,33480.1450529262,,,,,,15.8664434401269,,,,,,,,10.4187377251215,0.7455704218518378
NZL,New Zealand,1998,,79.2,,,,,,90,94,,64.6,55.8,,85,,84.7,78.6,70,90,33469.2534254937,,,,,,15.8726657424308,,,,,,,,10.418412365897463,-0.03253592240373138
NZL,New Zealand,1999,,81.7,,,,,,90,92,,66,58,,85,,86.8,77.4,90,90,35084.291368526,,,,,,15.7824325851764,,,,,,,,10.465537272298507,4.712490640104328
NZL,New Zealand,2000,8.81,80.9,6.87,9.11,9.61,9.43,8.93,90,94,,65.8,47.1,,85,,87.6,78.6,90,90,35879.7911310766,,,,,,15.6879177031612,,,,,,,,10.487957365290757,2.2420092992250673
NZL,New Zealand,2001,8.7,81.1,6.82,9.08,9.55,9.31,8.63,90,94,,62.5,49.6,,85,,91.2,78,90,90,36885.644684201,,,,,,15.5688976610607,,,,,,,,10.515604831837699,2.76474665469415
NZL,New Zealand,2002,8.74,80.7,6.87,9.1,9.53,9.34,8.76,90,94,,62.5,49.6,,85,,86.5,78.4,90,90,37959.0650638123,,,,,,15.4125281999409,,,,,,,,10.544289966732203,2.868513489450386
NZL,New Zealand,2003,8.75,81.1,6.89,9.11,9.58,9.31,8.78,90,94,,62.4,53,,85,,85.3,80.4,90,90,38976.9126257578,,,,,,15.2324638660697,,,,,,,,10.570750421749764,2.6460455017561557
NZL,New Zealand,2004,8.73,81.5,6.83,9.1,9.55,9.23,8.86,90,95,,62.8,55.8,,85,,84.7,80.2,90,90,39971.7705007585,,,,,,15.0148031817876,,,,,,,,10.59595376380807,2.5203342058306433
NZL,New Zealand,2005,8.68,82.3,6.85,9.15,9.47,8.97,8.92,90,95,,61.7,55.3,,85,91.1,85.8,79.4,90,90,40848.2981387428,,,,,,14.7749689460245,,,,,,,,10.617644918714422,2.169115490635143
NZL,New Zealand,2006,8.61,82,6.78,9.01,9.35,9.09,8.79,90,96,,61.7,54.8,,99.9,92.8,85.6,79.2,70,90,41475.1217441795,,,,,,14.5446464838658,,,,,,,,10.632873160966065,1.522824225164321
NZL,New Zealand,2007,8.65,81.4,6.79,9.17,9.34,9.1,8.83,90,96,,61.4,56.5,,99.9,92.1,84.6,84,70,80,42346.0894838728,,,,,,14.3022978285179,,,,,,,,10.65365497242625,2.0781811460183874
NZL,New Zealand,2008,8.6,80.7,6.65,9.21,9.18,9.13,8.83,90,96,,60.5,56,,99.9,90.6,83.7,80.8,70,80,41561.1820713151,,,,,,14.1822411256942,,,,,,,,10.634945947956986,-1.870902446926337
NZL,New Zealand,2009,8.56,82,6.28,9.16,9.36,9.12,8.85,95,94,,62.5,49.6,,99.9,89.6,84.6,84.6,80,80,41132.3368456501,,,,,,14.1648353070123,,,,,,,,10.624574187173888,-1.0371760783097983
NZL,New Zealand,2010,8.51,82.1,6.25,9.17,9.24,9.03,8.85,95,93,,63.6,51.3,,99.9,88.8,83.1,86,80,80,41270.9285099133,,,,,,14.185237188907,,,,,,,,10.627937850753797,0.33636635799094705
NZL,New Zealand,2011,8.58,82.3,6.9,9.2,9.1,9.02,8.66,95,94,,64.7,49.3,,99.9,89.2,84.8,86.6,80,80,41814.8851834052,,,,,,14.2218289866798,,,,,,,,10.641031574631509,1.3093723877711128
NZL,New Zealand,2012,8.67,82.1,6.93,9.19,9.4,8.96,8.88,95,93,,71.6,45,,99.9,89.9,85.2,86.8,75,80,42570.3332823343,,,,,,14.2477017860432,,,,,,,,10.658936378095294,1.7904803463785868
NZL,New Zealand,2013,8.71,81.4,7,9.2,9.52,8.93,8.9,95,95,,71.5,33.2,,99.9,89.5,83.3,86.8,80,80,43338.4373782961,,,,,,14.2630925913824,,,,,,,,10.676818293425473,1.78819153301788
NZL,New Zealand,2014,8.82,81.2,7.04,9.21,9.48,9.12,9.22,95,94,,71.2,32.3,,96.1,90.2,86.3,86.8,80,80,44255.5046637459,,,,,,14.2397702184211,,,,,,,,10.697757637683676,2.0939344258202652
NZL,New Zealand,2015,8.83,82.1,7.08,9.23,9.56,9.02,9.28,95,91,,70.4,43,,95.5,91.4,87.6,86.8,80,80,44963.8339159182,,,,,,14.1987813500481,,,,,,,,10.713635994711597,1.5878357027920842
NZL,New Zealand,2016,8.84,81.6,7.16,9.23,9.47,9.05,9.31,95,91,,71,46,,91.4,85.9,88.1,87.2,80,80,45626.6818435018,,,,,,14.1311048976004,,,,,,,,10.728269869288855,1.463387457725851
NZL,New Zealand,2017,8.78,83.7,7.05,9.18,9.44,8.95,9.28,96.1,89.9,88.5,70.8,46.5,97.8,91.8,86.2,90.1,87.4,80,80,46193.2884771696,,,,,,14.0141188150461,,,,,,,,10.740611443392211,1.2341574103356123
NZL,New Zealand,2018,8.74,84.2,7.04,9.11,9.44,8.96,9.17,95.1,95.7,88.4,70.5,49.5,98.3,91.5,84.4,90,87.4,80,80,46947.937247914,,,,,,13.8434907279273,,,,,,,,10.756815848553037,1.6204405160825885
NZL,New Zealand,2019,8.74,84.4,7,9.1,9.49,8.96,9.13,95,96.7,83.5,71,50.4,98.6,91,86.7,87.5,92.4,80,80,47362.3199332352,,,,,,13.6452019052875,,,,,,,,10.765603367042623,0.8787518489585366
NZL,New Zealand,2020,8.49,84.1,6.47,9.15,9.42,8.56,8.87,93.3,93.9,79.1,71,57.8,98.3,90.4,86.7,87,92.2,80,80,46266.3954728951,,,,,,13.8302999961631,,,,,,,,10.742192790558668,-2.341057648395406
NZL,New Zealand,2021,8.43,83.9,6.46,9.09,9.16,8.53,8.94,91.3,95.3,80.5,70.6,58.1,98.2,89.9,86.3,86.9,90.2,80,80,48248.7176729892,,,,,,13.5108755976396,,,,,,,,10.784145255413002,4.195246485433302
NZL,New Zealand,2022,8.39,80.6,6.39,9,8.83,8.94,8.78,88.2,97.5,95.9,70.8,53.5,88.3,81.3,70.5,81.8,90,70,80,49964.1765523158,,,,,,13.2449648914758,,,,,,,,10.819081572809427,3.4936317396425665
OMN,Oman,1995,6.46,70.2,5.1,4.93,9.2,7.19,6.02,70,70,,75,52.7,,85,,85.7,73,50,70,38946.7742715175,,,,,,11.7171123106975,,,,,,,,10.569976906444527,
OMN,Oman,1996,,65.4,,,,,,70,70,,75,49.3,,85,,86.7,73,50,30,39455.8264119985,,,,,,11.4864342476571,,,,,,,,10.582962350898782,1.2985444454255202
OMN,Oman,1997,,64.5,,,,,,70,70,,75,46.3,,85,,81.7,73,50,30,41191.0312402444,,,,,,11.2336764103812,,,,,,,,10.626000100131312,4.303774923253023
OMN,Oman,1998,,64.9,,,,,,70,70,,74.9,42.2,,85,,82.9,79,50,30,40574.674486189,,,,,,11.1710927412733,,,,,,,,10.610924015440906,-1.5076084690406333
OMN,Oman,1999,,64.9,,,,,,70,70,,90.9,56,,70,,87.9,79,30,30,40145.9312841691,,,,,7.79,10.8659165948801,,,,,,,,10.60030128517541,-1.0622730265495761
OMN,Oman,2000,6.75,64.1,5.19,5.1,8.12,8,7.24,50,70,,93.7,67.3,,70,,85.2,81,30,30,42086.0431536301,,,,,,10.6357016994006,,,,,,,,10.647495208729813,4.719392355440277
OMN,Oman,2001,6.77,67.7,5.14,4.93,8.47,7.99,7.24,50,70,,98.5,67.3,,70,,94,79.4,30,50,43492.2863754557,,,,,,9.92099217487133,,,,,,,,10.680361868969298,3.28666602394847
OMN,Oman,2002,6.85,64,5.41,4.93,8.49,7.93,7.37,50,70,,98.5,47.1,,70,,84.7,75.4,30,50,42654.1482671623,,,,,,9.19941607420682,,,,,,,,10.660903255298829,-1.9458613670469305
OMN,Oman,2003,6.94,64.6,5.33,4.94,8.85,8.11,7.37,50,70,,98.5,33.7,,70,,83.8,75.6,50,50,41247.5873733105,,,,,,8.52879745998784,,,,,,,,10.627372145680933,-3.3531109617895183
OMN,Oman,2004,6.85,66.9,4.96,4.94,8.87,8.12,7.29,50,70,,98.5,58.3,,70,,79.2,76,50,50,41351.7687385072,,,,,,7.81664771123304,,,,,,,,10.629894656819815,0.2522511138881356
OMN,Oman,2005,6.72,66.5,4.89,4.93,8.76,7.76,7.19,50,63,,98.5,57.6,,70,73.8,80.4,71.6,50,50,41551.1413844552,,,,,,6.96127605221347,,,,,,,,10.634704336487596,0.48096796677814524
OMN,Oman,2006,6.75,63.7,5.25,4.93,8.67,7.75,7.08,50,61,,98.5,56.5,,57,74.8,81.5,57.8,50,50,42540.4398485334,,,,,,6.2304696634086,,,,,,,,10.658233935114518,2.3529598626922166
OMN,Oman,2007,6.83,65.8,5.47,5.18,8.27,7.87,7.29,50,63,,98.5,52,,56.6,76.2,77.5,83.8,50,50,43696.9691440917,,,,,,5.54751611864787,,,,,,,,10.685056907328546,2.682297221402763
OMN,Oman,2008,6.6,67.3,5.83,5.21,7.05,7.95,6.88,50,54,,98.5,60.7,,55.8,75.4,74.7,83.6,60,60,46586.3955926767,,,,,,4.61543083880447,,,,,,,,10.74908530268335,6.402839535480354
OMN,Oman,2009,6.6,67,5.25,5.21,6.9,8.05,7.53,50,47,,98.5,61.1,,63.3,75,71.4,83.6,60,60,48304.1178923167,,,,,,3.9580799274816,,,,,,,,10.785292794530697,3.620749184734784
OMN,Oman,2010,6.58,67.7,5.07,5.2,7.06,8.05,7.47,50,55,,98.5,57.4,,66.9,86.4,64.8,83.4,55,60,48191.6145135737,,,,,,3.16099365064327,,,,,,,,10.782961062438943,-0.23317320917541906
OMN,Oman,2011,6.47,69.8,4.68,5.18,7.02,8.07,7.37,50,55,,98.5,68.1,,69.4,89.1,69.5,83.6,55,60,44440.3092616125,,,,,,3.06770078325507,,,,,,,,10.701924704652004,-8.103635778693885
OMN,Oman,2012,6.64,67.9,4.66,5.21,7.39,8.23,7.63,50,53,,98.4,53.6,,68.2,85.1,72.1,83.7,55,60,41964.0828578552,,,,,,3.12254805243669,,,,,,,,10.64459319096643,-5.733151368557365
OMN,Oman,2013,6.7,68.1,4.6,5.13,7.98,8.21,7.55,50,48,,98.5,69.1,,68.1,80.9,72.7,78.7,55,60,40854.4853548905,,,,,,3.24775972955777,,,,,,,,10.617796371686817,-2.679681927961397
OMN,Oman,2014,6.6,67.4,4.6,5.07,8.72,7.99,6.6,50,48.2,,98.5,56,,68.3,75.5,73.6,78.7,65,60,39639.9870514802,,,,,,3.39018173930558,,,,,,,,10.587618888524435,-3.0177483162381336
OMN,Oman,2015,6.49,66.7,4.6,5.17,8.38,7.75,6.57,55,47,,98.5,44.2,,68.4,76.1,76.2,76.8,65,60,39813.7887054675,,,,,,3.63380383644286,,,,,,,,10.591993697769702,0.43748092452666754
OMN,Oman,2016,6.55,67.1,4.6,5.11,8.72,7.81,6.49,55,45,,98.5,36.8,,70.1,72.5,77.9,85,70,60,39860.9893909688,,,,,,3.74932520061168,,,,,,,,10.59317850197867,0.11848042089681599
OMN,Oman,2017,6.61,62.1,5.04,5.15,8.64,7.78,6.45,60.8,47.6,52.3,98.5,20.5,36.3,68.4,70.3,80.6,85.2,65,60,38691.1077105097,,,,,,3.75095656180829,,,,,,,,10.56339092309133,-2.9787578887340516
OMN,Oman,2018,6.57,61,4.7,5.14,8.52,7.89,6.59,59.5,51.5,57.4,98.5,25,17.7,76.3,55.2,79.2,86.2,65,60,38673.6045360857,,,,,,3.6627731756388,,,,,,,,10.562938450077693,-0.04524730136363786
OMN,Oman,2019,6.52,61,4.71,5.14,8.61,7.45,6.67,58.1,53.8,51.6,97.8,32.5,16.1,75.2,57.3,77.7,87,65,60,38292.3859682752,,,,,,3.72802687603412,,,,,,,,10.553032470132719,-0.9905979944974774
OMN,Oman,2020,6.52,63.6,4.77,5.16,8.7,7.42,6.57,66.4,64.6,66.2,98.4,36.2,14.8,74.6,56.9,78.4,81.6,65,60,37560.5998714953,,,,,,4.09999749454135,,,,,,,,10.533737527502788,-1.9294942629930034
OMN,Oman,2021,6.54,64.6,4.99,5.36,8.58,7.47,6.29,68.7,66,66.3,97.7,39.2,12.2,79.2,61,85.8,73.6,65,60,38719.4587682049,,,,,,3.98988961736054,,,,,,,,10.564123389672721,3.0385862169932665
OMN,Oman,2022,6.4,56.6,4.82,5.36,8.08,7.47,6.25,74.9,53.3,27.1,97.7,32.8,6.9,58.1,45.7,84.7,73.4,65,60,39780.2122774985,,,,,,3.75362846120249,,,,,,,,10.591150026491096,2.702663681837514
PAK,Pakistan,1995,5.17,57.6,5.59,3.24,7.33,6.03,4.07,70,10,,59.1,82.1,,55,,69.9,32.4,70,70,3462.47336165841,,,,,,65.0888579760852,,,,,,,,8.150027226270504,
PAK,Pakistan,1996,,58.4,,,,,,70,30,,65,66.3,,55,,68.5,31,70,70,3526.14160875155,96,56.6,28.7,10,,65.0870881066016,,,,,,,,8.168243079345448,1.8215853074943666
PAK,Pakistan,1997,,56,,,,,,70,23,,67.5,71.2,,55,,68,30,70,50,3462.58145605889,,,,,,62.6835707521573,,,,,,,,8.150058435609346,-1.8184643736102402
PAK,Pakistan,1998,,53.2,,,,,,50,10,,67.4,72.6,,55,,69,35,70,50,3454.17665330544,94.7,58,33.1,8.7,,64.0816613980445,,,,,,,,8.147628864650244,-0.2429570959101568
PAK,Pakistan,1999,,53,,,,,,30,25,,78.5,70.6,,55,,68.8,29,70,50,3484.45678319813,,,,,,64.0805598851035,,,,,,,,8.156354385824518,0.8725521174273609
PAK,Pakistan,2000,5.05,56.4,7.05,2.91,6.03,4.45,4.84,30,27,,82.1,78.1,,55,,72.3,43,70,50,3531.71291531612,,,,,,63.8192594144384,,,,,,,,8.169821386009447,1.3467000184929745
PAK,Pakistan,2001,5.23,56,7.07,2.92,6.17,4.97,5.05,30,22,,82,90.3,,55,,75.5,49.4,50,50,3559.72784658715,96.9,61,28.7,9.8,43.42,63.8206691296191,,,,,,,,8.177720254237284,0.7898868227837141
PAK,Pakistan,2002,5.55,55.8,7.52,2.97,5.97,5.92,5.37,30,22,,73.8,85.5,,55,,76.6,59,50,50,3563.67846926558,,,,,,59.5000007982855,,,,,,,,8.178829137831602,0.11088835943180442
PAK,Pakistan,2003,5.51,55,7.68,2.92,5.85,5.74,5.39,30,23,,65.8,83.9,,70,,78.1,44.2,50,50,3668.77938852508,,,,,,59.4987908445629,,,,,,,,8.207886827123303,2.905768929170094
PAK,Pakistan,2004,5.41,54.9,7.69,3.01,5.35,5.55,5.49,30,26,,68.2,86.3,,70,,78.4,55.6,50,30,3859.64601808903,94.1,53.9,30.9,9.2,39.71,61.4101033707847,,,,,,,,8.258589810654616,5.070298353131264
PAK,Pakistan,2005,5.63,53.3,7.88,3.11,5.84,6.02,5.3,30,25,,69.7,89.7,,70,59.6,74,54.6,30,30,4042.15457513378,94.1,54,31.3,9.3,,58.3572959635726,,,,,,,,8.304780501690965,4.619069103634921
PAK,Pakistan,2006,5.64,57.9,7.73,3.28,5.54,6.14,5.49,30,21,,71.4,89.5,,72.2,58.6,77.2,59,50,50,4185.86655659206,,,,,,58.0808303918694,,,,,,,,8.339707894623283,3.4927392932317503
PAK,Pakistan,2007,5.65,57.2,7.66,3.15,5.69,6.23,5.5,30,21,,73,92.3,,71.6,57.4,72.6,63.6,50,40,4257.92556870432,93.6,51.4,29.7,9.7,36.54,58.3298467590148,,,,,,,,8.356772193532963,1.706429890968053
PAK,Pakistan,2008,5.35,55.6,7.89,3.12,4.35,6.26,5.12,30,22,,79.1,90.1,,70.8,56.4,72.2,65.2,40,30,4233.34830715497,,,,,,59.5460498565565,,,,,,,,8.350984712636976,-0.5787480895987684
PAK,Pakistan,2009,5.61,57,8.29,3.14,4.83,6.37,5.4,30,24,,80.4,90.7,,72.5,54.5,72.2,65.6,40,40,4270.43882264229,,,,,,59.4992070636391,,,,,,,,8.359706010270285,0.8721297633309533
PAK,Pakistan,2010,5.68,55.2,8.44,3.4,4.89,5.84,5.84,30,25,,80.5,88.8,,71.7,49.8,69.4,67,30,40,4228.7817715945,92.7,47.9,28.8,9.9,32.98,59.8114982374454,,,,,,,,8.349905680069883,-0.9800330200402385
PAK,Pakistan,2011,5.82,55.1,8.32,3.36,5.38,6.3,5.75,30,24,,80.5,88.8,,70.9,46.3,63.6,67,40,40,4246.06710882497,91.8,47.2,29.7,9.7,32.98,59.2211394049988,,,,,,,,8.353983931654163,0.40782515842803235
PAK,Pakistan,2012,5.86,54.7,8.47,3.34,5.52,6.32,5.62,30,23,,80.6,88.1,,70,47.8,66.3,66,35,40,4292.02110293486,,,,,,59.0935516553742,,,,,,,,8.364745983873988,1.0762052219824625
PAK,Pakistan,2013,5.92,55.1,8.62,3.34,5.57,6.34,5.7,30,25,,80.5,89,,70.7,47.9,67,66,35,40,4407.14705841377,90,44,29.5,9.5,31.55,58.9654742909403,,,,,,,,8.391209711985374,2.6463728111385976
PAK,Pakistan,2014,5.72,55.2,8.18,3.33,5.8,5.73,5.58,30,22.7,,80.6,88.3,,69.4,47.3,68.5,64.8,40,40,4520.23463399286,,,,,,59.133872651158,,,,,,,,8.416540384641314,2.5330672655940134
PAK,Pakistan,2015,5.8,55.6,8.18,3.21,6.23,5.8,5.58,30,28,,77.7,86.1,,65.6,42.1,71.2,65.6,50,40,4645.28631071145,87.4,41,31.3,9.3,29.81,59.1906557434141,,,,,,,,8.443823536638542,2.728315199722786
PAK,Pakistan,2016,5.86,55.9,8.24,3.25,6.38,5.83,5.57,30,29,,79,86.2,,61.2,42.1,71.5,65,55,40,4886.61212115378,,,,,,58.0468804707195,,,,,,,,8.494459144420015,5.063560778147291
PAK,Pakistan,2017,5.86,52.8,8.11,3.38,6.43,5.84,5.54,36.4,30.5,34.1,78.9,87.3,30.8,61.2,37.8,74.8,67.2,55,40,5031.56060738433,,,,,,56.8594996339353,,,,,,,,8.523684200637518,2.922505621750382
PAK,Pakistan,2018,5.92,54.4,8,3.47,6.41,5.95,5.78,36,27.3,34,78.5,88.2,54,55.3,40.6,77.7,65.9,55,40,5255.06350681272,88.4,41.3,29.6,9.6,28.47,55.633329756432,,,,,,,,8.567137642818377,4.345344218085856
PAK,Pakistan,2019,5.83,55,8.26,3.46,5.78,5.95,5.7,41.5,30.6,40.2,80.5,87.6,49.2,56.1,41.8,72.6,64.8,55,40,5295.95295138203,,,,,,58.2057950582167,,,,,,,,8.574887019379732,0.7749376561354993
PAK,Pakistan,2020,5.83,54.8,8.13,3.63,5.7,5.91,5.78,48.3,29.7,43.2,80.4,86.8,40.4,54.9,41.3,72.5,64.8,55,40,5135.01459288839,,,,,,57.5946787435974,,,,,,,,8.544032686660229,-3.085433271950322
PAK,Pakistan,2021,5.85,51.7,8.12,3.63,5.79,5.91,5.8,44.9,31.2,40.7,73.8,86,7.4,60.5,41.2,69.7,64.6,60,40,5367.27364714762,,,,,,56.3066464581518,,,,,,,,8.5882616548387265,4.422896817849775
PAK,Pakistan,2022,5.62,48.8,8.04,3.63,4.72,5.97,5.72,29,27.4,28.5,78,85.1,4.8,49.5,51.6,65.9,65.8,60,40,5526.27928310213,,,,,,56.0258160383079,,,,,,,,8.61745098124274,2.9189326404013727
PAN,Panama,1995,7.49,71.6,7.82,5.27,9.22,8.09,6.93,50,50,,77.5,84,,70,,88.7,64.4,70,90,12086.6434128166,48.9,27.5,57.6,1.5,,33.5101218399379,,,,,,,,9.399939004246832,
PAN,Panama,1996,,71.8,,,,,,50,50,,77.6,85.2,,70,,88.2,65,70,90,12327.8514997327,,,,,,33.4202770940985,,,,,,,,9.419697445001846,1.9758440755014206
PAN,Panama,1997,,72.4,,,,,,50,50,,80.8,87.1,,70,,88.8,65,70,90,13013.8909440715,49.7,26.6,58.1,1.7,24.94,33.2638471168133,,,,,,,,9.473849438144347,5.415199314250074
PAN,Panama,1998,,72.6,,,,,,50,50,,80.7,87.3,,70,,88.1,67.6,70,90,13826.532301715,50.2,26.9,57.3,1.7,,33.6480595446647,,,,,,,,9.53441697791492,6.056753977057383
PAN,Panama,1999,,72.6,,,,,,50,50,,80.9,86.8,,70,,87.9,67.6,70,90,14261.7409202087,47.7,24.9,56.3,2,,33.9781128525517,,,,,,,,9.565405885891552,3.0988907976631452
PAN,Panama,2000,7.62,71.6,7.83,5.59,9.38,8.2,7.01,50,50,,77.7,78.1,,70,,89.2,69,70,90,14572.9752457781,46.3,23.4,56.6,2.2,,34.4057118159452,,,,,,,,9.586992699709374,2.1586813817821238
PAN,Panama,2001,7.71,70.6,8.06,5.61,9.52,8.42,6.87,50,50,,81,74.8,,70,,88.3,61,70,90,14427.8299350708,50.6,27.2,56.7,2,,34.8894989704873,,,,,,,,9.576983562899624,-1.0009136809749464
PAN,Panama,2002,7.7,68.5,8.04,5.6,9.6,8.4,6.79,30,50,,80.9,76.5,,70,,87.8,61,70,90,14507.1438361336,47.9,24,56.1,2.5,,35.3216508149564,,,,,,,,9.58246541461706,0.548185171743576
PAN,Panama,2003,7.76,68.4,8.11,5.6,9.81,8.44,6.75,30,37,,81.1,78.3,,70,,89.9,69.4,70,90,14957.5532657251,46.8,23.3,55.6,2.5,20.56,35.7060459548453,,,,,,,,9.613038540015504,3.0573125398444034
PAN,Panama,2004,7.78,65.3,8.21,5.58,9.8,8.59,6.65,30,30,,81.2,76.5,,70,,89.1,70.8,70,70,15875.1127056615,45.3,22.3,54.8,2.6,,35.3777012615837,,,,,,,,9.672570912999797,5.953237298429315
PAN,Panama,2005,7.7,64.3,8.22,5.74,9.6,8.15,6.76,30,34,,81.3,79.4,,70,45.2,89.8,73.6,70,70,16867.960935567,44.5,21.7,53.8,2.7,,35.0705652607641,,,,,,,,9.733230581204888,6.065966820509061
PAN,Panama,2006,7.69,65.6,8.27,5.64,9.53,8.33,6.63,30,37,,81.3,88,,73.7,44.2,90.2,71.2,70,70,18190.2741337857,44.5,22,54.6,2.5,,34.733102439688,,,,,,,,9.80869731489666,7.54667336917727
PAN,Panama,2007,7.64,64.6,8.2,5.67,9.17,8.41,6.73,30,35,,83,89.5,,72.7,43.7,85.8,76.2,70,60,20208.8215796091,41.2,19.2,52.7,3,15.6,32.3873455972921,,,,,,,,9.913923982036534,10.522666713987405
PAN,Panama,2008,7.42,64.7,7.93,5.69,8.38,8.39,6.66,30,31,,83,89.1,,73,44.6,80.2,76.2,70,70,21867.81875743,33.2,14.4,52.7,3.2,,27.2710448427256,,,,,,,,9.99281710020617,7.889311816963485
PAN,Panama,2009,7.51,64.7,7.72,5.58,9.02,8.51,6.71,30,32,,82.6,89.8,,74.5,44.1,77.9,76.2,70,70,21822.98771721,32.3,13.3,51.8,3.5,,32.9903160583164,,,,,,,,9.990764997831905,-0.2052102374264564
PAN,Panama,2010,7.51,64.8,7.65,5.61,8.92,8.5,6.86,40,34,,82.6,90,,75.9,41.3,73.2,75.8,65,70,22739.1106156183,30.2,13.3,51.6,3.3,,32.6841498302018,,,,,,,,10.031885631655857,4.11206338239527
PAN,Panama,2011,7.36,64.9,7.42,5.7,8.28,8.46,6.93,40,34,,82.6,88.6,,75.1,41.1,77.1,75.8,65,70,24999.4605922405,27.1,11.2,51.3,3.4,,30.7539452528439,,,,,,,,10.126649527370244,9.47638957143866
PAN,Panama,2012,7.41,65.2,7.55,5.82,8.29,8.46,6.96,40,36,,84.6,88.2,,74.4,41.5,77.8,74.8,65,70,26926.8852947452,26.6,11.7,51.7,3.2,,30.9959845822266,,,,,,,,10.20091765671954,7.426812934929572
PAN,Panama,2013,7.45,62.5,7.41,5.81,8.54,8.46,7.03,30,33,,86.2,77.8,,72.5,40.1,75.9,74.8,65,70,28135.3278787268,26,10.8,51.5,3.3,,31.6396947586313,,,,,,,,10.244816827438449,4.389917071890892
PAN,Panama,2014,7.66,63.4,8.01,5.81,8.69,8.8,7.01,30,34,,84.3,78.7,,73,39.4,75.1,74.2,75,70,28931.8044516019,24.4,10.5,50.5,3.4,,31.6596830791414,,,,,,,,10.272731332490748,2.791450505229953
PAN,Panama,2015,7.76,64.1,8.14,5.86,8.96,8.86,6.97,30,35,,84.5,78.8,,71.5,41.5,76.4,78.4,75,70,29933.1555965973,22,9,50.8,3.4,,32.4542826530367,,,,,,,,10.306755435064401,3.402410257365318
PAN,Panama,2016,7.74,64.8,7.8,5.81,9.28,8.86,6.94,30,37,,84.4,77.9,,74.4,42.9,78.6,77.8,75,70,30765.2371534884,20.6,8.7,50.4,3.3,,34.0134481828309,,,,,,,,10.334173171383732,2.7417736319330643
PAN,Panama,2017,7.75,66.3,7.94,5.77,9.32,8.82,6.89,61.1,40.9,21.5,85.2,83.1,84.9,74.4,43,78.4,77.8,75,70,31979.8122635605,20.7,8.5,49.9,3.4,14.88,34.2482889027159,,,,,,,,10.372891385176104,3.8718213792371614
PAN,Panama,2018,7.75,67,7.86,5.75,9.38,8.88,6.86,60.9,38.8,29.4,85,84.1,86.1,74.4,43.5,79.5,77.8,75,70,32681.4463581168,18.5,7.4,49.2,3.6,,36.0547926919118,,,,,,,,10.394593404131733,2.17020189556294
PAN,Panama,2019,7.7,67.2,7.7,5.75,9.42,8.88,6.78,60.4,34.1,30.1,85,85.3,91.3,73.6,43.4,79.4,79.2,75,70,33163.726919217,17.8,7,49.8,3.6,,38.0828098845862,,,,,,,,10.40924214792054,1.464874378880765
PAN,Panama,2020,7.48,67.2,7.45,5.79,9.24,8.24,6.68,58.8,37.2,30,85.3,85.7,91.2,70.8,43.3,79.4,79.2,75,70,26881.7987214437,,,,,,38.2001163766001,,,,,,,,10.199241908318397,-21.000023960214342
PAN,Panama,2021,7.48,66.2,7.45,5.79,9.21,8.24,6.68,54.5,39.4,28.1,85.2,85.2,82.8,72.9,43.7,80.5,77.2,75,70,30932.7627809145,20.3,7.6,50.9,3.7,,37.7658761702027,,,,,,,,10.339603513013516,14.036160469511927
PAN,Panama,2022,7.62,65.4,7.67,5.81,9.08,8.87,6.68,58.8,38,50.7,85.5,81.9,40.7,67.1,61.5,78.1,77.2,75,70,33915.1526066674,,,,,,42.1207766902643,,,,,,,,10.431646657961695,9.204314494817822
PER,Peru,1995,5.95,56.9,8.46,3.78,4.84,7.32,5.49,50,10,,81.1,89.5,,55,,35.9,51,70,70,7372.0424545407805,,,,,,58.8220648296993,,,,,,,,8.905585716082497,
PER,Peru,1996,,62.5,,,,,,50,30,,81,93.4,,55,,57.9,55,70,70,7437.19257195658,,,,,,58.5670269955266,,,,,,,,8.914383164437119,0.8797448354622261
PER,Peru,1997,,63.8,,,,,,50,30,,80.5,92,,55,,68.5,58.6,70,70,7773.82700600992,65.5,35,53.3,3,,58.1021728907656,,,,,,,,8.958646486769021,4.426332233190244
PER,Peru,1998,,65,,,,,,50,30,,80.4,91.4,,55,,72.6,65.2,70,70,7603.80928968867,66.3,35,55.1,2.9,,60.0765488143544,,,,,,,,8.936536127414946,-2.2110359354075015
PER,Peru,1999,,69.2,,,,,,70,30,,80.2,91.3,,70,,75.5,66,70,70,7585.32788841374,65.9,35.4,54.8,2.9,,58.9305254146712,,,,,,,,8.934102944148108,-0.2433183266838057
PER,Peru,2000,7.4,68.7,8.27,4.22,8.94,8.88,6.72,50,45,,80,88,,70,,77.2,67.8,70,70,7669.0953178046,67.6,34.9,49.1,3.5,22.73,59.7778858847694,,,,,,,,8.945084321638006,1.0981377489898136
PER,Peru,2001,7.61,69.6,8.3,5.05,9.44,8.78,6.49,50,46,,80.1,92.3,,70,,81,66.6,70,70,7611.6662817532,68.4,36.4,51.3,3.4,,57.0522115460457,,,,,,,,8.937568755031243,-0.7515566606763002
PER,Peru,2002,7.69,64.8,8.07,5.17,9.75,8.83,6.63,30,44,,80.5,91.3,,55,,82.3,60.4,70,70,7931.57975039907,64.5,33.5,53.6,3.2,,57.3732762606471,,,,,,,,8.978733577034179,4.116482200293525
PER,Peru,2003,7.64,64.6,8.11,5.18,9.51,8.82,6.58,30,41,,81.6,88.8,,55,,84.8,59.8,70,70,8174.37942683849,64,32,53.1,3.6,,57.6414554267057,,,,,,,,9.00888240775733,3.014883072315122
PER,Peru,2004,7.56,64.7,8.25,5.21,9.37,8.38,6.6,30,40,,81.5,87.5,,55,,88.8,59.8,70,70,8495.986392858,64.3,32.5,49.9,3.7,,57.9215993478505,,,,,,,,9.047466837596822,3.8584429839492174
PER,Peru,2005,7.55,61.3,8.19,5.32,9.59,8.25,6.4,30,37,,82.3,76,,55,45.9,86.6,59.8,70,70,8949.95442691077,66.2,34.3,50.4,3.6,,56.9553006909315,,,,,,,,9.099515445461572,5.204860786474974
PER,Peru,2006,7.56,60.5,8.2,5.33,9.43,8.49,6.35,30,35,,80.3,75.6,,65.6,47,84,67.2,50,70,9547.91327762554,60.6,30.6,50.3,3.5,22.85,55.5520413210228,,,,,,,,9.16418263408108,6.46671886195076
PER,Peru,2007,7.58,62.7,8.24,5.29,9.26,8.71,6.39,40,35,,80.2,91.4,,65.2,46.6,85.7,72.6,50,60,10286.3548193625,55.2,26.8,50,3.5,22.82,54.1375491900549,,,,,,,,9.238670732551602,7.448809847052296
PER,Peru,2008,7.55,63.8,8.21,5.39,8.65,8.86,6.62,40,33,,80.2,91.8,,65.7,47.5,85.9,73.4,60,60,11151.530521564,50.9,23.9,47.5,3.8,22.18,53.6930190397192,,,,,,,,9.319421703745055,8.075097119345287
PER,Peru,2009,7.53,64.6,7.77,5.45,8.93,9.03,6.48,40,35,,79.7,91.8,,65.1,48.7,86.5,79.4,60,60,11204.3768755244,49.1,22.2,47,4,21.76,53.3004061698151,,,,,,,,9.324149020254351,0.4727316509296031
PER,Peru,2010,7.62,67.6,7.79,5.4,9.02,8.78,7.09,40,36,,79.5,92.3,,65.8,66.1,81.6,85,70,60,12059.0180183322,45.7,19.6,45.5,4.3,21.62,53.2760827851505,,,,,,,,9.397650964337457,7.350194408310529
PER,Peru,2011,7.61,68.6,8.08,5.36,8.89,8.78,6.92,40,37,,79.4,91,,71.9,67.7,83.1,86,70,60,12726.5999815198,42.4,18.3,44.7,4.4,22.12,53.320510988175,,,,,,,,9.4515281412962,5.387717695874272
PER,Peru,2012,7.61,68.7,8.03,5.33,8.99,8.74,6.95,40,35,,79.7,90.9,,72,68.5,85.5,85,70,60,13395.3993805891,39.8,16.8,44.4,4.4,20.53,51.8022036170935,,,,,,,,9.502741246890787,5.1213105594587915
PER,Peru,2013,7.61,68.2,7.86,5.3,9.13,8.79,6.99,40,34,,79.9,89.1,,72.3,67.1,84.3,85,70,60,14052.1376191683,39.3,16.2,43.9,4.5,19.67,51.375430231108,,,,,,,,9.550600967920388,4.785972102960123
PER,Peru,2014,7.55,67.4,7.84,5.36,9.06,8.52,6.96,40,34,,79.1,89.1,,70.6,61.4,83.3,87,70,60,14244.5660212948,38,15.5,43.1,4.7,19.2,51.9023329766588,,,,,,,,9.564200980877235,1.360001295684654
PER,Peru,2015,7.66,67.7,7.72,5.42,9.17,8.65,7.33,40,38,,78.6,88.5,,67.7,63.4,83.9,87,70,60,14542.7930911313,37.5,15.1,43.4,4.7,18.43,51.4989695717702,,,,,,,,9.5849195899087,2.071860903146572
PER,Peru,2016,7.63,67.4,7.64,5.39,9.3,8.65,7.15,40,38,,78.5,86.1,,67.8,62.9,83.7,87,70,60,14917.4489473588,36.4,14.8,43.6,4.6,17.67,52.0266397920302,,,,,,,,9.610353910401926,2.543432049322547
PER,Peru,2017,7.68,68.9,7.7,5.39,9.39,8.73,7.19,58.3,38.8,28.2,80.3,85.1,98.4,69.4,62.8,83.3,87.1,75,60,15069.5221084659,37.3,14.8,43.3,4.7,17.77,52.552111160275,,,,,,,,9.620495936572215,1.0142026170289142
PER,Peru,2018,7.78,68.7,7.66,5.48,9.64,8.82,7.28,56.9,36.6,33.5,80.6,85.6,94.7,69.2,62.4,83.1,87.1,75,60,15386.2601642505,35.2,13.5,42.4,5,17.31,52.9335908481099,,,,,,,,9.641295183969973,2.0799247397757625
PER,Peru,2019,7.76,67.8,7.72,5.5,9.52,8.83,7.25,56.1,31.8,34,80.6,86.1,88.5,67.8,63.5,83.9,86.4,75,60,15463.5432397882,33.6,12.5,41.5,5.2,17.74,52.6369706122722,,,,,,,,9.646305149590093,0.5009965620120127
PER,Peru,2020,7.53,67.9,7.52,5.54,9.43,8.2,6.95,54.9,33.5,30.6,80.8,86.4,89,67.1,62.9,86.3,88.4,75,60,13609.5999609595,48.1,20,43.7,4.8,18.68,53.1628698946316,,,,,,,,9.518604177036845,-12.770097255324764
PER,Peru,2021,7.43,67.7,7.64,5.23,8.92,8.19,7.15,53.3,36.3,28.2,79.4,86.4,91.5,66.2,63.2,86.1,86.4,75,60,15280.5512106486,39.5,13.9,40.1,5.8,19.6,49.775440054393,,,,,,,,9.63440157658931,11.57973995524646
PER,Peru,2022,7.41,66.5,7.71,5.14,8.52,8.48,7.21,49.7,39.7,49.7,79.5,84.2,73.1,65.3,59.6,81.4,81.4,75,60,15559.821643644,37.8,13.5,40.3,5.7,23.44,49.6637299884109,,,,,,,,9.652511601199695,1.8110024610384912
PHL,Philippines,1995,6.81,55,8.44,4.34,8.53,6.35,6.42,50,10,,73.2,88.4,,55,,76.7,42,50,50,4477.32317711022,,,,,,43.5694346625563,,,,,,,,8.407003964521126,
PHL,Philippines,1996,,60.2,,,,,,70,30,,73.2,89.4,,55,,77,47,50,50,4631.77197705972,,,,,,43.3828513865047,,,,,,,,8.440910667080413,3.3906702559287183
PHL,Philippines,1997,,62.2,,,,,,70,28,,73.1,87.9,,70,,78.1,53.2,50,50,4758.70845808515,78,41.4,46,5.4,31,43.1740749355178,,,,,,,,8.467941697048273,2.703102996786022
PHL,Philippines,1998,,62.8,,,,,,70,27,,73,88.9,,70,,77.8,59,50,50,4616.67292900617,,,,,,43.163415004929,,,,,,,,8.437646162158526,-3.0295534889747344
PHL,Philippines,1999,,61.9,,,,,,70,31,,73.5,90.6,,55,,79.3,58.4,50,50,4650.75926947589,,,,,,43.779987955798,,,,,,,,8.445000764551505,0.7354602392979359
PHL,Philippines,2000,6.89,62.5,7.58,4.47,9.03,6.68,6.69,70,33,,74.2,89.2,,55,,76.8,64.6,50,50,4740.43891694569,73.4,37.6,47.7,5.1,32,42.705329549964,,,,,,,,8.464095937597268,1.9095173045762692
PHL,Philippines,2001,6.84,60.9,8.15,4.26,8.87,6.72,6.19,50,36,,77.3,88,,55,,73.6,68.4,50,50,4778.4008437474,,,,,,42.6112543896102,,,,,,,,8.472070471132612,0.7974533535344719
PHL,Philippines,2002,6.98,60.7,8.27,4.22,9.21,6.79,6.43,50,28,,77.4,88,,55,,75.9,71.6,50,50,4856.49948429567,,,,,,42.7080021429488,,,,,,,,8.488279075084975,1.6208603952362566
PHL,Philippines,2003,7.01,61.3,8.4,4.22,9.34,6.72,6.38,50,29,,77.6,88.6,,55,,74.5,77.4,50,50,5003.38317718716,73,36.7,46.6,5.2,33.96,42.0798934386479,,,,,,,,8.518069442833239,2.9790367748264046
PHL,Philippines,2004,6.82,59.1,8.47,4.2,7.87,7.19,6.38,30,26,,77.7,88.8,,55,,77.3,77,50,50,5229.45080700165,,,,,,40.2084288709225,,,,,,,,8.562252749711703,4.418330687846428
PHL,Philippines,2005,6.85,54.7,8.66,4.38,7.72,7,6.51,30,25,,78,88.5,,55,53.4,77.9,79.4,30,30,5386.81653712891,,,,,,42.176860354964,,,,,,,,8.5918954866775,2.964273696579589
PHL,Philippines,2006,6.81,56.3,8.66,4.43,7.68,6.98,6.3,30,26,,75.9,88.9,,53.9,53.1,75.7,79.8,30,50,5578.57225112139,72.5,37.4,47.2,5,35.35,41.9075334179743,,,,,,,,8.626867394931892,3.4971908254393114
PHL,Philippines,2007,6.84,56,8.6,4.35,7.99,6.92,6.33,30,25,,76,89.5,,53.4,52.6,73.4,79.8,30,50,5840.06810169965,,,,,,41.0035892270681,,,,,,,,8.672668953225834,4.580155829394172
PHL,Philippines,2008,6.66,56,8.55,4.31,7.28,6.86,6.31,30,25,,75.8,90.2,,53.1,52.9,73.8,78.8,30,50,5987.03757861835,,,,,,40.750073252378,,,,,,,,8.697519021174195,2.4850067948360532
PHL,Philippines,2009,6.72,56.8,8.34,4.27,7.85,6.9,6.22,30,25,,75.4,90.8,,49.3,51.4,77.2,78.6,40,50,5965.30730902221,71,35,46.3,5.3,34.03,39.9084008240244,,,,,,,,8.693883473808809,-0.36355473653859605
PHL,Philippines,2010,7.07,56.3,8.45,4.19,9.04,6.84,6.82,30,23,,78.8,91.2,,48.1,51.9,72.7,77.8,40,50,6273.03927731515,,,,,,38.9525651325871,,,,,,,,8.744175649061782,5.029217525297369
PHL,Philippines,2011,7.16,56.2,8.6,4.3,9.14,6.88,6.9,30,24,,78.8,91,,43.4,50.7,76.3,77.8,40,50,6388.31296959977,,,,,,38.4180207411066,,,,,,,,8.76238202509671,1.8206376034926919
PHL,Philippines,2012,7.25,57.1,8.56,4.64,9.3,6.85,6.87,30,24,,79.1,89.7,,54.3,51.7,77.1,75.5,40,50,6697.55620962768,69.9,34.3,46.5,5.2,34.19,36.5873196677334,,,,,,,,8.809647291057168,4.726526596045844
PHL,Philippines,2013,7.26,58.2,8.49,4.69,9.26,6.87,6.97,30,26,,79.3,90.2,,53.1,51,76.6,75.5,50,50,7016.53846470436,,,,,,35.6065174792773,,,,,,,,8.856167789475645,4.652049841847727
PHL,Philippines,2014,7.28,60.1,8.51,4.68,9.12,7.15,6.93,30,26.1,,79.2,92.3,,59.9,49.7,78,75.5,60,50,7340.361585912,,,,,,36.2354532744432,,,,,,,,8.90127960657301,4.511181709736434
PHL,Philippines,2015,7.33,62.2,8.57,4.65,9.34,7.18,6.89,30,36,,79.1,89.3,,55.3,58.2,78.8,75.4,60,60,7691.76308685047,65.8,29.6,44.6,5.6,32.34,34.8469498091816,,,,,,,,8.948035307046926,4.675570047391631
PHL,Philippines,2016,7.24,63.1,8.33,4.61,9.26,7.19,6.79,30,38,,79,89.6,,63,57.1,77.7,76.4,60,60,8131.82537948653,,,,,,34.5004093033,,,,,,,,9.003663667321073,5.562836027414697
PHL,Philippines,2017,7.17,65.6,8.34,4.42,9.1,7.22,6.77,49.2,38.7,37.1,78.9,89.4,97.2,62.6,57.2,80.6,76.4,60,60,8584.13622709699,,,,,,33.1944885597978,,,,,,,,9.057787641242603,5.412397392153068
PHL,Philippines,2018,7.1,65,8.2,4.34,9.05,7.2,6.73,45,34.4,38.2,78.9,89.3,97.7,62.6,57.6,76.3,80.7,60,60,9016.28659637608,60.2,24,42.3,6.2,29.56,31.9891108532916,,,,,,,,9.106898747000137,4.911110575753419
PHL,Philippines,2019,7.18,63.8,8.15,4.44,9.38,7.19,6.73,48.7,30.9,36.4,76.9,88.7,97.1,61.3,57.9,69.6,78.2,60,60,9452.2939715981,,,,,,32.2975875342189,,,,,,,,9.154118528175008,4.721978117487069
PHL,Philippines,2020,6.96,64.5,7.81,4.48,9.33,6.56,6.59,54.6,38.7,34.2,76.7,87.9,96.3,59.5,57.4,66.9,81.6,60,60,8455.18457134106,,,,,,33.974824433767,,,,,,,,9.042653354575469,-11.146517359953911
PHL,Philippines,2021,6.93,64.1,7.91,4.49,9.26,6.53,6.46,57,40.6,34.5,76.8,87.4,94.3,58.2,57.7,68.7,74.2,60,60,8857.78995115514,62.3,24.4,40.7,6.5,31.28,33.5918236552734,,,,,,,,9.089165459910276,4.651210533480743
PHL,Philippines,2022,7.01,61.1,7.83,4.51,9.04,7.14,6.51,47.1,34.7,25.6,76.8,84.2,81.8,61.5,58,69.4,73.8,60,60,9457.10395402883,,,,,,34.5174061547317,,,,,,,,9.154627214265098,6.546175435482127
PNG,Papua New Guinea,1995,6.11,,8.31,4.41,5.7,6.19,6.2,,,,,,,,,,,,,4008.72203783633,,,,,,74.3357019818896,,,,,,,,8.296477200650266,
PNG,Papua New Guinea,1996,,58.6,,,,,,50,50,,81.5,69.3,,70,,81.2,45.8,50,30,4167.03622077872,92.1,63.7,45.8,4.9,,74.2026229069814,,,,,,,,8.33520027360147,3.872307295120514
PNG,Papua New Guinea,1997,,56.7,,,,,,50,50,,81.5,74.2,,70,,67.9,36.6,50,30,3864.23030411237,,,,,,74.3938867512156,,,,,,,,8.259776546338745,-7.542372726272539
PNG,Papua New Guinea,1998,,55.2,,,,,,50,50,,81.5,75.1,,55,,67.9,37,50,30,3590.10012280793,,,,,,74.4947953429433,,,,,,,,8.186213875432477,-7.356267090626822
PNG,Papua New Guinea,1999,,56.3,,,,,,50,50,,81.5,79.2,,55,,73.3,37.4,50,30,3531.659532466,,,,,,74.4672723291741,,,,,,,,8.169806274888126,-1.6407600544351197
PNG,Papua New Guinea,2000,5.57,55.8,6.11,4,5.52,5.73,6.47,50,50,,81.5,73.5,,55,,69,43.2,50,30,3326.79859970528,,,,,,74.3991108969447,,,,,,,,8.110066283194396,-5.973999169373023
PNG,Papua New Guinea,2001,5.69,57.2,6.21,3.98,6.07,5.64,6.47,50,50,,52.9,73.5,,55,,87.9,45.2,50,50,3211.75932963208,,,,,,74.5656386951266,,,,,,,,8.074885451122675,-3.5180832071720403
PNG,Papua New Guinea,2002,5.69,,6.53,3.85,5.69,5.94,6.37,,,,,,,,,,,,,3100.79509952543,,,,,,74.7315321184782,,,,,,,,8.039736287243207,-3.514916387946876
PNG,Papua New Guinea,2003,5.61,,6.21,3.91,5.58,5.94,6.38,,,,,,,,,,,,,3064.44402995345,,,,,,74.714881006765,,,,,,,,8.02794770898793,-1.1788578255275795
PNG,Papua New Guinea,2004,5.82,,6.25,3.99,6.53,5.94,6.38,,,,,,,,,,,,,3046.33289602666,,,,,,74.6761295874816,,,,,,,,8.022022026718863,-0.5925682269067423
PNG,Papua New Guinea,2005,6.2,,6.57,4.05,7.42,6.22,6.74,,,,,,,,,,,,,3136.58568251035,,,,,,74.5493121058735,,,,,,,,8.051208892233797,2.9186865514933658
PNG,Papua New Guinea,2006,6.17,,6.61,4.29,7.02,6.23,6.73,,,,,,,,,,,,,3202.48730426388,,,,,,74.3711362399369,,,,,,,,8.071995277988307,2.0786385754510306
PNG,Papua New Guinea,2007,6.24,,6.4,4.29,6.99,6.78,6.75,,,,,,,,,,,,,3345.85030363442,,,,,,74.2410964520178,,,,,,,,8.11577497467613,4.377969668782278
PNG,Papua New Guinea,2008,6.15,,6.88,4.28,5.89,6.98,6.73,,,,,,,,,,,,,3233.91811872812,,,,,,74.1262589397487,,,,,,,,8.081758895556902,-3.401607911922788
PNG,Papua New Guinea,2009,6.23,54.8,6.95,4.28,6.13,6.97,6.79,20,20,,67.4,71,,60.1,81.1,81.4,87.2,30,30,3349.64345389883,92.1,58.2,41.9,5.1,,74.1532867692648,,,,,,,,8.116907682165614,3.51487866087119
PNG,Papua New Guinea,2010,6.34,53.5,7.04,4.27,6.65,6.94,6.76,20,20,,65,63.3,,59.1,83.3,72.6,86.2,35,30,3579.17141222267,,,,,,73.80781964147,,,,,,,,8.183165958757638,6.6258276592023435
PNG,Papua New Guinea,2011,6.38,52.6,7.16,4.31,6.71,6.97,6.75,20,21,,66.3,63.3,,60.2,72.4,72.9,85.4,35,30,3514.83277391807,,,,,,73.7322586694221,,,,,,,,8.165031696217236,-1.8134262540401735
PNG,Papua New Guinea,2012,6.5,53.8,7.03,4.29,7.54,6.97,6.66,20,21,,68.3,72.6,,59,74,73.2,84.8,35,30,3577.4517726759,,,,,,73.7189264479887,,,,,,,,8.182685520121483,1.765382390424719
PNG,Papua New Guinea,2013,6.29,53.6,6.21,4.24,7.42,7,6.55,20,22,,67.4,72.3,,58.3,73.4,72.4,85,35,30,3615.28323843913,,,,,,73.628363241133,,,,,,,,8.193202047658856,1.0516527537372866
PNG,Papua New Guinea,2014,6.23,53.9,5.48,4.28,7.67,7.17,6.53,20,20.2,,66.7,75.4,,57,73.7,75.5,85.1,35,30,3998.61805004308,,,,,,73.1220196138816,,,,,,,,8.293954148053578,10.075210039472182
PNG,Papua New Guinea,2015,6.04,53.1,5.94,4.29,6.19,7.31,6.39,20,25,,66.9,68.7,,53.5,74.5,72.7,85,35,30,4154.52332559184,,,,,,72.8062350605112,,,,,,,,8.332193650162706,3.823950210912841
PNG,Papua New Guinea,2016,6.05,53.2,6.2,4.3,6.17,7.23,6.29,20,25,,67.3,76.2,,59.9,71.9,70.6,85.6,25,30,4275.74858615698,,,,,,72.5794038796267,,,,,,,,8.36094832374416,2.875467358145478
PNG,Papua New Guinea,2017,6.05,50.9,6.08,4.26,6.28,7.24,6.35,37.7,32.7,54,67.8,64.5,16.7,59.8,67.4,69.8,85.4,25,30,4322.22282084806,,,,,,72.293761244485,,,,,,,,8.371756426445522,1.0808102701361122
PNG,Papua New Guinea,2018,6.03,55.7,6.04,4.26,6.28,7.39,6.16,38,33.1,55.1,71.1,82,51.9,60.6,66.7,68.8,85.9,25,30,4211.1454741469,,,,,,72.1362684135271,,,,,,,,8.345727410679023,-2.602901576649863
PNG,Papua New Guinea,2019,6.15,58.4,6.09,4.28,6.48,7.54,6.37,37.4,37.2,49,71.8,89.1,75.2,62.2,72.6,70,80.9,25,30,4301.61139205544,,,,,,71.9976496045366,,,,,,,,8.366977417827353,2.125000714833014
PNG,Papua New Guinea,2020,6.1,58.4,5.92,4.33,6.65,6.98,6.61,54.9,29.7,48.4,71.5,86.4,76.4,58.4,69.6,70.7,79.8,25,30,4077.63132163554,,,,,,72.2316293320791,,,,,,,,8.31351675073534,-5.346066709201303
PNG,Papua New Guinea,2021,6.04,58.9,5.93,4.36,6.53,6.96,6.44,46.1,32.7,50.8,71.5,88,82,57.4,70.2,72.1,80.4,25,30,3976.90380116956,,,,,,71.7132569741121,,,,,,,,8.288510276408982,-2.500647432635894
PNG,Papua New Guinea,2022,6.02,54.6,5.72,4.45,6.29,7.34,6.27,42.7,26.2,44.2,72,86,64.1,47.9,65.1,71.4,80.4,25,30,4125.49303365201,,,,,,71.3898208399615,,,,,,,,8.32518318083357,3.6672904424587927
POL,Poland,1995,5.9,50.7,3.74,6.39,6.9,8.15,4.7,50,50,,51,9.6,,70,,48.7,57,70,50,14227.5663687798,25,8,34.6,6.9,,28.5962136537738,,,,,,,,9.563006938909467,
POL,Poland,1996,,57.8,,,,,,70,70,,48,32.6,,70,,52.4,57,70,50,15083.09812162,71.9,27.8,32.6,8.2,,28.4128976632885,,,,,,,,9.62139636337035,5.838942446088247
POL,Poland,1997,,56.8,,,,,,70,70,,49.5,26.8,,70,,55.2,49.6,70,50,16031.7211485265,,,,,,28.3174148861459,,,,,,,,9.682386984692208,6.0990621321858285
POL,Poland,1998,,59.2,,,,,,70,56,,51.6,33.2,,70,,59.6,73,70,50,16766.6492883267,17.7,3.9,32.3,8.2,10.87,28.0978927687203,,,,,,,,9.727206671368084,4.481968667587566
POL,Poland,1999,,59.6,,,,,,70,51,,53.2,36,,70,,63.6,73,70,50,17556.0026927987,15,4,32.3,7.7,11.5,28.0673867189519,,,,,,,,9.773208163143845,4.600149177576185
POL,Poland,2000,6.51,60,5.42,6.25,6.63,7.43,6.89,70,46,,58.1,33.7,,70,,66.9,74.8,70,50,18566.3546288772,19.7,4.7,33,7.9,11.54,28.7226044739642,,,,,,,,9.829160190180755,5.595202703690916
POL,Poland,2001,6.55,61.8,5.42,6.11,7.29,7.28,6.7,70,42,,61.3,44.5,,70,,70.9,77.6,70,50,18800.6018648402,20.2,4.9,32.8,7.8,11.55,29.4412029314046,,,,,,,,9.841697350764857,1.253716058410248
POL,Poland,2002,6.82,65,5.59,6.14,7.96,7.73,6.76,70,41,,65.3,49.6,,70,,70.4,78.8,70,70,19166.9137058143,21.4,5.3,34.1,7.6,11.88,29.4488635234118,,,,,,,,9.860992998912883,1.9295648148025535
POL,Poland,2003,6.81,61.8,5.56,5.99,8.28,7.63,6.66,70,41,,65.6,46.1,,70,,73.5,70.2,50,70,19855.6317989181,18.4,4.4,34.9,7.3,12.39,28.5363762205865,,,,,,,,9.896293325981189,3.5300327068306103
POL,Poland,2004,6.85,58.7,5.59,6.12,8.11,7.69,6.79,50,40,,64.9,35.1,,70,,78.1,70.4,50,70,20878.6545002534,18.6,6.7,38,5.7,13.21,27.9513416284819,,,,,,,,9.946530494936944,5.023716895575525
POL,Poland,2005,6.85,59.6,5.51,6.16,8.35,7.37,6.9,50,36,,68.3,30.3,,70,60,82.3,79.2,50,70,21568.9476594356,14.8,4.5,35.8,6.4,11.54,26.9285112325263,,,,,,,,9.97905631283578,3.252581789883635
POL,Poland,2006,6.85,59.3,5.44,6.37,8.3,7.54,6.64,50,35,,68.7,39.5,,56.5,61.2,79.6,82.4,50,70,22921.1975887696,11.1,3.3,34.7,6.8,11.33,25.6330414373936,,,,,,,,10.039861047068772,6.080473423299182
POL,Poland,2007,6.82,58.1,5.58,6.22,8,7.65,6.72,50,34,,68.6,44.8,,55.3,61.4,80.3,86.6,50,50,24484.0656663756,7,2,34,7.2,11.42,24.6215526903288,,,,,,,,10.105818646035031,6.595759896625886
POL,Poland,2008,6.83,60.3,5.79,6.33,7.71,7.68,6.7,50,37,,68.6,43.5,,54.2,61.3,82.3,86,60,60,25553.9058406534,5.9,1.5,33.5,7.3,10.86,24.0115444700855,,,,,,,,10.148584586619322,4.276594058429062
POL,Poland,2009,6.84,60.3,5.61,6.53,7.72,7.7,6.71,50,42,,69,42.2,,53.7,59.8,80.8,85.8,60,60,26204.410367111,5.3,1.6,33.4,7.3,11.17,23.7085323613599,,,,,,,,10.173721170991957,2.513658437263544
POL,Poland,2010,6.93,63.2,5.42,6.53,7.88,7.77,7.08,55,46,,74.9,46.8,,62.2,61.5,78.1,87.5,60,60,27112.1333797381,5,1.5,33.2,7.3,10.35,23.8236299481348,,,,,,,,10.20777351603287,3.4052345040912257
POL,Poland,2011,6.97,64.1,5.41,6.72,7.81,7.7,7.18,60,50,,74,43.8,,61.4,61.2,78.1,87.6,65,60,28521.6612623568,4.9,1.5,33.2,7.3,11.18,23.6040450674272,,,,,,,,10.258454182319273,5.068066628640366
POL,Poland,2012,7.22,64.2,6.29,6.72,7.95,7.7,7.44,60,53,,74.4,40.3,,61.4,61.3,79.1,87.1,65,60,28952.9157305301,5.1,1.4,33,7.3,10.45,23.0564421667561,,,,,,,,10.273460732249372,1.500654993009931
POL,Poland,2013,7.27,66,6.27,6.72,8.28,7.8,7.27,60,55,,76,43,,64,62.9,77.7,86.8,65,70,29168.624211075,4.9,1.4,33.1,7.2,11.03,22.4228658424439,,,,,,,,10.28088318005938,0.7422447810007782
POL,Poland,2014,7.41,67,6.26,6.75,8.38,8.21,7.46,60,54.8,,76.1,43.2,,70.1,60.4,77.8,87.8,70,70,30334.8786569618,4.7,1.4,32.8,7.3,11.18,21.8427242667217,,,,,,,,10.320086405078454,3.920322501907414
POL,Poland,2015,7.41,68.6,6.33,6.65,8.28,8.31,7.46,60,60,,82.1,47.1,,67.3,60.4,81.3,88,70,70,31700.3682364154,3.9,1.3,31.8,7.4,10.65,21.6307956742069,,,,,,,,10.36411512096595,4.402871588749591
POL,Poland,2016,7.32,69.3,6.22,6.49,8.39,8.29,7.22,65,61,,75.5,46.5,,68.7,58,85.2,88,75,70,32675.3052259954,2.7,0.9,31.2,8,10.17,21.0363269565791,,,,,,,,10.3944054834022,3.0290362436250717
POL,Poland,2017,7.31,68.3,6,6.78,8.26,8.36,7.15,60.8,55.5,58,76,46.9,76.1,67.8,61.5,84.7,87,75,70,34354.5987616319,2.1,0.7,29.7,8.3,10.27,20.6465800812769,,,,,,,,10.444520275973812,5.011479257161078
POL,Poland,2018,7.2,68.5,5.79,6.4,8.26,8.33,7.25,61.8,50.9,56.6,75.9,47.8,81.5,67.2,63.9,85,86.9,75,70,36500.4114282584,1.8,0.6,30.2,8.2,9.52,20.403468622034,,,,,,,,10.5051062080903,6.058593211648855
POL,Poland,2019,7.27,67.8,6.24,6.4,8.19,8.32,7.23,62.3,49.8,44,74.9,48.8,86.4,65.4,63.9,82.1,86,80,70,38181.6230334689,1,0.3,28.8,8.6,8.61,20.0413694790876,,,,,,,,10.550135796687007,4.5029588596706915
POL,Poland,2020,7.03,69.1,5.81,6.45,7.93,8.08,6.87,63.1,64.6,42.8,74.7,48.8,92.2,62.6,62,82,86.4,80,70,37852.8021313639,1.2,0.4,28.5,8.6,,20.5919869878213,,,,,,,,10.541486706432561,-0.8649090254445824
POL,Poland,2021,7.07,69.7,5.84,6.38,7.75,8.36,7.03,63.3,65,48.9,73.9,48.1,94.6,61.6,66.1,80.8,84,80,70,41059.5847829682,1.1,0.3,28.5,8.6,,19.0588234263225,,,,,,,,10.62280393262855,8.131722619598847
POL,Poland,2022,6.85,68.7,5.92,6.45,6.62,8.44,6.84,72.3,60.6,54.7,73.6,41.9,78.3,78.7,55.7,79.1,79.2,80,70,43405.0215797441,1.5,0.6,28.9,8.5,,17.7973099008004,,,,,,,,10.678353456541203,5.554952391265289
PRK,Korea North,1995,,8.9,,,,,,10,10,,0,0,,40,,0,0,10,10,,,,,,,56.1842439694022,,,,,,,,,
PRK,Korea North,1996,,8.9,,,,,,10,10,,0,0,,40,,0,0,10,10,,,,,,,56.4650986755594,,,,,,,,,
PRK,Korea North,1997,,8.9,,,,,,10,10,,0,0,,40,,0,0,10,10,,,,,,,56.7652534233439,,,,,,,,,
PRK,Korea North,1998,,8.9,,,,,,10,10,,0,0,,40,,0,0,10,10,,,,,,,56.9887619921504,,,,,,,,,
PRK,Korea North,1999,,8.9,,,,,,10,10,,0,0,,40,,0,0,10,10,,,,,,,57.0289619594579,,,,,,,,,
PRK,Korea North,2000,,8.9,,,,,,10,10,,0,0,,40,,0,0,10,10,,,,,,,57.0358976667606,,,,,,,,,
PRK,Korea North,2001,,8.9,,,,,,10,10,,0,0,,40,,0,0,10,10,,,,,,,56.9678150827107,,,,,,,,,
PRK,Korea North,2002,,8.9,,,,,,10,10,,0,0,,40,,0,0,10,10,,,,,,,56.882006872247,,,,,,,,,
PRK,Korea North,2003,,8.9,,,,,,10,10,,0,0,,40,,0,0,10,10,,,,,,,56.7717352400079,,,,,,,,,
PRK,Korea North,2004,,8.9,,,,,,10,10,,0,0,,40,,0,0,10,10,,,,,,,56.6609920284364,,,,,,,,,
PRK,Korea North,2005,,8,,,,,,10,10,,0,0,,40,0,0,0,10,10,,,,,,,56.5155364253214,,,,,,,,,
PRK,Korea North,2006,,4,,,,,,10,10,,0,0,,0,0,0,0,10,10,,,,,,,56.4325320838837,,,,,,,,,
PRK,Korea North,2007,,3,,,,,,10,10,,0,0,,0,0,0,0,10,0,,,,,,,56.3851677185767,,,,,,,,,
PRK,Korea North,2008,,3,,,,,,10,10,,0,0,,0,0,0,0,10,0,,,,,,,56.3147288177839,,,,,,,,,
PRK,Korea North,2009,,2,,,,,,5,5,,0,0,,0,0,0,0,10,0,,,,,,,56.2803329434661,,,,,,,,,
PRK,Korea North,2010,,1,,,,,,5,5,,0,0,,0,0,0,0,0,0,,,,,,,56.2588672950196,,,,,,,,,
PRK,Korea North,2011,,1,,,,,,5,5,,0,0,,0,0,0,0,0,0,,,,,,,56.255868287549,,,,,,,,,
PRK,Korea North,2012,,1,,,,,,5,5,,0,0,,0,0,0,0,0,0,,,,,,,56.2470392309491,,,,,,,,,
PRK,Korea North,2013,,1.5,,,,,,5,10,,0,0,,0,0,0,0,0,0,,,,,,,56.2292226995544,,,,,,,,,
PRK,Korea North,2014,,1,,,,,,5,5,,0,0,,0,0,0,0,0,0,,,,,,,56.2179798939729,,,,,,,,,
PRK,Korea North,2015,,1.3,,,,,,5,8,,0,0,,0,0,0,0,0,0,,,,,,,56.2360875771489,,,,,,,,,
PRK,Korea North,2016,,2.3,,,,,,5,8,,0,0,,5,5,0,0,0,0,,,,,,,56.1829170991372,,,,,,,,,
PRK,Korea North,2017,,4.9,,,,,,32.4,11.6,5,0,0,0,5,5,0,0,0,0,,,,,,,56.2081652504446,,,,,,,,,
PRK,Korea North,2018,,5.8,,,,,,29.8,25.2,5,0,0,0,5,5,0,0,0,0,,,,,,,56.2917712332078,,,,,,,,,
PRK,Korea North,2019,,5.9,,,,,,31.6,24.4,5,0,0,0,5,5,0,0,0,0,,,,,,,56.3238319137213,,,,,,,,,
PRK,Korea North,2020,,4.2,,,,,,20.1,15.1,5,0,0,0,5,5,0,0,0,0,,,,,,,57.5101139677424,,,,,,,,,
PRK,Korea North,2021,,5.2,,,,,,27.7,20.2,5,0,0,0,5,5,0,0,0,0,,,,,,,56.9479327117454,,,,,,,,,
PRK,Korea North,2022,,3,,,,,,16.3,3.8,6.5,0,0,0,5,5,0,0,0,0,,,,,,,56.9893199981903,,,,,,,,,
PRT,Portugal,1995,7.11,62.4,6.28,7.11,9.34,7.94,5.06,70,70,,60.5,36,,70,,77.7,77.8,50,50,29460.8141864852,,,,,,19.7426425157197,,,,,,,,10.290850269467656,
PRT,Portugal,1996,,64.5,,,,,,70,70,,61.5,31.5,,70,,79.7,77.8,70,50,30378.7557756388,,,,,,20.0516071013641,,,,,,,,10.321531737132553,3.0681467664896545
PRT,Portugal,1997,,63.6,,,,,,70,56,,61,36.5,,70,,81.4,77.8,70,50,31574.4021979121,,,,,,19.920539126936202,,,,,,,,10.360133684997015,3.860194786446236
PRT,Portugal,1998,,65,,,,,,70,65,,59.8,39.3,,70,,83.1,77.8,70,50,32925.6638725858,,,,,,20.6408285459989,,,,,,,,10.402038060568813,4.190437557179827
PRT,Portugal,1999,,65.6,,,,,,70,70,,60.6,37.1,,70,,84.8,77.8,70,50,34018.9637066505,,,,,,19.4704828660278,,,,,,,,10.434702799125372,3.2664738556558603
PRT,Portugal,2000,7.65,65.5,6.25,7.22,9.48,9,6.34,70,65,,60.4,41.9,,70,,84.8,77.8,70,50,35069.827570513,,,,,9.77,19.1137609803942,,,,,,,,10.46512494053225,3.042214140687882
PRT,Portugal,2001,7.52,66,6.15,7.22,9.34,9.04,5.88,70,67,,61.6,41.9,,70,,85.2,78,70,50,35500.226680409,,,,,,19.4397121591536,,,,,,,,10.477322529244237,1.2197588711986285
PRT,Portugal,2002,7.57,65.4,6.1,7.21,9.44,8.92,6.23,70,64,,60.8,39.3,,70,,84.7,79.6,70,50,35578.5200308997,,,,,,19.0038558211762,,,,,,,,10.479525471272169,0.2202942027931698
PRT,Portugal,2003,7.54,64.9,6,7.18,9.44,9.03,6.08,70,63,,61.8,35.7,,70,,82.6,81.4,70,50,35115.3795144127,4.9,1.9,38.8,6.2,,18.7826463477235,,,,,,,,10.466422953437657,-1.3102517834511218
PRT,Portugal,2004,7.58,64.9,6.06,7.44,9.49,8.69,6.23,70,63,,62.3,36.2,,70,,82.9,79.8,70,50,35658.1298257503,4.2,1.4,38.9,6.4,,17.9046063967963,,,,,,,,10.481760489149412,1.5337535711754668
PRT,Portugal,2005,7.4,62.4,5.95,7.51,9.42,8.33,5.81,70,66,,61.7,32,,70,41.2,83.2,80.2,70,50,35870.3092741499,3.9,1.4,38.5,6.7,8.72,17.7114971007845,,,,,,,,10.48769307039407,0.5932581244657342
PRT,Portugal,2006,7.49,62.9,6.08,7.62,9.25,8.5,5.99,70,63,,64,29.7,,73.3,42.2,84.4,82.4,70,50,36387.5367379519,3.7,1,38.1,6.7,,16.8416690808892,,,,,,,,10.502009079244068,1.4316008849998951
PRT,Portugal,2007,7.49,64,6.08,7.5,9.32,8.46,6.1,70,65,,62.3,35.4,,78.6,41.5,80.4,86.6,70,50,37226.47026267,3.1,0.9,36.8,6.9,,16.8294732930152,,,,,,,,10.52480221566396,2.2793136419892335
PRT,Portugal,2008,7.44,63.9,5.98,7.47,9.38,8.41,6,70,66,,61.3,32.6,,80.5,43.1,79.4,86,70,50,37291.504896966,3.7,1.1,36.6,6.9,,16.4526387031952,,,,,,,,10.526547644340432,0.17454286764717608
PRT,Portugal,2009,7.27,64.9,5.64,7.44,9.37,8.45,5.46,70,65,,61.6,35.4,,81.1,40.3,79.9,85.8,70,60,36092.8109314685,3,0.8,34.9,7.2,,16.2580115549484,,,,,,,,10.493876687281462,-3.2670957058970274
PRT,Portugal,2010,7.33,64.4,5.3,7.38,9.31,8.44,6.22,70,61,,61,37.1,,80.5,37,79.7,87.5,70,60,36703.1141882821,3.1,0.9,35.8,7,11.21,15.6375419220633,,,,,,,,10.510644130982511,1.676744370104899
PRT,Portugal,2011,7.49,64,5.77,7.35,9.23,8.41,6.71,70,58,,61.1,36.2,,80.1,34.7,82.3,87.6,70,60,36127.2949766154,4.8,1.4,36.3,6.8,,14.4764859767598,,,,,,,,10.494831631680656,-1.5812499301855354
PRT,Portugal,2012,7.62,63,6.02,7.36,9.33,8.34,7.04,70,60,,59,25.5,,83,32.5,82.6,87.1,70,60,34804.6333340481,6.5,2.2,36,6.5,,14.8900650058631,,,,,,,,10.457534530077005,-3.7297101603650518
PRT,Portugal,2013,7.69,63.1,5.9,7.37,9.59,8.28,7.32,70,61,,61.6,28.3,,82.8,31,79.4,86.8,70,60,34651.7719455055,6.9,2.4,36.2,6.2,,14.7978514154899,,,,,,,,10.453132999845632,-0.44015302313731297
PRT,Portugal,2014,7.72,63.5,6.04,7.36,9.63,8.66,6.91,70,61.1,,60.1,26.8,,84.9,34.6,79.3,87.8,70,60,35097.4098263229,5.9,1.9,35.6,6.5,,13.2525160150446,,,,,,,,10.465911104334332,1.2778104488699427
PRT,Portugal,2015,7.79,65.3,6.09,7.39,9.66,8.73,7.07,70,62,,61.1,28.8,,87.5,42.9,82.8,88,70,60,35803.3575649769,4.4,1.5,35.5,6.7,10.88,12.3172723968206,,,,,,,,10.485824884673644,1.9913780339312126
PRT,Portugal,2016,7.76,65.1,6.06,7.44,9.34,8.73,7.21,70,63,,60.5,24.8,,85.3,43.5,85.7,88,70,60,36636.2978441633,4.4,1.3,35.2,6.9,,11.8962123042733,,,,,,,,10.50882206727382,2.2997182600176913
PRT,Portugal,2017,7.71,62.6,6.25,7.39,9.12,8.77,7.03,73.3,59,68.9,59.8,25.1,32.1,86.4,43.4,85.9,87,70,60,37943.1150505673,3,1,33.8,7.4,,11.3126137171573,,,,,,,,10.543869699667708,3.5047632393887085
PRT,Portugal,2018,7.74,63.4,6.23,7.39,9.18,8.74,7.15,69.2,56.8,70.1,59.8,29.8,46,83.2,44.1,85.3,86.9,70,60,39123.6151282571,2.7,0.9,33.5,7.4,,11.0039773190079,,,,,,,,10.574507090816617,3.0637391148909288
PRT,Portugal,2019,7.81,65.3,6.26,7.39,9.37,8.85,7.17,71.5,59.5,64.3,59.9,35.6,69.8,79.7,44.3,83,86,70,60,40188.2868799219,1.9,0.5,32.8,7.6,,11.0767436055774,,,,,,,,10.60135574356654,2.6848652749922763
PRT,Portugal,2020,7.53,67,6.01,7.36,8.9,8.62,6.73,75.4,68.9,65.6,59.6,39.8,74.4,76.5,44.1,83,86.4,70,60,36852.22873381,2.9,1.1,34.7,6.9,,11.10059702799,,,,,,,,10.514698512064435,-8.665723150210525
PRT,Portugal,2021,7.53,67.5,6.02,7.38,9.05,8.32,6.87,74.1,68.2,68.5,60,42.4,78.2,75.9,44.1,85,84,70,60,38657.6677223425,1.9,0.6,34.6,7.4,,10.9255508514694,,,,,,,,10.562526290770235,4.782777870580013
PRT,Portugal,2022,7.59,70.8,6.2,7.38,8.5,8.92,6.97,89.9,67.8,92.1,60.4,39.5,72.8,76.2,55.5,86.8,79.2,70,60,41070.861152974,2.8,0.8,36.3,6.9,11.5,10.5043536639948,,,,,,,,10.623078522529,6.055223175876456
PRY,Paraguay,1995,6.67,65.9,8.85,5.14,8.25,6.1,5.01,50,10,,90.1,91.5,,70,,63.1,58.4,90,70,10908.2726627911,49.3,24.9,58.1,2.4,,53.2126402408166,,,,,,,,9.297368409582875,
PRY,Paraguay,1996,,67.1,,,,,,50,10,,90.1,92.8,,70,,62,69,90,70,10825.2874881089,,,,,,53.1007934452476,,,,,,,,9.289732482344156,-0.763592723871831
PRY,Paraguay,1997,,67.3,,,,,,50,10,,89.9,92.2,,70,,65,69,90,70,11033.0157241318,43,21.7,54.9,2.5,,53.0031645552938,,,,,,,,9.308738118893151,1.9005636548994786
PRY,Paraguay,1998,,65.2,,,,,,30,10,,89.5,90,,70,,68.4,69,90,70,10802.5597410663,,,,,,52.9199190885097,,,,,,,,9.287630964458588,-2.110715443456357
PRY,Paraguay,1999,,63.7,,,,,,30,10,,89.7,90.1,,55,,71.8,66.4,90,70,10435.3986807111,46.9,22.3,54.6,2.8,,52.7543368561172,,,,,,,,9.253054847971454,-3.45761164871341
PRY,Paraguay,2000,6.67,64,8.18,4.17,8.41,7.61,4.96,30,15,,89.6,89.2,,55,,69.7,67.6,90,70,9998.5928544516,,,,,24.78,52.7977253709246,,,,,,,,9.210299656592483,-4.275519137897099
PRY,Paraguay,2001,6.76,60.3,8.39,4.15,8.29,7.87,5.05,30,20,,89.7,90.3,,55,,72.1,65.8,70,50,9749.25865842257,45.3,21.3,54.6,3.1,,52.788742004595,,,,,,,,9.185049092708985,-2.525056388349789
PRY,Paraguay,2002,6.62,59.6,8.27,3.89,8.05,7.88,4.98,30,20,,89.8,92.3,,55,,71.3,58,70,50,9610.74777842153,57.5,28.7,57.3,2.9,,52.7184907292074,,,,,,,,9.170741356231337,-1.4307736477647381
PRY,Paraguay,2003,6.6,58.2,8.68,3.93,7.49,8.01,4.89,30,20,,89.8,92.8,,55,,72.5,64,50,50,9903.45028992176,51.4,23.2,54.9,3.4,,50.4159941692873,,,,,,,,9.200739459351452,2.9998103120114195
PRY,Paraguay,2004,6.74,56.7,8.67,3.86,8.49,7.79,4.88,30,17,,90,87.8,,55,,70.4,59.8,50,50,10187.194394255,50.3,21.1,52.3,4,,51.7453760959427,,,,,,,,9.2289849166255,2.8245457274048036
PRY,Paraguay,2005,6.87,53.4,8.82,4,8.46,7.51,5.54,30,16,,90.2,86.9,,55,28.1,67.5,60,50,50,10290.100822296,46.5,19.4,51.4,3.9,,48.0515886289771,,,,,,,,9.239034802921129,1.0049886295629307
PRY,Paraguay,2006,6.83,55.6,8.8,3.95,8.19,7.56,5.68,30,19,,90.1,90.8,,50,28.9,72.9,74.6,50,50,10672.9933252383,50.4,22.6,53,3.6,,47.9147693419074,,,,,,,,9.275565531564698,3.6530728643569432
PRY,Paraguay,2007,6.81,58.3,8.81,3.87,8.09,7.53,5.78,30,21,,96.7,91.4,,49.3,28.5,78.4,77.4,50,60,11141.8704701878,47,20.4,53,3.6,,45.556373923451,,,,,,,,9.318555152658195,4.298962109349702
PRY,Paraguay,2008,6.81,60,8.88,3.94,7.91,7.5,5.81,35,26,,96.6,90.8,,58.5,28,76.6,78.4,50,60,11751.1391651711,43.9,17.8,50.7,4.1,,42.7392799589328,,,,,,,,9.371790559612318,5.323540695412277
PRY,Paraguay,2009,6.92,61,8.73,4.04,8.4,7.36,6.06,30,24,,96.6,90.4,,61.7,27,76.7,83.6,60,60,11601.2854565092,42.1,17.8,49.1,4,,44.904289614289,,,,,,,,9.35895737980101,-1.2833179811307716
PRY,Paraguay,2010,6.98,61.3,8.84,4.09,8.19,7.28,6.48,30,24,,96.6,91.7,,60.9,26.1,75.4,83.5,65,60,12738.5765601697,39.8,16.8,51,3.8,,42.0789657330733,,,,,,,,9.452468691538446,9.351131173743532
PRY,Paraguay,2011,6.95,62.3,8.85,4.1,7.84,7.27,6.72,30,21,,97.6,93.4,,61.7,24.9,80.9,83,70,60,13109.4665717904,38,15.9,52.3,3.5,24.78,41.4641621582157,,,,,,,,9.481166165124502,2.8697473586056788
PRY,Paraguay,2012,6.98,61.8,8.52,4.06,8.55,7.14,6.64,30,22,,96.9,88.5,,59.8,27.2,81.4,82.7,70,60,12834.8015915131,33.3,13,47.6,4.2,,42.1117817855873,,,,,,,,9.459993544920591,-2.1172620203911308
PRY,Paraguay,2013,7.04,61.1,8.36,4.02,8.81,7.33,6.66,30,22,,95.9,85.4,,59.1,25.6,79.8,82.7,70,60,13700.7030515391,28.8,10.4,47.9,4.4,18.51,38.2344501560093,,,,,,,,9.525275414421648,6.528186950105663
PRY,Paraguay,2014,6.96,62,8.34,4.08,8.72,7.09,6.54,30,20.5,,96.2,89,,58,28.9,80.9,81.1,75,60,14219.3544308099,28.3,10.5,50.7,4,18.53,37.2446361233513,,,,,,,,9.562429627857437,3.7154213435789174
PRY,Paraguay,2015,7.03,61.1,8.24,4.16,8.88,7.33,6.53,30,24,,96,81.9,,58.4,26.3,78.3,81.4,75,60,14427.6002349811,27.5,10.4,47.6,4.3,,38.7850907937032,,,,,,,,9.57696764324993,1.4538015392492554
PRY,Paraguay,2016,7.07,61.5,8.32,4.12,8.91,7.32,6.68,30,24,,96.3,83.3,,62.6,30.4,76.8,76.2,75,60,14826.6636909978,29.7,10.6,47.9,4.5,,39.1281703163587,,,,,,,,9.604249883341563,2.728224009163327
PRY,Paraguay,2017,7.1,62.4,8.36,4.14,8.97,7.37,6.65,38.2,32.6,23.3,96.2,83,95.1,62.4,28.5,78.3,76.6,75,60,15320.3366476954,26.9,9,48.5,4.7,,36.7942385474886,,,,,,,,9.637001688032736,3.2751804691173447
PRY,Paraguay,2018,7.16,62.1,8.45,4.2,9.07,7.4,6.67,38.3,28.3,28.2,96.1,82.2,97.1,62.2,29.9,72.4,76.1,75,60,15592.9841390322,25.3,8.7,46,4.8,,37.6361397115738,,,,,,,,9.654640486749123,1.7638798716387072
PRY,Paraguay,2019,7.12,61.8,8.11,4.2,9.3,7.36,6.61,39.5,25.5,30,96.3,78.9,96.3,61.5,29.2,72.8,76.6,75,60,15321.3245528947,25,8.4,45.7,4.8,,36.8985214007282,,,,,,,,9.637066165001931,-1.75743217471922
PRY,Paraguay,2020,7.01,63,7.96,4.29,9.35,6.96,6.48,44.7,29.6,26.4,96.1,88.6,98,60.9,29,72.5,75.4,75,60,14991.6606201148,27.9,9.3,43.5,5.3,,40.7229513773516,,,,,,,,9.615316068349612,-2.1750096652318973
PRY,Paraguay,2021,6.53,62.6,8.02,4.35,6.76,6.93,6.57,41.6,32.2,26,96.2,86.7,91.6,59.6,31.8,73.8,76.4,75,60,15406.1670646576,27,8.5,42.9,5.5,,39.6540635501631,,,,,,,,9.642588073948545,2.7272005598932836
PRY,Paraguay,2022,6.98,62.9,8.09,4.35,8.45,7.4,6.62,45.5,29.5,37.9,96.1,84,68.8,65.4,39.4,75.6,77,75,60,15259.1456311862,25.8,8.8,44.6,5,,37.3347799949593,,,,,,,,9.63299984812097,-0.9588225827574348
QAT,Qatar,1995,,,,5.34,,,,,,,,,,,,,,,,68732.4655730397,,,,,,1.25639037052278,,,,,,,,11.137991485848087,
QAT,Qatar,1996,,,,,,,,,,,,,,,,,,,,69746.1505971988,,,,,,1.17586362561534,,,,,,,,11.152631847196096,1.4640361348009279
QAT,Qatar,1997,,,,,,,,,,,,,,,,,,,,87140.0414805606,,,,,,0.819966465359904,,,,,,,,11.375283251408142,22.2651404212046
QAT,Qatar,1998,,,,,,,,,,,,,,,,,,,,91901.0695568133,,,,,,0.953758923998735,,,,,,,,11.42847882775086,5.31955763427181
QAT,Qatar,1999,,62,,,,,,50,90,,87.5,47.8,,55,,72.7,75,50,30,90837.3739354159,,,,,,0.714925212469052,,,,,,,,11.416837095744619,-1.1641732006241412
QAT,Qatar,2000,6.52,62,5.95,5.3,7.07,,6.87,50,90,,87.5,47.1,,55,,73.6,75,50,30,93186.9710440179,,,,,,0.367535213880266,,,,,,,,11.442373926292634,2.5536830548015033
QAT,Qatar,2001,6.52,60,5.95,5.3,7.07,,6.87,50,70,,87.5,47.1,,55,,75.2,75,50,30,92115.7349961796,,,,,,0.490506919318139,,,,,,,,11.430811910364469,-1.1562015928165081
QAT,Qatar,2002,6.74,61.9,5.95,5.25,8.3,,6.87,50,70,,87.5,56.7,,55,,81.2,77,50,30,94111.5966588338,,,,,,0.533977903601426,,,,,,,,11.452247181214126,2.1435270849657684
QAT,Qatar,2003,6.62,65.9,5.95,5.22,7.77,,6.87,50,70,,87.5,70.2,,55,,87.1,73,50,50,93224.3623187548,,,,,,0.588590874958951,,,,,,,,11.442775091537241,-0.9472089676885176
QAT,Qatar,2004,6.44,66.5,5.95,5.22,6.6,,6.96,50,70,,87.5,69.7,,55,,90,76.6,50,50,107023.577147067,,,,,,0.534729968490218,,,,,,,,11.580813780031896,13.803868849465495
QAT,Qatar,2005,6.31,63.5,5.95,5.07,6.08,,7.01,50,56,,99.9,75.5,,55,60,81.7,76.6,30,50,107784.417294658,,,,,,0.399138670595001,,,,,,,,11.587897652746712,0.7083872714815698
QAT,Qatar,2006,6.68,62.4,5.95,5.09,7.65,,6.96,50,52,,99.9,71.7,,60,60,75.7,74.6,30,50,115383.630413612,,,,,,0.514339780676583,,,,,,,,11.656026438862197,6.812878611548534
QAT,Qatar,2007,6.68,62.9,5.95,5.33,7.35,,6.95,50,59,,99.8,71.4,,60,60,72.4,76.4,30,50,109579.67852883,,,,,,0.554757217962479,,,,,,,,11.604416347159656,-5.161009170254083
QAT,Qatar,2008,6.66,62.2,5.95,5.42,7.24,,6.92,50,60,,99.8,72.1,,60,60,69.4,70.8,30,50,109206.297312914,,,,,,0.469974938493212,,,,,,,,11.601003165270072,-0.34131818895843935
QAT,Qatar,2009,6.56,65.8,5.95,5.38,6.9,,6.92,50,60,,99.9,69.1,,75.7,64.7,67.3,81.6,40,50,108435.74676157,,,,,,0.893069798776463,,,,,,,,11.593922302808192,-0.7080862461879889
QAT,Qatar,2010,6.87,69,5.95,5.31,7.75,8.07,7.21,65,65,,99.9,73.7,,73.7,69.1,65.9,82.2,45,50,129044.708988673,,,,,,0.668225728622296,,,,,,,,11.767921953828138,17.399965101994574
QAT,Qatar,2011,6.92,70.5,5.99,5.39,8.22,8.07,6.91,70,70,,99.8,78.1,,70.3,67,71.9,82.4,45,50,145590.759374614,,,,,,0.39742106578587,,,,,,,,11.888561815441186,12.063986161304818
QAT,Qatar,2012,6.96,71.3,6.05,5.43,8.12,8.12,7.09,70,77,,99.7,73.6,,69.7,67.9,77.1,82.5,45,50,143830.55475292,,,,,,0.308349874610098,,,,,,,,11.876398135196188,-1.2163680244997366
QAT,Qatar,2013,6.96,71.3,6.05,5.43,8.12,8.05,7.15,70,72,,99.8,81.2,,69.4,63.4,80.3,82.5,45,50,136453.930654184,,,,,,0.240931252541097,,,,,,,,11.82374966072865,-5.264847446753862
QAT,Qatar,2014,7.09,71.2,6.05,5.43,9,8.12,6.84,70,72.4,,99.9,72.1,,71.7,70,81.2,79.8,45,50,128013.946689103,,,,,,0.200008151183776,,,,,,,,11.759902307093167,-6.384735363548266
QAT,Qatar,2015,6.91,70.8,5.95,5.38,8.43,7.97,6.81,70,68,,99.7,71.9,,70.5,71.2,79.7,81.8,45,50,123070.823231761,,,,,,0.242165743136165,,,,,,,,11.720523392648026,-3.9378914445141078
QAT,Qatar,2016,6.94,70.7,5.95,5.35,8.56,8.04,6.78,65,69,,99.7,70.4,,71.4,70.7,74.1,81.8,45,60,120054.244506415,,,,,,0.236309247653622,,,,,,,,11.69570728671281,-2.481610593521566
QAT,Qatar,2017,6.95,73.1,5.95,5.27,8.66,8.33,6.52,74.8,59,63,99.6,71.2,97.4,68.1,65.4,80.6,83.1,55,60,115064.83603436,0,0,35.1,6.5,,0.23131094337514,,,,,,,,11.653259730792378,-4.244755592043248
QAT,Qatar,2018,6.91,72.6,5.95,5.33,8.53,8.33,6.4,70.3,71.6,59.8,99.6,60.2,95.4,71.3,65.4,75,83.3,60,60,114909.792335472,,,,,,0.283198812693433,,,,,,,,11.651911387497876,-0.13483432945022855
QAT,Qatar,2019,6.92,72.6,5.95,5.31,8.34,8.32,6.65,64.5,77.4,60,99.7,56.8,94,71.2,65.9,78.4,83.2,60,60,113160.839750596,,,,,,0.486942862752798,,,,,,,,11.636574283241952,-1.5337104255923606
QAT,Qatar,2020,6.84,72.3,5.95,5.37,8.5,7.74,6.61,66.9,64.6,58.7,99.8,64.6,93.7,71.1,65.9,80.6,81.6,60,60,103061.899444607,,,,,,0.595151824791335,,,,,,,,11.543094755045633,-9.3479528196319
QAT,Qatar,2021,6.71,72,5.95,5.39,8.21,7.74,6.25,68.3,54,58,97.9,69.2,94.5,74,65.9,80.7,81.4,60,60,116832.656941972,,,,,,0.406365085767321,,,,,,,,11.668506466616266,12.541171157063324
QAT,Qatar,2022,6.71,67.7,5.82,5.43,7.67,8.39,6.22,68.6,60,38.8,97.8,69.3,89.7,58.6,51.9,76,81.4,60,60,114740.16518158,,,,,,0.470141578845495,,,,,,,,11.650434133077109,-1.807233353915727
ROU,Romania,1995,4.56,42.9,5.59,6.03,0.74,5.8,4.5,30,10,,39.4,52.2,,55,,0,79,70,50,14142.387361323399,44.5,14.1,31.2,8.1,,29.5367357299076,,,,,,,,9.557002469553257,
ROU,Romania,1996,,46.2,,,,,,30,30,,42.4,64.9,,55,,11.9,61.6,70,50,14737.4314977771,,,,,,29.6932348575365,,,,,,,,9.598213748804252,4.121127925099444
ROU,Romania,1997,,50.8,,,,,,30,30,,44.3,65.5,,55,,39.1,73,70,50,14063.2337344986,51.2,16.3,30.5,8.3,,29.8496097865974,,,,,,,,9.551390239134028,-4.682350967022408
ROU,Romania,1998,,54.4,,,,,,30,50,,43.9,64.3,,55,,52.1,74,70,50,13806.3232090584,49.9,16.2,31.1,8,8.23,31.4051550492324,,,,,,,,9.532954397714258,-1.8435841419769616
ROU,Romania,1999,,50.1,,,,,,30,34,,45,65.1,,55,,27,74,70,50,13775.9285119019,77.2,30.8,29.4,8.5,8.3,33.5113000599863,,,,,,,,9.53075062508593,-0.22037726283272718
ROU,Romania,2000,5.38,52.1,6.65,5.74,1.78,6.66,6.1,30,30,,58.3,63.3,,55,,38.1,74,70,50,14133.2726854774,79.5,32.4,29.3,8.5,8.46,35.3207059255578,,,,,,,,9.556357813938432,2.5607188852500684
ROU,Romania,2001,5.76,50,7.21,5.63,3.56,6.51,5.9,30,33,,57.6,79.7,,55,,41.4,73.4,50,30,15079.7318356027,73.2,27.9,29.4,8.4,6.88,35.2674856585843,,,,,,,,9.621173170596775,6.481535665834315
ROU,Romania,2002,6.23,48.7,7.39,5.63,4.99,6.94,6.22,30,29,,64.4,58.9,,55,,46.6,74.4,50,30,16234.2164159732,70.9,26.9,30.2,8.2,6.95,29.1503648602844,,,,,,,,9.694938014658954,7.376484406217898
ROU,Romania,2003,6.41,50.6,7.01,5.99,5.54,7.15,6.39,30,28,,69.1,62.4,,55,,50.8,60.2,50,50,16734.5490961334,66.9,24.2,29.9,8.4,7.02,29.0318113560378,,,,,,,,9.725290424349062,3.0352409690108217
ROU,Romania,2004,6.61,50,7.36,5.94,5.89,7.37,6.53,30,26,,69.9,74.8,,55,,56.8,57.6,30,50,18585.2418268945,58.5,20,30,8.3,8.08,24.476454832139,,,,,,,,9.830176899271986,10.488647492292458
ROU,Romania,2005,7.2,52.1,7.84,6.16,7.63,7.91,6.46,30,28,,70.1,68.9,,55,55.5,62.6,70.4,30,50,19573.3273445957,54.3,17.7,29.8,8.4,7.37,25.1304884584466,,,,,,,,9.881974157284967,5.179725801298041
ROU,Romania,2006,7.24,58.2,7.55,6.1,8.33,7.85,6.36,30,29,,87.5,68.9,,74.6,57.5,66.6,68.4,50,50,21270.4671122771,46.1,19.4,39.6,5,7.19,23.6757686325431,,,,,,,,9.96512188147505,8.314772419008243
ROU,Romania,2007,7.49,61.2,7.66,6.33,8.38,8.38,6.68,30,30,,85.9,71,,73.2,58,69.7,84,50,60,23148.5745367088,39.9,15.7,37.5,5.5,7.25,23.4858279957386,,,,,,,,10.049731680801596,8.460979932654666
ROU,Romania,2008,7.47,61.7,7.71,6.39,8.32,8.36,6.54,30,31,,85.6,70.8,,74.9,56.3,72.5,86,60,50,25728.3000407986,32.7,12.3,36.4,5.8,6.11,22.3211624174582,,,,,,,,10.155385700894817,10.565402009322078
ROU,Romania,2009,7.44,63.2,7.38,6.41,8.51,8.37,6.52,35,37,,87,70,,74.9,57.1,75,85.8,60,50,24512.3063305778,31.3,11.4,35.6,6,6.13,22.5075303071175,,,,,,,,10.106971364632745,-4.84143362620717
ROU,Romania,2010,7.42,64.2,6.75,6.41,8.56,8.31,7.05,40,38,,85.8,59.8,,72.5,60.4,73.3,87.5,75,50,23695.2246533291,33.6,12.7,35.5,5.7,8.19,24.6799144310149,,,,,,,,10.07307101710617,-3.390034752657556
ROU,Romania,2011,7.43,64.7,6.98,6.34,8.66,8.22,6.98,40,38,,86.8,57.6,,72,60.8,74.4,87.6,80,50,24882.5529589799,36.8,14.7,35.9,5.6,7.23,22.8908665796654,,,,,,,,10.121962340475141,4.889132336897184
ROU,Romania,2012,7.6,64.4,7.25,6.34,9.18,8.16,7.07,40,37,,87.4,55.1,,70.5,62.6,74.3,87.1,80,50,25469.3533949354,36.9,15,36.5,5.3,7.67,23.0182362820783,,,,,,,,10.145270442825632,2.3308102350490856
ROU,Romania,2013,7.72,65.1,7.25,6.56,9.26,8.24,7.3,40,36,,87.9,62.2,,70.4,63.5,74.7,86.8,80,50,25635.3683116375,36.4,15.6,36.9,5,8.21,22.5151997072202,,,,,,,,10.151767259490702,0.6496816665070071
ROU,Romania,2014,7.86,65.5,7.29,6.62,9.47,8.66,7.26,40,37.7,,87,59.2,,71,65.2,77.1,87.8,80,50,26790.6839780062,32.7,14.6,36,4.9,,21.8640122839819,,,,,,,,10.195846819018023,4.4079559527320455
ROU,Romania,2015,7.87,66.6,7.19,6.61,9.47,8.72,7.36,40,43,,86.9,62.3,,69.8,68.6,77.3,88,80,50,27766.6871909969,30.9,12.8,35.9,5.1,,18.9147162638236,,,,,,,,10.231628292388747,3.5781473370724015
ROU,Romania,2016,7.9,65.6,7.37,6.73,9.45,8.7,7.26,35,43,,87.5,65.6,,66.1,65.1,81.1,88,75,50,28725.1086595685,24,9.6,34.4,5.6,9.75,16.7289025303272,,,,,,,,10.265561697605532,3.3933405216785673
ROU,Romania,2017,7.88,69.7,7.4,6.64,9.41,8.72,7.2,63.9,45.9,58.5,87.4,65.3,90.9,65.9,62.5,83.6,87,75,50,31259.4292187335,17.9,7.5,36,5.3,,16.4436686192616,,,,,,,,10.350108334486881,8.4546636881349
ROU,Romania,2018,7.71,69.4,7.25,6.4,8.99,8.7,7.2,61,40,59.7,87.3,66.9,91.1,65.2,66.8,82.8,86.9,75,50,33139.8497022526,14.3,6.1,35.8,5.4,,15.4700537924496,,,,,,,,10.408521930430153,5.841359594327145
ROU,Romania,2019,7.75,68.6,7.19,6.56,9.08,8.75,7.19,66.7,39.8,51.9,89.7,69,89.3,63.1,64.5,82.7,86,70,50,34634.2623800162,11.9,5.1,34.8,5.7,,14.5542901236642,,,,,,,,10.45262758600232,4.410565557216728
ROU,Romania,2020,7.61,69.7,6.72,6.78,9.13,8.5,6.94,72.5,55.1,56.1,90.3,70.4,85.6,58.6,63,78.1,86.4,70,50,33572.508458312,10.8,4.5,34.6,5.6,,14.1588337143858,,,,,,,,10.421492596229287,-3.1134989773033084
ROU,Romania,2021,7.62,69.5,6.9,6.78,8.93,8.47,7.03,68.8,54.6,63.1,94.3,69.2,78.9,59.7,63.6,77.7,84,70,50,35713.7686003502,7.7,3.4,33.9,6,,13.6964450746488,,,,,,,,10.48331956850747,6.182697227818323
ROU,Romania,2022,7.41,67.1,6.99,6.76,7.88,8.54,6.9,81,45.4,64.8,94.3,63.9,42.8,71.4,64.1,78.8,79.2,70,50,37353.0450505461,8.6,3.2,32.3,5.9,,13.4197241244954,,,,,,,,10.52819648591625,4.4876917408780415
RUS,Russian Federation,1995,4.56,51.1,6.64,4.35,1.26,6.42,4.57,50,10,,75.5,67.1,,85,,0,52,70,50,18363.712890625,,,,,,5.25038946330765,,,,,,,,9.818186324623532,
RUS,Russia,1996,,51.6,,,,,,50,30,,75.5,66.5,,70,,0,52,70,50,17699.869140625,35.5,14.1,46.1,4.5,,5.46548363996919,,,,,,,,9.781369021346473,-3.6817303277059565
RUS,Russia,1997,,48.6,,,,,,50,30,,77.7,58.5,,55,,0,46,50,70,17977.3515625,32.2,10.4,38.4,6.3,15.2,6.19121786068651,,,,,,,,9.796923622092885,1.5554600746412461
RUS,Russia,1998,,52.8,,,,,,50,26,,74.2,67.3,,55,,24.3,58.6,50,70,17052.755859375,38.3,13.1,38.1,6.2,17.21,6.20310811336081,,,,,,,,9.744125743459815,-5.279787863307028
RUS,Russia,1999,,54.5,,,,,,50,23,,74.3,65.3,,55,,50.3,53.2,50,70,18200.3203125,50.7,19.2,37.4,6.3,19.89,6.20596788191039,,,,,,,,9.809249415076508,6.512367161669275
RUS,Russian Federation,2000,4.9,51.8,6.5,4.73,2.08,5.87,5.26,50,24,,74.6,73,,55,,57.5,52.4,50,30,20104.75,45,16.1,37.1,6.4,19.18,6.07445240892216,,,,,,,,9.908761122788787,9.951170771227957
RUS,Russian Federation,2001,4.7,49.8,5.84,4.71,1.93,5.79,5.18,50,24,,74.7,73,,55,,38.9,52.2,50,30,21219.904296875,38.4,12.5,36.9,6.6,18.46,5.90759443901757,,,,,,,,9.962742026569817,5.398090378102971
RUS,Russian Federation,2002,4.97,48.7,5.56,4.79,2.52,6.4,5.49,30,21,,84.9,58.9,,55,,51.3,57.4,50,30,22319.677734375,33.1,10.1,37.3,6.6,18.55,5.86572488740826,,,,,,,,10.013268780477581,5.052675390776429
RUS,Russian Federation,2003,4.95,50.8,5.16,4.93,2.69,6.39,5.5,30,23,,90.6,64.5,,55,,57,57.4,50,30,24057.927734375,31.1,9.6,40,6.1,20.6,5.8220193457994,,,,,,,,10.088261422216984,7.49926417394029
RUS,Russian Federation,2004,5.21,52.8,5.23,4.85,4.19,6.13,5.6,30,27,,91.6,65.1,,55,,63.4,63.2,50,30,25894.146484375,27.8,8.4,40.3,6,20.35,5.74027939387648,,,,,,,,10.161810835701424,7.354941348443944
RUS,Russian Federation,2005,5.67,51.3,6.12,4.94,6,5.69,5.57,30,27,,91.5,58.9,,55,61.8,65.6,63.2,30,30,27656.658203125,23.9,7.1,41.3,5.8,,5.71389861135257,,,,,,,,10.227657937973154,6.584710227173041
RUS,Russian Federation,2006,5.42,52.4,5.57,5,5.88,5.54,5.13,30,28,,90.8,63.5,,59.7,61.8,68,62.6,30,30,30022.671875,20.1,5.6,41,5.9,,5.63966112998212,,,,,,,,10.309741411998143,8.208347402498894
RUS,Russian Federation,2007,5.74,52.2,5.97,5.03,7.11,5.49,5.08,30,24,,79.5,69.5,,62,61.5,62.8,62.6,30,40,32630.369140625,15.2,4,42.3,5.8,,5.58612099260047,,,,,,,,10.393029348272671,8.328793627452846
RUS,Russian Federation,2008,5.67,49.8,5.94,5.01,6.95,5.38,5.06,30,25,,79.2,69.5,,53.7,61.7,64.4,44.2,30,40,34342.2265625,10.6,2.5,41.6,6.1,,5.52142394718722,,,,,,,,10.444160089341587,5.113074106891524
RUS,Russian Federation,2009,5.56,50.8,5.4,4.96,6.88,5.54,5,25,23,,78.9,70.6,,54,60,65.5,60.8,30,40,31654.00390625,10.3,2.3,39.8,6.4,,5.74654318030858,,,,,,,,10.362651516378946,-8.150857296264036
RUS,Russian Federation,2010,6.01,50.3,5.83,4.92,7.51,6.05,5.73,25,21,,82.3,66.5,,52.2,59.6,62.6,68.4,25,40,33063.5859375,8.1,1.9,39.5,6.4,14.25,5.56526473166804,,,,,,,,10.40621807734776,4.356656096881295
RUS,Russian Federation,2011,6.05,50.5,5.9,4.93,7.55,6.16,5.69,25,22,,82.7,65.1,,50.7,62.9,63.1,68.2,25,40,34444.64453125,7.1,1.6,39.7,6.5,14.87,5.86016336019545,,,,,,,,10.447137839748006,4.091976240024664
RUS,Russian Federation,2012,6.26,50.5,5.99,4.91,8.13,6.29,5.98,25,21,,82.5,48.6,,65.1,63.5,66.3,68.2,25,40,35740.69921875,6.4,1.4,40.7,6.3,,5.76468174442149,,,,,,,,10.48407333147664,3.6935491728634418
RUS,Russian Federation,2013,6.28,51.1,6.01,4.91,8.06,6.4,6.04,25,24,,86.9,54.4,,69.2,52.6,66.7,77.4,25,30,36260.06640625,5.7,1.2,40.9,6.4,13.24,6.03779355387631,,,,,,,,10.498499893866724,1.442656239008322
RUS,Russian Federation,2014,6.16,51.9,5.9,4.9,8.07,6.08,5.82,25,22.1,,85.6,61.5,,70,55.8,69.4,74.6,25,30,35853.24609375,3.2,1,36.9,6.2,12.24,5.91978405720421,,,,,,,,10.487217279565145,-1.1282614301578064
RUS,Russian Federation,2015,6.11,52.1,5.92,4.96,7.31,6.58,5.77,20,28,,86.1,57.8,,76.3,58.9,63.9,75,25,30,35037.15234375,3.9,1.2,36.5,6.2,,5.96823571957404,,,,,,,,10.464192813744246,-2.3024465820899565
RUS,Russian Federation,2016,6.42,50.6,5.96,5,8.55,6.79,5.8,20,27,,82.2,56.2,,72.2,57.6,62.9,72.4,25,30,35005.44921875,4,1.1,36.7,6.2,,6.24503027870332,,,,,,,,10.463287586889994,-0.09052268542522057
RUS,Russian Federation,2017,6.58,57.1,6.27,5.03,8.95,6.85,5.79,47.6,38.2,44.5,81.8,61.5,93.4,74.8,50.8,57.3,75.2,30,30,35570.390625,3.7,1.1,35.5,6.5,,5.32470688314795,,,,,,,,10.479296959623895,1.6009372733901017
RUS,Russian Federation,2018,6.56,58.2,6.3,5.02,8.96,6.7,5.82,48.7,38.1,46.9,85.8,62.5,87.7,77,52,60.8,79.4,30,30,36536.6953125,2.8,0.8,35.3,6.7,,5.43634022949716,,,,,,,,10.506099754940623,2.6802795316728023
RUS,Russian Federation,2019,6.55,58.9,6.1,5.02,8.92,6.69,6.03,52.4,36.6,45.1,89.4,62.3,86.6,78.4,52.5,65.1,77.8,30,30,37319.3203125,3,0.8,35.7,6.7,,5.3105572874315,,,,,,,,10.527293237788863,2.1193482848239853
RUS,Russian Federation,2020,6.42,61,5.83,5.01,8.95,6.37,5.92,56.8,41.3,44.4,88.5,63.8,98.7,80.2,52.1,68.2,77.8,30,30,36376.3359375,2,0.5,33.7,7.4,,5.44976455181605,,,,,,,,10.50170122062495,-2.5592017163912573
RUS,Russian Federation,2021,6.23,61.5,6.15,4.91,8.12,6.34,5.61,54.4,41.7,42.4,93,66.1,99.6,84.1,55.4,67.3,74,30,30,38638.4296875,2.2,0.6,35.1,6.9,,5.43356978174351,,,,,,,,10.56202852857726,6.032730795230989
RUS,Russian Federation,2022,5.93,56.1,6.05,4.71,7.31,6.1,5.46,36.8,29.7,34.7,93.1,62.6,99.3,62.5,57.3,68,69,30,30,38214.49609375,1.4,0.4,33.9,7.5,,5.26163184409599,,,,,,,,10.550996369242599,-1.1032159334661173
RWA,Rwanda,1995,4.06,,6.83,3.26,3.39,,3.01,,,,,,,,,,,,,931.367790069386,,,,,,48.0830867809474,,,,,,,,6.837727361379775,
RWA,Rwanda,1996,,,,,,,,,,,,,,,,,,,,888.131009878549,,,,,,47.9797392313469,,,,,,,,6.790244592348759,-4.7482769031016225
RWA,Rwanda,1997,,38.3,,,,,,10,10,,67.9,92.2,,40,,50.8,34,30,10,874.694728296322,,,,,,47.9578216269992,,,,,,,,6.775017546521846,-1.5227045826913255
RWA,Rwanda,1998,,39.1,,,,,,10,10,,67.6,88,,40,,62.7,34,30,10,913.71963460585,,,,,,47.8374322750939,,,,,,,,6.818617608055473,4.360006153362761
RWA,Rwanda,1999,,39.8,,,,,,10,10,,67.3,85.1,,40,,66.8,39,30,10,945.733218859969,,,,,,47.6967210011693,,,,,,,,6.8530173416287425,3.439973357326931
RWA,Rwanda,2000,5.37,42.3,5.86,3.33,7.02,5.49,5.28,10,10,,67,96.4,,40,,72.4,45,30,10,1016.66199090104,96.3,74.9,48.5,5.2,46.43,47.442825306718,,,,,,,,6.925263109461755,7.224576783301284
RWA,Rwanda,2001,5.46,45.4,5.76,3.36,7.42,5.49,5.43,10,10,,67,95.7,,40,,83.7,62.4,30,10,1093.18409838429,,,,,,47.0479605681158,,,,,,,,6.9977642488831915,7.25011394214361
RWA,Rwanda,2002,5.67,50.4,5.77,3.59,7.9,5.55,5.67,30,10,,67,88,,40,,79.3,59.4,50,30,1220.7394919553,,,,,,46.5516855902596,,,,,,,,7.108030935299117,11.026668641592519
RWA,Rwanda,2003,5.75,47.8,6.51,3.59,7.04,5.59,6.14,30,10,,67,89.5,,40,,79.3,34,30,50,1220.49916686742,,,,,,46.2242548953821,,,,,,,,7.1078342086405994,-0.019672665851722115
RWA,Rwanda,2004,5.75,53.3,6.04,4.15,6.75,5.7,6.18,30,10,,66.9,89.5,,55,,79.7,68.8,30,50,1277.19280440829,,,,,,45.8795037169426,,,,,,,,7.153202487727866,4.536827908726693
RWA,Rwanda,2005,5.85,51.7,5.78,4.16,7.25,5.38,6.72,30,10,,70.5,86.4,,55,58,75.1,71.8,30,30,1360.29587570276,94.4,69.8,52,4.6,40.65,45.5393579294088,,,,,,,,7.216192374838351,6.298988711048459
RWA,Rwanda,2006,5.99,52.8,5.99,4.19,7.21,5.52,7.11,30,10,,73.9,82.6,,50.8,59.2,70.1,71.8,30,50,1446.71094686551,,,,,,45.2143037906732,,,,,,,,7.277738930688024,6.1546555849672835
RWA,Rwanda,2007,6.1,52.4,5.89,4.59,7.1,5.79,7.18,30,21,,73.9,79.6,,51,58.2,70.3,70.6,30,40,1516.26750609323,,,,,,44.9385974221122,,,,,,,,7.324666302690746,4.692737200272212
RWA,Rwanda,2008,6.12,54.2,6.24,5.14,6.18,5.9,7.23,30,25,,76.9,75.6,,51.8,58.9,73.3,70.6,40,40,1641.77767401672,,,,,,44.6033603090321,,,,,,,,7.4041437917884005,7.947748909765462
RWA,Rwanda,2009,6.31,54.2,6.32,5.19,6.76,5.89,7.44,30,28,,76.8,76.8,,58.9,59.5,70.8,61.2,40,40,1699.94452992694,,,,,,44.3284520863695,,,,,,,,7.438938981591908,3.4795189803507043
RWA,Rwanda,2010,6.73,59.1,5.49,5.09,8.69,6.84,7.55,30,30,,77.1,75.6,,74.5,89.2,66.9,67.4,40,40,1779.15851051568,94.1,66.7,47.2,5.6,,44.0471833510497,,,,,,,,7.484457690172845,4.551870858093743
RWA,Rwanda,2011,6.61,62.7,5.3,5.17,8.33,6.9,7.35,35,33,,76.9,78.6,,76.9,89.9,68.5,77.8,50,40,1874.21498172873,,,,,,43.7475934033246,,,,,,,,7.536478588753898,5.2020898581052855
RWA,Rwanda,2012,6.8,64.9,5.44,5.41,8.47,7.01,7.66,35,40,,77.2,78.5,,73.6,91.4,75.2,78,60,40,1988.01219478847,,,,,,43.4673043639227,,,,,,,,7.595393409950547,5.891482119664904
RWA,Rwanda,2013,6.74,64.1,5.27,5.4,8.58,7.11,7.34,30,50,,80.4,75.9,,65.6,80.3,75.5,78,65,40,2032.40480194092,93.6,64.1,45.1,6,29.43,43.2402384640715,,,,,,,,7.617466909371133,2.207349942058645
RWA,Rwanda,2014,6.77,64.7,5.31,5.48,9.09,6.6,7.38,30,46.9,,80.3,78.2,,69.6,84.1,74.8,77.7,65,40,2106.21454365589,,,,,,43.0313030635298,,,,,,,,7.65312223285201,3.5655323480876966
RWA,Rwanda,2015,6.85,64.8,5.45,5.65,8.89,6.92,7.31,30,53,,80.2,79.2,,59.5,84.5,76,80.8,65,40,2238.53941469642,,,,,,42.7975632384509,,,,,,,,7.714025505267617,6.090327241560711
RWA,Rwanda,2016,6.85,63.1,5.62,5.57,8.86,6.96,7.24,30,49,,80.1,77.1,,60.5,82,79.4,67.6,65,40,2316.63731573814,93.2,63.1,43.7,6,32.57,42.5794939471748,,,,,,,,7.748303547351642,3.427804208402474
RWA,Rwanda,2017,6.83,67.6,5.3,5.72,8.6,7.38,7.12,64.4,45.9,68.8,79.8,77.3,83.3,59,81.8,80,70.3,60,40,2351.59686866227,,,,,,42.1539814844502,,,,,,,,7.763275047513924,1.4971500162281437
RWA,Rwanda,2018,6.95,69.1,5.26,5.75,9.23,7.39,7.1,69.8,61.2,79.6,75.8,77.7,82.3,55,81.2,76.5,70.7,60,40,2493.44001744938,,,,,,42.1391018853725,,,,,,,,7.82181954109071,5.854449357678604
RWA,Rwanda,2019,6.91,71.1,5.1,5.84,8.97,7.6,7.05,72.2,67.9,83.2,79.8,79.4,86.3,56.2,82.2,76.1,70.4,60,40,2667.46458436613,,,,,,41.8773612031353,,,,,,,,7.889258523947548,6.743898285683869
RWA,Rwanda,2020,6.57,70.9,5.08,5.87,8.2,6.95,6.73,76.5,57.6,78.3,79.2,79.8,86.7,60.3,81.8,79.8,70.4,60,40,2520.31739425373,,,,,,42.4925911556522,,,,,,,,7.832536819403476,-5.672170454407244
RWA,Rwanda,2021,6.75,68.3,4.92,5.88,9.14,6.95,6.86,68.7,59.1,75.2,79.5,78.5,78,62.3,77.4,80.2,61.2,60,40,2733.43566762447,,,,,,37.0760418523457,,,,,,,,7.9136803563168,8.114353691332443
RWA,Rwanda,2022,6.45,57.1,4.94,5.92,7.12,7.52,6.75,61.1,54.7,26.6,79.1,76.3,61.6,50.7,42.6,74.4,58.2,60,40,2892.45964942821,,,,,,37.9814501939121,,,,,,,,7.970208175669797,5.6527819352997
SAU,Saudi Arabia,1995,,,9.17,4.76,,,,,,,,,,,,,,,,60058.3174503511,,,,,,5.67855853024903,,,,,,,,11.003087977009727,
SAU,Saudi Arabia,1996,,68.3,,,,,,90,70,,99.4,46.3,,85,,84.9,59,30,50,59612.8125993665,,,,,,5.51480066745271,,,,,,,,10.995642581225322,-0.7445395784404951
SAU,Saudi Arabia,1997,,68.7,,,,,,90,70,,99.4,56.7,,85,,78.1,59,30,50,58875.5473738828,,,,,,5.45072643090924,,,,,,,,10.983198113332287,-1.2444467893034883
SAU,Saudi Arabia,1998,,69.3,,,,,,90,70,,99.4,59.2,,85,,80.9,59,30,50,58306.622809723,,,,,,5.51170962649226,,,,,,,,10.973488115244582,-0.9709998087705785
SAU,Saudi Arabia,1999,,65.5,,,,,,70,70,,99.4,56.9,,70,,84.3,59,30,50,55878.1736494426,,,,,,5.35818514606597,,,,,,,,10.930947025313142,-4.254108993144001
SAU,Saudi Arabia,2000,7.35,66.5,9.07,4.74,8.49,,6.44,50,70,,99.4,82.7,,70,,87.7,59,30,50,55962.2661342789,,,,,,5.10343350167899,,,,,,,,10.932450792592281,0.15037672791393675
SAU,Saudi Arabia,2001,7.3,62.2,9.07,4.59,8.49,,6.44,50,70,,99.4,65.3,,70,,83.8,61,30,30,53309.111388544,,,,,,5.09556038081694,,,,,,,,10.883881299263958,-4.856949332832272
SAU,Saudi Arabia,2002,7.41,65.3,9.07,4.58,9,,6.44,50,70,,99.4,71.2,,70,,83.4,63.4,50,30,50371.9783079834,,,,,,5.05346203975553,,,,,,,,10.827210165599638,-5.6671133664320195
SAU,Saudi Arabia,2003,7.37,63.2,8.97,4.59,8.92,,6.44,50,50,,99.4,66.7,,70,,88.3,64.4,50,30,52234.649280791,,,,,,4.86643331146696,,,,,,,,10.863520477189399,3.6310311589760502
SAU,Saudi Arabia,2004,7.34,60.4,8.86,4.58,8.98,,6.44,50,50,,99.4,58.5,,70,,91.9,64,30,30,54196.5514152953,,,,,,4.61537059789981,,,,,,,,10.900391009567663,3.6870532378264542
SAU,Saudi Arabia,2005,6.99,63,7.52,4.54,8.89,,6.44,50,45,,99.4,67.3,,70,85.2,91.3,62.2,30,30,54931.7942450845,,,,,,4.27471479902367,,,,,,,,10.91386579424157,1.3474784673906726
SAU,Saudi Arabia,2006,7.25,63,8.03,4.54,9.52,,6.44,50,34,,99.4,69.3,,51,85.3,90.8,70.4,30,50,54373.737695386,,,,,,4.03576955670424,,,,,,,,10.90365494438645,-1.021084985512033
SAU,Saudi Arabia,2007,7.37,60.9,7.58,4.6,9.23,,7.39,50,34,,99.4,66.7,,53,84.9,80,70.4,30,40,53318.4191601834,,,,,,3.83336588875602,,,,,,,,10.884055880763382,-1.959906362306718
SAU,Saudi Arabia,2008,7.09,62.5,7.21,4.61,8.45,,7.36,50,33,,99.7,69.1,,73,77.2,76.7,76.8,30,40,54407.7081673247,,,,,,3.51779952857788,,,,,,,,10.904279496638376,2.022361587499333
SAU,Saudi Arabia,2009,6.73,64.3,6.76,4.67,7.36,,7.35,40,34,,99.6,73.4,,79.6,76.4,68.4,81.8,40,50,51760.7643987566,,,,,,3.62880743227026,,,,,,,,10.854407016668693,-4.987247996968236
SAU,Saudi Arabia,2010,6.76,64.1,5.61,4.72,7.57,8.34,7.74,40,35,,99.6,68.1,,84.6,74.4,62.3,82.5,45,50,54911.547517012,,,,,,3.31607854559994,,,,,,,,10.913497153605983,5.909013693728937
SAU,Saudi Arabia,2011,6.6,66.2,5.31,4.69,7.59,8.42,7.15,45,43,,99.4,74.6,,86.1,77,64.3,82.2,40,50,58645.4459416531,,,,,,2.89900839820271,,,,,,,,10.979282254490228,6.578510088424494
SAU,Saudi Arabia,2012,6.42,62.5,5.06,4.66,7.83,7.62,7.06,45,47,,99.6,37.3,,87.5,71.1,64.9,82.3,40,50,59471.7001909394,,,,,,2.62560543280954,,,,,,,,10.993272665923124,1.3990411432896366
SAU,Saudi Arabia,2013,6.55,60.6,5.29,4.6,7.94,8.13,6.93,40,44,,99.6,52.2,,68.2,69.2,65.7,77.3,40,50,57998.4644619155,,,,,,2.45594682538784,,,,,,,,10.968189056070678,-2.5083609852446287
SAU,Saudi Arabia,2014,6.5,62.2,5.33,4.64,8.56,7.32,6.72,40,43.7,,99.7,63.1,,67.3,75.8,68.7,74,40,50,58872.2671400126,,,,,,2.28462722889923,,,,,,,,10.983142398019536,1.4953341948858778
SAU,Saudi Arabia,2015,6.29,62.1,5.31,4.69,8.22,7.2,6.06,40,46,,99.7,61.9,,65.8,72.7,68.4,76.4,40,50,58498.5399040699,,,,,,2.3663067286073,,,,,,,,10.976774168301326,-0.6368229718210827
SAU,Saudi Arabia,2016,6.54,62.1,5.95,4.69,8.75,7.12,6.2,40,49,,99.7,56.8,,69.9,68.5,69.2,77.8,40,50,57308.4484127497,,,,,,2.28744215208108,,,,,,,,10.956220782874613,-2.0553385426712367
SAU,Saudi Arabia,2017,6.6,64.4,6.15,4.7,8.98,6.91,6.26,62,45.9,65,99.7,54.5,65.7,73.8,68.5,70.1,78.2,40,50,57942.5484983044,,,,,,2.17086355589604,,,,,,,,10.967224513809466,1.100373093485274
SAU,Saudi Arabia,2018,6.54,59.6,5.8,4.78,8.59,7.15,6.4,53.1,49.9,60.2,99.7,52,19.7,74,64.8,73.8,78.2,40,50,61359.4653740388,,,,,,1.69420116807041,,,,,,,,11.024521020335044,5.729650652557794
SAU,Saudi Arabia,2019,6.94,60.7,6.08,6.03,8.63,7.5,6.48,55,49.8,62.7,99.8,57.5,19.4,72.3,63.3,78.1,76,45,50,62647.7299487842,,,,,,3.24079973092822,,,,,,,,11.045298687952478,2.077766761743405
SAU,Saudi Arabia,2020,6.85,62.4,5.79,6.69,8.83,6.67,6.27,64.6,49.6,72.3,99.8,61.8,19.3,66.6,63.3,81,75.4,45,50,57420.7335736424,,,,,,2.50862661157698,,,,,,,,10.958178144331162,-8.71205436213156
SAU,Saudi Arabia,2021,6.96,66,6.42,6.7,8.73,6.62,6.35,68.7,53.2,76.7,99.1,62.9,31,83.5,63.3,82.3,75.8,45,50,62690.4966645929,,,,,,2.24482025584916,,,,,,,,11.04598109803939,8.7802953708227
SAU,Saudi Arabia,2022,7.03,55.5,6.38,6.7,8.65,6.95,6.48,46.7,50.7,35.8,99.3,57.3,17.9,68.1,41.2,79,74.8,45,50,67178.5902274906,,,,,,1.79501458482731,,,,,,,,11.115124763527119,6.914366548772932
SDN,Sudan,1995,,39.4,6.83,1.43,,,3.4,30,30,,33.3,74.6,,70,,19.4,37,30,30,2824.63208007813,,,,,,43.3642053436675,,,,,,,,7.946487363713726,
SDN,Sudan,1996,,39.2,,,,,,30,30,,32.9,74.6,,70,,17.9,37,30,30,2924.29077148438,,,,,,43.0574266911697,,,,,,,,7.981149163779693,3.4661800065967086
SDN,Sudan,1997,,39.9,,,,,,30,30,,32.8,86.5,,55,,27.4,37,30,30,3380.18676757813,,,,,,42.3049170749166,,,,,,,,8.12598204151882,14.483287773912767
SDN,Sudan,1998,,38.3,,,,,,30,30,,32.9,82.7,,55,,17,37,30,30,3441.17919921875,,,,,,41.7389534657944,,,,,,,,8.143860037943515,1.7877996424694231
SDN,Sudan,1999,,39.6,,,,,,30,30,,33,78.8,,55,,32.1,37,30,30,3459.22998046875,,,,,,41.3740000747593,,,,,,,,8.149090334186416,0.5230296242901389
SDN,Sudan,2000,4.3,47.2,6.83,1.3,5.8,,3.98,30,30,,74.7,90.1,,55,,47.7,37,30,30,3575.85205078125,,,,,,41.0405632061464,,,,,,,,8.182238377145929,3.3148042959512125
SDN,Sudan,2001,4.37,,6.83,1.32,6.12,,4,,,,,,,,,,,,,3701.548828125,,,,,,40.6139144393946,,,,,,,,8.216776733934806,3.4538356788877067
SDN,Sudan,2002,4.51,,6.42,1.38,7.17,,4,,,,,,,,,,,,,3814.31323242188,,,,,,40.1943214902781,,,,,,,,8.246778045832198,3.000131189739186
SDN,Sudan,2003,4.56,,6.41,1.36,7.43,,4,,,,,,,,,,,,,3946.92260742188,,,,,,39.9630135208813,,,,,,,,8.280944797377918,3.4166751545720686
SDN,Sudan,2004,4.28,,5.2,1.37,7.41,,4,,,,,,,,,,,,,4041.05712890625,,,,,,39.763734484743,,,,,,,,8.304509031685122,2.3564234307203336
SDN,Sudan,2005,4.45,,5.95,1.6,7.17,,4.03,,,,,,,,,,,,,4152.32275390625,,,,,,39.5097498793217,,,,,,,,8.331663956456508,2.7154924771386035
SDN,Sudan,2006,4.35,,5.48,1.63,7.17,,4.03,,,,,,,,,,,,,4299.97412109375,,,,,,39.3118871873968,,,,,,,,8.366596815814635,3.493285935812729
SDN,Sudan,2007,4.11,,5.05,1.64,7.34,,3.48,,,,,,,,,,,,,4415.78515625,,,,,,38.6326185176938,,,,,,,,8.393167370216588,2.6570554401953217
SDN,Sudan,2008,4.09,,5.68,1.64,6.59,,3.47,,,,,,,,,,,,,4446.40966796875,,,,,,38.5266121027067,,,,,,,,8.40007710859033,0.6909738373741092
SDN,Sudan,2009,4.15,,5.77,1.65,7.11,,3.25,,,,,,,,,,,,,4188.0546875,68.4,29,35.4,6.8,32.82,38.8352286479497,,,,,,,,8.340230375886884,-5.984673270344487
SDN,Sudan,2010,4.37,,6.21,1.64,6.7,,3.87,,,,,,,,,,,,,4219.8369140625,,,,,,39.0368588684501,,,,,,,,8.347788708234965,0.7558332348081009
SDN,Sudan,2011,4.26,,6.8,1.84,5.41,,3.85,,,,,,,,,,,,,4467.6259765625,,,,,,39.2664544230272,,,,,,,,8.40483625256068,5.704754432571413
SDN,Sudan,2012,3.86,,6.83,1.84,4.07,,3.46,,,,,,,,,,,,,4145.931640625,,,,,,39.5815031602764,,,,,,,,8.330123976055779,-7.471227650490064
SDN,Sudan,2013,3.92,,6.83,1.84,3.87,,3.77,,16,,,89.9,,57.4,65.4,64.5,,15,,4130.48583984375,,,,,,39.8679665673917,,,,,,,,8.326392388770909,-0.3731587284869775
SDN,Sudan,2014,4.08,,6.83,1.85,4.66,,3.8,,9.8,,85.1,90.3,,54.5,49.1,55.8,55.6,15,,4207.50048828125,73.2,29.3,34.2,7.8,31.79,39.8119648926251,,,,,,,,8.344861684674257,1.8469295903347671
SDN,Sudan,2015,4.31,,6.83,1.84,5.77,,3.74,,11,,86.4,94.5,,49,43.8,52.8,55.6,15,,4159.1943359375,,,,,,40.165761583908,,,,,,,,8.333317067533772,-1.1544617140485158
SDN,Sudan,2016,3.98,,6.83,1.86,4.34,3.19,3.65,,11,,86.4,94.8,,48.8,43.5,46.7,50.6,10,,4174.56103515625,,,,,,40.3143813505549,,,,,,,,8.33700400793496,0.368694040118811
SDN,Sudan,2017,3.76,48.8,6.97,1.9,3.38,2.69,3.77,31.1,18.9,19.8,86.5,95.1,85.5,53.9,49.7,59.3,50.5,15,20,4061.01831054688,,,,,,40.7288036338678,,,,,,,,8.309435249896511,-2.7568758038448493
SDN,Sudan,2018,3.42,49.4,6.93,1.91,2.6,2.84,2.8,27.8,21.2,21.4,85.9,95.3,87.2,52.3,58.8,62.2,56.1,5,20,3816.65991210938,,,,,,40.994427491401,,,,,,,,8.247392925438609,-6.204232445790225
SDN,Sudan,2019,3.4,47.7,6.67,2.1,1.82,2.69,3.74,27.5,26.2,22.2,86.3,96.6,76.1,52.1,59,56.9,45,5,20,3625.52319335938,,,,,,41.2571477085569,,,,,,,,8.196029670304698,-5.136325513391071
SDN,Sudan,2020,3.84,45,6.77,2.1,1.25,5.13,3.97,33.7,25.5,20.8,86.1,94.5,12.4,53.5,60,77,52,5,20,3401.24975585938,,,,,,40.977793682228,,,,,,,,8.132192184681847,-6.383748562285163
SDN,Sudan,2021,4.07,39.1,7.85,2.06,1.25,5.15,4.04,32.6,20.2,19.7,84.9,91.9,0,50.8,60.4,39.2,45,5,20,3248.9755859375,,,,,,40.0867048815628,,,,,,,,8.086402763276338,-4.578942140550879
SDN,Sudan,2022,4.11,32,8.04,2.03,1.25,5.24,3.99,22.2,14.6,13.2,84.9,92.9,0,25,44.8,13.7,48,5,20,3132.0771484375,,,,,,39.6653000762195,,,,,,,,8.049770915110393,-3.6631848165944447
SEN,Senegal,1995,5.24,,6.35,3.73,5.9,5.32,4.7,,,,,,,,,,,,,2835.03272874496,,,,,,67.9171440558821,,,,,,,,7.950161428045568,
SEN,Senegal,1996,,58.2,,,,,,70,50,,60.7,87,,55,,55.8,45,50,50,2822.46837323856,,,,,,67.8919465069152,,,,,,,,7.9457213277888,-0.4440100256767998
SEN,Senegal,1997,,58.1,,,,,,70,50,,61,86.8,,55,,62.1,37.8,50,50,2840.60808859832,,,,,,67.8647481638576,,,,,,,,7.952125399288141,0.6404071499340525
SEN,Senegal,1998,,59.7,,,,,,50,50,,60.6,88.2,,55,,68.6,65,50,50,2938.69162551525,,,,,,67.7758757527529,,,,,,,,7.986059965550935,3.393456626279434
SEN,Senegal,1999,,60.6,,,,,,50,50,,60.3,90.1,,55,,75.1,65,50,50,3050.17800998696,,,,,,67.6713333740906,,,,,,,,8.023283027815387,3.722306226445138
SEN,Senegal,2000,5.85,58.9,7.4,3.38,7.2,6.57,4.67,50,33,,60.3,89.2,,55,,77.4,65,50,50,3093.28791602615,,,,,,67.5439772101079,,,,,,,,8.03731308304988,1.4030055234492522
SEN,Senegal,2001,5.76,58.7,7.03,3.41,7.1,6.24,4.97,50,34,,60.2,89.2,,55,,78.8,61,50,50,3149.33113703503,95.2,64.3,41.2,6.6,51.41,67.4094487544746,,,,,,,,8.05526284916292,1.7949766113041221
SEN,Senegal,2002,5.87,58.6,7.15,3.41,7.19,6.24,5.31,50,35,,59.9,86.8,,55,,79.4,61,50,50,3075.23157503112,,,,,,67.3361989620528,,,,,,,,8.031460612262256,-2.3802236900664298
SEN,Senegal,2003,5.82,58.1,6.85,3.43,7.21,6.24,5.32,50,29,,59.8,88,,55,,80.4,61,50,50,3170.03494688479,,,,,,67.227671629351,,,,,,,,8.06181329525491,3.0352682992653257
SEN,Senegal,2004,5.8,58.9,6.74,3.44,7.1,6.38,5.32,50,31,,59.8,85.9,,55,,80.4,68,50,50,3240.3020166984,,,,,,67.0814908817138,,,,,,,,8.083730385069153,2.191708981424334
SEN,Senegal,2005,5.75,57.9,6.67,3.36,6.79,6.43,5.49,50,32,,59.5,86.8,,55,43.7,84.3,68.2,50,50,3301.82076160815,93.4,58.7,39.2,6.2,40.98,66.9621776295009,,,,,,,,8.102532158586296,1.8801773517143516
SEN,Senegal,2006,5.74,56.2,6.72,3.35,6.65,6.52,5.48,50,30,,60.7,84.4,,55.1,44.4,90.4,66.6,50,30,3301.03152414193,,,,,,66.8579411986447,,,,,,,,8.102293171418731,-0.023898716756498573
SEN,Senegal,2007,5.58,58.1,6.38,3.53,6.16,6.7,5.17,50,32,,60.8,83.9,,56.4,43.2,82.9,71.6,50,50,3316.42037834774,,,,,,66.7621788877072,,,,,,,,8.106942765420301,0.46495940015702786
SEN,Senegal,2008,5.56,58.3,6.15,3.5,6.37,6.82,4.99,50,33,,65.2,82.3,,55.5,43.9,81.4,71.6,50,50,3359.70567090311,,,,,,66.7007723663536,,,,,,,,8.119906252008022,1.2963486587720396
SEN,Senegal,2009,5.83,56.3,6.15,3.47,6.82,7.1,5.64,50,36,,65.1,77,,65,42.5,76.5,71.2,40,40,3371.46166688616,,,,,,66.6382087725508,,,,,,,,8.123398221638118,0.34919696300956815
SEN,Senegal,2010,5.72,54.6,5.73,3.44,6.76,6.97,5.69,45,34,,64.7,77.8,,63.1,41.9,75.2,69.7,35,40,3403.56707165919,,,,,,66.51743911433,,,,,,,,8.132873065612847,0.9474843974729197
SEN,Senegal,2011,5.68,55.7,6,3.47,6.58,6.94,5.44,40,30,,65.4,78.8,,62.3,42.9,79.7,73.2,45,40,3362.87940537332,92,58.6,40.3,6.1,42.03,66.4020296201262,,,,,,,,8.120850171869204,-1.2022893743642626
SEN,Senegal,2012,5.73,55.4,5.82,3.56,6.88,7.01,5.39,40,29,,65.4,78.5,,58.4,43.5,81.6,72.2,45,40,3405.10864460824,,,,,,66.7561475391985,,,,,,,,8.133325758719845,1.2475586850641207
SEN,Senegal,2013,6.09,55.5,7.11,3.75,7.02,7,5.55,40,29,,65.2,75.6,,56.7,41.3,79.6,72.2,55,40,3385.42590686562,,,,,,66.6762819884755,,,,,,,,8.12753033944488,-0.5795419274965852
SEN,Senegal,2014,6.11,55.4,7.15,3.97,7.01,6.85,5.53,40,29.5,,65.1,75.4,,47.5,41.5,81.8,73.2,60,40,3484.01219749797,,,,,,66.1968320905702,,,,,,,,8.156226823187916,2.8696483743036794
SEN,Senegal,2015,6.09,57.8,7.06,4.02,7.02,6.68,5.66,40,41,,71.3,74.6,,54.6,39.5,83,74,60,40,3593.79477120389,,,,,,65.7912294059009,,,,,,,,8.187242181238789,3.101535805087252
SEN,Senegal,2016,6.1,58.1,6.68,4.13,6.95,6.7,6.03,40,43,,71.6,76.1,,49.1,42.4,84.9,73.8,60,40,3710.05531589724,,,,,,70.608725190609,,,,,,,,8.219071566877084,3.182938563829474
SEN,Senegal,2017,6.17,55.9,6.72,4.15,6.88,7.07,6.03,44,42.1,39.3,70.9,74.3,51.8,50.8,38.9,86,73.1,60,40,3871.4514678592,,,,,,68.292316198573,,,,,,,,8.26164303970357,4.25714728264861
SEN,Senegal,2018,6.23,55.7,6.95,4.14,6.91,7.05,6.11,41.3,42.6,40.4,68.5,72.7,58.4,51.5,41.4,84.7,66.7,60,40,3998.28635303406,78.2,36.1,38.3,7.1,25.87,66.0701706723963,,,,,,,,8.293871212443275,3.222817273970513
SEN,Senegal,2019,6.25,56.3,7.16,4.13,6.84,7.05,6.07,47.8,40.3,40.4,70.8,73.3,60,53.3,39.4,78.2,72,60,40,4070.61227058594,,,,,,63.8569357989007,,,,,,,,8.311794335274877,1.7923122831602356
SEN,Senegal,2020,6.08,58,6.93,4.15,6.85,6.42,6.07,52.4,40.6,39.8,70.2,84.4,75.2,50.4,38.1,79.7,65.4,60,40,4018.04129277358,,,,,,64.9042299744272,,,,,,,,8.298798668786462,-1.299566648841477
SEN,Senegal,2021,6.13,58,7.07,4.16,6.91,6.42,6.08,50.3,43.6,37.8,72.4,84.2,72.2,53.5,36.6,79,66.4,60,40,4173.67741399619,78.6,36,36.2,7.3,26.7,64.1867782898778,,,,,,,,8.336792368191078,3.7993699404616166
SEN,Senegal,2022,5.99,60,7.03,4.15,5.8,6.85,6.09,58,47.8,49.8,72.3,82.1,56.7,57.9,53.9,76.1,65.8,60,40,4228.73382642974,,,,,,63.7301648214595,,,,,,,,8.349894344866536,1.310197667545765
SGP,Singapore,1995,8.73,86.3,7.72,8.42,9.69,9.01,8.56,90,90,,80.8,88.1,,100,,85.2,83,90,70,59483.6383121123,,,,,,6.5493777083616,,,,,,,,10.993473378571258,
SGP,Singapore,1996,,86.5,,,,,,90,90,,80.8,90.7,,100,,84.4,83,90,70,61381.7523709208,,,,,,9.04904673411797,,,,,,,,11.024884168662688,3.1410790091429774
SGP,Singapore,1997,,87.3,,,,,,90,93,,80.6,94,,100,,85.8,83,90,70,64291.2024694333,,,,,,8.21438852279182,,,,,,,,11.071193634900668,4.63094662379806
SGP,Singapore,1998,,87,,,,,,90,88,,82.7,92.1,,100,,86.9,83,90,70,60782.1972058002,,,,,,9.29782404543963,,,,,,,,11.015068668012606,-5.612496688806168
SGP,Singapore,1999,,86.9,,,,,,90,87,,82.7,93.4,,100,,86.4,83,90,70,63746.4792227046,,,,,,9.51661131566914,,,,,,,,11.062684920634249,4.761625262164237
SGP,Singapore,2000,8.7,87.7,7.31,8.61,9.45,9.58,8.56,90,91,,82.7,91.3,,100,,90.9,83,90,70,68314.5444027166,,,,,,9.79140548721663,,,,,,,,11.131892609747885,6.920768911363595
SGP,Singapore,2001,8.63,87.8,7.07,8.62,9.49,9.63,8.38,90,91,,83.1,90.3,,100,,92.9,83,90,70,65784.4018813783,,,,,,10.1990563339464,,,,,,,,11.094153236793641,-3.7739372954243677
SGP,Singapore,2002,8.72,87.4,7.35,8.65,9.51,9.63,8.48,90,91,,83.1,90.3,,100,,89,83,90,70,67744.2702679808,,,,,,9.94411234950248,,,,,,,,11.12350992476229,2.93566879686491
SGP,Singapore,2003,8.7,88.2,7.27,8.55,9.54,9.64,8.52,90,92,,87.8,90.2,,100,,88.6,85,90,70,71877.5348633552,,,,,,9.7115845076237,,,,,,,,11.182732957597871,5.9223032835580725
SGP,Singapore,2004,8.73,88.9,7.55,8.38,9.54,9.6,8.63,90,93,,87.8,91.1,,100,,93,85,90,70,78039.024710382,,,,,,10.1457977343586,,,,,,,,11.264977111374389,8.224415377651795
SGP,Singapore,2005,8.78,88.6,7.66,8.39,9.73,9.59,8.54,90,94,,88.5,89.3,,100,98.2,91.4,85,90,60,81841.1587801054,,,,,,10.0905427691334,,,,,,,,11.312547778333641,4.7570666959252605
SGP,Singapore,2006,8.8,88,7.76,8.42,9.56,9.64,8.66,90,93,,89.5,89.6,,96.9,98.2,88,85,90,60,86463.8283836607,,,,,,10.0122430035824,,,,,,,,11.36749300195103,5.494522361738774
SGP,Singapore,2007,8.8,87.1,7.84,8.43,9.28,9.68,8.78,90,94,,89.5,93.8,,96.7,97.8,89.4,90,80,50,90417.8073849967,,,,,,10.2761624744053,,,,,,,,11.41220757103585,4.4714569084820965
SGP,Singapore,2008,8.74,87.3,8,8.4,8.84,9.69,8.79,90,94,,90.3,93.9,,97.8,98,88.9,90,80,50,87329.5937792686,,,,,,9.98327191788534,,,,,,,,11.377456124643436,-3.4751446392414564
SGP,Singapore,2009,8.8,87.1,7.87,8.37,9.36,9.7,8.73,90,93,,91.1,93.8,,98.3,98.1,86.8,90,80,50,84843.5194001734,,,,,,9.83740075740833,,,,,,,,11.348575676945995,-2.8880447697440914
SGP,Singapore,2010,8.69,86.1,7.82,8.38,8.94,9.54,8.77,90,92,,90.7,95.3,,98.2,98.9,80.9,90,75,50,95456.1893079996,,,,,,9.1798497996429,,,,,,,,11.466433146464142,11.78574695181478
SGP,Singapore,2011,8.67,87.2,7.92,8.32,8.83,9.52,8.78,90,92,,91.1,91.3,,98.2,98,86.2,90,75,60,99296.7561111269,,,,,,9.58980117120697,,,,,,,,11.505878252709739,3.944510624559605
SGP,Singapore,2012,8.58,87.5,7.74,8.33,8.97,9.07,8.8,90,93,,91.3,91.3,,97.2,92.1,84.8,90,75,70,101187.825333454,,,,,,9.28157431368887,,,,,,,,11.524743608132402,1.8865355422663654
SGP,Singapore,2013,8.63,88,7.73,8.3,9.26,9.12,8.74,90,92,,91.1,91.3,,97.1,91.4,82,90,75,80,104359.030680724,,,,,,8.65673903410736,,,,,,,,11.555602033239929,3.0858425107526344
SGP,Singapore,2014,8.77,89.4,7.67,8.32,9.45,9.63,8.77,90,91.9,,91.2,91.2,,96.8,96.5,81.5,90,85,80,107066.858613992,,,,,,9.2849592525659,,,,,,,,11.581218105082996,2.56160718430678
SGP,Singapore,2015,8.81,89.4,7.54,8.37,9.81,9.52,8.79,90,86,,91.2,93.8,,96.9,96.9,83.7,90,85,80,108953.724294287,,,,,,8.27319995699337,,,,,,,,11.598687701472926,1.746959638992962
SGP,Singapore,2016,8.79,87.8,7.5,8.35,9.76,9.55,8.79,90,84,,91.2,90.1,,95,90.7,81.8,90,85,80,111579.742684331,,,,,,8.52429617566227,,,,,,,,11.62250375744773,2.381605597480352
SGP,Singapore,2017,8.81,88.6,7.53,8.36,9.8,9.55,8.79,97.1,87.9,91.5,90.5,90.1,80.7,95.1,90.8,84.3,90,85,80,116471.820764776,,,,,,8.72759985450916,,,,,,,,11.665413226613214,4.290946916548499
SGP,Singapore,2018,8.81,88.8,7.56,8.36,9.81,9.56,8.77,98.4,91.2,90.9,90.4,90.6,80,90.9,92.6,85.2,90,85,80,119927.769127927,,,,,,8.89357181335446,,,,,,,,11.694653254918926,2.9240028305711263
SGP,Singapore,2019,8.8,89.4,7.53,8.37,9.78,9.56,8.77,97.4,95.1,92.4,90.4,90.7,80,90.8,91,85.3,94.8,85,80,120114.133894235,,,,,,9.16541056209865,,,,,,,,11.696206010905696,0.15527559867702934
SGP,Singapore,2020,8.5,89.4,7.03,8.39,9.56,8.94,8.6,96.8,92.4,92.9,90.3,91.1,80,92.8,90.9,85.6,94.8,85,80,115893.042395938,,,,,,9.68474174390962,,,,,,,,11.660431625038054,-3.577438586764181
SGP,Singapore,2021,8.53,89.7,7.23,8.43,9.28,8.94,8.74,97.5,93.2,90.8,90.5,94.1,80,93.8,91.5,85.4,95,85,80,132617.354020876,,,,,,9.71401945721408,,,,,,,,11.795230763602255,13.479913856420112
SGP,Singapore,2022,8.55,84.4,7.32,8.4,8.71,9.56,8.73,94.4,92.8,58.3,90.5,90.1,79.6,83.1,77,86.5,95,85,80,133571.962410322,,,,,,9.19152251402134,,,,,,,,11.802403142435411,0.717237883315569
SLB,Solomon Islands,1995,,,,,,,,,,,,,,,,,,,,2996.27162353451,,,,,,72.5629378882345,,,,,,,,8.005457695019828,
SLB,Solomon Islands,1996,,,,,,,,,,,,,,,,,,,,2957.81917928087,,,,,,72.2607844445927,,,,,,,,7.9925455418073685,-1.2912153212459643
SLB,Solomon Islands,1997,,,,,,,,,,,,,,,,,,,,2848.31969373436,,,,,,72.1672917987684,,,,,,,,7.954835540815517,-3.771000099185162
SLB,Solomon Islands,1998,,,,,,,,,,,,,,,,,,,,2805.2662186594,,,,,,72.1106298455155,,,,,,,,7.939610130951601,-1.5225409863916184
SLB,Solomon Islands,1999,,,,,,,,,,,,,,,,,,,,2717.52715749125,,,,,,72.0225769485937,,,,,,,,7.907845526416986,-3.176460453461516
SLB,Solomon Islands,2000,,,,,,,,,,,,,,,,,,,,2276.82191920056,,,,,,72.3321155311024,,,,,,,,7.730974966763728,-17.687055965325715
SLB,Solomon Islands,2001,,,,,,,,,,,,,,,,,,,,2055.27436724543,,,,,,72.7515621024061,,,,,,,,7.628651064775592,-10.232390198813679
SLB,Solomon Islands,2002,,,,,,,,,,,,,,,,,,,,1960.42387516654,,,,,,73.0036278911908,,,,,,,,7.581425955396902,-4.722510937868929
SLB,Solomon Islands,2003,,,,,,,,,,,,,,,,,,,,2050.30870033396,,,,,,73.0860955545432,,,,,,,,7.62623325885479,4.480730345788775
SLB,Solomon Islands,2004,,,,,,,,,,,,,,,,,,,,2168.50586845628,,,,,,72.9782667492606,,,,,,,,7.682254710215747,5.602145136095693
SLB,Solomon Islands,2005,,,,,,,,,,,,,,,,,,,,2287.27362263512,92.6,62.7,46.1,5,,72.8473767138788,,,,,,,,7.7355529356618895,5.329822544614249
SLB,Solomon Islands,2006,,,,,,,,,,,,,,,,,,,,2340.65153178621,,,,,,72.4985663037427,,,,,,,,7.758611742218805,2.305880655691528
SLB,Solomon Islands,2007,,,,,,,,,,,,,,,,,,,,2384.31783066088,,,,,,72.160082809952,,,,,,,,7.777087656775412,1.847591455660691
SLB,Solomon Islands,2008,,,,,,,,,,,,,,,,,,,,2489.78306207696,,,,,,71.7620418097933,,,,,,,,7.820352422781246,4.326476600583451
SLB,Solomon Islands,2009,,46,,,,,,30,28,,68.9,0,,67.2,76.3,73.5,66.4,20,30,2514.89101043351,,,,,,71.3523462703109,,,,,,,,7.830382298294419,1.002987551317247
SLB,Solomon Islands,2010,,42.9,,,,,,30,29,,67.9,0,,63.2,68.4,65.5,65.2,10,30,2682.28532344354,,,,,,70.8827859048671,,,,,,,,7.894797189700043,6.4414891405624175
SLB,Solomon Islands,2011,,45.9,,,,,,30,28,,69.2,32.9,,59.8,66.6,70.4,62.4,10,30,2777.47851512924,,,,,,70.2439562459785,,,,,,,,7.929658760147067,3.4861570447024093
SLB,Solomon Islands,2012,,46.2,,,,,,30,28,,69.3,30.3,,63.7,68.1,77.4,55.4,10,30,2743.45849913875,90.7,52.1,37.1,7,6.83,69.9696645504582,,,,,,,,7.917339066410411,-1.2319693736656312
SLB,Solomon Islands,2013,,45,,,,,,30,27,,66.2,6.1,,66.6,66.4,75.4,72.6,10,30,2783.59190841229,,,,,,69.7947965670157,,,,,,,,7.931856609636118,1.451754322570764
SLB,Solomon Islands,2014,,46.2,,,,,,30,25,,61.4,21.3,,65.2,65.2,75.4,73,15,30,2716.42200217839,,,,,,69.5520436108431,,,,,,,,7.907438916533183,-2.4417693102935623
SLB,Solomon Islands,2015,,47,,,,,,30,25,,61.1,25.7,,67.7,68.6,74.3,73,15,30,2664.72477884762,,,,,,69.4972619173416,,,,,,,,7.888231261669107,-1.9207654864075607
SLB,Solomon Islands,2016,,47,,,,,,30,25,,61.4,25.2,,68.5,66.2,75.5,73,15,30,2715.23362293936,,,,,,69.336087553099,,,,,,,,7.907001502261846,1.8770240592738574
SLB,Solomon Islands,2017,,55,,,,,,39.3,33.9,41.9,62.8,34.4,99.8,68.5,70.5,81,83,15,30,2703.66346303885,,,,,,69.1362991144034,,,,,,,,7.902732770616012,-0.42687316458334124
SLB,Solomon Islands,2018,,57.5,,,,,,49.4,36.8,57.3,65.5,35.6,99.8,68.9,72.4,84,74.7,15,30,2686.11900111375,,,,,,68.9842290817059,,,,,,,,7.896224895358581,-0.6507875257431017
SLB,Solomon Islands,2019,,54.6,,,,,,49.9,33.5,51.7,65.5,36.5,89.4,68.6,72,86,56.8,15,30,2661.61667922254,,,,,,68.84400849407,,,,,,,,7.887064632239648,-0.9160263118933365
SLB,Solomon Islands,2020,,52.9,,,,,,54.6,33.5,53.7,65.6,34.2,76.6,67.7,72,84.3,48,15,30,2515.14143211528,,,,,,69.7755727926143,,,,,,,,7.83048182932282,-5.658280291682782
SLB,Solomon Islands,2021,,56.5,,,,,,46.1,35.2,55.9,66.3,55.3,92.2,58.9,73.8,80.6,68.6,15,30,2449.87009821452,,,,,,69.1414556873371,,,,,,,,7.804198382619109,-2.6283446703710744
SLB,Solomon Islands,2022,,56.5,,,,,,50.6,42.3,59.5,70.5,60.1,98,44.4,60.2,79,68.6,15,30,2330.10309195408,,,,,,69.0424833768775,,,,,,,,7.754096864550322,-5.01015180687876
SLE,Sierra Leone,1995,3.87,49.8,5.9,2.06,3.74,5.73,2.23,50,10,,51.7,91.5,,70,,49.9,45,50,30,2058.07683318146,,,,,,90.0971159707145,,,,,,,,7.6300130221069304,
SLE,Sierra Leone,1996,,52.3,,,,,,50,10,,51.3,91.5,,70,,56.8,61,50,30,2084.1822265,,,,,,90.2154502085717,,,,,,,,7.6426115292148085,1.259850710787802
SLE,Sierra Leone,1997,,45,,,,,,30,10,,51.3,88.9,,70,,58.2,16.2,50,30,1936.55653107258,,,,,,90.3763149567197,,,,,,,,7.569182938129635,-7.342859108517352
SLE,Sierra Leone,1998,,47.7,,,,,,30,10,,51.9,93.2,,70,,59,35,50,30,1951.82091117813,,,,,,90.4474168016118,,,,,,,,7.577030227326482,0.7847289196846852
SLE,Sierra Leone,1999,,47.2,,,,,,30,10,,52.1,90.7,,55,,58.2,49,50,30,1903.3269610781,,,,,,90.4932607016328,,,,,,,,7.551883923863865,-2.5146303462617148
SLE,Sierra Leone,2000,4.61,44.2,6.1,2.38,6.47,4.47,3.7,30,10,,53.8,90.3,,55,,50.7,48.4,30,30,1981.50608696758,,,,,,90.4080480198692,,,,,,,,7.592117023853636,4.023309998977176
SLE,Sierra Leone,2001,4.56,,6.6,2.4,6.26,3.82,3.7,,,,,,,,,,,,,1749.35086324104,,,,,,90.5342525091019,,,,,,,,7.467571540102062,-12.454548375157426
SLE,Sierra Leone,2002,4.79,,6.3,2.51,5.72,5.43,4.05,,,,,,,,,,,,,2089.26152736756,,,,,,90.3074383486426,,,,,,,,7.645044469842163,17.747292974010076
SLE,Sierra Leone,2003,4.93,42.2,6.38,2.71,5.73,5.76,4.15,10,10,,70.6,75.3,,40,,81.9,31.8,30,30,2196.28134548105,95.7,68.2,40.2,6.6,47.77,89.9871973929236,,,,,,,,7.694976123121154,4.993165327899085
SLE,Sierra Leone,2004,4.88,43.6,6.44,2.75,5.42,5.7,4.15,10,10,,69.9,72.8,,40,,86.6,43,30,30,2260.83818961545,,,,,,89.6496758033007,,,,,,,,7.723933119906696,2.895699678554209
SLE,Sierra Leone,2005,5.15,44.8,6.51,2.77,5.59,6.28,4.67,10,22,,73.5,75.5,,40,32.5,81.7,53.2,30,30,2296.65767887048,,,,,,89.3575283011578,,,,,,,,7.739645482504022,1.5712362597326113
SLE,Sierra Leone,2006,5.46,45.2,8.49,2.7,5.65,6.16,4.35,10,23,,75.1,68.9,,50.8,32,74,58.4,30,30,2342.75461136539,,,,,,89.0796114838197,,,,,,,,7.759509457232685,1.986397472866308
SLE,Sierra Leone,2007,5.81,47,8.64,3.02,6.17,6.15,5.11,10,24,,73,81.5,,50.5,32.7,72.9,55.2,30,40,2377.80530113361,,,,,,88.7643250144391,,,,,,,,7.774353666320628,1.4844209087942595
SLE,Sierra Leone,2008,5.71,48.3,8.53,2.99,5.9,6.33,4.9,10,22,,81,81.8,,49.5,33.9,74.4,60.2,30,40,2404.65198784353,,,,,,88.4825838383909,,,,,,,,7.785576242616196,1.1222576295568665
SLE,Sierra Leone,2009,6.11,47.8,8.71,4,6.5,6.3,5.07,10,21,,80.9,86.3,,57,33.4,73.8,66,30,20,2376.58254518958,,,,,,88.2571295293364,,,,,,,,7.773839513139485,-1.1736729476711005
SLE,Sierra Leone,2010,6.05,47.9,8.67,4.01,5.73,6.43,5.43,10,19,,80.9,80.5,,54.6,39,71.7,62.8,40,20,2459.76814418708,,,,,,88.024088919116707,,,,,,,,7.808228833919943,3.438932078045731
SLE,Sierra Leone,2011,5.74,49.6,7.13,4.1,5.62,6.51,5.39,10,22,,80.8,86.8,,54.9,39.4,74.2,62.8,45,20,2590.52839483651,94.3,58.6,34,7.9,39.67,87.8205294606846,,,,,,,,7.860003094481373,5.17742605614302
SLE,Sierra Leone,2012,5.8,49.1,7.43,4.17,5.96,6.71,4.74,10,24,,80.9,84.3,,51.8,42,70.1,62.8,45,20,2792.92626544926,,,,,,87.4295836435811,,,,,,,,7.935203149149872,7.520005466849877
SLE,Sierra Leone,2013,5.83,48.3,7.12,4.23,6.33,6.67,4.81,10,25,,80.7,75.9,,51.5,26.3,68.5,70.2,55,20,3124.72832450941,,,,,,86.8263262841576,,,,,,,,8.047422598858354,11.221944970848252
SLE,Sierra Leone,2014,5.91,50.5,7.34,4.21,6.5,6.04,5.48,15,24.6,,80.7,85.7,,55.3,28.7,70.2,70.2,55,20,2812.52832195116,,,,,,86.4174200982451,,,,,,,,7.942194605270565,-10.522799358778911
SLE,Sierra Leone,2015,5.82,51.7,7.22,4.25,6.36,5.78,5.51,10,30,,80.8,87.5,,53.4,41.6,68.5,70.2,55,20,2628.17058146385,,,,,,86.5360546223957,,,,,,,,7.874423707168085,-6.777089810247983
SLE,Sierra Leone,2016,5.69,52.3,6.93,4.25,6.25,6.11,4.93,10,31,,81.2,92.6,,49.9,43.2,70.8,69.4,55,20,2732.26093997048,,,,,,86.453582297112,,,,,,,,7.913250658856837,3.8826951688752054
SLE,Sierra Leone,2017,5.56,52.6,7.07,4.31,5.62,6.08,4.74,37.4,18.9,27,81.3,90.2,76.2,49.6,29.7,71.1,69.4,60,20,2753.42719846704,,,,,,86.4075251683012,,,,,,,,7.920964786527928,0.7714127671090587
SLE,Sierra Leone,2018,5.64,51.8,7.33,4.34,5.78,6.12,4.65,33.6,22,29.6,79.9,89.8,65.9,51.3,30.5,69.5,69.4,60,20,2767.38003381598,91.5,52.5,35.7,7.9,40.91,86.3202964836759,,,,,,,,7.926017602767152,0.5052816239223823
SLE,Sierra Leone,2019,5.95,47.5,7.64,4.36,6.26,6.62,4.87,35.5,26.2,34.5,87.3,84.4,13.2,44.9,29.3,65,69.4,60,20,2852.66269917494,,,,,,86.2210676719891,,,,,,,,7.956358605759757,3.0341002992605226
SLE,Sierra Leone,2020,5.8,48,7.39,4.51,6.27,6,4.82,40.7,21.8,39.4,87.5,83.5,9.8,50.1,29.7,64.2,69.4,60,20,2752.62615440121,,,,,,87.4636319615755,,,,,,,,7.920673923669433,-3.5684682090323605
SLE,Sierra Leone,2021,5.77,51.7,7.18,4.46,6.4,6,4.81,42.3,30.5,45.7,86.7,85.9,39.7,49.6,30.1,65.1,64.6,60,20,2849.38865926436,,,,,,86.9520389016352,,,,,,,,7.9552106356366306,3.453671196719732
SLE,Sierra Leone,2022,5.59,52,7.4,4.49,4.68,6.63,4.75,43.1,32.4,41.9,86.7,84.9,54,34.4,38.2,65.1,63.6,60,20,2934.73326430435,,,,,,86.766097222455,,,,,,,,7.9847125355747135,2.9501899938082943
SLV,El Salvador,1995,6.86,69.1,8.48,4.75,8.56,6.87,5.74,50,50,,83.8,93.6,,70,,69.4,65,70,70,7057.92025248354,63.2,30.8,49.8,3.7,,38.6189332532773,,,,,,,,8.862047380049258,
SLV,El Salvador,1996,,70.1,,,,,,50,50,,83.7,92,,70,,72.5,73,70,70,7062.30007824136,64.3,32,51,3.5,,39.0882849408196,,,,,,,,8.862667654453094,0.062027440383616295
SLV,El Salvador,1997,,70.5,,,,,,50,50,,83.6,92,,70,,74.1,75,70,70,7234.94456228435,,,,,,38.6973940283857,,,,,,,,8.886816185109987,2.414853065689293
SLV,El Salvador,1998,,70.2,,,,,,50,50,,83.5,91.9,,70,,75.1,71,70,70,7381.114604175,62.9,34.5,54.4,2.1,,38.4564751336962,,,,,,,,8.90681540828317,1.9999223173183367
SLV,El Salvador,1999,,75.1,,,,,,70,50,,83.6,90.3,,70,,79.1,73,90,70,7498.46741097206,60,31.5,52.1,2.6,,38.3640187668857,,,,,,,,8.922587285132547,1.5771876849376198
SLV,El Salvador,2000,7.65,76.3,8.78,4.61,9.46,8.5,6.91,70,36,,83.7,94.1,,85,,82.9,75,90,70,7545.44796218991,56,27.2,51.5,3.2,,38.2865693033068,,,,,,,,8.928832262953884,0.6244977821337372
SLV,El Salvador,2001,7.49,73,8.66,4.61,9.22,8.44,6.55,50,39,,83.7,94.1,,85,,87.6,77.2,70,70,7580.32338410159,57.2,28.5,51.3,3.1,,38.7887876437926,,,,,,,,8.933443052329151,0.46107893752669327
SLV,El Salvador,2002,7.45,73,8.37,4.56,9.49,8.45,6.42,50,41,,83.7,93.3,,85,,86.3,77.4,70,70,7675.67106195114,56.8,28.7,51.9,3,,39.2920381041332,,,,,,,,8.945941276697626,1.2498224368474808
SLV,El Salvador,2003,7.5,71.5,8.5,4.55,9.53,8.47,6.48,50,36,,83.7,93.1,,85,,83.8,72,70,70,7780.27177685599,58.4,29.8,50.4,2.9,,37.5642014340618,,,,,,,,8.959475071275296,1.3533794577670122
SLV,El Salvador,2004,7.46,71.2,8.82,4.55,9.3,8.17,6.48,50,34,,83.6,90.8,,85,,85.2,72.2,70,70,7841.53237886842,56.9,26.7,47.8,3.7,,36.8247979600149,,,,,,,,8.967317068697486,0.7841997422190161
SLV,El Salvador,2005,7.49,71.5,8.67,4.67,9.35,8.09,6.68,50,37,,83.5,92.7,,85,68.1,85.6,72.8,70,70,8050.5345128919,57.1,26.5,48.5,3.9,,38.7306991213477,,,,,,,,8.993617974965897,2.630090626841053
SLV,El Salvador,2006,7.61,69.6,8.66,4.63,9.41,8.33,7.05,50,42,,86.2,92.2,,57.9,68.6,82.9,76.4,70,70,8404.24674903143,56.2,23.9,45.7,4.8,,36.5260765952962,,,,,,,,9.03661140282184,4.299342785594362
SLV,El Salvador,2007,7.66,68.9,8.89,4.53,9.22,8.43,7.26,50,42,,83.5,90,,60.2,69,77.7,76.6,70,70,8548.83476118605,53.1,21.2,45.2,5.2,,37.1484872463127,,,,,,,,9.053667235566984,1.7055832745143107
SLV,El Salvador,2008,7.6,68.5,8.73,4.58,9.03,8.5,7.19,50,40,,83.4,88.7,,59.5,69.9,76.8,76.6,70,70,8704.80584632591,56,24.3,46.9,4.6,,37.4422270229547,,,,,,,,9.071745420729398,1.8078185162414329
SLV,El Salvador,2009,7.48,69.8,8.57,4.4,9.4,8.25,6.79,50,40,,85.7,87.9,,67.3,67.5,77.4,81.8,70,70,8494.49847423621,56.6,24,45.8,4.9,,37.9118651741787,,,,,,,,9.047291710929095,-2.445370980030326
SLV,El Salvador,2010,7.4,69.9,8.66,4.32,9.41,7.85,6.78,50,39,,85.7,89.2,,67.4,64.5,74.1,83.8,75,70,8648.92982717672,54.8,23,43.5,5.1,,37.6719454250784,,,,,,,,9.0653064874279,1.8014776498805674
SLV,El Salvador,2011,7.33,68.8,8.64,4.34,9.12,7.78,6.77,40,34,,85.8,88,,65.5,64.9,79.9,85,75,70,8943.06191543327,56,22.6,42.3,5.6,,37.9353765092752,,,,,,,,9.098745117937252,3.3438630509351697
SLV,El Salvador,2012,7.3,68.7,8.46,4.36,9.42,7.71,6.53,40,36,,85.5,91.1,,63.2,65.3,82.1,79,75,70,9165.42034804478,53.5,20.9,41.8,5.7,,37.5444353072407,,,,,,,,9.12330212350313,2.4557005565878143
SLV,El Salvador,2013,7.32,66.7,8.35,4.51,9.6,7.68,6.48,40,34,,85.7,85.4,,61.8,62,79.6,79,70,70,9327.56424468351,49.1,18.7,43.4,5.5,,37.6423762611436,,,,,,,,9.14083639611373,1.7534272610600254
SLV,El Salvador,2014,7.39,66.2,8.35,4.45,9.59,8.05,6.48,40,34.3,,79.6,85.8,,59.6,63.3,80,79,70,70,9451.744607867,49.3,18.5,41.6,5.8,3.33,35.3900603003827,,,,,,,,9.154060413014717,1.3224016900986513
SLV,El Salvador,2015,7.36,65.7,8.32,4.25,9.69,7.99,6.55,35,38,,79.4,85.5,,53.3,53.3,82.5,85.2,75,70,9646.15432339854,46.6,16.6,40.6,6.1,,36.0008841199992,,,,,,,,9.174418262077799,2.03578490630818
SLV,El Salvador,2016,7.39,65.1,8.29,4.21,9.84,8,6.63,35,39,,79.1,85.3,,56,52.6,83.4,85.8,75,60,9863.76121214453,44.9,16.4,40,5.9,10.27,35.9847365975662,,,,,,,,9.196724212603142,2.230595052534312
SLV,El Salvador,2017,7.32,64.1,8.38,4.19,9.69,8.04,6.31,45.3,31.7,35.4,79,85.9,74.7,57.3,54.5,79.2,86.5,80,60,10064.7934942601,42.4,14.8,38,6.4,9.66,36.3573999140128,,,,,,,,9.216898171952023,2.0173959348881
SLV,El Salvador,2018,7.3,63.2,8.41,4.18,9.63,7.92,6.35,37.3,25.2,35.4,78.9,86.3,78.5,58.2,52.9,79.8,86.4,80,60,10297.203612692,39.1,13.4,38.6,6.2,8.73,34.309632917246,,,,,,,,9.239724752472382,2.282658052035913
SLV,El Salvador,2019,7.35,61.8,8.45,4.27,9.65,8.01,6.39,37.6,23.4,29.1,78.1,86.3,81.9,57.2,53.1,79,81.4,75,60,10543.9383291317,34.7,11.2,38.8,6.3,8.82,34.6109339052804,,,,,,,,9.26340124454411,2.3676492071727395
SLV,El Salvador,2020,7.13,61.6,8.46,4.32,9.54,7.47,5.86,41.6,31.6,30.1,77.8,82.8,80,53.6,52.3,78.6,80.8,70,60,9692.44931605799,,,,,,34.9186374995032,,,,,,,,9.179205608113195,-8.419563643091443
SLV,El Salvador,2021,7.12,61,8.48,3.95,9.11,8.01,6.05,39.9,34.2,33.5,77.9,81,79.6,52.4,52.2,81,70.8,70,60,10809.713399518,33.5,12.3,39,5.6,,33.112479940051,,,,,,,,9.288292902860714,10.908729474751944
SLV,El Salvador,2022,7.01,59.6,8.44,3.93,8.71,7.98,6,43.2,36.1,46.8,77.7,74.7,50.3,65,54.6,76.8,69.4,60,60,11085.6178074688,32.7,11.9,38.8,5.6,,32.0681011931043,,,,,,,,9.313494057045839,2.5201154185124253
SOM,Somalia,1995,,,,,,,,,,,,,,,,,,,,636.662071307674,,,,,,51.7707761720407,,,,,,,,6.457808474223971,
SOM,Somalia,2000,,,,,8.47,,4.47,,,,,,,,,,,,,702.850071117611,,,,,,51.6651781007139,,,,,,,,6.556565366314832,9.875689209086058
SOM,Somalia,2001,,,,,8.47,,4.47,,,,,,,,,,,,,723.37973295051,,,,,,51.4634906619974,,,,,,,,6.585315747912891,2.8750381598059427
SOM,Somalia,2002,,,,,8.47,,4.47,,,,,,,,,,,,,749.913550912115,,,,,,51.2275695833699,,,,,,,,6.621290533170354,3.5974785257463004
SOM,Somalia,2003,,,,,8.47,,4.47,,,,,,,,,,,,,777.884552733299,,,,,,50.9177097262866,,,,,,,,6.657862835572739,3.6572302402384516
SOM,Somalia,2004,,,,,8.47,,4.59,,,,,,,,,,,,,803.059780580571,,,,,,50.5876430733592,,,,,,,,6.689673620370782,3.1810784798043557
SOM,Somalia,2005,,,,,8.47,,4.81,,,,,,,,,,,,,830.807245939909,,,,,,50.2436190523226,,,,,,,,6.723600738427288,3.392711805650528
SOM,Somalia,2006,,,,,8.47,,4.81,,,,,,,,,,,,,857.993655901941,,,,,,49.9059986064484,,,,,,,,6.755761536511047,3.2160798083759268
SOM,Somalia,2007,,,,,8.47,,4.81,,,,,,,,,,,,,887.36935223579,,,,,,50.0089018011208,,,,,,,,6.789387593716737,3.3626057205689897
SOM,Somalia,2008,,,,,8.47,,4.81,,,,,,,,,,,,,919.132083452828,,,,,,49.5539869431271,,,,,,,,6.824517228708513,3.5129634991776015
SOM,Somalia,2009,,,,,8.47,,4.81,,,,,,,,,,,,,956.220325392405,,,,,,49.0923328451083,,,,,,,,6.864033590025663,3.9516361317150306
SOM,Somalia,2010,,,,,8.47,,4.42,,,,,,,,,,,,,995.225555512318,,,,,,48.6246895852882,,,,,,,,6.903973693303844,3.9940103278181205
SOM,Somalia,2011,,,,,8.47,,4.42,,,,,,,,,,,,,1054.36214979106,,,,,,48.1335077945999,,,,,,,,6.961639256950652,5.766556364680753
SOM,Somalia,2012,,,,,8.47,,4.45,,,,,,,,,,,,,1114.80414892809,,,,,,47.7763994563787,,,,,,,,7.017330633748385,5.569137679773295
SOM,Somalia,2013,,,,,9.22,,4.45,,10,,,,,,,,,,,1197.72166459747,,,,,,47.3947902223592,,,,,,,,7.089010988460485,7.1680354712100325
SOM,Somalia,2014,,,,,8.8,,4.45,,5,,,,,,,,,,,1259.27432882615,,,,,,47.0298985999989,,,,,,,,7.139084697538278,5.007370907779318
SOM,Somalia,2015,,,,,8.7,,4.13,,8,,,,,,,,,,,1343.92517439606,,,,,,46.6641931415805,,,,,,,,7.204093658069112,6.500896053083416
SOM,Somalia,2016,,,,,9.42,,4.12,,8,,,,,,,,,,,1384.15517410135,,,,,,46.3520544663466,,,,,,,,7.233567451407878,2.9473793338765653
SOM,Somalia,2017,,,8.01,,9.4,,4.31,6.8,11.6,,100,,0,92.3,91.8,,,,,1527.66029071672,,,,,,45.9863129751675,,,,,,,,7.332147003818704,9.857955241082639
SOM,Somalia,2018,,,8.48,,9.27,,4.29,33.1,17.8,25.4,,,,,,,,,,1504.97908203481,,,,,,45.7263116662369,,,,,,,,7.317198518512253,-1.4948485306451431
SOM,Somalia,2019,5.89,,8.82,1.6,8.4,6.34,4.25,33.7,7.9,26.6,,,,31.7,,,,,,1491.29493918405,,,,,,45.5444702850766,,,,,,,,7.308070441645771,-0.9128076866481649
SOM,Somalia,2020,5.97,,8.76,1.62,8.87,6.34,4.27,20.1,13.1,26.5,,,,31.6,,,,,,1396.05544674978,,,,,,46.6617912364141,,,,,,,,7.242122048340335,-6.594839330543678
SOM,Somalia,2021,5.87,,8.7,1.63,8.96,5.8,4.27,27.8,11.5,23.3,,,,31.2,,,,,,1392.31782053371,,,,,,46.1279568402807,,,,,,,,7.239443103200467,-0.2678945139867217
SOM,Somalia,2022,5.95,,8.7,1.63,8.76,6.39,4.27,,,,,,,,,,,,,1387.54753732191,,,,,,46.1199827529124,,,,,,,,7.2360135426187835,-0.3429560581683866
SRB,Serbia,1995,,,,4.28,,,,,,,,,,,,,,,,8986.70591742248,,,,,,35.928479664352,,,,,,,,9.103612913302022,
SRB,Serbia,1996,,,,,,,,,,,,,,,,,,,,9548.34209005156,,,,,,35.7621490219441,,,,,,,,9.164227540007598,6.06146267055756
SRB,Serbia,1997,,,,,,,,,,,,,,,,,,,,10433.685245549,,,,,,35.5282245389099,,,,,,,,9.2528906557165609,8.86631157089628
SRB,Serbia,1998,,,,,,,,,,,,,,,,,,,,11035.8420967993,,,,,,35.2354029608596,,,,,,,,9.308994236956698,5.610358124013715
SRB,Serbia,1999,,,,,,,,,,,,,,,,,,,,9932.22300606122,,,,,,35.0853124142947,,,,,,,,9.203640276991345,-10.535395996535257
SRB,Serbia,2000,,,,4.67,1.01,,7.86,,,,,,,,,,,,,10567.3394045858,,,,,,34.9126074439141,,,,,,,,9.265617961941725,6.19776849503797
SRB,Serbia,2001,,,,4.93,0.01,,8.07,,,,,,,,,,,,,11303.0674607538,,,,,,34.6834069636284,,,,,,,,9.332917892212249,6.729993027052394
SRB,Serbia,2002,4.9,46.6,6.62,4.99,0.9,,5.38,30,10,,89.8,74.8,,40,,46.8,88.4,10,30,12047.8687160434,13.7,3.3,32.7,8,,34.4177727528783,,,,,,,,9.39672605202554,6.380815981329135
SRB,Serbia,2003,5.28,43.5,6.62,4.99,2.46,,5.38,30,10,,79.8,89.2,,40,,34.2,68.4,10,30,12629.950875973,19.7,4.9,32.8,7.8,,34.0836199534882,,,,,,,,9.443905499602689,4.717944757714854
SRB,Serbia,2004,5.53,,6.62,4.99,3.43,,5.38,,,,,,,,,,,,,13505.9756136945,26.8,7.3,35.5,7.3,,33.6622095977583,,,,,,,,9.510961543102297,6.705604349960836
SRB,Serbia,2005,5.54,,6.62,4.98,3.27,7.22,5.63,,,,,,,,,,,,,14346.3365567713,24.7,7,36.5,6.9,,33.2135317523254,,,,,,,,9.57131959816097,6.035805505867309
SRB,Serbia,2006,5.93,,6.66,5.08,5.28,7.16,5.49,,,,,,,,,,,,,14964.665512524,19.4,4.6,29.7,8.5,6.21,32.7543685474221,,,,,,,,9.613513890565873,4.219429240490236
SRB,Serbia,2007,6.32,,7.28,5.21,6.07,7.51,5.53,,,,,,,,,,,,,16202.2691091563,16.7,4,28.7,8.9,6.79,32.2538867524581,,,,,,,,9.692968297723727,7.945440715785423
SRB,Serbia,2008,6.14,,6.95,5.13,5.62,7.56,5.46,,,,,,,,,,,,,17111.1391662381,14.6,3,27.6,9.3,5.62,31.7641142566824,,,,,,,,9.747543383398533,5.4575085674805734
SRB,Serbia,2009,6.31,56.6,6.88,5.07,6.31,7.38,5.89,40,34,,85.9,46.3,,56,70,65.8,78,40,50,16639.9945928357,16.1,3.7,28,9,7.55,30.8923244429888,,,,,,,,9.71962448379304,-2.7918899605491987
SRB,Serbia,2010,6.38,56.9,6.72,5.23,6.77,7.35,5.85,40,34,,83.2,41.4,,58.9,72.2,64.5,75.2,50,50,16976.1685903029,19.8,4.7,29,8.6,8.51,31.1314554545562,,,,,,,,9.739624696273365,2.0000212480324464
SRB,Serbia,2011,6.44,58,6.79,5.28,6.66,7.33,6.15,40,35,,83.6,41.9,,59,68.9,66,75.2,60,50,17114.2818298012,,,,,6.96,28.5643429811022,,,,,,,,9.747727017659045,0.81023213856799
SRB,Serbia,2012,6.59,58,6.89,5.28,7.27,7.35,6.16,40,35,,84.1,39.3,,56.5,68.7,68,77.9,60,50,17121.1618489925,29.2,12.2,39.9,4.7,8.29,28.4204058344184,,,,,,,,9.748128917949758,0.040190029071318634
SRB,Serbia,2013,6.65,58.6,6.86,5.11,7.31,7.42,6.57,40,33,,84.2,40.3,,60.2,70.4,65.3,77.9,65,50,17282.336893061,33,13.8,39.4,4.7,8.1,28.2572842221001,,,,,,,,9.75749813095257,0.936921300281135
SRB,Serbia,2014,6.79,59.4,6.89,5.12,7.85,7.68,6.42,40,34,,83.1,38.6,,59.3,70.1,66.9,77,75,50,17053.2445925468,32.9,14.5,40.4,4.3,7.89,28.1396206590348,,,,,,,,9.744154401438315,-1.3343729514254221
SRB,Serbia,2015,6.92,60,6.85,5.18,7.95,7.68,6.94,45,42,,82.4,27.1,,57.8,70.4,72.2,78.2,75,50,17362.8381754266,31.8,13.8,40.5,4.4,5.68,26.384807886842,,,,,,,,9.762145056831402,1.799065539308664
SRB,Serbia,2016,6.98,62.1,6.82,5.2,8.13,7.7,7.04,50,41,,84.3,44.1,,60.2,66.2,77.5,77.8,70,50,17973.2961241907,29,12.8,38.8,4.5,6.32,28.0683656013172,,,,,,,,9.796698023223959,3.4552966392556783
SRB,Serbia,2017,6.99,58.9,6.99,5.21,8,7.81,6.93,50.3,38.2,40.2,83.3,40.3,46.9,62.9,65.9,80.8,77.8,70,50,18496.2515471881,26.2,11,36.1,5.2,6.2,27.2580928231229,,,,,,,,9.825377435012681,2.8679411788722575
SRB,Serbia,2018,7.03,62.5,6.84,5.34,8.13,7.84,7.02,46.2,36.5,48.2,83.5,40.6,67,68.3,69.2,82.9,87.4,70,50,19462.24952129,20.7,7.8,35,5.9,6.33,24.6704834461949,,,,,,,,9.876283326449663,5.090589143698132
SRB,Serbia,2019,7.08,63.9,6.68,5.39,8.19,8.07,7.06,50.1,37.2,44.8,82,45.1,90.1,72.9,67.4,80,77,70,50,20496.4382132514,15.1,5.4,34.5,6.4,6.66,24.3366747982905,,,,,,,,9.928055192110449,5.177186566078618
SRB,Serbia,2020,6.82,66,6.21,5.39,8.1,7.46,6.92,55.4,44,46.8,83.7,49.7,94.1,72.6,66.9,80.7,78,70,50,20437.3998083929,12.6,4.4,35,6.6,,23.9035890568031,,,,,,,,9.925170753992411,-0.28844381180377354
SRB,Serbia,2021,6.86,67.2,6.03,5.44,7.7,8.09,7.01,57.9,45,50.6,92.5,49.6,94.6,71,67.3,81.1,77.2,70,50,22271.1620243646,9.4,3.4,33.1,7.1,7,24.3037407198294,,,,,,,,10.011092837908539,8.592208391612743
SRB,Serbia,2022,6.7,65.2,6.23,5.45,6.7,8.06,7.06,58.8,37.9,50.4,90.9,42.5,85.7,74.4,62.9,81.6,77,70,50,23456.2977897073,10.3,3.8,32.8,6.9,8.49,24.0710644765474,,,,,,,,10.06293693184387,5.1844093935331514
STP,Sao Tome Principe,1995,,,,,,,,,,,,,,,,,,,,3802.29132302174,,,,,,41.5211016192784,,,,,,,,8.243622108471024,
STP,Sao Tome Principe,1996,,,,,,,,,,,,,,,,,,,,3801.08164933857,,,,,,41.3190529875986,,,,,,,,8.243303998183004,-0.03181102880205344
STP,Sao Tome Principe,1997,,,,,,,,,,,,,,,,,,,,3784.7902343178,,,,,,41.1793702631093,,,,,,,,8.23900992461303,-0.42940735699730226
STP,Sao Tome Principe,1998,,,,,,,,,,,,,,,,,,,,3828.99823839083,,,,,,40.9399224806202,,,,,,,,8.250619622224411,1.1609697611380199
STP,Sao Tome Principe,1999,,,,,,,,,,,,,,,,,,,,3878.13108525246,,,,,,40.6441626480919,,,,,,,,8.263366460437542,1.2746838213130829
STP,Sao Tome Principe,2000,,,,,,,,,,,,,,,,,,,,3852.89042721453,78.2,35.3,32.1,8,,40.3881104531864,,,,,,,,8.25683841764501,-0.6528042792531608
STP,Sao Tome Principe,2001,,,,,,,,,,,,,,,,,,,,3907.0192818698,,,,,,40.0035054919374,,,,,,,,8.270785947098762,1.3947529453751883
STP,Sao Tome Principe,2002,,,,,,,,,,,,,,,,,,,,3942.76040695115,,,,,,39.75397889582,,,,,,,,8.27988996513261,0.9104018033847083
STP,Sao Tome Principe,2003,,,,,,,,,,,,,,,,,,,,4161.63833167542,,,,,,39.4633873672443,,,,,,,,8.333904366571437,5.401440143882752
STP,Sao Tome Principe,2004,,,,,,,,,,,,,,,,,,,,4202.56186898775,,,,,,39.1417707767518,,,,,,,,8.343687508913034,0.9783142341596829
STP,Sao Tome Principe,2005,,,,,,,,,,,,,,,,,,,,4371.49721644128,,,,,,38.761833847463,,,,,,,,8.383089570286787,3.9402061373753128
STP,Sao Tome Principe,2006,,,,,,,,,,,,,,,,,,,,4644.18044669991,,,,,,38.2299412407051,,,,,,,,8.44358549800683,6.049592772004253
STP,Sao Tome Principe,2007,,,,,,,,,,,,,,,,,,,,4698.08416961839,,,,,,37.727959697733,,,,,,,,8.455122911182952,1.1537413176123223
STP,Sao Tome Principe,2008,,,,,,,,,,,,,,,,,,,,4873.1813112046,,,,,,37.44258770644,,,,,,,,8.491707433165931,3.6584521982979012
STP,Sao Tome Principe,2009,,43.8,,,,,,30,27,,75,22,,45.1,48,61.4,60,40,30,4919.19529822865,,,,,,36.7509162739778,,,,,,,,8.501103503460458,0.9396070294526382
STP,Sao Tome Principe,2010,,48.8,,,,,,30,27,,87.1,52.5,,43.5,47.6,59,66.6,45,30,4882.04796466341,83,38.5,30.8,8.4,12.11,36.4738546968996,,,,,,,,8.493524886799289,-0.757861666116888
STP,Sao Tome Principe,2011,,49.5,,,,,,30,28,,87.2,67.5,,32,46.4,62.2,66.6,45,30,4876.47315792145,,,,,,36.2136578769438,,,,,,,,8.492382569236906,-0.11423175623832549
STP,Sao Tome Principe,2012,,50.2,,,,,,30,30,,87,49.1,,53.2,46.1,64.6,66.6,45,30,4919.55294386577,,,,,,36.1001490835745,,,,,,,,8.501176190136,0.8793620899094634
STP,Sao Tome Principe,2013,,48,,,,,,20,30,,86.9,45.3,,53.5,38.6,66,60,50,30,5072.11200195866,,,,,,35.8708581138488,,,,,,,,8.531709715375143,3.053352523914299
STP,Sao Tome Principe,2014,,48.8,,,,,,20,32.5,,86.9,27.9,,52.6,44.7,68.3,75.3,50,30,5223.09572886388,,,,,,35.5418211784095,,,,,,,,8.561036995609173,2.9327280234030084
STP,Sao Tome Principe,2015,,53.3,,,,,,25,42,,87.8,41.4,,65.1,45.8,70.7,75.2,50,30,5210.2037755431,,,,,,35.3311165418052,,,,,,,,8.558566159027214,-0.2470836581959901
STP,Sao Tome Principe,2016,,56.7,,,,,,25,42,,87.4,70.1,,65.9,46.1,67.6,73,60,30,5388.5091334891,,,,,,35.0550776536531,,,,,,,,8.592209589902332,3.364343087511834
STP,Sao Tome Principe,2017,,55.4,,,,,,37.7,39.7,15.9,87.8,67.9,67.1,65,47.2,69.6,71.8,65,30,5521.20249597413,70,30.1,40.7,6.4,16.67,34.7584276039499,,,,,,,,8.616532062584518,2.432247268218646
STP,Sao Tome Principe,2018,,53.6,,,,,,38,39.4,28.2,82,69.5,45.8,65.9,42.7,70.1,71.8,60,30,5674.72379094011,,,,,,34.5227938721762,,,,,,,,8.6439533744708,2.7421311886282496
STP,Sao Tome Principe,2019,,54,,,,,,37.4,35.5,26.6,87.2,67,62.3,65.1,42.7,70.5,64.2,60,30,5702.08347071236,,,,,,34.282173707038,,,,,,,,8.648762267330747,0.48088928599465675
STP,Sao Tome Principe,2020,,56.2,,,,,,41,37.4,26.5,88.3,77.1,73,64.8,43.4,68.1,64.2,60,30,5742.94724858826,,,,,,35.9070244903945,,,,,,,,8.65590192694429,0.7139659613542904
STP,Sao Tome Principe,2021,,55.9,,,,,,36.8,39.5,23.3,88.4,79.7,74.6,62.8,43.2,67,65.2,60,30,5732.69456061536,,,,,,35.3679165491965,,,,,,,,8.654115376907212,-0.17865500370781717
STP,Sao Tome Principe,2022,,60.3,,,,,,44.1,48.7,62.2,88.2,83.1,85.9,49,41.6,65.9,65,60,30,5632.13890715047,,,,,,35.2300323799244,,,,,,,,8.636422098123864,-1.769327878334792
SUR,Suriname,1995,,,,4.12,,,,,,,,,,,,,,,,16368.311360582,,,,,,13.7467367293661,,,,,,,,9.703163602319796,
SUR,Suriname,1996,,36.7,,,,,,50,10,,49.5,45.8,,70,,0,25,50,30,16184.4999295065,,,,,,17.0561316595995,,,,,,,,9.6918710543298,-1.1292547989995683
SUR,Suriname,1997,,35.9,,,,,,50,10,,41.7,61.1,,55,,0,25,50,30,16754.3511427064,,,,,,18.2327744462122,,,,,,,,9.726472957439505,3.460190310970468
SUR,Suriname,1998,,39.9,,,,,,50,10,,60.6,48.6,,55,,29.9,25,50,30,16789.7549005356,,,,,,17.1564064004329,,,,,,,,9.728583710379237,0.21107529397319524
SUR,Suriname,1999,,40.1,,,,,,50,10,,69.6,13.8,,55,,57.8,25,50,30,16217.5173031438,46.9,27.6,57.5,1.2,,17.4384931935409,,,,,,,,9.69390891184769,-3.4674798531547424
SUR,Suriname,2000,,45.8,,3.9,0.77,,6.75,50,10,,69.6,56.7,,55,,66,25,50,30,16220.1790603262,,,,,,17.6527022705469,,,,,,,,9.694073016786191,0.016410493850216312
SUR,Suriname,2001,,44.3,,3.89,0.77,,6.75,50,10,,63.8,78.1,,55,,36.7,25,50,30,16556.9440609927,,,,,,17.8227130386988,,,,,,,,9.71462126932565,2.0548252539459355
SUR,Suriname,2002,,48,,3.9,2.81,,6.57,50,10,,65.7,65.3,,55,,39,66.8,50,30,16678.0718706582,,,,,,18.1865096020862,,,,,,,,9.721910031118684,0.7288761793033061
SUR,Suriname,2003,,46.9,,3.9,1.2,,6.75,50,10,,67.3,48.1,,55,,45.4,66.8,50,30,17383.5015505612,,,,,,18.2345994882898,,,,,,,,9.76333437279488,4.142434167619591
SUR,Suriname,2004,,47.9,,3.89,4,,6.68,50,10,,61.4,62.2,,55,,58.1,54.4,50,30,18585.5170864176,,,,,,18.2271136198796,,,,,,,,9.830191709016065,6.685733622118484
SUR,Suriname,2005,5.58,51.9,7.28,4.07,4.02,,6.72,50,10,,66.6,70,,55,85.8,59.9,61.6,30,30,19220.2839696605,,,,,,18.150061500615,,,,,,,,9.863773484125499,3.3581775109434275
SUR,Suriname,2006,5.7,55.1,6.57,4.07,5.47,,6.56,50,43,,64.5,76.6,,42,86.2,67.1,61.6,30,30,20113.6707547695,,,,,,18.0113346727038,,,,,,,,9.909204716105236,4.543123197973742
SUR,Suriname,2007,6.5,54.8,7.19,4.06,8.21,,6.52,50,32,,67.8,75.6,,42,86.1,69.1,65,30,30,20902.1391589279,,,,,,17.8930069071194,,,,,,,,9.947654625665928,3.844990956069161
SUR,Suriname,2008,6.3,54.3,7.72,3.98,6.96,,6.46,50,30,,68,72.8,,41.9,86.3,69.2,65,30,30,21515.8119551093,,,,,,17.858832245747,,,,,,,,9.97658985995147,2.8935234285542677
SUR,Suriname,2009,6.75,54.1,7.28,4,9.19,,6.46,40,35,,67.7,75.5,,41.5,84.8,72.2,64.2,30,30,21906.4105447498,,,,,,17.8791765927555,,,,,,,,9.994580239605444,1.799037965397332
SUR,Suriname,2010,6.38,52.5,6.41,4.02,8.54,6.45,6.44,40,36,,66.9,77.8,,41,84.5,67.8,66.4,15,30,22772.4754543689,,,,,,17.968417241673,,,,,,,,10.03335178045266,3.8771540847216457
SUR,Suriname,2011,6.1,53.1,5.65,4.02,7.62,6.56,6.64,40,37,,68.1,80.3,,40.7,81.8,76.4,66.4,10,30,23829.5332856393,,,,,,18.0644656955989,,,,,,,,10.078722948593512,4.537116814085174
SUR,Suriname,2012,6.36,52.6,5.44,4.22,8.78,6.59,6.78,40,37,,63.2,67.5,,40.7,81.2,74.5,66.3,25,30,24193.8412373922,,,,,,18.2186483020757,,,,,,,,10.093894717411809,1.5171768818296627
SUR,Suriname,2013,6.41,52,5.33,4.15,9.13,6.6,6.83,40,30,,71.6,72.5,,40.2,77.5,66.7,66.3,25,30,24624.0219854601,,,,,,18.4271478588742,,,,,,,,10.111518358850454,1.762364143864481
SUR,Suriname,2014,6.34,54.2,5.33,4.15,8.86,6.76,6.59,40,32.9,,69,78.3,,41.8,81.8,71.8,66.2,30,30,24414.3554759734,,,,,,18.6571629623602,,,,,,,,10.102967536126545,-0.8550822723908169
SUR,Suriname,2015,6.31,54.2,5.68,4.14,8.3,6.86,6.58,35,36,,69.3,73.8,,42.2,81.9,77.2,66.2,30,30,23327.5252497447,,,,,,19.0979286218718,,,,,,,,10.05743215040473,-4.553538572181459
SUR,Suriname,2016,5.81,53.8,6.3,4.24,5.44,6.91,6.18,30,36,,69.4,70.3,,48.8,76.3,78.7,68.4,30,30,21950.4122148625,,,,,8.9,19.3036260295482,,,,,,,,9.996586754240678,-6.084539616405316
SUR,Suriname,2017,5.84,48,6.11,4.23,5.81,6.91,6.18,45.1,31.7,15.4,70.1,69.6,16.2,48.6,76.1,75.1,68.4,30,30,22070.5137570835,,,,,,19.4536674391395,,,,,,,,10.002043085801413,0.5456331560734995
SUR,Suriname,2018,6.2,48.1,6.16,4.19,7.24,6.91,6.51,39.7,39.9,21.4,71.4,76.4,11.7,48.3,73.5,50.5,74.8,40,30,22938.5353715545,,,,,,19.5492755422349,,,,,,,,10.040617136404771,3.85740506033585
SUR,Suriname,2019,6.19,48.1,6.16,4.14,7.54,6.6,6.51,49.1,35.5,22.2,70.9,77.2,9.6,48.3,73.5,56,64.6,40,30,22966.7405999124,,,,,,19.6085019483268,,,,,,,,10.041845927759084,0.12287913543129747
SUR,Suriname,2020,5.58,49.5,6.49,4.22,4.45,6.47,6.28,45.6,36.9,19.5,70.5,74.8,10.3,48.2,71.9,76.1,69.8,40,30,19091.3617184226,,,,,,19.3949498430558,,,,,,,,9.85704362401915,-18.4802303739934
SUR,Suriname,2021,5.35,46.4,6.3,4.27,3.84,6.49,5.86,45.5,38.5,15.4,70,68.2,7.8,45.8,61.9,73.7,60.2,40,30,18458.234999681,,,,,,18.7338249491236,,,,,,,,9.82332006622745,-3.3723557791700998
SUR,Suriname,2022,5.46,48.1,6.69,4.28,3.7,6.63,6.01,51.2,37.6,45.8,70.2,66.6,0,52.7,64.2,58.4,60.6,40,30,18742.5873760369,20.9,6.6,39.2,5.9,9.88,18.8820662207092,,,,,,,,9.838606966289593,1.5286900062143616
SVK,Slovak Republic,1995,6.15,60.4,5.21,6.19,7.05,7.35,4.95,70,50,,57.7,22.3,,85,,63.3,75,70,50,15811.9246441708,,,,,,8.20005865650574,,,,,,,,9.668582900076611,
SVK,Slovakia,1996,,57.6,,,,,,50,50,,66.4,22,,70,,65.1,75,70,50,16744.0673884448,9.5,3.3,26.3,8.9,,8.10708655196314,,,,,,,,9.725859009612252,5.7276109535640884
SVK,Slovakia,1997,,55.5,,,,,,50,50,,66.4,22,,70,,68.1,73,50,50,17630.0397577195,,,,,,7.69041561678173,,,,,,,,9.777416250267697,5.155724065544476
SVK,Slovakia,1998,,57.5,,,,,,50,50,,66.4,35.4,,70,,72.7,73,50,50,18280.0501282626,,,,,,7.27160288925215,,,,,,,,9.813620290199633,3.620403993193655
SVK,Slovakia,1999,,54.2,,,,,,50,50,,53,17.6,,70,,74,73,50,50,18174.9801324587,,,,,,7.89246684056345,,,,,,,,9.807856228455728,-0.5764061743905202
SVK,Slovak Republic,2000,6.81,53.8,6.06,6.24,7.3,7.74,6.72,50,39,,54.8,25,,70,,73.9,71.2,50,50,18343.237153675,,,,,,8.13619492995794,,,,,,,,9.81707075258735,0.9214524131621715
SVK,Slovak Republic,2001,6.91,58.5,6.05,6.06,7.68,7.87,6.89,50,37,,59.3,39.3,,70,,70.8,80.2,70,50,18914.3903304531,,,,,,8.52939455815691,,,,,,,,9.847731172881337,3.06604202939873
SVK,Slovak Republic,2002,6.93,59.8,5.85,6.07,7.89,7.69,7.17,50,35,,61.1,33.7,,70,,68.8,79.8,70,70,19757.0677888993,,,,,,8.78663686620708,,,,,,,,9.89131718255811,4.358600967677262
SVK,Slovak Republic,2003,6.9,59,5.98,6.13,6.98,8,7.44,50,37,,67.5,22.3,,70,,71.3,72.8,70,70,20730.249479935,,,,,,9.33801495568854,,,,,,,,9.93939747760932,4.80802950512107
SVK,Slovak Republic,2004,7.58,64.6,6.82,6.63,8.39,8.51,7.52,50,37,,68.5,42.4,,70,,80.8,72.8,70,90,21851.9549601873,10.2,2.6,27.1,8.7,,9.99217776084283,,,,,,,,9.99209142983235,5.269395222302897
SVK,Slovak Republic,2005,7.62,66.8,6.86,6.79,9.01,8.01,7.45,50,37,,81.9,42.4,,70,75.7,78,72.8,70,90,23266.7570493442,6.4,1.7,29.3,8.7,9.95,10.4643862108391,,,,,,,,10.054823863569238,6.273243373688864
SVK,Slovak Republic,2006,7.62,69.8,6.83,6.73,8.66,8.28,7.64,50,40,,89.5,52.5,,69.3,76.7,77.8,82.4,70,90,25342.3099268358,4.2,1.3,25.8,9.3,7.86,10.9316069138003,,,,,,,,10.140270065977823,8.544620240858514
SVK,Slovak Republic,2007,7.68,69.6,6.99,6.63,8.75,8.37,7.69,50,43,,89.5,53.7,,70.7,76.1,76.6,86.6,70,80,28075.8072794998,3.8,1.3,24.7,9.5,7.46,11.4091987641676,,,,,,,,10.2426991508028,10.242908482497626
SVK,Slovak Republic,2008,7.72,70,6.98,6.58,9.13,8.35,7.59,50,47,,89.4,53.9,,69.5,77.1,76.9,86,70,80,29556.2617975695,4.6,1.4,26,9.2,7.71,11.5648430550915,,,,,,,,10.294084738754258,5.138558795145798
SVK,Slovak Republic,2009,7.67,69.4,6.61,6.51,9.49,8.44,7.31,50,49,,84.1,57.4,,73.4,75.3,78.7,85.8,70,70,27891.8969419417,4.6,1.5,27.2,8.6,7.43,12.4085689546104,,,,,,,,10.236127345501385,-5.795739325287208
SVK,Slovak Republic,2010,7.68,69.7,6.68,6.49,9.64,8.31,7.32,55,50,,84,64.5,,72.6,65.1,78.2,87.5,70,70,29758.1740140117,4.6,1.4,27.3,8.5,7.33,12.8425346650569,,,,,,,,10.300892733656333,6.47653881549477
SVK,Slovak Republic,2011,7.74,69.5,6.82,6.72,9.48,8.25,7.48,50,45,,84.2,63.7,,73.4,64.5,81.6,87.6,75,70,30481.377866428,3.5,1.3,26.5,8.7,6.48,12.8677089021333,,,,,,,,10.32490402074807,2.4011287091736833
SVK,Slovak Republic,2012,7.64,67,6.82,6.64,9.28,8.21,7.32,50,43,,84.2,48.2,,71,58.1,83.5,87.1,75,70,30907.039248956,5,1.7,26.1,8.6,5.81,12.8711021710862,,,,,,,,10.33877159891665,1.3867578168580863
SVK,Slovak Republic,2013,7.66,68.7,6.59,6.63,9.66,8.21,7.26,50,40,,84.7,58,,71,72.2,79.1,86.8,75,70,31090.9880191144,5,1.7,28.1,8.3,,12.8696196859551,,,,,,,,10.344705445013435,0.5933846096784379
SVK,Slovak Republic,2014,7.72,66.4,6.27,6.6,9.75,8.71,7.31,50,41.8,,80.2,56,,67,53.6,78.1,87.8,80,70,31901.9424982702,5.2,2.1,26.1,8.4,,12.4795729988755,,,,,,,,10.37045352584405,2.5748080830615194
SVK,Slovak Republic,2015,7.63,67.2,5.92,6.62,9.73,8.63,7.28,50,47,,80.8,55.1,,69.6,56.5,75.5,88,80,70,33521.5954764975,5,1.7,26.5,8.5,8.52,12.4714316446743,,,,,,,,10.419974982281518,4.952145643746775
SVK,Slovak Republic,2016,7.71,66.6,6.53,6.6,9.43,8.61,7.41,50,50,,80.1,49.5,,68.4,55,79.5,88,75,70,34130.5050676203,4.8,2.3,25.2,8.7,,12.6787550670292,,,,,,,,10.437976139012854,1.80011567313354
SVK,Slovak Republic,2017,7.68,65.7,6.54,6.64,9.13,8.7,7.39,69,39.6,38,79.7,47.2,82.9,64.9,54.4,81.1,87,75,70,35057.2223763167,3,1.2,23.2,9.4,,12.4594216744778,,,,,,,,10.464765454860004,2.6789315847150164
SVK,Slovak Republic,2018,7.64,65.3,6.39,6.65,9.05,8.66,7.42,68.2,38.2,38.8,78.9,44.3,84.9,63.9,54,81,86.9,75,70,36430.794170419496,3.8,1.4,25,8.8,,12.3161043536917,,,,,,,,10.50319713859552,3.843168373551542
SVK,Slovak Republic,2019,7.66,65,6.38,6.66,9.15,8.68,7.43,68.5,37.7,37.2,78.6,46.1,87.2,61.3,53.4,78.6,86,75,70,37209.5332553073,2.5,0.8,23.2,9.5,,12.4733257375334,,,,,,,,10.524347152205658,2.115001361013924
SVK,Slovak Republic,2020,7.37,66.8,6.25,6.73,8.73,8.11,7.03,73.1,49.7,41.7,78.5,50.2,92.6,55.3,52.6,75.9,86.4,75,70,36216.4002110814,2.3,0.7,24.2,9.1,6.87,12.4747441106597,,,,,,,,10.497294951144017,-2.705220106164141
SVK,Slovak Republic,2021,7.49,66.3,6.31,6.74,8.93,8.35,7.11,71.5,48.8,44.4,78.4,47,93.4,55.6,52.2,74.8,84,75,70,38346.0935768177,2.8,1,24.1,9.1,7.06,12.0801465035228,,,,,,,,10.554434017139025,5.713906599500795
SVK,Slovak Republic,2022,7.39,69.7,6.53,6.76,7.97,8.6,7.09,83.2,53.7,71.9,77.3,41.8,76,75.9,56.5,75.5,79.2,75,70,38664.9076949851,6.6,2.3,24.1,8.4,8.11,12.3414458607171,,,,,,,,10.562713552649777,0.8279535510752112
SVN,Slovenia,1995,5.85,,4.64,6.49,4.19,7.72,6.08,,,,,,,,,,,,,24718.0238296539,,,,,,16.4086203588714,,,,,,,,10.11532842170024,
SVN,Slovenia,1996,,50.4,,,,,,30,30,,69.3,34.6,,70,,60.5,59,30,70,25454.1256098664,,,,,,16.2664456030492,,,,,,,,10.144672400909467,2.934397920922649
SVN,Slovenia,1997,,55.6,,,,,,50,50,,51.4,36.2,,70,,64,59,50,70,26806.4627835709,1,0.3,24.1,10.1,,18.4874868230976,,,,,,,,10.196435589809122,5.176318889965437
SVN,Slovenia,1998,,60.7,,,,,,70,50,,51.8,37.3,,70,,68.4,59,70,70,27688.0929526812,0,0,28.4,9.1,,18.4277371216174,,,,,,,,10.228793858412198,3.2358268603076112
SVN,Slovenia,1999,,61.3,,,,,,70,50,,52.4,39.5,,70,,70.8,59,70,70,29125.8913263147,1.2,0.3,24,10.1,,17.4815446055225,,,,,,,,10.27941712700217,5.062326858997146
SVN,Slovenia,2000,6.67,58.3,5.32,6.36,7.05,7.99,6.62,70,50,,52.9,36.5,,70,,71.9,73.6,50,50,30055.5726465546,,,,,6.22,16.2282211660981,,,,,,,,10.310836639725839,3.1419512723669385
SVN,Slovenia,2001,6.91,61.8,5.4,6.42,8.44,8.01,6.25,70,60,,52.8,47.1,,85,,73.6,67.4,50,50,30857.1122043437,,,,,6.07,16.6381755800986,,,,,,,,10.337154951147236,2.6318311421396956
SVN,Slovenia,2002,6.95,57.8,5.45,6.32,8.37,8.05,6.54,50,55,,51.8,41.9,,85,,72,64.2,50,50,31830.5553226686,1.2,0.3,29.1,8.7,5.87,15.8983742774177,,,,,,,,10.368213382502674,3.1058431355438287
SVN,Slovenia,2003,7.05,57.7,5.33,6.25,8.67,8.18,6.78,50,52,,53.1,40.6,,85,,76.7,62.2,50,50,32827.7514419462,1.9,0.2,30.9,8.2,5.36,15.2110034871927,,,,,,,,10.399059978762578,3.0846596259904047
SVN,Slovenia,2004,7.13,59.2,5.37,6.22,8.57,8.61,6.87,50,60,,54.4,40.6,,85,,77.3,65.2,50,50,34298.1277435263,0.6,0.2,24.8,9.8,5.38,16.3620249072764,,,,,,,,10.442875202612786,4.3815223850208085
SVN,Slovenia,2005,7.09,59.6,5.26,6.32,8.67,8.3,6.9,50,59,,55.6,45.3,,85,40.3,79.1,81.8,50,50,35558.3777419198,0.6,0.2,24.6,9.9,4.38,15.8202440249268,,,,,,,,10.478959190653582,3.608398804079549
SVN,Slovenia,2006,7.04,61.9,5.32,6.4,8.55,8.24,6.7,50,60,,64,44.3,,75.1,41.6,81.7,82.4,70,50,37539.459301666,0.5,0.1,24.4,10,4.49,15.7383953970157,,,,,,,,10.533174545059419,5.421535440583725
SVN,Slovenia,2007,7.22,59.6,5.52,6.4,8.95,8.31,6.92,50,61,,54.6,30.9,,72.9,41.2,78.9,86.6,70,50,39995.2052938397,0.3,0.1,24.4,10,4.56,15.3531864493792,,,,,,,,10.596539860941846,6.3365315882427
SVN,Slovenia,2008,7.18,60.2,5.47,6.46,8.9,8.25,6.8,50,64,,62.4,33.2,,74.1,42.4,79.5,86,60,50,41278.6090856341,0.2,0,23.7,10.2,4.57,14.4092832298573,,,,,,,,10.62812393028585,3.1584069344004817
SVN,Slovenia,2009,7.25,62.9,5.1,6.76,9.48,8.12,6.81,60,66,,62.9,38.4,,84.5,42.8,78.6,85.8,60,50,37802.0880186755,0.3,0.1,24.8,9.9,4.6,15.7939838161255,,,,,,,,10.540146071886692,-8.79778583991584
SVN,Slovenia,2010,7.12,64.7,4.93,6.65,9.3,8.05,6.66,60,67,,64,46.1,,83.3,43.5,76,87.5,70,50,38056.1815241775,0.2,0,24.9,9.7,4.11,15.4826470098405,,,,,,,,10.546845084618226,0.6699012731534282
SVN,Slovenia,2011,7.2,64.6,5.08,6.68,9.42,7.94,6.88,60,66,,65.1,41.1,,83.6,41.8,80.5,87.6,70,50,38226.1255489903,0.3,0.1,24.9,9.7,,14.8156992766563,,,,,,,,10.551300635503491,0.4455550885264614
SVN,Slovenia,2012,7.2,62.9,5.14,6.63,9.35,7.87,7.01,60,64,,64.8,27.9,,81.4,42.2,81.2,87.1,70,50,37033.7667541886,0.5,0.1,25.6,9.4,3.33,14.5430835611988,,,,,,,,10.51961239244426,-3.168824305923046
SVN,Slovenia,2013,7.1,61.7,5.1,6.61,9.51,7.86,6.41,60,59,,65.7,22.3,,80.7,40.4,81.6,86.8,70,50,36678.8746642096,0.6,0.1,26.2,9.2,,15.3233834125503,,,,,,,,10.509983509358282,-0.9628883085978757
SVN,Slovenia,2014,7.3,62.7,4.94,6.81,9.67,8.29,6.81,60,61,,58.9,22.6,,85.4,51,80.3,87.8,70,50,37655.1979898073,0.3,0.1,25.7,9.4,,16.4774622190543,,,,,,,,10.536252840922671,2.6269331564389375
SVN,Slovenia,2015,7.38,60.3,5.04,6.9,9.74,8.31,6.9,60,57,,58.1,0,,81.2,57.1,81.3,88,70,50,38527.4222549683,0.4,0.1,25.4,9.6,4.23,14.5917012980378,,,,,,,,10.559151488299266,2.289864737659464
SVN,Slovenia,2016,7.41,60.6,5.44,6.9,9.51,8.3,6.88,60,58,,58.6,0,,82,55.4,84.3,88,70,50,39667.4579830072,0.3,0.1,24.8,9.7,,12.7815368110266,,,,,,,,10.588311641641384,2.9160153342118633
SVN,Slovenia,2017,7.44,59.2,5.55,6.86,9.33,8.39,7.06,75,53.6,55.1,58.7,28.6,6.1,80.6,60.2,85.3,87,70,50,41692.836279788,0.1,0,24.2,10,,13.0605447220858,,,,,,,,10.638108585825506,4.979694418412173
SVN,Slovenia,2018,7.41,64.8,5.41,6.9,9.3,8.38,7.07,76.6,52.1,57.7,58.7,31.2,66.3,79.5,61.3,87.3,86.9,70,50,43361.094447431,0.2,0,24.6,10.1,4.19,12.8872104569205,,,,,,,,10.677340938623857,3.923235279835069
SVN,Slovenia,2019,7.46,65.5,5.46,6.88,9.45,8.39,7.11,76.4,53.6,46.5,58.4,38.3,82.6,79.3,61.2,83.6,86,70,50,44569.5878416535,0.1,0,24.4,10.1,,11.5474620778702,,,,,,,,10.704829455031401,2.748851640754424
SVN,Slovenia,2020,7.06,67.8,4.73,6.83,9.14,7.85,6.78,76.5,67.4,48.6,59.2,42.9,90.3,78.4,61.4,82.2,86.4,70,50,42463.5635346194,0.1,0,24,10.3,,11.5403921376583,,,,,,,,10.656425207923196,-4.840424710820557
SVN,Slovenia,2021,7.21,68.3,4.81,6.84,9.23,8.4,6.78,77.3,68.2,56.3,58.2,42.5,91.1,78.8,61.5,81.9,84,70,50,45914.0572392406,0.1,0,24.3,10.2,,11.2005471802566,,,,,,,,10.734548386681727,7.812317875853125
SVN,Slovenia,2022,7.14,70.5,5.14,6.94,8.4,8.45,6.78,89.7,66.7,91.6,57.2,36.4,77.4,79.7,63.3,85.1,79.2,70,50,47050.0676441642,0.2,0.1,24.3,10.2,4.34,11.1881036393213,,,,,,,,10.758988836449255,2.444044976752835
SWE,Sweden,1995,7.55,61.4,3.84,8.79,9.54,9.54,6.17,70,90,,44,0,,70,,81.5,77,70,50,40736.4273400135,1.7,0.7,25.2,9.5,,10.0049597066258,,,,,,,,10.614902539529952,
SWE,Sweden,1996,,61.8,,,,,,70,90,,45.2,0,,70,,84.5,77,70,50,41364.9857254278,,,,,5.01,9.95644821009307,,,,,,,,10.630214221279381,1.5311681749428985
SWE,Sweden,1997,,63.3,,,,,,70,89,,39.5,0,,70,,84.8,77,70,70,42608.4136690457,,,,,,9.55783879600798,,,,,,,,10.659830485992,2.96162647126188
SWE,Sweden,1998,,64,,,,,,70,91,,37.3,0,,70,,88.3,79.4,70,70,44392.8449919299,,,,,,9.24652409084755,,,,,,,,10.700856112502917,4.1025626510917235
SWE,Sweden,1999,,64.2,,,,,,70,94,,35.4,0,,70,,89.3,79.4,70,70,46221.8079937232,,,,,,9.21693305330817,,,,,,,,10.741228634768007,4.037252226508947
SWE,Sweden,2000,8.08,65.1,4.74,8.75,9.85,9.24,7.86,70,95,,34.1,0,,70,,94.2,83,70,70,48284.8001841043,0.7,0.2,27,9.6,,8.83491288401708,,,,,,,,10.784892804369001,4.3664169600994285
SWE,Sweden,2001,7.86,66.6,4.58,8.68,9.5,9.13,7.45,90,94,,33.7,2.5,,70,,91.4,78,70,70,48810.644590655,0.5,0.3,26.5,9.8,,8.46955963411775,,,,,,,,10.795724182037297,1.0831377668296227
SWE,Sweden,2002,7.89,70.8,4.58,8.63,9.46,9.19,7.66,90,94,,31.4,2.5,,70,,89.7,79.6,90,90,49760.2161636006,0.5,0.2,26.2,9.7,,8.42356267468423,,,,,,,,10.814991167701223,1.9266985663925595
SWE,Sweden,2003,7.9,70,4.46,8.68,9.51,9.2,7.68,90,90,,29.8,2.9,,70,,86.4,81.4,90,90,50507.9330738641,1.1,0.6,25.3,9.4,,8.14186259716065,,,,,,,,10.829905492171573,1.4914324470350238
SWE,Sweden,2004,7.88,70.1,4.57,8.46,9.63,8.98,7.81,90,93,,32,0,,70,,85.8,79.8,90,90,52412.411275873,1.1,0.6,26.1,9.3,,8.17640395509125,,,,,,,,10.866917777941238,3.7012285769664643
SWE,Sweden,2005,7.88,69.8,4.74,8.63,9.68,8.54,7.82,90,93,,33.7,0,,70,65.2,86,80.2,90,90,53661.3178643623,1.9,1.3,26.8,8.7,,8.13942977275786,,,,,,,,10.89046631843178,2.354854049054289
SWE,Sweden,2006,7.79,70.9,4.83,8.7,9.47,8.64,7.34,90,92,,33.2,2.2,,96.1,65.1,87.7,82.4,90,70,55855.4978279347,1.1,0.6,26.4,9.2,,8.14175862455872,,,,,,,,10.930541142008027,4.007482357624603
SWE,Sweden,2007,7.78,69.3,4.82,8.79,9.25,8.66,7.39,90,92,,33.1,3.6,,94.2,65,83.8,81.4,80,70,57230.7901610156,1,0.6,27.1,8.9,,7.99765084972964,,,,,,,,10.954864795029533,2.4323653021506075
SWE,Sweden,2008,7.74,70.8,4.78,8.81,9.1,8.59,7.43,90,92,,32.7,3.9,,95.6,65,82.8,86,80,80,56262.4700751994,1.2,0.8,28.1,8.6,,7.83128232566435,,,,,,,,10.937800759402325,-1.7064035627207375
SWE,Sweden,2009,7.77,70.5,4.55,8.79,9.44,8.65,7.45,90,93,,35,7.3,,95.9,55.5,82.1,85.8,80,80,53411.2005853182,1.2,0.7,27.3,8.6,,8.06355847588136,,,,,,,,10.885794474232252,-5.200628517007289
SWE,Sweden,2010,7.9,72.4,4.7,8.73,9.49,8.51,8.08,95,93,,36.7,17.3,,95.5,54.9,79.5,87.5,85,80,56003.2704715511,1.4,0.8,27.7,8.6,,8.2208205677918,,,,,,,,10.933183225230316,4.73887509980635
SWE,Sweden,2011,7.88,71.9,4.79,8.64,9.39,8.41,8.15,90,92,,37.6,17.3,,95,54,80.1,87.6,85,80,57340.5039813247,1.5,0.8,27.6,8.5,,7.81902514980134,,,,,,,,10.956779968275885,2.359674304556947
SWE,Sweden,2012,7.91,71.7,4.7,8.64,9.75,8.31,8.15,90,92,,39.1,8.8,,94.6,54.6,80.9,87.1,90,80,56682.0187013753,1.2,0.7,27.6,8.5,,7.85516991332714,,,,,,,,10.945229951055714,-1.1550017220171682
SWE,Sweden,2013,7.91,72.9,4.67,8.57,9.87,8.28,8.14,90,93,,39.6,21,,93.2,53.6,82.1,86.8,90,80,56843.1649263734,1.4,0.8,28.8,8.1,,7.95406884459979,,,,,,,,10.948068854093325,0.2838903037611473
SWE,Sweden,2014,7.99,73.1,4.73,8.62,9.83,8.65,8.13,90,92.3,,42.9,21.4,,91.1,52.9,82.5,87.8,90,80,57574.0500485264,1.2,0.7,28.4,8.4,,7.77281432725019,,,,,,,,10.960844593963825,1.2775739870500402
SWE,Sweden,2015,8.03,72.7,4.81,8.72,9.8,8.64,8.19,90,89,,43,19.2,,87.9,54,85.5,88,90,80,59468.3538687625,1.2,0.7,29.2,8.2,,7.68505802669591,,,,,,,,10.993216397815024,3.237180385119842
SWE,Sweden,2016,7.95,72,4.74,8.55,9.68,8.6,8.18,90,87,,44.4,14.9,,89.7,53.5,87.1,88,85,80,59977.3886010694,1,0.5,29.6,8.1,,7.48049551789,,,,,,,,11.001739586338068,0.8523188523044567
SWE,Sweden,2017,7.9,74.9,4.8,8.51,9.53,8.68,8,88.6,87.4,82.2,44.4,21.7,93.4,90.8,53.2,85.3,87,85,80,60288.7998168676,0.8,0.4,28.8,8.3,,7.36701250653476,,,,,,,,11.006918211140695,0.517862480262643
SWE,Sweden,2018,7.81,76.3,4.72,8.38,9.54,8.66,7.76,92.6,92.9,88.2,43.9,23.2,96.1,89.3,53.7,83.8,86.9,85,80,60647.449528586,1.5,1,30,7.8,,7.22337017397752,,,,,,,,11.012849349801172,0.5931138660477231
SWE,Sweden,2019,7.8,75.2,4.67,8.36,9.55,8.65,7.76,89.5,88,84,43.2,26.7,96.6,88,53.9,82,86,85,80,61601.6292338778,1,0.5,29.3,8.1,,7.29201365305831,,,,,,,,11.02845983097889,1.5610481177718682
SWE,Sweden,2020,7.69,74.9,4.45,8.42,9.52,8.42,7.65,88.8,91.4,79.9,43.6,25.8,97,85.3,53.8,81.2,86.4,85,80,59975.3644061895,1,0.5,28.9,8.2,,7.45304045903179,,,,,,,,11.00170583703128,-2.6753993947611576
SWE,Sweden,2021,7.77,74.7,4.7,8.34,9.36,8.67,7.78,86.6,92.5,79.1,43.6,29.5,97.6,83.2,53.9,81.5,84,85,80,62731.700616293,1.5,0.9,29.8,7.8,,7.27547146058212,,,,,,,,11.046638131595524,4.49322945642443
SWE,Sweden,2022,7.61,77.9,4.87,8.33,8.7,8.71,7.45,97.3,95.7,97.1,44.9,26.4,95.8,84.6,65.4,83.6,79.2,85,80,63088.4236678734,1.7,1.3,31.6,7.4,,7.08441503324903,,,,,,,,11.052308422244248,0.5670290648724929
SWZ,Eswatini,1995,,63.3,8.76,2.61,,,9.66,70,50,,63.5,69.3,,70,,69.3,58,70,50,5693.82195381247,,,,,,37.225568202748,,,,,,,,8.647312611795106,
SWZ,Eswatini,1996,,58.6,,,,,,70,30,,63.5,68.7,,70,,67.4,58,50,50,5796.65255180591,,,,,,37.0267433637089,,,,,,,,8.665208382160971,1.789577036586465
SWZ,Eswatini,1997,,59.4,,,,,,70,30,,63.1,67.5,,70,,67.5,46.6,70,50,5876.80341246512,,,,,,36.7890940374561,,,,,,,,8.678938401789623,1.373001962865139
SWZ,Eswatini,1998,,62,,,,,,70,30,,62,73.5,,70,,71.5,61,70,50,5952.85422728074,,,,,,36.6596830419626,,,,,,,,8.691794058118587,1.285565632896457
SWZ,Eswatini,1999,,62.1,,,,,,70,30,,63.2,72.8,,70,,72.2,61,70,50,6062.34805111048,,,,,,36.563007807643,,,,,,,,8.710017410182038,1.822335206345116
SWZ,Eswatini,2000,7.05,62.6,9.65,1.91,7.59,,9.52,70,30,,63.1,76.5,,70,,72.7,61,70,50,6106.07478740465,90.4,62.8,53.1,4.5,42.84,36.4636270774082,,,,,,,,8.71720317932543,0.7185769143392307
SWZ,Eswatini,2001,7.08,63.6,10,1.9,7.59,,9.37,70,30,,73,74.8,,70,,73.9,61,70,50,6135.45299954297,,,,,,36.3882387053667,,,,,,,,8.722002166844696,0.4798987519265552
SWZ,Eswatini,2002,7.05,60.9,9.9,1.95,8.34,,8.69,50,30,,72.7,71.2,,70,,73.4,61,70,50,6335.81351839193,,,,,,36.2433035248994,,,,,,,,8.75413132146302,3.2129154618324662
SWZ,Eswatini,2003,7.08,59.6,10,1.95,8.34,,8.77,50,30,,73.5,72.5,,70,,72.9,68,50,50,6578.30152863605,,,,,,36.1711297313874,,,,,,,,8.791683868021769,3.755254655874829
SWZ,Eswatini,2004,6.87,58.6,10,1.93,8.31,,9.55,50,30,,74,71.7,,70,,69.7,62.2,50,50,6775.2217412302,,,,,,36.012061910105,,,,,,,,8.82117496029914,2.9491092277371678
SWZ,Eswatini,2005,6.67,59.4,9.12,2.65,8.25,,9.05,50,30,,74.4,70.8,,70,69.2,71.6,77.8,30,50,7142.1921864324,,,,,,35.7778042969249,,,,,,,,8.873915040355449,5.274008005630826
SWZ,Eswatini,2006,6.71,61.4,9.18,2.67,7.9,,10,50,30,,74.1,65.3,,70.4,70.2,75.7,77.8,50,50,7584.72030617794,,,,,,35.530909837749,,,,,,,,8.93402285183251,6.01078114770619
SWZ,Eswatini,2007,6.35,60.1,6.52,2.66,7.89,,10,50,27,,72.3,66.1,,70.4,69.8,76.3,69,50,50,7866.73073455273,,,,,,35.2247209428117,,,,,,,,8.970524956065267,3.650210423275624
SWZ,Eswatini,2008,5.97,58.4,5.27,2.67,7.67,,9.7,50,25,,71.4,62.4,,69.5,71,76,69,50,40,7926.37961138221,,,,,,35.0311879613261,,,,,,,,8.97807782009501,0.7552864029742423
SWZ,Eswatini,2009,5.42,59.1,5.11,2.67,7.59,,6.25,50,33,,64.3,70.6,,68.6,69.6,73.1,71.6,50,40,7988.59750005303,88.1,59.2,51.4,4,,34.8254928714085,,,,,,,,8.985895662028735,0.7817841933725589
SWZ,Eswatini,2010,5.28,57.4,5.36,2.66,7.61,5.82,4.93,45,36,,63.1,55.5,,67.2,68.4,68.8,74.9,55,40,8245.64153332215,,,,,,34.6041578639294,,,,,,,,9.01756130957633,3.166564754759449
SWZ,Eswatini,2011,5.35,59.1,5.91,2.58,7.42,5.82,5.02,40,36,,67.2,65.9,,66.4,69.4,71,79.8,55,40,8350.89190932865,,,,,,34.5359121687053,,,,,,,,9.030243368147946,1.268205857161675
SWZ,Eswatini,2012,5.49,57.2,6.09,2.84,7.19,5.53,5.8,40,32,,67.2,56.5,,66.4,70.8,74.5,69.7,55,40,8645.84478287802,,,,,,34.2915566791835,,,,,,,,9.064949768397796,3.4706400249849167
SWZ,Eswatini,2013,5.54,57.2,5.66,2.93,7.69,5.55,5.85,40,31,,74.4,51.3,,66,70.3,74.7,69.7,55,40,8951.05749805891,,,,,,34.0973155342642,,,,,,,,9.099638672899967,3.468890450217188
SWZ,Eswatini,2014,5.6,61.2,5.3,2.9,7.86,6.13,5.8,40,31.6,,74.7,70.9,,64.2,71.7,72.3,81.5,65,40,9084.49405780635,,,,,,33.8887494172076,,,,,,,,9.114434361058448,1.4795688158480758
SWZ,Eswatini,2015,5.52,59.9,5.12,2.9,7.86,6.13,5.6,40,39,,76.4,68.6,,60.5,69.3,73.9,76,55,40,9186.65344720515,,,,,,33.7458734234361,,,,,,,,9.125615845118235,1.1181484059786584
SWZ,Eswatini,2016,5.42,59.7,4.94,2.96,7.35,6.39,5.44,40,43,,70.9,64.9,,58.6,65.8,74.5,88.8,50,40,9402.50834103681,79.3,49.1,54.6,3.7,23.73,33.5794506992548,,,,,,,,9.148838126395809,2.3222281277574197
SWZ,Eswatini,2017,5.4,61.1,4.96,3,7.29,6.2,5.55,53.5,30.9,33.3,74.8,71.6,93.2,57.5,64.4,75.6,88.9,50,40,9660.55161538086,,,,,,32.9339506888999,,,,,,,,9.17590953701835,2.707141062254159
SWZ,Eswatini,2018,5.43,55.9,5.59,3.14,7.43,5.53,5.49,55.3,26.9,35.3,74.8,65.2,39.7,61.1,69.5,73.2,79.7,50,40,9578.10061089805,,,,,,32.249732047159704,,,,,,,,9.167338984605532,-0.8570552412818344
SWZ,Eswatini,2019,5.52,54.7,5.84,3.1,7.63,5.53,5.5,41.7,35,42.9,74.8,65.6,18.3,59.2,67.5,73.7,87.6,50,40,10099.5863118406,,,,,,31.4191919008918,,,,,,,,9.220348751821762,5.300976721622952
SWZ,Eswatini,2020,5.2,55.3,5.07,3.13,7.41,4.96,5.44,49.8,37.2,42.4,72.8,62.8,17.6,58.9,67.9,75.2,88.6,50,40,9695.82498058755,,,,,,31.0914093549374,,,,,,,,9.179553789321158,-4.079496250060366
SWZ,Eswatini,2021,5.26,55.1,5.27,3.11,7.57,4.81,5.53,48.5,36.4,46.1,78.7,64.3,16.4,61.5,69.5,78.2,71.4,50,40,9990.43491951205,,,,,,30.0613307737083,,,,,,,,9.209483496914787,2.992970759362912
SWZ,Eswatini,2022,5.42,51.4,5.25,3.06,7.72,5.65,5.41,46.1,32.1,36.9,78.6,63.9,15.6,48.9,54.8,77.9,71.8,50,40,9927.60567008139,,,,,,29.3830998910646,,,,,,,,9.2031753312768,-0.6308165637987528
SYC,Seychelles,1995,,,2.04,5.57,,,8.66,,,,,,,,,,,,,16552.4547815231,,,,,,,,,,,,,,9.714350107148634,
SYC,Seychelles,1996,,,,,,,,,,,,,,,,,,,,17942.1733036627,,,,,,,,,,,,,,9.794965004232745,8.061489708411074
SYC,Seychelles,1997,,,,,,,,,,,,,,,,,,,,19895.1422188431,,,,,,,,,,,,,,9.898281133570032,10.331612933728707
SYC,Seychelles,1998,,,,,,,,,,,,,,,,,,,,19991.2293154949,,,,,,,,,,,,,,9.903098942811894,0.48178092418620366
SYC,Seychelles,1999,,,,,,,,,,,,,,,,,,,,19969.3513746174,17.7,5.2,42.8,5.7,,,,,,,,,,9.902004021378623,-0.10949214332711676
SYC,Seychelles,2000,6.13,,3.19,6.17,8.78,,5.48,,,,,,,,,,,,,20633.6746950761,,,,,,,,,,,,,,9.93472817734597,3.2724155967347457
SYC,Seychelles,2001,5.93,,2.53,6.16,8.8,,5.41,,,,,,,,,,,,,20147.4187656167,,,,,,,,,,,,,,9.910881091125262,-2.3847086220708746
SYC,Seychelles,2002,6.77,,4.67,6.2,9.68,,5.5,,,,,,,,,,,,,19777.7525249721,,,,,,,,,,,,,,9.892363535694038,-1.8517555431223798
SYC,Seychelles,2003,7.24,,6.58,6.41,9.38,,5.41,,,,,,,,,,,,,18825.2206936189,,,,,,,,,,,,,,9.84300589484834,-4.9357640845698825
SYC,Seychelles,2004,7.15,,7.07,6.44,7.79,,5.98,,,,,,,,,,,,,18356.4711447212,,,,,,,,,,,,,,9.817791917472219,-2.521397737612041
SYC,Seychelles,2005,7.31,,7.37,6.43,8.06,,6.07,,,,,,,,,,,,,19917.1194534221,,,,,,,,,,,,,,9.899385121733472,8.159320426125305
SYC,Seychelles,2006,7.23,,5.93,6.42,8.12,,7.2,,,,,,,,,,,,,21341.8597526003,22.8,6.3,42.8,5.8,6.86,,,,,,,,,9.968472524902655,6.908740316918305
SYC,Seychelles,2007,7.43,,6.96,6.44,7.68,,7.27,,,,,,,,,,,,,23117.8555224771,,,,,,,,,,,,,,10.048403819938105,7.993129503545049
SYC,Seychelles,2008,5.83,,7.49,5.88,3.94,,4.82,,,,,,,,,,,,,21990.3685269705,,,,,,,,,,,,,,9.998405315671944,-4.99985042661617
SYC,Seychelles,2009,6.26,47.8,6.87,5.87,4.27,,6.75,50,45,,73.8,0,,65.5,57.1,78.1,28.4,50,30,21361.1307875284,,,,,,,,,,,,,,9.969375044069267,-2.9030271602676905
SYC,Seychelles,2010,7.03,47.9,6.44,5.87,7.58,,7.04,50,48,,76.4,9.3,,64.2,59.8,57.9,33.4,50,30,21708.7554506566,,,,,,,,,,,,,,9.985516998444849,1.6141954375582301
SYC,Seychelles,2011,7.07,51.2,6.55,5.87,7.65,,7.04,50,48,,77.7,52.5,,62.4,58.1,54.9,33.4,45,30,24406.4129764105,,,,,,,,,,,,,,10.102642175648853,11.712517720400406
SYC,Seychelles,2012,6.9,53,6.79,5.86,6.84,,6.99,50,48,,76,59.6,,62.3,58,67.4,33.4,45,30,24919.955210328,,,,,,,,,,,,,,10.123464303239325,2.0822127590472306
SYC,Seychelles,2013,7.44,54.9,7.28,5.89,8.08,8.54,7.33,50,48,,77.6,56.9,,69.2,63.5,75.6,33.4,45,30,24770.6514591794,12,4.2,46.8,5.4,10.08,,,,,,,,,10.117455192008194,-0.600911123113157
SYC,Seychelles,2014,7.36,56.2,6.13,5.89,9.12,8.27,7.38,50,48.5,,76.8,61.8,,67.6,68.5,75.1,33.4,50,30,25379.4180707013,,,,,,,,,,,,,,10.141733213579569,2.427802157137471
SYC,Seychelles,2015,7.24,57.5,5.64,5.92,9.16,8.06,7.41,50,54,,79.8,59.4,,67.7,63.9,76,44,50,30,27032.2083880002,,,,,,,,,,,,,,10.204821329525831,6.308811594626285
SYC,Seychelles,2016,7.29,62.2,5.8,5.98,9.09,8.09,7.46,50,55,,79.3,62,,66,62.1,79.7,83.4,55,30,29905.1347389952,,,,,,,,,,,,,,10.305818913550452,10.099758402462022
SYC,Seychelles,2017,7.12,61.8,5.76,5.97,8.72,7.65,7.5,55.2,44.3,42.6,78.8,63.9,90.7,63.4,55.9,78.3,83.4,55,30,31595.6680570505,,,,,,,,,,,,,,10.360806952783108,5.498803923265605
SYC,Seychelles,2018,7.26,61.6,5.6,6.02,8.82,8.28,7.6,60.7,38.8,38.8,73.4,63,90.6,63.4,57.5,81.5,86.7,55,30,32841.4242467381,8.4,2.6,32.1,7.1,,,,,,,,,,10.39947638077902,3.8669427995912997
SYC,Seychelles,2019,7.15,61.4,4.63,6.01,9.17,8.35,7.6,58.2,39.2,37.5,76.3,60.3,92,63.3,63.2,80,81.4,55,30,34346.0708923483,,,,,,,,,,,,,,10.444272021593877,4.479564081485599
SYC,Seychelles,2020,6.75,64.3,4.23,6.12,8.06,7.73,7.6,68.3,53.3,46.4,76.8,58.9,93.2,65.3,62.8,78.6,82.6,55,30,30056.1994300968,,,,,,,,,,,,,,10.310857492968633,-13.341452862524328
SYC,Seychelles,2021,6.66,66.3,4.2,6.14,8.05,7.74,7.17,65.3,64.4,51.6,76.9,60.9,93.2,67.5,71.3,80.3,79,55,30,29979.8272686091,,,,,,,,,,,,,,10.308313365292195,-0.25441276764386345
SYC,Seychelles,2022,6.98,61.1,4.2,6.14,8.99,8.35,7.21,78.8,65.2,62.4,76.4,42.5,36.7,61.2,61.7,82.1,81.2,55,30,27978.1770550937,,,,,,,,,,,,,,10.239215835888924,-6.909752940327074
SYR,Syrian Arab Republic,1995,3.42,,5.06,2.23,6.46,2.21,1.62,,,,,,,,,,,,,7431.354210148,,,,,,45.3559339708901,,,,,,,,8.913597939496286,
SYR,Syria,1996,,42.3,,,,,,30,10,,38.6,73.5,,85,,61,43,30,10,7943.44060493443,41.8,11.8,35.2,7.8,,44.5693257830317,,,,,,,,8.980227668050796,6.662972855450988
SYR,Syria,1997,,43,,,,,,30,10,,38.6,75.3,,85,,64.9,43,30,10,8126.36577647131,,,,,,43.9350632223124,,,,,,,,9.002992137304233,2.276446925343656
SYR,Syria,1998,,42.2,,,,,,30,10,,38.2,74.1,,85,,65.8,36.8,30,10,8456.78287525056,,,,,,43.1488292542645,,,,,,,,9.04284234677015,3.9850209465917885
SYR,Syria,1999,,39,,,,,,30,10,,39.2,76.5,,55,,72.1,27.8,30,10,7951.39014713749,,,,,,42.773383227858,,,,,,,,8.981227809901672,-6.161453686847906
SYR,Syrian Arab Republic,2000,4.28,37.2,5.5,1.9,6.2,5.23,2.87,30,10,,39,65.3,,55,,80.1,15,30,10,7807.92995548742,,,,,,42.5309221610693,,,,,,,,8.963023223906404,-1.8204585995267308
SYR,Syrian Arab Republic,2001,4.68,36.6,5.41,2.49,7.56,5.23,2.94,30,10,,39.2,65.3,,55,,74.9,15,30,10,7698.3969367866,,,,,,42.4189686563884,,,,,,,,8.948897284876768,-1.4125939029636214
SYR,Syrian Arab Republic,2002,4.43,36.3,5.13,2.49,7.72,4.17,2.92,30,10,,40.4,63.3,,55,,73,15,30,10,7811.81601910972,,,,,,41.1990031658493,,,,,,,,8.963520743672603,1.4623458795835376
SYR,Syrian Arab Republic,2003,4.33,41.3,5.04,2.49,7.27,4.17,2.93,30,10,,75.8,71,,55,,75.1,15,30,10,8177.54506854394,29.7,7.7,37.5,7.2,16.44,39.8437351045261,,,,,,,,9.00926954929585,4.574880562324601
SYR,Syrian Arab Republic,2004,4.6,40.6,5.1,2.49,7.45,5.3,2.88,30,10,,62.7,72.1,,55,,80.5,15,30,10,8528.65604597154,,,,,,38.4084757213544,,,,,,,,9.051304316808908,4.203476751305857
SYR,Syrian Arab Republic,2005,4.73,46.3,5.39,2.48,7.16,5.97,2.89,30,34,,82.5,70.4,,55,63.7,72.6,15,30,10,8828.94590461523,,,,,,36.6554056829291,,,,,,,,9.0859041672616,3.4599850452691427
SYR,Syrian Arab Republic,2006,4.65,51.2,5.45,2.45,6.82,5.89,2.87,30,34,,80.1,67.1,,58.9,56.3,72.1,54,30,30,8885.80539630373,31.7,9.8,40.1,6.1,,35.0018185488859,,,,,,,,9.092322915929657,0.6418748668057361
SYR,Syrian Arab Republic,2007,4.88,48.3,5.84,2.62,7.58,5.74,2.94,30,34,,82.4,58.3,,58.4,57,69,54,30,10,8829.30906367425,,,,,12.04,37.7678985103848,,,,,,,,9.085945294534078,-0.637762139557907
SYR,Syrian Arab Republic,2008,4.6,47.2,6.01,2.53,6.02,6.12,2.64,30,29,,86.2,60.3,,53.8,52.1,66.2,54,30,10,8903.77225264131,,,,,,31.0351737584413,,,,,,,,9.094342620173949,0.8397325639871056
SYR,Syrian Arab Republic,2009,4.86,51.3,5.9,2.43,6.97,6.27,2.96,30,24,,87,74.9,,61.4,54.9,67.2,54,40,20,9284.10162126587,32,9.7,40.4,6.3,,34.1909418556565,,,,,,,,9.136166418397444,4.1823798223495245
SYR,Syrian Arab Republic,2010,4.9,49.4,6.16,2.44,6.85,5.97,3.2,25,21,,87,80.2,,59.2,64.7,63.3,54,20,20,9546.56048805399,,,,,,32.5970492709212,,,,,,,,9.164040954565749,2.787453616830504
SYR,Syrian Arab Republic,2011,5.24,51.3,6.77,2.36,8.19,5.97,3.17,30,26,,84.6,85.3,,55.9,55.8,69.7,65.4,20,20,9648.82426718361,,,,,,32.9356533716409,,,,,,,,9.174694983512667,1.065402894691836
SYR,Syrian Arab Republic,2012,4.35,51.2,6.65,2.33,5.64,4.18,3.05,30,25,,84.4,78.5,,60.1,50,70.9,72.8,20,20,7144.37244952745,,,,,,33.9368816533561,,,,,,,,8.874220216301042,-30.047476721162525
SYR,Syrian Arab Republic,2013,4.37,,7.47,2.31,4.7,4.46,3.01,20,26,,86.2,,,59.3,48.9,71.5,72.8,10,20,5530.97472757035,,,,,,35.9569747846481,,,,,,,,8.61830012436683,-25.592009193421283
SYR,Syrian Arab Republic,2014,4.27,,7.01,2.31,4.7,4.4,3.05,10,23.3,,,,,60.4,55.1,,,0,20,5301.62535257941,,,,,,37.4914907363948,,,,,,,,8.575957326438413,-4.234279792841633
SYR,Syrian Arab Republic,2015,4.36,,7.1,2.27,4.7,4.81,3.04,10,17,,,,,57.3,49.1,,,0,20,5302.07413721497,,,,,,38.1040881240954,,,,,,,,8.576041957279832,0.008463084141929755
SYR,Syrian Arab Republic,2016,4.21,,6.34,2.23,4.7,4.81,3.05,10,20,,,,,62.4,46.9,42.7,56.6,0,20,5022.1127178437,,,,,,38.7448700749437,,,,,,,,8.521805083841425,-5.423687343840733
SYR,Syrian Arab Republic,2017,4.27,,6.4,2.23,4.7,5.05,3.05,37.3,30,22.6,,,0,66.4,55.7,,56.6,,,4977.79210063798,,,,,,38.9692717078294,,,,,,,,8.512942590525977,-0.886249331544775
SYR,Syrian Arab Republic,2018,4.64,,5.94,2.25,7.19,5.03,3.01,36.7,23.1,22.1,,,13.8,61.8,59.2,44.2,56.6,0,,4956.09296464777,,,,,,39.0509739373421,,,,,,,,8.508574752060525,-0.43678384654519675
SYR,Syrian Arab Republic,2019,4.52,,6.45,2.25,5.94,5.09,3.01,37,20.3,24.4,,,,49.6,58.2,48.3,47,0,,4825.40602053761,,,,,,39.0248302528256,,,,,,,,8.481857374543644,-2.6717377516881413
SYR,Syrian Arab Republic,2020,3.93,,5.97,2.25,5.74,2.67,3.01,45.6,21.9,20.8,,,,48.9,59.3,58.8,51.6,0,,4633.34951847728,,,,,,39.5129176419703,,,,,,,,8.441251126938106,-4.0606247605538215
SYR,Syrian Arab Republic,2021,4.19,,6.47,2.32,5.58,3.45,3.11,42.5,25.9,19.7,,,,49.7,57.8,60.6,47,0,,4592.83860100874,,,,,,38.870032035463304,,,,,,,,8.432471250069568,-0.8779876868537428
SYR,Syrian Arab Republic,2022,4.28,,6.31,2.26,6.57,3.13,3.15,,,,,,,,,,,,,4454.85373271464,87.9,39.3,26.6,9.2,,39.105087522778,,,,,,,,8.401973956273634,-3.04972937959338
TCD,Chad,1995,4.79,,7.14,2.15,5.12,,3.88,,,,,,,,,,,,,1591.14154056727,,,,,,94.8225736857413,,,,,,,,7.372835269843802,
TCD,Chad,1996,,,,,,,,,,,,,,,,,,,,1555.91392488298,,,,,,94.8455099493355,,,,,,,,7.350460887635965,-2.237438220783705
TCD,Chad,1997,,45.1,,,,,,30,10,,46.2,89.1,,55,,62.4,53.4,30,30,1588.09860417439,,,,,,94.7800034320781,,,,,,,,7.370922218843269,2.046133120730431
TCD,Chad,1998,,46.6,,,,,,30,10,,46.1,90.2,,55,,62.6,65.2,30,30,1641.05715328512,,,,,,94.6180566544783,,,,,,,,7.403705096523015,3.278287767974586
TCD,Chad,1999,,47.2,,,,,,30,10,,46,90,,55,,68.3,65.2,30,30,1573.58531389989,,,,,,94.5056726371722,,,,,,,,7.361747223830134,-4.195787269288065
TCD,Chad,2000,5.16,46.8,7.09,1.94,6.47,5.45,4.78,30,10,,45.9,84.1,,55,,70.5,65.2,30,30,1506.71577205515,,,,,,94.468900635742,,,,,,,,7.318351050733772,-4.339617309636257
TCD,Chad,2001,5,46.4,7.08,1.94,5.4,5.49,4.99,30,10,,45.9,85.5,,55,,77.3,53.8,30,30,1626.56683129334,,,,,,94.2626901912917,,,,,,,,7.394841437014341,7.649038628056903
TCD,Chad,2002,5.21,49.2,7.52,1.94,5.95,5.49,4.99,30,10,,45.9,89.2,,55,,84.1,48.2,30,50,1704.27295147382,,,,,,94.0136655133053,,,,,,,,7.441480465745716,4.663902873137538
TCD,Chad,2003,5.16,52.6,6.95,1.95,6.24,5.63,5.03,30,10,,46,87.6,,55,,76.6,48.2,50,70,1878.58578619738,96.2,66.6,39.8,6.3,43.85,93.6480237407132,,,,,,,,7.538806705057793,9.732623931207662
TCD,Chad,2004,4.97,53.1,6.57,1.93,6.3,5.11,4.96,30,10,,46,90.3,,55,,78.4,48.2,50,70,2400.97004980577,,,,,,92.8530016680432,,,,,,,,7.78404453370531,24.52378286475172
TCD,Chad,2005,4.83,52.1,6.78,1.95,5.63,4.9,4.85,30,10,,50.2,87.9,,55,43.3,88.1,56.6,50,50,2705.816508357,,,,,,92.1121987363261,,,,,,,,7.903528503185711,11.948396948040152
TCD,Chad,2006,4.86,50,7.01,1.96,5.18,5.08,4.98,30,17,,49.8,85.2,,34,43.6,83,57,50,50,2596.03235458563,,,,,,91.536749069184,,,,,,,,7.86212467003167,-4.140383315404161
TCD,Chad,2007,4.79,50.1,6.67,1.97,5.24,5.04,4.97,20,17,,49.8,93.8,,49,44.3,77.7,59.2,40,50,2613.47387385213,,,,,,91.1208137619633,,,,,,,,7.868818160788863,0.6693490757193388
TCD,Chad,2008,4.71,47.8,6.44,2,4.97,5.02,5.13,20,20,,49.9,94.9,,34.6,45,73.6,60,40,40,2601.36125803518,,,,,,90.8353423881989,,,,,,,,7.864174488034488,-0.4643672754375494
TCD,Chad,2009,4.57,47.5,6.32,2.16,4.53,5.06,4.77,20,18,,50.5,90.8,,35.7,42.6,78.6,58.4,40,40,2474.70758351267,,,,,,90.7542098533414,,,,,,,,7.814281526471718,-4.989296156276968
TCD,Chad,2010,4.82,47.5,6.59,2.17,5.76,5.07,4.46,20,16,,50.5,89.2,,32.7,46.9,76.7,58.4,45,40,2717.40540184377,,,,,,90.4538375496253,,,,,,,,7.907800738056574,9.351921158485599
TCD,Chad,2011,4.73,45.3,6.38,2.11,5.78,5.06,4.31,20,16,,50.4,85.3,,25.3,44.8,70.6,55.6,45,40,2741.07083398912,88.5,53.5,43.3,4.9,28.96,90.2648038182054,,,,,,,,7.916468692753263,0.8667954696688795
TCD,Chad,2012,4.44,44.8,6.11,2.05,4.78,5.05,4.24,20,17,,50.2,74.2,,24.9,43.7,72.5,55.6,50,40,2886.27474563711,,,,,,90.0903958186481,,,,,,,,7.968068341618131,5.159964886486801
TCD,Chad,2013,4.86,45.2,6.17,2.09,6.34,5.04,4.65,20,20,,50.4,75.5,,25.2,40.5,74.6,55.6,50,40,2864.1130140853,,,,,,90.0592776652026,,,,,,,,7.960363074822961,-0.7705266795169585
TCD,Chad,2014,4.95,44.5,6.52,2.26,6.12,5.26,4.58,20,15.9,,46.2,80,,24.9,43.3,69.8,55.2,50,40,2820.67795067436,,,,,,89.8914112441496,,,,,,,,7.945087004948788,-1.5276069874173182
TCD,Chad,2015,5.06,45.9,7.27,2.27,6.04,5.21,4.53,20,19,,46.2,83.6,,27.1,47.7,75.6,55.2,45,40,2822.57929900236,,,,,,89.7647452724175,,,,,,,,7.945760614074397,0.0673609125608543
TCD,Chad,2016,5.22,46.3,7.5,2.22,6.64,5.19,4.56,20,22,,46,84.3,,30.9,48.9,71.4,49.8,50,40,2622.59780843796,,,,,,89.9028795974783,,,,,,,,7.872301864092947,-7.345874998144986
TCD,Chad,2017,5.32,49,7.51,2.45,7.01,5.25,4.38,30.6,24.6,24.1,46,87.2,74.6,27.5,44.9,74.3,54.7,60,40,2496.26213644007,,,,,,90.1058284991472,,,,,,,,7.822950265322392,-4.935159877055462
TCD,Chad,2018,5.49,49.3,8.7,2.53,6.57,5.24,4.38,25.1,23.1,24.1,44.8,90.5,81.9,29.4,40.3,79.9,52.2,60,40,2552.37036388576,90.1,51.9,37.5,7.1,29.04,89.959194458676,,,,,,,,7.8451694767886835,2.2219211466291355
TCD,Chad,2019,5.48,49.9,8.48,2.53,6.79,5.25,4.36,26.7,23.2,24.6,46.1,92.4,85.2,28.1,43.2,82.3,47.2,60,40,2604.53153663392,,,,,,90.0631793376349,,,,,,,,7.865391978146262,2.022250135757808
TCD,Chad,2020,5.26,50.2,7.84,2.55,6.43,5.14,4.34,32.4,15.1,27.4,45.8,93.5,95.6,26.8,43,76.1,47.2,60,40,2513.02922729008,,,,,,90.5674811443671,,,,,,,,7.829642014894101,-3.5749963252160732
TCD,Chad,2021,5.15,50.4,7.24,2.45,6.53,5.14,4.37,27.7,21,25,44.6,93.9,96.1,25.3,42.9,76.7,52,60,40,2435.07274651099,,,,,,89.9933634890617,,,,,,,,7.7981424914836435,-3.1499523410457364
TCD,Chad,2022,5.05,49.8,7.54,2.45,5.66,5.23,4.37,28.9,13.1,13.6,44.6,92.7,96.3,28.2,54.5,74.2,52,60,40,2449.48251052484,89.5,51.2,37.4,6.9,,89.9818572181358,,,,,,,,7.804040227219395,0.5897735735751475
TGO,Togo,1995,5.09,,6.81,2.82,5.38,,4.4,,,,,,,,,,,,,2036.38159822696,,,,,,82.5307494151073,,,,,,,,7.619420732126839,
TGO,Togo,1996,,,,,,,,,,,,,,,,,,,,2135.45581609458,,,,,,82.3970168385481,,,,,,,,7.666903574362198,4.748284223535926
TGO,Togo,1997,,,,,,,,,,,,,,,,,,,,2366.40275146203,,,,,,82.121129508047,,,,,,,,7.769548747748581,10.264517338638246
TGO,Togo,1998,,,,,,,,,,,,,,,,,,,,2247.34887088094,,,,,,82.0046160272521,,,,,,,,7.717951390645616,-5.159735710296509
TGO,Togo,1999,,48.2,,,,,,30,10,,77.4,86.6,,40,,66.9,63,30,30,2238.93514971661,,,,,,81.8693755350707,,,,,,,,7.714202193410626,-0.3749197234989232
TGO,Togo,2000,5.42,46.4,7.21,3.1,6.5,6.18,4.02,30,10,,54.3,86.8,,40,,73.8,63,30,30,2160.98936671986,,,,,,81.7839571545281,,,,,,,,7.678784079926125,-3.5418113484501745
TGO,Togo,2001,5.47,45.3,7.63,3.11,6.5,6.02,4.02,30,10,,54.2,93.3,,40,,78.9,61,30,10,2122.08047449583,,,,,,81.7712793500423,,,,,,,,7.6606233670120805,-1.8160712914044197
TGO,Togo,2002,5.66,45.2,7.98,3.11,6.85,6.02,4.25,30,10,,54.3,89.2,,40,,82.7,61,30,10,2147.97438337226,,,,,,81.7196325603711,,,,,,,,7.672745976316582,1.2122609304501708
TGO,Togo,2003,5.71,46.8,7.94,3.1,7.13,6.02,4.25,30,10,,52.3,88.9,,40,,78.9,61,30,30,2234.9772223053,,,,,,81.6210233501365,,,,,,,,7.712433647418677,3.968767110209459
TGO,Togo,2004,5.71,47,7.94,3.09,7.11,6.02,4.25,30,10,,52.4,92,,40,,78.7,59.8,30,30,2157.02751991461,,,,,,81.5844561564686,,,,,,,,7.676949898245854,-3.54837491728226
TGO,Togo,2005,5.61,48.2,7.71,3.01,6.33,6.57,4.28,30,10,,52.2,94.9,,40,46.9,85.8,62,30,30,2004.25858232153,,,,,,81.6294315580731,,,,,,,,7.603528300163834,-7.342159808202009
TGO,Togo,2006,5.64,47.3,7.34,3.03,6.6,6.62,4.49,30,10,,49.7,94.4,,37.3,48.3,86.5,57,30,30,2000.54176015054,94.8,65.7,42.2,6.1,34.97,81.6256359546877,,,,,,,,7.601673042641919,-0.18552575219148437
TGO,Togo,2007,5.69,49.7,7.72,3.35,6.57,6.58,4.13,30,30,,54.7,92,,37.5,47.8,76.5,68.4,30,30,1920.26928670654,,,,,,81.6427331685432,,,,,,,,7.560741333426512,-4.09317092154069
TGO,Togo,2008,5.39,48.9,7.29,3.18,5.65,6.56,4.19,30,24,,53.9,88.8,,36.4,48.3,78.2,69.2,30,30,1941.15486668393,,,,,,81.6641933300631,,,,,,,,7.571553391646976,1.0812058220463605
TGO,Togo,2009,5.41,48.7,6.59,3.18,6.37,6.57,4.28,30,23,,53.7,86.6,,36.6,44.7,81.5,70.6,30,30,1989.82990346963,,,,,,81.6064649324821,,,,,,,,7.596306867702223,2.4753476055247248
TGO,Togo,2010,5.3,47.1,5.82,3.23,6.29,6.59,4.6,30,27,,56.2,86,,36.8,43.3,74.5,62.8,25,30,2049.78055930203,,,,,,81.4795363739095,,,,,,,,7.625975760296655,2.9668892594432172
TGO,Togo,2011,5.37,49.1,5.64,3.4,6.23,6.58,5.03,30,28,,68.1,88.6,,36.8,43.7,78.1,62.2,25,30,2111.47483429916,93.6,65,46,4.8,39.51,81.2913168903166,,,,,,,,7.655615446402577,2.9639686105921825
TGO,Togo,2012,5.46,48.3,6.16,3.4,6.31,6.6,4.85,30,24,,68.6,85.6,,34.8,45.2,78.3,61.7,25,30,2186.30951971437,,,,,,81.1038035673548,,,,,,,,7.690427537738371,3.481209133579366
TGO,Togo,2013,5.77,48.8,6.9,3.67,6.56,6.6,5.13,30,24,,68.5,81.6,,39.9,44.2,78.5,56.7,35,30,2254.98838359616,,,,,,80.8185915014099,,,,,,,,7.721343463489515,3.0915925751144435
TGO,Togo,2014,5.89,49.9,7.43,3.73,6.77,6.37,5.14,30,23.8,,69.7,82.4,,43.3,42.8,79.3,62.8,35,30,2322.40408294543,,,,,,80.5090782429062,,,,,,,,7.750788666392727,2.944520290321151
TGO,Togo,2015,5.88,53,7.14,3.84,6.57,6.24,5.61,30,29,,69.7,78.1,,51.9,43.4,80.4,67.8,50,30,2388.42609861568,94.2,63.3,43,5.1,62.44,80.2507813639408,,,,,,,,7.7788084899884415,2.8019823595714755
TGO,Togo,2016,5.88,53.6,6.71,3.95,6.72,6.25,5.75,30,29,,68.7,80.4,,51.4,46.2,79.5,71.2,50,30,2427.30036226403,,,,,,79.9173963692734,,,,,,,,7.794946852215221,1.613836222677989
TGO,Togo,2017,6.2,53.2,7.45,4.51,6.79,6.24,6.03,33.8,36.8,39.9,68.2,79.8,45.1,50.3,46.2,77.5,71.3,60,30,2462.27744935268,,,,,,79.5206668772319,,,,,,,,7.809248038691771,1.4301186476549432
TGO,Togo,2018,6.32,47.8,7.64,4.86,6.9,6.22,6,32.7,31.4,28.2,64.3,73.3,7.5,49.7,45.2,78.5,67.2,65,30,2517.34898693009,84.1,46.5,42.5,5.8,27.58,79.0881662731161,,,,,,,,7.831358801875172,2.211076318340144
TGO,Togo,2019,6.33,50.3,7.61,4.81,6.99,6.21,6.03,35.5,28.1,29.6,67.8,77,24.5,50.4,46.7,79.1,69.4,65,30,2577.51616831372,,,,,,78.7441430230892,,,,,,,,7.854969383905219,2.3610582030046956
TGO,Togo,2020,6.22,54.1,7.04,4.83,6.98,6.1,6.14,41.6,31.2,31.7,67.5,78.6,59.4,55,46.9,79.5,63.2,65,30,2570.48315208534,,,,,,79.0328036929024,,,,,,,,7.852238113408689,-0.27312704965298806
TGO,Togo,2021,6.2,57.5,7.08,4.83,6.79,6.1,6.22,44.5,32.2,28.2,68,84.8,89.9,60.6,47.1,79.7,65.4,60,30,2638.81095267963,86.8,47.3,37.9,6.8,26.16,77.3754575438599,,,,,,,,7.878462584742853,2.6224471334163724
TGO,Togo,2022,6.07,57.2,6.92,4.83,6.29,6.21,6.08,36.8,28.8,35.1,68.7,88.9,88.8,51.5,54.5,77.3,65.6,60,30,2739.68813234711,,,,,,75.9643653484896,,,,,,,,7.915964311043319,3.7501726300465776
THA,Thailand,1995,7.41,71.3,7.9,5.89,9.43,6.55,7.31,90,70,,74.6,92.8,,70,,77.7,66.4,50,50,11953.920382867,,,,,,62.0213008293855,,,,,,,,9.38889822013516,
THA,Thailand,1996,,71,,,,,,90,70,,74.5,92.1,,70,,76.4,66.4,50,50,12456.3290857417,58.6,22.4,42.9,6.2,,60.3650537874618,,,,,,,,9.4300644102735,4.116619013834111
THA,Thailand,1997,,66.1,,,,,,90,28,,74.2,91.3,,70,,75.3,66.4,50,50,11952.8491238372,,,,,,60.6790997192261,,,,,,,,9.388808607908967,-4.125580236453352
THA,Thailand,1998,,67.3,,,,,,70,33,,74.2,91.9,,70,,74.8,71.6,70,50,10897.1533831339,56.3,21.7,41.5,6.4,,61.5251314157212,,,,,,,,9.29634863947361,-9.245996843535664
THA,Thailand,1999,,66.9,,,,,,70,31,,74.6,91.2,,70,,74.9,71.2,70,50,11253.3874955905,60.6,24.5,43.1,6.1,,59.4171308338833,,,,,,,,9.32851333121053,3.216469173692005
THA,Thailand,2000,6.72,66.6,6.87,6.05,6.67,7.13,6.85,70,30,,75.3,88,,70,,72.9,73.2,70,50,11622.5250278537,61.2,24.8,42.8,6.2,,59.548129013531,,,,,,,,9.360786343081282,3.227301187075149
THA,Thailand,2001,6.73,68.9,7.08,6.1,6.66,7.18,6.58,70,32,,75.4,90.3,,70,,84.6,77.6,70,50,11901.3182104659,,,,,,57.2372741975669,,,,,,,,9.38448846772926,2.370212464797916
THA,Thailand,2002,6.78,69.1,7.02,6.15,6.84,7.16,6.66,70,32,,75.3,90.3,,70,,86.4,77.8,70,50,12512.1831324963,53.3,19.6,41.9,6.3,18.05,57.3295406513314,,,,,,,,9.43453801813687,5.004955040760883
THA,Thailand,2003,6.81,65.8,7.32,5.89,6.92,7.01,6.84,70,32,,75.2,93.1,,70,,87.3,64.8,50,50,13287.3048987459,,,,,,56.6771886572708,,,,,,,,9.494639596450261,6.010157831339136
THA,Thailand,2004,6.86,63.7,7.52,5.85,6.95,7.08,6.87,50,32,,75.5,91.1,,70,,88.9,65.6,50,50,13997.0013867292,46.7,16.2,42.5,6.1,,53.583412836229,,,,,,,,9.546669840315719,5.203024386545785
THA,Thailand,2005,6.81,62.5,7.19,5.97,6.81,6.96,7.11,50,33,,75.2,90.1,,70,76.8,82.3,67.6,30,50,14458.2551810694,,,,,,53.6765006109511,,,,,,,,9.579089985469764,3.2420145154045343
THA,Thailand,2006,6.85,63.3,7.55,5.88,6.71,7.15,6.94,50,36,,74.9,92.1,,73.8,77,80.3,68.4,30,50,15051.0606748719,39.5,12.8,41.8,6,15.89,53.8176024608438,,,,,,,,9.61927018272247,4.018019725270605
THA,Thailand,2007,6.81,63.5,7.31,5.94,6.97,6.91,6.87,50,38,,74.8,91.3,,73,76.4,77.6,74.2,30,50,15742.6552891781,37.4,11.4,39.8,6.5,,55.4387969757383,,,,,,,,9.664192724310096,4.492254158762599
THA,Thailand,2008,6.86,62.3,7.45,5.88,6.75,7.32,6.89,50,36,,74.7,90.7,,72.2,77.7,66.7,75.2,30,50,15891.7823409885,35.2,10.4,40.3,6.4,,54.6707750689738,,,,,,,,9.673620344327666,0.9427620017570248
THA,Thailand,2009,6.77,63,7.14,5.66,7.13,7.08,6.83,50,33,,74.4,90.6,,71.1,76.5,69,75.6,30,60,15665.9031153449,32.2,9.2,39.6,6.5,12.33,53.0593254359251,,,,,,,,9.659305684379019,-1.4314659948647446
THA,Thailand,2010,6.67,64.1,7.2,5.42,6.86,6.86,7,45,35,,74.7,89.8,,70.7,73.6,66.4,75.9,40,70,16730.3697884488,30,8.1,39.4,6.6,12.13,52.7124341125342,,,,,,,,9.725040666806652,6.573498242763343
THA,Thailand,2011,6.63,64.7,7.3,5.28,6.76,6.87,6.94,45,34,,74.8,90.6,,69.9,76.3,70.8,75.9,40,70,16766.3477057883,25.5,6.2,37.5,7.2,,55.3811294752686,,,,,,,,9.727188685230292,0.21480184236395417
THA,Thailand,2012,6.63,64.9,7.34,5.23,6.76,6.9,6.94,45,35,,75.1,87.5,,72.5,79,69.3,75.2,40,70,17869.6376607459,24.9,6.2,39.3,6.7,,55.9679533802875,,,,,,,,9.790914290826628,6.3725605596335555
THA,Thailand,2013,6.61,64.1,7.29,5.19,6.83,6.75,6.97,45,34,,78.9,83.7,,73.2,72.9,68.3,75.2,40,70,18242.4256715363,21.8,5.2,37.8,6.9,,54.8578460659682,,,,,,,,9.811560056933546,2.0645766106918373
THA,Thailand,2014,6.63,63.3,7.35,5.13,6.84,6.99,6.84,45,33.6,,79.7,83.6,,71.4,61.6,68.6,75,45,70,18324.6144674875,20.9,4.8,37,7.1,,49.6768223947998,,,,,,,,9.816055057842748,0.44950009092019627
THA,Thailand,2015,6.83,62.4,6.89,5.22,8.24,6.99,6.81,40,35,,81.5,81.4,,72.5,63.5,69.9,75.4,45,60,18811.9975100064,16.9,3.4,36,7.5,,48.7320077388859,,,,,,,,9.842303266856176,2.6248209013427726
THA,Thailand,2016,6.9,63.9,6.81,5.17,8.5,7.17,6.86,40,38,,81.1,82.2,,76.3,62.5,70.9,77.6,50,60,19370.6087810117,17.9,3.8,36.7,7.3,,48.1136717457096,,,,,,,,9.871563808244433,2.926054138825762
THA,Thailand,2017,6.95,66.2,7.07,5.13,8.48,7.3,6.76,51.3,40.7,41.7,81,85.3,96.3,69.9,62.8,72.9,82.8,50,60,20094.6778762603,17.2,3.6,36.4,7.3,10.67,47.8973036683746,,,,,,,,9.908260039892854,3.6696231648420508
THA,Thailand,2018,6.96,67.1,7.09,5.11,8.48,7.28,6.83,48.6,34.7,45.3,81.3,85.5,96.4,77.2,62.6,75.5,83.1,55,60,20879.9027821449,17.8,3.9,36.4,7.2,,48.7818153109021,,,,,,,,9.946590277754659,3.8330237861805116
THA,Thailand,2019,6.99,68.3,7.13,5.13,8.54,7.35,6.8,53.7,36.4,45.9,81.3,85.8,96.5,82.5,63.9,75.2,83,55,60,21277.8392684764,15.2,3,34.9,7.7,,47.7419198534858,,,,,,,,9.965468396313607,1.8878118558948387
THA,Thailand,2020,7.06,69.4,6.9,5.18,9.6,6.93,6.7,59.5,43.4,48,80.7,85.9,96.4,83,63.7,74,83,55,60,19957.257140917,15.1,3.1,35,7.5,,48.0926725618564,,,,,,,,9.901398228463723,-6.4070167849884285
THA,Thailand,2021,7.02,69.7,6.86,5.2,9.55,6.87,6.62,60,45.1,48.1,81.5,86,96.4,85.3,64.3,74.4,80,55,60,20242.7700035656,14.1,2.8,34.9,7.6,,50.3658119706045,,,,,,,,9.915602371054531,1.4204142590807933
THA,Thailand,2022,6.94,63.2,6.87,5.22,8.98,7.08,6.52,44.2,38.5,36.2,81.3,84.4,89.8,63.4,59.6,74.2,71.6,55,60,20762.7952598527,9.9,1.7,34.3,7.7,,49.729756400914,,,,,,,,9.940966136556217,2.536376550168562
TJK,Tajikistan,1995,,,10,3.47,,,6.62,,,,,,,,,,,,,1439.50277584065,,,,,,25.9045249947577,,,,,,,,7.2727474815207485,
TJK,Tajikistan,1996,,,,,,,,,,,,,,,,,,,,1175.79407235242,,,,,,26.5514767934875,,,,,,,,7.0705491321844836,-20.21983493362649
TJK,Tajikistan,1997,,,,,,,,,,,,,,,,,,,,1181.28110133633,,,,,,27.1428000741259,,,,,,,,7.075200988081183,0.4651855896699253
TJK,Tajikistan,1998,,41.1,,,,,,30,10,,57.5,89.3,,55,,0,68.4,30,30,1236.67552895556,,,,,,27.6153825892847,,,,,,,,7.12099032596453,4.578933788334716
TJK,Tajikistan,1999,,41.2,,,,,,30,10,,57.7,89.3,,55,,0,68.4,30,30,1275.82249026045,99.4,72.8,29.5,8.3,,27.6342491666255,,,,,,,,7.152129841092767,3.1139515128237427
TJK,Tajikistan,2000,6.45,44.8,6.86,2.94,7.9,,7.77,30,10,,57.6,90.3,,55,,25.6,75,30,30,1365.23327447129,,,,,,27.7225378045299,,,,,,,,7.219812797491782,6.768295639901467
TJK,Tajikistan,2001,6.81,46.8,8.09,2.95,7.9,,8,30,10,,58,92.3,,55,,46.6,69,30,30,1467.39882474638,,,,,,27.5097344098287,,,,,,,,7.291927851258957,7.211505376717486
TJK,Tajikistan,2002,6.49,47.3,7.86,2.91,6.83,,8,30,10,,61.6,91.3,,55,,48.9,69,30,30,1594.93890470219,,,,,,27.2979880662076,,,,,,,,7.37521749701526,8.328964575630327
TJK,Tajikistan,2003,5.54,46.5,6.72,2.94,6.06,,6.11,30,10,,74,94,,55,,46.9,69,30,10,1736.64039749855,96.4,61,32.7,7.9,,27.033785908314,,,,,,,,7.460283378490167,8.506588147490657
TJK,Tajikistan,2004,5.36,48.7,5.66,2.93,7.8,,4.83,30,10,,85,93,,55,,56.3,69,30,10,1878.28696227255,90.5,50.7,33.6,7.8,,26.9152506991871,,,,,,,,7.5386477084939525,7.836433000378573
TJK,Tajikistan,2005,5.99,50.4,5.64,3.68,7.81,,6.36,30,18,,84.8,88.9,,55,60.3,58.6,68.4,30,10,1965.30020458256,,,,,,26.9187889082958,,,,,,,,7.583908987209934,4.5261278715981845
TJK,Tajikistan,2006,6.12,52.6,8.37,3.67,6.09,,6.88,30,20,,91.1,89.1,,39.2,60.3,65.1,70.8,30,30,2063.288508243,,,,,,26.7504588853347,,,,,,,,7.632540897958466,4.8631910748532015
TJK,Tajikistan,2007,5.12,53.6,6.11,3.67,5.28,,5.53,30,21,,89.7,87.6,,39.2,60.1,67,71,30,40,2181.89798056536,89.7,44.5,32.2,7.4,13.4,26.6184289029488,,,,,,,,7.688408621864382,5.586772390591577
TJK,Tajikistan,2008,5.16,54.4,6.18,3.66,4.94,,6.09,30,22,,89.3,84.1,,44.4,60.2,65.8,77.8,30,40,2308.09430040334,,,,,,29.0270039148294,,,,,,,,7.744610648885791,5.620202702140897
TJK,Tajikistan,2009,5.27,54.6,5.75,3.66,6.37,,4.97,30,21,,89.3,85.9,,45.1,58.7,63.2,82.6,30,40,2349.50030269416,82,36.6,30.8,8.4,17.84,31.5734738131595,,,,,,,,7.762383479242803,1.7772830357011493
TJK,Tajikistan,2010,5.54,53,5.96,3.67,7.05,5.95,5.07,25,20,,88.9,78,,57.4,54.4,58.4,82.5,25,40,2449.27358745359,,,,,,31.2997948760221,,,,,,,,7.803954965652731,4.157148640992858
TJK,Tajikistan,2011,5.7,53.5,5.86,3.73,7.59,6.07,5.26,25,20,,88.6,77.3,,60.7,56.4,64.5,82.5,20,40,2572.48074895498,,,,,,31.1958457916342,,,,,,,,7.853014638573274,4.905967292054303
TJK,Tajikistan,2012,5.78,53.4,5.91,3.69,8.51,6.09,4.69,20,21,,89,75.5,,61.6,56.8,67.4,82.5,20,40,2700.09546037358,,,,,,30.9649507973375,,,,,,,,7.901412695772145,4.839805719887114
TJK,Tajikistan,2013,5.8,53.4,5.9,3.59,7.53,6.13,5.87,20,23,,92.8,78.1,,61.7,55.5,64.6,78.2,20,40,2828.38542075147,,,,,23.34,30.7529508062865,,,,,,,,7.947814801241172,4.64021054690269
TJK,Tajikistan,2014,5.9,52,5.79,3.7,7.59,6.41,6.03,20,19.4,,92.3,78.1,,58.4,45.5,67.7,73.2,25,40,2943.08867917317,,,,,24.73,30.4690108291947,,,,,,,,7.987554601396865,3.9739800155692784
TJK,Tajikistan,2015,5.87,52.7,5.68,3.88,7.52,6.43,5.85,20,22,,92.1,81.9,,65.4,46.4,69.6,74.6,25,30,3041.44479553257,74.1,31.5,34,7.4,,30.2575356134657,,,,,,,,8.0204166802542,3.2862078857335497
TJK,Tajikistan,2016,5.92,51.3,5.7,3.89,7.47,6.44,6.09,20,23,,91.6,76.9,,61.1,47.3,69.8,68.6,25,30,3169.9667820524,,,,,29.5,29.907070862064,,,,,,,,8.061791798940243,4.137511868604271
TJK,Tajikistan,2017,5.82,58.2,5.65,4,7.38,6.07,6.02,45.5,32.7,45.6,90.9,74.1,95.8,65.6,49.2,69.8,73.9,25,30,3312.71202243506,,,,,27.69,29.7177066416321,,,,,,,,8.105824296937053,4.403249799680964
TJK,Tajikistan,2018,6.05,58.3,5.63,4.09,7.74,6.63,6.16,46.8,38.2,50.3,91.8,71.4,90.4,63.4,52.2,69.6,70.6,25,30,3479.69235966041,,,,,28.49,29.398749476801,,,,,,,,8.154986506905217,4.916220996816456
TJK,Tajikistan,2019,6.26,55.6,5.73,4.06,8.45,6.84,6.2,47.8,36.4,52.1,91.8,64.6,60.3,67.3,49.2,68.5,73.6,25,30,3649.88375518646,,,,,25.63,29.1702576642148,,,,,,,,8.2027245419777,4.773803507248253
TJK,Tajikistan,2020,6.23,52.2,5.75,4.06,8.39,6.79,6.17,49.1,32,50,91.8,62.3,26,65.9,47.7,71,75,25,30,3724.7489591466,,,,,,28.9916333364029,,,,,,,,8.22302317346138,2.029863148367994
TJK,Tajikistan,2021,6.28,55.2,5.82,4.01,8.57,6.78,6.22,41.6,35.2,48.8,91.9,68.6,75.1,62.3,46.2,68.5,69.6,25,30,3985.91247611219,64.9,25.5,32.4,7.6,,28.7102798037506,,,,,,,,8.290772394823417,6.77492213620372
TJK,Tajikistan,2022,6.46,49.7,5.78,4.07,9.08,7.19,6.18,29.5,17.8,9.1,95.3,72.4,80,56.9,43.1,67.1,69.6,25,30,4213.75618362687,59.7,22.8,39.5,6.4,,28.466627579727,,,,,,,,8.346347023834491,5.557462901107435
TKM,Turkmenistan,1995,,,,,,,,,,,,,,,,,,,,4493.42793310683,,,,,,38.2541850077449,,,,,,,,8.410593671422076,
TKM,Turkmenistan,1996,,,,,,,,,,,,,,,,,,,,4712.83357844039,,,,,,38.5317135371766,,,,,,,,8.458256779190322,4.766310776824589
TKM,Turkmenistan,1997,,,,,,,,,,,,,,,,,,,,4105.36902304428,,,,,,38.8371573414011,,,,,,,,8.32029446763793,-13.796231155239091
TKM,Turkmenistan,1998,,35,,,,,,30,10,,56.2,84.1,,55,,0,40,30,10,4323.30168204311,84.6,46.7,40.8,6.1,,38.9879607989474,,,,,,,,8.372005945530502,5.171147789257091
TKM,Turkmenistan,1999,,36.1,,,,,,30,10,,57.5,92.3,,55,,0,40,30,10,4945.08541988288,,,,,,38.9120522070397,,,,,,,,8.506351718430182,13.434577289967997
TKM,Turkmenistan,2000,,37.6,,,,,,30,10,,83.3,79.7,,55,,15.4,25,30,10,5112.52948147352,,,,,,38.7202840987633,,,,,,,,8.539645145649125,3.329342721894335
TKM,Turkmenistan,2001,,41.8,,,,,,30,10,,84.6,79.7,,55,,51.9,25,30,10,5228.80329286491,,,,,,38.3977935988712,,,,,,,,8.562128945044744,2.2483799395619286
TKM,Turkmenistan,2002,,43.2,,,,,,30,10,,85.1,81.3,,55,,62.5,25,30,10,5138.87117760604,,,,,,38.1164586036316,,,,,,,,8.544783295412575,-1.7345649632169113
TKM,Turkmenistan,2003,,51.3,,,,,,30,10,,90.1,88.7,,55,,63.3,85,30,10,5203.8543813176,,,,,,37.79674817518,,,,,,,,8.55734700396561,1.2563708553035013
TKM,Turkmenistan,2004,,50.7,,,,,,30,10,,89.9,80.8,,55,,65.6,85,30,10,5360.22429910532,,,,,,37.4227304293229,,,,,,,,8.586947641994525,2.9600638028915327
TKM,Turkmenistan,2005,,47.6,,,,,,10,10,,89.9,90.8,,55,30,68.3,81.6,30,10,5945.95239804804,,,,,,36.9107285515124,,,,,,,,8.690634165310684,10.368652331615813
TKM,Turkmenistan,2006,,43.8,,,,,,10,20,,90.8,88.7,,30,30,69.4,79.2,10,10,6476.82805700551,,,,,,36.3171235709096,,,,,,,,8.776140556774122,8.55063914634382
TKM,Turkmenistan,2007,,43,,,,,,10,18,,91.7,85.3,,30,30,65.9,79.2,10,10,7060.14844993043,,,,,,35.6280210076927,,,,,,,,8.86236298721978,8.622243044565892
TKM,Turkmenistan,2008,,43.4,,,,,,10,22,,90.6,85.3,,30,30,66.4,79.2,10,10,7944.99590073106,,,,,,34.9556307638715,,,,,,,,8.98042342048353,11.806043326375004
TKM,Turkmenistan,2009,,44.2,,,,,,10,20,,90.9,93.6,,30,30,68,79.2,10,10,8264.86534322735,,,,,,34.2871349259306,,,,,,,,9.019889704499517,3.946628401598673
TKM,Turkmenistan,2010,,42.5,,,,,,10,18,,90.2,94.7,,30,30,62.8,79.2,0,10,8842.33283585112,,,,,,33.6545435765934,,,,,,,,9.087419102208617,6.7529397709099825
TKM,Turkmenistan,2011,,43.6,,,,,,10,18,,93.6,95.5,,30,30,69.6,79.2,0,10,9929.68934634645,,,,,,33.039984078613,,,,,,,,9.203385175208417,11.596607299980022
TKM,Turkmenistan,2012,,43.8,,,,,,10,16,,98.4,93.5,,30,30,71,79.2,0,10,10794.2335233663,,,,,,32.4505207829223,,,,,,,,9.286859975263914,8.347480005549635
TKM,Turkmenistan,2013,,42.6,,,,,,5,16,,94,91.7,,30,30,70.6,79.2,0,10,11633.2905987757,,,,,,31.9180930780941,,,,,,,,9.361712102564777,7.48521273008631
TKM,Turkmenistan,2014,,42.2,,,,,,5,13.4,,95.2,93,,30,30,65.9,79.2,0,10,12544.3983464061,,,,,,31.4381369547712,,,,,,,,9.437109211696642,7.539710913186504
TKM,Turkmenistan,2015,,41.4,,,,,,5,17,,94,93.5,,30,20,64.2,80,0,10,13057.8303253557,,,,,,31.0326920548666,,,,,,,,9.477219837208187,4.0110625511545095
TKM,Turkmenistan,2016,,41.9,,,,,,5,17,,95.3,92.2,,30,20,69.4,80,0,10,13552.8477118745,,,,,,30.689600297774,,,,,,,,9.514425749973686,3.7205912765498894
TKM,Turkmenistan,2017,,47.4,,,,,,32.4,29.6,5,95.3,92.3,98.9,30,20,74.8,80,0,10,14107.6671199289,,,,,,30.3998710659558,,,,,,,,9.554544576878799,4.0118826905112925
TKM,Turkmenistan,2018,,47.1,,,,,,29.8,27.3,5,95.9,92.2,98.6,30,20,76.3,80,0,10,14648.135352725,,,,,,30.1461192725785,,,,,,,,9.592136592411638,3.7592015532839085
TKM,Turkmenistan,2019,,48.4,,,,,,31.6,20.3,29.8,95.9,92,92.3,30,20,73.4,76,10,10,15231.3056176565,,,,,,29.9088611766437,,,,,,,,9.631173821014245,3.90372286026075
TKM,Turkmenistan,2020,,46.5,,,,,,20.1,21.4,20,95.9,93.1,94.5,30,20,68.7,74.2,10,10,15791.1775857601,,,,,,29.415563976255,,,,,,,,9.667270006908927,3.6096185894681554
TKM,Turkmenistan,2021,,47.4,,,,,,27.7,22,20,92.6,93.2,96.3,30,20,72.8,74.2,10,10,16434.1399060353,,,,,,29.02926029527,,,,,,,,9.707176998750574,3.9906991841647255
TKM,Turkmenistan,2022,,46.2,,,,,,19,7.4,8.3,92.6,94.5,98,37.5,30.7,72.7,74.2,10,10,17119.5744946142,,,,,,28.7938838195637,,,,,,,,9.748036206061112,4.085920731053783
TLS,Timor-Leste,1995,,,,2.28,,,,,,,,,,,,,,,,2891.86465034636,,,,,,62.1864035666236,,,,,,,,7.970002518657462,
TLS,Timor Leste,1996,,,,,,,,,,,,,,,,,,,,3038.23043686518,,,,,,61.93634597391,,,,,,,,8.019359616585437,4.935709792797471
TLS,Timor Leste,1997,,,,,,,,,,,,,,,,,,,,3073.97043709665,,,,,,61.7417320377964,,,,,,,,8.031050566242095,1.1690949656658844
TLS,Timor Leste,1998,,,,,,,,,,,,,,,,,,,,2931.48088622558,,,,,,61.923939778901,,,,,,,,7.983604062595248,-4.744650364684766
TLS,Timor Leste,1999,,,,,,,,,,,,,,,,,,,,2136.64950009543,,,,,,61.6915749908872,,,,,,,,7.667462139930231,-31.61419226650164
TLS,Timor-Leste,2000,4.56,,4.26,3.18,3.41,,6.44,,,,,,,,,,,,,3783.78349040621,,,,,,61.3208203472841,,,,,,,,8.238743962229167,57.128182229893554
TLS,Timor-Leste,2001,4.53,,4.26,3.09,3.41,,6.44,,,,,,,,,,,,,4038.33583266948,95.1,60.1,35.9,7.3,,60.9616868418778,,,,,,,,8.303835559586298,6.509159735713155
TLS,Timor-Leste,2002,4.76,,4.26,3.03,4.73,,6.26,,,,,,,,,,,,,3480.98860481918,,,,,,60.7939151546428,,,,,,,,8.155358847726335,-14.847671185996347
TLS,Timor-Leste,2003,4.44,,4.26,3.02,3.38,,6.23,,,,,,,,,,,,,3264.94649227443,,,,,,60.846624665496,,,,,,,,8.09130489013669,-6.405395758964438
TLS,Timor-Leste,2004,4.69,,4.54,3.12,4.12,,6.23,,,,,,,,,,,,,3234.97572893373,,,,,,60.9809590270163,,,,,,,,8.082085777820753,-0.921911231593775
TLS,Timor-Leste,2005,5.03,,5.76,3.05,4.53,,6.49,,,,,,,,,,,,,3263.94469592966,,,,,,60.9652401547298,,,,,,,,8.090998103107552,0.8912325286798861
TLS,Timor-Leste,2006,5.96,,4.26,3,8.26,,6.21,,,,,,,,,,,,,3038.95253397881,,,,,,61.0141765191672,,,,,,,,8.01959718045561,-7.14009226519412
TLS,Timor-Leste,2007,5.61,,4.26,3,6.55,,6.96,,,,,,,,,,,,,3256.56973696199,98.5,63.3,27.8,9.5,7.38,60.9268703093869,,,,,,,,8.088736716893255,6.913953643764437
TLS,Timor-Leste,2008,5.66,,4.44,3.01,6.65,,6.91,,,,,,,,,,,,,3530.88221940661,,,,,,60.627460089428,,,,,,,,8.169586214453966,8.084949756071147
TLS,Timor-Leste,2009,6.2,50.5,4.44,3.03,8.35,,6.87,20,26,,64.7,84,,47,66,74.1,73,30,20,3792.3582606223,,,,,,60.3086757720594,,,,,,,,8.241006990332176,7.14207758782095
TLS,Timor-Leste,2010,6.1,45.8,4.44,3.04,7.88,,6.99,20,22,,64.7,54.1,,46.2,65.6,72.5,73,20,20,4047.24946392086,,,,,,59.9809475575493,,,,,,,,8.306039835531132,6.503284519895658
TLS,Timor-Leste,2011,6.18,42.8,4.83,3.08,7.69,8.15,7.15,20,22,,64.7,0,,44.2,76.5,78.1,73,30,20,4189.79980348341,,,,,,59.4351995968739,,,,,,,,8.340646878586428,3.4607043055295605
TLS,Timor-Leste,2012,6.29,43.3,4.59,3.87,7.98,7.97,7.08,20,25,,64.7,0,,43.1,75.1,77.4,73,35,20,4297.91482204398,,,,,,59.0717880892024,,,,,,,,8.366117902865236,2.5471024278807874
TLS,Timor-Leste,2013,6.32,43.7,4.86,3.81,7.7,8.16,7.1,20,24,,64.7,0,,44.8,81.2,69.3,73,40,20,4340.27851790544,,,,,,58.5247470298645,,,,,,,,8.375924173090652,0.9806270225416469
TLS,Timor-Leste,2014,6.43,43.2,4.86,3.74,8.9,7.83,6.83,20,25.4,,64.7,0,,45.4,79.2,68.3,64.4,45,20,4445.3594272103,96,56,28.7,9.4,10.45,58.3563134583365,,,,,,,,8.399840934083864,2.3916760993211383
TLS,Timor-Leste,2015,6.39,45.5,4.72,3.77,8.85,7.81,6.79,20,30,,64.7,0,,59.8,72,68.7,79.6,40,20,4467.80011988177,,,,,,58.0281785501947,,,,,,,,8.404875222017301,0.5034287933437298
TLS,Timor-Leste,2016,6.13,45.8,4.71,3.77,8.82,7.79,5.57,20,28,,64.7,0,,68,66,70.9,80,40,20,4515.4226379882,,,,,,57.7844485410127,,,,,,,,8.415475507690449,1.0600285673147525
TLS,Timor-Leste,2017,6.06,46.3,4.38,3.78,8.3,7.77,6.08,6.8,29.2,10.3,64.7,65.6,20,72.2,63.9,77.5,80,45,20,4290.02726532164,,,,,,57.8885788857889,,,,,,,,8.364281439043031,-5.119406864741727
TLS,Timor-Leste,2018,6.1,48.1,4.4,3.77,8.19,7.75,6.39,29.9,32,13.8,97.4,30.9,20,66.9,62.7,78.4,80,45,20,4188.84115175127,,,,,,57.9307817668103,,,,,,,,8.340418100920987,-2.3863338122044553
TLS,Timor-Leste,2019,6.29,44.2,4.49,3.79,8.68,7.82,6.69,29.7,32.1,13.1,96.3,0.9,20,60.5,58.8,79.5,75,45,20,5103.14962872555,,,,,,57.0387833472251,,,,,,,,8.537809140567795,19.739103964680815
TLS,Timor-Leste,2020,6.02,45.9,4.43,3.89,8.24,7.12,6.42,45.2,32.5,12.6,96.3,5.3,19.9,64,58.9,76.5,75,45,20,6594.88175503901,,,,,,57.6282097263376,,,,,,,,8.794200756750914,25.639161618311945
TLS,Timor-Leste,2021,5.88,44.7,5.52,3.85,6.82,7.16,6.05,37.2,37.4,15.1,91.7,0,20,62.2,53.4,79.7,75,45,20,6825.04588630745,,,,,,57.1812068676051,,,,,,,,8.828500851727599,3.430009497668429
TLS,Timor-Leste,2022,5.77,46.3,4.65,3.77,6.41,7.86,6.14,30.8,38.2,35.3,97.6,0,19.7,57.9,56.2,79.5,75,45,20,5348.49200064987,,,,,,57.3174735632498,,,,,,,,8.58475688223216,-24.374396949543886
TON,Tonga,1995,,,,,,,,,,,,,,,,,,,,5508.33934627723,,,,,,40.6261531038006,,,,,,,,8.614199994101151,
TON,Tonga,1996,,,,,,,,,,,,,,,,,,,,5510.7084261902,,,,,,40.4348198236755,,,,,,,,8.614629913288214,0.042991918706292154
TON,Tonga,1997,,,,,,,,,,,,,,,,,,,,5455.90517573817,,,,,,40.4129709380258,,,,,,,,8.604637090406737,-0.9992822881477181
TON,Tonga,1998,,,,,,,,,,,,,,,,,,,,5541.68325773841,,,,,,40.3107368659806,,,,,,,,8.620234005037394,1.559691463065782
TON,Tonga,1999,,,,,,,,,,,,,,,,,,,,5632.72252396599,,,,,,40.1804850535815,,,,,,,,8.636525696951207,1.62916919138123
TON,Tonga,2000,,,,,,,,,,,,,,,,,,,,5808.26509143352,40.5,13.9,37.7,6.3,,40.0477393990452,,,,,,,,8.667209351558556,3.0683654607349453
TON,Tonga,2001,,,,,,,,,,,,,,,,,,,,5860.08077786935,,,,,,39.9584876023785,,,,,,,,8.676089298648876,0.8879947090319362
TON,Tonga,2002,,,,,,,,,,,,,,,,,,,,6085.11323193626,,,,,,39.828963970279,,,,,,,,8.71376493559706,3.7675636948184987
TON,Tonga,2003,,,,,,,,,,,,,,,,,,,,6053.8798660639,,,,,,39.6985631133481,,,,,,,,8.708619815338494,-0.5145120258566394
TON,Tonga,2004,,,,,,,,,,,,,,,,,,,,5900.45741291394,,,,,,39.6798138710392,,,,,,,,8.682954618527562,-2.5665196810932045
TON,Tonga,2005,,,,,,,,,,,,,,,,,,,,5828.37054398018,,,,,,39.6969696969697,,,,,,,,8.670664305073018,-1.2290313454544233
TON,Tonga,2006,,,,,,,,,,,,,,,,,,,,5670.9141842869,,,,,,39.8950907868191,,,,,,,,8.643281938387865,-2.7382366685152704
TON,Tonga,2007,,,,,,,,,,,,,,,,,,,,5506.65177833752,,,,,,39.908589864229,,,,,,,,8.61389363677839,-2.938830160947603
TON,Tonga,2008,,,,,,,,,,,,,,,,,,,,5758.56828665219,,,,,,39.873417721519,,,,,,,,8.658617800647033,4.472416386864353
TON,Tonga,2009,,54.1,,,,,,20,17,,82.5,58,,79,99.4,68.9,56,40,20,5453.87514548883,45.4,15.2,37.5,6.7,,39.8852762216207,,,,,,,,8.60426500991886,-5.435279072817245
TON,Tonga,2010,,53.4,,,,,,20,24,,82.8,70.8,,78.2,93.7,63.5,56.2,25,20,5488.75040326595,,,,,,39.8354152147108,,,,,,,,8.610638069584079,0.6373059665218506
TON,Tonga,2011,,55.8,,,,,,25,30,,83.1,73.2,,77.4,92.1,71.1,56.2,30,20,5847.44389420769,,,,,,39.6486892995273,,,,,,,,8.673930903851225,6.32928342671466
TON,Tonga,2012,,57,,,,,,25,30,,85.9,62.2,,77.5,92.1,72.1,75.3,30,20,5907.26711603507,,,,,,39.4978154161497,,,,,,,,8.684107855228241,1.0176951377015797
TON,Tonga,2013,,56,,,,,,20,31,,87.1,64.7,,76.6,84.4,71.1,75.6,30,20,5951.69432111238,,,,,,39.4541751527495,,,,,,,,8.691599223122147,0.7491367893905476
TON,Tonga,2014,,58.2,,,,,,20,28.6,,86.7,74.8,,74.6,91.2,71.3,79.5,35,20,6096.86914784745,,,,,,39.321718167872,,,,,,,,8.715694669109942,2.4095445987795117
TON,Tonga,2015,,59.3,,,,,,20,28.6,,87.2,79,,74.1,92.1,73.5,78.4,40,20,6194.63923003718,55.3,19,33.5,7.7,7.52,39.1226276968977,,,,,,,,8.73160097357253,1.5906304462587784
TON,Tonga,2016,,59.6,,,,,,25,28.6,,86.9,76.3,,76.4,86.1,77.4,79.6,40,20,6639.13678737964,,,,,,38.7427552385199,,,,,,,,8.800887842767274,6.928686919474458
TON,Tonga,2017,,63,,,,,,65.5,47.6,19.8,86.9,74.4,79.6,76.1,86,80.6,79.7,40,20,6862.66870605024,,,,,,38.3036014809828,,,,,,,,8.833997374567414,3.3109531800139536
TON,Tonga,2018,,63.1,,,,,,62.1,40.5,25.4,85.4,68.7,95.9,75.5,86.4,78.3,78.6,40,20,6885.10271620406,,,,,,37.9293852862568,,,,,,,,8.837260560459313,0.3263185891899667
TON,Tonga,2019,,57.7,,,,,,59.2,38.1,26.6,85.5,40.9,93.4,75.3,69.9,69.4,73.6,40,20,6858.83871210154,,,,,,37.0820496876855,,,,,,,,8.833439209088073,-0.3821351371239956
TON,Tonga,2020,,58.8,,,,,,60.9,44.2,26.5,85.2,42.8,95.2,75,69.8,71.4,74,40,20,6980.41011734068,,,,,,36.5055053030084,,,,,,,,8.851006197894257,1.7566988806184014
TON,Tonga,2021,,57.5,,,,,,48.1,44.6,23.3,84.8,53.7,95.4,70,69.9,66.4,73.4,40,20,6929.17669288438,26.7,6.2,27.1,9.3,6.65,35.3781512605042,,,,,,,,8.843640588667624,-0.7365609226633651
TON,Tonga,2022,,60.8,,,,,,64.2,40.5,68.1,85.4,54.6,96.5,58.7,55.8,71.9,73.4,40,20,6810.60970632543,,,,,,34.7327907864971,,,,,,,,8.826383745121401,-1.725684354622281
TTO,Trinidad and Tobago,1995,6.81,,6.5,4.76,8.64,7.47,6.81,,,,,,,,,,,,,13912.3133299045,,,,,,21.466092088336,,,,,,,,9.540601454245554,
TTO,Trinidad Tobago,1996,,69.2,,,,,,90,50,,64.5,77.5,,70,,75.9,35,90,70,14838.9026529676,,,,,,20.1125196407238,,,,,,,,9.605074956926783,6.447350268122953
TTO,Trinidad Tobago,1997,,71.3,,,,,,90,50,,68.2,79.6,,70,,78.8,45,90,70,15895.2438763164,,,,,,19.4064309369519,,,,,,,,9.673838126106693,6.876316917990977
TTO,Trinidad Tobago,1998,,72,,,,,,90,50,,67.4,78.5,,70,,81.8,50.4,90,70,17129.0911444686,,,,,,18.4204653566521,,,,,,,,9.748591912055241,7.475378594854831
TTO,Trinidad Tobago,1999,,72.4,,,,,,90,50,,68.1,79.1,,70,,82.8,51.6,90,70,18440.5741312908,,,,,,19.0852534518469,,,,,,,,9.82236285850466,7.377094644941806
TTO,Trinidad and Tobago,2000,7.09,74.5,7,4.91,8.89,7.44,7.28,90,50,,71.2,81.3,,70,,81,66.8,90,70,19637.5545410721,,,,,,18.2772670963406,,,,,,,,9.885249981494926,6.2887122990266775
TTO,Trinidad and Tobago,2001,7.06,71.8,6.94,4.87,8.7,8,6.83,70,50,,70.9,76.5,,70,,82.4,66.8,90,70,20366.753132212,,,,,,18.12886857282,,,,,,,,9.921708200349226,3.6458218854299673
TTO,Trinidad and Tobago,2002,7.06,70.1,6.89,4.75,8.83,7.95,6.94,70,53,,71.6,76.5,,70,,82.8,66.8,70,70,21876.8529070403,,,,,,17.4398474898199,,,,,,,,9.993230121329605,7.1521920980378795
TTO,Trinidad and Tobago,2003,7,68.8,6.72,4.61,8.91,7.95,6.85,70,53,,72.4,81.8,,70,,81.1,51,70,70,24910.823196152,,,,,,17.0497811259289,,,,,,,,10.123097796912756,12.986767558315115
TTO,Trinidad and Tobago,2004,7.11,71.3,7.07,4.57,8.86,8.13,6.93,70,49,,71.7,83.1,,70,,81.7,75.8,70,70,26757.9075601429,,,,,,16.5143624092115,,,,,,,,10.194622689796859,7.15248928841028
TTO,Trinidad and Tobago,2005,6.95,71.5,6.91,4.81,8.51,7.81,6.74,70,46,,73.7,80.2,,70,79,77.3,79.2,70,70,29536.4394101096,,,,,6.52,16.2394568380214,,,,,,,,10.293413870206038,9.879118040917945
TTO,Trinidad and Tobago,2006,6.99,70.4,6.95,4.82,8.22,8.04,6.96,70,42,,76.5,81.1,,62.7,79.2,77.7,75.2,70,70,33348.7507470886,,,,,,16.1874640598045,,,,,,,,10.414805577465424,12.13917072593862
TTO,Trinidad and Tobago,2007,7.07,70.6,7.1,4.79,8.49,8.01,6.98,70,38,,82,80.6,,62.7,78.9,74.7,79,70,70,34793.6457521105,,,,,,16.3361229789479,,,,,,,,10.457218796227282,4.241321876185822
TTO,Trinidad and Tobago,2008,6.88,69.5,6.82,4.89,7.93,8.05,6.75,65,32,,81,81.7,,65,79.1,72.6,79,70,70,35825.3333456362,,,,,,16.4063519622953,,,,,,,,10.486438470304869,2.9219674077586077
TTO,Trinidad and Tobago,2009,6.72,68,6.17,4.93,7.63,8.01,6.89,60,34,,79.7,75.6,,60.1,78.3,72.2,79.8,70,70,34212.2683057008,,,,,,16.6512621560875,,,,,,,,10.440368809967833,-4.606966033703586
TTO,Trinidad and Tobago,2010,6.68,65.7,6.3,4.85,7.58,7.87,6.82,50,36,,80.8,72.3,,59,78,69.3,81.7,60,70,35145.1253639062,,,,,,16.5562121259138,,,,,,,,10.467269659695058,2.690084972722495
TTO,Trinidad and Tobago,2011,6.77,66.5,6.45,5.04,8.05,7.91,6.41,50,36,,83.7,75.8,,58.4,77.1,71.8,81.7,60,70,34769.7620251376,,,,,,17.3327096966136,,,,,,,,10.456532140929069,-1.0737518765989051
TTO,Trinidad and Tobago,2012,6.75,64.4,6.56,5.06,7.52,7.92,6.72,50,36,,85.5,65.1,,60.1,77.3,70.1,69.9,60,70,36903.6898574094,,,,,,15.8997311632638,,,,,,,,10.516093918359314,5.956177743024504
TTO,Trinidad and Tobago,2013,6.82,62.3,6.58,5.01,7.97,7.94,6.61,50,32,,84.9,60.4,,55.1,76.7,73.7,69.9,60,60,37994.0686480473,,,,,,16.231676235981,,,,,,,,10.545211657867545,2.911773950823182
TTO,Trinidad and Tobago,2014,6.84,62.7,6.08,4.97,8.51,7.93,6.69,50,34,,84.8,62.5,,59.4,76.4,71.7,78.6,60,50,39248.6570516023,,,,,3.43,16.7910122348162,,,,,,,,10.577697985633588,3.248632776604232
TTO,Trinidad and Tobago,2015,6.83,64.1,6.36,4.93,8.26,7.92,6.66,50,38,,79,69.3,,65.3,76.6,74.3,78.6,60,50,38963.9641783011,,,,,,16.7595473252775,,,,,,,,10.5704181669471,-0.7279818686487971
TTO,Trinidad and Tobago,2016,7.06,62.9,6.72,4.98,8.64,7.94,6.99,50,38,,79.4,62.3,,69.5,72.8,68.5,78.6,60,50,35914.9901970983,,,,,,18.1835188476288,,,,,,,,10.488937884700977,-8.148028224612247
TTO,Trinidad and Tobago,2017,7.07,61.2,6.66,4.97,8.93,7.85,6.94,54.7,36.8,48.7,81.4,57.7,51.8,67.7,71.4,75.9,78.6,60,50,34095.9899256152,,,,,,18.8501540165438,,,,,,,,10.436964387399314,-5.197349730166323
TTO,Trinidad and Tobago,2018,7.19,57.7,7.1,4.94,9.09,7.84,6.97,54.9,33.1,49.8,83.5,54.4,12.6,68.3,74.5,77.4,73.5,60,50,33710.0178540008,,,,,,19.4956959199856,,,,,,,,10.425580002195307,-1.1384385204006975
TTO,Trinidad and Tobago,2019,7.16,57,6.87,4.95,9.19,7.84,6.96,52.3,32.9,40.6,82.3,61.9,16.6,67.8,75.6,75.1,68.4,60,50,33748.7060849924,,,,,,20.1536588580605,,,,,,,,10.426726987669937,0.11469854746302133
TTO,Trinidad and Tobago,2020,6.98,58.3,6.87,5.03,9.35,6.69,6.96,56.6,37.4,42.1,82.6,66.5,15.9,67.3,76,77.4,67.8,60,50,30720.8876936042,,,,,,21.6414454851151,,,,,,,,10.332730633733247,-9.399635393669037
TTO,Trinidad and Tobago,2021,6.64,59,6.78,5.05,8.75,6.25,6.39,52.4,36.4,46.9,79.5,70.9,15.8,66.5,76.8,83.4,68.8,60,50,30482.1201798631,,,,,,20.7055131985903,,,,,,,,10.32492837266707,-0.7802261066176541
TTO,Trinidad and Tobago,2022,6.64,58.8,6.78,5.08,8.11,6.9,6.34,58.8,44.2,59.3,79.1,69,12.9,60.9,57.4,84.6,68.8,60,50,30784.1112580356,,,,,,21.2792385868688,,,,,,,,10.334786451372745,0.9858078705674345
TUN,Tunisia,1995,5.86,63.4,4.71,5.12,7.04,6.4,6.22,50,50,,69.7,69.1,,85,,81.1,45.4,70,50,7406.23900930842,66.3,30,41.7,5.7,20.21,27.2893464002326,,,,,,,,8.910213045524065,
TUN,Tunisia,1996,,63.9,,,,,,50,50,,69.5,64.3,,85,,81.4,35,70,70,7821.79219107359,,,,,,26.986770305814,,,,,,,,8.964796827491478,5.458378196741265
TUN,Tunisia,1997,,63.8,,,,,,50,50,,68.8,65.7,,85,,80,35,70,70,8136.3376111408,,,,,,26.5738849308873,,,,,,,,9.00421833069753,3.9421503206051867
TUN,Tunisia,1998,,63.9,,,,,,50,50,,69.3,64.3,,85,,81.7,35,70,70,8417.98493264685,,,,,,26.3049008730346,,,,,,,,9.03824454565164,3.40262149541104
TUN,Tunisia,1999,,61.1,,,,,,50,50,,69.2,62,,70,,82.5,46.6,70,50,8821.98791288257,,,,,,25.8683494326051,,,,,,,,9.085115857265661,4.687131161402114
TUN,Tunisia,2000,6.37,61.3,7.05,4.89,6.83,6.81,6.28,50,50,,69.3,71.2,,70,,83.5,38.2,70,50,9134.41506327005,57.3,23.2,40.8,6,18.31,25.4214858562806,,,,,,,,9.11991390437213,3.479804710646839
TUN,Tunisia,2001,6.37,60.8,6.99,4.88,6.9,6.82,6.27,50,50,,68.7,58.9,,70,,84.2,45.2,70,50,9380.56317617024,,,,,,25.0720735905403,,,,,,,,9.146501678027256,2.6587773655126767
TUN,Tunisia,2002,6.22,60.2,7,4.88,6.85,6.21,6.19,50,52,,68.8,69.3,,70,,84.3,27.2,70,50,9407.55676671593,,,,,,25.0755391995885,,,,,,,,9.149374848522955,0.2873170495698574
TUN,Tunisia,2003,6.24,58.1,6.86,4.88,6.98,6.2,6.25,50,53,,68.8,67.9,,70,,85.4,27.4,50,50,9752.02442335824,,,,,,24.8274722747475,,,,,,,,9.185332713158179,3.5957864635223658
TUN,Tunisia,2004,6.31,58.4,6.93,4.85,6.99,6.46,6.33,50,48,,70.8,69.3,,70,,84.9,32.4,50,50,10263.8055422408,,,,,,24.3582883731475,,,,,,,,9.23647638550748,5.114367234930128
TUN,Tunisia,2005,6.33,55.4,7.01,4.96,7.21,6.34,6.15,50,49,,70.9,76.8,,70,62.7,84.7,30.2,30,30,10529.1598956845,49,17.6,37.7,6.4,19.6,24.1439265750956,,,,,,,,9.26199878978809,2.552240428060948
TUN,Tunisia,2006,6.28,57.5,7.08,5.02,6.86,6.27,6.21,50,50,,73.3,77.8,,80.3,61.7,83.5,38.6,30,30,10983.9221903991,,,,,,24.7427422277601,,,,,,,,9.304278901534552,4.228011174646262
TUN,Tunisia,2007,6.27,60.3,7.06,5.02,6.9,6.27,6.15,50,49,,73.3,78.5,,78.9,61,80.1,71.8,30,30,11613.9247511428,,,,,,23.479364674802,,,,,,,,9.360046166590566,5.576726505601393
TUN,Tunisia,2008,6.21,60.1,6.82,4.94,6.52,6.76,6.07,50,46,,76.4,77.1,,80.1,62.3,77.6,71.8,30,30,11990.1962371716,,,,,,22.5159692675783,,,,,,,,9.391928012617184,3.188184602661792
TUN,Tunisia,2009,6.16,58,6.87,4.97,6.57,6.22,6.2,50,42,,76.5,78.3,,81.6,60.1,78.4,53,30,30,12229.7752536693,,,,,,22.1157592803221,,,,,,,,9.41171061617908,1.978260356189665
TUN,Tunisia,2010,5.97,58.9,6.22,4.84,6.51,6.09,6.21,50,44,,74.4,78.5,,80.2,67.4,76.5,53.5,35,30,12458.2710366551,34.6,11.3,38.5,6.3,18.02,23.1626532694612,,,,,,,,9.43022028634871,1.85096701696299
TUN,Tunisia,2011,5.96,58.5,5.84,4.73,6.58,6.71,5.98,50,42,,73.7,77.6,,80.2,65.7,77.3,53.5,35,30,12068.7136257667,,,,,,21.3459053035976,,,,,,,,9.398454587693017,-3.176569865569334
TUN,Tunisia,2012,6.06,58.6,6.07,4.84,6.48,6.79,6.13,40,43,,74.8,71.5,,82.9,74.1,76.9,58.1,35,30,12436.3958115735,,,,,,20.0137669158038,,,,,,,,9.428463004472846,3.0008416779828906
TUN,Tunisia,2013,6.1,57,6.41,4.85,6.52,6.7,6.02,40,38,,74.5,63.7,,82.8,70.1,77.8,58.1,35,30,12587.9950645596,,,,,,19.1390552570924,,,,,,,,9.440578303722303,1.2115299249456868
TUN,Tunisia,2014,6.17,57.3,6.38,4.9,6.68,6.8,6.09,40,39.2,,74.3,63.8,,80.7,72.6,75.9,61.8,35,30,12824.0028914441,,,,,,19.1905762370604,,,,,,,,9.459151895492676,1.85735917703731
TUN,Tunisia,2015,6.11,57.7,6.3,4.98,6.71,6.72,5.87,40,41,,74.3,70.8,,81.2,69.1,74.8,61.2,35,30,12802.7917211433,23.7,6,32.8,7.8,15.12,19.6584141515955,,,,,,,,9.457496634255115,-0.16552612375608788
TUN,Tunisia,2016,6.06,57.6,5.83,4.97,6.82,6.8,5.86,40,40,,74,73.4,,81.3,64,75.6,62.2,35,30,12803.8797371543,,,,,,20.4302187304746,,,,,,,,9.4575816067234,0.00849724682847608
TUN,Tunisia,2017,5.98,55.7,5.68,5,6.59,6.68,5.92,49.6,37.3,39.9,73.7,73.4,53.4,80.6,56.1,75.9,63.8,35,30,12955.4014814241,,,,,,18.313333870308,,,,,,,,9.469345267880264,1.1763661156864558
TUN,Tunisia,2018,5.88,58.9,5.46,4.9,6.34,6.83,5.86,49.4,36.8,41.7,73,75.5,61.6,81.4,52.9,77.2,82.1,45,30,13163.1952230357,,,,,,18.6910929000217,,,,,,,,9.485255940022826,1.5910672142561921
TUN,Tunisia,2019,5.78,55.4,5.27,4.91,6.34,6.48,5.9,49.2,36.6,42.7,74.4,74.4,37.9,76.7,50.3,76,71.4,45,30,13243.9024233246,,,,,,19.102588165739,,,,,,,,9.491368034621622,0.6112094598796247
TUN,Tunisia,2020,5.91,55.8,5.24,4.95,7.65,6.07,5.65,56.4,39.7,43.6,74.2,73.1,38.8,78.1,49.8,73.9,66.4,45,30,11955.5983698479,,,,,,18.6691920536578,,,,,,,,9.389038569813572,-10.232946480805083
TUN,Tunisia,2021,5.98,56.6,5.27,4.82,7.63,6.34,5.82,53.9,42,41.9,71.7,71.1,53,80.7,49.7,73.6,66.8,45,30,12444.326402688701,20.7,5.3,33.7,7.7,18.34,18.1254623760128,,,,,,,,9.429100442074363,4.006187226079128
TUN,Tunisia,2022,5.94,54.2,5.3,4.51,7.38,6.68,5.81,60.9,47.3,49.5,75.2,67,20.8,57.7,56,74.4,66.2,45,30,12712.22345453,,,,,,17.9540685936227,,,,,,,,9.45039794764848,2.129750557411647
TUR,Türkiye,1995,5.96,58.4,7.31,5.31,3.21,7.35,6.65,70,10,,44.5,63.3,,85,,38.2,74.8,70,70,13099.2575267612,,,,,,46.5489259191743,,,,,,,,9.480387167527406,
TUR,Turkey,1996,,56.7,,,,,,70,10,,44.3,57.1,,85,,28.9,75,70,70,13826.9201097072,,,,,,46.2861478949,,,,,,,,9.534445023595493,5.405785606808777
TUR,Turkey,1997,,60.8,,,,,,70,41,,57.3,61.8,,70,,29.8,77.8,70,70,14631.2958814739,,,,,,46.1099612816426,,,,,,,,9.590986411399458,5.654138780396423
TUR,Turkey,1998,,60.9,,,,,,70,35,,58.4,68.5,,70,,31.8,73.8,70,70,14704.3385744207,,,,,,45.7475143048701,,,,,,,,9.595965875165112,0.49794637656539464
TUR,Turkey,1999,,59.2,,,,,,70,32,,57,57.1,,70,,31.8,74.4,70,70,14066.1896257233,,,,,,45.4360590284753,,,,,,,,9.55160038784906,-4.43654873160515
TUR,Türkiye,2000,5.91,63.4,7.24,4.93,3.57,7.66,6.22,70,34,,67.2,82.7,,70,,31.8,75,70,70,14856.914625257,,,,,,44.9542249430927,,,,,,,,9.606287973649813,5.468758580075317
TUR,Türkiye,2001,5.65,60.6,7.05,4.92,3.59,7.55,5.19,70,36,,66.9,73,,70,,36.4,73,70,50,13872.1287284566,,,,,,46.2065788421652,,,,,,,,9.5377090631018,-6.857891054801257
TUR,Türkiye,2002,5.89,54.2,7.33,5.34,3.81,7.63,5.33,50,38,,65.2,58.9,,55,,41,79.6,50,50,14587.894621656,50.5,19.5,41.4,5.8,11.84,43.3661355141527,,,,,,,,9.588015875908924,5.030681280712379
TUR,Türkiye,2003,5.94,51.9,7.75,5.38,3.64,7.64,5.28,50,36,,64.6,45,,55,,42.9,73.6,50,50,15255.7177960689,54.3,21.8,42.2,5.5,9.55,43.0664758628225,,,,,,,,9.632775196256608,4.4759320347683484
TUR,Türkiye,2004,6.21,52.8,8.13,5.63,4.52,7.62,5.16,50,32,,60.8,56.9,,55,,46.1,74.2,50,50,16583.8837094062,41,15.7,41.3,5.4,10.46,39.1052860097717,,,,,,,,9.716246939563154,8.347174330654639
TUR,Türkiye,2005,6.26,50.6,8.15,5.86,4.43,7.23,5.6,50,31,,65.3,54.4,,55,40.7,53.8,76,50,30,17902.5966004487,38.9,14.7,42.6,5.2,11.05,36.5951513610048,,,,,,,,9.792756899045008,7.650995948185368
TUR,Türkiye,2006,6.32,57,7.78,5.71,4.89,7.37,5.82,50,32,,68,68.1,,66.7,39.1,64.7,81,50,50,18972.0089563632,35.9,13,39.6,5.6,11.12,34.0668497411817,,,,,,,,9.85077266692238,5.801576787737162
TUR,Türkiye,2007,6.46,57.4,7.75,5.35,5.95,7.37,5.83,50,35,,69.1,62.4,,67.4,38.8,70.1,81,50,50,19909.083519675,31.5,11.2,38.4,5.8,11.05,32.4511473807858,,,,,,,,9.898981591910067,4.820892498768714
TUR,Türkiye,2008,6.49,59.9,7.53,5.39,6.18,7.61,5.72,50,38,,77.7,68.3,,68.3,39.5,70.8,86.8,50,50,19839.5845462269,26.9,9.4,39,5.7,11.97,31.7572930531861,,,,,,,,9.895484843420306,-0.34967484897610035
TUR,Türkiye,2009,6.77,61.6,7.03,5.38,8.12,7.63,5.66,50,41,,73.2,83.4,,69.9,40.3,71.1,86.6,50,50,18612.1925231905,28,9.3,39,5.9,12.98,32.9455526193671,,,,,,,,9.831625883724692,-6.385895969561339
TUR,Türkiye,2010,6.86,63.8,7.33,5.23,8.08,7.51,6.11,50,46,,78.1,82.9,,68.9,41.1,70,86.4,65,50,19897.4464836887,26.3,8.8,38.8,5.9,13.39,32.4345095590541,,,,,,,,9.898396941518968,6.677105779427528
TUR,Türkiye,2011,7.02,64.2,7.57,5.29,8.49,7.45,6.27,50,44,,78.2,83.6,,68.7,39.6,72.7,85.4,70,50,21760.4291923634,23.8,7.7,40,5.8,13.76,31.7790811091608,,,,,,,,9.987894378609168,8.94974370902002
TUR,Türkiye,2012,6.97,62.5,7.51,5.26,8.27,7.45,6.34,50,44,,77.7,58.5,,67.1,40,71.9,85.4,70,60,22517.7148287875,22.3,7.1,40.2,5.8,12.17,30.727703994997,,,,,,,,10.022102012631736,3.42076340225681
TUR,Türkiye,2013,6.95,62.9,7.36,5.1,8.55,7.38,6.31,50,42,,77,64.9,,68.2,43.1,73.3,85.2,65,60,24117.3121099839,20.6,6.4,40.2,5.8,14.54,29.9417878200711,,,,,,,,10.090726669536098,6.862465690436181
TUR,Türkiye,2014,6.89,64.9,7.37,4.95,8.42,7.43,6.26,50,44,,77.5,63.5,,67.6,59.7,71.8,84.5,70,60,24888.8521742576,20.3,5.9,41.2,5.8,14.4,29.5939640712044,,,,,,,,10.122215456181992,3.1488786645894606
TUR,Türkiye,2015,6.91,63.2,7.43,4.95,8.55,7.4,6.21,45,50,,76.1,57.6,,61,50.2,72.4,84.6,75,60,25984.8027306177,21,6.4,42.9,5.6,11.97,28.8142296804772,,,,,,,,10.16530561904227,4.309016286027756
TUR,Türkiye,2016,6.86,62.1,7.32,4.89,8.52,7.39,6.17,40,45,,75.2,55.6,,65.4,48.6,71.5,84.4,75,60,26489.6436816046,18.6,5.4,41.9,5.7,11.33,28.0716480856355,,,,,,,,10.18454688101222,1.9241261969950685
TUR,Türkiye,2017,6.65,65.2,7.34,4.7,8.06,7.45,5.7,61.3,40.7,52.5,75.5,57.7,95.7,64.3,48.5,72.2,79.4,75,60,28194.688309381,16.7,4.8,43.5,5.4,,28.3715601440239,,,,,,,,10.246924348405832,6.23774673936115
TUR,Türkiye,2018,6.49,65.4,7.2,4.73,7.38,7.4,5.71,54.7,42,54.5,74.7,68.1,93.6,63.3,47.6,72.3,78.6,75,60,28780.3036458151,15.6,4.5,42.4,5.4,,27.7291319199479,,,,,,,,10.26748127635138,2.0556927945547088
TUR,Türkiye,2019,6.4,64.6,6.75,4.81,7.36,7.44,5.62,55.8,41.2,49.8,76.4,65.1,92.2,66,49.2,70,79.6,70,60,28741.0535082701,15.9,4.8,43.8,5.2,,27.2453632622777,,,,,,,,10.266116608307712,-0.13646680436671943
TUR,Türkiye,2020,6.41,64.4,6.73,4.8,7.49,7.4,5.63,57.4,44.6,53.7,76.7,64.1,86.1,67,49.2,66.1,78,70,60,28976.7179161611,15,4.6,43,5.3,,25.8718429248838,,,,,,,,10.274282465919633,0.8165857611921012
TUR,Türkiye,2021,6.06,64,6.84,4.83,6.05,6.87,5.71,61.5,45.4,58.6,73.2,64.5,75.8,68.5,48.8,65.4,76,70,60,32105.5474400506,12.9,3.6,44.4,5.2,,25.5227753796423,,,,,,,,10.37681525841407,10.253279249443636
TUR,Türkiye,2022,5.57,56.9,6.98,4.81,3.3,7.17,5.61,42,39.4,25.6,74.7,63.8,59.2,63.4,47.1,61.9,75.6,70,60,33520.8111384208,10.8,2.7,44.5,5.4,,24.8219911815549,,,,,,,,10.419951584712166,4.313632629809661
TZA,Tanzania,1995,5.65,57.3,7.79,5.09,5.4,5.9,4.22,50,30,,77.8,90.6,,55,,58.5,53.8,50,50,1685.85107421875,,,,,,90.6225570263724,,,,,,,,7.430618800177796,
TZA,Tanzania,1996,,57.5,,,,,,50,30,,77.5,90.6,,55,,60.2,53.8,50,50,1730.55456542969,,,,,,90.536351264206,,,,,,,,7.4567748767329975,2.615607655520158
TZA,Tanzania,1997,,59.3,,,,,,50,30,,77.5,92.7,,55,,60.8,67.8,50,50,1755.8037109375,,,,,,90.433565511906,,,,,,,,7.471251363640793,1.4476486907795127
TZA,Tanzania,1998,,59.6,,,,,,50,30,,77.5,92.1,,55,,64.1,67.8,50,50,1773.72424316406,,,,,,90.297970880026,,,,,,,,7.481400333876619,1.014897023582595
TZA,Tanzania,1999,,60,,,,,,50,30,,77.3,92.5,,55,,67.8,67.8,50,50,1810.97155761719,,,,,,90.1514005857639,,,,,,,,7.502170789800475,2.0770455923856623
TZA,Tanzania,2000,6.14,56,7.53,4.97,7.19,6.09,4.98,50,19,,77.5,94.1,,55,,71,37.6,50,50,1839.93664550781,99.4,78.5,37.3,6.8,,89.9955580460784,,,,,,,,7.518029767554465,1.5858977753989478
TZA,Tanzania,2001,6.15,54.9,7.42,4.97,7.09,6.09,5.17,30,19,,80.9,94.1,,55,,70.1,45,50,50,1899.74536132813,,,,,,89.8016290840253,,,,,,,,7.550001383662654,3.1971616108188883
TZA,Tanzania,2002,6.22,58.3,7.33,4.97,7.6,6.02,5.17,30,25,,81,94.1,,55,,73.2,46,70,50,1982.64428710938,,,,,,89.5547444186093,,,,,,,,7.592690980998825,4.268959733617095
TZA,Tanzania,2003,6.24,56.9,7.43,4.88,7.5,6.03,5.33,30,22,,80.9,92.2,,55,,75.1,56.6,50,50,2059.83740234375,,,,,,89.2518310979655,,,,,,,,7.630867685174562,3.8176704175737264
TZA,Tanzania,2004,6.25,60.1,7.29,4.98,8.01,5.64,5.31,30,27,,80.9,92,,55,,80.1,56,50,70,2155.24145507813,,,,,,88.9324839718789,,,,,,,,7.6761219179095015,4.525423273493967
TZA,Tanzania,2005,6.13,56.3,6.74,5.09,7.15,5.87,5.78,30,25,,80.8,90.8,,55,47.9,79,54.2,30,70,2253.09326171875,,,,,,88.5909245012855,,,,,,,,7.72050306983903,4.438115192952807
TZA,Tanzania,2006,6.22,58.5,6.76,5.14,7.16,5.96,6.1,30,28,,80.6,88.1,,44.5,47.8,77.9,68.6,50,70,2334.1044921875,,,,,,88.2460846158209,,,,,,,,7.755811919503227,3.530884966419734
TZA,Tanzania,2007,6.22,56.8,6.63,5.14,7.16,6,6.19,30,29,,80.6,85.2,,45.8,47.2,77,73.6,50,50,2423.61596679688,94.7,63,40.3,6.3,,87.9144926831319,,,,,,,,7.793428426623176,3.761650711994946
TZA,Tanzania,2008,6.12,56.5,6.74,5.13,6.8,5.99,5.95,30,29,,80.5,79.9,,48.2,48.4,75.4,73.2,50,50,2493.25927734375,,,,,,87.5768212890047,,,,,,,,7.821747081279032,2.831865465585537
TZA,Tanzania,2009,6.16,58.3,6.63,5.07,6.6,6.44,6.07,30,32,,80.6,83.4,,48.1,49.9,73.4,75.6,60,50,2560.81103515625,,,,,,87.2922376235665,,,,,,,,7.848469722966902,2.6722641687870308
TZA,Tanzania,2010,6.47,58.3,6.9,5.08,7.3,6.48,6.6,30,30,,80.3,82.6,,45.5,58.4,70.8,70.5,65,50,2654.80346679688,,,,,,86.9696338449131,,,,,,,,7.88450251192358,3.6032788956678274
TZA,Tanzania,2011,6.38,57,6.99,5.06,6.66,6.41,6.8,30,26,,79.8,80.5,,46,59,68.8,69.6,60,50,2779.70776367188,92.9,57.3,37.8,7.4,18.18,86.7450956484371,,,,,,,,7.930460765530708,4.595825360712791
TZA,Tanzania,2012,6.33,57,7.12,5.01,6.37,6.38,6.79,30,27,,79.7,80.2,,45.2,60.1,69.4,73.5,55,50,2822.4853515625,,,,,,86.4700209879858,,,,,,,,7.94572734105711,1.5266575526402093
TZA,Tanzania,2013,6.53,57.9,7.26,4.97,7.29,6.42,6.69,30,30,,79.9,77.9,,48.6,61.9,71.8,73.5,55,50,2924.86328125,,,,,,86.1759635426955,,,,,,,,7.981344855009931,3.561751395282098
TZA,Tanzania,2014,6.49,57.8,7.32,5,7.42,6.04,6.67,30,28.8,,79.7,78.3,,47,61.1,66,76.8,60,50,3027.56909179688,,,,,,85.884077776924,,,,,,,,8.01584554002799,3.4500685018059585
TZA,Tanzania,2015,6.57,57.5,7.39,5.16,7.53,6.01,6.76,30,33,,79.9,79.3,,45,61.4,69.7,67,60,50,3111.44458007813,,,,,,85.6128898007495,,,,,,,,8.043163735017053,2.7318194989062405
TZA,Tanzania,2016,6.54,58.5,7.15,5.17,7.73,5.92,6.73,25,31,,79.2,88.4,,47.5,62.6,67.7,73.2,60,50,3214.24682617188,,,,,,85.3318381384013,,,,,,,,8.07565940702865,3.249567201159742
TZA,Tanzania,2017,6.54,58.6,7.04,5.17,7.82,5.96,6.73,33.8,29.2,28.8,80.3,89.5,76.6,50.1,64.3,69.6,76,55,50,3318.28833007813,,,,,,85.0445977607583,,,,,,,,8.107505680522285,3.184627349363467
TZA,Tanzania,2018,6.51,59.9,6.84,4.96,8.08,6.01,6.67,38,31.8,34.7,79.8,89.8,79,50,63.9,70.3,76.9,55,50,3392.68872070313,91.5,56.4,40.5,6.9,30.68,84.7572091184033,,,,,,,,8.129672727004493,2.216704648220791
TZA,Tanzania,2019,6.47,60.2,6.55,5,8.14,6.01,6.67,35.4,33.2,41.4,80.5,90.3,85.2,46.6,66.2,70.4,67.8,55,50,3484.63256835938,,,,,,84.4781408794749,,,,,,,,8.15640481844772,2.673209144322719
TZA,Tanzania,2020,6.46,61.7,6.42,5.04,8.18,6.01,6.66,41.9,32.5,43.4,80.6,91.6,92.9,45.9,66.4,72.2,67.8,55,50,3449.82153320313,,,,,33.89,84.9585748486221,,,,,,,,8.146367607244137,-1.003721120358314
TZA,Tanzania,2021,6.28,61.3,6.2,5.07,8.07,5.39,6.7,41.3,34.5,40.2,80.7,91.8,90.8,45.7,67.7,72.9,64.4,55,50,3493.0830078125,,,,,,84.4659525129507,,,,,,,,8.158826247656366,1.245864041222866
TZA,Tanzania,2022,6.4,59.5,6.16,5.11,7.95,5.86,6.94,36.9,36.9,27,80.6,91.9,93.3,46.3,62,73.8,59.8,55,50,3546.98095703125,,,,,,84.2489653322953,,,,,,,,8.17413397617472,1.5307728518353159
UGA,Uganda,1995,5.09,62.9,7.45,3.83,4.32,4.58,5.15,50,30,,81.5,89.6,,70,,67.1,57.8,70,50,1288.50886674348,,,,,,81.3224018503388,,,,,,,,7.1620167014074765,
UGA,Uganda,1996,,66.2,,,,,,70,30,,81.3,89.6,,70,,77.5,57.8,70,50,1367.94573764936,97.6,72.6,39,6.8,,80.9945213901407,,,,,,,,7.221796188015949,5.977948660847243
UGA,Uganda,1997,,66.6,,,,,,70,30,,81,89.6,,70,,81.4,57.2,70,50,1396.63106915218,,,,,,80.6943162033357,,,,,,,,7.242533988933503,2.073780091755406
UGA,Uganda,1998,,64.7,,,,,,70,27,,80.9,91.6,,85,,82.4,25,70,50,1422.20789184705,,,,,,80.4381505449212,,,,,,,,7.260668681478923,1.8134692545419995
UGA,Uganda,1999,,64.8,,,,,,70,27,,80.8,92.1,,85,,83.1,25,70,50,1487.75796178874,97.2,74,43,6,48.25,80.1649633317562,,,,,,,,7.305697468624136,4.50287871452133
UGA,Uganda,2000,6.44,58.2,7.04,3.67,9.05,6.77,5.68,50,26,,80.8,91.3,,70,,80.3,25,50,50,1487.00498853512,,,,,,79.94927276175,,,,,,,,7.3051915678975785,-0.0505900726557762
UGA,Uganda,2001,6.42,60.4,6.62,3.68,9.21,6.88,5.72,50,22,,81,92.3,,70,,75.8,72.2,50,30,1516.96423755695,,,,,,79.7481274819067,,,,,,,,7.325125398756419,1.9933830858840373
UGA,Uganda,2002,6.52,61,7.23,3.68,9.16,6.92,5.64,50,23,,80.7,90.3,,70,,83.2,72.2,50,30,1598.5828380849,96.4,72.5,45.2,5.9,46.44,79.5113857909941,,,,,,,,7.377498148035952,5.237274927953273
UGA,Uganda,2003,6.45,60.1,7.53,3.71,8.3,7,5.74,50,19,,80.9,78.5,,55,,84.8,72.8,50,50,1649.1482601448,,,,,,79.279778193052607,,,,,,,,7.408620417491153,3.1122269455201135
UGA,Uganda,2004,6.47,64.1,7.46,3.67,8.83,6.58,5.86,50,21,,80.7,88.2,,55,,90.3,71.2,50,70,1709.36159216857,,,,,,79.0320476423724,,,,,,,,7.44446008455126,3.5839667060106883
UGA,Uganda,2005,6.52,62.9,7.6,3.8,8.22,6.12,6.88,30,22,,80.7,81.1,,55,87.9,80.4,71.4,50,70,1765.03788457066,95.8,68.7,42.9,6.1,46.96,78.7834671263834,,,,,,,,7.476493833125577,3.20337485743174
UGA,Uganda,2006,6.74,63.9,7.61,3.94,8.2,6.76,7.19,30,26,,80.6,83.7,,55.9,87.9,80.6,74,50,70,1898.97915280479,,,,,,78.4883843441147,,,,,,,,7.549598192886331,7.310435976075436
UGA,Uganda,2007,6.87,63.1,7.62,3.94,8.72,6.84,7.21,30,25,,80.6,83,,57.5,87.8,78,68.8,50,70,1999.0624896434,,,,,,78.1600307425228,,,,,,,,7.600933703875673,5.1335510989341415
UGA,Uganda,2008,6.85,63.8,7.92,3.97,8.12,6.97,7.26,30,27,,80.5,86,,56.5,87.8,78.5,72,50,70,2110.10049271503,,,,,,77.831343116626,,,,,,,,7.654964651033144,5.403094715747159
UGA,Uganda,2009,6.76,63.5,8.15,4.03,7.5,7.03,7.1,30,28,,80.4,86.9,,58.7,87.9,78.4,75.2,50,60,2188.29916246327,93.2,63.2,44.2,5.9,39.03,77.595356172073,,,,,,,,7.691336754454075,3.6372103420930557
UGA,Uganda,2010,6.91,62.2,8.12,4.15,8.25,6.99,7.05,30,26,,80.5,85.5,,57,88.1,78.1,72.1,45,60,2244.60595194584,,,,,,77.2775570574165,,,,,,,,7.716730675536607,2.5393921082532245
UGA,Uganda,2011,6.6,61.7,8.17,4.15,6.8,6.98,6.9,30,25,,80.6,90.5,,50.3,87.8,73.2,74.8,45,60,2384.4653273154,,,,,,76.9780082339159,,,,,,,,7.777149490084402,6.041881454779485
UGA,Uganda,2012,6.7,61.9,8.43,4.07,6.97,7.04,7.01,30,25,,80.4,93,,49.1,87.9,74.6,73.6,45,60,2405.09455932767,92.4,59.3,41,6.4,36.23,76.7731763399305,,,,,,,,7.785760197228539,0.8610707144137031
UGA,Uganda,2013,6.81,61.1,7.98,4.09,7.97,7.07,6.94,30,24,,80.6,84.3,,48.4,87.9,77.2,73.6,55,50,2420.88808087266,,,,,,76.4810896288308,,,,,,,,7.792302713661643,0.6542516433103884
UGA,Uganda,2014,6.86,59.9,7.94,4.15,8.08,7.06,7.05,30,23.8,,79.1,87.3,,45.1,87.4,71,75.4,60,40,2470.50380909598,,,,,,76.5624107661674,,,,,,,,7.812582073953991,2.0279360292348336
UGA,Uganda,2015,6.88,59.7,7.76,4.2,8.22,7.09,7.1,25,26,,73.3,89,,43.3,87.5,76.3,76.6,60,40,2520.0201028843,,,,,,76.4542928752145,,,,,,,,7.832418901326813,1.9836827372821553
UGA,Uganda,2016,6.88,59.3,7.98,4.14,8.2,7.12,6.95,25,26,,73.2,91.5,,40.3,83.7,80.1,72.8,60,40,2554.22769062073,92.9,61.2,42.8,6.1,33.08,76.4551633742365,,,,,,,,7.845896614370067,1.3477713043253736
UGA,Uganda,2017,7.03,60.9,7.73,4.14,9,7.28,7,39.3,28.7,34.6,73.7,91,78.1,42.4,84.6,80.3,78.3,60,40,2543.84754394956,,,,,,76.475481890777,,,,,,,,7.841826023044742,-0.407059132532428
UGA,Uganda,2018,7.01,62,7.51,4.07,9.25,7.25,6.98,43.5,28.3,40.3,73,90.9,80.7,45.4,83.9,80.5,78.1,60,40,2613.87976413963,,,,,,76.190708921356,,,,,,,,7.868973396145434,2.714737310069193
UGA,Uganda,2019,7.01,59.7,7.5,4.18,9.2,7.2,6.96,42.2,25.4,38.5,73.3,88.7,68.6,46.3,83.2,80.1,75.4,55,40,2689.41009144919,93.6,61.6,42.7,6.1,31.37,75.8851730697807,,,,,,,,7.897448911329369,2.8475515183934874
UGA,Uganda,2020,6.81,59.5,7.38,4.26,9.05,6.57,6.81,45.6,21.4,36.9,80.3,88.4,64.3,46,83.1,78,75.4,55,40,2678.00907202293,,,,,,75.8178590037174,,,,,,,,7.89320225588562,-0.42466554437492476
UGA,Uganda,2021,6.65,58.6,6.97,4.25,9.27,6.09,6.67,44.8,25,36.5,73.2,91.6,63.2,44.9,83.2,78.9,67.4,55,40,2684.92035939744,,,,,,75.2097418736505,,,,,,,,7.895778726382042,0.25764704964217344
UGA,Uganda,2022,6.75,54.2,7.12,4.27,8.89,6.7,6.78,48.3,24,29.2,73.6,89.8,53.5,46.5,54.7,78.2,57.8,55,40,2724.90609568409,,,,,,75.0346602818732,,,,,,,,7.91055616400507,1.4777437623028078
UKR,Ukraine,1995,3.47,39.9,4.98,4.29,0.01,,3.1,30,10,,61.8,47.1,,55,,0,55,50,50,10983.0087890625,66.6,28.3,39.2,6.2,,19.8247903159649,,,,,,,,9.304195747617051,
UKR,Ukraine,1996,,40.6,,,,,,30,30,,57.7,47.1,,55,,0,66,50,30,9969.5009765625,75.7,32.8,35.2,7.1,,20.2111502926906,,,,,,,,9.20738611009493,-9.68096375221208
UKR,Ukraine,1997,,43.5,,,,,,50,30,,61.1,49.1,,55,,0,66,50,30,9754.0498046875,,,,,,20.5330621064293,,,,,,,,9.185540358599022,-2.184575149590806
UKR,Ukraine,1998,,40.4,,,,,,30,30,,64.4,51,,55,,0,53,50,30,9646.0546875,,,,,,20.6573407402375,,,,,,,,9.17440793401527,-1.1132424583751188
UKR,Ukraine,1999,,43.7,,,,,,30,30,,63,43,,55,,39.3,53,50,30,9704.4453125,90.3,44.8,28.9,8.8,,20.583330855602,,,,,,,,9.180442379403601,0.6034445388330312
UKR,Ukraine,2000,4.48,47.8,6.19,4.19,1.13,6.17,4.75,30,28,,62.3,41.9,,55,,63,70,50,30,10364.0625,,,,,,20.559267083412202,,,,,,,,9.246196054760045,6.575367535644361
UKR,Ukraine,2001,4.87,48.5,5.93,4.06,3.82,6,4.56,30,26,,63.8,49.6,,55,,62.3,70,50,30,11379.3857421875,,,,,,20.4739771426765,,,,,,,,9.339646603607386,9.34505488473416
UKR,Ukraine,2002,5.39,48.2,6.46,4.13,4.66,6.68,5.08,30,15,,66.1,58.9,,55,,58.2,71,50,30,12092.7890625,70,25.5,29,8.8,16.64,20.2534218787565,,,,,,,,9.400447299181137,6.080069557375012
UKR,Ukraine,2003,5.23,51.1,6.15,4.15,4.28,6.54,5.04,30,21,,67.1,68.1,,55,,64,74.6,30,50,13342.8798828125,62.7,20.4,28.7,9.1,13.92,19.9544473819449,,,,,,,,9.49881312297022,9.836582378908432
UKR,Ukraine,2004,5.35,53.7,6.88,4.17,4.42,6.35,4.97,30,24,,67.5,77.8,,55,,74.5,74.4,30,50,15021.06640625,53.3,16.1,28.9,8.8,13.45,19.6987642133937,,,,,,,,9.617275492835974,11.84623698657532
UKR,Ukraine,2005,5.27,55.8,6.64,4.24,3.9,6.11,5.47,30,23,,83,78.6,,55,55.8,76.2,76.2,30,50,15610.5732421875,39.2,10.6,29,8.8,11.02,19.32881128767,,,,,,,,9.65576779268397,3.849229984799507
UKR,Ukraine,2006,5.35,54.4,6.79,4.24,3.99,6.11,5.62,30,22,,90.2,75.8,,43.1,53.2,72.9,77.2,30,50,16901.5078125,34.2,8.7,29.8,8.8,10.82,19.0411919830848,,,,,,,,9.735217281174458,7.944948849048927
UKR,Ukraine,2007,5.27,51.5,6.94,4.28,3.66,6.22,5.23,30,26,,83.6,53.2,,43.6,52.8,68.4,77.2,30,50,18374.013671875,34.6,8.4,27,9.5,10.53,18.8203886534046,,,,,,,,9.81874706812838,8.35297869539211
UKR,Ukraine,2008,5.14,51,7.04,4.21,2.65,6.59,5.2,30,28,,79,43,,44.4,53.1,69.9,82.2,30,50,18883.986328125,23.6,5,26.6,9.6,10.39,18.6972651620485,,,,,,,,9.8461225111921,2.7375443063720084
UKR,Ukraine,2009,5.23,48.8,6.67,4.03,3.89,6.55,5.02,30,27,,77,39,,40.5,52.4,68.1,84,30,40,16092.7958984375,27.5,5.9,25.3,10,10.35,18.7349629798453,,,,,,,,9.686189128783827,-15.99333824082727
UKR,Ukraine,2010,5.47,46.4,6.84,4,4.83,6.63,5.05,30,25,,77.9,41.1,,38.7,57.7,61.2,82.6,20,30,16811.794921875,22,4.2,24.8,10.2,9.13,18.6236082464782,,,,,,,,9.729895478011901,4.370634922807426
UKR,Ukraine,2011,5.66,45.8,7,4.16,5.18,6.63,5.32,30,22,,77.3,32.9,,47.1,50,63.2,85.2,20,30,17783.95703125,18.5,3.6,24.6,10.2,9.07,18.5191088469257,,,,,,,,9.786108268368954,5.621279035705307
UKR,Ukraine,2012,5.96,46.1,6.96,4.22,6.11,6.73,5.77,30,24,,78.2,29.4,,46.2,51.2,67.7,84.4,20,30,17848.740234375,16.5,3,24.7,10.2,9.55,18.5913837161919,,,,,,,,9.789744234405815,0.36359660368603386
UKR,Ukraine,2013,6.01,46.3,6.84,4.24,6.51,6.79,5.68,30,23,,78.2,29.4,,47.6,49.9,71,84.4,20,30,17889.091796875,12.5,2.3,24.6,10.3,9.1,18.6742154644083,,,,,,,,9.792002307673222,0.22580732674075676
UKR,Ukraine,2014,5.64,49.3,6.99,4.25,5.08,6.1,5.76,30,21.9,,79.1,37.5,,59.8,49.8,78.7,86.2,20,30,16978.8125,13.8,2.5,24,10.5,8.94,18.6469462945905,,,,,,,,9.739780417401544,-5.222189027167801
UKR,Ukraine,2015,5.25,46.9,6.86,4.32,3.11,6.52,5.42,20,25,,78.7,28,,59.3,48.2,78.6,85.8,15,30,15403.7099609375,22.7,4.7,25.5,10,10.76,18.6692410664742,,,,,,,,9.642428583261024,-9.735183414051995
UKR,Ukraine,2016,5.61,46.8,7.03,4.4,4.23,6.58,5.82,25,26,,78.6,30.6,,56.8,47.9,66.9,85.8,20,30,15856.8125,21.6,4.4,25,10.1,11.51,18.6679680431147,,,,,,,,9.671417560077238,2.8988976816213707
UKR,Ukraine,2017,5.65,48.1,6.9,4.45,4.27,6.84,5.78,41.4,29.2,22.6,78.6,38.2,67.9,62.1,48.8,47.4,85.9,25,30,16310.3603515625,17,3.3,26,9.8,10.65,18.7291267988014,,,,,,,,9.699617098118734,2.8199538041496552
UKR,Ukraine,2018,5.86,51.9,6.77,4.48,5,7.11,5.91,41,29,29.5,80.2,45,75.9,62.7,52.8,60.1,81.1,35,30,16978.984375,14.7,2.7,26.1,9.9,10.89,18.7433625894139,,,,,,,,9.73979053966468,4.017344154594582
UKR,Ukraine,2019,6.2,52.3,6.99,4.54,6.43,7.14,5.89,43.9,29.6,31.5,81.8,46.9,82.6,66.1,46.7,58.6,75,35,30,17636.5546875,10.6,2.1,26.6,9.7,10.16,19.4069037716991,,,,,,,,9.777785696794108,3.7995157129428136
UKR,Ukraine,2020,6.19,54.9,6.99,4.53,7.23,6.69,5.51,47.5,37.9,42.2,81.1,47.2,83.9,61.3,48.3,63,81.2,35,30,17092.5390625,11.3,2,25.6,10,,19.3383591675666,,,,,,,,9.74645583849169,-3.1329858302418856
UKR,Ukraine,2021,6.06,56.2,7.29,4.58,6.39,6.68,5.37,48.5,37.9,41.1,88.7,48.2,87.7,63.5,48.7,65.8,79.2,35,30,17846.408203125,,,,,,19.0171916537024,,,,,,,,9.789613577960951,4.315773946926171
UKR,Ukraine,2022,5.12,54.1,5.83,4.37,4.68,6.05,4.67,39.7,33.8,31.4,89.1,44.5,73.6,61.1,60.7,71.2,78.6,35,30,13787.12109375,,,,,,,,,,,,,,9.531562710144607,-25.8050867816344
URY,Uruguay,1995,6.33,62.5,6.96,5.92,4.23,7.17,7.1,50,50,,84.6,79.6,,70,,45.2,63,70,50,16600.0391885928,10.9,3.2,40.9,5.4,13.45,22.8865397749205,,,,,,,,9.717220574107687,
URY,Uruguay,1996,,63.7,,,,,,50,50,,83,66.9,,70,,50.6,63,70,70,17433.6932851628,11.5,3.5,40.8,5.4,,22.7262246761097,,,,,,,,9.766217367051532,4.8996792943844625
URY,Uruguay,1997,,67.5,,,,,,70,50,,88.3,67.1,,70,,53.1,69,70,70,18823.9419170645,11.8,3.4,41.5,5.4,,22.5431268806995,,,,,,,,9.842937967248433,7.672060019690186
URY,Uruguay,1998,,68.6,,,,,,70,50,,88.6,69.3,,70,,58.5,71,70,70,19577.7899664694,11.7,3.4,42.5,5.1,,22.3833622788773,,,,,,,,9.882202114709534,3.9264147461100407
URY,Uruguay,1999,,68.5,,,,,,70,41,,88.4,70,,70,,64.1,73,70,70,19192.7175685083,,,,,,23.2104498921411,,,,,,,,9.862338294497484,-1.9863820212050243
URY,Uruguay,2000,7.14,69.3,6.75,6.02,7.91,8.02,6.96,70,43,,88.2,69.3,,70,,70.8,72.6,70,70,18752.0578112966,11.7,3.4,43.4,5,,23.0614809578592,,,,,,,,9.839112101371079,-2.3226193126404837
URY,Uruguay,2001,7.09,70.7,6.85,5.95,8.38,7.91,6.32,70,44,,86.5,71.2,,70,,76.9,77.8,70,70,17986.9007596433,14,4.1,45,4.8,,24.6314458425858,,,,,,,,9.797454630844209,-4.165747052686974
URY,Uruguay,2002,7.03,68.7,7.46,5.89,7.38,7.98,6.43,70,44,,86.9,69.3,,70,,80.1,58,70,70,16572.7881760134,18.3,5.4,45.5,4.7,,25.9841557476818,,,,,,,,9.715577700828547,-8.18769300156621
URY,Uruguay,2003,6.82,69.8,7.23,5.85,6.64,7.92,6.45,70,51,,87,70.2,,70,,81.4,59,70,70,16694.4389231595,24.3,7.2,45,5.1,,26.1216791270569,,,,,,,,9.722890842727548,0.7313141899000897
URY,Uruguay,2004,7.08,66.7,6.77,5.9,7.91,7.84,6.95,70,51,,83.5,60,,70,,74.2,71.8,70,50,17519.3796251133,25,8,45.9,4.7,,25.7577370729894,,,,,,,,9.771120032355707,4.8229189628159475
URY,Uruguay,2005,7.24,66.9,7.42,6.03,8.42,7.77,6.56,70,55,,86.1,51.3,,70,75.9,69.1,72,70,50,18811.3195971021,22.5,7.2,44.7,4.8,12.63,24.4916802441516,,,,,,,,9.84226723192244,7.114719956673277
URY,Uruguay,2006,7.16,65.3,7.45,5.82,8.19,7.88,6.45,70,62,,86.1,45.8,,63.9,76.3,73,76.4,70,30,19560.0817556405,22.1,6.5,45.9,4.9,,24.8383220645995,,,,,,,,9.88129724654017,3.903001461772959
URY,Uruguay,2007,7.22,68.4,7.44,5.85,8.38,8.01,6.45,70,59,,86.2,77.8,,62.2,73.9,73.1,81.6,70,30,20803.893182056,19.4,5.5,46.4,4.8,,24.8699115364326,,,,,,,,9.942943487159978,6.164624061980817
URY,Uruguay,2008,7.22,67.9,7.3,5.87,8.61,8.04,6.3,70,64,,85.9,76.6,,60.8,74.4,74.2,83,60,30,22249.3835165533,14.6,3.8,45.1,5,,24.4136262968489,,,,,,,,10.01011452414486,6.71710369848828
URY,Uruguay,2009,7.22,69.1,6.94,5.93,8.72,8.09,6.4,70,67,,82.2,76.5,,65.6,73.7,72.8,83.4,70,30,23138.0820687014,13.4,3.6,45.5,4.8,,24.2101790794214,,,,,,,,10.049278331365404,3.9163807220543134
URY,Uruguay,2010,7.35,69.8,7.11,5.96,8.76,8.09,6.85,75,69,,81.7,72.6,,63.1,76.2,72.3,82.8,75,30,24879.8350192618,11.9,3,44.5,5,,23.4553647884633,,,,,,,,10.121853108157365,7.257477679196178
URY,Uruguay,2011,7.36,70,7.38,5.83,8.6,8.08,6.88,70,67,,84.3,76.5,,61.5,74.9,72.8,83,80,30,26099.3215293803,8.4,2.2,42.2,5.4,,22.7099811007196,,,,,,,,10.16970291236825,4.784980421088392
URY,Uruguay,2012,7.34,69.9,7.5,5.76,8.61,8.04,6.81,70,69,,81.2,68.7,,74.9,74,73.4,82.9,75,30,26953.2811065384,7.8,2,39.9,5.6,,22.1969091385186,,,,,,,,10.201897417396129,3.219450502787957
URY,Uruguay,2013,7.3,69.7,7.21,5.78,8.68,8.05,6.76,70,70,,84.2,68.3,,73.4,70.7,72.5,82.9,75,30,28119.4833341404,7.2,1.9,40.5,5.5,,22.2516841544129,,,,,,,,10.244253534046457,4.235611665032835
URY,Uruguay,2014,7.11,69.3,7.14,5.83,8.35,7.55,6.67,70,70.6,,77.4,68,,74.5,68.1,72.1,82.5,80,30,28935.0974409271,6.2,1.5,40.1,5.6,,22.1586155648075,,,,,,,,10.272845141089876,2.8591607043418676
URY,Uruguay,2015,7.15,68.6,7,5.83,8.42,7.84,6.64,70,73,,77.1,65.1,,72.6,64.3,71.6,81.8,80,30,28941.6294107011,5.9,1.5,40.1,5.6,,22.9432755029576,,,,,,,,10.273070853373373,0.02257122834965486
URY,Uruguay,2016,7.15,68.8,6.81,5.78,8.42,7.86,6.88,70,73,,77.2,67.6,,75.3,62.5,71.3,80.6,80,30,29332.5672615246,5.6,1.3,39.7,5.7,11.76,23.5246135675554,,,,,,,,10.286487779585137,1.341692621176449
URY,Uruguay,2017,7.2,69.7,6.69,5.77,8.71,8,6.85,70.2,70.3,66.8,77.5,69.4,77.2,74.8,62.9,71.3,80.6,85,30,29762.4333171685,4.5,1,39.5,5.9,,23.7814238806987,,,,,,,,10.301035849133125,1.4548069547988263
URY,Uruguay,2018,7.18,69.2,6.61,5.78,8.6,8.04,6.87,69.3,71.6,67,78,68.6,71.1,74.4,64.4,70.7,80.4,85,30,29757.9388543783,4.9,1,39.7,5.9,,24.234206784481,,,,,,,,10.300884831536388,-0.015101759673719073
URY,Uruguay,2019,7.2,68.6,6.59,5.83,8.63,8.07,6.88,68.3,69.2,58.9,77.2,67.5,69.9,74.3,71.9,72.9,78.6,85,30,30010.5742615797,5,1.1,39.7,5.8,,24.1972772950566,,,,,,,,10.30933839495857,0.8453563422181176
URY,Uruguay,2020,6.95,69.1,6.25,5.91,8.33,7.48,6.8,72,73.5,59.8,75.2,66.5,72.3,73.6,71,72.7,77.4,85,30,27788.1854968153,7.1,1.7,40.2,5.7,,24.9050144463828,,,,,,,,10.232402213088433,-7.693618187013662
URY,Uruguay,2021,6.93,69.3,6.38,5.87,8.24,7.48,6.69,68.1,75.7,66.8,72.6,66.9,80.5,72.3,70.5,72.5,70.8,85,30,29431.8850087471,6.7,1.6,40.8,5.7,,24.8228741047581,,,,,,,,10.289867865942039,5.746565285360639
URY,Uruguay,2022,7.04,70,6.45,5.83,8.16,7.99,6.78,84,75.2,80.4,72.4,70.2,75.2,75.7,60.3,70.9,70.4,75,30,30804.7032775797,6.3,1.5,40.6,5.6,,24.733243350178,,,,,,,,10.335455123169558,4.558725722751866
USA,United States,1995,8.64,76.7,7.45,8.86,9.79,8.96,8.25,90,90,,64.8,57.8,,85,,83.8,78.4,70,70,47220.9579604358,1.7,0.9,39.9,5.6,,4.71167487708139,,,,,,,,10.762614274422729,
USA,United States,1996,,76.7,,,,,,90,90,,64.7,57.8,,85,,84.5,78.4,70,70,48435.70010416,1.5,0.9,40.3,5.5,7.32,4.73121347143798,,,,,,,,10.788013071980714,2.539879755798502
USA,United States,1997,,75.6,,,,,,90,78,,64.5,60,,85,,84.5,78.4,70,70,49984.2696497419,1.7,1,40.5,5.5,7.41,4.69367143387487,,,,,,,,10.819483633999953,3.1470562019238812
USA,United States,1998,,75.4,,,,,,90,77,,64.3,60.3,,85,,84.3,78.4,70,70,51619.8698375216,1.7,1,40,5.5,7.3,4.54621854029418,,,,,,,,10.85168132391563,3.219768991567662
USA,United States,1999,,75.5,,,,,,90,76,,64.1,61.3,,85,,85,78.4,70,70,53474.045430104,1.5,0.9,40,5.6,7.94,4.40967910627149,,,,,,,,10.886970383508057,3.5289059592427563
USA,United States,2000,8.78,76.4,7.71,8.89,9.44,8.69,9.14,90,75,,63.8,69.3,,85,,86.3,78.4,70,70,55038.6224959451,1.7,0.9,40.1,5.6,6.97,4.36890669699113,,,,,,,,10.915808613861776,2.8838230353718686
USA,United States,2001,8.62,79.1,7.53,8.76,9.47,8.62,8.72,90,75,,63.5,71.2,,85,,85.9,81,70,90,55017.3049786608,2,1.1,40.6,5.5,6.65,4.34815620378764,,,,,,,,10.915421226636884,-0.03873872248920662
USA,United States,2002,8.62,78.4,7.71,8.54,9.64,8.51,8.67,90,78,,63.4,65.3,,85,,84.1,79.4,70,90,55436.1169813778,2,1.1,40.4,5.4,6.89,4.31130371223034,,,,,,,,10.923004630011208,0.7583403374324504
USA,United States,2003,8.61,78.2,7.9,8.44,9.63,8.54,8.56,90,76,,63.5,63.5,,85,,84.2,81.4,70,90,56498.2078314911,2,1.2,40.8,5.3,6.35,4.44578958506753,,,,,,,,10.941981896354669,1.8977266343460641
USA,United States,2004,8.62,78.7,7.92,8.3,9.62,8.59,8.68,90,77,,67.2,62.2,,85,,85.9,81.4,70,90,58131.6336853496,2,1.3,40.5,5.4,6.3,4.45408259671141,,,,,,,,10.970482466487404,2.8500570132734993
USA,United States,2005,8.54,79.9,7.93,8.12,9.53,8.38,8.75,90,75,,68.6,60,,85,95.4,85.7,79.8,70,90,59604.7536374577,2,1.2,41.3,5.3,6.74,4.38411289340762,,,,,,,,10.995507385935229,2.50249194478247
USA,United States,2006,8.55,81.2,7.91,8.09,9.46,8.48,8.81,90,75,,68.9,61.1,,93.2,97.8,85,81.4,70,90,60676.5655690664,2,1.2,41.7,5.3,6.65,4.32202395887688,,,,,,,,11.013329313492651,1.7821927557422512
USA,United States,2007,8.55,81.2,7.86,8.14,9.44,8.47,8.84,90,76,,69,60.3,,91.4,94.7,83.8,86.6,80,80,61306.596938633,2,1.2,41.1,5.3,6.46,4.19449703914943,,,,,,,,11.023659044728964,1.0329731236312867
USA,United States,2008,8.32,81,7.31,8.11,9.28,8.42,8.48,90,73,,68.3,59.8,,92.6,95.4,83.7,86.8,80,80,60798.4338401606,2,1.3,41.1,5.3,6.49,4.07416655287361,,,,,,,,11.015335756071439,-0.8323288657525296
USA,United States,2009,8.11,80.7,6.68,7.99,9.55,8.19,8.17,90,72,,67.5,59.6,,91.9,95.1,84,86.8,80,80,58714.9736915861,2,1.1,40.8,5.5,6.24,4.15705280173176,,,,,,,,10.98046709301493,-3.486866305650871
USA,United States,2010,8.22,78,7.06,7.95,9.51,8.25,8.34,85,73,,67.5,58,,91.3,94.8,78.1,86.9,75,70,59789.4129069749,2.2,1.3,40.2,5.4,6.44,4.15926584168371,,,,,,,,10.998600607804857,1.8133514789926863
USA,United States,2011,8.23,77.8,7.23,7.81,9.42,8.25,8.44,85,75,,68.3,54.6,,91,95.7,77.4,86.4,75,70,60245.4843994565,2.2,1.3,41.2,5.3,7.06,4.07259887669515,,,,,,,,11.006199499433972,0.7598891629115201
USA,United States,2012,8.34,76.3,7.42,7.85,9.61,8.24,8.56,85,71,,69.8,46.7,,91.1,95.8,77.2,86.4,70,70,61134.530608776,2.2,1.3,41.2,5.3,6.72,4.07535743103086,,,,,,,,11.02084849183687,1.4648992402898742
USA,United States,2013,8.32,76,7.05,7.88,9.72,8.22,8.75,85,71,,69.3,47.8,,90.5,95.5,75,86.4,70,70,61958.7234416953,2,1.3,40.9,5.4,6.88,4.0277050197679,,,,,,,,11.03423983102335,1.339133918647839
USA,United States,2014,8.36,75.5,7.27,7.91,9.7,8.11,8.82,80,72,,65.8,48.1,,89.2,97.2,75.4,86.8,70,70,63018.8033942192,2.2,1.5,41.7,5.3,6.57,3.98332916779183,,,,,,,,11.051204295570113,1.696446454676348
USA,United States,2015,8.4,76.2,7.27,7.97,9.8,8.1,8.85,80,73,,66.2,51.8,,88.8,98.5,76.6,87,70,70,64359.4725899466,2.2,1.4,41.5,5.4,5.44,4.01903097374602,,,,,,,,11.072254943993384,2.105064842327131
USA,United States,2016,8.41,75.4,7.28,8,9.71,8.16,8.87,80,74,,65.6,54.7,,84.7,91.4,77,87,70,70,65017.654963867,2,1.3,41.3,5.3,5.42,4.02570619192093,,,,,,,,11.08242950714542,1.0174563152036242
USA,United States,2017,8.43,75.1,7.38,8.01,9.62,8.19,8.93,81.3,78.1,75.1,65.3,55.9,53.3,84.4,91,80.1,87.1,80,70,66155.5555676249,2.2,1.5,41.4,5.2,5.85,3.98095082402989,,,,,,,,11.099779266184264,1.7349759038843615
USA,United States,2018,8.36,75.7,7.43,7.9,9.58,8.1,8.79,79.3,71.9,76.9,65.1,56.5,54.8,82.7,91.4,78.6,86.7,85,80,67719.7656392064,2,1.3,41.8,5.2,6.01,4.02366659006327,,,,,,,,11.123148142137183,2.33688759529187
USA,United States,2019,8.34,76.8,7.33,7.9,9.64,8.13,8.69,79.3,77.4,78.6,75.1,57.1,53.1,83.8,89.4,76.6,86.6,85,80,69112.602688656,1.7,1.2,41.9,5.2,5.83,3.93462654039839,,,,,,,,11.143506845500367,2.035870336318446
USA,United States,2020,8.11,76.6,6.8,7.81,9.53,8.08,8.31,81.8,77.2,83.7,74.6,56.5,54.3,83.3,87.9,75.5,79.8,85,80,67342.0709287722,1.5,0.7,40,5.7,5.51,3.95644039443845,,,,,,,,11.117555295013135,-2.5951550487231856
USA,United States,2021,8.07,74.8,7.13,7.86,8.99,8.08,8.31,79.7,76.8,72.4,76,62.2,34.9,82.5,87.1,81.1,80.4,85,80,71307.4017277218,1,0.6,39.7,6.1,5.34,4.02475791685968,,,,,,,,11.174769435753669,5.721414074053399
USA,United States,2022,8.09,72.1,7.35,7.78,8.53,8.11,8.66,95.7,75.7,77.9,75.9,54.5,0,87.5,75.8,82.3,75.2,85,80,72679.2575396348,2.2,1.5,41.7,5.2,5.57,3.86455082663516,,,,,,,,11.193825065977066,1.9055630223396847
UZB,Uzbekistan,1995,,,,,,,,,,,,,,,,,,,,3052.41881077596,,,,,,40.4244223205988,,,,,,,,8.024017163403839,
UZB,Uzbekistan,1996,,,,,,,,,,,,,,,,,,,,3046.56376344753,,,,,,40.3506675122475,,,,,,,,8.022097784335072,-0.19193790687666024
UZB,Uzbekistan,1997,,,,,,,,,,,,,,,,,,,,3150.0853013379,,,,,,40.339084983268,,,,,,,,8.055502212586635,3.340442825156309
UZB,Uzbekistan,1998,,31.5,,,,,,30,10,,57.4,56.5,,40,,0,50,30,10,3234.35751357407,97.6,75,44.1,4.4,,40.3360482503133,,,,,,,,8.081894715071122,2.6392502484487323
UZB,Uzbekistan,1999,,33.8,,,,,,30,10,,55.9,52.5,,40,,25.7,50,30,10,3326.4252682467,,,,,,40.1525187195411,,,,,,,,8.109954091188122,2.80593761169996
UZB,Uzbekistan,2000,,38.1,,,,,,30,10,,59.4,65.3,,40,,48.5,50,30,10,3410.65044991898,99.6,83.3,35.9,7.2,25.87,39.8781797952587,,,,,,,,8.134951456094727,2.4997364906605313
UZB,Uzbekistan,2001,,38.2,,,,,,30,18,,55.9,65.3,,40,,44.9,50,30,10,3509.72863761694,,,,,,39.6041851940602,,,,,,,,8.163578883980938,2.86274278862102
UZB,Uzbekistan,2002,,38.5,,,,,,30,24,,50.9,69.3,,40,,42.4,50,30,10,3604.69346202514,99.6,82.3,33,8.2,21.83,39.3010634398523,,,,,,,,8.190269392392034,2.669050841109666
UZB,Uzbekistan,2003,,38.3,,,,,,30,27,,72,72.6,,40,,41.3,22,30,10,3711.77853054423,99.7,83.1,35.2,7.5,21.32,38.9380557567654,,,,,,,,8.219535805359135,2.926641296710031
UZB,Uzbekistan,2004,,39.1,,,,,,30,29,,72.2,76.3,,40,,42.3,22,30,10,3939.53039814876,,,,,,38.5264060050159,,,,,,,,8.27907061205116,5.9534806692026265
UZB,Uzbekistan,2005,,45.8,,,,,,30,24,,73.2,58.5,,40,67.1,53.4,71.6,30,10,4160.95512970703,,,,,,38.0810304453204,,,,,,,,8.333740225950494,5.466961389933367
UZB,Uzbekistan,2006,,48.7,,,,,,30,23,,77.3,52.2,,67,67.1,61.8,68.2,30,10,4413.72281227266,,,,,,37.7025594928673,,,,,,,,8.392700327889914,5.896010193941947
UZB,Uzbekistan,2007,,51.5,,,,,,30,22,,85,69.3,,65.2,66.8,58.6,68.2,30,20,4764.56391427529,,,,,,37.3451821478749,,,,,,,,8.46917115415959,7.6470826269675385
UZB,Uzbekistan,2008,,51.9,,,,,,30,21,,88,68.3,,68.5,66.9,57.5,68.4,30,20,5115.64391465594,,,,,,36.9466549954345,,,,,,,,8.5402540176903,7.108286353071058
UZB,Uzbekistan,2009,,50.5,,,,,,20,17,,88.3,68.1,,68.4,64.9,62.6,65.4,30,20,5439.55068123847,,,,,,36.5646254898557,,,,,,,,8.6016355628956,6.138154520530037
UZB,Uzbekistan,2010,,47.5,,,,,,20,18,,88.4,72.6,,67.8,61.1,62.4,65.1,10,10,5760.80511957791,,,,,,36.2545791487383,,,,,,,,8.659006093409529,5.737053051392849
UZB,Uzbekistan,2011,,45.8,,,,,,15,17,,90.5,71,,66.8,60.2,61.7,66.2,0,10,6100.25100998284,,,,,,35.9569096826787,,,,,,,,8.71624911273838,5.724301932885112
UZB,Uzbekistan,2012,,45.8,,,,,,15,16,,94.4,64.9,,67.6,60.1,64.2,66.1,0,10,6435.56467226429,,,,,,35.6919366152334,,,,,,,,8.769750240787001,5.350112804862128
UZB,Uzbekistan,2013,,46,,,,,,15,16,,90.2,67.8,,71.2,61,63,66.1,0,10,6797.77494784494,,,,,,35.4441276833098,,,,,,,,8.8244977202057,5.4747479418699285
UZB,Uzbekistan,2014,,46.5,,,,,,15,13.4,,90.3,70.4,,75.7,60.8,63.1,66.1,0,10,7145.10980664151,,,,,,35.1726595527331,,,,,,,,8.874323404633994,4.982568442829383
UZB,Uzbekistan,2015,,47,,,,,,15,17,,90.2,67.3,,73.1,64.2,63.5,69.8,0,10,7529.76364274179,,,,,,34.9526574951007,,,,,,,,8.926751729030673,5.242832439667922
UZB,Uzbekistan,2016,,46,,,,,,15,18,,90.4,66.6,,67.1,61.9,65.6,65.6,0,10,7839.97820100236,,,,,,34.7450577614768,,,,,,,,8.967118876097272,4.036714706659872
UZB,Uzbekistan,2017,,52.3,,,,,,48,27.5,41.9,90.7,66.2,99.8,64.8,50.4,61.1,66.8,0,10,8047.05375469466,,,,,,34.5170415189751,,,,,,,,8.99318557157848,2.606669548120699
UZB,Uzbekistan,2018,,51.5,,,,,,48.7,24.2,35.3,91,65.5,99.7,66.9,52,61.9,62.5,0,10,8348.96057873127,,,,,,34.2025804450226,,,,,,,,9.030012096723729,3.6826525145249533
UZB,Uzbekistan,2019,,53.3,,,,,,49.8,25.2,34.3,91.3,67.4,98.7,72.5,58.7,58.9,62.6,10,10,8755.12593984949,,,,,,33.9563961320338,,,,,,,,9.077508841802162,4.749674507843338
UZB,Uzbekistan,2020,,57.2,,,,,,59.1,28.2,34.2,91.6,74.7,98.9,72.6,59.9,59.9,67.6,20,20,8727.41104939223,,,,,,34.3792121975206,,,,,,,,9.074338621888852,-0.317021991330968
UZB,Uzbekistan,2021,,58.3,,,,,,57.8,30.5,50.8,92.4,79.9,98.3,73.5,61.2,60.3,55.4,20,20,9247.64382703929,38.1,12.8,32.9,7,,34.0098950743511,,,,,,,,9.132232206464641,5.789358457578864
UZB,Uzbekistan,2022,,55.7,,,,,,31.6,23.8,13.1,90.8,78.1,96.6,59.1,48,61.6,75.6,50,40,9607.56167273449,32.4,11,31.2,7.2,,33.8797391600532,,,,,,,,9.170409820911958,3.8177614447317154
VCT,St Vincent Grenadines,1995,,,,,,,,,,,,,,,,,,,,8815.84871825748,,,,,,20.2631647788213,,,,,,,,9.084419796978784,
VCT,St Vincent Grenadines,1996,,,,,,,,,,,,,,,,,,,,8923.70555514296,,,,,,20.3240860772621,,,,,,,,9.096578615083228,1.215881810444408
VCT,St Vincent Grenadines,1997,,,,,,,,,,,,,,,,,,,,9234.69888368764,,,,,,20.291113381001,,,,,,,,9.130831567483803,3.42529524005748
VCT,St Vincent Grenadines,1998,,,,,,,,,,,,,,,,,,,,9609.10378620502,,,,,,20.246644167576,,,,,,,,9.170570301719238,3.9738734235434947
VCT,St Vincent Grenadines,1999,,,,,,,,,,,,,,,,,,,,9853.34736551962,,,,,,20.4105247270715,,,,,,,,9.195667993702369,2.5097691983130943
VCT,St Vincent Grenadines,2000,,,,,,,,,,,,,,,,,,,,9999.05879203685,,,,,,20.4912896352926,,,,,,,,9.210346251162585,1.467825746021667
VCT,St Vincent Grenadines,2001,,,,,,,,,,,,,,,,,,,,10177.8094583896,,,,,,20.6289779108948,,,,,,,,9.228063334187794,1.7717083025209135
VCT,St Vincent Grenadines,2002,,,,,,,,,,,,,,,,,,,,10736.0878714164,,,,,,20.6369051996764,,,,,,,,9.281459183382802,5.339584919500773
VCT,St Vincent Grenadines,2003,,,,,,,,,,,,,,,,,,,,11475.3312414531,,,,,,20.630344960123,,,,,,,,9.348042040526904,6.658285714410184
VCT,St Vincent Grenadines,2004,,,,,,,,,,,,,,,,,,,,11979.907294501,,,,,,20.5364745955152,,,,,,,,9.39106960290034,4.30275623734353
VCT,St Vincent Grenadines,2005,,,,,,,,,,,,,,,,,,,,12320.0710011077,,,,,,20.5843760251184,,,,,,,,9.419066165217243,2.799656231690406
VCT,St Vincent Grenadines,2006,,,,,,,,,,,,,,,,,,,,13233.4068930431,,,,,,20.6048405756861,,,,,,,,9.490575300135557,7.150913491831368
VCT,St Vincent Grenadines,2007,,,,,,,,,,,,,,,,,,,,13732.3622591495,,,,,,20.4834459846489,,,,,,,,9.52758335291604,3.700805278048236
VCT,St Vincent Grenadines,2008,,,,,,,,,,,,,,,,,,,,13850.3936790063,,,,,,20.6633001228334,,,,,,,,9.536141133196018,0.8557780279978999
VCT,St Vincent Grenadines,2009,,64.3,,,,,,70,61,,64.7,60.9,,78.2,78.5,75.6,73.6,40,40,13723.7838252622,,,,,,20.893615079184,,,,,,,,9.526958515817423,-0.9182617378595381
VCT,St Vincent Grenadines,2010,,66.9,,,,,,70,65,,72.5,64.1,,79.9,77.6,71.3,73.3,55,40,13175.7230154228,,,,,,21.1672134156133,,,,,,,,9.486207144017941,-4.075137179948207
VCT,St Vincent Grenadines,2011,,66.9,,,,,,70,64,,72.3,65.1,,79.3,76.8,78.2,73.3,50,40,13168.8964291743,,,,,,21.4007067786498,,,,,,,,9.485688930558666,-0.051821345927471896
VCT,St Vincent Grenadines,2012,,66.5,,,,,,70,64,,71.5,60.7,,77.4,76.7,81.1,73.3,50,40,13397.9632982701,,,,,,21.5725760314882,,,,,,,,9.502932617145376,1.7243686586709828
VCT,St Vincent Grenadines,2013,,66.7,,,,,,70,58,,74.2,67.1,,77.6,76.6,80.3,73.3,50,40,13804.1837951887,,,,,,21.6853779373665,,,,,,,,9.53279943794377,2.9866820798394755
VCT,St Vincent Grenadines,2014,,67,,,,,,70,61.1,,73.7,72.4,,76.3,78.7,79.8,67.6,50,40,14040.2460690452,,,,,,21.8589772675711,,,,,,,,9.54975442499813,1.6954987054358384
VCT,St Vincent Grenadines,2015,,68,,,,,,70,62,,73.3,75.3,,70.8,78.2,82.3,68.4,60,40,14508.8609465459,,,,,,21.9522137923225,,,,,,,,9.582583762548088,3.2829337549959092
VCT,St Vincent Grenadines,2016,,68.8,,,,,,70,67,,73.8,69.7,,77.6,74.5,85.3,65.4,65,40,15197.7482513352,,,,,,22.0315608609151,,,,,,,,9.628968351557424,4.638458900933529
VCT,St Vincent Grenadines,2017,,65.2,,,,,,37.3,47.6,68.8,72.8,71.7,66.7,80.3,74.5,82.9,65.2,75,40,15533.2212821544,,,,,,22.0196353436185,,,,,,,,9.650800693899017,2.1832342341593147
VCT,St Vincent Grenadines,2018,,67.7,,,,,,36.7,51.5,69.2,72.7,72.7,83.4,80,75,85.4,75.7,70,40,16139.0661084965,,,,,,22.0032134694155,,,,,,,,9.689060037757095,3.8259343858078054
VCT,St Vincent Grenadines,2019,,65.8,,,,,,36.5,50.5,63.8,71.2,74.3,85,76.5,73.5,82.2,66.6,70,40,16365.3255785124,,,,,,22.1396089131424,,,,,,,,9.70298118448058,1.3921146723484767
VCT,St Vincent Grenadines,2020,,66.8,,,,,,50.5,46.1,62.6,72.4,73.7,89,75.8,73.3,80.8,67.2,70,40,15763.7054382539,,,,,,22.7824572961272,,,,,,,,9.665528887266316,-3.7452297214263908
VCT,St Vincent Grenadines,2021,,66.3,,,,,,48.1,48.7,66.3,74.9,71.6,87.6,74.2,74,82.6,57.8,70,40,16200.8994597845,,,,,,22.6465134836999,,,,,,,,9.692883764951143,2.7354877684826917
VCT,St Vincent Grenadines,2022,,65.7,,,,,,64,62,76.9,75.5,66.9,68.5,61.4,58.8,84.2,59.8,70,40,16835.023514541,,,,,,22.3766568483063,,,,,,,,9.731276126571656,3.839236162051307
VEN,"Venezuela, RB",1995,4.27,59.8,6.79,3.8,2.15,4.67,3.84,50,10,,80,76.1,,85,,52,65,50,70,,55.8,25.5,47.2,4.1,,31.0319060921066,,,,,,,,,
VEN,Venezuela,1996,,54.5,,,,,,50,10,,75.2,76.1,,70,,44.1,65,50,50,,,,,,,32.5931605143551,,,,,,,,,
VEN,Venezuela,1997,,52.8,,,,,,50,27,,75,47.1,,70,,41.7,65,50,50,,,,,,,29.8604194411182,,,,,,,,,
VEN,Venezuela,1998,,54,,,,,,50,25,,75.4,67.9,,70,,31.1,67,50,50,,52.6,24.7,48,3.7,,33.3735749467083,,,,,,,,,
VEN,Venezuela,1999,,56.1,,,,,,50,28,,75.1,77.1,,70,,39.7,65.4,50,50,,58.1,27.3,47.7,3.8,,34.3715637778508,,,,,,,,,
VEN,"Venezuela, RB",2000,5.42,57.4,6.45,3.33,4.77,7.79,4.88,50,23,,74,86.8,,70,,47.5,65.6,50,50,,,,,,,35.6667263116986,,,,,,,,,
VEN,"Venezuela, RB",2001,5.74,54.6,6.56,3.1,6.87,7.66,4.56,30,26,,75.5,88,,55,,55.9,61.4,50,50,,55.3,25.5,47.2,4,,33.1353493744267,,,,,,,,,
VEN,"Venezuela, RB",2002,4.27,54.7,5.57,2.66,4.68,4.15,4.31,30,27,,75,89.2,,55,,56.9,58.8,50,50,,64.7,32.9,48.9,3.4,,33.191600616621,,,,,,,,,
VEN,"Venezuela, RB",2003,3.9,54.8,5.02,2.53,3.97,4.31,3.68,30,28,,75,86.3,,55,,61,58.2,50,50,,70.8,37.4,47.9,3.4,,34.1316483380809,,,,,,,,,
VEN,"Venezuela, RB",2004,4.36,46.7,5.28,2.62,4.15,5.64,4.15,30,25,,75.6,79.2,,55,,57.1,58,10,30,,65.7,33.2,47.3,3.5,,31.8818208881813,,,,,,,,,
VEN,"Venezuela, RB",2005,4.31,45.2,4.92,2.55,4.41,5.39,4.27,30,24,,75.8,80.2,,55,32.3,51.9,62.4,10,30,,55.7,27.7,49.3,2.9,,31.6041142059648,,,,,,,,,
VEN,"Venezuela, RB",2006,4.14,44.6,4.51,2.54,4.31,5.36,3.95,30,23,,75.6,76.8,,48.9,35,53.9,63,10,30,,43.3,18.4,44.7,4.3,,30.8503427965398,,,,,,,,,
VEN,"Venezuela, RB",2007,3.57,47.9,4.63,2.47,3.37,3.52,3.86,30,23,,75.6,79.9,,50.4,40.9,57.6,61.2,20,40,,,,,,,29.8437198709779,,,,,,,,,
VEN,"Venezuela, RB",2008,3.49,44.7,4.74,2.46,3.19,3.4,3.61,10,23,,74.5,79.7,,51.6,33,60.6,54.6,20,40,,,,,,,30.8072221804533,,,,,,,,,
VEN,"Venezuela, RB",2009,3.25,39.9,4.77,2.38,2.16,3.25,3.65,5,20,,70.6,69.3,,50.8,30.1,53.7,59.6,10,30,,,,,,,31.442102537858,,,,,,,,,
VEN,"Venezuela, RB",2010,3.26,37.1,4.83,2.38,1.82,3.49,3.77,0,19,,74,61.8,,50.3,36.2,47.7,57.2,5,20,,,,,,,33.2372653674385,,,,,,,,,
VEN,"Venezuela, RB",2011,3.28,37.6,4.56,2.35,2.05,3.47,3.93,5,19,,75,65.3,,47.8,31.1,47,61.2,5,20,,,,,,,33.0050022270892,,,,,,,,,
VEN,"Venezuela, RB",2012,3.33,38.1,4.77,2.26,2.34,3.28,3.95,5,20,,74.8,67.3,,47.3,36,46.4,58.8,5,20,,,,,,,31.9133506676327,,,,,,,,,
VEN,"Venezuela, RB",2013,2.93,36.1,4.5,2.14,1.67,3.06,3.27,5,19,,75.6,50.6,,45.6,34.5,47.3,58.8,5,20,,,,,,,31.6305026619978,,,,,,,,,
VEN,"Venezuela, RB",2014,2.97,36.3,4.68,2.13,1.97,2.96,3.11,5,16.5,,75.3,51.8,,43.4,33.7,49.7,62.7,5,20,,,,,,,31.5481065954497,,,,,,,,,
VEN,"Venezuela, RB",2015,2.8,34.3,5,2.08,0.74,3.06,3.12,5,20,,75,52,,41.6,24.2,42.8,62.8,0,20,,,,,,,31.5630160708166,,,,,,,,,
VEN,"Venezuela, RB",2016,2.67,33.7,4.8,2.05,0.74,3.02,2.74,5,19,,74.9,56.7,,45.3,29.5,33.8,63.2,0,10,,,,,,,31.6476039220393,,,,,,,,,
VEN,"Venezuela, RB",2017,2.6,27,4.75,2.01,0.74,2.94,2.57,6.8,11.6,10.3,72.5,51.5,15.2,39.7,28.5,16.8,60.7,0,10,,,,,,,32.7077374692705,,,,,,,,,
VEN,"Venezuela, RB",2018,2.97,25.2,4.47,2.04,0.74,5.19,2.39,5.2,7.5,13.8,72.5,57.3,18.4,35.4,24.2,0,58.7,0,10,,,,,,,34.2473622164599,,,,,,,,,
VEN,"Venezuela, RB",2019,2.52,25.9,4.47,2.14,0.74,2.88,2.37,7.6,7.9,13.1,74.7,58.1,17.6,33.9,28,0,60,0,10,,,,,,,35.9011127644403,,,,,,,,,
VEN,"Venezuela, RB",2020,2.96,25.2,4.5,2.24,0.74,4.96,2.35,10.1,14.6,12.6,72.8,66.3,0,30.8,27.7,0,58,0,10,,,,,,,36.4487179024554,,,,,,,,,
VEN,"Venezuela, RB",2021,3,24.7,4.5,2.29,0.74,4.99,2.47,7.5,15.1,15.4,71.1,61.5,0,33.4,27.5,0,54.8,0,10,,,,,,,35.423798561623,,,,,,,,,
VEN,"Venezuela, RB",2022,3.02,24.8,4.5,2.29,0.74,5.03,2.54,0.2,7.1,4.6,74.1,78.3,0,30.8,37.6,0,54.8,0,10,,,,,,,36.4255333224353,,,,,,,,,
VNM,Vietnam,1995,,41.7,5.72,4.46,,,4.46,10,10,,68.8,87.1,,40,,55.2,44.6,30,30,3328.21486039558,,,,,,75.665812634031,,,,,,,,8.110491777515582,
VNM,Vietnam,1996,,40.2,,,,,,10,10,,54.8,79.1,,40,,63.3,44.6,30,30,3584.02898335147,,,,,,75.1278778546265,,,,,,,,8.184521837617908,7.403006010232538
VNM,Vietnam,1997,,38.6,,,,,,10,10,,42.8,78.9,,40,,61,44.6,30,30,3820.30249485434,89.9,50.6,35.4,8,48.53,73.9797868816179,,,,,,,,8.248346610723857,6.382477310594936
VNM,Vietnam,1998,,40.4,,,,,,10,10,,43.4,83,,40,,66.2,51,30,30,3982.95805965603,,,,,,71.3345757534309,,,,,,,,8.290031091454306,4.168448073044928
VNM,Vietnam,1999,,42.7,,,,,,10,28,,43,81.4,,40,,70.8,51,30,30,4119.05367208231,,,,,,74.1768908222811,,,,,,,,8.323621469463163,3.3590378008856447
VNM,Vietnam,2000,5.4,43.7,5.57,4.32,6.03,,4.95,10,25,,53.9,84.1,,40,,69.3,51,30,30,4349.22348751462,,,,,,73.70664518933,,,,,,,,8.377982499203148,5.43610297399848
VNM,Vietnam,2001,5.31,44.3,5.28,4.23,6.08,,4.95,10,26,,54.1,86.8,,40,,71.1,51,30,30,4570.26846577385,,,,,,71.1782737736455,,,,,,,,8.427546009001256,4.956350979810864
VNM,Vietnam,2002,5.22,45.6,5.19,4.21,5.86,,4.96,10,25,,54.1,90.3,,40,,80.4,51,30,30,4809.62151118535,89.6,52.3,37,7.5,44.15,71.5681356554883,,,,,,,,8.478581567057262,5.103555805600557
VNM,Vietnam,2003,5.24,46.2,4.83,4.22,6.28,5.94,4.95,10,26,,62.5,83,,40,,86.5,47.6,30,30,5090.28990869885,,,,,,70.1144154890187,,,,,,,,8.53528649761569,5.67049305584284
VNM,Vietnam,2004,5.51,46.1,6.32,4.54,5.77,5.96,5.03,10,24,,63.4,82.1,,40,,80.4,54.8,30,30,5421.09702829121,85.4,45.2,36.8,7.2,37.16,66.3661740691316,,,,,,,,8.598237925193809,6.295142757811867
VNM,Vietnam,2005,5.59,48.1,6.1,4.79,5.67,5.96,5.47,10,24,,74.5,79.1,,40,64.1,79.1,50.2,30,30,5776.36304451268,,,,,,65.8285706078261,,,,,,,,8.661702636893562,6.34647116997531
VNM,Vietnam,2006,5.65,50.5,6.4,4.78,5.54,5.97,5.59,10,26,,74.3,74.8,,60,67.7,74.2,57.6,30,30,6098.24495436514,81.8,39.8,35.8,7.2,34.8,65.300594645645,,,,,,,,8.71592026452735,5.421762763378801
VNM,Vietnam,2007,5.59,49.8,6.44,4.83,5.17,5.98,5.55,10,26,,74.3,78.6,,59.6,66.3,67.5,56,30,30,6418.54381402878,,,,,,64.7793179025819,,,,,,,,8.767102337154475,5.11820726271246
VNM,Vietnam,2008,5.32,50.4,6.68,4.87,3.34,6.23,5.5,10,26,,74.3,78,,60.4,65.2,67.4,62.8,30,30,6659.13561432065,79,36.8,35.6,7.4,30.49,63.173844109489,,,,,,,,8.80389512583773,3.679278868325575
VNM,Vietnam,2009,5.58,51,6.06,4.87,4.97,6.54,5.51,10,26,,74.3,77.3,,61.7,70,67,63.4,30,30,6914.33863589545,,,,,,61.6216866277286,,,,,,,,8.84149721410667,3.7602088268940292
VNM,Vietnam,2010,5.53,49.8,5.55,4.84,4.81,6.5,5.97,15,27,,76.1,73.4,,60.7,68.4,58.1,68.9,20,30,7274.73310698016,49.6,17.3,39.3,6.5,25.81,62.7268053732437,,,,,,,,8.892299857681587,5.080264357491693
VNM,Vietnam,2011,5.37,51.6,5.65,4.73,3.93,6.5,6.06,15,27,,75.9,75.1,,61.6,68.2,79.1,68.9,15,30,7652.61895672271,,,,,,62.4408821880805,,,,,,,,8.942933881198288,5.063402351670021
VNM,Vietnam,2012,5.56,51.3,5.47,4.63,5.14,6.59,5.97,15,27,,76.5,66.5,,61.1,67.3,75.1,79.6,15,30,7979.86828926858,43.2,14.2,35.6,7.1,25,62.5350197705013,,,,,,,,8.984802492703693,4.186861150540544
VNM,Vietnam,2013,5.6,51,5.4,4.7,5.41,6.71,5.79,15,29,,75.6,72.4,,63.8,65.5,65.3,78.6,15,30,8324.19871250047,,,,,,62.6538750141381,,,,,,,,9.027042183933201,4.223969122950777
VNM,Vietnam,2014,5.66,50.8,5.73,4.77,5.67,6.36,5.8,15,26.9,,77,71.4,,62,68.3,63.6,78.7,15,30,8751.88280634375,37.9,12,34.8,7.1,23.27,62.2488274046861,,,,,,,,9.077138388672594,5.009620473939336
VNM,Vietnam,2015,5.78,51.7,5.95,4.83,6.02,6.22,5.87,15,31,,79.1,77.1,,61.5,62.9,66.8,78.6,15,30,9248.02396069622,,,,,,57.7628165781259,,,,,,,,9.13227330717651,5.513491850391539
VNM,Vietnam,2016,5.86,54,5.83,4.86,6.07,6.5,6.04,15,31,,79.3,75.1,,58.3,62.6,70.6,83,25,40,9743.1882231455,29.8,9.1,35.3,6.9,21.32,55.9228443604091,,,,,,,,9.184426306588389,5.215299941187901
VNM,Vietnam,2017,5.93,52.4,5.77,4.88,6.36,6.5,6.14,49.7,24.6,32,79.6,74.6,21.1,61.2,62.2,76,83.1,25,40,10290.5487142244,,,,,,55.116987476102,,,,,,,,9.23907832423044,5.465201764205219
VNM,Vietnam,2018,6.12,53.1,6.39,4.81,6.64,6.52,6.24,46.4,30.4,36.3,79.7,74,27.3,63.2,60.4,75.4,78.7,25,40,10936.8937859558,24.2,7.6,35.7,6.7,21.48,53.9142551765669,,,,,,,,9.299988533305154,6.0910209074712895
VNM,Vietnam,2019,6.17,55.3,6.53,4.81,6.79,6.5,6.24,49.8,34,40.3,79.7,74.1,40.7,63.5,62.8,68.9,79.2,30,40,11628.6139147451,,,,,,53.2337599957737,,,,,,,,9.361310047605269,6.13215143001149
VNM,Vietnam,2020,6.16,58.8,6.53,4.96,6.77,6.4,6.14,52.6,33.8,40.1,79.5,75.9,58,65.6,62.5,68.2,79.6,40,50,11851.3965685649,20.4,6,36.8,6.6,19.47,53.1302143969625,,,,,,,,9.380285368188094,1.8975320582825361
VNM,Vietnam,2021,6.24,61.7,6.51,5.15,6.95,6.43,6.16,51.3,38,35.9,80.3,86,82.8,65.2,62.6,69,79,40,50,12048.9019935536,,,,,,53.1544201035082,,,,,,,,9.396811805570671,1.6526437382577086
VNM,Vietnam,2022,6.23,60.6,6.28,5.15,6.98,6.57,6.2,49.6,33.6,33.8,80.9,85.5,78.8,73.6,53.9,68.8,78.8,40,50,12979.7639049934,21.5,6.5,36.1,6.8,,52.7993697102954,,,,,,,,9.471223840991165,7.441203542049379
VUT,Vanuatu,1995,,,,,,,,,,,,,,,,,,,,3226.91509128028,,,,,,75.0874489560059,,,,,,,,8.07959172522737,
VUT,Vanuatu,1996,,,,,,,,,,,,,,,,,,,,3229.10220217595,,,,,,74.9378053532356,,,,,,,,8.080269057256661,0.0677332029290767
VUT,Vanuatu,1997,,,,,,,,,,,,,,,,,,,,3315.48137240776,,,,,,74.7627113694109,,,,,,,,8.106659672308124,2.639061505146323
VUT,Vanuatu,1998,,,,,,,,,,,,,,,,,,,,3285.13835226801,,,,,,74.635800104969,,,,,,,,8.09746840126171,-0.9191271046415039
VUT,Vanuatu,1999,,,,,,,,,,,,,,,,,,,,3228.59180513043,,,,,,74.5083989031129,,,,,,,,8.080111032109958,-1.7357369151751456
VUT,Vanuatu,2000,,,,,,,,,,,,,,,,,,,,3342.16726611558,,,,,,74.2168932090688,,,,,,,,8.114673919902348,3.456288779239003
VUT,Vanuatu,2001,,,,,,,,,,,,,,,,,,,,3148.33464010842,,,,,,74.2564684345551,,,,,,,,8.054946484146054,-5.97274357562938
VUT,Vanuatu,2002,,,,,,,,,,,,,,,,,,,,2911.04134701793,,,,,,74.2975587286964,,,,,,,,7.976609608054349,-7.833687609170514
VUT,Vanuatu,2003,,,,,,,,,,,,,,,,,,,,2962.03107292132,,,,,,74.3189536816243,,,,,,,,7.993968034498436,1.7358426444086916
VUT,Vanuatu,2004,,,,,,,,,,,,,,,,,,,,3005.79726389788,,,,,,74.2643043857101,,,,,,,,8.008630759331462,1.4662724833025997
VUT,Vanuatu,2005,,,,,,,,,,,,,,,,,,,,3089.43704035765,,,,,,74.148287609826,,,,,,,,8.036067796899468,2.7437037568006417
VUT,Vanuatu,2006,,,,,,,,,,,,,,,,,,,,3270.70237527622,,,,,,73.6407029724452,,,,,,,,8.093065732484026,5.6997935584558235
VUT,Vanuatu,2007,,,,,,,,,,,,,,,,,,,,3283.36553319499,,,,,,72.9658425223983,,,,,,,,8.096928771684755,0.3863039200728835
VUT,Vanuatu,2008,,,,,,,,,,,,,,,,,,,,3381.38564426088,,,,,,72.2142849469874,,,,,,,,8.126336551420483,2.94077797357275
VUT,Vanuatu,2009,,58.4,,,,,,40,31,,95.3,84,,69,52.6,78.7,63,30,40,3396.73599458141,,,,,,71.4837554085696,,,,,,,,8.130864604858425,0.4528053437942603
VUT,Vanuatu,2010,,56.4,,,,,,40,29,,94.9,84.3,,68.7,55,76.8,55.1,20,40,3359.84954476432,82,40.9,37.4,6.8,,69.5082112443661,,,,,,,,8.119949061702092,-1.091554315633303
VUT,Vanuatu,2011,,56.7,,,,,,40,32,,96.1,79.1,,68.8,49.8,76.5,55.1,30,40,3390.96103912602,,,,,,68.3341539471525,,,,,,,,8.129163510739112,0.9214449037019179
VUT,Vanuatu,2012,,56.6,,,,,,40,36,,97,79.9,,59.3,50.7,78.4,55.1,30,40,3350.77088958974,,,,,,67.1776384874368,,,,,,,,8.117244108904925,-1.191940183418616
VUT,Vanuatu,2013,,56.6,,,,,,40,35,,97.3,80.5,,56.4,57.7,81.4,48,30,40,3292.23424552549,,,,,,65.98085149725,,,,,,,,8.099625414230124,-1.7618694674801816
VUT,Vanuatu,2014,,59.5,,,,,,40,33.5,,97.3,81.7,,54.8,56.8,82.7,48,60,40,3302.29177948687,,,,,,64.8168418367889,,,,,,,,8.10267475920855,0.30493449784270155
VUT,Vanuatu,2015,,61.1,,,,,,40,33.5,,97.2,83.8,,51.5,46.4,82.9,75.4,60,40,3357.63888534014,,,,,,63.5840889703327,,,,,,,,8.119291077235884,1.661631802733332
VUT,Vanuatu,2016,,60.8,,,,,,40,33.5,,97,86.1,,51.8,47.7,78.3,74,60,40,3397.76730446483,,,,,,62.4078829251998,,,,,,,,8.131168087354045,1.187701011816067
VUT,Vanuatu,2017,,67.4,,,,,,65.5,70.5,33,97,80.4,99.1,51.4,58.1,74.8,73.9,65,40,3465.91968561101,,,,,,61.1323641928079,,,,,,,,8.151021780031934,1.9853692677889612
VUT,Vanuatu,2018,,69.5,,,,,,67.9,75.4,47.1,97,78.5,98,55.2,59.5,75.7,75,65,40,3482.02272525905,,,,,,59.8761134432272,,,,,,,,8.155655794966895,0.46340149349610726
VUT,Vanuatu,2019,,56.4,,,,,,65.9,51.9,36.4,97.3,54.1,15.3,52.4,58.8,75,64.4,65,40,3512.07197251664,81.3,36.5,32.3,7.6,12.92,58.5595719453987,,,,,,,,8.164246139535791,0.8590344568895958
VUT,Vanuatu,2020,,60.7,,,,,,68.3,37.4,36.1,97.1,61.1,78.4,51.8,54.6,74.6,63.4,65,40,3259.99543753198,,,,,,58.5314919521661,,,,,,,,8.089787776687444,-7.445836284834684
VUT,Vanuatu,2021,,60.5,,,,,,53.3,39.5,34.1,96.8,61.7,94.9,49.4,54.5,75.5,61.6,65,40,3135.83664945678,,,,,,57.9555872957662,,,,,,,,8.050970134618355,-3.881764206908933
VUT,Vanuatu,2022,,62.9,,,,,,57.8,42.4,71.2,96.8,60.1,96.1,49.1,40,74.4,61.6,65,40,3222.83595459346,,,,,,57.9372628049986,,,,,,,,8.07832721976169,2.735708514333446
WSM,Samoa,1995,,,,,,,,,,,,,,,,,,,,4077.99085675777,,,,,,45.8523452387196,,,,,,,,8.313604897774907,
WSM,Samoa,1996,,47.6,,,,,,50,70,,64.5,2.2,,70,,72,0,50,50,4333.51287211017,,,,,,45.6165434509694,,,,,,,,8.374364511991716,6.0759614216809865
WSM,Samoa,1997,,51.5,,,,,,50,70,,64.5,25,,70,,83.6,0,50,50,4325.13822221329,,,,,,45.4383167527471,,,,,,,,8.37243055750818,-0.19339544835368372
WSM,Samoa,1998,,49.9,,,,,,50,70,,64.5,17.3,,70,,77.4,0,50,50,4386.51915961412,,,,,,45.2211028357152,,,,,,,,8.386519234628203,1.4088677120023263
WSM,Samoa,1999,,58.7,,,,,,50,70,,64.5,36.8,,70,,75,62,50,50,4448.31977912795,,,,,,45.0463034818149,,,,,,,,8.400506504853283,1.398727022507984
WSM,Samoa,2000,,60.8,,,,,,50,70,,64.5,56,,70,,74.8,62,50,50,4638.59446502597,,,,,,44.7686047313608,,,,,,,,8.442382241621832,4.187573676854939
WSM,Samoa,2001,,63.1,,,,,,50,70,,75.5,48.8,,70,,91.2,62,50,50,4941.1152254089,,,,,,44.4281322325468,,,,,,,,8.505548701818821,6.316646019698879
WSM,Samoa,2002,,,,,,,,,,,,,,,,,,,,5183.45456244226,51.8,18.3,40.7,6.3,,44.1317941317942,,,,,,,,8.553419919844249,4.787121802542771
WSM,Samoa,2003,,,,,,,,,,,,,,,,,,,,5425.44383557984,,,,,,43.8174471930034,,,,,,,,8.599039287805757,4.561936796150867
WSM,Samoa,2004,,,,,,,,,,,,,,,,,,,,5568.34734622238,,,,,,43.5664193515601,,,,,,,,8.62503315302594,2.599386522018321
WSM,Samoa,2005,,,,,,,,,,,,,,,,,,,,5914.889706043,,,,,,43.2718256645527,,,,,,,,8.685397180324076,6.036402729813517
WSM,Samoa,2006,,,,,,,,,,,,,,,,,,,,6017.47704264273,,,,,,43.1098368626662,,,,,,,,8.70258952334757,1.7192343023493706
WSM,Samoa,2007,,,,,,,,,,,,,,,,,,,,6013.27628827659,,,,,,42.8887226792986,,,,,,,,8.701891303344006,-0.06982200035636765
WSM,Samoa,2008,,,,,,,,,,,,,,,,,,,,6182.76327854773,49.6,17.2,42,6.4,,42.8218148245845,,,,,,,,8.72968230986894,2.7791006524934048
WSM,Samoa,2009,,59.5,,,,,,60,45,,86.2,56.2,,61.5,80.2,75.7,70,30,30,6104.12751491364,,,,,,42.933912645781,,,,,,,,8.716884273290416,-1.2798036578523408
WSM,Samoa,2010,,60.4,,,,,,55,44,,79.6,67.5,,73.2,80.8,73.8,70,30,30,6427.31156227699,,,,,,42.8455456154308,,,,,,,,8.768467195234285,5.15829219438686
WSM,Samoa,2011,,60.6,,,,,,60,45,,80.1,67.9,,72.8,82.1,68.5,70,30,30,6616.7710962495,,,,,,42.7139652361969,,,,,,,,8.797513899827997,2.904670459371239
WSM,Samoa,2012,,60.5,,,,,,60,41,,80.3,61.3,,72.9,82.3,77,70,30,30,6311.96070235073,,,,,,42.752453725051,,,,,,,,8.750360053471129,-4.715384635686881
WSM,Samoa,2013,,57.1,,,,,,60,39,,80.6,34.3,,72.4,80.4,78.5,66,30,30,6262.32372017912,49.4,16.3,38.7,6.8,,42.8259736876384,,,,,,,,8.7424662689078545,-0.7893784563274053
WSM,Samoa,2014,,61.1,,,,,,60,38,,79.9,42.2,,73.7,80.3,76.1,75.8,55,30,6247.90480904724,,,,,,42.9156653710304,,,,,,,,8.740161496823339,-0.23047720845159603
WSM,Samoa,2015,,61.9,,,,,,60,38,,80.2,46.5,,73.6,78.4,81.2,75.8,55,30,6432.35979168526,,,,,,42.9280118160801,,,,,,,,8.7692521989136,2.9090702090261544
WSM,Samoa,2016,,63.5,,,,,,60,52,,78.9,57.5,,77.1,71.8,82.5,70.6,55,30,6887.30523545286,,,,,,42.8294511550415,,,,,,,,8.837580359215863,6.832816030226319
WSM,Samoa,2017,,58.4,,,,,,51.3,37.1,22.6,80.4,51.9,66.6,77,73.3,84.5,70.7,55,30,6919.01572858501,,,,,,42.7455303647606,,,,,,,,8.84217332152604,0.4592962310177029
WSM,Samoa,2018,,61.5,,,,,,53.1,40.1,38.8,79.9,55.1,78.1,77,76.5,84.8,70.2,55,30,6805.0451717529,,,,,11.74,42.7301981411,,,,,,,,8.825566492087445,-1.6606829438595483
WSM,Samoa,2019,,62.2,,,,,,53.8,37.7,31,79.9,62.3,93.6,77,78.2,83.5,63.8,55,30,7033.52113384547,,,,,,42.5386394877125,,,,,,,,8.858584898126562,3.301840603911721
WSM,Samoa,2020,,62.1,,,,,,60.5,31.5,31.7,79.6,62.5,94.6,76.6,78.8,79.5,64.6,55,30,6745.29241350438,,,,,,42.1858362281146,,,,,,,,8.816748360887983,-4.183653723857894
WSM,Samoa,2021,,61.9,,,,,,48.5,32.7,28.2,78.9,71.1,95.2,75.5,80.8,80,66.4,55,30,6350.11428353253,,,,,,41.6500762263474,,,,,,,,8.756385554213981,-6.0362806674001845
WSM,Samoa,2022,,68.3,,,,,,78.4,53.7,78.4,78.6,68.5,95.6,61.5,71.6,81.4,66.4,55,30,6449.36505263744,,,,,,42.0245623012537,,,,,,,,8.771892005496381,1.5506451282400135
XKX,Kosovo,2012,,,,,,,,,,,,,,,,,,,,8431.66232694657,59.4,19.3,29,8.8,,,,,,,,,,9.039867816907247,
XKX,Kosovo,2013,,,,,,,,30,29,,93.5,73,,52.4,77.7,,,65,,8828.27683251638,58.5,17,26.3,9.7,,,,,,,,,,9.085828391321838,4.596057441459145
XKX,Kosovo,2014,,,,,,,,30,28.6,,92.7,73,,58.1,71.3,72.7,,65,,9150.74997293883,57.5,17.8,27.3,9.1,,,,,,,,,,9.121700393855972,3.587200253413414
XKX,Kosovo,2015,,,,,,,,30,33,,,73.9,,66.8,72.1,74.9,,65,,9824.99105955319,54.1,15.8,26.5,9.5,,,,,,,,,,9.192786302851648,7.108590899567524
XKX,Kosovo,2016,,61.4,,,,,,30,33,,93.6,76.8,,69.3,66.3,78.9,70.8,65,30,10434.8888259268,53.4,15.3,26.7,9.4,9.93,,,,,,,,,9.253005993260704,6.021969040905617
XKX,Kosovo,2017,,67.9,,,,,,70.3,45.9,58,93.5,77.8,88.9,68.8,65.3,80,70.8,65,30,10856.2902074239,49.5,23.4,44.2,3.5,,,,,,,,,,9.292592041857471,3.95860485967674
XKX,Kosovo,2018,,66.6,,,,,,52.3,45.4,59,93.2,77.9,92.8,72.6,58.3,81.2,70.8,65,30,11188.2244627966,54.7,28.1,44.6,3,,,,,,,,,,9.322706492630418,3.0114450772947166
XKX,Kosovo,2019,,67,,,,,,57.2,44.7,53.5,92.5,77.7,96,73.8,64.9,78.3,70.8,65,30,11774.1178510908,38.3,16.5,40.2,4.3,,,,,,,,,,9.373743927419738,5.10374347893201
XKX,Kosovo,2020,,67.4,,,,,,66.3,39.2,54.1,92.6,76.5,94,75,61,78.4,76.2,65,30,11137.5028560404,38.9,20.7,57.4,1.7,,,,,,,,,,9.318163110916478,-5.558081650326052
XKX,Kosovo,2021,,66.5,,,,,,54.5,46.4,55.9,92.6,75,90.5,71.2,64.4,75.7,77.2,65,30,12362.4210181213,47,27.2,49.4,1.9,,,,,,,,,,9.422497474116176,10.433436319969758
XKX,Kosovo,2022,,60.1,,,,,,47.4,37.5,31,92.5,71.6,67.4,68,53.1,79.1,78.6,65,30,13022.4627441502,38.2,17,38.3,4.5,,,,,,,,,,9.474507836174498,5.20103620583221
YEM,"Yemen, Rep.",1995,,49.8,10,2.84,,,4.91,30,10,,78.2,73.4,,70,,41.8,45,70,30,,,,,,,43.5314676905576,,,,,,,,,
YEM,Yemen,1996,,49.6,,,,,,30,10,,78.4,75.3,,70,,38.1,45,70,30,,,,,,,43.2299234061804,,,,,,,,,
YEM,Yemen,1997,,48.4,,,,,,30,10,,81.4,74.8,,55,,39.1,45,70,30,,,,,,,43.0147838474595,,,,,,,,,
YEM,Yemen,1998,,46.1,,,,,,30,10,,81.2,80.3,,55,,46,52.6,30,30,,73.9,32.3,35,7.1,11.31,42.9455416883938,,,,,,,,,
YEM,Yemen,1999,,43.3,,,,,,30,10,,74.1,52.5,,55,,62.8,45,30,30,,,,,,,42.6882021804465,,,,,,,,,
YEM,"Yemen, Rep.",2000,4.38,44.5,8.01,2.26,0.02,,5.1,30,10,,74.8,41.9,,55,,67.7,61,30,30,,,,,,,42.3812845283479,,,,,,,,,
YEM,"Yemen, Rep.",2001,4.63,44.3,9.11,2.26,0.02,,5.1,30,10,,74.7,33.7,,55,,71.5,64.2,30,30,,,,,,,42.2513879651037,,,,,,,,,
YEM,"Yemen, Rep.",2002,4.96,48.6,7.74,2.26,3.1,,5.3,30,10,,74.9,69.3,,55,,69.7,68.6,30,30,,,,,,,42.1083800841767,,,,,,,,,
YEM,"Yemen, Rep.",2003,4.39,50.3,5.24,2.28,3.44,,5.16,30,10,,75,63.5,,55,,68.7,70.2,50,30,,,,,,,41.9674854171372,,,,,,,,,
YEM,"Yemen, Rep.",2004,4.54,50.5,6.02,2.28,3.04,,5.28,30,10,,75,66.5,,55,,68.1,70.2,50,30,,,,,,,41.8289954498753,,,,,,,,,
YEM,"Yemen, Rep.",2005,4.57,53.8,5.55,2.64,3.21,,5.31,30,26,,74.9,66.5,,55,76.8,68.8,59.8,50,30,,85.1,40.9,34.7,7.9,18.78,41.6853968704709,,,,,,,,,
YEM,"Yemen, Rep.",2006,5.9,52.6,5.2,2.65,8.6,,5.31,30,24,,75,56.2,,54.9,76.7,68,61.6,50,30,,,,,,,41.6267369663244,,,,,,,,,
YEM,"Yemen, Rep.",2007,6.18,54.1,5.75,2.67,9.45,,5.11,30,27,,83.2,56.2,,53.5,76.3,68.2,66.4,50,30,,,,,,,41.6181031923617,,,,,,,,,
YEM,"Yemen, Rep.",2008,5.9,53.8,6.46,2.66,7.54,,5.38,30,26,,83.2,58.5,,54.8,76.5,62.9,66.4,50,30,,,,,,,41.5759822407333,,,,,,,,,
YEM,"Yemen, Rep.",2009,5.47,56.9,5.33,2.65,8.57,,3.98,30,25,,83.2,57.1,,74.9,75.8,66.5,76.2,50,30,,,,,,,41.6480117140611,,,,,,,,,
YEM,"Yemen, Rep.",2010,5.88,54.4,6.6,2.66,7.58,7.31,5.18,30,23,,83.2,51.3,,74.4,65.4,65.1,76.1,45,30,,,,,,,41.5814916665313,,,,,,,,,
YEM,"Yemen, Rep.",2011,5.62,54.2,6.96,2.54,6.89,7.2,4.55,30,21,,83.2,44.5,,73.7,50.9,82.3,81.6,45,30,,,,,,,41.8553555288121,,,,,,,,,
YEM,"Yemen, Rep.",2012,5.7,55.3,6.72,2.48,6.87,7.16,5.24,30,22,,83.1,62.8,,71.5,57.3,69.3,81.5,45,30,,,,,,,42.145823842685,,,,,,,,,
YEM,"Yemen, Rep.",2013,5.85,55.9,7.54,2.57,7.6,7.15,4.42,30,21,,91.5,72.8,,61.3,55.3,65.7,81.5,50,30,,,,,,,42.3445271975473,,,,,,,,,
YEM,"Yemen, Rep.",2014,6.01,55.5,7.87,2.54,8.33,7.16,4.21,30,19.4,,91.7,74.9,,59.2,54.9,62.1,82.4,50,30,,88,47.9,36.7,7.3,24.87,42.5288486679773,,,,,,,,,
YEM,"Yemen, Rep.",2015,5.35,53.7,6.82,2.36,6.87,6.4,4.31,30,18,,91.5,59.9,,54,57.1,68.5,77.6,50,30,,,,,,,43.3313819649546,,,,,,,,,
YEM,"Yemen, Rep.",2016,5.85,,7.45,2.34,8.79,6.36,4.31,30,19,,,,,51.9,54.4,71,,,30,,,,,,,43.9335072313411,,,,,,,,,
YEM,"Yemen, Rep.",2017,5.53,,8.56,2.31,6.73,5.75,4.31,37.3,17.4,22.6,,77.2,10.6,51.4,54.2,59.7,,,,,,,,,,44.5528772190593,,,,,,,,,
YEM,"Yemen, Rep.",2018,5.14,,8.29,2.36,6.73,4.55,3.75,17.9,21.2,16.6,,80.9,5.4,52.7,52.1,66.6,,50,,,,,,,,45.027139345149,,,,,,,,,
YEM,"Yemen, Rep.",2019,5.31,,8.26,2.36,8.22,4.59,3.1,19.6,20.3,22.2,,83.7,0,45.1,49.8,61.5,71.4,50,,,,,,,,45.3462580031923,,,,,,,,,
YEM,"Yemen, Rep.",2020,4.61,,8.45,2.37,4.55,4.59,3.1,22.5,21.9,20.1,,96.5,60.1,43.9,43.8,42.6,70,50,,,,,,,,45.9149186078608,,,,,,,,,
YEM,"Yemen, Rep.",2021,4.67,,8.33,2.36,4.98,4.6,3.07,16.5,17,19.7,,95.6,48.9,46.1,57.7,54.6,67.4,,,,,,,,,45.1400931896088,,,,,,,,,
YEM,"Yemen, Rep.",2022,4.68,,8.31,2.4,4.98,4.61,3.11,,,,,,,,,,,,,,,,,,,45.2981754410567,,,,,,,,,
ZAF,South Africa,1995,6.64,60.7,6.81,5.98,6.53,7.38,6.53,50,50,,61.1,63.3,,85,,73.8,43,70,50,10318.8385984353,,,,,,11.7558557809675,,,,,,,,9.241823399226751,
ZAF,South Africa,1996,,62.5,,,,,,50,50,,63.6,62.2,,85,,75.4,56.4,70,50,10623.8603593151,,,,,,11.6015790891841,,,,,,,,9.270951851053555,2.912845182680357
ZAF,South Africa,1997,,63.2,,,,,,50,56,,61.3,65.3,,85,,76.2,55,70,50,10770.2779624828,,,,,,11.444540797025,,,,,,,,9.28463842258011,1.3686571526555724
ZAF,South Africa,1998,,64.3,,,,,,50,57,,61.3,67.3,,85,,77.3,61,70,50,10693.6882326622,,,,,,11.2664588984351,,,,,,,,9.277502470335392,-0.7135952244718524
ZAF,South Africa,1999,,63.3,,,,,,50,50,,60.8,66.7,,85,,76.7,61,70,50,10831.6589617949,,,,,,11.0618955034736,,,,,,,,9.290320828031657,1.2818357696264826
ZAF,South Africa,2000,6.92,63.7,6.45,5.66,7.72,7.87,7,50,52,,60.5,67.3,,85,,77.8,61,70,50,11183.825503143,78.5,50.6,57.8,3.1,24.79,10.8542944515209,,,,,,,,9.322313272831858,3.1992444800200914
ZAF,South Africa,2001,6.93,63.8,6.73,5.7,7.69,7.87,6.74,50,50,,65,78.1,,70,,79.6,61,70,50,11387.492366782,,,,,,11.1841653983179,,,,,,,,9.34035868304303,1.8045410211172452
ZAF,South Africa,2002,6.83,64,6.7,5.6,7.24,7.87,6.8,50,50,,65.2,79.7,,70,,80.3,61,70,50,11697.5657261687,,,,,,11.0764812594225,,,,,,,,9.367221525764435,2.6862842721405045
ZAF,South Africa,2003,6.85,67.1,6.62,5.57,7.48,7.88,6.77,50,48,,68,80,,70,,80.1,68,70,70,11923.1211013633,,,,,,10.933164213919,,,,,,,,9.386318610848646,1.9097085084210264
ZAF,South Africa,2004,6.86,66.3,6.68,5.72,7.86,7.33,6.73,50,48,,69.6,79.7,,70,,77.1,62.2,70,70,12341.2102655828,,,,,,10.6926506633968,,,,,,,,9.420780395325002,3.446178447635617
ZAF,South Africa,2005,6.88,62.9,6.78,5.94,7.65,7.07,6.98,50,44,,69.7,79.9,,70,58.7,78.6,77.8,50,50,12861.5633089114,75.6,46.6,64.8,2.6,31.03,11.493206122415,,,,,,,,9.462076302105812,4.12959067808103
ZAF,South Africa,2006,6.77,63.7,6.74,5.93,7.32,7.17,6.71,50,46,,69.8,78.6,,71.8,58.9,83.7,77.8,50,50,13444.2332126058,,,,,,11.4051682676142,,,,,,,,9.506379914227933,4.430361212212119
ZAF,South Africa,2007,6.75,63.5,6.76,5.92,7.1,7.15,6.82,50,45,,69.7,79.2,,70.4,58.5,78.8,73.8,50,60,14016.2444716386,,,,,,10.39877248942,,,,,,,,9.548043598592407,4.166368436447421
ZAF,South Africa,2008,6.51,63.4,6.29,5.88,6.58,7.13,6.67,50,46,,69.5,76.8,,71.4,59.1,77.2,74.2,50,60,14297.6887802632,67.1,37.8,63,2.6,17.28,10.1976394135865,,,,,,,,9.567923118355987,1.9879519763579268
ZAF,South Africa,2009,6.53,63.8,6.17,5.83,7.14,7.13,6.43,50,51,,68.9,77.6,,74.6,56.8,74.3,74.8,50,60,13910.7017093394,,,,,,10.0888738153306,,,,,,,,9.540485614554928,-2.7437503801058583
ZAF,South Africa,2010,6.74,62.8,6.28,5.98,7.64,6.96,6.84,50,49,,69.1,76.8,,73,59,70.2,76,45,60,14164.9958363115,65.8,36.8,63.4,2.5,,10.1545710040399,,,,,,,,9.558599712392269,1.8114097837340637
ZAF,South Africa,2011,6.79,62.7,6.31,6.02,7.73,7.17,6.74,50,47,,69.6,77.5,,72.3,56.7,71.9,77.2,45,60,14434.2611456048,,,,,,10.1369711997726,,,,,,,,9.577429183073317,1.8829470681048122
ZAF,South Africa,2012,6.81,62.7,6.2,6.05,7.81,7.22,6.78,50,45,,70.7,71.9,,75.8,57.3,75,76.3,45,60,14563.7624041032,,,,,,10.0906489938623,,,,,,,,9.586360356462897,0.8931173389580493
ZAF,South Africa,2013,6.89,61.8,6.19,6.02,8.17,7.23,6.84,50,41,,70.5,69.2,,74.7,55.6,75.8,76.3,45,60,14681.096638957,,,,,,9.52926646479828,,,,,,,,9.594384114787534,0.8023758324636532
ZAF,South Africa,2014,6.71,62.5,6.19,5.97,7.79,6.85,6.76,50,41.6,,68.7,69.1,,74.5,54.4,75.3,76.1,55,60,14643.3384782936,66.2,38.1,63,2.4,20.56,8.82636479182335,,,,,,,,9.591809087759787,-0.25750270277473675
ZAF,South Africa,2015,6.63,62.6,5.75,5.93,7.93,6.87,6.65,50,42,,69.5,68.2,,73,61.6,74.9,76.6,50,60,14541.6748613669,,,,,,9.42880408267633,,,,,,,,9.58484269987401,-0.6966387885777081
ZAF,South Africa,2016,6.57,61.9,5.8,5.69,7.8,6.84,6.75,50,44,,70.1,69.9,,69.7,58.7,74.6,77,45,60,14501.2807823402,,,,,,9.58536150079461,,,,,,,,9.582061211372858,-0.278148850115123
ZAF,South Africa,2017,6.6,62.3,6,5.63,7.88,6.91,6.59,67.6,47.6,59.7,70.2,68.4,70,62,58.9,75.8,77.3,40,50,14573.5980840004,,,,,,9.92107982241673,,,,,,,,9.58703543512667,0.4974223753810847
ZAF,South Africa,2018,6.62,63,6.23,5.63,7.9,6.86,6.48,67.7,45.4,65.9,62.5,68.1,74.6,65.1,60.1,74.6,71.6,50,50,14553.5615668957,,,,,,10.324177271824,,,,,,,,9.585659733218007,-0.1375701908662208
ZAF,South Africa,2019,6.62,58.3,6.12,5.65,7.95,6.93,6.48,58.8,39.7,39.3,62.1,67.6,62.6,64.3,59.1,75.2,76,45,50,14352.6698709871,,,,,,10.668395469952,,,,,,,,9.571760928630306,-1.3898804587700653
ZAF,South Africa,2020,6.47,58.8,5.93,5.71,8,6.4,6.34,58.4,46.6,38,63.7,67.4,64,62,58.8,75.9,75.8,45,50,13250.5666594456,,,,,,10.682084671115,,,,,,,,9.491871062873479,-7.988986575682766
ZAF,South Africa,2021,6.58,59.7,6.1,5.76,7.86,6.42,6.74,59.6,50.6,57.1,63.9,65.9,53.4,61.5,59.4,76.8,72.6,45,50,13681.9548144813,,,,,,11.0435630477309,,,,,,,,9.523906163063556,3.203510019007716
ZAF,South Africa,2022,6.65,56.2,6.17,5.78,7.6,6.96,6.73,43.2,48.4,61.3,63.4,68.1,8.1,65.7,71.1,78,72.2,45,50,13767.4967589936,,,,,,11.2608247273771,,,,,,,,9.530138417934381,0.6232254870825571
ZMB,Zambia,1995,4.31,55.1,7.35,4.8,0.66,5.07,3.27,50,30,,72.4,74.8,,55,,12.2,61.2,70,70,2119.95642928697,,,,,,81.3751505808419,,,,,,,,7.659622411820428,
ZMB,Zambia,1996,,59.6,,,,,,50,50,,73.2,74.1,,55,,32.9,61.2,70,70,2197.19564925242,90.2,59.1,48.3,4.5,23.88,81.4794400625553,,,,,,,,7.695392143400934,3.576973158050567
ZMB,Zambia,1997,,62.1,,,,,,50,50,,71.6,69.5,,55,,48.9,74,70,70,2223.45745445731,,,,,,81.5920993662602,,,,,,,,7.707268324173021,1.1876180772087075
ZMB,Zambia,1998,,62.7,,,,,,50,50,,72.2,74.2,,55,,53.9,69,70,70,2157.57339335667,90.6,59.8,49.1,4.3,,81.9295769345852,,,,,,,,7.677202816435855,-3.0065507737165653
ZMB,Zambia,1999,,64.2,,,,,,50,50,,71.9,77.6,,55,,60.4,73,70,70,2198.18912998648,,,,,,82.2160709621378,,,,,,,,7.695843994126235,1.864117769037943
ZMB,Zambia,2000,5.91,62.8,7.87,4.81,5.71,6.68,4.44,50,35,,72,81.3,,55,,62.6,69,70,70,2220.5653712714,,,,,,82.3000596311757,,,,,,,,7.7059673485787945,1.0123354452559852
ZMB,Zambia,2001,5.9,59.5,7.04,4.82,6.28,6.89,4.44,50,35,,68.5,74.8,,55,,62.7,69.4,70,50,2268.96965564597,,,,,,82.5314066821256,,,,,,,,7.727521742829261,2.1554394250466125
ZMB,Zambia,2002,5.84,59.6,6.95,4.78,6.13,6.92,4.41,50,34,,75.8,76.5,,55,,57.7,67.6,70,50,2299.33289188114,95.7,66.5,42.1,6.1,,82.6845233014119,,,,,,,,7.7408091270445505,1.3287384215289855
ZMB,Zambia,2003,5.99,55.3,7.24,4.79,6.31,6.91,4.62,50,26,,75.1,72.8,,55,,59.6,58.8,50,50,2383.87611741089,,,,,,82.8174099769878,,,,,,,,7.776902459588018,3.6093332543467582
ZMB,Zambia,2004,6.03,54.9,7.3,4.79,7.02,6.35,4.62,50,26,,75.3,69.1,,55,,60.1,58.8,50,50,2471.72073328685,92.7,67.5,54.3,3.6,25.44,82.8720037658289,,,,,,,,7.81307433485558,3.6171875267561937
ZMB,Zambia,2005,6.09,55,7.29,4.86,7.26,6.11,4.87,50,25,,68.7,69.7,,55,52.6,60.6,68.2,50,50,2564.47560965912,,,,,,82.9977607644914,,,,,,,,7.849899163285227,3.682482842964685
ZMB,Zambia,2006,6.28,56.8,7.41,4.87,7.65,6.31,5.14,50,26,,70.7,71,,64.4,57.2,62.3,66.2,50,50,2673.46151928529,93.3,69.7,54.6,3.6,34.4,82.8973147923693,,,,,,,,7.89150333786454,4.16041745793132
ZMB,Zambia,2007,6.33,56.2,7.54,5.09,7.38,6.38,5.21,40,26,,70.6,78.5,,63.6,54.8,57.8,70.8,50,50,2796.3529332184,,,,,,82.8638949113129,,,,,,,,7.936428868015412,4.492553015087175
ZMB,Zambia,2008,6.31,56.2,7.63,5.11,7.26,6.33,5.17,40,26,,72.6,80.3,,63.5,45.8,62.9,71.2,50,50,2908.14362510668,,,,,,82.8442693062049,,,,,,,,7.975614029949728,3.9185161934316426
ZMB,Zambia,2009,6.33,56.6,7.57,5.09,7.57,6.52,4.87,30,26,,72.9,82.1,,68.8,51,64.1,71.2,50,50,3065.84420108998,,,,,,81.4209063694042,,,,,,,,8.02840436435314,5.279033440341152
ZMB,Zambia,2010,6.51,58,8.09,5,8.02,6.51,4.9,30,28,,72.4,82.6,,66.4,57,63.3,79.9,50,50,3266.50749293828,93.5,68.9,52,4.1,23.31,79.8929400787164,,,,,,,,8.091782738667371,6.337837431423132
ZMB,Zambia,2011,6.59,59.7,8.1,5.06,8.43,6.38,4.97,30,30,,72.4,81.8,,62.2,56.3,77.3,82.4,55,50,3335.64339500657,,,,,,80.0728210869618,,,,,,,,8.112720609093328,2.0937870425957072
ZMB,Zambia,2012,6.61,58.3,7.85,4.98,8.37,6.51,5.33,30,30,,73.3,84.9,,61.2,51.1,64.9,82.3,55,50,3474.55252844092,,,,,,80.3499046032117,,,,,,,,8.153508746349768,4.078813725644004
ZMB,Zambia,2013,6.39,58.7,7.47,4.76,8.28,6.44,5.01,30,32,,72.9,80.3,,60.4,58.4,66,82.3,55,50,3535.22449043144,,,,,,77.7627371499541,,,,,,,,8.170814908855276,1.7306162505507316
ZMB,Zambia,2014,6.41,60.4,7.41,4.8,8.18,6.69,4.95,30,31.3,,71.8,82.9,,74.9,50.1,68,84.6,60,50,3585.57748507131,,,,,,75.4257354059882,,,,,,,,8.184953679981463,1.4138771126187777
ZMB,Zambia,2015,6.24,58.7,7.28,4.86,7.93,6.25,4.87,30,38,,71.9,78,,68.2,46,73.2,76.8,55,50,3576.92544834125,92,67.2,55.8,3.1,13.97,73.3670077243661,,,,,,,,8.18253842772561,-0.24152522558527068
ZMB,Zambia,2016,6.19,58.8,7.4,4.88,7.38,6.42,4.86,30,38,,73.3,81.1,,66.4,48.3,72.6,78.2,50,50,3598.17166023389,,,,,,73.0561645772012,,,,,,,,8.188459003588953,0.5920575863342492
ZMB,Zambia,2017,6.4,55.8,7.34,4.83,8.48,6.4,4.98,49.6,35,39.8,73.1,81.6,21.6,66.6,48.2,70.7,78.3,55,50,3612.50597664593,,,,,,72.8150326235867,,,,,,,,8.192433764698679,0.3974761109725833
ZMB,Zambia,2018,6.36,54.3,6.91,4.78,8.47,6.75,4.89,46,36.3,40.6,72.1,80.2,14.4,69.8,43.5,65.4,78.3,55,50,3646.95966481655,,,,,,72.5424232879474,,,,,,,,8.201923294339386,0.9489529640706706
ZMB,Zambia,2019,6.23,53.6,6.58,4.73,8.27,6.74,4.86,45,32.3,35.6,72.3,80.1,12.3,71.1,46,70.3,72.6,55,50,3591.56418883108,,,,,,73.1409816315656,,,,,,,,8.186621485248278,-1.5301809091107899
ZMB,Zambia,2020,5.89,53.5,6.52,4.67,7.48,6.06,4.7,45.2,28.4,31.3,73.2,81.7,18.4,66.4,47,72.2,72.6,55,50,3391.59541156095,,,,,,73.2657081622874,,,,,,,,8.129350515576167,-5.727096967211054
ZMB,Zambia,2021,5.63,50.4,6.13,4.77,6.29,6.08,4.91,37.2,30.5,26.2,71.1,78.5,5.3,66.1,45.6,71.2,68.2,55,50,3503.03491418372,,,,,,69.676612598137993,,,,,,,,8.161670416100169,3.2319900524001355
ZMB,Zambia,2022,6.17,48.7,6.32,4.99,7.29,7.12,5.11,38.3,30.8,45.2,70.9,73.3,0,44.2,41.9,66.4,68.2,55,50,3585.12379084347,94,69.6,51.5,3.9,,70.8828492060876,,,,,,,,8.184827174161413,2.3156758061244176
ZWE,Zimbabwe,1995,5.48,48.5,6.6,4.16,6.11,8.77,4.27,50,30,,50.1,65.3,,55,,54.7,51.8,30,50,5964.5893804643,,,,,,65.6978488187114,,,,,,,,8.693763136099314,
ZWE,Zimbabwe,1996,,46.7,,,,,,50,30,,58.4,63.7,,55,,58.1,25,30,50,6474.16018296527,,,,,,65.5821421694861,,,,,,,,8.775728624943637,8.196548884432353
ZWE,Zimbabwe,1997,,48,,,,,,50,30,,64.7,67.1,,55,,59.7,25,30,50,6524.06265782805,,,,,,65.5224440816768,,,,,,,,8.783405834877057,0.7677209933419249
ZWE,Zimbabwe,1998,,44.6,,,,,,30,30,,65.4,55.3,,55,,60.4,25,30,50,6582.34841934183,,,,,,65.4670352401092,,,,,,,,8.792298773204127,0.889293832707061
ZWE,Zimbabwe,1999,,47.2,,,,,,30,30,,65.4,64.3,,55,,61.8,38.2,30,50,6423.70886833195,,,,,,65.4558374526873,,,,,,,,8.76790659641491,-2.439217678921679
ZWE,Zimbabwe,2000,4.24,48.7,5.57,3.69,4.13,2.93,4.89,30,42,,65.8,58.9,,55,,56.9,49.4,30,50,6170.33390832202,,,,,,65.526625244323,,,,,,,,8.727670286129943,-4.023631028496766
ZWE,Zimbabwe,2001,3.89,38.8,6.04,2.97,3.63,2.89,3.98,10,41,,47.8,61.1,,55,,41.2,53.4,10,30,6217.41179425199,,,,,,65.5333111275263,,,,,,,,8.735269814584093,0.7599528454150573
ZWE,Zimbabwe,2002,3.42,36.7,6,2.83,1.48,2.82,4.01,10,30,,64.8,52,,55,,38.5,59.8,10,10,5610.19146861437,,,,,,65.7251908223746,,,,,,,,8.63251835896388,-10.275145562021315
ZWE,Zimbabwe,2003,3.58,36.7,6.3,2.8,2.32,2.76,3.74,10,29,,68.1,63.5,,55,,32.9,52.2,10,10,4601.6607468251,,,,,,66.2434637344019,,,,,,,,8.434389838477802,-19.812852048607787
ZWE,Zimbabwe,2004,3.04,34.4,4.19,2.95,2.37,2.13,3.61,10,27,,67.5,63.5,,55,,13.1,53.8,10,10,4287.59829196083,,,,,,66.6492443522726,,,,,,,,8.36371522006075,-7.067461841705303
ZWE,Zimbabwe,2005,3.16,35.2,4.52,2.97,2.44,1.97,3.89,10,23,,66.1,74.4,,55,42.8,0,61,10,10,4004.66443720945,,,,,,66.9351051344227,,,,,,,,8.295464747667214,-6.825047239353488
ZWE,Zimbabwe,2006,3.06,33.5,4.99,2.97,1.97,1.94,3.4,10,23,,67.6,82.7,,43.2,41.7,0,47.2,10,10,3819.2334285389,,,,,,66.992796973406,,,,,,,,8.248066806681024,-4.739794098619043
ZWE,Zimbabwe,2007,3.26,32,6.37,2.86,1.97,1.76,3.31,10,26,,68.8,49.6,,42,41.1,0,52.6,10,20,3631.53761566256,,,,,,67.4371451919137,,,,,,,,8.197686750700543,-5.038005598048123
ZWE,Zimbabwe,2008,4.45,29.5,7.29,3.02,4.23,4.21,3.46,10,24,,57.8,24.1,,41.1,52.1,0,55.4,10,20,2954.09932377926,,,,,,67.9678369055516,,,,,,,,7.991287541383365,-20.639920931717803
ZWE,Zimbabwe,2009,4.2,22.7,7.59,3.03,2.47,4.41,3.48,5,21,,44.1,4.6,,30.8,51.2,0,50.4,10,10,3299.41379594873,,,,,,68.4032749811382,,,,,,,,8.1018031323053,11.051559092193486
ZWE,Zimbabwe,2010,4.41,21.4,6.74,3.17,3.86,4.62,3.63,5,18,,58.4,0,,30,48.2,0,44.8,0,10,3885.39378454343,,,,,,68.4340049602712,,,,,,,,8.265236958962827,16.34338266575277
ZWE,Zimbabwe,2011,4.6,22.1,6.61,3.23,4.58,5.09,3.48,5,22,,70.3,0,,32.1,36.8,0,45,0,10,4358.92582649309,83.2,45.9,43.2,5.8,,68.243605592332,,,,,,,,8.380210323926143,11.497336496331556
ZWE,Zimbabwe,2012,4.98,26.3,7.08,3.25,5.87,4.84,3.84,10,24,,65.2,38.7,,34.9,29.6,0,50.4,0,10,5003.48706186748,,,,,,68.3949814360478,,,,,,,,8.518090201355998,13.787987742985486
ZWE,Zimbabwe,2013,5.18,28.6,6.65,3.29,7.38,4.78,3.77,10,22,,71.8,66.4,,33.4,21.9,0,50.4,0,10,5031.68744400391,,,,,,68.5723087765262,,,,,,,,8.523709403517556,0.5619202161557979
ZWE,Zimbabwe,2014,5.3,35.5,6.73,3.34,7.06,5.55,3.75,10,19.3,,63.3,64,,34.5,22.2,73,54.2,5,10,5081.11240399225,,,,,,68.8290755215442,,,,,,,,8.533482281697738,0.9772878180182687
ZWE,Zimbabwe,2015,5.5,37.6,6.92,3.45,7.41,5.47,4.23,10,21,,66.6,74.2,,37.1,23.7,75.4,58.4,0,10,5102.71432347607,,,,,,68.6252400493398,,,,,,,,8.5377238523524,0.4241570654661686
ZWE,Zimbabwe,2016,5.16,38.2,4.99,3.41,7.71,5.41,4.21,10,21,,60.8,73.6,,37.6,30,79.1,50.2,10,10,5070.40217016051,,,,,,68.4947893474576,,,,,,,,8.5313726205108,-0.635123184160058
ZWE,Zimbabwe,2017,4.81,44,4.67,3.43,7.82,3.67,4.4,27.3,14.7,26.1,61.1,75.2,90.6,36.2,33.1,76.5,52.8,25,10,5234.3838655748,85.5,50.7,44.3,6,9.69,68.2286336799727,,,,,,,,8.563195447373726,3.182282686292659
ZWE,Zimbabwe,2018,4.71,44,5.64,3.41,4.37,5.5,4.6,27.6,18.9,33,61.1,72,59.1,37.1,38.8,76.9,69.1,25,10,5415.46976371689,,,,,,68.1111849759016,,,,,,,,8.597199547115244,3.4004099741517635
ZWE,Zimbabwe,2019,4.21,40.4,6.28,3.39,1.34,5.5,4.54,29.7,15.8,24.8,62.3,74.5,23.7,33.4,43.3,72.4,70,25,10,4993.8438389475205,86.2,53.6,50.3,4.8,,68.0433028047227,,,,,,,,8.516161427119972,-8.103811999527188
ZWE,Zimbabwe,2020,3.94,43.1,5.93,3.34,1.25,4.76,4.43,33.7,18.9,28.3,62.3,88,36.2,39.1,43.1,62.8,70,25,10,4527.71988082724,,,,,,68.4628079855452,,,,,,,,8.41819459152799,-9.796683559198094
ZWE,Zimbabwe,2021,3.77,39.5,5.05,3.4,1.25,4.88,4.24,32.6,21.3,32,63.4,89.4,58.8,41.5,44.1,0,56,25,10,4827.0886936086,,,,,,68.4521889791146,,,,,,,,8.48220595272155,6.401136119355932
ZWE,Zimbabwe,2022,3.53,33.1,5.63,3.54,1.25,3.03,4.2,20.8,20.6,16.3,66.1,87.2,79.8,36.9,34.9,0,0,25,10,5036.76136109489,,,,,,68.9300947854376,,,,,,,,8.524717088004817,4.2511135283266555
