Series Name,Series Code,Country Name,Country Code,1960 [YR1960],1961 [YR1961],1962 [YR1962],1963 [YR1963],1964 [YR1964],1965 [YR1965],1966 [YR1966],1967 [YR1967],1968 [YR1968],1969 [YR1969],1970 [YR1970],1971 [YR1971],1972 [YR1972],1973 [YR1973],1974 [YR1974],1975 [YR1975],1976 [YR1976],1977 [YR1977],1978 [YR1978],1979 [YR1979],1980 [YR1980],1981 [YR1981],1982 [YR1982],1983 [YR1983],1984 [YR1984],1985 [YR1985],1986 [YR1986],1987 [YR1987],1988 [YR1988],1989 [YR1989],1990 [YR1990],1991 [YR1991],1992 [YR1992],1993 [YR1993],1994 [YR1994],1995 [YR1995],1996 [YR1996],1997 [YR1997],1998 [YR1998],1999 [YR1999],2000 [YR2000],2001 [YR2001],2002 [YR2002],2003 [YR2003],2004 [YR2004],2005 [YR2005],2006 [YR2006],2007 [YR2007],2008 [YR2008],2009 [YR2009],2010 [YR2010],2011 [YR2011],2012 [YR2012],2013 [YR2013],2014 [YR2014],2015 [YR2015],2016 [YR2016],2017 [YR2017],2018 [YR2018],2019 [YR2019],2020 [YR2020],2021 [YR2021],2022 [YR2022],2023 [YR2023],2024 [YR2024]
"GDP per capita, PPP (constant 2021 international $)",NY.GDP.PCAP.PP.KD,Afghanistan,AFG,..,..,..,..,..,..,..,..,..,..,..,..,..,..,..,..,..,..,..,..,..,..,..,..,..,..,..,..,..,..,..,..,..,..,..,..,..,..,..,..,1617.82647494969,1454.11078195559,1774.30874287341,1815.92819979586,1776.91820712187,1908.11478234587,1929.72389709372,2155.35306784413,2191.50435559062,2565.02208584099,2848.58606111495,2757.05258747725,2985.31914452845,3046.57993117128,3017.94254424696,2967.692067153,2958.7853992308,2952.99891598909,2902.39211285546,2927.2451435353,2769.68574507111,2144.16657002819,1981.71016810561,1983.81261992909,..
"GDP per capita, PPP (constant 2021 international $)",NY.GDP.PCAP.PP.KD,Albania,ALB,..,..,..,..,..,..,..,..,..,..,..,..,..,..,..,..,..,..,..,..,..,..,..,..,..,..,..,..,..,..,5291.15683408358,3832.55310953909,3578.74031732576,3944.8436387708,4298.68671097081,4901.55585401353,5293.95058645517,4703.26955163136,5126.27252945174,5790.83875196357,6262.79025338866,6882.19233239915,7222.35315098754,7636.05719381394,8071.85637663207,8529.55083539458,9100.17619950219,9765.21549539096,10520.1214959839,10876.2397483184,11255.347190983,11563.6910916595,11859.090052184,12249.1225163452,12718.2847603288,13203.7969468536,13933.283751028,14614.531161511,15386.701533437,15948.2789166128,15659.5886956223,17329.5506338461,18448.5176769995,19487.71076787,20591.4867251508
"GDP per capita, PPP (constant 2021 international $)",NY.GDP.PCAP.PP.KD,Algeria,DZA,..,..,..,..,..,..,..,..,..,..,..,..,..,..,..,..,..,..,..,..,..,..,..,..,..,..,..,..,..,..,11728.5457286791,11314.8647351204,11241.4154173757,10743.7063534104,10414.0348241407,10588.4433695754,10808.8788666941,10725.9673493368,11094.8875368585,11292.0372997165,11558.220469383,11742.5946761225,12213.1263531246,12835.1814413331,13226.7650481165,13738.495644436,13920.6940553701,14114.6745192683,14206.7767147039,14104.42817214,14496.4211312996,14641.9640935685,14697.5396133853,14778.1914257233,15073.7629403565,15239.5171456469,15511.6858768094,15427.6641894713,15343.4261222434,15199.1989965639,14194.1557479619,14496.8654697299,14782.2002970247,15159.3242373415,15501.9197003966
"GDP per capita, PPP (constant 2021 international $)",NY.GDP.PCAP.PP.KD,American Samoa,ASM,..,..,..,..,..,..,..,..,..,..,..,..,..,..,..,..,..,..,..,..,..,..,..,..,..,..,..,..,..,..,..,..,..,..,..,..,..,..,..,..,..,..,..,..,..,..,..,..,..,..,..,..,..,..,..,..,..,..,..,..,..,..,..,..,..
"GDP per capita, PPP (constant 2021 international $)",NY.GDP.PCAP.PP.KD,Andorra,AND,..,..,..,..,..,..,..,..,..,..,..,..,..,..,..,..,..,..,..,..,..,..,..,..,..,..,..,..,..,..,50036.3007757561,47624.9668573542,45246.53307101,42605.6595832451,42716.3656354,44375.0247238159,46386.0912022485,50032.3529125128,51092.2222352218,52921.0452609846,54809.1441679423,59109.0136806378,61188.6370851474,63656.1958332184,64353.4858113531,65114.8053663021,66390.293726491,65534.1168555171,60691.6051530637,57203.9708883731,58285.0577756981,60470.4662377044,58172.1323929474,57332.1585611366,59929.2444670501,62105.1542389675,64402.8092369468,63239.6577711911,63048.5985572834,63215.899791913,55488.4902991095,59332.2029100127,63913.3835079105,64631.2963909271,65928.3071971004
"GDP per capita, PPP (constant 2021 international $)",NY.GDP.PCAP.PP.KD,Angola,AGO,..,..,..,..,..,..,..,..,..,..,..,..,..,..,..,..,..,..,..,..,..,..,..,..,..,..,..,..,..,..,8368.72287865566,8172.50539080906,7447.49422684139,5483.27751126366,5379.47533872491,5983.18421691116,6567.67778259899,6810.21622212226,6895.02600537711,6817.05713550008,6796.40633958013,6848.68325514498,7523.81291488042,7518.88948314505,8081.75707952672,8895.37660461036,9588.82238860962,10437.5899897179,11134.7047183666,10933.2712187989,11077.1301919405,11037.6388778577,11519.9933863364,11626.1877218484,11721.664415634,11392.9059344932,10805.7122533667,10414.2358842987,10000.9443772509,9648.01103767178,8960.33797242389,8862.28133314521,8950.14259255142,8788.26106439635,8901.88736611562
"GDP per capita, PPP (constant 2021 international $)",NY.GDP.PCAP.PP.KD,Antigua and Barbuda,ATG,..,..,..,..,..,..,..,..,..,..,..,..,..,..,..,..,..,..,..,..,..,..,..,..,..,..,..,..,..,..,21074.57643609,21424.2911871461,21330.2731918527,22051.4373204261,23081.6639123529,21639.6020640854,22597.314506816,23350.3093865169,23996.1144041367,24462.2034022412,25547.6120273679,24014.7754593511,23958.1638142071,25136.001691807,26303.6179046605,27692.634871178,30827.3416754916,33245.2678606765,32756.3067839753,28405.6900929523,25826.6086383235,25023.9174488179,25592.9066121735,25206.8458285339,25557.5249124716,25734.1516444171,26627.71453894,27199.1952402262,28878.6067675471,29651.8641526705,23930.6714995115,25745.4958067746,27941.7851474762,28474.0444178181,29371.637778586
"GDP per capita, PPP (constant 2021 international $)",NY.GDP.PCAP.PP.KD,Argentina,ARG,..,..,..,..,..,..,..,..,..,..,..,..,..,..,..,..,..,..,..,..,..,..,..,..,..,..,..,..,..,..,17007.2844317191,18295.6091996812,19476.2840606477,20791.3451479504,21711.842788091,20819.4999479903,21695.5949515372,23172.1583398342,23783.1017185449,22714.5111302701,22281.3814299958,21066.4581290433,18571.7020471274,20005.1385113465,21591.449396517,23262.4075792816,24877.2493922296,26850.6645932771,27658.4853446831,25747.1976809995,28056.2570212342,29425.7593876084,28825.9666865361,29227.6601818437,28200.8152571318,28669.2061336796,27802.1057201498,28334.904184742,27367.115094108,26629.5529419501,23877.0931404855,26300.274261175,27825.0273492567,27230.3968496682,26771.9657650571
"GDP per capita, PPP (constant 2021 international $)",NY.GDP.PCAP.PP.KD,Armenia,ARM,..,..,..,..,..,..,..,..,..,..,..,..,..,..,..,..,..,..,..,..,..,..,..,..,..,..,..,..,..,..,6137.60045786761,5326.75285558236,3136.72428260526,2958.88037185647,3200.89649468569,3480.7559365251,3717.33576522762,3879.17938009678,4211.51276778797,4406.96706718618,4589.00825039977,5044.11647826468,5731.35346609213,6569.26023440631,7299.40001858866,8362.90084037119,9525.23146779778,10898.8483795634,11727.4821272949,10143.2350796867,10438.5641904169,10990.177099035,11796.2741177994,12194.0189523843,12667.3757330249,13112.7600902915,13192.9940731731,14243.8749003795,15037.0452420712,16215.3607965094,15052.9359791136,15921.705281964,17886.1783877168,19402.7510915578,20078.7848984844
"GDP per capita, PPP (constant 2021 international $)",NY.GDP.PCAP.PP.KD,Aruba,ABW,..,..,..,..,..,..,..,..,..,..,..,..,..,..,..,..,..,..,..,..,..,..,..,..,..,..,..,..,..,..,33063.0015877316,33993.2075313444,34371.1629150514,34540.335984878,35490.7214500469,35386.8602892056,34419.4315497134,35444.5787437592,35271.9070906287,35227.47657679,37524.0346018738,38729.4588237779,38098.9048329158,38086.0123762909,40000.5625183532,38828.2166342999,38566.8026759098,39462.5851547515,39881.5879733887,34986.1484622772,33951.6246182745,34837.9402869986,33972.3401082566,35621.7848546409,35746.8630679768,36660.6310808381,36832.9040242979,38116.8310992499,39278.8297271438,39652.6320700939,30347.6371851417,35104.7868035374,38979.8358245412,41964.7711908515,44558.9287594176
"GDP per capita, PPP (constant 2021 international $)",NY.GDP.PCAP.PP.KD,Australia,AUS,..,..,..,..,..,..,..,..,..,..,..,..,..,..,..,..,..,..,..,..,..,..,..,..,..,..,..,..,..,..,36267.7410592234,35670.6678637309,35426.2848289008,36533.1468283451,37622.6524772939,38653.3366778657,39663.1617728168,40773.5660516518,42257.1718122395,43899.073794405,45099.0752097084,45428.2000837579,46688.3947760633,47581.2285345879,49061.2761503925,49997.0664953941,50693.7248649798,51663.2403953881,52473.3819160773,52407.9115378584,52739.2681556133,53257.0473237603,54403.8836902433,54895.0052588984,55489.068844146,55879.9958817103,56529.951824687,56881.8569859104,57647.8455068105,58048.6188420831,57260.4650530108,58327.4146842325,60029.1329190733,60684.9596204883,60303.9817116245
"GDP per capita, PPP (constant 2021 international $)",NY.GDP.PCAP.PP.KD,Austria,AUT,..,..,..,..,..,..,..,..,..,..,..,..,..,..,..,..,..,..,..,..,..,..,..,..,..,..,..,..,..,..,43258.1751068055,44302.421470472,44734.8538849803,44601.2068091388,45497.1385930997,46639.5321839019,47608.6310978165,48575.1588721006,50216.6986894124,52004.5327523874,53534.3421055422,54032.1515612712,54565.0769851287,54919.7872512396,55980.2317146013,56890.2794433829,58460.2370782474,60470.9099906715,61157.9873105684,58810.4422020872,59730.5512005635,61272.2584397775,61376.7207131054,60863.0547666965,60845.6597729815,60951.6892510507,61572.7121353063,62535.8983176843,63778.0257051746,64609.374295614,60276.4153459141,62968.9422311892,65694.5513287254,64536.2981841434,63788.078678479
"GDP per capita, PPP (constant 2021 international $)",NY.GDP.PCAP.PP.KD,Azerbaijan,AZE,..,..,..,..,..,..,..,..,..,..,..,..,..,..,..,..,..,..,..,..,..,..,..,..,..,..,..,..,..,..,10776.0677018086,10559.2119361527,8050.21624195194,6097.48622316834,4830.69940287626,4211.72114349636,4223.5229711304,4425.5882352872,4822.1601856452,5133.74812032569,5656.92989378687,6168.98512059749,6701.08174444207,7329.40601818943,7937.8594791002,10054.1003389401,13371.6585214534,16587.3657240228,17963.0208126838,19242.3900077231,19925.3900662137,19358.0778100345,19523.3737161356,20398.6462250349,20709.201611232,20678.7539572375,19822.4105943941,19659.0048562768,19781.8509058437,20101.491875147,19126.096851126,20111.3756952109,21051.2442291612,21310.7386915022,22072.1491157176
"GDP per capita, PPP (constant 2021 international $)",NY.GDP.PCAP.PP.KD,"Bahamas, The",BHS,..,..,..,..,..,..,..,..,..,..,..,..,..,..,..,..,..,..,..,..,..,..,..,..,..,..,..,..,..,..,33072.1596125382,31148.9052622825,29412.8804985919,28955.3510589021,29346.3604837079,30128.1935557246,30907.8208035756,30839.0247952491,31836.5264901331,33657.804588874,34597.1621145274,35072.3658990461,35610.6786425646,34740.7635535381,34617.8051137459,35365.4663980219,35789.1322131898,35797.118972073,34498.0351399173,32630.263065979,32711.4592459383,32535.6625139135,33667.5547098911,32402.9163503108,32712.6356664811,32777.5849410742,32172.3365152976,33050.0350128611,33650.2164350935,33202.4902105068,26452.695760929,31064.6822166194,34342.9285316569,35221.2696932313,36244.0500123244
"GDP per capita, PPP (constant 2021 international $)",NY.GDP.PCAP.PP.KD,Bahrain,BHR,..,..,..,..,..,..,..,..,..,..,..,..,..,..,..,..,..,..,..,..,..,..,..,..,..,..,..,..,..,..,41856.54450772,47644.0234716882,49511.9474019627,54433.1375084971,52886.5789027329,53537.6828948177,54289.4380390309,54512.8551056888,55638.6935860684,56522.2261899823,57968.9956082135,57280.6986707494,55096.6571550779,54431.8763559658,54045.092888858,53478.2662415503,52691.9323366851,52731.7921672618,52765.3899455546,50665.7507489219,50704.8479679819,53132.3284162611,54516.8406594787,55376.4005147894,55065.8189472129,54149.9131524721,54107.0752236423,53859.7749589601,54893.0724411368,56749.9628370612,53814.2452592358,54954.6757895532,57572.997981018,57819.9051831242,58891.8304860737
"GDP per capita, PPP (constant 2021 international $)",NY.GDP.PCAP.PP.KD,Bangladesh,BGD,..,..,..,..,..,..,..,..,..,..,..,..,..,..,..,..,..,..,..,..,..,..,..,..,..,..,..,..,..,..,2069.78230100672,2101.38366035658,2174.38232866943,2234.8101219225,2279.09435302944,2351.70387946903,2413.54298201505,2475.59574602489,2555.06119218282,2624.06553797638,2712.93512215725,2803.55471950946,2866.43454328715,2958.91503115633,3071.83778764611,3231.61370692891,3407.4273502159,3608.91543819399,3787.9382761855,3942.13631207203,4125.46390163202,4352.42643359325,4592.04840919812,4822.72621378266,5068.63965672741,5352.71133299566,5682.53553494306,6005.70718781048,6392.59334024091,6838.32611608243,7015.19792797056,7441.06913961254,7888.16389098304,8242.39798977242,8486.78495660517
"GDP per capita, PPP (constant 2021 international $)",NY.GDP.PCAP.PP.KD,Barbados,BRB,..,..,..,..,..,..,..,..,..,..,..,..,..,..,..,..,..,..,..,..,..,..,..,..,..,..,..,..,..,..,19613.2480547673,18790.868541122,17660.3232739416,17748.5545234391,18064.4007339676,18398.7507400297,19112.5029984541,20010.2158345921,20752.8095915976,20815.8353874873,21779.2203006868,21234.708034436,21262.3089250843,21591.7915931807,21771.9014007178,22514.483943994,23766.6070131111,24145.753990727,24171.6517995745,22840.8841002763,22243.4579670705,22102.4817004397,21286.3318932135,20854.5676341718,20959.9650372142,20666.9651609374,20930.633669268,21035.7933581451,20727.4216338412,20737.9776890352,17728.0729247569,17682.7314537483,20716.2851304966,21318.6724772626,21837.7254102057
"GDP per capita, PPP (constant 2021 international $)",NY.GDP.PCAP.PP.KD,Belarus,BLR,..,..,..,..,..,..,..,..,..,..,..,..,..,..,..,..,..,..,..,..,..,..,..,..,..,..,..,..,..,..,12351.6357110065,12197.7877887634,11002.6017626136,10143.9840118445,8967.73072971831,8061.19604112609,8314.85656685025,9301.32717519867,10128.1560469563,10519.7489145442,11182.4548339393,11771.0872003861,12443.9322575939,13413.9265504854,15052.1182160947,16579.8731683834,18349.8719060634,20019.6111676728,22137.9472928315,22236.8387691136,24012.6133040213,25404.7566082412,25879.1319400701,26147.6253584645,26564.4347246547,25513.2132958317,24846.8301529359,25503.9809845207,26363.4629778536,26798.8206398076,26731.4953869922,27611.1801135157,26537.5083081674,27782.4380139967,29040.9725790425
"GDP per capita, PPP (constant 2021 international $)",NY.GDP.PCAP.PP.KD,Belgium,BEL,..,..,..,..,..,..,..,..,..,..,..,..,..,..,..,..,..,..,..,..,..,..,..,..,..,..,..,..,..,..,41640.0583572132,42246.076049685,42719.0486134245,42143.196061205,43369.2759444308,44310.6278688274,44808.524358035,46396.0021283993,47205.3098527353,48765.7668571996,50455.7338920672,50835.3969916061,51471.8532550932,51788.8439641973,53406.6918625201,54346.8934219286,55367.6227467907,56983.4612170062,56787.7366257414,55258.7071019666,56240.2030936239,56585.3025000677,56356.8251292135,56263.1752679668,57002.9092185204,57509.0245728702,57901.4976903148,58529.3302957534,59357.6896884394,60479.9769955466,57333.5424137922,60669.2137746531,62561.7810453236,63095.4017281289,63347.7858809235
"GDP per capita, PPP (constant 2021 international $)",NY.GDP.PCAP.PP.KD,Belize,BLZ,..,..,..,..,..,..,..,..,..,..,..,..,..,..,..,..,..,..,..,..,..,..,..,..,..,..,..,..,..,..,8251.61762539471,9028.07343837562,9967.77779283553,10366.8590598807,10146.3996755203,9967.84688088643,9782.64416029651,9862.26634546876,9894.59919785026,10460.6346102795,11363.6868781615,11567.0265720608,11828.1865744067,12589.2679378206,12807.1658774384,12714.9697390831,12912.5300233774,12973.2067214746,12415.6811300464,12033.9096816588,11913.6635959061,11641.7717375703,11843.4153404212,12064.797259406,12272.2957895446,12348.7944978311,12063.0600374093,11572.3007931461,11451.8979413877,11765.9748661176,10045.1404163746,11716.3267818656,12565.3645829576,12371.0086545348,12621.4081961897
"GDP per capita, PPP (constant 2021 international $)",NY.GDP.PCAP.PP.KD,Benin,BEN,..,..,..,..,..,..,..,..,..,..,..,..,..,..,..,..,..,..,..,..,..,..,..,..,..,..,..,..,..,..,2207.06796428357,2230.46054664537,2226.56666006625,2254.24565428893,2215.36616821938,2300.14122107459,2337.63030771279,2399.78593127356,2419.10014338548,2470.68504400549,2536.16885867097,2591.06485220288,2630.18061029627,2639.04370114641,2672.84404357157,2632.47251454328,2652.21841967159,2729.13741390352,2777.61974031765,2758.07243150648,2733.57399641151,2732.01249647957,2779.7264808532,2893.0467015352,2987.38236326153,2952.00218338705,2962.66381572265,3041.77929984989,3155.4510650627,3281.10470051465,3317.8597222557,3464.2886286745,3588.32519938147,3721.21254814808,3901.32588494392
"GDP per capita, PPP (constant 2021 international $)",NY.GDP.PCAP.PP.KD,Bermuda,BMU,..,..,..,..,..,..,..,..,..,..,..,..,..,..,..,..,..,..,..,..,..,..,..,..,..,..,..,..,..,..,79747.4825029841,76365.0430540655,75766.6971046445,77503.4644231796,77470.2976928947,80427.24062121,82122.7826140328,85380.8348326117,88034.8132385883,90290.5624913126,98019.93147275,104560.839783497,102559.769384967,105642.976098631,107803.199358077,109335.385931485,115170.899920201,118691.070025545,115942.72717347,108962.816946419,105968.875104213,101989.927295974,96711.0739703323,96549.7874807583,93042.2733051033,93859.8769494621,93265.0675364638,96437.191438851,95639.2267310584,95519.9206861686,88618.0830682257,92319.6714861219,98145.1689383889,103052.348367859,109311.936941299
"GDP per capita, PPP (constant 2021 international $)",NY.GDP.PCAP.PP.KD,Bhutan,BTN,..,..,..,..,..,..,..,..,..,..,..,..,..,..,..,..,..,..,..,..,..,..,..,..,..,..,..,..,..,..,3411.3837599176,3338.00941826599,3624.59781500136,3850.551287421,4042.49417769249,4379.87046667778,4616.91979198439,4778.70511731732,4965.87646031681,5241.36663790737,5287.57434721684,5545.6305511084,5991.25497571775,6323.5411950973,6517.99683290216,6850.80441609334,7140.85609148376,8195.07074477912,8470.03471622855,9019.11861272397,9985.28455483655,10714.686566371,11143.9445354588,11212.479426698,11744.5189124825,12400.2983237391,13320.9759036882,13482.3425280358,13854.8543977158,14555.1884045845,12979.9369485824,13458.812666743,14061.3120274588,14610.2959119536,..
"GDP per capita, PPP (constant 2021 international $)",NY.GDP.PCAP.PP.KD,Bolivia,BOL,..,..,..,..,..,..,..,..,..,..,..,..,..,..,..,..,..,..,..,..,..,..,..,..,..,..,..,..,..,..,6247.10446615403,6440.4857162921,6414.32866802843,6556.81640305094,6731.2848743195,6914.34189540931,7083.61313107091,7301.50935715196,7534.51656215666,7435.72544462966,7492.43381815499,7491.15257767136,7550.01554439063,7625.90515937027,7811.59684101948,8020.63568776794,8263.31896895542,8493.94848397403,8865.27246783163,9011.55629962953,9230.39808115934,9554.44502529396,9884.46163420335,10391.38337536,10790.8472899414,11144.6415727207,11448.0218032246,11755.2556195885,11920.3135079645,11930.9159145918,10285.6590750222,11202.4409836707,11487.7148799194,11616.1575595159,11329.1518061536
"GDP per capita, PPP (constant 2021 international $)",NY.GDP.PCAP.PP.KD,Bosnia and Herzegovina,BIH,..,..,..,..,..,..,..,..,..,..,..,..,..,..,..,..,..,..,..,..,..,..,..,..,..,..,..,..,..,..,2296.87264160359,2077.634467563,2046.60085862894,2171.22800800272,2528.91099045086,2940.50824197162,4347.40673052649,5728.96966389374,6564.71090839493,7118.49302829335,7450.75630719962,7595.40113504032,7960.94311887733,8287.56139959493,8891.64622025157,9338.51021407231,9924.58202192151,10636.5636686798,11402.5612562151,11253.1086370257,11553.9853015029,11882.0519630912,12014.5748838034,12498.6918885636,12806.156303047,13530.4770000466,14152.333698495,14800.324914292,15556.1437763134,16203.4497674296,15934.8764408695,17399.8373242588,18362.241671965,18844.4650770989,19532.10799535
"GDP per capita, PPP (constant 2021 international $)",NY.GDP.PCAP.PP.KD,Botswana,BWA,..,..,..,..,..,..,..,..,..,..,..,..,..,..,..,..,..,..,..,..,..,..,..,..,..,..,..,..,..,..,10520.9183978405,11001.8013588128,11008.6810214184,10902.9512774946,10989.6700551057,11457.6994362472,11832.9387782379,12526.352236393,12306.250477233,13207.447346512,13185.8171514278,12949.6403104655,13479.6960719923,13857.2588264737,13984.8415112641,14361.9576327759,15275.5828811117,15850.2343496231,16040.3153236098,13489.9509168296,14545.0198074427,15236.7188843522,14957.6189142932,16369.4252971454,17052.1924105361,15994.9643042101,16905.588740873,17352.8958451454,17825.018569213,18106.0105471124,16289.3913582645,17960.6254447437,18647.3734588832,18932.4802712334,18068.5050714283
"GDP per capita, PPP (constant 2021 international $)",NY.GDP.PCAP.PP.KD,Brazil,BRA,..,..,..,..,..,..,..,..,..,..,..,..,..,..,..,..,..,..,..,..,..,..,..,..,..,..,..,..,..,..,12633.2884559605,12546.5605004545,12271.9788476188,12669.4287208252,13202.9308013064,13550.4393737243,13641.6295997537,13896.6249901345,13737.7026434846,13602.4137069426,14005.347187072,14016.1313773564,14265.9048768518,14259.3664088286,14911.260960772,15221.0138281917,15657.4795714009,16440.5837398046,17113.3679822772,16939.4407809047,18062.158110224,18627.8104527933,18832.2195524356,19241.5059814525,19183.1727445223,18357.0690615421,17620.9272434403,17724.4799577815,17917.7492122925,18018.62091495,17327.5157248143,18075.7060048757,18554.0461828519,19079.8122132253,19652.3654991704
"GDP per capita, PPP (constant 2021 international $)",NY.GDP.PCAP.PP.KD,British Virgin Islands,VGB,..,..,..,..,..,..,..,..,..,..,..,..,..,..,..,..,..,..,..,..,..,..,..,..,..,..,..,..,..,..,..,..,..,..,..,..,..,..,..,..,..,..,..,..,..,..,..,..,..,..,..,..,..,..,..,..,..,..,..,..,..,..,..,..,..
"GDP per capita, PPP (constant 2021 international $)",NY.GDP.PCAP.PP.KD,Brunei Darussalam,BRN,..,..,..,..,..,..,..,..,..,..,..,..,..,..,..,..,..,..,..,..,..,..,..,..,..,..,..,..,..,..,118163.68336994,118220.68359533,111457.220883519,107899.136339239,106239.232694338,105043.853097683,102522.125418121,106503.420270796,97171.6372551031,99083.3205282422,100323.439918528,99680.7626777537,101571.583784666,103226.914446986,101497.754798655,99795.6850854526,102248.510300567,96752.6204091885,91275.5000919182,87875.8283546044,88586.5133683924,90279.6634042123,89718.4636049982,86606.6518910199,83310.6151819533,81910.1882959493,78880.6228501768,78966.8643142346,78099.0507802561,80228.1598170527,80280.8980640677,78248.797127611,76357.829114996,76616.7014884981,79071.7333801445
"GDP per capita, PPP (constant 2021 international $)",NY.GDP.PCAP.PP.KD,Bulgaria,BGR,..,..,..,..,..,..,..,..,..,..,..,..,..,..,..,..,..,..,..,..,..,..,..,..,..,..,..,..,..,..,14229.7019083906,13157.6263684007,12332.4768973197,12247.2331430907,12512.3072177589,12932.2782571471,13675.802823114,11817.1350328953,12347.0182679512,11373.9407578444,11954.5867680223,12661.2414690795,13698.8575981443,14530.9346678868,15594.2219971836,16820.7857529671,18101.9997194224,19449.0580200569,20786.5943491749,20220.6970269748,20670.8257101095,21238.6347180791,21521.9722528865,21841.2853304575,22318.0729490157,23371.5497861932,24393.5599946297,25397.4134296456,26348.0991129693,27736.3748496575,27138.1481078548,29457.7113319774,30860.8767083739,31469.8621540327,32561.9139604771
"GDP per capita, PPP (constant 2021 international $)",NY.GDP.PCAP.PP.KD,Burkina Faso,BFA,..,..,..,..,..,..,..,..,..,..,..,..,..,..,..,..,..,..,..,..,..,..,..,..,..,..,..,..,..,..,1107.85590454965,1178.07704639063,1152.04476095096,1162.64923453351,1148.60721370395,1183.52861008084,1280.69608533889,1326.94230829963,1385.09310679095,1444.56690170414,1428.57400617096,1477.28491846525,1494.67801269583,1561.83310184915,1581.25620933294,1664.99543180023,1714.76034904509,1731.93046335077,1779.32710911571,1779.32305627973,1873.97146230828,1939.86659989406,2003.6646118745,2057.0639319853,2083.19844698304,2101.70266192027,2162.72578977814,2232.28781490944,2316.39432079045,2391.53626844484,2380.93171826574,2486.43093147762,2469.19956941259,2486.20669812871,2547.67232852209
"GDP per capita, PPP (constant 2021 international $)",NY.GDP.PCAP.PP.KD,Burundi,BDI,..,..,..,..,..,..,..,..,..,..,..,..,..,..,..,..,..,..,..,..,..,..,..,..,..,..,..,..,..,..,1460.27645878332,1501.8459320135,1476.99435502804,1429.12129549201,1365.48348262885,1184.2840262089,1088.78927818283,1071.55943349349,1101.22051819781,1064.28756095402,1033.47188177042,1028.61849315822,1044.4802745003,999.615791221936,1009.58916929728,981.533210986845,998.069458519996,994.963590921008,1001.61751311947,988.19632868896,991.038897704986,994.691231245018,1002.27452805218,1014.5231007912,1022.29153627273,995.319068450023,1009.63596796379,1023.97040626757,1046.59511246023,1057.95005999167,1030.77026419371,1035.53857384938,1031.25412243175,1036.16712196238,1051.25931339275
"GDP per capita, PPP (constant 2021 international $)",NY.GDP.PCAP.PP.KD,Cabo Verde,CPV,..,..,..,..,..,..,..,..,..,..,..,..,..,..,..,..,..,..,..,..,..,..,..,..,..,..,..,..,..,..,1848.75865235574,1830.07599656211,1984.68062998835,2111.62140814748,2465.9939315017,2763.39733371857,3022.88825211585,3302.9740337536,3657.38118993776,4006.47964718799,4510.13573659758,4540.90731780518,4710.2410491228,4841.265398715,5268.30312485708,5565.76951208069,5941.38218091511,6767.40677380347,7169.13944155367,6994.5740991365,7072.12150207342,7325.78441834692,7397.82220702474,7440.66242650114,7491.02198228243,7560.13649202469,7881.30336227784,8234.56000312459,8531.12961646549,9111.62993173269,7207.86853962048,7685.41921393669,8850.1066918812,9228.4604533114,9848.95276350935
"GDP per capita, PPP (constant 2021 international $)",NY.GDP.PCAP.PP.KD,Cambodia,KHM,..,..,..,..,..,..,..,..,..,..,..,..,..,..,..,..,..,..,..,..,..,..,..,..,..,..,..,..,..,..,2646.09798836687,2731.37973720314,2769.4882552665,2714.59150059884,1650.39100001816,1672.73928514136,1643.01579058314,1595.17130656935,1602.38371208931,1775.41239802043,1922.03179092592,2032.08092022373,2126.34150468987,2309.83931482788,2491.30930003838,2781.89028895255,3041.10471220153,3308.15747246544,3501.9257021932,3587.60889588362,3711.53750580157,3921.97911563308,4159.16354123446,4419.3988680186,4702.73061823207,4968.57276699143,5283.72964943779,5632.03125629342,6050.59088262205,6448.88455952805,6128.78243783335,6225.53265474741,6458.3681488084,6695.29194763723,7008.88934551726
"GDP per capita, PPP (constant 2021 international $)",NY.GDP.PCAP.PP.KD,Cameroon,CMR,..,..,..,..,..,..,..,..,..,..,..,..,..,..,..,..,..,..,..,..,..,..,..,..,..,..,..,..,..,..,4517.61887779618,4220.65297387084,3974.27759501196,3556.31854424592,3522.74885285749,3526.54367510339,3577.59204137871,3641.70750463277,3714.13212604236,3780.06217282191,3822.94425358926,3884.87304812714,3951.41936232132,4054.78133246517,4222.96638689885,4199.72270969362,4241.51744722821,4302.6192630847,4300.26640352464,4286.57718166156,4286.58302947378,4307.85195558527,4382.11120797355,4473.57231896434,4588.4864949903,4698.66677843587,4767.13186148953,4797.97544185544,4851.48003949961,4882.35560028896,4763.48194388066,4793.55628200196,4843.65038202917,4875.25120768005,4916.93354019494
"GDP per capita, PPP (constant 2021 international $)",NY.GDP.PCAP.PP.KD,Canada,CAN,..,..,..,..,..,..,..,..,..,..,..,..,..,..,..,..,..,..,..,..,..,..,..,..,..,..,..,..,..,..,40475.1123914259,39139.3122852292,39023.182197815,39622.4790617509,40952.1359325297,41617.7233238779,41880.5520989428,43241.2407061887,44553.2827303697,46464.5457841559,48399.3055389359,48774.1675534138,49695.0066909867,50139.7862347007,51210.6796118735,52356.5578038534,53195.781842155,53761.8620298113,53711.6792064975,51552.4223837895,52558.4408142168,53681.1296700569,54034.8034751988,54712.178423981,55723.4835404159,55660.8675272614,55606.1549191947,56612.3285367448,57337.4909099991,57583.845798092,54092.8790317796,56995.1176781351,58321.0611834624,57517.4431587432,56706.8238031978
"GDP per capita, PPP (constant 2021 international $)",NY.GDP.PCAP.PP.KD,Cayman Islands,CYM,..,..,..,..,..,..,..,..,..,..,..,..,..,..,..,..,..,..,..,..,..,..,..,..,..,..,..,..,..,..,..,..,..,..,..,..,..,..,..,..,..,..,..,..,..,..,92213.0768210996,92343.7260001978,89380.1514801096,80631.8445943625,76294.7641308594,75094.8308085917,73982.6776694492,72988.7055776283,73051.8114153598,73315.3848584988,73941.8590538337,74599.6807673263,76124.5501254035,77476.8412822407,72183.1359045895,74160.4914000191,76818.8004032916,79675.8568481808,..
"GDP per capita, PPP (constant 2021 international $)",NY.GDP.PCAP.PP.KD,Central African Republic,CAF,..,..,..,..,..,..,..,..,..,..,..,..,..,..,..,..,..,..,..,..,..,..,..,..,..,..,..,..,..,..,1481.25255094258,1427.69018313539,1294.20254725767,1257.8284033824,1278.91509145063,1334.10322981784,1247.9687525828,1278.48826062781,1302.75142830782,1313.23570902088,1245.81399563599,1272.85710758505,1290.38314917126,1191.8731520062,1236.28534712166,1219.5939445674,1251.87082171335,1284.55283590666,1283.2728263106,1402.68164770801,1479.41367757692,1517.14839091011,1577.98053252253,996.896355923912,1001.85598053496,1043.92171697157,1073.94477703739,1103.86609318724,1125.70091748228,1145.09563657752,1136.57052993758,1128.55237996459,1136.80171107045,1132.67643369804,1111.21941638883
"GDP per capita, PPP (constant 2021 international $)",NY.GDP.PCAP.PP.KD,Chad,TCD,..,..,..,..,..,..,..,..,..,..,..,..,..,..,..,..,..,..,..,..,..,..,..,..,..,..,..,..,..,..,1711.36988442035,1790.73791098353,1853.67667631479,1526.05432530002,1642.51653213298,1591.14154056727,1555.91392488298,1588.09860417439,1641.05715328512,1573.58531389989,1506.71577205515,1626.56683129334,1704.27295147382,1878.58578619738,2400.97004980577,2705.816508357,2596.03235458563,2613.47387385213,2601.36125803518,2474.70758351267,2717.40540184377,2741.07083398912,2886.27474563711,2864.1130140853,2820.67795067436,2822.57929900236,2622.59780843796,2496.26213644007,2552.37036388576,2604.53153663392,2513.02922729008,2435.07274651099,2449.48251052484,2433.09879153397,2412.865855392
"GDP per capita, PPP (constant 2021 international $)",NY.GDP.PCAP.PP.KD,Channel Islands,CHI,..,..,..,..,..,..,..,..,..,..,..,..,..,..,..,..,..,..,..,..,..,..,..,..,..,..,..,..,..,..,..,..,..,..,..,..,..,..,..,..,..,..,..,..,..,..,..,..,..,..,..,..,..,..,..,..,..,..,..,..,..,..,..,..,..
"GDP per capita, PPP (constant 2021 international $)",NY.GDP.PCAP.PP.KD,Chile,CHL,..,..,..,..,..,..,..,..,..,..,..,..,..,..,..,..,..,..,..,..,..,..,..,..,..,..,..,..,..,..,10952.6557541746,11607.5304034269,12735.6013333406,13377.3053213538,13846.3481640718,14908.0347974549,15744.7380005491,16683.9059031298,17156.9718740639,16896.1244715786,17525.2717273479,17870.3008332711,18240.2015602857,18902.8708740806,19961.9835794233,20918.5275760681,21968.5375355854,22878.8834428789,23509.7816931441,23013.5817893814,24116.7694715614,25366.2690249825,26670.4971338402,27291.3576525957,27505.0495524158,27811.3745158617,27958.7284996682,27892.9946862827,28492.6611456515,28218.5343879081,26248.5616432825,29089.850459728,29569.4775527937,29563.6780243659,30182.7871224714
"GDP per capita, PPP (constant 2021 international $)",NY.GDP.PCAP.PP.KD,China,CHN,..,..,..,..,..,..,..,..,..,..,..,..,..,..,..,..,..,..,..,..,..,..,..,..,..,..,..,..,..,..,1666.92774090575,1798.27610528653,2030.38636999332,2286.75974444182,2556.64057218097,2808.03403089611,3055.96977919745,3305.79061082131,3533.56587021506,3774.13766362641,4066.03627019859,4372.15705579934,4744.39855079794,5192.00604608587,5684.16873050981,6298.32318474516,7057.09993331646,8013.71568302247,8743.74491232188,9518.43214737204,10476.3123630451,11405.0172845617,12217.8543175465,13080.8288162668,13968.581485524,14856.7807604461,15772.7647598696,16757.9736318662,17806.7902349725,18820.5131033646,19215.1541703465,20843.2978347377,21499.3822834427,22687.0758723942,23845.6197217259
"GDP per capita, PPP (constant 2021 international $)",NY.GDP.PCAP.PP.KD,Colombia,COL,..,..,..,..,..,..,..,..,..,..,..,..,..,..,..,..,..,..,..,..,..,..,..,..,..,..,..,..,..,..,9998.81069684463,9996.0978604328,10196.4329707468,10533.1149561734,10927.9389491607,11279.0004579347,11303.1308859186,11483.5050125907,11343.8799115733,10679.7092686089,10813.4942250011,10823.4504878807,10925.1485602082,11183.2911819793,11607.9384935105,11999.2549591305,12636.6246577724,13318.3033138168,13591.0609028567,13586.7518430982,14037.0642668639,14852.3699513061,15279.4790008058,15912.2471293239,16480.3631474161,16821.3801400631,17003.244366485,16986.0334182842,17104.1313545678,17336.7716030551,15861.4999291295,17383.0901728295,18458.7209460704,18382.9976800475,18477.2146664536
"GDP per capita, PPP (constant 2021 international $)",NY.GDP.PCAP.PP.KD,Comoros,COM,..,..,..,..,..,..,..,..,..,..,..,..,..,..,..,..,..,..,..,..,..,..,..,..,..,..,..,..,..,..,3114.56170355537,2852.17677568215,2999.12250768543,3019.88376220683,2848.61899402647,2957.40898299767,2892.08263672469,2968.07724742894,2918.13300445377,2943.92006172568,2858.85692121457,2952.44235205824,3023.52434389434,3023.18985379149,3058.38338421434,3166.36268239583,3048.69236655028,3012.54746686894,3070.36952892496,3107.45297029798,3161.37481152565,3227.21653582919,3263.16316392712,3337.59859719238,3334.57512780965,3302.38635129322,3342.76677092883,3401.85239322573,3457.58685798732,3451.42139338772,3377.74564051638,3377.88518482587,3399.27830776976,3434.40177367723,3482.53486037478
"GDP per capita, PPP (constant 2021 international $)",NY.GDP.PCAP.PP.KD,"Congo, Dem. Rep.",COD,..,..,..,..,..,..,..,..,..,..,..,..,..,..,..,..,..,..,..,..,..,..,..,..,..,..,..,..,..,..,2403.9702501624,2129.44892037951,1842.5484850692,1538.39690696229,1410.05655375361,1362.1877957229,1322.58011961553,1228.39076846803,1176.05049796489,1088.65043725373,981.422080026496,930.8578260745,929.452807092197,953.044643237975,987.746920877671,1016.6338907666,1036.13329616563,1091.0040733455,1136.9467210438,1108.57506967795,1158.01422439658,1205.73984565432,1267.23827814087,1342.74156112016,1392.75841334673,1433.21579814709,1388.80163211633,1395.71961761712,1431.7285269693,1394.76461472893,1361.02791099008,1402.38560295221,1484.33841881449,1559.33806475859,1602.074979895
"GDP per capita, PPP (constant 2021 international $)",NY.GDP.PCAP.PP.KD,"Congo, Rep.",COG,..,..,..,..,..,..,..,..,..,..,..,..,..,..,..,..,..,..,..,..,..,..,..,..,..,..,..,..,..,..,8699.52683870615,8658.16145286005,8636.63719209923,8302.69726834941,7617.60750274811,7701.32468533336,7812.04779971641,7599.04815388587,7711.6321257605,7312.32665071621,7570.58279297342,7567.43916817104,7729.3889014189,7577.45630456352,7577.44597274153,7876.11806658285,8192.57979719023,7375.82454100145,7587.28826163492,8138.45033818822,8583.66179834288,8492.42098392103,9079.68656400891,8798.49382506314,9159.25664414045,8977.70681641417,8001.8255194505,7372.77046737599,7029.33651566257,6939.36913397466,6350.50913409722,6263.21161292636,6205.1050414034,6172.28776650683,6181.47071635967
"GDP per capita, PPP (constant 2021 international $)",NY.GDP.PCAP.PP.KD,Costa Rica,CRI,..,..,..,..,..,..,..,..,..,..,..,..,..,..,..,..,..,..,..,..,..,..,..,..,..,..,..,..,..,..,10953.4262046389,10920.0994045314,11626.8361274299,12144.4487480733,12385.4545660782,12593.2255061637,12467.6212160351,12856.5832725459,13481.0594799651,13760.9236981946,14018.7425010386,14250.4627491739,14495.9925105457,14891.3398216888,15323.2892201469,15703.9624720506,16620.1356432064,17743.6227382356,18334.0135988616,17932.6147807275,18660.9198222783,19254.9142153099,19960.7933253035,20232.2670799446,20724.9217693423,21254.7840932049,21925.6000803999,22622.5534502517,23005.3121471794,23364.783127574,22211.8613921698,23852.9253020002,24831.7193480342,25979.6286150717,26973.4361580719
"GDP per capita, PPP (constant 2021 international $)",NY.GDP.PCAP.PP.KD,Cote d'Ivoire,CIV,..,..,..,..,..,..,..,..,..,..,..,..,..,..,..,..,..,..,..,..,..,..,..,..,..,..,..,..,..,..,5255.50962638401,5052.85167051386,4843.29349256353,4645.46750871805,4502.45953404415,4638.75732482502,4807.42428178026,5072.59703802667,5093.13169438529,4987.35708530265,4838.34023729938,4609.14469395303,4368.92808837279,4060.00038038427,4088.94517328472,4032.24588029846,4049.26032962496,3999.69095682208,4096.72346918931,4151.05360874982,4338.65248394142,4017.40782040208,4234.18055593319,4597.18635239866,4907.57450294516,5110.86240809881,5320.84646239855,5556.11366322898,5670.20005356688,5894.87874674153,5787.81533309018,6045.20480490879,6272.26395759415,6520.89886460031,6747.03796777388
"GDP per capita, PPP (constant 2021 international $)",NY.GDP.PCAP.PP.KD,Croatia,HRV,..,..,..,..,..,..,..,..,..,..,..,..,..,..,..,..,..,..,..,..,..,..,..,..,..,..,..,..,..,..,22264.8368871814,17900.505824108,16194.7467836255,14815.2304402609,15511.1096065023,16672.8869800255,17935.7471290514,19135.1430174626,19578.0281294785,19495.917248384,20269.0797228215,21719.5208790779,22966.4513448603,24238.4073428103,25242.221818037,26300.5927585261,27627.2906770322,29028.6117628633,29604.8252391198,27617.0423920175,27309.9403569214,27374.0014605728,26888.7519726209,27020.5448477635,27076.5700412559,28037.5488430863,29326.3206651786,30779.9934118108,32093.9884123169,33419.3735945034,30917.3690082414,35139.1454691566,37930.5840730103,39316.151093007,40751.958615086
"GDP per capita, PPP (constant 2021 international $)",NY.GDP.PCAP.PP.KD,Cuba,CUB,..,..,..,..,..,..,..,..,..,..,..,..,..,..,..,..,..,..,..,..,..,..,..,..,..,..,..,..,..,..,..,..,..,..,..,..,..,..,..,..,..,..,..,..,..,..,..,..,..,..,..,..,..,..,..,..,..,..,..,..,..,..,..,..,..
"GDP per capita, PPP (constant 2021 international $)",NY.GDP.PCAP.PP.KD,Curacao,CUW,..,..,..,..,..,..,..,..,..,..,..,..,..,..,..,..,..,..,..,..,..,..,..,..,..,..,..,..,..,..,..,..,..,..,..,..,..,..,..,..,34307.1247870579,35339.0645793445,35435.9972909346,34812.7908924081,34288.7399622733,33651.5043118952,33334.856514074,33490.2548894598,33795.1308443427,33397.3971262631,33004.554021481,32704.3556352667,32320.8769567577,31753.384552981,31128.647036239,30861.3205298178,30209.7882652792,29729.1010079753,29256.8154066419,28659.6557023251,23669.7707733018,24905.7684453244,26734.6457811916,27617.9204919042,28762.058180431
"GDP per capita, PPP (constant 2021 international $)",NY.GDP.PCAP.PP.KD,Cyprus,CYP,..,..,..,..,..,..,..,..,..,..,..,..,..,..,..,..,..,..,..,..,..,..,..,..,..,..,..,..,..,..,26324.796875,25841.8046875,27528.71484375,27060.001953125,28069.935546875,29870.7734375,29765.501953125,30121.57421875,31572.765625,32781.875,34369.87890625,35345.33984375,36243.49609375,36744.97265625,38079.0859375,39356.1640625,40529.46875,41698.4453125,42147.4296875,40204.23046875,40060.45703125,39214.00390625,37289.62109375,34873.13671875,34353.9296875,35451.58203125,37585.18359375,39409.34765625,41399.93359375,43249.79296875,41297.48046875,45322.54296875,48168.50390625,48958.1796875,50082.71875
"GDP per capita, PPP (constant 2021 international $)",NY.GDP.PCAP.PP.KD,Czechia,CZE,..,..,..,..,..,..,..,..,..,..,..,..,..,..,..,..,..,..,..,..,..,..,..,..,..,..,..,..,..,..,27918.1375190566,24734.7702062546,24584.3299626051,24573.9914877529,25279.7917961729,26869.0197149398,28021.6704584336,27884.7397585343,27801.4387801408,28213.4555005997,29427.4070011514,30399.8730764283,30919.5496618702,31949.2963145034,33452.3408000614,35535.7479961511,37786.8781740905,39629.0061324728,40328.3426630095,38175.1422773334,39097.3886218756,39708.1626280195,39347.0492956846,39317.5535692377,40158.0164275735,42066.5759800801,43069.4659744727,45177.5226053634,46301.082036029,47763.6165520254,45119.9387309139,47796.0337408466,48390.661678675,47558.4106763314,47963.8968485782
"GDP per capita, PPP (constant 2021 international $)",NY.GDP.PCAP.PP.KD,Denmark,DNK,..,..,..,..,..,..,..,..,..,..,..,..,..,..,..,..,..,..,..,..,..,..,..,..,..,..,..,..,..,..,46200.4747957389,46752.671630889,47540.9254822308,47345.4134295964,49684.138577862,50927.5478357083,52106.5619034914,53534.6146433982,54581.4122543301,56015.3553380174,57907.5020603903,58248.553927359,58327.8281608342,58425.9658939096,59893.0929898784,61137.6803582961,63262.7404572232,63604.5626658193,62968.1612290596,59516.5093273659,60190.6346060499,60729.0557255127,60497.6919146995,61085.0312821103,61552.7997775157,62405.7161942122,63823.4502019665,65352.3988081353,66238.705427981,67131.4657009734,65744.4367251959,69715.1809680929,69475.3198650883,69379.22000847,71431.2926242287
"GDP per capita, PPP (constant 2021 international $)",NY.GDP.PCAP.PP.KD,Djibouti,DJI,..,..,..,..,..,..,..,..,..,..,..,..,..,..,..,..,..,..,..,..,..,..,..,..,..,..,..,..,..,..,..,..,..,..,..,..,..,..,..,..,..,..,..,..,..,..,..,..,..,..,..,..,..,4469.07409933135,4705.04926772184,4961.8681860592,5226.50026106607,5421.95649149613,5590.50426604853,5809.30455041341,5791.47767679877,5960.10807396825,6180.67998594606,6510.67859061619,6871.12440453129
"GDP per capita, PPP (constant 2021 international $)",NY.GDP.PCAP.PP.KD,Dominica,DMA,..,..,..,..,..,..,..,..,..,..,..,..,..,..,..,..,..,..,..,..,..,..,..,..,..,..,..,..,..,..,11311.5519762062,11518.7646744945,11747.6117144571,11982.8592553573,11979.3992504496,12343.9001238545,12737.8972359049,13037.1491313755,13563.4528199459,13661.6785774172,14054.6548016043,14091.5491387572,13640.70330575,14398.0017636834,14962.2456326016,15080.5206040984,15727.7053232323,16560.5179009944,17738.0405685048,17534.0339616963,17516.7879573152,17475.0411061698,17431.1288003063,17282.6368040368,17520.8546265613,16920.9126555668,17364.0773046793,16314.2295558891,16877.1244880642,17619.4335416769,14919.5307686719,15808.9743503945,17550.8009946466,18278.2253401989,18739.3640404986
"GDP per capita, PPP (constant 2021 international $)",NY.GDP.PCAP.PP.KD,Dominican Republic,DOM,..,..,..,..,..,..,..,..,..,..,..,..,..,..,..,..,..,..,..,..,..,..,..,..,..,..,..,..,..,..,7327.72670133751,7246.24670144222,7900.76809265865,8318.49178576126,8372.07169739279,8685.01648557062,9036.88352149896,9671.14817881707,10150.4460178993,10582.0775939337,10896.3184155964,10991.1363420488,11313.0690271273,11000.8684059352,11131.2709216332,12022.5080544053,12961.9183632133,13754.9212674095,14030.1411084465,13992.4103270189,14975.0010126958,15258.0858148503,15487.2776356321,16054.7677297656,16993.587444403,17973.1870256815,18968.9752386179,19501.8743054078,20662.848586153,21451.286441995,19545.4099552943,22053.4589869955,22986.95808105,23282.4895071054,24229.8894872915
"GDP per capita, PPP (constant 2021 international $)",NY.GDP.PCAP.PP.KD,Ecuador,ECU,..,..,..,..,..,..,..,..,..,..,..,..,..,..,..,..,..,..,..,..,..,..,..,..,..,..,..,..,..,..,9104.81599790272,9292.61779173762,9291.3710483042,9284.31503431235,9494.17506194696,9525.17701832407,9509.27540633173,9739.26682428016,9876.7507512592,9242.96681019585,9183.05155276919,9405.11680690106,9697.55517665978,9802.81408202125,10290.6634264766,10660.2046228939,10933.4897470283,10952.8226853948,11474.5257023541,11403.5277978831,11665.6978598204,12449.0785549218,12961.0267423765,13689.1520460125,14064.7992246727,13881.5700738105,13586.5160772568,14179.1537503305,14083.5069982304,13870.4895118068,12440.3263747814,13507.4445638375,14186.6388544625,14343.0190134813,13935.5391125402
"GDP per capita, PPP (constant 2021 international $)",NY.GDP.PCAP.PP.KD,"Egypt, Arab Rep.",EGY,..,..,..,..,..,..,..,..,..,..,..,..,..,..,..,..,..,..,..,..,..,..,..,..,..,..,..,..,..,..,8006.62143741369,7876.55257554109,8034.56230125827,8079.05480680472,8221.04684775661,8423.57817499547,8662.33147869592,8950.65410694496,9245.47890469795,9588.85938515274,9981.62775083138,10117.3331821699,10143.5063455702,10250.3765500459,10451.8217511537,10700.6090373232,11211.8320229508,11782.0060717966,12391.5847624705,12728.0814586737,13128.9878334085,13082.4263680701,13076.8052395914,13058.0748239258,13136.365629827,13425.9119599775,13727.3201600494,14018.360593453,14488.2094340483,15026.5682438097,15309.2359881702,15579.0160861551,16360.3907750364,16691.387399222,16798.151577864
"GDP per capita, PPP (constant 2021 international $)",NY.GDP.PCAP.PP.KD,El Salvador,SLV,..,..,..,..,..,..,..,..,..,..,..,..,..,..,..,..,..,..,..,..,..,..,..,..,..,..,..,..,..,..,5976.01762522026,5960.05892897788,6275.18767116905,6553.07234073841,6795.50608897192,7057.92025248354,7062.30007824136,7234.94456228435,7381.114604175,7498.46741097206,7545.44796218991,7580.32338410159,7675.67106195114,7780.27177685599,7841.53237886842,8050.5345128919,8404.24674903143,8548.83476118605,8704.80584632591,8494.49847423621,8648.92982717672,8943.06191543327,9165.42034804478,9327.56424468351,9451.744607867,9646.15432339854,9863.76121214453,10064.7934942601,10297.203612692,10543.9383291317,9692.44931605799,10809.713399518,11085.6178074688,11424.6459176917,11669.0817135644
"GDP per capita, PPP (constant 2021 international $)",NY.GDP.PCAP.PP.KD,Equatorial Guinea,GNQ,..,..,..,..,..,..,..,..,..,..,..,..,..,..,..,..,..,..,..,..,..,..,..,..,..,..,..,..,..,..,1122.81767364664,1070.82764283041,1390.47918482013,1487.81202528588,1672.34547535897,1892.11653062527,3033.84031220306,7296.10009809843,8684.6573083064,10492.4649475554,11767.4708814313,18031.964975074,20242.4309684399,21709.5751241959,28225.985816122,31302.957953874,32251.7680082519,35540.4477563657,39994.6159790647,38706.6052512135,33668.8740654852,34341.9342607505,35711.4919273537,32894.3693189101,31765.8997056851,27797.7942803179,24435.0645564801,22250.4389230263,20165.4795550607,18446.5916579681,17089.153726379,16821.4486470413,16932.7706827155,15688.2384192658,15454.428493564
"GDP per capita, PPP (constant 2021 international $)",NY.GDP.PCAP.PP.KD,Eritrea,ERI,..,..,..,..,..,..,..,..,..,..,..,..,..,..,..,..,..,..,..,..,..,..,..,..,..,..,..,..,..,..,..,..,..,..,..,..,..,..,..,..,..,..,..,..,..,..,..,..,..,..,..,..,..,..,..,..,..,..,..,..,..,..,..,..,..
"GDP per capita, PPP (constant 2021 international $)",NY.GDP.PCAP.PP.KD,Estonia,EST,..,..,..,..,..,..,..,..,..,..,..,..,..,..,..,..,..,..,..,..,..,..,..,..,..,..,..,..,..,..,19163.2283645779,17718.9543942711,14225.2314074483,13758.2953399439,13824.8432137401,14710.9686602535,15667.5909129247,17915.4540304763,18873.3758453389,18737.8980935019,20528.5708195573,21874.6948334875,23539.9060675759,25487.5329152987,27384.0831488798,30164.0063711861,33304.5935377333,35989.864986622,34236.950125417,29284.4047394108,30070.2990791103,32456.1208864878,33768.572369804,34484.2236457273,35723.6266134228,36356.4410152614,37470.0427676805,39533.4645582199,40853.6487755073,42218.962853871,40920.5270623015,44251.5374983455,43128.6327713627,41288.6165892158,41189.6675300734
"GDP per capita, PPP (constant 2021 international $)",NY.GDP.PCAP.PP.KD,Eswatini,SWZ,..,..,..,..,..,..,..,..,..,..,..,..,..,..,..,..,..,..,..,..,..,..,..,..,..,..,..,..,..,..,5447.73900233346,5325.35245647887,5291.89629062784,5299.53230535423,5427.3500142293,5693.82195381247,5796.65255180591,5876.80341246512,5952.85422728074,6062.34805111048,6106.07478740465,6135.45299954297,6335.81351839193,6578.30152863605,6775.2217412302,7142.1921864324,7584.72030617794,7866.73073455273,7926.37961138221,7988.59750005303,8245.64153332215,8350.89190932865,8645.84478287802,8951.05749805891,9084.49405780635,9186.65344720515,9402.50834103681,9660.55161538086,9578.10061089805,10099.5863118406,9695.82498058755,9990.43491951205,9927.60567008139,10181.5040730397,10380.3966630516
"GDP per capita, PPP (constant 2021 international $)",NY.GDP.PCAP.PP.KD,Ethiopia,ETH,..,..,..,..,..,..,..,..,..,..,..,..,..,..,..,..,..,..,..,..,..,..,..,..,..,..,..,..,..,..,874.346936189696,777.523566122291,680.834766978053,743.708485795208,741.17662360052,760.264345021167,826.991658780615,826.00521803882,772.78664639708,787.679577487053,810.270749126975,851.313428423251,838.298046963913,795.772138310178,877.114494970686,952.115666295785,1024.72911938972,1109.14330261241,1193.74728332973,1262.46398002755,1381.19044652656,1492.5339647204,1576.76875736149,1696.86515591049,1821.39161774962,1957.41454187301,2084.840556194,2222.82824481382,2311.16511659606,2437.97046055952,2516.54907642544,2588.41310215884,2655.59276743729,2757.95923634026,2892.22220168264
"GDP per capita, PPP (constant 2021 international $)",NY.GDP.PCAP.PP.KD,Faroe Islands,FRO,..,..,..,..,..,..,..,..,..,..,..,..,..,..,..,..,..,..,..,..,..,..,..,..,..,..,..,..,..,..,..,..,..,..,..,..,..,..,..,..,..,..,..,..,..,..,..,..,54263.326408917,51533.5447770645,51479.1939803423,53440.3360261046,57523.3238940741,60948.7676649487,64018.0937166287,64008.8523742079,64155.0271268999,65460.6067882316,66193.3474230922,68134.0306302109,66032.9109106183,68426.7943218898,70256.7191950519,71807.3137035442,72059.580327154
"GDP per capita, PPP (constant 2021 international $)",NY.GDP.PCAP.PP.KD,Fiji,FJI,..,..,..,..,..,..,..,..,..,..,..,..,..,..,..,..,..,..,..,..,..,..,..,..,..,..,..,..,..,..,7820.71719014994,7547.67819928126,7950.06640992603,8067.80447464731,8432.29836035248,8600.09284204425,8956.35010569935,8669.25168630675,8673.87816621436,9328.6066405707,9070.99316578265,9157.80841609435,9357.75384260711,9361.46421337988,9766.52768879045,9745.58145847385,9837.08591539941,9672.29015915616,9711.96604655315,9536.81721085631,9784.30356200221,10020.6957855059,10140.6936395636,10604.1558725865,11183.3135357123,11674.0633525272,11951.9196317982,12597.3274662764,13100.0959551236,13056.3310937089,10812.0355014178,10322.4279638854,12118.3182710082,13194.8047570404,13592.4635937435
"GDP per capita, PPP (constant 2021 international $)",NY.GDP.PCAP.PP.KD,Finland,FIN,..,..,..,..,..,..,..,..,..,..,..,..,..,..,..,..,..,..,..,..,..,..,..,..,..,..,..,..,..,..,38807.1185244347,36326.0828945358,34926.3833591341,34486.7522555352,35699.7203086225,37069.62898136,38301.5126175582,40630.921767316,42733.4455712897,44505.7114770222,46968.841714507,48099.3014282794,48792.4864789775,49655.5451564067,51494.705860401,52744.048034135,54653.981203281,57313.2916474478,57494.585352886,52599.1487066911,54017.9458623339,55053.3906850323,53957.6680986279,53183.4286685126,52710.7334867778,52782.4873926277,53984.6316254715,55637.2262781223,56226.337241343,56922.4873163103,55424.8574989208,56790.3766177692,57068.3056478074,56250.8787899319,56123.1479579839
"GDP per capita, PPP (constant 2021 international $)",NY.GDP.PCAP.PP.KD,France,FRA,..,..,..,..,..,..,..,..,..,..,..,..,..,..,..,..,..,..,..,..,..,..,..,..,..,..,..,..,..,..,38655.8856842914,38937.9522513749,39331.9041920718,39020.6141584284,39801.3888979817,40570.7169560557,40990.7395148125,41876.9330265158,43162.5423856938,44400.1357889191,45922.4789363701,46454.8706927365,46610.7820717214,46730.975806379,47720.4413351103,48257.4650937971,49223.247197008,50157.7837477634,50068.2969141379,48404.9657826363,49130.422942344,50085.6829779109,49935.6269081617,50066.5304324783,50326.567863089,50682.8953586333,50984.075297832,51895.5662985838,52560.9536243841,53448.5548849943,49311.333409639,52517.3354905855,53673.8137406422,54296.7230897731,54799.3482689389
"GDP per capita, PPP (constant 2021 international $)",NY.GDP.PCAP.PP.KD,French Polynesia,PYF,..,..,..,..,..,..,..,..,..,..,..,..,..,..,..,..,..,..,..,..,..,..,..,..,..,..,..,..,..,..,..,..,..,..,..,..,..,..,..,..,..,..,..,..,..,..,..,..,..,..,..,..,..,..,..,..,..,..,..,..,..,..,..,..,..
"GDP per capita, PPP (constant 2021 international $)",NY.GDP.PCAP.PP.KD,Gabon,GAB,..,..,..,..,..,..,..,..,..,..,..,..,..,..,..,..,..,..,..,..,..,..,..,..,..,..,..,..,..,..,23884.8106998234,24665.6792295081,23268.9974721281,23551.6812533724,23794.3149295887,24344.1857401023,24595.9719625614,25359.6596581834,25585.5077964813,22713.7144403948,21717.2240797447,21604.7804442423,20981.4798585102,20875.4549326477,20438.9307067212,20385.2899909742,19224.1268658969,19751.8762216408,18493.0921103343,17911.1458491661,18530.5760936058,19153.0878201525,19450.4027067379,19836.4554852011,20008.9899779322,20147.7116202405,19988.1755963792,19555.7078829752,19225.5982575261,19491.4067631986,18681.4840738985,18523.5798032193,18662.0497970621,18701.4227766897,18923.6616611651
"GDP per capita, PPP (constant 2021 international $)",NY.GDP.PCAP.PP.KD,"Gambia, The",GMB,..,..,..,..,..,..,..,..,..,..,..,..,..,..,..,..,..,..,..,..,..,..,..,..,..,..,..,..,..,..,2653.78291392125,2623.64161607507,2604.26903326754,2586.13041645703,2508.1039153389,2456.00078113606,2439.04551648512,2486.93798396527,2502.76477124298,2589.97773860396,2658.61770579464,2737.69610805906,2578.557145742,2682.47993310133,2794.19352609118,2653.64239155191,2564.68653970519,2567.15728802982,2649.61119865306,2745.32540574768,2824.21259222517,2519.83983255672,2574.93509664061,2572.44728941685,2465.10971144823,2495.95741601525,2478.46055756999,2533.18683710276,2651.43281455826,2750.82132179634,2702.31919474482,2777.79620978324,2863.18049829859,2963.59873325179,3057.68417746891
"GDP per capita, PPP (constant 2021 international $)",NY.GDP.PCAP.PP.KD,Georgia,GEO,..,..,..,..,..,..,..,..,..,..,..,..,..,..,..,..,..,..,..,..,..,..,..,..,..,..,..,..,..,..,12917.0944269361,10120.1628881435,5533.21082317728,3882.02029747648,3532.3200811072,3762.81153750309,4339.0046688347,4951.81291757472,5233.28837672816,5495.24505052866,5706.27236527837,6074.08643017282,6464.32539672648,7227.73705960701,7693.91525392067,8485.58670534953,9337.98906420101,10567.2747164758,10856.1031328003,10553.0896395853,11294.3685917112,12288.6828861156,13193.9596974054,13913.0018245661,14475.3135356035,14936.8434116647,15442.9564358054,16237.6242230275,17228.6790847503,18186.8816465807,17031.1440283426,18915.6534005263,20966.5280391134,22590.5293649146,24883.9081161639
"GDP per capita, PPP (constant 2021 international $)",NY.GDP.PCAP.PP.KD,Germany,DEU,..,..,..,..,..,..,..,..,..,..,..,..,..,..,..,..,..,..,..,..,..,..,..,..,..,..,..,..,..,..,42287.6527205782,44125.1442791519,44672.6920465936,43948.1489792699,44933.2942631644,45475.6859114918,45814.8523072639,46596.1810672853,47565.4526830045,48547.0040773031,49875.8764172059,50606.7114616457,50406.3800683443,50111.5752591319,50704.9219887398,51182.9591615718,53222.0409282226,54832.9610328446,55425.1109251245,52484.8550055388,54738.7083006711,57858.4222602355,58017.5855783147,58089.1708538296,59108.6977289315,59573.7089539686,60407.9713703755,61866.4872205276,62381.3478772241,62849.3741865912,60203.289760263,62530.7653199239,63676.087821808,63039.3719696432,62554.5547232436
"GDP per capita, PPP (constant 2021 international $)",NY.GDP.PCAP.PP.KD,Ghana,GHA,..,..,..,..,..,..,..,..,..,..,..,..,..,..,..,..,..,..,..,..,..,..,..,..,..,..,..,..,..,..,2785.67114332501,2859.82702166411,2897.83543196858,2964.26600943658,2989.34731012131,3039.68873031674,3106.18555480388,3160.44504053249,3229.48228272631,3290.26865235748,3327.35199291767,3369.50702508212,3425.61820934278,3507.75105744843,3607.36522285021,3721.30785741996,3857.86154847605,3923.12567803728,4174.78124103364,4269.16005861557,4495.68916584106,5005.36732498187,5339.71321903045,5593.77481886917,5619.07233511591,5607.36635657413,5666.07795334591,5993.63085211077,6234.51208201488,6508.24652305901,6412.68541762469,6607.50297378321,6728.45414012286,6808.53775165029,7055.62496009323
"GDP per capita, PPP (constant 2021 international $)",NY.GDP.PCAP.PP.KD,Gibraltar,GIB,..,..,..,..,..,..,..,..,..,..,..,..,..,..,..,..,..,..,..,..,..,..,..,..,..,..,..,..,..,..,..,..,..,..,..,..,..,..,..,..,..,..,..,..,..,..,..,..,..,..,..,..,..,..,..,..,..,..,..,..,..,..,..,..,..
"GDP per capita, PPP (constant 2021 international $)",NY.GDP.PCAP.PP.KD,Greece,GRC,..,..,..,..,..,..,..,..,..,..,..,..,..,..,..,..,..,..,..,..,..,..,..,..,..,..,..,..,..,..,26916.3125225704,27419.6029332234,27401.424003405,26804.8537616148,27204.3958682198,27646.1476383588,27905.1065690594,28768.2401472217,29592.525483114,30263.0543705003,31386.639783624,32675.9292327768,34081.0289759343,35970.7016808475,37811.4913664483,38146.962971083,40483.1569225337,41796.2336918303,41709.3877420312,39886.2135496664,37566.7483686263,33906.4917435676,31250.2268565956,30762.4432227813,31213.3765120298,31347.976574604,31468.6198471099,31995.4108838386,32722.3310444029,33502.7506488997,30487.1129331045,33531.15511226,35831.3441781205,36700.5134631055,37474.2798239947
"GDP per capita, PPP (constant 2021 international $)",NY.GDP.PCAP.PP.KD,Greenland,GRL,..,..,..,..,..,..,..,..,..,..,..,..,..,..,..,..,..,..,..,..,..,..,..,..,..,..,..,..,..,..,38137.5684896955,38162.9342232621,36343.125721052,34578.3464998854,36428.9123982244,37584.0719088915,38090.7089953713,38581.2151944518,41500.2312703294,42072.0565017419,44991.6751496134,45405.8543742044,44793.2704252565,46649.0480779756,49742.0582266726,52189.001485462,55243.7102798786,56763.2387284359,60506.1946272328,61035.5672997071,61863.2826915137,61170.9203658321,62111.1033086807,61659.6415225985,64799.3056628017,63364.0536061164,66245.7294730698,66297.1790691281,66887.6779268926,68534.9419039133,68533.7339902964,69302.0088788237,70681.2253902158,71037.5372239623,..
"GDP per capita, PPP (constant 2021 international $)",NY.GDP.PCAP.PP.KD,Grenada,GRD,..,..,..,..,..,..,..,..,..,..,..,..,..,..,..,..,..,..,..,..,..,..,..,..,..,..,..,..,..,..,8883.91901529785,8932.30359919008,8785.75882374895,8548.03859699698,8629.08629470408,8750.81831848402,9076.71902949207,9467.7770534851,10509.109807501,11158.4897298503,11625.050939182,11333.2377092409,11677.7034172407,12726.5266219464,12593.3546257337,14211.8426569264,13594.355159621,14376.2824512778,14463.560012123,13463.580293958,13354.9085012616,13397.8500405513,13161.3955324377,13386.3189064112,14287.9538720088,15136.6966673773,15640.8274503805,16291.4894625979,16964.852001696,17036.9151689715,14647.7451384876,15290.250903138,16376.4273099594,17093.1562867447,17751.5098662481
"GDP per capita, PPP (constant 2021 international $)",NY.GDP.PCAP.PP.KD,Guam,GUM,..,..,..,..,..,..,..,..,..,..,..,..,..,..,..,..,..,..,..,..,..,..,..,..,..,..,..,..,..,..,..,..,..,..,..,..,..,..,..,..,..,..,..,..,..,..,..,..,..,..,..,..,..,..,..,..,..,..,..,..,..,..,..,..,..
"GDP per capita, PPP (constant 2021 international $)",NY.GDP.PCAP.PP.KD,Guatemala,GTM,..,..,..,..,..,..,..,..,..,..,..,..,..,..,..,..,..,..,..,..,..,..,..,..,..,..,..,..,..,..,7594.72863203946,7662.16744667172,7822.25981413262,7915.4069288614,8018.27959123705,8195.34591091977,8222.06539206535,8364.16131429348,8559.98628929783,8668.42697938871,8770.4040870875,8771.15520620407,8901.53633819804,8926.15358002845,9003.85719003217,9099.72328845701,9386.00114713774,9772.8053901732,9889.57209974855,9740.70936130832,9825.0176796825,10032.088632465,10126.8283621986,10297.8395710411,10553.5642244297,10785.9584615777,10872.5939962916,11005.4593976653,11192.372055508,11466.3765822795,11097.15041153,11825.141273764,12147.9309684074,12384.948508094,12640.8875023146
"GDP per capita, PPP (constant 2021 international $)",NY.GDP.PCAP.PP.KD,Guinea,GIN,..,..,..,..,..,..,..,..,..,..,..,..,..,..,..,..,..,..,..,..,..,..,..,..,..,..,..,..,..,..,2105.74729496232,2075.99194302675,2076.55062690695,2115.8664959394,2134.89769355787,2171.72552153265,2205.32363416973,2272.41100463955,2311.327353403,2346.2701835771,2358.28765608495,2412.75161959628,2498.13177495102,2473.23418295471,2477.50282602363,2501.22160456279,2478.61319510726,2587.0048887648,2629.5397474637,2537.30645758746,2594.83050344245,2673.40873029955,2762.90350938513,2802.56007024474,2834.96634347846,2869.85157178732,3099.78874189372,3332.76576150531,3455.64512638662,3557.46233883145,3630.99330577677,3738.8051255133,3792.01068836277,3904.82395527998,4016.34191386072
"GDP per capita, PPP (constant 2021 international $)",NY.GDP.PCAP.PP.KD,Guinea-Bissau,GNB,..,..,..,..,..,..,..,..,..,..,..,..,..,..,..,..,..,..,..,..,..,..,..,..,..,..,..,..,..,..,1967.96808437551,2024.72770800391,1987.61538633299,1963.44000410032,1964.50771152778,1999.82023018049,2185.76736211592,2283.88357077251,1738.54122410447,1992.72847838268,1974.62172274651,2025.60064005453,2053.96189370909,2002.27740627342,1979.57457765814,2060.53834311757,2065.08370690452,2065.86121747677,2105.54284991215,2102.92720552345,2164.13349780236,2278.40566106623,2180.60762289148,2192.45628322206,2156.2021908175,2230.39106612596,2293.23583589196,2342.41526571427,2373.50158144916,2442.10663731324,2455.85606168546,2522.76764302521,2603.24022588591,2693.77665018683,2744.27981043716
"GDP per capita, PPP (constant 2021 international $)",NY.GDP.PCAP.PP.KD,Guyana,GUY,..,..,..,..,..,..,..,..,..,..,..,..,..,..,..,..,..,..,..,..,..,..,..,..,..,..,..,..,..,..,5074.43109901682,5396.46342590543,5799.21836066806,6247.86624866594,6755.3286689231,7071.21280005947,7612.30424290021,8064.56715164725,7915.22956203951,8139.97018415742,8025.29326490962,8212.04321760917,8314.0272750321,8267.42910545363,8404.2001629708,8256.52519071138,8702.33133494001,9354.08017716534,9546.70875949436,9924.52660770631,10374.3947557656,10958.8598838438,11534.9985588659,11896.9069854942,12030.0529344045,12040.08253302,12420.4724727603,12801.6408529346,12980.3576003177,13402.4219472757,19234.1301977637,22865.9270968882,37068.1993827588,49312.3603225444,70516.7215064805
"GDP per capita, PPP (constant 2021 international $)",NY.GDP.PCAP.PP.KD,Haiti,HTI,..,..,..,..,..,..,..,..,..,..,..,..,..,..,..,..,..,..,..,..,..,..,..,..,..,..,..,..,..,..,3959.02526089687,3952.17272724934,3668.31318736615,3401.75901805261,2938.07008518147,3167.91307649838,3237.01967477296,3262.4591815691,3272.04956439325,3299.23533948239,3267.07646816599,3197.05701086586,3173.73848729607,3227.12087860443,3130.85551975981,3173.26081032717,3174.97622258076,3268.81890675823,3300.25849332968,3437.3806965318,3205.49829961515,3330.99820416355,3296.24782448974,3387.47180169748,3434.63597400578,3433.07529240973,3446.75276647872,3485.4923470131,3496.87870320748,3392.43263210456,3239.83543441301,3145.00681057269,3057.42840826502,2965.94622340134,2809.64535578242
"GDP per capita, PPP (constant 2021 international $)",NY.GDP.PCAP.PP.KD,Honduras,HND,..,..,..,..,..,..,..,..,..,..,..,..,..,..,..,..,..,..,..,..,..,..,..,..,..,..,..,..,..,..,1172.07980628643,1436.05066019021,1521.94721692982,1681.08238779882,2108.27415007174,2555.02622819382,3054.15773738434,3635.98071228428,3950.83498620229,4293.82723059843,4579.68960840984,4578.94787944773,4627.02278723456,4714.86701000971,4885.34258343422,5056.67544412551,5263.15029099578,5461.90151889031,5566.70639487722,5313.75573967791,5396.07227927744,5488.43371596332,5600.6077605497,5644.13384802045,5705.16246265484,5812.5348879105,5926.49025534228,6099.60734919414,6219.27973775059,6264.01884276715,5603.26398377777,6202.98078812037,6352.58710177732,6467.8800352783,6585.85535717861
"GDP per capita, PPP (constant 2021 international $)",NY.GDP.PCAP.PP.KD,"Hong Kong SAR, China",HKG,..,..,..,..,..,..,..,..,..,..,..,..,..,..,..,..,..,..,..,..,..,..,..,..,..,..,..,..,..,..,31598.7559995379,33124.6861100788,34895.7612081565,36428.527042456,37767.1935301195,37905.6509352086,37804.068427697,39402.5953789391,36776.3830289355,37339.9267574178,39848.59152924,39777.8561883562,40258.1727894569,41570.5763105053,44836.2053321129,47938.8998017111,50981.7931037524,53813.0792084943,54630.3763985044,53172.3001900618,56355.4117939379,58672.8294901182,59015.3332811946,60601.6097817011,61839.810843419,62779.7484353718,63749.4095274634,65662.8359167546,66993.9679794398,65388.3336248234,61328.5288044938,65884.9376260603,64036.6454154727,64434.5576690871,66153.9746651078
"GDP per capita, PPP (constant 2021 international $)",NY.GDP.PCAP.PP.KD,Hungary,HUN,..,..,..,..,..,..,..,..,..,..,..,..,..,..,..,..,..,..,..,..,..,..,..,..,..,..,..,..,..,..,21297.0006409015,18765.4162504008,18197.5305521351,18113.3369069655,18672.707236547,18977.2437047366,19029.1137284914,19635.2949600537,20438.3829550506,21128.8884639402,22117.9204303193,23069.2114730987,24229.2953575981,25255.8711300567,26568.118861864,27765.7886146197,28903.0475407078,29044.0669021254,29384.0070385818,27445.959458479,27801.833816111,28415.1173442897,28179.656464434,28891.0217544976,30264.9492302161,31485.5675425634,32378.9674983075,33828.714942571,35798.0412754022,37662.67681014,36119.5211735652,38887.1909527154,40610.9711368238,40333.2546888118,40686.9319263343
"GDP per capita, PPP (constant 2021 international $)",NY.GDP.PCAP.PP.KD,Iceland,ISL,..,..,..,..,..,..,..,..,..,..,..,..,..,..,..,..,..,..,..,..,..,..,..,..,..,..,..,..,..,..,42336.427188355,41754.9758908173,39842.3760942383,39957.3221402786,41042.0117943302,40867.564218067,42475.6936133275,43873.6690642163,46449.3454621245,47679.8715900493,49338.4714252632,50556.9938356842,50379.4595507316,51173.1982542632,54592.5314628804,57512.4237338213,59364.2901148281,62940.7473430955,62831.1728631816,57406.4697506817,56211.8345417402,56813.742648754,57173.0434212296,58671.930709837,59133.2701459773,60725.7271247657,63612.5551585223,64303.3782501037,65521.9313424781,64826.4324085557,59543.813498684,61610.2132740715,65380.3173049324,68118.3960312086,67310.0573573616
"GDP per capita, PPP (constant 2021 international $)",NY.GDP.PCAP.PP.KD,India,IND,..,..,..,..,..,..,..,..,..,..,..,..,..,..,..,..,..,..,..,..,..,..,..,..,..,..,..,..,..,..,2203.14703867968,2178.6859145401,2249.69790389274,2307.60714181108,2411.46273689083,2542.42211133345,2680.27888437082,2734.52089133672,2847.96234988663,3041.48258556057,3099.5028215766,3188.81024020636,3250.69565544917,3445.92592352395,3656.12620652098,3881.9661798273,4129.77837009239,4379.69604361151,4450.39022919238,4731.36160463896,5059.2827108398,5249.54925694026,5460.43768570052,5732.24189090876,6079.84393523695,6488.14602910787,6940.62588857522,7326.60693679859,7714.33974724531,7930.0911303899,7399.53068079041,8050.01857452664,8594.39190499879,9301.75603225735,9818.04270686639
"GDP per capita, PPP (constant 2021 international $)",NY.GDP.PCAP.PP.KD,Indonesia,IDN,..,..,..,..,..,..,..,..,..,..,..,..,..,..,..,..,..,..,..,..,..,..,..,..,..,..,..,..,..,..,4873.05380133263,5118.46789591815,5357.3758979759,5609.15178814269,5931.23473426762,6312.93453561158,6695.40975787395,6897.00236563331,5897.68530859207,5855.65800744994,6056.38197842165,6190.51954040991,6381.94955179996,6599.09193597034,6843.54654972364,7140.8545640704,7434.48785352221,7802.46406905954,8165.06155116624,8435.4557468629,8848.22473702066,9274.96955181702,9708.61182531081,10121.8141535043,10504.3869411088,10893.6621142169,11319.6634287738,11772.5743296107,12262.2310300771,12757.7850854842,12388.5449268131,12757.0746440204,13334.2653947637,13889.9749067297,14470.4372020578
"GDP per capita, PPP (constant 2021 international $)",NY.GDP.PCAP.PP.KD,"Iran, Islamic Rep.",IRN,..,..,..,..,..,..,..,..,..,..,..,..,..,..,..,..,..,..,..,..,..,..,..,..,..,..,..,..,..,..,9656.00116894359,10592.3319257222,10727.4183671547,10531.9952777275,10333.4330005595,10465.0259592685,11010.0094976248,11025.7202371524,11101.507869196,11163.6950736445,11643.1218077696,11739.0090911282,12583.044990424,13519.4501926929,13807.1953114023,13935.7743087596,14320.6568534545,15237.4237850549,15091.2506521463,15055.1494647199,15729.9131707266,15947.766097961,15159.2948206531,14734.740588719,15262.8515760903,14841.9048340737,15920.3718021202,16167.9677224227,15364.8049052614,14841.0751514998,15381.5845437266,15884.4276775963,16377.9610645368,17044.8173461033,17484.1320140467
"GDP per capita, PPP (constant 2021 international $)",NY.GDP.PCAP.PP.KD,Iraq,IRQ,..,..,..,..,..,..,..,..,..,..,..,..,..,..,..,..,..,..,..,..,..,..,..,..,..,..,..,..,..,..,10735.0941102925,3819.16194827144,4916.26440292878,6105.04166284592,6044.8710481053,5969.66964095891,6419.36981876289,7545.72976101105,9871.73398030533,11237.8537439894,12702.1641950921,12529.6084051005,11144.0505255928,6849.33200800508,10210.5631004959,10078.4437646837,10568.9137652977,10853.8161022311,11511.9387643664,11470.5178061755,11816.841015026,12267.5848940673,13357.0143882353,13712.9317142992,13536.8227681431,13516.0271989204,15016.0920644592,14417.6306896487,14456.2357053224,14910.2250318887,12827.6345392323,12731.7535755129,13433.3977166987,13202.3228073875,12725.0431260393
"GDP per capita, PPP (constant 2021 international $)",NY.GDP.PCAP.PP.KD,Ireland,IRL,..,..,..,..,..,..,..,..,..,..,..,..,..,..,..,..,..,..,..,..,..,..,..,..,..,..,..,..,..,..,29555.6320622281,29953.2439013902,30744.1914629607,31414.5961920787,33092.0640438826,36094.7616757114,38452.9454979361,42265.1652200505,45493.1692570651,49719.8847973285,53675.0054596933,55630.1013273441,57927.488372311,58709.1544464475,61558.5783140852,63689.0843530779,65087.1804631559,66590.1938973457,62320.66630649,58547.2673956109,59209.0996763251,59899.917652844,59405.0460751524,60388.9413147986,65575.8061665793,80954.6619818255,80899.0223207227,87882.7074355024,93276.0188154012,96371.2910180182,101968.554362011,116903.61243517,123219.076059494,117862.128878959,119037.731175443
"GDP per capita, PPP (constant 2021 international $)",NY.GDP.PCAP.PP.KD,Isle of Man,IMN,..,..,..,..,..,..,..,..,..,..,..,..,..,..,..,..,..,..,..,..,..,..,..,..,..,..,..,..,..,..,..,..,..,..,..,..,..,..,..,..,..,..,..,..,..,..,..,..,..,..,..,..,..,..,..,..,..,..,..,..,..,..,..,..,..
"GDP per capita, PPP (constant 2021 international $)",NY.GDP.PCAP.PP.KD,Israel,ISR,..,..,..,..,..,..,..,..,..,..,..,..,..,..,..,..,..,..,..,..,..,..,..,..,..,..,..,..,..,..,25335.2722247493,25698.9296957607,26752.4006346892,27123.1073850066,28393.0000212879,29470.81726085,30386.1981561933,30707.0065373148,31246.8564724838,31465.6129203265,33275.0631655978,32590.2286180761,31897.5848832705,31780.7796080985,32675.2080644863,33512.8909185546,34770.0262786336,36317.8525090071,36827.9249156064,36403.1626371602,37722.4099869836,39075.375376272,39299.3515506546,40148.7774492867,40872.5808449627,40967.3707596637,41963.675796165,42947.0586686984,43814.2949977965,44580.8078825716,42915.9416939728,46162.0822730247,48098.187235579,47527.151024672,47338.8424624205
"GDP per capita, PPP (constant 2021 international $)",NY.GDP.PCAP.PP.KD,Italy,ITA,..,..,..,..,..,..,..,..,..,..,..,..,..,..,..,..,..,..,..,..,..,..,..,..,..,..,..,..,..,..,42656.7445101659,43283.0204441901,43614.4850883758,43216.1096444751,44136.7059141923,45410.1391731091,46008.2389303796,46869.4256086419,47701.3974191265,48493.6651210308,50353.4200415436,51332.2904432567,51369.1149098293,51126.2585544038,51495.0028841364,51585.6445807938,52304.2402949819,52747.1905476807,51806.3906176391,48774.3916833748,49301.6959141674,49473.0149235634,47795.9579360541,46833.3615309303,46825.6511245062,47311.8255262709,47987.8379581014,48849.2183534756,49133.143527174,49690.6298505274,45505.0688708956,49825.3934111848,52333.3274270604,52870.3261442897,53265.0032474189
"GDP per capita, PPP (constant 2021 international $)",NY.GDP.PCAP.PP.KD,Jamaica,JAM,..,..,..,..,..,..,..,..,..,..,..,..,..,..,..,..,..,..,..,..,..,..,..,..,..,..,..,..,..,..,8879.65295231625,9227.87613770652,9315.8581885588,10088.232357755,10123.2339381488,10257.8065381959,10147.4641121652,9939.66172862006,9624.92935948127,9650.43726482499,9667.92474492316,9736.06291757526,9869.71291927176,10169.7500243245,10244.2066702878,10278.6834382546,10522.2367459591,10622.4442829007,10490.4686134498,9992.97699539021,9805.90172806302,9932.48380946963,9829.03510015044,9839.96506606095,9872.15913752129,9931.89875715182,10179.2536486158,10391.0378224678,10636.0929784551,10816.3720391154,9891.96932961548,10430.6909771759,11096.6377085321,11398.8120394641,11340.2638800451
"GDP per capita, PPP (constant 2021 international $)",NY.GDP.PCAP.PP.KD,Japan,JPN,..,..,..,..,..,..,..,..,..,..,..,..,..,..,..,..,..,..,..,..,..,..,..,..,..,..,..,..,..,..,35272.4189828727,36372.0347517186,36563.6226393696,36277.9231838837,36568.7123907341,37442.8946125519,38528.791438519,38814.2535478124,38217.1955920953,38020.0940020688,39005.9136305044,39062.2817355235,38987.9102707538,39501.806782419,40351.776374395,41075.8243580849,41613.1483821427,42182.1758636624,41645.5722078975,39279.498871012,40881.7972423185,40967.3431400832,41596.9238038796,42492.2439560498,42674.6976301321,43386.7100739513,43736.1305076612,44505.2792603684,44848.4899421798,44730.9102844958,42992.4796365328,44355.3487163354,44972.3438362201,45858.6595131439,46106.9229230044
"GDP per capita, PPP (constant 2021 international $)",NY.GDP.PCAP.PP.KD,Jordan,JOR,..,..,..,..,..,..,..,..,..,..,..,..,..,..,..,..,..,..,..,..,..,..,..,..,..,..,..,..,..,..,7589.82007850421,7134.29024084856,7737.96922068777,7675.47163756117,7680.14079173861,7829.08121456011,7731.47855807269,7775.5427123949,7826.74015705934,7920.01974595781,8086.92202690853,8339.78581448441,8638.08033080173,8800.49674649158,9326.66839127919,9839.68834968723,9977.75903329275,10161.4021194103,10641.5894255558,10938.5027244703,10953.537631697,10977.4820450868,11086.0299443995,10799.3538143329,10148.99809876,9581.68922567813,9321.9045113153,9339.81039725983,9311.53116265584,9288.52709103516,9022.63930356769,9182.496161256,9266.57538251337,9381.35436036929,9520.25064497454
"GDP per capita, PPP (constant 2021 international $)",NY.GDP.PCAP.PP.KD,Kazakhstan,KAZ,..,..,..,..,..,..,..,..,..,..,..,..,..,..,..,..,..,..,..,..,..,..,..,..,..,..,..,..,..,..,16837.690749004,14877.5273541269,14045.1035780375,12795.8746425372,11334.9831283773,10600.3302270095,10857.4353898737,11298.5805497095,11364.0307809315,11815.7732115429,12935.864368308,14612.0290050498,15960.8738450013,17344.752672995,18886.5811908122,20565.5294470866,22574.3429577665,24351.3464102542,24895.6645683245,24901.3527260084,26374.8407672795,27946.1603432944,28881.2417563728,30177.4887221736,30986.4379168995,30893.7594851041,30758.3227260598,31524.4416339794,32330.2274546567,33298.2123695035,32011.5491499004,32945.8515725823,33506.2614893237,34703.2349286604,35973.9633287017
"GDP per capita, PPP (constant 2021 international $)",NY.GDP.PCAP.PP.KD,Kenya,KEN,..,..,..,..,..,..,..,..,..,..,..,..,..,..,..,..,..,..,..,..,..,..,..,..,..,..,..,..,..,..,4177.48603310346,4102.47677512965,3946.84093437851,3844.92029783599,3833.22357838589,3890.0985511465,3941.40919481353,3853.37139280354,3871.82176322447,3848.46470612727,3756.63622296879,3778.25854755615,3681.2569427491,3674.08592758409,3743.56785736929,3844.73557120578,3970.73349887685,4116.45094720856,4002.88364073792,4012.19428382397,4211.52462957784,4307.10611556858,4387.93790075409,4443.371215682,4558.55155266374,4679.62182831938,4770.31046388086,4846.86210851932,5017.66784674664,5171.71264279257,5057.40115537429,5338.85243382781,5491.69378280246,5691.82513474417,5845.20117717825
"GDP per capita, PPP (constant 2021 international $)",NY.GDP.PCAP.PP.KD,Kiribati,KIR,..,..,..,..,..,..,..,..,..,..,..,..,..,..,..,..,..,..,..,..,..,..,..,..,..,..,..,..,..,..,2213.54021971195,2047.15376376788,2495.99640204714,2455.44987557043,2468.72119002766,2498.7876151917,2455.50107360313,2439.41011578482,2502.86206993942,2364.34619150483,2481.41524257587,2357.58189014518,2341.69553872722,2258.03381830985,2199.67074158217,2183.78113886233,2264.16158033718,2286.4464773202,2172.35767589525,2137.96593927055,2119.64018013945,2150.38301837654,2242.01379114528,2382.37034452158,2381.34837325608,2615.8414365735,2761.9336523043,2822.669652935,2877.60204999231,2927.48453366722,2834.68581354366,3020.49399935695,3107.77604642687,3140.58326370439,3257.1362912531
"GDP per capita, PPP (constant 2021 international $)",NY.GDP.PCAP.PP.KD,"Korea, Dem. People's Rep.",PRK,..,..,..,..,..,..,..,..,..,..,..,..,..,..,..,..,..,..,..,..,..,..,..,..,..,..,..,..,..,..,..,..,..,..,..,..,..,..,..,..,..,..,..,..,..,..,..,..,..,..,..,..,..,..,..,..,..,..,..,..,..,..,..,..,..
"GDP per capita, PPP (constant 2021 international $)",NY.GDP.PCAP.PP.KD,"Korea, Rep.",KOR,..,..,..,..,..,..,..,..,..,..,..,..,..,..,..,..,..,..,..,..,..,..,..,..,..,..,..,..,..,..,14377.8839203268,15784.4668669974,16613.4907015983,17595.9036148432,19052.2990926264,20697.8969808345,22139.7963785414,23311.0420901741,22000.3387603516,24382.2508517369,26404.1588575745,27440.6564915847,29395.2766036796,30142.4605585814,31579.5283048867,32886.0472450743,34429.6222013137,36257.3401689702,37064.1518484106,37176.1939270969,39574.0500732947,40719.2273771671,41537.6728611117,42709.9751857887,43806.9250985661,44849.106767089,46088.2430785383,47536.7898568851,48834.4471157733,49790.8679884821,49374.0926148025,51718.2518656631,53228.6035655365,54029.3434990785,55070.9386194121
"GDP per capita, PPP (constant 2021 international $)",NY.GDP.PCAP.PP.KD,Kosovo,XKX,..,..,..,..,..,..,..,..,..,..,..,..,..,..,..,..,..,..,..,..,..,..,..,..,..,..,..,..,..,..,..,..,..,..,..,..,..,..,..,..,..,..,..,..,..,..,..,..,7098.40301909042,7481.45889832785,7877.10199850556,8359.93621479336,8431.66232694657,8828.27683251638,9150.74997293883,9824.99105955319,10434.8888259268,10856.2902074239,11188.2244627966,11774.1178510908,11137.5028560404,12362.4210181213,13022.4627441502,14240.2030320365,15716.2925564586
"GDP per capita, PPP (constant 2021 international $)",NY.GDP.PCAP.PP.KD,Kuwait,KWT,..,..,..,..,..,..,..,..,..,..,..,..,..,..,..,..,..,..,..,..,..,..,..,..,..,..,..,..,..,..,38932.9435275146,28633.9695922465,43266.9328651676,56684.1863309395,61753.8489990065,64093.5178778949,62665.2243536425,62151.9518270333,62450.0884424765,59533.9542752452,60585.3026788164,59099.6653133601,59348.6172741565,67984.3145062554,73298.0621819477,78193.9012127585,79521.3484338455,79474.7611346377,77036.5083833055,67896.2680451995,62956.2152904125,64844.5019019408,64908.262639237,62458.8089221249,60065.6544076232,57763.5174574395,56936.620842726,52285.5871175696,51623.8078622052,51380.6455354631,49372.8187938552,50651.9575337091,51379.8833194119,47777.4012284844,46137.4674254845
"GDP per capita, PPP (constant 2021 international $)",NY.GDP.PCAP.PP.KD,Kyrgyz Republic,KGZ,..,..,..,..,..,..,..,..,..,..,..,..,..,..,..,..,..,..,..,..,..,..,..,..,..,..,..,..,..,..,6095.68108610235,5520.42979891313,4701.99138098658,3973.88323931033,3176.92381882726,2974.71163891294,3138.66615671114,3399.93427126665,3419.22330736215,3491.93773268741,3638.46314292227,3795.89059344129,3760.53239965257,3982.92722017802,4211.52248307857,4156.95849230116,4240.17017797554,4558.71267894172,4894.9427801376,4969.96132720374,4876.47964886483,5092.85165751678,4993.39431683528,5418.54061993935,5513.7544695252,5600.2143342846,5715.01041179003,5861.22200040503,5951.82876758606,6087.60193826927,5537.79547319377,5736.47883415154,6139.77788825006,6575.77541290499,7048.98952111264
"GDP per capita, PPP (constant 2021 international $)",NY.GDP.PCAP.PP.KD,Lao PDR,LAO,..,..,..,..,..,..,..,..,..,..,..,..,..,..,..,..,..,..,..,..,..,..,..,..,..,..,..,..,..,..,2005.50049410401,2033.58258303281,2088.02004083238,2152.2765966407,2267.78215521397,2368.05475182536,2473.77285753148,2589.20762864101,2642.56618699585,2786.52039703471,2899.01961879748,3015.63258480614,3143.22327579556,3282.9853971272,3441.16999706515,3630.55878769378,3881.53736632657,4112.25301659759,4367.162880257,4625.07173324518,4946.10563678173,5266.87866924206,5608.96956337059,5974.47368943414,6341.2122967032,6703.74124348885,7063.25545347926,7432.4596330485,7775.08574451883,8075.27502377003,7995.59502527818,8080.43553249923,8183.03286472653,8372.15591874407,8600.32454665553
"GDP per capita, PPP (constant 2021 international $)",NY.GDP.PCAP.PP.KD,Latvia,LVA,..,..,..,..,..,..,..,..,..,..,..,..,..,..,..,..,..,..,..,..,..,..,..,..,..,..,..,..,..,..,17508.7863191492,15376.090576901,10582.2070186664,10255.1413776101,10656.6087654394,10707.5149969006,11077.8618422597,12215.0151940189,13138.4012524255,13619.098799485,14554.2131724037,15695.906718153,17096.5594440255,18717.6675525538,20574.118201251,23213.3539355881,26431.8140222767,29423.7371235063,28726.9722869522,24520.6791475489,24119.7307848939,25308.7322074626,27496.5454583635,28375.1842887263,29243.7412502629,30599.6133134147,31668.5148442662,33036.3915943437,34729.7062763057,35208.1934590859,34225.8976044058,36912.0130602161,37718.7097958367,37277.7217221317,37611.6699359404
"GDP per capita, PPP (constant 2021 international $)",NY.GDP.PCAP.PP.KD,Lebanon,LBN,..,..,..,..,..,..,..,..,..,..,..,..,..,..,..,..,..,..,..,..,..,..,..,..,..,..,..,..,..,..,5345.51209718413,7828.17201077656,8924.15264553271,9695.31549182752,10294.812771264,10762.4426963776,11757.2824887935,11668.4006854372,11885.3072278409,11617.2497708538,11571.7326041085,11817.9305012844,12053.8341563826,12272.3440677497,12882.0757995163,13024.6648924956,13003.680803908,13941.5614244767,14955.1413563252,16264.3506182706,17390.7584012958,17353.1960845294,17323.3013764282,16396.4969302163,15205.873265402,14980.020515614,15572.3611739774,16128.5838196051,16290.0516478592,15659.5661040012,12507.4366368078,11599.7755083765,11474.7505845558,11330.2687387422,..
"GDP per capita, PPP (constant 2021 international $)",NY.GDP.PCAP.PP.KD,Lesotho,LSO,..,..,..,..,..,..,..,..,..,..,..,..,..,..,..,..,..,..,..,..,..,..,..,..,..,..,..,..,..,..,1422.15056881284,1494.24032446777,1571.8270420314,1602.59633239095,1675.5977232422,1709.69433512939,1786.182290166,1837.69657049966,1856.69078488714,1860.70052178612,1932.15793223415,2004.03350215955,2024.78727304864,2127.37302160132,2178.66474674332,2275.01614419256,2381.02024562073,2470.31462127885,2589.16635854686,2538.19341751854,2651.37804898226,2749.31958166573,2894.22705048142,2914.37515966739,2930.61724036206,2986.95866729879,3057.26091568162,2924.68096193272,2846.41828124649,2773.28639887236,2517.11044486593,2544.78249551214,2577.54544127769,2595.82951058542,2640.28544552536
"GDP per capita, PPP (constant 2021 international $)",NY.GDP.PCAP.PP.KD,Liberia,LBR,..,..,..,..,..,..,..,..,..,..,..,..,..,..,..,..,..,..,..,..,..,..,..,..,..,..,..,..,..,..,1866.40548125833,1819.49785292522,1115.03770816852,718.683238814764,563.640361196647,534.809715165406,582.677982536092,1111.93760251371,1308.40568305294,1507.31470254594,1868.17975587618,1867.11910921753,1887.64601570733,1308.15090140274,1326.53565502695,1335.61728880785,1364.60347323709,1422.10019670004,1463.12408187297,1492.99817384053,1538.85083488512,1601.03374045996,1668.97289588776,1774.5205777394,1750.1438489328,1714.09047960464,1653.31050211233,1661.30290782171,1647.97443793846,1575.76665001238,1497.37692436272,1539.20892304674,1578.99837069175,1616.92373356695,1646.05861366601
"GDP per capita, PPP (constant 2021 international $)",NY.GDP.PCAP.PP.KD,Libya,LBY,..,..,..,..,..,..,..,..,..,..,..,..,..,..,..,..,..,..,..,..,..,..,..,..,..,..,..,..,..,..,18126.5869612606,20506.8762691578,19538.138704794,18434.641128465,18444.5133617859,17723.2679211029,17809.1519222171,18451.6998451345,17532.9261043755,17402.5683820479,17747.0188855832,17115.9888564264,16629.4364346005,18422.7336032405,18851.2039109963,20649.4624580172,21545.2986384419,22422.0117594762,21915.1976208274,20518.9642412838,21115.5259846154,10741.9206751908,20601.0026641,16557.500941665,12499.0829968523,12195.3486990421,11831.8257669559,15428.1164411854,16385.164476127,14337.1962987582,9978.66400110743,12641.5097714075,11450.0598552928,12476.5974944083,12583.8338726816
"GDP per capita, PPP (constant 2021 international $)",NY.GDP.PCAP.PP.KD,Liechtenstein,LIE,..,..,..,..,..,..,..,..,..,..,..,..,..,..,..,..,..,..,..,..,..,..,..,..,..,..,..,..,..,..,..,..,..,..,..,..,..,..,..,..,..,..,..,..,..,..,..,..,..,..,..,..,..,..,..,..,..,..,..,..,..,..,..,..,..
"GDP per capita, PPP (constant 2021 international $)",NY.GDP.PCAP.PP.KD,Lithuania,LTU,..,..,..,..,..,..,..,..,..,..,..,..,..,..,..,..,..,..,..,..,..,..,..,..,..,..,..,..,..,..,20586.227753241,19384.8179312258,15280.3886006381,12861.6949141098,11686.4386596094,12164.2037159996,12873.2007572979,14045.0045144544,15202.9118027933,15143.1937102939,15771.4269595328,16933.0225490496,18216.5452581272,20302.9848798403,21867.2861464791,23944.7019948719,26129.3392566938,29370.7739737176,30445.7809464936,26217.5449293891,26887.4913057701,29240.7487851392,30920.330402208,32474.6413533554,33975.0843756963,35251.2986931775,36618.1468417838,38774.4892011822,41019.7901632878,43062.3228425315,43091.7973723526,45873.5273239486,46651.2145810247,46159.7081733083,47165.3665643051
"GDP per capita, PPP (constant 2021 international $)",NY.GDP.PCAP.PP.KD,Luxembourg,LUX,..,..,..,..,..,..,..,..,..,..,..,..,..,..,..,..,..,..,..,..,..,..,..,..,..,..,..,..,..,..,81450.5724064059,87313.7176181066,87729.3985979581,90195.6629009997,92375.3588075139,92391.3398625545,92416.5186640698,96211.7308040367,101364.675334086,108180.402740212,114141.585295622,116258.426812926,118757.530526236,120396.257843179,123720.261499488,124866.858810412,130284.96750238,138677.965491876,135812.22230327,129002.240187517,131432.059616316,129885.369760706,128895.405145048,129945.453783621,130247.661687069,130097.2561798,133661.649729132,132169.834045368,131733.8846493,132724.752743888,129865.629988164,136772.443753292,132570.826463419,130048.92038753,128475.279802738
"GDP per capita, PPP (constant 2021 international $)",NY.GDP.PCAP.PP.KD,"Macao SAR, China",MAC,..,..,..,..,..,..,..,..,..,..,..,..,..,..,..,..,..,..,..,..,..,..,..,..,..,..,..,..,..,..,55300.7442649888,54602.0544901621,58652.7899194928,59589.975909516,60120.6582440409,60205.7086394147,59115.2336138336,58639.5250296819,55296.5007644986,53348.0126915655,55994.760697993,57173.8590987063,61625.9560068114,67994.777526459,84004.4558061302,87185.5254441553,93828.3198758417,102879.639164559,102474.668562926,104911.140336462,130758.2806979,155385.324208541,164239.261923457,174569.523171267,162813.439348589,123194.067291275,120530.052858314,133322.632677744,139541.157248769,133453.896026037,59662.4855864551,73374.4486829589,59921.441691873,104815.20003062,111693.502831434
"GDP per capita, PPP (constant 2021 international $)",NY.GDP.PCAP.PP.KD,Madagascar,MDG,..,..,..,..,..,..,..,..,..,..,..,..,..,..,..,..,..,..,..,..,..,..,..,..,..,..,..,..,..,..,1968.27239771424,1789.84169366249,1757.29459775259,1740.29513594203,1686.34190833351,1661.27062467061,1643.32579628891,1649.44809006306,1658.88849253066,1681.35933226493,1701.44320253582,1748.50350929178,1486.43429741771,1584.74925232364,1620.11953793293,1648.17631554009,1686.86335460016,1731.61751794976,1794.40235887329,1673.15551466723,1635.24511473059,1614.55137773785,1617.79082882481,1610.6023078966,1620.357889066,1627.5806134224,1648.91226979296,1669.72764267278,1678.78623269491,1707.83153830039,1545.72714379204,1577.43246056529,1602.71368352337,1629.46097248642,1657.04970622969
"GDP per capita, PPP (constant 2021 international $)",NY.GDP.PCAP.PP.KD,Malawi,MWI,..,..,..,..,..,..,..,..,..,..,..,..,..,..,..,..,..,..,..,..,..,..,..,..,..,..,..,..,..,..,1047.46436351132,1104.3904622212,994.036504790471,1074.58485213269,975.849640143399,1140.75609365079,1200.32058232422,1221.09404555353,1241.52433181826,1249.77523298871,1239.39174838676,1149.58039601898,1140.84274642418,1176.12385998737,1208.2196975075,1214.7426419188,1237.27386519947,1318.33196397214,1378.42886690465,1449.72601522136,1504.37514113215,1533.22889572405,1518.14803849238,1555.50607410511,1597.56484331405,1597.69145324855,1593.59549264808,1613.0593571462,1638.91665761076,1687.28944917892,1656.43985192533,1687.59358179651,1659.95933825168,1649.29873234551,1634.24660266597
"GDP per capita, PPP (constant 2021 international $)",NY.GDP.PCAP.PP.KD,Malaysia,MYS,..,..,..,..,..,..,..,..,..,..,..,..,..,..,..,..,..,..,..,..,..,..,..,..,..,..,..,..,..,..,12013.6969483112,12795.0498964228,13567.8936121181,14533.790397007,15474.0144648307,16568.5160590209,17771.7118795056,18604.514527465,16817.1719190401,17428.6256563043,18532.9096706227,18186.4411330146,18708.8694877279,19329.0062757538,20168.5062099425,20767.5857243346,21444.4857715028,22305.118263117,22898.0027575442,22106.6417311801,23307.9698543785,24115.8181203958,25006.3587781537,25736.3525554142,26818.4317281659,27699.6278860387,28425.3707609412,29551.5457597197,30459.9655338061,31300.5086554849,29200.452632127,29822.8491831618,32129.2217820113,32857.6676600774,34116.2317848885
"GDP per capita, PPP (constant 2021 international $)",NY.GDP.PCAP.PP.KD,Maldives,MDV,..,..,..,..,..,..,..,..,..,..,..,..,..,..,..,..,..,..,..,..,..,..,..,..,..,..,..,..,..,..,8945.80478665277,8799.25510927462,9120.9918309279,9378.52243653043,9866.07502836993,10894.1730236585,11495.0988639063,12210.9687208916,12884.7223193763,13449.2026730153,13738.2809408875,12977.9990665612,13689.8065561949,15316.1192814998,15958.6557759464,13942.8753891662,16829.9768208157,17439.9504862625,18344.4866455436,16230.0089361263,16730.0144200167,17581.7676697752,17390.1474995422,17986.8907361645,18765.3592118344,18829.4481529112,19345.1792343541,20036.7165354949,21072.5805249694,21855.501224579,14242.9750701162,19052.6224904311,21357.8112511153,22333.0477138175,23034.4098404839
"GDP per capita, PPP (constant 2021 international $)",NY.GDP.PCAP.PP.KD,Mali,MLI,..,..,..,..,..,..,..,..,..,..,..,..,..,..,..,..,..,..,..,..,..,..,..,..,..,..,..,..,..,..,1890.50212991263,2087.9190293987,1942.72857142808,1985.38064863365,2051.75478430683,2022.4037826787,2105.2753013378,2142.78769298746,2228.20055528486,2269.08741153512,2187.71894209604,2458.46155672294,2455.61935704114,2611.8368553004,2565.97744562534,2546.33281406377,2555.07476259654,2515.94692367878,2523.1996127255,2575.54549773621,2632.26468220172,2623.34627008963,2520.52931087437,2528.53006767058,2609.16733048758,2686.56065074588,2759.11051294151,2816.194239022,2862.40728989634,2916.17167790759,2796.41038444894,2796.22793795433,2813.81095962843,2860.42819002278,2916.18529537154
"GDP per capita, PPP (constant 2021 international $)",NY.GDP.PCAP.PP.KD,Malta,MLT,..,..,..,..,..,..,..,..,..,..,..,..,..,..,..,..,..,..,..,..,..,..,..,..,..,..,..,..,..,..,17324.3690794983,17918.7729227455,18566.7964349178,19205.9465225493,20102.4020941142,21228.8827140472,21886.6052225401,22863.4942384574,23879.6775796791,24858.9757615368,29560.1788441792,29116.8264947493,29692.7692217189,30587.5679689088,30506.5872779636,31186.1269991581,31798.6285492851,33283.8534302963,34526.489022327,33789.0575673414,35707.264476315,35909.0827556224,37047.3210348066,38935.1867625143,41068.2095767399,43930.9213739386,44687.7724959638,49122.472309038,50826.2931902802,50801.9556181426,47944.0154480893,54094.9873781231,54085.1262928202,57488.1061103779,59659.5237078097
"GDP per capita, PPP (constant 2021 international $)",NY.GDP.PCAP.PP.KD,Marshall Islands,MHL,..,..,..,..,..,..,..,..,..,..,..,..,..,..,..,..,..,..,..,..,..,..,..,..,..,..,..,..,..,..,3905.58584891503,3828.46355230266,4029.34125092657,4207.40977456892,4396.91464876183,4703.43305447938,4174.81392158106,3867.34286781701,3805.88691498835,3718.81112086275,3772.2158024995,4000.73051185181,4121.83964555336,4040.65511934983,4012.3445001608,4075.1586476742,4075.57643179743,4222.41292273556,3903.30558742877,4047.22680617884,4269.35843273854,4259.11601606604,4244.04434413749,4469.85358401607,4491.99193864536,4670.10918243675,4896.52195460777,5199.3444796298,5635.30750426868,6405.07564930525,6417.18441217728,6767.95785510528,6936.86510911803,6801.61469241924,7209.26654997536
"GDP per capita, PPP (constant 2021 international $)",NY.GDP.PCAP.PP.KD,Mauritania,MRT,..,..,..,..,..,..,..,..,..,..,..,..,..,..,..,..,..,..,..,..,..,..,..,..,..,..,..,..,..,..,5519.61033643387,5456.55576032365,5350.1180367309,5439.82228766957,5097.20839032237,5446.26956105444,5650.3411811269,5302.3666333722,5310.15819138341,5359.98881996232,5008.60806690014,4847.41086088566,4806.89853417166,5023.65213424467,5139.22552002451,5445.82951227718,6284.70209025296,6002.77832165174,5813.35608368305,5639.78745018612,5605.76388754436,5653.21719956693,5716.25195328296,5769.72870835599,5837.8520312229,5969.54239339806,5866.28144759405,6050.62180273825,6153.63790295218,6162.21044512087,5963.23549793488,5836.56580821897,6053.26178155509,6276.47521079359,6482.69016724334
"GDP per capita, PPP (constant 2021 international $)",NY.GDP.PCAP.PP.KD,Mauritius,MUS,..,..,..,..,..,..,..,..,..,..,..,..,..,..,..,..,..,..,..,..,..,..,..,..,..,..,..,..,..,..,9058.66650192375,9358.88578338005,9838.10232774766,10216.2423835678,10490.888540896,10847.0307453987,11336.6041686972,11832.2877924531,12419.4673726952,12582.7521544356,13481.7540541745,13823.4171391048,13949.4742923184,14669.5001844577,15209.0164267817,15387.9807842254,16061.6030030396,16904.2745171796,17750.5936228988,18290.4070077862,19045.6542832867,19790.5300586052,20425.707017688,21061.0293432869,21827.4802326052,22603.0885218714,23460.0011516323,24361.8758542058,25324.1785958124,26047.9753573284,22258.3868106268,23010.2013826905,25085.9891959451,26635.0124048697,28011.1579806299
"GDP per capita, PPP (constant 2021 international $)",NY.GDP.PCAP.PP.KD,Mexico,MEX,..,..,..,..,..,..,..,..,..,..,..,..,..,..,..,..,..,..,..,..,..,..,..,..,..,..,..,..,..,..,17169.5925840496,17511.7313092808,17796.4059642863,17970.5871849494,18422.819927556,17028.1215003697,17775.8727869147,18737.6426443231,19573.0654539328,19793.2852841045,20470.4937646148,20078.2183908739,19744.7933653416,19701.4633876569,20127.2242847772,20277.2552818503,20965.8256074046,21102.2688314629,20992.5602618229,19385.5437230088,20058.3854859755,20457.6001664624,20898.9357195292,20805.3480411912,21069.7661649129,21408.9283201493,21578.2633554092,21777.5225111982,21997.7730167472,21704.1859494071,19728.4817823158,20782.5877417545,21391.8573692427,21917.24858366,22039.6287019016
"GDP per capita, PPP (constant 2021 international $)",NY.GDP.PCAP.PP.KD,"Micronesia, Fed. Sts.",FSM,..,..,..,..,..,..,..,..,..,..,..,..,..,..,..,..,..,..,..,..,..,..,..,..,..,..,..,..,..,..,3112.46491723246,3282.91824685943,3347.64556913981,3543.74966824326,3459.88583986166,3663.78236228922,3526.09250594956,3296.33568727784,3380.53310212796,3409.41700394847,3555.49951989363,3609.87256369558,3623.19636273235,3692.41720136136,3586.11247849917,3685.99439466343,3701.35082122551,3665.65753455567,3601.90031821178,3674.48835418326,3764.95289087757,3901.67577698307,3828.74704775533,3680.10650035034,3575.85071357893,3723.39901795888,3746.13008308173,3813.44207942995,3798.59203794112,3940.26446989917,3852.20025570019,3946.41608109166,3814.99076486823,3814.72009332148,3824.1523439548
"GDP per capita, PPP (constant 2021 international $)",NY.GDP.PCAP.PP.KD,Moldova,MDA,..,..,..,..,..,..,..,..,..,..,..,..,..,..,..,..,..,..,..,..,..,..,..,..,..,..,..,..,..,..,15902.8943232278,13342.0600237962,9461.42772606577,9363.59309935118,6490.35310271769,6428.83979448752,6063.14051693664,6185.83952473232,5783.48593751483,5597.46512850295,5727.07922525352,6090.03474356112,6580.27841436838,7034.35784911687,7573.6178454751,8161.47344724765,8577.02858037286,8854.83397616724,9563.69814290939,9001.23432081622,9649.9509930271,10217.3087761255,10158.3854676883,11080.0634585341,11641.1208436577,11691.0797484184,12377.366678394,13118.8219369605,13895.5043655692,14621.2401362286,13559.2600217483,15682.0703284653,15358.0153548867,15990.4793311152,16376.6113704265
"GDP per capita, PPP (constant 2021 international $)",NY.GDP.PCAP.PP.KD,Monaco,MCO,..,..,..,..,..,..,..,..,..,..,..,..,..,..,..,..,..,..,..,..,..,..,..,..,..,..,..,..,..,..,..,..,..,..,..,..,..,..,..,..,..,..,..,..,..,..,..,..,..,..,..,..,..,..,..,..,..,..,..,..,..,..,..,..,..
"GDP per capita, PPP (constant 2021 international $)",NY.GDP.PCAP.PP.KD,Mongolia,MNG,..,..,..,..,..,..,..,..,..,..,..,..,..,..,..,..,..,..,..,..,..,..,..,..,..,..,..,..,..,..,6637.81926731198,5874.25558231388,5324.48759689987,5162.0998701038,5213.84632608076,5457.68501570005,5494.32133981897,5628.10663484223,5735.84383645771,5829.16641455929,5818.24307842901,5917.07088396343,6117.9824222592,6463.78966651762,7070.667158451,7499.84803935428,8043.99678108557,8750.13407442299,9379.85489687765,9095.9769892529,9507.118823625,10960.0959283864,12078.9185320062,13210.0945665668,13943.4277148653,13974.5967260365,13898.1456953585,14401.5375067562,15230.2408828847,15790.6961126441,14801.3420829185,14792.2509086422,15310.4349469163,16222.8638898529,16842.6505873797
"GDP per capita, PPP (constant 2021 international $)",NY.GDP.PCAP.PP.KD,Montenegro,MNE,..,..,..,..,..,..,..,..,..,..,..,..,..,..,..,..,..,..,..,..,..,..,..,..,..,..,..,..,..,..,..,..,..,..,..,..,..,13928.8026581238,14655.9906634596,13314.7226445498,13751.3282659061,13846.7442500401,14053.9432093326,14345.480146272,14953.8941133554,15556.0283379052,16867.6432691039,18046.6382747187,19257.3961416028,18064.2267667426,18531.6285824865,19135.1901551663,18627.0162265445,19221.5910700434,19640.7023720282,20107.0116811061,20775.2055158716,21421.9315829822,22419.4831155774,23392.8133808519,19890.7910759645,22541.0879231146,24342.6033831469,25922.1828446199,26742.5578934939
"GDP per capita, PPP (constant 2021 international $)",NY.GDP.PCAP.PP.KD,Morocco,MAR,..,..,..,..,..,..,..,..,..,..,..,..,..,..,..,..,..,..,..,..,..,..,..,..,..,..,..,..,..,..,4418.66015625,4656.1259765625,4483.24951171875,4379.76416015625,4771.0927734375,4444.228515625,4916.47998046875,4766.1103515625,5033.92333984375,5043.6650390625,5100.11572265625,5417.57861328125,5544.07177734375,5810.05322265625,5996.39013671875,6103.42236328125,6488.673828125,6620.59033203125,6901.95068359375,7063.72705078125,7210.63671875,7503.79296875,7628.64404296875,7839.0322265625,7951.79833984375,8198.80859375,8141.9404296875,8450.0087890625,8611.75,8768.17578125,8054.56298828125,8623.265625,8690.4482421875,8915.3515625,9162.7470703125
"GDP per capita, PPP (constant 2021 international $)",NY.GDP.PCAP.PP.KD,Mozambique,MOZ,..,..,..,..,..,..,..,..,..,..,..,..,..,..,..,..,..,..,..,..,..,..,..,..,..,..,..,..,..,..,547.622781432196,563.512103416232,510.82282292831,549.048759770955,546.209688164263,525.418671837499,562.857456341656,612.371551265915,660.650177820748,722.305561379979,711.976393527396,785.790173616246,842.645266172761,883.239121472194,934.133964844421,970.38995609863,1041.80471709595,1095.12568701598,1141.94256161019,1178.70909947834,1224.23020471309,1275.52959822581,1338.51594866104,1385.83254864214,1449.92926632722,1512.5997455554,1537.90853271216,1532.0073576114,1538.83512127022,1528.88988354373,1466.12476474476,1457.23540930922,1476.66560298097,1512.27640791481,1500.31427446351
"GDP per capita, PPP (constant 2021 international $)",NY.GDP.PCAP.PP.KD,Myanmar,MMR,..,..,..,..,..,..,..,..,..,..,..,..,..,..,..,..,..,..,..,..,..,..,..,..,..,..,..,..,..,..,775.328254381998,759.282764169726,821.327755047125,859.345526733596,911.468427954616,962.209421824521,1011.15993423274,1054.76742791265,1102.79096369399,1209.01642809997,1359.93038778036,1498.31163236525,1661.73588517132,1874.17128269389,2110.23728495831,2377.90258162976,2669.32700379999,2968.3033151236,3254.738978881,3578.17424704515,3893.79030665874,4078.61220919965,4340.99945069174,4666.95376141392,5006.50667149767,5313.88615901476,5580.98977273232,5877.87465558175,6201.26341429803,6562.98898478625,5926.83450206681,5178.44718217164,5350.47666899931,5364.13797034429,5276.29433987853
"GDP per capita, PPP (constant 2021 international $)",NY.GDP.PCAP.PP.KD,Namibia,NAM,..,..,..,..,..,..,..,..,..,..,..,..,..,..,..,..,..,..,..,..,..,..,..,..,..,..,..,..,..,..,7281.77892577888,7618.33278184449,7911.01025804281,7541.56081791845,7437.33529036109,7506.10484034086,7538.92462342201,7656.32512542986,7709.89004370134,7773.94354148714,7858.38789521253,7786.54169496761,8017.28134128559,8237.36597245597,9130.82442337694,9245.1365329555,9773.29833199798,10162.2400708746,10286.5124067605,10166.2899453939,10614.6201576671,10965.2729759535,11266.6089486464,11593.5753768689,11982.6963648348,12166.5658392058,11846.7880832757,11408.7253099967,11214.38604306,10813.3044681944,9652.24827219463,9709.09930646771,9953.09752403491,10137.6726120025,10281.3356402988
"GDP per capita, PPP (constant 2021 international $)",NY.GDP.PCAP.PP.KD,Nauru,NRU,..,..,..,..,..,..,..,..,..,..,..,..,..,..,..,..,..,..,..,..,..,..,..,..,..,..,..,..,..,..,30123.366206368,23836.9645933961,19620.383633736,16326.1379484655,15640.7583760055,14361.7946919817,12636.1815903094,11488.9913261969,10133.6780606971,9478.30050692905,8844.94679373008,8277.86825221942,7487.93107727707,7526.41594992197,7200.94828845528,7208.83070771819,7829.71497360134,6109.60106113352,7339.57869508137,6926.97979734746,6908.3570297951,7881.13125592445,9639.56633771324,9798.48256139004,11112.9673369473,11270.4681981308,11529.8856976118,10631.9143863208,10401.2803984916,11183.095616258,11304.5723318731,12112.2358384228,12363.6457029853,12372.5209531064,12468.7614524615
"GDP per capita, PPP (constant 2021 international $)",NY.GDP.PCAP.PP.KD,Nepal,NPL,..,..,..,..,..,..,..,..,..,..,..,..,..,..,..,..,..,..,..,..,..,..,..,..,..,..,..,..,..,..,1808.26490041654,1874.27513595212,1896.97166297747,1916.94352666156,2023.11519682155,2043.60517160069,2105.50832713857,2166.3126334505,2188.2220157023,2242.65011822095,2340.81563141298,2413.8142127556,2380.24424587571,2439.49479601556,2521.54105171428,2580.23106308364,2641.34799494749,2708.7143922589,2852.60983167965,2961.83900365912,3085.31407004502,3176.65040602417,3316.50073452021,3426.5579593796,3621.73168937112,3745.26182249477,3743.7445783578,4071.70431755798,4371.38571771897,4607.52454717112,4412.5420439395,4546.22970006289,4763.38751073946,4861.23030387639,5046.81592972946
"GDP per capita, PPP (constant 2021 international $)",NY.GDP.PCAP.PP.KD,Netherlands,NLD,..,..,..,..,..,..,..,..,..,..,..,..,..,..,..,..,..,..,..,..,..,..,..,..,..,..,..,..,..,..,43128.3126390938,43833.4841712698,44245.5254850329,44490.7561855682,45532.8045253849,46720.2879220144,48095.966024712,49881.8758323461,51879.3803259073,54134.3622865113,56016.8727218416,56887.4332731111,56664.4134372303,56452.8674805644,57391.3645202468,58422.0135197444,60391.544265121,62601.6205718183,63678.4032834996,61029.7298855714,61518.5540088717,62318.1416226231,61480.8126014961,61281.288807752,62045.8563802085,63081.3941350677,64267.736357935,65666.0036593237,66758.2640145753,67847.8542926795,64862.1922496366,68573.5648786446,71324.0360349277,70198.9297909022,70498.8840396071
"GDP per capita, PPP (constant 2021 international $)",NY.GDP.PCAP.PP.KD,New Caledonia,NCL,..,..,..,..,..,..,..,..,..,..,..,..,..,..,..,..,..,..,..,..,..,..,..,..,..,..,..,..,..,..,..,..,..,..,..,..,..,..,..,..,..,..,..,..,..,..,..,..,..,..,..,..,..,..,..,..,..,..,..,..,..,..,..,..,..
"GDP per capita, PPP (constant 2021 international $)",NY.GDP.PCAP.PP.KD,New Zealand,NZL,..,..,..,..,..,..,..,..,..,..,..,..,..,..,..,..,..,..,..,..,..,..,..,..,..,..,..,..,..,..,30695.4673486392,28924.7432009087,28938.0980223644,30438.6278566661,31574.3568979925,32584.6549851439,33231.4477971415,33480.1450529262,33469.2534254937,35084.291368526,35879.7911310766,36885.644684201,37959.0650638123,38976.9126257578,39971.7705007585,40848.2981387428,41475.1217441795,42346.0894838728,41561.1820713151,41132.3368456501,41270.9285099133,41814.8851834052,42570.3332823343,43338.4373782961,44255.5046637459,44963.8339159182,45626.6818435018,46193.2884771696,46947.937247914,47362.3199332352,46266.3954728951,48248.7176729892,49964.1765523158,49508.2697230172,49316.3999433708
"GDP per capita, PPP (constant 2021 international $)",NY.GDP.PCAP.PP.KD,Nicaragua,NIC,..,..,..,..,..,..,..,..,..,..,..,..,..,..,..,..,..,..,..,..,..,..,..,..,..,..,..,..,..,..,4217.60888499484,4113.68749893654,4037.27548904798,3934.09275716749,3979.98533697261,4130.28612675871,4311.49316853482,4408.32889987936,4502.59836619887,4750.94886822618,4878.24776981667,4958.32771126837,4935.48539005128,5000.6117655634,5204.38202801757,5356.95850970538,5500.40577576797,5697.21109549591,5809.09964464617,5538.3658931707,5701.12790180564,5976.25284495841,6275.7876907774,6494.14961103199,6712.21749816316,6939.03286207731,7158.75799760378,7391.19683946294,7049.02753442352,6756.59375829081,6523.3698502278,7119.16923360042,7277.82264804562,7496.5292687685,7661.60202722818
"GDP per capita, PPP (constant 2021 international $)",NY.GDP.PCAP.PP.KD,Niger,NER,..,..,..,..,..,..,..,..,..,..,..,..,..,..,..,..,..,..,..,..,..,..,..,..,..,..,..,..,..,..,1411.84892200281,1362.74545343526,1347.33229741984,1309.6112110994,1291.68161029002,1280.3354211914,1239.47664115174,1217.31253567922,1294.16191156539,1247.64712892756,1190.56674543223,1233.06511808278,1248.82313660601,1231.2780915085,1192.0823507557,1233.87551052205,1260.12046671298,1252.74827252938,1300.55418500177,1277.69230957636,1336.56410237447,1318.10130997844,1403.18971067857,1423.26169034701,1462.82122998491,1471.66135329224,1500.00858681288,1520.0015371232,1574.33838262666,1612.63734693259,1615.69272448944,1585.59922021188,1717.51891457684,1689.56425367067,1803.4369300532
"GDP per capita, PPP (constant 2021 international $)",NY.GDP.PCAP.PP.KD,Nigeria,NGA,..,..,..,..,..,..,..,..,..,..,..,..,..,..,..,..,..,..,..,..,..,..,..,..,..,..,..,..,..,..,5423.8068960709,5301.36342299095,5403.15311816844,5154.75757918925,4929.26827930529,4797.51152154868,4869.82113341489,4884.04743279879,4880.87997128038,4781.67311002018,4889.00321939426,5039.54869772676,5654.89706065018,5905.31482803165,6275.29894529583,6496.93228200091,6702.94533358778,6949.42650737506,7215.76946222422,7581.40572117009,7962.6395731076,8153.53178680367,8265.9055121162,8581.207822956,8884.77428661657,8892.05798706748,8534.69281513898,8396.78452274331,8362.62330891339,8361.78664857198,7664.21099591193,7588.47885596359,7752.26206532009,7843.83461990405,7994.21563861459
"GDP per capita, PPP (constant 2021 international $)",NY.GDP.PCAP.PP.KD,North Macedonia,MKD,..,..,..,..,..,..,..,..,..,..,..,..,..,..,..,..,..,..,..,..,..,..,..,..,..,..,..,..,..,..,12278.6637214858,11564.0956446423,10929.6615977789,10242.651307885,10134.2150653381,9991.82225945554,10039.8100629547,10264.3725995917,10554.8646919125,10960.3270635811,11406.8563566892,11010.6183013287,11256.5356823915,11492.1149885832,12068.2806854614,12706.8158450018,13433.5443407778,14385.0610009248,15260.251667134,15304.1983953734,15919.6900201451,16367.03554064,16356.3401355766,16897.014775912,17557.3378727867,18283.2092254459,18864.2908884287,19145.2494468401,19796.906661928,20711.2654023295,19954.3994977276,21070.2754741732,21715.4337998328,22317.7247620591,23029.4145629581
"GDP per capita, PPP (constant 2021 international $)",NY.GDP.PCAP.PP.KD,Northern Mariana Islands,MNP,..,..,..,..,..,..,..,..,..,..,..,..,..,..,..,..,..,..,..,..,..,..,..,..,..,..,..,..,..,..,..,..,..,..,..,..,..,..,..,..,..,..,..,..,..,..,..,..,..,..,..,..,..,..,..,..,..,..,..,..,..,..,..,..,..
"GDP per capita, PPP (constant 2021 international $)",NY.GDP.PCAP.PP.KD,Norway,NOR,..,..,..,..,..,..,..,..,..,..,..,..,..,..,..,..,..,..,..,..,..,..,..,..,..,..,..,..,..,..,57106.8839477005,58588.4683793671,60333.4494661276,61681.8032830775,64432.0723716969,66762.1587276864,69764.3814246187,73053.9655256434,74558.2948989562,75583.834403854,77587.2073182558,78791.3045707129,79447.0914824426,79728.7849973309,82440.9558801113,84079.996241889,85458.5466934023,87043.4979357593,86379.6624832291,83642.0695747773,83256.7880722557,83092.4342216441,84237.1495663816,84070.4583940478,84830.2558016961,85550.2942614495,85787.6174410424,87194.1115421374,87338.4708008985,87725.7283254613,86096.0508947506,88984.1386736515,91051.0831968407,90085.4382059786,91105.246799623
"GDP per capita, PPP (constant 2021 international $)",NY.GDP.PCAP.PP.KD,Oman,OMN,..,..,..,..,..,..,..,..,..,..,..,..,..,..,..,..,..,..,..,..,..,..,..,..,..,..,..,..,..,..,35201.5524871089,35574.6761369599,36841.4011555658,37455.340258395,37782.723828978,38946.7742715175,39455.8264119985,41191.0312402444,40574.674486189,40145.9312841691,42086.0431536301,43492.2863754557,42654.1482671623,41247.5873733105,41351.7687385072,41551.1413844552,42540.4398485334,43696.9691440917,46586.3955926767,48304.1178923167,48191.6145135737,44440.3092616125,41964.0828578552,40854.4853548905,39639.9870514802,39813.7887054675,39860.9893909688,38691.1077105097,38673.6045360857,38292.3859682752,37560.5998714953,38719.4587682049,39780.2122774985,37793.6164427762,36721.0804634186
"GDP per capita, PPP (constant 2021 international $)",NY.GDP.PCAP.PP.KD,Pakistan,PAK,..,..,..,..,..,..,..,..,..,..,..,..,..,..,..,..,..,..,..,..,..,..,..,..,..,..,..,..,..,..,3199.72962609833,3252.35104026309,3404.12138406329,3369.23795906028,3395.50432067539,3462.47336165841,3526.14160875155,3462.58145605889,3454.17665330544,3484.45678319813,3531.71291531612,3559.72784658715,3563.67846926558,3668.77938852508,3859.64601808903,4042.15457513378,4185.86655659206,4257.92556870432,4233.34830715497,4270.43882264229,4228.7817715945,4246.06710882497,4292.02110293486,4407.14705841377,4520.23463399286,4645.28631071145,4886.61212115378,5031.56060738433,5255.06350681272,5295.95295138203,5135.01459288839,5367.27364714762,5526.27928310213,5418.7693189297,5500.32394824285
"GDP per capita, PPP (constant 2021 international $)",NY.GDP.PCAP.PP.KD,Palau,PLW,..,..,..,..,..,..,..,..,..,..,..,..,..,..,..,..,..,..,..,..,..,..,..,..,..,..,..,..,..,..,17851.1833597407,18301.0508681131,16728.0210226785,14327.2728583551,15008.3189890158,16232.8372963508,17455.115927972,17408.8855585991,17358.2841361311,16093.4027866529,15447.9517644732,16433.6411703372,17075.2487452334,16579.3137978346,17015.6800255788,17507.4363236754,17749.7742778468,18255.6693104131,17574.0751337338,16688.7234642116,16524.0426937512,17670.9138744537,18279.8892705019,17931.4312359519,18786.8332875028,20212.0181058882,20449.1316608307,19821.0983603983,19572.3446450452,19519.018546453,18183.7369201975,15780.5501158866,16040.9080564681,16425.9722714446,..
"GDP per capita, PPP (constant 2021 international $)",NY.GDP.PCAP.PP.KD,Panama,PAN,..,..,..,..,..,..,..,..,..,..,..,..,..,..,..,..,..,..,..,..,..,..,..,..,..,..,..,..,..,..,10263.688873241,10994.5496018421,11649.7957720553,12032.8075975884,12123.3492221421,12086.6434128166,12327.8514997327,13013.8909440715,13826.532301715,14261.7409202087,14572.9752457781,14427.8299350708,14507.1438361336,14957.5532657251,15875.1127056615,16867.960935567,18190.2741337857,20208.8215796091,21867.81875743,21822.98771721,22739.1106156183,24999.4605922405,26926.8852947452,28135.3278787268,28931.8044516019,29933.1555965973,30765.2371534884,31979.8122635605,32681.4463581168,33163.726919217,26881.7987214437,30932.7627809145,33915.1526066674,35872.9506479276,36394.9175291147
"GDP per capita, PPP (constant 2021 international $)",NY.GDP.PCAP.PP.KD,Papua New Guinea,PNG,..,..,..,..,..,..,..,..,..,..,..,..,..,..,..,..,..,..,..,..,..,..,..,..,..,..,..,..,..,..,3164.14887348766,3358.18865205789,3690.34502629694,4206.42911730353,4297.89116182918,4008.72203783633,4167.03622077872,3864.23030411237,3590.10012280793,3531.659532466,3326.79859970528,3211.75932963208,3100.79509952543,3064.44402995345,3046.33289602666,3136.58568251035,3202.48730426388,3345.85030363442,3233.91811872812,3349.64345389883,3579.17141222267,3514.83277391807,3577.4517726759,3615.28323843913,3998.61805004308,4154.52332559184,4275.74858615698,4322.22282084806,4211.1454741469,4301.61139205544,4077.63132163554,3976.90380116956,4125.49303365201,4205.84773981096,4288.52828988176
"GDP per capita, PPP (constant 2021 international $)",NY.GDP.PCAP.PP.KD,Paraguay,PRY,..,..,..,..,..,..,..,..,..,..,..,..,..,..,..,..,..,..,..,..,..,..,..,..,..,..,..,..,..,..,9962.4802784313,10040.3122459136,9948.42118145656,10178.4547948467,10459.0898500494,10908.2726627911,10825.2874881089,11033.0157241318,10802.5597410663,10435.3986807111,9998.5928544516,9749.25865842257,9610.74777842153,9903.45028992176,10187.194394255,10290.100822296,10672.9933252383,11141.8704701878,11751.1391651711,11601.2854565092,12738.5765601697,13109.4665717904,12834.8015915131,13700.7030515391,14219.3544308099,14427.6002349811,14826.6636909978,15320.3366476954,15592.9841390322,15321.3245528947,14991.6606201148,15406.1670646576,15259.1456311862,15826.087501295,16296.2836189263
"GDP per capita, PPP (constant 2021 international $)",NY.GDP.PCAP.PP.KD,Peru,PER,..,..,..,..,..,..,..,..,..,..,..,..,..,..,..,..,..,..,..,..,..,..,..,..,..,..,..,..,..,..,6317.07906710902,6322.5749048607,6161.63575258419,6355.26196593997,6997.70582373207,7372.04245454078,7437.19257195658,7773.82700600992,7603.80928968867,7585.32788841374,7669.0953178046,7611.6662817532,7931.57975039907,8174.37942683849,8495.986392858,8949.95442691077,9547.91327762554,10286.3548193625,11151.530521564,11204.3768755244,12059.0180183322,12726.5999815198,13395.3993805891,14052.1376191683,14244.5660212948,14542.7930911313,14917.4489473588,15069.5221084659,15386.2601642505,15463.5432397882,13609.5999609595,15280.5512106486,15559.821643644,15327.5819994558,15661.7497711956
"GDP per capita, PPP (constant 2021 international $)",NY.GDP.PCAP.PP.KD,Philippines,PHL,..,..,..,..,..,..,..,..,..,..,..,..,..,..,..,..,..,..,..,..,..,..,..,..,..,..,..,..,..,..,4504.46230383567,4378.39532090518,4293.71810131081,4283.15967786629,4374.06721651165,4477.32317711022,4631.77197705972,4758.70845808515,4616.67292900617,4650.75926947589,4740.43891694569,4778.4008437474,4856.49948429567,5003.38317718716,5229.45080700165,5386.81653712891,5578.57225112139,5840.06810169965,5987.03757861835,5965.30730902221,6273.03927731515,6388.31296959977,6697.55620962768,7016.53846470436,7340.361585912,7691.76308685047,8131.82537948653,8584.13622709699,9016.28659637608,9452.2939715981,8455.18457134106,8857.78995115514,9457.10395402883,9898.53294588746,10375.9404179938
"GDP per capita, PPP (constant 2021 international $)",NY.GDP.PCAP.PP.KD,Poland,POL,..,..,..,..,..,..,..,..,..,..,..,..,..,..,..,..,..,..,..,..,..,..,..,..,..,..,..,..,..,..,12821.4636316574,11879.7539252619,12141.2351323725,12563.1045363124,13200.1614164951,14227.5663687798,15083.09812162,16031.7211485265,16766.6492883267,17556.0026927987,18566.3546288772,18800.6018648402,19166.9137058143,19855.6317989181,20878.6545002534,21568.9476594356,22921.1975887696,24484.0656663756,25553.9058406534,26204.410367111,27112.1333797381,28521.6612623568,28952.9157305301,29168.624211075,30334.8786569618,31700.3682364154,32675.3052259954,34354.5987616319,36500.4114282584,38181.6230334689,37852.8021313639,41059.5847829682,43405.0215797441,43672.7668014946,45153.0439773281
"GDP per capita, PPP (constant 2021 international $)",NY.GDP.PCAP.PP.KD,Portugal,PRT,..,..,..,..,..,..,..,..,..,..,..,..,..,..,..,..,..,..,..,..,..,..,..,..,..,..,..,..,..,..,27190.5720267043,28443.7945360373,28776.0475772619,28153.6155177216,28348.8658386372,29460.8141864852,30378.7557756388,31574.4021979121,32925.6638725858,34018.9637066505,35069.827570513,35500.226680409,35578.5200308997,35115.3795144127,35658.1298257503,35870.3092741499,36387.5367379519,37226.47026267,37291.504896966,36092.8109314685,36703.1141882821,36127.2949766154,34804.6333340481,34651.7719455055,35097.4098263229,35803.3575649769,36636.2978441633,37943.1150505673,39123.6151282571,40188.2868799219,36852.22873381,38657.6677223425,41070.861152974,41768.2549192626,42197.2025135828
"GDP per capita, PPP (constant 2021 international $)",NY.GDP.PCAP.PP.KD,Puerto Rico (US),PRI,..,..,..,..,..,..,..,..,..,..,..,..,..,..,..,..,..,..,..,..,..,..,..,..,..,..,..,..,..,..,26738.8144405273,27162.1507880615,28219.1160498293,29282.1121792431,30225.7807602628,31310.1801642693,31677.2302541644,32915.7905705568,34537.1851859472,36216.8380896225,37298.5450447133,39568.5528383032,39879.7295566967,39876.0670237773,43355.8226365269,42555.7081189669,42133.9682748773,41888.6232716478,41358.0689136668,40772.3514249612,40777.6892825687,40972.5364074959,41347.4542013586,41556.7852350074,41593.6798280708,41737.6068571153,41858.2626698462,41479.9977732034,41119.3088051648,41656.3291581369,40171.38668761,40559.474811812,42310.9585064702,42837.8994791262,44205.7494879255
"GDP per capita, PPP (constant 2021 international $)",NY.GDP.PCAP.PP.KD,Qatar,QAT,..,..,..,..,..,..,..,..,..,..,..,..,..,..,..,..,..,..,..,..,..,..,..,..,..,..,..,..,..,..,71584.3761008266,68122.8639906324,73450.9520794121,70250.6988205416,69119.8834809747,68732.4655730397,69746.1505971988,87140.0414805606,91901.0695568133,90837.3739354159,93186.9710440179,92115.7349961796,94111.5966588338,93224.3623187548,107023.577147067,107784.417294658,115383.630413612,109579.67852883,109206.297312914,108435.74676157,129044.708988673,145590.759374614,143830.55475292,136453.930654184,128013.946689103,123070.823231761,120054.244506415,115064.83603436,114909.792335472,113160.839750596,103061.899444607,116832.656941972,114740.16518158,116563.992526162,110889.792701691
"GDP per capita, PPP (constant 2021 international $)",NY.GDP.PCAP.PP.KD,Romania,ROU,..,..,..,..,..,..,..,..,..,..,..,..,..,..,..,..,..,..,..,..,..,..,..,..,..,..,..,..,..,..,15525.5504518051,13637.8855072159,12555.1411102071,12764.4502041274,13285.6415845119,14142.3873613234,14737.4314977771,14063.2337344986,13806.3232090584,13775.9285119019,14133.2726854774,15079.7318356027,16234.2164159732,16734.5490961334,18585.2418268945,19573.3273445957,21270.4671122771,23148.5745367088,25728.3000407986,24512.3063305778,23695.2246533291,24882.5529589799,25469.3533949354,25635.3683116375,26790.6839780062,27766.6871909969,28725.1086595685,31259.4292187335,33139.8497022526,34634.2623800162,33572.508458312,35713.7686003502,37353.0450505461,38171.2085822925,38539.5770476858
"GDP per capita, PPP (constant 2021 international $)",NY.GDP.PCAP.PP.KD,Russian Federation,RUS,..,..,..,..,..,..,..,..,..,..,..,..,..,..,..,..,..,..,..,..,..,..,..,..,..,..,..,..,..,..,29643.595703125,28066.921875,23965.244140625,21899.517578125,19153.36328125,18363.712890625,17699.869140625,17977.3515625,17052.755859375,18200.3203125,20104.75,21219.904296875,22319.677734375,24057.927734375,25894.146484375,27656.658203125,30022.671875,32630.369140625,34342.2265625,31654.00390625,33063.5859375,34444.64453125,35740.69921875,36260.06640625,35853.24609375,35037.15234375,35005.44921875,35570.390625,36536.6953125,37319.3203125,36376.3359375,38638.4296875,38214.49609375,39887.33984375,41704.7109375
"GDP per capita, PPP (constant 2021 international $)",NY.GDP.PCAP.PP.KD,Rwanda,RWA,..,..,..,..,..,..,..,..,..,..,..,..,..,..,..,..,..,..,..,..,..,..,..,..,..,..,..,..,..,..,1122.99132414558,1072.69710641561,1112.59034456897,984.217529921952,575.367548491022,931.367790069386,888.131009878549,874.694728296322,913.71963460585,945.733218859969,1016.66199090104,1093.18409838429,1220.7394919553,1220.49916686742,1277.19280440829,1360.29587570276,1446.71094686551,1516.26750609323,1641.77767401672,1699.94452992694,1779.15851051568,1874.21498172873,1988.01219478847,2032.40480194092,2106.21454365589,2238.53941469642,2316.63731573814,2351.59686866227,2493.44001744938,2667.46458436613,2520.31739425373,2733.43566762447,2892.45964942821,3062.99909649442,3264.64451474392
"GDP per capita, PPP (constant 2021 international $)",NY.GDP.PCAP.PP.KD,Samoa,WSM,..,..,..,..,..,..,..,..,..,..,..,..,..,..,..,..,..,..,..,..,..,..,..,..,..,..,..,..,..,..,3990.92671302249,3891.62983852199,3861.88898142388,3986.45388042165,3854.03940619772,4077.99085675777,4333.51287211017,4325.13822221329,4386.51915961412,4448.31977912795,4638.59446502597,4941.1152254089,5183.45456244226,5425.44383557984,5568.34734622238,5914.889706043,6017.47704264273,6013.27628827659,6182.76327854773,6104.12751491364,6427.31156227699,6616.7710962495,6311.96070235073,6262.32372017912,6247.90480904724,6432.35979168526,6887.30523545286,6919.01572858501,6805.0451717529,7033.52113384547,6745.29241350438,6350.11428353253,6449.36505263744,7383.74570300182,7686.24942571869
"GDP per capita, PPP (constant 2021 international $)",NY.GDP.PCAP.PP.KD,San Marino,SMR,..,..,..,..,..,..,..,..,..,..,..,..,..,..,..,..,..,..,..,..,..,..,..,..,..,..,..,..,..,..,..,..,..,..,..,..,..,66923.030342425,71024.5594991968,76474.1297159699,77149.4159964233,80420.7698522018,79649.5323827509,81688.3786834342,80724.8087680421,81632.1748989576,83781.547393613,86785.0181147659,85120.2868772716,73093.8317013426,68669.2526491343,64214.1187563371,58176.3777973964,58467.9769550045,58743.5844219421,59647.6594557072,60669.8186167521,59524.5597904018,59194.0442905609,60171.0471344217,55998.071099456,64745.1316780701,70887.573899815,70951.7895931976,..
"GDP per capita, PPP (constant 2021 international $)",NY.GDP.PCAP.PP.KD,Sao Tome and Principe,STP,..,..,..,..,..,..,..,..,..,..,..,..,..,..,..,..,..,..,..,..,..,..,..,..,..,..,..,..,..,..,3883.20429842266,3844.8963771482,3798.88352929514,3771.28612416062,3788.48370442152,3802.29132302174,3801.08164933857,3784.7902343178,3828.99823839083,3878.13108525246,3852.89042721453,3907.0192818698,3942.76040695115,4161.63833167542,4202.56186898775,4371.49721644128,4644.18044669991,4698.08416961839,4873.1813112046,4919.19529822865,4882.04796466341,4876.47315792145,4919.55294386577,5072.11200195866,5223.09572886388,5210.2037755431,5388.5091334891,5521.20249597413,5674.72379094011,5702.08347071236,5742.94724858826,5732.69456061536,5632.13890715047,5541.3016760535,5491.29829852275
"GDP per capita, PPP (constant 2021 international $)",NY.GDP.PCAP.PP.KD,Saudi Arabia,SAU,..,..,..,..,..,..,..,..,..,..,..,..,..,..,..,..,..,..,..,..,..,..,..,..,..,..,..,..,..,..,65196.573386053,67268.5518488763,67183.9100290945,64517.6652891052,62403.6937320122,60058.3174503511,59612.8125993665,58875.5473738828,58306.622809723,55878.1736494426,55962.2661342789,53309.111388544,50371.9783079834,52234.649280791,54196.5514152953,54931.7942450845,54373.737695386,53318.4191601834,54407.7081673247,51760.7643987566,54911.547517012,58645.4459416531,59471.7001909394,57998.4644619155,58872.2671400126,58498.5399040699,57308.4484127497,57942.5484983044,61359.4653740388,62647.7299487842,57420.7335736424,62690.4966645929,67178.5902274906,64481.8441927288,62792.7741476371
"GDP per capita, PPP (constant 2021 international $)",NY.GDP.PCAP.PP.KD,Senegal,SEN,..,..,..,..,..,..,..,..,..,..,..,..,..,..,..,..,..,..,..,..,..,..,..,..,..,..,..,..,..,..,2923.34412469673,2917.01427785027,2874.00297966311,2834.02797281318,2757.86087513844,2835.03272874496,2822.46837323856,2840.60808859832,2938.69162551525,3050.17800998696,3093.28791602615,3149.33113703503,3075.23157503112,3170.03494688479,3240.3020166984,3301.82076160815,3301.03152414193,3316.42037834774,3359.70567090311,3371.46166688616,3403.56707165919,3362.87940537332,3405.10864460824,3385.42590686562,3484.01219749797,3593.79477120389,3710.05531589724,3871.4514678592,3998.28635303406,4070.61227058594,4018.04129277358,4173.67741399619,4228.73382642974,4304.76148720232,4460.92372176318
"GDP per capita, PPP (constant 2021 international $)",NY.GDP.PCAP.PP.KD,Serbia,SRB,..,..,..,..,..,..,..,..,..,..,..,..,..,..,..,..,..,..,..,..,..,..,..,..,..,..,..,..,..,..,..,..,..,..,..,8986.70591742248,9548.34209005156,10433.685245549,11035.8420967993,9932.22300606122,10567.3394045858,11303.0674607538,12047.8687160434,12629.950875973,13505.9756136945,14346.3365567713,14964.665512524,16202.2691091563,17111.1391662381,16639.9945928357,16976.1685903029,17114.2818298012,17121.1618489925,17282.336893061,17053.2445925468,17362.8381754266,17973.2961241907,18496.2515471881,19462.24952129,20496.4382132514,20437.3998083929,22271.1620243646,23456.2977897073,24487.0469326364,25596.1260525552
"GDP per capita, PPP (constant 2021 international $)",NY.GDP.PCAP.PP.KD,Seychelles,SYC,..,..,..,..,..,..,..,..,..,..,..,..,..,..,..,..,..,..,..,..,..,..,..,..,..,..,..,..,..,..,15478.8475444228,15695.670838946,16744.5080816034,17596.8977617171,16716.5207188923,16552.4547815231,17942.1733036627,19895.1422188431,19991.2293154949,19969.3513746174,20633.6746950761,20147.4187656167,19777.7525249721,18825.2206936189,18356.4711447212,19917.1194534221,21341.8597526003,23117.8555224771,21990.3685269705,21361.1307875284,21708.7554506566,24406.4129764105,24919.955210328,24770.6514591794,25379.4180707013,27032.2083880002,29905.1347389952,31595.6680570505,32841.4242467381,34346.0708923483,30056.1994300968,29979.8272686091,27978.1770550937,28635.3563581744,29241.7758048825
"GDP per capita, PPP (constant 2021 international $)",NY.GDP.PCAP.PP.KD,Sierra Leone,SLE,..,..,..,..,..,..,..,..,..,..,..,..,..,..,..,..,..,..,..,..,..,..,..,..,..,..,..,..,..,..,2703.59918712824,2734.96862548027,2257.44939868809,2293.56354039047,2240.29005098829,2058.07683318146,2084.1822265,1936.55653107258,1951.82091117813,1903.3269610781,1981.50608696758,1749.35086324104,2089.26152736756,2196.28134548105,2260.83818961545,2296.65767887048,2342.75461136539,2377.80530113361,2404.65198784353,2376.58254518958,2459.76814418708,2590.52839483651,2792.92626544926,3124.72832450941,2812.52832195116,2628.17058146385,2732.26093997048,2753.42719846704,2767.38003381598,2852.66269917494,2752.62615440121,2849.38865926436,2934.73326430435,3034.94608285625,3098.76290609663
"GDP per capita, PPP (constant 2021 international $)",NY.GDP.PCAP.PP.KD,Singapore,SGP,..,..,..,..,..,..,..,..,..,..,..,..,..,..,..,..,..,..,..,..,..,..,..,..,..,..,..,..,..,..,45567.7903891463,47251.6944416002,48897.810341575,53139.844472382,57213.0977645801,59483.6383121123,61381.7523709208,64291.2024694333,60782.1972058002,63746.4792227046,68314.5444027166,65784.4018813783,67744.2702679808,71877.5348633552,78039.024710382,81841.1587801054,86463.8283836607,90417.8073849967,87329.5937792686,84843.5194001734,95456.1893079996,99296.7561111269,101187.825333454,104359.030680724,107066.858613992,108953.724294287,111579.742684331,116471.820764776,119927.769127927,120114.133894235,115893.042395938,132617.354020876,133571.962410322,129555.245509242,132569.525225795
"GDP per capita, PPP (constant 2021 international $)",NY.GDP.PCAP.PP.KD,Sint Maarten (Dutch part),SXM,..,..,..,..,..,..,..,..,..,..,..,..,..,..,..,..,..,..,..,..,..,..,..,..,..,..,..,..,..,..,..,..,..,..,..,..,..,..,..,..,..,..,..,..,..,..,..,..,..,50980.9400838983,52140.59965779,53786.2462000327,53357.003462797,52801.4031054792,52439.4736756048,51375.6032503737,50817.6814942681,46088.3583839152,42154.1020267504,45996.7912346922,39265.7616790568,40507.0672411717,45515.6523389272,46571.0886504628,47303.194758482
"GDP per capita, PPP (constant 2021 international $)",NY.GDP.PCAP.PP.KD,Slovak Republic,SVK,..,..,..,..,..,..,..,..,..,..,..,..,..,..,..,..,..,..,..,..,..,..,..,..,..,..,..,..,..,..,17528.2431478983,14962.1155726764,13951.9084432838,14163.0137339867,14982.7472163469,15811.9246441708,16744.0673884448,17630.0397577195,18280.0501282626,18174.9801324587,18343.237153675,18914.3903304531,19757.0677888993,20730.249479935,21851.9549601873,23266.7570493442,25342.3099268358,28075.8072794998,29556.2617975695,27891.8969419417,29758.1740140117,30481.377866428,30907.039248956,31090.9880191144,31901.9424982702,33521.5954764975,34130.5050676203,35057.2223763167,36430.7941704195,37209.5332553073,36216.4002110814,38346.0935768177,38664.9076949851,39518.2209359245,40319.0547230873
"GDP per capita, PPP (constant 2021 international $)",NY.GDP.PCAP.PP.KD,Slovenia,SVN,..,..,..,..,..,..,..,..,..,..,..,..,..,..,..,..,..,..,..,..,..,..,..,..,..,..,..,..,..,..,25345.0480419604,23074.6686073269,21845.9628529312,22520.738313268,23747.9865664018,24718.0238296539,25454.1256098664,26806.4627835709,27688.0929526812,29125.8913263147,30055.5726465546,30857.1122043437,31830.5553226686,32827.7514419462,34298.1277435263,35558.3777419198,37539.459301666,39995.2052938397,41278.6090856341,37802.0880186755,38056.1815241775,38226.1255489903,37033.7667541886,36678.8746642096,37655.1979898073,38527.4222549683,39667.4579830072,41692.836279788,43361.094447431,44569.5878416535,42463.5635346194,45914.0572392406,47050.0676441642,47977.4268117652,48648.9078834081
"GDP per capita, PPP (constant 2021 international $)",NY.GDP.PCAP.PP.KD,Solomon Islands,SLB,..,..,..,..,..,..,..,..,..,..,..,..,..,..,..,..,..,..,..,..,..,..,..,..,..,..,..,..,..,..,2352.3992103107,2418.36579584292,2644.50052422748,2669.67595845149,2802.23251201901,2996.27162353451,2957.81917928087,2848.31969373436,2805.2662186594,2717.52715749125,2276.82191920056,2055.27436724543,1960.42387516654,2050.30870033396,2168.50586845628,2287.27362263512,2340.65153178621,2384.31783066088,2489.78306207696,2514.89101043351,2682.28532344354,2777.47851512924,2743.45849913875,2783.59190841229,2716.42200217839,2664.72477884762,2715.23362293936,2703.66346303885,2686.11900111375,2661.61667922254,2515.14143211528,2449.87009821452,2330.10309195408,2339.57493302805,2353.24808229243
"GDP per capita, PPP (constant 2021 international $)",NY.GDP.PCAP.PP.KD,"Somalia, Fed. Rep.",SOM,..,..,..,..,..,..,..,..,..,..,..,..,..,..,..,..,..,..,..,..,..,..,..,..,..,..,..,..,..,..,..,837.26702279507,803.787078571713,812.557291159159,634.727734128934,636.662071307674,663.351131548354,648.017163551169,662.674857185695,682.979123343567,702.850071117611,723.37973295051,749.913550912115,777.884552733299,803.059780580571,830.807245939909,857.993655901941,887.36935223579,919.132083452828,956.220325392405,995.225555512318,1054.36214979106,1114.80414892809,1197.72166459747,1259.27432882615,1343.92517439606,1384.15517410135,1527.66029071672,1504.97908203481,1491.29493918405,1396.05544674978,1392.31782053371,1387.54753732191,1401.64735228455,1409.33492233283
"GDP per capita, PPP (constant 2021 international $)",NY.GDP.PCAP.PP.KD,South Africa,ZAF,..,..,..,..,..,..,..,..,..,..,..,..,..,..,..,..,..,..,..,..,..,..,..,..,..,..,..,..,..,..,10811.1515328296,10459.3559818564,10053.6101212292,9976.96506458374,10130.8058233004,10318.8385984353,10623.8603593151,10770.2779624828,10693.6882326622,10831.6589617949,11183.825503143,11387.492366782,11697.5657261687,11923.1211013633,12341.2102655828,12861.5633089114,13444.2332126058,14016.2444716386,14297.6887802632,13910.7017093394,14164.9958363115,14434.2611456048,14563.7624041032,14681.096638957,14643.3384782936,14541.6748613669,14501.2807823402,14573.5980840004,14553.5615668957,14352.6698709871,13250.5666594456,13681.9548144813,13767.4967589936,13695.3755694076,13597.6538495998
"GDP per capita, PPP (constant 2021 international $)",NY.GDP.PCAP.PP.KD,South Sudan,SSD,..,..,..,..,..,..,..,..,..,..,..,..,..,..,..,..,..,..,..,..,..,..,..,..,..,..,..,..,..,..,..,..,..,..,..,..,..,..,..,..,..,..,..,..,..,..,..,..,..,..,..,..,..,..,..,..,..,..,..,..,..,..,..,..,..
"GDP per capita, PPP (constant 2021 international $)",NY.GDP.PCAP.PP.KD,Spain,ESP,..,..,..,..,..,..,..,..,..,..,..,..,..,..,..,..,..,..,..,..,..,..,..,..,..,..,..,..,..,..,31773.2267420042,32499.3481371902,32641.082719936,32137.3138437727,32746.9287826598,33501.7314182929,34232.3786868602,35312.0862854389,36679.0942334698,38141.316878689,39945.8971298178,41224.2924057393,41766.0378188791,42223.130174522,42793.3902326006,43570.7652574033,44572.6815459931,45301.2843416374,44926.348951812,42852.220888454,42695.5274189933,42271.8346788238,41034.0481566356,40594.914008768,41339.4111169417,43053.761430314,44274.6676149922,45446.2508575695,46325.2099441141,46896.4171141424,41553.4477945675,44251.6658222621,46733.4809780536,47322.5937004504,48460.2914069661
"GDP per capita, PPP (constant 2021 international $)",NY.GDP.PCAP.PP.KD,Sri Lanka,LKA,..,..,..,..,..,..,..,..,..,..,..,..,..,..,..,..,..,..,..,..,..,..,..,..,..,..,..,..,..,..,4561.57913261438,4735.81940023678,4866.23941153137,5114.43630396951,5322.72963127148,5523.31225393965,5624.02393650599,5871.72297557268,6032.62212630498,6176.23548455949,6428.61341890463,6230.03051864853,6409.86278893446,6741.01248849424,7059.91098068568,7452.74234124518,7970.66491021045,8454.2067533326,8897.82686006864,9156.31906483165,9832.18622338643,10618.4926000405,11447.6937738135,12249.7223348096,12909.9663068885,13329.7793438947,13845.6146782368,14572.4858214565,14759.8248945765,14637.44429132,13886.6513728651,14316.1352225683,13249.065064602,13024.9404319855,13752.836740386
"GDP per capita, PPP (constant 2021 international $)",NY.GDP.PCAP.PP.KD,St. Kitts and Nevis,KNA,..,..,..,..,..,..,..,..,..,..,..,..,..,..,..,..,..,..,..,..,..,..,..,..,..,..,..,..,..,..,14326.0410656507,14084.6831940102,14557.184258305,15348.6887799847,15955.8375010028,16596.2656266287,17340.2234624221,18288.4943671657,17963.6992379347,18291.4229188676,19840.5800645267,20648.7889741472,20813.4050029806,19927.1818314137,20661.3458642993,22612.7126559455,23258.9842253211,23330.0442404195,25898.7823620981,24973.8045286303,24997.5672513428,25380.0087348215,25114.0572603244,26532.1016561725,28530.3072249013,28729.566447667,29867.0265589791,29948.9200065682,30576.2486749244,31512.1943105684,26736.9283563771,26896.6177065978,29749.8700864823,30616.577281386,30656.4410109367
"GDP per capita, PPP (constant 2021 international $)",NY.GDP.PCAP.PP.KD,St. Lucia,LCA,..,..,..,..,..,..,..,..,..,..,..,..,..,..,..,..,..,..,..,..,..,..,..,..,..,..,..,..,..,..,17222.1486650676,17080.7989746533,18166.2078109226,18004.0320073031,18020.5127590631,18048.780665013,18301.1522745648,17920.034113687,18786.9976028018,19039.4630213718,18818.8855989431,17993.6372662268,17911.6297765068,18522.5129630157,19715.8297745985,19491.2182260584,20551.0599501307,20759.3043872305,21651.233776084,20907.3343580129,20849.0551242245,21637.8686925992,21515.89963362,21029.2888872138,21214.4773346334,21142.9733304366,21775.4737658629,22422.5970388018,22981.9179294013,22738.2471068581,17142.044063192,19101.1652956675,22962.2818144554,23403.7440265988,24252.4688588491
"GDP per capita, PPP (constant 2021 international $)",NY.GDP.PCAP.PP.KD,St. Martin (French part),MAF,..,..,..,..,..,..,..,..,..,..,..,..,..,..,..,..,..,..,..,..,..,..,..,..,..,..,..,..,..,..,..,..,..,..,..,..,..,..,..,..,..,..,..,..,..,..,..,..,..,..,..,..,..,..,..,..,..,..,..,..,..,..,..,..,..
"GDP per capita, PPP (constant 2021 international $)",NY.GDP.PCAP.PP.KD,St. Vincent and the Grenadines,VCT,..,..,..,..,..,..,..,..,..,..,..,..,..,..,..,..,..,..,..,..,..,..,..,..,..,..,..,..,..,..,7467.37874657239,7524.58477815963,7984.07959662088,8306.77527139188,8189.84362711098,8815.84871825748,8923.70555514296,9234.69888368764,9609.10378620502,9853.34736551962,9999.05879203685,10177.8094583896,10736.0878714164,11475.3312414531,11979.907294501,12320.0710011077,13233.4068930431,13732.3622591495,13850.3936790063,13723.7838252622,13175.7230154228,13168.8964291743,13397.9632982701,13804.1837951887,14040.2460690452,14508.8609465459,15197.7482513352,15533.2212821544,16139.0661084965,16365.3255785124,15763.7054382539,16200.8994597845,16835.023514541,17858.2446468702,18714.198849353
"GDP per capita, PPP (constant 2021 international $)",NY.GDP.PCAP.PP.KD,Sudan,SDN,..,..,..,..,..,..,..,..,..,..,..,..,..,..,..,..,..,..,..,..,..,..,..,..,..,..,..,..,..,..,2460.18872070313,2591.869140625,2709.7900390625,2777.27490234375,2736.47192382813,2824.63208007813,2924.29077148438,3380.18676757813,3441.17919921875,3459.22998046875,3575.85205078125,3701.548828125,3814.31323242188,3946.92260742188,4041.05712890625,4152.32275390625,4299.97412109375,4415.78515625,4446.40966796875,4188.0546875,4219.8369140625,4467.6259765625,4145.931640625,4130.48583984375,4207.50048828125,4159.1943359375,4174.56103515625,4061.01831054688,3816.65991210938,3625.52319335938,3401.24975585938,3248.9755859375,3132.0771484375,2181.0791015625,1861.39794921875
"GDP per capita, PPP (constant 2021 international $)",NY.GDP.PCAP.PP.KD,Suriname,SUR,..,..,..,..,..,..,..,..,..,..,..,..,..,..,..,..,..,..,..,..,..,..,..,..,..,..,..,..,..,..,17137.6509700556,17493.4962257426,17455.1256454322,16217.1660347103,16648.5345258933,16368.311360582,16184.4999295065,16754.3511427064,16789.7549005356,16217.5173031438,16220.1790603262,16556.9440609927,16678.0718706582,17383.5015505612,18585.5170864176,19220.2839696605,20113.6707547695,20902.1391589279,21515.8119551093,21906.4105447498,22772.4754543689,23829.5332856393,24193.8412373922,24624.0219854601,24414.3554759734,23327.5252497447,21950.4122148625,22070.5137570835,22938.5353715545,22966.7405999124,19091.3617184226,18458.234999681,18742.5873760369,19020.8663908707,19179.1018321639
"GDP per capita, PPP (constant 2021 international $)",NY.GDP.PCAP.PP.KD,Sweden,SWE,..,..,..,..,..,..,..,..,..,..,..,..,..,..,..,..,..,..,..,..,..,..,..,..,..,..,..,..,..,..,40549.3075177599,39812.3177083366,39120.9249133997,38090.9458960736,39340.0016622619,40736.4273400135,41364.9857254278,42608.4136690457,44392.8449919299,46221.8079937232,48284.8001841043,48810.644590655,49760.2161636006,50507.9330738641,52412.411275873,53661.3178643623,55855.4978279347,57230.7901610156,56262.4700751994,53411.2005853182,56003.2704715511,57340.5039813247,56682.0187013753,56843.1649263734,57574.0500485264,59468.3538687625,59977.3886010694,60288.7998168676,60647.449528586,61601.6292338778,59975.3644061895,62731.700616293,63088.4236678734,62662.7652797761,62978.9390459835
"GDP per capita, PPP (constant 2021 international $)",NY.GDP.PCAP.PP.KD,Switzerland,CHE,..,..,..,..,..,..,..,..,..,..,..,..,..,..,..,..,..,..,..,..,..,..,..,..,..,..,..,..,..,..,64010.7585544032,62636.7741067256,61922.8908444333,61284.2042587758,61569.5965405613,61453.6297020666,61471.1689633393,62709.9871171841,64418.3857592838,65177.8822005074,67378.3901472877,68008.3441852855,67446.4044310268,66926.167976443,68263.4411390817,69692.5954827493,72077.8598470308,74234.3010991931,75355.202488789,72709.8138293408,74290.2619629278,74800.8886353533,74883.6158924249,75354.1550500884,76189.6018443969,76566.0772542148,77301.2124304857,77626.9027376941,79261.3563641288,79596.7029465098,77324.8870934007,81001.4111206118,82777.293582076,82295.2993346568,82286.1801896488
"GDP per capita, PPP (constant 2021 international $)",NY.GDP.PCAP.PP.KD,Syrian Arab Republic,SYR,..,..,..,..,..,..,..,..,..,..,..,..,..,..,..,..,..,..,..,..,..,..,..,..,..,..,..,..,..,..,5828.40551611713,6081.08907103889,6662.24314240165,6861.79504697602,7142.95380147314,7431.354210148,7943.44060493443,8126.36577647131,8456.78287525056,7951.39014713749,7807.92995548742,7698.3969367866,7811.81601910972,8177.54506854394,8528.65604597154,8828.94590461523,8885.80539630373,8829.30906367425,8903.77225264131,9284.10162126587,9546.56048805399,9648.82426718361,7144.37244952745,5530.97472757035,5301.62535257941,5302.07413721497,5022.1127178437,4977.79210063798,4956.09296464777,4825.40602053761,4633.34951847728,4592.83860100874,4454.85373271464,..,..
"GDP per capita, PPP (constant 2021 international $)",NY.GDP.PCAP.PP.KD,Tajikistan,TJK,..,..,..,..,..,..,..,..,..,..,..,..,..,..,..,..,..,..,..,..,..,..,..,..,..,..,..,..,..,..,4173.04607982249,3777.10750632183,2630.38658066186,2169.96747353928,1678.33851733918,1439.50277584065,1175.79407235242,1181.28110133633,1236.67552895556,1275.82249026045,1365.23327447129,1467.39882474638,1594.93890470219,1736.64039749855,1878.28696227255,1965.30020458256,2063.288508243,2181.89798056536,2308.09430040334,2349.50030269416,2449.27358745359,2572.48074895498,2700.09546037358,2828.38542075147,2943.08867917317,3041.44479553257,3169.9667820524,3312.71202243506,3479.69235966041,3649.88375518646,3724.7489591466,3985.91247611219,4213.75618362687,4472.3241378777,4755.93296704719
"GDP per capita, PPP (constant 2021 international $)",NY.GDP.PCAP.PP.KD,Tanzania,TZA,..,..,..,..,..,..,..,..,..,..,..,..,..,..,..,..,..,..,..,..,..,..,..,..,..,..,..,..,..,..,1794.20458984375,1785.66394042969,1751.91845703125,1718.39306640625,1679.66235351563,1685.85107421875,1730.55456542969,1755.8037109375,1773.72424316406,1810.97155761719,1839.93664550781,1899.74536132813,1982.64428710938,2059.83740234375,2155.24145507813,2253.09326171875,2334.1044921875,2423.61596679688,2493.25927734375,2560.81103515625,2654.80346679688,2779.70776367188,2822.4853515625,2924.86328125,3027.56909179688,3111.44458007813,3214.24682617188,3318.28833007813,3392.68872070313,3484.63256835938,3449.82153320313,3493.0830078125,3546.98095703125,3620.79345703125,3713.26293945313
"GDP per capita, PPP (constant 2021 international $)",NY.GDP.PCAP.PP.KD,Thailand,THA,..,..,..,..,..,..,..,..,..,..,..,..,..,..,..,..,..,..,..,..,..,..,..,..,..,..,..,..,..,..,8701.95436053257,9294.03106255394,9886.89982869121,10538.8163895497,11215.0366594606,11953.920382867,12456.3290857417,11952.8491238372,10897.1533831339,11253.3874955905,11622.5250278537,11901.3182104659,12512.1831324963,13287.3048987459,13997.0013867292,14458.2551810694,15051.0606748719,15742.6552891781,15891.7823409885,15665.9031153449,16730.3697884488,16766.3477057883,17869.6376607459,18242.4256715363,18324.6144674875,18811.9975100064,19370.6087810117,20094.6778762603,20879.9027821449,21277.8392684764,19957.257140917,20242.7700035656,20762.7952598527,21191.4540309274,21740.5403219261
"GDP per capita, PPP (constant 2021 international $)",NY.GDP.PCAP.PP.KD,Timor-Leste,TLS,..,..,..,..,..,..,..,..,..,..,..,..,..,..,..,..,..,..,..,..,..,..,..,..,..,..,..,..,..,..,2143.79198485792,2318.79430546514,2493.90862041689,2674.399260003,2786.67628339255,2891.86465034636,3038.23043686518,3073.97043709665,2931.48088622558,2136.64950009543,3783.78349040621,4038.33583266948,3480.98860481918,3264.94649227443,3234.97572893373,3263.94469592966,3038.95253397881,3256.56973696199,3530.88221940661,3792.3582606223,4047.24946392086,4189.79980348341,4297.91482204398,4340.27851790544,4445.3594272103,4467.80011988177,4515.4226379882,4290.02726532164,4188.84115175127,5103.14962872555,6594.88175503901,6825.04588630745,5348.49200064987,4331.07806144305,3890.95763434187
"GDP per capita, PPP (constant 2021 international $)",NY.GDP.PCAP.PP.KD,Togo,TGO,..,..,..,..,..,..,..,..,..,..,..,..,..,..,..,..,..,..,..,..,..,..,..,..,..,..,..,..,..,..,2237.59984450159,2158.8791103229,2015.13566927499,1721.57369094046,1972.24744911805,2036.38159822696,2135.45581609458,2366.40275146203,2247.34887088094,2238.93514971661,2160.98936671986,2122.08047449583,2147.97438337226,2234.9772223053,2157.02751991461,2004.25858232153,2000.54176015054,1920.26928670654,1941.15486668393,1989.82990346963,2049.78055930203,2111.47483429916,2186.30951971437,2254.98838359616,2322.40408294543,2388.42609861568,2427.30036226403,2462.27744935268,2517.34898693009,2577.51616831372,2570.48315208534,2638.81095267963,2739.68813234711,2842.23076240747,2960.77542569109
"GDP per capita, PPP (constant 2021 international $)",NY.GDP.PCAP.PP.KD,Tonga,TON,..,..,..,..,..,..,..,..,..,..,..,..,..,..,..,..,..,..,..,..,..,..,..,..,..,..,..,..,..,..,4487.81921860299,4766.38831308568,4772.33111247152,4946.71766246431,5188.43955195501,5508.33934627723,5510.7084261902,5455.90517573817,5541.68325773841,5632.72252396599,5808.26509143352,5860.08077786935,6085.11323193626,6053.8798660639,5900.45741291394,5828.37054398018,5670.9141842869,5506.65177833752,5758.56828665219,5453.87514548883,5488.75040326595,5847.44389420769,5907.26711603507,5951.69432111238,6096.86914784745,6194.63923003718,6639.13678737964,6862.66870605024,6885.10271620406,6858.83871210154,6980.41011734068,6929.17669288438,6810.60970632543,7030.41917439715,..
"GDP per capita, PPP (constant 2021 international $)",NY.GDP.PCAP.PP.KD,Trinidad and Tobago,TTO,..,..,..,..,..,..,..,..,..,..,..,..,..,..,..,..,..,..,..,..,..,..,..,..,..,..,..,..,..,..,11869.5287266317,12142.348150297,13267.9770581707,13088.7073855168,13472.7464155031,13912.3133299045,14838.9026529676,15895.2438763164,17129.0911444686,18440.5741312908,19637.5545410721,20366.753132212,21876.8529070403,24910.823196152,26757.9075601429,29536.4394101096,33348.7507470886,34793.6457521105,35825.3333456362,34212.2683057008,35145.1253639062,34769.7620251376,36903.6898574094,37994.0686480473,39248.6570516023,38963.9641783011,35914.9901970983,34095.9899256152,33710.0178540008,33748.7060849924,30720.8876936042,30482.1201798631,30784.1112580356,31196.603554718,31960.1568888983
"GDP per capita, PPP (constant 2021 international $)",NY.GDP.PCAP.PP.KD,Tunisia,TUN,..,..,..,..,..,..,..,..,..,..,..,..,..,..,..,..,..,..,..,..,..,..,..,..,..,..,..,..,..,..,6742.58426420551,6859.73427153777,7241.29105894738,7253.33614579881,7350.65600471494,7406.23900930842,7821.79219107359,8136.3376111408,8417.98493264685,8821.98791288257,9134.41506327005,9380.56317617024,9407.55676671593,9752.02442335824,10263.8055422408,10529.1598956845,10983.9221903991,11613.9247511428,11990.1962371716,12229.7752536693,12458.2710366551,12068.7136257667,12436.3958115735,12587.9950645596,12824.0028914441,12802.7917211433,12803.8797371543,12955.4014814241,13163.1952230357,13243.9024233246,11955.5983698479,12444.3264026887,12712.22345453,12650.9615158166,12774.9158568021
"GDP per capita, PPP (constant 2021 international $)",NY.GDP.PCAP.PP.KD,Turkiye,TUR,..,..,..,..,..,..,..,..,..,..,..,..,..,..,..,..,..,..,..,..,..,..,..,..,..,..,..,..,..,..,12184.1995945303,12057.9354360192,12451.0451201156,13174.4671161888,12343.0041851309,13099.2575267612,13826.9201097072,14631.2958814739,14704.3385744207,14066.1896257233,14856.914625257,13872.1287284566,14587.894621656,15255.7177960689,16583.8837094062,17902.5966004487,18972.0089563632,19909.083519675,19839.5845462269,18612.1925231905,19897.4464836887,21760.4291923634,22517.7148287875,24117.3121099839,24888.8521742576,25984.8027306177,26489.6436816046,28194.688309381,28780.3036458151,28741.0535082701,28976.7179161611,32105.5474400506,33520.8111384208,35069.1701714685,36154.490436557
"GDP per capita, PPP (constant 2021 international $)",NY.GDP.PCAP.PP.KD,Turkmenistan,TKM,..,..,..,..,..,..,..,..,..,..,..,..,..,..,..,..,..,..,..,..,..,..,..,..,..,..,..,..,..,..,7925.49803469938,7373.58419213153,6128.91556148756,6085.5255499597,4929.73395133335,4493.42793310683,4712.83357844039,4105.36902304428,4323.30168204311,4945.08541988288,5112.52948147352,5228.80329286491,5138.87117760604,5203.8543813176,5360.22429910532,5945.95239804804,6476.82805700551,7060.14844993043,7944.99590073106,8264.86534322735,8842.33283585112,9929.68934634645,10794.2335233663,11633.2905987757,12544.3983464061,13057.8303253557,13552.8477118745,14107.6671199289,14648.135352725,15231.3056176565,15791.1775857601,16434.1399060353,17119.5744946142,17866.4041809169,18662.298799056
"GDP per capita, PPP (constant 2021 international $)",NY.GDP.PCAP.PP.KD,Turks and Caicos Islands,TCA,..,..,..,..,..,..,..,..,..,..,..,..,..,..,..,..,..,..,..,..,..,..,..,..,..,..,..,..,..,..,..,..,..,..,..,..,..,..,..,..,..,..,..,..,..,..,..,21878.8206013071,22689.3160133769,17512.1977777876,17000.2227766463,17147.424764127,16024.6915652254,15461.873511271,16138.8487604249,17201.7720345933,17625.7202843515,29540.3537473151,30286.1196112151,30611.2130237381,19702.5368196855,25056.4880515569,28209.6242536079,31839.3705381969,33390.5267148059
"GDP per capita, PPP (constant 2021 international $)",NY.GDP.PCAP.PP.KD,Tuvalu,TUV,..,..,..,..,..,..,..,..,..,..,..,..,..,..,..,..,..,..,..,..,..,..,..,..,..,..,..,..,..,..,2984.28555148916,3046.97157558262,3093.82679444063,3189.94908833217,3487.03357118243,3286.4690577009,3070.03942239319,3356.30705964116,3855.65481440805,3777.37177229784,3721.89947875243,3705.59238735794,4042.90117614992,3838.4036432854,3704.92725890715,3488.53634577403,3532.39942573719,3737.8786751003,3933.37396710875,3638.18761780626,3506.0602338093,3687.43927331262,3558.15237041254,3690.24204295331,3695.95345179619,4088.76579910847,4333.24899362162,4464.25884629937,4575.86900510424,5292.03025969421,5154.45957834015,5352.97862537897,5498.18455447209,5812.39924537753,..
"GDP per capita, PPP (constant 2021 international $)",NY.GDP.PCAP.PP.KD,Uganda,UGA,..,..,..,..,..,..,..,..,..,..,..,..,..,..,..,..,..,..,..,..,..,..,..,..,..,..,..,..,..,..,1080.03830980398,1103.22897278835,1102.72992145701,1153.99369070318,1187.36780541734,1288.50886674348,1367.94573764936,1396.63106915218,1422.20789184705,1487.75796178874,1487.00498853512,1516.96423755695,1598.5828380849,1649.1482601448,1709.36159216857,1765.03788457066,1898.97915280479,1999.0624896434,2110.10049271503,2188.29916246327,2244.60595194584,2384.4653273154,2405.09455932767,2420.88808087266,2470.50380909598,2520.0201028843,2554.22769062073,2543.84754394956,2613.87976413963,2689.41009144919,2678.00907202293,2684.92035939744,2724.90609568409,2791.05576885861,2879.67009290376
"GDP per capita, PPP (constant 2021 international $)",NY.GDP.PCAP.PP.KD,Ukraine,UKR,..,..,..,..,..,..,..,..,..,..,..,..,..,..,..,..,..,..,..,..,..,..,..,..,..,..,..,..,..,..,22815.798828125,20784.16015625,18671.873046875,16012.3720703125,12410.525390625,10983.0087890625,9969.5009765625,9754.0498046875,9646.0546875,9704.4453125,10364.0625,11379.3857421875,12092.7890625,13342.8798828125,15021.06640625,15610.5732421875,16901.5078125,18374.013671875,18883.986328125,16092.7958984375,16811.794921875,17783.95703125,17848.740234375,17889.091796875,16978.8125,15403.7099609375,15856.8125,16310.3603515625,16978.984375,17636.5546875,17092.5390625,17846.408203125,13787.12109375,15916.9580078125,16319.8447265625
"GDP per capita, PPP (constant 2021 international $)",NY.GDP.PCAP.PP.KD,United Arab Emirates,ARE,..,..,..,..,..,..,..,..,..,..,..,..,..,..,..,..,..,..,..,..,..,..,..,..,..,..,..,..,..,..,111377.046890183,106266.19369358,104206.754890763,100422.631522038,102456.104720073,104527.92304577,103653.473060887,103392.439957977,96088.4925317357,92047.5945823489,95390.7013642316,90750.3469329386,87479.2448897115,89828.555395832,93166.1449767722,92750.9148604289,94872.5391985501,87180.6059048658,80285.1852028705,71488.9909603622,70913.778039508,73190.3973792075,73644.0532143257,74237.2214478496,74145.1093706462,75238.5539913477,75671.0564378596,72529.0571050174,72671.0652349751,72822.969940695,66808.6477560191,68580.1485423483,70075.6300053372,70239.8552855072,69701.8047983545
"GDP per capita, PPP (constant 2021 international $)",NY.GDP.PCAP.PP.KD,United Kingdom,GBR,..,..,..,..,..,..,..,..,..,..,..,..,..,..,..,..,..,..,..,..,..,..,..,..,..,..,..,..,..,..,32993.1694419805,32466.1961615901,32797.7299280942,33861.2523742725,35448.1781034952,36603.7383816545,37465.3771277415,39192.610054674,40347.1799533754,41396.9358449656,43115.5630082237,43976.8391685783,44539.4636492853,45759.4020280715,46558.1299600699,47529.9377511933,48215.0486668938,49243.2517368789,48833.0712359377,46241.8039957358,46917.8912974837,46949.0207981339,47328.2100308702,47820.2821627006,48964.2863514962,49652.7188154397,50346.8592925717,51586.6756125445,52131.6948248133,52515.684446109,47158.985486323,51004.4271714238,53139.151252206,52592.6822066393,52621.1790252979
"GDP per capita, PPP (constant 2021 international $)",NY.GDP.PCAP.PP.KD,United States,USA,..,..,..,..,..,..,..,..,..,..,..,..,..,..,..,..,..,..,..,..,..,..,..,..,..,..,..,..,..,..,44378.5240275575,43742.0261213549,44659.1514617994,45286.9355090342,46537.3571477424,47220.9579604358,48435.70010416,49984.2696497419,51619.8698375216,53474.045430104,55038.6224959451,55017.3049786608,55436.1169813778,56498.2078314911,58131.6336853496,59604.7536374577,60676.5655690664,61306.596938633,60798.4338401606,58714.9736915861,59789.4129069749,60245.4843994565,61134.530608776,61958.7234416953,63018.8033942192,64359.4725899466,65017.654963867,66155.5555676249,67719.7656392064,69112.602688656,67342.0709287722,71307.4017277218,72679.2575396348,74158.7164155605,75489.2664334817
"GDP per capita, PPP (constant 2021 international $)",NY.GDP.PCAP.PP.KD,Uruguay,URY,..,..,..,..,..,..,..,..,..,..,..,..,..,..,..,..,..,..,..,..,..,..,..,..,..,..,..,..,..,..,14060.8454762218,14474.7327106176,15536.4872092796,15865.2775154336,16932.0284550546,16600.0391885928,17433.6932851628,18823.9419170645,19577.7899664694,19192.7175685083,18752.0578112966,17986.9007596433,16572.7881760134,16694.4389231595,17519.3796251133,18811.3195971021,19560.0817556405,20803.893182056,22249.3835165533,23138.0820687014,24879.8350192618,26099.3215293803,26953.2811065384,28119.4833341404,28935.0974409271,28941.6294107011,29332.5672615246,29762.4333171685,29757.9388543783,30010.5742615797,27788.1854968153,29431.8850087471,30804.7032775797,31059.2537072459,32038.7727288227
"GDP per capita, PPP (constant 2021 international $)",NY.GDP.PCAP.PP.KD,Uzbekistan,UZB,..,..,..,..,..,..,..,..,..,..,..,..,..,..,..,..,..,..,..,..,..,..,..,..,..,..,..,..,..,..,4214.58399747196,4094.22736556456,3547.3114038795,3386.46207695591,3142.43287962994,3052.41881077596,3046.56376344753,3150.0853013379,3234.35751357407,3326.4252682467,3410.65044991898,3509.72863761694,3604.69346202514,3711.77853054423,3939.53039814876,4160.95512970703,4413.72281227266,4764.56391427529,5115.64391465594,5439.55068123847,5760.80511957791,6100.25100998284,6435.56467226429,6797.77494784494,7145.10980664151,7529.76364274179,7839.97820100236,8047.05375469466,8348.96057873127,8755.12593984949,8727.41104939223,9247.64382703929,9607.56167273449,10007.685502618,10450.2051402852
"GDP per capita, PPP (constant 2021 international $)",NY.GDP.PCAP.PP.KD,Vanuatu,VUT,..,..,..,..,..,..,..,..,..,..,..,..,..,..,..,..,..,..,..,..,..,..,..,..,..,..,..,..,..,..,3101.68055101098,3120.69378889379,3122.88933397766,3069.80583421676,3269.62833082984,3226.91509128028,3229.10220217595,3315.48137240776,3285.13835226801,3228.59180513043,3342.16726611558,3148.33464010842,2911.04134701793,2962.03107292132,3005.79726389788,3089.43704035765,3270.70237527622,3283.36553319499,3381.38564426088,3396.73599458141,3359.84954476432,3390.96103912602,3350.77088958974,3292.23424552549,3302.29177948687,3357.63888534014,3397.76730446483,3465.91968561101,3482.02272525905,3512.07197251664,3259.99543753198,3135.83664945678,3222.83595459346,3214.70244012121,3172.04772751391
"GDP per capita, PPP (constant 2021 international $)",NY.GDP.PCAP.PP.KD,"Venezuela, RB",VEN,..,..,..,..,..,..,..,..,..,..,..,..,..,..,..,..,..,..,..,..,..,..,..,..,..,..,..,..,..,..,..,..,..,..,..,..,..,..,..,..,..,..,..,..,..,..,..,..,..,..,..,..,..,..,..,..,..,..,..,..,..,..,..,..,..
"GDP per capita, PPP (constant 2021 international $)",NY.GDP.PCAP.PP.KD,Viet Nam,VNM,..,..,..,..,..,..,..,..,..,..,..,..,..,..,..,..,..,..,..,..,..,..,..,..,..,..,..,..,..,..,2467.96460080463,2560.84383496164,2726.47373748487,2890.42431737761,3089.60933725631,3328.21486039558,3584.02898335147,3820.30249485434,3982.95805965603,4119.05367208231,4349.22348751462,4570.26846577385,4809.62151118535,5090.28990869885,5421.09702829121,5776.36304451268,6098.24495436514,6418.54381402878,6659.13561432065,6914.33863589545,7274.73310698016,7652.61895672271,7979.86828926858,8324.19871250047,8751.88280634375,9248.02396069622,9743.1882231455,10290.5487142244,10936.8937859558,11628.6139147451,11851.3965685649,12048.9019935536,12979.7639049934,13545.9346616752,14415.2159532813
"GDP per capita, PPP (constant 2021 international $)",NY.GDP.PCAP.PP.KD,Virgin Islands (U.S.),VIR,..,..,..,..,..,..,..,..,..,..,..,..,..,..,..,..,..,..,..,..,..,..,..,..,..,..,..,..,..,..,..,..,..,..,..,..,..,..,..,..,..,..,54299.2298699394,54086.1547945673,55883.4545510864,57838.0977142823,59911.7224453162,62332.9445371347,63057.6263123638,58895.3056899496,59272.2456856343,54443.0686942498,46422.4151236223,43563.8864931407,42853.8986599185,42739.0835022993,43502.4336941564,43277.1546523522,44205.4071324394,45632.6364715693,45055.7829303523,46893.5496988741,46479.2996685326,..,..
"GDP per capita, PPP (constant 2021 international $)",NY.GDP.PCAP.PP.KD,West Bank and Gaza,PSE,..,..,..,..,..,..,..,..,..,..,..,..,..,..,..,..,..,..,..,..,..,..,..,..,..,..,..,..,..,..,..,..,..,..,3966.68875052152,4062.96290335877,3932.22694732854,4311.53876740636,4805.19156878644,5071.82121719043,4520.88992531975,3996.50878001821,3409.17287422698,3788.92652721128,4503.08034061409,4885.07252184444,4714.37331793342,4769.52328096801,4984.80579890695,5270.66331643219,5432.24363072522,5805.32115329251,6009.10925822042,6142.20204342591,5990.42661523778,6072.65031768549,6464.13352537371,6426.79521615335,6342.9374800852,6269.89134527985,5423.68254653126,5663.12160743584,5753.08395899307,5361.13098084938,3845.50297375419
"GDP per capita, PPP (constant 2021 international $)",NY.GDP.PCAP.PP.KD,"Yemen, Rep.",YEM,..,..,..,..,..,..,..,..,..,..,..,..,..,..,..,..,..,..,..,..,..,..,..,..,..,..,..,..,..,..,..,..,..,..,..,..,..,..,..,..,..,..,..,..,..,..,..,..,..,..,..,..,..,..,..,..,..,..,..,..,..,..,..,..,..
"GDP per capita, PPP (constant 2021 international $)",NY.GDP.PCAP.PP.KD,Zambia,ZMB,..,..,..,..,..,..,..,..,..,..,..,..,..,..,..,..,..,..,..,..,..,..,..,..,..,..,..,..,..,..,2425.11128678382,2364.86234039956,2268.49812195378,2365.62953630778,2110.5832556481,2119.95642928697,2197.19564925242,2223.45745445731,2157.57339335667,2198.18912998648,2220.5653712714,2268.96965564597,2299.33289188114,2383.87611741089,2471.72073328685,2564.47560965912,2673.46151928529,2796.3529332184,2908.14362510668,3065.84420108998,3266.50749293828,3335.64339500657,3474.55252844092,3535.22449043144,3585.57748507131,3576.92544834125,3598.17166023389,3612.50597664593,3646.95966481655,3591.56418883108,3391.59541156095,3503.03491418372,3585.12379084347,3673.4841969922,3708.06904295647
"GDP per capita, PPP (constant 2021 international $)",NY.GDP.PCAP.PP.KD,Zimbabwe,ZWE,..,..,..,..,..,..,..,..,..,..,..,..,..,..,..,..,..,..,..,..,..,..,..,..,..,..,..,..,..,..,6082.84245095319,6254.27473513148,5532.03740345063,5509.0831125663,6010.74241746159,5964.5893804643,6474.16018296527,6524.06265782805,6582.34841934183,6423.70886833195,6170.33390832202,6217.41179425199,5610.19146861437,4601.6607468251,4287.59829196083,4004.66443720945,3819.2334285389,3631.53761566256,2954.09932377926,3299.41379594873,3885.39378454343,4358.92582649309,5003.48706186748,5031.68744400391,5081.11240399225,5102.71432347607,5070.40217016051,5234.3838655748,5415.46976371689,4993.84383894752,4527.71988082724,4827.0886936086,5036.76136109489,5218.02266462129,5215.25301075742
"GDP per capita, PPP (constant 2021 international $)",NY.GDP.PCAP.PP.KD,Africa Eastern and Southern,AFE,..,..,..,..,..,..,..,..,..,..,..,..,..,..,..,..,..,..,..,..,..,..,..,..,..,..,..,..,..,..,3519.3175448125,3424.50025403354,3251.64780568923,3127.29357232961,3099.31243976356,3154.79090002396,3246.82586499728,3291.25656501965,3269.06995117859,3267.96274823069,3281.92231355821,3313.42192907348,3350.14106469179,3357.24486194198,3457.12022216505,3577.58589657798,3718.02241324132,3866.72395287147,3934.08423728651,3869.99812557719,3976.01098918458,4042.84247175787,4061.64163525859,4125.18256263035,4185.23841104229,4206.25295270438,4202.23641584707,4214.39708524398,4220.9125016885,4195.86541780344,3978.93139450095,4056.11301700129,4106.50190693219,4083.99300263507,4106.43414035048
"GDP per capita, PPP (constant 2021 international $)",NY.GDP.PCAP.PP.KD,Africa Western and Central,AFW,..,..,..,..,..,..,..,..,..,..,..,..,..,..,..,..,..,..,..,..,..,..,..,..,..,..,..,..,..,..,4159.7321017396,4095.47152999225,4084.13142873599,3922.47563167491,3806.75661371094,3769.0663279525,3836.37771705522,3890.14032351331,3917.45375353784,3869.05587804664,3910.06236490428,4004.95777781768,4293.82350586776,4417.36900943689,4642.02674806122,4775.60343378638,4892.69193879293,5016.77062650533,5181.8092768247,5355.44022713777,5575.8352710514,5691.70513839694,5816.27571540301,6001.87015789534,6174.70331573076,6185.24923306943,6026.16020343528,5999.74477975389,6016.31221720046,6059.60602380843,5687.84998774233,5690.96774324307,5806.17289006101,5874.95107983729,5996.39573555671
"GDP per capita, PPP (constant 2021 international $)",NY.GDP.PCAP.PP.KD,Arab World,ARB,..,..,..,..,..,..,..,..,..,..,..,..,..,..,..,..,..,..,..,..,..,..,..,..,..,..,..,..,..,..,11329.8581318075,10900.1689316444,11300.3782519781,11345.8260268161,11379.0146169525,11410.5872313485,11697.7930187765,12027.9253090499,12380.2816774561,12464.5543163804,12917.0342418817,12895.2135224156,12743.0694781131,12871.7031954571,13703.8513255051,14096.6978098463,14584.203656405,14885.4008312885,15342.6243511252,15154.7950466565,15570.139810079,15896.5397455117,16141.5972975632,16084.0540746644,16145.8898464544,16371.0585517114,16606.2469902024,16542.576023411,16723.8193619802,16782.382332277,15739.007645376,16164.6519137346,16905.4902749583,16802.3230898913,16744.2005917996
"GDP per capita, PPP (constant 2021 international $)",NY.GDP.PCAP.PP.KD,Caribbean small states,CSS,..,..,..,..,..,..,..,..,..,..,..,..,..,..,..,..,..,..,..,..,..,..,..,..,..,..,..,..,..,..,13198.2754939448,13263.7558204557,13642.1516584395,13564.2388567604,13929.6021536662,14217.4022148323,14792.9329810552,15414.6650103892,16040.2516977366,16699.4627841092,17334.1696408259,17624.6775781099,18248.8194771945,19438.9045334044,20350.4732151438,21417.1585347256,23105.1828868098,23936.2004354488,24319.2051196131,23485.3476402604,23877.4955111535,24001.2271122679,24894.4243263693,25222.7295712406,25714.3530662098,25478.6360975466,24416.1391025428,23997.9154256351,24087.8015339711,24160.9840718485,22301.7958051804,23493.3054375431,27046.7067687718,29615.1562021489,33979.6741599298
"GDP per capita, PPP (constant 2021 international $)",NY.GDP.PCAP.PP.KD,Central Europe and the Baltics,CEB,..,..,..,..,..,..,..,..,..,..,..,..,..,..,..,..,..,..,..,..,..,..,..,..,..,..,..,..,..,..,17021.9007600985,15216.0626396651,14507.3209715256,14554.5981794108,15088.8511878317,15974.4174708194,16726.3235859901,17038.0330145353,17492.9420639023,17824.1014246614,18629.5496078253,19341.0008982442,20171.3916384198,21031.1776913345,22365.2007661561,23520.391771757,25149.8935267616,26839.6650016195,28074.5545772766,27137.8817591172,27592.092899911,28674.1546703599,29001.9952994679,29292.9658428587,30343.8992375446,31643.4914331427,32639.0809453806,34445.8917919176,36256.9151414583,37808.6989943576,36804.1062610869,39608.2546530295,41296.2030890882,41559.0795790271,42468.2599086853
"GDP per capita, PPP (constant 2021 international $)",NY.GDP.PCAP.PP.KD,Early-demographic dividend,EAR,..,..,..,..,..,..,..,..,..,..,..,..,..,..,..,..,..,..,..,..,..,..,..,..,..,..,..,..,..,..,5120.01466189996,5201.52775552403,5301.01106001962,5376.94456752367,5463.43236198303,5533.61581382856,5746.19137924175,5895.57907877984,5915.45423698906,5979.07744293557,6123.11816952512,6121.12644113287,6161.91788575584,6389.68144878209,6678.56505296277,6968.13714693824,7283.69002120216,7596.35423975142,7746.87244825616,7774.33773434468,8162.08649693167,8455.27831338001,8674.24262047591,8917.86326089082,9205.14247785473,9536.09869046762,9888.49532136733,10252.1107558915,10561.4040343593,10736.257704342,10191.9689254726,10831.8239677513,11378.5486537272,11835.7249251279,12188.0408691409
"GDP per capita, PPP (constant 2021 international $)",NY.GDP.PCAP.PP.KD,East Asia & Pacific,EAS,..,..,..,..,..,..,..,..,..,..,..,..,..,..,..,..,..,..,..,..,..,..,..,..,..,..,..,..,..,..,5756.09344699711,5988.03278719779,6222.93396284576,6469.88397735049,6784.15304878752,7136.05415769238,7492.921344132,7741.43473755904,7650.91686695375,7893.59333459964,8279.29834036297,8512.43027986592,8870.33750153079,9295.63908217882,9822.02938797795,10389.5348605951,11051.69155641,11869.0038166633,12377.8566019042,12714.2237120724,13649.8185307789,14359.678331653,15050.3477434872,15769.1578101278,16465.1829478381,17172.6129371519,17906.8923162744,18741.9275790888,19592.7875603847,20360.1789601769,20267.2549941632,21508.4957629882,22175.197366634,23098.9334393628,24015.9380810406
"GDP per capita, PPP (constant 2021 international $)",NY.GDP.PCAP.PP.KD,East Asia & Pacific (excluding high income),EAP,..,..,..,..,..,..,..,..,..,..,..,..,..,..,..,..,..,..,..,..,..,..,..,..,..,..,..,..,..,..,2513.15486746997,2666.00544317851,2897.24004570124,3154.1141524907,3428.7379764749,3708.19115506945,3982.22312739624,4193.48678618765,4182.68404658957,4381.08714020896,4657.5824971991,4910.8995546608,5242.07341795961,5642.18012792872,6083.37390178038,6602.0046296219,7224.72891726156,8000.04080841655,8584.59698871691,9145.55937197305,9942.05612363275,10666.0129785643,11359.0367912208,12057.7114894969,12769.1064142494,13493.1686234666,14243.6077151602,15060.0306649328,15924.7426633518,16753.9447628439,16816.6802044951,17966.232211586,18600.020880698,19522.1886573188,20452.5458896974
"GDP per capita, PPP (constant 2021 international $)",NY.GDP.PCAP.PP.KD,East Asia & Pacific (IDA & IBRD countries),TEA,..,..,..,..,..,..,..,..,..,..,..,..,..,..,..,..,..,..,..,..,..,..,..,..,..,..,..,..,..,..,2543.86353534106,2698.51152035266,2932.52321935054,3192.50076716958,3470.49377159251,3753.2908125762,4030.48893146248,4244.11521269893,4232.99379218937,4433.58680045455,4713.19360099895,4969.32500039621,5304.18222126113,5708.83022946858,6155.1147693438,6679.65495254465,7309.42866647469,8093.4907987686,8684.51792940754,9251.63086959459,10056.9514545643,10788.8043280723,11489.1889819688,12195.2458733697,12914.2114087054,13646.0224576994,14404.4664735946,15229.5232265583,16103.5382710721,16941.744935398,17005.0148318455,18167.5298896498,18808.7249692887,19741.6109219987,20682.7766500413
"GDP per capita, PPP (constant 2021 international $)",NY.GDP.PCAP.PP.KD,Euro area,EMU,..,..,..,..,..,..,..,..,..,..,..,..,..,..,..,..,..,..,..,..,..,..,..,..,..,..,..,..,..,..,37825.2512908284,38499.4866303266,38701.8413103194,38251.0489285262,39082.5336320617,39959.6193857677,40571.6490927315,41607.8336716407,42768.8336443909,43928.4860058176,45501.6777186216,46364.0976145345,46602.5181249156,46733.0620106185,47559.0357347059,48166.5876193576,49548.2280067505,50786.9697594565,50743.5231499461,48276.4625772225,49129.4539030094,50035.4143889667,49422.4157715483,49237.8209783255,49855.907513779,50772.1497389206,51553.0783208468,52795.536596677,53579.9475804963,54351.1001361177,50900.4508572781,54157.6243539657,56014.5098081467,56076.6768810255,56397.4417732833
"GDP per capita, PPP (constant 2021 international $)",NY.GDP.PCAP.PP.KD,Europe & Central Asia,ECS,..,..,..,..,..,..,..,..,..,..,..,..,..,..,..,..,..,..,..,..,..,..,..,..,..,..,..,..,..,..,28177.7526340383,27695.5396550459,26790.2215263354,26155.8569560036,25842.7404676999,26180.0042682944,26475.0284685592,27182.569612317,27670.7718168868,28448.4482775543,29796.1772389354,30517.3533698569,31097.8012341563,31814.768305325,32981.2234531003,33976.5309241458,35449.6347045439,36926.7521827107,37401.0386094631,35456.1447165349,36349.9196919008,37288.3722071098,37412.0448995454,37679.3983729029,38154.3131546254,38596.191261051,39116.1279024447,40164.602484654,40985.0525191759,41674.8500908898,39607.3852148325,42240.4375845628,43327.4955266552,44009.1824278134,44736.7013905957
"GDP per capita, PPP (constant 2021 international $)",NY.GDP.PCAP.PP.KD,Europe & Central Asia (excluding high income),ECA,..,..,..,..,..,..,..,..,..,..,..,..,..,..,..,..,..,..,..,..,..,..,..,..,..,..,..,..,..,..,13606.3948808663,12642.8217010642,11626.8303865576,10841.5270765076,9331.82497373223,9053.79132525459,9105.79479235685,9444.99612300053,9574.42830790028,9486.10366487203,10075.4116456,10242.5997499438,10834.9421888285,11562.6266311277,12652.1031037889,13570.5109497733,14646.5012962373,15733.5429735339,16153.2902790599,15241.7468001316,16105.6831765332,17170.3353430338,17607.0943441006,18398.9664091419,18501.5104874252,18637.5110290228,18936.9955232981,19777.8481057944,20341.8020041726,20720.5345888548,20483.2631101582,22060.1782735099,22207.9612475691,23491.6993882772,24281.4937702814
"GDP per capita, PPP (constant 2021 international $)",NY.GDP.PCAP.PP.KD,Europe & Central Asia (IDA & IBRD countries),TEC,..,..,..,..,..,..,..,..,..,..,..,..,..,..,..,..,..,..,..,..,..,..,..,..,..,..,..,..,..,..,19255.5087130564,17980.6408066784,15988.980386474,14918.3185882545,13339.8982983523,13084.9427423147,13007.7520188172,13285.3201955609,13097.5626547744,13480.2019526292,14516.9296914986,15049.3107949031,15813.2030196751,16846.0405531613,18189.2966277984,19352.6930223734,20886.5859604762,22541.6077242786,23530.6697139605,22132.2978776617,23051.8174561014,24209.9893590055,24895.9127110891,25488.1757232046,25727.5060066589,25697.0148900342,25972.912095304,26853.9047975817,27719.1448594814,28372.4686832264,27799.357595737,29742.4902893713,29994.0772747516,31318.67460984,32450.3185357307
"GDP per capita, PPP (constant 2021 international $)",NY.GDP.PCAP.PP.KD,European Union,EUU,..,..,..,..,..,..,..,..,..,..,..,..,..,..,..,..,..,..,..,..,..,..,..,..,..,..,..,..,..,..,33346.357287053,33516.6669268967,33620.8305976777,33319.8390609363,34135.2982121825,35047.4233953479,35704.9658703252,36572.1395248653,37595.7594666073,38623.6884373507,40095.0587362778,40940.7810205857,41351.8381186124,41656.1435494131,42647.3524180166,43394.4721631993,44858.9990369708,46181.382399594,46420.9212245051,44335.6968415157,45158.3881125907,46110.1883564359,45692.1825272512,45628.3855573508,46356.6605967287,47389.6110733983,48232.2602460713,49593.3581175149,50590.8648558911,51542.514784907,48655.422271826,51846.5161610821,53648.5391652011,53737.5107736095,54203.8496438675
"GDP per capita, PPP (constant 2021 international $)",NY.GDP.PCAP.PP.KD,Fragile and conflict affected situations,FCS,..,..,..,..,..,..,..,..,..,..,..,..,..,..,..,..,..,..,..,..,..,..,..,..,..,..,..,..,..,..,6595.60723255025,5962.43910587483,5667.52203032207,5233.77760848634,4674.94308147528,4434.31612509687,4389.91751042107,4441.26885330247,4525.83781180568,4530.24373422711,4675.04235937807,4797.67328690804,4944.63874762162,4926.64093236783,5374.50243385374,5528.30832229518,5734.51387189797,5965.16029961573,6111.27426760953,6020.47268087226,6276.40428236732,6318.86185108577,6409.14325666909,6455.71961967174,6410.16965054799,6340.05087419389,6353.04340447186,6361.74018504626,6406.3832224966,6437.16415647199,5928.77681090957,5861.94542901286,5693.99860611589,5715.72946707477,5724.43886654967
"GDP per capita, PPP (constant 2021 international $)",NY.GDP.PCAP.PP.KD,Heavily indebted poor countries (HIPC),HPC,..,..,..,..,..,..,..,..,..,..,..,..,..,..,..,..,..,..,..,..,..,..,..,..,..,..,..,..,..,..,2185.39901487571,2148.10551397015,2061.46625080527,2005.60640033095,1953.06636771293,1994.17827945468,2043.84851642019,2103.45540354703,2120.97088944639,2132.42322482915,2137.01988874504,2154.29604927028,2179.92160477361,2206.40478445457,2267.84339099489,2328.97345011896,2394.69634097223,2458.89715452073,2527.34515183734,2548.29125787828,2636.27574954962,2679.72116452844,2711.73890312719,2788.51480778469,2859.06541470149,2910.69027383448,2953.65942785158,3012.68215863629,3049.71446182911,3090.51002329999,3000.44997662459,3035.06077004993,3090.26152222753,3108.28187922993,3177.46280838769
"GDP per capita, PPP (constant 2021 international $)",NY.GDP.PCAP.PP.KD,High income,HIC,..,..,..,..,..,..,..,..,..,..,..,..,..,..,..,..,..,..,..,..,..,..,..,..,..,..,..,..,..,..,34903.0106612063,34797.735907775,34699.9970813382,34647.0130769659,35176.5836285128,35870.0487504166,36610.6159691458,37628.7639629965,38287.1107598099,39450.1687208847,41030.5761559619,41548.5530504309,42084.7770761494,42939.6958601176,44330.2161231114,45506.1480112817,46881.3205183568,48114.4009417145,48305.4388040655,46295.9608022574,47555.5554569149,48459.6025795628,48928.1050266684,49409.8570271573,50182.0258964258,50944.5079484565,51551.8008070423,52615.5865774423,53719.2557232236,54571.636040378,52279.7069492633,55440.907732579,56863.1572458399,57495.1854550856,58292.1982154468
"GDP per capita, PPP (constant 2021 international $)",NY.GDP.PCAP.PP.KD,IBRD only,IBD,..,..,..,..,..,..,..,..,..,..,..,..,..,..,..,..,..,..,..,..,..,..,..,..,..,..,..,..,..,..,6231.35105140373,6122.56574896644,6012.81075322691,6039.76866747728,6055.49555227641,6172.88211612502,6380.86934562365,6590.64908159991,6629.27051022154,6801.71146474156,7114.17686743338,7289.52359601954,7528.78242005464,7884.60362372111,8387.52912373953,8867.03302690205,9472.77398469794,10170.7790887974,10616.5716357806,10717.0871496626,11386.8796162424,11936.3458383383,12407.1806847046,12870.5354211203,13308.0086895537,13709.7342184587,14189.9747331454,14765.7908437795,15339.0786262755,15805.0956682775,15399.3089580124,16443.5926529722,16991.0252581932,17751.6143708818,18436.1952968952
"GDP per capita, PPP (constant 2021 international $)",NY.GDP.PCAP.PP.KD,IDA & IBRD total,IBT,..,..,..,..,..,..,..,..,..,..,..,..,..,..,..,..,..,..,..,..,..,..,..,..,..,..,..,..,..,..,5551.59331383466,5456.17828214661,5360.39598790134,5364.79382210084,5361.72391109816,5453.07534630626,5623.57135342344,5788.64044801632,5817.31060297713,5946.99822372155,6191.89883886042,6329.71126351201,6526.30373268624,6809.54278295778,7217.88012925481,7603.59216863088,8083.78157439627,8631.3266029237,8977.80491801754,9063.02579525911,9587.86738847943,10010.0483242403,10360.7843204424,10721.5365972808,11067.13380101,11372.9528651546,11725.3217433121,12153.3295914537,12579.1301021122,12915.594024357,12535.1614166198,13282.3283502285,13672.1547499022,14195.6079864384,14677.4365649886
"GDP per capita, PPP (constant 2021 international $)",NY.GDP.PCAP.PP.KD,IDA blend,IDB,..,..,..,..,..,..,..,..,..,..,..,..,..,..,..,..,..,..,..,..,..,..,..,..,..,..,..,..,..,..,4384.19429892849,4336.76222065641,4342.95477400257,4208.56340532989,4134.01920989849,4117.4336901488,4198.13254247581,4187.74978351527,4193.6941092449,4167.01663734049,4207.94674833658,4266.64418562526,4437.96024962981,4528.35080681213,4745.46801552516,4906.27045211657,5059.70887523571,5194.24442948697,5271.03915181685,5442.74904919392,5620.68978717584,5719.5477274322,5841.49480690444,6042.03385913118,6252.49358274228,6355.24608221981,6361.78259683756,6404.39766656804,6518.91623903896,6575.14345610382,6225.73802684424,6358.44134848704,6528.77500867617,6578.77290433938,6713.95120470027
"GDP per capita, PPP (constant 2021 international $)",NY.GDP.PCAP.PP.KD,IDA only,IDX,..,..,..,..,..,..,..,..,..,..,..,..,..,..,..,..,..,..,..,..,..,..,..,..,..,..,..,..,..,..,2084.2337169258,2078.63992435975,2053.54741539898,2047.12043765733,2019.72023561175,2069.21755554175,2125.79328052688,2185.93049128304,2225.46926387199,2257.37427003352,2300.33301882633,2340.07940168574,2391.04614523342,2469.63342563721,2564.40999820132,2672.01889452748,2784.70967630946,2907.65407336931,3018.00138189794,3086.29080871342,3212.44283335606,3319.97423762262,3338.41314039424,3406.20675919317,3509.86431128883,3608.63949208975,3707.16703021306,3833.41633420438,3943.11112463091,4051.22177775691,3950.86131644492,3995.34376501476,4079.70265824005,4128.98529207924,4223.45568925248
"GDP per capita, PPP (constant 2021 international $)",NY.GDP.PCAP.PP.KD,IDA total,IDA,..,..,..,..,..,..,..,..,..,..,..,..,..,..,..,..,..,..,..,..,..,..,..,..,..,..,..,..,..,..,2878.06655891007,2861.02697990909,2848.73739440577,2796.71498569607,2753.12760673309,2779.07879357261,2844.51499677748,2879.61597891646,2907.63303845115,2918.92827851562,2961.89436153759,3009.59162390125,3103.69506359182,3186.2567819997,3325.14688866703,3451.94029861599,3579.12612434839,3706.86214983468,3806.30214854969,3913.30985067071,4059.15683050134,4163.99440539807,4220.14391730588,4335.98580479881,4477.41453860779,4576.23918423755,4639.18294276708,4732.64618405375,4841.57291525317,4928.16444808896,4737.35267673036,4811.69213600445,4924.78728035756,4971.80174178335,5077.60668312744
"GDP per capita, PPP (constant 2021 international $)",NY.GDP.PCAP.PP.KD,Late-demographic dividend,LTE,..,..,..,..,..,..,..,..,..,..,..,..,..,..,..,..,..,..,..,..,..,..,..,..,..,..,..,..,..,..,6623.12805066036,6489.14460870661,6276.45621217728,6342.66439661498,6402.37353572361,6618.91219257193,6824.41385170861,7084.22092058617,7132.86452079706,7390.94624446345,7852.25942815508,8184.5582827792,8600.88749428205,9123.5194656411,9786.20516746785,10449.1031787391,11314.6458629953,12341.2309725824,13076.3871236162,13313.1389482255,14235.4084530178,15096.6660297361,15830.2507906366,16532.2859262418,17197.4642166046,17766.1309448547,18358.8432296936,19142.3972612659,20026.1472734329,20831.7462843199,20709.8987961617,22168.180597315,22819.7257752693,23777.9006608735,24813.5914239169
"GDP per capita, PPP (constant 2021 international $)",NY.GDP.PCAP.PP.KD,Latin America & Caribbean,LCN,..,..,..,..,..,..,..,..,..,..,..,..,..,..,..,..,..,..,..,..,..,..,..,..,..,..,..,..,..,..,12426.2496443874,12604.2214382743,12735.4888976957,13103.5603890904,13570.512771126,13464.1591461771,13773.6502813817,14298.498128386,14501.8123620924,14364.2939331166,14663.6546985,14518.1473302931,14398.7921094693,14568.3460568585,15160.4924321455,15565.8223926843,16172.7101003788,16820.9527256224,17243.3263542645,16665.7968741583,17552.0359470296,18151.8345278753,18434.9424879763,18767.8746499488,18853.4078173274,18763.833651436,18551.8182749603,18745.5824358526,18894.2095431491,18882.9520259096,17508.2430480342,18694.1407748025,19352.1819162164,19656.62856612,19959.4404021983
"GDP per capita, PPP (constant 2021 international $)",NY.GDP.PCAP.PP.KD,Latin America & Caribbean (excluding high income),LAC,..,..,..,..,..,..,..,..,..,..,..,..,..,..,..,..,..,..,..,..,..,..,..,..,..,..,..,..,..,..,12298.9851513022,12460.0534264415,12535.8803602005,12892.873380979,13358.376105516,13201.5571194316,13493.2074805862,13993.338739932,14165.3158643393,14010.2992320723,14299.5618282732,14121.5933031409,13988.1846615574,14139.2338125695,14694.9531267648,15084.7424351845,15675.9008565888,16311.1682916038,16724.7561246718,16140.5852729088,17032.6099507094,17610.0331633001,17842.8546285459,18162.5115754918,18233.0993212886,18119.0360664056,17878.5427855339,18061.8087308859,18164.4680971784,18111.5788705619,16785.1312499208,17874.2749394029,18478.2971735689,18750.3841957787,18989.832395945
"GDP per capita, PPP (constant 2021 international $)",NY.GDP.PCAP.PP.KD,Latin America & the Caribbean (IDA & IBRD countries),TLA,..,..,..,..,..,..,..,..,..,..,..,..,..,..,..,..,..,..,..,..,..,..,..,..,..,..,..,..,..,..,12391.4871908826,12568.2968812045,12691.7281872654,13054.5685672704,13517.8339653913,13396.9884886557,13704.6185223163,14224.2238128034,14414.2106393537,14257.5948497954,14550.0410517335,14382.8170707815,14258.3953599032,14430.8996310705,15004.4904040027,15420.9676754086,16038.9729823569,16697.3233162997,17129.6140109507,16551.7045424013,17449.5916792059,18056.5834827288,18341.5443171953,18677.765971933,18763.6344504265,18671.6756767233,18456.8539063598,18654.3301005222,18808.4937492869,18790.9528914649,17418.3129478853,18606.9346826624,19256.4973758813,19556.8117598203,19850.7687675066
"GDP per capita, PPP (constant 2021 international $)",NY.GDP.PCAP.PP.KD,Least developed countries: UN classification,LDC,..,..,..,..,..,..,..,..,..,..,..,..,..,..,..,..,..,..,..,..,..,..,..,..,..,..,..,..,..,..,1950.76740960445,1935.20921193761,1890.20483186229,1831.60497342642,1792.32007201522,1845.54028175242,1899.5086189077,1949.65232269941,1975.61373566476,2008.37358981396,2047.42328358298,2099.60673957871,2163.36510672088,2225.86354845171,2320.00969809247,2438.34684459581,2554.75855087334,2689.03224335791,2804.89369502388,2865.13063673889,2978.17163123982,3056.23880519937,3134.14485975635,3238.92379095762,3350.11876930954,3441.66399456899,3522.91896139406,3620.75951852676,3718.46631552159,3825.14512737437,3739.0676637816,3754.2792879925,3853.83273030739,3892.8643306095,3958.13984826658
"GDP per capita, PPP (constant 2021 international $)",NY.GDP.PCAP.PP.KD,Low & middle income,LMY,..,..,..,..,..,..,..,..,..,..,..,..,..,..,..,..,..,..,..,..,..,..,..,..,..,..,..,..,..,..,4467.81263300194,4468.7219049536,4535.27316051257,4621.34713418953,4714.11537684471,4830.82069583953,5028.1366057079,5198.2609742938,5260.94439670554,5369.15724376434,5568.04543719468,5683.64001723598,5861.14443648379,6111.06966711147,6479.72966103312,6833.91294307648,7262.8351925394,7755.44408242939,8064.84195293086,8243.65382254182,8762.47110669436,9162.19350864533,9498.59176416827,9869.89184489895,10225.3646972878,10561.2438783539,10929.7938681028,11352.9865949458,11762.6990681565,12088.8960175664,11744.4646272811,12446.9652736824,12850.9532394402,13364.960455406,13822.8605952229
"GDP per capita, PPP (constant 2021 international $)",NY.GDP.PCAP.PP.KD,Low income,LIC,..,..,..,..,..,..,..,..,..,..,..,..,..,..,..,..,..,..,..,..,..,..,..,..,..,..,..,..,..,..,2091.57686580617,2086.38447549572,2042.21255774387,1978.61884653466,1942.90498339491,1981.95549275471,2036.17650516126,2109.06994897204,2148.32527658324,2115.61192373685,2100.03544699703,2115.23420888908,2172.36867223989,2247.39822104815,2317.10290040344,2392.58989262387,2455.31088370971,2534.74553598123,2592.9873753423,2614.39792999496,2703.70385729291,2705.91642669203,2496.4561984468,2414.50064631444,2419.51770959186,2431.47117269995,2422.19204116876,2425.21162568311,2432.99149398423,2434.31915471061,2347.07879110203,2301.29090474346,2312.38443050134,2245.1287272549,2252.95101397201
"GDP per capita, PPP (constant 2021 international $)",NY.GDP.PCAP.PP.KD,Lower middle income,LMC,..,..,..,..,..,..,..,..,..,..,..,..,..,..,..,..,..,..,..,..,..,..,..,..,..,..,..,..,..,..,3015.43800491438,3003.42850137128,3050.2703594091,3055.9973511995,3115.16772864706,3212.73983465503,3347.09723486764,3411.54586314026,3500.26300553414,3626.88719250757,3707.93949584987,3796.15439551126,3892.33119542829,4053.37395058828,4263.30952053785,4473.21866571231,4707.41980455082,4946.43967820625,5080.30050907269,5301.54044215281,5575.53785565004,5746.06732125262,5944.46327437976,6183.67583819575,6464.02971574897,6755.22608255852,7049.04160112152,7334.51120461161,7635.97899988466,7843.63655442009,7439.80749812133,7837.43334833358,8238.69538193574,8649.74836033666,8995.87438825602
"GDP per capita, PPP (constant 2021 international $)",NY.GDP.PCAP.PP.KD,"Middle East, North Africa, Afghanistan & Pakistan",MEA,..,..,..,..,..,..,..,..,..,..,..,..,..,..,..,..,..,..,..,..,..,..,..,..,..,..,..,..,..,..,9204.32329255248,9094.41293543023,9367.85251352365,9318.02615706484,9316.02739877672,9365.14500561917,9617.61942731637,9751.94089231362,9956.32598450511,10014.5287146207,10375.9203536525,10358.8778484947,10366.266556557,10568.1784174503,11139.9473070173,11441.2471477385,11810.8057519663,12142.8915849622,12378.1759554231,12294.6125348409,12615.7034158218,12849.7802458537,12972.3485257902,12953.4819782862,13109.9432820729,13258.485605315,13644.3587521899,13722.1944953672,13840.9085179973,13859.1620718392,13242.4454349327,13648.6181556962,14241.9968898837,14294.2459841546,14352.9911271019
"GDP per capita, PPP (constant 2021 international $)",NY.GDP.PCAP.PP.KD,"Middle East, North Africa, Afghanistan & Pakistan (excluding high income)",MNA,..,..,..,..,..,..,..,..,..,..,..,..,..,..,..,..,..,..,..,..,..,..,..,..,..,..,..,..,..,..,6449.12589427744,6297.01751129194,6445.51855503461,6382.21697250827,6361.38136473518,6409.36639586248,6637.3896393217,6709.96413755907,6926.20863517771,7058.95936198575,7302.94726381604,7349.03717282266,7431.51875495549,7463.4997859343,7856.02203464189,8051.28603801376,8305.93163852024,8609.12407426356,8733.80596118955,8811.65429381035,9031.31975575147,8967.41983587631,8965.99659380495,8889.86942356262,8974.15582612076,9021.46155425322,9395.45474768035,9541.20621317531,9593.49548105505,9605.52420146062,9289.51192984256,9497.25769111683,9771.32115919459,9881.84787217171,9960.20176631377
"GDP per capita, PPP (constant 2021 international $)",NY.GDP.PCAP.PP.KD,"Middle East, North Africa, Afghanistan & Pakistan (IDA & IBRD)",TMN,..,..,..,..,..,..,..,..,..,..,..,..,..,..,..,..,..,..,..,..,..,..,..,..,..,..,..,..,..,..,6461.53898673099,6309.72287354571,6459.15146530137,6396.37700879669,6376.21789520586,6424.18240152771,6654.7778945048,6725.71270614041,6940.19317083215,7072.10613469789,7321.33920430307,7371.20338714936,7458.14500325603,7487.94059550361,7878.43652061041,8072.53976089447,8330.06335305419,8635.00034712355,8759.22767643736,8835.79578956671,9055.96117517288,8989.2035290479,8986.48158861617,8909.01723360065,8995.01437462643,9042.19421356406,9416.20056639579,9563.29227886463,9616.69771490976,9629.48608824149,9317.39918230766,9525.12514890875,9800.72244713619,9915.1352502569,10005.7742574058
"GDP per capita, PPP (constant 2021 international $)",NY.GDP.PCAP.PP.KD,Middle income,MIC,..,..,..,..,..,..,..,..,..,..,..,..,..,..,..,..,..,..,..,..,..,..,..,..,..,..,..,..,..,..,4635.30190534266,4637.1955942259,4711.73727592511,4809.03283808512,4911.83015410068,5036.3353895378,5246.31756907378,5426.43337960294,5494.08763595349,5614.53560121487,5830.81466148117,5956.88814712238,6147.99130093068,6416.28997269357,6812.5120660634,7193.82319093537,7657.76970370928,8190.29276365009,8527.43592974048,8726.79547496664,9289.58030461942,9730.58945627825,10118.1937768115,10534.733811733,10928.5047374709,11302.0129640523,11714.9298475461,12188.6595651375,12650.0826085807,13023.58035492,12671.6884683059,13463.8040925801,13926.5438616699,14518.8492676385,15045.6418977538
"GDP per capita, PPP (constant 2021 international $)",NY.GDP.PCAP.PP.KD,North America,NAC,..,..,..,..,..,..,..,..,..,..,..,..,..,..,..,..,..,..,..,..,..,..,..,..,..,..,..,..,..,..,43996.1702778667,43289.6345077585,44104.3657635902,44730.6155696296,45989.2673962244,46672.279918969,47793.4147870381,49324.9458989698,50930.8571263208,52792.7989394401,54395.9872764444,54414.2316054862,54880.9996452037,55882.5388021726,57460.6504868586,58901.3751316749,59950.8137947404,60574.8958787286,60110.4620870865,58016.8608848413,59082.0189334998,59602.1365034567,60435.0747551988,61242.5035646543,62295.5003482894,63496.1568234086,64079.9609801917,65200.6650984045,66672.0445786912,67938.3944189517,65982.8101708618,69833.4948761015,71184.9572983365,72394.1241275026,73462.0394138947
"GDP per capita, PPP (constant 2021 international $)",NY.GDP.PCAP.PP.KD,Not classified,INX,..,..,..,..,..,..,..,..,..,..,..,..,..,..,..,..,..,..,..,..,..,..,..,..,..,..,..,..,..,..,..,..,..,..,..,..,..,..,..,..,..,..,..,..,..,..,..,..,..,..,..,..,..,..,..,..,..,..,..,..,..,..,..,..,..
"GDP per capita, PPP (constant 2021 international $)",NY.GDP.PCAP.PP.KD,OECD members,OED,..,..,..,..,..,..,..,..,..,..,..,..,..,..,..,..,..,..,..,..,..,..,..,..,..,..,..,..,..,..,33043.7623125884,33121.7208624292,33501.6285243951,33675.1426668963,34468.6524585014,35125.0844779883,35956.7339918775,36997.489594452,37811.653302447,38768.1259454055,40100.0736635285,40359.7742955811,40691.7246907504,41219.2890851894,42284.8711664127,43196.3601762154,44265.6201666808,45160.7672425497,45022.4637924216,43146.9846734134,44163.5000019848,44837.8963217335,45146.1602478401,45604.6500774203,46327.0750560206,47222.4264143199,47815.3606829439,48824.2005087167,49687.0078076748,50306.6814679338,48089.3143059651,50955.6018382245,52344.6903615246,52929.4284227082,53534.1656216465
"GDP per capita, PPP (constant 2021 international $)",NY.GDP.PCAP.PP.KD,Other small states,OSS,..,..,..,..,..,..,..,..,..,..,..,..,..,..,..,..,..,..,..,..,..,..,..,..,..,..,..,..,..,..,14244.8456884415,13914.2734940289,13335.5197731546,13311.5615935933,13534.9134378391,14024.093481067,14308.5077212602,15040.8904047468,15214.553570052,15487.7531812251,16568.1068802321,16794.8127049507,17115.3776643001,17646.5485228887,18180.5659595353,18758.2568404345,19695.051516491,20434.7299188338,20342.5003610777,19205.8544900065,19575.0396723195,20106.8331532255,20197.1172348352,20173.5452672898,20388.0990379491,20787.7160956884,21318.8624281079,22067.3182364246,22669.8890017139,23419.7164947874,21860.462092148,23255.3703912311,23768.1144090238,24193.7867116751,24686.1290438361
"GDP per capita, PPP (constant 2021 international $)",NY.GDP.PCAP.PP.KD,Pacific island small states,PSS,..,..,..,..,..,..,..,..,..,..,..,..,..,..,..,..,..,..,..,..,..,..,..,..,..,..,..,..,..,..,5435.53184302754,5293.20281010757,5483.02010196233,5511.93157318265,5695.92154568622,5844.43135130163,5969.97226186683,5793.00270584546,5784.60795923229,6009.18052303907,5838.45255572265,5836.2597902551,5902.78478891851,5929.14454892221,6110.77688226056,6160.09276971647,6224.22941257368,6146.06973733894,6189.67466848363,6079.22065891627,6218.24218010191,6353.38836493369,6337.90322264197,6481.80346858781,6658.2674056849,6844.56953866979,6990.1887390315,7194.50395381984,7314.62180323215,7288.31019104527,6347.24222055557,6080.31594064428,6653.2312628164,7078.57376542142,7228.16086485168
"GDP per capita, PPP (constant 2021 international $)",NY.GDP.PCAP.PP.KD,Post-demographic dividend,PST,..,..,..,..,..,..,..,..,..,..,..,..,..,..,..,..,..,..,..,..,..,..,..,..,..,..,..,..,..,..,36362.6611011826,36400.4693495335,36705.6739569793,36733.1997722156,37493.084031105,38252.8368655664,39083.5012433509,40159.2904292469,41026.6910319953,42235.2563140442,43750.6178202898,44266.1550011903,44745.0869228205,45440.9320730143,46698.1820762442,47752.599198178,48953.0763043796,49988.7768180916,49905.7480212986,47850.3235865818,49023.233009429,49720.9484551417,50019.3907956396,50519.9046311059,51221.2887495501,52039.3912604439,52745.166349483,53870.8590517568,54878.3341805826,55697.4517751456,53229.9347546887,56292.8151922954,57663.1350294517,58498.2947014181,59166.9175138399
"GDP per capita, PPP (constant 2021 international $)",NY.GDP.PCAP.PP.KD,Pre-demographic dividend,PRE,..,..,..,..,..,..,..,..,..,..,..,..,..,..,..,..,..,..,..,..,..,..,..,..,..,..,..,..,..,..,3604.0012200427,3246.30034933887,3231.03822609275,3108.25214086957,3005.27221852335,3000.32858476478,3083.59422489559,3186.48381663138,3306.55960127258,3343.68720004559,3429.70317873385,3478.54310668082,3594.43630988008,3485.95546224373,3782.99047596997,3895.30309478367,4021.52472717459,4153.51406143984,4293.71626997956,4378.09919247674,4539.58255211005,4606.71107326448,4704.96477071245,4833.19169685647,4940.70141799401,4951.55666271614,4929.40810283355,4874.71149447624,4868.45975712931,4888.59916995327,4558.12052329208,4535.27416519742,4624.99225982559,4619.11355930906,4656.63637010841
"GDP per capita, PPP (constant 2021 international $)",NY.GDP.PCAP.PP.KD,Small states,SST,..,..,..,..,..,..,..,..,..,..,..,..,..,..,..,..,..,..,..,..,..,..,..,..,..,..,..,..,..,..,12866.3736089339,12665.9810054841,12436.6341398749,12399.2185138494,12651.8620476461,13039.6620382974,13378.9168779067,13958.4179352028,14218.5275175935,14572.409060446,15367.5531304112,15580.7122383186,15944.9849534672,16573.0930454385,17150.790428945,17762.6920438013,18763.8232106809,19413.8985864534,19451.6008412988,18518.2514014905,18855.621983899,19227.1097193662,19485.7331206231,19558.9470068568,19824.0724708531,20037.4280000494,20137.5042203645,20535.3428224164,20952.1175962775,21442.7764394,19893.712175415,21014.405098698,22221.0380981027,23119.3375943551,24448.6179283099
"GDP per capita, PPP (constant 2021 international $)",NY.GDP.PCAP.PP.KD,South Asia,SAS,..,..,..,..,..,..,..,..,..,..,..,..,..,..,..,..,..,..,..,..,..,..,..,..,..,..,..,..,..,..,2221.10401117058,2207.15229366238,2278.29562275307,2338.6490943805,2437.52726368427,2561.1387186881,2688.7488495003,2747.18449308729,2855.99974039973,3032.53867444598,3097.80657068159,3182.31651811181,3244.37301172362,3427.9769384358,3626.65995288754,3844.00632749848,4085.07331187293,4330.30260571846,4419.83211246422,4683.42320559577,4997.84158209382,5199.39828023848,5421.16973991693,5690.32664871744,6029.54889102679,6420.39753408396,6853.83622045557,7237.9013460911,7622.25084211992,7857.61469233314,7399.2146905549,8015.35674462811,8522.02555266368,9169.17425959869,9654.1661001538
"GDP per capita, PPP (constant 2021 international $)",NY.GDP.PCAP.PP.KD,South Asia (IDA & IBRD),TSA,..,..,..,..,..,..,..,..,..,..,..,..,..,..,..,..,..,..,..,..,..,..,..,..,..,..,..,..,..,..,2221.10401117058,2207.15229366238,2278.29562275307,2338.6490943805,2437.52726368427,2561.1387186881,2688.7488495003,2747.18449308729,2855.99974039973,3032.53867444598,3097.80657068159,3182.31651811181,3244.37301172362,3427.9769384358,3626.65995288754,3844.00632749848,4085.07331187293,4330.30260571846,4419.83211246422,4683.42320559577,4997.84158209382,5199.39828023848,5421.16973991693,5690.32664871744,6029.54889102679,6420.39753408396,6853.83622045557,7237.9013460911,7622.25084211992,7857.61469233314,7399.2146905549,8015.35674462811,8522.02555266368,9169.17425959869,9654.1661001538
"GDP per capita, PPP (constant 2021 international $)",NY.GDP.PCAP.PP.KD,Sub-Saharan Africa,SSF,..,..,..,..,..,..,..,..,..,..,..,..,..,..,..,..,..,..,..,..,..,..,..,..,..,..,..,..,..,..,3775.44715824752,3692.96647842761,3585.8898110554,3446.39871711459,3382.89870693516,3400.79211336698,3482.83538248151,3531.2526143186,3529.4672266836,3509.31810136229,3534.51732241584,3592.16950119331,3732.08528410956,3787.21190581541,3938.52474735639,4064.79469856722,4196.01742141953,4334.88334721941,4442.56054105323,4476.26595816638,4629.34154572117,4716.82196328525,4779.45095832874,4893.03086171617,4999.52219488023,5016.22753000527,4948.61002148455,4944.82716564733,4954.56228767375,4956.28204569314,4674.72999524284,4720.35761389047,4796.06641542138,4810.21576811861,4872.63561420471
"GDP per capita, PPP (constant 2021 international $)",NY.GDP.PCAP.PP.KD,Sub-Saharan Africa (excluding high income),SSA,..,..,..,..,..,..,..,..,..,..,..,..,..,..,..,..,..,..,..,..,..,..,..,..,..,..,..,..,..,..,4065.82027451127,3990.11100791024,3886.87024084937,3728.49905322175,3661.2275291231,3681.37708502147,3766.8248891649,3822.20514514171,3827.62590417184,3805.1625385305,3831.94227075511,3892.72693602378,4050.88159908508,4118.27025866785,4278.51331355353,4411.23940636792,4549.64962010862,4695.18096839035,4806.08016860663,4836.23831598363,4993.41645515479,5078.36737266493,5138.78939655495,5251.51344059004,5355.7342357734,5358.65561857327,5268.83150135542,5249.09498328977,5249.943568027,5237.57859289934,4915.93079254536,4958.95615019986,5035.76910820244,5040.15417908639,5094.61312493951
"GDP per capita, PPP (constant 2021 international $)",NY.GDP.PCAP.PP.KD,Sub-Saharan Africa (IDA & IBRD countries),TSS,..,..,..,..,..,..,..,..,..,..,..,..,..,..,..,..,..,..,..,..,..,..,..,..,..,..,..,..,..,..,3775.44715824753,3692.96647842762,3585.88981105541,3446.3987171146,3382.89870693516,3400.79211336698,3482.83538248152,3531.2526143186,3529.46722668361,3509.31810136229,3534.51732241584,3592.16950119331,3732.08528410956,3787.21190581541,3938.52474735639,4064.79469856722,4196.01742141953,4334.88334721941,4442.56054105324,4476.26595816638,4629.34154572117,4716.82196328525,4779.45095832875,4893.03086171617,4999.52219488023,5016.22753000527,4948.61002148455,4944.82716564733,4954.56228767375,4956.28204569314,4674.72999524284,4720.35761389047,4796.06641542138,4810.21576811861,4872.63561420471
"GDP per capita, PPP (constant 2021 international $)",NY.GDP.PCAP.PP.KD,Upper middle income,UMC,..,..,..,..,..,..,..,..,..,..,..,..,..,..,..,..,..,..,..,..,..,..,..,..,..,..,..,..,..,..,5957.12631080649,5981.64813544978,6090.96204664807,6278.49566862075,6432.27467023322,6594.17241038221,6884.27893825355,7181.0610239638,7247.10789732579,7379.22282762116,7735.0504758866,7915.22607766292,8213.48940648461,8601.67891365199,9193.60992535627,9758.99174044883,10466.4280424824,11310.7800213989,11875.1295885895,12082.9269807255,12962.6754963311,13706.0993160399,14313.8729133057,14938.9717241132,15480.1731161354,15969.5768766995,16537.8932688516,17239.4613846795,17902.247354395,18488.2198617172,18237.3471437001,19501.6356784187,20089.0799816803,20944.2399548781,21731.4968732597
"GDP per capita, PPP (constant 2021 international $)",NY.GDP.PCAP.PP.KD,World,WLD,..,..,..,..,..,..,..,..,..,..,..,..,..,..,..,..,..,..,..,..,..,..,..,..,..,..,..,..,..,..,11250.3251758532,11160.3341454062,11126.7353438487,11120.1225692294,11245.5644489312,11423.4861863437,11673.0569045937,11958.2999699403,12082.2110125403,12345.8490555916,12763.9895590652,12898.8417011865,13086.7970417942,13396.5818916433,13907.9938410024,14363.8132714926,14920.1072966997,15503.021470486,15739.4505785322,15444.6901767904,16040.3650146968,16471.7586795058,16777.2691586049,17114.4400546396,17492.4989024481,17860.2745294936,18224.7589030586,18706.6154555832,19180.4159454578,19543.2371419196,18803.0688840469,19857.7989690319,20400.1574226776,20908.8485958703,21395.5308894831
Poverty headcount ratio at $8.30 a day (2021 PPP) (% of population),SI.POV.UMIC,Afghanistan,AFG,..,..,..,..,..,..,..,..,..,..,..,..,..,..,..,..,..,..,..,..,..,..,..,..,..,..,..,..,..,..,..,..,..,..,..,..,..,..,..,..,..,..,..,..,..,..,..,..,..,..,..,..,..,..,..,..,..,..,..,..,..,..,..,..,..
Poverty headcount ratio at $8.30 a day (2021 PPP) (% of population),SI.POV.UMIC,Albania,ALB,..,..,..,..,..,..,..,..,..,..,..,..,..,..,..,..,..,..,..,..,..,..,..,..,..,..,..,..,..,..,..,..,..,..,..,..,58.6,..,..,..,..,..,61,..,..,50,..,..,43.4,..,..,..,45.9,..,46.5,32.8,32.9,32.7,24.1,21.5,19.9,..,..,..,..
Poverty headcount ratio at $8.30 a day (2021 PPP) (% of population),SI.POV.UMIC,Algeria,DZA,..,..,..,..,..,..,..,..,..,..,..,..,..,..,..,..,..,..,..,..,..,..,..,..,..,..,..,..,67.7,..,..,..,..,..,..,65.2,..,..,..,..,..,..,..,..,..,..,..,..,..,..,..,41.8,..,..,..,..,..,..,..,..,..,..,..,..,..
Poverty headcount ratio at $8.30 a day (2021 PPP) (% of population),SI.POV.UMIC,American Samoa,ASM,..,..,..,..,..,..,..,..,..,..,..,..,..,..,..,..,..,..,..,..,..,..,..,..,..,..,..,..,..,..,..,..,..,..,..,..,..,..,..,..,..,..,..,..,..,..,..,..,..,..,..,..,..,..,..,..,..,..,..,..,..,..,..,..,..
Poverty headcount ratio at $8.30 a day (2021 PPP) (% of population),SI.POV.UMIC,Andorra,AND,..,..,..,..,..,..,..,..,..,..,..,..,..,..,..,..,..,..,..,..,..,..,..,..,..,..,..,..,..,..,..,..,..,..,..,..,..,..,..,..,..,..,..,..,..,..,..,..,..,..,..,..,..,..,..,..,..,..,..,..,..,..,..,..,..
Poverty headcount ratio at $8.30 a day (2021 PPP) (% of population),SI.POV.UMIC,Angola,AGO,..,..,..,..,..,..,..,..,..,..,..,..,..,..,..,..,..,..,..,..,..,..,..,..,..,..,..,..,..,..,..,..,..,..,..,..,..,..,..,..,69.7,..,..,..,..,..,..,..,71.7,..,..,..,..,..,..,..,..,..,80,..,..,..,..,..,..
Poverty headcount ratio at $8.30 a day (2021 PPP) (% of population),SI.POV.UMIC,Antigua and Barbuda,ATG,..,..,..,..,..,..,..,..,..,..,..,..,..,..,..,..,..,..,..,..,..,..,..,..,..,..,..,..,..,..,..,..,..,..,..,..,..,..,..,..,..,..,..,..,..,..,..,..,..,..,..,..,..,..,..,..,..,..,..,..,..,..,..,..,..
Poverty headcount ratio at $8.30 a day (2021 PPP) (% of population),SI.POV.UMIC,Argentina,ARG,..,..,..,..,..,..,..,..,..,..,..,..,..,..,..,..,..,..,..,..,7.5,..,..,..,..,..,6,9.6,..,..,..,17.3,17.9,17.4,18.5,24,25.8,24.8,27,28,30.9,34.3,49.1,33.1,28.6,24.5,19.9,18.9,16.7,15.2,13.6,11.3,10.3,10.4,11.7,..,11.5,9.8,12.5,14.9,18.3,14.2,13.9,16.4,15.2
Poverty headcount ratio at $8.30 a day (2021 PPP) (% of population),SI.POV.UMIC,Armenia,ARM,..,..,..,..,..,..,..,..,..,..,..,..,..,..,..,..,..,..,..,..,..,..,..,..,..,..,..,..,..,..,..,..,..,..,..,..,72.2,..,..,84.4,..,85.5,84.6,84.9,76.2,70.7,66.8,59.7,56.3,65,66,63,59.6,57.4,55.2,50.7,45.9,52.7,52.8,57.1,58.2,57,55.7,56.9,..
Poverty headcount ratio at $8.30 a day (2021 PPP) (% of population),SI.POV.UMIC,Aruba,ABW,..,..,..,..,..,..,..,..,..,..,..,..,..,..,..,..,..,..,..,..,..,..,..,..,..,..,..,..,..,..,..,..,..,..,..,..,..,..,..,..,..,..,..,..,..,..,..,..,..,..,..,..,..,..,..,..,..,..,..,..,..,..,..,..,..
Poverty headcount ratio at $8.30 a day (2021 PPP) (% of population),SI.POV.UMIC,Australia,AUS,..,..,..,..,..,..,..,..,..,..,..,..,..,..,..,..,..,..,..,..,..,2,..,..,..,2,..,..,..,2.2,..,..,..,..,..,2,..,..,..,..,..,1.7,..,2,1.2,..,..,..,1,..,1,..,..,..,1,..,1,..,1.2,..,1.5,..,..,..,..
Poverty headcount ratio at $8.30 a day (2021 PPP) (% of population),SI.POV.UMIC,Austria,AUT,..,..,..,..,..,..,..,..,..,..,..,..,..,..,..,..,..,..,..,..,..,..,..,..,..,..,..,..,..,..,..,..,..,..,1,1,0.5,0.7,1,0.5,0.6,..,..,0.7,0.4,0.5,0.5,0.8,1,1,0.8,1,1.1,0.7,0.7,1.2,1.3,0.7,1.2,0.9,1.1,1.1,1.1,1,..
Poverty headcount ratio at $8.30 a day (2021 PPP) (% of population),SI.POV.UMIC,Azerbaijan,AZE,..,..,..,..,..,..,..,..,..,..,..,..,..,..,..,..,..,..,..,..,..,..,..,..,..,..,..,..,..,..,..,..,..,..,..,80.2,..,..,..,..,..,73.1,53.7,48.8,47.7,35.9,..,..,..,..,..,..,..,..,..,..,..,..,..,..,..,..,..,..,..
Poverty headcount ratio at $8.30 a day (2021 PPP) (% of population),SI.POV.UMIC,"Bahamas, The",BHS,..,..,..,..,..,..,..,..,..,..,..,..,..,..,..,..,..,..,..,..,..,..,..,..,..,..,..,..,..,..,..,..,..,..,..,..,..,..,..,..,..,..,..,..,..,..,..,..,..,..,..,..,..,..,..,..,..,..,..,..,..,..,..,..,..
Poverty headcount ratio at $8.30 a day (2021 PPP) (% of population),SI.POV.UMIC,Bahrain,BHR,..,..,..,..,..,..,..,..,..,..,..,..,..,..,..,..,..,..,..,..,..,..,..,..,..,..,..,..,..,..,..,..,..,..,..,..,..,..,..,..,..,..,..,..,..,..,..,..,..,..,..,..,..,..,..,..,..,..,..,..,..,..,..,..,..
Poverty headcount ratio at $8.30 a day (2021 PPP) (% of population),SI.POV.UMIC,Bangladesh,BGD,..,..,..,..,..,..,..,..,..,..,..,..,..,..,..,..,..,..,..,..,..,..,..,97.5,..,96.2,..,..,96.6,..,..,97.2,..,..,..,93.4,..,..,..,..,92.3,..,..,..,..,90,..,..,..,..,88.6,..,..,..,..,..,85.7,..,..,..,..,..,71.5,..,..
Poverty headcount ratio at $8.30 a day (2021 PPP) (% of population),SI.POV.UMIC,Barbados,BRB,..,..,..,..,..,..,..,..,..,..,..,..,..,..,..,..,..,..,..,..,..,..,..,..,..,..,..,..,..,..,..,..,..,..,..,..,..,..,..,..,..,..,..,..,..,..,..,..,..,..,..,..,..,..,..,..,15.8,..,..,..,..,..,..,..,..
Poverty headcount ratio at $8.30 a day (2021 PPP) (% of population),SI.POV.UMIC,Belarus,BLR,..,..,..,..,..,..,..,..,..,..,..,..,..,..,..,..,..,..,..,..,..,..,..,..,..,..,..,..,..,..,..,..,..,81.3,..,46.5,..,..,93.4,92.2,89.4,80.5,76.1,73.3,64.5,47.2,36.7,28.2,24,22.3,18,14.6,9.2,5.8,5.4,6.8,7.4,6.2,4.3,3.9,2.6,..,..,..,..
Poverty headcount ratio at $8.30 a day (2021 PPP) (% of population),SI.POV.UMIC,Belgium,BEL,..,..,..,..,..,..,..,..,..,..,..,..,..,..,..,..,..,..,..,..,..,..,..,..,..,0.7,..,..,1,..,..,..,1.2,..,..,1.2,..,1,..,..,1,..,..,0.9,0.4,0.6,0.4,0.4,0.3,0.3,0.5,0.6,0.5,0.5,0.3,0.2,0.3,0.4,0.2,0.2,0.3,0.3,0.2,0.3,..
Poverty headcount ratio at $8.30 a day (2021 PPP) (% of population),SI.POV.UMIC,Belize,BLZ,..,..,..,..,..,..,..,..,..,..,..,..,..,..,..,..,..,..,..,..,..,..,..,..,..,..,..,..,..,..,..,..,..,61.5,65.2,48,70.5,70,68.6,66.7,..,..,..,..,..,..,..,..,..,..,..,..,..,..,..,..,..,..,19.7,..,..,..,..,..,..
Poverty headcount ratio at $8.30 a day (2021 PPP) (% of population),SI.POV.UMIC,Benin,BEN,..,..,..,..,..,..,..,..,..,..,..,..,..,..,..,..,..,..,..,..,..,..,..,..,..,..,..,..,..,..,..,..,..,..,..,..,..,..,..,..,..,..,..,96.5,..,..,..,..,..,..,..,94.1,..,..,..,93.2,..,..,88.1,..,..,86.5,..,..,..
Poverty headcount ratio at $8.30 a day (2021 PPP) (% of population),SI.POV.UMIC,Bermuda,BMU,..,..,..,..,..,..,..,..,..,..,..,..,..,..,..,..,..,..,..,..,..,..,..,..,..,..,..,..,..,..,..,..,..,..,..,..,..,..,..,..,..,..,..,..,..,..,..,..,..,..,..,..,..,..,..,..,..,..,..,..,..,..,..,..,..
Poverty headcount ratio at $8.30 a day (2021 PPP) (% of population),SI.POV.UMIC,Bhutan,BTN,..,..,..,..,..,..,..,..,..,..,..,..,..,..,..,..,..,..,..,..,..,..,..,..,..,..,..,..,..,..,..,..,..,..,..,..,..,..,..,..,..,..,..,76.1,..,..,..,65.1,..,..,..,..,48.5,..,..,..,..,42.5,..,..,..,..,10.1,..,..
Poverty headcount ratio at $8.30 a day (2021 PPP) (% of population),SI.POV.UMIC,Bolivia,BOL,..,..,..,..,..,..,..,..,..,..,..,..,..,..,..,..,..,..,..,..,..,..,..,..,..,..,..,..,..,..,45.7,..,61.4,..,..,..,..,49.8,..,52.5,58.8,54.2,56.4,..,49.3,49.5,44.6,42.7,36.6,31.9,..,25.3,25.9,23.6,22.6,23,23.7,23.1,21.3,17.8,19.5,17.1,18.5,16.5,..
Poverty headcount ratio at $8.30 a day (2021 PPP) (% of population),SI.POV.UMIC,Bosnia and Herzegovina,BIH,..,..,..,..,..,..,..,..,..,..,..,..,..,..,..,..,..,..,..,..,..,..,..,..,..,..,..,..,..,..,..,..,..,..,..,..,..,..,..,..,..,20.2,..,..,9.7,..,..,6.8,..,..,..,8.1,..,..,..,..,..,..,..,..,..,..,..,..,..
Poverty headcount ratio at $8.30 a day (2021 PPP) (% of population),SI.POV.UMIC,Botswana,BWA,..,..,..,..,..,..,..,..,..,..,..,..,..,..,..,..,..,..,..,..,..,..,..,..,..,85,..,..,..,..,..,..,..,80.1,..,..,..,..,..,..,..,..,70.6,..,..,..,..,..,..,62.7,..,..,..,..,..,63.2,..,..,..,..,..,..,..,..,..
Poverty headcount ratio at $8.30 a day (2021 PPP) (% of population),SI.POV.UMIC,Brazil,BRA,..,..,..,..,..,..,..,..,..,..,..,..,..,..,..,..,..,..,..,..,..,68.9,68.4,73.9,74,70,51.6,61.3,63,60.3,65.8,..,67.9,66,..,54.8,54.9,55.1,54.3,55.8,..,50.3,49.8,50.9,49.5,47.5,43.7,41.2,38.2,36.3,..,32.2,30.3,27.8,26.3,27.3,29,29.2,28.6,28,20.8,30.5,25.3,23.4,..
Poverty headcount ratio at $8.30 a day (2021 PPP) (% of population),SI.POV.UMIC,British Virgin Islands,VGB,..,..,..,..,..,..,..,..,..,..,..,..,..,..,..,..,..,..,..,..,..,..,..,..,..,..,..,..,..,..,..,..,..,..,..,..,..,..,..,..,..,..,..,..,..,..,..,..,..,..,..,..,..,..,..,..,..,..,..,..,..,..,..,..,..
Poverty headcount ratio at $8.30 a day (2021 PPP) (% of population),SI.POV.UMIC,Brunei Darussalam,BRN,..,..,..,..,..,..,..,..,..,..,..,..,..,..,..,..,..,..,..,..,..,..,..,..,..,..,..,..,..,..,..,..,..,..,..,..,..,..,..,..,..,..,..,..,..,..,..,..,..,..,..,..,..,..,..,..,..,..,..,..,..,..,..,..,..
Poverty headcount ratio at $8.30 a day (2021 PPP) (% of population),SI.POV.UMIC,Bulgaria,BGR,..,..,..,..,..,..,..,..,..,..,..,..,..,..,..,..,..,..,..,..,..,..,..,..,..,..,..,..,..,0,..,..,5.1,..,9.8,21.4,..,62.8,..,..,..,35.8,..,37.3,..,..,33.5,18.5,13.4,13,15.9,17,16.8,15.2,13.2,15.6,11.6,11.7,9.1,8.2,5.8,6.5,5.5,4.4,..
Poverty headcount ratio at $8.30 a day (2021 PPP) (% of population),SI.POV.UMIC,Burkina Faso,BFA,..,..,..,..,..,..,..,..,..,..,..,..,..,..,..,..,..,..,..,..,..,..,..,..,..,..,..,..,..,..,..,..,..,..,98.2,..,..,..,97.1,..,..,..,..,95.1,..,..,..,..,..,95.9,..,..,..,..,94.5,..,..,..,89.5,..,..,90.4,..,..,..
Poverty headcount ratio at $8.30 a day (2021 PPP) (% of population),SI.POV.UMIC,Burundi,BDI,..,..,..,..,..,..,..,..,..,..,..,..,..,..,..,..,..,..,..,..,..,..,..,..,..,..,..,..,..,..,..,..,99.1,..,..,..,..,..,98.1,..,..,..,..,..,..,..,98.5,..,..,..,..,..,..,97.1,..,..,..,..,..,..,97.4,..,..,..,..
Poverty headcount ratio at $8.30 a day (2021 PPP) (% of population),SI.POV.UMIC,Cabo Verde,CPV,..,..,..,..,..,..,..,..,..,..,..,..,..,..,..,..,..,..,..,..,..,..,..,..,..,..,..,..,..,..,..,..,..,..,..,..,..,..,..,..,..,79.9,..,..,..,..,..,74.2,..,..,..,..,..,..,..,65,..,..,..,..,..,..,..,..,..
Poverty headcount ratio at $8.30 a day (2021 PPP) (% of population),SI.POV.UMIC,Cambodia,KHM,..,..,..,..,..,..,..,..,..,..,..,..,..,..,..,..,..,..,..,..,..,..,..,..,..,..,..,..,..,..,..,..,..,..,..,..,..,..,..,..,..,..,..,..,..,..,..,..,..,..,..,..,..,..,..,..,..,..,..,..,..,..,..,..,..
Poverty headcount ratio at $8.30 a day (2021 PPP) (% of population),SI.POV.UMIC,Cameroon,CMR,..,..,..,..,..,..,..,..,..,..,..,..,..,..,..,..,..,..,..,..,..,..,..,..,..,..,..,..,..,..,..,..,..,..,..,..,89.8,..,..,..,..,82.3,..,..,..,..,..,82.6,..,..,..,..,..,..,72.7,..,..,..,..,..,..,74,..,..,..
Poverty headcount ratio at $8.30 a day (2021 PPP) (% of population),SI.POV.UMIC,Canada,CAN,..,..,..,..,..,..,..,..,..,..,..,6.5,..,4,..,3.2,..,3,..,2.5,..,2,2,..,2.2,1.7,1.7,1.5,1.2,1.7,1.7,2,1.5,1.7,1.5,1.5,1.2,1.2,1.2,1.2,1,1,1,0.7,0.7,1,0.7,0.7,1,1,0.7,0.7,1,1,1,1,1,0.7,0.7,0.7,0.5,0.5,..,..,..
Poverty headcount ratio at $8.30 a day (2021 PPP) (% of population),SI.POV.UMIC,Cayman Islands,CYM,..,..,..,..,..,..,..,..,..,..,..,..,..,..,..,..,..,..,..,..,..,..,..,..,..,..,..,..,..,..,..,..,..,..,..,..,..,..,..,..,..,..,..,..,..,..,..,..,..,..,..,..,..,..,..,..,..,..,..,..,..,..,..,..,..
Poverty headcount ratio at $8.30 a day (2021 PPP) (% of population),SI.POV.UMIC,Central African Republic,CAF,..,..,..,..,..,..,..,..,..,..,..,..,..,..,..,..,..,..,..,..,..,..,..,..,..,..,..,..,..,..,..,..,96.7,..,..,..,..,..,..,..,..,..,..,..,..,..,..,..,92.4,..,..,..,..,..,..,..,..,..,..,..,..,96.1,..,..,..
Poverty headcount ratio at $8.30 a day (2021 PPP) (% of population),SI.POV.UMIC,Chad,TCD,..,..,..,..,..,..,..,..,..,..,..,..,..,..,..,..,..,..,..,..,..,..,..,..,..,..,..,..,..,..,..,..,..,..,..,..,..,..,..,..,..,..,..,96.2,..,..,..,..,..,..,..,88.5,..,..,..,..,..,..,90.1,..,..,..,89.5,..,..
Poverty headcount ratio at $8.30 a day (2021 PPP) (% of population),SI.POV.UMIC,Channel Islands,CHI,..,..,..,..,..,..,..,..,..,..,..,..,..,..,..,..,..,..,..,..,..,..,..,..,..,..,..,..,..,..,..,..,..,..,..,..,..,..,..,..,..,..,..,..,..,..,..,..,..,..,..,..,..,..,..,..,..,..,..,..,..,..,..,..,..
Poverty headcount ratio at $8.30 a day (2021 PPP) (% of population),SI.POV.UMIC,Chile,CHL,..,..,..,..,..,..,..,..,..,..,..,..,..,..,..,..,..,..,..,..,..,..,..,..,..,..,..,64.4,..,..,58.5,..,53.3,..,49.8,..,44.6,..,41.6,..,44.5,..,..,43.2,..,..,32,..,..,27.6,..,23.5,..,14.4,..,11.7,..,9,..,..,11.3,..,5.7,..,..
Poverty headcount ratio at $8.30 a day (2021 PPP) (% of population),SI.POV.UMIC,China,CHN,..,..,..,..,..,..,..,..,..,..,..,..,..,..,..,..,..,..,..,..,..,100,..,..,100,..,..,99.8,..,..,99.2,..,..,98.5,..,..,96.4,..,..,94.5,..,..,89.3,..,..,81.8,..,..,73,..,66.1,62.7,58,51.7,46.7,42.4,38.7,36.3,32.2,28.9,29.5,21,21.5,..,..
Poverty headcount ratio at $8.30 a day (2021 PPP) (% of population),SI.POV.UMIC,Colombia,COL,..,..,..,..,..,..,..,..,..,..,..,..,..,..,..,..,..,..,..,..,65.3,..,..,..,..,..,..,..,59.4,60.7,..,57.6,60.3,..,..,..,66.7,..,..,69.2,65.4,71.5,62.5,63.3,62.4,59.1,..,..,53.7,52.5,50,47.2,45.4,43,40.8,40,40.1,39.6,39.6,40.3,48,44,40.2,37.6,..
Poverty headcount ratio at $8.30 a day (2021 PPP) (% of population),SI.POV.UMIC,Comoros,COM,..,..,..,..,..,..,..,..,..,..,..,..,..,..,..,..,..,..,..,..,..,..,..,..,..,..,..,..,..,..,..,..,..,..,..,..,..,..,..,..,..,..,..,..,76.7,..,..,..,..,..,..,..,..,..,76.7,..,..,..,..,..,..,..,..,..,..
Poverty headcount ratio at $8.30 a day (2021 PPP) (% of population),SI.POV.UMIC,"Congo, Dem. Rep.",COD,..,..,..,..,..,..,..,..,..,..,..,..,..,..,..,..,..,..,..,..,..,..,..,..,..,..,..,..,..,..,..,..,..,..,..,..,..,..,..,..,..,..,..,..,99.7,..,..,..,..,..,..,..,97.9,..,..,..,..,..,..,..,98,..,..,..,..
Poverty headcount ratio at $8.30 a day (2021 PPP) (% of population),SI.POV.UMIC,"Congo, Rep.",COG,..,..,..,..,..,..,..,..,..,..,..,..,..,..,..,..,..,..,..,..,..,..,..,..,..,..,..,..,..,..,..,..,..,..,..,..,..,..,..,..,..,..,..,..,..,88.9,..,..,..,..,..,82.4,..,..,..,..,..,..,..,..,..,..,..,..,..
Poverty headcount ratio at $8.30 a day (2021 PPP) (% of population),SI.POV.UMIC,Costa Rica,CRI,..,..,..,..,..,..,..,..,..,..,..,..,..,..,..,..,..,..,..,..,..,75,..,..,..,..,69.8,..,..,51.9,51.2,55.8,53,45.9,41.8,41.9,45.9,42.7,37.3,41.3,41.4,32.1,31.8,30.4,32.2,29.6,29.4,24.3,23.3,22.8,18.8,19.8,18.4,18.4,18.3,17.5,17,15.8,16.5,16.7,23.3,17.8,17.1,15.3,12.6
Poverty headcount ratio at $8.30 a day (2021 PPP) (% of population),SI.POV.UMIC,Cote d'Ivoire,CIV,..,..,..,..,..,..,..,..,..,..,..,..,..,..,..,..,..,..,..,..,..,..,..,..,..,60.7,67.5,73.9,81.4,..,..,..,87.2,..,..,88.8,..,..,89.5,..,..,..,88.8,..,..,..,..,..,89.1,..,..,..,..,..,..,90.2,..,..,79.6,..,..,80.9,..,..,..
Poverty headcount ratio at $8.30 a day (2021 PPP) (% of population),SI.POV.UMIC,Croatia,HRV,..,..,..,..,..,..,..,..,..,..,..,..,..,..,..,..,..,..,..,..,..,..,..,..,..,..,..,..,0.5,..,..,..,..,..,..,..,..,..,0.4,4.3,3.9,5.6,..,..,0.6,..,..,..,0.9,6.3,7.9,8.8,10.3,9.4,7.9,7.5,6,5.6,3.5,3.1,2.7,2,2.4,2,..
Poverty headcount ratio at $8.30 a day (2021 PPP) (% of population),SI.POV.UMIC,Cuba,CUB,..,..,..,..,..,..,..,..,..,..,..,..,..,..,..,..,..,..,..,..,..,..,..,..,..,..,..,..,..,..,..,..,..,..,..,..,..,..,..,..,..,..,..,..,..,..,..,..,..,..,..,..,..,..,..,..,..,..,..,..,..,..,..,..,..
Poverty headcount ratio at $8.30 a day (2021 PPP) (% of population),SI.POV.UMIC,Curacao,CUW,..,..,..,..,..,..,..,..,..,..,..,..,..,..,..,..,..,..,..,..,..,..,..,..,..,..,..,..,..,..,..,..,..,..,..,..,..,..,..,..,..,..,..,..,..,..,..,..,..,..,..,..,..,..,..,..,..,..,..,..,..,..,..,..,..
Poverty headcount ratio at $8.30 a day (2021 PPP) (% of population),SI.POV.UMIC,Cyprus,CYP,..,..,..,..,..,..,..,..,..,..,..,..,..,..,..,..,..,..,..,..,..,..,..,..,..,..,..,..,..,..,..,..,..,..,..,..,..,..,..,..,..,..,..,..,0.3,0.1,0,0.1,0,0.2,0.2,0.3,0.1,0.3,0.4,0.2,0.1,0.2,0.3,0.5,0.2,0.1,0,0.1,..
Poverty headcount ratio at $8.30 a day (2021 PPP) (% of population),SI.POV.UMIC,Czechia,CZE,..,..,..,..,..,..,..,..,..,..,..,..,..,..,..,..,..,..,..,..,..,..,..,..,..,..,..,..,..,..,..,..,1,0,..,..,2,..,..,..,..,..,1.2,..,1.9,1.1,1,0.8,0.9,1,1.1,0.9,1.1,0.8,1.1,0.7,0.8,0.5,0.4,0.3,0.5,0.3,0.6,0.8,..
Poverty headcount ratio at $8.30 a day (2021 PPP) (% of population),SI.POV.UMIC,Denmark,DNK,..,..,..,..,..,..,..,..,..,..,..,..,..,..,..,..,..,..,..,..,..,..,..,..,..,..,..,1.2,..,..,..,..,1.2,..,..,0.2,..,..,..,..,0.2,..,..,0.5,0.4,0.5,0.3,0.6,0.8,1.1,0.3,0.6,0.9,0.8,0.9,0.5,0.5,0.3,0.3,0.5,0.5,0.3,0.8,0.6,..
Poverty headcount ratio at $8.30 a day (2021 PPP) (% of population),SI.POV.UMIC,Djibouti,DJI,..,..,..,..,..,..,..,..,..,..,..,..,..,..,..,..,..,..,..,..,..,..,..,..,..,..,..,..,..,..,..,..,..,..,..,..,..,..,..,..,..,..,84.3,..,..,..,..,..,..,..,..,..,77.5,81.7,..,..,..,80.8,..,..,..,..,..,..,..
Poverty headcount ratio at $8.30 a day (2021 PPP) (% of population),SI.POV.UMIC,Dominica,DMA,..,..,..,..,..,..,..,..,..,..,..,..,..,..,..,..,..,..,..,..,..,..,..,..,..,..,..,..,..,..,..,..,..,..,..,..,..,..,..,..,..,..,..,..,..,..,..,..,..,..,..,..,..,..,..,..,..,..,..,..,..,..,..,..,..
Poverty headcount ratio at $8.30 a day (2021 PPP) (% of population),SI.POV.UMIC,Dominican Republic,DOM,..,..,..,..,..,..,..,..,..,..,..,..,..,..,..,..,..,..,..,..,..,..,..,..,..,..,36.3,..,..,64,..,..,51,..,..,..,40.9,38.3,..,..,39.8,39.2,39,47.8,55.6,46.6,43.5,43,44.2,41.5,42,40.2,39.6,39.3,33.5,29.4,27.4,23.8,20.9,18.8,21.7,21.8,20.2,16.9,14
Poverty headcount ratio at $8.30 a day (2021 PPP) (% of population),SI.POV.UMIC,Ecuador,ECU,..,..,..,..,..,..,..,..,..,..,..,..,..,..,..,..,..,..,..,..,..,..,..,..,..,..,..,60.8,..,..,..,..,..,..,65.9,65.3,..,..,65,68.6,76.6,..,..,58.7,59.7,51.9,46.8,45.9,43.4,44.4,39.7,35.9,32.6,32.5,28.7,29.8,29.3,28.3,28.9,30.6,36,33.5,30.9,30.8,32.6
Poverty headcount ratio at $8.30 a day (2021 PPP) (% of population),SI.POV.UMIC,"Egypt, Arab Rep.",EGY,..,..,..,..,..,..,..,..,..,..,..,..,..,..,..,..,..,..,..,..,..,..,..,..,..,..,..,..,..,..,73.9,..,..,..,..,77.1,..,..,..,64,..,..,..,..,72.4,..,..,..,71.8,..,63.5,..,60.6,..,..,56.8,..,66.8,..,62.2,..,58.5,..,..,..
Poverty headcount ratio at $8.30 a day (2021 PPP) (% of population),SI.POV.UMIC,El Salvador,SLV,..,..,..,..,..,..,..,..,..,..,..,..,..,..,..,..,..,..,..,..,..,..,..,..,..,..,..,..,..,63.5,..,70.5,..,..,..,63.2,64.3,..,62.9,60,56,57.2,56.8,58.4,56.9,57.1,56.2,53.1,56,56.6,54.8,56,53.5,49.1,49.3,46.6,44.9,42.4,39.1,34.7,..,33.5,32.7,29.9,..
Poverty headcount ratio at $8.30 a day (2021 PPP) (% of population),SI.POV.UMIC,Equatorial Guinea,GNQ,..,..,..,..,..,..,..,..,..,..,..,..,..,..,..,..,..,..,..,..,..,..,..,..,..,..,..,..,..,..,..,..,..,..,..,..,..,..,..,..,..,..,..,..,..,..,..,..,..,..,..,..,..,..,..,..,..,..,..,..,..,..,58.1,..,..
Poverty headcount ratio at $8.30 a day (2021 PPP) (% of population),SI.POV.UMIC,Eritrea,ERI,..,..,..,..,..,..,..,..,..,..,..,..,..,..,..,..,..,..,..,..,..,..,..,..,..,..,..,..,..,..,..,..,..,..,..,..,..,..,..,..,..,..,..,..,..,..,..,..,..,..,..,..,..,..,..,..,..,..,..,..,..,..,..,..,..
Poverty headcount ratio at $8.30 a day (2021 PPP) (% of population),SI.POV.UMIC,Estonia,EST,..,..,..,..,..,..,..,..,..,..,..,..,..,..,..,..,..,..,..,..,..,..,..,..,..,..,..,..,..,..,..,..,..,38.2,..,40.2,..,..,34.1,..,35.9,38.5,36,20.7,14.6,10.1,6.3,4.1,4.1,5,7.2,6.1,5.2,5.3,5,2.9,2.4,1.8,1.3,1.7,1.6,1,2,1.3,..
Poverty headcount ratio at $8.30 a day (2021 PPP) (% of population),SI.POV.UMIC,Eswatini,SWZ,..,..,..,..,..,..,..,..,..,..,..,..,..,..,..,..,..,..,..,..,..,..,..,..,..,..,..,..,..,..,..,..,..,..,98,..,..,..,..,..,90.4,..,..,..,..,..,..,..,..,88.1,..,..,..,..,..,..,79.3,..,..,..,..,..,..,..,..
Poverty headcount ratio at $8.30 a day (2021 PPP) (% of population),SI.POV.UMIC,Ethiopia,ETH,..,..,..,..,..,..,..,..,..,..,..,..,..,..,..,..,..,..,..,..,..,..,..,..,..,..,..,..,..,..,..,..,..,..,..,96.5,..,..,..,97.7,..,..,..,..,95.7,..,..,..,..,..,93.2,..,..,..,..,89.9,..,..,..,..,..,93.5,..,..,..
Poverty headcount ratio at $8.30 a day (2021 PPP) (% of population),SI.POV.UMIC,Faroe Islands,FRO,..,..,..,..,..,..,..,..,..,..,..,..,..,..,..,..,..,..,..,..,..,..,..,..,..,..,..,..,..,..,..,..,..,..,..,..,..,..,..,..,..,..,..,..,..,..,..,..,..,..,..,..,..,..,..,..,..,..,..,..,..,..,..,..,..
Poverty headcount ratio at $8.30 a day (2021 PPP) (% of population),SI.POV.UMIC,Fiji,FJI,..,..,..,..,..,..,..,..,..,..,..,..,..,..,..,..,..,..,..,..,..,..,..,..,..,..,..,..,..,..,..,..,..,..,..,..,..,..,..,..,..,..,52.4,..,..,..,..,..,48.9,..,..,..,..,46.7,..,..,..,..,..,61.3,..,..,..,..,..
Poverty headcount ratio at $8.30 a day (2021 PPP) (% of population),SI.POV.UMIC,Finland,FIN,..,..,..,..,..,..,..,..,..,..,..,..,..,..,..,..,..,..,..,..,..,..,..,..,..,..,..,0.2,..,..,..,0.2,..,..,..,0.2,..,..,..,..,0.2,..,..,0.2,0.2,0.2,0.2,0.1,0.2,0.1,0.2,0.1,0.2,0.2,0.2,0.2,0.2,0.2,0.2,0.2,0.1,0.2,0.3,0.4,..
Poverty headcount ratio at $8.30 a day (2021 PPP) (% of population),SI.POV.UMIC,France,FRA,..,..,..,..,..,..,..,..,..,..,4.7,..,..,..,..,2.7,..,..,..,1.5,..,..,..,..,1.5,..,..,..,..,..,0.5,..,..,..,..,..,0.7,0.7,0.5,0.5,0.5,0.2,0.2,0.5,0.3,0.3,0.2,0.1,0.1,0.4,0.4,0.2,0.3,0.2,0.2,0.4,0.3,0.1,0.1,0.4,0.4,0.6,0.4,0.3,..
Poverty headcount ratio at $8.30 a day (2021 PPP) (% of population),SI.POV.UMIC,French Polynesia,PYF,..,..,..,..,..,..,..,..,..,..,..,..,..,..,..,..,..,..,..,..,..,..,..,..,..,..,..,..,..,..,..,..,..,..,..,..,..,..,..,..,..,..,..,..,..,..,..,..,..,..,..,..,..,..,..,..,..,..,..,..,..,..,..,..,..
Poverty headcount ratio at $8.30 a day (2021 PPP) (% of population),SI.POV.UMIC,Gabon,GAB,..,..,..,..,..,..,..,..,..,..,..,..,..,..,..,..,..,..,..,..,..,..,..,..,..,..,..,..,..,..,..,..,..,..,..,..,..,..,..,..,..,..,..,..,..,56.9,..,..,..,..,..,..,..,..,..,..,..,32.9,..,..,..,..,..,..,..
Poverty headcount ratio at $8.30 a day (2021 PPP) (% of population),SI.POV.UMIC,"Gambia, The",GMB,..,..,..,..,..,..,..,..,..,..,..,..,..,..,..,..,..,..,..,..,..,..,..,..,..,..,..,..,..,..,..,..,..,..,..,..,..,..,96.2,..,..,..,..,89.8,..,..,..,..,..,..,85,..,..,..,..,78.7,..,..,..,..,78.2,..,..,..,..
Poverty headcount ratio at $8.30 a day (2021 PPP) (% of population),SI.POV.UMIC,Georgia,GEO,..,..,..,..,..,..,..,..,..,..,..,..,..,..,..,..,..,..,..,..,..,..,..,..,..,..,..,..,..,..,..,..,..,..,..,..,60,79.5,79.9,84.6,86,87.7,78.7,78.3,77,77.3,78.5,79.8,76.6,76.7,76.7,75.6,72.1,66.6,64.8,63.1,64,61.5,62,62.5,66.4,64.6,56.6,49.1,45.6
Poverty headcount ratio at $8.30 a day (2021 PPP) (% of population),SI.POV.UMIC,Germany,DEU,..,..,..,..,..,..,..,..,..,..,..,..,..,..,..,..,..,..,..,..,..,..,..,..,..,..,..,..,..,..,..,0.2,0.2,0.2,0.7,0.5,0.2,0.5,0.2,0.2,0.2,0.2,0.2,0.5,0.5,0.2,0.2,0.2,0.2,0.2,0.2,0.2,0.2,0.2,0.5,0.2,0.2,0.5,0.5,0.5,0.5,..,..,..,..
Poverty headcount ratio at $8.30 a day (2021 PPP) (% of population),SI.POV.UMIC,Ghana,GHA,..,..,..,..,..,..,..,..,..,..,..,..,..,..,..,..,..,..,..,..,..,..,..,..,..,..,..,98.4,98.1,..,..,98.3,..,..,..,..,..,..,96.1,..,..,..,..,..,..,94.1,..,..,..,..,..,..,86.3,..,..,..,85.4,..,..,..,..,..,..,..,..
Poverty headcount ratio at $8.30 a day (2021 PPP) (% of population),SI.POV.UMIC,Gibraltar,GIB,..,..,..,..,..,..,..,..,..,..,..,..,..,..,..,..,..,..,..,..,..,..,..,..,..,..,..,..,..,..,..,..,..,..,..,..,..,..,..,..,..,..,..,..,..,..,..,..,..,..,..,..,..,..,..,..,..,..,..,..,..,..,..,..,..
Poverty headcount ratio at $8.30 a day (2021 PPP) (% of population),SI.POV.UMIC,Greece,GRC,..,..,..,..,..,..,..,..,..,..,..,..,..,..,..,..,..,..,..,..,..,..,..,..,..,..,..,..,..,..,..,..,..,..,..,6.5,..,..,..,..,3.2,..,3,2.2,2.2,2.4,2.7,2,1.8,2.2,3.2,6.4,9,10.3,9.5,9.2,8,6.9,5.1,4.8,5.1,3.6,3.6,3.2,..
Poverty headcount ratio at $8.30 a day (2021 PPP) (% of population),SI.POV.UMIC,Greenland,GRL,..,..,..,..,..,..,..,..,..,..,..,..,..,..,..,..,..,..,..,..,..,..,..,..,..,..,..,..,..,..,..,..,..,..,..,..,..,..,..,..,..,..,..,..,..,..,..,..,..,..,..,..,..,..,..,..,..,..,..,..,..,..,..,..,..
Poverty headcount ratio at $8.30 a day (2021 PPP) (% of population),SI.POV.UMIC,Grenada,GRD,..,..,..,..,..,..,..,..,..,..,..,..,..,..,..,..,..,..,..,..,..,..,..,..,..,..,..,..,..,..,..,..,..,..,..,..,..,..,..,..,..,..,..,..,..,..,..,..,..,..,..,..,..,..,..,..,..,..,19.6,..,..,..,..,..,..
Poverty headcount ratio at $8.30 a day (2021 PPP) (% of population),SI.POV.UMIC,Guam,GUM,..,..,..,..,..,..,..,..,..,..,..,..,..,..,..,..,..,..,..,..,..,..,..,..,..,..,..,..,..,..,..,..,..,..,..,..,..,..,..,..,..,..,..,..,..,..,..,..,..,..,..,..,..,..,..,..,..,..,..,..,..,..,..,..,..
Poverty headcount ratio at $8.30 a day (2021 PPP) (% of population),SI.POV.UMIC,Guatemala,GTM,..,..,..,..,..,..,..,..,..,..,..,..,..,..,..,..,..,..,..,..,..,..,..,..,..,..,83,..,..,70.3,..,..,..,..,..,..,..,..,46.6,..,41.7,..,..,..,..,..,40.2,..,..,..,..,..,..,..,44.8,..,..,..,..,..,..,..,..,47.3,..
Poverty headcount ratio at $8.30 a day (2021 PPP) (% of population),SI.POV.UMIC,Guinea,GIN,..,..,..,..,..,..,..,..,..,..,..,..,..,..,..,..,..,..,..,..,..,..,..,..,..,..,..,..,..,..,..,100,..,..,82.7,..,..,..,..,..,..,..,90.9,..,..,..,..,88.8,..,..,..,..,83.8,..,..,..,..,..,76.6,..,..,..,..,..,..
Poverty headcount ratio at $8.30 a day (2021 PPP) (% of population),SI.POV.UMIC,Guinea-Bissau,GNB,..,..,..,..,..,..,..,..,..,..,..,..,..,..,..,..,..,..,..,..,..,..,..,..,..,..,..,..,..,..,..,85.8,..,92.1,..,..,..,..,..,..,..,..,97.6,..,..,..,..,..,..,..,94.9,..,..,..,..,..,..,..,89.5,..,..,91.4,..,..,..
Poverty headcount ratio at $8.30 a day (2021 PPP) (% of population),SI.POV.UMIC,Guyana,GUY,..,..,..,..,..,..,..,..,..,..,..,..,..,..,..,..,..,..,..,..,..,..,..,..,..,..,..,..,..,..,..,..,83.5,..,..,..,..,..,54.2,..,..,..,..,..,..,..,..,..,..,..,..,..,..,..,..,..,..,..,..,..,..,..,..,..,..
Poverty headcount ratio at $8.30 a day (2021 PPP) (% of population),SI.POV.UMIC,Haiti,HTI,..,..,..,..,..,..,..,..,..,..,..,..,..,..,..,..,..,..,..,..,..,..,..,..,..,..,..,..,..,..,..,..,..,..,..,..,..,..,..,..,..,93.6,..,..,..,..,..,..,..,..,..,..,88.2,..,..,..,..,..,..,..,..,..,..,..,..
Poverty headcount ratio at $8.30 a day (2021 PPP) (% of population),SI.POV.UMIC,Honduras,HND,..,..,..,..,..,..,..,..,..,..,..,..,..,..,..,..,..,..,..,..,..,..,..,..,..,..,..,..,..,83.4,85.2,82.1,79.7,73.9,73.6,75.1,77,69.9,69.1,70.8,..,59.9,65.8,69.1,67.9,66.1,60.8,58.5,55.6,52.9,55.5,56.2,61,59.1,58.2,58,55.4,56.4,56.1,54.5,..,..,..,53.3,49.8
Poverty headcount ratio at $8.30 a day (2021 PPP) (% of population),SI.POV.UMIC,"Hong Kong SAR, China",HKG,..,..,..,..,..,..,..,..,..,..,..,..,..,..,..,..,..,..,..,..,..,..,..,..,..,..,..,..,..,..,..,..,..,..,..,..,..,..,..,..,..,..,..,..,..,..,..,..,..,..,..,..,..,..,..,..,..,..,..,..,..,..,..,..,..
Poverty headcount ratio at $8.30 a day (2021 PPP) (% of population),SI.POV.UMIC,Hungary,HUN,..,..,..,..,..,..,..,..,..,..,..,..,..,..,..,..,..,..,..,..,..,..,..,..,..,..,..,0,..,39.3,..,9.1,..,11.5,14.5,..,..,..,23.2,15.7,21.7,14.4,13.7,13.9,9.4,10.4,7,6.9,6.7,7.7,9,8.7,11.6,10.6,8.3,6.4,4.3,4.9,..,..,..,..,..,..,..
Poverty headcount ratio at $8.30 a day (2021 PPP) (% of population),SI.POV.UMIC,Iceland,ISL,..,..,..,..,..,..,..,..,..,..,..,..,..,..,..,..,..,..,..,..,..,..,..,..,..,..,..,..,..,..,..,..,..,..,..,..,..,..,..,..,..,..,..,0.4,0.4,0.2,0.5,0.3,0.2,0.3,0.6,0.8,0.4,0.2,0.2,0.2,0.2,0.1,0.6,0.4,..,..,..,..,..
Poverty headcount ratio at $8.30 a day (2021 PPP) (% of population),SI.POV.UMIC,India,IND,..,..,..,..,..,..,..,..,..,..,..,..,..,..,..,..,..,97.4,..,..,..,..,..,97.2,..,..,..,97,..,..,..,..,..,97.3,..,..,..,..,..,..,..,..,..,..,96.3,..,..,..,..,95,..,92.5,..,..,..,..,..,..,..,..,..,..,82.1,..,..
Poverty headcount ratio at $8.30 a day (2021 PPP) (% of population),SI.POV.UMIC,Indonesia,IDN,..,..,..,..,..,..,..,..,..,..,..,..,..,..,..,..,..,..,..,..,..,..,..,..,99.2,..,..,99.2,..,..,98.5,..,..,98.3,..,..,96.9,..,99.1,97.9,97.6,96.8,94.9,95.4,94.8,94.6,95.3,92.6,92.4,92.1,88.9,85.8,84.7,82.6,82,81.9,77.5,74.1,71.2,70.4,69.4,68.5,70.3,69.6,68.3
Poverty headcount ratio at $8.30 a day (2021 PPP) (% of population),SI.POV.UMIC,"Iran, Islamic Rep.",IRN,..,..,..,..,..,..,..,..,..,..,..,..,..,..,..,..,..,..,..,..,..,..,..,..,..,..,67.1,..,..,..,70.5,..,..,..,63.7,..,..,..,60.1,..,..,..,..,..,..,37.7,38.2,..,..,36.9,..,38.3,37.2,39.8,42.1,41.5,41.7,38.6,42.1,47.4,48.4,42.8,39,36,..
Poverty headcount ratio at $8.30 a day (2021 PPP) (% of population),SI.POV.UMIC,Iraq,IRQ,..,..,..,..,..,..,..,..,..,..,..,..,..,..,..,..,..,..,..,..,..,..,..,..,..,..,..,..,..,..,..,..,..,..,..,..,..,..,..,..,..,..,..,..,..,..,35.2,..,..,..,..,..,32,..,..,..,..,..,..,..,..,..,..,28,..
Poverty headcount ratio at $8.30 a day (2021 PPP) (% of population),SI.POV.UMIC,Ireland,IRL,..,..,..,..,..,..,..,..,..,..,..,..,..,..,..,..,..,..,..,..,..,..,..,..,..,..,..,14.2,..,..,..,..,..,..,3.7,4,2.5,..,..,..,0.7,..,1.5,0.7,0.7,0.3,0.7,0.6,1,1.8,2,1.9,1.6,1.9,1.3,0.9,0.9,0.6,0.1,0.2,0.2,0.3,0.3,0.3,..
Poverty headcount ratio at $8.30 a day (2021 PPP) (% of population),SI.POV.UMIC,Isle of Man,IMN,..,..,..,..,..,..,..,..,..,..,..,..,..,..,..,..,..,..,..,..,..,..,..,..,..,..,..,..,..,..,..,..,..,..,..,..,..,..,..,..,..,..,..,..,..,..,..,..,..,..,..,..,..,..,..,..,..,..,..,..,..,..,..,..,..
Poverty headcount ratio at $8.30 a day (2021 PPP) (% of population),SI.POV.UMIC,Israel,ISR,..,..,..,..,..,..,..,..,..,..,..,..,..,..,..,..,..,..,..,13.1,..,..,..,..,..,..,14,..,..,..,..,..,7.2,..,..,..,..,9,..,..,..,6.7,12,11.2,12.7,12,11.5,9.5,9.2,10.2,10.2,9.2,8.5,6.7,7.2,6.7,5.7,5.5,4.5,5.2,4.4,4.2,..,..,..
Poverty headcount ratio at $8.30 a day (2021 PPP) (% of population),SI.POV.UMIC,Italy,ITA,..,..,..,..,..,..,..,..,..,..,..,..,..,..,..,..,..,5,4.5,4.2,2.7,2.2,1.5,2,2.2,..,2.7,3.2,..,0.7,..,1.7,..,4.5,..,4.2,..,..,4.2,..,3.5,..,3.2,2.3,1.8,2.1,1.8,1.9,1.9,2.2,2.9,2.8,3.2,3.4,3.3,4,3.5,3.5,3.3,2.9,2.4,1.7,1.6,1.9,..
Poverty headcount ratio at $8.30 a day (2021 PPP) (% of population),SI.POV.UMIC,Jamaica,JAM,..,..,..,..,..,..,..,..,..,..,..,..,..,..,..,..,..,..,..,..,..,..,..,..,..,..,..,..,60.3,..,64.2,..,..,78.9,..,..,60.2,..,..,45.1,..,..,46.6,..,44.3,..,..,..,..,..,..,..,..,..,..,..,..,..,18.3,..,..,22.9,..,..,..
Poverty headcount ratio at $8.30 a day (2021 PPP) (% of population),SI.POV.UMIC,Japan,JPN,..,..,..,..,..,..,..,..,..,..,..,..,..,..,..,..,..,..,..,..,..,..,..,..,..,..,..,..,..,..,..,..,..,..,..,..,..,..,..,..,..,..,..,..,..,..,..,..,3.7,3.2,2,2.7,2.4,3.7,1.7,2,2.6,2,3.2,3.7,3.2,..,..,..,..
Poverty headcount ratio at $8.30 a day (2021 PPP) (% of population),SI.POV.UMIC,Jordan,JOR,..,..,..,..,..,..,..,..,..,..,..,..,..,..,..,..,..,..,..,..,..,..,..,..,..,..,21.2,..,..,..,..,..,41.9,..,..,..,..,42.6,..,..,..,..,32.7,..,..,..,22.4,..,20.4,..,15.3,..,..,..,..,..,..,..,..,..,..,..,..,..,..
Poverty headcount ratio at $8.30 a day (2021 PPP) (% of population),SI.POV.UMIC,Kazakhstan,KAZ,..,..,..,..,..,..,..,..,..,..,..,..,..,..,..,..,..,..,..,..,..,..,..,..,..,..,..,..,..,..,..,..,..,74,..,..,69.5,..,..,..,..,77.4,75.6,71,68.3,64.7,55.7,43.3,42.3,43.1,37.5,23.9,23.6,18,19.3,22.2,29.1,23.6,18.8,19.3,18.6,15.2,..,..,..
Poverty headcount ratio at $8.30 a day (2021 PPP) (% of population),SI.POV.UMIC,Kenya,KEN,..,..,..,..,..,..,..,..,..,..,..,..,..,..,..,..,..,..,..,..,..,..,..,..,..,..,..,..,..,..,..,..,75,..,83.3,..,..,82.2,..,..,..,..,..,..,..,87.5,..,..,..,..,..,..,..,..,..,85.8,..,..,..,..,91,91.3,90.9,..,..
Poverty headcount ratio at $8.30 a day (2021 PPP) (% of population),SI.POV.UMIC,Kiribati,KIR,..,..,..,..,..,..,..,..,..,..,..,..,..,..,..,..,..,..,..,..,..,..,..,..,..,..,..,..,..,..,..,..,..,..,..,..,..,..,..,..,..,..,..,..,..,..,82.7,..,..,..,..,..,..,..,..,..,..,..,..,74.9,..,..,..,..,..
Poverty headcount ratio at $8.30 a day (2021 PPP) (% of population),SI.POV.UMIC,"Korea, Dem. People's Rep.",PRK,..,..,..,..,..,..,..,..,..,..,..,..,..,..,..,..,..,..,..,..,..,..,..,..,..,..,..,..,..,..,..,..,..,..,..,..,..,..,..,..,..,..,..,..,..,..,..,..,..,..,..,..,..,..,..,..,..,..,..,..,..,..,..,..,..
Poverty headcount ratio at $8.30 a day (2021 PPP) (% of population),SI.POV.UMIC,"Korea, Rep.",KOR,..,..,..,..,..,..,..,..,..,..,..,..,..,..,..,..,..,..,..,..,..,..,..,..,..,..,..,..,..,..,..,..,..,..,..,..,..,..,..,..,..,..,..,..,..,..,2.7,..,2.2,..,2.7,..,2.2,..,2,..,1.2,1.2,1,0.5,0.5,0.5,..,..,..
Poverty headcount ratio at $8.30 a day (2021 PPP) (% of population),SI.POV.UMIC,Kosovo,XKX,..,..,..,..,..,..,..,..,..,..,..,..,..,..,..,..,..,..,..,..,..,..,..,..,..,..,..,..,..,..,..,..,..,..,..,..,..,..,..,..,..,..,..,81.3,..,78.1,79.6,..,..,73.6,71.1,72.2,59.4,58.5,57.5,54.1,53.4,49.5,54.7,38.3,38.9,47,38.2,..,..
Poverty headcount ratio at $8.30 a day (2021 PPP) (% of population),SI.POV.UMIC,Kuwait,KWT,..,..,..,..,..,..,..,..,..,..,..,..,..,..,..,..,..,..,..,..,..,..,..,..,..,..,..,..,..,..,..,..,..,..,..,..,..,..,..,..,..,..,..,..,..,..,..,..,..,..,..,..,..,..,..,..,..,..,..,..,..,..,..,..,..
Poverty headcount ratio at $8.30 a day (2021 PPP) (% of population),SI.POV.UMIC,Kyrgyz Republic,KGZ,..,..,..,..,..,..,..,..,..,..,..,..,..,..,..,..,..,..,..,..,..,..,..,..,..,..,..,..,..,..,..,..,..,..,..,..,..,..,87.5,..,97.6,97.7,97.5,97.1,86.8,91.2,81.9,84.2,80.6,80.1,82.5,83.5,85.2,85.1,84.1,85.1,83.7,83.5,80.3,78.9,81.3,76.9,76.8,72.1,..
Poverty headcount ratio at $8.30 a day (2021 PPP) (% of population),SI.POV.UMIC,Lao PDR,LAO,..,..,..,..,..,..,..,..,..,..,..,..,..,..,..,..,..,..,..,..,..,..,..,..,..,..,..,..,..,..,..,..,91.8,..,..,..,..,95.6,..,..,..,..,93.6,..,..,..,..,90.2,..,..,..,..,82.5,..,..,..,..,..,75.3,..,..,..,..,..,..
Poverty headcount ratio at $8.30 a day (2021 PPP) (% of population),SI.POV.UMIC,Latvia,LVA,..,..,..,..,..,..,..,..,..,..,..,..,..,..,..,..,..,..,..,..,..,..,..,..,..,..,..,..,..,..,..,..,..,48,..,35.5,37.3,44.6,40.9,..,..,..,24.7,19.4,23.1,20.3,11.1,7.3,9.2,14,14.6,13.7,12.5,10,8.4,5.7,5.5,5.4,3.6,3.3,2.9,2.4,2.9,2.8,..
Poverty headcount ratio at $8.30 a day (2021 PPP) (% of population),SI.POV.UMIC,Lebanon,LBN,..,..,..,..,..,..,..,..,..,..,..,..,..,..,..,..,..,..,..,..,..,..,..,..,..,..,..,..,..,..,..,..,..,..,..,..,..,..,..,..,..,..,..,..,..,..,..,..,..,..,..,5.5,..,..,..,..,..,..,..,..,..,..,50.7,..,..
Poverty headcount ratio at $8.30 a day (2021 PPP) (% of population),SI.POV.UMIC,Lesotho,LSO,..,..,..,..,..,..,..,..,..,..,..,..,..,..,..,..,..,..,..,..,..,..,..,..,..,..,90.5,..,..,..,..,..,..,..,84.7,..,..,..,..,..,..,..,95.9,..,..,..,..,..,..,..,..,..,..,..,..,..,..,83.8,..,..,..,..,..,..,..
Poverty headcount ratio at $8.30 a day (2021 PPP) (% of population),SI.POV.UMIC,Liberia,LBR,..,..,..,..,..,..,..,..,..,..,..,..,..,..,..,..,..,..,..,..,..,..,..,..,..,..,..,..,..,..,..,..,..,..,..,..,..,..,..,..,..,..,..,..,..,..,..,96.2,..,..,..,..,..,..,89.6,..,88.3,..,..,..,..,..,..,..,..
Poverty headcount ratio at $8.30 a day (2021 PPP) (% of population),SI.POV.UMIC,Libya,LBY,..,..,..,..,..,..,..,..,..,..,..,..,..,..,..,..,..,..,..,..,..,..,..,..,..,..,..,..,..,..,..,..,..,..,..,..,..,..,..,..,..,..,..,..,..,..,..,..,..,..,..,..,..,..,..,..,..,..,..,..,..,..,..,..,..
Poverty headcount ratio at $8.30 a day (2021 PPP) (% of population),SI.POV.UMIC,Liechtenstein,LIE,..,..,..,..,..,..,..,..,..,..,..,..,..,..,..,..,..,..,..,..,..,..,..,..,..,..,..,..,..,..,..,..,..,..,..,..,..,..,..,..,..,..,..,..,..,..,..,..,..,..,..,..,..,..,..,..,..,..,..,..,..,..,..,..,..
Poverty headcount ratio at $8.30 a day (2021 PPP) (% of population),SI.POV.UMIC,Lithuania,LTU,..,..,..,..,..,..,..,..,..,..,..,..,..,..,..,..,..,..,..,..,..,..,..,..,..,..,..,..,..,..,..,..,..,80.8,..,..,31.2,..,27.4,28,31.9,32.1,32.2,19.3,24.6,17,10,7.5,6.1,12.6,11.9,8.9,8.7,7,7.8,6.8,5.6,5,3.4,2.3,1.8,1.4,2.6,3.2,..
Poverty headcount ratio at $8.30 a day (2021 PPP) (% of population),SI.POV.UMIC,Luxembourg,LUX,..,..,..,..,..,..,..,..,..,..,..,..,..,..,..,..,..,..,..,..,..,..,..,..,..,0.2,0.2,0.2,0,0,0,0,0,0,0,0.2,0.2,0.1,0,0,0,0,0,0.5,0.1,0.1,0.1,0,0.2,0.3,0.3,0.2,0.3,0.3,0.3,0.8,0.6,1.1,0.8,0.3,0,0.5,0.2,0.2,..
Poverty headcount ratio at $8.30 a day (2021 PPP) (% of population),SI.POV.UMIC,"Macao SAR, China",MAC,..,..,..,..,..,..,..,..,..,..,..,..,..,..,..,..,..,..,..,..,..,..,..,..,..,..,..,..,..,..,..,..,..,..,..,..,..,..,..,..,..,..,..,..,..,..,..,..,..,..,..,..,..,..,..,..,..,..,..,..,..,..,..,..,..
Poverty headcount ratio at $8.30 a day (2021 PPP) (% of population),SI.POV.UMIC,Madagascar,MDG,..,..,..,..,..,..,..,..,..,..,..,..,..,..,..,..,..,..,..,..,93.2,..,..,..,..,..,..,..,..,..,..,..,..,98.1,..,..,..,98.6,..,98.5,..,89.1,..,..,..,93.1,..,..,..,..,94.2,..,94.5,..,..,..,..,..,..,..,..,96.6,..,..,..
Poverty headcount ratio at $8.30 a day (2021 PPP) (% of population),SI.POV.UMIC,Malawi,MWI,..,..,..,..,..,..,..,..,..,..,..,..,..,..,..,..,..,..,..,..,..,..,..,..,..,..,..,..,..,..,..,..,..,..,..,..,..,93.4,..,..,..,..,..,..,96.9,..,..,..,..,..,96.1,..,..,..,..,..,96.5,..,..,97.1,..,..,..,..,..
Poverty headcount ratio at $8.30 a day (2021 PPP) (% of population),SI.POV.UMIC,Malaysia,MYS,..,..,..,..,..,..,..,..,..,..,..,..,..,..,..,..,..,..,..,..,..,..,..,..,42.2,..,..,42.9,..,42.9,..,..,39.7,..,..,38.6,..,29.9,..,..,..,..,..,30.4,..,..,24.7,..,24.2,..,..,14.7,..,7.7,..,5.7,..,..,4.2,..,..,2.9,..,..,..
Poverty headcount ratio at $8.30 a day (2021 PPP) (% of population),SI.POV.UMIC,Maldives,MDV,..,..,..,..,..,..,..,..,..,..,..,..,..,..,..,..,..,..,..,..,..,..,..,..,..,..,..,..,..,..,..,..,..,..,..,..,..,..,..,..,..,..,81.4,..,..,..,..,..,..,65,..,..,..,..,..,..,11.7,..,..,11.2,..,..,..,..,..
Poverty headcount ratio at $8.30 a day (2021 PPP) (% of population),SI.POV.UMIC,Mali,MLI,..,..,..,..,..,..,..,..,..,..,..,..,..,..,..,..,..,..,..,..,..,..,..,..,..,..,..,..,..,..,..,..,..,..,98.5,..,..,..,..,..,..,96.5,..,..,..,..,95.3,..,..,97.1,..,..,..,..,..,..,..,..,84.5,..,..,88.6,..,..,..
Poverty headcount ratio at $8.30 a day (2021 PPP) (% of population),SI.POV.UMIC,Malta,MLT,..,..,..,..,..,..,..,..,..,..,..,..,..,..,..,..,..,..,..,..,..,..,..,..,..,..,..,..,..,..,..,..,..,..,..,..,..,..,..,..,..,..,..,..,..,..,1,1.4,0.7,1.1,0.6,0.7,0.5,0.3,0.2,0.4,0.3,0.4,0.4,0.7,1,0.5,0.7,..,..
Poverty headcount ratio at $8.30 a day (2021 PPP) (% of population),SI.POV.UMIC,Marshall Islands,MHL,..,..,..,..,..,..,..,..,..,..,..,..,..,..,..,..,..,..,..,..,..,..,..,..,..,..,..,..,..,..,..,..,..,..,..,..,..,..,..,..,..,..,..,..,..,..,..,..,..,..,..,..,..,..,..,..,..,..,..,36.5,..,..,..,..,..
Poverty headcount ratio at $8.30 a day (2021 PPP) (% of population),SI.POV.UMIC,Mauritania,MRT,..,..,..,..,..,..,..,..,..,..,..,..,..,..,..,..,..,..,..,..,..,..,..,..,..,..,..,90.9,..,..,..,..,..,91.3,..,85.6,..,..,..,..,82.8,..,..,..,84.4,..,..,..,74.1,..,..,..,..,..,70,..,..,..,..,71.2,..,..,..,..,..
Poverty headcount ratio at $8.30 a day (2021 PPP) (% of population),SI.POV.UMIC,Mauritius,MUS,..,..,..,..,..,..,..,..,..,..,..,..,..,..,..,..,..,..,..,..,..,..,..,..,..,..,..,..,..,..,..,..,..,..,..,..,..,..,..,..,..,..,..,..,..,..,30.8,..,..,..,..,..,26.2,..,..,..,..,19.1,..,..,..,..,..,..,..
Poverty headcount ratio at $8.30 a day (2021 PPP) (% of population),SI.POV.UMIC,Mexico,MEX,..,..,..,..,..,..,..,..,..,..,..,..,..,..,..,..,..,..,..,..,..,..,..,..,59,..,..,..,..,60.2,..,..,54.5,..,53.3,..,65.6,..,62.2,..,55.1,..,52.9,..,50.4,48.4,45.9,..,46,..,46.3,..,44.1,..,46.6,..,37.8,..,35.3,..,36.5,..,27.4,..,..
Poverty headcount ratio at $8.30 a day (2021 PPP) (% of population),SI.POV.UMIC,"Micronesia, Fed. Sts.",FSM,..,..,..,..,..,..,..,..,..,..,..,..,..,..,..,..,..,..,..,..,..,..,..,..,..,..,..,..,..,..,..,..,..,..,..,..,..,..,..,..,..,..,..,..,..,64.9,..,..,..,..,..,..,..,78.1,..,..,..,..,..,..,..,..,..,..,..
Poverty headcount ratio at $8.30 a day (2021 PPP) (% of population),SI.POV.UMIC,Moldova,MDA,..,..,..,..,..,..,..,..,..,..,..,..,..,..,..,..,..,..,..,..,..,..,..,..,..,..,..,..,..,..,..,..,..,..,..,..,..,76.5,84.4,88.8,91.2,86.4,77.6,70.8,71.4,76.2,43.1,33.7,35.4,34.3,31.7,28,27.3,22.5,21.4,19,19.1,18.8,15.5,16.1,16.7,15.4,19.7,20.4,..
Poverty headcount ratio at $8.30 a day (2021 PPP) (% of population),SI.POV.UMIC,Monaco,MCO,..,..,..,..,..,..,..,..,..,..,..,..,..,..,..,..,..,..,..,..,..,..,..,..,..,..,..,..,..,..,..,..,..,..,..,..,..,..,..,..,..,..,..,..,..,..,..,..,..,..,..,..,..,..,..,..,..,..,..,..,..,..,..,..,..
Poverty headcount ratio at $8.30 a day (2021 PPP) (% of population),SI.POV.UMIC,Mongolia,MNG,..,..,..,..,..,..,..,..,..,..,..,..,..,..,..,..,..,..,..,..,..,..,..,..,..,..,..,..,..,..,..,..,..,..,..,81.1,..,..,94.8,..,..,..,78.3,..,..,..,..,53.2,..,..,51.5,46.5,36.7,..,30.6,..,44.7,..,41.1,..,..,..,24.4,..,..
Poverty headcount ratio at $8.30 a day (2021 PPP) (% of population),SI.POV.UMIC,Montenegro,MNE,..,..,..,..,..,..,..,..,..,..,..,..,..,..,..,..,..,..,..,..,..,..,..,..,..,..,..,..,..,..,..,..,..,..,..,..,..,..,..,..,..,..,..,..,..,16.4,16.3,9.5,6.4,7.5,10,12,29.5,28.2,25.9,24.6,20.1,19.2,21.1,17.6,17.6,14.5,..,..,..
Poverty headcount ratio at $8.30 a day (2021 PPP) (% of population),SI.POV.UMIC,Morocco,MAR,..,..,..,..,..,..,..,..,..,..,..,..,..,..,..,..,..,..,..,..,..,..,..,..,82.1,..,..,..,..,..,65.5,..,..,..,..,..,..,..,73.4,..,73.2,..,..,..,..,..,65.1,..,..,..,..,..,..,49,..,..,..,..,..,..,..,..,..,..,..
Poverty headcount ratio at $8.30 a day (2021 PPP) (% of population),SI.POV.UMIC,Mozambique,MOZ,..,..,..,..,..,..,..,..,..,..,..,..,..,..,..,..,..,..,..,..,..,..,..,..,..,..,..,..,..,..,..,..,..,..,..,..,97.7,..,..,..,..,..,97.9,..,..,..,..,..,97.5,..,..,..,..,..,94.6,..,..,..,..,96.5,..,..,96.3,..,..
Poverty headcount ratio at $8.30 a day (2021 PPP) (% of population),SI.POV.UMIC,Myanmar,MMR,..,..,..,..,..,..,..,..,..,..,..,..,..,..,..,..,..,..,..,..,..,..,..,..,..,..,..,..,..,..,..,..,..,..,..,..,..,..,..,..,..,..,..,..,..,..,..,..,..,..,..,..,..,..,..,82.5,..,79.8,..,..,..,..,..,..,..
Poverty headcount ratio at $8.30 a day (2021 PPP) (% of population),SI.POV.UMIC,Namibia,NAM,..,..,..,..,..,..,..,..,..,..,..,..,..,..,..,..,..,..,..,..,..,..,..,..,..,..,..,..,..,..,..,..,..,82.2,..,..,..,..,..,..,..,..,..,80.4,..,..,..,..,..,76.3,..,..,..,..,..,61.1,..,..,..,..,..,..,..,..,..
Poverty headcount ratio at $8.30 a day (2021 PPP) (% of population),SI.POV.UMIC,Nauru,NRU,..,..,..,..,..,..,..,..,..,..,..,..,..,..,..,..,..,..,..,..,..,..,..,..,..,..,..,..,..,..,..,..,..,..,..,..,..,..,..,..,..,..,..,..,..,..,..,..,..,..,..,..,68.5,..,..,..,..,..,..,..,..,..,..,..,..
Poverty headcount ratio at $8.30 a day (2021 PPP) (% of population),SI.POV.UMIC,Nepal,NPL,..,..,..,..,..,..,..,..,..,..,..,..,..,..,..,..,..,..,..,..,..,..,..,..,99,..,..,..,..,..,..,..,..,..,..,97.1,..,..,..,..,..,..,..,91.7,..,..,..,..,..,..,84.4,..,..,..,..,..,..,..,..,..,..,..,52.6,..,..
Poverty headcount ratio at $8.30 a day (2021 PPP) (% of population),SI.POV.UMIC,Netherlands,NLD,..,..,..,..,..,..,..,..,..,..,..,..,..,..,..,..,..,..,..,..,..,..,..,3,..,..,..,0.7,..,..,1.7,..,..,3.2,..,..,..,..,..,0.7,..,..,..,..,0.8,0.5,0.3,0.4,0.6,0.4,0.2,0.4,0.3,0.3,0.4,0.4,0.4,0.4,0.4,0.4,0.3,0.3,..,..,..
Poverty headcount ratio at $8.30 a day (2021 PPP) (% of population),SI.POV.UMIC,New Caledonia,NCL,..,..,..,..,..,..,..,..,..,..,..,..,..,..,..,..,..,..,..,..,..,..,..,..,..,..,..,..,..,..,..,..,..,..,..,..,..,..,..,..,..,..,..,..,..,..,..,..,..,..,..,..,..,..,..,..,..,..,..,..,..,..,..,..,..
Poverty headcount ratio at $8.30 a day (2021 PPP) (% of population),SI.POV.UMIC,New Zealand,NZL,..,..,..,..,..,..,..,..,..,..,..,..,..,..,..,..,..,..,..,..,..,..,..,..,..,..,..,..,..,..,..,..,..,..,..,..,..,..,..,..,..,..,..,..,..,..,..,..,..,..,..,..,..,..,..,..,..,..,..,..,..,..,..,..,..
Poverty headcount ratio at $8.30 a day (2021 PPP) (% of population),SI.POV.UMIC,Nicaragua,NIC,..,..,..,..,..,..,..,..,..,..,..,..,..,..,..,..,..,..,..,..,..,..,..,..,..,..,..,..,..,..,..,..,..,82.2,..,..,..,..,77.6,..,..,72.3,..,..,..,65.4,..,..,..,62.1,..,..,..,..,46.5,..,..,..,..,..,..,..,..,..,..
Poverty headcount ratio at $8.30 a day (2021 PPP) (% of population),SI.POV.UMIC,Niger,NER,..,..,..,..,..,..,..,..,..,..,..,..,..,..,..,..,..,..,..,..,..,..,..,..,..,..,..,..,..,..,..,..,98.9,..,98.9,..,..,..,..,..,..,..,..,..,..,98.1,..,97.8,..,..,..,97.5,..,..,96.3,..,..,..,94.7,..,..,96.1,..,..,..
Poverty headcount ratio at $8.30 a day (2021 PPP) (% of population),SI.POV.UMIC,Nigeria,NGA,..,..,..,..,..,..,..,..,..,..,..,..,..,..,..,..,..,..,..,..,..,..,..,..,..,91.9,..,..,..,..,..,..,90.6,..,..,..,91.4,..,..,..,..,..,..,92.6,..,..,..,..,..,..,88.7,..,88.4,..,..,87.2,..,..,88.7,..,..,..,92.9,..,..
Poverty headcount ratio at $8.30 a day (2021 PPP) (% of population),SI.POV.UMIC,North Macedonia,MKD,..,..,..,..,..,..,..,..,..,..,..,..,..,..,..,..,..,..,..,..,..,..,..,..,..,..,..,..,..,..,..,..,..,..,..,..,..,..,44.4,..,58.3,..,33.1,34.2,23.2,31.4,32.8,..,24.1,43.6,40,39.5,37.8,36.5,32.4,30.4,27,24.7,22.7,20.5,..,..,..,..,..
Poverty headcount ratio at $8.30 a day (2021 PPP) (% of population),SI.POV.UMIC,Northern Mariana Islands,MNP,..,..,..,..,..,..,..,..,..,..,..,..,..,..,..,..,..,..,..,..,..,..,..,..,..,..,..,..,..,..,..,..,..,..,..,..,..,..,..,..,..,..,..,..,..,..,..,..,..,..,..,..,..,..,..,..,..,..,..,..,..,..,..,..,..
Poverty headcount ratio at $8.30 a day (2021 PPP) (% of population),SI.POV.UMIC,Norway,NOR,..,..,..,..,..,..,..,..,..,..,..,..,..,..,..,..,..,..,..,1.2,..,..,..,..,..,..,0.5,..,..,..,..,0.7,..,..,..,0.7,..,..,..,..,0.5,..,..,0.4,0.6,0.5,0.7,0.5,0.5,0.3,0.4,0.3,0.4,0.4,0.4,0.4,0.7,0.6,0.5,0.5,0.5,0.4,0.7,0.4,..
Poverty headcount ratio at $8.30 a day (2021 PPP) (% of population),SI.POV.UMIC,Oman,OMN,..,..,..,..,..,..,..,..,..,..,..,..,..,..,..,..,..,..,..,..,..,..,..,..,..,..,..,..,..,..,..,..,..,..,..,..,..,..,..,..,..,..,..,..,..,..,..,..,..,..,..,..,..,..,..,..,..,..,..,..,..,..,..,..,..
Poverty headcount ratio at $8.30 a day (2021 PPP) (% of population),SI.POV.UMIC,Pakistan,PAK,..,..,..,..,..,..,..,..,..,..,..,..,..,..,..,..,..,..,..,..,..,..,..,..,..,..,..,98.2,..,..,98.3,..,..,..,..,..,96,..,94.7,..,..,96.9,..,..,94.1,94.1,..,93.6,..,..,92.7,91.8,..,90,..,87.4,..,..,88.4,..,..,..,..,..,..
Poverty headcount ratio at $8.30 a day (2021 PPP) (% of population),SI.POV.UMIC,Palau,PLW,..,..,..,..,..,..,..,..,..,..,..,..,..,..,..,..,..,..,..,..,..,..,..,..,..,..,..,..,..,..,..,..,..,..,..,..,..,..,..,..,..,..,..,..,..,..,..,..,..,..,..,..,..,..,..,..,..,..,..,..,..,..,..,..,..
Poverty headcount ratio at $8.30 a day (2021 PPP) (% of population),SI.POV.UMIC,Panama,PAN,..,..,..,..,..,..,..,..,..,..,..,..,..,..,..,..,..,..,..,51.8,..,..,..,..,..,..,..,..,..,59.9,..,59.2,..,..,..,48.9,..,49.7,50.2,47.7,46.3,50.6,47.9,46.8,45.3,44.5,44.5,41.2,33.2,32.3,30.2,27.1,26.6,26,24.4,22,20.6,20.7,18.5,17.8,..,20.3,..,19.8,19.8
Poverty headcount ratio at $8.30 a day (2021 PPP) (% of population),SI.POV.UMIC,Papua New Guinea,PNG,..,..,..,..,..,..,..,..,..,..,..,..,..,..,..,..,..,..,..,..,..,..,..,..,..,..,..,..,..,..,..,..,..,..,..,..,92.1,..,..,..,..,..,..,..,..,..,..,..,..,92.1,..,..,..,..,..,..,..,..,..,..,..,..,..,..,..
Poverty headcount ratio at $8.30 a day (2021 PPP) (% of population),SI.POV.UMIC,Paraguay,PRY,..,..,..,..,..,..,..,..,..,..,..,..,..,..,..,..,..,..,..,..,..,..,..,..,..,..,..,..,..,..,28.8,..,..,..,..,49.3,..,43,..,46.9,..,45.3,57.5,51.4,50.3,46.5,50.4,47,43.9,42.1,39.8,38,33.3,28.8,28.3,27.5,29.7,26.9,25.3,25,27.9,27,25.8,22.8,20.5
Poverty headcount ratio at $8.30 a day (2021 PPP) (% of population),SI.POV.UMIC,Peru,PER,..,..,..,..,..,..,..,..,..,..,..,..,..,..,..,..,..,..,..,..,..,..,..,..,..,41.1,..,..,..,..,..,..,..,..,73,..,..,65.5,66.3,65.9,67.6,68.4,64.5,64,64.3,66.2,60.6,55.2,50.9,49.1,45.7,42.4,39.8,39.3,38,37.5,36.4,37.3,35.2,33.6,48.1,39.5,37.8,38.3,36.2
Poverty headcount ratio at $8.30 a day (2021 PPP) (% of population),SI.POV.UMIC,Philippines,PHL,..,..,..,..,..,..,..,..,..,..,..,..,..,..,..,..,..,..,..,..,..,..,..,..,..,89,..,..,87.1,..,..,85.4,..,..,84.7,..,..,78,..,..,73.4,..,..,73,..,..,72.5,..,..,71,..,..,69.9,..,..,65.8,..,..,60.2,..,..,62.3,..,58.7,..
Poverty headcount ratio at $8.30 a day (2021 PPP) (% of population),SI.POV.UMIC,Poland,POL,..,..,..,..,..,..,..,..,..,..,..,..,..,..,..,..,..,..,..,..,..,..,..,..,..,11.3,14,10.8,..,3.2,..,..,9.7,39,..,25,71.9,..,17.7,15,19.7,20.2,21.4,18.4,18.6,14.8,11.1,7,5.9,5.3,5,4.9,5.1,4.9,4.7,3.9,2.7,2.1,1.8,1,1.2,1.1,1.5,1.1,..
Poverty headcount ratio at $8.30 a day (2021 PPP) (% of population),SI.POV.UMIC,Portugal,PRT,..,..,..,..,..,..,..,..,..,..,..,..,..,..,..,..,..,..,..,..,..,..,..,..,..,..,..,..,..,..,..,..,..,..,..,..,..,..,..,..,..,..,..,4.9,4.2,3.9,3.7,3.1,3.7,3,3.1,4.8,6.5,6.9,5.9,4.4,4.4,3,2.7,1.9,2.9,1.9,2.8,2.2,..
Poverty headcount ratio at $8.30 a day (2021 PPP) (% of population),SI.POV.UMIC,Puerto Rico (US),PRI,..,..,..,..,..,..,..,..,..,..,..,..,..,..,..,..,..,..,..,..,..,..,..,..,..,..,..,..,..,..,..,..,..,..,..,..,..,..,..,..,..,..,..,..,..,..,..,..,..,..,..,..,..,..,..,..,..,..,..,..,..,..,..,..,..
Poverty headcount ratio at $8.30 a day (2021 PPP) (% of population),SI.POV.UMIC,Qatar,QAT,..,..,..,..,..,..,..,..,..,..,..,..,..,..,..,..,..,..,..,..,..,..,..,..,..,..,..,..,..,..,..,..,..,..,..,..,..,..,..,..,..,..,..,..,..,..,..,..,..,..,..,..,..,..,..,..,..,0,..,..,..,..,..,..,..
Poverty headcount ratio at $8.30 a day (2021 PPP) (% of population),SI.POV.UMIC,Romania,ROU,..,..,..,..,..,..,..,..,..,..,..,..,..,..,..,..,..,..,..,..,..,..,..,..,..,..,..,..,..,5.9,..,..,24.4,..,87.6,44.5,..,51.2,49.9,77.2,79.5,73.2,70.9,66.9,58.5,54.3,46.1,39.9,32.7,31.3,33.6,36.8,36.9,36.4,32.7,30.9,24,17.9,14.3,11.9,10.8,7.7,8.6,5.1,..
Poverty headcount ratio at $8.30 a day (2021 PPP) (% of population),SI.POV.UMIC,Russian Federation,RUS,..,..,..,..,..,..,..,..,..,..,..,..,..,..,..,..,..,..,..,..,..,..,..,..,..,..,..,..,..,..,..,..,..,35.8,..,..,35.5,32.2,38.3,50.7,45,38.4,33.1,31.1,27.8,23.9,20.1,15.2,10.6,10.3,8.1,7.1,6.4,5.7,3.2,3.9,4,3.7,2.8,3,2,2.2,1.4,0.9,..
Poverty headcount ratio at $8.30 a day (2021 PPP) (% of population),SI.POV.UMIC,Rwanda,RWA,..,..,..,..,..,..,..,..,..,..,..,..,..,..,..,..,..,..,..,..,..,..,..,..,..,..,..,..,..,..,..,..,..,..,..,..,..,..,..,..,96.3,..,..,..,..,94.4,..,..,..,..,94.1,..,..,93.6,..,..,93.2,..,..,..,..,..,..,89.8,..
Poverty headcount ratio at $8.30 a day (2021 PPP) (% of population),SI.POV.UMIC,Samoa,WSM,..,..,..,..,..,..,..,..,..,..,..,..,..,..,..,..,..,..,..,..,..,..,..,..,..,..,..,..,..,..,..,..,..,..,..,..,..,..,..,..,..,..,51.8,..,..,..,..,..,49.6,..,..,..,..,49.4,..,..,..,..,..,..,..,..,..,..,..
Poverty headcount ratio at $8.30 a day (2021 PPP) (% of population),SI.POV.UMIC,San Marino,SMR,..,..,..,..,..,..,..,..,..,..,..,..,..,..,..,..,..,..,..,..,..,..,..,..,..,..,..,..,..,..,..,..,..,..,..,..,..,..,..,..,..,..,..,..,..,..,..,..,..,..,..,..,..,..,..,..,..,..,..,..,..,..,..,..,..
Poverty headcount ratio at $8.30 a day (2021 PPP) (% of population),SI.POV.UMIC,Sao Tome and Principe,STP,..,..,..,..,..,..,..,..,..,..,..,..,..,..,..,..,..,..,..,..,..,..,..,..,..,..,..,..,..,..,..,..,..,..,..,..,..,..,..,..,78.2,..,..,..,..,..,..,..,..,..,83,..,..,..,..,..,..,70,..,..,..,..,..,..,..
Poverty headcount ratio at $8.30 a day (2021 PPP) (% of population),SI.POV.UMIC,Saudi Arabia,SAU,..,..,..,..,..,..,..,..,..,..,..,..,..,..,..,..,..,..,..,..,..,..,..,..,..,..,..,..,..,..,..,..,..,..,..,..,..,..,..,..,..,..,..,..,..,..,..,..,..,..,..,..,..,..,..,..,..,..,..,..,..,..,..,..,..
Poverty headcount ratio at $8.30 a day (2021 PPP) (% of population),SI.POV.UMIC,Senegal,SEN,..,..,..,..,..,..,..,..,..,..,..,..,..,..,..,..,..,..,..,..,..,..,..,..,..,..,..,..,..,..,..,95.8,..,..,96.8,..,..,..,..,..,..,95.2,..,..,..,93.4,..,..,..,..,..,92,..,..,..,..,..,..,78.2,..,..,78.6,..,..,..
Poverty headcount ratio at $8.30 a day (2021 PPP) (% of population),SI.POV.UMIC,Serbia,SRB,..,..,..,..,..,..,..,..,..,..,..,..,..,..,..,..,..,..,..,..,..,..,..,..,..,..,..,..,..,..,..,..,..,..,..,..,..,..,..,..,..,..,13.7,19.7,26.8,24.7,19.4,16.7,14.6,16.1,19.8,..,29.2,33,32.9,31.8,29,26.2,20.7,15.1,12.6,9.4,10.3,..,..
Poverty headcount ratio at $8.30 a day (2021 PPP) (% of population),SI.POV.UMIC,Seychelles,SYC,..,..,..,..,..,..,..,..,..,..,..,..,..,..,..,..,..,..,..,..,..,..,..,..,..,..,..,..,..,..,..,..,..,..,..,..,..,..,..,17.7,..,..,..,..,..,..,22.8,..,..,..,..,..,..,12,..,..,..,..,8.4,..,..,..,..,..,..
Poverty headcount ratio at $8.30 a day (2021 PPP) (% of population),SI.POV.UMIC,Sierra Leone,SLE,..,..,..,..,..,..,..,..,..,..,..,..,..,..,..,..,..,..,..,..,..,..,..,..,..,..,..,..,..,..,..,..,..,..,..,..,..,..,..,..,..,..,..,95.7,..,..,..,..,..,..,..,94.3,..,..,..,..,..,..,91.5,..,..,..,..,..,..
Poverty headcount ratio at $8.30 a day (2021 PPP) (% of population),SI.POV.UMIC,Singapore,SGP,..,..,..,..,..,..,..,..,..,..,..,..,..,..,..,..,..,..,..,..,..,..,..,..,..,..,..,..,..,..,..,..,..,..,..,..,..,..,..,..,..,..,..,..,..,..,..,..,..,..,..,..,..,..,..,..,..,..,..,..,..,..,..,..,..
Poverty headcount ratio at $8.30 a day (2021 PPP) (% of population),SI.POV.UMIC,Sint Maarten (Dutch part),SXM,..,..,..,..,..,..,..,..,..,..,..,..,..,..,..,..,..,..,..,..,..,..,..,..,..,..,..,..,..,..,..,..,..,..,..,..,..,..,..,..,..,..,..,..,..,..,..,..,..,..,..,..,..,..,..,..,..,..,..,..,..,..,..,..,..
Poverty headcount ratio at $8.30 a day (2021 PPP) (% of population),SI.POV.UMIC,Slovak Republic,SVK,..,..,..,..,..,..,..,..,..,..,..,..,..,..,..,..,..,..,..,..,..,..,..,..,..,..,..,..,..,..,..,..,3.2,..,..,..,9.5,..,..,..,..,..,..,..,10.2,6.4,4.2,3.8,4.6,4.6,4.6,3.5,5,5,5.2,5,4.8,3,3.8,2.5,2.3,2.8,6.6,4.1,..
Poverty headcount ratio at $8.30 a day (2021 PPP) (% of population),SI.POV.UMIC,Slovenia,SVN,..,..,..,..,..,..,..,..,..,..,..,..,..,..,..,..,..,..,..,..,..,..,..,..,..,..,..,0,..,..,..,..,..,0,..,..,..,1,0,1.2,..,..,1.2,1.9,0.6,0.6,0.5,0.3,0.2,0.3,0.2,0.3,0.5,0.6,0.3,0.4,0.3,0.1,0.2,0.1,0.1,0.1,0.2,0.1,..
Poverty headcount ratio at $8.30 a day (2021 PPP) (% of population),SI.POV.UMIC,Solomon Islands,SLB,..,..,..,..,..,..,..,..,..,..,..,..,..,..,..,..,..,..,..,..,..,..,..,..,..,..,..,..,..,..,..,..,..,..,..,..,..,..,..,..,..,..,..,..,..,92.6,..,..,..,..,..,..,90.7,..,..,..,..,..,..,..,..,..,..,..,..
Poverty headcount ratio at $8.30 a day (2021 PPP) (% of population),SI.POV.UMIC,"Somalia, Fed. Rep.",SOM,..,..,..,..,..,..,..,..,..,..,..,..,..,..,..,..,..,..,..,..,..,..,..,..,..,..,..,..,..,..,..,..,..,..,..,..,..,..,..,..,..,..,..,..,..,..,..,..,..,..,..,..,..,..,..,..,..,..,..,..,..,..,..,..,..
Poverty headcount ratio at $8.30 a day (2021 PPP) (% of population),SI.POV.UMIC,South Africa,ZAF,..,..,..,..,..,..,..,..,..,..,..,..,..,..,..,..,..,..,..,..,..,..,..,..,..,..,..,..,..,..,..,..,..,75.4,..,..,..,..,..,..,78.5,..,..,..,..,75.6,..,..,67.1,..,65.8,..,..,..,66.2,..,..,..,..,..,..,..,..,..,..
Poverty headcount ratio at $8.30 a day (2021 PPP) (% of population),SI.POV.UMIC,South Sudan,SSD,..,..,..,..,..,..,..,..,..,..,..,..,..,..,..,..,..,..,..,..,..,..,..,..,..,..,..,..,..,..,..,..,..,..,..,..,..,..,..,..,..,..,..,..,..,..,..,..,..,84.9,..,..,..,..,..,..,97.6,..,..,..,..,..,..,..,..
Poverty headcount ratio at $8.30 a day (2021 PPP) (% of population),SI.POV.UMIC,Spain,ESP,..,..,..,..,..,..,..,..,..,..,..,..,..,..,..,..,..,..,..,..,9,..,..,..,..,9.2,..,..,..,..,3.5,..,..,5,5.2,5.5,6.5,5.2,3.5,2.7,3,..,..,2.4,2.7,2.8,3.1,1.9,2.1,2.7,3.1,3.4,3.7,4.2,4.3,3.8,4,2.9,3.2,2.9,3.4,2.2,2.4,2.3,..
Poverty headcount ratio at $8.30 a day (2021 PPP) (% of population),SI.POV.UMIC,Sri Lanka,LKA,..,..,..,..,..,..,..,..,..,..,..,..,..,..,..,..,..,..,..,..,..,..,..,..,..,89.3,..,..,..,..,88.9,..,..,..,..,84.5,..,..,..,..,..,..,78.9,..,..,..,72.2,..,..,70.9,..,..,64.9,..,..,..,56.6,..,..,53.3,..,..,..,..,..
Poverty headcount ratio at $8.30 a day (2021 PPP) (% of population),SI.POV.UMIC,St. Kitts and Nevis,KNA,..,..,..,..,..,..,..,..,..,..,..,..,..,..,..,..,..,..,..,..,..,..,..,..,..,..,..,..,..,..,..,..,..,..,..,..,..,..,..,..,..,..,..,..,..,..,..,..,..,..,..,..,..,..,..,..,..,..,..,..,..,..,..,..,..
Poverty headcount ratio at $8.30 a day (2021 PPP) (% of population),SI.POV.UMIC,St. Lucia,LCA,..,..,..,..,..,..,..,..,..,..,..,..,..,..,..,..,..,..,..,..,..,..,..,..,..,..,..,..,..,..,..,..,..,..,..,87.9,..,..,..,..,..,..,..,..,..,..,..,..,..,..,..,..,..,..,..,7.8,..,..,..,..,..,..,..,..,..
Poverty headcount ratio at $8.30 a day (2021 PPP) (% of population),SI.POV.UMIC,St. Martin (French part),MAF,..,..,..,..,..,..,..,..,..,..,..,..,..,..,..,..,..,..,..,..,..,..,..,..,..,..,..,..,..,..,..,..,..,..,..,..,..,..,..,..,..,..,..,..,..,..,..,..,..,..,..,..,..,..,..,..,..,..,..,..,..,..,..,..,..
Poverty headcount ratio at $8.30 a day (2021 PPP) (% of population),SI.POV.UMIC,St. Vincent and the Grenadines,VCT,..,..,..,..,..,..,..,..,..,..,..,..,..,..,..,..,..,..,..,..,..,..,..,..,..,..,..,..,..,..,..,..,..,..,..,..,..,..,..,..,..,..,..,..,..,..,..,..,..,..,..,..,..,..,..,..,..,..,..,..,..,..,..,..,..
Poverty headcount ratio at $8.30 a day (2021 PPP) (% of population),SI.POV.UMIC,Sudan,SDN,..,..,..,..,..,..,..,..,..,..,..,..,..,..,..,..,..,..,..,..,..,..,..,..,..,..,..,..,..,..,..,..,..,..,..,..,..,..,..,..,..,..,..,..,..,..,..,..,..,68.4,..,..,..,..,73.2,..,..,..,..,..,..,..,..,..,..
Poverty headcount ratio at $8.30 a day (2021 PPP) (% of population),SI.POV.UMIC,Suriname,SUR,..,..,..,..,..,..,..,..,..,..,..,..,..,..,..,..,..,..,..,..,..,..,..,..,..,..,..,..,..,..,..,..,..,..,..,..,..,..,..,46.9,..,..,..,..,..,..,..,..,..,..,..,..,..,..,..,..,..,..,..,..,..,..,20.9,..,..
Poverty headcount ratio at $8.30 a day (2021 PPP) (% of population),SI.POV.UMIC,Sweden,SWE,..,..,..,..,..,..,..,..,..,..,..,..,..,..,..,1.2,..,..,..,..,..,1.2,..,..,..,..,..,1,..,..,..,..,1,..,..,1.7,..,..,..,..,0.7,0.5,0.5,1.1,1.1,1.9,1.1,1,1.2,1.2,1.4,1.5,1.2,1.4,1.2,1.2,1,0.8,1.5,1,1,1.5,1.7,1.5,..
Poverty headcount ratio at $8.30 a day (2021 PPP) (% of population),SI.POV.UMIC,Switzerland,CHE,..,..,..,..,..,..,..,..,..,..,..,..,..,..,..,..,..,..,..,..,..,..,1,..,..,..,..,..,..,..,..,..,1.2,..,..,..,..,..,..,..,0.5,..,0.2,..,0.5,..,0.5,0.5,0.5,0.3,0.5,0.1,0,0.1,0.1,0.1,0.2,0.1,0.2,0.2,0.1,0.2,0.3,..,..
Poverty headcount ratio at $8.30 a day (2021 PPP) (% of population),SI.POV.UMIC,Syrian Arab Republic,SYR,..,..,..,..,..,..,..,..,..,..,..,..,..,..,..,..,..,..,..,..,..,..,..,..,..,..,..,..,..,..,..,..,..,..,..,..,41.8,..,..,..,..,..,..,29.7,..,..,31.7,..,..,32,..,..,..,..,..,..,..,..,..,..,..,..,87.9,..,..
Poverty headcount ratio at $8.30 a day (2021 PPP) (% of population),SI.POV.UMIC,Tajikistan,TJK,..,..,..,..,..,..,..,..,..,..,..,..,..,..,..,..,..,..,..,..,..,..,..,..,..,..,..,..,..,..,..,..,..,..,..,..,..,..,..,99.4,..,..,..,96.4,90.5,..,..,89.7,..,82,..,..,..,..,..,74.1,..,..,..,..,..,64.9,59.7,55.7,55.4
Poverty headcount ratio at $8.30 a day (2021 PPP) (% of population),SI.POV.UMIC,Tanzania,TZA,..,..,..,..,..,..,..,..,..,..,..,..,..,..,..,..,..,..,..,..,..,..,..,..,..,..,..,..,..,..,..,98,..,..,..,..,..,..,..,..,99.4,..,..,..,..,..,..,94.7,..,..,..,92.9,..,..,..,..,..,..,91.5,..,..,..,..,..,..
Poverty headcount ratio at $8.30 a day (2021 PPP) (% of population),SI.POV.UMIC,Thailand,THA,..,..,..,..,..,..,..,..,..,..,..,..,..,..,..,..,..,..,..,..,..,78.5,..,..,..,..,..,..,77.9,..,74,..,68,..,62.5,..,58.6,..,56.3,60.6,61.2,..,53.3,..,46.7,..,39.5,37.4,35.2,32.2,30,25.5,24.9,21.8,20.9,16.9,17.9,17.2,17.8,15.2,15.1,14.1,9.9,9.9,..
Poverty headcount ratio at $8.30 a day (2021 PPP) (% of population),SI.POV.UMIC,Timor-Leste,TLS,..,..,..,..,..,..,..,..,..,..,..,..,..,..,..,..,..,..,..,..,..,..,..,..,..,..,..,..,..,..,..,..,..,..,..,..,..,..,..,..,..,95.1,..,..,..,..,..,98.5,..,..,..,..,..,..,96,..,..,..,..,..,..,..,..,..,..
Poverty headcount ratio at $8.30 a day (2021 PPP) (% of population),SI.POV.UMIC,Togo,TGO,..,..,..,..,..,..,..,..,..,..,..,..,..,..,..,..,..,..,..,..,..,..,..,..,..,..,..,..,..,..,..,..,..,..,..,..,..,..,..,..,..,..,..,..,..,..,94.8,..,..,..,..,93.6,..,..,..,94.2,..,..,84.1,..,..,86.8,..,..,..
Poverty headcount ratio at $8.30 a day (2021 PPP) (% of population),SI.POV.UMIC,Tonga,TON,..,..,..,..,..,..,..,..,..,..,..,..,..,..,..,..,..,..,..,..,..,..,..,..,..,..,..,..,..,..,..,..,..,..,..,..,..,..,..,..,40.5,..,..,..,..,..,..,..,..,45.4,..,..,..,..,..,55.3,..,..,..,..,..,26.7,..,..,..
Poverty headcount ratio at $8.30 a day (2021 PPP) (% of population),SI.POV.UMIC,Trinidad and Tobago,TTO,..,..,..,..,..,..,..,..,..,..,..,..,..,..,..,..,..,..,..,..,..,..,..,..,..,..,..,..,20.5,..,..,..,30.5,..,..,..,..,..,..,..,..,..,..,..,..,..,..,..,..,..,..,..,..,..,..,..,..,..,..,..,..,..,..,..,..
Poverty headcount ratio at $8.30 a day (2021 PPP) (% of population),SI.POV.UMIC,Tunisia,TUN,..,..,..,..,..,..,..,..,..,..,..,..,..,..,..,..,..,..,..,..,..,..,..,..,..,72.5,..,..,..,..,66.4,..,..,..,..,66.3,..,..,..,..,57.3,..,..,..,..,49,..,..,..,..,34.6,..,..,..,..,23.7,..,..,..,..,..,20.7,..,..,..
Poverty headcount ratio at $8.30 a day (2021 PPP) (% of population),SI.POV.UMIC,Turkiye,TUR,..,..,..,..,..,..,..,..,..,..,..,..,..,..,..,..,..,..,..,..,..,..,..,..,..,..,..,56.7,..,..,..,..,..,..,54.7,..,..,..,..,..,..,..,50.5,54.3,41,38.9,35.9,31.5,26.9,28,26.3,23.8,22.3,20.6,20.3,21,18.6,16.7,15.6,15.9,15,12.9,10.8,..,..
Poverty headcount ratio at $8.30 a day (2021 PPP) (% of population),SI.POV.UMIC,Turkmenistan,TKM,..,..,..,..,..,..,..,..,..,..,..,..,..,..,..,..,..,..,..,..,..,..,..,..,..,..,..,..,..,..,..,..,..,..,..,..,..,..,84.6,..,..,..,..,..,..,..,..,..,..,..,..,..,..,..,..,..,..,..,..,..,..,..,..,..,..
Poverty headcount ratio at $8.30 a day (2021 PPP) (% of population),SI.POV.UMIC,Turks and Caicos Islands,TCA,..,..,..,..,..,..,..,..,..,..,..,..,..,..,..,..,..,..,..,..,..,..,..,..,..,..,..,..,..,..,..,..,..,..,..,..,..,..,..,..,..,..,..,..,..,..,..,..,..,..,..,..,..,..,..,..,..,..,..,..,..,..,..,..,..
Poverty headcount ratio at $8.30 a day (2021 PPP) (% of population),SI.POV.UMIC,Tuvalu,TUV,..,..,..,..,..,..,..,..,..,..,..,..,..,..,..,..,..,..,..,..,..,..,..,..,..,..,..,..,..,..,..,..,..,..,..,..,..,..,..,..,..,..,..,..,..,..,..,..,..,..,60.6,..,..,..,..,..,..,..,..,..,..,..,..,..,..
Poverty headcount ratio at $8.30 a day (2021 PPP) (% of population),SI.POV.UMIC,Uganda,UGA,..,..,..,..,..,..,..,..,..,..,..,..,..,..,..,..,..,..,..,..,..,..,..,..,..,..,..,..,..,96.2,..,..,97.6,..,..,..,97.6,..,..,97.2,..,..,96.4,..,..,95.8,..,..,..,93.2,..,..,92.4,..,..,..,92.9,..,..,93.6,..,..,..,..,..
Poverty headcount ratio at $8.30 a day (2021 PPP) (% of population),SI.POV.UMIC,Ukraine,UKR,..,..,..,..,..,..,..,..,..,..,..,..,..,..,..,..,..,..,..,..,..,..,..,..,..,..,..,..,..,..,..,..,64.2,65.8,..,66.6,75.7,..,..,90.3,..,..,70,62.7,53.3,39.2,34.2,34.6,23.6,27.5,22,18.5,16.5,12.5,13.8,22.7,21.6,17,14.7,10.6,11.3,..,..,..,..
Poverty headcount ratio at $8.30 a day (2021 PPP) (% of population),SI.POV.UMIC,United Arab Emirates,ARE,..,..,..,..,..,..,..,..,..,..,..,..,..,..,..,..,..,..,..,..,..,..,..,..,..,..,..,..,..,..,..,..,..,..,..,..,..,..,..,..,..,..,..,..,..,..,..,..,..,..,..,..,..,0,..,..,..,..,0.6,..,..,..,..,..,..
Poverty headcount ratio at $8.30 a day (2021 PPP) (% of population),SI.POV.UMIC,United Kingdom,GBR,..,..,..,..,..,..,..,..,1.2,1.7,1.5,2,2.5,1,1.2,1.5,1.2,1.5,1,1,1,1.2,0.7,0.7,1,0.7,1,0.5,0.7,0.7,1,1,1,1,1.2,1,0.7,0.7,0.7,0.7,0.7,0.7,1,0.7,0.5,0.7,0.7,0.7,0.7,0.7,0.7,0.7,0.7,0.5,0.7,0.7,0.7,0.7,0.7,0.7,1,1,..,..,..
Poverty headcount ratio at $8.30 a day (2021 PPP) (% of population),SI.POV.UMIC,United States,USA,..,..,..,5.2,5,4.2,4.5,3.7,3.2,2.7,3.2,3,2.7,2.7,2.7,2.7,2.2,2.2,2.5,1.7,1.7,1.7,2.2,2.2,2,2,2,1.7,1.7,1.5,1.5,1.7,2,2,1.7,1.7,1.5,1.7,1.7,1.5,1.7,2,2,2,2,2,2,2,2,2,2.2,2.2,2.2,2,2.2,2.2,2,2.2,2,1.7,1.5,1,2.2,2,..
Poverty headcount ratio at $8.30 a day (2021 PPP) (% of population),SI.POV.UMIC,Uruguay,URY,..,..,..,..,..,..,..,..,..,..,..,..,..,..,..,..,..,..,..,..,..,17.1,..,..,..,..,..,..,..,13.3,..,..,11,..,..,10.9,11.5,11.8,11.7,..,11.7,14,18.3,24.3,25,22.5,22.1,19.4,14.6,13.4,11.9,8.4,7.8,7.2,6.2,5.9,5.6,4.5,4.9,5,7.1,6.7,6.3,6.6,5.9
Poverty headcount ratio at $8.30 a day (2021 PPP) (% of population),SI.POV.UMIC,Uzbekistan,UZB,..,..,..,..,..,..,..,..,..,..,..,..,..,..,..,..,..,..,..,..,..,..,..,..,..,..,..,..,..,..,..,..,..,..,..,..,..,..,97.6,..,99.6,..,99.6,99.7,..,..,..,..,..,..,..,..,..,..,..,..,..,..,..,..,..,38.1,32.4,24.6,20.7
Poverty headcount ratio at $8.30 a day (2021 PPP) (% of population),SI.POV.UMIC,Vanuatu,VUT,..,..,..,..,..,..,..,..,..,..,..,..,..,..,..,..,..,..,..,..,..,..,..,..,..,..,..,..,..,..,..,..,..,..,..,..,..,..,..,..,..,..,..,..,..,..,..,..,..,..,82,..,..,..,..,..,..,..,..,81.3,..,..,..,..,..
Poverty headcount ratio at $8.30 a day (2021 PPP) (% of population),SI.POV.UMIC,"Venezuela, RB",VEN,..,..,..,..,..,..,..,..,..,..,..,..,..,..,..,..,..,..,..,..,..,42.3,..,..,..,..,..,45.4,..,36.8,..,..,39.1,..,..,55.8,..,..,52.6,58.1,..,55.3,64.7,70.8,65.7,55.7,43.3,..,..,..,..,..,..,..,..,..,..,..,..,..,..,..,..,..,..
Poverty headcount ratio at $8.30 a day (2021 PPP) (% of population),SI.POV.UMIC,Viet Nam,VNM,..,..,..,..,..,..,..,..,..,..,..,..,..,..,..,..,..,..,..,..,..,..,..,..,..,..,..,..,..,..,..,..,94.8,..,..,..,..,89.9,..,..,..,..,89.6,..,85.4,..,81.8,..,79,..,49.6,..,43.2,..,37.9,..,29.8,..,24.2,..,20.4,..,21.5,..,..
Poverty headcount ratio at $8.30 a day (2021 PPP) (% of population),SI.POV.UMIC,Virgin Islands (U.S.),VIR,..,..,..,..,..,..,..,..,..,..,..,..,..,..,..,..,..,..,..,..,..,..,..,..,..,..,..,..,..,..,..,..,..,..,..,..,..,..,..,..,..,..,..,..,..,..,..,..,..,..,..,..,..,..,..,..,..,..,..,..,..,..,..,..,..
Poverty headcount ratio at $8.30 a day (2021 PPP) (% of population),SI.POV.UMIC,West Bank and Gaza,PSE,..,..,..,..,..,..,..,..,..,..,..,..,..,..,..,..,..,..,..,..,..,..,..,..,..,..,..,..,..,..,..,..,..,..,..,..,..,..,..,..,..,..,..,..,31.5,30,29,35.6,..,25.9,27,25.7,..,..,..,..,27.7,..,..,..,..,..,..,28.6,..
Poverty headcount ratio at $8.30 a day (2021 PPP) (% of population),SI.POV.UMIC,"Yemen, Rep.",YEM,..,..,..,..,..,..,..,..,..,..,..,..,..,..,..,..,..,..,..,..,..,..,..,..,..,..,..,..,..,..,..,..,..,..,..,..,..,..,73.9,..,..,..,..,..,..,85.1,..,..,..,..,..,..,..,..,88,..,..,..,..,..,..,..,..,..,..
Poverty headcount ratio at $8.30 a day (2021 PPP) (% of population),SI.POV.UMIC,Zambia,ZMB,..,..,..,..,..,..,..,..,..,..,..,..,..,..,..,..,..,..,..,..,..,..,..,..,..,..,..,..,..,..,..,90,..,92.8,..,..,90.2,..,90.6,..,..,..,95.7,..,92.7,..,93.3,..,..,..,93.5,..,..,..,..,92,..,..,..,..,..,..,94,..,..
Poverty headcount ratio at $8.30 a day (2021 PPP) (% of population),SI.POV.UMIC,Zimbabwe,ZWE,..,..,..,..,..,..,..,..,..,..,..,..,..,..,..,..,..,..,..,..,..,..,..,..,..,..,..,..,..,..,..,..,..,..,..,..,..,..,..,..,..,..,..,..,..,..,..,..,..,..,..,83.2,..,..,..,..,..,85.5,..,86.2,..,..,..,..,..
Poverty headcount ratio at $8.30 a day (2021 PPP) (% of population),SI.POV.UMIC,Africa Eastern and Southern,AFE,..,..,..,..,..,..,..,..,..,..,..,..,..,..,..,..,..,..,..,..,..,..,..,..,..,..,..,..,..,..,..,..,..,..,..,..,..,..,..,..,..,..,..,..,..,..,..,..,..,..,..,..,..,..,..,..,..,..,..,..,..,..,..,..,..
Poverty headcount ratio at $8.30 a day (2021 PPP) (% of population),SI.POV.UMIC,Africa Western and Central,AFW,..,..,..,..,..,..,..,..,..,..,..,..,..,..,..,..,..,..,..,..,..,..,..,..,..,..,..,..,..,..,..,..,..,..,..,..,..,..,..,..,..,..,..,..,..,..,..,..,..,..,..,..,..,..,..,..,..,..,..,..,..,..,..,..,..
Poverty headcount ratio at $8.30 a day (2021 PPP) (% of population),SI.POV.UMIC,Arab World,ARB,..,..,..,..,..,..,..,..,..,..,..,..,..,..,..,..,..,..,..,..,..,..,..,..,..,..,..,..,..,..,..,..,..,..,..,..,..,..,..,..,..,..,..,..,..,..,..,..,..,..,..,..,..,..,..,..,..,..,..,..,..,..,..,..,..
Poverty headcount ratio at $8.30 a day (2021 PPP) (% of population),SI.POV.UMIC,Caribbean small states,CSS,..,..,..,..,..,..,..,..,..,..,..,..,..,..,..,..,..,..,..,..,..,..,..,..,..,..,..,..,..,..,..,..,..,..,..,..,..,..,..,..,..,..,..,..,..,..,..,..,..,..,..,..,..,..,..,..,..,..,..,..,..,..,..,..,..
Poverty headcount ratio at $8.30 a day (2021 PPP) (% of population),SI.POV.UMIC,Central Europe and the Baltics,CEB,..,..,..,..,..,..,..,..,..,..,..,..,..,..,..,..,..,..,..,..,..,..,..,..,..,..,..,..,..,..,..,..,..,..,..,..,..,..,..,..,..,..,..,..,..,..,..,..,..,..,..,..,..,..,..,..,..,..,..,..,..,..,..,..,..
Poverty headcount ratio at $8.30 a day (2021 PPP) (% of population),SI.POV.UMIC,Early-demographic dividend,EAR,..,..,..,..,..,..,..,..,..,..,..,..,..,..,..,..,..,..,..,..,..,..,..,..,..,..,..,..,..,..,..,..,..,..,..,..,..,..,..,..,..,..,..,..,..,..,..,..,..,..,..,..,..,..,..,..,..,..,..,..,..,..,..,..,..
Poverty headcount ratio at $8.30 a day (2021 PPP) (% of population),SI.POV.UMIC,East Asia & Pacific,EAS,..,..,..,..,..,..,..,..,..,..,..,..,..,..,..,..,..,..,..,..,..,87,86.9,86.7,86.6,86.6,86.5,86.3,86.1,85.7,85.6,85.3,85.1,84.8,84.2,83.8,83,82.6,82.6,82.1,81.2,80,78.3,76.7,74.9,72.8,70.9,68.4,66.6,64.1,60.5,57.9,54.7,50.4,47,44,41.2,39.1,36.2,33.9,34.4,29.4,29.8,27.7,26.4
Poverty headcount ratio at $8.30 a day (2021 PPP) (% of population),SI.POV.UMIC,East Asia & Pacific (excluding high income),EAP,..,..,..,..,..,..,..,..,..,..,..,..,..,..,..,..,..,..,..,..,..,..,..,..,..,..,..,..,..,..,..,..,..,..,..,..,..,..,..,..,..,..,..,..,..,..,..,..,..,..,..,..,..,..,..,..,..,..,..,..,..,..,..,..,..
Poverty headcount ratio at $8.30 a day (2021 PPP) (% of population),SI.POV.UMIC,East Asia & Pacific (IDA & IBRD countries),TEA,..,..,..,..,..,..,..,..,..,..,..,..,..,..,..,..,..,..,..,..,..,..,..,..,..,..,..,..,..,..,..,..,..,..,..,..,..,..,..,..,..,..,..,..,..,..,..,..,..,..,..,..,..,..,..,..,..,..,..,..,..,..,..,..,..
Poverty headcount ratio at $8.30 a day (2021 PPP) (% of population),SI.POV.UMIC,Euro area,EMU,..,..,..,..,..,..,..,..,..,..,..,..,..,..,..,..,..,..,..,..,..,..,..,..,..,..,..,..,..,..,..,..,..,..,..,..,..,..,..,..,..,..,..,..,..,..,..,..,..,..,..,..,..,..,..,..,..,..,..,..,..,..,..,..,..
Poverty headcount ratio at $8.30 a day (2021 PPP) (% of population),SI.POV.UMIC,Europe & Central Asia,ECS,..,..,..,..,..,..,..,..,..,..,..,..,..,..,..,..,..,..,..,..,..,..,..,..,..,..,..,..,20.3,20.3,20.9,22.4,24.8,28.1,30.3,27.2,29.3,27.7,27.8,31.8,29.8,28,26.4,25.5,22.7,20.7,18.6,16.4,14,14.3,13.6,12.9,12.6,10.6,10.6,10.8,10.4,9.6,8.9,8.5,8.1,7,6.7,5.5,5.1
Poverty headcount ratio at $8.30 a day (2021 PPP) (% of population),SI.POV.UMIC,Europe & Central Asia (excluding high income),ECA,..,..,..,..,..,..,..,..,..,..,..,..,..,..,..,..,..,..,..,..,..,..,..,..,..,..,..,..,..,..,..,..,..,..,..,..,..,..,..,..,..,..,..,..,..,..,..,..,..,..,..,..,..,..,..,..,..,..,..,..,..,..,..,..,..
Poverty headcount ratio at $8.30 a day (2021 PPP) (% of population),SI.POV.UMIC,Europe & Central Asia (IDA & IBRD countries),TEC,..,..,..,..,..,..,..,..,..,..,..,..,..,..,..,..,..,..,..,..,..,..,..,..,..,..,..,..,..,..,..,..,..,..,..,..,..,..,..,..,..,..,..,..,..,..,..,..,..,..,..,..,..,..,..,..,..,..,..,..,..,..,..,..,..
Poverty headcount ratio at $8.30 a day (2021 PPP) (% of population),SI.POV.UMIC,European Union,EUU,..,..,..,..,..,..,..,..,..,..,..,..,..,..,..,..,..,..,..,..,..,..,..,..,..,..,..,..,..,..,..,..,..,..,..,..,..,..,..,..,..,..,..,..,..,..,..,..,..,..,..,..,..,..,..,..,..,..,..,..,..,..,..,..,..
Poverty headcount ratio at $8.30 a day (2021 PPP) (% of population),SI.POV.UMIC,Fragile and conflict affected situations,FCS,..,..,..,..,..,..,..,..,..,..,..,..,..,..,..,..,..,..,..,..,..,..,..,..,..,..,..,..,..,..,..,..,..,85.7,86.3,86.3,86.7,86.1,85.4,86.8,..,84.9,85.3,86.2,83.8,82.2,81.2,80.9,79.8,80,79.3,79.3,79.1,79.2,79.4,79.3,79.5,79.3,79.3,..,81.6,82.5,83.1,83.8,84
Poverty headcount ratio at $8.30 a day (2021 PPP) (% of population),SI.POV.UMIC,Heavily indebted poor countries (HIPC),HPC,..,..,..,..,..,..,..,..,..,..,..,..,..,..,..,..,..,..,..,..,..,..,..,..,..,..,..,..,..,..,..,..,..,..,..,..,..,..,..,..,..,..,..,..,..,..,..,..,..,..,..,..,..,..,..,..,..,..,..,..,..,..,..,..,..
Poverty headcount ratio at $8.30 a day (2021 PPP) (% of population),SI.POV.UMIC,High income,HIC,..,..,..,..,..,..,..,..,..,..,..,..,..,..,..,..,..,..,..,..,..,..,9.7,9.4,9.2,8.8,8.5,8,7.6,7.4,7.5,7.8,8.6,10.5,11.6,9.7,10.9,9.4,9.4,11.3,10.5,9.4,8.6,8.2,7.3,6.7,6,5,4.1,4,3.7,3.7,3.5,3.5,3.2,3.2,3,2.7,2.6,2.4,2.3,1.7,1.8,1.7,1.6
Poverty headcount ratio at $8.30 a day (2021 PPP) (% of population),SI.POV.UMIC,IBRD only,IBD,..,..,..,..,..,..,..,..,..,..,..,..,..,..,..,..,..,..,..,..,..,..,..,..,..,..,..,..,..,..,..,..,..,..,..,..,..,..,..,..,..,..,..,..,..,..,..,..,..,..,..,..,..,..,..,..,..,..,..,..,..,..,..,..,..
Poverty headcount ratio at $8.30 a day (2021 PPP) (% of population),SI.POV.UMIC,IDA & IBRD total,IBT,..,..,..,..,..,..,..,..,..,..,..,..,..,..,..,..,..,..,..,..,..,..,..,..,..,..,..,..,..,..,..,..,..,..,..,..,..,..,..,..,..,..,..,..,..,..,..,..,..,..,..,..,..,..,..,..,..,..,..,..,..,..,..,..,..
Poverty headcount ratio at $8.30 a day (2021 PPP) (% of population),SI.POV.UMIC,IDA blend,IDB,..,..,..,..,..,..,..,..,..,..,..,..,..,..,..,..,..,..,..,..,..,..,..,..,..,..,..,..,..,..,..,..,..,..,..,..,..,..,..,..,..,..,..,..,..,..,..,..,..,..,..,..,..,..,..,..,..,..,..,..,..,..,..,..,..
Poverty headcount ratio at $8.30 a day (2021 PPP) (% of population),SI.POV.UMIC,IDA only,IDX,..,..,..,..,..,..,..,..,..,..,..,..,..,..,..,..,..,..,..,..,..,..,..,..,..,..,..,..,..,..,..,..,..,..,..,..,..,..,..,..,..,..,..,..,..,..,..,..,..,..,..,..,..,..,..,..,..,..,..,..,..,..,..,..,..
Poverty headcount ratio at $8.30 a day (2021 PPP) (% of population),SI.POV.UMIC,IDA total,IDA,..,..,..,..,..,..,..,..,..,..,..,..,..,..,..,..,..,..,..,..,..,..,..,..,..,..,..,..,..,93.5,93.5,93.5,93.4,93.6,93.4,93.1,92.8,92.5,92.2,92.5,92.5,92.4,92.3,92.2,91.5,91.1,90.7,90.3,89.6,89.6,89,88.7,88.4,87.5,87,86.6,86.3,85.8,85.3,85.1,86,85.8,85.4,85.1,84.8
Poverty headcount ratio at $8.30 a day (2021 PPP) (% of population),SI.POV.UMIC,Late-demographic dividend,LTE,..,..,..,..,..,..,..,..,..,..,..,..,..,..,..,..,..,..,..,..,..,..,..,..,..,..,..,..,..,..,..,..,..,..,..,..,..,..,..,..,..,..,..,..,..,..,..,..,..,..,..,..,..,..,..,..,..,..,..,..,..,..,..,..,..
Poverty headcount ratio at $8.30 a day (2021 PPP) (% of population),SI.POV.UMIC,Latin America & Caribbean,LCN,..,..,..,..,..,..,..,..,..,..,..,..,..,..,..,..,..,..,..,..,..,56.1,56.5,59.7,59.5,58.2,52.2,55.5,55.8,55.6,57.4,57.1,57.5,57.2,56,55.1,55.9,54.9,54.3,55.1,53.2,52.5,52.7,52,50.6,48,44.5,42.3,40.4,40.1,38.1,36.1,34.9,33.8,33.2,31.5,31.3,30.8,30.4,30.1,30.4,31,28,26.9,25.9
Poverty headcount ratio at $8.30 a day (2021 PPP) (% of population),SI.POV.UMIC,Latin America & Caribbean (excluding high income),LAC,..,..,..,..,..,..,..,..,..,..,..,..,..,..,..,..,..,..,..,..,..,..,..,..,..,..,..,..,..,..,..,..,..,..,..,..,..,..,..,..,..,..,..,..,..,..,..,..,..,..,..,..,..,..,..,..,..,..,..,..,..,..,..,..,..
Poverty headcount ratio at $8.30 a day (2021 PPP) (% of population),SI.POV.UMIC,Latin America & the Caribbean (IDA & IBRD countries),TLA,..,..,..,..,..,..,..,..,..,..,..,..,..,..,..,..,..,..,..,..,..,..,..,..,..,..,..,..,..,..,..,..,..,..,..,..,..,..,..,..,..,..,..,..,..,..,..,..,..,..,..,..,..,..,..,..,..,..,..,..,..,..,..,..,..
Poverty headcount ratio at $8.30 a day (2021 PPP) (% of population),SI.POV.UMIC,Least developed countries: UN classification,LDC,..,..,..,..,..,..,..,..,..,..,..,..,..,..,..,..,..,..,..,..,..,..,..,..,..,..,..,..,..,..,..,..,..,..,..,..,..,..,..,..,..,..,..,..,..,..,..,..,..,..,..,..,..,..,..,..,..,..,..,..,..,..,..,..,..
Poverty headcount ratio at $8.30 a day (2021 PPP) (% of population),SI.POV.UMIC,Low & middle income,LMY,..,..,..,..,..,..,..,..,..,..,..,..,..,..,..,..,..,..,..,..,..,89.3,89.3,89.5,89.4,89.2,88.5,88.8,88.8,88.6,88.6,88.8,88.9,88.8,88.5,88,87.6,87.2,86.9,86.9,86,85.4,84.5,83.6,82.1,80.7,79.2,77.7,76.4,75.3,73.3,71.6,69.9,67.7,66.2,64.7,63.3,62.2,60.6,59.6,60.6,58.3,57.7,56.2,55.1
Poverty headcount ratio at $8.30 a day (2021 PPP) (% of population),SI.POV.UMIC,Low income,LIC,..,..,..,..,..,..,..,..,..,..,..,..,..,..,..,..,..,..,..,..,..,..,..,..,..,..,..,..,..,..,..,..,..,..,..,..,..,..,..,..,..,..,90.3,89.4,88.7,88.7,88.5,88.2,87.8,88.1,87.7,87.7,88.5,89.7,90.2,90.4,90.7,90.3,..,..,91.3,91.7,91.8,92.2,..
Poverty headcount ratio at $8.30 a day (2021 PPP) (% of population),SI.POV.UMIC,Lower middle income,LMC,..,..,..,..,..,..,..,..,..,..,..,..,..,..,..,..,..,..,..,..,..,93.9,94,93.9,93.9,93.7,93.6,93.6,93.5,93.5,93.3,93.4,93.4,93.6,93.4,93.2,92.8,..,..,..,..,..,92.1,91.9,91.5,91.1,90.6,90.1,89.6,88.8,87.4,86.4,85.5,84.3,83.4,..,..,..,..,..,80,79.1,77.8,76.3,74.7
Poverty headcount ratio at $8.30 a day (2021 PPP) (% of population),SI.POV.UMIC,"Middle East, North Africa, Afghanistan & Pakistan",MEA,..,..,..,..,..,..,..,..,..,..,..,..,..,..,..,..,..,..,..,..,..,..,..,..,75,74.6,74.8,75.3,75.2,75.7,74.3,74.9,73.9,73.7,73.4,73.5,72.5,71.4,69.3,68.6,67.6,67.8,67.7,68,65.3,64.9,64.4,63.7,62.8,62.1,61.3,60.7,59.9,60.2,60,59.1,59.2,59.1,59.4,59.9,..,..,..,..,..
Poverty headcount ratio at $8.30 a day (2021 PPP) (% of population),SI.POV.UMIC,"Middle East, North Africa, Afghanistan & Pakistan (excluding high income)",MNA,..,..,..,..,..,..,..,..,..,..,..,..,..,..,..,..,..,..,..,..,..,..,..,..,..,..,..,..,..,..,..,..,..,..,..,..,..,..,..,..,..,..,..,..,..,..,..,..,..,..,..,..,..,..,..,..,..,..,..,..,..,..,..,..,..
Poverty headcount ratio at $8.30 a day (2021 PPP) (% of population),SI.POV.UMIC,"Middle East, North Africa, Afghanistan & Pakistan (IDA & IBRD)",TMN,..,..,..,..,..,..,..,..,..,..,..,..,..,..,..,..,..,..,..,..,..,..,..,..,..,..,..,..,..,..,..,..,..,..,..,..,..,..,..,..,..,..,..,..,..,..,..,..,..,..,..,..,..,..,..,..,..,..,..,..,..,..,..,..,..
Poverty headcount ratio at $8.30 a day (2021 PPP) (% of population),SI.POV.UMIC,Middle income,MIC,..,..,..,..,..,..,..,..,..,..,..,..,..,..,..,..,..,..,..,..,..,..,..,..,..,..,..,..,..,..,..,..,..,..,..,..,..,..,..,..,..,..,..,..,..,..,..,..,..,..,..,..,..,..,..,..,..,..,..,..,..,..,..,..,..
Poverty headcount ratio at $8.30 a day (2021 PPP) (% of population),SI.POV.UMIC,North America,NAC,..,..,..,..,..,..,..,..,..,..,..,..,..,..,..,..,..,..,..,..,..,1.7,2.1,2.2,2,1.9,1.9,1.7,1.5,1.5,1.5,1.7,1.8,1.8,1.7,1.6,1.5,1.6,1.6,1.4,1.5,1.7,1.7,1.8,1.8,1.8,1.8,1.7,1.8,1.7,1.9,2,1.9,1.9,2.1,2,1.9,2,1.7,1.6,1.2,0.9,1.9,1.8,1.7
Poverty headcount ratio at $8.30 a day (2021 PPP) (% of population),SI.POV.UMIC,Not classified,INX,..,..,..,..,..,..,..,..,..,..,..,..,..,..,..,..,..,..,..,..,..,..,..,..,..,..,..,..,..,..,..,..,..,..,..,..,..,..,..,..,..,..,..,..,..,..,..,..,..,..,..,..,..,..,..,..,..,..,..,..,..,..,..,..,..
Poverty headcount ratio at $8.30 a day (2021 PPP) (% of population),SI.POV.UMIC,OECD members,OED,..,..,..,..,..,..,..,..,..,..,..,..,..,..,..,..,..,..,..,..,..,..,..,..,..,..,..,..,..,..,..,..,..,..,..,..,..,..,..,..,..,..,..,..,..,..,..,..,..,..,..,..,..,..,..,..,..,..,..,..,..,..,..,..,..
Poverty headcount ratio at $8.30 a day (2021 PPP) (% of population),SI.POV.UMIC,Other small states,OSS,..,..,..,..,..,..,..,..,..,..,..,..,..,..,..,..,..,..,..,..,..,..,..,..,..,..,..,..,..,..,..,..,..,..,..,..,..,..,..,..,..,..,..,..,..,..,..,..,..,..,..,..,..,..,..,..,..,..,..,..,..,..,..,..,..
Poverty headcount ratio at $8.30 a day (2021 PPP) (% of population),SI.POV.UMIC,Pacific island small states,PSS,..,..,..,..,..,..,..,..,..,..,..,..,..,..,..,..,..,..,..,..,..,..,..,..,..,..,..,..,..,..,..,..,..,..,..,..,..,..,..,..,..,..,..,..,..,..,..,..,..,..,..,..,..,..,..,..,..,..,..,..,..,..,..,..,..
Poverty headcount ratio at $8.30 a day (2021 PPP) (% of population),SI.POV.UMIC,Post-demographic dividend,PST,..,..,..,..,..,..,..,..,..,..,..,..,..,..,..,..,..,..,..,..,..,..,..,..,..,..,..,..,..,..,..,..,..,..,..,..,..,..,..,..,..,..,..,..,..,..,..,..,..,..,..,..,..,..,..,..,..,..,..,..,..,..,..,..,..
Poverty headcount ratio at $8.30 a day (2021 PPP) (% of population),SI.POV.UMIC,Pre-demographic dividend,PRE,..,..,..,..,..,..,..,..,..,..,..,..,..,..,..,..,..,..,..,..,..,..,..,..,..,..,..,..,..,..,..,..,..,..,..,..,..,..,..,..,..,..,..,..,..,..,..,..,..,..,..,..,..,..,..,..,..,..,..,..,..,..,..,..,..
Poverty headcount ratio at $8.30 a day (2021 PPP) (% of population),SI.POV.UMIC,Small states,SST,..,..,..,..,..,..,..,..,..,..,..,..,..,..,..,..,..,..,..,..,..,..,..,..,..,..,..,..,..,..,..,..,..,..,..,..,..,..,..,..,..,..,..,..,..,..,..,..,..,..,..,..,..,..,..,..,..,..,..,..,..,..,..,..,..
Poverty headcount ratio at $8.30 a day (2021 PPP) (% of population),SI.POV.UMIC,South Asia,SAS,..,..,..,..,..,..,..,..,..,..,..,..,..,..,..,..,..,..,..,..,..,97.4,97.4,97.1,97.1,96.9,96.9,96.9,96.9,96.9,96.9,97,97,97,96.8,96.6,96.5,..,..,..,..,..,95.7,95.6,95.4,95.1,94.8,94.4,94.3,94,93.1,92,91.2,90.6,89.9,..,..,..,..,..,84.8,83.4,81.4,78.8,76.5
Poverty headcount ratio at $8.30 a day (2021 PPP) (% of population),SI.POV.UMIC,South Asia (IDA & IBRD),TSA,..,..,..,..,..,..,..,..,..,..,..,..,..,..,..,..,..,..,..,..,..,..,..,..,..,..,..,..,..,..,..,..,..,..,..,..,..,..,..,..,..,..,..,..,..,..,..,..,..,..,..,..,..,..,..,..,..,..,..,..,..,..,..,..,..
Poverty headcount ratio at $8.30 a day (2021 PPP) (% of population),SI.POV.UMIC,Sub-Saharan Africa,SSF,..,..,..,..,..,..,..,..,..,..,..,..,..,..,..,..,..,..,..,..,..,..,..,..,..,..,..,..,..,..,90.5,90.8,91.1,91.7,91.8,91.7,91.4,91.3,91.4,91.6,91.7,91.5,91.4,91.5,91.1,90.7,90.1,89.8,89.3,89.2,88.7,88.5,88.2,87.8,87.5,87.4,87.4,87.4,87.5,87.6,88.7,89,89,89.2,89
Poverty headcount ratio at $8.30 a day (2021 PPP) (% of population),SI.POV.UMIC,Sub-Saharan Africa (excluding high income),SSA,..,..,..,..,..,..,..,..,..,..,..,..,..,..,..,..,..,..,..,..,..,..,..,..,..,..,..,..,..,..,..,..,..,..,..,..,..,..,..,..,..,..,..,..,..,..,..,..,..,..,..,..,..,..,..,..,..,..,..,..,..,..,..,..,..
Poverty headcount ratio at $8.30 a day (2021 PPP) (% of population),SI.POV.UMIC,Sub-Saharan Africa (IDA & IBRD countries),TSS,..,..,..,..,..,..,..,..,..,..,..,..,..,..,..,..,..,..,..,..,..,..,..,..,..,..,..,..,..,..,..,..,..,..,..,..,..,..,..,..,..,..,..,..,..,..,..,..,..,..,..,..,..,..,..,..,..,..,..,..,..,..,..,..,..
Poverty headcount ratio at $8.30 a day (2021 PPP) (% of population),SI.POV.UMIC,Upper middle income,UMC,..,..,..,..,..,..,..,..,..,..,..,..,..,..,..,..,..,..,..,..,..,85.7,85.6,86,85.8,85.4,84.2,84.8,84.9,84.5,84.6,84.8,85,84.7,84.1,83,82.6,82.2,81.7,81.7,79.8,78.5,76.6,75.1,72.4,69.7,66.9,64.1,61.8,60,56.9,54,51,46.9,44.3,41.8,39.4,37.5,34.9,33.2,33.6,29.1,28.6,26.4,25.1
Poverty headcount ratio at $8.30 a day (2021 PPP) (% of population),SI.POV.UMIC,World,WLD,..,..,..,..,..,..,..,..,..,..,..,..,..,..,..,..,..,..,..,..,..,69.5,69.7,70,70.1,70.1,69.7,70,70.1,70.1,70.4,70.7,71.1,71.7,71.8,71.2,71.3,70.9,70.8,71.3,70.6,70,69.3,68.7,67.4,66.2,65,63.7,62.6,61.7,60.2,58.9,57.6,55.9,54.8,53.6,52.5,51.6,50.5,..,50.5,48.8,48.3,47.1,46.3
Poverty gap at $8.30 a day (2021 PPP) (%),SI.POV.UMIC.GP,Afghanistan,AFG,..,..,..,..,..,..,..,..,..,..,..,..,..,..,..,..,..,..,..,..,..,..,..,..,..,..,..,..,..,..,..,..,..,..,..,..,..,..,..,..,..,..,..,..,..,..,..,..,..,..,..,..,..,..,..,..,..,..,..,..,..,..,..,..,..
Poverty gap at $8.30 a day (2021 PPP) (%),SI.POV.UMIC.GP,Albania,ALB,..,..,..,..,..,..,..,..,..,..,..,..,..,..,..,..,..,..,..,..,..,..,..,..,..,..,..,..,..,..,..,..,..,..,..,..,18.7,..,..,..,..,..,21.1,..,..,15.6,..,..,11.8,..,..,..,13.4,..,16.2,9.2,9.6,9.3,6.6,5,4.9,..,..,..,..
Poverty gap at $8.30 a day (2021 PPP) (%),SI.POV.UMIC.GP,Algeria,DZA,..,..,..,..,..,..,..,..,..,..,..,..,..,..,..,..,..,..,..,..,..,..,..,..,..,..,..,..,27.6,..,..,..,..,..,..,26.5,..,..,..,..,..,..,..,..,..,..,..,..,..,..,..,11,..,..,..,..,..,..,..,..,..,..,..,..,..
Poverty gap at $8.30 a day (2021 PPP) (%),SI.POV.UMIC.GP,American Samoa,ASM,..,..,..,..,..,..,..,..,..,..,..,..,..,..,..,..,..,..,..,..,..,..,..,..,..,..,..,..,..,..,..,..,..,..,..,..,..,..,..,..,..,..,..,..,..,..,..,..,..,..,..,..,..,..,..,..,..,..,..,..,..,..,..,..,..
Poverty gap at $8.30 a day (2021 PPP) (%),SI.POV.UMIC.GP,Andorra,AND,..,..,..,..,..,..,..,..,..,..,..,..,..,..,..,..,..,..,..,..,..,..,..,..,..,..,..,..,..,..,..,..,..,..,..,..,..,..,..,..,..,..,..,..,..,..,..,..,..,..,..,..,..,..,..,..,..,..,..,..,..,..,..,..,..
Poverty gap at $8.30 a day (2021 PPP) (%),SI.POV.UMIC.GP,Angola,AGO,..,..,..,..,..,..,..,..,..,..,..,..,..,..,..,..,..,..,..,..,..,..,..,..,..,..,..,..,..,..,..,..,..,..,..,..,..,..,..,..,37.1,..,..,..,..,..,..,..,35.1,..,..,..,..,..,..,..,..,..,46.7,..,..,..,..,..,..
Poverty gap at $8.30 a day (2021 PPP) (%),SI.POV.UMIC.GP,Antigua and Barbuda,ATG,..,..,..,..,..,..,..,..,..,..,..,..,..,..,..,..,..,..,..,..,..,..,..,..,..,..,..,..,..,..,..,..,..,..,..,..,..,..,..,..,..,..,..,..,..,..,..,..,..,..,..,..,..,..,..,..,..,..,..,..,..,..,..,..,..
Poverty gap at $8.30 a day (2021 PPP) (%),SI.POV.UMIC.GP,Argentina,ARG,..,..,..,..,..,..,..,..,..,..,..,..,..,..,..,..,..,..,..,..,1.6,..,..,..,..,..,2.4,3.4,..,..,..,5.7,6.1,6.6,6.8,9.4,10.5,9.8,10.9,11.2,12.9,16.6,24.2,14.4,11.7,9.5,7.6,6.7,6.2,5.5,4.6,3.5,3.5,3.3,3.7,..,3.7,3.3,4.2,5,6.2,4.6,4.2,5,4.4
Poverty gap at $8.30 a day (2021 PPP) (%),SI.POV.UMIC.GP,Armenia,ARM,..,..,..,..,..,..,..,..,..,..,..,..,..,..,..,..,..,..,..,..,..,..,..,..,..,..,..,..,..,..,..,..,..,..,..,..,34.5,..,..,40.8,..,42.8,40.5,38.4,31.5,26.1,23,19.7,17.5,21.5,21.9,20.6,19.1,18.5,18,16,15.3,15.7,16.2,17.2,16.2,16.4,17,16.4,..
Poverty gap at $8.30 a day (2021 PPP) (%),SI.POV.UMIC.GP,Aruba,ABW,..,..,..,..,..,..,..,..,..,..,..,..,..,..,..,..,..,..,..,..,..,..,..,..,..,..,..,..,..,..,..,..,..,..,..,..,..,..,..,..,..,..,..,..,..,..,..,..,..,..,..,..,..,..,..,..,..,..,..,..,..,..,..,..,..
Poverty gap at $8.30 a day (2021 PPP) (%),SI.POV.UMIC.GP,Australia,AUS,..,..,..,..,..,..,..,..,..,..,..,..,..,..,..,..,..,..,..,..,..,1.2,..,..,..,1.2,..,..,..,1.1,..,..,..,..,..,1.2,..,..,..,..,..,1,..,1.2,0.8,..,..,..,0.6,..,0.6,..,..,..,0.6,..,0.6,..,0.6,..,1,..,..,..,..
Poverty gap at $8.30 a day (2021 PPP) (%),SI.POV.UMIC.GP,Austria,AUT,..,..,..,..,..,..,..,..,..,..,..,..,..,..,..,..,..,..,..,..,..,..,..,..,..,..,..,..,..,..,..,..,..,..,0.3,0.3,0.2,0.3,0.4,0.3,0.2,..,..,0.4,0.2,0.2,0.2,0.5,0.6,0.7,0.6,0.6,0.7,0.4,0.4,0.7,0.9,0.4,0.7,0.7,0.8,0.6,0.6,0.6,..
Poverty gap at $8.30 a day (2021 PPP) (%),SI.POV.UMIC.GP,Azerbaijan,AZE,..,..,..,..,..,..,..,..,..,..,..,..,..,..,..,..,..,..,..,..,..,..,..,..,..,..,..,..,..,..,..,..,..,..,..,37.1,..,..,..,..,..,30.4,11.9,11.8,10.1,6.5,..,..,..,..,..,..,..,..,..,..,..,..,..,..,..,..,..,..,..
Poverty gap at $8.30 a day (2021 PPP) (%),SI.POV.UMIC.GP,"Bahamas, The",BHS,..,..,..,..,..,..,..,..,..,..,..,..,..,..,..,..,..,..,..,..,..,..,..,..,..,..,..,..,..,..,..,..,..,..,..,..,..,..,..,..,..,..,..,..,..,..,..,..,..,..,..,..,..,..,..,..,..,..,..,..,..,..,..,..,..
Poverty gap at $8.30 a day (2021 PPP) (%),SI.POV.UMIC.GP,Bahrain,BHR,..,..,..,..,..,..,..,..,..,..,..,..,..,..,..,..,..,..,..,..,..,..,..,..,..,..,..,..,..,..,..,..,..,..,..,..,..,..,..,..,..,..,..,..,..,..,..,..,..,..,..,..,..,..,..,..,..,..,..,..,..,..,..,..,..
Poverty gap at $8.30 a day (2021 PPP) (%),SI.POV.UMIC.GP,Bangladesh,BGD,..,..,..,..,..,..,..,..,..,..,..,..,..,..,..,..,..,..,..,..,..,..,..,59.2,..,55.8,..,..,59.5,..,..,59.9,..,..,..,54.3,..,..,..,..,52.8,..,..,..,..,48.4,..,..,..,..,44.9,..,..,..,..,..,40.8,..,..,..,..,..,26.4,..,..
Poverty gap at $8.30 a day (2021 PPP) (%),SI.POV.UMIC.GP,Barbados,BRB,..,..,..,..,..,..,..,..,..,..,..,..,..,..,..,..,..,..,..,..,..,..,..,..,..,..,..,..,..,..,..,..,..,..,..,..,..,..,..,..,..,..,..,..,..,..,..,..,..,..,..,..,..,..,..,..,4.9,..,..,..,..,..,..,..,..
Poverty gap at $8.30 a day (2021 PPP) (%),SI.POV.UMIC.GP,Belarus,BLR,..,..,..,..,..,..,..,..,..,..,..,..,..,..,..,..,..,..,..,..,..,..,..,..,..,..,..,..,..,..,..,..,..,26.9,..,14.3,..,..,52.2,49.2,44.7,34.7,30.3,28,21.2,14,10.1,7.3,5.7,5.4,4,3.2,1.7,1.1,0.9,1.3,1.4,1.1,0.7,0.7,0.4,..,..,..,..
Poverty gap at $8.30 a day (2021 PPP) (%),SI.POV.UMIC.GP,Belgium,BEL,..,..,..,..,..,..,..,..,..,..,..,..,..,..,..,..,..,..,..,..,..,..,..,..,..,0.4,..,..,0.6,..,..,..,0.9,..,..,0.7,..,0.5,..,..,0.5,..,..,0.4,0.1,0.3,0.2,0.2,0.2,0.2,0.2,0.3,0.2,0.2,0.1,0.1,0.1,0.2,0.1,0.1,0.1,0.1,0.1,0.1,..
Poverty gap at $8.30 a day (2021 PPP) (%),SI.POV.UMIC.GP,Belize,BLZ,..,..,..,..,..,..,..,..,..,..,..,..,..,..,..,..,..,..,..,..,..,..,..,..,..,..,..,..,..,..,..,..,..,29.9,31.2,25.2,35.3,36.9,36.1,34.4,..,..,..,..,..,..,..,..,..,..,..,..,..,..,..,..,..,..,6,..,..,..,..,..,..
Poverty gap at $8.30 a day (2021 PPP) (%),SI.POV.UMIC.GP,Benin,BEN,..,..,..,..,..,..,..,..,..,..,..,..,..,..,..,..,..,..,..,..,..,..,..,..,..,..,..,..,..,..,..,..,..,..,..,..,..,..,..,..,..,..,..,67.5,..,..,..,..,..,..,..,65.7,..,..,..,66.7,..,..,48.9,..,..,44,..,..,..
Poverty gap at $8.30 a day (2021 PPP) (%),SI.POV.UMIC.GP,Bermuda,BMU,..,..,..,..,..,..,..,..,..,..,..,..,..,..,..,..,..,..,..,..,..,..,..,..,..,..,..,..,..,..,..,..,..,..,..,..,..,..,..,..,..,..,..,..,..,..,..,..,..,..,..,..,..,..,..,..,..,..,..,..,..,..,..,..,..
Poverty gap at $8.30 a day (2021 PPP) (%),SI.POV.UMIC.GP,Bhutan,BTN,..,..,..,..,..,..,..,..,..,..,..,..,..,..,..,..,..,..,..,..,..,..,..,..,..,..,..,..,..,..,..,..,..,..,..,..,..,..,..,..,..,..,..,37.1,..,..,..,27.5,..,..,..,..,16.6,..,..,..,..,14.1,..,..,..,..,2.1,..,..
Poverty gap at $8.30 a day (2021 PPP) (%),SI.POV.UMIC.GP,Bolivia,BOL,..,..,..,..,..,..,..,..,..,..,..,..,..,..,..,..,..,..,..,..,..,..,..,..,..,..,..,..,..,..,17.3,..,27.4,..,..,..,..,25.5,..,30.8,34.3,29.3,30.8,..,22.4,25.6,22.5,20.5,16.5,14.6,..,11.2,11.8,10.3,9.6,9.7,10.7,10,8.6,6.5,7.4,6.1,6.6,5.8,..
Poverty gap at $8.30 a day (2021 PPP) (%),SI.POV.UMIC.GP,Bosnia and Herzegovina,BIH,..,..,..,..,..,..,..,..,..,..,..,..,..,..,..,..,..,..,..,..,..,..,..,..,..,..,..,..,..,..,..,..,..,..,..,..,..,..,..,..,..,4.7,..,..,2.2,..,..,1.6,..,..,..,2,..,..,..,..,..,..,..,..,..,..,..,..,..
Poverty gap at $8.30 a day (2021 PPP) (%),SI.POV.UMIC.GP,Botswana,BWA,..,..,..,..,..,..,..,..,..,..,..,..,..,..,..,..,..,..,..,..,..,..,..,..,..,54.3,..,..,..,..,..,..,..,48.2,..,..,..,..,..,..,..,..,41.5,..,..,..,..,..,..,31.2,..,..,..,..,..,32.1,..,..,..,..,..,..,..,..,..
Poverty gap at $8.30 a day (2021 PPP) (%),SI.POV.UMIC.GP,Brazil,BRA,..,..,..,..,..,..,..,..,..,..,..,..,..,..,..,..,..,..,..,..,..,38.6,38.5,44.1,43.8,39.9,25.3,33.3,35.4,33.2,37.3,..,37.3,36.3,..,27.8,28.3,28.5,27.2,28.3,..,25.1,24.2,25.1,23.8,22.2,19.7,18.6,16.5,15.6,..,13.5,12.3,11,10.1,10.8,12,12.2,12,12,7.1,12.7,9.9,8.8,..
Poverty gap at $8.30 a day (2021 PPP) (%),SI.POV.UMIC.GP,British Virgin Islands,VGB,..,..,..,..,..,..,..,..,..,..,..,..,..,..,..,..,..,..,..,..,..,..,..,..,..,..,..,..,..,..,..,..,..,..,..,..,..,..,..,..,..,..,..,..,..,..,..,..,..,..,..,..,..,..,..,..,..,..,..,..,..,..,..,..,..
Poverty gap at $8.30 a day (2021 PPP) (%),SI.POV.UMIC.GP,Brunei Darussalam,BRN,..,..,..,..,..,..,..,..,..,..,..,..,..,..,..,..,..,..,..,..,..,..,..,..,..,..,..,..,..,..,..,..,..,..,..,..,..,..,..,..,..,..,..,..,..,..,..,..,..,..,..,..,..,..,..,..,..,..,..,..,..,..,..,..,..
Poverty gap at $8.30 a day (2021 PPP) (%),SI.POV.UMIC.GP,Bulgaria,BGR,..,..,..,..,..,..,..,..,..,..,..,..,..,..,..,..,..,..,..,..,..,..,..,..,..,..,..,..,..,0,..,..,0.6,..,1.5,6,..,18.4,..,..,..,11.9,..,10.2,..,..,13.4,6.4,4.7,4.5,5.9,6.5,6.4,6.2,5,6.9,5.1,4.2,3.3,3.3,1.9,2.5,2.1,1.8,..
Poverty gap at $8.30 a day (2021 PPP) (%),SI.POV.UMIC.GP,Burkina Faso,BFA,..,..,..,..,..,..,..,..,..,..,..,..,..,..,..,..,..,..,..,..,..,..,..,..,..,..,..,..,..,..,..,..,..,..,80.7,..,..,..,78.2,..,..,..,..,66.7,..,..,..,..,..,66.1,..,..,..,..,60.6,..,..,..,53.9,..,..,52.4,..,..,..
Poverty gap at $8.30 a day (2021 PPP) (%),SI.POV.UMIC.GP,Burundi,BDI,..,..,..,..,..,..,..,..,..,..,..,..,..,..,..,..,..,..,..,..,..,..,..,..,..,..,..,..,..,..,..,..,75.9,..,..,..,..,..,78.7,..,..,..,..,..,..,..,73.6,..,..,..,..,..,..,70.7,..,..,..,..,..,..,69.9,..,..,..,..
Poverty gap at $8.30 a day (2021 PPP) (%),SI.POV.UMIC.GP,Cabo Verde,CPV,..,..,..,..,..,..,..,..,..,..,..,..,..,..,..,..,..,..,..,..,..,..,..,..,..,..,..,..,..,..,..,..,..,..,..,..,..,..,..,..,..,45.6,..,..,..,..,..,37.9,..,..,..,..,..,..,..,29,..,..,..,..,..,..,..,..,..
Poverty gap at $8.30 a day (2021 PPP) (%),SI.POV.UMIC.GP,Cambodia,KHM,..,..,..,..,..,..,..,..,..,..,..,..,..,..,..,..,..,..,..,..,..,..,..,..,..,..,..,..,..,..,..,..,..,..,..,..,..,..,..,..,..,..,..,..,..,..,..,..,..,..,..,..,..,..,..,..,..,..,..,..,..,..,..,..,..
Poverty gap at $8.30 a day (2021 PPP) (%),SI.POV.UMIC.GP,Cameroon,CMR,..,..,..,..,..,..,..,..,..,..,..,..,..,..,..,..,..,..,..,..,..,..,..,..,..,..,..,..,..,..,..,..,..,..,..,..,57.6,..,..,..,..,43.4,..,..,..,..,..,45.6,..,..,..,..,..,..,38.1,..,..,..,..,..,..,37.5,..,..,..
Poverty gap at $8.30 a day (2021 PPP) (%),SI.POV.UMIC.GP,Canada,CAN,..,..,..,..,..,..,..,..,..,..,..,3.2,..,2.2,..,1.9,..,1.8,..,1.5,..,1.1,1,..,1.1,0.9,1.2,0.8,0.8,1.3,1.3,1.4,1,1.3,1,0.9,0.6,0.5,0.6,0.6,0.5,0.4,0.4,0.4,0.4,0.5,0.4,0.3,0.4,0.4,0.3,0.4,0.4,0.5,0.5,0.5,0.5,0.4,0.4,0.4,0.2,0.2,..,..,..
Poverty gap at $8.30 a day (2021 PPP) (%),SI.POV.UMIC.GP,Cayman Islands,CYM,..,..,..,..,..,..,..,..,..,..,..,..,..,..,..,..,..,..,..,..,..,..,..,..,..,..,..,..,..,..,..,..,..,..,..,..,..,..,..,..,..,..,..,..,..,..,..,..,..,..,..,..,..,..,..,..,..,..,..,..,..,..,..,..,..
Poverty gap at $8.30 a day (2021 PPP) (%),SI.POV.UMIC.GP,Central African Republic,CAF,..,..,..,..,..,..,..,..,..,..,..,..,..,..,..,..,..,..,..,..,..,..,..,..,..,..,..,..,..,..,..,..,80.5,..,..,..,..,..,..,..,..,..,..,..,..,..,..,..,66,..,..,..,..,..,..,..,..,..,..,..,..,69.2,..,..,..
Poverty gap at $8.30 a day (2021 PPP) (%),SI.POV.UMIC.GP,Chad,TCD,..,..,..,..,..,..,..,..,..,..,..,..,..,..,..,..,..,..,..,..,..,..,..,..,..,..,..,..,..,..,..,..,..,..,..,..,..,..,..,..,..,..,..,66.6,..,..,..,..,..,..,..,53.5,..,..,..,..,..,..,51.9,..,..,..,51.2,..,..
Poverty gap at $8.30 a day (2021 PPP) (%),SI.POV.UMIC.GP,Channel Islands,CHI,..,..,..,..,..,..,..,..,..,..,..,..,..,..,..,..,..,..,..,..,..,..,..,..,..,..,..,..,..,..,..,..,..,..,..,..,..,..,..,..,..,..,..,..,..,..,..,..,..,..,..,..,..,..,..,..,..,..,..,..,..,..,..,..,..
Poverty gap at $8.30 a day (2021 PPP) (%),SI.POV.UMIC.GP,Chile,CHL,..,..,..,..,..,..,..,..,..,..,..,..,..,..,..,..,..,..,..,..,..,..,..,..,..,..,..,32.4,..,..,27.5,..,22.9,..,21.4,..,17.9,..,16.7,..,18.1,..,..,17.5,..,..,10.7,..,..,8.6,..,6.9,..,3.8,..,3,..,2.2,..,..,3.8,..,1.6,..,..
Poverty gap at $8.30 a day (2021 PPP) (%),SI.POV.UMIC.GP,China,CHN,..,..,..,..,..,..,..,..,..,..,..,..,..,..,..,..,..,..,..,..,..,84.2,..,..,79,..,..,74.2,..,..,74.9,..,..,71.7,..,..,63.9,..,..,61.3,..,..,54,..,..,43.9,..,..,37.2,..,32.1,28.6,25.5,19.6,16.9,14.4,12.5,11.5,9.7,7.9,7.6,4.7,5,..,..
Poverty gap at $8.30 a day (2021 PPP) (%),SI.POV.UMIC.GP,Colombia,COL,..,..,..,..,..,..,..,..,..,..,..,..,..,..,..,..,..,..,..,..,35.9,..,..,..,..,..,..,..,29.9,30.2,..,28.1,28,..,..,..,35.3,..,..,38.4,34.7,39.6,31.6,31.1,30.5,27.8,..,..,25.9,24.6,22.7,20.7,19.8,18.5,17.2,16.5,16.3,15.8,15.9,16.8,22.1,19.4,17.1,15.4,..
Poverty gap at $8.30 a day (2021 PPP) (%),SI.POV.UMIC.GP,Comoros,COM,..,..,..,..,..,..,..,..,..,..,..,..,..,..,..,..,..,..,..,..,..,..,..,..,..,..,..,..,..,..,..,..,..,..,..,..,..,..,..,..,..,..,..,..,40,..,..,..,..,..,..,..,..,..,41.9,..,..,..,..,..,..,..,..,..,..
Poverty gap at $8.30 a day (2021 PPP) (%),SI.POV.UMIC.GP,"Congo, Dem. Rep.",COD,..,..,..,..,..,..,..,..,..,..,..,..,..,..,..,..,..,..,..,..,..,..,..,..,..,..,..,..,..,..,..,..,..,..,..,..,..,..,..,..,..,..,..,..,86.6,..,..,..,..,..,..,..,73.8,..,..,..,..,..,..,..,78,..,..,..,..
Poverty gap at $8.30 a day (2021 PPP) (%),SI.POV.UMIC.GP,"Congo, Rep.",COG,..,..,..,..,..,..,..,..,..,..,..,..,..,..,..,..,..,..,..,..,..,..,..,..,..,..,..,..,..,..,..,..,..,..,..,..,..,..,..,..,..,..,..,..,..,57.5,..,..,..,..,..,47.7,..,..,..,..,..,..,..,..,..,..,..,..,..
Poverty gap at $8.30 a day (2021 PPP) (%),SI.POV.UMIC.GP,Costa Rica,CRI,..,..,..,..,..,..,..,..,..,..,..,..,..,..,..,..,..,..,..,..,..,42.3,..,..,..,..,31.9,..,..,24.2,23.2,26.7,24,20.3,17.4,18.1,20.2,18,15.2,17.1,17.3,13.3,12.9,12.4,12.6,11.1,10.9,8.4,8.3,8.2,6.4,6.8,6.3,6.4,6.2,6.1,5.8,5.1,5.8,5.3,8.4,5.7,5.4,4.9,3.9
Poverty gap at $8.30 a day (2021 PPP) (%),SI.POV.UMIC.GP,Cote d'Ivoire,CIV,..,..,..,..,..,..,..,..,..,..,..,..,..,..,..,..,..,..,..,..,..,..,..,..,..,26.7,28.2,33.4,40.2,..,..,..,49.8,..,..,50.1,..,..,53.9,..,..,..,53.1,..,..,..,..,..,54.5,..,..,..,..,..,..,54.7,..,..,38.6,..,..,38.6,..,..,..
Poverty gap at $8.30 a day (2021 PPP) (%),SI.POV.UMIC.GP,Croatia,HRV,..,..,..,..,..,..,..,..,..,..,..,..,..,..,..,..,..,..,..,..,..,..,..,..,..,..,..,..,0,..,..,..,..,..,..,..,..,..,0.1,0.4,0.3,0.6,..,..,0.2,..,..,..,0.2,2.3,2.9,2.9,3.1,3.1,2.7,2.2,1.9,1.7,1.2,0.9,0.9,0.7,0.8,0.7,..
Poverty gap at $8.30 a day (2021 PPP) (%),SI.POV.UMIC.GP,Cuba,CUB,..,..,..,..,..,..,..,..,..,..,..,..,..,..,..,..,..,..,..,..,..,..,..,..,..,..,..,..,..,..,..,..,..,..,..,..,..,..,..,..,..,..,..,..,..,..,..,..,..,..,..,..,..,..,..,..,..,..,..,..,..,..,..,..,..
Poverty gap at $8.30 a day (2021 PPP) (%),SI.POV.UMIC.GP,Curacao,CUW,..,..,..,..,..,..,..,..,..,..,..,..,..,..,..,..,..,..,..,..,..,..,..,..,..,..,..,..,..,..,..,..,..,..,..,..,..,..,..,..,..,..,..,..,..,..,..,..,..,..,..,..,..,..,..,..,..,..,..,..,..,..,..,..,..
Poverty gap at $8.30 a day (2021 PPP) (%),SI.POV.UMIC.GP,Cyprus,CYP,..,..,..,..,..,..,..,..,..,..,..,..,..,..,..,..,..,..,..,..,..,..,..,..,..,..,..,..,..,..,..,..,..,..,..,..,..,..,..,..,..,..,..,..,0.1,0.1,0,0,0,0.1,0.1,0.1,0,0.2,0.2,0.1,0.1,0,0.1,0.2,0.1,0,0,0,..
Poverty gap at $8.30 a day (2021 PPP) (%),SI.POV.UMIC.GP,Czechia,CZE,..,..,..,..,..,..,..,..,..,..,..,..,..,..,..,..,..,..,..,..,..,..,..,..,..,..,..,..,..,..,..,..,0.2,0,..,..,0.5,..,..,..,..,..,0.2,..,0.4,0.2,0.2,0.2,0.2,0.2,0.3,0.2,0.3,0.2,0.2,0.1,0.2,0.2,0.1,0.1,0.1,0.1,0.1,0.2,..
Poverty gap at $8.30 a day (2021 PPP) (%),SI.POV.UMIC.GP,Denmark,DNK,..,..,..,..,..,..,..,..,..,..,..,..,..,..,..,..,..,..,..,..,..,..,..,..,..,..,..,0.8,..,..,..,..,0.7,..,..,0.1,..,..,..,..,0.1,..,..,0.3,0.3,0.3,0.2,0.3,0.4,0.6,0.1,0.2,0.1,0.4,0.3,0.3,0.3,0.2,0.2,0.3,0.2,0.2,0.3,0.4,..
Poverty gap at $8.30 a day (2021 PPP) (%),SI.POV.UMIC.GP,Djibouti,DJI,..,..,..,..,..,..,..,..,..,..,..,..,..,..,..,..,..,..,..,..,..,..,..,..,..,..,..,..,..,..,..,..,..,..,..,..,..,..,..,..,..,..,45.2,..,..,..,..,..,..,..,..,..,40,44,..,..,..,40.4,..,..,..,..,..,..,..
Poverty gap at $8.30 a day (2021 PPP) (%),SI.POV.UMIC.GP,Dominica,DMA,..,..,..,..,..,..,..,..,..,..,..,..,..,..,..,..,..,..,..,..,..,..,..,..,..,..,..,..,..,..,..,..,..,..,..,..,..,..,..,..,..,..,..,..,..,..,..,..,..,..,..,..,..,..,..,..,..,..,..,..,..,..,..,..,..
Poverty gap at $8.30 a day (2021 PPP) (%),SI.POV.UMIC.GP,Dominican Republic,DOM,..,..,..,..,..,..,..,..,..,..,..,..,..,..,..,..,..,..,..,..,..,..,..,..,..,..,15.3,..,..,31.1,..,..,21.2,..,..,..,16.8,15.7,..,..,16,15.5,16.5,20.5,25,19.5,17.4,17.1,17.5,16,15.9,14.6,14.5,14,11.7,10,9.2,7,5.9,5.2,6.5,6.2,5.6,5,3.9
Poverty gap at $8.30 a day (2021 PPP) (%),SI.POV.UMIC.GP,Ecuador,ECU,..,..,..,..,..,..,..,..,..,..,..,..,..,..,..,..,..,..,..,..,..,..,..,..,..,..,..,30.5,..,..,..,..,..,..,33.1,31.7,..,..,33.1,36.7,43.5,..,..,28.8,29.6,24.2,20.3,19.9,18.7,18.4,16,13.8,12.7,11.8,10.3,10.9,10.7,10.2,10.7,11.3,14.8,12,11.2,11.4,13.3
Poverty gap at $8.30 a day (2021 PPP) (%),SI.POV.UMIC.GP,"Egypt, Arab Rep.",EGY,..,..,..,..,..,..,..,..,..,..,..,..,..,..,..,..,..,..,..,..,..,..,..,..,..,..,..,..,..,..,28.2,..,..,..,..,28.7,..,..,..,20.5,..,..,..,..,25.6,..,..,..,24.8,..,19.4,..,17.1,..,..,16.1,..,22.1,..,19.2,..,16.4,..,..,..
Poverty gap at $8.30 a day (2021 PPP) (%),SI.POV.UMIC.GP,El Salvador,SLV,..,..,..,..,..,..,..,..,..,..,..,..,..,..,..,..,..,..,..,..,..,..,..,..,..,..,..,..,..,33.6,..,38.6,..,..,..,30.8,32,..,34.5,31.5,27.2,28.5,28.7,29.8,26.7,26.5,23.9,21.2,24.3,24,23,22.6,20.9,18.7,18.5,16.6,16.4,14.8,13.4,11.2,..,12.3,11.9,10.6,..
Poverty gap at $8.30 a day (2021 PPP) (%),SI.POV.UMIC.GP,Equatorial Guinea,GNQ,..,..,..,..,..,..,..,..,..,..,..,..,..,..,..,..,..,..,..,..,..,..,..,..,..,..,..,..,..,..,..,..,..,..,..,..,..,..,..,..,..,..,..,..,..,..,..,..,..,..,..,..,..,..,..,..,..,..,..,..,..,..,23.3,..,..
Poverty gap at $8.30 a day (2021 PPP) (%),SI.POV.UMIC.GP,Eritrea,ERI,..,..,..,..,..,..,..,..,..,..,..,..,..,..,..,..,..,..,..,..,..,..,..,..,..,..,..,..,..,..,..,..,..,..,..,..,..,..,..,..,..,..,..,..,..,..,..,..,..,..,..,..,..,..,..,..,..,..,..,..,..,..,..,..,..
Poverty gap at $8.30 a day (2021 PPP) (%),SI.POV.UMIC.GP,Estonia,EST,..,..,..,..,..,..,..,..,..,..,..,..,..,..,..,..,..,..,..,..,..,..,..,..,..,..,..,..,..,..,..,..,..,12.4,..,12.3,..,..,9.8,..,11.1,11.9,11.4,7.6,4.8,3.2,2.1,1.4,1.3,1.7,2.5,2.2,2,2.2,1.9,1.2,0.9,0.7,0.6,0.9,0.7,0.5,0.9,0.6,..
Poverty gap at $8.30 a day (2021 PPP) (%),SI.POV.UMIC.GP,Eswatini,SWZ,..,..,..,..,..,..,..,..,..,..,..,..,..,..,..,..,..,..,..,..,..,..,..,..,..,..,..,..,..,..,..,..,..,..,83,..,..,..,..,..,62.8,..,..,..,..,..,..,..,..,59.2,..,..,..,..,..,..,49.1,..,..,..,..,..,..,..,..
Poverty gap at $8.30 a day (2021 PPP) (%),SI.POV.UMIC.GP,Ethiopia,ETH,..,..,..,..,..,..,..,..,..,..,..,..,..,..,..,..,..,..,..,..,..,..,..,..,..,..,..,..,..,..,..,..,..,..,..,69.2,..,..,..,65.5,..,..,..,..,55.3,..,..,..,..,..,52.6,..,..,..,..,49,..,..,..,..,..,52.5,..,..,..
Poverty gap at $8.30 a day (2021 PPP) (%),SI.POV.UMIC.GP,Faroe Islands,FRO,..,..,..,..,..,..,..,..,..,..,..,..,..,..,..,..,..,..,..,..,..,..,..,..,..,..,..,..,..,..,..,..,..,..,..,..,..,..,..,..,..,..,..,..,..,..,..,..,..,..,..,..,..,..,..,..,..,..,..,..,..,..,..,..,..
Poverty gap at $8.30 a day (2021 PPP) (%),SI.POV.UMIC.GP,Fiji,FJI,..,..,..,..,..,..,..,..,..,..,..,..,..,..,..,..,..,..,..,..,..,..,..,..,..,..,..,..,..,..,..,..,..,..,..,..,..,..,..,..,..,..,18.6,..,..,..,..,..,15.6,..,..,..,..,14.1,..,..,..,..,..,20.9,..,..,..,..,..
Poverty gap at $8.30 a day (2021 PPP) (%),SI.POV.UMIC.GP,Finland,FIN,..,..,..,..,..,..,..,..,..,..,..,..,..,..,..,..,..,..,..,..,..,..,..,..,..,..,..,0.1,..,..,..,0.1,..,..,..,0.1,..,..,..,..,0.1,..,..,0.1,0.1,0.1,0.1,0.1,0.1,0.1,0.1,0.1,0.1,0.1,0.1,0.1,0.1,0.1,0.1,0.1,0,0.1,0.1,0.3,..
Poverty gap at $8.30 a day (2021 PPP) (%),SI.POV.UMIC.GP,France,FRA,..,..,..,..,..,..,..,..,..,..,1,..,..,..,..,0.9,..,..,..,0.6,..,..,..,..,0.6,..,..,..,..,..,0.2,..,..,..,..,..,0.3,0.3,0.2,0.2,0.2,0.1,0.1,0.2,0.1,0.1,0.1,0,0.1,0.2,0.2,0.1,0.1,0.1,0.1,0.2,0.1,0,0.1,0.2,0.2,0.2,0.1,0.1,..
Poverty gap at $8.30 a day (2021 PPP) (%),SI.POV.UMIC.GP,French Polynesia,PYF,..,..,..,..,..,..,..,..,..,..,..,..,..,..,..,..,..,..,..,..,..,..,..,..,..,..,..,..,..,..,..,..,..,..,..,..,..,..,..,..,..,..,..,..,..,..,..,..,..,..,..,..,..,..,..,..,..,..,..,..,..,..,..,..,..
Poverty gap at $8.30 a day (2021 PPP) (%),SI.POV.UMIC.GP,Gabon,GAB,..,..,..,..,..,..,..,..,..,..,..,..,..,..,..,..,..,..,..,..,..,..,..,..,..,..,..,..,..,..,..,..,..,..,..,..,..,..,..,..,..,..,..,..,..,22.7,..,..,..,..,..,..,..,..,..,..,..,11.2,..,..,..,..,..,..,..
Poverty gap at $8.30 a day (2021 PPP) (%),SI.POV.UMIC.GP,"Gambia, The",GMB,..,..,..,..,..,..,..,..,..,..,..,..,..,..,..,..,..,..,..,..,..,..,..,..,..,..,..,..,..,..,..,..,..,..,..,..,..,..,73.1,..,..,..,..,58,..,..,..,..,..,..,46.4,..,..,..,..,36,..,..,..,..,37.7,..,..,..,..
Poverty gap at $8.30 a day (2021 PPP) (%),SI.POV.UMIC.GP,Georgia,GEO,..,..,..,..,..,..,..,..,..,..,..,..,..,..,..,..,..,..,..,..,..,..,..,..,..,..,..,..,..,..,..,..,..,..,..,..,24.4,41.1,40.5,45.6,47.3,48.9,37.9,37.8,36,37.4,37.9,39.3,36.4,36.6,37.5,36.2,33.1,29.3,26.9,25.9,25.6,25.3,25,24.5,27.1,25.2,21,17.3,15
Poverty gap at $8.30 a day (2021 PPP) (%),SI.POV.UMIC.GP,Germany,DEU,..,..,..,..,..,..,..,..,..,..,..,..,..,..,..,..,..,..,..,..,..,..,..,..,..,..,..,..,..,..,..,0.1,0.1,0.1,0.3,0.3,0.1,0.2,0.1,0.1,0.1,0.1,0.1,0.2,0.1,0.1,0.1,0.1,0.1,0.1,0.2,0.1,0.1,0.1,0.2,0.1,0.1,0.3,0.2,0.3,0.3,..,..,..,..
Poverty gap at $8.30 a day (2021 PPP) (%),SI.POV.UMIC.GP,Ghana,GHA,..,..,..,..,..,..,..,..,..,..,..,..,..,..,..,..,..,..,..,..,..,..,..,..,..,..,..,72.5,72,..,..,74.1,..,..,..,..,..,..,66,..,..,..,..,..,..,63,..,..,..,..,..,..,50.6,..,..,..,49,..,..,..,..,..,..,..,..
Poverty gap at $8.30 a day (2021 PPP) (%),SI.POV.UMIC.GP,Gibraltar,GIB,..,..,..,..,..,..,..,..,..,..,..,..,..,..,..,..,..,..,..,..,..,..,..,..,..,..,..,..,..,..,..,..,..,..,..,..,..,..,..,..,..,..,..,..,..,..,..,..,..,..,..,..,..,..,..,..,..,..,..,..,..,..,..,..,..
Poverty gap at $8.30 a day (2021 PPP) (%),SI.POV.UMIC.GP,Greece,GRC,..,..,..,..,..,..,..,..,..,..,..,..,..,..,..,..,..,..,..,..,..,..,..,..,..,..,..,..,..,..,..,..,..,..,..,2.8,..,..,..,..,1,..,1,0.9,1.1,0.8,1.1,0.9,0.7,0.9,1.5,2.6,3.5,3.5,3.7,3.7,2.8,2.3,1.2,1.8,1.9,1.4,1.2,1.1,..
Poverty gap at $8.30 a day (2021 PPP) (%),SI.POV.UMIC.GP,Greenland,GRL,..,..,..,..,..,..,..,..,..,..,..,..,..,..,..,..,..,..,..,..,..,..,..,..,..,..,..,..,..,..,..,..,..,..,..,..,..,..,..,..,..,..,..,..,..,..,..,..,..,..,..,..,..,..,..,..,..,..,..,..,..,..,..,..,..
Poverty gap at $8.30 a day (2021 PPP) (%),SI.POV.UMIC.GP,Grenada,GRD,..,..,..,..,..,..,..,..,..,..,..,..,..,..,..,..,..,..,..,..,..,..,..,..,..,..,..,..,..,..,..,..,..,..,..,..,..,..,..,..,..,..,..,..,..,..,..,..,..,..,..,..,..,..,..,..,..,..,6.1,..,..,..,..,..,..
Poverty gap at $8.30 a day (2021 PPP) (%),SI.POV.UMIC.GP,Guam,GUM,..,..,..,..,..,..,..,..,..,..,..,..,..,..,..,..,..,..,..,..,..,..,..,..,..,..,..,..,..,..,..,..,..,..,..,..,..,..,..,..,..,..,..,..,..,..,..,..,..,..,..,..,..,..,..,..,..,..,..,..,..,..,..,..,..
Poverty gap at $8.30 a day (2021 PPP) (%),SI.POV.UMIC.GP,Guatemala,GTM,..,..,..,..,..,..,..,..,..,..,..,..,..,..,..,..,..,..,..,..,..,..,..,..,..,..,52.5,..,..,41.6,..,..,..,..,..,..,..,..,21.2,..,17.1,..,..,..,..,..,17.9,..,..,..,..,..,..,..,18.3,..,..,..,..,..,..,..,..,19.5,..
Poverty gap at $8.30 a day (2021 PPP) (%),SI.POV.UMIC.GP,Guinea,GIN,..,..,..,..,..,..,..,..,..,..,..,..,..,..,..,..,..,..,..,..,..,..,..,..,..,..,..,..,..,..,..,81,..,..,46.7,..,..,..,..,..,..,..,56.1,..,..,..,..,52.2,..,..,..,..,39.7,..,..,..,..,..,31.4,..,..,..,..,..,..
Poverty gap at $8.30 a day (2021 PPP) (%),SI.POV.UMIC.GP,Guinea-Bissau,GNB,..,..,..,..,..,..,..,..,..,..,..,..,..,..,..,..,..,..,..,..,..,..,..,..,..,..,..,..,..,..,..,56.2,..,58.5,..,..,..,..,..,..,..,..,66.9,..,..,..,..,..,..,..,70.9,..,..,..,..,..,..,..,49.3,..,..,51.7,..,..,..
Poverty gap at $8.30 a day (2021 PPP) (%),SI.POV.UMIC.GP,Guyana,GUY,..,..,..,..,..,..,..,..,..,..,..,..,..,..,..,..,..,..,..,..,..,..,..,..,..,..,..,..,..,..,..,..,45.2,..,..,..,..,..,23.6,..,..,..,..,..,..,..,..,..,..,..,..,..,..,..,..,..,..,..,..,..,..,..,..,..,..
Poverty gap at $8.30 a day (2021 PPP) (%),SI.POV.UMIC.GP,Haiti,HTI,..,..,..,..,..,..,..,..,..,..,..,..,..,..,..,..,..,..,..,..,..,..,..,..,..,..,..,..,..,..,..,..,..,..,..,..,..,..,..,..,..,71.5,..,..,..,..,..,..,..,..,..,..,50.6,..,..,..,..,..,..,..,..,..,..,..,..
Poverty gap at $8.30 a day (2021 PPP) (%),SI.POV.UMIC.GP,Honduras,HND,..,..,..,..,..,..,..,..,..,..,..,..,..,..,..,..,..,..,..,..,..,..,..,..,..,..,..,..,..,53.7,55.7,49.3,45.9,40.7,41.7,42.7,45.2,36.9,39.3,40.1,..,32.8,36.6,40.4,39.6,38.2,34,30.3,28.7,26,27.9,28.3,32.3,29.7,28.7,28.6,28,27.7,27.7,27,..,..,..,26.1,23.4
Poverty gap at $8.30 a day (2021 PPP) (%),SI.POV.UMIC.GP,"Hong Kong SAR, China",HKG,..,..,..,..,..,..,..,..,..,..,..,..,..,..,..,..,..,..,..,..,..,..,..,..,..,..,..,..,..,..,..,..,..,..,..,..,..,..,..,..,..,..,..,..,..,..,..,..,..,..,..,..,..,..,..,..,..,..,..,..,..,..,..,..,..
Poverty gap at $8.30 a day (2021 PPP) (%),SI.POV.UMIC.GP,Hungary,HUN,..,..,..,..,..,..,..,..,..,..,..,..,..,..,..,..,..,..,..,..,..,..,..,..,..,..,..,0,..,8.9,..,3.7,..,1.6,4.8,..,..,..,5.1,3.8,4.7,3.1,2.6,3.2,2.2,3.2,1.5,1.5,1.3,1.5,2,2.1,3.1,2.9,2.5,2,2.1,2,..,..,..,..,..,..,..
Poverty gap at $8.30 a day (2021 PPP) (%),SI.POV.UMIC.GP,Iceland,ISL,..,..,..,..,..,..,..,..,..,..,..,..,..,..,..,..,..,..,..,..,..,..,..,..,..,..,..,..,..,..,..,..,..,..,..,..,..,..,..,..,..,..,..,0.1,0.2,0.1,0.2,0.1,0.1,0.1,0.2,0.3,0.1,0.1,0,0.1,0.1,0,0.3,0.2,..,..,..,..,..
Poverty gap at $8.30 a day (2021 PPP) (%),SI.POV.UMIC.GP,India,IND,..,..,..,..,..,..,..,..,..,..,..,..,..,..,..,..,..,63.2,..,..,..,..,..,59.9,..,..,..,60,..,..,..,..,..,58.3,..,..,..,..,..,..,..,..,..,..,57.2,..,..,..,..,52.5,..,48.1,..,..,..,..,..,..,..,..,..,..,31.1,..,..
Poverty gap at $8.30 a day (2021 PPP) (%),SI.POV.UMIC.GP,Indonesia,IDN,..,..,..,..,..,..,..,..,..,..,..,..,..,..,..,..,..,..,..,..,..,..,..,..,76.5,..,..,76.2,..,..,71.2,..,..,70.9,..,..,65.9,..,73.8,65.4,65,63.3,56.6,56.1,56.1,54.4,56.8,52.9,51.6,51.6,47.7,45.2,42.8,42.2,41.1,39.6,35.9,33,30.7,29.6,28.6,27.3,27.6,26.7,25.5
Poverty gap at $8.30 a day (2021 PPP) (%),SI.POV.UMIC.GP,"Iran, Islamic Rep.",IRN,..,..,..,..,..,..,..,..,..,..,..,..,..,..,..,..,..,..,..,..,..,..,..,..,..,..,32.7,..,..,..,33.8,..,..,..,28.2,..,..,..,26.6,..,..,..,..,..,..,13.4,13.9,..,..,13.2,..,11.8,11,11.7,13.3,13,13,12.1,13.5,16.1,16.5,14.1,12.3,11.3,..
Poverty gap at $8.30 a day (2021 PPP) (%),SI.POV.UMIC.GP,Iraq,IRQ,..,..,..,..,..,..,..,..,..,..,..,..,..,..,..,..,..,..,..,..,..,..,..,..,..,..,..,..,..,..,..,..,..,..,..,..,..,..,..,..,..,..,..,..,..,..,8.4,..,..,..,..,..,8,..,..,..,..,..,..,..,..,..,..,6.6,..
Poverty gap at $8.30 a day (2021 PPP) (%),SI.POV.UMIC.GP,Ireland,IRL,..,..,..,..,..,..,..,..,..,..,..,..,..,..,..,..,..,..,..,..,..,..,..,..,..,..,..,3.6,..,..,..,..,..,..,0.8,0.8,0.7,..,..,..,0.3,..,0.6,0.3,0.2,0.1,0.4,0.3,0.5,0.9,1,0.9,0.7,1,0.7,0.6,0.5,0.3,0.1,0.1,0.2,0.2,0.2,0.1,..
Poverty gap at $8.30 a day (2021 PPP) (%),SI.POV.UMIC.GP,Isle of Man,IMN,..,..,..,..,..,..,..,..,..,..,..,..,..,..,..,..,..,..,..,..,..,..,..,..,..,..,..,..,..,..,..,..,..,..,..,..,..,..,..,..,..,..,..,..,..,..,..,..,..,..,..,..,..,..,..,..,..,..,..,..,..,..,..,..,..
Poverty gap at $8.30 a day (2021 PPP) (%),SI.POV.UMIC.GP,Israel,ISR,..,..,..,..,..,..,..,..,..,..,..,..,..,..,..,..,..,..,..,3,..,..,..,..,..,..,3.5,..,..,..,..,..,1.5,..,..,..,..,2.2,..,..,..,1.5,3.2,3.4,3.9,3.5,3.2,2.7,2.8,3.3,2.7,2.7,2.6,2,2.1,1.9,1.6,1.8,1.4,1.8,1.5,1.4,..,..,..
Poverty gap at $8.30 a day (2021 PPP) (%),SI.POV.UMIC.GP,Italy,ITA,..,..,..,..,..,..,..,..,..,..,..,..,..,..,..,..,..,1.3,1.5,1.3,0.8,0.7,0.4,0.6,0.7,..,0.8,1.5,..,0.2,..,0.7,..,2.1,..,1.5,..,..,2.4,..,1.9,..,1.8,1.2,1,1,0.9,1,1.1,1.2,1.7,1.6,1.8,2,1.8,2.4,2.2,2,2,1.4,1.2,1,0.8,1.1,..
Poverty gap at $8.30 a day (2021 PPP) (%),SI.POV.UMIC.GP,Jamaica,JAM,..,..,..,..,..,..,..,..,..,..,..,..,..,..,..,..,..,..,..,..,..,..,..,..,..,..,..,..,25.8,..,27.1,..,..,36.5,..,..,23,..,..,16.4,..,..,17.8,..,15.4,..,..,..,..,..,..,..,..,..,..,..,..,..,4.6,..,..,7,..,..,..
Poverty gap at $8.30 a day (2021 PPP) (%),SI.POV.UMIC.GP,Japan,JPN,..,..,..,..,..,..,..,..,..,..,..,..,..,..,..,..,..,..,..,..,..,..,..,..,..,..,..,..,..,..,..,..,..,..,..,..,..,..,..,..,..,..,..,..,..,..,..,..,1.8,1.4,0.9,1.1,1.5,1.6,0.9,0.7,1.1,1,1.6,1.8,1.5,..,..,..,..
Poverty gap at $8.30 a day (2021 PPP) (%),SI.POV.UMIC.GP,Jordan,JOR,..,..,..,..,..,..,..,..,..,..,..,..,..,..,..,..,..,..,..,..,..,..,..,..,..,..,4.7,..,..,..,..,..,14.1,..,..,..,..,12.7,..,..,..,..,9,..,..,..,5.1,..,4.4,..,3.1,..,..,..,..,..,..,..,..,..,..,..,..,..,..
Poverty gap at $8.30 a day (2021 PPP) (%),SI.POV.UMIC.GP,Kazakhstan,KAZ,..,..,..,..,..,..,..,..,..,..,..,..,..,..,..,..,..,..,..,..,..,..,..,..,..,..,..,..,..,..,..,..,..,31.2,..,..,30.5,..,..,..,..,36.4,33.6,29.8,26.2,28.6,16.7,11.4,10.5,10.9,8.7,4.7,4.6,3.2,3.5,4.1,6,4.5,3.3,3.4,3.1,2.4,..,..,..
Poverty gap at $8.30 a day (2021 PPP) (%),SI.POV.UMIC.GP,Kenya,KEN,..,..,..,..,..,..,..,..,..,..,..,..,..,..,..,..,..,..,..,..,..,..,..,..,..,..,..,..,..,..,..,..,41.2,..,45,..,..,44,..,..,..,..,..,..,..,52,..,..,..,..,..,..,..,..,..,48,..,..,..,..,53.6,54.3,53.9,..,..
Poverty gap at $8.30 a day (2021 PPP) (%),SI.POV.UMIC.GP,Kiribati,KIR,..,..,..,..,..,..,..,..,..,..,..,..,..,..,..,..,..,..,..,..,..,..,..,..,..,..,..,..,..,..,..,..,..,..,..,..,..,..,..,..,..,..,..,..,..,..,38.7,..,..,..,..,..,..,..,..,..,..,..,..,28.1,..,..,..,..,..
Poverty gap at $8.30 a day (2021 PPP) (%),SI.POV.UMIC.GP,"Korea, Dem. People's Rep.",PRK,..,..,..,..,..,..,..,..,..,..,..,..,..,..,..,..,..,..,..,..,..,..,..,..,..,..,..,..,..,..,..,..,..,..,..,..,..,..,..,..,..,..,..,..,..,..,..,..,..,..,..,..,..,..,..,..,..,..,..,..,..,..,..,..,..
Poverty gap at $8.30 a day (2021 PPP) (%),SI.POV.UMIC.GP,"Korea, Rep.",KOR,..,..,..,..,..,..,..,..,..,..,..,..,..,..,..,..,..,..,..,..,..,..,..,..,..,..,..,..,..,..,..,..,..,..,..,..,..,..,..,..,..,..,..,..,..,..,0.9,..,0.9,..,1.1,..,0.8,..,0.7,..,0.4,0.4,0.3,0.2,0.2,0.2,..,..,..
Poverty gap at $8.30 a day (2021 PPP) (%),SI.POV.UMIC.GP,Kosovo,XKX,..,..,..,..,..,..,..,..,..,..,..,..,..,..,..,..,..,..,..,..,..,..,..,..,..,..,..,..,..,..,..,..,..,..,..,..,..,..,..,..,..,..,..,34.1,..,34,34.4,..,..,29.2,28.9,26.5,19.3,17,17.8,15.8,15.3,23.4,28.1,16.5,20.7,27.2,17,..,..
Poverty gap at $8.30 a day (2021 PPP) (%),SI.POV.UMIC.GP,Kuwait,KWT,..,..,..,..,..,..,..,..,..,..,..,..,..,..,..,..,..,..,..,..,..,..,..,..,..,..,..,..,..,..,..,..,..,..,..,..,..,..,..,..,..,..,..,..,..,..,..,..,..,..,..,..,..,..,..,..,..,..,..,..,..,..,..,..,..
Poverty gap at $8.30 a day (2021 PPP) (%),SI.POV.UMIC.GP,Kyrgyz Republic,KGZ,..,..,..,..,..,..,..,..,..,..,..,..,..,..,..,..,..,..,..,..,..,..,..,..,..,..,..,..,..,..,..,..,..,..,..,..,..,..,52.1,..,65.2,63.3,62.4,60.5,46.4,50.3,41.1,41.2,34.8,33.2,35.5,34.6,36,37.4,34.3,36.5,34.3,34.2,31.1,29.7,33.4,29.3,28.2,24.7,..
Poverty gap at $8.30 a day (2021 PPP) (%),SI.POV.UMIC.GP,Lao PDR,LAO,..,..,..,..,..,..,..,..,..,..,..,..,..,..,..,..,..,..,..,..,..,..,..,..,..,..,..,..,..,..,..,..,52.3,..,..,..,..,62.6,..,..,..,..,54.3,..,..,..,..,50,..,..,..,..,39.8,..,..,..,..,..,33.8,..,..,..,..,..,..
Poverty gap at $8.30 a day (2021 PPP) (%),SI.POV.UMIC.GP,Latvia,LVA,..,..,..,..,..,..,..,..,..,..,..,..,..,..,..,..,..,..,..,..,..,..,..,..,..,..,..,..,..,..,..,..,..,13.1,..,10.5,11.7,14.6,12.9,..,..,..,7.2,5.5,8.1,7.5,4.1,2.5,3.3,5.2,5.2,4.5,4.1,3.5,2.9,2.1,1.9,1.9,1.3,1.1,1.1,1,1,1,..
Poverty gap at $8.30 a day (2021 PPP) (%),SI.POV.UMIC.GP,Lebanon,LBN,..,..,..,..,..,..,..,..,..,..,..,..,..,..,..,..,..,..,..,..,..,..,..,..,..,..,..,..,..,..,..,..,..,..,..,..,..,..,..,..,..,..,..,..,..,..,..,..,..,..,..,1.2,..,..,..,..,..,..,..,..,..,..,19.5,..,..
Poverty gap at $8.30 a day (2021 PPP) (%),SI.POV.UMIC.GP,Lesotho,LSO,..,..,..,..,..,..,..,..,..,..,..,..,..,..,..,..,..,..,..,..,..,..,..,..,..,..,63.8,..,..,..,..,..,..,..,61.1,..,..,..,..,..,..,..,72.5,..,..,..,..,..,..,..,..,..,..,..,..,..,..,49.2,..,..,..,..,..,..,..
Poverty gap at $8.30 a day (2021 PPP) (%),SI.POV.UMIC.GP,Liberia,LBR,..,..,..,..,..,..,..,..,..,..,..,..,..,..,..,..,..,..,..,..,..,..,..,..,..,..,..,..,..,..,..,..,..,..,..,..,..,..,..,..,..,..,..,..,..,..,..,63.6,..,..,..,..,..,..,47.1,..,47.4,..,..,..,..,..,..,..,..
Poverty gap at $8.30 a day (2021 PPP) (%),SI.POV.UMIC.GP,Libya,LBY,..,..,..,..,..,..,..,..,..,..,..,..,..,..,..,..,..,..,..,..,..,..,..,..,..,..,..,..,..,..,..,..,..,..,..,..,..,..,..,..,..,..,..,..,..,..,..,..,..,..,..,..,..,..,..,..,..,..,..,..,..,..,..,..,..
Poverty gap at $8.30 a day (2021 PPP) (%),SI.POV.UMIC.GP,Liechtenstein,LIE,..,..,..,..,..,..,..,..,..,..,..,..,..,..,..,..,..,..,..,..,..,..,..,..,..,..,..,..,..,..,..,..,..,..,..,..,..,..,..,..,..,..,..,..,..,..,..,..,..,..,..,..,..,..,..,..,..,..,..,..,..,..,..,..,..
Poverty gap at $8.30 a day (2021 PPP) (%),SI.POV.UMIC.GP,Lithuania,LTU,..,..,..,..,..,..,..,..,..,..,..,..,..,..,..,..,..,..,..,..,..,..,..,..,..,..,..,..,..,..,..,..,..,34.3,..,..,9,..,7.6,7.7,9.1,9.3,9.3,4.8,9.2,6.1,3.6,2.5,2.6,4.9,4.3,2.6,2.8,2.5,2.9,2.1,2.4,2.1,1.5,0.8,0.7,0.6,1.1,1.5,..
Poverty gap at $8.30 a day (2021 PPP) (%),SI.POV.UMIC.GP,Luxembourg,LUX,..,..,..,..,..,..,..,..,..,..,..,..,..,..,..,..,..,..,..,..,..,..,..,..,..,0.1,0,0.1,0,0,0,0,0,0,0,0,0.1,0,0,0,0,0,0,0.2,0,0.1,0,0,0,0.1,0.1,0.1,0.2,0.1,0.2,0.4,0.2,0.4,0.4,0.2,0,0.2,0.1,0.1,..
Poverty gap at $8.30 a day (2021 PPP) (%),SI.POV.UMIC.GP,"Macao SAR, China",MAC,..,..,..,..,..,..,..,..,..,..,..,..,..,..,..,..,..,..,..,..,..,..,..,..,..,..,..,..,..,..,..,..,..,..,..,..,..,..,..,..,..,..,..,..,..,..,..,..,..,..,..,..,..,..,..,..,..,..,..,..,..,..,..,..,..
Poverty gap at $8.30 a day (2021 PPP) (%),SI.POV.UMIC.GP,Madagascar,MDG,..,..,..,..,..,..,..,..,..,..,..,..,..,..,..,..,..,..,..,..,63.2,..,..,..,..,..,..,..,..,..,..,..,..,75.8,..,..,..,74.8,..,73.9,..,58.6,..,..,..,59,..,..,..,..,64.2,..,65.5,..,..,..,..,..,..,..,..,66.8,..,..,..
Poverty gap at $8.30 a day (2021 PPP) (%),SI.POV.UMIC.GP,Malawi,MWI,..,..,..,..,..,..,..,..,..,..,..,..,..,..,..,..,..,..,..,..,..,..,..,..,..,..,..,..,..,..,..,..,..,..,..,..,..,63.6,..,..,..,..,..,..,69.7,..,..,..,..,..,69.7,..,..,..,..,..,68.2,..,..,70.4,..,..,..,..,..
Poverty gap at $8.30 a day (2021 PPP) (%),SI.POV.UMIC.GP,Malaysia,MYS,..,..,..,..,..,..,..,..,..,..,..,..,..,..,..,..,..,..,..,..,..,..,..,..,16.4,..,..,16.4,..,16,..,..,15,..,..,14.7,..,10.4,..,..,..,..,..,10.6,..,..,7.8,..,7.8,..,..,3.9,..,1.8,..,1.3,..,..,0.8,..,..,0.5,..,..,..
Poverty gap at $8.30 a day (2021 PPP) (%),SI.POV.UMIC.GP,Maldives,MDV,..,..,..,..,..,..,..,..,..,..,..,..,..,..,..,..,..,..,..,..,..,..,..,..,..,..,..,..,..,..,..,..,..,..,..,..,..,..,..,..,..,..,38.7,..,..,..,..,..,..,27.2,..,..,..,..,..,..,2.6,..,..,2,..,..,..,..,..
Poverty gap at $8.30 a day (2021 PPP) (%),SI.POV.UMIC.GP,Mali,MLI,..,..,..,..,..,..,..,..,..,..,..,..,..,..,..,..,..,..,..,..,..,..,..,..,..,..,..,..,..,..,..,..,..,..,82.4,..,..,..,..,..,..,67.5,..,..,..,..,63.9,..,..,64.4,..,..,..,..,..,..,..,..,43.7,..,..,48.8,..,..,..
Poverty gap at $8.30 a day (2021 PPP) (%),SI.POV.UMIC.GP,Malta,MLT,..,..,..,..,..,..,..,..,..,..,..,..,..,..,..,..,..,..,..,..,..,..,..,..,..,..,..,..,..,..,..,..,..,..,..,..,..,..,..,..,..,..,..,..,..,..,0.6,0.7,0.3,0.6,0.3,0.3,0.2,0.1,0,0.1,0.2,0.2,0.2,0.4,0.5,0.2,0.3,..,..
Poverty gap at $8.30 a day (2021 PPP) (%),SI.POV.UMIC.GP,Marshall Islands,MHL,..,..,..,..,..,..,..,..,..,..,..,..,..,..,..,..,..,..,..,..,..,..,..,..,..,..,..,..,..,..,..,..,..,..,..,..,..,..,..,..,..,..,..,..,..,..,..,..,..,..,..,..,..,..,..,..,..,..,..,10.9,..,..,..,..,..
Poverty gap at $8.30 a day (2021 PPP) (%),SI.POV.UMIC.GP,Mauritania,MRT,..,..,..,..,..,..,..,..,..,..,..,..,..,..,..,..,..,..,..,..,..,..,..,..,..,..,..,57.6,..,..,..,..,..,58.2,..,45.5,..,..,..,..,43.5,..,..,..,43.7,..,..,..,34.4,..,..,..,..,..,28.7,..,..,..,..,28.7,..,..,..,..,..
Poverty gap at $8.30 a day (2021 PPP) (%),SI.POV.UMIC.GP,Mauritius,MUS,..,..,..,..,..,..,..,..,..,..,..,..,..,..,..,..,..,..,..,..,..,..,..,..,..,..,..,..,..,..,..,..,..,..,..,..,..,..,..,..,..,..,..,..,..,..,8.1,..,..,..,..,..,6.9,..,..,..,..,4.8,..,..,..,..,..,..,..
Poverty gap at $8.30 a day (2021 PPP) (%),SI.POV.UMIC.GP,Mexico,MEX,..,..,..,..,..,..,..,..,..,..,..,..,..,..,..,..,..,..,..,..,..,..,..,..,27.3,..,..,..,..,26.7,..,..,24,..,24,..,32.7,..,31.1,..,25.9,..,23.3,..,21.2,21,18.6,..,19.5,..,18.4,..,17.2,..,17.9,..,13.3,..,12,..,12.6,..,8.5,..,..
Poverty gap at $8.30 a day (2021 PPP) (%),SI.POV.UMIC.GP,"Micronesia, Fed. Sts.",FSM,..,..,..,..,..,..,..,..,..,..,..,..,..,..,..,..,..,..,..,..,..,..,..,..,..,..,..,..,..,..,..,..,..,..,..,..,..,..,..,..,..,..,..,..,..,28.4,..,..,..,..,..,..,..,40.1,..,..,..,..,..,..,..,..,..,..,..
Poverty gap at $8.30 a day (2021 PPP) (%),SI.POV.UMIC.GP,Moldova,MDA,..,..,..,..,..,..,..,..,..,..,..,..,..,..,..,..,..,..,..,..,..,..,..,..,..,..,..,..,..,..,..,..,..,..,..,..,..,35.8,45.2,52.7,52.4,46.3,36.1,28.4,29,34.1,14,10.1,10.5,9.9,8.2,6.8,6.3,4.7,4.1,3.6,3.6,3.6,2.8,2.9,2.9,2.7,3.5,3.9,..
Poverty gap at $8.30 a day (2021 PPP) (%),SI.POV.UMIC.GP,Monaco,MCO,..,..,..,..,..,..,..,..,..,..,..,..,..,..,..,..,..,..,..,..,..,..,..,..,..,..,..,..,..,..,..,..,..,..,..,..,..,..,..,..,..,..,..,..,..,..,..,..,..,..,..,..,..,..,..,..,..,..,..,..,..,..,..,..,..
Poverty gap at $8.30 a day (2021 PPP) (%),SI.POV.UMIC.GP,Mongolia,MNG,..,..,..,..,..,..,..,..,..,..,..,..,..,..,..,..,..,..,..,..,..,..,..,..,..,..,..,..,..,..,..,..,..,..,..,38.3,..,..,54.1,..,..,..,36.1,..,..,..,..,18.7,..,..,17.2,14.4,10.5,..,8.2,..,13.5,..,12.1,..,..,..,6,..,..
Poverty gap at $8.30 a day (2021 PPP) (%),SI.POV.UMIC.GP,Montenegro,MNE,..,..,..,..,..,..,..,..,..,..,..,..,..,..,..,..,..,..,..,..,..,..,..,..,..,..,..,..,..,..,..,..,..,..,..,..,..,..,..,..,..,..,..,..,..,3.8,3.5,2.1,1.3,2,1.8,2.6,12.1,10.2,9.9,9.3,7.9,8.2,8.2,6.3,6.1,5.1,..,..,..
Poverty gap at $8.30 a day (2021 PPP) (%),SI.POV.UMIC.GP,Morocco,MAR,..,..,..,..,..,..,..,..,..,..,..,..,..,..,..,..,..,..,..,..,..,..,..,..,39,..,..,..,..,..,27.5,..,..,..,..,..,..,..,33.6,..,33.5,..,..,..,..,..,25.9,..,..,..,..,..,..,16.3,..,..,..,..,..,..,..,..,..,..,..
Poverty gap at $8.30 a day (2021 PPP) (%),SI.POV.UMIC.GP,Mozambique,MOZ,..,..,..,..,..,..,..,..,..,..,..,..,..,..,..,..,..,..,..,..,..,..,..,..,..,..,..,..,..,..,..,..,..,..,..,..,81.2,..,..,..,..,..,79.1,..,..,..,..,..,74.8,..,..,..,..,..,70.2,..,..,..,..,75.3,..,..,74.8,..,..
Poverty gap at $8.30 a day (2021 PPP) (%),SI.POV.UMIC.GP,Myanmar,MMR,..,..,..,..,..,..,..,..,..,..,..,..,..,..,..,..,..,..,..,..,..,..,..,..,..,..,..,..,..,..,..,..,..,..,..,..,..,..,..,..,..,..,..,..,..,..,..,..,..,..,..,..,..,..,..,38.4,..,32.7,..,..,..,..,..,..,..
Poverty gap at $8.30 a day (2021 PPP) (%),SI.POV.UMIC.GP,Namibia,NAM,..,..,..,..,..,..,..,..,..,..,..,..,..,..,..,..,..,..,..,..,..,..,..,..,..,..,..,..,..,..,..,..,..,59.7,..,..,..,..,..,..,..,..,..,50.7,..,..,..,..,..,44.7,..,..,..,..,..,31.8,..,..,..,..,..,..,..,..,..
Poverty gap at $8.30 a day (2021 PPP) (%),SI.POV.UMIC.GP,Nauru,NRU,..,..,..,..,..,..,..,..,..,..,..,..,..,..,..,..,..,..,..,..,..,..,..,..,..,..,..,..,..,..,..,..,..,..,..,..,..,..,..,..,..,..,..,..,..,..,..,..,..,..,..,..,26,..,..,..,..,..,..,..,..,..,..,..,..
Poverty gap at $8.30 a day (2021 PPP) (%),SI.POV.UMIC.GP,Nepal,NPL,..,..,..,..,..,..,..,..,..,..,..,..,..,..,..,..,..,..,..,..,..,..,..,..,73.7,..,..,..,..,..,..,..,..,..,..,67.7,..,..,..,..,..,..,..,58.9,..,..,..,..,..,..,40.6,..,..,..,..,..,..,..,..,..,..,..,16.1,..,..
Poverty gap at $8.30 a day (2021 PPP) (%),SI.POV.UMIC.GP,Netherlands,NLD,..,..,..,..,..,..,..,..,..,..,..,..,..,..,..,..,..,..,..,..,..,..,..,1.5,..,..,..,0.4,..,..,1.2,..,..,1.9,..,..,..,..,..,0.4,..,..,..,..,0.4,0.2,0.1,0.1,0.2,0.2,0.1,0.2,0.1,0.1,0.2,0.2,0.2,0.2,0.2,0.1,0.1,0.1,..,..,..
Poverty gap at $8.30 a day (2021 PPP) (%),SI.POV.UMIC.GP,New Caledonia,NCL,..,..,..,..,..,..,..,..,..,..,..,..,..,..,..,..,..,..,..,..,..,..,..,..,..,..,..,..,..,..,..,..,..,..,..,..,..,..,..,..,..,..,..,..,..,..,..,..,..,..,..,..,..,..,..,..,..,..,..,..,..,..,..,..,..
Poverty gap at $8.30 a day (2021 PPP) (%),SI.POV.UMIC.GP,New Zealand,NZL,..,..,..,..,..,..,..,..,..,..,..,..,..,..,..,..,..,..,..,..,..,..,..,..,..,..,..,..,..,..,..,..,..,..,..,..,..,..,..,..,..,..,..,..,..,..,..,..,..,..,..,..,..,..,..,..,..,..,..,..,..,..,..,..,..
Poverty gap at $8.30 a day (2021 PPP) (%),SI.POV.UMIC.GP,Nicaragua,NIC,..,..,..,..,..,..,..,..,..,..,..,..,..,..,..,..,..,..,..,..,..,..,..,..,..,..,..,..,..,..,..,..,..,52.3,..,..,..,..,44.3,..,..,37.8,..,..,..,30,..,..,..,27.1,..,..,..,..,18.2,..,..,..,..,..,..,..,..,..,..
Poverty gap at $8.30 a day (2021 PPP) (%),SI.POV.UMIC.GP,Niger,NER,..,..,..,..,..,..,..,..,..,..,..,..,..,..,..,..,..,..,..,..,..,..,..,..,..,..,..,..,..,..,..,..,77.8,..,80.5,..,..,..,..,..,..,..,..,..,..,76.5,..,74.3,..,..,..,66.3,..,..,63.1,..,..,..,61.1,..,..,61.9,..,..,..
Poverty gap at $8.30 a day (2021 PPP) (%),SI.POV.UMIC.GP,Nigeria,NGA,..,..,..,..,..,..,..,..,..,..,..,..,..,..,..,..,..,..,..,..,..,..,..,..,..,57.1,..,..,..,..,..,..,58.9,..,..,..,62.6,..,..,..,..,..,..,57.8,..,..,..,..,..,..,49.5,..,48.8,..,..,47.6,..,..,47.6,..,..,..,53.2,..,..
Poverty gap at $8.30 a day (2021 PPP) (%),SI.POV.UMIC.GP,North Macedonia,MKD,..,..,..,..,..,..,..,..,..,..,..,..,..,..,..,..,..,..,..,..,..,..,..,..,..,..,..,..,..,..,..,..,..,..,..,..,..,..,13.6,..,22.3,..,10.8,11.3,7,10.6,11.6,..,7.4,19.5,18.7,17.1,15.8,14.1,12.3,11.9,10.7,9.9,8.5,7.9,..,..,..,..,..
Poverty gap at $8.30 a day (2021 PPP) (%),SI.POV.UMIC.GP,Northern Mariana Islands,MNP,..,..,..,..,..,..,..,..,..,..,..,..,..,..,..,..,..,..,..,..,..,..,..,..,..,..,..,..,..,..,..,..,..,..,..,..,..,..,..,..,..,..,..,..,..,..,..,..,..,..,..,..,..,..,..,..,..,..,..,..,..,..,..,..,..
Poverty gap at $8.30 a day (2021 PPP) (%),SI.POV.UMIC.GP,Norway,NOR,..,..,..,..,..,..,..,..,..,..,..,..,..,..,..,..,..,..,..,0.6,..,..,..,..,..,..,0.2,..,..,..,..,0.4,..,..,..,0.5,..,..,..,..,0.3,..,..,0.2,0.4,0.3,0.3,0.3,0.3,0.1,0.2,0.1,0.2,0.2,0.2,0.2,0.4,0.3,0.3,0.3,0.3,0.2,0.4,0.2,..
Poverty gap at $8.30 a day (2021 PPP) (%),SI.POV.UMIC.GP,Oman,OMN,..,..,..,..,..,..,..,..,..,..,..,..,..,..,..,..,..,..,..,..,..,..,..,..,..,..,..,..,..,..,..,..,..,..,..,..,..,..,..,..,..,..,..,..,..,..,..,..,..,..,..,..,..,..,..,..,..,..,..,..,..,..,..,..,..
Poverty gap at $8.30 a day (2021 PPP) (%),SI.POV.UMIC.GP,Pakistan,PAK,..,..,..,..,..,..,..,..,..,..,..,..,..,..,..,..,..,..,..,..,..,..,..,..,..,..,..,72.7,..,..,72.2,..,..,..,..,..,56.6,..,58,..,..,61,..,..,53.9,54,..,51.4,..,..,47.9,47.2,..,44,..,41,..,..,41.3,..,..,..,..,..,..
Poverty gap at $8.30 a day (2021 PPP) (%),SI.POV.UMIC.GP,Palau,PLW,..,..,..,..,..,..,..,..,..,..,..,..,..,..,..,..,..,..,..,..,..,..,..,..,..,..,..,..,..,..,..,..,..,..,..,..,..,..,..,..,..,..,..,..,..,..,..,..,..,..,..,..,..,..,..,..,..,..,..,..,..,..,..,..,..
Poverty gap at $8.30 a day (2021 PPP) (%),SI.POV.UMIC.GP,Panama,PAN,..,..,..,..,..,..,..,..,..,..,..,..,..,..,..,..,..,..,..,24.2,..,..,..,..,..,..,..,..,..,36.2,..,34.1,..,..,..,27.5,..,26.6,26.9,24.9,23.4,27.2,24,23.3,22.3,21.7,22,19.2,14.4,13.3,13.3,11.2,11.7,10.8,10.5,9,8.7,8.5,7.4,7,..,7.6,..,7.7,7.5
Poverty gap at $8.30 a day (2021 PPP) (%),SI.POV.UMIC.GP,Papua New Guinea,PNG,..,..,..,..,..,..,..,..,..,..,..,..,..,..,..,..,..,..,..,..,..,..,..,..,..,..,..,..,..,..,..,..,..,..,..,..,63.7,..,..,..,..,..,..,..,..,..,..,..,..,58.2,..,..,..,..,..,..,..,..,..,..,..,..,..,..,..
Poverty gap at $8.30 a day (2021 PPP) (%),SI.POV.UMIC.GP,Paraguay,PRY,..,..,..,..,..,..,..,..,..,..,..,..,..,..,..,..,..,..,..,..,..,..,..,..,..,..,..,..,..,..,9.2,..,..,..,..,24.9,..,21.7,..,22.3,..,21.3,28.7,23.2,21.1,19.4,22.6,20.4,17.8,17.8,16.8,15.9,13,10.4,10.5,10.4,10.6,9,8.7,8.4,9.3,8.5,8.8,7.5,6.4
Poverty gap at $8.30 a day (2021 PPP) (%),SI.POV.UMIC.GP,Peru,PER,..,..,..,..,..,..,..,..,..,..,..,..,..,..,..,..,..,..,..,..,..,..,..,..,..,15.4,..,..,..,..,..,..,..,..,37.3,..,..,35,35,35.4,34.9,36.4,33.5,32,32.5,34.3,30.6,26.8,23.9,22.2,19.6,18.3,16.8,16.2,15.5,15.1,14.8,14.8,13.5,12.5,20,13.9,13.5,14.1,13.1
Poverty gap at $8.30 a day (2021 PPP) (%),SI.POV.UMIC.GP,Philippines,PHL,..,..,..,..,..,..,..,..,..,..,..,..,..,..,..,..,..,..,..,..,..,..,..,..,..,52.1,..,..,49.9,..,..,49,..,..,47.9,..,..,41.4,..,..,37.6,..,..,36.7,..,..,37.4,..,..,35,..,..,34.3,..,..,29.6,..,..,24,..,..,24.4,..,21.5,..
Poverty gap at $8.30 a day (2021 PPP) (%),SI.POV.UMIC.GP,Poland,POL,..,..,..,..,..,..,..,..,..,..,..,..,..,..,..,..,..,..,..,..,..,..,..,..,..,2,3.5,1.8,..,0.3,..,..,2.2,10.6,..,8,27.8,..,3.9,4,4.7,4.9,5.3,4.4,6.7,4.5,3.3,2,1.5,1.6,1.5,1.5,1.4,1.4,1.4,1.3,0.9,0.7,0.6,0.3,0.4,0.3,0.6,0.4,..
Poverty gap at $8.30 a day (2021 PPP) (%),SI.POV.UMIC.GP,Portugal,PRT,..,..,..,..,..,..,..,..,..,..,..,..,..,..,..,..,..,..,..,..,..,..,..,..,..,..,..,..,..,..,..,..,..,..,..,..,..,..,..,..,..,..,..,1.9,1.4,1.4,1,0.9,1.1,0.8,0.9,1.4,2.2,2.4,1.9,1.5,1.3,1,0.9,0.5,1.1,0.6,0.8,0.8,..
Poverty gap at $8.30 a day (2021 PPP) (%),SI.POV.UMIC.GP,Puerto Rico (US),PRI,..,..,..,..,..,..,..,..,..,..,..,..,..,..,..,..,..,..,..,..,..,..,..,..,..,..,..,..,..,..,..,..,..,..,..,..,..,..,..,..,..,..,..,..,..,..,..,..,..,..,..,..,..,..,..,..,..,..,..,..,..,..,..,..,..
Poverty gap at $8.30 a day (2021 PPP) (%),SI.POV.UMIC.GP,Qatar,QAT,..,..,..,..,..,..,..,..,..,..,..,..,..,..,..,..,..,..,..,..,..,..,..,..,..,..,..,..,..,..,..,..,..,..,..,..,..,..,..,..,..,..,..,..,..,..,..,..,..,..,..,..,..,..,..,..,..,0,..,..,..,..,..,..,..
Poverty gap at $8.30 a day (2021 PPP) (%),SI.POV.UMIC.GP,Romania,ROU,..,..,..,..,..,..,..,..,..,..,..,..,..,..,..,..,..,..,..,..,..,..,..,..,..,..,..,..,..,0.9,..,..,6.2,..,39.9,14.1,..,16.3,16.2,30.8,32.4,27.9,26.9,24.2,20,17.7,19.4,15.7,12.3,11.4,12.7,14.7,15,15.6,14.6,12.8,9.6,7.5,6.1,5.1,4.5,3.4,3.2,1.8,..
Poverty gap at $8.30 a day (2021 PPP) (%),SI.POV.UMIC.GP,Russian Federation,RUS,..,..,..,..,..,..,..,..,..,..,..,..,..,..,..,..,..,..,..,..,..,..,..,..,..,..,..,..,..,..,..,..,..,13.9,..,..,14.1,10.4,13.1,19.2,16.1,12.5,10.1,9.6,8.4,7.1,5.6,4,2.5,2.3,1.9,1.6,1.4,1.2,1,1.2,1.1,1.1,0.8,0.8,0.5,0.6,0.4,0.3,..
Poverty gap at $8.30 a day (2021 PPP) (%),SI.POV.UMIC.GP,Rwanda,RWA,..,..,..,..,..,..,..,..,..,..,..,..,..,..,..,..,..,..,..,..,..,..,..,..,..,..,..,..,..,..,..,..,..,..,..,..,..,..,..,..,74.9,..,..,..,..,69.8,..,..,..,..,66.7,..,..,64.1,..,..,63.1,..,..,..,..,..,..,50.7,..
Poverty gap at $8.30 a day (2021 PPP) (%),SI.POV.UMIC.GP,Samoa,WSM,..,..,..,..,..,..,..,..,..,..,..,..,..,..,..,..,..,..,..,..,..,..,..,..,..,..,..,..,..,..,..,..,..,..,..,..,..,..,..,..,..,..,18.3,..,..,..,..,..,17.2,..,..,..,..,16.3,..,..,..,..,..,..,..,..,..,..,..
Poverty gap at $8.30 a day (2021 PPP) (%),SI.POV.UMIC.GP,San Marino,SMR,..,..,..,..,..,..,..,..,..,..,..,..,..,..,..,..,..,..,..,..,..,..,..,..,..,..,..,..,..,..,..,..,..,..,..,..,..,..,..,..,..,..,..,..,..,..,..,..,..,..,..,..,..,..,..,..,..,..,..,..,..,..,..,..,..
Poverty gap at $8.30 a day (2021 PPP) (%),SI.POV.UMIC.GP,Sao Tome and Principe,STP,..,..,..,..,..,..,..,..,..,..,..,..,..,..,..,..,..,..,..,..,..,..,..,..,..,..,..,..,..,..,..,..,..,..,..,..,..,..,..,..,35.3,..,..,..,..,..,..,..,..,..,38.5,..,..,..,..,..,..,30.1,..,..,..,..,..,..,..
Poverty gap at $8.30 a day (2021 PPP) (%),SI.POV.UMIC.GP,Saudi Arabia,SAU,..,..,..,..,..,..,..,..,..,..,..,..,..,..,..,..,..,..,..,..,..,..,..,..,..,..,..,..,..,..,..,..,..,..,..,..,..,..,..,..,..,..,..,..,..,..,..,..,..,..,..,..,..,..,..,..,..,..,..,..,..,..,..,..,..
Poverty gap at $8.30 a day (2021 PPP) (%),SI.POV.UMIC.GP,Senegal,SEN,..,..,..,..,..,..,..,..,..,..,..,..,..,..,..,..,..,..,..,..,..,..,..,..,..,..,..,..,..,..,..,73.7,..,..,69,..,..,..,..,..,..,64.3,..,..,..,58.7,..,..,..,..,..,58.6,..,..,..,..,..,..,36.1,..,..,36,..,..,..
Poverty gap at $8.30 a day (2021 PPP) (%),SI.POV.UMIC.GP,Serbia,SRB,..,..,..,..,..,..,..,..,..,..,..,..,..,..,..,..,..,..,..,..,..,..,..,..,..,..,..,..,..,..,..,..,..,..,..,..,..,..,..,..,..,..,3.3,4.9,7.3,7,4.6,4,3,3.7,4.7,..,12.2,13.8,14.5,13.8,12.8,11,7.8,5.4,4.4,3.4,3.8,..,..
Poverty gap at $8.30 a day (2021 PPP) (%),SI.POV.UMIC.GP,Seychelles,SYC,..,..,..,..,..,..,..,..,..,..,..,..,..,..,..,..,..,..,..,..,..,..,..,..,..,..,..,..,..,..,..,..,..,..,..,..,..,..,..,5.2,..,..,..,..,..,..,6.3,..,..,..,..,..,..,4.2,..,..,..,..,2.6,..,..,..,..,..,..
Poverty gap at $8.30 a day (2021 PPP) (%),SI.POV.UMIC.GP,Sierra Leone,SLE,..,..,..,..,..,..,..,..,..,..,..,..,..,..,..,..,..,..,..,..,..,..,..,..,..,..,..,..,..,..,..,..,..,..,..,..,..,..,..,..,..,..,..,68.2,..,..,..,..,..,..,..,58.6,..,..,..,..,..,..,52.5,..,..,..,..,..,..
Poverty gap at $8.30 a day (2021 PPP) (%),SI.POV.UMIC.GP,Singapore,SGP,..,..,..,..,..,..,..,..,..,..,..,..,..,..,..,..,..,..,..,..,..,..,..,..,..,..,..,..,..,..,..,..,..,..,..,..,..,..,..,..,..,..,..,..,..,..,..,..,..,..,..,..,..,..,..,..,..,..,..,..,..,..,..,..,..
Poverty gap at $8.30 a day (2021 PPP) (%),SI.POV.UMIC.GP,Sint Maarten (Dutch part),SXM,..,..,..,..,..,..,..,..,..,..,..,..,..,..,..,..,..,..,..,..,..,..,..,..,..,..,..,..,..,..,..,..,..,..,..,..,..,..,..,..,..,..,..,..,..,..,..,..,..,..,..,..,..,..,..,..,..,..,..,..,..,..,..,..,..
Poverty gap at $8.30 a day (2021 PPP) (%),SI.POV.UMIC.GP,Slovak Republic,SVK,..,..,..,..,..,..,..,..,..,..,..,..,..,..,..,..,..,..,..,..,..,..,..,..,..,..,..,..,..,..,..,..,0.5,..,..,..,3.3,..,..,..,..,..,..,..,2.6,1.7,1.3,1.3,1.4,1.5,1.4,1.3,1.7,1.7,2.1,1.7,2.3,1.2,1.4,0.8,0.7,1,2.3,1.3,..
Poverty gap at $8.30 a day (2021 PPP) (%),SI.POV.UMIC.GP,Slovenia,SVN,..,..,..,..,..,..,..,..,..,..,..,..,..,..,..,..,..,..,..,..,..,..,..,..,..,..,..,0,..,..,..,..,..,0,..,..,..,0.3,0,0.3,..,..,0.3,0.2,0.2,0.2,0.1,0.1,0,0.1,0,0.1,0.1,0.1,0.1,0.1,0.1,0,0,0,0,0,0.1,0,..
Poverty gap at $8.30 a day (2021 PPP) (%),SI.POV.UMIC.GP,Solomon Islands,SLB,..,..,..,..,..,..,..,..,..,..,..,..,..,..,..,..,..,..,..,..,..,..,..,..,..,..,..,..,..,..,..,..,..,..,..,..,..,..,..,..,..,..,..,..,..,62.7,..,..,..,..,..,..,52.1,..,..,..,..,..,..,..,..,..,..,..,..
Poverty gap at $8.30 a day (2021 PPP) (%),SI.POV.UMIC.GP,"Somalia, Fed. Rep.",SOM,..,..,..,..,..,..,..,..,..,..,..,..,..,..,..,..,..,..,..,..,..,..,..,..,..,..,..,..,..,..,..,..,..,..,..,..,..,..,..,..,..,..,..,..,..,..,..,..,..,..,..,..,..,..,..,..,..,..,..,..,..,..,..,..,..
Poverty gap at $8.30 a day (2021 PPP) (%),SI.POV.UMIC.GP,South Africa,ZAF,..,..,..,..,..,..,..,..,..,..,..,..,..,..,..,..,..,..,..,..,..,..,..,..,..,..,..,..,..,..,..,..,..,47.5,..,..,..,..,..,..,50.6,..,..,..,..,46.6,..,..,37.8,..,36.8,..,..,..,38.1,..,..,..,..,..,..,..,..,..,..
Poverty gap at $8.30 a day (2021 PPP) (%),SI.POV.UMIC.GP,South Sudan,SSD,..,..,..,..,..,..,..,..,..,..,..,..,..,..,..,..,..,..,..,..,..,..,..,..,..,..,..,..,..,..,..,..,..,..,..,..,..,..,..,..,..,..,..,..,..,..,..,..,..,51.6,..,..,..,..,..,..,73.2,..,..,..,..,..,..,..,..
Poverty gap at $8.30 a day (2021 PPP) (%),SI.POV.UMIC.GP,Spain,ESP,..,..,..,..,..,..,..,..,..,..,..,..,..,..,..,..,..,..,..,..,2.7,..,..,..,..,2.4,..,..,..,..,1.2,..,..,2.2,2.2,2.3,2.7,2.1,1.5,1.2,1.2,..,..,1.2,1.3,1.2,1.3,0.8,0.9,1.3,1.3,1.8,1.7,1.9,1.7,1.8,1.9,1.3,1.4,1.4,1.5,1,1.1,1.1,..
Poverty gap at $8.30 a day (2021 PPP) (%),SI.POV.UMIC.GP,Sri Lanka,LKA,..,..,..,..,..,..,..,..,..,..,..,..,..,..,..,..,..,..,..,..,..,..,..,..,..,45.8,..,..,..,..,44.4,..,..,..,..,41.9,..,..,..,..,..,..,38.2,..,..,..,31,..,..,28,..,..,24.6,..,..,..,19.5,..,..,17.6,..,..,..,..,..
Poverty gap at $8.30 a day (2021 PPP) (%),SI.POV.UMIC.GP,St. Kitts and Nevis,KNA,..,..,..,..,..,..,..,..,..,..,..,..,..,..,..,..,..,..,..,..,..,..,..,..,..,..,..,..,..,..,..,..,..,..,..,..,..,..,..,..,..,..,..,..,..,..,..,..,..,..,..,..,..,..,..,..,..,..,..,..,..,..,..,..,..
Poverty gap at $8.30 a day (2021 PPP) (%),SI.POV.UMIC.GP,St. Lucia,LCA,..,..,..,..,..,..,..,..,..,..,..,..,..,..,..,..,..,..,..,..,..,..,..,..,..,..,..,..,..,..,..,..,..,..,..,51.3,..,..,..,..,..,..,..,..,..,..,..,..,..,..,..,..,..,..,..,1.9,..,..,..,..,..,..,..,..,..
Poverty gap at $8.30 a day (2021 PPP) (%),SI.POV.UMIC.GP,St. Martin (French part),MAF,..,..,..,..,..,..,..,..,..,..,..,..,..,..,..,..,..,..,..,..,..,..,..,..,..,..,..,..,..,..,..,..,..,..,..,..,..,..,..,..,..,..,..,..,..,..,..,..,..,..,..,..,..,..,..,..,..,..,..,..,..,..,..,..,..
Poverty gap at $8.30 a day (2021 PPP) (%),SI.POV.UMIC.GP,St. Vincent and the Grenadines,VCT,..,..,..,..,..,..,..,..,..,..,..,..,..,..,..,..,..,..,..,..,..,..,..,..,..,..,..,..,..,..,..,..,..,..,..,..,..,..,..,..,..,..,..,..,..,..,..,..,..,..,..,..,..,..,..,..,..,..,..,..,..,..,..,..,..
Poverty gap at $8.30 a day (2021 PPP) (%),SI.POV.UMIC.GP,Sudan,SDN,..,..,..,..,..,..,..,..,..,..,..,..,..,..,..,..,..,..,..,..,..,..,..,..,..,..,..,..,..,..,..,..,..,..,..,..,..,..,..,..,..,..,..,..,..,..,..,..,..,29,..,..,..,..,29.3,..,..,..,..,..,..,..,..,..,..
Poverty gap at $8.30 a day (2021 PPP) (%),SI.POV.UMIC.GP,Suriname,SUR,..,..,..,..,..,..,..,..,..,..,..,..,..,..,..,..,..,..,..,..,..,..,..,..,..,..,..,..,..,..,..,..,..,..,..,..,..,..,..,27.6,..,..,..,..,..,..,..,..,..,..,..,..,..,..,..,..,..,..,..,..,..,..,6.6,..,..
Poverty gap at $8.30 a day (2021 PPP) (%),SI.POV.UMIC.GP,Sweden,SWE,..,..,..,..,..,..,..,..,..,..,..,..,..,..,..,0.6,..,..,..,..,..,0.6,..,..,..,..,..,0.4,..,..,..,..,0.4,..,..,0.7,..,..,..,..,0.2,0.3,0.2,0.6,0.6,1.3,0.6,0.6,0.8,0.7,0.8,0.8,0.7,0.8,0.7,0.7,0.5,0.4,1,0.5,0.5,0.9,1.3,0.9,..
Poverty gap at $8.30 a day (2021 PPP) (%),SI.POV.UMIC.GP,Switzerland,CHE,..,..,..,..,..,..,..,..,..,..,..,..,..,..,..,..,..,..,..,..,..,..,0.7,..,..,..,..,..,..,..,..,..,0.7,..,..,..,..,..,..,..,0.2,..,0.1,..,0.2,..,0.2,0.2,0.1,0.1,0.2,0,0,0,0.1,0,0.1,0,0.1,0,0.1,0.1,0.2,..,..
Poverty gap at $8.30 a day (2021 PPP) (%),SI.POV.UMIC.GP,Syrian Arab Republic,SYR,..,..,..,..,..,..,..,..,..,..,..,..,..,..,..,..,..,..,..,..,..,..,..,..,..,..,..,..,..,..,..,..,..,..,..,..,11.8,..,..,..,..,..,..,7.7,..,..,9.8,..,..,9.7,..,..,..,..,..,..,..,..,..,..,..,..,39.3,..,..
Poverty gap at $8.30 a day (2021 PPP) (%),SI.POV.UMIC.GP,Tajikistan,TJK,..,..,..,..,..,..,..,..,..,..,..,..,..,..,..,..,..,..,..,..,..,..,..,..,..,..,..,..,..,..,..,..,..,..,..,..,..,..,..,72.8,..,..,..,61,50.7,..,..,44.5,..,36.6,..,..,..,..,..,31.5,..,..,..,..,..,25.5,22.8,20.8,20.5
Poverty gap at $8.30 a day (2021 PPP) (%),SI.POV.UMIC.GP,Tanzania,TZA,..,..,..,..,..,..,..,..,..,..,..,..,..,..,..,..,..,..,..,..,..,..,..,..,..,..,..,..,..,..,..,69.9,..,..,..,..,..,..,..,..,78.5,..,..,..,..,..,..,63,..,..,..,57.3,..,..,..,..,..,..,56.4,..,..,..,..,..,..
Poverty gap at $8.30 a day (2021 PPP) (%),SI.POV.UMIC.GP,Thailand,THA,..,..,..,..,..,..,..,..,..,..,..,..,..,..,..,..,..,..,..,..,..,41.6,..,..,..,..,..,..,39.4,..,36.5,..,31.6,..,25.9,..,22.4,..,21.7,24.5,24.8,..,19.6,..,16.2,..,12.8,11.4,10.4,9.2,8.1,6.2,6.2,5.2,4.8,3.4,3.8,3.6,3.9,3,3.1,2.8,1.7,1.7,..
Poverty gap at $8.30 a day (2021 PPP) (%),SI.POV.UMIC.GP,Timor-Leste,TLS,..,..,..,..,..,..,..,..,..,..,..,..,..,..,..,..,..,..,..,..,..,..,..,..,..,..,..,..,..,..,..,..,..,..,..,..,..,..,..,..,..,60.1,..,..,..,..,..,63.3,..,..,..,..,..,..,56,..,..,..,..,..,..,..,..,..,..
Poverty gap at $8.30 a day (2021 PPP) (%),SI.POV.UMIC.GP,Togo,TGO,..,..,..,..,..,..,..,..,..,..,..,..,..,..,..,..,..,..,..,..,..,..,..,..,..,..,..,..,..,..,..,..,..,..,..,..,..,..,..,..,..,..,..,..,..,..,65.7,..,..,..,..,65,..,..,..,63.3,..,..,46.5,..,..,47.3,..,..,..
Poverty gap at $8.30 a day (2021 PPP) (%),SI.POV.UMIC.GP,Tonga,TON,..,..,..,..,..,..,..,..,..,..,..,..,..,..,..,..,..,..,..,..,..,..,..,..,..,..,..,..,..,..,..,..,..,..,..,..,..,..,..,..,13.9,..,..,..,..,..,..,..,..,15.2,..,..,..,..,..,19,..,..,..,..,..,6.2,..,..,..
Poverty gap at $8.30 a day (2021 PPP) (%),SI.POV.UMIC.GP,Trinidad and Tobago,TTO,..,..,..,..,..,..,..,..,..,..,..,..,..,..,..,..,..,..,..,..,..,..,..,..,..,..,..,..,6.7,..,..,..,10.7,..,..,..,..,..,..,..,..,..,..,..,..,..,..,..,..,..,..,..,..,..,..,..,..,..,..,..,..,..,..,..,..
Poverty gap at $8.30 a day (2021 PPP) (%),SI.POV.UMIC.GP,Tunisia,TUN,..,..,..,..,..,..,..,..,..,..,..,..,..,..,..,..,..,..,..,..,..,..,..,..,..,34.5,..,..,..,..,29.3,..,..,..,..,30,..,..,..,..,23.2,..,..,..,..,17.6,..,..,..,..,11.3,..,..,..,..,6,..,..,..,..,..,5.3,..,..,..
Poverty gap at $8.30 a day (2021 PPP) (%),SI.POV.UMIC.GP,Turkiye,TUR,..,..,..,..,..,..,..,..,..,..,..,..,..,..,..,..,..,..,..,..,..,..,..,..,..,..,..,22.2,..,..,..,..,..,..,21.9,..,..,..,..,..,..,..,19.5,21.8,15.7,14.7,13,11.2,9.4,9.3,8.8,7.7,7.1,6.4,5.9,6.4,5.4,4.8,4.5,4.8,4.6,3.6,2.7,..,..
Poverty gap at $8.30 a day (2021 PPP) (%),SI.POV.UMIC.GP,Turkmenistan,TKM,..,..,..,..,..,..,..,..,..,..,..,..,..,..,..,..,..,..,..,..,..,..,..,..,..,..,..,..,..,..,..,..,..,..,..,..,..,..,46.7,..,..,..,..,..,..,..,..,..,..,..,..,..,..,..,..,..,..,..,..,..,..,..,..,..,..
Poverty gap at $8.30 a day (2021 PPP) (%),SI.POV.UMIC.GP,Turks and Caicos Islands,TCA,..,..,..,..,..,..,..,..,..,..,..,..,..,..,..,..,..,..,..,..,..,..,..,..,..,..,..,..,..,..,..,..,..,..,..,..,..,..,..,..,..,..,..,..,..,..,..,..,..,..,..,..,..,..,..,..,..,..,..,..,..,..,..,..,..
Poverty gap at $8.30 a day (2021 PPP) (%),SI.POV.UMIC.GP,Tuvalu,TUV,..,..,..,..,..,..,..,..,..,..,..,..,..,..,..,..,..,..,..,..,..,..,..,..,..,..,..,..,..,..,..,..,..,..,..,..,..,..,..,..,..,..,..,..,..,..,..,..,..,..,23.9,..,..,..,..,..,..,..,..,..,..,..,..,..,..
Poverty gap at $8.30 a day (2021 PPP) (%),SI.POV.UMIC.GP,Uganda,UGA,..,..,..,..,..,..,..,..,..,..,..,..,..,..,..,..,..,..,..,..,..,..,..,..,..,..,..,..,..,70.3,..,..,73.4,..,..,..,72.6,..,..,74,..,..,72.5,..,..,68.7,..,..,..,63.2,..,..,59.3,..,..,..,61.2,..,..,61.6,..,..,..,..,..
Poverty gap at $8.30 a day (2021 PPP) (%),SI.POV.UMIC.GP,Ukraine,UKR,..,..,..,..,..,..,..,..,..,..,..,..,..,..,..,..,..,..,..,..,..,..,..,..,..,..,..,..,..,..,..,..,23.4,22.9,..,28.3,32.8,..,..,44.8,..,..,25.5,20.4,16.1,10.6,8.7,8.4,5,5.9,4.2,3.6,3,2.3,2.5,4.7,4.4,3.3,2.7,2.1,2,..,..,..,..
Poverty gap at $8.30 a day (2021 PPP) (%),SI.POV.UMIC.GP,United Arab Emirates,ARE,..,..,..,..,..,..,..,..,..,..,..,..,..,..,..,..,..,..,..,..,..,..,..,..,..,..,..,..,..,..,..,..,..,..,..,..,..,..,..,..,..,..,..,..,..,..,..,..,..,..,..,..,..,0,..,..,..,..,0.1,..,..,..,..,..,..
Poverty gap at $8.30 a day (2021 PPP) (%),SI.POV.UMIC.GP,United Kingdom,GBR,..,..,..,..,..,..,..,..,0.3,0.4,0.4,0.3,0.6,0.2,0.4,0.3,0.2,0.4,0.2,0.2,0.2,0.3,0.2,0.2,0.3,0.3,0.4,0.2,0.2,0.3,0.3,0.3,0.3,0.4,0.5,0.5,0.3,0.3,0.4,0.4,0.3,0.4,0.4,0.4,0.3,0.4,0.4,0.4,0.4,0.4,0.4,0.4,0.5,0.3,0.4,0.4,0.4,0.5,0.5,0.5,0.6,0.5,..,..,..
Poverty gap at $8.30 a day (2021 PPP) (%),SI.POV.UMIC.GP,United States,USA,..,..,..,2.4,2.3,1.9,2,1.7,1.5,1.2,1.6,1.4,1.3,1.2,1.3,1.2,1,1,1,0.9,0.8,0.8,1,1.1,0.9,0.9,0.9,0.8,0.7,0.7,0.8,0.8,0.9,0.9,0.9,0.9,0.9,1,1,0.9,0.9,1.1,1.1,1.2,1.3,1.2,1.2,1.2,1.3,1.1,1.3,1.3,1.3,1.3,1.5,1.4,1.3,1.5,1.3,1.2,0.7,0.6,1.5,1.4,..
Poverty gap at $8.30 a day (2021 PPP) (%),SI.POV.UMIC.GP,Uruguay,URY,..,..,..,..,..,..,..,..,..,..,..,..,..,..,..,..,..,..,..,..,..,5.2,..,..,..,..,..,..,..,4.1,..,..,3.4,..,..,3.2,3.5,3.4,3.4,..,3.4,4.1,5.4,7.2,8,7.2,6.5,5.5,3.8,3.6,3,2.2,2,1.9,1.5,1.5,1.3,1,1,1.1,1.7,1.6,1.5,1.6,1.4
Poverty gap at $8.30 a day (2021 PPP) (%),SI.POV.UMIC.GP,Uzbekistan,UZB,..,..,..,..,..,..,..,..,..,..,..,..,..,..,..,..,..,..,..,..,..,..,..,..,..,..,..,..,..,..,..,..,..,..,..,..,..,..,75,..,83.3,..,82.3,83.1,..,..,..,..,..,..,..,..,..,..,..,..,..,..,..,..,..,12.8,11,8.7,6.9
Poverty gap at $8.30 a day (2021 PPP) (%),SI.POV.UMIC.GP,Vanuatu,VUT,..,..,..,..,..,..,..,..,..,..,..,..,..,..,..,..,..,..,..,..,..,..,..,..,..,..,..,..,..,..,..,..,..,..,..,..,..,..,..,..,..,..,..,..,..,..,..,..,..,..,40.9,..,..,..,..,..,..,..,..,36.5,..,..,..,..,..
Poverty gap at $8.30 a day (2021 PPP) (%),SI.POV.UMIC.GP,"Venezuela, RB",VEN,..,..,..,..,..,..,..,..,..,..,..,..,..,..,..,..,..,..,..,..,..,18.9,..,..,..,..,..,20.5,..,15,..,..,15.2,..,..,25.5,..,..,24.7,27.3,..,25.5,32.9,37.4,33.2,27.7,18.4,..,..,..,..,..,..,..,..,..,..,..,..,..,..,..,..,..,..
Poverty gap at $8.30 a day (2021 PPP) (%),SI.POV.UMIC.GP,Viet Nam,VNM,..,..,..,..,..,..,..,..,..,..,..,..,..,..,..,..,..,..,..,..,..,..,..,..,..,..,..,..,..,..,..,..,60,..,..,..,..,50.6,..,..,..,..,52.3,..,45.2,..,39.8,..,36.8,..,17.3,..,14.2,..,12,..,9.1,..,7.6,..,6,..,6.5,..,..
Poverty gap at $8.30 a day (2021 PPP) (%),SI.POV.UMIC.GP,Virgin Islands (U.S.),VIR,..,..,..,..,..,..,..,..,..,..,..,..,..,..,..,..,..,..,..,..,..,..,..,..,..,..,..,..,..,..,..,..,..,..,..,..,..,..,..,..,..,..,..,..,..,..,..,..,..,..,..,..,..,..,..,..,..,..,..,..,..,..,..,..,..
Poverty gap at $8.30 a day (2021 PPP) (%),SI.POV.UMIC.GP,West Bank and Gaza,PSE,..,..,..,..,..,..,..,..,..,..,..,..,..,..,..,..,..,..,..,..,..,..,..,..,..,..,..,..,..,..,..,..,..,..,..,..,..,..,..,..,..,..,..,..,8.9,8.4,7.4,10.9,..,6.5,6.9,6.4,..,..,..,..,7.8,..,..,..,..,..,..,8.9,..
Poverty gap at $8.30 a day (2021 PPP) (%),SI.POV.UMIC.GP,"Yemen, Rep.",YEM,..,..,..,..,..,..,..,..,..,..,..,..,..,..,..,..,..,..,..,..,..,..,..,..,..,..,..,..,..,..,..,..,..,..,..,..,..,..,32.3,..,..,..,..,..,..,40.9,..,..,..,..,..,..,..,..,47.9,..,..,..,..,..,..,..,..,..,..
Poverty gap at $8.30 a day (2021 PPP) (%),SI.POV.UMIC.GP,Zambia,ZMB,..,..,..,..,..,..,..,..,..,..,..,..,..,..,..,..,..,..,..,..,..,..,..,..,..,..,..,..,..,..,..,65.6,..,67.1,..,..,59.1,..,59.8,..,..,..,66.5,..,67.5,..,69.7,..,..,..,68.9,..,..,..,..,67.2,..,..,..,..,..,..,69.6,..,..
Poverty gap at $8.30 a day (2021 PPP) (%),SI.POV.UMIC.GP,Zimbabwe,ZWE,..,..,..,..,..,..,..,..,..,..,..,..,..,..,..,..,..,..,..,..,..,..,..,..,..,..,..,..,..,..,..,..,..,..,..,..,..,..,..,..,..,..,..,..,..,..,..,..,..,..,..,45.9,..,..,..,..,..,50.7,..,53.6,..,..,..,..,..
Poverty gap at $8.30 a day (2021 PPP) (%),SI.POV.UMIC.GP,Africa Eastern and Southern,AFE,..,..,..,..,..,..,..,..,..,..,..,..,..,..,..,..,..,..,..,..,..,..,..,..,..,..,..,..,..,..,..,..,..,..,..,..,..,..,..,..,..,..,..,..,..,..,..,..,..,..,..,..,..,..,..,..,..,..,..,..,..,..,..,..,..
Poverty gap at $8.30 a day (2021 PPP) (%),SI.POV.UMIC.GP,Africa Western and Central,AFW,..,..,..,..,..,..,..,..,..,..,..,..,..,..,..,..,..,..,..,..,..,..,..,..,..,..,..,..,..,..,..,..,..,..,..,..,..,..,..,..,..,..,..,..,..,..,..,..,..,..,..,..,..,..,..,..,..,..,..,..,..,..,..,..,..
Poverty gap at $8.30 a day (2021 PPP) (%),SI.POV.UMIC.GP,Arab World,ARB,..,..,..,..,..,..,..,..,..,..,..,..,..,..,..,..,..,..,..,..,..,..,..,..,..,..,..,..,..,..,..,..,..,..,..,..,..,..,..,..,..,..,..,..,..,..,..,..,..,..,..,..,..,..,..,..,..,..,..,..,..,..,..,..,..
Poverty gap at $8.30 a day (2021 PPP) (%),SI.POV.UMIC.GP,Caribbean small states,CSS,..,..,..,..,..,..,..,..,..,..,..,..,..,..,..,..,..,..,..,..,..,..,..,..,..,..,..,..,..,..,..,..,..,..,..,..,..,..,..,..,..,..,..,..,..,..,..,..,..,..,..,..,..,..,..,..,..,..,..,..,..,..,..,..,..
Poverty gap at $8.30 a day (2021 PPP) (%),SI.POV.UMIC.GP,Central Europe and the Baltics,CEB,..,..,..,..,..,..,..,..,..,..,..,..,..,..,..,..,..,..,..,..,..,..,..,..,..,..,..,..,..,..,..,..,..,..,..,..,..,..,..,..,..,..,..,..,..,..,..,..,..,..,..,..,..,..,..,..,..,..,..,..,..,..,..,..,..
Poverty gap at $8.30 a day (2021 PPP) (%),SI.POV.UMIC.GP,Early-demographic dividend,EAR,..,..,..,..,..,..,..,..,..,..,..,..,..,..,..,..,..,..,..,..,..,..,..,..,..,..,..,..,..,..,..,..,..,..,..,..,..,..,..,..,..,..,..,..,..,..,..,..,..,..,..,..,..,..,..,..,..,..,..,..,..,..,..,..,..
Poverty gap at $8.30 a day (2021 PPP) (%),SI.POV.UMIC.GP,East Asia & Pacific,EAS,..,..,..,..,..,..,..,..,..,..,..,..,..,..,..,..,..,..,..,..,..,..,..,..,65.4,64.4,63.6,62.4,60.7,62.7,62.1,61.5,60.7,59.7,57.6,55.8,53.9,53.5,53.7,52.3,50.8,49.1,46.5,44,41.8,39.1,37.7,35.5,34,32.1,29.5,27,24.7,20.9,18.9,17,15.4,14.3,12.8,11.5,11.5,9.7,9.8,9,8.5
Poverty gap at $8.30 a day (2021 PPP) (%),SI.POV.UMIC.GP,East Asia & Pacific (excluding high income),EAP,..,..,..,..,..,..,..,..,..,..,..,..,..,..,..,..,..,..,..,..,..,..,..,..,..,..,..,..,..,..,..,..,..,..,..,..,..,..,..,..,..,..,..,..,..,..,..,..,..,..,..,..,..,..,..,..,..,..,..,..,..,..,..,..,..
Poverty gap at $8.30 a day (2021 PPP) (%),SI.POV.UMIC.GP,East Asia & Pacific (IDA & IBRD countries),TEA,..,..,..,..,..,..,..,..,..,..,..,..,..,..,..,..,..,..,..,..,..,..,..,..,..,..,..,..,..,..,..,..,..,..,..,..,..,..,..,..,..,..,..,..,..,..,..,..,..,..,..,..,..,..,..,..,..,..,..,..,..,..,..,..,..
Poverty gap at $8.30 a day (2021 PPP) (%),SI.POV.UMIC.GP,Euro area,EMU,..,..,..,..,..,..,..,..,..,..,..,..,..,..,..,..,..,..,..,..,..,..,..,..,..,..,..,..,..,..,..,..,..,..,..,..,..,..,..,..,..,..,..,..,..,..,..,..,..,..,..,..,..,..,..,..,..,..,..,..,..,..,..,..,..
Poverty gap at $8.30 a day (2021 PPP) (%),SI.POV.UMIC.GP,Europe & Central Asia,ECS,..,..,..,..,..,..,..,..,..,..,..,..,..,..,..,..,..,..,..,..,..,..,..,..,..,..,..,..,8,8,8.3,9.1,10.4,11.8,13.4,12.1,12.9,12.1,12.2,14.7,13.3,12.2,11.2,10.8,9.3,8.6,7.6,6.7,5.8,5.9,5.7,5.5,5.4,3.4,3.5,3.5,3.3,3,2.7,2.6,2.6,2.2,2.1,1.7,1.6
Poverty gap at $8.30 a day (2021 PPP) (%),SI.POV.UMIC.GP,Europe & Central Asia (excluding high income),ECA,..,..,..,..,..,..,..,..,..,..,..,..,..,..,..,..,..,..,..,..,..,..,..,..,..,..,..,..,..,..,..,..,..,..,..,..,..,..,..,..,..,..,..,..,..,..,..,..,..,..,..,..,..,..,..,..,..,..,..,..,..,..,..,..,..
Poverty gap at $8.30 a day (2021 PPP) (%),SI.POV.UMIC.GP,Europe & Central Asia (IDA & IBRD countries),TEC,..,..,..,..,..,..,..,..,..,..,..,..,..,..,..,..,..,..,..,..,..,..,..,..,..,..,..,..,..,..,..,..,..,..,..,..,..,..,..,..,..,..,..,..,..,..,..,..,..,..,..,..,..,..,..,..,..,..,..,..,..,..,..,..,..
Poverty gap at $8.30 a day (2021 PPP) (%),SI.POV.UMIC.GP,European Union,EUU,..,..,..,..,..,..,..,..,..,..,..,..,..,..,..,..,..,..,..,..,..,..,..,..,..,..,..,..,..,..,..,..,..,..,..,..,..,..,..,..,..,..,..,..,..,..,..,..,..,..,..,..,..,..,..,..,..,..,..,..,..,..,..,..,..
Poverty gap at $8.30 a day (2021 PPP) (%),SI.POV.UMIC.GP,Fragile and conflict affected situations,FCS,..,..,..,..,..,..,..,..,..,..,..,..,..,..,..,..,..,..,..,..,..,..,..,..,..,..,..,..,..,..,..,..,..,56.5,57.5,57.8,57.8,57.3,56.8,57.6,..,55.1,54.9,54.6,52.4,51,50,49,48,47.7,46.5,46.4,45.9,45.5,45.4,45.4,45.6,45.5,45.5,..,47.9,48.9,49.1,49.7,49.9
Poverty gap at $8.30 a day (2021 PPP) (%),SI.POV.UMIC.GP,Heavily indebted poor countries (HIPC),HPC,..,..,..,..,..,..,..,..,..,..,..,..,..,..,..,..,..,..,..,..,..,..,..,..,..,..,..,..,..,..,..,..,..,..,..,..,..,..,..,..,..,..,..,..,..,..,..,..,..,..,..,..,..,..,..,..,..,..,..,..,..,..,..,..,..
Poverty gap at $8.30 a day (2021 PPP) (%),SI.POV.UMIC.GP,High income,HIC,..,..,..,..,..,..,..,..,..,..,..,..,..,..,..,..,..,..,..,..,..,..,3.5,3.4,3.3,3.2,3.1,2.9,2.8,2.7,2.7,2.8,3.2,4,4.6,3.7,4.2,3.2,3.3,4.3,3.9,3.3,3,2.8,2.5,2.3,2,1.6,1.4,1.3,1.3,1.3,1.3,1.2,1.2,1.2,1.1,1,1,0.9,0.8,0.6,0.8,0.8,0.7
Poverty gap at $8.30 a day (2021 PPP) (%),SI.POV.UMIC.GP,IBRD only,IBD,..,..,..,..,..,..,..,..,..,..,..,..,..,..,..,..,..,..,..,..,..,..,..,..,..,..,..,..,..,..,..,..,..,..,..,..,..,..,..,..,..,..,..,..,..,..,..,..,..,..,..,..,..,..,..,..,..,..,..,..,..,..,..,..,..
Poverty gap at $8.30 a day (2021 PPP) (%),SI.POV.UMIC.GP,IDA & IBRD total,IBT,..,..,..,..,..,..,..,..,..,..,..,..,..,..,..,..,..,..,..,..,..,..,..,..,..,..,..,..,..,..,..,..,..,..,..,..,..,..,..,..,..,..,..,..,..,..,..,..,..,..,..,..,..,..,..,..,..,..,..,..,..,..,..,..,..
Poverty gap at $8.30 a day (2021 PPP) (%),SI.POV.UMIC.GP,IDA blend,IDB,..,..,..,..,..,..,..,..,..,..,..,..,..,..,..,..,..,..,..,..,..,..,..,..,..,..,..,..,..,..,..,..,..,..,..,..,..,..,..,..,..,..,..,..,..,..,..,..,..,..,..,..,..,..,..,..,..,..,..,..,..,..,..,..,..
Poverty gap at $8.30 a day (2021 PPP) (%),SI.POV.UMIC.GP,IDA only,IDX,..,..,..,..,..,..,..,..,..,..,..,..,..,..,..,..,..,..,..,..,..,..,..,..,..,..,..,..,..,..,..,..,..,..,..,..,..,..,..,..,..,..,..,..,..,..,..,..,..,..,..,..,..,..,..,..,..,..,..,..,..,..,..,..,..
Poverty gap at $8.30 a day (2021 PPP) (%),SI.POV.UMIC.GP,IDA total,IDA,..,..,..,..,..,..,..,..,..,..,..,..,..,..,..,..,..,..,..,..,..,..,..,..,..,..,..,..,..,63.8,64,63.8,63.5,63.6,63.1,62.8,62.1,61.6,61.5,61.6,61.4,61,60.5,59.7,58,57,56,54.9,53.7,53.4,52.2,51.6,50.8,49.2,48.6,48.2,47.9,47.2,46.7,46.5,47.6,47.6,47.2,47.1,46.9
Poverty gap at $8.30 a day (2021 PPP) (%),SI.POV.UMIC.GP,Late-demographic dividend,LTE,..,..,..,..,..,..,..,..,..,..,..,..,..,..,..,..,..,..,..,..,..,..,..,..,..,..,..,..,..,..,..,..,..,..,..,..,..,..,..,..,..,..,..,..,..,..,..,..,..,..,..,..,..,..,..,..,..,..,..,..,..,..,..,..,..
Poverty gap at $8.30 a day (2021 PPP) (%),SI.POV.UMIC.GP,Latin America & Caribbean,LCN,..,..,..,..,..,..,..,..,..,..,..,..,..,..,..,..,..,..,..,..,..,28.6,29.1,31.9,31.6,30.3,25.5,28.1,28.5,28,29.3,28.8,28.9,28.9,28.2,27.4,28.4,27.8,27.4,27.9,26.4,26.1,25.7,25.2,24,22.6,20.1,18.8,17.6,17.3,16.1,15,14.3,13.6,13.3,12.4,12.4,12.2,12,11.9,11.8,12.2,10.7,10.2,9.8
Poverty gap at $8.30 a day (2021 PPP) (%),SI.POV.UMIC.GP,Latin America & Caribbean (excluding high income),LAC,..,..,..,..,..,..,..,..,..,..,..,..,..,..,..,..,..,..,..,..,..,..,..,..,..,..,..,..,..,..,..,..,..,..,..,..,..,..,..,..,..,..,..,..,..,..,..,..,..,..,..,..,..,..,..,..,..,..,..,..,..,..,..,..,..
Poverty gap at $8.30 a day (2021 PPP) (%),SI.POV.UMIC.GP,Latin America & the Caribbean (IDA & IBRD countries),TLA,..,..,..,..,..,..,..,..,..,..,..,..,..,..,..,..,..,..,..,..,..,..,..,..,..,..,..,..,..,..,..,..,..,..,..,..,..,..,..,..,..,..,..,..,..,..,..,..,..,..,..,..,..,..,..,..,..,..,..,..,..,..,..,..,..
Poverty gap at $8.30 a day (2021 PPP) (%),SI.POV.UMIC.GP,Least developed countries: UN classification,LDC,..,..,..,..,..,..,..,..,..,..,..,..,..,..,..,..,..,..,..,..,..,..,..,..,..,..,..,..,..,..,..,..,..,..,..,..,..,..,..,..,..,..,..,..,..,..,..,..,..,..,..,..,..,..,..,..,..,..,..,..,..,..,..,..,..
Poverty gap at $8.30 a day (2021 PPP) (%),SI.POV.UMIC.GP,Low & middle income,LMY,..,..,..,..,..,..,..,..,..,..,..,..,..,..,..,..,..,..,..,..,..,..,..,..,60.1,59.4,58.4,58.2,57.4,58.2,57.9,57.7,57.3,56.8,55.7,54.7,53.8,53.5,53.5,53,52,51.1,49.7,48.4,46.8,45.2,43.9,42.3,41.2,40.1,38.1,36.4,35,32.7,31.4,30.2,29.1,28.2,27.1,26.4,27,26,25.3,24.5,23.8
Poverty gap at $8.30 a day (2021 PPP) (%),SI.POV.UMIC.GP,Low income,LIC,..,..,..,..,..,..,..,..,..,..,..,..,..,..,..,..,..,..,..,..,..,..,..,..,..,..,..,..,..,..,..,..,..,..,..,..,..,..,..,..,..,..,63.2,61.6,60.9,60.4,59.8,59.1,58.2,58.4,57.3,57,56.7,56.9,57.2,57.7,58.1,57.9,..,..,59.3,59.8,59.5,60,..
Poverty gap at $8.30 a day (2021 PPP) (%),SI.POV.UMIC.GP,Lower middle income,LMC,..,..,..,..,..,..,..,..,..,..,..,..,..,..,..,..,..,..,..,..,..,60,59.6,59,58.9,58.7,58.6,58.8,58.5,58.3,58,57.8,57.4,57.3,56.8,56.5,55.9,..,..,..,..,..,55,54.4,53.6,52.8,51.7,50.5,49.6,48.4,46.5,45.1,43.9,42.2,40.8,..,..,..,..,..,35.9,34.9,33.6,32.2,31
Poverty gap at $8.30 a day (2021 PPP) (%),SI.POV.UMIC.GP,"Middle East, North Africa, Afghanistan & Pakistan",MEA,..,..,..,..,..,..,..,..,..,..,..,..,..,..,..,..,..,..,..,..,..,..,..,..,42.9,42.5,42.3,42.5,42.2,42.4,41.3,40.6,38.6,38.5,37.3,37.4,36,35.2,34.5,34.3,34.1,34.4,34.2,33.5,31.7,31.1,30.4,29.8,28.7,28.5,27.3,26.8,26.1,25.8,25.6,25.2,25.4,25.3,25.4,25.7,..,..,..,..,..
Poverty gap at $8.30 a day (2021 PPP) (%),SI.POV.UMIC.GP,"Middle East, North Africa, Afghanistan & Pakistan (excluding high income)",MNA,..,..,..,..,..,..,..,..,..,..,..,..,..,..,..,..,..,..,..,..,..,..,..,..,..,..,..,..,..,..,..,..,..,..,..,..,..,..,..,..,..,..,..,..,..,..,..,..,..,..,..,..,..,..,..,..,..,..,..,..,..,..,..,..,..
Poverty gap at $8.30 a day (2021 PPP) (%),SI.POV.UMIC.GP,"Middle East, North Africa, Afghanistan & Pakistan (IDA & IBRD)",TMN,..,..,..,..,..,..,..,..,..,..,..,..,..,..,..,..,..,..,..,..,..,..,..,..,..,..,..,..,..,..,..,..,..,..,..,..,..,..,..,..,..,..,..,..,..,..,..,..,..,..,..,..,..,..,..,..,..,..,..,..,..,..,..,..,..
Poverty gap at $8.30 a day (2021 PPP) (%),SI.POV.UMIC.GP,Middle income,MIC,..,..,..,..,..,..,..,..,..,..,..,..,..,..,..,..,..,..,..,..,..,..,..,..,..,..,..,..,..,..,..,..,..,..,..,..,..,..,..,..,..,..,..,..,..,..,..,..,..,..,..,..,..,..,..,..,..,..,..,..,..,..,..,..,..
Poverty gap at $8.30 a day (2021 PPP) (%),SI.POV.UMIC.GP,North America,NAC,..,..,..,..,..,..,..,..,..,..,..,..,..,..,..,..,..,..,..,..,..,0.8,0.9,0.9,0.8,0.8,0.8,0.7,0.6,0.7,0.7,0.8,0.8,0.8,0.8,0.8,0.7,0.8,0.9,0.7,0.8,0.9,0.9,1,1.1,1,1,1,1.1,1,1.1,1.1,1.1,1.1,1.3,1.2,1.1,1.2,1.1,1,0.5,0.4,1.2,1.1,1.1
Poverty gap at $8.30 a day (2021 PPP) (%),SI.POV.UMIC.GP,Not classified,INX,..,..,..,..,..,..,..,..,..,..,..,..,..,..,..,..,..,..,..,..,..,..,..,..,..,..,..,..,..,..,..,..,..,..,..,..,..,..,..,..,..,..,..,..,..,..,..,..,..,..,..,..,..,..,..,..,..,..,..,..,..,..,..,..,..
Poverty gap at $8.30 a day (2021 PPP) (%),SI.POV.UMIC.GP,OECD members,OED,..,..,..,..,..,..,..,..,..,..,..,..,..,..,..,..,..,..,..,..,..,..,..,..,..,..,..,..,..,..,..,..,..,..,..,..,..,..,..,..,..,..,..,..,..,..,..,..,..,..,..,..,..,..,..,..,..,..,..,..,..,..,..,..,..
Poverty gap at $8.30 a day (2021 PPP) (%),SI.POV.UMIC.GP,Other small states,OSS,..,..,..,..,..,..,..,..,..,..,..,..,..,..,..,..,..,..,..,..,..,..,..,..,..,..,..,..,..,..,..,..,..,..,..,..,..,..,..,..,..,..,..,..,..,..,..,..,..,..,..,..,..,..,..,..,..,..,..,..,..,..,..,..,..
Poverty gap at $8.30 a day (2021 PPP) (%),SI.POV.UMIC.GP,Pacific island small states,PSS,..,..,..,..,..,..,..,..,..,..,..,..,..,..,..,..,..,..,..,..,..,..,..,..,..,..,..,..,..,..,..,..,..,..,..,..,..,..,..,..,..,..,..,..,..,..,..,..,..,..,..,..,..,..,..,..,..,..,..,..,..,..,..,..,..
Poverty gap at $8.30 a day (2021 PPP) (%),SI.POV.UMIC.GP,Post-demographic dividend,PST,..,..,..,..,..,..,..,..,..,..,..,..,..,..,..,..,..,..,..,..,..,..,..,..,..,..,..,..,..,..,..,..,..,..,..,..,..,..,..,..,..,..,..,..,..,..,..,..,..,..,..,..,..,..,..,..,..,..,..,..,..,..,..,..,..
Poverty gap at $8.30 a day (2021 PPP) (%),SI.POV.UMIC.GP,Pre-demographic dividend,PRE,..,..,..,..,..,..,..,..,..,..,..,..,..,..,..,..,..,..,..,..,..,..,..,..,..,..,..,..,..,..,..,..,..,..,..,..,..,..,..,..,..,..,..,..,..,..,..,..,..,..,..,..,..,..,..,..,..,..,..,..,..,..,..,..,..
Poverty gap at $8.30 a day (2021 PPP) (%),SI.POV.UMIC.GP,Small states,SST,..,..,..,..,..,..,..,..,..,..,..,..,..,..,..,..,..,..,..,..,..,..,..,..,..,..,..,..,..,..,..,..,..,..,..,..,..,..,..,..,..,..,..,..,..,..,..,..,..,..,..,..,..,..,..,..,..,..,..,..,..,..,..,..,..
Poverty gap at $8.30 a day (2021 PPP) (%),SI.POV.UMIC.GP,South Asia,SAS,..,..,..,..,..,..,..,..,..,..,..,..,..,..,..,..,..,..,..,..,..,61.9,61.2,59.9,59.8,59.6,59.6,59.8,59.7,59.4,59.1,59.1,58.8,58.3,58,57.7,57.5,..,..,..,..,..,56.7,56.5,56.1,55.4,54.4,53.3,52.7,51.8,49.8,47.9,46.5,45.2,43.6,..,..,..,..,..,35.5,33.8,31.5,29.1,27.1
Poverty gap at $8.30 a day (2021 PPP) (%),SI.POV.UMIC.GP,South Asia (IDA & IBRD),TSA,..,..,..,..,..,..,..,..,..,..,..,..,..,..,..,..,..,..,..,..,..,..,..,..,..,..,..,..,..,..,..,..,..,..,..,..,..,..,..,..,..,..,..,..,..,..,..,..,..,..,..,..,..,..,..,..,..,..,..,..,..,..,..,..,..
Poverty gap at $8.30 a day (2021 PPP) (%),SI.POV.UMIC.GP,Sub-Saharan Africa,SSF,..,..,..,..,..,..,..,..,..,..,..,..,..,..,..,..,..,..,..,..,..,..,..,..,..,..,..,..,..,..,62.1,62.9,63.7,64.2,64.4,64.2,63.8,63.6,63.7,63.5,63.3,62.6,62.2,61.8,60.3,59.3,58.3,57.6,56.6,56.3,55.3,54.7,54,53.4,52.9,52.8,52.7,52.6,52.4,52.4,53.9,54.1,54,54.1,53.8
Poverty gap at $8.30 a day (2021 PPP) (%),SI.POV.UMIC.GP,Sub-Saharan Africa (excluding high income),SSA,..,..,..,..,..,..,..,..,..,..,..,..,..,..,..,..,..,..,..,..,..,..,..,..,..,..,..,..,..,..,..,..,..,..,..,..,..,..,..,..,..,..,..,..,..,..,..,..,..,..,..,..,..,..,..,..,..,..,..,..,..,..,..,..,..
Poverty gap at $8.30 a day (2021 PPP) (%),SI.POV.UMIC.GP,Sub-Saharan Africa (IDA & IBRD countries),TSS,..,..,..,..,..,..,..,..,..,..,..,..,..,..,..,..,..,..,..,..,..,..,..,..,..,..,..,..,..,..,..,..,..,..,..,..,..,..,..,..,..,..,..,..,..,..,..,..,..,..,..,..,..,..,..,..,..,..,..,..,..,..,..,..,..
Poverty gap at $8.30 a day (2021 PPP) (%),SI.POV.UMIC.GP,Upper middle income,UMC,..,..,..,..,..,..,..,..,..,..,..,..,..,..,..,..,..,..,..,..,..,..,..,..,60.8,59.5,57.8,57.3,56,57.7,57.3,57,56.4,55.6,53.8,51.9,50.6,50.3,50.3,49.4,47.3,45.7,43,40.9,38.4,35.8,33.9,31.8,30.3,28.9,26.6,24.2,22.1,18.7,17.2,15.6,14.3,13.4,12.2,11.2,11,9.4,9.1,8.3,7.9
Poverty gap at $8.30 a day (2021 PPP) (%),SI.POV.UMIC.GP,World,WLD,..,..,..,..,..,..,..,..,..,..,..,..,..,..,..,..,..,..,..,..,..,..,..,..,46.5,46,45.4,45.4,44.8,45.6,45.5,45.5,45.4,45.3,44.7,43.9,43.3,43,43.1,43,42.2,41.5,40.5,39.5,38.1,36.8,35.7,34.5,33.6,32.7,31.2,29.9,28.8,27,26,25,24.2,23.5,22.7,..,22.7,21.9,21.4,20.7,20.2
Gini index,SI.POV.GINI,Afghanistan,AFG,..,..,..,..,..,..,..,..,..,..,..,..,..,..,..,..,..,..,..,..,..,..,..,..,..,..,..,..,..,..,..,..,..,..,..,..,..,..,..,..,..,..,..,..,..,..,..,..,..,..,..,..,..,..,..,..,..,..,..,..,..,..,..,..,..
Gini index,SI.POV.GINI,Albania,ALB,..,..,..,..,..,..,..,..,..,..,..,..,..,..,..,..,..,..,..,..,..,..,..,..,..,..,..,..,..,..,..,..,..,..,..,..,27,..,..,..,..,..,31.7,..,..,30.6,..,..,30,..,..,..,29,..,34.6,32.8,33.7,33.1,30.1,30.1,29.4,..,..,..,..
Gini index,SI.POV.GINI,Algeria,DZA,..,..,..,..,..,..,..,..,..,..,..,..,..,..,..,..,..,..,..,..,..,..,..,..,..,..,..,..,37.4,..,..,..,..,..,..,35.3,..,..,..,..,..,..,..,..,..,..,..,..,..,..,..,27.6,..,..,..,..,..,..,..,..,..,..,..,..,..
Gini index,SI.POV.GINI,American Samoa,ASM,..,..,..,..,..,..,..,..,..,..,..,..,..,..,..,..,..,..,..,..,..,..,..,..,..,..,..,..,..,..,..,..,..,..,..,..,..,..,..,..,..,..,..,..,..,..,..,..,..,..,..,..,..,..,..,..,..,..,..,..,..,..,..,..,..
Gini index,SI.POV.GINI,Andorra,AND,..,..,..,..,..,..,..,..,..,..,..,..,..,..,..,..,..,..,..,..,..,..,..,..,..,..,..,..,..,..,..,..,..,..,..,..,..,..,..,..,..,..,..,..,..,..,..,..,..,..,..,..,..,..,..,..,..,..,..,..,..,..,..,..,..
Gini index,SI.POV.GINI,Angola,AGO,..,..,..,..,..,..,..,..,..,..,..,..,..,..,..,..,..,..,..,..,..,..,..,..,..,..,..,..,..,..,..,..,..,..,..,..,..,..,..,..,51.9,..,..,..,..,..,..,..,42.7,..,..,..,..,..,..,..,..,..,51.3,..,..,..,..,..,..
Gini index,SI.POV.GINI,Antigua and Barbuda,ATG,..,..,..,..,..,..,..,..,..,..,..,..,..,..,..,..,..,..,..,..,..,..,..,..,..,..,..,..,..,..,..,..,..,..,..,..,..,..,..,..,..,..,..,..,..,..,..,..,..,..,..,..,..,..,..,..,..,..,..,..,..,..,..,..,..
Gini index,SI.POV.GINI,Argentina,ARG,..,..,..,..,..,..,..,..,..,..,..,..,..,..,..,..,..,..,..,..,40.8,..,..,..,..,..,42.8,45.3,..,..,..,46.8,45.5,44.8,45.9,48.9,49.5,49.1,50.7,49.8,51,53.3,53.8,51,48.5,47.8,46.4,46.3,45,43.8,43.7,42.7,41.4,41.1,41.8,..,42.3,41.4,41.7,43.3,42.7,42.4,40.7,42.4,42.4
Gini index,SI.POV.GINI,Armenia,ARM,..,..,..,..,..,..,..,..,..,..,..,..,..,..,..,..,..,..,..,..,..,..,..,..,..,..,..,..,..,..,..,..,..,..,..,..,44.4,..,..,36.2,..,35.4,34.8,33,37.5,36,29.7,31.2,29.2,28,30,29.4,29.6,30.6,31.5,32.4,32.5,33.6,34.4,30,25.1,27.9,27.9,27.2,..
Gini index,SI.POV.GINI,Aruba,ABW,..,..,..,..,..,..,..,..,..,..,..,..,..,..,..,..,..,..,..,..,..,..,..,..,..,..,..,..,..,..,..,..,..,..,..,..,..,..,..,..,..,..,..,..,..,..,..,..,..,..,..,..,..,..,..,..,..,..,..,..,..,..,..,..,..
Gini index,SI.POV.GINI,Australia,AUS,..,..,..,..,..,..,..,..,..,..,..,..,..,..,..,..,..,..,..,..,..,31.3,..,..,..,32.5,..,..,..,33.2,..,..,..,..,..,32.6,..,..,..,..,..,33.5,..,33.5,33.1,..,..,..,35.4,..,34.7,..,..,..,34.4,..,33.7,..,34.3,..,33.8,..,..,..,..
Gini index,SI.POV.GINI,Austria,AUT,..,..,..,..,..,..,..,..,..,..,..,..,..,..,..,..,..,..,..,..,..,..,..,..,..,..,..,..,..,..,..,..,..,..,30.8,29.9,29.3,29.1,31.3,29.7,29,..,..,29.5,29.8,28.7,29.6,30.6,30.4,31.5,30.3,30.8,30.5,30.8,30.5,30.5,30.8,29.7,30.8,30.2,29.8,30.7,30.9,31.2,..
Gini index,SI.POV.GINI,Azerbaijan,AZE,..,..,..,..,..,..,..,..,..,..,..,..,..,..,..,..,..,..,..,..,..,..,..,..,..,..,..,..,..,..,..,..,..,..,..,34.6,..,..,..,..,..,36.5,25.3,26.8,26.6,26.6,..,..,..,..,..,..,..,..,..,..,..,..,..,..,..,..,..,..,..
Gini index,SI.POV.GINI,"Bahamas, The",BHS,..,..,..,..,..,..,..,..,..,..,..,..,..,..,..,..,..,..,..,..,..,..,..,..,..,..,..,..,..,..,..,..,..,..,..,..,..,..,..,..,..,..,..,..,..,..,..,..,..,..,..,..,..,..,..,..,..,..,..,..,..,..,..,..,..
Gini index,SI.POV.GINI,Bahrain,BHR,..,..,..,..,..,..,..,..,..,..,..,..,..,..,..,..,..,..,..,..,..,..,..,..,..,..,..,..,..,..,..,..,..,..,..,..,..,..,..,..,..,..,..,..,..,..,..,..,..,..,..,..,..,..,..,..,..,..,..,..,..,..,..,..,..
Gini index,SI.POV.GINI,Bangladesh,BGD,..,..,..,..,..,..,..,..,..,..,..,..,..,..,..,..,..,..,..,..,..,..,..,25.9,..,26.9,..,..,28.8,..,..,27.6,..,..,..,32.9,..,..,..,..,33.4,..,..,..,..,33.2,..,..,..,..,32.1,..,..,..,..,..,32.4,..,..,..,..,..,30.9,..,..
Gini index,SI.POV.GINI,Barbados,BRB,..,..,..,..,..,..,..,..,..,..,..,..,..,..,..,..,..,..,..,..,..,..,..,..,..,..,..,..,..,..,..,..,..,..,..,..,..,..,..,..,..,..,..,..,..,..,..,..,..,..,..,..,..,..,..,..,34.1,..,..,..,..,..,..,..,..
Gini index,SI.POV.GINI,Belarus,BLR,..,..,..,..,..,..,..,..,..,..,..,..,..,..,..,..,..,..,..,..,..,..,..,..,..,..,..,..,..,..,..,..,..,21.6,..,28.7,..,..,32,31.7,31.2,30.6,30.3,28.8,26.5,27.6,28.3,29.6,27.8,27.7,28.6,27.2,26.5,26.6,27.2,25.6,25.3,25.4,25.2,25.3,24.4,..,..,..,..
Gini index,SI.POV.GINI,Belgium,BEL,..,..,..,..,..,..,..,..,..,..,..,..,..,..,..,..,..,..,..,..,..,..,..,..,..,25.2,..,..,25.7,..,..,..,24.9,..,..,28.4,..,26.8,..,..,33.1,..,..,28.1,30.5,29.3,28.1,29.2,28.4,28.6,28.4,28.1,27.5,27.7,28.1,27.7,27.6,27.4,27.2,27.2,26,26.6,26.4,26.8,..
Gini index,SI.POV.GINI,Belize,BLZ,..,..,..,..,..,..,..,..,..,..,..,..,..,..,..,..,..,..,..,..,..,..,..,..,..,..,..,..,..,..,..,..,..,60.2,60.9,57.5,56.6,60.4,54.9,53.2,..,..,..,..,..,..,..,..,..,..,..,..,..,..,..,..,..,..,39.9,..,..,..,..,..,..
Gini index,SI.POV.GINI,Benin,BEN,..,..,..,..,..,..,..,..,..,..,..,..,..,..,..,..,..,..,..,..,..,..,..,..,..,..,..,..,..,..,..,..,..,..,..,..,..,..,..,..,..,..,..,38.6,..,..,..,..,..,..,..,43.4,..,..,..,47.6,..,..,37.9,..,..,34.4,..,..,..
Gini index,SI.POV.GINI,Bermuda,BMU,..,..,..,..,..,..,..,..,..,..,..,..,..,..,..,..,..,..,..,..,..,..,..,..,..,..,..,..,..,..,..,..,..,..,..,..,..,..,..,..,..,..,..,..,..,..,..,..,..,..,..,..,..,..,..,..,..,..,..,..,..,..,..,..,..
Gini index,SI.POV.GINI,Bhutan,BTN,..,..,..,..,..,..,..,..,..,..,..,..,..,..,..,..,..,..,..,..,..,..,..,..,..,..,..,..,..,..,..,..,..,..,..,..,..,..,..,..,..,..,..,40.9,..,..,..,38.1,..,..,..,..,38.8,..,..,..,..,37.4,..,..,..,..,28.5,..,..
Gini index,SI.POV.GINI,Bolivia,BOL,..,..,..,..,..,..,..,..,..,..,..,..,..,..,..,..,..,..,..,..,..,..,..,..,..,..,..,..,..,..,42,..,49.1,..,..,..,..,58.1,..,58,61.6,57.4,59.3,..,55,58.5,56.7,54.5,50.8,49.2,..,46.1,46.6,47.6,47.8,46.7,45.2,44.6,42.6,41.6,43.6,40.9,41.2,42.1,..
Gini index,SI.POV.GINI,Bosnia and Herzegovina,BIH,..,..,..,..,..,..,..,..,..,..,..,..,..,..,..,..,..,..,..,..,..,..,..,..,..,..,..,..,..,..,..,..,..,..,..,..,..,..,..,..,..,30,..,..,34,..,..,33.1,..,..,..,33,..,..,..,..,..,..,..,..,..,..,..,..,..
Gini index,SI.POV.GINI,Botswana,BWA,..,..,..,..,..,..,..,..,..,..,..,..,..,..,..,..,..,..,..,..,..,..,..,..,..,54.2,..,..,..,..,..,..,..,60.1,..,..,..,..,..,..,..,..,61.5,..,..,..,..,..,..,56.9,..,..,..,..,..,54.9,..,..,..,..,..,..,..,..,..
Gini index,SI.POV.GINI,Brazil,BRA,..,..,..,..,..,..,..,..,..,..,..,..,..,..,..,..,..,..,..,..,..,57.9,58.4,58.9,58.3,55.5,58.4,59.6,61.4,63.2,60.5,..,53.1,60.1,..,59.5,59.8,59.8,59.6,59,..,58.4,58.1,57.6,56.5,56.3,55.6,54.9,54,53.7,..,52.9,53.4,52.7,52,51.9,53.4,53.3,53.9,53.5,48.9,52.9,52,51.6,..
Gini index,SI.POV.GINI,British Virgin Islands,VGB,..,..,..,..,..,..,..,..,..,..,..,..,..,..,..,..,..,..,..,..,..,..,..,..,..,..,..,..,..,..,..,..,..,..,..,..,..,..,..,..,..,..,..,..,..,..,..,..,..,..,..,..,..,..,..,..,..,..,..,..,..,..,..,..,..
Gini index,SI.POV.GINI,Brunei Darussalam,BRN,..,..,..,..,..,..,..,..,..,..,..,..,..,..,..,..,..,..,..,..,..,..,..,..,..,..,..,..,..,..,..,..,..,..,..,..,..,..,..,..,..,..,..,..,..,..,..,..,..,..,..,..,..,..,..,..,..,..,..,..,..,..,..,..,..
Gini index,SI.POV.GINI,Bulgaria,BGR,..,..,..,..,..,..,..,..,..,..,..,..,..,..,..,..,..,..,..,..,..,..,..,..,..,..,..,..,..,23.4,..,..,30.7,..,24.3,32.8,..,26.4,..,..,..,32.7,..,28.9,..,..,35.7,36.1,33.6,33.8,35.7,34.3,36,36.6,37.4,38.6,40.6,40.4,41.3,40.3,40.5,39,38.2,39.5,..
Gini index,SI.POV.GINI,Burkina Faso,BFA,..,..,..,..,..,..,..,..,..,..,..,..,..,..,..,..,..,..,..,..,..,..,..,..,..,..,..,..,..,..,..,..,..,..,48,..,..,..,49.9,..,..,..,..,43.3,..,..,..,..,..,39.8,..,..,..,..,35.3,..,..,..,43,..,..,37.4,..,..,..
Gini index,SI.POV.GINI,Burundi,BDI,..,..,..,..,..,..,..,..,..,..,..,..,..,..,..,..,..,..,..,..,..,..,..,..,..,..,..,..,..,..,..,..,33.3,..,..,..,..,..,42.1,..,..,..,..,..,..,..,33.4,..,..,..,..,..,..,38.6,..,..,..,..,..,..,37.5,..,..,..,..
Gini index,SI.POV.GINI,Cabo Verde,CPV,..,..,..,..,..,..,..,..,..,..,..,..,..,..,..,..,..,..,..,..,..,..,..,..,..,..,..,..,..,..,..,..,..,..,..,..,..,..,..,..,..,52.5,..,..,..,..,..,47.2,..,..,..,..,..,..,..,42.4,..,..,..,..,..,..,..,..,..
Gini index,SI.POV.GINI,Cambodia,KHM,..,..,..,..,..,..,..,..,..,..,..,..,..,..,..,..,..,..,..,..,..,..,..,..,..,..,..,..,..,..,..,..,..,..,..,..,..,..,..,..,..,..,..,..,..,..,..,..,..,..,..,..,..,..,..,..,..,..,..,..,..,..,..,..,..
Gini index,SI.POV.GINI,Cameroon,CMR,..,..,..,..,..,..,..,..,..,..,..,..,..,..,..,..,..,..,..,..,..,..,..,..,..,..,..,..,..,..,..,..,..,..,..,..,44.4,..,..,..,..,42.1,..,..,..,..,..,42.8,..,..,..,..,..,..,46.6,..,..,..,..,..,..,42.2,..,..,..
Gini index,SI.POV.GINI,Canada,CAN,..,..,..,..,..,..,..,..,..,..,..,37.2,..,34.9,..,34.1,..,33.7,..,33.5,..,33,32.9,..,33.5,33.2,31.7,31.7,31.2,31,31.4,31.9,31.6,31.7,31.3,31.5,32.8,33.1,33.2,33.1,33.4,33.6,33.6,33.8,33.8,33.6,34.1,33.8,33.9,34,33.6,32.7,33.5,33.8,33.2,33.7,32.7,33.3,32.5,31.7,29.9,31.1,..,..,..
Gini index,SI.POV.GINI,Cayman Islands,CYM,..,..,..,..,..,..,..,..,..,..,..,..,..,..,..,..,..,..,..,..,..,..,..,..,..,..,..,..,..,..,..,..,..,..,..,..,..,..,..,..,..,..,..,..,..,..,..,..,..,..,..,..,..,..,..,..,..,..,..,..,..,..,..,..,..
Gini index,SI.POV.GINI,Central African Republic,CAF,..,..,..,..,..,..,..,..,..,..,..,..,..,..,..,..,..,..,..,..,..,..,..,..,..,..,..,..,..,..,..,..,59.7,..,..,..,..,..,..,..,..,..,..,..,..,..,..,..,56.2,..,..,..,..,..,..,..,..,..,..,..,..,43,..,..,..
Gini index,SI.POV.GINI,Chad,TCD,..,..,..,..,..,..,..,..,..,..,..,..,..,..,..,..,..,..,..,..,..,..,..,..,..,..,..,..,..,..,..,..,..,..,..,..,..,..,..,..,..,..,..,39.8,..,..,..,..,..,..,..,43.3,..,..,..,..,..,..,37.5,..,..,..,37.4,..,..
Gini index,SI.POV.GINI,Channel Islands,CHI,..,..,..,..,..,..,..,..,..,..,..,..,..,..,..,..,..,..,..,..,..,..,..,..,..,..,..,..,..,..,..,..,..,..,..,..,..,..,..,..,..,..,..,..,..,..,..,..,..,..,..,..,..,..,..,..,..,..,..,..,..,..,..,..,..
Gini index,SI.POV.GINI,Chile,CHL,..,..,..,..,..,..,..,..,..,..,..,..,..,..,..,..,..,..,..,..,..,..,..,..,..,..,..,56.2,..,..,57.2,..,54.8,..,56.4,..,54.9,..,55.5,..,52.8,..,..,51.5,..,..,47.7,..,..,47.4,..,46.9,..,46.8,..,45.3,..,45.3,..,..,47,..,43,..,..
Gini index,SI.POV.GINI,China,CHN,..,..,..,..,..,..,..,..,..,..,..,..,..,..,..,..,..,..,..,..,..,28.2,..,..,27.1,..,..,29.4,..,..,32.2,..,..,33.9,..,..,35.2,..,..,38.7,..,..,42,..,..,40.9,..,..,43,..,43.7,42.4,42.2,39.7,39.2,38.6,38.5,39.1,38.5,38.2,37.1,35.7,36,..,..
Gini index,SI.POV.GINI,Colombia,COL,..,..,..,..,..,..,..,..,..,..,..,..,..,..,..,..,..,..,..,..,55.1,..,..,..,..,..,..,..,53.1,52.8,..,51.3,51.3,..,..,..,56.8,..,..,58.5,58.4,57.3,56,53.6,55,53.9,..,..,55.3,54.3,54.6,53.5,52.6,52.6,52.5,51,50.6,49.7,50.4,51.3,53.5,55.1,54.8,53.9,..
Gini index,SI.POV.GINI,Comoros,COM,..,..,..,..,..,..,..,..,..,..,..,..,..,..,..,..,..,..,..,..,..,..,..,..,..,..,..,..,..,..,..,..,..,..,..,..,..,..,..,..,..,..,..,..,55.9,..,..,..,..,..,..,..,..,..,45.3,..,..,..,..,..,..,..,..,..,..
Gini index,SI.POV.GINI,"Congo, Dem. Rep.",COD,..,..,..,..,..,..,..,..,..,..,..,..,..,..,..,..,..,..,..,..,..,..,..,..,..,..,..,..,..,..,..,..,..,..,..,..,..,..,..,..,..,..,..,..,41.6,..,..,..,..,..,..,..,42.1,..,..,..,..,..,..,..,44.7,..,..,..,..
Gini index,SI.POV.GINI,"Congo, Rep.",COG,..,..,..,..,..,..,..,..,..,..,..,..,..,..,..,..,..,..,..,..,..,..,..,..,..,..,..,..,..,..,..,..,..,..,..,..,..,..,..,..,..,..,..,..,..,47.3,..,..,..,..,..,48.9,..,..,..,..,..,..,..,..,..,..,..,..,..
Gini index,SI.POV.GINI,Costa Rica,CRI,..,..,..,..,..,..,..,..,..,..,..,..,..,..,..,..,..,..,..,..,..,47.5,..,..,..,..,34.4,..,..,45.5,45.2,46.6,45.6,45.9,46.7,45.7,46.5,45.6,45.6,47.6,47.4,51.5,51.8,49.3,48.4,47.5,49.3,49.3,48.6,50.6,48,48.8,48.4,49.2,48.6,48.4,48.7,48.3,48,48.2,49.2,48.7,47.2,46.7,45.8
Gini index,SI.POV.GINI,Cote d'Ivoire,CIV,..,..,..,..,..,..,..,..,..,..,..,..,..,..,..,..,..,..,..,..,..,..,..,..,..,45.5,38,40.5,36.9,..,..,..,39.4,..,..,40.6,..,..,39,..,..,..,41.3,..,..,..,..,..,43.2,..,..,..,..,..,..,41.5,..,..,37.2,..,..,35.3,..,..,..
Gini index,SI.POV.GINI,Croatia,HRV,..,..,..,..,..,..,..,..,..,..,..,..,..,..,..,..,..,..,..,..,..,..,..,..,..,..,..,..,22.8,..,..,..,..,..,..,..,..,..,28.7,27.6,31.3,31.1,..,..,29.7,..,..,..,33.7,32.6,32.4,32.3,32.5,32,32.1,31.1,30.9,30.4,29.7,28.9,29.5,28.9,30,30.1,..
Gini index,SI.POV.GINI,Cuba,CUB,..,..,..,..,..,..,..,..,..,..,..,..,..,..,..,..,..,..,..,..,..,..,..,..,..,..,..,..,..,..,..,..,..,..,..,..,..,..,..,..,..,..,..,..,..,..,..,..,..,..,..,..,..,..,..,..,..,..,..,..,..,..,..,..,..
Gini index,SI.POV.GINI,Curacao,CUW,..,..,..,..,..,..,..,..,..,..,..,..,..,..,..,..,..,..,..,..,..,..,..,..,..,..,..,..,..,..,..,..,..,..,..,..,..,..,..,..,..,..,..,..,..,..,..,..,..,..,..,..,..,..,..,..,..,..,..,..,..,..,..,..,..
Gini index,SI.POV.GINI,Cyprus,CYP,..,..,..,..,..,..,..,..,..,..,..,..,..,..,..,..,..,..,..,..,..,..,..,..,..,..,..,..,..,..,..,..,..,..,..,..,..,..,..,..,..,..,..,..,30.1,30.3,31.1,31.1,31.7,32.1,31.5,32.6,34.3,37,35.6,34,32.9,31.4,32.7,31.2,31.7,31.3,31.5,31.8,..
Gini index,SI.POV.GINI,Czechia,CZE,..,..,..,..,..,..,..,..,..,..,..,..,..,..,..,..,..,..,..,..,..,..,..,..,..,..,..,..,..,..,..,..,20.7,26.6,..,..,25.8,..,..,..,..,..,26.6,..,27.5,26.9,26.7,26,26.3,26.2,26.6,26.4,26.1,26.5,25.9,25.9,25.4,24.9,25,25.3,26.2,26.2,25.9,25.7,..
Gini index,SI.POV.GINI,Denmark,DNK,..,..,..,..,..,..,..,..,..,..,..,..,..,..,..,..,..,..,..,..,..,..,..,..,..,..,..,26.2,..,..,..,..,24.7,..,..,23,..,..,..,..,23.8,..,..,25.6,24.9,25.2,25.9,26.2,25.2,26.7,27.2,27.3,27.8,28.5,28.4,28.2,28.2,28.7,28.2,27.7,27.5,28.3,29.3,29.9,..
Gini index,SI.POV.GINI,Djibouti,DJI,..,..,..,..,..,..,..,..,..,..,..,..,..,..,..,..,..,..,..,..,..,..,..,..,..,..,..,..,..,..,..,..,..,..,..,..,..,..,..,..,..,..,40,..,..,..,..,..,..,..,..,..,45.1,44.1,..,..,..,41.6,..,..,..,..,..,..,..
Gini index,SI.POV.GINI,Dominica,DMA,..,..,..,..,..,..,..,..,..,..,..,..,..,..,..,..,..,..,..,..,..,..,..,..,..,..,..,..,..,..,..,..,..,..,..,..,..,..,..,..,..,..,..,..,..,..,..,..,..,..,..,..,..,..,..,..,..,..,..,..,..,..,..,..,..
Gini index,SI.POV.GINI,Dominican Republic,DOM,..,..,..,..,..,..,..,..,..,..,..,..,..,..,..,..,..,..,..,..,..,..,..,..,..,..,47.8,..,..,50.4,..,..,51.1,..,..,..,47.4,48.9,..,..,51.5,50,49.7,52.1,52.1,50,52,48.9,48.1,48.9,47.3,47.7,46.1,47.7,44.3,45.2,45.7,42.2,43.7,41.9,39.6,38.5,37,38.4,39
Gini index,SI.POV.GINI,Ecuador,ECU,..,..,..,..,..,..,..,..,..,..,..,..,..,..,..,..,..,..,..,..,..,..,..,..,..,..,..,50.5,..,..,..,..,..,..,53.3,50.8,..,..,49.6,58.6,56.3,..,..,53.5,53.9,53.1,52.3,53.4,49.8,48.5,48.8,45.9,46.1,46.9,45,46,45,44.7,45.4,45.7,47.3,45.8,45.5,44.6,45.2
Gini index,SI.POV.GINI,"Egypt, Arab Rep.",EGY,..,..,..,..,..,..,..,..,..,..,..,..,..,..,..,..,..,..,..,..,..,..,..,..,..,..,..,..,..,..,32,..,..,..,..,30.1,..,..,..,30.8,..,..,..,..,31.8,..,..,..,31.1,..,30.2,..,28.3,..,..,31.8,..,31.5,..,31.9,..,28.5,..,..,..
Gini index,SI.POV.GINI,El Salvador,SLV,..,..,..,..,..,..,..,..,..,..,..,..,..,..,..,..,..,..,..,..,..,..,..,..,..,..,..,..,..,48.7,..,53.8,..,..,..,49.8,51,..,54.4,52.1,51.5,51.3,51.9,50.4,47.8,48.5,45.7,45.2,46.9,45.8,43.5,42.3,41.8,43.4,41.6,40.6,40,38,38.6,38.8,..,39,38.8,39.8,..
Gini index,SI.POV.GINI,Equatorial Guinea,GNQ,..,..,..,..,..,..,..,..,..,..,..,..,..,..,..,..,..,..,..,..,..,..,..,..,..,..,..,..,..,..,..,..,..,..,..,..,..,..,..,..,..,..,..,..,..,..,..,..,..,..,..,..,..,..,..,..,..,..,..,..,..,..,38.5,..,..
Gini index,SI.POV.GINI,Eritrea,ERI,..,..,..,..,..,..,..,..,..,..,..,..,..,..,..,..,..,..,..,..,..,..,..,..,..,..,..,..,..,..,..,..,..,..,..,..,..,..,..,..,..,..,..,..,..,..,..,..,..,..,..,..,..,..,..,..,..,..,..,..,..,..,..,..,..
Gini index,SI.POV.GINI,Estonia,EST,..,..,..,..,..,..,..,..,..,..,..,..,..,..,..,..,..,..,..,..,..,..,..,..,..,..,..,..,..,..,..,..,..,39.4,..,30.1,..,..,37.6,..,35.8,36,35.8,37.2,33.6,33.4,33.7,31.2,31.9,31.4,32,32.5,32.9,35.1,34.6,32.7,31.2,30.4,30.3,30.8,30.7,31.8,32.3,30.7,..
Gini index,SI.POV.GINI,Eswatini,SWZ,..,..,..,..,..,..,..,..,..,..,..,..,..,..,..,..,..,..,..,..,..,..,..,..,..,..,..,..,..,..,..,..,..,..,58.7,..,..,..,..,..,53.1,..,..,..,..,..,..,..,..,51.4,..,..,..,..,..,..,54.6,..,..,..,..,..,..,..,..
Gini index,SI.POV.GINI,Ethiopia,ETH,..,..,..,..,..,..,..,..,..,..,..,..,..,..,..,..,..,..,..,..,..,..,..,..,..,..,..,..,..,..,..,..,..,..,..,44.6,..,..,..,30,..,..,..,..,29.8,..,..,..,..,..,33.2,..,..,..,..,35,..,..,..,..,..,31.1,..,..,..
Gini index,SI.POV.GINI,Faroe Islands,FRO,..,..,..,..,..,..,..,..,..,..,..,..,..,..,..,..,..,..,..,..,..,..,..,..,..,..,..,..,..,..,..,..,..,..,..,..,..,..,..,..,..,..,..,..,..,..,..,..,..,..,..,..,..,..,..,..,..,..,..,..,..,..,..,..,..
Gini index,SI.POV.GINI,Fiji,FJI,..,..,..,..,..,..,..,..,..,..,..,..,..,..,..,..,..,..,..,..,..,..,..,..,..,..,..,..,..,..,..,..,..,..,..,..,..,..,..,..,..,..,38.1,..,..,..,..,..,40.4,..,..,..,..,36.7,..,..,..,..,..,30.7,..,..,..,..,..
Gini index,SI.POV.GINI,Finland,FIN,..,..,..,..,..,..,..,..,..,..,..,..,..,..,..,..,..,..,..,..,..,..,..,..,..,..,..,22.2,..,..,..,22.9,..,..,..,23.5,..,..,..,..,27.2,..,..,27.7,27.9,27.6,28,28.3,27.8,27.5,27.7,27.6,27.1,27.2,26.8,27.1,27.1,27.4,27.3,27.7,27.1,27.7,27.9,27.4,..
Gini index,SI.POV.GINI,France,FRA,..,..,..,..,..,..,..,..,..,..,37.1,..,..,..,..,35.9,..,..,..,34,..,..,..,..,33.4,..,..,..,..,..,32.1,..,..,..,..,..,32,31.9,31.7,32.5,32.6,32.5,31.8,31.4,30.6,29.8,29.7,32.4,33,32.7,33.7,33.3,33.1,32.5,32.3,32.7,31.9,31.6,32.4,31.2,30.7,31.5,31.2,31.8,..
Gini index,SI.POV.GINI,French Polynesia,PYF,..,..,..,..,..,..,..,..,..,..,..,..,..,..,..,..,..,..,..,..,..,..,..,..,..,..,..,..,..,..,..,..,..,..,..,..,..,..,..,..,..,..,..,..,..,..,..,..,..,..,..,..,..,..,..,..,..,..,..,..,..,..,..,..,..
Gini index,SI.POV.GINI,Gabon,GAB,..,..,..,..,..,..,..,..,..,..,..,..,..,..,..,..,..,..,..,..,..,..,..,..,..,..,..,..,..,..,..,..,..,..,..,..,..,..,..,..,..,..,..,..,..,42.2,..,..,..,..,..,..,..,..,..,..,..,38,..,..,..,..,..,..,..
Gini index,SI.POV.GINI,"Gambia, The",GMB,..,..,..,..,..,..,..,..,..,..,..,..,..,..,..,..,..,..,..,..,..,..,..,..,..,..,..,..,..,..,..,..,..,..,..,..,..,..,48.3,..,..,..,..,47.3,..,..,..,..,..,..,43.6,..,..,..,..,35.9,..,..,..,..,38.8,..,..,..,..
Gini index,SI.POV.GINI,Georgia,GEO,..,..,..,..,..,..,..,..,..,..,..,..,..,..,..,..,..,..,..,..,..,..,..,..,..,..,..,..,..,..,..,..,..,..,..,..,37.1,40.7,41.2,40.1,40.5,39.6,37.2,36.6,36.2,37.4,36.9,38.1,38.5,38.2,39.5,39.6,39,38.6,37.6,36.5,36.6,37.9,36.4,35.9,34.5,34.2,33.5,34.8,33.9
Gini index,SI.POV.GINI,Germany,DEU,..,..,..,..,..,..,..,..,..,..,..,..,..,..,..,..,..,..,..,..,..,..,..,..,..,..,..,..,..,..,..,29.5,29.1,28.6,29.2,28.8,28,28.2,28.3,29,28.9,29.9,29.8,29.8,30.2,31.7,31,31.2,30.8,30.5,30.2,30.6,31.1,31.5,30.8,31.7,31.4,31.3,31.9,31.8,32.4,..,..,..,..
Gini index,SI.POV.GINI,Ghana,GHA,..,..,..,..,..,..,..,..,..,..,..,..,..,..,..,..,..,..,..,..,..,..,..,..,..,..,..,35.3,36,..,..,38.4,..,..,..,..,..,..,40.1,..,..,..,..,..,..,42.8,..,..,..,..,..,..,42.4,..,..,..,43.5,..,..,..,..,..,..,..,..
Gini index,SI.POV.GINI,Gibraltar,GIB,..,..,..,..,..,..,..,..,..,..,..,..,..,..,..,..,..,..,..,..,..,..,..,..,..,..,..,..,..,..,..,..,..,..,..,..,..,..,..,..,..,..,..,..,..,..,..,..,..,..,..,..,..,..,..,..,..,..,..,..,..,..,..,..,..
Gini index,SI.POV.GINI,Greece,GRC,..,..,..,..,..,..,..,..,..,..,..,..,..,..,..,..,..,..,..,..,..,..,..,..,..,..,..,..,..,..,..,..,..,..,..,37,..,..,..,..,34.4,..,35.5,32.8,33.6,34.6,35.1,34,33.6,33.6,34.1,34.8,36.3,36.1,35.8,36,35,34.4,32.9,33.1,33.6,32.9,33.4,33.4,..
Gini index,SI.POV.GINI,Greenland,GRL,..,..,..,..,..,..,..,..,..,..,..,..,..,..,..,..,..,..,..,..,..,..,..,..,..,..,..,..,..,..,..,..,..,..,..,..,..,..,..,..,..,..,..,..,..,..,..,..,..,..,..,..,..,..,..,..,..,..,..,..,..,..,..,..,..
Gini index,SI.POV.GINI,Grenada,GRD,..,..,..,..,..,..,..,..,..,..,..,..,..,..,..,..,..,..,..,..,..,..,..,..,..,..,..,..,..,..,..,..,..,..,..,..,..,..,..,..,..,..,..,..,..,..,..,..,..,..,..,..,..,..,..,..,..,..,43.8,..,..,..,..,..,..
Gini index,SI.POV.GINI,Guam,GUM,..,..,..,..,..,..,..,..,..,..,..,..,..,..,..,..,..,..,..,..,..,..,..,..,..,..,..,..,..,..,..,..,..,..,..,..,..,..,..,..,..,..,..,..,..,..,..,..,..,..,..,..,..,..,..,..,..,..,..,..,..,..,..,..,..
Gini index,SI.POV.GINI,Guatemala,GTM,..,..,..,..,..,..,..,..,..,..,..,..,..,..,..,..,..,..,..,..,..,..,..,..,..,..,54.1,..,..,58.8,..,..,..,..,..,..,..,..,49.4,..,54.2,..,..,..,..,..,54.5,..,..,..,..,..,..,..,48.3,..,..,..,..,..,..,..,..,45.2,..
Gini index,SI.POV.GINI,Guinea,GIN,..,..,..,..,..,..,..,..,..,..,..,..,..,..,..,..,..,..,..,..,..,..,..,..,..,..,..,..,..,..,..,45.6,..,..,46.1,..,..,..,..,..,..,..,43,..,..,..,..,39.4,..,..,..,..,33.7,..,..,..,..,..,29.6,..,..,..,..,..,..
Gini index,SI.POV.GINI,Guinea-Bissau,GNB,..,..,..,..,..,..,..,..,..,..,..,..,..,..,..,..,..,..,..,..,..,..,..,..,..,..,..,..,..,..,..,55.8,..,43.6,..,..,..,..,..,..,..,..,35.6,..,..,..,..,..,..,..,50.6,..,..,..,..,..,..,..,34.8,..,..,33.4,..,..,..
Gini index,SI.POV.GINI,Guyana,GUY,..,..,..,..,..,..,..,..,..,..,..,..,..,..,..,..,..,..,..,..,..,..,..,..,..,..,..,..,..,..,..,..,39.5,..,..,..,..,..,45.1,..,..,..,..,..,..,..,..,..,..,..,..,..,..,..,..,..,..,..,..,..,..,..,..,..,..
Gini index,SI.POV.GINI,Haiti,HTI,..,..,..,..,..,..,..,..,..,..,..,..,..,..,..,..,..,..,..,..,..,..,..,..,..,..,..,..,..,..,..,..,..,..,..,..,..,..,..,..,..,59,..,..,..,..,..,..,..,..,..,..,41.1,..,..,..,..,..,..,..,..,..,..,..,..
Gini index,SI.POV.GINI,Honduras,HND,..,..,..,..,..,..,..,..,..,..,..,..,..,..,..,..,..,..,..,..,..,..,..,..,..,..,..,..,..,55.4,55.9,51.8,51.8,53.4,55,55.5,55.7,52.7,57.3,55.2,..,55.4,55.7,58.1,58.1,59.5,57.5,55.8,55.5,51.3,53.1,52.6,53.4,50,49.9,49.2,49.8,49.4,48.9,48.2,..,..,..,46.8,45.7
Gini index,SI.POV.GINI,"Hong Kong SAR, China",HKG,..,..,..,..,..,..,..,..,..,..,..,..,..,..,..,..,..,..,..,..,..,..,..,..,..,..,..,..,..,..,..,..,..,..,..,..,..,..,..,..,..,..,..,..,..,..,..,..,..,..,..,..,..,..,..,..,..,..,..,..,..,..,..,..,..
Gini index,SI.POV.GINI,Hungary,HUN,..,..,..,..,..,..,..,..,..,..,..,..,..,..,..,..,..,..,..,..,..,..,..,..,..,..,..,20.9,..,25,..,29.6,..,27.9,33.3,..,..,..,26.4,30.2,27.2,26.9,26.8,30.9,29.9,34.7,28.3,27.9,27.5,27,29.4,29.2,30.8,31.5,30.9,30.4,30.3,30.6,..,..,..,..,..,..,..
Gini index,SI.POV.GINI,Iceland,ISL,..,..,..,..,..,..,..,..,..,..,..,..,..,..,..,..,..,..,..,..,..,..,..,..,..,..,..,..,..,..,..,..,..,..,..,..,..,..,..,..,..,..,..,26.8,28,29,30.2,29.5,31.8,28.7,26.2,26.8,26.8,25.4,27.8,26.8,27.2,26.1,26.6,26.8,..,..,..,..,..
Gini index,SI.POV.GINI,India,IND,..,..,..,..,..,..,..,..,..,..,..,..,..,..,..,..,..,29.7,..,..,..,..,..,27.2,..,..,..,27.5,..,..,..,..,..,26.1,..,..,..,..,..,..,..,..,..,..,27.7,..,..,..,..,27.8,..,28.8,..,..,..,..,..,..,..,..,..,..,25.5,..,..
Gini index,SI.POV.GINI,Indonesia,IDN,..,..,..,..,..,..,..,..,..,..,..,..,..,..,..,..,..,..,..,..,..,..,..,..,32.3,..,..,30.4,..,..,31.1,..,..,31.8,..,..,34.2,..,30.9,30.8,30.3,31.2,30.2,29.3,30.4,29.9,31.5,33.2,32.6,33.4,34.6,37.9,37.1,38.9,38.8,38.2,36.9,36.4,36.3,35.4,35.3,35.5,35.5,36.1,34.9
Gini index,SI.POV.GINI,"Iran, Islamic Rep.",IRN,..,..,..,..,..,..,..,..,..,..,..,..,..,..,..,..,..,..,..,..,..,..,..,..,..,..,47.4,..,..,..,43.6,..,..,..,43,..,..,..,44.1,..,..,..,..,..,..,43.6,44.8,..,..,42.1,..,34.7,34.4,34,34.8,35.3,35.9,36.7,37.4,36.5,35.8,35.5,34.8,35.9,..
Gini index,SI.POV.GINI,Iraq,IRQ,..,..,..,..,..,..,..,..,..,..,..,..,..,..,..,..,..,..,..,..,..,..,..,..,..,..,..,..,..,..,..,..,..,..,..,..,..,..,..,..,..,..,..,..,..,..,28.6,..,..,..,..,..,29.5,..,..,..,..,..,..,..,..,..,..,29.8,..
Gini index,SI.POV.GINI,Ireland,IRL,..,..,..,..,..,..,..,..,..,..,..,..,..,..,..,..,..,..,..,..,..,..,..,..,..,..,..,35.5,..,..,..,..,..,..,36.9,37,35.6,..,..,..,33,..,32.3,32.9,33.6,33.8,32.7,31.9,30.9,32.7,32.3,32.9,33.2,33.5,31.9,31.8,32.8,31.4,30.6,30.3,29.2,29.4,29.9,29,..
Gini index,SI.POV.GINI,Isle of Man,IMN,..,..,..,..,..,..,..,..,..,..,..,..,..,..,..,..,..,..,..,..,..,..,..,..,..,..,..,..,..,..,..,..,..,..,..,..,..,..,..,..,..,..,..,..,..,..,..,..,..,..,..,..,..,..,..,..,..,..,..,..,..,..,..,..,..
Gini index,SI.POV.GINI,Israel,ISR,..,..,..,..,..,..,..,..,..,..,..,..,..,..,..,..,..,..,..,36.3,..,..,..,..,..,..,36.5,..,..,..,..,..,35.5,..,..,..,..,38.1,..,..,..,38.9,39.6,40.7,41.5,42.3,41.6,41.1,41.6,42.6,42.6,41.4,41.3,39.9,39.8,39.7,39,38.2,38.6,38.3,37.8,37.9,..,..,..
Gini index,SI.POV.GINI,Italy,ITA,..,..,..,..,..,..,..,..,..,..,..,..,..,..,..,..,..,34,33.3,33.3,32.9,31.6,29.2,29.8,31.3,..,31.2,34.2,..,32.1,..,31,..,35.1,..,35.2,..,..,36.7,..,35.2,..,34.7,34.9,34.3,33.8,33.7,32.9,33.8,33.8,34.7,35.1,35.2,34.9,34.7,35.4,35.2,35.9,35.2,34.6,35.2,34.8,33.7,34.3,..
Gini index,SI.POV.GINI,Jamaica,JAM,..,..,..,..,..,..,..,..,..,..,..,..,..,..,..,..,..,..,..,..,..,..,..,..,..,..,..,..,43.2,..,41.1,..,..,35.7,..,..,40.4,..,..,44.1,..,..,48.3,..,45.5,..,..,..,..,..,..,..,..,..,..,..,..,..,35.3,..,..,39.9,..,..,..
Gini index,SI.POV.GINI,Japan,JPN,..,..,..,..,..,..,..,..,..,..,..,..,..,..,..,..,..,..,..,..,..,..,..,..,..,..,..,..,..,..,..,..,..,..,..,..,..,..,..,..,..,..,..,..,..,..,..,..,34.6,33,31.5,33,32.5,31.5,31.3,30.7,31.8,31.8,32.9,33,32.3,..,..,..,..
Gini index,SI.POV.GINI,Jordan,JOR,..,..,..,..,..,..,..,..,..,..,..,..,..,..,..,..,..,..,..,..,..,..,..,..,..,..,36.1,..,..,..,..,..,43.1,..,..,..,..,36.4,..,..,..,..,37,..,..,..,33.9,..,32.6,..,33.7,..,..,..,..,..,..,..,..,..,..,..,..,..,..
Gini index,SI.POV.GINI,Kazakhstan,KAZ,..,..,..,..,..,..,..,..,..,..,..,..,..,..,..,..,..,..,..,..,..,..,..,..,..,..,..,..,..,..,..,..,..,32.7,..,..,35.4,..,..,..,..,36,34.8,33.7,31.8,39.8,30.2,30.1,28.5,28.2,28,28,28.2,27.1,27,26.8,27.2,27.5,27.8,28,28.7,29.2,..,..,..
Gini index,SI.POV.GINI,Kenya,KEN,..,..,..,..,..,..,..,..,..,..,..,..,..,..,..,..,..,..,..,..,..,..,..,..,..,..,..,..,..,..,..,..,56.9,..,43.1,..,..,45,..,..,..,..,..,..,..,46.4,..,..,..,..,..,..,..,..,..,40.8,..,..,..,..,36.2,38.7,37.7,..,..
Gini index,SI.POV.GINI,Kiribati,KIR,..,..,..,..,..,..,..,..,..,..,..,..,..,..,..,..,..,..,..,..,..,..,..,..,..,..,..,..,..,..,..,..,..,..,..,..,..,..,..,..,..,..,..,..,..,..,37,..,..,..,..,..,..,..,..,..,..,..,..,27.8,..,..,..,..,..
Gini index,SI.POV.GINI,"Korea, Dem. People's Rep.",PRK,..,..,..,..,..,..,..,..,..,..,..,..,..,..,..,..,..,..,..,..,..,..,..,..,..,..,..,..,..,..,..,..,..,..,..,..,..,..,..,..,..,..,..,..,..,..,..,..,..,..,..,..,..,..,..,..,..,..,..,..,..,..,..,..,..
Gini index,SI.POV.GINI,"Korea, Rep.",KOR,..,..,..,..,..,..,..,..,..,..,..,..,..,..,..,..,..,..,..,..,..,..,..,..,..,..,..,..,..,..,..,..,..,..,..,..,..,..,..,..,..,..,..,..,..,..,31.7,..,32.3,..,32,..,31.6,..,31.2,..,35.2,34.9,33.7,33.2,32.7,32.9,..,..,..
Gini index,SI.POV.GINI,Kosovo,XKX,..,..,..,..,..,..,..,..,..,..,..,..,..,..,..,..,..,..,..,..,..,..,..,..,..,..,..,..,..,..,..,..,..,..,..,..,..,..,..,..,..,..,..,29,..,31.2,30.3,..,..,31.8,33.3,27.8,29,26.3,27.3,26.5,26.7,44.2,44.6,40.2,57.4,49.4,38.3,..,..
Gini index,SI.POV.GINI,Kuwait,KWT,..,..,..,..,..,..,..,..,..,..,..,..,..,..,..,..,..,..,..,..,..,..,..,..,..,..,..,..,..,..,..,..,..,..,..,..,..,..,..,..,..,..,..,..,..,..,..,..,..,..,..,..,..,..,..,..,..,..,..,..,..,..,..,..,..
Gini index,SI.POV.GINI,Kyrgyz Republic,KGZ,..,..,..,..,..,..,..,..,..,..,..,..,..,..,..,..,..,..,..,..,..,..,..,..,..,..,..,..,..,..,..,..,..,..,..,..,..,..,46.3,..,31,30.2,30.3,28.7,34.8,32.6,37.4,33.9,31.5,29.9,30.1,27.8,27.4,28.8,26.8,29,26.8,27.3,27.7,29.7,29,28.8,26.4,27.2,..
Gini index,SI.POV.GINI,Lao PDR,LAO,..,..,..,..,..,..,..,..,..,..,..,..,..,..,..,..,..,..,..,..,..,..,..,..,..,..,..,..,..,..,..,..,34.3,..,..,..,..,34.9,..,..,..,..,32.6,..,..,..,..,35.4,..,..,..,..,36,..,..,..,..,..,38.8,..,..,..,..,..,..
Gini index,SI.POV.GINI,Latvia,LVA,..,..,..,..,..,..,..,..,..,..,..,..,..,..,..,..,..,..,..,..,..,..,..,..,..,..,..,..,..,..,..,..,..,27,..,31,31.6,34.4,33.3,..,..,..,35.1,36.5,36.4,39,35.6,37.5,37.2,35.9,35,35.8,35.2,35.5,35.1,34.2,34.3,35.6,35.1,34.5,35.7,34.3,33.7,34,..
Gini index,SI.POV.GINI,Lebanon,LBN,..,..,..,..,..,..,..,..,..,..,..,..,..,..,..,..,..,..,..,..,..,..,..,..,..,..,..,..,..,..,..,..,..,..,..,..,..,..,..,..,..,..,..,..,..,..,..,..,..,..,..,31.8,..,..,..,..,..,..,..,..,..,..,35.3,..,..
Gini index,SI.POV.GINI,Lesotho,LSO,..,..,..,..,..,..,..,..,..,..,..,..,..,..,..,..,..,..,..,..,..,..,..,..,..,..,56,..,..,..,..,..,..,..,63,..,..,..,..,..,..,..,51.2,..,..,..,..,..,..,..,..,..,..,..,..,..,..,44.9,..,..,..,..,..,..,..
Gini index,SI.POV.GINI,Liberia,LBR,..,..,..,..,..,..,..,..,..,..,..,..,..,..,..,..,..,..,..,..,..,..,..,..,..,..,..,..,..,..,..,..,..,..,..,..,..,..,..,..,..,..,..,..,..,..,..,36.4,..,..,..,..,..,..,33.2,..,35.3,..,..,..,..,..,..,..,..
Gini index,SI.POV.GINI,Libya,LBY,..,..,..,..,..,..,..,..,..,..,..,..,..,..,..,..,..,..,..,..,..,..,..,..,..,..,..,..,..,..,..,..,..,..,..,..,..,..,..,..,..,..,..,..,..,..,..,..,..,..,..,..,..,..,..,..,..,..,..,..,..,..,..,..,..
Gini index,SI.POV.GINI,Liechtenstein,LIE,..,..,..,..,..,..,..,..,..,..,..,..,..,..,..,..,..,..,..,..,..,..,..,..,..,..,..,..,..,..,..,..,..,..,..,..,..,..,..,..,..,..,..,..,..,..,..,..,..,..,..,..,..,..,..,..,..,..,..,..,..,..,..,..,..
Gini index,SI.POV.GINI,Lithuania,LTU,..,..,..,..,..,..,..,..,..,..,..,..,..,..,..,..,..,..,..,..,..,..,..,..,..,..,..,..,..,..,..,..,..,33.2,..,..,32.3,..,32.1,32,31.7,32,31.9,35.5,37,35.3,34.4,34.8,35.7,37.2,33.6,32.5,35.1,35.3,37.7,37.4,38.4,37.3,35.7,35.3,36,36.7,36.6,36,..
Gini index,SI.POV.GINI,Luxembourg,LUX,..,..,..,..,..,..,..,..,..,..,..,..,..,..,..,..,..,..,..,..,..,..,..,..,..,26.3,28.1,29.5,28.8,30.8,27.7,27.2,27.3,27,28.1,28.3,29,29.6,30.6,30,30.1,30.9,31.1,30.2,30.2,30.8,30.9,31.1,32.6,31.2,30.5,32.1,34.3,32,31.2,32.9,31.7,34.5,35.4,34.2,33.4,32.7,34.1,33.6,..
Gini index,SI.POV.GINI,"Macao SAR, China",MAC,..,..,..,..,..,..,..,..,..,..,..,..,..,..,..,..,..,..,..,..,..,..,..,..,..,..,..,..,..,..,..,..,..,..,..,..,..,..,..,..,..,..,..,..,..,..,..,..,..,..,..,..,..,..,..,..,..,..,..,..,..,..,..,..,..
Gini index,SI.POV.GINI,Madagascar,MDG,..,..,..,..,..,..,..,..,..,..,..,..,..,..,..,..,..,..,..,..,46.8,..,..,..,..,..,..,..,..,..,..,..,..,45.2,..,..,..,39.4,..,38.6,..,47.4,..,..,..,39.9,..,..,..,..,42.4,..,42.6,..,..,..,..,..,..,..,..,36.8,..,..,..
Gini index,SI.POV.GINI,Malawi,MWI,..,..,..,..,..,..,..,..,..,..,..,..,..,..,..,..,..,..,..,..,..,..,..,..,..,..,..,..,..,..,..,..,..,..,..,..,..,65.8,..,..,..,..,..,..,39.9,..,..,..,..,..,45.5,..,..,..,..,..,44.7,..,..,38.5,..,..,..,..,..
Gini index,SI.POV.GINI,Malaysia,MYS,..,..,..,..,..,..,..,..,..,..,..,..,..,..,..,..,..,..,..,..,..,..,..,..,48.5,..,..,47,..,46.2,..,..,47.7,..,..,48.5,..,49.1,..,..,..,..,..,46.4,..,..,44.8,..,45.5,..,..,43.9,..,41.3,..,41.1,..,..,41.2,..,..,40.7,..,..,..
Gini index,SI.POV.GINI,Maldives,MDV,..,..,..,..,..,..,..,..,..,..,..,..,..,..,..,..,..,..,..,..,..,..,..,..,..,..,..,..,..,..,..,..,..,..,..,..,..,..,..,..,..,..,41.3,..,..,..,..,..,..,38.4,..,..,..,..,..,..,31.3,..,..,29.3,..,..,..,..,..
Gini index,SI.POV.GINI,Mali,MLI,..,..,..,..,..,..,..,..,..,..,..,..,..,..,..,..,..,..,..,..,..,..,..,..,..,..,..,..,..,..,..,..,..,..,50.1,..,..,..,..,..,..,39.9,..,..,..,..,38.9,..,..,33,..,..,..,..,..,..,..,..,36,..,..,35.7,..,..,..
Gini index,SI.POV.GINI,Malta,MLT,..,..,..,..,..,..,..,..,..,..,..,..,..,..,..,..,..,..,..,..,..,..,..,..,..,..,..,..,..,..,..,..,..,..,..,..,..,..,..,..,..,..,..,..,..,..,28,29.2,29,30.2,29,29.1,29.4,28.8,29,29.4,29.1,29.2,28.7,31,31.4,31.6,34.6,..,..
Gini index,SI.POV.GINI,Marshall Islands,MHL,..,..,..,..,..,..,..,..,..,..,..,..,..,..,..,..,..,..,..,..,..,..,..,..,..,..,..,..,..,..,..,..,..,..,..,..,..,..,..,..,..,..,..,..,..,..,..,..,..,..,..,..,..,..,..,..,..,..,..,35.5,..,..,..,..,..
Gini index,SI.POV.GINI,Mauritania,MRT,..,..,..,..,..,..,..,..,..,..,..,..,..,..,..,..,..,..,..,..,..,..,..,..,..,..,..,43.9,..,..,..,..,..,49.5,..,37.7,..,..,..,..,39,..,..,..,40.2,..,..,..,35.7,..,..,..,..,..,32.6,..,..,..,..,32,..,..,..,..,..
Gini index,SI.POV.GINI,Mauritius,MUS,..,..,..,..,..,..,..,..,..,..,..,..,..,..,..,..,..,..,..,..,..,..,..,..,..,..,..,..,..,..,..,..,..,..,..,..,..,..,..,..,..,..,..,..,..,..,35.7,..,..,..,..,..,38.5,..,..,..,..,36.8,..,..,..,..,..,..,..
Gini index,SI.POV.GINI,Mexico,MEX,..,..,..,..,..,..,..,..,..,..,..,..,..,..,..,..,..,..,..,..,..,..,..,..,48.5,..,..,..,..,50.1,..,..,52.3,..,53.4,..,52,..,53.3,..,53.4,..,50.6,..,50.3,50.9,49.7,..,50.8,..,47.7,..,49.6,..,48.9,..,46.9,..,46,..,44.6,..,43.5,..,..
Gini index,SI.POV.GINI,"Micronesia, Fed. Sts.",FSM,..,..,..,..,..,..,..,..,..,..,..,..,..,..,..,..,..,..,..,..,..,..,..,..,..,..,..,..,..,..,..,..,..,..,..,..,..,..,..,..,..,..,..,..,..,42.4,..,..,..,..,..,..,..,40.1,..,..,..,..,..,..,..,..,..,..,..
Gini index,SI.POV.GINI,Moldova,MDA,..,..,..,..,..,..,..,..,..,..,..,..,..,..,..,..,..,..,..,..,..,..,..,..,..,..,..,..,..,..,..,..,..,..,..,..,..,36.9,39.5,42.6,36.4,38,35.8,34.9,35,36.3,35.4,34.4,34.7,32.9,32.1,30.6,29.2,28.5,26.8,27,26.3,25.9,25.7,26,25,25.7,25.9,26.8,..
Gini index,SI.POV.GINI,Monaco,MCO,..,..,..,..,..,..,..,..,..,..,..,..,..,..,..,..,..,..,..,..,..,..,..,..,..,..,..,..,..,..,..,..,..,..,..,..,..,..,..,..,..,..,..,..,..,..,..,..,..,..,..,..,..,..,..,..,..,..,..,..,..,..,..,..,..
Gini index,SI.POV.GINI,Mongolia,MNG,..,..,..,..,..,..,..,..,..,..,..,..,..,..,..,..,..,..,..,..,..,..,..,..,..,..,..,..,..,..,..,..,..,..,..,33.2,..,..,30.3,..,..,..,32.9,..,..,..,..,35.8,..,..,33.1,33.9,33.8,..,32,..,32.3,..,32.7,..,..,..,31.4,..,..
Gini index,SI.POV.GINI,Montenegro,MNE,..,..,..,..,..,..,..,..,..,..,..,..,..,..,..,..,..,..,..,..,..,..,..,..,..,..,..,..,..,..,..,..,..,..,..,..,..,..,..,..,..,..,..,..,..,30.2,30,31.4,30.5,31,28.9,30.8,41.2,39,38.8,39,38.5,36.9,36.8,35.7,35.4,34.3,..,..,..
Gini index,SI.POV.GINI,Morocco,MAR,..,..,..,..,..,..,..,..,..,..,..,..,..,..,..,..,..,..,..,..,..,..,..,..,36.5,..,..,..,..,..,39.2,..,..,..,..,..,..,..,39.4,..,40.6,..,..,..,..,..,40.7,..,..,..,..,..,..,39.5,..,..,..,..,..,..,..,..,..,..,..
Gini index,SI.POV.GINI,Mozambique,MOZ,..,..,..,..,..,..,..,..,..,..,..,..,..,..,..,..,..,..,..,..,..,..,..,..,..,..,..,..,..,..,..,..,..,..,..,..,53.3,..,..,..,..,..,46.9,..,..,..,..,..,45.5,..,..,..,..,..,54,..,..,..,..,50.7,..,..,49.6,..,..
Gini index,SI.POV.GINI,Myanmar,MMR,..,..,..,..,..,..,..,..,..,..,..,..,..,..,..,..,..,..,..,..,..,..,..,..,..,..,..,..,..,..,..,..,..,..,..,..,..,..,..,..,..,..,..,..,..,..,..,..,..,..,..,..,..,..,..,38.1,..,30.7,..,..,..,..,..,..,..
Gini index,SI.POV.GINI,Namibia,NAM,..,..,..,..,..,..,..,..,..,..,..,..,..,..,..,..,..,..,..,..,..,..,..,..,..,..,..,..,..,..,..,..,..,71.1,..,..,..,..,..,..,..,..,..,63.3,..,..,..,..,..,61,..,..,..,..,..,59.1,..,..,..,..,..,..,..,..,..
Gini index,SI.POV.GINI,Nauru,NRU,..,..,..,..,..,..,..,..,..,..,..,..,..,..,..,..,..,..,..,..,..,..,..,..,..,..,..,..,..,..,..,..,..,..,..,..,..,..,..,..,..,..,..,..,..,..,..,..,..,..,..,..,32.4,..,..,..,..,..,..,..,..,..,..,..,..
Gini index,SI.POV.GINI,Nepal,NPL,..,..,..,..,..,..,..,..,..,..,..,..,..,..,..,..,..,..,..,..,..,..,..,..,30.1,..,..,..,..,..,..,..,..,..,..,35.2,..,..,..,..,..,..,..,43.8,..,..,..,..,..,..,32.8,..,..,..,..,..,..,..,..,..,..,..,30,..,..
Gini index,SI.POV.GINI,Netherlands,NLD,..,..,..,..,..,..,..,..,..,..,..,..,..,..,..,..,..,..,..,..,..,..,..,28.4,..,..,..,26.8,..,..,31.1,..,..,30.4,..,..,..,..,..,28.1,..,..,..,..,29.8,29,30,29.6,29.3,27.9,27.8,27.8,27.6,28.1,28.6,28.2,28.2,28.5,28.1,29.2,26,25.7,..,..,..
Gini index,SI.POV.GINI,New Caledonia,NCL,..,..,..,..,..,..,..,..,..,..,..,..,..,..,..,..,..,..,..,..,..,..,..,..,..,..,..,..,..,..,..,..,..,..,..,..,..,..,..,..,..,..,..,..,..,..,..,..,..,..,..,..,..,..,..,..,..,..,..,..,..,..,..,..,..
Gini index,SI.POV.GINI,New Zealand,NZL,..,..,..,..,..,..,..,..,..,..,..,..,..,..,..,..,..,..,..,..,..,..,..,..,..,..,..,..,..,..,..,..,..,..,..,..,..,..,..,..,..,..,..,..,..,..,..,..,..,..,..,..,..,..,..,..,..,..,..,..,..,..,..,..,..
Gini index,SI.POV.GINI,Nicaragua,NIC,..,..,..,..,..,..,..,..,..,..,..,..,..,..,..,..,..,..,..,..,..,..,..,..,..,..,..,..,..,..,..,..,..,57.1,..,..,..,..,54.4,..,..,52.9,..,..,..,48.8,..,..,..,43.9,..,..,..,..,46.2,..,..,..,..,..,..,..,..,..,..
Gini index,SI.POV.GINI,Niger,NER,..,..,..,..,..,..,..,..,..,..,..,..,..,..,..,..,..,..,..,..,..,..,..,..,..,..,..,..,..,..,..,..,36,..,41.5,..,..,..,..,..,..,..,..,..,..,44.4,..,37.3,..,..,..,31.5,..,..,34.3,..,..,..,37.3,..,..,32.9,..,..,..
Gini index,SI.POV.GINI,Nigeria,NGA,..,..,..,..,..,..,..,..,..,..,..,..,..,..,..,..,..,..,..,..,..,..,..,..,..,38.7,..,..,..,..,..,..,44.9,..,..,..,51.9,..,..,..,..,..,..,40.1,..,..,..,..,..,..,35.7,..,35.5,..,..,35.9,..,..,35.1,..,..,..,33.9,..,..
Gini index,SI.POV.GINI,North Macedonia,MKD,..,..,..,..,..,..,..,..,..,..,..,..,..,..,..,..,..,..,..,..,..,..,..,..,..,..,..,..,..,..,..,..,..,..,..,..,..,..,28.1,..,34.3,..,38.5,38.7,38.4,39.3,42.6,..,46.1,42.8,40.1,39.4,38.1,36.2,35.2,35.6,34.5,34.2,33,33.5,..,..,..,..,..
Gini index,SI.POV.GINI,Northern Mariana Islands,MNP,..,..,..,..,..,..,..,..,..,..,..,..,..,..,..,..,..,..,..,..,..,..,..,..,..,..,..,..,..,..,..,..,..,..,..,..,..,..,..,..,..,..,..,..,..,..,..,..,..,..,..,..,..,..,..,..,..,..,..,..,..,..,..,..,..
Gini index,SI.POV.GINI,Norway,NOR,..,..,..,..,..,..,..,..,..,..,..,..,..,..,..,..,..,..,..,26.9,..,..,..,..,..,..,24.6,..,..,..,..,25.2,..,..,..,26,..,..,..,..,27.4,..,..,27.6,31.6,30.6,26.4,27.1,27,26.2,25.7,25.3,25.7,26.4,26.8,27.5,28.5,27,27.6,27.7,28.4,29.1,26.9,26.5,..
Gini index,SI.POV.GINI,Oman,OMN,..,..,..,..,..,..,..,..,..,..,..,..,..,..,..,..,..,..,..,..,..,..,..,..,..,..,..,..,..,..,..,..,..,..,..,..,..,..,..,..,..,..,..,..,..,..,..,..,..,..,..,..,..,..,..,..,..,..,..,..,..,..,..,..,..
Gini index,SI.POV.GINI,Pakistan,PAK,..,..,..,..,..,..,..,..,..,..,..,..,..,..,..,..,..,..,..,..,..,..,..,..,..,..,..,33.3,..,..,33.2,..,..,..,..,..,28.7,..,33.1,..,..,28.7,..,..,30.9,31.3,..,29.7,..,..,28.8,29.7,..,29.5,..,31.3,..,..,29.6,..,..,..,..,..,..
Gini index,SI.POV.GINI,Palau,PLW,..,..,..,..,..,..,..,..,..,..,..,..,..,..,..,..,..,..,..,..,..,..,..,..,..,..,..,..,..,..,..,..,..,..,..,..,..,..,..,..,..,..,..,..,..,..,..,..,..,..,..,..,..,..,..,..,..,..,..,..,..,..,..,..,..
Gini index,SI.POV.GINI,Panama,PAN,..,..,..,..,..,..,..,..,..,..,..,..,..,..,..,..,..,..,..,48.7,..,..,..,..,..,..,..,..,..,58.5,..,58,..,..,..,57.6,..,58.1,57.3,56.3,56.6,56.7,56.1,55.6,54.8,53.8,54.6,52.7,52.7,51.8,51.6,51.3,51.7,51.5,50.5,50.8,50.4,49.9,49.2,49.8,..,50.9,..,48.9,49.7
Gini index,SI.POV.GINI,Papua New Guinea,PNG,..,..,..,..,..,..,..,..,..,..,..,..,..,..,..,..,..,..,..,..,..,..,..,..,..,..,..,..,..,..,..,..,..,..,..,..,45.8,..,..,..,..,..,..,..,..,..,..,..,..,41.9,..,..,..,..,..,..,..,..,..,..,..,..,..,..,..
Gini index,SI.POV.GINI,Paraguay,PRY,..,..,..,..,..,..,..,..,..,..,..,..,..,..,..,..,..,..,..,..,..,..,..,..,..,..,..,..,..,..,40.8,..,..,..,..,58.1,..,54.9,..,54.6,..,54.6,57.3,54.9,52.3,51.4,53,53,50.7,49.1,51,52.3,47.6,47.9,50.7,47.6,47.9,48.5,46,45.7,43.5,42.9,44.6,44.2,44.2
Gini index,SI.POV.GINI,Peru,PER,..,..,..,..,..,..,..,..,..,..,..,..,..,..,..,..,..,..,..,..,..,..,..,..,..,45.6,..,..,..,..,..,..,..,..,44,..,..,53.3,55.1,54.8,49.1,51.3,53.6,53.1,49.9,50.4,50.3,50,47.5,47,45.5,44.7,44.4,43.9,43.1,43.4,43.6,43.3,42.4,41.5,43.7,40.1,40.3,40.7,40.1
Gini index,SI.POV.GINI,Philippines,PHL,..,..,..,..,..,..,..,..,..,..,..,..,..,..,..,..,..,..,..,..,..,..,..,..,..,41,..,..,40.7,..,..,43.8,..,..,42.9,..,..,46,..,..,47.7,..,..,46.6,..,..,47.2,..,..,46.3,..,..,46.5,..,..,44.6,..,..,42.3,..,..,40.7,..,39.3,..
Gini index,SI.POV.GINI,Poland,POL,..,..,..,..,..,..,..,..,..,..,..,..,..,..,..,..,..,..,..,..,..,..,..,..,..,25.1,28,25.5,..,26.8,..,..,29.3,26.7,..,34.6,32.6,..,32.3,32.3,33,32.8,34.1,34.9,38,35.8,34.7,34,33.5,33.4,33.2,33.2,33,33.1,32.8,31.8,31.2,29.7,30.2,28.8,28.5,28.5,28.9,28.5,..
Gini index,SI.POV.GINI,Portugal,PRT,..,..,..,..,..,..,..,..,..,..,..,..,..,..,..,..,..,..,..,..,..,..,..,..,..,..,..,..,..,..,..,..,..,..,..,..,..,..,..,..,..,..,..,38.8,38.9,38.5,38.1,36.8,36.6,34.9,35.8,36.3,36,36.2,35.6,35.5,35.2,33.8,33.5,32.8,34.7,34.6,36.3,33.9,..
Gini index,SI.POV.GINI,Puerto Rico (US),PRI,..,..,..,..,..,..,..,..,..,..,..,..,..,..,..,..,..,..,..,..,..,..,..,..,..,..,..,..,..,..,..,..,..,..,..,..,..,..,..,..,..,..,..,..,..,..,..,..,..,..,..,..,..,..,..,..,..,..,..,..,..,..,..,..,..
Gini index,SI.POV.GINI,Qatar,QAT,..,..,..,..,..,..,..,..,..,..,..,..,..,..,..,..,..,..,..,..,..,..,..,..,..,..,..,..,..,..,..,..,..,..,..,..,..,..,..,..,..,..,..,..,..,..,..,..,..,..,..,..,..,..,..,..,..,35.1,..,..,..,..,..,..,..
Gini index,SI.POV.GINI,Romania,ROU,..,..,..,..,..,..,..,..,..,..,..,..,..,..,..,..,..,..,..,..,..,..,..,..,..,..,..,..,..,23.3,..,..,25.5,..,28.2,31.2,..,30.5,31.1,29.4,29.3,29.4,30.2,29.9,30,29.8,39.6,37.5,36.4,35.6,35.5,35.9,36.5,36.9,36,35.9,34.4,36,35.8,34.8,34.6,33.9,32.3,29.8,..
Gini index,SI.POV.GINI,Russian Federation,RUS,..,..,..,..,..,..,..,..,..,..,..,..,..,..,..,..,..,..,..,..,..,..,..,..,..,..,..,..,..,..,..,..,..,45.4,..,..,46.1,38.4,38.1,37.4,37.1,36.9,37.3,40,40.3,41.3,41,42.3,41.6,39.8,39.5,39.7,40.7,40.9,36.9,36.5,36.7,35.5,35.3,35.7,33.7,35.1,33.9,33,..
Gini index,SI.POV.GINI,Rwanda,RWA,..,..,..,..,..,..,..,..,..,..,..,..,..,..,..,..,..,..,..,..,..,..,..,..,..,..,..,..,..,..,..,..,..,..,..,..,..,..,..,..,48.5,..,..,..,..,52,..,..,..,..,47.2,..,..,45.1,..,..,43.7,..,..,..,..,..,..,39.4,..
Gini index,SI.POV.GINI,Samoa,WSM,..,..,..,..,..,..,..,..,..,..,..,..,..,..,..,..,..,..,..,..,..,..,..,..,..,..,..,..,..,..,..,..,..,..,..,..,..,..,..,..,..,..,40.7,..,..,..,..,..,42,..,..,..,..,38.7,..,..,..,..,..,..,..,..,..,..,..
Gini index,SI.POV.GINI,San Marino,SMR,..,..,..,..,..,..,..,..,..,..,..,..,..,..,..,..,..,..,..,..,..,..,..,..,..,..,..,..,..,..,..,..,..,..,..,..,..,..,..,..,..,..,..,..,..,..,..,..,..,..,..,..,..,..,..,..,..,..,..,..,..,..,..,..,..
Gini index,SI.POV.GINI,Sao Tome and Principe,STP,..,..,..,..,..,..,..,..,..,..,..,..,..,..,..,..,..,..,..,..,..,..,..,..,..,..,..,..,..,..,..,..,..,..,..,..,..,..,..,..,32.1,..,..,..,..,..,..,..,..,..,30.8,..,..,..,..,..,..,40.7,..,..,..,..,..,..,..
Gini index,SI.POV.GINI,Saudi Arabia,SAU,..,..,..,..,..,..,..,..,..,..,..,..,..,..,..,..,..,..,..,..,..,..,..,..,..,..,..,..,..,..,..,..,..,..,..,..,..,..,..,..,..,..,..,..,..,..,..,..,..,..,..,..,..,..,..,..,..,..,..,..,..,..,..,..,..
Gini index,SI.POV.GINI,Senegal,SEN,..,..,..,..,..,..,..,..,..,..,..,..,..,..,..,..,..,..,..,..,..,..,..,..,..,..,..,..,..,..,..,54,..,..,39.2,..,..,..,..,..,..,41.2,..,..,..,39.2,..,..,..,..,..,40.3,..,..,..,..,..,..,38.3,..,..,36.2,..,..,..
Gini index,SI.POV.GINI,Serbia,SRB,..,..,..,..,..,..,..,..,..,..,..,..,..,..,..,..,..,..,..,..,..,..,..,..,..,..,..,..,..,..,..,..,..,..,..,..,..,..,..,..,..,..,32.7,32.8,35.5,36.5,29.7,28.7,27.6,28,29,..,39.9,39.4,40.4,40.5,38.8,36.1,35,34.5,35,33.1,32.8,..,..
Gini index,SI.POV.GINI,Seychelles,SYC,..,..,..,..,..,..,..,..,..,..,..,..,..,..,..,..,..,..,..,..,..,..,..,..,..,..,..,..,..,..,..,..,..,..,..,..,..,..,..,42.8,..,..,..,..,..,..,42.8,..,..,..,..,..,..,46.8,..,..,..,..,32.1,..,..,..,..,..,..
Gini index,SI.POV.GINI,Sierra Leone,SLE,..,..,..,..,..,..,..,..,..,..,..,..,..,..,..,..,..,..,..,..,..,..,..,..,..,..,..,..,..,..,..,..,..,..,..,..,..,..,..,..,..,..,..,40.2,..,..,..,..,..,..,..,34,..,..,..,..,..,..,35.7,..,..,..,..,..,..
Gini index,SI.POV.GINI,Singapore,SGP,..,..,..,..,..,..,..,..,..,..,..,..,..,..,..,..,..,..,..,..,..,..,..,..,..,..,..,..,..,..,..,..,..,..,..,..,..,..,..,..,..,..,..,..,..,..,..,..,..,..,..,..,..,..,..,..,..,..,..,..,..,..,..,..,..
Gini index,SI.POV.GINI,Sint Maarten (Dutch part),SXM,..,..,..,..,..,..,..,..,..,..,..,..,..,..,..,..,..,..,..,..,..,..,..,..,..,..,..,..,..,..,..,..,..,..,..,..,..,..,..,..,..,..,..,..,..,..,..,..,..,..,..,..,..,..,..,..,..,..,..,..,..,..,..,..,..
Gini index,SI.POV.GINI,Slovak Republic,SVK,..,..,..,..,..,..,..,..,..,..,..,..,..,..,..,..,..,..,..,..,..,..,..,..,..,..,..,..,..,..,..,..,20.2,..,..,..,26.3,..,..,..,..,..,..,..,27.1,29.3,25.8,24.7,26,27.2,27.3,26.5,26.1,28.1,26.1,26.5,25.2,23.2,25,23.2,24.2,24.1,24.1,23.8,..
Gini index,SI.POV.GINI,Slovenia,SVN,..,..,..,..,..,..,..,..,..,..,..,..,..,..,..,..,..,..,..,..,..,..,..,..,..,..,..,23.6,..,..,..,..,..,29.1,..,..,..,24.1,28.4,24,..,..,29.1,30.9,24.8,24.6,24.4,24.4,23.7,24.8,24.9,24.9,25.6,26.2,25.7,25.4,24.8,24.2,24.6,24.4,24,24.3,24.3,24.7,..
Gini index,SI.POV.GINI,Solomon Islands,SLB,..,..,..,..,..,..,..,..,..,..,..,..,..,..,..,..,..,..,..,..,..,..,..,..,..,..,..,..,..,..,..,..,..,..,..,..,..,..,..,..,..,..,..,..,..,46.1,..,..,..,..,..,..,37.1,..,..,..,..,..,..,..,..,..,..,..,..
Gini index,SI.POV.GINI,"Somalia, Fed. Rep.",SOM,..,..,..,..,..,..,..,..,..,..,..,..,..,..,..,..,..,..,..,..,..,..,..,..,..,..,..,..,..,..,..,..,..,..,..,..,..,..,..,..,..,..,..,..,..,..,..,..,..,..,..,..,..,..,..,..,..,..,..,..,..,..,..,..,..
Gini index,SI.POV.GINI,South Africa,ZAF,..,..,..,..,..,..,..,..,..,..,..,..,..,..,..,..,..,..,..,..,..,..,..,..,..,..,..,..,..,..,..,..,..,59.3,..,..,..,..,..,..,57.8,..,..,..,..,64.8,..,..,63,..,63.4,..,..,..,63,..,..,..,..,..,..,..,..,..,..
Gini index,SI.POV.GINI,South Sudan,SSD,..,..,..,..,..,..,..,..,..,..,..,..,..,..,..,..,..,..,..,..,..,..,..,..,..,..,..,..,..,..,..,..,..,..,..,..,..,..,..,..,..,..,..,..,..,..,..,..,..,46.3,..,..,..,..,..,..,44,..,..,..,..,..,..,..,..
Gini index,SI.POV.GINI,Spain,ESP,..,..,..,..,..,..,..,..,..,..,..,..,..,..,..,..,..,..,..,..,34.5,..,..,..,..,34.4,..,..,..,..,32,..,..,35.7,35.1,35.7,36.5,35.3,34.6,33.8,34.1,..,..,31.8,33.3,32.4,33.5,34.1,34.2,34.9,35.2,35.7,35.4,36.2,36.1,36.2,35.8,34.7,34.7,34.3,34.9,33.9,33.6,33.4,..
Gini index,SI.POV.GINI,Sri Lanka,LKA,..,..,..,..,..,..,..,..,..,..,..,..,..,..,..,..,..,..,..,..,..,..,..,..,..,32.5,..,..,..,..,32.4,..,..,..,..,35.4,..,..,..,..,..,..,40.2,..,..,..,39.7,..,..,36.1,..,..,38.7,..,..,..,39.3,..,..,37.7,..,..,..,..,..
Gini index,SI.POV.GINI,St. Kitts and Nevis,KNA,..,..,..,..,..,..,..,..,..,..,..,..,..,..,..,..,..,..,..,..,..,..,..,..,..,..,..,..,..,..,..,..,..,..,..,..,..,..,..,..,..,..,..,..,..,..,..,..,..,..,..,..,..,..,..,..,..,..,..,..,..,..,..,..,..
Gini index,SI.POV.GINI,St. Lucia,LCA,..,..,..,..,..,..,..,..,..,..,..,..,..,..,..,..,..,..,..,..,..,..,..,..,..,..,..,..,..,..,..,..,..,..,..,42.6,..,..,..,..,..,..,..,..,..,..,..,..,..,..,..,..,..,..,..,43.7,..,..,..,..,..,..,..,..,..
Gini index,SI.POV.GINI,St. Martin (French part),MAF,..,..,..,..,..,..,..,..,..,..,..,..,..,..,..,..,..,..,..,..,..,..,..,..,..,..,..,..,..,..,..,..,..,..,..,..,..,..,..,..,..,..,..,..,..,..,..,..,..,..,..,..,..,..,..,..,..,..,..,..,..,..,..,..,..
Gini index,SI.POV.GINI,St. Vincent and the Grenadines,VCT,..,..,..,..,..,..,..,..,..,..,..,..,..,..,..,..,..,..,..,..,..,..,..,..,..,..,..,..,..,..,..,..,..,..,..,..,..,..,..,..,..,..,..,..,..,..,..,..,..,..,..,..,..,..,..,..,..,..,..,..,..,..,..,..,..
Gini index,SI.POV.GINI,Sudan,SDN,..,..,..,..,..,..,..,..,..,..,..,..,..,..,..,..,..,..,..,..,..,..,..,..,..,..,..,..,..,..,..,..,..,..,..,..,..,..,..,..,..,..,..,..,..,..,..,..,..,35.4,..,..,..,..,34.2,..,..,..,..,..,..,..,..,..,..
Gini index,SI.POV.GINI,Suriname,SUR,..,..,..,..,..,..,..,..,..,..,..,..,..,..,..,..,..,..,..,..,..,..,..,..,..,..,..,..,..,..,..,..,..,..,..,..,..,..,..,57.5,..,..,..,..,..,..,..,..,..,..,..,..,..,..,..,..,..,..,..,..,..,..,39.2,..,..
Gini index,SI.POV.GINI,Sweden,SWE,..,..,..,..,..,..,..,..,..,..,..,..,..,..,..,24.3,..,..,..,..,..,22.9,..,..,..,..,..,23.1,..,..,..,..,24.9,..,..,25.2,..,..,..,..,27,26.5,26.2,25.3,26.1,26.8,26.4,27.1,28.1,27.3,27.7,27.6,27.6,28.8,28.4,29.2,29.6,28.8,30,29.3,28.9,29.8,31.6,29.3,..
Gini index,SI.POV.GINI,Switzerland,CHE,..,..,..,..,..,..,..,..,..,..,..,..,..,..,..,..,..,..,..,..,..,..,36,..,..,..,..,..,..,..,..,..,33.9,..,..,..,..,..,..,..,33.4,..,31.7,..,31.6,..,33.9,34.3,33.8,32.9,32.6,31.7,31.6,32.5,32.5,32.3,33,32.7,33.1,34,33.7,33.8,33.8,..,..
Gini index,SI.POV.GINI,Syrian Arab Republic,SYR,..,..,..,..,..,..,..,..,..,..,..,..,..,..,..,..,..,..,..,..,..,..,..,..,..,..,..,..,..,..,..,..,..,..,..,..,35.2,..,..,..,..,..,..,37.5,..,..,40.1,..,..,40.4,..,..,..,..,..,..,..,..,..,..,..,..,26.6,..,..
Gini index,SI.POV.GINI,Tajikistan,TJK,..,..,..,..,..,..,..,..,..,..,..,..,..,..,..,..,..,..,..,..,..,..,..,..,..,..,..,..,..,..,..,..,..,..,..,..,..,..,..,29.5,..,..,..,32.7,33.6,..,..,32.2,..,30.8,..,..,..,..,..,34,..,..,..,..,..,32.4,39.5,38,36.1
Gini index,SI.POV.GINI,Tanzania,TZA,..,..,..,..,..,..,..,..,..,..,..,..,..,..,..,..,..,..,..,..,..,..,..,..,..,..,..,..,..,..,..,35.3,..,..,..,..,..,..,..,..,37.3,..,..,..,..,..,..,40.3,..,..,..,37.8,..,..,..,..,..,..,40.5,..,..,..,..,..,..
Gini index,SI.POV.GINI,Thailand,THA,..,..,..,..,..,..,..,..,..,..,..,..,..,..,..,..,..,..,..,..,..,45.2,..,..,..,..,..,..,43.8,..,45.3,..,47.9,..,43.5,..,42.9,..,41.5,43.1,42.8,..,41.9,..,42.5,..,41.8,39.8,40.3,39.6,39.4,37.5,39.3,37.8,37,36,36.7,36.4,36.4,34.9,35,34.9,34.3,33.5,..
Gini index,SI.POV.GINI,Timor-Leste,TLS,..,..,..,..,..,..,..,..,..,..,..,..,..,..,..,..,..,..,..,..,..,..,..,..,..,..,..,..,..,..,..,..,..,..,..,..,..,..,..,..,..,35.9,..,..,..,..,..,27.8,..,..,..,..,..,..,28.7,..,..,..,..,..,..,..,..,..,..
Gini index,SI.POV.GINI,Togo,TGO,..,..,..,..,..,..,..,..,..,..,..,..,..,..,..,..,..,..,..,..,..,..,..,..,..,..,..,..,..,..,..,..,..,..,..,..,..,..,..,..,..,..,..,..,..,..,42.2,..,..,..,..,46,..,..,..,43,..,..,42.5,..,..,37.9,..,..,..
Gini index,SI.POV.GINI,Tonga,TON,..,..,..,..,..,..,..,..,..,..,..,..,..,..,..,..,..,..,..,..,..,..,..,..,..,..,..,..,..,..,..,..,..,..,..,..,..,..,..,..,37.7,..,..,..,..,..,..,..,..,37.5,..,..,..,..,..,33.5,..,..,..,..,..,27.1,..,..,..
Gini index,SI.POV.GINI,Trinidad and Tobago,TTO,..,..,..,..,..,..,..,..,..,..,..,..,..,..,..,..,..,..,..,..,..,..,..,..,..,..,..,..,42.6,..,..,..,40.2,..,..,..,..,..,..,..,..,..,..,..,..,..,..,..,..,..,..,..,..,..,..,..,..,..,..,..,..,..,..,..,..
Gini index,SI.POV.GINI,Tunisia,TUN,..,..,..,..,..,..,..,..,..,..,..,..,..,..,..,..,..,..,..,..,..,..,..,..,..,43.4,..,..,..,..,40.1,..,..,..,..,41.7,..,..,..,..,40.8,..,..,..,..,37.7,..,..,..,..,38.5,..,..,..,..,32.8,..,..,..,..,..,33.7,..,..,..
Gini index,SI.POV.GINI,Turkiye,TUR,..,..,..,..,..,..,..,..,..,..,..,..,..,..,..,..,..,..,..,..,..,..,..,..,..,..,..,41,..,..,..,..,..,..,41.3,..,..,..,..,..,..,..,41.4,42.2,41.3,42.6,39.6,38.4,39,39,38.8,40,40.2,40.2,41.2,42.9,41.9,43.5,42.4,43.8,43,44.4,44.5,..,..
Gini index,SI.POV.GINI,Turkmenistan,TKM,..,..,..,..,..,..,..,..,..,..,..,..,..,..,..,..,..,..,..,..,..,..,..,..,..,..,..,..,..,..,..,..,..,..,..,..,..,..,40.8,..,..,..,..,..,..,..,..,..,..,..,..,..,..,..,..,..,..,..,..,..,..,..,..,..,..
Gini index,SI.POV.GINI,Turks and Caicos Islands,TCA,..,..,..,..,..,..,..,..,..,..,..,..,..,..,..,..,..,..,..,..,..,..,..,..,..,..,..,..,..,..,..,..,..,..,..,..,..,..,..,..,..,..,..,..,..,..,..,..,..,..,..,..,..,..,..,..,..,..,..,..,..,..,..,..,..
Gini index,SI.POV.GINI,Tuvalu,TUV,..,..,..,..,..,..,..,..,..,..,..,..,..,..,..,..,..,..,..,..,..,..,..,..,..,..,..,..,..,..,..,..,..,..,..,..,..,..,..,..,..,..,..,..,..,..,..,..,..,..,39.1,..,..,..,..,..,..,..,..,..,..,..,..,..,..
Gini index,SI.POV.GINI,Uganda,UGA,..,..,..,..,..,..,..,..,..,..,..,..,..,..,..,..,..,..,..,..,..,..,..,..,..,..,..,..,..,44.4,..,..,41.4,..,..,..,39,..,..,43,..,..,45.2,..,..,42.9,..,..,..,44.2,..,..,41,..,..,..,42.8,..,..,42.7,..,..,..,..,..
Gini index,SI.POV.GINI,Ukraine,UKR,..,..,..,..,..,..,..,..,..,..,..,..,..,..,..,..,..,..,..,..,..,..,..,..,..,..,..,..,..,..,..,..,29.7,28.9,..,39.2,35.2,..,..,28.9,..,..,29,28.7,28.9,29,29.8,27,26.6,25.3,24.8,24.6,24.7,24.6,24,25.5,25,26,26.1,26.6,25.6,..,..,..,..
Gini index,SI.POV.GINI,United Arab Emirates,ARE,..,..,..,..,..,..,..,..,..,..,..,..,..,..,..,..,..,..,..,..,..,..,..,..,..,..,..,..,..,..,..,..,..,..,..,..,..,..,..,..,..,..,..,..,..,..,..,..,..,..,..,..,..,32.5,..,..,..,..,26.4,..,..,..,..,..,..
Gini index,SI.POV.GINI,United Kingdom,GBR,..,..,..,..,..,..,..,..,26.8,27.9,28,29.3,28.8,28.8,29,27.9,27.6,27.1,27.2,27.4,28.5,29.7,29.9,29.8,29.2,30.4,31.9,33.9,34.3,33.4,35.7,35,35,35.1,36,35.5,35.3,35.7,36.6,36.8,38.8,37.1,35.1,34.9,34.8,35.5,35.9,34.4,35.4,35.1,33.7,33.2,33.1,32.7,33.1,33.3,33.1,32.6,33.7,32.8,32.6,32.4,..,..,..
Gini index,SI.POV.GINI,United States,USA,..,..,..,36.7,37.4,36.8,37.1,36.9,36.3,36,36.6,36.9,36.7,36.1,35.5,35.6,35.6,35.5,34.8,34.8,34.7,35.5,36.7,37.3,37.3,37.6,37.6,37.2,37.7,38.2,38.3,38,38.4,40.4,40,39.9,40.3,40.5,40,40,40.1,40.6,40.4,40.8,40.5,41.3,41.7,41.1,41.1,40.8,40.2,41.2,41.2,40.9,41.7,41.5,41.3,41.4,41.8,41.9,40,39.7,41.7,41.8,..
Gini index,SI.POV.GINI,Uruguay,URY,..,..,..,..,..,..,..,..,..,..,..,..,..,..,..,..,..,..,..,..,..,43.6,..,..,..,..,..,..,..,42.4,..,..,41.5,..,..,40.9,40.8,41.5,42.5,..,43.4,45,45.5,45,45.9,44.7,45.9,46.4,45.1,45.5,44.5,42.2,39.9,40.5,40.1,40.1,39.7,39.5,39.7,39.7,40.2,40.8,40.6,40.9,40
Gini index,SI.POV.GINI,Uzbekistan,UZB,..,..,..,..,..,..,..,..,..,..,..,..,..,..,..,..,..,..,..,..,..,..,..,..,..,..,..,..,..,..,..,..,..,..,..,..,..,..,44.1,..,35.9,..,33,35.2,..,..,..,..,..,..,..,..,..,..,..,..,..,..,..,..,..,32.9,31.2,34.5,34.6
Gini index,SI.POV.GINI,Vanuatu,VUT,..,..,..,..,..,..,..,..,..,..,..,..,..,..,..,..,..,..,..,..,..,..,..,..,..,..,..,..,..,..,..,..,..,..,..,..,..,..,..,..,..,..,..,..,..,..,..,..,..,..,37.4,..,..,..,..,..,..,..,..,32.3,..,..,..,..,..
Gini index,SI.POV.GINI,"Venezuela, RB",VEN,..,..,..,..,..,..,..,..,..,..,..,..,..,..,..,..,..,..,..,..,..,55.6,..,..,..,..,..,53.4,..,43.8,..,..,42.1,..,..,47.2,..,..,48,47.7,..,47.2,48.9,47.9,47.3,49.3,44.7,..,..,..,..,..,..,..,..,..,..,..,..,..,..,..,..,..,..
Gini index,SI.POV.GINI,Viet Nam,VNM,..,..,..,..,..,..,..,..,..,..,..,..,..,..,..,..,..,..,..,..,..,..,..,..,..,..,..,..,..,..,..,..,35.7,..,..,..,..,35.4,..,..,..,..,37,..,36.8,..,35.8,..,35.6,..,39.3,..,35.6,..,34.8,..,35.3,..,35.7,..,36.8,..,36.1,..,..
Gini index,SI.POV.GINI,Virgin Islands (U.S.),VIR,..,..,..,..,..,..,..,..,..,..,..,..,..,..,..,..,..,..,..,..,..,..,..,..,..,..,..,..,..,..,..,..,..,..,..,..,..,..,..,..,..,..,..,..,..,..,..,..,..,..,..,..,..,..,..,..,..,..,..,..,..,..,..,..,..
Gini index,SI.POV.GINI,West Bank and Gaza,PSE,..,..,..,..,..,..,..,..,..,..,..,..,..,..,..,..,..,..,..,..,..,..,..,..,..,..,..,..,..,..,..,..,..,..,..,..,..,..,..,..,..,..,..,..,34,34.7,34,35.6,..,34.5,35.3,34.4,..,..,..,..,33.7,..,..,..,..,..,..,36.4,..
Gini index,SI.POV.GINI,"Yemen, Rep.",YEM,..,..,..,..,..,..,..,..,..,..,..,..,..,..,..,..,..,..,..,..,..,..,..,..,..,..,..,..,..,..,..,..,..,..,..,..,..,..,35,..,..,..,..,..,..,34.7,..,..,..,..,..,..,..,..,36.7,..,..,..,..,..,..,..,..,..,..
Gini index,SI.POV.GINI,Zambia,ZMB,..,..,..,..,..,..,..,..,..,..,..,..,..,..,..,..,..,..,..,..,..,..,..,..,..,..,..,..,..,..,..,59.4,..,52.6,..,..,48.3,..,49.1,..,..,..,42.1,..,54.3,..,54.6,..,..,..,52,..,..,..,..,55.8,..,..,..,..,..,..,51.5,..,..
Gini index,SI.POV.GINI,Zimbabwe,ZWE,..,..,..,..,..,..,..,..,..,..,..,..,..,..,..,..,..,..,..,..,..,..,..,..,..,..,..,..,..,..,..,..,..,..,..,..,..,..,..,..,..,..,..,..,..,..,..,..,..,..,..,43.2,..,..,..,..,..,44.3,..,50.3,..,..,..,..,..
Gini index,SI.POV.GINI,Africa Eastern and Southern,AFE,..,..,..,..,..,..,..,..,..,..,..,..,..,..,..,..,..,..,..,..,..,..,..,..,..,..,..,..,..,..,..,..,..,..,..,..,..,..,..,..,..,..,..,..,..,..,..,..,..,..,..,..,..,..,..,..,..,..,..,..,..,..,..,..,..
Gini index,SI.POV.GINI,Africa Western and Central,AFW,..,..,..,..,..,..,..,..,..,..,..,..,..,..,..,..,..,..,..,..,..,..,..,..,..,..,..,..,..,..,..,..,..,..,..,..,..,..,..,..,..,..,..,..,..,..,..,..,..,..,..,..,..,..,..,..,..,..,..,..,..,..,..,..,..
Gini index,SI.POV.GINI,Arab World,ARB,..,..,..,..,..,..,..,..,..,..,..,..,..,..,..,..,..,..,..,..,..,..,..,..,..,..,..,..,..,..,..,..,..,..,..,..,..,..,..,..,..,..,..,..,..,..,..,..,..,..,..,..,..,..,..,..,..,..,..,..,..,..,..,..,..
Gini index,SI.POV.GINI,Caribbean small states,CSS,..,..,..,..,..,..,..,..,..,..,..,..,..,..,..,..,..,..,..,..,..,..,..,..,..,..,..,..,..,..,..,..,..,..,..,..,..,..,..,..,..,..,..,..,..,..,..,..,..,..,..,..,..,..,..,..,..,..,..,..,..,..,..,..,..
Gini index,SI.POV.GINI,Central Europe and the Baltics,CEB,..,..,..,..,..,..,..,..,..,..,..,..,..,..,..,..,..,..,..,..,..,..,..,..,..,..,..,..,..,..,..,..,..,..,..,..,..,..,..,..,..,..,..,..,..,..,..,..,..,..,..,..,..,..,..,..,..,..,..,..,..,..,..,..,..
Gini index,SI.POV.GINI,Early-demographic dividend,EAR,..,..,..,..,..,..,..,..,..,..,..,..,..,..,..,..,..,..,..,..,..,..,..,..,..,..,..,..,..,..,..,..,..,..,..,..,..,..,..,..,..,..,..,..,..,..,..,..,..,..,..,..,..,..,..,..,..,..,..,..,..,..,..,..,..
Gini index,SI.POV.GINI,East Asia & Pacific,EAS,..,..,..,..,..,..,..,..,..,..,..,..,..,..,..,..,..,..,..,..,..,..,..,..,..,..,..,..,..,..,..,..,..,..,..,..,..,..,..,..,..,..,..,..,..,..,..,..,..,..,..,..,..,..,..,..,..,..,..,..,..,..,..,..,..
Gini index,SI.POV.GINI,East Asia & Pacific (excluding high income),EAP,..,..,..,..,..,..,..,..,..,..,..,..,..,..,..,..,..,..,..,..,..,..,..,..,..,..,..,..,..,..,..,..,..,..,..,..,..,..,..,..,..,..,..,..,..,..,..,..,..,..,..,..,..,..,..,..,..,..,..,..,..,..,..,..,..
Gini index,SI.POV.GINI,East Asia & Pacific (IDA & IBRD countries),TEA,..,..,..,..,..,..,..,..,..,..,..,..,..,..,..,..,..,..,..,..,..,..,..,..,..,..,..,..,..,..,..,..,..,..,..,..,..,..,..,..,..,..,..,..,..,..,..,..,..,..,..,..,..,..,..,..,..,..,..,..,..,..,..,..,..
Gini index,SI.POV.GINI,Euro area,EMU,..,..,..,..,..,..,..,..,..,..,..,..,..,..,..,..,..,..,..,..,..,..,..,..,..,..,..,..,..,..,..,..,..,..,..,..,..,..,..,..,..,..,..,..,..,..,..,..,..,..,..,..,..,..,..,..,..,..,..,..,..,..,..,..,..
Gini index,SI.POV.GINI,Europe & Central Asia,ECS,..,..,..,..,..,..,..,..,..,..,..,..,..,..,..,..,..,..,..,..,..,..,..,..,..,..,..,..,..,..,..,..,..,..,..,..,..,..,..,..,..,..,..,..,..,..,..,..,..,..,..,..,..,..,..,..,..,..,..,..,..,..,..,..,..
Gini index,SI.POV.GINI,Europe & Central Asia (excluding high income),ECA,..,..,..,..,..,..,..,..,..,..,..,..,..,..,..,..,..,..,..,..,..,..,..,..,..,..,..,..,..,..,..,..,..,..,..,..,..,..,..,..,..,..,..,..,..,..,..,..,..,..,..,..,..,..,..,..,..,..,..,..,..,..,..,..,..
Gini index,SI.POV.GINI,Europe & Central Asia (IDA & IBRD countries),TEC,..,..,..,..,..,..,..,..,..,..,..,..,..,..,..,..,..,..,..,..,..,..,..,..,..,..,..,..,..,..,..,..,..,..,..,..,..,..,..,..,..,..,..,..,..,..,..,..,..,..,..,..,..,..,..,..,..,..,..,..,..,..,..,..,..
Gini index,SI.POV.GINI,European Union,EUU,..,..,..,..,..,..,..,..,..,..,..,..,..,..,..,..,..,..,..,..,..,..,..,..,..,..,..,..,..,..,..,..,..,..,..,..,..,..,..,..,..,..,..,..,..,..,..,..,..,..,..,..,..,..,..,..,..,..,..,..,..,..,..,..,..
Gini index,SI.POV.GINI,Fragile and conflict affected situations,FCS,..,..,..,..,..,..,..,..,..,..,..,..,..,..,..,..,..,..,..,..,..,..,..,..,..,..,..,..,..,..,..,..,..,..,..,..,..,..,..,..,..,..,..,..,..,..,..,..,..,..,..,..,..,..,..,..,..,..,..,..,..,..,..,..,..
Gini index,SI.POV.GINI,Heavily indebted poor countries (HIPC),HPC,..,..,..,..,..,..,..,..,..,..,..,..,..,..,..,..,..,..,..,..,..,..,..,..,..,..,..,..,..,..,..,..,..,..,..,..,..,..,..,..,..,..,..,..,..,..,..,..,..,..,..,..,..,..,..,..,..,..,..,..,..,..,..,..,..
Gini index,SI.POV.GINI,High income,HIC,..,..,..,..,..,..,..,..,..,..,..,..,..,..,..,..,..,..,..,..,..,..,..,..,..,..,..,..,..,..,..,..,..,..,..,..,..,..,..,..,..,..,..,..,..,..,..,..,..,..,..,..,..,..,..,..,..,..,..,..,..,..,..,..,..
Gini index,SI.POV.GINI,IBRD only,IBD,..,..,..,..,..,..,..,..,..,..,..,..,..,..,..,..,..,..,..,..,..,..,..,..,..,..,..,..,..,..,..,..,..,..,..,..,..,..,..,..,..,..,..,..,..,..,..,..,..,..,..,..,..,..,..,..,..,..,..,..,..,..,..,..,..
Gini index,SI.POV.GINI,IDA & IBRD total,IBT,..,..,..,..,..,..,..,..,..,..,..,..,..,..,..,..,..,..,..,..,..,..,..,..,..,..,..,..,..,..,..,..,..,..,..,..,..,..,..,..,..,..,..,..,..,..,..,..,..,..,..,..,..,..,..,..,..,..,..,..,..,..,..,..,..
Gini index,SI.POV.GINI,IDA blend,IDB,..,..,..,..,..,..,..,..,..,..,..,..,..,..,..,..,..,..,..,..,..,..,..,..,..,..,..,..,..,..,..,..,..,..,..,..,..,..,..,..,..,..,..,..,..,..,..,..,..,..,..,..,..,..,..,..,..,..,..,..,..,..,..,..,..
Gini index,SI.POV.GINI,IDA only,IDX,..,..,..,..,..,..,..,..,..,..,..,..,..,..,..,..,..,..,..,..,..,..,..,..,..,..,..,..,..,..,..,..,..,..,..,..,..,..,..,..,..,..,..,..,..,..,..,..,..,..,..,..,..,..,..,..,..,..,..,..,..,..,..,..,..
Gini index,SI.POV.GINI,IDA total,IDA,..,..,..,..,..,..,..,..,..,..,..,..,..,..,..,..,..,..,..,..,..,..,..,..,..,..,..,..,..,..,..,..,..,..,..,..,..,..,..,..,..,..,..,..,..,..,..,..,..,..,..,..,..,..,..,..,..,..,..,..,..,..,..,..,..
Gini index,SI.POV.GINI,Late-demographic dividend,LTE,..,..,..,..,..,..,..,..,..,..,..,..,..,..,..,..,..,..,..,..,..,..,..,..,..,..,..,..,..,..,..,..,..,..,..,..,..,..,..,..,..,..,..,..,..,..,..,..,..,..,..,..,..,..,..,..,..,..,..,..,..,..,..,..,..
Gini index,SI.POV.GINI,Latin America & Caribbean,LCN,..,..,..,..,..,..,..,..,..,..,..,..,..,..,..,..,..,..,..,..,..,..,..,..,..,..,..,..,..,..,..,..,..,..,..,..,..,..,..,..,..,..,..,..,..,..,..,..,..,..,..,..,..,..,..,..,..,..,..,..,..,..,..,..,..
Gini index,SI.POV.GINI,Latin America & Caribbean (excluding high income),LAC,..,..,..,..,..,..,..,..,..,..,..,..,..,..,..,..,..,..,..,..,..,..,..,..,..,..,..,..,..,..,..,..,..,..,..,..,..,..,..,..,..,..,..,..,..,..,..,..,..,..,..,..,..,..,..,..,..,..,..,..,..,..,..,..,..
Gini index,SI.POV.GINI,Latin America & the Caribbean (IDA & IBRD countries),TLA,..,..,..,..,..,..,..,..,..,..,..,..,..,..,..,..,..,..,..,..,..,..,..,..,..,..,..,..,..,..,..,..,..,..,..,..,..,..,..,..,..,..,..,..,..,..,..,..,..,..,..,..,..,..,..,..,..,..,..,..,..,..,..,..,..
Gini index,SI.POV.GINI,Least developed countries: UN classification,LDC,..,..,..,..,..,..,..,..,..,..,..,..,..,..,..,..,..,..,..,..,..,..,..,..,..,..,..,..,..,..,..,..,..,..,..,..,..,..,..,..,..,..,..,..,..,..,..,..,..,..,..,..,..,..,..,..,..,..,..,..,..,..,..,..,..
Gini index,SI.POV.GINI,Low & middle income,LMY,..,..,..,..,..,..,..,..,..,..,..,..,..,..,..,..,..,..,..,..,..,..,..,..,..,..,..,..,..,..,..,..,..,..,..,..,..,..,..,..,..,..,..,..,..,..,..,..,..,..,..,..,..,..,..,..,..,..,..,..,..,..,..,..,..
Gini index,SI.POV.GINI,Low income,LIC,..,..,..,..,..,..,..,..,..,..,..,..,..,..,..,..,..,..,..,..,..,..,..,..,..,..,..,..,..,..,..,..,..,..,..,..,..,..,..,..,..,..,..,..,..,..,..,..,..,..,..,..,..,..,..,..,..,..,..,..,..,..,..,..,..
Gini index,SI.POV.GINI,Lower middle income,LMC,..,..,..,..,..,..,..,..,..,..,..,..,..,..,..,..,..,..,..,..,..,..,..,..,..,..,..,..,..,..,..,..,..,..,..,..,..,..,..,..,..,..,..,..,..,..,..,..,..,..,..,..,..,..,..,..,..,..,..,..,..,..,..,..,..
Gini index,SI.POV.GINI,"Middle East, North Africa, Afghanistan & Pakistan",MEA,..,..,..,..,..,..,..,..,..,..,..,..,..,..,..,..,..,..,..,..,..,..,..,..,..,..,..,..,..,..,..,..,..,..,..,..,..,..,..,..,..,..,..,..,..,..,..,..,..,..,..,..,..,..,..,..,..,..,..,..,..,..,..,..,..
Gini index,SI.POV.GINI,"Middle East, North Africa, Afghanistan & Pakistan (excluding high income)",MNA,..,..,..,..,..,..,..,..,..,..,..,..,..,..,..,..,..,..,..,..,..,..,..,..,..,..,..,..,..,..,..,..,..,..,..,..,..,..,..,..,..,..,..,..,..,..,..,..,..,..,..,..,..,..,..,..,..,..,..,..,..,..,..,..,..
Gini index,SI.POV.GINI,"Middle East, North Africa, Afghanistan & Pakistan (IDA & IBRD)",TMN,..,..,..,..,..,..,..,..,..,..,..,..,..,..,..,..,..,..,..,..,..,..,..,..,..,..,..,..,..,..,..,..,..,..,..,..,..,..,..,..,..,..,..,..,..,..,..,..,..,..,..,..,..,..,..,..,..,..,..,..,..,..,..,..,..
Gini index,SI.POV.GINI,Middle income,MIC,..,..,..,..,..,..,..,..,..,..,..,..,..,..,..,..,..,..,..,..,..,..,..,..,..,..,..,..,..,..,..,..,..,..,..,..,..,..,..,..,..,..,..,..,..,..,..,..,..,..,..,..,..,..,..,..,..,..,..,..,..,..,..,..,..
Gini index,SI.POV.GINI,North America,NAC,..,..,..,..,..,..,..,..,..,..,..,..,..,..,..,..,..,..,..,..,..,..,..,..,..,..,..,..,..,..,..,..,..,..,..,..,..,..,..,..,..,..,..,..,..,..,..,..,..,..,..,..,..,..,..,..,..,..,..,..,..,..,..,..,..
Gini index,SI.POV.GINI,Not classified,INX,..,..,..,..,..,..,..,..,..,..,..,..,..,..,..,..,..,..,..,..,..,..,..,..,..,..,..,..,..,..,..,..,..,..,..,..,..,..,..,..,..,..,..,..,..,..,..,..,..,..,..,..,..,..,..,..,..,..,..,..,..,..,..,..,..
Gini index,SI.POV.GINI,OECD members,OED,..,..,..,..,..,..,..,..,..,..,..,..,..,..,..,..,..,..,..,..,..,..,..,..,..,..,..,..,..,..,..,..,..,..,..,..,..,..,..,..,..,..,..,..,..,..,..,..,..,..,..,..,..,..,..,..,..,..,..,..,..,..,..,..,..
Gini index,SI.POV.GINI,Other small states,OSS,..,..,..,..,..,..,..,..,..,..,..,..,..,..,..,..,..,..,..,..,..,..,..,..,..,..,..,..,..,..,..,..,..,..,..,..,..,..,..,..,..,..,..,..,..,..,..,..,..,..,..,..,..,..,..,..,..,..,..,..,..,..,..,..,..
Gini index,SI.POV.GINI,Pacific island small states,PSS,..,..,..,..,..,..,..,..,..,..,..,..,..,..,..,..,..,..,..,..,..,..,..,..,..,..,..,..,..,..,..,..,..,..,..,..,..,..,..,..,..,..,..,..,..,..,..,..,..,..,..,..,..,..,..,..,..,..,..,..,..,..,..,..,..
Gini index,SI.POV.GINI,Post-demographic dividend,PST,..,..,..,..,..,..,..,..,..,..,..,..,..,..,..,..,..,..,..,..,..,..,..,..,..,..,..,..,..,..,..,..,..,..,..,..,..,..,..,..,..,..,..,..,..,..,..,..,..,..,..,..,..,..,..,..,..,..,..,..,..,..,..,..,..
Gini index,SI.POV.GINI,Pre-demographic dividend,PRE,..,..,..,..,..,..,..,..,..,..,..,..,..,..,..,..,..,..,..,..,..,..,..,..,..,..,..,..,..,..,..,..,..,..,..,..,..,..,..,..,..,..,..,..,..,..,..,..,..,..,..,..,..,..,..,..,..,..,..,..,..,..,..,..,..
Gini index,SI.POV.GINI,Small states,SST,..,..,..,..,..,..,..,..,..,..,..,..,..,..,..,..,..,..,..,..,..,..,..,..,..,..,..,..,..,..,..,..,..,..,..,..,..,..,..,..,..,..,..,..,..,..,..,..,..,..,..,..,..,..,..,..,..,..,..,..,..,..,..,..,..
Gini index,SI.POV.GINI,South Asia,SAS,..,..,..,..,..,..,..,..,..,..,..,..,..,..,..,..,..,..,..,..,..,..,..,..,..,..,..,..,..,..,..,..,..,..,..,..,..,..,..,..,..,..,..,..,..,..,..,..,..,..,..,..,..,..,..,..,..,..,..,..,..,..,..,..,..
Gini index,SI.POV.GINI,South Asia (IDA & IBRD),TSA,..,..,..,..,..,..,..,..,..,..,..,..,..,..,..,..,..,..,..,..,..,..,..,..,..,..,..,..,..,..,..,..,..,..,..,..,..,..,..,..,..,..,..,..,..,..,..,..,..,..,..,..,..,..,..,..,..,..,..,..,..,..,..,..,..
Gini index,SI.POV.GINI,Sub-Saharan Africa,SSF,..,..,..,..,..,..,..,..,..,..,..,..,..,..,..,..,..,..,..,..,..,..,..,..,..,..,..,..,..,..,..,..,..,..,..,..,..,..,..,..,..,..,..,..,..,..,..,..,..,..,..,..,..,..,..,..,..,..,..,..,..,..,..,..,..
Gini index,SI.POV.GINI,Sub-Saharan Africa (excluding high income),SSA,..,..,..,..,..,..,..,..,..,..,..,..,..,..,..,..,..,..,..,..,..,..,..,..,..,..,..,..,..,..,..,..,..,..,..,..,..,..,..,..,..,..,..,..,..,..,..,..,..,..,..,..,..,..,..,..,..,..,..,..,..,..,..,..,..
Gini index,SI.POV.GINI,Sub-Saharan Africa (IDA & IBRD countries),TSS,..,..,..,..,..,..,..,..,..,..,..,..,..,..,..,..,..,..,..,..,..,..,..,..,..,..,..,..,..,..,..,..,..,..,..,..,..,..,..,..,..,..,..,..,..,..,..,..,..,..,..,..,..,..,..,..,..,..,..,..,..,..,..,..,..
Gini index,SI.POV.GINI,Upper middle income,UMC,..,..,..,..,..,..,..,..,..,..,..,..,..,..,..,..,..,..,..,..,..,..,..,..,..,..,..,..,..,..,..,..,..,..,..,..,..,..,..,..,..,..,..,..,..,..,..,..,..,..,..,..,..,..,..,..,..,..,..,..,..,..,..,..,..
Gini index,SI.POV.GINI,World,WLD,..,..,..,..,..,..,..,..,..,..,..,..,..,..,..,..,..,..,..,..,..,..,..,..,..,..,..,..,..,..,..,..,..,..,..,..,..,..,..,..,..,..,..,..,..,..,..,..,..,..,..,..,..,..,..,..,..,..,..,..,..,..,..,..,..
Income share held by lowest 20%,SI.DST.FRST.20,Afghanistan,AFG,..,..,..,..,..,..,..,..,..,..,..,..,..,..,..,..,..,..,..,..,..,..,..,..,..,..,..,..,..,..,..,..,..,..,..,..,..,..,..,..,..,..,..,..,..,..,..,..,..,..,..,..,..,..,..,..,..,..,..,..,..,..,..,..,..
Income share held by lowest 20%,SI.DST.FRST.20,Albania,ALB,..,..,..,..,..,..,..,..,..,..,..,..,..,..,..,..,..,..,..,..,..,..,..,..,..,..,..,..,..,..,..,..,..,..,..,..,9.2,..,..,..,..,..,8.4,..,..,8.4,..,..,8.9,..,..,..,8.9,..,7,7.7,7.3,7.6,7.9,8.5,8.4,..,..,..,..
Income share held by lowest 20%,SI.DST.FRST.20,Algeria,DZA,..,..,..,..,..,..,..,..,..,..,..,..,..,..,..,..,..,..,..,..,..,..,..,..,..,..,..,..,6.8,..,..,..,..,..,..,7,..,..,..,..,..,..,..,..,..,..,..,..,..,..,..,9.4,..,..,..,..,..,..,..,..,..,..,..,..,..
Income share held by lowest 20%,SI.DST.FRST.20,American Samoa,ASM,..,..,..,..,..,..,..,..,..,..,..,..,..,..,..,..,..,..,..,..,..,..,..,..,..,..,..,..,..,..,..,..,..,..,..,..,..,..,..,..,..,..,..,..,..,..,..,..,..,..,..,..,..,..,..,..,..,..,..,..,..,..,..,..,..
Income share held by lowest 20%,SI.DST.FRST.20,Andorra,AND,..,..,..,..,..,..,..,..,..,..,..,..,..,..,..,..,..,..,..,..,..,..,..,..,..,..,..,..,..,..,..,..,..,..,..,..,..,..,..,..,..,..,..,..,..,..,..,..,..,..,..,..,..,..,..,..,..,..,..,..,..,..,..,..,..
Income share held by lowest 20%,SI.DST.FRST.20,Angola,AGO,..,..,..,..,..,..,..,..,..,..,..,..,..,..,..,..,..,..,..,..,..,..,..,..,..,..,..,..,..,..,..,..,..,..,..,..,..,..,..,..,3.2,..,..,..,..,..,..,..,5.4,..,..,..,..,..,..,..,..,..,3.8,..,..,..,..,..,..
Income share held by lowest 20%,SI.DST.FRST.20,Antigua and Barbuda,ATG,..,..,..,..,..,..,..,..,..,..,..,..,..,..,..,..,..,..,..,..,..,..,..,..,..,..,..,..,..,..,..,..,..,..,..,..,..,..,..,..,..,..,..,..,..,..,..,..,..,..,..,..,..,..,..,..,..,..,..,..,..,..,..,..,..
Income share held by lowest 20%,SI.DST.FRST.20,Argentina,ARG,..,..,..,..,..,..,..,..,..,..,..,..,..,..,..,..,..,..,..,..,5.3,..,..,..,..,..,5.1,4.6,..,..,..,4.8,4.6,4.5,4.4,3.8,3.5,3.6,3.4,3.5,3.2,2.6,2.8,3.3,3.6,3.7,3.9,4.1,4.2,4.3,4.5,4.8,5,5,5,..,4.9,5,4.9,4.6,4.7,5,5.4,5.1,5.1
Income share held by lowest 20%,SI.DST.FRST.20,Armenia,ARM,..,..,..,..,..,..,..,..,..,..,..,..,..,..,..,..,..,..,..,..,..,..,..,..,..,..,..,..,..,..,..,..,..,..,..,..,5.5,..,..,7.6,..,7.7,8,8.7,7.6,8.1,8.9,8.4,9.1,9.4,9.1,9,9,8.6,8.5,8.2,7.9,8.4,8.1,8.9,10.2,9.4,9.2,9.5,..
Income share held by lowest 20%,SI.DST.FRST.20,Aruba,ABW,..,..,..,..,..,..,..,..,..,..,..,..,..,..,..,..,..,..,..,..,..,..,..,..,..,..,..,..,..,..,..,..,..,..,..,..,..,..,..,..,..,..,..,..,..,..,..,..,..,..,..,..,..,..,..,..,..,..,..,..,..,..,..,..,..
Income share held by lowest 20%,SI.DST.FRST.20,Australia,AUS,..,..,..,..,..,..,..,..,..,..,..,..,..,..,..,..,..,..,..,..,..,7.8,..,..,..,7.5,..,..,..,7.4,..,..,..,..,..,7.7,..,..,..,..,..,7.5,..,7.5,7.8,..,..,..,7.2,..,7.3,..,..,..,7.6,..,7.5,..,7.4,..,7.3,..,..,..,..
Income share held by lowest 20%,SI.DST.FRST.20,Austria,AUT,..,..,..,..,..,..,..,..,..,..,..,..,..,..,..,..,..,..,..,..,..,..,..,..,..,..,..,..,..,..,..,..,..,..,8.2,8.3,8.6,8.6,8.3,8.8,8.8,..,..,8.5,8.5,8.8,8.6,8,8,7.7,8,7.8,7.8,8.1,8,7.9,7.7,8,7.9,7.9,7.9,7.7,7.8,7.7,..
Income share held by lowest 20%,SI.DST.FRST.20,Azerbaijan,AZE,..,..,..,..,..,..,..,..,..,..,..,..,..,..,..,..,..,..,..,..,..,..,..,..,..,..,..,..,..,..,..,..,..,..,..,7.1,..,..,..,..,..,7.4,10.9,10.2,10.7,10.8,..,..,..,..,..,..,..,..,..,..,..,..,..,..,..,..,..,..,..
Income share held by lowest 20%,SI.DST.FRST.20,"Bahamas, The",BHS,..,..,..,..,..,..,..,..,..,..,..,..,..,..,..,..,..,..,..,..,..,..,..,..,..,..,..,..,..,..,..,..,..,..,..,..,..,..,..,..,..,..,..,..,..,..,..,..,..,..,..,..,..,..,..,..,..,..,..,..,..,..,..,..,..
Income share held by lowest 20%,SI.DST.FRST.20,Bahrain,BHR,..,..,..,..,..,..,..,..,..,..,..,..,..,..,..,..,..,..,..,..,..,..,..,..,..,..,..,..,..,..,..,..,..,..,..,..,..,..,..,..,..,..,..,..,..,..,..,..,..,..,..,..,..,..,..,..,..,..,..,..,..,..,..,..,..
Income share held by lowest 20%,SI.DST.FRST.20,Bangladesh,BGD,..,..,..,..,..,..,..,..,..,..,..,..,..,..,..,..,..,..,..,..,..,..,..,9.7,..,10,..,..,9.4,..,..,9.6,..,..,..,8.8,..,..,..,..,8.6,..,..,..,..,8.8,..,..,..,..,8.9,..,..,..,..,..,8.6,..,..,..,..,..,8.8,..,..
Income share held by lowest 20%,SI.DST.FRST.20,Barbados,BRB,..,..,..,..,..,..,..,..,..,..,..,..,..,..,..,..,..,..,..,..,..,..,..,..,..,..,..,..,..,..,..,..,..,..,..,..,..,..,..,..,..,..,..,..,..,..,..,..,..,..,..,..,..,..,..,..,6.9,..,..,..,..,..,..,..,..
Income share held by lowest 20%,SI.DST.FRST.20,Belarus,BLR,..,..,..,..,..,..,..,..,..,..,..,..,..,..,..,..,..,..,..,..,..,..,..,..,..,..,..,..,..,..,..,..,..,11.1,..,8.5,..,..,7.9,7.6,7.9,8.2,8.3,8.6,9.4,8.9,8.8,8.6,9,9.1,8.8,9.2,9.5,9.5,9.3,9.7,9.9,9.9,10.1,10,10.3,..,..,..,..
Income share held by lowest 20%,SI.DST.FRST.20,Belgium,BEL,..,..,..,..,..,..,..,..,..,..,..,..,..,..,..,..,..,..,..,..,..,..,..,..,..,9.9,..,..,9.7,..,..,..,9.7,..,..,8.8,..,9.2,..,..,8.5,..,..,8.6,8.4,8.7,8.7,8.6,8.7,8.5,8.6,8.6,8.7,8.6,8.6,8.6,8.6,8.7,8.9,9,9.4,9.2,9.4,9.1,..
Income share held by lowest 20%,SI.DST.FRST.20,Belize,BLZ,..,..,..,..,..,..,..,..,..,..,..,..,..,..,..,..,..,..,..,..,..,..,..,..,..,..,..,..,..,..,..,..,..,3,3.1,2.4,3.4,2.7,3.3,3.2,..,..,..,..,..,..,..,..,..,..,..,..,..,..,..,..,..,..,5.8,..,..,..,..,..,..
Income share held by lowest 20%,SI.DST.FRST.20,Benin,BEN,..,..,..,..,..,..,..,..,..,..,..,..,..,..,..,..,..,..,..,..,..,..,..,..,..,..,..,..,..,..,..,..,..,..,..,..,..,..,..,..,..,..,..,7,..,..,..,..,..,..,..,6.1,..,..,..,3.3,..,..,7,..,..,7.6,..,..,..
Income share held by lowest 20%,SI.DST.FRST.20,Bermuda,BMU,..,..,..,..,..,..,..,..,..,..,..,..,..,..,..,..,..,..,..,..,..,..,..,..,..,..,..,..,..,..,..,..,..,..,..,..,..,..,..,..,..,..,..,..,..,..,..,..,..,..,..,..,..,..,..,..,..,..,..,..,..,..,..,..,..
Income share held by lowest 20%,SI.DST.FRST.20,Bhutan,BTN,..,..,..,..,..,..,..,..,..,..,..,..,..,..,..,..,..,..,..,..,..,..,..,..,..,..,..,..,..,..,..,..,..,..,..,..,..,..,..,..,..,..,..,6.5,..,..,..,6.7,..,..,..,..,6.7,..,..,..,..,6.7,..,..,..,..,8.8,..,..
Income share held by lowest 20%,SI.DST.FRST.20,Bolivia,BOL,..,..,..,..,..,..,..,..,..,..,..,..,..,..,..,..,..,..,..,..,..,..,..,..,..,..,..,..,..,..,5.6,..,4.6,..,..,..,..,2,..,1.3,1.1,1.9,1.7,..,3.1,2,2.3,2.9,3.2,3.2,..,3.8,3.4,3.6,3.8,3.9,3.7,3.9,4.5,5.1,4.7,5.3,5.1,5.2,..
Income share held by lowest 20%,SI.DST.FRST.20,Bosnia and Herzegovina,BIH,..,..,..,..,..,..,..,..,..,..,..,..,..,..,..,..,..,..,..,..,..,..,..,..,..,..,..,..,..,..,..,..,..,..,..,..,..,..,..,..,..,8.8,..,..,7.4,..,..,7.5,..,..,..,7.5,..,..,..,..,..,..,..,..,..,..,..,..,..
Income share held by lowest 20%,SI.DST.FRST.20,Botswana,BWA,..,..,..,..,..,..,..,..,..,..,..,..,..,..,..,..,..,..,..,..,..,..,..,..,..,3.6,..,..,..,..,..,..,..,3.1,..,..,..,..,..,..,..,..,2.7,..,..,..,..,..,..,3.3,..,..,..,..,..,3.7,..,..,..,..,..,..,..,..,..
Income share held by lowest 20%,SI.DST.FRST.20,Brazil,BRA,..,..,..,..,..,..,..,..,..,..,..,..,..,..,..,..,..,..,..,..,..,2.7,2.6,2.7,2.8,2.9,2.7,2.4,2.2,2,2.3,..,2.9,2.4,..,2.5,2.3,2.3,2.4,2.5,..,2.5,2.6,2.6,2.9,2.9,3,3,3.2,3.2,..,3.3,3.4,3.5,3.6,3.6,3.3,3.2,3.1,3.1,4.5,3.3,3.6,3.7,..
Income share held by lowest 20%,SI.DST.FRST.20,British Virgin Islands,VGB,..,..,..,..,..,..,..,..,..,..,..,..,..,..,..,..,..,..,..,..,..,..,..,..,..,..,..,..,..,..,..,..,..,..,..,..,..,..,..,..,..,..,..,..,..,..,..,..,..,..,..,..,..,..,..,..,..,..,..,..,..,..,..,..,..
Income share held by lowest 20%,SI.DST.FRST.20,Brunei Darussalam,BRN,..,..,..,..,..,..,..,..,..,..,..,..,..,..,..,..,..,..,..,..,..,..,..,..,..,..,..,..,..,..,..,..,..,..,..,..,..,..,..,..,..,..,..,..,..,..,..,..,..,..,..,..,..,..,..,..,..,..,..,..,..,..,..,..,..
Income share held by lowest 20%,SI.DST.FRST.20,Bulgaria,BGR,..,..,..,..,..,..,..,..,..,..,..,..,..,..,..,..,..,..,..,..,..,..,..,..,..,..,..,..,..,10.5,..,..,8.3,..,10.2,7.8,..,10.1,..,..,..,7.1,..,8.8,..,..,5.7,6.5,6.9,6.8,6.3,6.4,6.2,5.7,6,5.3,5.4,5.7,5.7,5.7,6.1,6.1,6.2,6,..
Income share held by lowest 20%,SI.DST.FRST.20,Burkina Faso,BFA,..,..,..,..,..,..,..,..,..,..,..,..,..,..,..,..,..,..,..,..,..,..,..,..,..,..,..,..,..,..,..,..,..,..,5.6,..,..,..,5.2,..,..,..,..,5.8,..,..,..,..,..,6.7,..,..,..,..,8.3,..,..,..,6.3,..,..,7.3,..,..,..
Income share held by lowest 20%,SI.DST.FRST.20,Burundi,BDI,..,..,..,..,..,..,..,..,..,..,..,..,..,..,..,..,..,..,..,..,..,..,..,..,..,..,..,..,..,..,..,..,7.9,..,..,..,..,..,5.3,..,..,..,..,..,..,..,8.9,..,..,..,..,..,..,6.9,..,..,..,..,..,..,7.1,..,..,..,..
Income share held by lowest 20%,SI.DST.FRST.20,Cabo Verde,CPV,..,..,..,..,..,..,..,..,..,..,..,..,..,..,..,..,..,..,..,..,..,..,..,..,..,..,..,..,..,..,..,..,..,..,..,..,..,..,..,..,..,4.2,..,..,..,..,..,5,..,..,..,..,..,..,..,5.7,..,..,..,..,..,..,..,..,..
Income share held by lowest 20%,SI.DST.FRST.20,Cambodia,KHM,..,..,..,..,..,..,..,..,..,..,..,..,..,..,..,..,..,..,..,..,..,..,..,..,..,..,..,..,..,..,..,..,..,..,..,..,..,..,..,..,..,..,..,..,..,..,..,..,..,..,..,..,..,..,..,..,..,..,..,..,..,..,..,..,..
Income share held by lowest 20%,SI.DST.FRST.20,Cameroon,CMR,..,..,..,..,..,..,..,..,..,..,..,..,..,..,..,..,..,..,..,..,..,..,..,..,..,..,..,..,..,..,..,..,..,..,..,..,6.1,..,..,..,..,6.2,..,..,..,..,..,5.8,..,..,..,..,..,..,4.5,..,..,..,..,..,..,5.4,..,..,..
Income share held by lowest 20%,SI.DST.FRST.20,Canada,CAN,..,..,..,..,..,..,..,..,..,..,..,5.7,..,6.4,..,6.7,..,6.7,..,6.8,..,7.1,7.1,..,6.9,7.1,7.4,7.5,7.7,7.6,7.4,7.3,7.5,7.4,7.5,7.5,7.4,7.4,7.3,7.3,7.2,7.2,7.2,7.1,7.1,7.2,7.2,7.3,7.2,7.2,7.3,7.5,7,6.8,7.2,7,7.4,7.3,7.5,7.7,8.6,8.2,..,..,..
Income share held by lowest 20%,SI.DST.FRST.20,Cayman Islands,CYM,..,..,..,..,..,..,..,..,..,..,..,..,..,..,..,..,..,..,..,..,..,..,..,..,..,..,..,..,..,..,..,..,..,..,..,..,..,..,..,..,..,..,..,..,..,..,..,..,..,..,..,..,..,..,..,..,..,..,..,..,..,..,..,..,..
Income share held by lowest 20%,SI.DST.FRST.20,Central African Republic,CAF,..,..,..,..,..,..,..,..,..,..,..,..,..,..,..,..,..,..,..,..,..,..,..,..,..,..,..,..,..,..,..,..,3.1,..,..,..,..,..,..,..,..,..,..,..,..,..,..,..,3.4,..,..,..,..,..,..,..,..,..,..,..,..,5.6,..,..,..
Income share held by lowest 20%,SI.DST.FRST.20,Chad,TCD,..,..,..,..,..,..,..,..,..,..,..,..,..,..,..,..,..,..,..,..,..,..,..,..,..,..,..,..,..,..,..,..,..,..,..,..,..,..,..,..,..,..,..,6.3,..,..,..,..,..,..,..,4.9,..,..,..,..,..,..,7.1,..,..,..,6.9,..,..
Income share held by lowest 20%,SI.DST.FRST.20,Channel Islands,CHI,..,..,..,..,..,..,..,..,..,..,..,..,..,..,..,..,..,..,..,..,..,..,..,..,..,..,..,..,..,..,..,..,..,..,..,..,..,..,..,..,..,..,..,..,..,..,..,..,..,..,..,..,..,..,..,..,..,..,..,..,..,..,..,..,..
Income share held by lowest 20%,SI.DST.FRST.20,Chile,CHL,..,..,..,..,..,..,..,..,..,..,..,..,..,..,..,..,..,..,..,..,..,..,..,..,..,..,..,3.4,..,..,3.4,..,3.9,..,3.5,..,3.7,..,3.5,..,3.8,..,..,4,..,..,4.9,..,..,5.1,..,5.2,..,5.4,..,5.6,..,5.6,..,..,4.9,..,5.9,..,..
Income share held by lowest 20%,SI.DST.FRST.20,China,CHN,..,..,..,..,..,..,..,..,..,..,..,..,..,..,..,..,..,..,..,..,..,8.8,..,..,9,..,..,8.2,..,..,8.3,..,..,7.9,..,..,7.4,..,..,6.5,..,..,5.7,..,..,5.9,..,..,5.2,..,5.1,5.4,5.3,6.2,6.2,6.4,6.5,6.4,6.5,6.7,7.2,7.4,7.3,..,..
Income share held by lowest 20%,SI.DST.FRST.20,Colombia,COL,..,..,..,..,..,..,..,..,..,..,..,..,..,..,..,..,..,..,..,..,2.9,..,..,..,..,..,..,..,3.3,3.6,..,3.6,3.7,..,..,..,2.5,..,..,2.2,2.1,2.5,3.2,3.5,3.5,3.6,..,..,3,3.3,3.3,3.5,3.5,3.5,3.6,3.8,3.9,4.1,4,3.7,3.1,3.1,3.2,3.4,..
Income share held by lowest 20%,SI.DST.FRST.20,Comoros,COM,..,..,..,..,..,..,..,..,..,..,..,..,..,..,..,..,..,..,..,..,..,..,..,..,..,..,..,..,..,..,..,..,..,..,..,..,..,..,..,..,..,..,..,..,4,..,..,..,..,..,..,..,..,..,4.5,..,..,..,..,..,..,..,..,..,..
Income share held by lowest 20%,SI.DST.FRST.20,"Congo, Dem. Rep.",COD,..,..,..,..,..,..,..,..,..,..,..,..,..,..,..,..,..,..,..,..,..,..,..,..,..,..,..,..,..,..,..,..,..,..,..,..,..,..,..,..,..,..,..,..,6.1,..,..,..,..,..,..,..,5.6,..,..,..,..,..,..,..,5.5,..,..,..,..
Income share held by lowest 20%,SI.DST.FRST.20,"Congo, Rep.",COG,..,..,..,..,..,..,..,..,..,..,..,..,..,..,..,..,..,..,..,..,..,..,..,..,..,..,..,..,..,..,..,..,..,..,..,..,..,..,..,..,..,..,..,..,..,4.9,..,..,..,..,..,4.2,..,..,..,..,..,..,..,..,..,..,..,..,..
Income share held by lowest 20%,SI.DST.FRST.20,Costa Rica,CRI,..,..,..,..,..,..,..,..,..,..,..,..,..,..,..,..,..,..,..,..,..,3.3,..,..,..,..,5.2,..,..,3.8,3.8,3.7,4,3.9,4,4,3.8,4.2,4.3,4,3.9,3.5,3.5,3.7,4,4.2,4.1,4.3,4.3,4,4.4,4.2,4.2,4.1,4.2,4.3,4.2,4.4,4.3,4.4,4,4.3,4.5,4.5,4.6
Income share held by lowest 20%,SI.DST.FRST.20,Cote d'Ivoire,CIV,..,..,..,..,..,..,..,..,..,..,..,..,..,..,..,..,..,..,..,..,..,..,..,..,..,5,6.9,6.3,6.8,..,..,..,6,..,..,6.6,..,..,6.4,..,..,..,6.1,..,..,..,..,..,5.1,..,..,..,..,..,..,5.7,..,..,7,..,..,7.6,..,..,..
Income share held by lowest 20%,SI.DST.FRST.20,Croatia,HRV,..,..,..,..,..,..,..,..,..,..,..,..,..,..,..,..,..,..,..,..,..,..,..,..,..,..,..,..,10.3,..,..,..,..,..,..,..,..,..,8.7,9.2,8.3,8.3,..,..,8.6,..,..,..,8,7,6.9,6.9,6.9,7.1,7.1,7.3,7.3,7.4,7.9,8,7.9,8.2,7.9,7.8,..
Income share held by lowest 20%,SI.DST.FRST.20,Cuba,CUB,..,..,..,..,..,..,..,..,..,..,..,..,..,..,..,..,..,..,..,..,..,..,..,..,..,..,..,..,..,..,..,..,..,..,..,..,..,..,..,..,..,..,..,..,..,..,..,..,..,..,..,..,..,..,..,..,..,..,..,..,..,..,..,..,..
Income share held by lowest 20%,SI.DST.FRST.20,Curacao,CUW,..,..,..,..,..,..,..,..,..,..,..,..,..,..,..,..,..,..,..,..,..,..,..,..,..,..,..,..,..,..,..,..,..,..,..,..,..,..,..,..,..,..,..,..,..,..,..,..,..,..,..,..,..,..,..,..,..,..,..,..,..,..,..,..,..
Income share held by lowest 20%,SI.DST.FRST.20,Cyprus,CYP,..,..,..,..,..,..,..,..,..,..,..,..,..,..,..,..,..,..,..,..,..,..,..,..,..,..,..,..,..,..,..,..,..,..,..,..,..,..,..,..,..,..,..,..,8.8,8.9,8.8,8.7,8.7,8.5,8.6,8.4,8,7.7,7.6,7.9,8.2,8.4,8.4,8.5,8.5,8.6,8.7,8.6,..
Income share held by lowest 20%,SI.DST.FRST.20,Czechia,CZE,..,..,..,..,..,..,..,..,..,..,..,..,..,..,..,..,..,..,..,..,..,..,..,..,..,..,..,..,..,..,..,..,11.9,10.5,..,..,10,..,..,..,..,..,9.6,..,9,9.3,9.3,9.7,9.8,9.6,9.4,9.3,9.6,9.4,9.7,9.7,10,10.2,10.2,10.1,9.8,9.7,9.8,9.5,..
Income share held by lowest 20%,SI.DST.FRST.20,Denmark,DNK,..,..,..,..,..,..,..,..,..,..,..,..,..,..,..,..,..,..,..,..,..,..,..,..,..,..,..,9.5,..,..,..,..,9.9,..,..,10.9,..,..,..,..,10.6,..,..,9.8,9.9,9.8,9.8,9.8,9.8,9.2,9.3,9.4,9.3,9.1,9.1,9.4,9.2,9.1,9.3,9.5,9.4,9.2,9,9.1,..
Income share held by lowest 20%,SI.DST.FRST.20,Djibouti,DJI,..,..,..,..,..,..,..,..,..,..,..,..,..,..,..,..,..,..,..,..,..,..,..,..,..,..,..,..,..,..,..,..,..,..,..,..,..,..,..,..,..,..,6,..,..,..,..,..,..,..,..,..,4.3,5,..,..,..,5.4,..,..,..,..,..,..,..
Income share held by lowest 20%,SI.DST.FRST.20,Dominica,DMA,..,..,..,..,..,..,..,..,..,..,..,..,..,..,..,..,..,..,..,..,..,..,..,..,..,..,..,..,..,..,..,..,..,..,..,..,..,..,..,..,..,..,..,..,..,..,..,..,..,..,..,..,..,..,..,..,..,..,..,..,..,..,..,..,..
Income share held by lowest 20%,SI.DST.FRST.20,Dominican Republic,DOM,..,..,..,..,..,..,..,..,..,..,..,..,..,..,..,..,..,..,..,..,..,..,..,..,..,..,3.9,..,..,4.2,..,..,4.3,..,..,..,4.3,4,..,..,3.7,4.1,3.8,3.8,3.9,4.1,3.9,4.4,4.6,4.5,4.6,4.7,4.9,4.8,5.1,5,4.9,5.9,5.8,6,6.2,6.6,6.6,6.2,6.1
Income share held by lowest 20%,SI.DST.FRST.20,Ecuador,ECU,..,..,..,..,..,..,..,..,..,..,..,..,..,..,..,..,..,..,..,..,..,..,..,..,..,..,..,3.3,..,..,..,..,..,..,3.3,3.8,..,..,4,2.6,3.1,..,..,3.3,3.2,3.3,3.7,3.5,3.8,4.1,4.1,4.4,4.3,4.5,4.8,4.6,4.7,4.7,4.6,4.5,4.1,4.6,4.7,4.7,4.3
Income share held by lowest 20%,SI.DST.FRST.20,"Egypt, Arab Rep.",EGY,..,..,..,..,..,..,..,..,..,..,..,..,..,..,..,..,..,..,..,..,..,..,..,..,..,..,..,..,..,..,8.7,..,..,..,..,9.5,..,..,..,9.2,..,..,..,..,9,..,..,..,9.2,..,9.4,..,9.8,..,..,9.1,..,9,..,9,..,9.7,..,..,..
Income share held by lowest 20%,SI.DST.FRST.20,El Salvador,SLV,..,..,..,..,..,..,..,..,..,..,..,..,..,..,..,..,..,..,..,..,..,..,..,..,..,..,..,..,..,2.6,..,2.7,..,..,..,3.7,3.5,..,2.1,2.6,3.2,3.1,3,2.9,3.7,3.9,4.8,5.2,4.6,4.9,5.1,5.6,5.7,5.5,5.8,6.1,5.9,6.4,6.2,6.3,..,5.6,5.6,5.6,..
Income share held by lowest 20%,SI.DST.FRST.20,Equatorial Guinea,GNQ,..,..,..,..,..,..,..,..,..,..,..,..,..,..,..,..,..,..,..,..,..,..,..,..,..,..,..,..,..,..,..,..,..,..,..,..,..,..,..,..,..,..,..,..,..,..,..,..,..,..,..,..,..,..,..,..,..,..,..,..,..,..,6.4,..,..
Income share held by lowest 20%,SI.DST.FRST.20,Eritrea,ERI,..,..,..,..,..,..,..,..,..,..,..,..,..,..,..,..,..,..,..,..,..,..,..,..,..,..,..,..,..,..,..,..,..,..,..,..,..,..,..,..,..,..,..,..,..,..,..,..,..,..,..,..,..,..,..,..,..,..,..,..,..,..,..,..,..
Income share held by lowest 20%,SI.DST.FRST.20,Estonia,EST,..,..,..,..,..,..,..,..,..,..,..,..,..,..,..,..,..,..,..,..,..,..,..,..,..,..,..,..,..,..,..,..,..,6.5,..,8.1,..,..,7,..,6.9,7,6.9,6.2,7.1,7.4,7.6,8,7.8,7.7,7.2,7.3,7.3,6.8,7,7.5,7.8,8.1,8.1,8.1,8.1,8.1,7.7,8.3,..
Income share held by lowest 20%,SI.DST.FRST.20,Eswatini,SWZ,..,..,..,..,..,..,..,..,..,..,..,..,..,..,..,..,..,..,..,..,..,..,..,..,..,..,..,..,..,..,..,..,..,..,3.4,..,..,..,..,..,4.5,..,..,..,..,..,..,..,..,4,..,..,..,..,..,..,3.7,..,..,..,..,..,..,..,..
Income share held by lowest 20%,SI.DST.FRST.20,Ethiopia,ETH,..,..,..,..,..,..,..,..,..,..,..,..,..,..,..,..,..,..,..,..,..,..,..,..,..,..,..,..,..,..,..,..,..,..,..,6.3,..,..,..,9.1,..,..,..,..,9.4,..,..,..,..,..,8,..,..,..,..,7.3,..,..,..,..,..,8.3,..,..,..
Income share held by lowest 20%,SI.DST.FRST.20,Faroe Islands,FRO,..,..,..,..,..,..,..,..,..,..,..,..,..,..,..,..,..,..,..,..,..,..,..,..,..,..,..,..,..,..,..,..,..,..,..,..,..,..,..,..,..,..,..,..,..,..,..,..,..,..,..,..,..,..,..,..,..,..,..,..,..,..,..,..,..
Income share held by lowest 20%,SI.DST.FRST.20,Fiji,FJI,..,..,..,..,..,..,..,..,..,..,..,..,..,..,..,..,..,..,..,..,..,..,..,..,..,..,..,..,..,..,..,..,..,..,..,..,..,..,..,..,..,..,6.7,..,..,..,..,..,6.6,..,..,..,..,7.5,..,..,..,..,..,8.4,..,..,..,..,..
Income share held by lowest 20%,SI.DST.FRST.20,Finland,FIN,..,..,..,..,..,..,..,..,..,..,..,..,..,..,..,..,..,..,..,..,..,..,..,..,..,..,..,11,..,..,..,10.9,..,..,..,11,..,..,..,..,9.7,..,..,9.4,9.4,9.5,9.3,9.2,9.3,9.3,9.2,9.3,9.4,9.3,9.4,9.4,9.4,9.4,9.3,9.2,9.5,9.3,9.3,9.2,..
Income share held by lowest 20%,SI.DST.FRST.20,France,FRA,..,..,..,..,..,..,..,..,..,..,7.1,..,..,..,..,7.2,..,..,..,7.5,..,..,..,..,7.6,..,..,..,..,..,8,..,..,..,..,..,7.7,7.7,7.9,7.8,7.8,7.8,8.1,8.2,8.4,8.6,8.5,8.1,7.9,7.7,7.7,7.8,7.9,8,8,7.9,8,8.1,8,7.8,8,7.7,7.8,7.7,..
Income share held by lowest 20%,SI.DST.FRST.20,French Polynesia,PYF,..,..,..,..,..,..,..,..,..,..,..,..,..,..,..,..,..,..,..,..,..,..,..,..,..,..,..,..,..,..,..,..,..,..,..,..,..,..,..,..,..,..,..,..,..,..,..,..,..,..,..,..,..,..,..,..,..,..,..,..,..,..,..,..,..
Income share held by lowest 20%,SI.DST.FRST.20,Gabon,GAB,..,..,..,..,..,..,..,..,..,..,..,..,..,..,..,..,..,..,..,..,..,..,..,..,..,..,..,..,..,..,..,..,..,..,..,..,..,..,..,..,..,..,..,..,..,5.8,..,..,..,..,..,..,..,..,..,..,..,6,..,..,..,..,..,..,..
Income share held by lowest 20%,SI.DST.FRST.20,"Gambia, The",GMB,..,..,..,..,..,..,..,..,..,..,..,..,..,..,..,..,..,..,..,..,..,..,..,..,..,..,..,..,..,..,..,..,..,..,..,..,..,..,4.4,..,..,..,..,4.8,..,..,..,..,..,..,5.7,..,..,..,..,7.4,..,..,..,..,6.6,..,..,..,..
Income share held by lowest 20%,SI.DST.FRST.20,Georgia,GEO,..,..,..,..,..,..,..,..,..,..,..,..,..,..,..,..,..,..,..,..,..,..,..,..,..,..,..,..,..,..,..,..,..,..,..,..,6.1,5.1,5.2,5.4,5.4,5.8,6.3,6.3,6.3,6.2,6.3,6.2,6.1,6.1,5.7,5.6,5.9,6.1,6.4,6.7,6.7,6.3,6.5,6.8,7,7,7,7,7.3
Income share held by lowest 20%,SI.DST.FRST.20,Germany,DEU,..,..,..,..,..,..,..,..,..,..,..,..,..,..,..,..,..,..,..,..,..,..,..,..,..,..,..,..,..,..,..,8.9,9,9.1,8.7,8.7,9.1,9,9.1,8.9,8.9,8.8,8.7,8.7,8.7,8.3,8.5,8.5,8.6,8.5,8.6,8.6,8.3,8.3,8.2,8.1,8,8,8,7.9,7.8,..,..,..,..
Income share held by lowest 20%,SI.DST.FRST.20,Ghana,GHA,..,..,..,..,..,..,..,..,..,..,..,..,..,..,..,..,..,..,..,..,..,..,..,..,..,..,..,7,7,..,..,6.6,..,..,..,..,..,..,5.8,..,..,..,..,..,..,5.3,..,..,..,..,..,..,5.4,..,..,..,4.7,..,..,..,..,..,..,..,..
Income share held by lowest 20%,SI.DST.FRST.20,Gibraltar,GIB,..,..,..,..,..,..,..,..,..,..,..,..,..,..,..,..,..,..,..,..,..,..,..,..,..,..,..,..,..,..,..,..,..,..,..,..,..,..,..,..,..,..,..,..,..,..,..,..,..,..,..,..,..,..,..,..,..,..,..,..,..,..,..,..,..
Income share held by lowest 20%,SI.DST.FRST.20,Greece,GRC,..,..,..,..,..,..,..,..,..,..,..,..,..,..,..,..,..,..,..,..,..,..,..,..,..,..,..,..,..,..,..,..,..,..,..,6,..,..,..,..,6.9,..,6.8,7.2,7.1,6.9,6.7,7,7.1,7,6.7,6.1,5.8,5.9,5.9,5.8,6.3,6.6,7.2,7,6.7,7.1,7.2,7.2,..
Income share held by lowest 20%,SI.DST.FRST.20,Greenland,GRL,..,..,..,..,..,..,..,..,..,..,..,..,..,..,..,..,..,..,..,..,..,..,..,..,..,..,..,..,..,..,..,..,..,..,..,..,..,..,..,..,..,..,..,..,..,..,..,..,..,..,..,..,..,..,..,..,..,..,..,..,..,..,..,..,..
Income share held by lowest 20%,SI.DST.FRST.20,Grenada,GRD,..,..,..,..,..,..,..,..,..,..,..,..,..,..,..,..,..,..,..,..,..,..,..,..,..,..,..,..,..,..,..,..,..,..,..,..,..,..,..,..,..,..,..,..,..,..,..,..,..,..,..,..,..,..,..,..,..,..,5.5,..,..,..,..,..,..
Income share held by lowest 20%,SI.DST.FRST.20,Guam,GUM,..,..,..,..,..,..,..,..,..,..,..,..,..,..,..,..,..,..,..,..,..,..,..,..,..,..,..,..,..,..,..,..,..,..,..,..,..,..,..,..,..,..,..,..,..,..,..,..,..,..,..,..,..,..,..,..,..,..,..,..,..,..,..,..,..
Income share held by lowest 20%,SI.DST.FRST.20,Guatemala,GTM,..,..,..,..,..,..,..,..,..,..,..,..,..,..,..,..,..,..,..,..,..,..,..,..,..,..,3,..,..,2.2,..,..,..,..,..,..,..,..,3.7,..,3.5,..,..,..,..,..,3.1,..,..,..,..,..,..,..,4.5,..,..,..,..,..,..,..,..,4.6,..
Income share held by lowest 20%,SI.DST.FRST.20,Guinea,GIN,..,..,..,..,..,..,..,..,..,..,..,..,..,..,..,..,..,..,..,..,..,..,..,..,..,..,..,..,..,..,..,3.9,..,..,5.2,..,..,..,..,..,..,..,5.8,..,..,..,..,6.3,..,..,..,..,7.6,..,..,..,..,..,8.5,..,..,..,..,..,..
Income share held by lowest 20%,SI.DST.FRST.20,Guinea-Bissau,GNB,..,..,..,..,..,..,..,..,..,..,..,..,..,..,..,..,..,..,..,..,..,..,..,..,..,..,..,..,..,..,..,2.2,..,5.6,..,..,..,..,..,..,..,..,7.3,..,..,..,..,..,..,..,4.5,..,..,..,..,..,..,..,7.8,..,..,7.9,..,..,..
Income share held by lowest 20%,SI.DST.FRST.20,Guyana,GUY,..,..,..,..,..,..,..,..,..,..,..,..,..,..,..,..,..,..,..,..,..,..,..,..,..,..,..,..,..,..,..,..,5.3,..,..,..,..,..,4.3,..,..,..,..,..,..,..,..,..,..,..,..,..,..,..,..,..,..,..,..,..,..,..,..,..,..
Income share held by lowest 20%,SI.DST.FRST.20,Haiti,HTI,..,..,..,..,..,..,..,..,..,..,..,..,..,..,..,..,..,..,..,..,..,..,..,..,..,..,..,..,..,..,..,..,..,..,..,..,..,..,..,..,..,2.6,..,..,..,..,..,..,..,..,..,..,5.5,..,..,..,..,..,..,..,..,..,..,..,..
Income share held by lowest 20%,SI.DST.FRST.20,Honduras,HND,..,..,..,..,..,..,..,..,..,..,..,..,..,..,..,..,..,..,..,..,..,..,..,..,..,..,..,..,..,3,2.9,3.7,3.9,3.6,3.1,3.1,2.9,3.5,2.2,2.4,..,2.5,2.6,2.4,2.4,1.9,2.1,2.8,2.7,3.3,3.1,3.1,3,3.5,3.7,3.7,3.2,3.4,3.4,3.6,..,..,..,3.6,3.7
Income share held by lowest 20%,SI.DST.FRST.20,"Hong Kong SAR, China",HKG,..,..,..,..,..,..,..,..,..,..,..,..,..,..,..,..,..,..,..,..,..,..,..,..,..,..,..,..,..,..,..,..,..,..,..,..,..,..,..,..,..,..,..,..,..,..,..,..,..,..,..,..,..,..,..,..,..,..,..,..,..,..,..,..,..
Income share held by lowest 20%,SI.DST.FRST.20,Hungary,HUN,..,..,..,..,..,..,..,..,..,..,..,..,..,..,..,..,..,..,..,..,..,..,..,..,..,..,..,11.4,..,10.4,..,8.1,..,9.8,7.4,..,..,..,9.6,8.5,9.5,9.4,9.5,8.2,8.3,7.1,8.7,8.7,8.8,8.9,8.2,8.1,7.6,7.6,7.6,7.8,8,7.9,..,..,..,..,..,..,..
Income share held by lowest 20%,SI.DST.FRST.20,Iceland,ISL,..,..,..,..,..,..,..,..,..,..,..,..,..,..,..,..,..,..,..,..,..,..,..,..,..,..,..,..,..,..,..,..,..,..,..,..,..,..,..,..,..,..,..,9.5,9.4,9.2,8.9,9.1,8.6,9.1,9.5,9.3,9.3,9.9,9.4,9.5,9.4,9.7,9.2,9.4,..,..,..,..,..
Income share held by lowest 20%,SI.DST.FRST.20,India,IND,..,..,..,..,..,..,..,..,..,..,..,..,..,..,..,..,..,9.1,..,..,..,..,..,9.6,..,..,..,9.7,..,..,..,..,..,10.2,..,..,..,..,..,..,..,..,..,..,10,..,..,..,..,10,..,9.7,..,..,..,..,..,..,..,..,..,..,10.4,..,..
Income share held by lowest 20%,SI.DST.FRST.20,Indonesia,IDN,..,..,..,..,..,..,..,..,..,..,..,..,..,..,..,..,..,..,..,..,..,..,..,..,8.3,..,..,9.1,..,..,9,..,..,9,..,..,8.4,..,9,9.2,9.2,9.1,9.5,9.4,9,9.2,8.7,8.4,8.5,8.4,8.1,7.5,7.7,7.4,7.4,7.4,7.4,7.4,7.4,7.6,7.6,7.6,7.8,7.9,8.1
Income share held by lowest 20%,SI.DST.FRST.20,"Iran, Islamic Rep.",IRN,..,..,..,..,..,..,..,..,..,..,..,..,..,..,..,..,..,..,..,..,..,..,..,..,..,..,4.6,..,..,..,5.2,..,..,..,5.5,..,..,..,5.2,..,..,..,..,..,..,5.3,5,..,..,5.3,..,7.3,7.5,7.6,7.2,7.2,7.1,6.9,6.8,6.9,7,7,7.2,7,..
Income share held by lowest 20%,SI.DST.FRST.20,Iraq,IRQ,..,..,..,..,..,..,..,..,..,..,..,..,..,..,..,..,..,..,..,..,..,..,..,..,..,..,..,..,..,..,..,..,..,..,..,..,..,..,..,..,..,..,..,..,..,..,9.3,..,..,..,..,..,8.8,..,..,..,..,..,..,..,..,..,..,8.9,..
Income share held by lowest 20%,SI.DST.FRST.20,Ireland,IRL,..,..,..,..,..,..,..,..,..,..,..,..,..,..,..,..,..,..,..,..,..,..,..,..,..,..,..,7.1,..,..,..,..,..,..,7.1,6.9,7.2,..,..,..,7.9,..,7.7,7.7,7.6,7.7,7.9,8.2,8.2,7.7,7.6,7.5,7.5,7.3,7.9,8,7.9,8.4,8.7,8.8,9,9,8.9,9.2,..
Income share held by lowest 20%,SI.DST.FRST.20,Isle of Man,IMN,..,..,..,..,..,..,..,..,..,..,..,..,..,..,..,..,..,..,..,..,..,..,..,..,..,..,..,..,..,..,..,..,..,..,..,..,..,..,..,..,..,..,..,..,..,..,..,..,..,..,..,..,..,..,..,..,..,..,..,..,..,..,..,..,..
Income share held by lowest 20%,SI.DST.FRST.20,Israel,ISR,..,..,..,..,..,..,..,..,..,..,..,..,..,..,..,..,..,..,..,6.8,..,..,..,..,..,..,6.6,..,..,..,..,..,7,..,..,..,..,6.2,..,..,..,6,5.6,5.3,4.9,4.9,4.9,5,4.9,4.7,4.8,4.9,4.9,5.2,5.1,5.1,5.2,5.2,5.3,5.3,5.5,5.6,..,..,..
Income share held by lowest 20%,SI.DST.FRST.20,Italy,ITA,..,..,..,..,..,..,..,..,..,..,..,..,..,..,..,..,..,7.3,7.4,7.3,7.8,8.1,8.6,8.3,7.9,..,7.9,6.8,..,7.9,..,7.8,..,6.2,..,6.4,..,..,6,..,6.4,..,6.5,6.7,6.9,6.8,6.9,7.1,6.9,6.7,6.4,6.4,6.3,6.2,6.2,5.9,6.1,6,6.1,6.3,6.3,6.5,6.8,6.6,..
Income share held by lowest 20%,SI.DST.FRST.20,Jamaica,JAM,..,..,..,..,..,..,..,..,..,..,..,..,..,..,..,..,..,..,..,..,..,..,..,..,..,..,..,..,5.4,..,6.2,..,..,6.8,..,..,6.5,..,..,5.5,..,..,4.8,..,5.3,..,..,..,..,..,..,..,..,..,..,..,..,..,7.3,..,..,5.7,..,..,..
Income share held by lowest 20%,SI.DST.FRST.20,Japan,JPN,..,..,..,..,..,..,..,..,..,..,..,..,..,..,..,..,..,..,..,..,..,..,..,..,..,..,..,..,..,..,..,..,..,..,..,..,..,..,..,..,..,..,..,..,..,..,..,..,6.3,7,7.5,7,7.2,7.2,7.8,7.9,7.3,7.4,6.8,6.8,6.9,..,..,..,..
Income share held by lowest 20%,SI.DST.FRST.20,Jordan,JOR,..,..,..,..,..,..,..,..,..,..,..,..,..,..,..,..,..,..,..,..,..,..,..,..,..,..,7.3,..,..,..,..,..,6,..,..,..,..,7.6,..,..,..,..,7.2,..,..,..,8,..,8.4,..,8.2,..,..,..,..,..,..,..,..,..,..,..,..,..,..
Income share held by lowest 20%,SI.DST.FRST.20,Kazakhstan,KAZ,..,..,..,..,..,..,..,..,..,..,..,..,..,..,..,..,..,..,..,..,..,..,..,..,..,..,..,..,..,..,..,..,..,7.5,..,..,6.9,..,..,..,..,6.7,7.3,7.5,8.2,5.9,8.9,8.9,9.5,9.4,9.5,9.5,9.4,9.8,9.9,10,9.8,9.8,9.8,9.8,9.8,9.8,..,..,..
Income share held by lowest 20%,SI.DST.FRST.20,Kenya,KEN,..,..,..,..,..,..,..,..,..,..,..,..,..,..,..,..,..,..,..,..,..,..,..,..,..,..,..,..,..,..,..,..,3.4,..,5.2,..,..,5.6,..,..,..,..,..,..,..,5,..,..,..,..,..,..,..,..,..,6.2,..,..,..,..,7.3,7.2,7.2,..,..
Income share held by lowest 20%,SI.DST.FRST.20,Kiribati,KIR,..,..,..,..,..,..,..,..,..,..,..,..,..,..,..,..,..,..,..,..,..,..,..,..,..,..,..,..,..,..,..,..,..,..,..,..,..,..,..,..,..,..,..,..,..,..,6.6,..,..,..,..,..,..,..,..,..,..,..,..,9.5,..,..,..,..,..
Income share held by lowest 20%,SI.DST.FRST.20,"Korea, Dem. People's Rep.",PRK,..,..,..,..,..,..,..,..,..,..,..,..,..,..,..,..,..,..,..,..,..,..,..,..,..,..,..,..,..,..,..,..,..,..,..,..,..,..,..,..,..,..,..,..,..,..,..,..,..,..,..,..,..,..,..,..,..,..,..,..,..,..,..,..,..
Income share held by lowest 20%,SI.DST.FRST.20,"Korea, Rep.",KOR,..,..,..,..,..,..,..,..,..,..,..,..,..,..,..,..,..,..,..,..,..,..,..,..,..,..,..,..,..,..,..,..,..,..,..,..,..,..,..,..,..,..,..,..,..,..,7.4,..,7.3,..,7.4,..,7.4,..,7.6,..,6.7,6.7,7.1,7.4,7.6,7.5,..,..,..
Income share held by lowest 20%,SI.DST.FRST.20,Kosovo,XKX,..,..,..,..,..,..,..,..,..,..,..,..,..,..,..,..,..,..,..,..,..,..,..,..,..,..,..,..,..,..,..,..,..,..,..,..,..,..,..,..,..,..,..,9.1,..,8.2,8.5,..,..,8,7.8,9,8.8,9.7,9.1,9.5,9.4,3.5,3,4.3,1.7,1.9,4.5,..,..
Income share held by lowest 20%,SI.DST.FRST.20,Kuwait,KWT,..,..,..,..,..,..,..,..,..,..,..,..,..,..,..,..,..,..,..,..,..,..,..,..,..,..,..,..,..,..,..,..,..,..,..,..,..,..,..,..,..,..,..,..,..,..,..,..,..,..,..,..,..,..,..,..,..,..,..,..,..,..,..,..,..
Income share held by lowest 20%,SI.DST.FRST.20,Kyrgyz Republic,KGZ,..,..,..,..,..,..,..,..,..,..,..,..,..,..,..,..,..,..,..,..,..,..,..,..,..,..,..,..,..,..,..,..,..,..,..,..,..,..,4.4,..,8.6,8.8,8.6,9.3,7.7,8.4,7.3,7.6,8.4,9.1,8.7,9.7,9.6,9.3,10,9.5,10,9.9,9.9,9.6,9.4,9.5,10,9.9,..
Income share held by lowest 20%,SI.DST.FRST.20,Lao PDR,LAO,..,..,..,..,..,..,..,..,..,..,..,..,..,..,..,..,..,..,..,..,..,..,..,..,..,..,..,..,..,..,..,..,8.2,..,..,..,..,8.1,..,..,..,..,8.6,..,..,..,..,8,..,..,..,..,7.6,..,..,..,..,..,7,..,..,..,..,..,..
Income share held by lowest 20%,SI.DST.FRST.20,Latvia,LVA,..,..,..,..,..,..,..,..,..,..,..,..,..,..,..,..,..,..,..,..,..,..,..,..,..,..,..,..,..,..,..,..,..,9.6,..,8,7.7,7.2,7.5,..,..,..,7.1,6.9,6.5,5.9,6.8,6.4,6.1,5.9,6.2,6.4,6.5,6.5,6.6,7.1,7,6.7,7,7.1,6.9,7.1,7.1,7.2,..
Income share held by lowest 20%,SI.DST.FRST.20,Lebanon,LBN,..,..,..,..,..,..,..,..,..,..,..,..,..,..,..,..,..,..,..,..,..,..,..,..,..,..,..,..,..,..,..,..,..,..,..,..,..,..,..,..,..,..,..,..,..,..,..,..,..,..,..,7.9,..,..,..,..,..,..,..,..,..,..,6.8,..,..
Income share held by lowest 20%,SI.DST.FRST.20,Lesotho,LSO,..,..,..,..,..,..,..,..,..,..,..,..,..,..,..,..,..,..,..,..,..,..,..,..,..,..,2.9,..,..,..,..,..,..,..,1.6,..,..,..,..,..,..,..,3.3,..,..,..,..,..,..,..,..,..,..,..,..,..,..,4.6,..,..,..,..,..,..,..
Income share held by lowest 20%,SI.DST.FRST.20,Liberia,LBR,..,..,..,..,..,..,..,..,..,..,..,..,..,..,..,..,..,..,..,..,..,..,..,..,..,..,..,..,..,..,..,..,..,..,..,..,..,..,..,..,..,..,..,..,..,..,..,6.5,..,..,..,..,..,..,7.8,..,7.2,..,..,..,..,..,..,..,..
Income share held by lowest 20%,SI.DST.FRST.20,Libya,LBY,..,..,..,..,..,..,..,..,..,..,..,..,..,..,..,..,..,..,..,..,..,..,..,..,..,..,..,..,..,..,..,..,..,..,..,..,..,..,..,..,..,..,..,..,..,..,..,..,..,..,..,..,..,..,..,..,..,..,..,..,..,..,..,..,..
Income share held by lowest 20%,SI.DST.FRST.20,Liechtenstein,LIE,..,..,..,..,..,..,..,..,..,..,..,..,..,..,..,..,..,..,..,..,..,..,..,..,..,..,..,..,..,..,..,..,..,..,..,..,..,..,..,..,..,..,..,..,..,..,..,..,..,..,..,..,..,..,..,..,..,..,..,..,..,..,..,..,..
Income share held by lowest 20%,SI.DST.FRST.20,Lithuania,LTU,..,..,..,..,..,..,..,..,..,..,..,..,..,..,..,..,..,..,..,..,..,..,..,..,..,..,..,..,..,..,..,..,..,8.1,..,..,7.8,..,7.8,7.9,7.9,7.8,7.8,7.2,5.8,6.4,6.9,6.8,6.6,5.7,6.5,7.1,6.5,6.7,6,6.1,6,6.3,6.6,7,7.2,7,6.8,6.5,..
Income share held by lowest 20%,SI.DST.FRST.20,Luxembourg,LUX,..,..,..,..,..,..,..,..,..,..,..,..,..,..,..,..,..,..,..,..,..,..,..,..,..,9.7,9.3,8.9,9.2,9.1,9.5,9.4,9.5,9.7,9.1,9.1,8.6,8.7,8.4,8.6,8.6,8.5,8.6,8.3,8.3,8.2,8.2,8.3,7.8,8,8.2,7.8,7.3,7.6,7.9,7.5,7.6,6.8,6.6,7.2,7.1,7.2,7.1,7.1,..
Income share held by lowest 20%,SI.DST.FRST.20,"Macao SAR, China",MAC,..,..,..,..,..,..,..,..,..,..,..,..,..,..,..,..,..,..,..,..,..,..,..,..,..,..,..,..,..,..,..,..,..,..,..,..,..,..,..,..,..,..,..,..,..,..,..,..,..,..,..,..,..,..,..,..,..,..,..,..,..,..,..,..,..
Income share held by lowest 20%,SI.DST.FRST.20,Madagascar,MDG,..,..,..,..,..,..,..,..,..,..,..,..,..,..,..,..,..,..,..,..,5,..,..,..,..,..,..,..,..,..,..,..,..,5.5,..,..,..,6.1,..,6.3,..,4.9,..,..,..,6.7,..,..,..,..,6.1,..,5.7,..,..,..,..,..,..,..,..,7.2,..,..,..
Income share held by lowest 20%,SI.DST.FRST.20,Malawi,MWI,..,..,..,..,..,..,..,..,..,..,..,..,..,..,..,..,..,..,..,..,..,..,..,..,..,..,..,..,..,..,..,..,..,..,..,..,..,3.9,..,..,..,..,..,..,6.9,..,..,..,..,..,5.5,..,..,..,..,..,6.4,..,..,7,..,..,..,..,..
Income share held by lowest 20%,SI.DST.FRST.20,Malaysia,MYS,..,..,..,..,..,..,..,..,..,..,..,..,..,..,..,..,..,..,..,..,..,..,..,..,4.6,..,..,4.9,..,5.1,..,..,4.7,..,..,4.5,..,4.4,..,..,..,..,..,4.6,..,..,5,..,4.8,..,..,5.2,..,5.8,..,5.8,..,..,5.7,..,..,5.9,..,..,..
Income share held by lowest 20%,SI.DST.FRST.20,Maldives,MDV,..,..,..,..,..,..,..,..,..,..,..,..,..,..,..,..,..,..,..,..,..,..,..,..,..,..,..,..,..,..,..,..,..,..,..,..,..,..,..,..,..,..,6.8,..,..,..,..,..,..,6.4,..,..,..,..,..,..,8.3,..,..,8.9,..,..,..,..,..
Income share held by lowest 20%,SI.DST.FRST.20,Mali,MLI,..,..,..,..,..,..,..,..,..,..,..,..,..,..,..,..,..,..,..,..,..,..,..,..,..,..,..,..,..,..,..,..,..,..,4.8,..,..,..,..,..,..,6.3,..,..,..,..,6.4,..,..,8,..,..,..,..,..,..,..,..,7.5,..,..,7.6,..,..,..
Income share held by lowest 20%,SI.DST.FRST.20,Malta,MLT,..,..,..,..,..,..,..,..,..,..,..,..,..,..,..,..,..,..,..,..,..,..,..,..,..,..,..,..,..,..,..,..,..,..,..,..,..,..,..,..,..,..,..,..,..,..,8.6,8.3,8.5,8.2,8.4,8.5,8.4,8.6,8.6,8.5,8.6,8.5,8.6,8.2,8,8.3,7.3,..,..
Income share held by lowest 20%,SI.DST.FRST.20,Marshall Islands,MHL,..,..,..,..,..,..,..,..,..,..,..,..,..,..,..,..,..,..,..,..,..,..,..,..,..,..,..,..,..,..,..,..,..,..,..,..,..,..,..,..,..,..,..,..,..,..,..,..,..,..,..,..,..,..,..,..,..,..,..,7.2,..,..,..,..,..
Income share held by lowest 20%,SI.DST.FRST.20,Mauritania,MRT,..,..,..,..,..,..,..,..,..,..,..,..,..,..,..,..,..,..,..,..,..,..,..,..,..,..,..,4.2,..,..,..,..,..,5.2,..,6.4,..,..,..,..,6.2,..,..,..,6.5,..,..,..,6.7,..,..,..,..,..,7.5,..,..,..,..,7.8,..,..,..,..,..
Income share held by lowest 20%,SI.DST.FRST.20,Mauritius,MUS,..,..,..,..,..,..,..,..,..,..,..,..,..,..,..,..,..,..,..,..,..,..,..,..,..,..,..,..,..,..,..,..,..,..,..,..,..,..,..,..,..,..,..,..,..,..,7.6,..,..,..,..,..,7,..,..,..,..,7.2,..,..,..,..,..,..,..
Income share held by lowest 20%,SI.DST.FRST.20,Mexico,MEX,..,..,..,..,..,..,..,..,..,..,..,..,..,..,..,..,..,..,..,..,..,..,..,..,4.6,..,..,..,..,4.3,..,..,4,..,3.7,..,3.8,..,3.3,..,3.4,..,4,..,4,3.8,4.2,..,3.9,..,4.6,..,4.4,..,4.7,..,5,..,5.2,..,5.3,..,5.6,..,..
Income share held by lowest 20%,SI.DST.FRST.20,"Micronesia, Fed. Sts.",FSM,..,..,..,..,..,..,..,..,..,..,..,..,..,..,..,..,..,..,..,..,..,..,..,..,..,..,..,..,..,..,..,..,..,..,..,..,..,..,..,..,..,..,..,..,..,5.6,..,..,..,..,..,..,..,5.5,..,..,..,..,..,..,..,..,..,..,..
Income share held by lowest 20%,SI.DST.FRST.20,Moldova,MDA,..,..,..,..,..,..,..,..,..,..,..,..,..,..,..,..,..,..,..,..,..,..,..,..,..,..,..,..,..,..,..,..,..,..,..,..,..,6.6,6,6,6.9,6.7,7,7.6,7.4,7,7.1,7.4,7.3,7.6,8.1,8.5,9,9.2,9.7,9.7,10,10,10.2,10,10.3,10.1,10.2,9.9,..
Income share held by lowest 20%,SI.DST.FRST.20,Monaco,MCO,..,..,..,..,..,..,..,..,..,..,..,..,..,..,..,..,..,..,..,..,..,..,..,..,..,..,..,..,..,..,..,..,..,..,..,..,..,..,..,..,..,..,..,..,..,..,..,..,..,..,..,..,..,..,..,..,..,..,..,..,..,..,..,..,..
Income share held by lowest 20%,SI.DST.FRST.20,Mongolia,MNG,..,..,..,..,..,..,..,..,..,..,..,..,..,..,..,..,..,..,..,..,..,..,..,..,..,..,..,..,..,..,..,..,..,..,..,7.4,..,..,7.7,..,..,..,7.5,..,..,..,..,7.3,..,..,7.8,7.8,7.6,..,8.1,..,8,..,7.9,..,..,..,8.2,..,..
Income share held by lowest 20%,SI.DST.FRST.20,Montenegro,MNE,..,..,..,..,..,..,..,..,..,..,..,..,..,..,..,..,..,..,..,..,..,..,..,..,..,..,..,..,..,..,..,..,..,..,..,..,..,..,..,..,..,..,..,..,..,8.5,8.4,8.1,8.4,8.3,8.7,8.2,4.5,5.2,5.1,5.2,5.2,5.2,5.3,5.9,6.1,6.2,..,..,..
Income share held by lowest 20%,SI.DST.FRST.20,Morocco,MAR,..,..,..,..,..,..,..,..,..,..,..,..,..,..,..,..,..,..,..,..,..,..,..,..,6.9,..,..,..,..,..,6.6,..,..,..,..,..,..,..,6.5,..,6.5,..,..,..,..,..,6.5,..,..,..,..,..,..,6.7,..,..,..,..,..,..,..,..,..,..,..
Income share held by lowest 20%,SI.DST.FRST.20,Mozambique,MOZ,..,..,..,..,..,..,..,..,..,..,..,..,..,..,..,..,..,..,..,..,..,..,..,..,..,..,..,..,..,..,..,..,..,..,..,..,4.2,..,..,..,..,..,5.5,..,..,..,..,..,5.3,..,..,..,..,..,4.2,..,..,..,..,4.5,..,..,4.7,..,..
Income share held by lowest 20%,SI.DST.FRST.20,Myanmar,MMR,..,..,..,..,..,..,..,..,..,..,..,..,..,..,..,..,..,..,..,..,..,..,..,..,..,..,..,..,..,..,..,..,..,..,..,..,..,..,..,..,..,..,..,..,..,..,..,..,..,..,..,..,..,..,..,7.3,..,8.9,..,..,..,..,..,..,..
Income share held by lowest 20%,SI.DST.FRST.20,Namibia,NAM,..,..,..,..,..,..,..,..,..,..,..,..,..,..,..,..,..,..,..,..,..,..,..,..,..,..,..,..,..,..,..,..,..,1.7,..,..,..,..,..,..,..,..,..,3,..,..,..,..,..,3.3,..,..,..,..,..,2.8,..,..,..,..,..,..,..,..,..
Income share held by lowest 20%,SI.DST.FRST.20,Nauru,NRU,..,..,..,..,..,..,..,..,..,..,..,..,..,..,..,..,..,..,..,..,..,..,..,..,..,..,..,..,..,..,..,..,..,..,..,..,..,..,..,..,..,..,..,..,..,..,..,..,..,..,..,..,8,..,..,..,..,..,..,..,..,..,..,..,..
Income share held by lowest 20%,SI.DST.FRST.20,Nepal,NPL,..,..,..,..,..,..,..,..,..,..,..,..,..,..,..,..,..,..,..,..,..,..,..,..,9.1,..,..,..,..,..,..,..,..,..,..,7.8,..,..,..,..,..,..,..,6.5,..,..,..,..,..,..,8.3,..,..,..,..,..,..,..,..,..,..,..,8.7,..,..
Income share held by lowest 20%,SI.DST.FRST.20,Netherlands,NLD,..,..,..,..,..,..,..,..,..,..,..,..,..,..,..,..,..,..,..,..,..,..,..,9,..,..,..,9.8,..,..,8.4,..,..,8,..,..,..,..,..,9.2,..,..,..,..,8.4,8.7,8.7,8.8,8.7,9,9,9.1,9.1,8.9,8.8,8.9,8.8,8.8,8.9,8.6,9.2,9.4,..,..,..
Income share held by lowest 20%,SI.DST.FRST.20,New Caledonia,NCL,..,..,..,..,..,..,..,..,..,..,..,..,..,..,..,..,..,..,..,..,..,..,..,..,..,..,..,..,..,..,..,..,..,..,..,..,..,..,..,..,..,..,..,..,..,..,..,..,..,..,..,..,..,..,..,..,..,..,..,..,..,..,..,..,..
Income share held by lowest 20%,SI.DST.FRST.20,New Zealand,NZL,..,..,..,..,..,..,..,..,..,..,..,..,..,..,..,..,..,..,..,..,..,..,..,..,..,..,..,..,..,..,..,..,..,..,..,..,..,..,..,..,..,..,..,..,..,..,..,..,..,..,..,..,..,..,..,..,..,..,..,..,..,..,..,..,..
Income share held by lowest 20%,SI.DST.FRST.20,Nicaragua,NIC,..,..,..,..,..,..,..,..,..,..,..,..,..,..,..,..,..,..,..,..,..,..,..,..,..,..,..,..,..,..,..,..,..,2.3,..,..,..,..,3.1,..,..,3.9,..,..,..,4.8,..,..,..,5.3,..,..,..,..,5.1,..,..,..,..,..,..,..,..,..,..
Income share held by lowest 20%,SI.DST.FRST.20,Niger,NER,..,..,..,..,..,..,..,..,..,..,..,..,..,..,..,..,..,..,..,..,..,..,..,..,..,..,..,..,..,..,..,..,7.5,..,6,..,..,..,..,..,..,..,..,..,..,5.9,..,7.7,..,..,..,8.9,..,..,7.8,..,..,..,7.6,..,..,8.7,..,..,..
Income share held by lowest 20%,SI.DST.FRST.20,Nigeria,NGA,..,..,..,..,..,..,..,..,..,..,..,..,..,..,..,..,..,..,..,..,..,..,..,..,..,6,..,..,..,..,..,..,4,..,..,..,3.7,..,..,..,..,..,..,5.7,..,..,..,..,..,..,7.1,..,7.1,..,..,7,..,..,7.1,..,..,..,7.5,..,..
Income share held by lowest 20%,SI.DST.FRST.20,North Macedonia,MKD,..,..,..,..,..,..,..,..,..,..,..,..,..,..,..,..,..,..,..,..,..,..,..,..,..,..,..,..,..,..,..,..,..,..,..,..,..,..,8.5,..,6.6,..,6.1,6.1,6.1,5.8,5.2,..,5,4.1,3.8,4.4,4.9,5.6,5.8,5.6,5.6,5.7,6.1,5.8,..,..,..,..,..
Income share held by lowest 20%,SI.DST.FRST.20,Northern Mariana Islands,MNP,..,..,..,..,..,..,..,..,..,..,..,..,..,..,..,..,..,..,..,..,..,..,..,..,..,..,..,..,..,..,..,..,..,..,..,..,..,..,..,..,..,..,..,..,..,..,..,..,..,..,..,..,..,..,..,..,..,..,..,..,..,..,..,..,..
Income share held by lowest 20%,SI.DST.FRST.20,Norway,NOR,..,..,..,..,..,..,..,..,..,..,..,..,..,..,..,..,..,..,..,9.6,..,..,..,..,..,..,10.3,..,..,..,..,10.2,..,..,..,9.9,..,..,..,..,9.9,..,..,9.5,8.8,9,9.2,9.4,9.1,9.4,9.5,9.5,9.4,9.3,9.1,9,8.6,8.9,8.9,8.8,8.6,8.8,9.1,9.1,..
Income share held by lowest 20%,SI.DST.FRST.20,Oman,OMN,..,..,..,..,..,..,..,..,..,..,..,..,..,..,..,..,..,..,..,..,..,..,..,..,..,..,..,..,..,..,..,..,..,..,..,..,..,..,..,..,..,..,..,..,..,..,..,..,..,..,..,..,..,..,..,..,..,..,..,..,..,..,..,..,..
Income share held by lowest 20%,SI.DST.FRST.20,Pakistan,PAK,..,..,..,..,..,..,..,..,..,..,..,..,..,..,..,..,..,..,..,..,..,..,..,..,..,..,..,8.3,..,..,8.1,..,..,..,..,..,10,..,8.7,..,..,9.8,..,..,9.2,9.3,..,9.7,..,..,9.9,9.7,..,9.5,..,9.3,..,..,9.6,..,..,..,..,..,..
Income share held by lowest 20%,SI.DST.FRST.20,Palau,PLW,..,..,..,..,..,..,..,..,..,..,..,..,..,..,..,..,..,..,..,..,..,..,..,..,..,..,..,..,..,..,..,..,..,..,..,..,..,..,..,..,..,..,..,..,..,..,..,..,..,..,..,..,..,..,..,..,..,..,..,..,..,..,..,..,..
Income share held by lowest 20%,SI.DST.FRST.20,Panama,PAN,..,..,..,..,..,..,..,..,..,..,..,..,..,..,..,..,..,..,..,3.9,..,..,..,..,..,..,..,..,..,1.1,..,1.3,..,..,..,1.5,..,1.7,1.7,2,2.2,2,2.5,2.5,2.6,2.7,2.5,3,3.2,3.5,3.3,3.4,3.2,3.3,3.4,3.4,3.3,3.4,3.6,3.6,..,3.7,..,3.7,3.6
Income share held by lowest 20%,SI.DST.FRST.20,Papua New Guinea,PNG,..,..,..,..,..,..,..,..,..,..,..,..,..,..,..,..,..,..,..,..,..,..,..,..,..,..,..,..,..,..,..,..,..,..,..,..,4.9,..,..,..,..,..,..,..,..,..,..,..,..,5.1,..,..,..,..,..,..,..,..,..,..,..,..,..,..,..
Income share held by lowest 20%,SI.DST.FRST.20,Paraguay,PRY,..,..,..,..,..,..,..,..,..,..,..,..,..,..,..,..,..,..,..,..,..,..,..,..,..,..,..,..,..,..,5.8,..,..,..,..,2.4,..,2.5,..,2.8,..,3.1,2.9,3.4,4,3.9,3.6,3.6,4.1,4,3.8,3.5,4.2,4.4,4,4.3,4.5,4.7,4.8,4.8,5.3,5.5,5,5.2,5.3
Income share held by lowest 20%,SI.DST.FRST.20,Peru,PER,..,..,..,..,..,..,..,..,..,..,..,..,..,..,..,..,..,..,..,..,..,..,..,..,..,4.8,..,..,..,..,..,..,..,..,4.9,..,..,3,2.9,2.9,3.5,3.4,3.2,3.6,3.7,3.6,3.5,3.5,3.8,4,4.3,4.4,4.4,4.5,4.7,4.7,4.6,4.7,5,5.2,4.8,5.8,5.7,5.5,5.6
Income share held by lowest 20%,SI.DST.FRST.20,Philippines,PHL,..,..,..,..,..,..,..,..,..,..,..,..,..,..,..,..,..,..,..,..,..,..,..,..,..,6.4,..,..,6.5,..,..,5.9,..,..,5.9,..,..,5.4,..,..,5.1,..,..,5.2,..,..,5,..,..,5.3,..,..,5.2,..,..,5.6,..,..,6.2,..,..,6.5,..,6.9,..
Income share held by lowest 20%,SI.DST.FRST.20,Poland,POL,..,..,..,..,..,..,..,..,..,..,..,..,..,..,..,..,..,..,..,..,..,..,..,..,..,9.7,8.6,9.7,..,9.2,..,..,8.8,9.2,..,6.9,8.2,..,8.2,7.7,7.9,7.8,7.6,7.3,5.7,6.4,6.8,7.2,7.3,7.3,7.3,7.3,7.3,7.2,7.3,7.4,8,8.3,8.2,8.6,8.6,8.6,8.5,8.6,..
Income share held by lowest 20%,SI.DST.FRST.20,Portugal,PRT,..,..,..,..,..,..,..,..,..,..,..,..,..,..,..,..,..,..,..,..,..,..,..,..,..,..,..,..,..,..,..,..,..,..,..,..,..,..,..,..,..,..,..,6.2,6.4,6.7,6.7,6.9,6.9,7.2,7,6.8,6.5,6.2,6.5,6.7,6.9,7.4,7.4,7.6,6.9,7.4,6.9,7.4,..
Income share held by lowest 20%,SI.DST.FRST.20,Puerto Rico (US),PRI,..,..,..,..,..,..,..,..,..,..,..,..,..,..,..,..,..,..,..,..,..,..,..,..,..,..,..,..,..,..,..,..,..,..,..,..,..,..,..,..,..,..,..,..,..,..,..,..,..,..,..,..,..,..,..,..,..,..,..,..,..,..,..,..,..
Income share held by lowest 20%,SI.DST.FRST.20,Qatar,QAT,..,..,..,..,..,..,..,..,..,..,..,..,..,..,..,..,..,..,..,..,..,..,..,..,..,..,..,..,..,..,..,..,..,..,..,..,..,..,..,..,..,..,..,..,..,..,..,..,..,..,..,..,..,..,..,..,..,6.5,..,..,..,..,..,..,..
Income share held by lowest 20%,SI.DST.FRST.20,Romania,ROU,..,..,..,..,..,..,..,..,..,..,..,..,..,..,..,..,..,..,..,..,..,..,..,..,..,..,..,..,..,9.9,..,..,9.2,..,8.9,8.1,..,8.3,8,8.5,8.5,8.4,8.2,8.4,8.3,8.4,5,5.5,5.8,6,5.7,5.6,5.3,5,4.9,5.1,5.6,5.3,5.4,5.7,5.6,6,5.9,7,..
Income share held by lowest 20%,SI.DST.FRST.20,Russian Federation,RUS,..,..,..,..,..,..,..,..,..,..,..,..,..,..,..,..,..,..,..,..,..,..,..,..,..,..,..,..,..,..,..,..,..,4.7,..,..,4.5,6.3,6.2,6.3,6.4,6.6,6.6,6.1,6,5.8,5.9,5.8,6.1,6.4,6.4,6.5,6.3,6.4,6.2,6.2,6.2,6.5,6.7,6.7,7.4,6.9,7.5,7.7,..
Income share held by lowest 20%,SI.DST.FRST.20,Rwanda,RWA,..,..,..,..,..,..,..,..,..,..,..,..,..,..,..,..,..,..,..,..,..,..,..,..,..,..,..,..,..,..,..,..,..,..,..,..,..,..,..,..,5.2,..,..,..,..,4.6,..,..,..,..,5.6,..,..,6,..,..,6,..,..,..,..,..,..,7.4,..
Income share held by lowest 20%,SI.DST.FRST.20,Samoa,WSM,..,..,..,..,..,..,..,..,..,..,..,..,..,..,..,..,..,..,..,..,..,..,..,..,..,..,..,..,..,..,..,..,..,..,..,..,..,..,..,..,..,..,6.3,..,..,..,..,..,6.4,..,..,..,..,6.8,..,..,..,..,..,..,..,..,..,..,..
Income share held by lowest 20%,SI.DST.FRST.20,San Marino,SMR,..,..,..,..,..,..,..,..,..,..,..,..,..,..,..,..,..,..,..,..,..,..,..,..,..,..,..,..,..,..,..,..,..,..,..,..,..,..,..,..,..,..,..,..,..,..,..,..,..,..,..,..,..,..,..,..,..,..,..,..,..,..,..,..,..
Income share held by lowest 20%,SI.DST.FRST.20,Sao Tome and Principe,STP,..,..,..,..,..,..,..,..,..,..,..,..,..,..,..,..,..,..,..,..,..,..,..,..,..,..,..,..,..,..,..,..,..,..,..,..,..,..,..,..,8,..,..,..,..,..,..,..,..,..,8.4,..,..,..,..,..,..,6.4,..,..,..,..,..,..,..
Income share held by lowest 20%,SI.DST.FRST.20,Saudi Arabia,SAU,..,..,..,..,..,..,..,..,..,..,..,..,..,..,..,..,..,..,..,..,..,..,..,..,..,..,..,..,..,..,..,..,..,..,..,..,..,..,..,..,..,..,..,..,..,..,..,..,..,..,..,..,..,..,..,..,..,..,..,..,..,..,..,..,..
Income share held by lowest 20%,SI.DST.FRST.20,Senegal,SEN,..,..,..,..,..,..,..,..,..,..,..,..,..,..,..,..,..,..,..,..,..,..,..,..,..,..,..,..,..,..,..,3.5,..,..,6.8,..,..,..,..,..,..,6.6,..,..,..,6.2,..,..,..,..,..,6.1,..,..,..,..,..,..,7.1,..,..,7.3,..,..,..
Income share held by lowest 20%,SI.DST.FRST.20,Serbia,SRB,..,..,..,..,..,..,..,..,..,..,..,..,..,..,..,..,..,..,..,..,..,..,..,..,..,..,..,..,..,..,..,..,..,..,..,..,..,..,..,..,..,..,8,7.8,7.3,6.9,8.5,8.9,9.3,9,8.6,..,4.7,4.7,4.3,4.4,4.5,5.2,5.9,6.4,6.6,7.1,6.9,..,..
Income share held by lowest 20%,SI.DST.FRST.20,Seychelles,SYC,..,..,..,..,..,..,..,..,..,..,..,..,..,..,..,..,..,..,..,..,..,..,..,..,..,..,..,..,..,..,..,..,..,..,..,..,..,..,..,5.7,..,..,..,..,..,..,5.8,..,..,..,..,..,..,5.4,..,..,..,..,7.1,..,..,..,..,..,..
Income share held by lowest 20%,SI.DST.FRST.20,Sierra Leone,SLE,..,..,..,..,..,..,..,..,..,..,..,..,..,..,..,..,..,..,..,..,..,..,..,..,..,..,..,..,..,..,..,..,..,..,..,..,..,..,..,..,..,..,..,6.6,..,..,..,..,..,..,..,7.9,..,..,..,..,..,..,7.9,..,..,..,..,..,..
Income share held by lowest 20%,SI.DST.FRST.20,Singapore,SGP,..,..,..,..,..,..,..,..,..,..,..,..,..,..,..,..,..,..,..,..,..,..,..,..,..,..,..,..,..,..,..,..,..,..,..,..,..,..,..,..,..,..,..,..,..,..,..,..,..,..,..,..,..,..,..,..,..,..,..,..,..,..,..,..,..
Income share held by lowest 20%,SI.DST.FRST.20,Sint Maarten (Dutch part),SXM,..,..,..,..,..,..,..,..,..,..,..,..,..,..,..,..,..,..,..,..,..,..,..,..,..,..,..,..,..,..,..,..,..,..,..,..,..,..,..,..,..,..,..,..,..,..,..,..,..,..,..,..,..,..,..,..,..,..,..,..,..,..,..,..,..
Income share held by lowest 20%,SI.DST.FRST.20,Slovak Republic,SVK,..,..,..,..,..,..,..,..,..,..,..,..,..,..,..,..,..,..,..,..,..,..,..,..,..,..,..,..,..,..,..,..,11.7,..,..,..,8.9,..,..,..,..,..,..,..,8.7,8.7,9.3,9.5,9.2,8.6,8.5,8.7,8.6,8.3,8.4,8.5,8.7,9.4,8.8,9.5,9.1,9.1,8.4,9.1,..
Income share held by lowest 20%,SI.DST.FRST.20,Slovenia,SVN,..,..,..,..,..,..,..,..,..,..,..,..,..,..,..,..,..,..,..,..,..,..,..,..,..,..,..,10.4,..,..,..,..,..,9.3,..,..,..,10.1,9.1,10.1,..,..,8.7,8.2,9.8,9.9,10,10,10.2,9.9,9.7,9.7,9.4,9.2,9.4,9.6,9.7,10,10.1,10.1,10.3,10.2,10.2,10,..
Income share held by lowest 20%,SI.DST.FRST.20,Solomon Islands,SLB,..,..,..,..,..,..,..,..,..,..,..,..,..,..,..,..,..,..,..,..,..,..,..,..,..,..,..,..,..,..,..,..,..,..,..,..,..,..,..,..,..,..,..,..,..,5,..,..,..,..,..,..,7,..,..,..,..,..,..,..,..,..,..,..,..
Income share held by lowest 20%,SI.DST.FRST.20,"Somalia, Fed. Rep.",SOM,..,..,..,..,..,..,..,..,..,..,..,..,..,..,..,..,..,..,..,..,..,..,..,..,..,..,..,..,..,..,..,..,..,..,..,..,..,..,..,..,..,..,..,..,..,..,..,..,..,..,..,..,..,..,..,..,..,..,..,..,..,..,..,..,..
Income share held by lowest 20%,SI.DST.FRST.20,South Africa,ZAF,..,..,..,..,..,..,..,..,..,..,..,..,..,..,..,..,..,..,..,..,..,..,..,..,..,..,..,..,..,..,..,..,..,2.9,..,..,..,..,..,..,3.1,..,..,..,..,2.6,..,..,2.6,..,2.5,..,..,..,2.4,..,..,..,..,..,..,..,..,..,..
Income share held by lowest 20%,SI.DST.FRST.20,South Sudan,SSD,..,..,..,..,..,..,..,..,..,..,..,..,..,..,..,..,..,..,..,..,..,..,..,..,..,..,..,..,..,..,..,..,..,..,..,..,..,..,..,..,..,..,..,..,..,..,..,..,..,3.9,..,..,..,..,..,..,4.9,..,..,..,..,..,..,..,..
Income share held by lowest 20%,SI.DST.FRST.20,Spain,ESP,..,..,..,..,..,..,..,..,..,..,..,..,..,..,..,..,..,..,..,..,7,..,..,..,..,7.3,..,..,..,..,7.8,..,..,6.5,6.6,6.5,6.1,6.6,6.7,7.2,7,..,..,7.2,6.9,7,6.7,6.7,6.6,6.3,6.3,6,6.1,5.7,5.7,5.8,5.8,6.2,6.2,6.2,6,6.4,6.6,6.5,..
Income share held by lowest 20%,SI.DST.FRST.20,Sri Lanka,LKA,..,..,..,..,..,..,..,..,..,..,..,..,..,..,..,..,..,..,..,..,..,..,..,..,..,8.3,..,..,..,..,8.7,..,..,..,..,8,..,..,..,..,..,..,7,..,..,..,7,..,..,7.8,..,..,7.3,..,..,..,7.1,..,..,7.4,..,..,..,..,..
Income share held by lowest 20%,SI.DST.FRST.20,St. Kitts and Nevis,KNA,..,..,..,..,..,..,..,..,..,..,..,..,..,..,..,..,..,..,..,..,..,..,..,..,..,..,..,..,..,..,..,..,..,..,..,..,..,..,..,..,..,..,..,..,..,..,..,..,..,..,..,..,..,..,..,..,..,..,..,..,..,..,..,..,..
Income share held by lowest 20%,SI.DST.FRST.20,St. Lucia,LCA,..,..,..,..,..,..,..,..,..,..,..,..,..,..,..,..,..,..,..,..,..,..,..,..,..,..,..,..,..,..,..,..,..,..,..,5.2,..,..,..,..,..,..,..,..,..,..,..,..,..,..,..,..,..,..,..,5.5,..,..,..,..,..,..,..,..,..
Income share held by lowest 20%,SI.DST.FRST.20,St. Martin (French part),MAF,..,..,..,..,..,..,..,..,..,..,..,..,..,..,..,..,..,..,..,..,..,..,..,..,..,..,..,..,..,..,..,..,..,..,..,..,..,..,..,..,..,..,..,..,..,..,..,..,..,..,..,..,..,..,..,..,..,..,..,..,..,..,..,..,..
Income share held by lowest 20%,SI.DST.FRST.20,St. Vincent and the Grenadines,VCT,..,..,..,..,..,..,..,..,..,..,..,..,..,..,..,..,..,..,..,..,..,..,..,..,..,..,..,..,..,..,..,..,..,..,..,..,..,..,..,..,..,..,..,..,..,..,..,..,..,..,..,..,..,..,..,..,..,..,..,..,..,..,..,..,..
Income share held by lowest 20%,SI.DST.FRST.20,Sudan,SDN,..,..,..,..,..,..,..,..,..,..,..,..,..,..,..,..,..,..,..,..,..,..,..,..,..,..,..,..,..,..,..,..,..,..,..,..,..,..,..,..,..,..,..,..,..,..,..,..,..,6.8,..,..,..,..,7.8,..,..,..,..,..,..,..,..,..,..
Income share held by lowest 20%,SI.DST.FRST.20,Suriname,SUR,..,..,..,..,..,..,..,..,..,..,..,..,..,..,..,..,..,..,..,..,..,..,..,..,..,..,..,..,..,..,..,..,..,..,..,..,..,..,..,1.2,..,..,..,..,..,..,..,..,..,..,..,..,..,..,..,..,..,..,..,..,..,..,5.9,..,..
Income share held by lowest 20%,SI.DST.FRST.20,Sweden,SWE,..,..,..,..,..,..,..,..,..,..,..,..,..,..,..,10.1,..,..,..,..,..,10.1,..,..,..,..,..,10.5,..,..,..,..,9.8,..,..,9.5,..,..,..,..,9.6,9.8,9.7,9.4,9.3,8.7,9.2,8.9,8.6,8.6,8.6,8.5,8.5,8.1,8.4,8.2,8.1,8.3,7.8,8.1,8.2,7.8,7.4,7.9,..
Income share held by lowest 20%,SI.DST.FRST.20,Switzerland,CHE,..,..,..,..,..,..,..,..,..,..,..,..,..,..,..,..,..,..,..,..,..,..,7.5,..,..,..,..,..,..,..,..,..,7.6,..,..,..,..,..,..,..,7.9,..,8.2,..,8.2,..,7.4,7.4,7.5,7.8,7.8,7.9,8.1,7.9,7.8,7.8,7.7,7.7,7.5,7.4,7.5,7.5,7.4,..,..
Income share held by lowest 20%,SI.DST.FRST.20,Syrian Arab Republic,SYR,..,..,..,..,..,..,..,..,..,..,..,..,..,..,..,..,..,..,..,..,..,..,..,..,..,..,..,..,..,..,..,..,..,..,..,..,7.8,..,..,..,..,..,..,7.2,..,..,6.1,..,..,6.3,..,..,..,..,..,..,..,..,..,..,..,..,9.2,..,..
Income share held by lowest 20%,SI.DST.FRST.20,Tajikistan,TJK,..,..,..,..,..,..,..,..,..,..,..,..,..,..,..,..,..,..,..,..,..,..,..,..,..,..,..,..,..,..,..,..,..,..,..,..,..,..,..,8.3,..,..,..,7.9,7.8,..,..,7.4,..,8.4,..,..,..,..,..,7.4,..,..,..,..,..,7.6,6.4,6.6,7.1
Income share held by lowest 20%,SI.DST.FRST.20,Tanzania,TZA,..,..,..,..,..,..,..,..,..,..,..,..,..,..,..,..,..,..,..,..,..,..,..,..,..,..,..,..,..,..,..,7.2,..,..,..,..,..,..,..,..,6.8,..,..,..,..,..,..,6.3,..,..,..,7.4,..,..,..,..,..,..,6.9,..,..,..,..,..,..
Income share held by lowest 20%,SI.DST.FRST.20,Thailand,THA,..,..,..,..,..,..,..,..,..,..,..,..,..,..,..,..,..,..,..,..,..,5.4,..,..,..,..,..,..,6.1,..,5.9,..,5.4,..,6.1,..,6.2,..,6.4,6.1,6.2,..,6.3,..,6.1,..,6,6.5,6.4,6.5,6.6,7.2,6.7,6.9,7.1,7.5,7.3,7.3,7.2,7.7,7.5,7.6,7.7,7.9,..
Income share held by lowest 20%,SI.DST.FRST.20,Timor-Leste,TLS,..,..,..,..,..,..,..,..,..,..,..,..,..,..,..,..,..,..,..,..,..,..,..,..,..,..,..,..,..,..,..,..,..,..,..,..,..,..,..,..,..,7.3,..,..,..,..,..,9.5,..,..,..,..,..,..,9.4,..,..,..,..,..,..,..,..,..,..
Income share held by lowest 20%,SI.DST.FRST.20,Togo,TGO,..,..,..,..,..,..,..,..,..,..,..,..,..,..,..,..,..,..,..,..,..,..,..,..,..,..,..,..,..,..,..,..,..,..,..,..,..,..,..,..,..,..,..,..,..,..,6.1,..,..,..,..,4.8,..,..,..,5.1,..,..,5.8,..,..,6.8,..,..,..
Income share held by lowest 20%,SI.DST.FRST.20,Tonga,TON,..,..,..,..,..,..,..,..,..,..,..,..,..,..,..,..,..,..,..,..,..,..,..,..,..,..,..,..,..,..,..,..,..,..,..,..,..,..,..,..,6.3,..,..,..,..,..,..,..,..,6.7,..,..,..,..,..,7.7,..,..,..,..,..,9.3,..,..,..
Income share held by lowest 20%,SI.DST.FRST.20,Trinidad and Tobago,TTO,..,..,..,..,..,..,..,..,..,..,..,..,..,..,..,..,..,..,..,..,..,..,..,..,..,..,..,..,4.9,..,..,..,5.5,..,..,..,..,..,..,..,..,..,..,..,..,..,..,..,..,..,..,..,..,..,..,..,..,..,..,..,..,..,..,..,..
Income share held by lowest 20%,SI.DST.FRST.20,Tunisia,TUN,..,..,..,..,..,..,..,..,..,..,..,..,..,..,..,..,..,..,..,..,..,..,..,..,..,5.5,..,..,..,..,5.9,..,..,..,..,5.7,..,..,..,..,6,..,..,..,..,6.4,..,..,..,..,6.3,..,..,..,..,7.8,..,..,..,..,..,7.7,..,..,..
Income share held by lowest 20%,SI.DST.FRST.20,Turkiye,TUR,..,..,..,..,..,..,..,..,..,..,..,..,..,..,..,..,..,..,..,..,..,..,..,..,..,..,..,6.1,..,..,..,..,..,..,5.8,..,..,..,..,..,..,..,5.8,5.5,5.4,5.2,5.6,5.8,5.7,5.9,5.9,5.8,5.8,5.8,5.8,5.6,5.7,5.4,5.4,5.2,5.3,5.2,5.4,..,..
Income share held by lowest 20%,SI.DST.FRST.20,Turkmenistan,TKM,..,..,..,..,..,..,..,..,..,..,..,..,..,..,..,..,..,..,..,..,..,..,..,..,..,..,..,..,..,..,..,..,..,..,..,..,..,..,6.1,..,..,..,..,..,..,..,..,..,..,..,..,..,..,..,..,..,..,..,..,..,..,..,..,..,..
Income share held by lowest 20%,SI.DST.FRST.20,Turks and Caicos Islands,TCA,..,..,..,..,..,..,..,..,..,..,..,..,..,..,..,..,..,..,..,..,..,..,..,..,..,..,..,..,..,..,..,..,..,..,..,..,..,..,..,..,..,..,..,..,..,..,..,..,..,..,..,..,..,..,..,..,..,..,..,..,..,..,..,..,..
Income share held by lowest 20%,SI.DST.FRST.20,Tuvalu,TUV,..,..,..,..,..,..,..,..,..,..,..,..,..,..,..,..,..,..,..,..,..,..,..,..,..,..,..,..,..,..,..,..,..,..,..,..,..,..,..,..,..,..,..,..,..,..,..,..,..,..,6.6,..,..,..,..,..,..,..,..,..,..,..,..,..,..
Income share held by lowest 20%,SI.DST.FRST.20,Uganda,UGA,..,..,..,..,..,..,..,..,..,..,..,..,..,..,..,..,..,..,..,..,..,..,..,..,..,..,..,..,..,4.9,..,..,6.2,..,..,..,6.8,..,..,6,..,..,5.9,..,..,6.1,..,..,..,5.9,..,..,6.4,..,..,..,6.1,..,..,6.1,..,..,..,..,..
Income share held by lowest 20%,SI.DST.FRST.20,Ukraine,UKR,..,..,..,..,..,..,..,..,..,..,..,..,..,..,..,..,..,..,..,..,..,..,..,..,..,..,..,..,..,..,..,..,8,8.8,..,6.2,7.1,..,..,8.8,..,..,8.8,9.1,8.8,8.8,8.8,9.5,9.6,10,10.2,10.2,10.2,10.3,10.5,10,10.1,9.8,9.9,9.7,10,..,..,..,..
Income share held by lowest 20%,SI.DST.FRST.20,United Arab Emirates,ARE,..,..,..,..,..,..,..,..,..,..,..,..,..,..,..,..,..,..,..,..,..,..,..,..,..,..,..,..,..,..,..,..,..,..,..,..,..,..,..,..,..,..,..,..,..,..,..,..,..,..,..,..,..,6.2,..,..,..,..,8.2,..,..,..,..,..,..
Income share held by lowest 20%,SI.DST.FRST.20,United Kingdom,GBR,..,..,..,..,..,..,..,..,10,9.6,9.7,9.2,9.1,9.4,9.2,9.4,9.5,9.7,9.5,9.6,9.2,8.8,8.8,8.8,8.8,8.6,8.2,7.9,7.8,7.7,7.2,7.3,7.2,7.1,7.1,7.2,7.2,7.1,7,6.9,6.8,7,7.3,7.4,7.4,7.2,7.2,7.3,7.2,7.3,7.6,7.7,7.7,7.9,7.7,7.6,7.6,7.6,7.4,7.5,7.7,7.7,..,..,..
Income share held by lowest 20%,SI.DST.FRST.20,United States,USA,..,..,..,5.9,5.8,5.9,5.8,6,6.1,6.2,6,6,5.9,6,6.2,6.1,6.2,6.3,6.3,6.5,6.5,6.3,5.9,5.6,5.7,5.7,5.6,5.7,5.7,5.7,5.7,5.7,5.6,5.3,5.5,5.6,5.5,5.5,5.5,5.6,5.6,5.5,5.4,5.3,5.4,5.3,5.3,5.3,5.3,5.5,5.4,5.3,5.3,5.4,5.3,5.4,5.3,5.2,5.2,5.2,5.7,6.1,5.2,5.1,..
Income share held by lowest 20%,SI.DST.FRST.20,Uruguay,URY,..,..,..,..,..,..,..,..,..,..,..,..,..,..,..,..,..,..,..,..,..,5,..,..,..,..,..,..,..,5.3,..,..,5.4,..,..,5.4,5.4,5.4,5.1,..,5,4.8,4.7,5.1,4.7,4.8,4.9,4.8,5,4.8,5,5.4,5.6,5.5,5.6,5.6,5.7,5.9,5.9,5.8,5.7,5.7,5.6,5.6,5.7
Income share held by lowest 20%,SI.DST.FRST.20,Uzbekistan,UZB,..,..,..,..,..,..,..,..,..,..,..,..,..,..,..,..,..,..,..,..,..,..,..,..,..,..,..,..,..,..,..,..,..,..,..,..,..,..,4.4,..,7.2,..,8.2,7.5,..,..,..,..,..,..,..,..,..,..,..,..,..,..,..,..,..,7,7.2,6.4,6.6
Income share held by lowest 20%,SI.DST.FRST.20,Vanuatu,VUT,..,..,..,..,..,..,..,..,..,..,..,..,..,..,..,..,..,..,..,..,..,..,..,..,..,..,..,..,..,..,..,..,..,..,..,..,..,..,..,..,..,..,..,..,..,..,..,..,..,..,6.8,..,..,..,..,..,..,..,..,7.6,..,..,..,..,..
Income share held by lowest 20%,SI.DST.FRST.20,"Venezuela, RB",VEN,..,..,..,..,..,..,..,..,..,..,..,..,..,..,..,..,..,..,..,..,..,3.1,..,..,..,..,..,3.4,..,4.5,..,..,5.1,..,..,4.1,..,..,3.7,3.8,..,4,3.4,3.4,3.5,2.9,4.3,..,..,..,..,..,..,..,..,..,..,..,..,..,..,..,..,..,..
Income share held by lowest 20%,SI.DST.FRST.20,Viet Nam,VNM,..,..,..,..,..,..,..,..,..,..,..,..,..,..,..,..,..,..,..,..,..,..,..,..,..,..,..,..,..,..,..,..,7.8,..,..,..,..,8,..,..,..,..,7.5,..,7.2,..,7.2,..,7.4,..,6.5,..,7.1,..,7.1,..,6.9,..,6.7,..,6.6,..,6.8,..,..
Income share held by lowest 20%,SI.DST.FRST.20,Virgin Islands (U.S.),VIR,..,..,..,..,..,..,..,..,..,..,..,..,..,..,..,..,..,..,..,..,..,..,..,..,..,..,..,..,..,..,..,..,..,..,..,..,..,..,..,..,..,..,..,..,..,..,..,..,..,..,..,..,..,..,..,..,..,..,..,..,..,..,..,..,..
Income share held by lowest 20%,SI.DST.FRST.20,West Bank and Gaza,PSE,..,..,..,..,..,..,..,..,..,..,..,..,..,..,..,..,..,..,..,..,..,..,..,..,..,..,..,..,..,..,..,..,..,..,..,..,..,..,..,..,..,..,..,..,7.5,7.3,7.8,7.1,..,7.7,7.5,7.7,..,..,..,..,7.3,..,..,..,..,..,..,6.6,..
Income share held by lowest 20%,SI.DST.FRST.20,"Yemen, Rep.",YEM,..,..,..,..,..,..,..,..,..,..,..,..,..,..,..,..,..,..,..,..,..,..,..,..,..,..,..,..,..,..,..,..,..,..,..,..,..,..,7.1,..,..,..,..,..,..,7.9,..,..,..,..,..,..,..,..,7.3,..,..,..,..,..,..,..,..,..,..
Income share held by lowest 20%,SI.DST.FRST.20,Zambia,ZMB,..,..,..,..,..,..,..,..,..,..,..,..,..,..,..,..,..,..,..,..,..,..,..,..,..,..,..,..,..,..,..,1.7,..,3.1,..,..,4.5,..,4.3,..,..,..,6.1,..,3.6,..,3.6,..,..,..,4.1,..,..,..,..,3.1,..,..,..,..,..,..,3.9,..,..
Income share held by lowest 20%,SI.DST.FRST.20,Zimbabwe,ZWE,..,..,..,..,..,..,..,..,..,..,..,..,..,..,..,..,..,..,..,..,..,..,..,..,..,..,..,..,..,..,..,..,..,..,..,..,..,..,..,..,..,..,..,..,..,..,..,..,..,..,..,5.8,..,..,..,..,..,6,..,4.8,..,..,..,..,..
Income share held by lowest 20%,SI.DST.FRST.20,Africa Eastern and Southern,AFE,..,..,..,..,..,..,..,..,..,..,..,..,..,..,..,..,..,..,..,..,..,..,..,..,..,..,..,..,..,..,..,..,..,..,..,..,..,..,..,..,..,..,..,..,..,..,..,..,..,..,..,..,..,..,..,..,..,..,..,..,..,..,..,..,..
Income share held by lowest 20%,SI.DST.FRST.20,Africa Western and Central,AFW,..,..,..,..,..,..,..,..,..,..,..,..,..,..,..,..,..,..,..,..,..,..,..,..,..,..,..,..,..,..,..,..,..,..,..,..,..,..,..,..,..,..,..,..,..,..,..,..,..,..,..,..,..,..,..,..,..,..,..,..,..,..,..,..,..
Income share held by lowest 20%,SI.DST.FRST.20,Arab World,ARB,..,..,..,..,..,..,..,..,..,..,..,..,..,..,..,..,..,..,..,..,..,..,..,..,..,..,..,..,..,..,..,..,..,..,..,..,..,..,..,..,..,..,..,..,..,..,..,..,..,..,..,..,..,..,..,..,..,..,..,..,..,..,..,..,..
Income share held by lowest 20%,SI.DST.FRST.20,Caribbean small states,CSS,..,..,..,..,..,..,..,..,..,..,..,..,..,..,..,..,..,..,..,..,..,..,..,..,..,..,..,..,..,..,..,..,..,..,..,..,..,..,..,..,..,..,..,..,..,..,..,..,..,..,..,..,..,..,..,..,..,..,..,..,..,..,..,..,..
Income share held by lowest 20%,SI.DST.FRST.20,Central Europe and the Baltics,CEB,..,..,..,..,..,..,..,..,..,..,..,..,..,..,..,..,..,..,..,..,..,..,..,..,..,..,..,..,..,..,..,..,..,..,..,..,..,..,..,..,..,..,..,..,..,..,..,..,..,..,..,..,..,..,..,..,..,..,..,..,..,..,..,..,..
Income share held by lowest 20%,SI.DST.FRST.20,Early-demographic dividend,EAR,..,..,..,..,..,..,..,..,..,..,..,..,..,..,..,..,..,..,..,..,..,..,..,..,..,..,..,..,..,..,..,..,..,..,..,..,..,..,..,..,..,..,..,..,..,..,..,..,..,..,..,..,..,..,..,..,..,..,..,..,..,..,..,..,..
Income share held by lowest 20%,SI.DST.FRST.20,East Asia & Pacific,EAS,..,..,..,..,..,..,..,..,..,..,..,..,..,..,..,..,..,..,..,..,..,..,..,..,..,..,..,..,..,..,..,..,..,..,..,..,..,..,..,..,..,..,..,..,..,..,..,..,..,..,..,..,..,..,..,..,..,..,..,..,..,..,..,..,..
Income share held by lowest 20%,SI.DST.FRST.20,East Asia & Pacific (excluding high income),EAP,..,..,..,..,..,..,..,..,..,..,..,..,..,..,..,..,..,..,..,..,..,..,..,..,..,..,..,..,..,..,..,..,..,..,..,..,..,..,..,..,..,..,..,..,..,..,..,..,..,..,..,..,..,..,..,..,..,..,..,..,..,..,..,..,..
Income share held by lowest 20%,SI.DST.FRST.20,East Asia & Pacific (IDA & IBRD countries),TEA,..,..,..,..,..,..,..,..,..,..,..,..,..,..,..,..,..,..,..,..,..,..,..,..,..,..,..,..,..,..,..,..,..,..,..,..,..,..,..,..,..,..,..,..,..,..,..,..,..,..,..,..,..,..,..,..,..,..,..,..,..,..,..,..,..
Income share held by lowest 20%,SI.DST.FRST.20,Euro area,EMU,..,..,..,..,..,..,..,..,..,..,..,..,..,..,..,..,..,..,..,..,..,..,..,..,..,..,..,..,..,..,..,..,..,..,..,..,..,..,..,..,..,..,..,..,..,..,..,..,..,..,..,..,..,..,..,..,..,..,..,..,..,..,..,..,..
Income share held by lowest 20%,SI.DST.FRST.20,Europe & Central Asia,ECS,..,..,..,..,..,..,..,..,..,..,..,..,..,..,..,..,..,..,..,..,..,..,..,..,..,..,..,..,..,..,..,..,..,..,..,..,..,..,..,..,..,..,..,..,..,..,..,..,..,..,..,..,..,..,..,..,..,..,..,..,..,..,..,..,..
Income share held by lowest 20%,SI.DST.FRST.20,Europe & Central Asia (excluding high income),ECA,..,..,..,..,..,..,..,..,..,..,..,..,..,..,..,..,..,..,..,..,..,..,..,..,..,..,..,..,..,..,..,..,..,..,..,..,..,..,..,..,..,..,..,..,..,..,..,..,..,..,..,..,..,..,..,..,..,..,..,..,..,..,..,..,..
Income share held by lowest 20%,SI.DST.FRST.20,Europe & Central Asia (IDA & IBRD countries),TEC,..,..,..,..,..,..,..,..,..,..,..,..,..,..,..,..,..,..,..,..,..,..,..,..,..,..,..,..,..,..,..,..,..,..,..,..,..,..,..,..,..,..,..,..,..,..,..,..,..,..,..,..,..,..,..,..,..,..,..,..,..,..,..,..,..
Income share held by lowest 20%,SI.DST.FRST.20,European Union,EUU,..,..,..,..,..,..,..,..,..,..,..,..,..,..,..,..,..,..,..,..,..,..,..,..,..,..,..,..,..,..,..,..,..,..,..,..,..,..,..,..,..,..,..,..,..,..,..,..,..,..,..,..,..,..,..,..,..,..,..,..,..,..,..,..,..
Income share held by lowest 20%,SI.DST.FRST.20,Fragile and conflict affected situations,FCS,..,..,..,..,..,..,..,..,..,..,..,..,..,..,..,..,..,..,..,..,..,..,..,..,..,..,..,..,..,..,..,..,..,..,..,..,..,..,..,..,..,..,..,..,..,..,..,..,..,..,..,..,..,..,..,..,..,..,..,..,..,..,..,..,..
Income share held by lowest 20%,SI.DST.FRST.20,Heavily indebted poor countries (HIPC),HPC,..,..,..,..,..,..,..,..,..,..,..,..,..,..,..,..,..,..,..,..,..,..,..,..,..,..,..,..,..,..,..,..,..,..,..,..,..,..,..,..,..,..,..,..,..,..,..,..,..,..,..,..,..,..,..,..,..,..,..,..,..,..,..,..,..
Income share held by lowest 20%,SI.DST.FRST.20,High income,HIC,..,..,..,..,..,..,..,..,..,..,..,..,..,..,..,..,..,..,..,..,..,..,..,..,..,..,..,..,..,..,..,..,..,..,..,..,..,..,..,..,..,..,..,..,..,..,..,..,..,..,..,..,..,..,..,..,..,..,..,..,..,..,..,..,..
Income share held by lowest 20%,SI.DST.FRST.20,IBRD only,IBD,..,..,..,..,..,..,..,..,..,..,..,..,..,..,..,..,..,..,..,..,..,..,..,..,..,..,..,..,..,..,..,..,..,..,..,..,..,..,..,..,..,..,..,..,..,..,..,..,..,..,..,..,..,..,..,..,..,..,..,..,..,..,..,..,..
Income share held by lowest 20%,SI.DST.FRST.20,IDA & IBRD total,IBT,..,..,..,..,..,..,..,..,..,..,..,..,..,..,..,..,..,..,..,..,..,..,..,..,..,..,..,..,..,..,..,..,..,..,..,..,..,..,..,..,..,..,..,..,..,..,..,..,..,..,..,..,..,..,..,..,..,..,..,..,..,..,..,..,..
Income share held by lowest 20%,SI.DST.FRST.20,IDA blend,IDB,..,..,..,..,..,..,..,..,..,..,..,..,..,..,..,..,..,..,..,..,..,..,..,..,..,..,..,..,..,..,..,..,..,..,..,..,..,..,..,..,..,..,..,..,..,..,..,..,..,..,..,..,..,..,..,..,..,..,..,..,..,..,..,..,..
Income share held by lowest 20%,SI.DST.FRST.20,IDA only,IDX,..,..,..,..,..,..,..,..,..,..,..,..,..,..,..,..,..,..,..,..,..,..,..,..,..,..,..,..,..,..,..,..,..,..,..,..,..,..,..,..,..,..,..,..,..,..,..,..,..,..,..,..,..,..,..,..,..,..,..,..,..,..,..,..,..
Income share held by lowest 20%,SI.DST.FRST.20,IDA total,IDA,..,..,..,..,..,..,..,..,..,..,..,..,..,..,..,..,..,..,..,..,..,..,..,..,..,..,..,..,..,..,..,..,..,..,..,..,..,..,..,..,..,..,..,..,..,..,..,..,..,..,..,..,..,..,..,..,..,..,..,..,..,..,..,..,..
Income share held by lowest 20%,SI.DST.FRST.20,Late-demographic dividend,LTE,..,..,..,..,..,..,..,..,..,..,..,..,..,..,..,..,..,..,..,..,..,..,..,..,..,..,..,..,..,..,..,..,..,..,..,..,..,..,..,..,..,..,..,..,..,..,..,..,..,..,..,..,..,..,..,..,..,..,..,..,..,..,..,..,..
Income share held by lowest 20%,SI.DST.FRST.20,Latin America & Caribbean,LCN,..,..,..,..,..,..,..,..,..,..,..,..,..,..,..,..,..,..,..,..,..,..,..,..,..,..,..,..,..,..,..,..,..,..,..,..,..,..,..,..,..,..,..,..,..,..,..,..,..,..,..,..,..,..,..,..,..,..,..,..,..,..,..,..,..
Income share held by lowest 20%,SI.DST.FRST.20,Latin America & Caribbean (excluding high income),LAC,..,..,..,..,..,..,..,..,..,..,..,..,..,..,..,..,..,..,..,..,..,..,..,..,..,..,..,..,..,..,..,..,..,..,..,..,..,..,..,..,..,..,..,..,..,..,..,..,..,..,..,..,..,..,..,..,..,..,..,..,..,..,..,..,..
Income share held by lowest 20%,SI.DST.FRST.20,Latin America & the Caribbean (IDA & IBRD countries),TLA,..,..,..,..,..,..,..,..,..,..,..,..,..,..,..,..,..,..,..,..,..,..,..,..,..,..,..,..,..,..,..,..,..,..,..,..,..,..,..,..,..,..,..,..,..,..,..,..,..,..,..,..,..,..,..,..,..,..,..,..,..,..,..,..,..
Income share held by lowest 20%,SI.DST.FRST.20,Least developed countries: UN classification,LDC,..,..,..,..,..,..,..,..,..,..,..,..,..,..,..,..,..,..,..,..,..,..,..,..,..,..,..,..,..,..,..,..,..,..,..,..,..,..,..,..,..,..,..,..,..,..,..,..,..,..,..,..,..,..,..,..,..,..,..,..,..,..,..,..,..
Income share held by lowest 20%,SI.DST.FRST.20,Low & middle income,LMY,..,..,..,..,..,..,..,..,..,..,..,..,..,..,..,..,..,..,..,..,..,..,..,..,..,..,..,..,..,..,..,..,..,..,..,..,..,..,..,..,..,..,..,..,..,..,..,..,..,..,..,..,..,..,..,..,..,..,..,..,..,..,..,..,..
Income share held by lowest 20%,SI.DST.FRST.20,Low income,LIC,..,..,..,..,..,..,..,..,..,..,..,..,..,..,..,..,..,..,..,..,..,..,..,..,..,..,..,..,..,..,..,..,..,..,..,..,..,..,..,..,..,..,..,..,..,..,..,..,..,..,..,..,..,..,..,..,..,..,..,..,..,..,..,..,..
Income share held by lowest 20%,SI.DST.FRST.20,Lower middle income,LMC,..,..,..,..,..,..,..,..,..,..,..,..,..,..,..,..,..,..,..,..,..,..,..,..,..,..,..,..,..,..,..,..,..,..,..,..,..,..,..,..,..,..,..,..,..,..,..,..,..,..,..,..,..,..,..,..,..,..,..,..,..,..,..,..,..
Income share held by lowest 20%,SI.DST.FRST.20,"Middle East, North Africa, Afghanistan & Pakistan",MEA,..,..,..,..,..,..,..,..,..,..,..,..,..,..,..,..,..,..,..,..,..,..,..,..,..,..,..,..,..,..,..,..,..,..,..,..,..,..,..,..,..,..,..,..,..,..,..,..,..,..,..,..,..,..,..,..,..,..,..,..,..,..,..,..,..
Income share held by lowest 20%,SI.DST.FRST.20,"Middle East, North Africa, Afghanistan & Pakistan (excluding high income)",MNA,..,..,..,..,..,..,..,..,..,..,..,..,..,..,..,..,..,..,..,..,..,..,..,..,..,..,..,..,..,..,..,..,..,..,..,..,..,..,..,..,..,..,..,..,..,..,..,..,..,..,..,..,..,..,..,..,..,..,..,..,..,..,..,..,..
Income share held by lowest 20%,SI.DST.FRST.20,"Middle East, North Africa, Afghanistan & Pakistan (IDA & IBRD)",TMN,..,..,..,..,..,..,..,..,..,..,..,..,..,..,..,..,..,..,..,..,..,..,..,..,..,..,..,..,..,..,..,..,..,..,..,..,..,..,..,..,..,..,..,..,..,..,..,..,..,..,..,..,..,..,..,..,..,..,..,..,..,..,..,..,..
Income share held by lowest 20%,SI.DST.FRST.20,Middle income,MIC,..,..,..,..,..,..,..,..,..,..,..,..,..,..,..,..,..,..,..,..,..,..,..,..,..,..,..,..,..,..,..,..,..,..,..,..,..,..,..,..,..,..,..,..,..,..,..,..,..,..,..,..,..,..,..,..,..,..,..,..,..,..,..,..,..
Income share held by lowest 20%,SI.DST.FRST.20,North America,NAC,..,..,..,..,..,..,..,..,..,..,..,..,..,..,..,..,..,..,..,..,..,..,..,..,..,..,..,..,..,..,..,..,..,..,..,..,..,..,..,..,..,..,..,..,..,..,..,..,..,..,..,..,..,..,..,..,..,..,..,..,..,..,..,..,..
Income share held by lowest 20%,SI.DST.FRST.20,Not classified,INX,..,..,..,..,..,..,..,..,..,..,..,..,..,..,..,..,..,..,..,..,..,..,..,..,..,..,..,..,..,..,..,..,..,..,..,..,..,..,..,..,..,..,..,..,..,..,..,..,..,..,..,..,..,..,..,..,..,..,..,..,..,..,..,..,..
Income share held by lowest 20%,SI.DST.FRST.20,OECD members,OED,..,..,..,..,..,..,..,..,..,..,..,..,..,..,..,..,..,..,..,..,..,..,..,..,..,..,..,..,..,..,..,..,..,..,..,..,..,..,..,..,..,..,..,..,..,..,..,..,..,..,..,..,..,..,..,..,..,..,..,..,..,..,..,..,..
Income share held by lowest 20%,SI.DST.FRST.20,Other small states,OSS,..,..,..,..,..,..,..,..,..,..,..,..,..,..,..,..,..,..,..,..,..,..,..,..,..,..,..,..,..,..,..,..,..,..,..,..,..,..,..,..,..,..,..,..,..,..,..,..,..,..,..,..,..,..,..,..,..,..,..,..,..,..,..,..,..
Income share held by lowest 20%,SI.DST.FRST.20,Pacific island small states,PSS,..,..,..,..,..,..,..,..,..,..,..,..,..,..,..,..,..,..,..,..,..,..,..,..,..,..,..,..,..,..,..,..,..,..,..,..,..,..,..,..,..,..,..,..,..,..,..,..,..,..,..,..,..,..,..,..,..,..,..,..,..,..,..,..,..
Income share held by lowest 20%,SI.DST.FRST.20,Post-demographic dividend,PST,..,..,..,..,..,..,..,..,..,..,..,..,..,..,..,..,..,..,..,..,..,..,..,..,..,..,..,..,..,..,..,..,..,..,..,..,..,..,..,..,..,..,..,..,..,..,..,..,..,..,..,..,..,..,..,..,..,..,..,..,..,..,..,..,..
Income share held by lowest 20%,SI.DST.FRST.20,Pre-demographic dividend,PRE,..,..,..,..,..,..,..,..,..,..,..,..,..,..,..,..,..,..,..,..,..,..,..,..,..,..,..,..,..,..,..,..,..,..,..,..,..,..,..,..,..,..,..,..,..,..,..,..,..,..,..,..,..,..,..,..,..,..,..,..,..,..,..,..,..
Income share held by lowest 20%,SI.DST.FRST.20,Small states,SST,..,..,..,..,..,..,..,..,..,..,..,..,..,..,..,..,..,..,..,..,..,..,..,..,..,..,..,..,..,..,..,..,..,..,..,..,..,..,..,..,..,..,..,..,..,..,..,..,..,..,..,..,..,..,..,..,..,..,..,..,..,..,..,..,..
Income share held by lowest 20%,SI.DST.FRST.20,South Asia,SAS,..,..,..,..,..,..,..,..,..,..,..,..,..,..,..,..,..,..,..,..,..,..,..,..,..,..,..,..,..,..,..,..,..,..,..,..,..,..,..,..,..,..,..,..,..,..,..,..,..,..,..,..,..,..,..,..,..,..,..,..,..,..,..,..,..
Income share held by lowest 20%,SI.DST.FRST.20,South Asia (IDA & IBRD),TSA,..,..,..,..,..,..,..,..,..,..,..,..,..,..,..,..,..,..,..,..,..,..,..,..,..,..,..,..,..,..,..,..,..,..,..,..,..,..,..,..,..,..,..,..,..,..,..,..,..,..,..,..,..,..,..,..,..,..,..,..,..,..,..,..,..
Income share held by lowest 20%,SI.DST.FRST.20,Sub-Saharan Africa,SSF,..,..,..,..,..,..,..,..,..,..,..,..,..,..,..,..,..,..,..,..,..,..,..,..,..,..,..,..,..,..,..,..,..,..,..,..,..,..,..,..,..,..,..,..,..,..,..,..,..,..,..,..,..,..,..,..,..,..,..,..,..,..,..,..,..
Income share held by lowest 20%,SI.DST.FRST.20,Sub-Saharan Africa (excluding high income),SSA,..,..,..,..,..,..,..,..,..,..,..,..,..,..,..,..,..,..,..,..,..,..,..,..,..,..,..,..,..,..,..,..,..,..,..,..,..,..,..,..,..,..,..,..,..,..,..,..,..,..,..,..,..,..,..,..,..,..,..,..,..,..,..,..,..
Income share held by lowest 20%,SI.DST.FRST.20,Sub-Saharan Africa (IDA & IBRD countries),TSS,..,..,..,..,..,..,..,..,..,..,..,..,..,..,..,..,..,..,..,..,..,..,..,..,..,..,..,..,..,..,..,..,..,..,..,..,..,..,..,..,..,..,..,..,..,..,..,..,..,..,..,..,..,..,..,..,..,..,..,..,..,..,..,..,..
Income share held by lowest 20%,SI.DST.FRST.20,Upper middle income,UMC,..,..,..,..,..,..,..,..,..,..,..,..,..,..,..,..,..,..,..,..,..,..,..,..,..,..,..,..,..,..,..,..,..,..,..,..,..,..,..,..,..,..,..,..,..,..,..,..,..,..,..,..,..,..,..,..,..,..,..,..,..,..,..,..,..
Income share held by lowest 20%,SI.DST.FRST.20,World,WLD,..,..,..,..,..,..,..,..,..,..,..,..,..,..,..,..,..,..,..,..,..,..,..,..,..,..,..,..,..,..,..,..,..,..,..,..,..,..,..,..,..,..,..,..,..,..,..,..,..,..,..,..,..,..,..,..,..,..,..,..,..,..,..,..,..
"Proportion of population facing impoverishing out-of-pocket health expenditure, based on the societal poverty line (%)",SH_UHC_FH40_IMPOV,Afghanistan,AFG,..,..,..,..,..,..,..,..,..,..,..,..,..,..,..,..,..,..,..,..,..,..,..,..,..,..,..,..,..,..,..,..,..,..,..,..,..,..,..,..,..,..,..,..,..,..,..,..,..,..,..,..,..,..,..,..,..,..,..,..,..,..,..,..,..
"Proportion of population facing impoverishing out-of-pocket health expenditure, based on the societal poverty line (%)",SH_UHC_FH40_IMPOV,Albania,ALB,..,..,..,..,..,..,..,..,..,..,..,..,..,..,..,..,..,..,..,..,..,..,..,..,..,..,..,..,..,..,..,..,..,..,..,..,8.85,..,..,..,..,..,19.52,..,..,18.65,..,..,12.3,..,..,..,9.59,..,..,..,..,10.93,..,..,..,..,..,..,..
"Proportion of population facing impoverishing out-of-pocket health expenditure, based on the societal poverty line (%)",SH_UHC_FH40_IMPOV,Algeria,DZA,..,..,..,..,..,..,..,..,..,..,..,..,..,..,..,..,..,..,..,..,..,..,..,..,..,..,..,..,..,..,..,..,..,..,..,..,..,..,..,..,..,..,..,..,..,..,..,..,..,..,..,..,..,..,..,..,..,..,..,..,..,..,..,..,..
"Proportion of population facing impoverishing out-of-pocket health expenditure, based on the societal poverty line (%)",SH_UHC_FH40_IMPOV,American Samoa,ASM,..,..,..,..,..,..,..,..,..,..,..,..,..,..,..,..,..,..,..,..,..,..,..,..,..,..,..,..,..,..,..,..,..,..,..,..,..,..,..,..,..,..,..,..,..,..,..,..,..,..,..,..,..,..,..,..,..,..,..,..,..,..,..,..,..
"Proportion of population facing impoverishing out-of-pocket health expenditure, based on the societal poverty line (%)",SH_UHC_FH40_IMPOV,Andorra,AND,..,..,..,..,..,..,..,..,..,..,..,..,..,..,..,..,..,..,..,..,..,..,..,..,..,..,..,..,..,..,..,..,..,..,..,..,..,..,..,..,..,..,..,..,..,..,..,..,..,..,..,..,..,..,..,..,..,..,..,4.5,5.02,4.61,3.34,3.58,..
"Proportion of population facing impoverishing out-of-pocket health expenditure, based on the societal poverty line (%)",SH_UHC_FH40_IMPOV,Angola,AGO,..,..,..,..,..,..,..,..,..,..,..,..,..,..,..,..,..,..,..,..,..,..,..,..,..,..,..,..,..,..,..,..,..,..,..,..,..,..,..,..,..,..,..,..,..,..,..,..,7.63,..,..,..,..,..,..,..,..,..,31.72,..,..,..,..,..,..
"Proportion of population facing impoverishing out-of-pocket health expenditure, based on the societal poverty line (%)",SH_UHC_FH40_IMPOV,Antigua and Barbuda,ATG,..,..,..,..,..,..,..,..,..,..,..,..,..,..,..,..,..,..,..,..,..,..,..,..,..,..,..,..,..,..,..,..,..,..,..,..,..,..,..,..,..,..,..,..,..,..,..,..,..,..,..,..,..,..,..,..,..,..,..,..,..,..,..,..,..
"Proportion of population facing impoverishing out-of-pocket health expenditure, based on the societal poverty line (%)",SH_UHC_FH40_IMPOV,Argentina,ARG,..,..,..,..,..,..,..,..,..,..,..,..,..,..,..,..,..,..,..,..,..,..,..,..,..,..,..,..,..,..,..,..,..,..,..,..,..,..,..,..,..,..,..,..,..,..,..,..,..,..,..,..,..,..,..,..,..,33.47,..,..,..,..,..,..,..
"Proportion of population facing impoverishing out-of-pocket health expenditure, based on the societal poverty line (%)",SH_UHC_FH40_IMPOV,Armenia,ARM,..,..,..,..,..,..,..,..,..,..,..,..,..,..,..,..,..,..,..,..,..,..,..,..,..,..,..,..,..,..,..,..,..,..,..,..,..,..,..,13.72,..,10.97,10.52,9.82,11.26,9.39,6.65,8.21,6.02,8,13.24,11.79,11.37,9.99,12.13,12.72,15.81,12.24,11.93,13.5,11.04,..,..,..,..
"Proportion of population facing impoverishing out-of-pocket health expenditure, based on the societal poverty line (%)",SH_UHC_FH40_IMPOV,Aruba,ABW,..,..,..,..,..,..,..,..,..,..,..,..,..,..,..,..,..,..,..,..,..,..,..,..,..,..,..,..,..,..,..,..,..,..,..,..,..,..,..,..,..,..,..,..,..,..,..,..,..,..,..,..,..,..,..,..,..,..,..,..,..,..,..,..,..
"Proportion of population facing impoverishing out-of-pocket health expenditure, based on the societal poverty line (%)",SH_UHC_FH40_IMPOV,Australia,AUS,..,..,..,..,..,..,..,..,..,..,..,..,..,..,..,..,..,..,..,..,..,..,..,..,..,..,..,..,..,..,..,..,..,..,..,..,..,..,..,..,..,..,..,..,..,..,..,..,..,..,..,..,..,..,..,..,..,..,..,..,..,..,..,..,..
"Proportion of population facing impoverishing out-of-pocket health expenditure, based on the societal poverty line (%)",SH_UHC_FH40_IMPOV,Austria,AUT,..,..,..,..,..,..,..,..,..,..,..,..,..,..,..,..,..,..,..,..,..,..,..,..,..,..,..,..,..,..,..,..,..,..,..,..,..,..,..,6.34,..,..,..,..,..,..,..,..,..,..,..,..,..,..,..,..,..,..,..,..,..,..,..,..,..
"Proportion of population facing impoverishing out-of-pocket health expenditure, based on the societal poverty line (%)",SH_UHC_FH40_IMPOV,Azerbaijan,AZE,..,..,..,..,..,..,..,..,..,..,..,..,..,..,..,..,..,..,..,..,..,..,..,..,..,..,..,..,..,..,..,..,..,..,..,..,..,..,..,..,..,..,6.03,7.33,4.43,4.33,..,..,..,..,..,..,..,..,..,..,..,..,..,..,..,..,..,..,..
"Proportion of population facing impoverishing out-of-pocket health expenditure, based on the societal poverty line (%)",SH_UHC_FH40_IMPOV,"Bahamas, The",BHS,..,..,..,..,..,..,..,..,..,..,..,..,..,..,..,..,..,..,..,..,..,..,..,..,..,..,..,..,..,..,..,..,..,..,..,..,..,..,..,..,..,..,..,..,..,..,..,..,..,..,..,..,..,..,..,..,..,..,..,..,..,..,..,..,..
"Proportion of population facing impoverishing out-of-pocket health expenditure, based on the societal poverty line (%)",SH_UHC_FH40_IMPOV,Bahrain,BHR,..,..,..,..,..,..,..,..,..,..,..,..,..,..,..,..,..,..,..,..,..,..,..,..,..,..,..,..,..,..,..,..,..,..,..,..,..,..,..,..,..,..,..,..,..,..,..,..,..,..,..,..,..,..,..,..,..,..,..,..,..,..,..,..,..
"Proportion of population facing impoverishing out-of-pocket health expenditure, based on the societal poverty line (%)",SH_UHC_FH40_IMPOV,Bangladesh,BGD,..,..,..,..,..,..,..,..,..,..,..,..,..,..,..,..,..,..,..,..,..,..,..,..,..,..,..,..,..,..,..,..,..,..,..,..,..,..,..,..,31.1,..,..,..,..,21.36,..,..,..,..,22.76,..,..,..,..,..,24.38,..,..,..,..,..,27.57,..,..
"Proportion of population facing impoverishing out-of-pocket health expenditure, based on the societal poverty line (%)",SH_UHC_FH40_IMPOV,Barbados,BRB,..,..,..,..,..,..,..,..,..,..,..,..,..,..,..,..,..,..,..,..,..,..,..,..,..,..,..,..,..,..,..,..,..,..,..,..,..,..,..,..,..,..,..,..,..,..,..,..,..,..,..,..,..,..,..,..,9.62,..,..,..,..,..,..,..,..
"Proportion of population facing impoverishing out-of-pocket health expenditure, based on the societal poverty line (%)",SH_UHC_FH40_IMPOV,Belarus,BLR,..,..,..,..,..,..,..,..,..,..,..,..,..,..,..,..,..,..,..,..,..,..,..,..,..,..,..,..,..,..,..,..,..,..,..,..,..,..,..,..,..,..,24.92,23.06,18.76,19.05,17.49,15.02,14.21,14.4,12.56,11.86,10.45,10.19,10.12,9.85,9.33,9.41,8.34,7.83,7.81,..,..,..,..
"Proportion of population facing impoverishing out-of-pocket health expenditure, based on the societal poverty line (%)",SH_UHC_FH40_IMPOV,Belgium,BEL,..,..,..,..,..,..,..,..,..,..,..,..,..,..,..,..,..,..,..,..,..,..,..,..,..,..,..,..,..,..,..,..,..,..,..,..,..,..,..,..,..,..,..,..,..,..,..,..,..,7.85,..,..,..,..,..,..,..,..,..,..,..,..,..,..,..
"Proportion of population facing impoverishing out-of-pocket health expenditure, based on the societal poverty line (%)",SH_UHC_FH40_IMPOV,Belize,BLZ,..,..,..,..,..,..,..,..,..,..,..,..,..,..,..,..,..,..,..,..,..,..,..,..,..,..,..,..,..,..,..,..,..,..,..,..,..,..,..,..,..,..,..,..,..,..,..,..,..,..,..,..,..,..,..,..,..,..,15.12,..,..,..,..,..,..
"Proportion of population facing impoverishing out-of-pocket health expenditure, based on the societal poverty line (%)",SH_UHC_FH40_IMPOV,Benin,BEN,..,..,..,..,..,..,..,..,..,..,..,..,..,..,..,..,..,..,..,..,..,..,..,..,..,..,..,..,..,..,..,..,..,..,..,..,..,..,..,..,..,..,..,50.85,..,..,..,..,..,..,..,50.78,..,..,..,39.97,..,..,31.37,..,..,28.93,..,..,..
"Proportion of population facing impoverishing out-of-pocket health expenditure, based on the societal poverty line (%)",SH_UHC_FH40_IMPOV,Bermuda,BMU,..,..,..,..,..,..,..,..,..,..,..,..,..,..,..,..,..,..,..,..,..,..,..,..,..,..,..,..,..,..,..,..,..,..,..,..,..,..,..,..,..,..,..,..,..,..,..,..,..,..,..,..,..,..,..,..,..,..,..,..,..,..,..,..,..
"Proportion of population facing impoverishing out-of-pocket health expenditure, based on the societal poverty line (%)",SH_UHC_FH40_IMPOV,Bhutan,BTN,..,..,..,..,..,..,..,..,..,..,..,..,..,..,..,..,..,..,..,..,..,..,..,..,..,..,..,..,..,..,..,..,..,..,..,..,..,..,..,..,..,..,..,5.27,..,..,..,6.65,..,..,..,..,3.56,..,..,..,..,3.96,..,..,..,..,8.59,..,..
"Proportion of population facing impoverishing out-of-pocket health expenditure, based on the societal poverty line (%)",SH_UHC_FH40_IMPOV,Bolivia,BOL,..,..,..,..,..,..,..,..,..,..,..,..,..,..,..,..,..,..,..,..,..,..,..,..,..,..,..,..,..,..,..,..,..,..,..,..,..,..,..,13.2,11.46,11.71,11.83,..,..,..,..,..,..,..,..,..,..,15.56,16.68,13.9,..,..,16.19,14.01,..,11.03,..,..,..
"Proportion of population facing impoverishing out-of-pocket health expenditure, based on the societal poverty line (%)",SH_UHC_FH40_IMPOV,Bosnia and Herzegovina,BIH,..,..,..,..,..,..,..,..,..,..,..,..,..,..,..,..,..,..,..,..,..,..,..,..,..,..,..,..,..,..,..,..,..,..,..,..,..,..,..,..,..,12.27,..,..,7.33,..,..,9.65,..,..,..,8.57,..,..,..,6.97,..,..,..,..,..,6.04,6.18,..,..
"Proportion of population facing impoverishing out-of-pocket health expenditure, based on the societal poverty line (%)",SH_UHC_FH40_IMPOV,Botswana,BWA,..,..,..,..,..,..,..,..,..,..,..,..,..,..,..,..,..,..,..,..,..,..,..,..,..,..,..,..,..,..,..,..,..,15.94,..,..,..,..,..,..,..,..,..,..,..,..,..,..,..,10.43,..,..,..,..,..,10.81,..,..,..,..,..,..,..,..,..
"Proportion of population facing impoverishing out-of-pocket health expenditure, based on the societal poverty line (%)",SH_UHC_FH40_IMPOV,Brazil,BRA,..,..,..,..,..,..,..,..,..,..,..,..,..,..,..,..,..,..,..,..,..,..,..,..,..,..,..,..,..,..,..,..,..,..,..,..,16.54,..,..,..,..,..,..,..,..,..,..,..,24.12,..,..,..,..,..,..,..,..,20.05,..,..,..,..,..,..,..
"Proportion of population facing impoverishing out-of-pocket health expenditure, based on the societal poverty line (%)",SH_UHC_FH40_IMPOV,British Virgin Islands,VGB,..,..,..,..,..,..,..,..,..,..,..,..,..,..,..,..,..,..,..,..,..,..,..,..,..,..,..,..,..,..,..,..,..,..,..,..,..,..,..,..,..,..,..,..,..,..,..,..,..,..,..,..,..,..,..,..,..,..,..,..,..,..,..,..,..
"Proportion of population facing impoverishing out-of-pocket health expenditure, based on the societal poverty line (%)",SH_UHC_FH40_IMPOV,Brunei Darussalam,BRN,..,..,..,..,..,..,..,..,..,..,..,..,..,..,..,..,..,..,..,..,..,..,..,..,..,..,..,..,..,..,..,..,..,..,..,..,..,..,..,..,..,..,..,..,..,..,..,..,..,..,..,..,..,..,..,..,..,..,..,..,..,..,..,..,..
"Proportion of population facing impoverishing out-of-pocket health expenditure, based on the societal poverty line (%)",SH_UHC_FH40_IMPOV,Bulgaria,BGR,..,..,..,..,..,..,..,..,..,..,..,..,..,..,..,..,..,..,..,..,..,..,..,..,..,..,..,..,..,..,..,..,..,..,..,..,..,12.2,..,..,..,12.99,..,..,..,11.86,..,..,..,..,12.65,..,..,..,..,11.77,12.66,12.99,11.89,11.72,..,10.41,9.06,8.71,..
"Proportion of population facing impoverishing out-of-pocket health expenditure, based on the societal poverty line (%)",SH_UHC_FH40_IMPOV,Burkina Faso,BFA,..,..,..,..,..,..,..,..,..,..,..,..,..,..,..,..,..,..,..,..,..,..,..,..,..,..,..,..,..,..,..,..,..,..,..,..,..,..,24.14,..,..,..,..,..,..,..,..,..,..,53.55,..,..,..,..,52.92,..,..,..,30.39,..,..,33.59,..,..,..
"Proportion of population facing impoverishing out-of-pocket health expenditure, based on the societal poverty line (%)",SH_UHC_FH40_IMPOV,Burundi,BDI,..,..,..,..,..,..,..,..,..,..,..,..,..,..,..,..,..,..,..,..,..,..,..,..,..,..,..,..,..,..,..,..,..,..,..,..,..,..,69.69,..,..,..,..,..,..,..,73.89,..,..,..,..,..,..,55.29,..,..,..,..,..,..,..,..,..,..,..
"Proportion of population facing impoverishing out-of-pocket health expenditure, based on the societal poverty line (%)",SH_UHC_FH40_IMPOV,Cabo Verde,CPV,..,..,..,..,..,..,..,..,..,..,..,..,..,..,..,..,..,..,..,..,..,..,..,..,..,..,..,..,..,..,..,..,..,..,..,..,..,..,..,..,..,12.22,..,..,..,..,..,14.32,..,..,..,..,..,..,..,21.24,..,..,..,..,..,..,..,..,..
"Proportion of population facing impoverishing out-of-pocket health expenditure, based on the societal poverty line (%)",SH_UHC_FH40_IMPOV,Cambodia,KHM,..,..,..,..,..,..,..,..,..,..,..,..,..,..,..,..,..,..,..,..,..,..,..,..,..,..,..,..,..,..,..,..,..,..,..,..,..,..,..,..,..,..,..,..,..,..,..,..,..,24.39,21.57,17.24,..,..,12.48,..,..,..,..,13.6,..,12.39,..,14.06,..
"Proportion of population facing impoverishing out-of-pocket health expenditure, based on the societal poverty line (%)",SH_UHC_FH40_IMPOV,Cameroon,CMR,..,..,..,..,..,..,..,..,..,..,..,..,..,..,..,..,..,..,..,..,..,..,..,..,..,..,..,..,..,..,..,..,..,..,..,..,45.8,..,..,..,..,39.35,..,..,..,..,..,36.08,..,..,..,..,..,..,36.66,..,..,..,..,..,..,..,32.5,..,..
"Proportion of population facing impoverishing out-of-pocket health expenditure, based on the societal poverty line (%)",SH_UHC_FH40_IMPOV,Canada,CAN,..,..,..,..,..,..,..,..,..,..,..,..,..,..,..,..,..,..,..,..,..,..,..,..,..,..,..,..,..,..,..,..,..,..,..,..,..,..,..,..,..,..,..,..,..,..,..,..,..,..,..,..,..,..,..,..,..,..,..,..,..,..,..,..,..
"Proportion of population facing impoverishing out-of-pocket health expenditure, based on the societal poverty line (%)",SH_UHC_FH40_IMPOV,Cayman Islands,CYM,..,..,..,..,..,..,..,..,..,..,..,..,..,..,..,..,..,..,..,..,..,..,..,..,..,..,..,..,..,..,..,..,..,..,..,..,..,..,..,..,..,..,..,..,..,..,..,..,..,..,..,..,..,..,..,..,..,..,..,..,..,..,..,..,..
"Proportion of population facing impoverishing out-of-pocket health expenditure, based on the societal poverty line (%)",SH_UHC_FH40_IMPOV,Central African Republic,CAF,..,..,..,..,..,..,..,..,..,..,..,..,..,..,..,..,..,..,..,..,..,..,..,..,..,..,..,..,..,..,..,..,..,..,..,..,..,..,..,..,..,..,..,..,..,..,..,..,32.64,..,..,..,..,..,..,..,..,..,..,..,..,50.64,..,..,..
"Proportion of population facing impoverishing out-of-pocket health expenditure, based on the societal poverty line (%)",SH_UHC_FH40_IMPOV,Chad,TCD,..,..,..,..,..,..,..,..,..,..,..,..,..,..,..,..,..,..,..,..,..,..,..,..,..,..,..,..,..,..,..,..,..,..,..,..,..,..,..,..,..,..,..,43.85,..,..,..,..,..,..,..,28.96,..,..,..,..,..,..,29.04,..,..,..,..,..,..
"Proportion of population facing impoverishing out-of-pocket health expenditure, based on the societal poverty line (%)",SH_UHC_FH40_IMPOV,Channel Islands,CHI,..,..,..,..,..,..,..,..,..,..,..,..,..,..,..,..,..,..,..,..,..,..,..,..,..,..,..,..,..,..,..,..,..,..,..,..,..,..,..,..,..,..,..,..,..,..,..,..,..,..,..,..,..,..,..,..,..,..,..,..,..,..,..,..,..
"Proportion of population facing impoverishing out-of-pocket health expenditure, based on the societal poverty line (%)",SH_UHC_FH40_IMPOV,Chile,CHL,..,..,..,..,..,..,..,..,..,..,..,..,..,..,..,..,..,..,..,..,..,..,..,..,..,..,..,..,..,..,..,..,..,..,..,..,14.7,..,..,..,..,..,..,..,..,..,9.49,..,..,..,..,11.32,..,..,..,..,11.36,..,..,..,..,11.36,..,..,..
"Proportion of population facing impoverishing out-of-pocket health expenditure, based on the societal poverty line (%)",SH_UHC_FH40_IMPOV,China,CHN,..,..,..,..,..,..,..,..,..,..,..,..,..,..,..,..,..,..,..,..,..,..,..,..,..,..,..,..,..,..,..,..,..,..,..,39.63,..,..,..,..,..,..,41.69,..,..,..,..,33.26,..,..,..,..,..,..,..,..,..,..,24.55,..,..,..,..,..,..
"Proportion of population facing impoverishing out-of-pocket health expenditure, based on the societal poverty line (%)",SH_UHC_FH40_IMPOV,Colombia,COL,..,..,..,..,..,..,..,..,..,..,..,..,..,..,..,..,..,..,..,..,..,..,..,..,..,..,..,..,..,..,..,..,..,..,..,..,..,23.55,..,..,..,..,..,..,..,..,..,..,16.64,..,16.05,..,..,..,..,..,14.46,..,..,..,..,6.26,..,..,..
"Proportion of population facing impoverishing out-of-pocket health expenditure, based on the societal poverty line (%)",SH_UHC_FH40_IMPOV,Comoros,COM,..,..,..,..,..,..,..,..,..,..,..,..,..,..,..,..,..,..,..,..,..,..,..,..,..,..,..,..,..,..,..,..,..,..,..,..,..,..,..,..,..,..,..,..,..,..,..,..,..,..,..,..,..,..,28.7,..,..,..,..,..,..,..,..,..,..
"Proportion of population facing impoverishing out-of-pocket health expenditure, based on the societal poverty line (%)",SH_UHC_FH40_IMPOV,"Congo, Dem. Rep.",COD,..,..,..,..,..,..,..,..,..,..,..,..,..,..,..,..,..,..,..,..,..,..,..,..,..,..,..,..,..,..,..,..,..,..,..,..,..,..,..,..,..,..,..,..,64.01,..,..,..,..,..,..,..,58.6,..,..,..,..,..,..,..,..,..,..,..,..
"Proportion of population facing impoverishing out-of-pocket health expenditure, based on the societal poverty line (%)",SH_UHC_FH40_IMPOV,"Congo, Rep.",COG,..,..,..,..,..,..,..,..,..,..,..,..,..,..,..,..,..,..,..,..,..,..,..,..,..,..,..,..,..,..,..,..,..,..,..,..,..,..,..,..,..,..,..,..,..,47.51,..,..,..,..,..,33.72,..,..,..,..,..,..,..,..,..,..,..,..,..
"Proportion of population facing impoverishing out-of-pocket health expenditure, based on the societal poverty line (%)",SH_UHC_FH40_IMPOV,Costa Rica,CRI,..,..,..,..,..,..,..,..,..,..,..,..,..,..,..,..,..,..,..,..,..,..,..,..,..,..,..,..,..,..,..,..,6.36,..,..,..,..,..,..,..,..,..,..,..,12.29,..,..,..,..,..,..,..,10.8,..,..,..,..,..,11.02,..,..,..,..,..,..
"Proportion of population facing impoverishing out-of-pocket health expenditure, based on the societal poverty line (%)",SH_UHC_FH40_IMPOV,Cote d'Ivoire,CIV,..,..,..,..,..,..,..,..,..,..,..,..,..,..,..,..,..,..,..,..,..,..,..,..,..,22.11,19.01,18.95,21.81,..,..,..,19.78,..,..,..,..,..,32.53,..,..,..,32.89,..,..,..,..,..,26.81,..,..,..,..,..,..,17.28,..,..,24.63,..,..,24.16,..,..,..
"Proportion of population facing impoverishing out-of-pocket health expenditure, based on the societal poverty line (%)",SH_UHC_FH40_IMPOV,Croatia,HRV,..,..,..,..,..,..,..,..,..,..,..,..,..,..,..,..,..,..,..,..,..,..,..,..,..,..,..,..,..,..,..,..,..,..,..,..,..,..,7.32,8.46,..,..,..,..,7.92,..,..,..,9.97,9.92,6.87,..,..,..,..,..,..,..,..,..,..,..,..,..,..
"Proportion of population facing impoverishing out-of-pocket health expenditure, based on the societal poverty line (%)",SH_UHC_FH40_IMPOV,Cuba,CUB,..,..,..,..,..,..,..,..,..,..,..,..,..,..,..,..,..,..,..,..,..,..,..,..,..,..,..,..,..,..,..,..,..,..,..,..,..,..,..,..,..,..,..,..,..,..,..,..,..,..,..,..,..,..,..,..,..,..,..,..,..,..,..,..,..
"Proportion of population facing impoverishing out-of-pocket health expenditure, based on the societal poverty line (%)",SH_UHC_FH40_IMPOV,Curacao,CUW,..,..,..,..,..,..,..,..,..,..,..,..,..,..,..,..,..,..,..,..,..,..,..,..,..,..,..,..,..,..,..,..,..,..,..,..,..,..,..,..,..,..,..,..,..,..,..,..,..,..,..,..,..,..,..,..,..,..,..,..,..,..,..,..,..
"Proportion of population facing impoverishing out-of-pocket health expenditure, based on the societal poverty line (%)",SH_UHC_FH40_IMPOV,Cyprus,CYP,..,..,..,..,..,..,..,..,..,..,..,..,..,..,..,..,..,..,..,..,..,..,..,..,..,..,..,..,..,..,..,..,..,..,..,..,..,..,..,..,..,..,..,..,..,..,..,..,..,7.82,..,..,..,..,..,8.72,..,..,..,..,..,..,..,8.68,..
"Proportion of population facing impoverishing out-of-pocket health expenditure, based on the societal poverty line (%)",SH_UHC_FH40_IMPOV,Czechia,CZE,..,..,..,..,..,..,..,..,..,..,..,..,..,..,..,..,..,..,..,..,..,..,..,..,..,..,..,..,..,..,..,..,..,..,..,..,..,..,..,4.24,3.87,3.72,4.06,3.83,3.97,3.99,5.36,4.06,4.53,4.93,5.4,6.85,5.4,5.63,4.86,6.22,..,..,5.06,6.15,..,8.24,7.87,7.24,..
"Proportion of population facing impoverishing out-of-pocket health expenditure, based on the societal poverty line (%)",SH_UHC_FH40_IMPOV,Denmark,DNK,..,..,..,..,..,..,..,..,..,..,..,..,..,..,..,..,..,..,..,..,..,..,..,..,..,..,..,..,..,..,..,..,..,..,..,..,..,5.33,..,..,..,..,..,..,..,..,..,..,..,..,5.98,..,..,..,..,..,..,..,..,..,..,..,..,..,..
"Proportion of population facing impoverishing out-of-pocket health expenditure, based on the societal poverty line (%)",SH_UHC_FH40_IMPOV,Djibouti,DJI,..,..,..,..,..,..,..,..,..,..,..,..,..,..,..,..,..,..,..,..,..,..,..,..,..,..,..,..,..,..,..,..,..,..,..,..,..,..,..,..,..,..,20.65,..,..,..,..,..,..,..,..,..,3.36,..,..,..,..,5.74,..,..,..,..,..,..,..
"Proportion of population facing impoverishing out-of-pocket health expenditure, based on the societal poverty line (%)",SH_UHC_FH40_IMPOV,Dominica,DMA,..,..,..,..,..,..,..,..,..,..,..,..,..,..,..,..,..,..,..,..,..,..,..,..,..,..,..,..,..,..,..,..,..,..,..,..,..,..,..,..,..,..,..,..,..,..,..,..,..,..,..,..,..,..,..,..,..,..,..,..,..,..,..,..,..
"Proportion of population facing impoverishing out-of-pocket health expenditure, based on the societal poverty line (%)",SH_UHC_FH40_IMPOV,Dominican Republic,DOM,..,..,..,..,..,..,..,..,..,..,..,..,..,..,..,..,..,..,..,..,..,..,..,..,..,..,..,..,..,..,..,..,..,..,..,..,..,..,..,..,..,..,..,..,..,..,..,22.53,..,..,..,..,..,..,..,..,..,..,12.27,..,..,..,..,..,..
"Proportion of population facing impoverishing out-of-pocket health expenditure, based on the societal poverty line (%)",SH_UHC_FH40_IMPOV,Ecuador,ECU,..,..,..,..,..,..,..,..,..,..,..,..,..,..,..,..,..,..,..,..,..,..,..,..,..,..,..,..,..,..,..,..,..,..,..,..,..,..,..,..,..,..,..,..,..,..,..,..,..,..,..,21.6,..,18.4,..,..,..,..,..,..,..,..,..,..,..
"Proportion of population facing impoverishing out-of-pocket health expenditure, based on the societal poverty line (%)",SH_UHC_FH40_IMPOV,"Egypt, Arab Rep.",EGY,..,..,..,..,..,..,..,..,..,..,..,..,..,..,..,..,..,..,..,..,..,..,..,..,..,..,..,..,..,..,..,..,..,..,..,..,..,21.84,..,..,..,..,..,..,..,..,..,..,20.45,..,..,..,19.94,..,..,20.41,..,22.64,..,21.06,..,..,..,..,..
"Proportion of population facing impoverishing out-of-pocket health expenditure, based on the societal poverty line (%)",SH_UHC_FH40_IMPOV,El Salvador,SLV,..,..,..,..,..,..,..,..,..,..,..,..,..,..,..,..,..,..,..,..,..,..,..,..,..,..,..,..,..,..,..,..,..,..,..,..,..,..,..,..,..,..,..,..,..,..,..,..,..,..,..,..,..,..,3.33,..,10.27,9.66,8.73,8.82,..,..,..,..,..
"Proportion of population facing impoverishing out-of-pocket health expenditure, based on the societal poverty line (%)",SH_UHC_FH40_IMPOV,Equatorial Guinea,GNQ,..,..,..,..,..,..,..,..,..,..,..,..,..,..,..,..,..,..,..,..,..,..,..,..,..,..,..,..,..,..,..,..,..,..,..,..,..,..,..,..,..,..,..,..,..,..,..,..,..,..,..,..,..,..,..,..,..,..,..,..,..,..,..,..,..
"Proportion of population facing impoverishing out-of-pocket health expenditure, based on the societal poverty line (%)",SH_UHC_FH40_IMPOV,Eritrea,ERI,..,..,..,..,..,..,..,..,..,..,..,..,..,..,..,..,..,..,..,..,..,..,..,..,..,..,..,..,..,..,..,..,..,..,..,..,..,..,..,..,..,..,..,..,..,..,..,..,..,..,..,..,..,..,..,..,..,..,..,..,..,..,..,..,..
"Proportion of population facing impoverishing out-of-pocket health expenditure, based on the societal poverty line (%)",SH_UHC_FH40_IMPOV,Estonia,EST,..,..,..,..,..,..,..,..,..,..,..,..,..,..,..,..,..,..,..,..,..,..,..,..,..,..,..,..,..,..,..,..,..,..,..,12.07,..,..,..,..,7.92,..,..,8.41,8.77,7.63,..,..,..,..,..,5.81,..,..,..,..,..,..,..,..,..,..,..,..,..
"Proportion of population facing impoverishing out-of-pocket health expenditure, based on the societal poverty line (%)",SH_UHC_FH40_IMPOV,Eswatini,SWZ,..,..,..,..,..,..,..,..,..,..,..,..,..,..,..,..,..,..,..,..,..,..,..,..,..,..,..,..,..,..,..,..,..,..,..,..,..,..,..,..,42.84,..,..,..,..,..,..,..,..,..,..,..,..,..,..,..,23.73,..,..,..,..,..,..,..,..
"Proportion of population facing impoverishing out-of-pocket health expenditure, based on the societal poverty line (%)",SH_UHC_FH40_IMPOV,Ethiopia,ETH,..,..,..,..,..,..,..,..,..,..,..,..,..,..,..,..,..,..,..,..,..,..,..,..,..,..,..,..,..,..,..,..,..,..,..,..,..,..,..,24.4,..,..,..,..,26.4,..,..,..,..,..,..,31.16,..,..,..,23.63,..,..,19.73,..,..,23.17,..,..,..
"Proportion of population facing impoverishing out-of-pocket health expenditure, based on the societal poverty line (%)",SH_UHC_FH40_IMPOV,Faroe Islands,FRO,..,..,..,..,..,..,..,..,..,..,..,..,..,..,..,..,..,..,..,..,..,..,..,..,..,..,..,..,..,..,..,..,..,..,..,..,..,..,..,..,..,..,..,..,..,..,..,..,..,..,..,..,..,..,..,..,..,..,..,..,..,..,..,..,..
"Proportion of population facing impoverishing out-of-pocket health expenditure, based on the societal poverty line (%)",SH_UHC_FH40_IMPOV,Fiji,FJI,..,..,..,..,..,..,..,..,..,..,..,..,..,..,..,..,..,..,..,..,..,..,..,..,..,..,..,..,..,..,..,..,..,..,..,..,..,..,..,..,..,..,..,..,..,..,..,..,..,..,..,..,..,..,..,..,..,..,..,..,..,..,..,..,..
"Proportion of population facing impoverishing out-of-pocket health expenditure, based on the societal poverty line (%)",SH_UHC_FH40_IMPOV,Finland,FIN,..,..,..,..,..,..,..,..,..,..,..,..,..,..,..,..,..,..,..,..,..,..,..,..,..,..,..,..,..,..,..,..,..,..,..,..,..,..,7.4,..,..,..,..,..,..,..,7.18,..,..,..,..,..,8.34,..,..,..,7.15,..,..,..,..,..,..,..,..
"Proportion of population facing impoverishing out-of-pocket health expenditure, based on the societal poverty line (%)",SH_UHC_FH40_IMPOV,France,FRA,..,..,..,..,..,..,..,..,..,..,..,..,..,..,..,..,..,..,..,..,..,..,..,..,..,..,..,..,..,..,..,..,..,..,..,..,..,..,..,..,..,..,..,..,..,..,..,..,..,..,..,..,..,..,..,..,..,..,..,..,..,..,..,..,..
"Proportion of population facing impoverishing out-of-pocket health expenditure, based on the societal poverty line (%)",SH_UHC_FH40_IMPOV,French Polynesia,PYF,..,..,..,..,..,..,..,..,..,..,..,..,..,..,..,..,..,..,..,..,..,..,..,..,..,..,..,..,..,..,..,..,..,..,..,..,..,..,..,..,..,..,..,..,..,..,..,..,..,..,..,..,..,..,..,..,..,..,..,..,..,..,..,..,..
"Proportion of population facing impoverishing out-of-pocket health expenditure, based on the societal poverty line (%)",SH_UHC_FH40_IMPOV,Gabon,GAB,..,..,..,..,..,..,..,..,..,..,..,..,..,..,..,..,..,..,..,..,..,..,..,..,..,..,..,..,..,..,..,..,..,..,..,..,..,..,..,..,..,..,..,..,..,14.21,..,..,..,..,..,..,..,..,..,..,..,18.58,..,..,..,..,..,..,..
"Proportion of population facing impoverishing out-of-pocket health expenditure, based on the societal poverty line (%)",SH_UHC_FH40_IMPOV,"Gambia, The",GMB,..,..,..,..,..,..,..,..,..,..,..,..,..,..,..,..,..,..,..,..,..,..,..,..,..,..,..,..,..,..,..,..,..,..,..,..,..,..,..,..,..,..,..,47.29,..,..,..,..,..,..,32,..,..,..,..,25.12,..,..,..,..,..,..,..,..,..
"Proportion of population facing impoverishing out-of-pocket health expenditure, based on the societal poverty line (%)",SH_UHC_FH40_IMPOV,Georgia,GEO,..,..,..,..,..,..,..,..,..,..,..,..,..,..,..,..,..,..,..,..,..,..,..,..,..,..,..,..,..,..,..,..,..,..,..,..,..,22.37,22.04,23.5,25.26,24.61,16.13,15.32,14.47,16.55,18.43,20.48,20.67,21.59,23.28,23.57,23.72,22.56,22.71,23.53,23.69,23.23,22.46,21.47,20.3,20.29,20.36,19.46,18.01
"Proportion of population facing impoverishing out-of-pocket health expenditure, based on the societal poverty line (%)",SH_UHC_FH40_IMPOV,Germany,DEU,..,..,..,..,..,..,..,..,..,..,..,..,..,..,..,..,..,..,..,..,..,..,..,..,..,..,..,..,..,..,..,..,..,..,..,..,..,..,..,..,..,..,..,..,..,..,..,..,..,..,3.61,..,..,..,..,..,..,..,..,..,..,..,..,..,..
"Proportion of population facing impoverishing out-of-pocket health expenditure, based on the societal poverty line (%)",SH_UHC_FH40_IMPOV,Ghana,GHA,..,..,..,..,..,..,..,..,..,..,..,..,..,..,..,..,..,..,..,..,..,..,..,..,..,..,..,..,..,..,..,52.28,..,..,..,..,..,..,65.37,..,..,..,..,..,..,40.61,..,..,..,..,..,..,23.46,..,..,..,20.46,..,..,..,..,..,..,..,..
"Proportion of population facing impoverishing out-of-pocket health expenditure, based on the societal poverty line (%)",SH_UHC_FH40_IMPOV,Gibraltar,GIB,..,..,..,..,..,..,..,..,..,..,..,..,..,..,..,..,..,..,..,..,..,..,..,..,..,..,..,..,..,..,..,..,..,..,..,..,..,..,..,..,..,..,..,..,..,..,..,..,..,..,..,..,..,..,..,..,..,..,..,..,..,..,..,..,..
"Proportion of population facing impoverishing out-of-pocket health expenditure, based on the societal poverty line (%)",SH_UHC_FH40_IMPOV,Greece,GRC,..,..,..,..,..,..,..,..,..,..,..,..,..,..,..,..,..,..,..,..,..,..,..,..,..,..,..,..,..,..,..,..,..,..,..,..,..,..,..,..,..,..,..,..,10.42,..,..,..,8.91,9.03,8.97,6.97,7.47,8.19,9.39,7.52,8.49,7.68,7.73,7.61,7.52,8.28,8.02,13.33,..
"Proportion of population facing impoverishing out-of-pocket health expenditure, based on the societal poverty line (%)",SH_UHC_FH40_IMPOV,Greenland,GRL,..,..,..,..,..,..,..,..,..,..,..,..,..,..,..,..,..,..,..,..,..,..,..,..,..,..,..,..,..,..,..,..,..,..,..,..,..,..,..,..,..,..,..,..,..,..,..,..,..,..,..,..,..,..,..,..,..,..,..,..,..,..,..,..,..
"Proportion of population facing impoverishing out-of-pocket health expenditure, based on the societal poverty line (%)",SH_UHC_FH40_IMPOV,Grenada,GRD,..,..,..,..,..,..,..,..,..,..,..,..,..,..,..,..,..,..,..,..,..,..,..,..,..,..,..,..,..,..,..,..,..,..,..,..,..,..,..,..,..,..,..,..,..,..,..,..,2.33,..,..,..,..,..,..,..,..,..,..,..,..,..,..,..,..
"Proportion of population facing impoverishing out-of-pocket health expenditure, based on the societal poverty line (%)",SH_UHC_FH40_IMPOV,Guam,GUM,..,..,..,..,..,..,..,..,..,..,..,..,..,..,..,..,..,..,..,..,..,..,..,..,..,..,..,..,..,..,..,..,..,..,..,..,..,..,..,..,..,..,..,..,..,..,..,..,..,..,..,..,..,..,..,..,..,..,..,..,..,..,..,..,..
"Proportion of population facing impoverishing out-of-pocket health expenditure, based on the societal poverty line (%)",SH_UHC_FH40_IMPOV,Guatemala,GTM,..,..,..,..,..,..,..,..,..,..,..,..,..,..,..,..,..,..,..,..,..,..,..,..,..,..,..,..,..,..,..,..,..,..,..,..,..,..,..,..,23.25,..,..,..,..,..,..,..,..,..,..,11.38,..,..,20.1,..,..,..,..,..,..,..,..,18.48,..
"Proportion of population facing impoverishing out-of-pocket health expenditure, based on the societal poverty line (%)",SH_UHC_FH40_IMPOV,Guinea,GIN,..,..,..,..,..,..,..,..,..,..,..,..,..,..,..,..,..,..,..,..,..,..,..,..,..,..,..,..,..,..,..,..,..,..,..,..,..,..,..,..,..,..,34.69,..,..,..,..,39.89,..,..,..,..,24.37,..,..,..,..,..,33.08,..,..,..,..,..,..
"Proportion of population facing impoverishing out-of-pocket health expenditure, based on the societal poverty line (%)",SH_UHC_FH40_IMPOV,Guinea-Bissau,GNB,..,..,..,..,..,..,..,..,..,..,..,..,..,..,..,..,..,..,..,..,..,..,..,..,..,..,..,..,..,..,..,..,..,..,..,..,..,..,..,..,..,..,41.79,..,..,..,..,..,..,..,46.26,..,..,..,..,..,..,..,32.15,..,..,34.12,..,..,..
"Proportion of population facing impoverishing out-of-pocket health expenditure, based on the societal poverty line (%)",SH_UHC_FH40_IMPOV,Guyana,GUY,..,..,..,..,..,..,..,..,..,..,..,..,..,..,..,..,..,..,..,..,..,..,..,..,..,..,..,..,..,..,..,..,..,..,..,..,..,..,..,..,..,..,..,..,..,..,..,..,..,..,..,..,..,..,..,..,..,..,..,..,..,..,..,..,..
"Proportion of population facing impoverishing out-of-pocket health expenditure, based on the societal poverty line (%)",SH_UHC_FH40_IMPOV,Haiti,HTI,..,..,..,..,..,..,..,..,..,..,..,..,..,..,..,..,..,..,..,..,..,..,..,..,..,..,..,..,..,..,..,..,..,..,..,..,..,..,..,..,..,..,..,..,..,..,..,..,..,..,..,..,23.1,21.14,..,..,..,..,..,..,..,..,..,..,..
"Proportion of population facing impoverishing out-of-pocket health expenditure, based on the societal poverty line (%)",SH_UHC_FH40_IMPOV,Honduras,HND,..,..,..,..,..,..,..,..,..,..,..,..,..,..,..,..,..,..,..,..,..,..,..,..,..,..,..,..,..,..,..,..,..,..,..,..,..,..,..,..,..,..,..,..,25.35,..,..,..,..,..,..,..,..,..,..,..,..,..,..,..,..,..,..,..,..
"Proportion of population facing impoverishing out-of-pocket health expenditure, based on the societal poverty line (%)",SH_UHC_FH40_IMPOV,"Hong Kong SAR, China",HKG,..,..,..,..,..,..,..,..,..,..,..,..,..,..,..,..,..,..,..,..,..,..,..,..,..,..,..,..,..,..,..,..,..,..,..,..,..,..,..,..,..,..,..,..,..,..,..,..,..,..,..,..,..,..,..,..,..,..,..,..,..,..,..,..,..
"Proportion of population facing impoverishing out-of-pocket health expenditure, based on the societal poverty line (%)",SH_UHC_FH40_IMPOV,Hungary,HUN,..,..,..,..,..,..,..,..,..,..,..,..,..,..,..,..,..,..,..,..,..,..,..,..,..,..,..,..,..,..,..,..,..,10.48,..,..,..,..,6.01,5.62,6.43,8.62,8.66,11.33,10.9,10.62,10.07,12.26,..,..,..,..,..,..,..,..,..,..,..,..,..,..,..,..,..
"Proportion of population facing impoverishing out-of-pocket health expenditure, based on the societal poverty line (%)",SH_UHC_FH40_IMPOV,Iceland,ISL,..,..,..,..,..,..,..,..,..,..,..,..,..,..,..,..,..,..,..,..,..,..,..,..,..,..,..,..,..,..,..,..,..,..,..,7,..,..,..,..,..,..,..,..,..,..,..,..,..,..,..,..,..,..,..,..,..,..,..,..,..,..,..,..,..
"Proportion of population facing impoverishing out-of-pocket health expenditure, based on the societal poverty line (%)",SH_UHC_FH40_IMPOV,India,IND,..,..,..,..,..,..,..,..,..,..,..,..,..,..,..,..,..,..,..,..,..,..,..,..,..,..,..,..,..,..,..,..,..,..,..,..,..,..,..,..,36.63,36.38,..,33.04,32.4,..,34.84,30.18,..,34.01,..,34.8,..,..,..,..,..,..,..,..,..,..,22.27,..,..
"Proportion of population facing impoverishing out-of-pocket health expenditure, based on the societal poverty line (%)",SH_UHC_FH40_IMPOV,Indonesia,IDN,..,..,..,..,..,..,..,..,..,..,..,..,..,..,..,..,..,..,..,..,..,..,..,..,..,..,..,..,..,..,..,..,..,..,..,..,..,..,..,30.81,29.04,47.53,43.15,..,41.8,39.19,37.81,38.04,..,32.67,31.77,30.59,29.14,30.15,31.41,32.96,32.03,30.74,28.43,25.91,28.39,27.63,26.12,25.24,..
"Proportion of population facing impoverishing out-of-pocket health expenditure, based on the societal poverty line (%)",SH_UHC_FH40_IMPOV,"Iran, Islamic Rep.",IRN,..,..,..,..,..,..,..,..,..,..,..,..,..,..,..,..,..,..,..,..,..,..,..,..,..,..,..,..,..,..,..,..,..,..,..,..,..,..,..,..,..,..,..,..,..,17.01,17.83,..,..,16.24,..,..,..,11.76,..,..,13.8,13.11,12.32,12.95,12.54,12.61,11.27,..,..
"Proportion of population facing impoverishing out-of-pocket health expenditure, based on the societal poverty line (%)",SH_UHC_FH40_IMPOV,Iraq,IRQ,..,..,..,..,..,..,..,..,..,..,..,..,..,..,..,..,..,..,..,..,..,..,..,..,..,..,..,..,..,..,..,..,..,..,..,..,..,..,..,..,..,..,..,..,..,..,14.59,..,..,..,..,..,15.59,..,..,..,..,24.63,..,..,..,..,..,..,..
"Proportion of population facing impoverishing out-of-pocket health expenditure, based on the societal poverty line (%)",SH_UHC_FH40_IMPOV,Ireland,IRL,..,..,..,..,..,..,..,..,..,..,..,..,..,..,..,..,..,..,..,..,..,..,..,..,..,..,..,..,..,..,..,..,..,..,..,..,..,..,..,7.23,..,..,..,..,..,..,..,..,..,6.15,..,..,..,..,..,..,..,..,..,..,..,..,..,..,..
"Proportion of population facing impoverishing out-of-pocket health expenditure, based on the societal poverty line (%)",SH_UHC_FH40_IMPOV,Isle of Man,IMN,..,..,..,..,..,..,..,..,..,..,..,..,..,..,..,..,..,..,..,..,..,..,..,..,..,..,..,..,..,..,..,..,..,..,..,..,..,..,..,..,..,..,..,..,..,..,..,..,..,..,..,..,..,..,..,..,..,..,..,..,..,..,..,..,..
"Proportion of population facing impoverishing out-of-pocket health expenditure, based on the societal poverty line (%)",SH_UHC_FH40_IMPOV,Israel,ISR,..,..,..,..,..,..,..,..,..,..,..,..,..,..,..,..,..,..,..,..,..,..,..,..,..,..,..,..,..,..,..,..,..,..,..,..,..,..,..,..,..,13.38,13.27,14.3,13.81,14.38,14.82,14.82,14.52,15.52,12.92,15.33,13.63,13.61,15.57,14.42,14.07,13.88,13.21,14.04,12.47,11.74,..,..,..
"Proportion of population facing impoverishing out-of-pocket health expenditure, based on the societal poverty line (%)",SH_UHC_FH40_IMPOV,Italy,ITA,..,..,..,..,..,..,..,..,..,..,..,..,..,..,..,..,..,..,..,..,..,..,..,..,..,..,..,..,..,..,..,..,..,..,..,..,..,..,..,..,..,6.1,..,..,..,..,..,..,..,..,6.62,..,..,..,..,..,..,..,..,..,..,..,..,..,..
"Proportion of population facing impoverishing out-of-pocket health expenditure, based on the societal poverty line (%)",SH_UHC_FH40_IMPOV,Jamaica,JAM,..,..,..,..,..,..,..,..,..,..,..,..,..,..,..,..,..,..,..,..,..,..,..,..,..,..,..,..,..,..,8.07,19.28,16.04,..,15.15,17.84,15.58,..,..,..,..,..,17.5,19.32,19.99,..,..,..,21.31,21.87,19.62,..,13.41,15.65,17.93,18.88,14.05,15.63,13.26,15.47,..,19.34,..,..,..
"Proportion of population facing impoverishing out-of-pocket health expenditure, based on the societal poverty line (%)",SH_UHC_FH40_IMPOV,Japan,JPN,..,..,..,..,..,..,..,..,..,..,..,..,..,..,..,..,..,..,..,..,..,..,..,..,..,..,..,..,..,..,..,..,..,..,..,..,..,..,..,..,..,..,..,..,..,..,..,..,..,..,..,..,..,..,..,..,..,..,..,..,..,..,..,..,..
"Proportion of population facing impoverishing out-of-pocket health expenditure, based on the societal poverty line (%)",SH_UHC_FH40_IMPOV,Jordan,JOR,..,..,..,..,..,..,..,..,..,..,..,..,..,..,..,..,..,..,..,..,..,..,..,..,..,..,..,..,..,..,..,..,..,..,..,..,..,..,..,..,..,..,18.67,..,..,..,..,..,13.75,..,13.43,..,..,..,..,..,..,..,..,..,..,..,..,..,..
"Proportion of population facing impoverishing out-of-pocket health expenditure, based on the societal poverty line (%)",SH_UHC_FH40_IMPOV,Kazakhstan,KAZ,..,..,..,..,..,..,..,..,..,..,..,..,..,..,..,..,..,..,..,..,..,..,..,..,..,..,..,..,..,..,..,..,..,..,..,..,..,..,..,..,..,27.26,25.19,24.13,23.11,14.68,12.6,12.97,11.12,12.89,11.34,9.73,10.26,9.05,9.27,9.04,7.03,..,7.05,..,..,..,..,..,..
"Proportion of population facing impoverishing out-of-pocket health expenditure, based on the societal poverty line (%)",SH_UHC_FH40_IMPOV,Kenya,KEN,..,..,..,..,..,..,..,..,..,..,..,..,..,..,..,..,..,..,..,..,..,..,..,..,..,..,..,..,..,..,..,..,..,..,..,..,..,14.46,..,..,..,..,..,..,..,32.74,..,..,..,..,..,..,..,..,..,24.58,..,..,..,..,..,..,..,..,..
"Proportion of population facing impoverishing out-of-pocket health expenditure, based on the societal poverty line (%)",SH_UHC_FH40_IMPOV,Kiribati,KIR,..,..,..,..,..,..,..,..,..,..,..,..,..,..,..,..,..,..,..,..,..,..,..,..,..,..,..,..,..,..,..,..,..,..,..,..,..,..,..,..,..,..,..,..,..,..,0.7,..,..,..,..,..,..,..,..,..,..,..,..,2.09,..,..,..,..,..
"Proportion of population facing impoverishing out-of-pocket health expenditure, based on the societal poverty line (%)",SH_UHC_FH40_IMPOV,"Korea, Dem. People's Rep.",PRK,..,..,..,..,..,..,..,..,..,..,..,..,..,..,..,..,..,..,..,..,..,..,..,..,..,..,..,..,..,..,..,..,..,..,..,..,..,..,..,..,..,..,..,..,..,..,..,..,..,..,..,..,..,..,..,..,..,..,..,..,..,..,..,..,..
"Proportion of population facing impoverishing out-of-pocket health expenditure, based on the societal poverty line (%)",SH_UHC_FH40_IMPOV,"Korea, Rep.",KOR,..,..,..,..,..,..,..,..,..,..,..,..,..,..,..,..,..,..,..,..,..,..,..,..,..,..,..,..,..,..,..,..,..,..,..,..,..,..,..,..,..,..,..,..,..,..,..,..,..,..,..,..,..,..,..,..,..,..,..,6.8,4.11,4.45,..,..,..
"Proportion of population facing impoverishing out-of-pocket health expenditure, based on the societal poverty line (%)",SH_UHC_FH40_IMPOV,Kosovo,XKX,..,..,..,..,..,..,..,..,..,..,..,..,..,..,..,..,..,..,..,..,..,..,..,..,..,..,..,..,..,..,..,..,..,..,..,..,..,..,..,..,..,..,..,11.27,..,13.34,12.38,..,..,12.21,13.94,10.76,..,..,..,..,9.93,..,..,..,..,..,..,..,..
"Proportion of population facing impoverishing out-of-pocket health expenditure, based on the societal poverty line (%)",SH_UHC_FH40_IMPOV,Kuwait,KWT,..,..,..,..,..,..,..,..,..,..,..,..,..,..,..,..,..,..,..,..,..,..,..,..,..,..,..,..,..,..,..,..,..,..,..,..,..,..,..,..,..,..,..,..,..,..,..,..,..,..,..,..,..,..,..,..,..,..,..,..,..,..,..,..,..
"Proportion of population facing impoverishing out-of-pocket health expenditure, based on the societal poverty line (%)",SH_UHC_FH40_IMPOV,Kyrgyz Republic,KGZ,..,..,..,..,..,..,..,..,..,..,..,..,..,..,..,..,..,..,..,..,..,..,..,..,..,..,..,..,..,..,..,..,..,..,..,..,..,..,..,..,25.34,27.32,21.82,22.06,14.31,25.53,21.7,25.65,19.65,20.01,20.36,12.25,5.82,9.9,9.38,10.68,8.25,..,..,7.03,13.32,8,7.34,..,..
"Proportion of population facing impoverishing out-of-pocket health expenditure, based on the societal poverty line (%)",SH_UHC_FH40_IMPOV,Lao PDR,LAO,..,..,..,..,..,..,..,..,..,..,..,..,..,..,..,..,..,..,..,..,..,..,..,..,..,..,..,..,..,..,..,..,..,..,..,..,..,..,..,..,..,..,19.04,..,..,..,..,15.38,..,..,..,..,16.43,..,..,..,..,..,9.87,..,..,..,..,..,..
"Proportion of population facing impoverishing out-of-pocket health expenditure, based on the societal poverty line (%)",SH_UHC_FH40_IMPOV,Latvia,LVA,..,..,..,..,..,..,..,..,..,..,..,..,..,..,..,..,..,..,..,..,..,..,..,..,..,..,..,..,..,..,..,..,..,..,..,..,..,9.75,..,..,..,..,9.91,8.89,10.73,9.18,8.16,7.69,8.67,7.5,5.84,7.79,6.68,7.35,9.29,9.13,9.37,..,..,10.23,..,..,..,..,..
"Proportion of population facing impoverishing out-of-pocket health expenditure, based on the societal poverty line (%)",SH_UHC_FH40_IMPOV,Lebanon,LBN,..,..,..,..,..,..,..,..,..,..,..,..,..,..,..,..,..,..,..,..,..,..,..,..,..,..,..,..,..,..,..,..,..,..,..,..,..,..,..,18.69,..,..,..,..,..,..,..,..,..,..,..,..,..,..,..,..,..,..,..,..,..,..,..,..,..
"Proportion of population facing impoverishing out-of-pocket health expenditure, based on the societal poverty line (%)",SH_UHC_FH40_IMPOV,Lesotho,LSO,..,..,..,..,..,..,..,..,..,..,..,..,..,..,..,..,..,..,..,..,..,..,..,..,..,..,..,..,..,..,..,..,..,..,..,..,..,..,..,..,..,..,..,..,..,..,..,..,..,..,..,..,..,..,..,..,..,28.56,..,..,..,..,..,..,..
"Proportion of population facing impoverishing out-of-pocket health expenditure, based on the societal poverty line (%)",SH_UHC_FH40_IMPOV,Liberia,LBR,..,..,..,..,..,..,..,..,..,..,..,..,..,..,..,..,..,..,..,..,..,..,..,..,..,..,..,..,..,..,..,..,..,..,..,..,..,..,..,..,..,..,..,..,..,..,..,35.79,..,..,..,..,..,..,37.83,..,37.16,..,..,..,..,..,..,..,..
"Proportion of population facing impoverishing out-of-pocket health expenditure, based on the societal poverty line (%)",SH_UHC_FH40_IMPOV,Libya,LBY,..,..,..,..,..,..,..,..,..,..,..,..,..,..,..,..,..,..,..,..,..,..,..,..,..,..,..,..,..,..,..,..,..,..,..,..,..,..,..,..,..,..,..,..,..,..,..,..,..,..,..,..,..,..,..,..,..,..,..,..,..,..,..,..,..
"Proportion of population facing impoverishing out-of-pocket health expenditure, based on the societal poverty line (%)",SH_UHC_FH40_IMPOV,Liechtenstein,LIE,..,..,..,..,..,..,..,..,..,..,..,..,..,..,..,..,..,..,..,..,..,..,..,..,..,..,..,..,..,..,..,..,..,..,..,..,..,..,..,..,..,..,..,..,..,..,..,..,..,..,..,..,..,..,..,..,..,..,..,..,..,..,..,..,..
"Proportion of population facing impoverishing out-of-pocket health expenditure, based on the societal poverty line (%)",SH_UHC_FH40_IMPOV,Lithuania,LTU,..,..,..,..,..,..,..,..,..,..,..,..,..,..,..,..,..,..,..,..,..,..,..,..,..,..,..,..,..,..,..,..,..,..,..,..,..,..,9.11,8.85,10.47,10.89,10.71,9.01,8.07,..,..,..,7.67,..,..,..,..,..,..,..,7.67,..,..,..,..,4.12,..,..,..
"Proportion of population facing impoverishing out-of-pocket health expenditure, based on the societal poverty line (%)",SH_UHC_FH40_IMPOV,Luxembourg,LUX,..,..,..,..,..,..,..,..,..,..,..,..,..,..,..,..,..,..,..,..,..,..,..,..,..,..,..,..,..,..,..,..,..,..,..,..,..,..,11.1,..,..,..,..,..,..,..,..,..,..,..,13.46,..,14.05,13.73,13.41,14.03,14.94,14.66,..,12.18,12.37,13.56,12.77,12.58,..
"Proportion of population facing impoverishing out-of-pocket health expenditure, based on the societal poverty line (%)",SH_UHC_FH40_IMPOV,"Macao SAR, China",MAC,..,..,..,..,..,..,..,..,..,..,..,..,..,..,..,..,..,..,..,..,..,..,..,..,..,..,..,..,..,..,..,..,..,..,..,..,..,..,..,..,..,..,..,..,..,..,..,..,..,..,..,..,..,..,..,..,..,..,..,..,..,..,..,..,..
"Proportion of population facing impoverishing out-of-pocket health expenditure, based on the societal poverty line (%)",SH_UHC_FH40_IMPOV,Madagascar,MDG,..,..,..,..,..,..,..,..,..,..,..,..,..,..,..,..,..,..,..,..,..,..,..,..,..,..,..,..,..,..,..,..,..,..,..,..,..,..,..,..,..,..,..,..,..,43.93,..,..,..,..,58.66,..,52.46,..,..,..,..,..,..,..,..,8.08,..,..,..
"Proportion of population facing impoverishing out-of-pocket health expenditure, based on the societal poverty line (%)",SH_UHC_FH40_IMPOV,Malawi,MWI,..,..,..,..,..,..,..,..,..,..,..,..,..,..,..,..,..,..,..,..,..,..,..,..,..,..,..,..,..,..,..,..,..,..,..,..,..,..,..,..,..,..,..,..,63.57,..,..,..,..,..,37.66,..,..,55.96,..,..,38.68,..,..,41.97,..,..,..,..,..
"Proportion of population facing impoverishing out-of-pocket health expenditure, based on the societal poverty line (%)",SH_UHC_FH40_IMPOV,Malaysia,MYS,..,..,..,..,..,..,..,..,..,..,..,..,..,..,..,..,..,..,..,..,..,..,..,..,..,..,..,..,..,..,..,..,..,..,..,..,..,..,..,..,..,..,..,..,..,..,..,..,..,..,..,..,..,..,..,..,..,..,..,..,..,..,15.82,..,..
"Proportion of population facing impoverishing out-of-pocket health expenditure, based on the societal poverty line (%)",SH_UHC_FH40_IMPOV,Maldives,MDV,..,..,..,..,..,..,..,..,..,..,..,..,..,..,..,..,..,..,..,..,..,..,..,..,..,..,..,..,..,..,..,..,..,..,..,..,..,..,..,..,..,..,..,..,20.16,..,..,..,..,18.82,..,..,..,..,..,..,9.7,..,..,10.7,..,..,..,..,..
"Proportion of population facing impoverishing out-of-pocket health expenditure, based on the societal poverty line (%)",SH_UHC_FH40_IMPOV,Mali,MLI,..,..,..,..,..,..,..,..,..,..,..,..,..,..,..,..,..,..,..,..,..,..,..,..,..,..,..,..,..,..,..,..,..,..,66.88,..,..,..,..,..,..,..,..,..,..,..,26.84,..,..,35.13,..,47.38,..,46.69,50.75,48.33,47.01,44.24,44.82,42.81,..,40.55,36.94,..,..
"Proportion of population facing impoverishing out-of-pocket health expenditure, based on the societal poverty line (%)",SH_UHC_FH40_IMPOV,Malta,MLT,..,..,..,..,..,..,..,..,..,..,..,..,..,..,..,..,..,..,..,..,..,..,..,..,..,..,..,..,..,..,..,..,..,..,..,..,..,..,..,..,..,..,..,..,..,..,..,..,10.37,..,..,..,..,..,..,10.72,..,..,..,..,..,..,..,..,..
"Proportion of population facing impoverishing out-of-pocket health expenditure, based on the societal poverty line (%)",SH_UHC_FH40_IMPOV,Marshall Islands,MHL,..,..,..,..,..,..,..,..,..,..,..,..,..,..,..,..,..,..,..,..,..,..,..,..,..,..,..,..,..,..,..,..,..,..,..,..,..,..,..,..,..,..,..,..,..,..,..,..,..,..,..,..,..,..,..,..,..,..,..,12.57,..,..,..,..,..
"Proportion of population facing impoverishing out-of-pocket health expenditure, based on the societal poverty line (%)",SH_UHC_FH40_IMPOV,Mauritania,MRT,..,..,..,..,..,..,..,..,..,..,..,..,..,..,..,..,..,..,..,..,..,..,..,..,..,..,..,..,..,..,..,..,..,..,..,..,..,..,..,..,..,..,..,..,..,..,..,..,..,..,..,..,..,..,..,..,..,..,..,..,..,..,..,..,..
"Proportion of population facing impoverishing out-of-pocket health expenditure, based on the societal poverty line (%)",SH_UHC_FH40_IMPOV,Mauritius,MUS,..,..,..,..,..,..,..,..,..,..,..,..,..,..,..,..,..,..,..,..,..,..,..,..,..,..,..,..,..,..,..,..,..,..,..,..,8.06,..,..,..,..,..,..,..,..,..,6.46,..,..,..,..,..,8.64,..,..,..,..,6.39,..,..,..,..,..,7.87,..
"Proportion of population facing impoverishing out-of-pocket health expenditure, based on the societal poverty line (%)",SH_UHC_FH40_IMPOV,Mexico,MEX,..,..,..,..,..,..,..,..,..,..,..,..,..,..,..,..,..,..,..,..,..,..,..,..,..,..,..,..,..,..,..,..,..,..,..,..,..,..,..,..,..,..,..,..,19.14,..,..,..,12.94,..,11.05,..,10.92,..,12.84,..,10.99,..,11.77,..,12.99,..,13.64,..,..
"Proportion of population facing impoverishing out-of-pocket health expenditure, based on the societal poverty line (%)",SH_UHC_FH40_IMPOV,"Micronesia, Fed. Sts.",FSM,..,..,..,..,..,..,..,..,..,..,..,..,..,..,..,..,..,..,..,..,..,..,..,..,..,..,..,..,..,..,..,..,..,..,..,..,..,..,..,..,..,..,..,..,..,..,..,..,..,..,..,..,..,4.61,..,..,..,..,..,..,..,..,..,..,..
"Proportion of population facing impoverishing out-of-pocket health expenditure, based on the societal poverty line (%)",SH_UHC_FH40_IMPOV,Moldova,MDA,..,..,..,..,..,..,..,..,..,..,..,..,..,..,..,..,..,..,..,..,..,..,..,..,..,..,..,..,..,..,..,..,..,..,..,..,..,..,6.1,6.62,7.58,8.11,8.89,8.88,7,8.17,15.01,12.21,11.48,11.29,11.59,9.92,9.6,9.83,8,9.07,8.57,7.67,7.01,6.57,5.22,5.33,5.44,5.3,..
"Proportion of population facing impoverishing out-of-pocket health expenditure, based on the societal poverty line (%)",SH_UHC_FH40_IMPOV,Monaco,MCO,..,..,..,..,..,..,..,..,..,..,..,..,..,..,..,..,..,..,..,..,..,..,..,..,..,..,..,..,..,..,..,..,..,..,..,..,..,..,..,..,..,..,..,..,..,..,..,..,..,..,..,..,..,..,..,..,..,..,..,..,..,..,..,..,..
"Proportion of population facing impoverishing out-of-pocket health expenditure, based on the societal poverty line (%)",SH_UHC_FH40_IMPOV,Mongolia,MNG,..,..,..,..,..,..,..,..,..,..,..,..,..,..,..,..,..,..,..,..,..,..,..,..,..,..,..,..,..,..,..,..,..,..,..,..,..,..,..,..,..,..,22.05,..,..,..,..,..,..,20.42,16.63,14.51,14.85,..,15.91,..,18.69,..,17.49,..,28.04,23.56,21.15,21.85,..
"Proportion of population facing impoverishing out-of-pocket health expenditure, based on the societal poverty line (%)",SH_UHC_FH40_IMPOV,Montenegro,MNE,..,..,..,..,..,..,..,..,..,..,..,..,..,..,..,..,..,..,..,..,..,..,..,..,..,..,..,..,..,..,..,..,..,..,..,..,..,..,..,..,..,..,..,..,..,9.82,6.75,9.82,9.43,7.54,7.38,9.69,8.34,9.35,9.3,8.01,..,..,..,..,..,..,..,..,..
"Proportion of population facing impoverishing out-of-pocket health expenditure, based on the societal poverty line (%)",SH_UHC_FH40_IMPOV,Morocco,MAR,..,..,..,..,..,..,..,..,..,..,..,..,..,..,..,..,..,..,..,..,..,..,..,..,..,..,..,..,..,..,..,..,..,..,..,..,..,..,18.77,..,17.96,..,..,..,..,..,26.73,..,..,..,..,..,..,20.54,..,..,..,..,..,..,..,..,..,..,..
"Proportion of population facing impoverishing out-of-pocket health expenditure, based on the societal poverty line (%)",SH_UHC_FH40_IMPOV,Mozambique,MOZ,..,..,..,..,..,..,..,..,..,..,..,..,..,..,..,..,..,..,..,..,..,..,..,..,..,..,..,..,..,..,..,..,..,..,..,..,..,..,..,..,..,..,34.8,..,..,..,..,..,33.23,..,..,..,..,..,39.66,..,..,..,..,29.36,..,..,..,..,..
"Proportion of population facing impoverishing out-of-pocket health expenditure, based on the societal poverty line (%)",SH_UHC_FH40_IMPOV,Myanmar,MMR,..,..,..,..,..,..,..,..,..,..,..,..,..,..,..,..,..,..,..,..,..,..,..,..,..,..,..,..,..,..,..,..,..,..,..,..,..,..,..,..,..,..,..,..,..,..,..,..,..,..,..,..,..,..,..,28.84,..,20.63,..,..,..,..,..,..,..
"Proportion of population facing impoverishing out-of-pocket health expenditure, based on the societal poverty line (%)",SH_UHC_FH40_IMPOV,Namibia,NAM,..,..,..,..,..,..,..,..,..,..,..,..,..,..,..,..,..,..,..,..,..,..,..,..,..,..,..,..,..,..,..,..,..,..,..,..,..,..,..,..,..,..,..,..,..,..,..,..,..,39.42,..,..,..,..,..,26.69,..,..,..,..,..,..,..,..,..
"Proportion of population facing impoverishing out-of-pocket health expenditure, based on the societal poverty line (%)",SH_UHC_FH40_IMPOV,Nauru,NRU,..,..,..,..,..,..,..,..,..,..,..,..,..,..,..,..,..,..,..,..,..,..,..,..,..,..,..,..,..,..,..,..,..,..,..,..,..,..,..,..,..,..,..,..,..,..,..,..,..,..,..,..,0.99,..,..,..,..,..,..,..,..,..,..,..,..
"Proportion of population facing impoverishing out-of-pocket health expenditure, based on the societal poverty line (%)",SH_UHC_FH40_IMPOV,Nepal,NPL,..,..,..,..,..,..,..,..,..,..,..,..,..,..,..,..,..,..,..,..,..,..,..,..,..,..,..,..,..,..,..,..,..,..,..,..,..,..,..,..,..,..,..,40.28,..,..,..,..,..,..,..,..,..,25.34,24.62,24.84,23.55,..,..,..,..,..,18.5,..,..
"Proportion of population facing impoverishing out-of-pocket health expenditure, based on the societal poverty line (%)",SH_UHC_FH40_IMPOV,Netherlands,NLD,..,..,..,..,..,..,..,..,..,..,..,..,..,..,..,..,..,..,..,..,..,..,..,..,..,..,..,..,..,..,..,..,..,..,..,..,..,..,..,..,..,..,..,..,..,..,..,..,..,..,..,..,..,..,..,2.28,..,..,..,..,..,..,..,..,..
"Proportion of population facing impoverishing out-of-pocket health expenditure, based on the societal poverty line (%)",SH_UHC_FH40_IMPOV,New Caledonia,NCL,..,..,..,..,..,..,..,..,..,..,..,..,..,..,..,..,..,..,..,..,..,..,..,..,..,..,..,..,..,..,..,..,..,..,..,..,..,..,..,..,..,..,..,..,..,..,..,..,..,..,..,..,..,..,..,..,..,..,..,..,..,..,..,..,..
"Proportion of population facing impoverishing out-of-pocket health expenditure, based on the societal poverty line (%)",SH_UHC_FH40_IMPOV,New Zealand,NZL,..,..,..,..,..,..,..,..,..,..,..,..,..,..,..,..,..,..,..,..,..,..,..,..,..,..,..,..,..,..,..,..,..,..,..,..,..,..,..,..,..,..,..,..,..,..,..,..,..,..,..,..,..,..,..,..,..,..,..,..,..,..,..,..,..
"Proportion of population facing impoverishing out-of-pocket health expenditure, based on the societal poverty line (%)",SH_UHC_FH40_IMPOV,Nicaragua,NIC,..,..,..,..,..,..,..,..,..,..,..,..,..,..,..,..,..,..,..,..,..,..,..,..,..,..,..,..,..,..,..,..,..,20.64,..,..,..,..,25.77,..,..,30.17,..,..,..,..,..,..,..,25.78,..,..,..,..,24.19,..,..,..,..,..,..,..,..,..,..
"Proportion of population facing impoverishing out-of-pocket health expenditure, based on the societal poverty line (%)",SH_UHC_FH40_IMPOV,Niger,NER,..,..,..,..,..,..,..,..,..,..,..,..,..,..,..,..,..,..,..,..,..,..,..,..,..,..,..,..,..,..,..,..,..,..,..,..,..,..,..,..,..,..,..,..,..,43.92,..,73.35,..,..,..,51.28,..,..,..,..,..,..,52.06,..,..,35.72,..,..,..
"Proportion of population facing impoverishing out-of-pocket health expenditure, based on the societal poverty line (%)",SH_UHC_FH40_IMPOV,Nigeria,NGA,..,..,..,..,..,..,..,..,..,..,..,..,..,..,..,..,..,..,..,..,..,..,..,..,..,..,..,..,..,..,..,..,..,..,..,..,..,..,..,..,..,..,..,31.67,..,..,..,..,..,31.79,36.09,..,37.81,..,..,50.34,..,..,43.78,..,..,..,42.2,..,..
"Proportion of population facing impoverishing out-of-pocket health expenditure, based on the societal poverty line (%)",SH_UHC_FH40_IMPOV,North Macedonia,MKD,..,..,..,..,..,..,..,..,..,..,..,..,..,..,..,..,..,..,..,..,..,..,..,..,..,..,..,..,..,..,..,..,..,..,..,..,19.96,14.76,16.81,16.83,25.49,..,12.54,11.32,12.45,10.87,9.68,..,..,8.11,8.27,6.76,10.56,8.71,8.56,9.66,8.7,8.07,5.59,8.25,7.56,8.3,8.39,7.91,7.12
"Proportion of population facing impoverishing out-of-pocket health expenditure, based on the societal poverty line (%)",SH_UHC_FH40_IMPOV,Northern Mariana Islands,MNP,..,..,..,..,..,..,..,..,..,..,..,..,..,..,..,..,..,..,..,..,..,..,..,..,..,..,..,..,..,..,..,..,..,..,..,..,..,..,..,..,..,..,..,..,..,..,..,..,..,..,..,..,..,..,..,..,..,..,..,..,..,..,..,..,..
"Proportion of population facing impoverishing out-of-pocket health expenditure, based on the societal poverty line (%)",SH_UHC_FH40_IMPOV,Norway,NOR,..,..,..,..,..,..,..,..,..,..,..,..,..,..,..,..,..,..,..,..,..,..,..,..,..,..,..,..,..,..,..,..,..,..,..,..,3.98,6.25,6.87,..,..,..,..,..,..,..,..,..,..,..,..,..,..,..,..,..,..,..,..,..,..,..,..,..,..
"Proportion of population facing impoverishing out-of-pocket health expenditure, based on the societal poverty line (%)",SH_UHC_FH40_IMPOV,Oman,OMN,..,..,..,..,..,..,..,..,..,..,..,..,..,..,..,..,..,..,..,..,..,..,..,..,..,..,..,..,..,..,..,..,..,..,..,..,..,..,..,7.79,..,..,..,..,..,..,..,..,..,..,..,..,..,..,..,..,..,..,..,..,..,..,..,..,..
"Proportion of population facing impoverishing out-of-pocket health expenditure, based on the societal poverty line (%)",SH_UHC_FH40_IMPOV,Pakistan,PAK,..,..,..,..,..,..,..,..,..,..,..,..,..,..,..,..,..,..,..,..,..,..,..,..,..,..,..,..,..,..,..,..,..,..,..,..,..,..,..,..,..,43.42,..,..,39.71,..,..,36.54,..,..,32.98,32.98,..,31.55,..,29.81,..,..,28.47,..,..,..,..,..,..
"Proportion of population facing impoverishing out-of-pocket health expenditure, based on the societal poverty line (%)",SH_UHC_FH40_IMPOV,Palau,PLW,..,..,..,..,..,..,..,..,..,..,..,..,..,..,..,..,..,..,..,..,..,..,..,..,..,..,..,..,..,..,..,..,..,..,..,..,..,..,..,..,..,..,..,..,..,..,..,..,..,..,..,..,..,..,..,..,..,..,..,..,..,..,..,..,..
"Proportion of population facing impoverishing out-of-pocket health expenditure, based on the societal poverty line (%)",SH_UHC_FH40_IMPOV,Panama,PAN,..,..,..,..,..,..,..,..,..,..,..,..,..,..,..,..,..,..,..,..,..,..,..,..,..,..,..,..,..,..,..,..,..,..,..,..,..,24.94,..,..,..,..,..,20.56,..,..,..,15.6,..,..,..,..,..,..,..,..,..,14.88,..,..,..,..,..,..,..
"Proportion of population facing impoverishing out-of-pocket health expenditure, based on the societal poverty line (%)",SH_UHC_FH40_IMPOV,Papua New Guinea,PNG,..,..,..,..,..,..,..,..,..,..,..,..,..,..,..,..,..,..,..,..,..,..,..,..,..,..,..,..,..,..,..,..,..,..,..,..,..,..,..,..,..,..,..,..,..,..,..,..,..,..,..,..,..,..,..,..,..,..,..,..,..,..,..,..,..
"Proportion of population facing impoverishing out-of-pocket health expenditure, based on the societal poverty line (%)",SH_UHC_FH40_IMPOV,Paraguay,PRY,..,..,..,..,..,..,..,..,..,..,..,..,..,..,..,..,..,..,..,..,..,..,..,..,..,..,..,..,..,..,..,..,..,..,..,..,..,..,..,..,24.78,..,..,..,..,..,..,..,..,..,..,24.78,..,18.51,18.53,..,..,..,..,..,..,..,..,20.15,..
"Proportion of population facing impoverishing out-of-pocket health expenditure, based on the societal poverty line (%)",SH_UHC_FH40_IMPOV,Peru,PER,..,..,..,..,..,..,..,..,..,..,..,..,..,..,..,..,..,..,..,..,..,..,..,..,..,..,..,..,..,..,..,..,..,..,..,..,..,..,..,..,22.73,..,..,..,..,..,22.85,22.82,22.18,21.76,21.62,22.12,20.53,19.67,19.2,18.43,17.67,17.77,17.31,17.74,18.68,19.6,23.44,..,..
"Proportion of population facing impoverishing out-of-pocket health expenditure, based on the societal poverty line (%)",SH_UHC_FH40_IMPOV,Philippines,PHL,..,..,..,..,..,..,..,..,..,..,..,..,..,..,..,..,..,..,..,..,..,..,..,..,..,..,..,..,..,..,..,..,..,..,..,..,..,31,..,..,32,..,..,33.96,..,..,35.35,..,..,34.03,..,..,34.19,..,..,32.34,..,..,29.56,..,..,31.28,..,28.57,..
"Proportion of population facing impoverishing out-of-pocket health expenditure, based on the societal poverty line (%)",SH_UHC_FH40_IMPOV,Poland,POL,..,..,..,..,..,..,..,..,..,..,..,..,..,..,..,..,..,..,..,..,..,..,..,..,..,..,..,..,..,..,..,..,..,16.11,..,..,..,..,10.87,11.5,11.54,11.55,11.88,12.39,13.21,11.54,11.33,11.42,10.86,11.17,10.35,11.18,10.45,11.03,11.18,10.65,10.17,10.27,9.52,8.61,..,..,..,..,..
"Proportion of population facing impoverishing out-of-pocket health expenditure, based on the societal poverty line (%)",SH_UHC_FH40_IMPOV,Portugal,PRT,..,..,..,..,..,..,..,..,..,..,..,..,..,..,..,..,..,..,..,..,..,..,..,..,..,..,..,..,..,..,5.77,..,..,..,9.23,..,..,..,..,..,9.77,..,..,..,..,8.72,..,..,..,..,11.21,..,..,..,..,10.88,..,..,..,..,..,..,11.5,..,..
"Proportion of population facing impoverishing out-of-pocket health expenditure, based on the societal poverty line (%)",SH_UHC_FH40_IMPOV,Puerto Rico (US),PRI,..,..,..,..,..,..,..,..,..,..,..,..,..,..,..,..,..,..,..,..,..,..,..,..,..,..,..,..,..,..,..,..,..,..,..,..,..,..,..,..,..,..,..,..,..,..,..,..,..,..,..,..,..,..,..,..,..,..,..,..,..,..,..,..,..
"Proportion of population facing impoverishing out-of-pocket health expenditure, based on the societal poverty line (%)",SH_UHC_FH40_IMPOV,Qatar,QAT,..,..,..,..,..,..,..,..,..,..,..,..,..,..,..,..,..,..,..,..,..,..,..,..,..,..,..,..,..,..,..,..,..,..,..,..,..,..,..,..,..,..,..,..,..,..,..,..,..,..,..,..,..,..,..,..,..,..,..,..,..,..,..,..,..
"Proportion of population facing impoverishing out-of-pocket health expenditure, based on the societal poverty line (%)",SH_UHC_FH40_IMPOV,Romania,ROU,..,..,..,..,..,..,..,..,..,..,..,..,..,..,..,..,..,..,..,..,..,..,..,..,..,..,..,..,..,..,..,..,..,..,..,..,..,..,8.23,8.3,8.46,6.88,6.95,7.02,8.08,7.37,7.19,7.25,6.11,6.13,8.19,7.23,7.67,8.21,..,..,9.75,..,..,..,..,..,..,..,..
"Proportion of population facing impoverishing out-of-pocket health expenditure, based on the societal poverty line (%)",SH_UHC_FH40_IMPOV,Russian Federation,RUS,..,..,..,..,..,..,..,..,..,..,..,..,..,..,..,..,..,..,..,..,..,..,..,..,..,..,..,..,..,..,..,..,..,..,..,..,..,15.2,17.21,19.89,19.18,18.46,18.55,20.6,20.35,..,..,..,..,..,14.25,14.87,..,13.24,12.24,..,..,..,..,..,..,..,..,..,..
"Proportion of population facing impoverishing out-of-pocket health expenditure, based on the societal poverty line (%)",SH_UHC_FH40_IMPOV,Rwanda,RWA,..,..,..,..,..,..,..,..,..,..,..,..,..,..,..,..,..,..,..,..,..,..,..,..,..,..,..,..,..,..,..,..,..,..,..,..,..,..,..,..,46.43,..,..,..,..,40.65,..,..,..,..,..,..,..,29.43,..,..,32.57,..,..,..,..,..,..,..,..
"Proportion of population facing impoverishing out-of-pocket health expenditure, based on the societal poverty line (%)",SH_UHC_FH40_IMPOV,Samoa,WSM,..,..,..,..,..,..,..,..,..,..,..,..,..,..,..,..,..,..,..,..,..,..,..,..,..,..,..,..,..,..,..,..,..,..,..,..,..,..,..,..,..,..,..,..,..,..,..,..,..,..,..,..,..,..,..,..,..,..,11.74,..,..,..,..,..,..
"Proportion of population facing impoverishing out-of-pocket health expenditure, based on the societal poverty line (%)",SH_UHC_FH40_IMPOV,San Marino,SMR,..,..,..,..,..,..,..,..,..,..,..,..,..,..,..,..,..,..,..,..,..,..,..,..,..,..,..,..,..,..,..,..,..,..,..,..,..,..,..,..,..,..,..,..,..,..,..,..,..,..,..,..,..,..,..,..,..,..,..,..,..,..,..,..,..
"Proportion of population facing impoverishing out-of-pocket health expenditure, based on the societal poverty line (%)",SH_UHC_FH40_IMPOV,Sao Tome and Principe,STP,..,..,..,..,..,..,..,..,..,..,..,..,..,..,..,..,..,..,..,..,..,..,..,..,..,..,..,..,..,..,..,..,..,..,..,..,..,..,..,..,..,..,..,..,..,..,..,..,..,..,12.11,..,..,..,..,..,..,16.67,..,..,..,..,..,..,..
"Proportion of population facing impoverishing out-of-pocket health expenditure, based on the societal poverty line (%)",SH_UHC_FH40_IMPOV,Saudi Arabia,SAU,..,..,..,..,..,..,..,..,..,..,..,..,..,..,..,..,..,..,..,..,..,..,..,..,..,..,..,..,..,..,..,..,..,..,..,..,..,..,..,..,..,..,..,..,..,..,..,..,..,..,..,..,..,..,..,..,..,..,..,..,..,..,..,..,..
"Proportion of population facing impoverishing out-of-pocket health expenditure, based on the societal poverty line (%)",SH_UHC_FH40_IMPOV,Senegal,SEN,..,..,..,..,..,..,..,..,..,..,..,..,..,..,..,..,..,..,..,..,..,..,..,..,..,..,..,..,..,..,..,..,..,..,..,..,..,..,..,..,..,51.41,..,..,..,40.98,..,..,..,..,..,42.03,..,..,..,..,..,..,25.87,..,..,26.7,..,..,..
"Proportion of population facing impoverishing out-of-pocket health expenditure, based on the societal poverty line (%)",SH_UHC_FH40_IMPOV,Serbia,SRB,..,..,..,..,..,..,..,..,..,..,..,..,..,..,..,..,..,..,..,..,..,..,..,..,..,..,..,..,..,..,..,..,..,..,..,..,..,..,..,..,..,..,..,..,..,..,6.21,6.79,5.62,7.55,8.51,6.96,8.29,8.1,7.89,5.68,6.32,6.2,6.33,6.66,..,7,8.49,..,..
"Proportion of population facing impoverishing out-of-pocket health expenditure, based on the societal poverty line (%)",SH_UHC_FH40_IMPOV,Seychelles,SYC,..,..,..,..,..,..,..,..,..,..,..,..,..,..,..,..,..,..,..,..,..,..,..,..,..,..,..,..,..,..,..,..,..,..,..,..,..,..,..,..,..,..,..,..,..,..,6.86,..,..,..,..,..,..,10.08,..,..,..,..,..,..,..,..,..,..,..
"Proportion of population facing impoverishing out-of-pocket health expenditure, based on the societal poverty line (%)",SH_UHC_FH40_IMPOV,Sierra Leone,SLE,..,..,..,..,..,..,..,..,..,..,..,..,..,..,..,..,..,..,..,..,..,..,..,..,..,..,..,..,..,..,..,..,..,..,..,..,..,..,..,..,..,..,..,47.77,..,..,..,..,..,..,..,39.67,..,..,..,..,..,..,40.91,..,..,..,..,..,..
"Proportion of population facing impoverishing out-of-pocket health expenditure, based on the societal poverty line (%)",SH_UHC_FH40_IMPOV,Singapore,SGP,..,..,..,..,..,..,..,..,..,..,..,..,..,..,..,..,..,..,..,..,..,..,..,..,..,..,..,..,..,..,..,..,..,..,..,..,..,..,..,..,..,..,..,..,..,..,..,..,..,..,..,..,..,..,..,..,..,..,..,..,..,..,..,..,..
"Proportion of population facing impoverishing out-of-pocket health expenditure, based on the societal poverty line (%)",SH_UHC_FH40_IMPOV,Sint Maarten (Dutch part),SXM,..,..,..,..,..,..,..,..,..,..,..,..,..,..,..,..,..,..,..,..,..,..,..,..,..,..,..,..,..,..,..,..,..,..,..,..,..,..,..,..,..,..,..,..,..,..,..,..,..,..,..,..,..,..,..,..,..,..,..,..,..,..,..,..,..
"Proportion of population facing impoverishing out-of-pocket health expenditure, based on the societal poverty line (%)",SH_UHC_FH40_IMPOV,Slovak Republic,SVK,..,..,..,..,..,..,..,..,..,..,..,..,..,..,..,..,..,..,..,..,..,..,..,..,..,..,..,..,..,..,..,..,..,..,..,..,..,..,..,..,..,..,..,..,..,9.95,7.86,7.46,7.71,7.43,7.33,6.48,5.81,..,..,8.52,..,..,..,..,6.87,7.06,8.11,..,..
"Proportion of population facing impoverishing out-of-pocket health expenditure, based on the societal poverty line (%)",SH_UHC_FH40_IMPOV,Slovenia,SVN,..,..,..,..,..,..,..,..,..,..,..,..,..,..,..,..,..,..,..,..,..,..,..,..,..,..,..,..,..,..,..,..,..,..,..,..,..,..,..,..,6.22,6.07,5.87,5.36,5.38,4.38,4.49,4.56,4.57,4.6,4.11,..,3.33,..,..,4.23,..,..,4.19,..,..,..,4.34,..,..
"Proportion of population facing impoverishing out-of-pocket health expenditure, based on the societal poverty line (%)",SH_UHC_FH40_IMPOV,Solomon Islands,SLB,..,..,..,..,..,..,..,..,..,..,..,..,..,..,..,..,..,..,..,..,..,..,..,..,..,..,..,..,..,..,..,..,..,..,..,..,..,..,..,..,..,..,..,..,..,..,..,..,..,..,..,..,6.83,..,..,..,..,..,..,..,..,..,..,..,..
"Proportion of population facing impoverishing out-of-pocket health expenditure, based on the societal poverty line (%)",SH_UHC_FH40_IMPOV,"Somalia, Fed. Rep.",SOM,..,..,..,..,..,..,..,..,..,..,..,..,..,..,..,..,..,..,..,..,..,..,..,..,..,..,..,..,..,..,..,..,..,..,..,..,..,..,..,..,..,..,..,..,..,..,..,..,..,..,..,..,..,..,..,..,..,..,..,..,..,..,..,..,..
"Proportion of population facing impoverishing out-of-pocket health expenditure, based on the societal poverty line (%)",SH_UHC_FH40_IMPOV,South Africa,ZAF,..,..,..,..,..,..,..,..,..,..,..,..,..,..,..,..,..,..,..,..,..,..,..,..,..,..,..,..,..,..,23.63,..,..,..,..,..,..,..,..,..,24.79,..,..,..,..,31.03,..,..,17.28,..,..,..,..,..,20.56,..,..,..,..,..,..,..,..,..,..
"Proportion of population facing impoverishing out-of-pocket health expenditure, based on the societal poverty line (%)",SH_UHC_FH40_IMPOV,South Sudan,SSD,..,..,..,..,..,..,..,..,..,..,..,..,..,..,..,..,..,..,..,..,..,..,..,..,..,..,..,..,..,..,..,..,..,..,..,..,..,..,..,..,..,..,..,..,..,..,..,..,..,14.91,..,..,..,..,..,..,32.72,..,..,..,..,..,..,..,..
"Proportion of population facing impoverishing out-of-pocket health expenditure, based on the societal poverty line (%)",SH_UHC_FH40_IMPOV,Spain,ESP,..,..,..,..,..,..,..,..,..,..,..,..,..,..,..,..,..,..,..,..,..,..,..,..,..,..,..,..,..,..,..,..,..,..,..,..,6.08,..,..,..,..,..,..,..,..,..,7.64,7.3,7.58,8.01,8.21,7.95,7.81,8.07,7.94,8.48,8.23,8.49,8.44,9.72,8.45,9.11,9.42,9.19,..
"Proportion of population facing impoverishing out-of-pocket health expenditure, based on the societal poverty line (%)",SH_UHC_FH40_IMPOV,Sri Lanka,LKA,..,..,..,..,..,..,..,..,..,..,..,..,..,..,..,..,..,..,..,..,..,..,..,..,..,..,..,..,..,..,..,..,..,..,..,16.3,..,..,..,..,..,..,..,..,..,18.97,17.5,..,..,14.29,..,..,12.91,..,..,..,11.3,..,..,9.48,..,..,..,..,..
"Proportion of population facing impoverishing out-of-pocket health expenditure, based on the societal poverty line (%)",SH_UHC_FH40_IMPOV,St. Kitts and Nevis,KNA,..,..,..,..,..,..,..,..,..,..,..,..,..,..,..,..,..,..,..,..,..,..,..,..,..,..,..,..,..,..,..,..,..,..,..,..,..,..,..,..,..,..,..,..,..,..,..,10.16,..,..,..,..,..,..,..,..,..,..,..,..,..,..,..,..,..
"Proportion of population facing impoverishing out-of-pocket health expenditure, based on the societal poverty line (%)",SH_UHC_FH40_IMPOV,St. Lucia,LCA,..,..,..,..,..,..,..,..,..,..,..,..,..,..,..,..,..,..,..,..,..,..,..,..,..,..,..,..,..,..,..,..,..,..,..,..,..,..,..,..,..,..,..,..,..,..,..,..,..,..,..,..,..,..,..,..,11.51,..,..,..,..,..,..,..,..
"Proportion of population facing impoverishing out-of-pocket health expenditure, based on the societal poverty line (%)",SH_UHC_FH40_IMPOV,St. Martin (French part),MAF,..,..,..,..,..,..,..,..,..,..,..,..,..,..,..,..,..,..,..,..,..,..,..,..,..,..,..,..,..,..,..,..,..,..,..,..,..,..,..,..,..,..,..,..,..,..,..,..,..,..,..,..,..,..,..,..,..,..,..,..,..,..,..,..,..
"Proportion of population facing impoverishing out-of-pocket health expenditure, based on the societal poverty line (%)",SH_UHC_FH40_IMPOV,St. Vincent and the Grenadines,VCT,..,..,..,..,..,..,..,..,..,..,..,..,..,..,..,..,..,..,..,..,..,..,..,..,..,..,..,..,..,..,..,..,..,..,..,..,..,..,..,..,..,..,..,..,..,..,..,..,..,..,..,..,..,..,..,..,..,..,..,..,..,..,..,..,..
"Proportion of population facing impoverishing out-of-pocket health expenditure, based on the societal poverty line (%)",SH_UHC_FH40_IMPOV,Sudan,SDN,..,..,..,..,..,..,..,..,..,..,..,..,..,..,..,..,..,..,..,..,..,..,..,..,..,..,..,..,..,..,..,..,..,..,..,..,..,..,..,..,..,..,..,..,..,..,..,..,..,32.82,..,..,..,..,31.79,..,..,..,..,..,..,..,..,..,..
"Proportion of population facing impoverishing out-of-pocket health expenditure, based on the societal poverty line (%)",SH_UHC_FH40_IMPOV,Suriname,SUR,..,..,..,..,..,..,..,..,..,..,..,..,..,..,..,..,..,..,..,..,..,..,..,..,..,..,..,..,..,..,..,..,..,..,..,..,..,..,..,..,..,..,..,..,..,..,..,..,..,..,..,..,..,..,..,..,8.9,..,..,..,..,..,9.88,..,..
"Proportion of population facing impoverishing out-of-pocket health expenditure, based on the societal poverty line (%)",SH_UHC_FH40_IMPOV,Sweden,SWE,..,..,..,..,..,..,..,..,..,..,..,..,..,..,..,..,..,..,..,..,..,..,..,..,..,..,..,..,..,..,..,..,..,..,..,..,5.01,..,..,..,..,..,..,..,..,..,..,..,..,..,..,..,..,..,..,..,..,..,..,..,..,..,..,..,..
"Proportion of population facing impoverishing out-of-pocket health expenditure, based on the societal poverty line (%)",SH_UHC_FH40_IMPOV,Switzerland,CHE,..,..,..,..,..,..,..,..,..,..,..,..,..,..,..,..,..,..,..,..,..,..,..,..,..,..,..,..,..,..,..,..,..,..,..,..,..,..,..,..,..,..,..,..,..,..,6.92,7.54,7.78,8.01,8.46,7.2,8.02,8.46,7.43,7.11,8.1,7.28,..,..,..,..,..,..,..
"Proportion of population facing impoverishing out-of-pocket health expenditure, based on the societal poverty line (%)",SH_UHC_FH40_IMPOV,Syrian Arab Republic,SYR,..,..,..,..,..,..,..,..,..,..,..,..,..,..,..,..,..,..,..,..,..,..,..,..,..,..,..,..,..,..,..,..,..,..,..,..,..,..,..,..,..,..,..,16.44,..,..,..,12.04,..,..,..,..,..,..,..,..,..,..,..,..,..,..,..,..,..
"Proportion of population facing impoverishing out-of-pocket health expenditure, based on the societal poverty line (%)",SH_UHC_FH40_IMPOV,Tajikistan,TJK,..,..,..,..,..,..,..,..,..,..,..,..,..,..,..,..,..,..,..,..,..,..,..,..,..,..,..,..,..,..,..,..,..,..,..,..,..,..,..,..,..,..,..,..,..,..,..,13.4,..,17.84,..,..,..,23.34,24.73,..,29.5,27.69,28.49,25.63,..,..,..,..,..
"Proportion of population facing impoverishing out-of-pocket health expenditure, based on the societal poverty line (%)",SH_UHC_FH40_IMPOV,Tanzania,TZA,..,..,..,..,..,..,..,..,..,..,..,..,..,..,..,..,..,..,..,..,..,..,..,..,..,..,..,..,..,..,..,..,..,..,..,..,..,..,..,..,..,..,..,..,..,..,..,..,..,..,..,18.18,..,..,..,..,..,..,30.68,..,33.89,..,..,..,..
"Proportion of population facing impoverishing out-of-pocket health expenditure, based on the societal poverty line (%)",SH_UHC_FH40_IMPOV,Thailand,THA,..,..,..,..,..,..,..,..,..,..,..,..,..,..,..,..,..,..,..,..,..,..,..,..,..,..,..,..,..,..,..,..,..,..,..,..,..,..,..,..,..,..,18.05,..,..,..,15.89,..,..,12.33,12.13,..,..,..,..,..,..,10.67,..,..,..,..,..,..,..
"Proportion of population facing impoverishing out-of-pocket health expenditure, based on the societal poverty line (%)",SH_UHC_FH40_IMPOV,Timor-Leste,TLS,..,..,..,..,..,..,..,..,..,..,..,..,..,..,..,..,..,..,..,..,..,..,..,..,..,..,..,..,..,..,..,..,..,..,..,..,..,..,..,..,..,..,..,..,..,..,..,7.38,..,..,..,..,..,..,10.45,..,..,..,..,..,..,..,..,..,..
"Proportion of population facing impoverishing out-of-pocket health expenditure, based on the societal poverty line (%)",SH_UHC_FH40_IMPOV,Togo,TGO,..,..,..,..,..,..,..,..,..,..,..,..,..,..,..,..,..,..,..,..,..,..,..,..,..,..,..,..,..,..,..,..,..,..,..,..,..,..,..,..,..,..,..,..,..,..,34.97,..,..,..,..,39.51,..,..,..,62.44,..,..,27.58,..,..,26.16,..,..,..
"Proportion of population facing impoverishing out-of-pocket health expenditure, based on the societal poverty line (%)",SH_UHC_FH40_IMPOV,Tonga,TON,..,..,..,..,..,..,..,..,..,..,..,..,..,..,..,..,..,..,..,..,..,..,..,..,..,..,..,..,..,..,..,..,..,..,..,..,..,..,..,..,..,..,..,..,..,..,..,..,..,..,..,..,..,..,..,7.52,..,..,..,..,..,6.65,..,..,..
"Proportion of population facing impoverishing out-of-pocket health expenditure, based on the societal poverty line (%)",SH_UHC_FH40_IMPOV,Trinidad and Tobago,TTO,..,..,..,..,..,..,..,..,..,..,..,..,..,..,..,..,..,..,..,..,..,..,..,..,..,..,..,..,..,..,..,..,..,..,..,..,..,..,..,..,..,..,..,..,..,6.52,..,..,..,..,..,..,..,..,3.43,..,..,..,..,..,..,..,..,..,..
"Proportion of population facing impoverishing out-of-pocket health expenditure, based on the societal poverty line (%)",SH_UHC_FH40_IMPOV,Tunisia,TUN,..,..,..,..,..,..,..,..,..,..,..,..,..,..,..,..,..,..,..,..,..,..,..,..,..,..,..,..,..,..,..,..,..,..,..,20.21,..,..,..,..,18.31,..,..,..,..,19.6,..,..,..,..,18.02,..,..,..,..,15.12,..,..,..,..,..,18.34,..,..,..
"Proportion of population facing impoverishing out-of-pocket health expenditure, based on the societal poverty line (%)",SH_UHC_FH40_IMPOV,Turkiye,TUR,..,..,..,..,..,..,..,..,..,..,..,..,..,..,..,..,..,..,..,..,..,..,..,..,..,..,..,..,..,..,..,..,..,..,..,..,..,..,..,..,..,..,11.84,9.55,10.46,11.05,11.12,11.05,11.97,12.98,13.39,13.76,12.17,14.54,14.4,11.97,11.33,..,..,..,..,..,..,..,..
"Proportion of population facing impoverishing out-of-pocket health expenditure, based on the societal poverty line (%)",SH_UHC_FH40_IMPOV,Turkmenistan,TKM,..,..,..,..,..,..,..,..,..,..,..,..,..,..,..,..,..,..,..,..,..,..,..,..,..,..,..,..,..,..,..,..,..,..,..,..,..,..,..,..,..,..,..,..,..,..,..,..,..,..,..,..,..,..,..,..,..,..,..,..,..,..,..,..,..
"Proportion of population facing impoverishing out-of-pocket health expenditure, based on the societal poverty line (%)",SH_UHC_FH40_IMPOV,Turks and Caicos Islands,TCA,..,..,..,..,..,..,..,..,..,..,..,..,..,..,..,..,..,..,..,..,..,..,..,..,..,..,..,..,..,..,..,..,..,..,..,..,..,..,..,..,..,..,..,..,..,..,..,..,..,..,..,..,..,..,..,..,..,..,..,..,..,..,..,..,..
"Proportion of population facing impoverishing out-of-pocket health expenditure, based on the societal poverty line (%)",SH_UHC_FH40_IMPOV,Tuvalu,TUV,..,..,..,..,..,..,..,..,..,..,..,..,..,..,..,..,..,..,..,..,..,..,..,..,..,..,..,..,..,..,..,..,..,..,..,..,..,..,..,..,..,..,..,..,..,..,..,..,..,..,..,..,..,..,..,0.46,..,..,..,..,..,..,..,..,..
"Proportion of population facing impoverishing out-of-pocket health expenditure, based on the societal poverty line (%)",SH_UHC_FH40_IMPOV,Uganda,UGA,..,..,..,..,..,..,..,..,..,..,..,..,..,..,..,..,..,..,..,..,..,..,..,..,..,..,..,..,..,..,..,..,..,..,..,..,..,..,..,48.25,..,..,46.44,..,..,46.96,..,..,..,39.03,..,..,36.23,..,..,..,33.08,..,..,31.37,..,..,..,..,..
"Proportion of population facing impoverishing out-of-pocket health expenditure, based on the societal poverty line (%)",SH_UHC_FH40_IMPOV,Ukraine,UKR,..,..,..,..,..,..,..,..,..,..,..,..,..,..,..,..,..,..,..,..,..,..,..,..,..,..,..,..,..,..,..,..,..,..,..,..,..,..,..,..,..,..,16.64,13.92,13.45,11.02,10.82,10.53,10.39,10.35,9.13,9.07,9.55,9.1,8.94,10.76,11.51,10.65,10.89,10.16,..,..,..,..,..
"Proportion of population facing impoverishing out-of-pocket health expenditure, based on the societal poverty line (%)",SH_UHC_FH40_IMPOV,United Arab Emirates,ARE,..,..,..,..,..,..,..,..,..,..,..,..,..,..,..,..,..,..,..,..,..,..,..,..,..,..,..,..,..,..,..,..,..,..,..,..,..,..,..,..,..,..,..,..,..,..,..,..,..,..,..,..,..,..,..,..,..,..,..,..,..,..,..,..,..
"Proportion of population facing impoverishing out-of-pocket health expenditure, based on the societal poverty line (%)",SH_UHC_FH40_IMPOV,United Kingdom,GBR,..,..,..,..,..,..,..,..,..,..,..,..,..,..,..,..,..,..,..,..,..,..,..,..,..,..,..,..,..,..,..,..,..,..,..,5.07,..,..,..,0.42,5.69,..,..,..,..,5.56,..,..,5.81,5.79,6.08,5.45,5.84,5.53,6.06,6.1,7.16,6.34,6.81,7.5,5.96,6.23,..,..,..
"Proportion of population facing impoverishing out-of-pocket health expenditure, based on the societal poverty line (%)",SH_UHC_FH40_IMPOV,United States,USA,..,..,..,..,..,..,..,..,..,..,..,..,..,..,..,..,..,..,..,..,..,..,..,..,..,..,..,..,..,..,..,..,..,..,..,..,7.32,7.41,7.3,7.94,6.97,6.65,6.89,6.35,6.3,6.74,6.65,6.46,6.49,6.24,6.44,7.06,6.72,6.88,6.57,5.44,5.42,5.85,6.01,5.83,5.51,5.34,5.57,5.32,..
"Proportion of population facing impoverishing out-of-pocket health expenditure, based on the societal poverty line (%)",SH_UHC_FH40_IMPOV,Uruguay,URY,..,..,..,..,..,..,..,..,..,..,..,..,..,..,..,..,..,..,..,..,..,..,..,..,..,..,..,..,..,..,..,..,..,..,..,13.45,..,..,..,..,..,..,..,..,..,12.63,..,..,..,..,..,..,..,..,..,..,11.76,..,..,..,..,..,..,..,..
"Proportion of population facing impoverishing out-of-pocket health expenditure, based on the societal poverty line (%)",SH_UHC_FH40_IMPOV,Uzbekistan,UZB,..,..,..,..,..,..,..,..,..,..,..,..,..,..,..,..,..,..,..,..,..,..,..,..,..,..,..,..,..,..,..,..,..,..,..,..,..,..,..,..,25.87,..,21.83,21.32,..,..,..,..,..,..,..,..,..,..,..,..,..,..,..,..,..,..,..,..,..
"Proportion of population facing impoverishing out-of-pocket health expenditure, based on the societal poverty line (%)",SH_UHC_FH40_IMPOV,Vanuatu,VUT,..,..,..,..,..,..,..,..,..,..,..,..,..,..,..,..,..,..,..,..,..,..,..,..,..,..,..,..,..,..,..,..,..,..,..,..,..,..,..,..,..,..,..,..,..,..,..,..,..,..,..,..,..,..,..,..,..,..,..,12.92,..,..,..,..,..
"Proportion of population facing impoverishing out-of-pocket health expenditure, based on the societal poverty line (%)",SH_UHC_FH40_IMPOV,"Venezuela, RB",VEN,..,..,..,..,..,..,..,..,..,..,..,..,..,..,..,..,..,..,..,..,..,..,..,..,..,..,..,..,..,..,..,..,..,..,..,..,..,..,..,..,..,..,..,..,..,..,..,..,..,..,..,..,..,..,..,..,..,..,..,..,..,..,..,..,..
"Proportion of population facing impoverishing out-of-pocket health expenditure, based on the societal poverty line (%)",SH_UHC_FH40_IMPOV,Viet Nam,VNM,..,..,..,..,..,..,..,..,..,..,..,..,..,..,..,..,..,..,..,..,..,..,..,..,..,..,..,..,..,..,..,..,66.33,..,..,..,..,48.53,..,..,..,..,44.15,..,37.16,..,34.8,..,30.49,..,25.81,..,25,..,23.27,..,21.32,..,21.48,..,19.47,..,..,..,..
"Proportion of population facing impoverishing out-of-pocket health expenditure, based on the societal poverty line (%)",SH_UHC_FH40_IMPOV,Virgin Islands (U.S.),VIR,..,..,..,..,..,..,..,..,..,..,..,..,..,..,..,..,..,..,..,..,..,..,..,..,..,..,..,..,..,..,..,..,..,..,..,..,..,..,..,..,..,..,..,..,..,..,..,..,..,..,..,..,..,..,..,..,..,..,..,..,..,..,..,..,..
"Proportion of population facing impoverishing out-of-pocket health expenditure, based on the societal poverty line (%)",SH_UHC_FH40_IMPOV,West Bank and Gaza,PSE,..,..,..,..,..,..,..,..,..,..,..,..,..,..,..,..,..,..,..,..,..,..,..,..,..,..,..,..,..,..,..,..,..,..,..,..,..,..,..,..,..,..,..,..,13.38,13.65,13.03,15.8,..,11.79,12.58,12.42,..,..,..,..,17.3,..,..,..,..,..,..,18.75,..
"Proportion of population facing impoverishing out-of-pocket health expenditure, based on the societal poverty line (%)",SH_UHC_FH40_IMPOV,"Yemen, Rep.",YEM,..,..,..,..,..,..,..,..,..,..,..,..,..,..,..,..,..,..,..,..,..,..,..,..,..,..,..,..,..,..,..,..,..,..,..,..,..,..,11.31,..,..,..,..,..,..,18.78,..,..,..,..,..,..,..,..,24.87,..,..,..,..,..,..,..,..,..,..
"Proportion of population facing impoverishing out-of-pocket health expenditure, based on the societal poverty line (%)",SH_UHC_FH40_IMPOV,Zambia,ZMB,..,..,..,..,..,..,..,..,..,..,..,..,..,..,..,..,..,..,..,..,..,..,..,..,..,..,..,..,..,..,..,..,..,..,..,..,23.88,..,..,..,..,..,..,..,25.44,..,34.4,..,..,..,23.31,..,..,..,..,13.97,..,..,..,..,..,..,..,..,..
"Proportion of population facing impoverishing out-of-pocket health expenditure, based on the societal poverty line (%)",SH_UHC_FH40_IMPOV,Zimbabwe,ZWE,..,..,..,..,..,..,..,..,..,..,..,..,..,..,..,..,..,..,..,..,..,..,..,..,..,..,..,..,..,..,..,..,..,..,..,..,..,..,..,..,..,..,..,..,..,..,..,..,..,..,..,..,..,..,..,..,..,9.69,..,..,..,..,..,..,..
"Proportion of population facing impoverishing out-of-pocket health expenditure, based on the societal poverty line (%)",SH_UHC_FH40_IMPOV,Africa Eastern and Southern,AFE,..,..,..,..,..,..,..,..,..,..,..,..,..,..,..,..,..,..,..,..,..,..,..,..,..,..,..,..,..,..,..,..,..,..,..,..,..,..,..,..,..,..,..,..,..,..,..,..,..,..,..,..,..,..,..,..,..,..,..,..,..,..,..,..,..
"Proportion of population facing impoverishing out-of-pocket health expenditure, based on the societal poverty line (%)",SH_UHC_FH40_IMPOV,Africa Western and Central,AFW,..,..,..,..,..,..,..,..,..,..,..,..,..,..,..,..,..,..,..,..,..,..,..,..,..,..,..,..,..,..,..,..,..,..,..,..,..,..,..,..,..,..,..,..,..,..,..,..,..,..,..,..,..,..,..,..,..,..,..,..,..,..,..,..,..
"Proportion of population facing impoverishing out-of-pocket health expenditure, based on the societal poverty line (%)",SH_UHC_FH40_IMPOV,Arab World,ARB,..,..,..,..,..,..,..,..,..,..,..,..,..,..,..,..,..,..,..,..,..,..,..,..,..,..,..,..,..,..,..,..,..,..,..,..,..,..,..,..,..,..,..,..,..,..,..,..,..,..,..,..,..,..,..,..,..,..,..,..,..,..,..,..,..
"Proportion of population facing impoverishing out-of-pocket health expenditure, based on the societal poverty line (%)",SH_UHC_FH40_IMPOV,Caribbean small states,CSS,..,..,..,..,..,..,..,..,..,..,..,..,..,..,..,..,..,..,..,..,..,..,..,..,..,..,..,..,..,..,..,..,..,..,..,..,..,..,..,..,..,..,..,..,..,..,..,..,..,..,..,..,..,..,..,..,..,..,..,..,..,..,..,..,..
"Proportion of population facing impoverishing out-of-pocket health expenditure, based on the societal poverty line (%)",SH_UHC_FH40_IMPOV,Central Europe and the Baltics,CEB,..,..,..,..,..,..,..,..,..,..,..,..,..,..,..,..,..,..,..,..,..,..,..,..,..,..,..,..,..,..,..,..,..,..,..,..,..,..,..,..,..,..,..,..,..,..,..,..,..,..,..,..,..,..,..,..,..,..,..,..,..,..,..,..,..
"Proportion of population facing impoverishing out-of-pocket health expenditure, based on the societal poverty line (%)",SH_UHC_FH40_IMPOV,Early-demographic dividend,EAR,..,..,..,..,..,..,..,..,..,..,..,..,..,..,..,..,..,..,..,..,..,..,..,..,..,..,..,..,..,..,..,..,..,..,..,..,..,..,..,..,..,..,..,..,..,..,..,..,..,..,..,..,..,..,..,..,..,..,..,..,..,..,..,..,..
"Proportion of population facing impoverishing out-of-pocket health expenditure, based on the societal poverty line (%)",SH_UHC_FH40_IMPOV,East Asia & Pacific,EAS,..,..,..,..,..,..,..,..,..,..,..,..,..,..,..,..,..,..,..,..,..,..,..,..,..,..,..,..,..,..,..,..,..,..,..,..,..,..,..,..,34.54,37.03,36.33,35.05,33.79,32.43,31.1,30,29.71,28.82,29.13,27.86,27.19,25.4,24.82,24.3,23.59,23.15,22.55,21.49,21.28,20.34,20.17,..,..
"Proportion of population facing impoverishing out-of-pocket health expenditure, based on the societal poverty line (%)",SH_UHC_FH40_IMPOV,East Asia & Pacific (excluding high income),EAP,..,..,..,..,..,..,..,..,..,..,..,..,..,..,..,..,..,..,..,..,..,..,..,..,..,..,..,..,..,..,..,..,..,..,..,..,..,..,..,..,..,..,..,..,..,..,..,..,..,..,..,..,..,..,..,..,..,..,..,..,..,..,..,..,..
"Proportion of population facing impoverishing out-of-pocket health expenditure, based on the societal poverty line (%)",SH_UHC_FH40_IMPOV,East Asia & Pacific (IDA & IBRD countries),TEA,..,..,..,..,..,..,..,..,..,..,..,..,..,..,..,..,..,..,..,..,..,..,..,..,..,..,..,..,..,..,..,..,..,..,..,..,..,..,..,..,..,..,..,..,..,..,..,..,..,..,..,..,..,..,..,..,..,..,..,..,..,..,..,..,..
"Proportion of population facing impoverishing out-of-pocket health expenditure, based on the societal poverty line (%)",SH_UHC_FH40_IMPOV,Euro area,EMU,..,..,..,..,..,..,..,..,..,..,..,..,..,..,..,..,..,..,..,..,..,..,..,..,..,..,..,..,..,..,..,..,..,..,..,..,..,..,..,..,..,..,..,..,..,..,..,..,..,..,..,..,..,..,..,..,..,..,..,..,..,..,..,..,..
"Proportion of population facing impoverishing out-of-pocket health expenditure, based on the societal poverty line (%)",SH_UHC_FH40_IMPOV,Europe & Central Asia,ECS,..,..,..,..,..,..,..,..,..,..,..,..,..,..,..,..,..,..,..,..,..,..,..,..,..,..,..,..,..,..,..,..,..,..,..,..,..,..,..,..,12.47,11.9,11.65,11.63,11.58,11.1,10.6,10.34,10.15,10.18,9.57,9.77,9.62,9.78,9.57,9.61,9.93,9.59,9.42,9.45,9.13,9.19,9.64,..,..
"Proportion of population facing impoverishing out-of-pocket health expenditure, based on the societal poverty line (%)",SH_UHC_FH40_IMPOV,Europe & Central Asia (excluding high income),ECA,..,..,..,..,..,..,..,..,..,..,..,..,..,..,..,..,..,..,..,..,..,..,..,..,..,..,..,..,..,..,..,..,..,..,..,..,..,..,..,..,..,..,..,..,..,..,..,..,..,..,..,..,..,..,..,..,..,..,..,..,..,..,..,..,..
"Proportion of population facing impoverishing out-of-pocket health expenditure, based on the societal poverty line (%)",SH_UHC_FH40_IMPOV,Europe & Central Asia (IDA & IBRD countries),TEC,..,..,..,..,..,..,..,..,..,..,..,..,..,..,..,..,..,..,..,..,..,..,..,..,..,..,..,..,..,..,..,..,..,..,..,..,..,..,..,..,..,..,..,..,..,..,..,..,..,..,..,..,..,..,..,..,..,..,..,..,..,..,..,..,..
"Proportion of population facing impoverishing out-of-pocket health expenditure, based on the societal poverty line (%)",SH_UHC_FH40_IMPOV,European Union,EUU,..,..,..,..,..,..,..,..,..,..,..,..,..,..,..,..,..,..,..,..,..,..,..,..,..,..,..,..,..,..,..,..,..,..,..,..,..,..,..,..,..,..,..,..,..,..,..,..,..,..,..,..,..,..,..,..,..,..,..,..,..,..,..,..,..
"Proportion of population facing impoverishing out-of-pocket health expenditure, based on the societal poverty line (%)",SH_UHC_FH40_IMPOV,Fragile and conflict affected situations,FCS,..,..,..,..,..,..,..,..,..,..,..,..,..,..,..,..,..,..,..,..,..,..,..,..,..,..,..,..,..,..,..,..,..,..,..,..,..,..,..,..,..,..,..,..,..,..,..,..,..,..,..,..,..,..,..,..,..,..,..,..,..,..,..,..,..
"Proportion of population facing impoverishing out-of-pocket health expenditure, based on the societal poverty line (%)",SH_UHC_FH40_IMPOV,Heavily indebted poor countries (HIPC),HPC,..,..,..,..,..,..,..,..,..,..,..,..,..,..,..,..,..,..,..,..,..,..,..,..,..,..,..,..,..,..,..,..,..,..,..,..,..,..,..,..,..,..,..,..,..,..,..,..,..,..,..,..,..,..,..,..,..,..,..,..,..,..,..,..,..
"Proportion of population facing impoverishing out-of-pocket health expenditure, based on the societal poverty line (%)",SH_UHC_FH40_IMPOV,High income,HIC,..,..,..,..,..,..,..,..,..,..,..,..,..,..,..,..,..,..,..,..,..,..,..,..,..,..,..,..,..,..,..,..,..,..,..,..,..,..,..,..,7.59,6.72,7.25,7.06,7.16,7.28,6.78,6.91,7.06,7.25,6.77,7.14,8.06,8.17,7.92,6.89,7.24,8.14,7.13,7.11,6.74,6.73,6.76,..,..
"Proportion of population facing impoverishing out-of-pocket health expenditure, based on the societal poverty line (%)",SH_UHC_FH40_IMPOV,IBRD only,IBD,..,..,..,..,..,..,..,..,..,..,..,..,..,..,..,..,..,..,..,..,..,..,..,..,..,..,..,..,..,..,..,..,..,..,..,..,..,..,..,..,..,..,..,..,..,..,..,..,..,..,..,..,..,..,..,..,..,..,..,..,..,..,..,..,..
"Proportion of population facing impoverishing out-of-pocket health expenditure, based on the societal poverty line (%)",SH_UHC_FH40_IMPOV,IDA & IBRD total,IBT,..,..,..,..,..,..,..,..,..,..,..,..,..,..,..,..,..,..,..,..,..,..,..,..,..,..,..,..,..,..,..,..,..,..,..,..,..,..,..,..,..,..,..,..,..,..,..,..,..,..,..,..,..,..,..,..,..,..,..,..,..,..,..,..,..
"Proportion of population facing impoverishing out-of-pocket health expenditure, based on the societal poverty line (%)",SH_UHC_FH40_IMPOV,IDA blend,IDB,..,..,..,..,..,..,..,..,..,..,..,..,..,..,..,..,..,..,..,..,..,..,..,..,..,..,..,..,..,..,..,..,..,..,..,..,..,..,..,..,..,..,..,..,..,..,..,..,..,..,..,..,..,..,..,..,..,..,..,..,..,..,..,..,..
"Proportion of population facing impoverishing out-of-pocket health expenditure, based on the societal poverty line (%)",SH_UHC_FH40_IMPOV,IDA only,IDX,..,..,..,..,..,..,..,..,..,..,..,..,..,..,..,..,..,..,..,..,..,..,..,..,..,..,..,..,..,..,..,..,..,..,..,..,..,..,..,..,..,..,..,..,..,..,..,..,..,..,..,..,..,..,..,..,..,..,..,..,..,..,..,..,..
"Proportion of population facing impoverishing out-of-pocket health expenditure, based on the societal poverty line (%)",SH_UHC_FH40_IMPOV,IDA total,IDA,..,..,..,..,..,..,..,..,..,..,..,..,..,..,..,..,..,..,..,..,..,..,..,..,..,..,..,..,..,..,..,..,..,..,..,..,..,..,..,..,..,..,..,..,..,..,..,..,..,..,..,..,..,..,..,..,..,..,..,..,..,..,..,..,..
"Proportion of population facing impoverishing out-of-pocket health expenditure, based on the societal poverty line (%)",SH_UHC_FH40_IMPOV,Late-demographic dividend,LTE,..,..,..,..,..,..,..,..,..,..,..,..,..,..,..,..,..,..,..,..,..,..,..,..,..,..,..,..,..,..,..,..,..,..,..,..,..,..,..,..,..,..,..,..,..,..,..,..,..,..,..,..,..,..,..,..,..,..,..,..,..,..,..,..,..
"Proportion of population facing impoverishing out-of-pocket health expenditure, based on the societal poverty line (%)",SH_UHC_FH40_IMPOV,Latin America & Caribbean,LCN,..,..,..,..,..,..,..,..,..,..,..,..,..,..,..,..,..,..,..,..,..,..,..,..,..,..,..,..,..,..,..,..,..,..,..,..,..,..,..,..,19.03,18.5,17.94,17.86,18.92,18.4,18.18,17.68,17.88,17.25,16.83,16.54,16.64,16.59,15.92,16.04,15.89,17.05,15.95,16.09,15.13,15.85,16.18,..,..
"Proportion of population facing impoverishing out-of-pocket health expenditure, based on the societal poverty line (%)",SH_UHC_FH40_IMPOV,Latin America & Caribbean (excluding high income),LAC,..,..,..,..,..,..,..,..,..,..,..,..,..,..,..,..,..,..,..,..,..,..,..,..,..,..,..,..,..,..,..,..,..,..,..,..,..,..,..,..,..,..,..,..,..,..,..,..,..,..,..,..,..,..,..,..,..,..,..,..,..,..,..,..,..
"Proportion of population facing impoverishing out-of-pocket health expenditure, based on the societal poverty line (%)",SH_UHC_FH40_IMPOV,Latin America & the Caribbean (IDA & IBRD countries),TLA,..,..,..,..,..,..,..,..,..,..,..,..,..,..,..,..,..,..,..,..,..,..,..,..,..,..,..,..,..,..,..,..,..,..,..,..,..,..,..,..,..,..,..,..,..,..,..,..,..,..,..,..,..,..,..,..,..,..,..,..,..,..,..,..,..
"Proportion of population facing impoverishing out-of-pocket health expenditure, based on the societal poverty line (%)",SH_UHC_FH40_IMPOV,Least developed countries: UN classification,LDC,..,..,..,..,..,..,..,..,..,..,..,..,..,..,..,..,..,..,..,..,..,..,..,..,..,..,..,..,..,..,..,..,..,..,..,..,..,..,..,..,..,..,..,..,..,..,..,..,..,..,..,..,..,..,..,..,..,..,..,..,..,..,..,..,..
"Proportion of population facing impoverishing out-of-pocket health expenditure, based on the societal poverty line (%)",SH_UHC_FH40_IMPOV,Low & middle income,LMY,..,..,..,..,..,..,..,..,..,..,..,..,..,..,..,..,..,..,..,..,..,..,..,..,..,..,..,..,..,..,..,..,..,..,..,..,..,..,..,..,..,..,..,..,..,..,..,..,..,..,..,..,..,..,..,..,..,..,..,..,..,..,..,..,..
"Proportion of population facing impoverishing out-of-pocket health expenditure, based on the societal poverty line (%)",SH_UHC_FH40_IMPOV,Low income,LIC,..,..,..,..,..,..,..,..,..,..,..,..,..,..,..,..,..,..,..,..,..,..,..,..,..,..,..,..,..,..,..,..,..,..,..,..,..,..,..,..,36.67,38.1,36.74,34.74,33.88,34.41,34.67,34.01,33.39,33.75,33.91,33.45,33.9,32.86,35.84,35.72,34.35,31.96,32.07,31.7,32.46,31.35,32.98,..,..
"Proportion of population facing impoverishing out-of-pocket health expenditure, based on the societal poverty line (%)",SH_UHC_FH40_IMPOV,Lower middle income,LMC,..,..,..,..,..,..,..,..,..,..,..,..,..,..,..,..,..,..,..,..,..,..,..,..,..,..,..,..,..,..,..,..,..,..,..,..,..,..,..,..,32.75,32.71,31.5,31.58,31.74,30.77,30.36,29.63,30.79,31.12,30.81,30.88,28.45,28.67,28.5,28.11,27.56,26.73,26.15,25.9,26.14,25.58,24.23,..,..
"Proportion of population facing impoverishing out-of-pocket health expenditure, based on the societal poverty line (%)",SH_UHC_FH40_IMPOV,"Middle East, North Africa, Afghanistan & Pakistan",MEA,..,..,..,..,..,..,..,..,..,..,..,..,..,..,..,..,..,..,..,..,..,..,..,..,..,..,..,..,..,..,..,..,..,..,..,..,..,..,..,..,25.78,26.47,26.15,26.19,26.14,25.56,25.64,24.2,23.38,22.61,22.13,21.86,21.52,21.44,21.46,20.64,20.6,21.3,20.61,21.47,21.59,21.67,21.94,..,..
"Proportion of population facing impoverishing out-of-pocket health expenditure, based on the societal poverty line (%)",SH_UHC_FH40_IMPOV,"Middle East, North Africa, Afghanistan & Pakistan (excluding high income)",MNA,..,..,..,..,..,..,..,..,..,..,..,..,..,..,..,..,..,..,..,..,..,..,..,..,..,..,..,..,..,..,..,..,..,..,..,..,..,..,..,..,..,..,..,..,..,..,..,..,..,..,..,..,..,..,..,..,..,..,..,..,..,..,..,..,..
"Proportion of population facing impoverishing out-of-pocket health expenditure, based on the societal poverty line (%)",SH_UHC_FH40_IMPOV,"Middle East, North Africa, Afghanistan & Pakistan (IDA & IBRD)",TMN,..,..,..,..,..,..,..,..,..,..,..,..,..,..,..,..,..,..,..,..,..,..,..,..,..,..,..,..,..,..,..,..,..,..,..,..,..,..,..,..,..,..,..,..,..,..,..,..,..,..,..,..,..,..,..,..,..,..,..,..,..,..,..,..,..
"Proportion of population facing impoverishing out-of-pocket health expenditure, based on the societal poverty line (%)",SH_UHC_FH40_IMPOV,Middle income,MIC,..,..,..,..,..,..,..,..,..,..,..,..,..,..,..,..,..,..,..,..,..,..,..,..,..,..,..,..,..,..,..,..,..,..,..,..,..,..,..,..,..,..,..,..,..,..,..,..,..,..,..,..,..,..,..,..,..,..,..,..,..,..,..,..,..
"Proportion of population facing impoverishing out-of-pocket health expenditure, based on the societal poverty line (%)",SH_UHC_FH40_IMPOV,North America,NAC,..,..,..,..,..,..,..,..,..,..,..,..,..,..,..,..,..,..,..,..,..,..,..,..,..,..,..,..,..,..,..,..,..,..,..,..,..,..,..,..,7.08,6.67,6.97,6.48,6.45,6.84,6.68,6.54,6.6,6.39,6.5,7.06,6.81,7,6.68,5.63,5.69,6.04,6.16,5.98,5.68,5.53,5.73,..,..
"Proportion of population facing impoverishing out-of-pocket health expenditure, based on the societal poverty line (%)",SH_UHC_FH40_IMPOV,Not classified,INX,..,..,..,..,..,..,..,..,..,..,..,..,..,..,..,..,..,..,..,..,..,..,..,..,..,..,..,..,..,..,..,..,..,..,..,..,..,..,..,..,..,..,..,..,..,..,..,..,..,..,..,..,..,..,..,..,..,..,..,..,..,..,..,..,..
"Proportion of population facing impoverishing out-of-pocket health expenditure, based on the societal poverty line (%)",SH_UHC_FH40_IMPOV,OECD members,OED,..,..,..,..,..,..,..,..,..,..,..,..,..,..,..,..,..,..,..,..,..,..,..,..,..,..,..,..,..,..,..,..,..,..,..,..,..,..,..,..,..,..,..,..,..,..,..,..,..,..,..,..,..,..,..,..,..,..,..,..,..,..,..,..,..
"Proportion of population facing impoverishing out-of-pocket health expenditure, based on the societal poverty line (%)",SH_UHC_FH40_IMPOV,Other small states,OSS,..,..,..,..,..,..,..,..,..,..,..,..,..,..,..,..,..,..,..,..,..,..,..,..,..,..,..,..,..,..,..,..,..,..,..,..,..,..,..,..,..,..,..,..,..,..,..,..,..,..,..,..,..,..,..,..,..,..,..,..,..,..,..,..,..
"Proportion of population facing impoverishing out-of-pocket health expenditure, based on the societal poverty line (%)",SH_UHC_FH40_IMPOV,Pacific island small states,PSS,..,..,..,..,..,..,..,..,..,..,..,..,..,..,..,..,..,..,..,..,..,..,..,..,..,..,..,..,..,..,..,..,..,..,..,..,..,..,..,..,..,..,..,..,..,..,..,..,..,..,..,..,..,..,..,..,..,..,..,..,..,..,..,..,..
"Proportion of population facing impoverishing out-of-pocket health expenditure, based on the societal poverty line (%)",SH_UHC_FH40_IMPOV,Post-demographic dividend,PST,..,..,..,..,..,..,..,..,..,..,..,..,..,..,..,..,..,..,..,..,..,..,..,..,..,..,..,..,..,..,..,..,..,..,..,..,..,..,..,..,..,..,..,..,..,..,..,..,..,..,..,..,..,..,..,..,..,..,..,..,..,..,..,..,..
"Proportion of population facing impoverishing out-of-pocket health expenditure, based on the societal poverty line (%)",SH_UHC_FH40_IMPOV,Pre-demographic dividend,PRE,..,..,..,..,..,..,..,..,..,..,..,..,..,..,..,..,..,..,..,..,..,..,..,..,..,..,..,..,..,..,..,..,..,..,..,..,..,..,..,..,..,..,..,..,..,..,..,..,..,..,..,..,..,..,..,..,..,..,..,..,..,..,..,..,..
"Proportion of population facing impoverishing out-of-pocket health expenditure, based on the societal poverty line (%)",SH_UHC_FH40_IMPOV,Small states,SST,..,..,..,..,..,..,..,..,..,..,..,..,..,..,..,..,..,..,..,..,..,..,..,..,..,..,..,..,..,..,..,..,..,..,..,..,..,..,..,..,..,..,..,..,..,..,..,..,..,..,..,..,..,..,..,..,..,..,..,..,..,..,..,..,..
"Proportion of population facing impoverishing out-of-pocket health expenditure, based on the societal poverty line (%)",SH_UHC_FH40_IMPOV,South Asia,SAS,..,..,..,..,..,..,..,..,..,..,..,..,..,..,..,..,..,..,..,..,..,..,..,..,..,..,..,..,..,..,..,..,..,..,..,..,..,..,..,..,35.66,35.21,33.56,32.05,31.14,32.01,33.05,29.08,30.8,32.38,32.74,33.1,28.77,28.84,28.26,27.58,27.16,25.5,24.59,25.09,25.81,24.86,22.61,..,..
"Proportion of population facing impoverishing out-of-pocket health expenditure, based on the societal poverty line (%)",SH_UHC_FH40_IMPOV,South Asia (IDA & IBRD),TSA,..,..,..,..,..,..,..,..,..,..,..,..,..,..,..,..,..,..,..,..,..,..,..,..,..,..,..,..,..,..,..,..,..,..,..,..,..,..,..,..,..,..,..,..,..,..,..,..,..,..,..,..,..,..,..,..,..,..,..,..,..,..,..,..,..
"Proportion of population facing impoverishing out-of-pocket health expenditure, based on the societal poverty line (%)",SH_UHC_FH40_IMPOV,Sub-Saharan Africa,SSF,..,..,..,..,..,..,..,..,..,..,..,..,..,..,..,..,..,..,..,..,..,..,..,..,..,..,..,..,..,..,..,..,..,..,..,..,..,..,..,..,40.37,40.39,39.36,37.87,36.78,37.75,36.41,36.02,34.95,34.89,35.32,34.86,35.2,34.62,35.56,35.61,34.93,33.56,33.47,32.62,32.89,31.96,32.08,..,..
"Proportion of population facing impoverishing out-of-pocket health expenditure, based on the societal poverty line (%)",SH_UHC_FH40_IMPOV,Sub-Saharan Africa (excluding high income),SSA,..,..,..,..,..,..,..,..,..,..,..,..,..,..,..,..,..,..,..,..,..,..,..,..,..,..,..,..,..,..,..,..,..,..,..,..,..,..,..,..,..,..,..,..,..,..,..,..,..,..,..,..,..,..,..,..,..,..,..,..,..,..,..,..,..
"Proportion of population facing impoverishing out-of-pocket health expenditure, based on the societal poverty line (%)",SH_UHC_FH40_IMPOV,Sub-Saharan Africa (IDA & IBRD countries),TSS,..,..,..,..,..,..,..,..,..,..,..,..,..,..,..,..,..,..,..,..,..,..,..,..,..,..,..,..,..,..,..,..,..,..,..,..,..,..,..,..,..,..,..,..,..,..,..,..,..,..,..,..,..,..,..,..,..,..,..,..,..,..,..,..,..
"Proportion of population facing impoverishing out-of-pocket health expenditure, based on the societal poverty line (%)",SH_UHC_FH40_IMPOV,Upper middle income,UMC,..,..,..,..,..,..,..,..,..,..,..,..,..,..,..,..,..,..,..,..,..,..,..,..,..,..,..,..,..,..,..,..,..,..,..,..,..,..,..,..,16.48,16.32,11.61,11.59,16.38,15.6,16.71,16.1,15.8,15.59,25.39,24.29,24.19,22.49,22.2,20.78,20.38,20.21,19.65,19.99,18.83,18.22,19.08,..,..
"Proportion of population facing impoverishing out-of-pocket health expenditure, based on the societal poverty line (%)",SH_UHC_FH40_IMPOV,World,WLD,..,..,..,..,..,..,..,..,..,..,..,..,..,..,..,..,..,..,..,..,..,..,..,..,..,..,..,..,..,..,..,..,..,..,..,..,..,..,..,..,28.91,29.6,28.86,27.96,27.35,27.09,26.66,25.27,25.36,25.3,25.41,25.06,23.98,23.41,23.18,22.8,22.47,21.97,21.45,21.24,21.28,20.77,20.44,..,..
"Vulnerable employment, total (% of total employment) (modeled ILO estimate)",SL.EMP.VULN.ZS,Afghanistan,AFG,..,..,..,..,..,..,..,..,..,..,..,..,..,..,..,..,..,..,..,..,..,..,..,..,..,..,..,..,..,..,..,95.3398409529391,95.4104344848435,95.4466014634154,95.5235369142976,95.52982507781,95.441270725716,95.2876945838557,95.1033947601255,94.8961368242593,94.6701280639741,94.6443004380422,94.3840223991455,94.0942212869551,93.8555530192998,93.5180128027252,93.1873845507324,92.7458765409573,92.3506316077969,91.2424734583851,90.043576046337,89.0042626266029,87.9466221225401,86.4837438686457,85.0754288517816,84.1329631338373,83.3065433479913,82.2233604181096,82.31332217699,82.3961191048543,82.6906955888445,80.587703693578,81.091381513011,81.4636847215318,81.720045966335
"Vulnerable employment, total (% of total employment) (modeled ILO estimate)",SL.EMP.VULN.ZS,Albania,ALB,..,..,..,..,..,..,..,..,..,..,..,..,..,..,..,..,..,..,..,..,..,..,..,..,..,..,..,..,..,..,..,59.5039729394308,59.7016568248753,59.7257886204132,59.5362528394459,59.1027687458486,58.6512084193838,58.3439224355516,57.9455268382669,57.4505693862819,56.9688447383251,56.4629109200184,55.9126413837175,55.4442264573991,55.459663112862,55.253812505202,54.7415976042769,54.9166987982008,58.423704765182,56.8305037593501,55.1330239126757,59.1932153701183,61.5347469275197,57.7794652997091,55.9762894374987,56.450566600066,55.9022724728535,52.8315293895777,52.1865088304747,51.1991823398025,50.2974456373031,48.1514912332876,48.977117161397,46.7326588368579,46.3667942612575
"Vulnerable employment, total (% of total employment) (modeled ILO estimate)",SL.EMP.VULN.ZS,Algeria,DZA,..,..,..,..,..,..,..,..,..,..,..,..,..,..,..,..,..,..,..,..,..,..,..,..,..,..,..,..,..,..,..,33.0936193294686,33.0927910425169,33.1276095585837,33.1474818619435,33.0739205050656,32.9156903621221,32.7584287043865,32.4185337969154,32.0149609882244,31.6250539205498,31.1874511139119,30.167760494284,29.1182249266494,29.0117334529149,28.9431680096128,28.9250763464362,28.9734898638678,29.1002217609756,29.2572193307179,29.4536323041588,29.5343350568468,28.2345154129682,26.9280770170154,27.0020327204437,27.0487384195325,27.0741622172624,27.1121193253132,26.9908650715776,26.8786505529258,26.7323712355013,26.2121546483116,26.1032765692872,25.9252191073665,25.7491835749753
"Vulnerable employment, total (% of total employment) (modeled ILO estimate)",SL.EMP.VULN.ZS,American Samoa,ASM,..,..,..,..,..,..,..,..,..,..,..,..,..,..,..,..,..,..,..,..,..,..,..,..,..,..,..,..,..,..,..,..,..,..,..,..,..,..,..,..,..,..,..,..,..,..,..,..,..,..,..,..,..,..,..,..,..,..,..,..,..,..,..,..,..
"Vulnerable employment, total (% of total employment) (modeled ILO estimate)",SL.EMP.VULN.ZS,Andorra,AND,..,..,..,..,..,..,..,..,..,..,..,..,..,..,..,..,..,..,..,..,..,..,..,..,..,..,..,..,..,..,..,..,..,..,..,..,..,..,..,..,..,..,..,..,..,..,..,..,..,..,..,..,..,..,..,..,..,..,..,..,..,..,..,..,..
"Vulnerable employment, total (% of total employment) (modeled ILO estimate)",SL.EMP.VULN.ZS,Angola,AGO,..,..,..,..,..,..,..,..,..,..,..,..,..,..,..,..,..,..,..,..,..,..,..,..,..,..,..,..,..,..,..,82.1298538375052,82.166608270023,82.6328636877668,82.9883802960401,83.0818207260934,82.9013089604234,82.6036623195544,82.2379065077477,81.8921679287296,81.5838188375825,81.2873607867441,80.8859734375241,80.5220804611363,80.0835951914469,79.5157009787716,78.9800674798274,78.3795617615055,77.6124239019324,76.9023996576862,75.4921547412175,74.3450021759171,71.3937735306844,68.4179370315136,65.3874596999408,65.2627838048266,65.2247980488231,65.2211179561194,65.2601889420907,65.2690021312481,65.9410906429964,65.7930821615419,66.312487849522,66.3095743545771,66.2335410114565
"Vulnerable employment, total (% of total employment) (modeled ILO estimate)",SL.EMP.VULN.ZS,Antigua and Barbuda,ATG,..,..,..,..,..,..,..,..,..,..,..,..,..,..,..,..,..,..,..,..,..,..,..,..,..,..,..,..,..,..,..,..,..,..,..,..,..,..,..,..,..,..,..,..,..,..,..,..,..,..,..,..,..,..,..,..,..,..,..,..,..,..,..,..,..
"Vulnerable employment, total (% of total employment) (modeled ILO estimate)",SL.EMP.VULN.ZS,Argentina,ARG,..,..,..,..,..,..,..,..,..,..,..,..,..,..,..,..,..,..,..,..,..,..,..,..,..,..,..,..,..,..,..,23.8046050298942,23.757160962942,23.6393208888374,23.4159306658022,23.2865571278501,23.6846464936502,22.8020681153944,22.433819684413,22.2161669656372,21.9748899685516,22.9126921231873,23.70466457638,21.7001661163026,21.6028718502752,21.2797063654732,20.2573051041667,19.178244400597,19.1016841857864,19.5906993047639,19.0490238114851,18.6211188839315,19.0299608764648,19.6857850931616,20.1779734655309,20.604372046677,21.0846506714366,21.505941986483,21.6175577222417,22.7149996003683,24.0669497937937,24.0189803057016,23.2797968408073,22.4431470253428,22.4231386348518
"Vulnerable employment, total (% of total employment) (modeled ILO estimate)",SL.EMP.VULN.ZS,Armenia,ARM,..,..,..,..,..,..,..,..,..,..,..,..,..,..,..,..,..,..,..,..,..,..,..,..,..,..,..,..,..,..,..,49.2946487755506,50.3861569491553,51.3996988621617,51.9166035986158,52.2472290335848,52.172269735698,51.9945089606303,51.6742307857693,51.2821263878719,50.820134391605,50.4323042017649,49.824094613842,49.1105657862561,48.4944382981278,47.6886991150855,46.9942614799422,46.2480438907782,45.5559487862975,45.503767073103,46.6693687063109,47.2795797167657,46.7265421292748,45.7123707423573,45.5644503082124,44.713284091974,43.737876038607,41.953387777937,41.6632765532805,38.558798749928,38.907623537019,35.8547137639461,35.4281537602789,33.974477975018,33.4807814964191
"Vulnerable employment, total (% of total employment) (modeled ILO estimate)",SL.EMP.VULN.ZS,Aruba,ABW,..,..,..,..,..,..,..,..,..,..,..,..,..,..,..,..,..,..,..,..,..,..,..,..,..,..,..,..,..,..,..,..,..,..,..,..,..,..,..,..,..,..,..,..,..,..,..,..,..,..,..,..,..,..,..,..,..,..,..,..,..,..,..,..,..
"Vulnerable employment, total (% of total employment) (modeled ILO estimate)",SL.EMP.VULN.ZS,Australia,AUS,..,..,..,..,..,..,..,..,..,..,..,..,..,..,..,..,..,..,..,..,..,..,..,..,..,..,..,..,..,..,..,12.6549492429004,12.7568767827526,12.8728449342747,12.8049934344702,12.7371732521657,12.7511483505402,12.6949866905908,12.5653083885823,12.550963461551,12.4619770065853,12.3277062086201,12.1952899272369,11.7831092066612,12.5188185772581,11.7990913959297,11.5678114399862,10.2904780847036,9.46378967997381,10.7999837636487,10.6374306869352,10.6224816956753,10.1642556565603,10.3980090417696,10.1205203021911,10.1963602012578,10.4038369950611,9.98297045286625,9.76474000840711,9.82873725665,9.62077427345308,9.59602083427141,9.37931001488805,9.25879255732326,9.18719099926964
"Vulnerable employment, total (% of total employment) (modeled ILO estimate)",SL.EMP.VULN.ZS,Austria,AUT,..,..,..,..,..,..,..,..,..,..,..,..,..,..,..,..,..,..,..,..,..,..,..,..,..,..,..,..,..,..,..,12.1846861672458,12.293752259191,12.9903825816276,12.7742961561851,12.8839889724711,13.008392644946,12.4077046149834,12.1078274523257,11.9896922484203,11.7946119205713,11.5682416374926,11.4897679741697,11.0160447530193,10.8951815163021,11.3445159463068,11.4829214718326,11.3388264023747,11.2773074018174,11.1914861130349,11.3339723954727,10.694142700634,10.3938915067999,10.529302353387,10.4007369432489,10.2087792165021,9.83301455145515,9.38495596861514,9.12127558183906,8.88849698883418,8.99178926481383,8.76606320213368,8.18266106209311,7.89303332366762,7.86642899435777
"Vulnerable employment, total (% of total employment) (modeled ILO estimate)",SL.EMP.VULN.ZS,Azerbaijan,AZE,..,..,..,..,..,..,..,..,..,..,..,..,..,..,..,..,..,..,..,..,..,..,..,..,..,..,..,..,..,..,..,54.3986954480395,54.7512396977933,55.527551325161,56.4979528181556,57.4364106657083,58.1632473664943,58.6746878528362,58.9020129107662,58.7646132431402,58.3413955260338,58.9916252134914,59.7288103649424,59.2677410148362,58.9210519150955,58.2921017998191,57.532628196492,56.6619865088247,56.0017287622825,55.3638761462757,55.9698653033254,57.5386634407561,57.1286972828041,56.4352439885177,56.7178915097316,55.350505621417,55.0501782403119,55.1200615079564,55.1666537127637,55.1658690396931,54.9686291288053,54.474235817507,54.3428702003442,54.2004925396543,54.0332907843918
"Vulnerable employment, total (% of total employment) (modeled ILO estimate)",SL.EMP.VULN.ZS,"Bahamas, The",BHS,..,..,..,..,..,..,..,..,..,..,..,..,..,..,..,..,..,..,..,..,..,..,..,..,..,..,..,..,..,..,..,12.2923405025537,13.0851610353685,13.004679999398,14.1664123614656,14.1346269098703,16.4769322947873,14.7226622278304,14.61712451911,15.7921358615588,14.8273170973416,13.9164671713796,15.3208919584145,14.2706273869316,14.9575030098291,14.5021135301252,14.0450163660148,13.6928819099362,13.288888647604,13.2991714409623,13.7019689770979,14.0940783876065,13.9964093745607,13.9710182953161,13.8809396521903,13.8860602376067,13.7765675818773,13.7436737841616,13.7384796750683,13.7163102619258,14.2903535006992,14.7841636024782,15.4526381655226,16.0789212824029,15.9601436200924
"Vulnerable employment, total (% of total employment) (modeled ILO estimate)",SL.EMP.VULN.ZS,Bahrain,BHR,..,..,..,..,..,..,..,..,..,..,..,..,..,..,..,..,..,..,..,..,..,..,..,..,..,..,..,..,..,..,..,3.41978385931018,3.26595909092808,2.97720023051386,2.7509930741469,2.52643858114227,2.40086544559257,2.28830718056259,2.35505470030397,2.16574675544827,1.80777836834058,1.63555969280894,2.27306378132118,2.21353219352492,2.04374319188306,2.15293725861629,2.16783037525905,2.05344803043053,2.00949492546781,1.95676144270473,1.06144346386962,0.974212882459581,1.00362541183025,0.96644841075109,0.990117846582015,0.996640100015627,0.993977794270227,0.935276161628514,0.859416855191711,0.788277933352838,1.14505895487841,1.05644717217135,0.901733674439886,0.943956184784735,0.856857713145138
"Vulnerable employment, total (% of total employment) (modeled ILO estimate)",SL.EMP.VULN.ZS,Bangladesh,BGD,..,..,..,..,..,..,..,..,..,..,..,..,..,..,..,..,..,..,..,..,..,..,..,..,..,..,..,..,..,..,..,68.5422975780931,68.2940340302186,68.0402827169059,67.7956476535403,67.5302042710227,67.2786823649272,67.0196207460679,66.7370690277509,66.4950209662036,66.2249634576764,65.9019556492587,65.5713327248984,65.246300716344,64.8913823515472,64.4914371632306,64.1843947113788,63.68530953012,63.1649650606653,62.6404448858856,62.1114634809614,61.2768062357384,60.4298109620797,59.5723857040062,58.7487925119881,57.902961981056,57.0356746745533,56.1806275900299,56.2930050778402,56.3883787871261,57.4001952008227,57.7138400623424,57.8403806625567,58.1775397771731,57.7382491923305
"Vulnerable employment, total (% of total employment) (modeled ILO estimate)",SL.EMP.VULN.ZS,Barbados,BRB,..,..,..,..,..,..,..,..,..,..,..,..,..,..,..,..,..,..,..,..,..,..,..,..,..,..,..,..,..,..,..,11.8288638846825,12.3831663017372,13.2210767691097,12.3738869613457,12.5075266532073,12.5767283857188,11.9300854715137,12.1372907992159,13.7518271244025,12.5193319499818,13.5176531873702,13.7474723214355,13.7188866953122,14.089213203674,14.2596817683487,14.3889324931965,14.6143115994133,14.8209879215551,15.1295093052656,15.48331275005,15.7970594572106,16.1512986670087,16.4610611323891,16.3635528612106,16.2579753056731,17.4774800995387,18.8232988852764,19.5763129658092,20.0438853130485,19.7125240906962,18.9383806650285,19.1530324450665,19.2520697352434,19.0603535637878
"Vulnerable employment, total (% of total employment) (modeled ILO estimate)",SL.EMP.VULN.ZS,Belarus,BLR,..,..,..,..,..,..,..,..,..,..,..,..,..,..,..,..,..,..,..,..,..,..,..,..,..,..,..,..,..,..,..,14.5300338890137,14.5669086626233,14.7799734714002,15.0229808757046,15.2309187156821,15.3480618526483,15.2819928361265,15.0641164440053,14.7388906361652,14.3399662468984,13.9129666484702,13.4181887469403,12.8875349350624,12.262457855066,11.602798023298,10.916022406036,10.2410612154294,9.57004451248077,9.0254434130304,8.50813685974614,8.07892620341935,7.74025905851783,7.52722786338655,7.36243402690636,7.32461595766971,7.33475298887525,7.56520732476061,7.36042971624877,7.22194189675353,6.90679247349712,6.85199093646948,6.79840537714345,6.6337809269145,6.48684109059199
"Vulnerable employment, total (% of total employment) (modeled ILO estimate)",SL.EMP.VULN.ZS,Belgium,BEL,..,..,..,..,..,..,..,..,..,..,..,..,..,..,..,..,..,..,..,..,..,..,..,..,..,..,..,..,..,..,..,14.2738111833767,14.804195040143,14.7795216245199,14.5776861255433,14.7581072498794,14.7792561094709,14.0808251037836,14.0930578651431,14.0825044116991,12.9895192091229,12.2839866596732,12.3909121381813,12.1117982576862,11.7395118352569,12.1211749323843,11.943339157244,11.6504112164888,11.1508952327056,11.6246512514305,11.2169351101363,11.1961464245777,11.1800307829145,11.7679995990123,11.4119763142117,11.8331425031293,11.5346780240955,11.2481162271304,11.3249224721346,11.4287139671142,12.0079997422103,11.1278951534833,11.6307275986444,11.2062097881447,11.1420404644543
"Vulnerable employment, total (% of total employment) (modeled ILO estimate)",SL.EMP.VULN.ZS,Belize,BLZ,..,..,..,..,..,..,..,..,..,..,..,..,..,..,..,..,..,..,..,..,..,..,..,..,..,..,..,..,..,..,..,31.1172791391799,31.0509935360306,31.009865470852,31.0739670666643,31.0729819514367,32.2764722327287,32.0151033386327,31.697002301324,31.3317272208219,30.7733361102795,30.3947722655963,30.0394364858765,29.8285989077044,29.4763317852375,29.1291067570587,29.010867377742,29.0113219123583,28.9550619644762,29.14804964539,29.2514392114658,29.2729665268525,29.4736591897695,29.5220995530427,23.8619955369515,26.1975170874599,27.677132314742,29.9251838211623,26.0585898586907,29.9801961851599,30.7179468269479,30.2632350736784,30.0678852520256,30.1745007060722,29.9971688319859
"Vulnerable employment, total (% of total employment) (modeled ILO estimate)",SL.EMP.VULN.ZS,Benin,BEN,..,..,..,..,..,..,..,..,..,..,..,..,..,..,..,..,..,..,..,..,..,..,..,..,..,..,..,..,..,..,..,86.3491096514323,86.2261005004833,86.1382490350157,85.8319987218243,85.7591761575164,85.6390453584629,85.5030124973078,85.3912691105302,85.2641318164402,85.099520546505,84.9369132435693,84.7745670205795,84.624823905217,84.4972186270667,84.3892962600202,84.3041154716285,84.1902733111942,84.0668998460186,83.9609874641825,83.8616063719703,83.7602116727129,83.6427278353874,83.4485053544751,83.2375636037583,83.0559753050062,82.8341870245721,82.5652532589345,82.2529102241123,81.9076739365036,82.1676930663402,80.7635209470087,79.5320545684629,79.2295047303335,78.9223077483473
"Vulnerable employment, total (% of total employment) (modeled ILO estimate)",SL.EMP.VULN.ZS,Bermuda,BMU,..,..,..,..,..,..,..,..,..,..,..,..,..,..,..,..,..,..,..,..,..,..,..,..,..,..,..,..,..,..,..,..,..,..,..,..,..,..,..,..,..,..,..,..,..,..,..,..,..,..,..,..,..,..,..,..,..,..,..,..,..,..,..,..,..
"Vulnerable employment, total (% of total employment) (modeled ILO estimate)",SL.EMP.VULN.ZS,Bhutan,BTN,..,..,..,..,..,..,..,..,..,..,..,..,..,..,..,..,..,..,..,..,..,..,..,..,..,..,..,..,..,..,..,77.9044760351643,77.4403197428156,76.9592073382574,76.5085441857748,75.9881552476322,75.500580480611,75.0645176784989,74.6601785229432,74.1835549774526,73.7811075642797,73.3124241819327,72.7929427430093,72.2875858899967,71.8195795256276,71.3485770752317,70.9298901199584,70.3763800172221,70.0203718491226,69.6361822537241,69.0949937782355,70.8986195401706,70.8006337502851,70.8867128653209,71.001889659892,72.7974166519113,72.3010157738819,71.8541957754582,71.5103665115848,70.7341889791536,70.5357213333439,70.1985949024013,69.8527722495481,69.7129058637769,69.4010973350435
"Vulnerable employment, total (% of total employment) (modeled ILO estimate)",SL.EMP.VULN.ZS,Bolivia,BOL,..,..,..,..,..,..,..,..,..,..,..,..,..,..,..,..,..,..,..,..,..,..,..,..,..,..,..,..,..,..,..,74.1666052370772,73.8623294504926,73.6633307017892,73.4107026417272,73.0801208363526,72.7443089077086,72.4625340648728,72.287787664475,72.0436771177632,71.9102148708161,71.717652811025,71.3428845346001,68.6845799150333,68.398786494882,68.1334015628131,69.0915700718119,65.4201974637439,65.4125948848405,63.8124807589565,64.6038081087248,65.3774636104482,63.1116316927195,65.3711622818641,65.435299536553,67.3596828992072,67.1344421590832,65.6688233715507,65.7380978893668,64.1768785065462,66.6040077034208,66.0892897307924,64.3683028020439,63.0558406178017,62.9291042346411
"Vulnerable employment, total (% of total employment) (modeled ILO estimate)",SL.EMP.VULN.ZS,Bosnia and Herzegovina,BIH,..,..,..,..,..,..,..,..,..,..,..,..,..,..,..,..,..,..,..,..,..,..,..,..,..,..,..,..,..,..,..,32.4110982540858,32.2441395881646,31.9402768593495,31.4548744146445,30.8272763747915,29.7836868818534,28.6637887575405,27.5902557837615,26.6785546434331,25.9519923685177,25.3523991122073,24.8594721106189,24.3913313581564,24.0554200208202,23.8791765784336,23.4502617844482,23.2473668340156,23.5887710390077,24.0241823435314,22.7391560897902,21.9984883178852,23.4356975865313,21.5435954936195,19.5240260450518,21.2715458578249,21.1268396554957,20.4469856354411,17.4979127339041,20.1335197548125,19.8216011990422,19.5183823626158,19.1427374707394,18.7797277887073,18.4396981436429
"Vulnerable employment, total (% of total employment) (modeled ILO estimate)",SL.EMP.VULN.ZS,Botswana,BWA,..,..,..,..,..,..,..,..,..,..,..,..,..,..,..,..,..,..,..,..,..,..,..,..,..,..,..,..,..,..,..,17.7749341362439,17.4993127233649,17.3628065818069,17.2691378658155,17.1252070563361,16.9777930941343,17.5140329969005,18.0804779888982,18.5603229028305,19.0640689955681,19.6364063325571,20.2713115220149,20.955375213692,21.7300608710674,22.5683545240285,23.4361959954333,24.8356756825413,26.2304957400532,27.7262240003954,27.9458735238199,28.0679948928725,28.2772779508163,28.3779700551793,28.0810648805542,27.8992610465993,27.666946873579,27.4501623176658,27.2376845428069,27.0474161138017,26.6076463672212,26.1144689851688,25.9268497368709,25.7590725645829,25.6678904706611
"Vulnerable employment, total (% of total employment) (modeled ILO estimate)",SL.EMP.VULN.ZS,Brazil,BRA,..,..,..,..,..,..,..,..,..,..,..,..,..,..,..,..,..,..,..,..,..,..,..,..,..,..,..,..,..,..,..,30.6005417135126,30.8126143182468,30.8154167069379,30.6087472333568,30.4797732205289,29.4280666436194,29.8052780965293,29.9026533951689,30.4651119441301,30.2047258950805,29.9897609694399,30.0866840763169,30.1785257482827,29.6901297706027,29.6544876944097,28.6572677191098,28.2495822888988,26.4611469990898,26.162873506076,25.8550019135957,25.5304982941098,25.3469708350551,25.4302488749907,25.3338754286233,26.2570850324328,26.6500334165773,26.9085129573391,27.1841141875625,27.6011508281783,27.9396077371374,29.3798050062589,27.8044136163908,27.0083134719641,26.3285463035743
"Vulnerable employment, total (% of total employment) (modeled ILO estimate)",SL.EMP.VULN.ZS,British Virgin Islands,VGB,..,..,..,..,..,..,..,..,..,..,..,..,..,..,..,..,..,..,..,..,..,..,..,..,..,..,..,..,..,..,..,..,..,..,..,..,..,..,..,..,..,..,..,..,..,..,..,..,..,..,..,..,..,..,..,..,..,..,..,..,..,..,..,..,..
"Vulnerable employment, total (% of total employment) (modeled ILO estimate)",SL.EMP.VULN.ZS,Brunei Darussalam,BRN,..,..,..,..,..,..,..,..,..,..,..,..,..,..,..,..,..,..,..,..,..,..,..,..,..,..,..,..,..,..,..,4.78458799126237,4.82302260514278,4.96466688991353,5.09021795063327,5.1242983159583,5.08950236838229,5.03125796440939,5.21424733915114,5.10226306655706,4.86064341449145,4.94517435542823,4.90293471085504,4.76737722426597,4.66723970811464,4.61068993467792,4.57239528643099,4.6622816080079,4.71364066421542,5.03635287416657,5.1130285958782,5.05668177462939,5.11589754445385,5.23475023076081,5.27238784861685,5.59023357820959,5.86234076635562,6.09216389412937,4.80454565288006,6.26820275175392,6.96413698142095,5.3964548566241,4.47760509577508,4.68981346054319,4.58117461209955
"Vulnerable employment, total (% of total employment) (modeled ILO estimate)",SL.EMP.VULN.ZS,Bulgaria,BGR,..,..,..,..,..,..,..,..,..,..,..,..,..,..,..,..,..,..,..,..,..,..,..,..,..,..,..,..,..,..,..,10.7078788604254,10.8618749598863,11.0176289733346,11.0537440392667,11.0924491249058,10.9394897736924,10.8240261416595,10.8982120202447,11.0844171840518,11.1689950089748,10.4385380740709,10.3993883512088,10.8885126152146,10.839671538911,9.38608748156539,8.51538041706174,7.96242010565837,7.733419506595,7.69517503892675,7.89619663400265,7.4271539999785,7.02975743224076,7.04322057293975,7.58178661678736,7.33814278119531,6.87889849126132,7.07666823445945,7.24219599415064,6.86506059610062,6.48061532890651,6.77351860435608,6.96782186020414,7.18531662064668,7.06830714562182
"Vulnerable employment, total (% of total employment) (modeled ILO estimate)",SL.EMP.VULN.ZS,Burkina Faso,BFA,..,..,..,..,..,..,..,..,..,..,..,..,..,..,..,..,..,..,..,..,..,..,..,..,..,..,..,..,..,..,..,84.0287625806172,83.9323404001816,83.8410353861524,83.7306706238745,83.6366172421494,83.4302815028432,83.1537426716761,82.85773049817,82.5526720116889,82.3105129959874,82.0517142677218,81.8094359422728,81.5241908520532,81.3000849766232,81.0548301952539,80.7949615885477,80.7723427263906,80.7978165965944,80.836046803148,80.8078833988332,80.7717657551426,80.7736607557773,80.7933698090045,80.7951997210481,80.817784226981,80.829109098257,80.8230232927942,80.795201571007,80.7952050630334,82.1006632824973,81.3079684620804,80.7951990517066,80.7952002997066,80.7952074169716
"Vulnerable employment, total (% of total employment) (modeled ILO estimate)",SL.EMP.VULN.ZS,Burundi,BDI,..,..,..,..,..,..,..,..,..,..,..,..,..,..,..,..,..,..,..,..,..,..,..,..,..,..,..,..,..,..,..,85.6714755048567,85.6504097320811,85.6874546678611,85.7735840296142,86.0596833106896,86.418413976439,86.6859154198875,86.8232166905217,86.9470072662565,87.0530770447714,87.156097807648,87.1542917399443,87.1729815355573,87.1778888523295,87.1622421559675,87.148628276687,87.1014182361404,87.0828494926995,87.0228248578009,86.998386174983,86.9381200861101,86.8255774927058,86.6975231005543,86.5542057118003,86.1758448110596,85.800721928781,85.4434159482099,85.0882632896767,84.7377561639709,84.3286574301882,83.781812737099,83.7816742288047,83.7853771767574,83.7288396480612
"Vulnerable employment, total (% of total employment) (modeled ILO estimate)",SL.EMP.VULN.ZS,Cabo Verde,CPV,..,..,..,..,..,..,..,..,..,..,..,..,..,..,..,..,..,..,..,..,..,..,..,..,..,..,..,..,..,..,..,48.5074558803411,48.0574256542868,47.7447409240637,47.0487748910023,46.3708201630344,45.5034081747331,44.7579549631619,43.9281744602909,43.1408149663303,42.2388908000419,41.665936057046,41.1954662104363,40.6801630718841,40.2253111779605,39.8819119647062,39.503242542153,38.9466538942213,38.2738546888411,37.8238817476002,37.536904259806,37.2714501837043,37.0748444748488,36.8725868725869,36.7319047443157,36.5856223446767,36.4977176137258,36.2780673511552,36.4917051641414,35.7537600559636,36.3314898708783,35.9508466956392,35.4300331057859,35.072656923975,34.6751937431897
"Vulnerable employment, total (% of total employment) (modeled ILO estimate)",SL.EMP.VULN.ZS,Cambodia,KHM,..,..,..,..,..,..,..,..,..,..,..,..,..,..,..,..,..,..,..,..,..,..,..,..,..,..,..,..,..,..,..,62.9344795635082,62.8964026642746,62.8733711494335,62.899420035547,62.9322412815576,62.8747713645069,62.6250772301556,62.4108548973972,62.1818683966817,61.7698079239569,60.2233259229859,59.8599085179104,59.502757643048,59.1116971745853,58.7487709772473,58.3368108249381,58.0096490355929,57.7287307152963,57.3777005821421,57.003354482368,56.6315771694773,56.2800241776482,55.9055748887973,55.5505649063301,55.1735387706775,54.7909197696648,54.4251241530486,54.0217305096052,53.6343183294795,53.7591195524134,53.347560114545,53.0609368327681,52.8614074933367,52.5935263291712
"Vulnerable employment, total (% of total employment) (modeled ILO estimate)",SL.EMP.VULN.ZS,Cameroon,CMR,..,..,..,..,..,..,..,..,..,..,..,..,..,..,..,..,..,..,..,..,..,..,..,..,..,..,..,..,..,..,..,82.2620945439657,82.3617645519084,82.540577520469,82.5677270125349,82.6096322232769,82.4831525058971,82.3611345133706,82.1677589883924,81.9244048571421,81.6120670518842,81.4098475439436,81.0743723032583,80.7309806027482,80.3999439817785,80.0345927812019,79.6338638157894,79.2592045903489,78.5622228316091,77.9394072738217,77.2990131783781,76.6673090708565,75.9598247679606,75.2625574716895,74.5631034668067,73.5754353091425,72.6209894940485,71.6542099172547,70.6635008051378,69.7334962750829,69.7020286425947,68.4733890637704,68.179843923416,68.0402482666017,67.8499441274611
"Vulnerable employment, total (% of total employment) (modeled ILO estimate)",SL.EMP.VULN.ZS,Canada,CAN,..,..,..,..,..,..,..,..,..,..,..,..,..,..,..,..,..,..,..,..,..,..,..,..,..,..,..,..,..,..,..,8.26800281387812,8.72336946224343,9.27330244471301,9.3952935431378,9.47409140776172,10.1345204811806,11.1471078094724,11.4235573938173,11.1991167185189,10.5817136711841,9.97770323825117,10.068638001273,10.2960878366073,10.1718151634988,10.2342993793429,10.1525051503232,10.37158028412,10.3617593790161,10.9266042912179,10.6878070281103,10.5574230803548,10.5806462430706,10.5840958560203,10.5338625064916,10.4742872426478,10.5169734593256,10.519904241659,10.6070279931613,10.5665118443442,11.0283731309203,10.1115983026295,9.78435526150716,9.46796503398798,9.62271461548484
"Vulnerable employment, total (% of total employment) (modeled ILO estimate)",SL.EMP.VULN.ZS,Cayman Islands,CYM,..,..,..,..,..,..,..,..,..,..,..,..,..,..,..,..,..,..,..,..,..,..,..,..,..,..,..,..,..,..,..,..,..,..,..,..,..,..,..,..,..,..,..,..,..,..,..,..,..,..,..,..,..,..,..,..,..,..,..,..,..,..,..,..,..
"Vulnerable employment, total (% of total employment) (modeled ILO estimate)",SL.EMP.VULN.ZS,Central African Republic,CAF,..,..,..,..,..,..,..,..,..,..,..,..,..,..,..,..,..,..,..,..,..,..,..,..,..,..,..,..,..,..,..,78.6163798163214,78.867494341487,79.0826078804502,79.24541202968,79.2677513070995,79.407979811192,79.4564948296547,79.4325064422252,79.4207014281314,79.4313525126893,79.3936330445058,79.3369971709975,79.3830827779227,79.373941309301,79.3888598021385,79.3420869490166,79.26758988808,79.2183088908587,79.04994363922,78.8551246248174,78.6211913372407,78.3627815713425,78.9416720643146,79.3817097319019,79.6020025399142,79.7275971608616,79.7491798950881,79.690565001594,79.5560195545725,80.3531262833705,79.8311116998482,79.7145777633579,79.5870849025493,79.5008802148857
"Vulnerable employment, total (% of total employment) (modeled ILO estimate)",SL.EMP.VULN.ZS,Chad,TCD,..,..,..,..,..,..,..,..,..,..,..,..,..,..,..,..,..,..,..,..,..,..,..,..,..,..,..,..,..,..,..,94.7185491214003,94.5894683167722,94.8032942880211,94.8122879135375,94.8225736857413,94.8455099493355,94.7800034320781,94.6180566544783,94.5056726371722,94.468900635742,94.2626901912917,94.0136655133053,93.6480237407132,92.8530016680432,92.1121987363261,91.536749069184,91.1208137619633,90.8353423881989,90.7542098533414,90.4538375496253,90.2648038182054,90.0903958186481,90.0592776652026,89.8914112441496,89.7647452724175,89.9028795974783,90.1058284991472,89.959194458676,90.0631793376349,90.5674811443671,89.9933634890617,89.9818572181358,90.1074267881898,90.175386856805
"Vulnerable employment, total (% of total employment) (modeled ILO estimate)",SL.EMP.VULN.ZS,Channel Islands,CHI,..,..,..,..,..,..,..,..,..,..,..,..,..,..,..,..,..,..,..,..,..,..,..,..,..,..,..,..,..,..,..,5.94017628305307,5.86974881916857,5.78083057003,5.64797149209252,5.5012949730084,5.34780798470292,5.1518149303706,4.95218425896826,4.75721591911116,4.615184419415,4.50285452646339,4.41559921918413,4.32526197551578,4.24878676834703,4.17319968641505,4.10418856858297,4.02870057727917,3.99091324569186,4.05696731251179,4.18096225963456,4.26655613643352,4.4377907287601,4.56822870615974,4.62944406589442,4.67934868525057,4.70527068304413,4.69052038660949,4.65993215037897,4.6051892620465,4.84951517441128,4.55477282045548,4.4328936399745,4.32591606909638,4.22875752491858
"Vulnerable employment, total (% of total employment) (modeled ILO estimate)",SL.EMP.VULN.ZS,Chile,CHL,..,..,..,..,..,..,..,..,..,..,..,..,..,..,..,..,..,..,..,..,..,..,..,..,..,..,..,..,..,..,..,23.5905992067017,23.1897518159105,22.9092667519167,22.6362119614534,22.3883412869365,22.2255430807655,22.0295144847792,21.9031822878644,21.8456182404067,21.7595433210313,21.6490768553765,21.5686560496095,21.4646255257433,21.2191814264433,20.9831423537935,20.6557737731495,20.4238694012793,20.2827253700611,20.1151139848596,19.9468654027448,19.9359022365088,19.1568100362915,19.1954319216634,19.9398426850485,19.8407454018785,20.6669999520745,21.1846815872184,20.9748274850116,20.8479397366575,21.745295695875,21.8411063330398,21.3956019718851,21.4932685385367,21.0556071151613
"Vulnerable employment, total (% of total employment) (modeled ILO estimate)",SL.EMP.VULN.ZS,China,CHN,..,..,..,..,..,..,..,..,..,..,..,..,..,..,..,..,..,..,..,..,..,..,..,..,..,..,..,..,..,..,..,53.8463592830897,53.2620124728345,52.6050872292677,51.8926163446178,51.1780757632866,50.4855938191321,49.8313503518869,49.2103022382145,48.6147652112058,48.0183372305775,47.3799724526367,46.7012672338196,45.9882105974691,45.236003901082,44.4697322649126,43.6722793357819,42.8299922600966,42.013887418356,41.2417335404196,40.4867143485093,39.7731246435059,39.1144990738399,38.4984455583427,37.9179011645414,37.3670101435152,36.8378037904124,36.3236704322757,35.8183526295519,35.3216676043777,35.3997429816079,35.0980643322894,34.6621398489615,34.2291488221934,33.8046637980516
"Vulnerable employment, total (% of total employment) (modeled ILO estimate)",SL.EMP.VULN.ZS,Colombia,COL,..,..,..,..,..,..,..,..,..,..,..,..,..,..,..,..,..,..,..,..,..,..,..,..,..,..,..,..,..,..,..,40.6762497956819,40.6174780683632,40.578127257562,39.982306078323,40.0553565758796,39.8469757961667,39.631529420585,39.7751750351097,39.6825257793984,39.6947238074318,39.5025261341302,39.2319596807969,39.1509163416715,39.5036500590418,37.8189943745979,39.5765975647162,39.1535655916994,43.5757789928962,45.3076775787095,45.0367623889033,45.3860305633174,44.8925726233459,44.3647499163015,43.9321252809496,43.7094749790026,43.9457077672816,43.9907710532752,44.2544216354014,42.7650120334878,44.3625992423816,44.5307458332975,44.2221914558041,43.7977677955096,43.0996846865936
"Vulnerable employment, total (% of total employment) (modeled ILO estimate)",SL.EMP.VULN.ZS,Comoros,COM,..,..,..,..,..,..,..,..,..,..,..,..,..,..,..,..,..,..,..,..,..,..,..,..,..,..,..,..,..,..,..,67.0976816879395,67.0909313425529,67.0701764978164,67.1711361472548,67.1956275176972,67.2495305955419,67.2446176934185,67.2252172141018,67.1933001358081,67.059726917272,66.8223332758918,66.5446405278261,66.2623980740216,65.9606279591328,65.123059242748,64.2727562180213,63.4335154826958,62.6145926619678,61.8185042395423,60.9705574010685,60.1178495199061,59.2840809146878,58.4275832399325,57.6101201410327,57.586844852356,57.5428510073403,57.4843074315767,57.3912740906343,57.3159688493011,57.6831543825804,57.1741859318259,57.1175867496498,57.0393345551953,56.9629976645333
"Vulnerable employment, total (% of total employment) (modeled ILO estimate)",SL.EMP.VULN.ZS,"Congo, Dem. Rep.",COD,..,..,..,..,..,..,..,..,..,..,..,..,..,..,..,..,..,..,..,..,..,..,..,..,..,..,..,..,..,..,..,78.8096064242449,79.2754823970519,79.8670970324458,80.4381291303924,80.8774357712398,81.0593575645635,81.4476960199311,81.663119917072,81.8802430701845,82.0534443127514,82.1967326072483,82.2814228365983,82.3252136529488,82.1971145734119,82.0274461122515,81.8416962420385,81.6006030687386,81.3170045233249,81.1513347191468,80.9426016930631,80.7669846578697,80.6400587885107,80.7675097625104,80.8663516811374,80.9942726162592,81.2064459829885,81.4444151093784,81.6591653778133,81.9502345225141,83.0786328052548,82.5934626014836,82.3220896871642,82.0686837854649,81.7794298733388
"Vulnerable employment, total (% of total employment) (modeled ILO estimate)",SL.EMP.VULN.ZS,"Congo, Rep.",COG,..,..,..,..,..,..,..,..,..,..,..,..,..,..,..,..,..,..,..,..,..,..,..,..,..,..,..,..,..,..,..,79.1778333255979,79.1571995633239,79.1363742818276,78.9378557610593,78.925857634444,78.6105725027537,78.4824579267336,78.6180634676507,78.1440887600504,77.589734333737,77.476448400477,77.3425873972336,77.198746157092,76.9496882169668,77.061810866142,76.7474912404379,76.8876594901773,76.4763978700848,76.5536860023096,75.886426716713,75.6943487180997,75.4528127319151,75.3534763988312,75.3052979669075,75.4905990090387,75.892202592545,75.7871459411284,75.5737050723614,75.8302606009268,76.8075559992808,76.2130893941425,75.9833630298331,76.1059854038104,76.0224141017992
"Vulnerable employment, total (% of total employment) (modeled ILO estimate)",SL.EMP.VULN.ZS,Costa Rica,CRI,..,..,..,..,..,..,..,..,..,..,..,..,..,..,..,..,..,..,..,..,..,..,..,..,..,..,..,..,..,..,..,33.0395891216485,30.8291288468627,30.7539674188016,28.9972836078612,30.0655002411195,29.3006325478966,30.2947350150258,28.7193305128961,28.4905637433727,28.22203439819,28.0625082014914,28.7288276392763,26.8838561691876,28.1598751397948,26.0154200192253,26.5230861977778,24.652112632804,24.5906131158125,24.5211458632142,23.8317143711872,23.6826340732098,24.9781285769893,27.2362890193681,26.6272496600503,26.5333002960316,24.8440335030415,24.492541574141,24.6291977643677,25.2783664801008,25.7975182166931,25.4165880205252,24.8774870081078,23.7673101793058,23.5985805149926
"Vulnerable employment, total (% of total employment) (modeled ILO estimate)",SL.EMP.VULN.ZS,Cote d'Ivoire,CIV,..,..,..,..,..,..,..,..,..,..,..,..,..,..,..,..,..,..,..,..,..,..,..,..,..,..,..,..,..,..,..,81.0320705322786,81.0793232765786,81.1184099939558,81.1800822666465,81.096261445787,80.9275601442493,80.5506411434275,80.3806098044618,80.1505456997365,80.0593692209323,80.1828797157392,80.1512714068716,80.183504808044,80.1617481615116,80.1362493378695,79.9846875006817,79.8555069716699,79.6052882972561,79.0661801742685,78.6679641701152,78.3453576928986,77.9447888641947,75.8313713974169,74.5592847189172,73.3441705576149,72.0563509033746,72.6860894072429,71.6948683588411,70.6320372605902,71.4382740457868,70.8756847520827,70.4359456335626,70.107152568218,69.7788944609996
"Vulnerable employment, total (% of total employment) (modeled ILO estimate)",SL.EMP.VULN.ZS,Croatia,HRV,..,..,..,..,..,..,..,..,..,..,..,..,..,..,..,..,..,..,..,..,..,..,..,..,..,..,..,..,..,..,..,22.2431488250257,22.6294060469637,23.0189116043149,23.386760168008,23.6838596899134,23.4391218959095,21.0517421063009,19.4052874817005,19.7518470759705,18.7572582697041,19.2106175671505,18.8553240835931,17.9954018125196,16.8198707280257,15.9313819370963,15.0829625243061,14.4034346133468,13.868017725592,13.7971496126171,14.0006183454706,13.9205861766417,13.0006182746613,11.9877155799797,11.5533416163129,11.6176097114994,10.6718427435921,10.1271482605111,9.65604560814809,9.22176837984446,8.84463748328568,8.80305500920385,7.98545624115734,7.24937678198308,6.68213638870389
"Vulnerable employment, total (% of total employment) (modeled ILO estimate)",SL.EMP.VULN.ZS,Cuba,CUB,..,..,..,..,..,..,..,..,..,..,..,..,..,..,..,..,..,..,..,..,..,..,..,..,..,..,..,..,..,..,..,5.87331891586904,6.18715214647762,6.59642459544203,6.32196710752488,6.28728710955624,6.04017827309259,6.87250227154748,7.82495514207828,9.01681438033312,9.43603939389983,10.4119549736886,10.4410248365855,11.2760042430888,11.5007795422568,11.2359419548723,10.1685794272976,9.59554726280699,9.79229088401852,9.36291840346313,9.47516549760378,14.8255467500509,16.3596336890655,17.2283529136258,18.3683679723168,19.4088398321664,20.3468481512906,21.3144886466382,21.2662835521349,21.3959678962647,21.0584273271116,20.512754835402,20.2362786108614,19.4115163087813,19.3809756587455
"Vulnerable employment, total (% of total employment) (modeled ILO estimate)",SL.EMP.VULN.ZS,Curacao,CUW,..,..,..,..,..,..,..,..,..,..,..,..,..,..,..,..,..,..,..,..,..,..,..,..,..,..,..,..,..,..,..,..,..,..,..,..,..,..,..,..,..,..,..,..,..,..,..,..,..,..,..,..,..,..,..,..,..,..,..,..,..,..,..,..,..
"Vulnerable employment, total (% of total employment) (modeled ILO estimate)",SL.EMP.VULN.ZS,Cyprus,CYP,..,..,..,..,..,..,..,..,..,..,..,..,..,..,..,..,..,..,..,..,..,..,..,..,..,..,..,..,..,..,..,20.4692552068933,19.8977389687573,19.5305064454462,19.2271730762571,18.9244502390717,18.8187849019688,18.76103986827,18.6126748217694,18.5391889850864,18.0952853340136,17.1633550390502,17.3845773796367,17.951434397913,16.6563814061625,15.8301236079999,15.149468948366,14.2527033696774,14.4003985663292,14.6282581566313,13.8284223657228,13.4184575450116,12.4992706479563,13.51956104273,14.1834031373325,12.6110111615334,12.4756636055831,11.0948430668008,11.1081555567378,11.712463383962,11.9814251748547,9.90363120896757,9.17234429114858,8.89235893368108,8.06977947828762
"Vulnerable employment, total (% of total employment) (modeled ILO estimate)",SL.EMP.VULN.ZS,Czechia,CZE,..,..,..,..,..,..,..,..,..,..,..,..,..,..,..,..,..,..,..,..,..,..,..,..,..,..,..,..,..,..,..,6.62155653465217,6.92613253917158,7.23376261611347,7.86815321713073,8.70114122134475,8.70477798720375,8.86970823755119,10.1120514026015,10.9218442569883,10.8357113444229,11.1566883721244,11.9528043882803,12.9795011537138,12.840144275933,12.3014425343978,12.0826808992441,12.4362621742137,12.5501674241936,13.0458559092726,14.0797235420596,14.439152640993,15.0290537676357,14.1893047184708,14.5358283738005,13.814761325026,14.020032806256,13.9833291322777,13.8169342651411,13.7726275771591,14.0265417271519,13.2478426636467,13.9586071672468,14.0228953824832,13.6300707691189
"Vulnerable employment, total (% of total employment) (modeled ILO estimate)",SL.EMP.VULN.ZS,Denmark,DNK,..,..,..,..,..,..,..,..,..,..,..,..,..,..,..,..,..,..,..,..,..,..,..,..,..,..,..,..,..,..,..,8.85448914040698,8.77930207219032,8.78220223099015,7.98075750039883,7.61133556944656,7.35342177742249,7.41290229063722,7.60641367498529,7.18565642504732,7.00491848556738,6.75119349535427,6.72680108691514,6.90992311450539,6.64935682584885,6.68749782807631,6.71601719134701,6.61611478598187,6.68014800119571,7.12273187497846,6.72239979592655,6.67412441701192,6.81047707715329,6.67482935147129,6.55669017617905,6.49450081271859,6.43907336030118,6.05645767354857,5.87842099646873,5.9695081479189,6.22578684985061,6.26723614047401,5.75716058671048,5.69211349548988,5.56313097612034
"Vulnerable employment, total (% of total employment) (modeled ILO estimate)",SL.EMP.VULN.ZS,Djibouti,DJI,..,..,..,..,..,..,..,..,..,..,..,..,..,..,..,..,..,..,..,..,..,..,..,..,..,..,..,..,..,..,..,32.9830225679585,33.177130093941,33.2920722444157,33.5694206526991,33.669510405912,33.9131536171919,34.1445397879058,34.3903119916058,34.5715048664377,34.6923739270148,34.7713693869515,34.7652793741886,34.6991274615744,34.5986907359651,34.4288010988497,34.2685447155092,33.9591533605644,33.5864105496287,33.470612377758,33.2780186272273,33.0508302888284,32.8597704483575,32.5508980491767,32.2748351683019,31.9445900688923,31.5839953672704,31.155627317731,30.7466394260905,30.3354144829786,31.2678517037062,30.8966763731299,30.6597171951161,30.4283542180045,30.3588679012599
"Vulnerable employment, total (% of total employment) (modeled ILO estimate)",SL.EMP.VULN.ZS,Dominica,DMA,..,..,..,..,..,..,..,..,..,..,..,..,..,..,..,..,..,..,..,..,..,..,..,..,..,..,..,..,..,..,..,..,..,..,..,..,..,..,..,..,..,..,..,..,..,..,..,..,..,..,..,..,..,..,..,..,..,..,..,..,..,..,..,..,..
"Vulnerable employment, total (% of total employment) (modeled ILO estimate)",SL.EMP.VULN.ZS,Dominican Republic,DOM,..,..,..,..,..,..,..,..,..,..,..,..,..,..,..,..,..,..,..,..,..,..,..,..,..,..,..,..,..,..,..,42.3225893453521,44.4851478853954,42.2232403448041,40.2316412215208,41.7751622652095,41.5202266120037,41.4181118654431,41.1334302100715,40.9301741665856,40.7529364085715,41.861278737063,42.9270623669616,42.6196055423448,39.9771457861221,42.3268045254673,42.2103251198022,41.6235307168869,43.4449059410538,43.3235650160691,44.2745807136213,43.979319665625,43.1866294693224,41.57228015607,42.0145419412377,41.8023558515016,40.3159474305724,41.167137383215,40.7196750004788,39.1934937252814,40.1302140656107,40.6228579854727,39.5146130896028,38.3000462029361,38.1468891397098
"Vulnerable employment, total (% of total employment) (modeled ILO estimate)",SL.EMP.VULN.ZS,Ecuador,ECU,..,..,..,..,..,..,..,..,..,..,..,..,..,..,..,..,..,..,..,..,..,..,..,..,..,..,..,..,..,..,..,46.569697614153,47.4702225434513,46.8515469959428,45.9929981088177,46.072050445073,47.2489872309996,45.2823377344189,46.1529357061335,46.1625289448336,46.2071111504194,46.2254292963344,44.8914566839693,43.553466726099,45.8390658599015,43.821238031438,43.527849257882,43.3251010467954,42.7212946625026,44.3727266255032,43.9038963484365,45.8688301301088,45.6248513660559,44.9686893230082,42.7447296073432,44.8841060781396,48.6177906465896,49.6750648985681,50.2721553528032,51.7228762159523,52.0343211366706,52.1511278170763,50.972290649321,48.6267465931014,50.1616765821744
"Vulnerable employment, total (% of total employment) (modeled ILO estimate)",SL.EMP.VULN.ZS,"Egypt, Arab Rep.",EGY,..,..,..,..,..,..,..,..,..,..,..,..,..,..,..,..,..,..,..,..,..,..,..,..,..,..,..,..,..,..,..,20.4516805635983,20.2575416338376,20.5312353658559,19.1251919188961,18.2385365212143,17.9435433406455,17.4984986341697,16.4972000893844,15.1687118720216,15.2080365199589,12.8859939944043,14.6358912049096,16.545386030329,18.4951263285982,17.5712834047634,17.0859528233162,19.6229515877632,19.1442282719396,18.4772205998858,17.2401565791713,17.3056274608023,16.0151419528394,20.5027159795519,19.6475351963884,19.6545205453918,19.7477149647995,21.5645253336233,18.9003846679113,19.5069705952861,18.4583819298746,23.6650240780468,23.0648768584727,24.2996659219683,24.0777322521347
"Vulnerable employment, total (% of total employment) (modeled ILO estimate)",SL.EMP.VULN.ZS,El Salvador,SLV,..,..,..,..,..,..,..,..,..,..,..,..,..,..,..,..,..,..,..,..,..,..,..,..,..,..,..,..,..,..,..,37.2488998063879,37.0694884229058,36.6235948113489,39.1302208044739,38.6189332532773,39.0882849408196,38.6973940283857,38.4564751336962,38.3640187668857,38.2865693033068,38.7887876437926,39.2920381041332,37.5642014340618,36.8247979600149,38.7306991213477,36.5260765952962,37.1484872463127,37.4422270229547,37.9118651741787,37.6719454250784,37.9353765092752,37.5444353072407,37.6423762611436,35.3900603003827,36.0008841199992,35.9847365975662,36.3573999140128,34.309632917246,34.6109339052804,34.9186374995032,33.112479940051,32.0681011931043,31.5097717413482,31.1743630629028
"Vulnerable employment, total (% of total employment) (modeled ILO estimate)",SL.EMP.VULN.ZS,Equatorial Guinea,GNQ,..,..,..,..,..,..,..,..,..,..,..,..,..,..,..,..,..,..,..,..,..,..,..,..,..,..,..,..,..,..,..,47.7394070555552,46.8491410561385,45.7763065758482,44.4557335134622,42.7631437479841,40.6119862393626,37.5096358997568,34.3857821445297,31.3947404653724,28.7348425890098,26.1032243864862,23.9064568206337,22.1823658171023,20.6608247979893,19.509883650195,18.7456522535057,18.2224842927147,17.8504850990497,17.7483708114554,18.0336012781467,18.3430955190499,18.6460662460282,19.2582740274995,19.897980256908,20.6382616071889,21.4219190135816,22.1652577438764,22.8589585634576,23.4846044723443,22.944849584044,22.0823332985495,22.3571756315423,22.6366946432979,22.8477260728561
"Vulnerable employment, total (% of total employment) (modeled ILO estimate)",SL.EMP.VULN.ZS,Eritrea,ERI,..,..,..,..,..,..,..,..,..,..,..,..,..,..,..,..,..,..,..,..,..,..,..,..,..,..,..,..,..,..,..,51.5043214116489,51.4655441631479,51.2671350348735,50.8624513331033,50.5448632993805,50.2113319872789,49.8005832776384,49.5929597248349,49.4124894058557,49.3862344585435,49.2387114921834,49.1145888641549,49.1569168050533,49.1820926615635,49.1112613155463,49.1359101470659,49.085125071671,49.1416594446377,49.3029413679761,49.288282865211,49.1977309374742,49.0948503223394,49.1466391147448,48.8007551478023,48.8095273574756,48.7083929617464,48.7697282276229,48.6521574001736,48.489689111353,49.1364151445771,48.6544722191247,48.4828072897589,48.2919404115304,48.0970030474014
"Vulnerable employment, total (% of total employment) (modeled ILO estimate)",SL.EMP.VULN.ZS,Estonia,EST,..,..,..,..,..,..,..,..,..,..,..,..,..,..,..,..,..,..,..,..,..,..,..,..,..,..,..,..,..,..,..,7.97876915444343,9.30992976530227,10.6639663114926,10.5531035031214,9.98435502138561,10.2265071547347,9.92033570989981,9.31979182424147,9.29897797610479,8.78270227562203,8.6944063741719,8.4103521425541,8.42350271550969,8.46608780292106,7.89372539266762,7.53360257316794,7.25113528948554,6.9765674747005,7.40299229176776,7.5943269344032,7.70340928695606,7.78067774794745,7.73474708903476,7.64014199201175,7.56713258685905,7.49411463067851,7.53094010434105,7.33316768689812,7.17083274138434,7.33037798124594,7.08791425186999,6.83873027469106,7.00020973986588,7.09812469476047
"Vulnerable employment, total (% of total employment) (modeled ILO estimate)",SL.EMP.VULN.ZS,Eswatini,SWZ,..,..,..,..,..,..,..,..,..,..,..,..,..,..,..,..,..,..,..,..,..,..,..,..,..,..,..,..,..,..,..,38.2960845293515,37.9942991374427,37.7312660325532,37.5512222369752,37.225568202748,37.0267433637089,36.7890940374561,36.6596830419626,36.563007807643,36.4636270774082,36.3882387053667,36.2433035248994,36.1711297313874,36.012061910105,35.7778042969249,35.530909837749,35.2247209428117,35.0311879613261,34.8254928714085,34.6041578639294,34.5359121687053,34.2915566791835,34.0973155342642,33.8887494172076,33.7458734234361,33.5794506992548,32.9339506888999,32.2497320471597,31.4191919008918,31.0914093549374,30.0613307737083,29.3830998910646,28.7408919322272,28.5935386113967
"Vulnerable employment, total (% of total employment) (modeled ILO estimate)",SL.EMP.VULN.ZS,Ethiopia,ETH,..,..,..,..,..,..,..,..,..,..,..,..,..,..,..,..,..,..,..,..,..,..,..,..,..,..,..,..,..,..,..,89.1262803155683,89.442564222811,89.5412652503423,89.6060725798277,89.5981438184402,89.4682517018966,89.3486582926823,89.3487597033186,89.3387501825257,89.5735806570517,89.7201239856499,89.9072639482234,90.204888664713,90.3512078322708,90.5203343018835,90.2641768330575,89.9450870097839,89.5838767830177,89.22170873035,88.8349580144057,88.4428129524798,88.0693385117263,87.7271951584348,87.2635490033701,86.8080524689374,86.3623410416873,85.9513690600726,85.5703892314737,85.2199628039605,85.7358454393711,85.3372193352939,85.0570339605148,84.7805284836266,84.4685847333756
"Vulnerable employment, total (% of total employment) (modeled ILO estimate)",SL.EMP.VULN.ZS,Faroe Islands,FRO,..,..,..,..,..,..,..,..,..,..,..,..,..,..,..,..,..,..,..,..,..,..,..,..,..,..,..,..,..,..,..,..,..,..,..,..,..,..,..,..,..,..,..,..,..,..,..,..,..,..,..,..,..,..,..,..,..,..,..,..,..,..,..,..,..
"Vulnerable employment, total (% of total employment) (modeled ILO estimate)",SL.EMP.VULN.ZS,Fiji,FJI,..,..,..,..,..,..,..,..,..,..,..,..,..,..,..,..,..,..,..,..,..,..,..,..,..,..,..,..,..,..,..,38.3087993571246,38.0684347885891,37.8282332542827,37.5458349128295,37.2978486256861,37.0285761754444,36.9056305277299,36.8218688511424,36.6572632422438,36.6261589585762,36.613150017337,36.6779812163822,36.8559839613785,37.0284931054211,37.2990067667466,38.6898432255497,40.1228125810822,41.5702036591899,43.0398878496484,44.4772081409617,45.9255291350928,44.6829633444201,43.3325675986108,41.8954810198425,37.9055580534324,34.192259032435,33.9745797595746,33.7383489148067,33.5321126602833,34.3260327900049,33.8612658049478,33.7007790703502,33.4217455543969,33.1103450908952
"Vulnerable employment, total (% of total employment) (modeled ILO estimate)",SL.EMP.VULN.ZS,Finland,FIN,..,..,..,..,..,..,..,..,..,..,..,..,..,..,..,..,..,..,..,..,..,..,..,..,..,..,..,..,..,..,..,12.9944580706221,13.3667089675106,13.6831433180631,13.7427128090302,13.0598511259224,13.6956295735845,12.5811151585703,11.6711716480019,10.986683101421,10.6675669526415,10.1442731286854,9.96579256067057,9.82422290801625,9.55610705852668,9.55560131187563,9.97185396399102,9.86896240804827,9.27240231057814,10.2362891519733,10.6141009107943,9.95926927196694,10.0852807602088,10.3590108201427,9.99248847756953,10.9832247280087,10.5574042312685,9.94449346293616,9.83014384540746,9.98095197996488,10.2844269865134,10.5447969174707,10.3058665793875,9.76066176622248,9.45932890235544
"Vulnerable employment, total (% of total employment) (modeled ILO estimate)",SL.EMP.VULN.ZS,France,FRA,..,..,..,..,..,..,..,..,..,..,..,..,..,..,..,..,..,..,..,..,..,..,..,..,..,..,..,..,..,..,..,10.2149473364667,10.0015703370395,9.36519379032343,9.29225917008451,8.88354019668312,8.53780628169876,8.29662067737163,7.89102908486719,7.64706091052847,7.0342610491006,6.61437479707299,6.50719357421791,6.81130849064541,6.60889701166431,6.53092708744986,6.89935648014665,6.5779477693734,5.95905687141719,6.48101079417983,7.04498766493177,7.18973610593997,7.11591274294664,6.97353092197546,7.36581417536402,7.31675981502274,7.55830733165033,7.40904275870256,7.42132147130234,7.85418190336883,8.19962482332996,7.67358720252073,8.07652198227418,8.08089252177034,8.57392583835856
"Vulnerable employment, total (% of total employment) (modeled ILO estimate)",SL.EMP.VULN.ZS,French Polynesia,PYF,..,..,..,..,..,..,..,..,..,..,..,..,..,..,..,..,..,..,..,..,..,..,..,..,..,..,..,..,..,..,..,22.6779042488488,22.7575856258938,22.8836655921863,22.9882410317546,23.0861861345261,23.16555880299,22.6270167668459,22.0630088845992,21.4766318948617,20.862662518189,20.2588006122165,19.6823267236675,18.8206541753619,17.9542540249663,17.1016054304493,16.2622387996439,15.3772254999217,15.3619758168253,15.3944993422461,15.4674404262418,15.5551100195479,15.6170710434507,15.6855432328983,15.7201126541711,15.7204652504085,15.6889066605735,15.6027299121451,15.4885537756577,15.3314050901875,15.6213392737119,15.3794895715333,15.266350086981,15.1268243630588,14.9655515974095
"Vulnerable employment, total (% of total employment) (modeled ILO estimate)",SL.EMP.VULN.ZS,Gabon,GAB,..,..,..,..,..,..,..,..,..,..,..,..,..,..,..,..,..,..,..,..,..,..,..,..,..,..,..,..,..,..,..,51.9072326168269,51.5589037994743,51.1758695385621,49.7820088629822,48.4079529059585,47.0552715571074,45.7039942600949,44.3987896161809,43.2906638182038,42.2636098351978,41.2394598508389,40.2210770081787,39.1571784192348,38.0758433095262,36.9503518308077,35.8784460062229,34.7317232255808,33.6538461538462,32.5890079842234,31.5186620688345,31.4146405388246,31.2883171175831,31.1398672729,30.9866532279665,30.8291304530698,30.6897388000985,30.5870609183618,30.51469172074,30.4347159526446,30.5370037569652,29.9749260763579,29.9504601710225,29.9180194867911,29.8676002449887
"Vulnerable employment, total (% of total employment) (modeled ILO estimate)",SL.EMP.VULN.ZS,"Gambia, The",GMB,..,..,..,..,..,..,..,..,..,..,..,..,..,..,..,..,..,..,..,..,..,..,..,..,..,..,..,..,..,..,..,77.5133722812264,77.3648410451278,77.2288344130455,77.1708111091318,77.1112725090445,76.9845359967816,76.8987290667442,76.7403021808125,76.5591646695919,76.3346316620677,76.0816490468061,75.9366664425168,75.7629084075399,75.5592667595928,75.4454768923205,75.3707646812403,75.2840171852023,75.1804926796657,74.9682422945778,74.6565539387339,74.4963593253401,74.2727757710023,73.2331529096012,72.2274667120289,71.1644783238317,70.1119061988103,69.0735564119953,67.9586263648105,66.8100301760813,67.6333307360061,66.2846791706917,65.1728276108768,64.1418019599239,63.8847640469068
"Vulnerable employment, total (% of total employment) (modeled ILO estimate)",SL.EMP.VULN.ZS,Georgia,GEO,..,..,..,..,..,..,..,..,..,..,..,..,..,..,..,..,..,..,..,..,..,..,..,..,..,..,..,..,..,..,..,48.5779496616623,49.6050003920806,50.8142376864803,52.0153368894093,53.0012453484368,53.7441570187624,54.1056026897201,53.9722885895111,55.2094383374738,59.9395550984598,62.3703164021248,62.4545286318029,64.3416152937261,64.8008403156555,64.0477699508338,64.2672602987726,61.7779032768326,59.4971888238702,59.1839037427895,57.6307751183667,56.9217755948709,55.2276384593053,56.3366086415784,54.9731650387286,52.5224603854618,51.9764434116661,49.8151083245296,47.3615527217238,47.9072755468837,47.7594417630068,47.754134909331,47.2297362731509,43.5648041038313,42.9161269571572
"Vulnerable employment, total (% of total employment) (modeled ILO estimate)",SL.EMP.VULN.ZS,Germany,DEU,..,..,..,..,..,..,..,..,..,..,..,..,..,..,..,..,..,..,..,..,..,..,..,..,..,..,..,..,..,..,..,6.74638283630959,6.91988954661717,7.08217757566845,7.22454177203419,7.25996892091443,7.18440627083764,7.31891138181412,7.31308661124397,7.15785648577301,7.13832994361471,7.2312887139114,7.14923603424598,7.26307436031963,7.72229144514195,7.82880171729668,7.81580271169644,7.38982539541776,7.00175870270074,7.01772960715379,6.75517744752431,7.02180025751223,6.84590019039311,6.52421225849841,6.31938811783888,6.15334219504752,6.01011095191089,5.81126821381395,5.54823982417323,5.29598518556429,5.04590467990138,4.88659251518676,4.57471962343057,4.44476279613189,4.37006779408582
"Vulnerable employment, total (% of total employment) (modeled ILO estimate)",SL.EMP.VULN.ZS,Ghana,GHA,..,..,..,..,..,..,..,..,..,..,..,..,..,..,..,..,..,..,..,..,..,..,..,..,..,..,..,..,..,..,..,85.84585919659,84.8117210064024,83.4988597118517,82.4428565201976,81.4422322129451,80.3608502985712,79.2608785780756,78.5307538368691,77.7767338108063,77.0131263015815,76.7213194227969,76.405124621686,76.0781254479944,75.740660224742,75.3554947372309,74.9313965209772,74.6058683085686,74.2334858734083,73.9210504519872,73.5947339401619,72.7795582862609,72.1818583083342,71.7181857515887,71.2043433958207,70.7620853759152,69.1171444148456,67.2233379012015,65.3733158416716,63.604056475719,63.0803075462413,61.2622947977996,60.8654801488998,60.651477788433,60.3489010926185
"Vulnerable employment, total (% of total employment) (modeled ILO estimate)",SL.EMP.VULN.ZS,Gibraltar,GIB,..,..,..,..,..,..,..,..,..,..,..,..,..,..,..,..,..,..,..,..,..,..,..,..,..,..,..,..,..,..,..,..,..,..,..,..,..,..,..,..,..,..,..,..,..,..,..,..,..,..,..,..,..,..,..,..,..,..,..,..,..,..,..,..,..
"Vulnerable employment, total (% of total employment) (modeled ILO estimate)",SL.EMP.VULN.ZS,Greece,GRC,..,..,..,..,..,..,..,..,..,..,..,..,..,..,..,..,..,..,..,..,..,..,..,..,..,..,..,..,..,..,..,34.1118927222228,34.0512085360323,33.0874945722398,33.3089310541296,33.3094640698128,32.3971938783789,31.6814691932519,31.4960498133574,29.7804991131153,29.1819869372247,28.9488594114425,28.9611133411585,28.9353262332341,28.6709220965401,28.4891373537035,28.3875313049692,27.6783493169818,27.0325326035188,27.0498883413613,27.7991227391922,28.593242542978,29.633801745922,30.3802640344405,29.6859466470261,28.126465643969,26.7440180834744,26.809058177015,25.9179152880344,24.5538294648534,24.1689746930629,23.9321375727813,22.6635492785329,23.6681730294069,23.3564047128645
"Vulnerable employment, total (% of total employment) (modeled ILO estimate)",SL.EMP.VULN.ZS,Greenland,GRL,..,..,..,..,..,..,..,..,..,..,..,..,..,..,..,..,..,..,..,..,..,..,..,..,..,..,..,..,..,..,..,..,..,..,..,..,..,..,..,..,..,..,..,..,..,..,..,..,..,..,..,..,..,..,..,..,..,..,..,..,..,..,..,..,..
"Vulnerable employment, total (% of total employment) (modeled ILO estimate)",SL.EMP.VULN.ZS,Grenada,GRD,..,..,..,..,..,..,..,..,..,..,..,..,..,..,..,..,..,..,..,..,..,..,..,..,..,..,..,..,..,..,..,..,..,..,..,..,..,..,..,..,..,..,..,..,..,..,..,..,..,..,..,..,..,..,..,..,..,..,..,..,..,..,..,..,..
"Vulnerable employment, total (% of total employment) (modeled ILO estimate)",SL.EMP.VULN.ZS,Guam,GUM,..,..,..,..,..,..,..,..,..,..,..,..,..,..,..,..,..,..,..,..,..,..,..,..,..,..,..,..,..,..,..,14.6169457869147,14.5174182859302,14.4215949623497,14.2995413663708,14.1760294074052,14.042760679088,13.8892612950798,13.7390649440936,13.598432848483,13.435910240005,13.3022370596861,13.1867956708163,13.0744255744256,12.9383257897865,12.7865573720814,12.7098568338655,12.6571748520237,12.6020534388916,12.5558728118039,12.4935459601398,12.4470581065846,12.3899908544356,12.3168722447344,12.2362269620451,12.1596635097179,12.104845557427,12.0510383766107,12.007525764511,11.9270332900017,12.244714484784,12.100402905626,12.0656102307478,11.9910779440719,11.8902022876798
"Vulnerable employment, total (% of total employment) (modeled ILO estimate)",SL.EMP.VULN.ZS,Guatemala,GTM,..,..,..,..,..,..,..,..,..,..,..,..,..,..,..,..,..,..,..,..,..,..,..,..,..,..,..,..,..,..,..,38.3861926546805,38.2413865691153,38.1158129112248,37.9914258084775,37.9537047319523,38.0255181674384,37.9919932038884,37.9369737020552,38.6045794188019,39.2918775558137,39.1516274162191,38.9936482425336,38.850140899419,38.698606732558,38.5712908868235,38.393398033722,38.1479655415626,37.8990612845959,37.7863951627952,37.6480649165183,34.3121350585065,38.1209424194401,37.9642635784105,37.7668690948347,36.9315606033131,34.5644509123271,37.6556506995395,37.9002669743935,33.7638042762497,38.2561749030253,42.0032956311106,39.2273503942037,36.6134557678145,36.3741503175863
"Vulnerable employment, total (% of total employment) (modeled ILO estimate)",SL.EMP.VULN.ZS,Guinea,GIN,..,..,..,..,..,..,..,..,..,..,..,..,..,..,..,..,..,..,..,..,..,..,..,..,..,..,..,..,..,..,..,92.0532065347379,91.9999461960842,91.886871787754,91.8203499286269,91.7254678647608,91.5924932089342,91.43061131048,91.2804247376994,91.0818057428193,90.8758535688407,90.6754035068157,90.4135808350035,89.872816202951,89.3246750980779,88.7556387463413,88.2376770806733,87.6804570266389,87.0487685711246,86.5559665391496,85.9917587326235,85.3956055722162,84.7440962461019,84.125505252043,83.4962187620246,82.9065471890642,82.1438261339484,81.3309083625921,80.5418393048145,79.8453224769091,80.7303787513769,80.2901300152473,80.0684202516554,79.7496015595189,79.4719163463395
"Vulnerable employment, total (% of total employment) (modeled ILO estimate)",SL.EMP.VULN.ZS,Guinea-Bissau,GNB,..,..,..,..,..,..,..,..,..,..,..,..,..,..,..,..,..,..,..,..,..,..,..,..,..,..,..,..,..,..,..,78.5116010969714,78.3808103735194,78.2901255068977,78.2070536915113,78.1324029692248,77.9381188628363,77.6212927143778,77.8446377299877,77.8226216967,77.8177435274467,77.7322142710441,77.635474872943,77.5579461995001,77.5332299084217,77.4376811351414,77.3215983417592,77.2231106167003,77.0873144201088,76.9924560185316,76.8705455037593,76.6527196652719,76.522146197204,76.3904021165975,76.3314739942913,76.2372267863482,76.0732965752127,75.9133051909781,75.6874194458749,75.4967000116286,76.2602879242479,75.790843807282,75.5925501561412,75.3766530817951,75.1629870481509
"Vulnerable employment, total (% of total employment) (modeled ILO estimate)",SL.EMP.VULN.ZS,Guyana,GUY,..,..,..,..,..,..,..,..,..,..,..,..,..,..,..,..,..,..,..,..,..,..,..,..,..,..,..,..,..,..,..,33.5021576472579,33.3682763018913,33.0761326997799,32.774351193174,32.5098290496871,32.2251878683889,31.9844687497503,31.8374477231652,31.7136784378625,31.6770059252955,31.6002717559137,31.5334826985312,31.5284855813724,31.5105907675249,31.5534569328665,31.557814668325,31.4274458933026,31.2788057240912,31.1361003364847,30.9676807810642,30.7765095511267,30.5345492726779,30.3048465190617,30.0860415796032,29.8396051098844,29.4948530439238,29.0845124874353,28.6338041788469,28.4664638159168,29.4174126568418,30.0127982956804,28.2738407920907,26.708694771481,25.8194643986982
"Vulnerable employment, total (% of total employment) (modeled ILO estimate)",SL.EMP.VULN.ZS,Haiti,HTI,..,..,..,..,..,..,..,..,..,..,..,..,..,..,..,..,..,..,..,..,..,..,..,..,..,..,..,..,..,..,..,74.577649958587,74.8979251138475,74.819353683958,75.0918439785672,75.1015070683661,75.0780778649253,75.3634709680604,75.2741540448308,75.2924506738605,75.3930259080229,75.3357066712702,75.3202685631324,75.0395622932585,74.9213149355952,74.7760814993365,74.6181659275564,74.6181730135559,74.4893778268514,74.3632824934881,74.4739764332237,74.2960091125677,74.3008845408301,74.3712588512168,74.1162374859301,74.1410746225615,74.2662721405128,74.3271418647626,74.2253622572215,74.2860616254666,76.6037161425185,75.9970956770557,75.8901629589997,75.8716215154887,75.9837601216748
"Vulnerable employment, total (% of total employment) (modeled ILO estimate)",SL.EMP.VULN.ZS,Honduras,HND,..,..,..,..,..,..,..,..,..,..,..,..,..,..,..,..,..,..,..,..,..,..,..,..,..,..,..,..,..,..,..,39.9144013188162,39.7943023682927,39.6316170356504,39.5462332494258,39.3566719731516,39.222547610414,39.0730945283387,38.9216331950986,38.8041030336724,38.6422693573127,38.570243201924,38.4304315291007,38.1686373873874,37.9013183373395,37.7088205006979,37.1164161867279,34.0418471556523,33.709151910425,35.978419193385,38.0795389925997,37.6645235913782,41.1936961676887,38.6576886643228,34.8560347536189,37.71901349294,33.2358510656352,36.7326708854113,36.4508013315446,34.8929088629628,35.3839313938655,34.9168377354579,34.6280941166055,34.3721389715693,34.1322574132792
"Vulnerable employment, total (% of total employment) (modeled ILO estimate)",SL.EMP.VULN.ZS,"Hong Kong SAR, China",HKG,..,..,..,..,..,..,..,..,..,..,..,..,..,..,..,..,..,..,..,..,..,..,..,..,..,..,..,..,..,..,..,4.97051790418985,4.79159946320399,4.63882210052285,4.46084553157595,4.57432074026051,4.46492898270045,4.14359122072547,4.34726105556631,4.89706974750501,4.84013344364409,6.01813916883792,7.01112610872466,6.86012146587024,6.90061375062572,6.88704679653931,6.96497361375984,6.35747284746466,6.59614443124265,6.59014482433384,6.4206015729077,6.6527201639213,6.96785467353053,6.90569112367285,6.186124791874,5.99410000693005,5.90840189115284,5.88572025607515,5.99201950900823,6.00684603013425,6.03654498099071,6.15816293637989,6.20730228677218,6.18938579228576,5.84446162621344
"Vulnerable employment, total (% of total employment) (modeled ILO estimate)",SL.EMP.VULN.ZS,Hungary,HUN,..,..,..,..,..,..,..,..,..,..,..,..,..,..,..,..,..,..,..,..,..,..,..,..,..,..,..,..,..,..,..,15.6127554912595,15.8974055722929,14.1121835002183,12.8335613905373,13.0554644693482,13.9695090029513,13.6609930830544,12.4369211179833,12.1713204246629,11.7720507787043,11.2951864596933,10.5762306310753,10.1423410907066,10.8975216045522,10.2699183572201,9.48070822762486,9.21965092958627,8.95036470118331,9.24881021352248,8.99367488544888,8.88482226101472,8.57322785868027,8.22615819824329,8.2269109386475,7.9433525620706,7.80260431139358,7.41959045405206,7.46304866328812,7.59197535786575,8.50370240076879,8.73187142313432,8.5430435426258,8.24644417864645,7.99661871652114
"Vulnerable employment, total (% of total employment) (modeled ILO estimate)",SL.EMP.VULN.ZS,Iceland,ISL,..,..,..,..,..,..,..,..,..,..,..,..,..,..,..,..,..,..,..,..,..,..,..,..,..,..,..,..,..,..,..,13.3601677026772,12.6369793331977,12.591104944132,12.999365884591,12.6540996718056,12.1506442021804,12.031088579189,12.0847151535052,11.9342082857702,11.8050497693615,11.6371469602681,11.6345406875121,11.2757693096418,11.2642513912252,11.4208901722593,11.3965407869401,11.2315988136964,11.0654835714017,11.1382899075857,11.3707945391627,11.5333409847354,11.8046759329629,11.8397375408721,11.8866370952748,11.9102348518742,11.7216788411539,11.5382009967581,11.3591408662489,11.1437046186092,11.1433467693273,12.3725483635043,12.0488427715935,10.2814429298707,8.4610461643485
"Vulnerable employment, total (% of total employment) (modeled ILO estimate)",SL.EMP.VULN.ZS,India,IND,..,..,..,..,..,..,..,..,..,..,..,..,..,..,..,..,..,..,..,..,..,..,..,..,..,..,..,..,..,..,..,85.9256839852897,85.6916236852394,85.5094260406872,85.2449091617372,84.955461234921,84.6833073973745,84.449653662153,84.2391985438184,84.0003167017918,83.7213535927474,83.6831549521375,83.5942517249853,83.5026779976243,83.3099974655237,83.1538717115951,82.926212328015,82.7394429147281,82.6359919103452,82.4804895935204,82.312286141453,80.9697610878916,79.6487446201012,79.0944024401267,78.5181807246357,77.8760454344934,77.2156141688909,76.5180932398501,75.8131257799368,75.2031954710256,75.0761774925483,74.5533066565003,74.0023374256774,72.7628402822064,72.0646133231289
"Vulnerable employment, total (% of total employment) (modeled ILO estimate)",SL.EMP.VULN.ZS,Indonesia,IDN,..,..,..,..,..,..,..,..,..,..,..,..,..,..,..,..,..,..,..,..,..,..,..,..,..,..,..,..,..,..,..,66.8045863189386,66.3810764780625,65.9394465086609,65.6321627272482,65.1849755602467,64.678897242172,63.1477030001288,65.7235198574139,64.3603539782223,65.2215913974887,61.2868273427186,61.131963923336,62.9116193648706,61.2540804454991,59.0840304698408,58.5840765475942,58.9807598305453,58.4621702981627,58.3681793495205,57.2529873177426,54.1008956470533,51.2865487748644,50.8849119430324,50.4491195071174,48.2113835792613,48.3329217166956,48.4921518603942,49.1211021884397,49.138303631225,50.3136526573599,49.9031597347253,50.2806596863492,50.671641325763,50.3095599926267
"Vulnerable employment, total (% of total employment) (modeled ILO estimate)",SL.EMP.VULN.ZS,"Iran, Islamic Rep.",IRN,..,..,..,..,..,..,..,..,..,..,..,..,..,..,..,..,..,..,..,..,..,..,..,..,..,..,..,..,..,..,..,44.6210376717031,44.3774311647778,44.2284910757237,44.1358217383824,44.031043180243,43.9233674389136,43.8956976126821,43.858016120555,43.8509858001279,43.7950143352209,43.7592732059576,43.6469632374301,43.4756584034243,43.3329237427285,43.2518554325576,43.291895917996,42.998431267088,42.3323262633585,41.7789627123868,40.9478582446078,40.1761751313275,40.7113240617461,41.5455355115207,40.9317834898621,40.9072700377479,41.8224177004275,41.9604376389704,41.8394195451565,41.3323820515392,40.5915411766548,39.6546340522622,39.4508281538172,40.0099577621982,39.7632072666364
"Vulnerable employment, total (% of total employment) (modeled ILO estimate)",SL.EMP.VULN.ZS,Iraq,IRQ,..,..,..,..,..,..,..,..,..,..,..,..,..,..,..,..,..,..,..,..,..,..,..,..,..,..,..,..,..,..,..,35.3510173520649,35.3188988574465,35.3237539246944,35.365154215039,35.4595250009195,35.4968455516739,35.3879325688,34.9224524684522,34.4371878198751,33.9436073050358,33.5631228524958,33.4830986660093,33.5476196284826,33.6856184335814,33.785395750777,33.7898366250171,33.7239371653776,32.8031224969631,31.8725604744557,30.9126561454202,29.922509089471,28.8656112256422,27.8296007117633,28.5546504424125,28.1981770794536,27.4646455172563,26.6241287218291,26.5668338829286,27.1255370394852,27.1813272107644,26.9831148014689,27.0179929780468,27.0725257191358,27.0719908591808
"Vulnerable employment, total (% of total employment) (modeled ILO estimate)",SL.EMP.VULN.ZS,Ireland,IRL,..,..,..,..,..,..,..,..,..,..,..,..,..,..,..,..,..,..,..,..,..,..,..,..,..,..,..,..,..,..,..,20.6617248427272,20.9621990573727,20.3715189299412,19.6303497951854,19.0156521318077,17.7912498867739,17.5505289542835,17.0046293238903,15.9746701810869,15.6624302375989,14.8643313778261,14.4576145668155,14.1613620854445,14.2393100476434,13.7331101192986,12.7603217452712,12.7678014329663,13.187599146655,13.8461844286023,13.6661907552652,13.3089360097293,13.3746128384756,13.5247263063636,13.2999035893015,12.6909769854007,12.3640913280025,11.5395453541863,11.0215666626018,10.4161694658268,10.7652647552293,10.5248396601086,10.1821687637063,10.3210240374341,9.71567647383549
"Vulnerable employment, total (% of total employment) (modeled ILO estimate)",SL.EMP.VULN.ZS,Isle of Man,IMN,..,..,..,..,..,..,..,..,..,..,..,..,..,..,..,..,..,..,..,..,..,..,..,..,..,..,..,..,..,..,..,..,..,..,..,..,..,..,..,..,..,..,..,..,..,..,..,..,..,..,..,..,..,..,..,..,..,..,..,..,..,..,..,..,..
"Vulnerable employment, total (% of total employment) (modeled ILO estimate)",SL.EMP.VULN.ZS,Israel,ISR,..,..,..,..,..,..,..,..,..,..,..,..,..,..,..,..,..,..,..,..,..,..,..,..,..,..,..,..,..,..,..,9.68306385391991,9.55521875453096,9.44600747220144,9.32394128099888,9.20294390910036,9.04141270788055,8.91508720306069,8.8470929208154,8.79362597604858,8.66904715176618,8.67561880079639,8.61469843981591,8.65770816719507,8.57571494735833,8.51943643202466,8.39512119408031,8.23417365340041,8.16141225090817,8.13061974429286,8.06181158032296,7.96000780695213,7.83569156606514,7.77113876945306,7.99516482237057,8.02243569130266,8.15746417215284,8.03961985835486,7.99762474884661,7.93079155356355,8.23945336404847,8.10576927038061,7.92071693020327,7.88898496592273,7.78988383100841
"Vulnerable employment, total (% of total employment) (modeled ILO estimate)",SL.EMP.VULN.ZS,Italy,ITA,..,..,..,..,..,..,..,..,..,..,..,..,..,..,..,..,..,..,..,..,..,..,..,..,..,..,..,..,..,..,..,20.1810014982338,20.7989296295236,20.4403882459949,20.1926178041971,20.660942864648,20.5429614146511,20.3355015304877,20.2238479628924,19.7841671206365,19.6578548414402,19.5017468986162,19.1270236144434,19.0280531560342,19.4392924004487,18.4052537770748,18.199978193284,17.9851624735803,17.503974409034,17.2201065573124,17.476650946175,17.3180731941436,17.2337720322081,17.2282669826308,17.1751938901746,16.9838234817977,16.6705581753976,16.1168398722354,15.92131310534,15.7716430125318,15.7352530322676,15.0507731793086,14.668726259662,14.5459593201289,14.4855032271472
"Vulnerable employment, total (% of total employment) (modeled ILO estimate)",SL.EMP.VULN.ZS,Jamaica,JAM,..,..,..,..,..,..,..,..,..,..,..,..,..,..,..,..,..,..,..,..,..,..,..,..,..,..,..,..,..,..,..,42.4383359122827,42.2454308598456,39.9222818046806,39.100635861036,37.5458283519049,37.9078803639126,37.0985288315202,37.8358480870743,38.0379997655714,38.0650824155518,37.5173292058246,35.9588782564642,35.9806100724509,36.151104103192,34.6574768272688,35.4904358451642,33.4733203924352,35.8068479594529,38.2177394453177,38.8969207978508,37.000872053748,37.5182050159506,37.5858508124064,37.5299844581766,37.0118077311931,36.5399507982074,35.821887860662,35.3571841363338,34.1419121881811,34.6924267135031,34.2417691287041,33.1067381908205,31.7277710267084,31.6625546744655
"Vulnerable employment, total (% of total employment) (modeled ILO estimate)",SL.EMP.VULN.ZS,Japan,JPN,..,..,..,..,..,..,..,..,..,..,..,..,..,..,..,..,..,..,..,..,..,..,..,..,..,..,..,..,..,..,..,17.7078019862481,16.8745318501612,15.9462874953588,15.5817717524227,15.2875689162918,14.8228721736725,14.6593859248958,14.011523249544,13.7635512255745,13.2463678060925,12.6625344322617,12.3096008017037,12.1423549161267,12.0403172373367,11.7431895484861,10.9351326507736,10.5453458792008,10.2565008126016,9.95152366565176,9.63133466671252,9.39869506833897,9.31931090848193,9.12867996445858,9.07780809867074,8.81954916259362,8.42781450699563,8.31960341437309,8.22471239794535,8.10869689289236,8.10915824404449,8.6508100892387,7.88770804842949,7.8790588899942,7.63302185798352
"Vulnerable employment, total (% of total employment) (modeled ILO estimate)",SL.EMP.VULN.ZS,Jordan,JOR,..,..,..,..,..,..,..,..,..,..,..,..,..,..,..,..,..,..,..,..,..,..,..,..,..,..,..,..,..,..,..,13.975305215624,13.9898825390705,13.9873291312131,13.9257351411489,13.8833306548773,13.872192661323,13.8233516888472,13.7330327758507,13.6107055144364,13.4396753641772,13.2281618759248,12.9795149858334,12.7244659987152,12.4397933683454,11.9995113358526,11.5649599827973,11.1815439002834,10.8225829172059,10.503867772977,10.2428656210469,10.0407243602223,9.8716626665815,9.74763100425039,9.69549927759453,9.78037807138817,9.85811196840523,9.6370695795226,9.13710909077811,9.27869465995298,8.42159752885731,8.47314539189343,8.38223999828045,8.18226341011927,8.01078718828468
"Vulnerable employment, total (% of total employment) (modeled ILO estimate)",SL.EMP.VULN.ZS,Kazakhstan,KAZ,..,..,..,..,..,..,..,..,..,..,..,..,..,..,..,..,..,..,..,..,..,..,..,..,..,..,..,..,..,..,..,40.2000725512234,40.322293709665,40.5016634226424,40.721413609616,40.9713214716405,41.0873118284358,41.0693912119389,40.9712668083733,40.7695123593687,40.471005618263,39.9868083377656,38.088861156944,37.4463238374528,35.8027991135192,34.3982320895538,33.5899467410653,32.8092208438947,31.9367150542423,31.2726209155541,31.0015881211964,30.3604139051912,29.2082049278269,28.5690937330718,27.0742881279755,25.617530717533,25.5794596029812,25.5396055974042,25.4889217830775,25.4262260484176,25.2248842940699,25.0104340498962,24.9834881396574,24.953358583172,24.8754953471453
"Vulnerable employment, total (% of total employment) (modeled ILO estimate)",SL.EMP.VULN.ZS,Kenya,KEN,..,..,..,..,..,..,..,..,..,..,..,..,..,..,..,..,..,..,..,..,..,..,..,..,..,..,..,..,..,..,..,59.8853747051415,59.7464188621646,59.7839753894411,59.7485179319662,59.8102376154633,59.6478226381942,59.5865165776857,59.4634915608919,59.3161429548415,59.4283080552709,59.6452595330022,59.8521651126704,60.0706834526201,60.1467896316854,60.1981601452947,60.2746055620568,60.2331742985607,60.3162548955221,60.4128237651572,60.4144393357643,60.3697946616743,60.3859276717689,60.3988903080815,60.4059303984054,60.4082523896868,60.4376479753784,60.4497082887266,60.4179053081158,60.4376558126849,63.0648966221714,64.8848849716783,64.564882355435,64.2693582037439,63.9701600622944
"Vulnerable employment, total (% of total employment) (modeled ILO estimate)",SL.EMP.VULN.ZS,Kiribati,KIR,..,..,..,..,..,..,..,..,..,..,..,..,..,..,..,..,..,..,..,..,..,..,..,..,..,..,..,..,..,..,..,..,..,..,..,..,..,..,..,..,..,..,..,..,..,..,..,..,..,..,..,..,..,..,..,..,..,..,..,..,..,..,..,..,..
"Vulnerable employment, total (% of total employment) (modeled ILO estimate)",SL.EMP.VULN.ZS,"Korea, Dem. People's Rep.",PRK,..,..,..,..,..,..,..,..,..,..,..,..,..,..,..,..,..,..,..,..,..,..,..,..,..,..,..,..,..,..,..,54.936868584934,55.2517305646186,55.5802755648994,55.8954297197131,56.1842439694022,56.4650986755594,56.7652534233439,56.9887619921504,57.0289619594579,57.0358976667606,56.9678150827107,56.882006872247,56.7717352400079,56.6609920284364,56.5155364253214,56.4325320838837,56.3851677185767,56.3147288177839,56.2803329434661,56.2588672950196,56.255868287549,56.2470392309491,56.2292226995544,56.2179798939729,56.2360875771489,56.1829170991372,56.2081652504446,56.2917712332078,56.3238319137213,57.5101139677424,56.9479327117454,56.9893199981903,56.892706194559,56.8402038678207
"Vulnerable employment, total (% of total employment) (modeled ILO estimate)",SL.EMP.VULN.ZS,"Korea, Rep.",KOR,..,..,..,..,..,..,..,..,..,..,..,..,..,..,..,..,..,..,..,..,..,..,..,..,..,..,..,..,..,..,..,29.0360482815745,28.5958541376086,28.1604804086817,27.7295678745289,27.2872636514237,26.9186538746107,26.5632769492039,26.4052268857819,26.1638859291175,25.8585795088961,25.7403926187744,25.3780482757976,24.585321490468,24.2359448928716,24.0234303627002,23.607264468376,23.2494986584719,22.9478338053956,21.9190368011596,21.2438611318192,20.8616078825624,20.764974606777,20.3675133447186,19.8406926363261,19.7124816263033,19.5126643893658,19.3896373849128,18.9655592570695,18.9689051686772,19.3280514310827,19.1130541438887,18.5907853606545,18.1874620593958,17.8505357530481
"Vulnerable employment, total (% of total employment) (modeled ILO estimate)",SL.EMP.VULN.ZS,Kosovo,XKX,..,..,..,..,..,..,..,..,..,..,..,..,..,..,..,..,..,..,..,..,..,..,..,..,..,..,..,..,..,..,..,..,..,..,..,..,..,..,..,..,..,..,..,..,..,..,..,..,..,..,..,..,..,..,..,..,..,..,..,..,..,..,..,..,..
"Vulnerable employment, total (% of total employment) (modeled ILO estimate)",SL.EMP.VULN.ZS,Kuwait,KWT,..,..,..,..,..,..,..,..,..,..,..,..,..,..,..,..,..,..,..,..,..,..,..,..,..,..,..,..,..,..,..,6.05386076335659,5.32557682457624,4.61805793330137,4.1242316188333,3.65655655883057,3.23262594231685,3.09179983582481,3.15833811342129,3.00870622517595,2.8236229646546,2.88826304615349,2.95350290321106,2.76119432009552,2.50266330092595,2.21315811355671,1.65859185909426,1.30644912940052,0.82362535897962,1.02669361685263,0.962369973428855,0.721842039081634,0.589700862755826,0.562162798186077,0.595639722872997,0.595306298647134,1.14905616602664,1.21925097180796,1.32173232965099,1.53157544343525,2.12463046922691,2.05834426577761,1.92644210721402,2.16885021564415,2.33989460920506
"Vulnerable employment, total (% of total employment) (modeled ILO estimate)",SL.EMP.VULN.ZS,Kyrgyz Republic,KGZ,..,..,..,..,..,..,..,..,..,..,..,..,..,..,..,..,..,..,..,..,..,..,..,..,..,..,..,..,..,..,..,33.198180747125,33.3022539117767,34.0888264467969,35.2537543401562,36.3034521262482,36.7789152963279,36.8517717179114,36.9207866052884,36.7657216940527,36.4490415283092,36.244528692136,36.1797585815607,35.9046931513043,35.5135603472233,35.377880755824,35.323734988662,35.1930407271377,34.8278755240514,34.8046601917646,34.8917141726324,35.8838879005957,34.9804739799448,39.4497505244087,39.8961257084516,36.906275052589,35.1209541308741,33.1980267068851,33.0029969579374,31.384617531956,32.3106470299395,30.8009936926706,30.6547650737201,29.9347601469245,29.4902557564957
"Vulnerable employment, total (% of total employment) (modeled ILO estimate)",SL.EMP.VULN.ZS,Lao PDR,LAO,..,..,..,..,..,..,..,..,..,..,..,..,..,..,..,..,..,..,..,..,..,..,..,..,..,..,..,..,..,..,..,91.5361153198431,91.2775679357014,90.953760146969,90.5777003902438,90.2098073458868,89.6968997359555,89.236257453355,88.6106532416228,88.0618211282411,87.5350779593578,87.0268152433193,86.4860589585877,85.9483821795192,85.4292426848323,84.8879922101432,84.2659318985805,83.8680272986421,83.4542142782035,83.0094278989121,82.3803129414813,81.8062795070503,81.2324442154023,80.8366103077468,80.4325885617527,79.9914931027485,79.4815493339898,78.9678261860315,78.5131930524803,78.1073781518287,77.8490784865733,77.3729365768897,77.1092946471943,76.9069957462894,76.6380615308234
"Vulnerable employment, total (% of total employment) (modeled ILO estimate)",SL.EMP.VULN.ZS,Latvia,LVA,..,..,..,..,..,..,..,..,..,..,..,..,..,..,..,..,..,..,..,..,..,..,..,..,..,..,..,..,..,..,..,6.96571818602159,8.60831627651848,9.88237827310316,10.7505165877548,11.2718187957558,11.6025554534688,16.2519630541074,15.2054452480954,15.3838947069313,13.6888982576275,14.440526224273,13.4724553917161,13.0808821623863,12.912853430391,11.0494325287755,10.1566948421001,9.70494643127733,9.03404534107467,9.52520953091404,9.64290489270024,9.51540669944868,9.36791400868291,9.3640979317219,9.37021185486191,9.43594790452318,9.44947126233352,8.75514997497208,8.6919196523536,8.40307390600415,8.84689747678932,8.42417458793317,8.24992650399551,8.27463018952545,8.70699661804667
"Vulnerable employment, total (% of total employment) (modeled ILO estimate)",SL.EMP.VULN.ZS,Lebanon,LBN,..,..,..,..,..,..,..,..,..,..,..,..,..,..,..,..,..,..,..,..,..,..,..,..,..,..,..,..,..,..,..,28.5593838110041,28.1610234318589,27.7196227519373,27.2800042222301,26.8985537693193,26.5390070921986,26.3314287793871,26.2720267977013,26.2783319123647,26.2914540950266,26.2806429397897,26.2324893587258,26.1564807175812,26.0214985022284,24.3626775522682,22.8632785804805,21.4699344410715,21.1648638241386,20.8353053311836,20.5157567584326,20.3343688825391,20.2387828708149,20.2205943588872,20.2943851526622,20.4292245062864,20.5304636355844,20.5514882740481,20.5103592437456,20.3169002811764,20.121702438661,19.3154853281372,19.4660658327121,19.3941428386248,..
"Vulnerable employment, total (% of total employment) (modeled ILO estimate)",SL.EMP.VULN.ZS,Lesotho,LSO,..,..,..,..,..,..,..,..,..,..,..,..,..,..,..,..,..,..,..,..,..,..,..,..,..,..,..,..,..,..,..,41.0126829655574,40.4341284161686,39.9804195350524,39.5465823287757,39.1976437770448,38.7363235974263,38.4905099636008,38.1554361147291,37.844096791978,37.4708190803399,37.0571595653534,36.7909649188574,36.5325573433756,36.2465773494828,35.896462284564,35.4493604670784,35.0740610740611,34.6531088075642,34.7261024761798,34.5150775962915,34.1543629250373,33.9053726261812,33.7568131594901,33.4842031154986,33.282295832175,33.1775928988104,33.1925326872443,33.1139510740031,33.2170203084905,33.2531587441907,32.6479634745311,32.7384486087002,32.8582414269078,32.7617441449283
"Vulnerable employment, total (% of total employment) (modeled ILO estimate)",SL.EMP.VULN.ZS,Liberia,LBR,..,..,..,..,..,..,..,..,..,..,..,..,..,..,..,..,..,..,..,..,..,..,..,..,..,..,..,..,..,..,..,75.5255277189394,77.410569450786,79.17471555105,80.7232705786076,82.2525893955396,83.158510119278,82.6796109732741,82.1192775638513,81.5178987380389,80.9339321319262,80.4207359179244,80.062043156733,79.8808261525366,79.6848452641912,79.5582077155443,79.3863767190707,79.2181711115549,79.003322543107,78.7732908785746,78.4788827868288,78.2650683856638,78.0126477738854,77.7646450659639,77.5488319890524,77.457249033694,77.3158930253096,77.1983576048261,77.0695398684804,77.0088146681194,78.306367667894,77.7844948154024,77.6401208449059,77.3953609348577,77.1302819830475
"Vulnerable employment, total (% of total employment) (modeled ILO estimate)",SL.EMP.VULN.ZS,Libya,LBY,..,..,..,..,..,..,..,..,..,..,..,..,..,..,..,..,..,..,..,..,..,..,..,..,..,..,..,..,..,..,..,19.7668133425689,19.6079434848438,19.5086327191553,19.4187662159549,19.3557160216984,19.2689979707362,19.0885888424595,18.9110360571076,18.6939557599954,18.4152141796626,18.1367951941702,17.8922474892979,17.5378429435996,17.2320372957868,16.9353374106481,16.7554407171334,16.721620838867,16.9183480023869,17.3840071759943,17.9787982161012,18.7037346502475,19.4928836079021,20.5020852518986,21.6886550115968,22.6743828248344,23.4123031200955,23.5633298163491,23.4569511242814,23.3878823300215,23.1740550354812,22.5949759711415,22.5060832638279,22.2704702682594,22.0321130096543
"Vulnerable employment, total (% of total employment) (modeled ILO estimate)",SL.EMP.VULN.ZS,Liechtenstein,LIE,..,..,..,..,..,..,..,..,..,..,..,..,..,..,..,..,..,..,..,..,..,..,..,..,..,..,..,..,..,..,..,..,..,..,..,..,..,..,..,..,..,..,..,..,..,..,..,..,..,..,..,..,..,..,..,..,..,..,..,..,..,..,..,..,..
"Vulnerable employment, total (% of total employment) (modeled ILO estimate)",SL.EMP.VULN.ZS,Lithuania,LTU,..,..,..,..,..,..,..,..,..,..,..,..,..,..,..,..,..,..,..,..,..,..,..,..,..,..,..,..,..,..,..,15.8040849652303,16.2365535704459,16.9990110615527,17.7547285318507,18.4449432066626,18.7957506318951,18.7831826853091,18.615105053178,19.4289180669581,18.5749232540292,19.0201809060782,19.5747648790953,19.6852070957439,17.6559767174243,16.0673384766589,15.8485141314698,13.50484006734,10.784268947621,11.0788694395522,10.0821146311119,9.80029981369405,10.2187725297579,10.8448059396959,11.1412111964228,11.2762522858636,11.299634553426,10.9920620873967,10.6357604721446,10.5992015089048,10.7466488142524,10.5519255843768,10.813924750714,10.7859209223594,10.5410465982626
"Vulnerable employment, total (% of total employment) (modeled ILO estimate)",SL.EMP.VULN.ZS,Luxembourg,LUX,..,..,..,..,..,..,..,..,..,..,..,..,..,..,..,..,..,..,..,..,..,..,..,..,..,..,..,..,..,..,..,8.12544023520044,7.50314051564276,8.12382366913007,7.85956404781722,8.17356143843866,6.92787949210401,6.51852025947165,6.61549092133762,6.35316083389102,6.41932195301825,4.92586076903745,5.28321614345088,5.18354995273278,5.30127492440852,5.16910656242644,5.01617484614171,4.55022027279199,4.06862745098039,5.52416063435681,5.27216706607326,5.53245023950749,5.76189850118328,5.88704447407324,5.62017542834208,7.39337029075687,7.56192039575572,6.66762781812611,6.02911621979314,6.88675186895153,6.53890844180995,7.80256458668681,7.20906507779544,6.85390678809214,6.92763547369256
"Vulnerable employment, total (% of total employment) (modeled ILO estimate)",SL.EMP.VULN.ZS,"Macao SAR, China",MAC,..,..,..,..,..,..,..,..,..,..,..,..,..,..,..,..,..,..,..,..,..,..,..,..,..,..,..,..,..,..,..,7.65422548830014,7.49321017784953,7.4033850828467,7.32507060822522,7.28302094212059,7.26646353763018,6.3808101398672,6.25911065025622,7.29199127454036,8.40119185115449,7.80477671974658,6.9792967888897,7.54631824647142,8.07506989471179,6.44194548420772,5.54492954834135,5.16145677738247,4.64553017892133,4.85029399025952,4.83813003503938,4.36636641803671,4.10716284275322,3.54565740682288,3.19505151107174,3.35428933105689,3.23331807392785,3.39733465599833,3.03737182290907,3.27505503124763,3.48984544641717,3.23630816704073,3.89088704582968,3.86057008291223,3.62885003443735
"Vulnerable employment, total (% of total employment) (modeled ILO estimate)",SL.EMP.VULN.ZS,Madagascar,MDG,..,..,..,..,..,..,..,..,..,..,..,..,..,..,..,..,..,..,..,..,..,..,..,..,..,..,..,..,..,..,..,79.5937046287357,79.6343099062561,79.6515690490308,79.7253683155053,79.7973653436049,79.848955473852,79.8983796008177,79.9182478228374,79.9132810461313,79.9268664266097,79.9453009258742,80.2316840296752,80.4546893851822,81.3412602968258,82.1677586606,82.9634120572152,83.7454838931063,84.4461680958992,85.3201859979696,86.1912662024353,86.1541324397767,86.1079263289671,85.9525757711906,85.7593623933675,85.5683421479978,85.4387187628213,85.2841308345373,85.1290872848545,84.9378549105182,85.5948004297467,85.0753472754052,84.9434806513982,84.7910373194925,84.6148496361166
"Vulnerable employment, total (% of total employment) (modeled ILO estimate)",SL.EMP.VULN.ZS,Malawi,MWI,..,..,..,..,..,..,..,..,..,..,..,..,..,..,..,..,..,..,..,..,..,..,..,..,..,..,..,..,..,..,..,64.0082529683746,63.9942854781709,63.9407512912921,64.1325552802694,63.926519928614,63.6417491252879,63.4165436605923,63.1569876065955,62.9744195266011,62.8457968878414,62.8886296503582,62.9305514435111,62.9085122096184,62.8651829941864,62.8068851770977,62.6666372470508,62.4508664474339,62.2207484245404,62.0035154897927,61.7614774363974,61.521607307057,61.4040977541535,61.2565407324386,61.1106315207764,61.0069364041053,60.9467499185129,60.884421449249,60.8003222826038,60.6858021929867,60.6513220619037,60.1016299952936,60.0633319021039,60.0058962741485,59.9678483206137
"Vulnerable employment, total (% of total employment) (modeled ILO estimate)",SL.EMP.VULN.ZS,Malaysia,MYS,..,..,..,..,..,..,..,..,..,..,..,..,..,..,..,..,..,..,..,..,..,..,..,..,..,..,..,..,..,..,..,29.1317154561586,28.7392921693561,28.3282000523397,27.9078367413247,27.5011823988996,27.1091484589898,26.7495226515265,26.5903300212808,26.5100166279705,26.2051599738463,26.0024983203635,25.7680384026185,25.5144549422988,25.2252163601293,24.9329653669913,24.6203842725514,24.2839310852977,23.972407516829,23.8781027142588,23.7573337175695,23.6315615169377,23.5472548775513,23.4283918216193,23.2718456794385,23.1090988540635,22.9297722423797,22.7369119991234,22.5679872332003,22.3861951665897,22.5479268476525,22.3601724399696,22.2450763145993,22.1461272529112,22.0152567584813
"Vulnerable employment, total (% of total employment) (modeled ILO estimate)",SL.EMP.VULN.ZS,Maldives,MDV,..,..,..,..,..,..,..,..,..,..,..,..,..,..,..,..,..,..,..,..,..,..,..,..,..,..,..,..,..,..,..,33.7187850036239,33.4381701215153,33.2032385937524,32.9857275418674,32.6996197718631,32.4155767184364,32.1506907299804,31.8961622525855,31.6659503037766,31.4588759878152,31.3004937766925,31.1258486626022,30.8481419992211,30.5366303302341,30.4109992634422,30.0568999532982,29.7025984850567,29.2539439666544,28.9325579613279,27.3620643197921,25.6831895753897,23.9912600145667,22.2344764577284,20.436927847229,20.1674391657011,19.8911419190872,19.4950474649353,19.1009356736014,18.7276410499547,18.328602414832,17.9129992937975,17.7230533543386,17.4796859290093,17.207119489017
"Vulnerable employment, total (% of total employment) (modeled ILO estimate)",SL.EMP.VULN.ZS,Mali,MLI,..,..,..,..,..,..,..,..,..,..,..,..,..,..,..,..,..,..,..,..,..,..,..,..,..,..,..,..,..,..,..,85.8746026485646,85.7488579709946,85.6293666742543,85.5148846368131,85.3889717207285,85.2292277355482,85.0334444959693,84.7883248205539,84.5201594275299,84.3191093786824,83.9830028008034,83.7183856777448,83.411605808607,83.1921443391956,82.9452670604157,82.7023143612432,82.5519150330318,82.4019290843523,82.1965316901718,82.0318641392634,81.9149855991476,81.77548455167,81.6865392471941,81.6420290685752,81.6734143772091,80.2390654902896,79.6571039576017,80.4414156362995,82.2494960767689,84.98949427918,80.596929894387,76.5924519695763,76.4497311446465,76.2906027068025
"Vulnerable employment, total (% of total employment) (modeled ILO estimate)",SL.EMP.VULN.ZS,Malta,MLT,..,..,..,..,..,..,..,..,..,..,..,..,..,..,..,..,..,..,..,..,..,..,..,..,..,..,..,..,..,..,..,13.0392686661263,12.6877549358543,12.3622599596645,12.0432313716424,11.7158842755805,11.4193525760179,11.1187025534852,10.8402778721842,10.5883300230823,10.1224446052032,10.2267777235107,10.5815373164537,10.9849448892892,10.815230705059,10.670308454242,10.7162613257034,10.5373075307086,10.4663589992713,10.566742409592,10.6509505973408,10.6003854894853,10.6279548361978,10.661491985336,10.5960641271383,10.5392059256899,10.5104064840035,10.4634553882641,10.3026300291103,10.3853008537984,10.5842764207216,10.2641120107123,10.2810008403896,10.261356435023,10.2682472933653
"Vulnerable employment, total (% of total employment) (modeled ILO estimate)",SL.EMP.VULN.ZS,Marshall Islands,MHL,..,..,..,..,..,..,..,..,..,..,..,..,..,..,..,..,..,..,..,..,..,..,..,..,..,..,..,..,..,..,..,..,..,..,..,..,..,..,..,..,..,..,..,..,..,..,..,..,..,..,..,..,..,..,..,..,..,..,..,..,..,..,..,..,..
"Vulnerable employment, total (% of total employment) (modeled ILO estimate)",SL.EMP.VULN.ZS,Mauritania,MRT,..,..,..,..,..,..,..,..,..,..,..,..,..,..,..,..,..,..,..,..,..,..,..,..,..,..,..,..,..,..,..,57.1601387251041,57.2462470590685,57.1437628909896,57.3203539213002,57.29133095502,57.1962160086571,57.1420848335442,57.1136253366429,57.1081631676454,57.265878001001,57.2965934239004,57.2479625837409,57.1311976509474,56.8672723651351,56.3855920383684,55.4972847668534,55.3283643237571,55.0658411949685,55.0650257843158,54.7587556344853,54.4102082302176,54.4673290896989,54.3997823236945,54.7184569477374,54.8462545663261,54.7006194405038,54.7113701142417,54.3785868005739,53.9312008606684,54.7307408849683,54.2057129602975,54.1465116600873,53.8401728108733,53.6221990164643
"Vulnerable employment, total (% of total employment) (modeled ILO estimate)",SL.EMP.VULN.ZS,Mauritius,MUS,..,..,..,..,..,..,..,..,..,..,..,..,..,..,..,..,..,..,..,..,..,..,..,..,..,..,..,..,..,..,..,23.7712032302497,23.5034116772672,23.2726734724072,23.0693175615823,22.8653582798691,22.6577230662535,22.4534164806885,22.2490408533244,22.1059729003626,21.8071405702955,21.5549606812192,21.9088034110313,21.6955337994978,18.2473080971731,18.2161142023809,17.8077235443779,18.544719264789,17.9709858508946,17.5024585725914,17.7558946259372,16.9773380897825,18.4003075300154,18.7223125274695,17.7693523234544,18.4793648571833,17.6566949986946,17.8361421590915,17.8800959882402,18.1614758194029,17.9604445640099,16.1664334138072,15.8397058744943,15.5717369644636,15.2834024965418
"Vulnerable employment, total (% of total employment) (modeled ILO estimate)",SL.EMP.VULN.ZS,Mexico,MEX,..,..,..,..,..,..,..,..,..,..,..,..,..,..,..,..,..,..,..,..,..,..,..,..,..,..,..,..,..,..,..,36.6643545533851,36.518619894333,37.4255466058785,35.9627123924388,33.9691096067829,32.3222158998867,33.4392985862985,31.276231726969,30.9941521102718,28.6556583715149,28.9205645916625,28.9291909210766,29.161819871507,28.7294860397438,28.6988275313931,27.6392315403137,27.6258854803049,27.1293986726867,28.10971298329,27.1323174816299,27.0383943361546,26.5915706565839,26.6149635386733,26.1286776395464,25.8734166652499,25.368150093206,25.01057468159,24.9522096359473,25.2923719558328,25.6061584665131,26.9162365538204,26.7121637679536,26.1101792283655,25.3176786585274
"Vulnerable employment, total (% of total employment) (modeled ILO estimate)",SL.EMP.VULN.ZS,"Micronesia, Fed. Sts.",FSM,..,..,..,..,..,..,..,..,..,..,..,..,..,..,..,..,..,..,..,..,..,..,..,..,..,..,..,..,..,..,..,..,..,..,..,..,..,..,..,..,..,..,..,..,..,..,..,..,..,..,..,..,..,..,..,..,..,..,..,..,..,..,..,..,..
"Vulnerable employment, total (% of total employment) (modeled ILO estimate)",SL.EMP.VULN.ZS,Moldova,MDA,..,..,..,..,..,..,..,..,..,..,..,..,..,..,..,..,..,..,..,..,..,..,..,..,..,..,..,..,..,..,..,26.1697143700444,26.5525685378608,26.8338778892267,27.6832484216023,28.4684541113242,29.4061015788798,30.2241046197738,31.0743782672726,31.7856731114048,36.456960075687,38.8641142222786,40.6926084506522,42.889307561429,42.8700982560684,44.153863618481,47.575278376178,49.7563488086094,49.7542477424054,51.3551528688226,55.3041868946859,55.1207245426558,56.684292369242,57.3751819907049,59.1520634391167,60.5100846814372,61.5590591627244,60.1455658753858,59.6244661995789,59.2519024696919,59.1271275629698,58.7779623301966,58.5846798598757,58.4945696961615,58.544726880019
"Vulnerable employment, total (% of total employment) (modeled ILO estimate)",SL.EMP.VULN.ZS,Monaco,MCO,..,..,..,..,..,..,..,..,..,..,..,..,..,..,..,..,..,..,..,..,..,..,..,..,..,..,..,..,..,..,..,..,..,..,..,..,..,..,..,..,..,..,..,..,..,..,..,..,..,..,..,..,..,..,..,..,..,..,..,..,..,..,..,..,..
"Vulnerable employment, total (% of total employment) (modeled ILO estimate)",SL.EMP.VULN.ZS,Mongolia,MNG,..,..,..,..,..,..,..,..,..,..,..,..,..,..,..,..,..,..,..,..,..,..,..,..,..,..,..,..,..,..,..,53.4002737188983,53.5731306149147,53.8949810290622,53.950403951761,53.9202027238493,54.1910528417803,54.0622097861614,54.3141350136288,54.347768455583,54.3115581050284,55.0274571075013,55.7201757624518,56.305664503778,56.8703820614745,57.3723199478348,57.8063312750846,57.8003775605523,57.4623390210105,56.6253458969578,51.6938950988822,50.7207540195897,47.4458075294625,45.6974158951049,44.7802015506778,45.7324390393422,42.770038480005,45.0654424807444,43.379279883151,43.0872230340125,42.5677512191222,40.75670403291,40.0864297905538,39.2935505593375,38.7660011987917
"Vulnerable employment, total (% of total employment) (modeled ILO estimate)",SL.EMP.VULN.ZS,Montenegro,MNE,..,..,..,..,..,..,..,..,..,..,..,..,..,..,..,..,..,..,..,..,..,..,..,..,..,..,..,..,..,..,..,17.4674093030257,17.2886769992762,17.1235569534294,16.955023479208,16.7580275570633,16.5293138304198,16.253325731661,15.9120026572398,15.776591666421,15.602953820062,15.430598784427,15.254167669098,15.0706676386896,14.889774017615,14.7031152611339,14.4277305428384,14.1161973437999,13.7331229694726,13.5275487633219,13.5646639896962,13.6885117874976,13.5308399754752,13.3341155075822,15.8009763459264,17.5176662438848,17.9513212165164,18.4448843583726,18.2673176204542,17.1951615346331,18.0487234115164,16.0786040344538,15.6930575971075,14.9459877422762,14.6934480892311
"Vulnerable employment, total (% of total employment) (modeled ILO estimate)",SL.EMP.VULN.ZS,Morocco,MAR,..,..,..,..,..,..,..,..,..,..,..,..,..,..,..,..,..,..,..,..,..,..,..,..,..,..,..,..,..,..,..,47.397539905574,47.3820474806916,47.4630870401612,47.0104386596646,47.5212711072422,47.1930905056225,47.4129409724355,47.3239343185492,47.4393157461075,47.6312828766359,47.5638873298981,47.4968637212069,47.3503499571624,47.3111832194468,46.5517184558715,45.4908977839474,44.6543842145124,43.4775072884129,42.6236354633082,41.7007890027538,40.7791687699686,39.955119066174,39.0275988920488,38.1162743161859,37.7308709836669,37.6413382987147,37.3106230229215,37.0295163984512,36.6992487642516,36.9063063440001,36.4337371052087,36.3768248449945,36.1537678510381,35.8835491444583
"Vulnerable employment, total (% of total employment) (modeled ILO estimate)",SL.EMP.VULN.ZS,Mozambique,MOZ,..,..,..,..,..,..,..,..,..,..,..,..,..,..,..,..,..,..,..,..,..,..,..,..,..,..,..,..,..,..,..,91.1144642290013,90.971572200811,90.8261321688096,90.6060883084337,90.5095347033496,90.2829178901235,89.9642824046078,89.6052355241641,89.2073865719708,88.8957188375087,88.4736790868747,88.193306821035,87.7513551014619,87.3804710619585,87.0586474788437,86.6947578556493,86.3703630529609,86.0393967865304,85.7252479698056,85.42258799863,85.1498804682842,84.8516900713105,84.6002217474557,84.3080822200555,83.9329454622233,83.8479873950088,83.7895819758208,83.7913050847769,83.8602767430364,84.3719798374396,84.0028622055047,84.0700181405171,83.9721727715252,83.8421992309295
"Vulnerable employment, total (% of total employment) (modeled ILO estimate)",SL.EMP.VULN.ZS,Myanmar,MMR,..,..,..,..,..,..,..,..,..,..,..,..,..,..,..,..,..,..,..,..,..,..,..,..,..,..,..,..,..,..,..,74.2542674571682,74.1398645384947,73.9535873966781,73.6797008888288,73.3347908097638,72.9664203379444,72.5916744756983,72.2138693639679,71.7859628534573,71.2726175628102,70.7205988072983,70.1263372764165,69.500514060747,68.8630120503401,68.2131474732356,67.5808696197858,66.9536140526199,66.3576555917275,65.8040371487862,65.2948478098803,64.8273974913864,64.4436589419547,64.0888560084288,63.7347654032358,63.4197974763633,63.1710927817521,62.9396632462135,61.8662706505316,63.0863742673827,63.2020972622548,62.636150327052,62.7382656719031,62.8150740990455,62.8809350494971
"Vulnerable employment, total (% of total employment) (modeled ILO estimate)",SL.EMP.VULN.ZS,Namibia,NAM,..,..,..,..,..,..,..,..,..,..,..,..,..,..,..,..,..,..,..,..,..,..,..,..,..,..,..,..,..,..,..,39.5860944870222,39.5307179670629,39.4723712432555,39.3674227732806,39.2596983733057,39.1177349638459,38.9276708090964,38.5568647774523,38.1566769728588,37.7037853954527,37.2876835097303,36.7768689954417,36.247138744774,35.6187567652693,34.9982554082345,34.3888838856869,33.8079301151511,33.2697588851661,32.8009699968037,32.3695619825766,32.1891919501481,31.9028982155355,33.0415439001758,30.2903228912083,27.7534858797013,25.2387412698568,28.2416469156753,31.2299500052078,31.1635053741339,31.4324056753632,30.8251390026402,30.6894020678322,30.4900323026183,30.2329035871356
"Vulnerable employment, total (% of total employment) (modeled ILO estimate)",SL.EMP.VULN.ZS,Nauru,NRU,..,..,..,..,..,..,..,..,..,..,..,..,..,..,..,..,..,..,..,..,..,..,..,..,..,..,..,..,..,..,..,..,..,..,..,..,..,..,..,..,..,..,..,..,..,..,..,..,..,..,..,..,..,..,..,..,..,..,..,..,..,..,..,..,..
"Vulnerable employment, total (% of total employment) (modeled ILO estimate)",SL.EMP.VULN.ZS,Nepal,NPL,..,..,..,..,..,..,..,..,..,..,..,..,..,..,..,..,..,..,..,..,..,..,..,..,..,..,..,..,..,..,..,86.1684253112718,85.9277685592542,85.704712769622,85.4389700376983,85.193439874117,84.9433800746248,84.6836382959107,84.4431140608258,84.2109808616855,83.935079427278,83.6360809197943,83.455179882947,83.2658184916784,83.0587795835096,82.8300008676296,82.5999977990763,82.3616150233385,82.084020314947,81.7966593200433,81.4982331912628,81.2026452218337,80.8867697812339,80.5799827653779,80.2408750238996,79.9139735678029,79.6580332172956,79.323631449029,78.9444168392601,78.5461557908431,78.534600878618,78.0728641357747,77.7965803186827,77.5335496980225,77.2661661425717
"Vulnerable employment, total (% of total employment) (modeled ILO estimate)",SL.EMP.VULN.ZS,Netherlands,NLD,..,..,..,..,..,..,..,..,..,..,..,..,..,..,..,..,..,..,..,..,..,..,..,..,..,..,..,..,..,..,..,8.94318009965479,8.80837983156334,9.13170474239578,9.63891226566838,9.88352582869003,9.47758137944407,9.54680407686843,8.88067592162598,8.70520557307118,8.63541179119193,8.66180431680751,8.73329108517361,8.49109682822237,9.04078073639764,10.3587061428978,10.6492307499063,10.7364372299646,10.8602687476292,11.275547484779,11.0078921247411,11.1471255857242,11.2777774305589,12.0025982448413,12.1820658403527,12.2880613811716,12.2078025002246,12.0192162875113,12.0175208547197,11.8555109407111,12.9355688273211,12.7647392478419,13.3857369760742,13.4632313382952,13.4757578284067
"Vulnerable employment, total (% of total employment) (modeled ILO estimate)",SL.EMP.VULN.ZS,New Caledonia,NCL,..,..,..,..,..,..,..,..,..,..,..,..,..,..,..,..,..,..,..,..,..,..,..,..,..,..,..,..,..,..,..,14.5874475438163,14.4742366984584,14.3996745179524,14.3820382882883,14.3372823623607,14.3687018375815,14.2738408817737,14.4237033324981,14.4445122323226,14.4384708708994,14.5441498165488,14.5255367397362,14.4553433144037,14.3644988916612,14.2722808483962,14.0735833673053,13.8469950787891,13.8906464455715,13.8128071311569,13.6122190330637,13.5050457211556,13.4606115782146,13.3923014210199,13.3154826171453,13.3204284423797,13.3649060151997,13.3374872354051,13.29257565095,13.283501361069,15.7588750408778,14.7231160634346,13.8575806367839,13.8726529767754,13.994236607832
"Vulnerable employment, total (% of total employment) (modeled ILO estimate)",SL.EMP.VULN.ZS,New Zealand,NZL,..,..,..,..,..,..,..,..,..,..,..,..,..,..,..,..,..,..,..,..,..,..,..,..,..,..,..,..,..,..,..,15.6096544117453,15.8667601380077,15.9865859393595,16.0126139183737,15.977078408543,15.9139670823033,15.8664434401269,15.8726657424308,15.7824325851764,15.6879177031612,15.5688976610607,15.4125281999409,15.2324638660697,15.0148031817876,14.7749689460245,14.5446464838658,14.3022978285179,14.1822411256942,14.1648353070123,14.185237188907,14.2218289866798,14.2477017860432,14.2630925913824,14.2397702184211,14.1987813500481,14.1311048976004,14.0141188150461,13.8434907279273,13.6452019052875,13.8302999961631,13.5108755976396,13.2449648914758,13.0728738907581,12.7136967689846
"Vulnerable employment, total (% of total employment) (modeled ILO estimate)",SL.EMP.VULN.ZS,Nicaragua,NIC,..,..,..,..,..,..,..,..,..,..,..,..,..,..,..,..,..,..,..,..,..,..,..,..,..,..,..,..,..,..,..,40.393029736613,40.5438960107688,40.5887103490377,40.5632501284483,40.457439929427,40.2668157644948,40.0886654641624,39.9645545776777,39.7837545464402,39.6669896935901,39.5116082434436,40.2986986964387,41.1731007924637,41.9068252950596,42.6697810118623,42.4252250484436,42.1378397270787,41.8055402687,41.7871937860057,41.6199881908991,41.342207128488,41.0628956316593,40.8057415138236,40.546603155565,40.2399933517706,39.9671135390233,39.6919257511583,39.5784855634116,39.5837231735532,40.2716359278103,39.7963349559465,39.6154533672968,39.3262430869109,39.0890494572569
"Vulnerable employment, total (% of total employment) (modeled ILO estimate)",SL.EMP.VULN.ZS,Niger,NER,..,..,..,..,..,..,..,..,..,..,..,..,..,..,..,..,..,..,..,..,..,..,..,..,..,..,..,..,..,..,..,84.0046902864858,84.1014069427605,84.2197193837998,84.2486562941282,84.3385569531752,84.4212385984712,84.5030251393284,84.4866287325219,84.5103216755842,84.5679346974454,84.5454860778308,84.5221023748378,84.5027001351668,84.5385100721326,84.5529685627574,84.5396865724831,84.5341217980028,84.5785288602147,84.7639573164328,84.9220348027154,85.0449478824275,86.5940614905656,88.2035235752737,89.8005286529566,89.6738370623966,89.5564132319769,89.4367629884533,87.2743463489649,85.1949694646867,85.4349535890963,84.7432756503633,84.3641037899289,84.2026758255113,83.9882595987927
"Vulnerable employment, total (% of total employment) (modeled ILO estimate)",SL.EMP.VULN.ZS,Nigeria,NGA,..,..,..,..,..,..,..,..,..,..,..,..,..,..,..,..,..,..,..,..,..,..,..,..,..,..,..,..,..,..,..,75.2534115112602,74.9585629977644,74.9023562822707,74.8272034013178,74.5214483147548,74.3463537923572,74.2651419251456,74.3641312507099,74.210099358612,73.9139308593196,73.8101021484306,73.4423631311629,72.840345884261,72.2310856998246,71.7345843180513,71.3096751839936,70.8937516661785,70.4354624095343,70.1134040349954,69.5004870633622,68.9862218092157,68.6764005074477,68.3730459179012,68.0524386363546,67.8949499147729,67.7538029076989,67.4370001536973,67.143265827459,66.9029949275054,67.9560091981761,67.4186651886349,67.2492936811999,66.9627274265273,66.7350467677387
"Vulnerable employment, total (% of total employment) (modeled ILO estimate)",SL.EMP.VULN.ZS,North Macedonia,MKD,..,..,..,..,..,..,..,..,..,..,..,..,..,..,..,..,..,..,..,..,..,..,..,..,..,..,..,..,..,..,..,17.1678565643729,17.1827076134643,17.4746199912509,17.6760789558203,18.045553220082,18.4214909701722,18.8683488765255,19.2761562506408,21.308147934123,21.6109667433472,23.8282043881387,22.7504958308851,19.8985141524474,18.9422222059948,22.6867942106623,22.4202094446327,21.8025111725899,22.8929834058451,22.4075757897298,22.1168877953291,21.9425813123438,22.0059153241328,23.4328595213876,22.7689940950514,21.7458833814632,19.4408796034363,18.6452765096335,18.3217048097391,16.6952890178874,13.7737918709469,12.6611227235597,12.154234727462,9.93863251143773,12.579395192586
"Vulnerable employment, total (% of total employment) (modeled ILO estimate)",SL.EMP.VULN.ZS,Northern Mariana Islands,MNP,..,..,..,..,..,..,..,..,..,..,..,..,..,..,..,..,..,..,..,..,..,..,..,..,..,..,..,..,..,..,..,..,..,..,..,..,..,..,..,..,..,..,..,..,..,..,..,..,..,..,..,..,..,..,..,..,..,..,..,..,..,..,..,..,..
"Vulnerable employment, total (% of total employment) (modeled ILO estimate)",SL.EMP.VULN.ZS,Norway,NOR,..,..,..,..,..,..,..,..,..,..,..,..,..,..,..,..,..,..,..,..,..,..,..,..,..,..,..,..,..,..,..,9.38071005712222,9.17840010703731,8.91717328923691,8.52455482339834,8.29979489359719,7.2379921501146,6.78918665678226,6.81988118871564,6.01536155863619,5.70277032409316,5.79634610352564,5.74975219526842,5.85097316947217,5.72086833282932,5.59523034709074,6.49624174500493,5.87661370054827,5.94686635531051,6.09759974073882,5.46874939400732,5.59821343360501,5.04095763981718,5.04326868617012,5.46793596928682,5.27408187605521,5.17861012386918,4.85388171341915,4.67151947860452,4.55558979363001,4.431540506287,4.26890048286429,4.25979829162327,4.26317646729594,4.23919482990342
"Vulnerable employment, total (% of total employment) (modeled ILO estimate)",SL.EMP.VULN.ZS,Oman,OMN,..,..,..,..,..,..,..,..,..,..,..,..,..,..,..,..,..,..,..,..,..,..,..,..,..,..,..,..,..,..,..,12.3783916916382,12.2436679297235,12.1468210579674,11.9454287438074,11.7171123106975,11.4864342476571,11.2336764103812,11.1710927412733,10.8659165948801,10.6357016994006,9.92099217487133,9.19941607420682,8.52879745998784,7.81664771123304,6.96127605221347,6.2304696634086,5.54751611864787,4.61543083880447,3.9580799274816,3.16099365064327,3.06770078325507,3.12254805243669,3.24775972955777,3.39018173930558,3.63380383644286,3.74932520061168,3.75095656180829,3.6627731756388,3.72802687603412,4.09999749454135,3.98988961736054,3.75362846120249,3.80182805139298,3.80316859061598
"Vulnerable employment, total (% of total employment) (modeled ILO estimate)",SL.EMP.VULN.ZS,Pakistan,PAK,..,..,..,..,..,..,..,..,..,..,..,..,..,..,..,..,..,..,..,..,..,..,..,..,..,..,..,..,..,..,..,65.8058015827943,65.6013327381774,65.2881814234301,65.1555647896585,65.0888579760852,65.0870881066016,62.6835707521573,64.0816613980445,64.0805598851035,63.8192594144384,63.8206691296191,59.5000007982855,59.4987908445629,61.4101033707847,58.3572959635726,58.0808303918694,58.3298467590148,59.5460498565565,59.4992070636391,59.8114982374454,59.2211394049988,59.0935516553742,58.9654742909403,59.133872651158,59.1906557434141,58.0468804707195,56.8594996339353,55.633329756432,58.2057950582167,57.5946787435974,56.3066464581518,56.0258160383079,55.8687963776163,55.7211382971002
"Vulnerable employment, total (% of total employment) (modeled ILO estimate)",SL.EMP.VULN.ZS,Palau,PLW,..,..,..,..,..,..,..,..,..,..,..,..,..,..,..,..,..,..,..,..,..,..,..,..,..,..,..,..,..,..,..,..,..,..,..,..,..,..,..,..,..,..,..,..,..,..,..,..,..,..,..,..,..,..,..,..,..,..,..,..,..,..,..,..,..
"Vulnerable employment, total (% of total employment) (modeled ILO estimate)",SL.EMP.VULN.ZS,Panama,PAN,..,..,..,..,..,..,..,..,..,..,..,..,..,..,..,..,..,..,..,..,..,..,..,..,..,..,..,..,..,..,..,34.2577813019579,34.1119582151931,33.853970388202,33.6847174711674,33.5101218399379,33.4202770940985,33.2638471168133,33.6480595446647,33.9781128525517,34.4057118159452,34.8894989704873,35.3216508149564,35.7060459548453,35.3777012615837,35.0705652607641,34.733102439688,32.3873455972921,27.2710448427256,32.9903160583164,32.6841498302018,30.7539452528439,30.9959845822266,31.6396947586313,31.6596830791414,32.4542826530367,34.0134481828309,34.2482889027159,36.0547926919118,38.0828098845862,38.2001163766001,37.7658761702027,42.1207766902643,36.0676492120657,37.9242638517097
"Vulnerable employment, total (% of total employment) (modeled ILO estimate)",SL.EMP.VULN.ZS,Papua New Guinea,PNG,..,..,..,..,..,..,..,..,..,..,..,..,..,..,..,..,..,..,..,..,..,..,..,..,..,..,..,..,..,..,..,75.0902051314677,74.7683152051602,74.4940562848932,74.3959681962906,74.3357019818896,74.2026229069814,74.3938867512156,74.4947953429433,74.4672723291741,74.3991108969447,74.5656386951266,74.7315321184782,74.714881006765,74.6761295874816,74.5493121058735,74.3711362399369,74.2410964520178,74.1262589397487,74.1532867692648,73.80781964147,73.7322586694221,73.7189264479887,73.628363241133,73.1220196138816,72.8062350605112,72.5794038796267,72.293761244485,72.1362684135271,71.9976496045366,72.2316293320791,71.7132569741121,71.3898208399615,71.4787048247142,71.3340167255996
"Vulnerable employment, total (% of total employment) (modeled ILO estimate)",SL.EMP.VULN.ZS,Paraguay,PRY,..,..,..,..,..,..,..,..,..,..,..,..,..,..,..,..,..,..,..,..,..,..,..,..,..,..,..,..,..,..,..,53.647432743478,53.6046468924825,53.5059599892988,53.407028732046,53.2126402408166,53.1007934452476,53.0031645552938,52.9199190885097,52.7543368561172,52.7977253709246,52.788742004595,52.7184907292074,50.4159941692873,51.7453760959427,48.0515886289771,47.9147693419074,45.556373923451,42.7392799589328,44.904289614289,42.0789657330733,41.4641621582157,42.1117817855873,38.2344501560093,37.2446361233513,38.7850907937032,39.1281703163587,36.7942385474886,37.6361397115738,36.8985214007282,40.7229513773516,39.6540635501631,37.3347799949593,36.2303155998669,36.4327335054968
"Vulnerable employment, total (% of total employment) (modeled ILO estimate)",SL.EMP.VULN.ZS,Peru,PER,..,..,..,..,..,..,..,..,..,..,..,..,..,..,..,..,..,..,..,..,..,..,..,..,..,..,..,..,..,..,..,58.5965109133307,58.9357735593413,59.074956925951,59.0370311288759,58.8220648296993,58.5670269955266,58.1021728907656,60.0765488143544,58.9305254146712,59.7778858847694,57.0522115460457,57.3732762606471,57.6414554267057,57.9215993478505,56.9553006909315,55.5520413210228,54.1375491900549,53.6930190397192,53.3004061698151,53.2760827851505,53.320510988175,51.8022036170935,51.375430231108,51.9023329766588,51.4989695717702,52.0266397920302,52.552111160275,52.9335908481099,52.6369706122722,53.1628698946316,49.775440054393,49.6637299884109,48.6156423897245,47.8975550154928
"Vulnerable employment, total (% of total employment) (modeled ILO estimate)",SL.EMP.VULN.ZS,Philippines,PHL,..,..,..,..,..,..,..,..,..,..,..,..,..,..,..,..,..,..,..,..,..,..,..,..,..,..,..,..,..,..,..,43.5563837755091,43.5898375163384,43.6046535007821,43.579085052827,43.5694346625563,43.3828513865047,43.1740749355178,43.163415004929,43.779987955798,42.705329549964,42.6112543896102,42.7080021429488,42.0798934386479,40.2084288709225,42.176860354964,41.9075334179743,41.0035892270681,40.750073252378,39.9084008240244,38.9525651325871,38.4180207411066,36.5873196677334,35.6065174792773,36.2354532744432,34.8469498091816,34.5004093033,33.1944885597978,31.9891108532916,32.2975875342189,33.974824433767,33.5918236552734,34.5174061547317,34.2583905496603,33.9269231826241
"Vulnerable employment, total (% of total employment) (modeled ILO estimate)",SL.EMP.VULN.ZS,Poland,POL,..,..,..,..,..,..,..,..,..,..,..,..,..,..,..,..,..,..,..,..,..,..,..,..,..,..,..,..,..,..,..,26.655687440316,29.1392575036597,29.863818337117,29.78342582069,28.5962136537738,28.4128976632885,28.3174148861459,28.0978927687203,28.0673867189519,28.7226044739642,29.4412029314046,29.4488635234118,28.5363762205865,27.9513416284819,26.9285112325263,25.6330414373936,24.6215526903288,24.0115444700855,23.7085323613599,23.8236299481348,23.6040450674272,23.0564421667561,22.4228658424439,21.8427242667217,21.6307956742069,21.0363269565791,20.6465800812769,20.403468622034,20.0413694790876,20.5919869878213,19.0588234263225,17.7973099008004,16.56065768225,15.1037645349738
"Vulnerable employment, total (% of total employment) (modeled ILO estimate)",SL.EMP.VULN.ZS,Portugal,PRT,..,..,..,..,..,..,..,..,..,..,..,..,..,..,..,..,..,..,..,..,..,..,..,..,..,..,..,..,..,..,..,19.6698525580583,18.2491835313658,18.4088654169738,19.5138599932188,19.7426425157197,20.0516071013641,19.9205391269362,20.6408285459989,19.4704828660278,19.1137609803942,19.4397121591536,19.0038558211762,18.7826463477235,17.9046063967963,17.7114971007845,16.8416690808892,16.8294732930152,16.4526387031952,16.2580115549484,15.6375419220633,14.4764859767598,14.8900650058631,14.7978514154899,13.2525160150446,12.3172723968206,11.8962123042733,11.3126137171573,11.0039773190079,11.0767436055774,11.10059702799,10.9255508514694,10.5043536639948,10.2186690811122,9.78146212627527
"Vulnerable employment, total (% of total employment) (modeled ILO estimate)",SL.EMP.VULN.ZS,Puerto Rico (US),PRI,..,..,..,..,..,..,..,..,..,..,..,..,..,..,..,..,..,..,..,..,..,..,..,..,..,..,..,..,..,..,..,12.9885350573247,12.5962264977387,12.4482103509075,12.6508798137406,12.6197296163178,12.2519962249345,12.2271430095941,11.6257241665702,12.1081756263501,11.9693308844221,11.4907222926604,12.2652081892668,11.864633185022,11.9425575512535,11.9705496551432,12.4574004970142,12.6407509661364,12.0972139211796,12.0989648470971,12.075009112981,12.5514587039914,12.8281008876069,11.8150194843795,10.7618924498179,9.71392883256154,11.1896743179516,12.6778117248969,13.6608662372666,12.2547221392038,10.5357456110094,10.3658723160416,10.3750268643886,10.3745362640621,10.3429689839387
"Vulnerable employment, total (% of total employment) (modeled ILO estimate)",SL.EMP.VULN.ZS,Qatar,QAT,..,..,..,..,..,..,..,..,..,..,..,..,..,..,..,..,..,..,..,..,..,..,..,..,..,..,..,..,..,..,..,1.66284424379233,1.49676063736648,1.47151765043852,1.37413013705346,1.25639037052278,1.17586362561534,0.819966465359904,0.953758923998735,0.714925212469052,0.367535213880266,0.490506919318139,0.533977903601426,0.588590874958951,0.534729968490218,0.399138670595001,0.514339780676583,0.554757217962479,0.469974938493212,0.893069798776463,0.668225728622296,0.39742106578587,0.308349874610098,0.240931252541097,0.200008151183776,0.242165743136165,0.236309247653622,0.23131094337514,0.283198812693433,0.486942862752798,0.595151824791335,0.406365085767321,0.470141578845495,0.443272761169379,0.451537435526326
"Vulnerable employment, total (% of total employment) (modeled ILO estimate)",SL.EMP.VULN.ZS,Romania,ROU,..,..,..,..,..,..,..,..,..,..,..,..,..,..,..,..,..,..,..,..,..,..,..,..,..,..,..,..,..,..,..,28.1264800646031,28.5811361946985,28.9401227221904,29.2644437168013,29.5367357299076,29.6932348575365,29.8496097865974,31.4051550492324,33.5113000599863,35.3207059255578,35.2674856585843,29.1503648602844,29.0318113560378,24.476454832139,25.1304884584466,23.6757686325431,23.4858279957386,22.3211624174582,22.5075303071175,24.6799144310149,22.8908665796654,23.0182362820783,22.5151997072202,21.8640122839819,18.9147162638236,16.7289025303272,16.4436686192616,15.4700537924496,14.5542901236642,14.1588337143858,13.6964450746488,13.4197241244954,13.3227318239018,13.2477609866641
"Vulnerable employment, total (% of total employment) (modeled ILO estimate)",SL.EMP.VULN.ZS,Russian Federation,RUS,..,..,..,..,..,..,..,..,..,..,..,..,..,..,..,..,..,..,..,..,..,..,..,..,..,..,..,..,..,..,..,3.52061163202306,3.94747384460602,4.29299112136683,4.80001679678829,5.25038946330765,5.46548363996919,6.19121786068651,6.20310811336081,6.20596788191039,6.07445240892216,5.90759443901757,5.86572488740826,5.8220193457994,5.74027939387648,5.71389861135257,5.63966112998212,5.58612099260047,5.52142394718722,5.74654318030858,5.56526473166804,5.86016336019545,5.76468174442149,6.03779355387631,5.91978405720421,5.96823571957404,6.24503027870332,5.32470688314795,5.43634022949716,5.3105572874315,5.44976455181605,5.43356978174351,5.26163184409599,5.19803885060721,5.0115954043712
"Vulnerable employment, total (% of total employment) (modeled ILO estimate)",SL.EMP.VULN.ZS,Rwanda,RWA,..,..,..,..,..,..,..,..,..,..,..,..,..,..,..,..,..,..,..,..,..,..,..,..,..,..,..,..,..,..,..,47.8820811105808,47.8823719422047,47.9450634307777,47.8245520995732,48.0830867809474,47.9797392313469,47.9578216269992,47.8374322750939,47.6967210011693,47.442825306718,47.0479605681158,46.5516855902596,46.2242548953821,45.8795037169426,45.5393579294088,45.2143037906732,44.9385974221122,44.6033603090321,44.3284520863695,44.0471833510497,43.7475934033246,43.4673043639227,43.2402384640715,43.0313030635298,42.7975632384509,42.5794939471748,42.1539814844502,42.1391018853725,41.8773612031353,42.4925911556522,37.0760418523457,37.9814501939121,40.1715872855134,39.8379854447349
"Vulnerable employment, total (% of total employment) (modeled ILO estimate)",SL.EMP.VULN.ZS,Samoa,WSM,..,..,..,..,..,..,..,..,..,..,..,..,..,..,..,..,..,..,..,..,..,..,..,..,..,..,..,..,..,..,..,46.006156984899,46.0274812463935,45.9630983153579,45.9083800453355,45.8523452387196,45.6165434509694,45.4383167527471,45.2211028357152,45.0463034818149,44.7686047313608,44.4281322325468,44.1317941317942,43.8174471930034,43.5664193515601,43.2718256645527,43.1098368626662,42.8887226792986,42.8218148245845,42.933912645781,42.8455456154308,42.7139652361969,42.752453725051,42.8259736876384,42.9156653710304,42.9280118160801,42.8294511550415,42.7455303647606,42.7301981411,42.5386394877125,42.1858362281146,41.6500762263474,42.0245623012537,42.0022616181513,41.8674424947722
"Vulnerable employment, total (% of total employment) (modeled ILO estimate)",SL.EMP.VULN.ZS,San Marino,SMR,..,..,..,..,..,..,..,..,..,..,..,..,..,..,..,..,..,..,..,..,..,..,..,..,..,..,..,..,..,..,..,..,..,..,..,..,..,..,..,..,..,..,..,..,..,..,..,..,..,..,..,..,..,..,..,..,..,..,..,..,..,..,..,..,..
"Vulnerable employment, total (% of total employment) (modeled ILO estimate)",SL.EMP.VULN.ZS,Sao Tome and Principe,STP,..,..,..,..,..,..,..,..,..,..,..,..,..,..,..,..,..,..,..,..,..,..,..,..,..,..,..,..,..,..,..,42.2075692011814,42.0522866986422,41.8938591847538,41.7289082288757,41.5211016192784,41.3190529875986,41.1793702631093,40.9399224806202,40.6441626480919,40.3881104531864,40.0035054919374,39.75397889582,39.4633873672443,39.1417707767518,38.761833847463,38.2299412407051,37.727959697733,37.44258770644,36.7509162739778,36.4738546968996,36.2136578769438,36.1001490835745,35.8708581138488,35.5418211784095,35.3311165418052,35.0550776536531,34.7584276039499,34.5227938721762,34.282173707038,35.9070244903945,35.3679165491965,35.2300323799244,35.1354019282024,35.0775256011042
"Vulnerable employment, total (% of total employment) (modeled ILO estimate)",SL.EMP.VULN.ZS,Saudi Arabia,SAU,..,..,..,..,..,..,..,..,..,..,..,..,..,..,..,..,..,..,..,..,..,..,..,..,..,..,..,..,..,..,..,6.12284894128962,6.00043808383876,5.91888278913784,5.79849218436439,5.67855853024903,5.51480066745271,5.45072643090924,5.51170962649226,5.35818514606597,5.10343350167899,5.09556038081694,5.05346203975553,4.86643331146696,4.61537059789981,4.27471479902367,4.03576955670424,3.83336588875602,3.51779952857788,3.62880743227026,3.31607854559994,2.89900839820271,2.62560543280954,2.45594682538784,2.28462722889923,2.3663067286073,2.28744215208108,2.17086355589604,1.69420116807041,3.24079973092822,2.50862661157698,2.24482025584916,1.79501458482731,1.57374630001703,1.69797108537072
"Vulnerable employment, total (% of total employment) (modeled ILO estimate)",SL.EMP.VULN.ZS,Senegal,SEN,..,..,..,..,..,..,..,..,..,..,..,..,..,..,..,..,..,..,..,..,..,..,..,..,..,..,..,..,..,..,..,67.8869107470278,67.9192659271074,67.9510846843292,67.9318692198102,67.9171440558821,67.8919465069152,67.8647481638576,67.7758757527529,67.6713333740906,67.5439772101079,67.4094487544746,67.3361989620528,67.227671629351,67.0814908817138,66.9621776295009,66.8579411986447,66.7621788877072,66.7007723663536,66.6382087725508,66.51743911433,66.4020296201262,66.7561475391985,66.6762819884755,66.1968320905702,65.7912294059009,70.608725190609,68.292316198573,66.0701706723963,63.8569357989007,64.9042299744272,64.1867782898778,63.7301648214595,63.5514222455658,63.3288036973486
"Vulnerable employment, total (% of total employment) (modeled ILO estimate)",SL.EMP.VULN.ZS,Serbia,SRB,..,..,..,..,..,..,..,..,..,..,..,..,..,..,..,..,..,..,..,..,..,..,..,..,..,..,..,..,..,..,..,36.2210562773431,36.1532543411607,36.0855700443372,36.019434680427,35.928479664352,35.7621490219441,35.5282245389099,35.2354029608596,35.0853124142947,34.9126074439141,34.6834069636284,34.4177727528783,34.0836199534882,33.6622095977583,33.2135317523254,32.7543685474221,32.2538867524581,31.7641142566824,30.8923244429888,31.1314554545562,28.5643429811022,28.4204058344184,28.2572842221001,28.1396206590348,26.384807886842,28.0683656013172,27.2580928231229,24.6704834461949,24.3366747982905,23.9035890568031,24.3037407198294,24.0710644765474,24.0494455233662,24.1105838439042
"Vulnerable employment, total (% of total employment) (modeled ILO estimate)",SL.EMP.VULN.ZS,Seychelles,SYC,..,..,..,..,..,..,..,..,..,..,..,..,..,..,..,..,..,..,..,..,..,..,..,..,..,..,..,..,..,..,..,..,..,..,..,..,..,..,..,..,..,..,..,..,..,..,..,..,..,..,..,..,..,..,..,..,..,..,..,..,..,..,..,..,..
"Vulnerable employment, total (% of total employment) (modeled ILO estimate)",SL.EMP.VULN.ZS,Sierra Leone,SLE,..,..,..,..,..,..,..,..,..,..,..,..,..,..,..,..,..,..,..,..,..,..,..,..,..,..,..,..,..,..,..,89.1447141536036,89.4729091033632,89.6922057351534,89.8642794075577,90.0971159707145,90.2154502085717,90.3763149567197,90.4474168016118,90.4932607016328,90.4080480198692,90.5342525091019,90.3074383486426,89.9871973929236,89.6496758033007,89.3575283011578,89.0796114838197,88.7643250144391,88.4825838383909,88.2571295293364,88.0240889191167,87.8205294606846,87.4295836435811,86.8263262841576,86.4174200982451,86.5360546223957,86.453582297112,86.4075251683012,86.3202964836759,86.2210676719891,87.4636319615755,86.9520389016352,86.766097222455,86.4983984141748,86.274163949486
"Vulnerable employment, total (% of total employment) (modeled ILO estimate)",SL.EMP.VULN.ZS,Singapore,SGP,..,..,..,..,..,..,..,..,..,..,..,..,..,..,..,..,..,..,..,..,..,..,..,..,..,..,..,..,..,..,..,8.10830038995121,7.6821903222839,7.65046975739908,7.86738863927356,6.5493777083616,9.04904673411797,8.21438852279182,9.29782404543963,9.51661131566914,9.79140548721663,10.1990563339464,9.94411234950248,9.7115845076237,10.1457977343586,10.0905427691334,10.0122430035824,10.2761624744053,9.98327191788534,9.83740075740833,9.1798497996429,9.58980117120697,9.28157431368887,8.65673903410736,9.2849592525659,8.27319995699337,8.52429617566227,8.72759985450916,8.89357181335446,9.16541056209865,9.68474174390962,9.71401945721408,9.19152251402134,9.06840038273305,9.42642739829392
"Vulnerable employment, total (% of total employment) (modeled ILO estimate)",SL.EMP.VULN.ZS,Sint Maarten (Dutch part),SXM,..,..,..,..,..,..,..,..,..,..,..,..,..,..,..,..,..,..,..,..,..,..,..,..,..,..,..,..,..,..,..,..,..,..,..,..,..,..,..,..,..,..,..,..,..,..,..,..,..,..,..,..,..,..,..,..,..,..,..,..,..,..,..,..,..
"Vulnerable employment, total (% of total employment) (modeled ILO estimate)",SL.EMP.VULN.ZS,Slovak Republic,SVK,..,..,..,..,..,..,..,..,..,..,..,..,..,..,..,..,..,..,..,..,..,..,..,..,..,..,..,..,..,..,..,6.73140893923276,7.81905464961565,8.1296765090319,8.06306391332252,8.20005865650574,8.10708655196314,7.69041561678173,7.27160288925215,7.89246684056345,8.13619492995794,8.52939455815691,8.78663686620708,9.33801495568854,9.99217776084283,10.4643862108391,10.9316069138003,11.4091987641676,11.5648430550915,12.4085689546104,12.8425346650569,12.8677089021333,12.8711021710862,12.8696196859551,12.4795729988755,12.4714316446743,12.6787550670292,12.4594216744778,12.3161043536917,12.4733257375334,12.4747441106597,12.0801465035228,12.3414458607171,12.4017512016968,11.8354436540986
"Vulnerable employment, total (% of total employment) (modeled ILO estimate)",SL.EMP.VULN.ZS,Slovenia,SVN,..,..,..,..,..,..,..,..,..,..,..,..,..,..,..,..,..,..,..,..,..,..,..,..,..,..,..,..,..,..,..,14.5360130202967,14.9220134662726,15.4825390759174,17.3492647015959,16.4086203588714,16.2664456030492,18.4874868230976,18.4277371216174,17.4815446055225,16.2282211660981,16.6381755800986,15.8983742774177,15.2110034871927,16.3620249072764,15.8202440249268,15.7383953970157,15.3531864493792,14.4092832298573,15.7939838161255,15.4826470098405,14.8156992766563,14.5430835611988,15.3233834125503,16.4774622190543,14.5917012980378,12.7815368110266,13.0605447220858,12.8872104569205,11.5474620778702,11.5403921376583,11.2005471802566,11.1881036393213,10.9647991555924,10.7672749413442
"Vulnerable employment, total (% of total employment) (modeled ILO estimate)",SL.EMP.VULN.ZS,Solomon Islands,SLB,..,..,..,..,..,..,..,..,..,..,..,..,..,..,..,..,..,..,..,..,..,..,..,..,..,..,..,..,..,..,..,74.0233310794398,73.7329208722662,73.4950991817658,73.1323877770324,72.5629378882345,72.2607844445927,72.1672917987684,72.1106298455155,72.0225769485937,72.3321155311024,72.7515621024061,73.0036278911908,73.0860955545432,72.9782667492606,72.8473767138788,72.4985663037427,72.160082809952,71.7620418097933,71.3523462703109,70.8827859048671,70.2439562459785,69.9696645504582,69.7947965670157,69.5520436108431,69.4972619173416,69.336087553099,69.1362991144034,68.9842290817059,68.84400849407,69.7755727926143,69.1414556873371,69.0424833768775,68.9487909474215,68.7991269939351
"Vulnerable employment, total (% of total employment) (modeled ILO estimate)",SL.EMP.VULN.ZS,"Somalia, Fed. Rep.",SOM,..,..,..,..,..,..,..,..,..,..,..,..,..,..,..,..,..,..,..,..,..,..,..,..,..,..,..,..,..,..,..,51.6108959898993,51.4721599760525,51.3391994355453,51.5865930895232,51.7707761720407,51.8525198697365,51.9181467113924,51.9040630310521,51.8145306206838,51.6651781007139,51.4634906619974,51.2275695833699,50.9177097262866,50.5876430733592,50.2436190523226,49.9059986064484,50.0089018011208,49.5539869431271,49.0923328451083,48.6246895852882,48.1335077945999,47.7763994563787,47.3947902223592,47.0298985999989,46.6641931415805,46.3520544663466,45.9863129751675,45.7263116662369,45.5444702850766,46.6617912364141,46.1279568402807,46.1199827529124,46.0895176612681,46.041100924009
"Vulnerable employment, total (% of total employment) (modeled ILO estimate)",SL.EMP.VULN.ZS,South Africa,ZAF,..,..,..,..,..,..,..,..,..,..,..,..,..,..,..,..,..,..,..,..,..,..,..,..,..,..,..,..,..,..,..,11.8691035254104,11.9070070473531,11.9066678059058,11.8498652161574,11.7558557809675,11.6015790891841,11.444540797025,11.2664588984351,11.0618955034736,10.8542944515209,11.1841653983179,11.0764812594225,10.933164213919,10.6926506633968,11.493206122415,11.4051682676142,10.39877248942,10.1976394135865,10.0888738153306,10.1545710040399,10.1369711997726,10.0906489938623,9.52926646479828,8.82636479182335,9.42880408267633,9.58536150079461,9.92107982241673,10.324177271824,10.668395469952,10.682084671115,11.0435630477309,11.2608247273771,10.9086745806021,11.6964885512944
"Vulnerable employment, total (% of total employment) (modeled ILO estimate)",SL.EMP.VULN.ZS,South Sudan,SSD,..,..,..,..,..,..,..,..,..,..,..,..,..,..,..,..,..,..,..,..,..,..,..,..,..,..,..,..,..,..,..,83.7053827130055,82.9894726934535,82.3315897932622,82.2005974588766,82.1377385409644,82.1067120799658,81.5155351598713,81.0205609878268,80.7063537944466,80.4746794864322,80.3094331948779,80.1949136199655,80.0935975289859,80.0582405861693,80.0456942029499,79.995692277832,79.924407430712,79.8830403536594,80.332793435217,80.4532176615233,80.7741314107578,82.2352754484683,82.8148364133026,82.7410626395525,82.8557631732366,82.985290998798,82.6444067150927,82.0676985980013,81.4697594840917,81.7321582386401,81.1156511767052,80.5251263012678,80.2629920494231,..
"Vulnerable employment, total (% of total employment) (modeled ILO estimate)",SL.EMP.VULN.ZS,Spain,ESP,..,..,..,..,..,..,..,..,..,..,..,..,..,..,..,..,..,..,..,..,..,..,..,..,..,..,..,..,..,..,..,20.3235458109543,20.5334059127928,20.54383436803,20.3107990880917,19.5551610828307,19.1610668249456,18.1772636462794,17.3381772541787,16.1969107147247,15.0731154369274,14.8125825254814,13.9568237287512,13.3292531276294,13.19560134426,13.2232674707966,12.9261182981476,12.6417687075876,12.7359392540713,12.1127144881471,12.11600969174,11.8356312134069,12.3002839913515,12.653717918517,13.0088582600047,12.5780503092451,11.9822538942882,11.9498951108739,11.4298620158285,11.1066859737622,11.5767623379317,11.4380024416856,10.8344079188734,10.4141698214737,10.259326930839
"Vulnerable employment, total (% of total employment) (modeled ILO estimate)",SL.EMP.VULN.ZS,Sri Lanka,LKA,..,..,..,..,..,..,..,..,..,..,..,..,..,..,..,..,..,..,..,..,..,..,..,..,..,..,..,..,..,..,..,41.9963638207253,41.8426096766938,41.6599200169158,41.7742799811201,41.7034521911223,41.5917982912576,41.4310264865979,45.6251206477101,43.651932037029,44.538658657666,42.2384570482462,42.4793133656455,42.6200864189435,40.7507484488338,40.7601404030283,44.4183770000018,43.8096255539141,44.1505016003952,42.91663623822,42.526501914354,42.0517276431325,40.7389748808513,40.6740563470328,40.2110680638108,40.7502738937489,39.4440853841471,39.3105155240346,39.437097009348,39.52341503082,40.0119462879215,39.9962974738114,39.0627287490868,39.2992566916584,39.3451301107437
"Vulnerable employment, total (% of total employment) (modeled ILO estimate)",SL.EMP.VULN.ZS,St. Kitts and Nevis,KNA,..,..,..,..,..,..,..,..,..,..,..,..,..,..,..,..,..,..,..,..,..,..,..,..,..,..,..,..,..,..,..,..,..,..,..,..,..,..,..,..,..,..,..,..,..,..,..,..,..,..,..,..,..,..,..,..,..,..,..,..,..,..,..,..,..
"Vulnerable employment, total (% of total employment) (modeled ILO estimate)",SL.EMP.VULN.ZS,St. Lucia,LCA,..,..,..,..,..,..,..,..,..,..,..,..,..,..,..,..,..,..,..,..,..,..,..,..,..,..,..,..,..,..,..,17.5295386037096,17.3434036967702,17.3746966339559,19.261574121981,18.9988827707286,22.6797052598573,20.0704012873378,20.469306930693,19.7067448680352,22.4830927978805,22.650942410201,22.7708641545557,22.6893972340611,22.5919850011718,22.5913674099049,22.5366734371474,22.692611474115,22.7847400890807,22.8133856398944,22.8934839367242,22.8574224757431,22.8243506275589,22.8238463018443,22.7244582043343,22.6849473836711,22.6425537392199,22.6460793218287,23.0193092465413,24.7723678535487,23.6990843340377,22.8372013246605,24.1074788334902,23.9216658403569,22.1015889095654
"Vulnerable employment, total (% of total employment) (modeled ILO estimate)",SL.EMP.VULN.ZS,St. Martin (French part),MAF,..,..,..,..,..,..,..,..,..,..,..,..,..,..,..,..,..,..,..,..,..,..,..,..,..,..,..,..,..,..,..,..,..,..,..,..,..,..,..,..,..,..,..,..,..,..,..,..,..,..,..,..,..,..,..,..,..,..,..,..,..,..,..,..,..
"Vulnerable employment, total (% of total employment) (modeled ILO estimate)",SL.EMP.VULN.ZS,St. Vincent and the Grenadines,VCT,..,..,..,..,..,..,..,..,..,..,..,..,..,..,..,..,..,..,..,..,..,..,..,..,..,..,..,..,..,..,..,20.2727349252223,20.1900953215734,20.2103337905807,20.2865040131824,20.2631647788213,20.3240860772621,20.291113381001,20.246644167576,20.4105247270715,20.4912896352926,20.6289779108948,20.6369051996764,20.630344960123,20.5364745955152,20.5843760251184,20.6048405756861,20.4834459846489,20.6633001228334,20.893615079184,21.1672134156133,21.4007067786498,21.5725760314882,21.6853779373665,21.8589772675711,21.9522137923225,22.0315608609151,22.0196353436185,22.0032134694155,22.1396089131424,22.7824572961272,22.6465134836999,22.3766568483063,22.2095930893385,22.176651862594
"Vulnerable employment, total (% of total employment) (modeled ILO estimate)",SL.EMP.VULN.ZS,Sudan,SDN,..,..,..,..,..,..,..,..,..,..,..,..,..,..,..,..,..,..,..,..,..,..,..,..,..,..,..,..,..,..,..,43.2988755841036,43.2387198246074,43.2332882853585,43.4429179154202,43.3642053436675,43.0574266911697,42.3049170749166,41.7389534657944,41.3740000747593,41.0405632061464,40.6139144393946,40.1943214902781,39.9630135208813,39.763734484743,39.5097498793217,39.3118871873968,38.6326185176938,38.5266121027067,38.8352286479497,39.0368588684501,39.2664544230272,39.5815031602764,39.8679665673917,39.8119648926251,40.165761583908,40.3143813505549,40.7288036338678,40.994427491401,41.2571477085569,40.977793682228,40.0867048815628,39.6653000762195,..,..
"Vulnerable employment, total (% of total employment) (modeled ILO estimate)",SL.EMP.VULN.ZS,Suriname,SUR,..,..,..,..,..,..,..,..,..,..,..,..,..,..,..,..,..,..,..,..,..,..,..,..,..,..,..,..,..,..,..,16.3530849702138,16.1660101724732,15.8358101202922,15.2536446285438,13.7467367293661,17.0561316595995,18.2327744462122,17.1564064004329,17.4384931935409,17.6527022705469,17.8227130386988,18.1865096020862,18.2345994882898,18.2271136198796,18.150061500615,18.0113346727038,17.8930069071194,17.858832245747,17.8791765927555,17.968417241673,18.0644656955989,18.2186483020757,18.4271478588742,18.6571629623602,19.0979286218718,19.3036260295482,19.4536674391395,19.5492755422349,19.6085019483268,19.3949498430558,18.7338249491236,18.8820662207092,18.853572870583,18.6672861106731
"Vulnerable employment, total (% of total employment) (modeled ILO estimate)",SL.EMP.VULN.ZS,Sweden,SWE,..,..,..,..,..,..,..,..,..,..,..,..,..,..,..,..,..,..,..,..,..,..,..,..,..,..,..,..,..,..,..,7.6185236912559,8.16196110713593,8.95512041020897,9.19695113550836,10.0049597066258,9.95644821009307,9.55783879600798,9.24652409084755,9.21693305330817,8.83491288401708,8.46955963411775,8.42356267468423,8.14186259716065,8.17640395509125,8.13942977275786,8.14175862455872,7.99765084972964,7.83128232566435,8.06355847588136,8.2208205677918,7.81902514980134,7.85516991332714,7.95406884459979,7.77281432725019,7.68505802669591,7.48049551789,7.36701250653476,7.22337017397752,7.29201365305831,7.45304045903179,7.27547146058212,7.08441503324903,7.03710979747757,6.94901143325659
"Vulnerable employment, total (% of total employment) (modeled ILO estimate)",SL.EMP.VULN.ZS,Switzerland,CHE,..,..,..,..,..,..,..,..,..,..,..,..,..,..,..,..,..,..,..,..,..,..,..,..,..,..,..,..,..,..,..,14.2318062158845,14.1959326538742,14.1879730134306,14.1616541110266,14.1460492651549,14.1193571477869,14.5679297290557,14.6750237208963,14.6942941906675,13.8664727934079,13.6896410785982,13.1615678442631,12.6772464962902,12.1083400707435,11.9033994882663,11.8965524026726,12.3705200560247,11.7881402861207,11.273626922439,11.5490005534118,11.3166107857827,11.0492703473196,11.2783784856748,10.9091029999014,10.2687812048554,10.1643721006382,10.1563032760055,9.99332462166162,9.53885023119349,9.30594102223025,9.62881873020718,9.74750320571686,9.68043706798858,9.59967248973297
"Vulnerable employment, total (% of total employment) (modeled ILO estimate)",SL.EMP.VULN.ZS,Syrian Arab Republic,SYR,..,..,..,..,..,..,..,..,..,..,..,..,..,..,..,..,..,..,..,..,..,..,..,..,..,..,..,..,..,..,..,46.745706944898,46.4969082542213,46.2011311377716,45.8179831773206,45.3559339708901,44.5693257830317,43.9350632223124,43.1488292542645,42.773383227858,42.5309221610693,42.4189686563884,41.1990031658493,39.8437351045261,38.4084757213544,36.6554056829291,35.0018185488859,37.7678985103848,31.0351737584413,34.1909418556565,32.5970492709212,32.9356533716409,33.9368816533561,35.9569747846481,37.4914907363948,38.1040881240954,38.7448700749437,38.9692717078294,39.0509739373421,39.0248302528256,39.5129176419703,38.8700320354633,39.105087522778,38.8330069583425,38.8423845666035
"Vulnerable employment, total (% of total employment) (modeled ILO estimate)",SL.EMP.VULN.ZS,Tajikistan,TJK,..,..,..,..,..,..,..,..,..,..,..,..,..,..,..,..,..,..,..,..,..,..,..,..,..,..,..,..,..,..,..,23.3199053800485,23.9506162671466,24.632357706143,25.4629713479789,25.9045249947577,26.5514767934875,27.1428000741259,27.6153825892847,27.6342491666255,27.7225378045299,27.5097344098287,27.2979880662076,27.033785908314,26.9152506991871,26.9187889082958,26.7504588853347,26.6184289029488,29.0270039148294,31.5734738131595,31.2997948760221,31.1958457916342,30.9649507973375,30.7529508062865,30.4690108291947,30.2575356134657,29.907070862064,29.7177066416321,29.398749476801,29.1702576642148,28.9916333364029,28.7102798037506,28.466627579727,28.5289289452113,28.2506304116917
"Vulnerable employment, total (% of total employment) (modeled ILO estimate)",SL.EMP.VULN.ZS,Tanzania,TZA,..,..,..,..,..,..,..,..,..,..,..,..,..,..,..,..,..,..,..,..,..,..,..,..,..,..,..,..,..,..,..,90.9553266784427,90.7990296772525,90.7019433591491,90.6700222768039,90.6225570263724,90.536351264206,90.433565511906,90.297970880026,90.1514005857639,89.9955580460784,89.8016290840253,89.5547444186093,89.2518310979655,88.9324839718789,88.5909245012855,88.2460846158209,87.9144926831319,87.5768212890047,87.2922376235665,86.9696338449131,86.7450956484371,86.4700209879858,86.1759635426955,85.884077776924,85.6128898007495,85.3318381384013,85.0445977607583,84.7572091184033,84.4781408794749,84.9585748486221,84.4659525129507,84.2489653322953,84.0442207117152,83.863066555607
"Vulnerable employment, total (% of total employment) (modeled ILO estimate)",SL.EMP.VULN.ZS,Thailand,THA,..,..,..,..,..,..,..,..,..,..,..,..,..,..,..,..,..,..,..,..,..,..,..,..,..,..,..,..,..,..,..,67.7850483765378,67.0068061554633,64.2912749188033,63.9951402791749,62.0213008293855,60.3650537874618,60.6790997192261,61.5251314157212,59.4171308338833,59.548129013531,57.2372741975669,57.3295406513314,56.6771886572708,53.583412836229,53.6765006109511,53.8176024608438,55.4387969757383,54.6707750689738,53.0593254359251,52.7124341125342,55.3811294752686,55.9679533802875,54.8578460659682,49.6768223947998,48.7320077388859,48.1136717457096,47.8973036683746,48.7818153109021,47.7419198534858,48.0926725618564,50.3658119706045,49.729756400914,49.7201215492207,48.1425368175888
"Vulnerable employment, total (% of total employment) (modeled ILO estimate)",SL.EMP.VULN.ZS,Timor-Leste,TLS,..,..,..,..,..,..,..,..,..,..,..,..,..,..,..,..,..,..,..,..,..,..,..,..,..,..,..,..,..,..,..,63.3770643916206,63.0213910480102,62.6077135189699,62.4125065338469,62.1864035666236,61.93634597391,61.7417320377964,61.923939778901,61.6915749908872,61.3208203472841,60.9616868418778,60.7939151546428,60.846624665496,60.9809590270163,60.9652401547298,61.0141765191672,60.9268703093869,60.627460089428,60.3086757720594,59.9809475575493,59.4351995968739,59.0717880892024,58.5247470298645,58.3563134583365,58.0281785501947,57.7844485410127,57.8885788857889,57.9307817668103,57.0387833472251,57.6282097263376,57.1812068676051,57.3174735632498,58.8010507517096,58.7958082616923
"Vulnerable employment, total (% of total employment) (modeled ILO estimate)",SL.EMP.VULN.ZS,Togo,TGO,..,..,..,..,..,..,..,..,..,..,..,..,..,..,..,..,..,..,..,..,..,..,..,..,..,..,..,..,..,..,..,82.275093376402,82.3263914588813,82.6031210882844,82.6154509428014,82.5307494151073,82.3970168385481,82.121129508047,82.0046160272521,81.8693755350707,81.7839571545281,81.7712793500423,81.7196325603711,81.6210233501365,81.5844561564686,81.6294315580731,81.6256359546877,81.6427331685432,81.6641933300631,81.6064649324821,81.4795363739095,81.2913168903166,81.1038035673548,80.8185915014099,80.5090782429062,80.2507813639408,79.9173963692734,79.5206668772319,79.0881662731161,78.7441430230892,79.0328036929024,77.3754575438599,75.9643653484896,75.7108704513656,75.4593427790663
"Vulnerable employment, total (% of total employment) (modeled ILO estimate)",SL.EMP.VULN.ZS,Tonga,TON,..,..,..,..,..,..,..,..,..,..,..,..,..,..,..,..,..,..,..,..,..,..,..,..,..,..,..,..,..,..,..,41.2677371735005,41.1222385861561,41.0562082469477,40.9247835191579,40.6261531038006,40.4348198236755,40.4129709380258,40.3107368659806,40.1804850535815,40.0477393990452,39.9584876023785,39.828963970279,39.6985631133481,39.6798138710392,39.6969696969697,39.8950907868191,39.908589864229,39.873417721519,39.8852762216207,39.8354152147108,39.6486892995273,39.4978154161497,39.4541751527495,39.321718167872,39.1226276968977,38.7427552385199,38.3036014809828,37.9293852862568,37.0820496876855,36.5055053030084,35.3781512605042,34.7327907864971,34.0405849000298,33.9423222104787
"Vulnerable employment, total (% of total employment) (modeled ILO estimate)",SL.EMP.VULN.ZS,Trinidad and Tobago,TTO,..,..,..,..,..,..,..,..,..,..,..,..,..,..,..,..,..,..,..,..,..,..,..,..,..,..,..,..,..,..,..,20.4645244494325,21.0494770962021,21.8473213984369,21.7690596673363,21.466092088336,20.1125196407238,19.4064309369519,18.4204653566521,19.0852534518469,18.2772670963406,18.12886857282,17.4398474898199,17.0497811259289,16.5143624092115,16.2394568380214,16.1874640598045,16.3361229789479,16.4063519622953,16.6512621560875,16.5562121259138,17.3327096966136,15.8997311632638,16.231676235981,16.7910122348162,16.7595473252775,18.1835188476288,18.8501540165438,19.4956959199856,20.1536588580605,21.6414454851151,20.7055131985903,21.2792385868688,21.1489353259776,21.2151464426744
"Vulnerable employment, total (% of total employment) (modeled ILO estimate)",SL.EMP.VULN.ZS,Tunisia,TUN,..,..,..,..,..,..,..,..,..,..,..,..,..,..,..,..,..,..,..,..,..,..,..,..,..,..,..,..,..,..,..,28.2622043506766,27.811093043379,27.5972667095562,27.3592589159195,27.2893464002326,26.986770305814,26.5738849308873,26.3049008730346,25.8683494326051,25.4214858562806,25.0720735905403,25.0755391995885,24.8274722747475,24.3582883731475,24.1439265750956,24.7427422277601,23.479364674802,22.5159692675783,22.1157592803221,23.1626532694612,21.3459053035976,20.0137669158038,19.1390552570924,19.1905762370604,19.6584141515955,20.4302187304746,18.313333870308,18.6910929000217,19.102588165739,18.6691920536578,18.1254623760128,17.9540685936227,18.1042841059229,18.02527625894
"Vulnerable employment, total (% of total employment) (modeled ILO estimate)",SL.EMP.VULN.ZS,Turkiye,TUR,..,..,..,..,..,..,..,..,..,..,..,..,..,..,..,..,..,..,..,..,..,..,..,..,..,..,..,..,..,..,..,47.3290582229435,47.1286599710726,46.8815405299676,46.7486241753248,46.5489259191743,46.2861478949,46.1099612816426,45.7475143048701,45.4360590284753,44.9542249430927,46.2065788421652,43.3661355141527,43.0664758628225,39.1052860097717,36.5951513610048,34.0668497411817,32.4511473807858,31.7572930531861,32.9455526193671,32.4345095590541,31.7790811091608,30.727703994997,29.9417878200711,29.5939640712044,28.8142296804772,28.0716480856355,28.3715601440239,27.7291319199479,27.2453632622777,25.8718429248838,25.5227753796423,24.8219911815549,23.9397520247123,24.2129995221766
"Vulnerable employment, total (% of total employment) (modeled ILO estimate)",SL.EMP.VULN.ZS,Turkmenistan,TKM,..,..,..,..,..,..,..,..,..,..,..,..,..,..,..,..,..,..,..,..,..,..,..,..,..,..,..,..,..,..,..,37.4552513673706,37.6193630125601,37.5392738697853,37.7091108698102,38.2541850077449,38.5317135371766,38.8371573414011,38.9879607989474,38.9120522070397,38.7202840987633,38.3977935988712,38.1164586036316,37.79674817518,37.4227304293229,36.9107285515124,36.3171235709096,35.6280210076927,34.9556307638715,34.2871349259306,33.6545435765934,33.039984078613,32.4505207829223,31.9180930780941,31.4381369547712,31.0326920548666,30.689600297774,30.3998710659558,30.1461192725785,29.9088611766437,29.415563976255,29.02926029527,28.7938838195637,28.552110037468,28.4015745226903
"Vulnerable employment, total (% of total employment) (modeled ILO estimate)",SL.EMP.VULN.ZS,Turks and Caicos Islands,TCA,..,..,..,..,..,..,..,..,..,..,..,..,..,..,..,..,..,..,..,..,..,..,..,..,..,..,..,..,..,..,..,..,..,..,..,..,..,..,..,..,..,..,..,..,..,..,..,..,..,..,..,..,..,..,..,..,..,..,..,..,..,..,..,..,..
"Vulnerable employment, total (% of total employment) (modeled ILO estimate)",SL.EMP.VULN.ZS,Tuvalu,TUV,..,..,..,..,..,..,..,..,..,..,..,..,..,..,..,..,..,..,..,..,..,..,..,..,..,..,..,..,..,..,..,..,..,..,..,..,..,..,..,..,..,..,..,..,..,..,..,..,..,..,..,..,..,..,..,..,..,..,..,..,..,..,..,..,..
"Vulnerable employment, total (% of total employment) (modeled ILO estimate)",SL.EMP.VULN.ZS,Uganda,UGA,..,..,..,..,..,..,..,..,..,..,..,..,..,..,..,..,..,..,..,..,..,..,..,..,..,..,..,..,..,..,..,82.2079073826501,82.0384304293767,81.8368098017854,81.6137133261685,81.3224018503388,80.9945213901407,80.6943162033357,80.4381505449212,80.1649633317562,79.94927276175,79.7481274819067,79.5113857909941,79.2797781930526,79.0320476423724,78.7834671263834,78.4883843441147,78.1600307425228,77.831343116626,77.595356172073,77.2775570574165,76.9780082339159,76.7731763399305,76.4810896288308,76.5624107661674,76.4542928752145,76.4551633742365,76.475481890777,76.190708921356,75.8851730697807,75.8178590037174,75.2097418736505,75.0346602818732,74.8270512389391,74.5763543770105
"Vulnerable employment, total (% of total employment) (modeled ILO estimate)",SL.EMP.VULN.ZS,Ukraine,UKR,..,..,..,..,..,..,..,..,..,..,..,..,..,..,..,..,..,..,..,..,..,..,..,..,..,..,..,..,..,..,..,17.9232309647081,18.2870508917004,19.1215217195776,19.3972545332174,19.8247903159649,20.2111502926906,20.5330621064293,20.6573407402375,20.583330855602,20.5592670834122,20.4739771426765,20.2534218787565,19.9544473819449,19.6987642133937,19.32881128767,19.0411919830848,18.8203886534046,18.6972651620485,18.7349629798453,18.6236082464782,18.5191088469257,18.5913837161919,18.6742154644083,18.6469462945905,18.6692410664742,18.6679680431147,18.7291267988014,18.7433625894139,19.4069037716991,19.3383591675666,19.0171916537024,..,..,..
"Vulnerable employment, total (% of total employment) (modeled ILO estimate)",SL.EMP.VULN.ZS,United Arab Emirates,ARE,..,..,..,..,..,..,..,..,..,..,..,..,..,..,..,..,..,..,..,..,..,..,..,..,..,..,..,..,..,..,..,0.218205261722334,0.22070049193354,0.227483677334742,0.230944337219664,0.230176391940564,0.226249490731836,0.221142994813792,0.22691181079477,0.232238188821802,0.228771603724688,0.23557602567981,0.275469273349458,0.274682281638935,0.250784539371422,0.246177725495406,0.260444486775702,0.287786784353692,0.318188339668984,0.525150464255588,0.607486075437938,0.483067009435662,0.561142625366092,0.636339242197725,0.57178377857936,0.779650834551746,0.808071677244697,0.751495776869112,0.953032968752257,1.40478186930735,1.43345340477155,1.1035100524838,1.14601532538992,1.60374551990489,1.57911526410985
"Vulnerable employment, total (% of total employment) (modeled ILO estimate)",SL.EMP.VULN.ZS,United Kingdom,GBR,..,..,..,..,..,..,..,..,..,..,..,..,..,..,..,..,..,..,..,..,..,..,..,..,..,..,..,..,..,..,..,11.3305557997708,11.0924411076816,10.9427264799045,11.1497854990854,11.0777308120545,10.6749434006224,10.4769196395904,10.0338806513699,10.052635501396,9.69436663073989,9.60779413351675,9.63680739768636,10.100460451629,10.1794412970594,10.0520045039508,10.2881281471454,10.4943830183185,10.5256766322784,10.8207595895658,11.3554790283189,11.6666074319968,12.1332907955343,11.9804748001539,12.7070175483877,12.5442364442758,12.8656555388247,12.9696842585767,13.0346670597528,12.8689404472607,12.494973728953,11.7900980563197,11.7474589546434,11.8606529577705,11.608541033165
"Vulnerable employment, total (% of total employment) (modeled ILO estimate)",SL.EMP.VULN.ZS,United States,USA,..,..,..,..,..,..,..,..,..,..,..,..,..,..,..,..,..,..,..,..,..,..,..,..,..,..,..,..,..,..,..,4.75422456029331,4.66415773962441,4.78405398974345,4.77416360126776,4.71167487708139,4.73121347143798,4.69367143387487,4.54621854029418,4.40967910627149,4.36890669699113,4.34815620378764,4.31130371223034,4.44578958506753,4.45408259671141,4.38411289340762,4.32202395887688,4.19449703914943,4.07416655287361,4.15705280173176,4.15926584168371,4.07259887669515,4.07535743103086,4.0277050197679,3.98332916779183,4.01903097374602,4.02570619192093,3.98095082402989,4.02366659006327,3.93462654039839,3.95644039443845,4.02475791685968,3.86455082663516,3.75894143719088,3.85135079514778
"Vulnerable employment, total (% of total employment) (modeled ILO estimate)",SL.EMP.VULN.ZS,Uruguay,URY,..,..,..,..,..,..,..,..,..,..,..,..,..,..,..,..,..,..,..,..,..,..,..,..,..,..,..,..,..,..,..,23.6060674295306,23.3921337995002,23.2523231344181,23.0440386902239,22.8865397749205,22.7262246761097,22.5431268806995,22.3833622788773,23.2104498921411,23.0614809578592,24.6314458425858,25.9841557476818,26.1216791270569,25.7577370729894,24.4916802441516,24.8383220645995,24.8699115364326,24.4136262968489,24.2101790794214,23.4553647884633,22.7099811007196,22.1969091385186,22.2516841544129,22.1586155648075,22.9432755029576,23.5246135675554,23.7814238806987,24.234206784481,24.1972772950566,24.9050144463828,24.8228741047581,24.733243350178,24.6242542732107,24.5006103852694
"Vulnerable employment, total (% of total employment) (modeled ILO estimate)",SL.EMP.VULN.ZS,Uzbekistan,UZB,..,..,..,..,..,..,..,..,..,..,..,..,..,..,..,..,..,..,..,..,..,..,..,..,..,..,..,..,..,..,..,39.9485038185186,39.7641062700238,39.9914055036506,40.4324208272147,40.4244223205988,40.3506675122475,40.339084983268,40.3360482503133,40.1525187195411,39.8781797952587,39.6041851940602,39.3010634398523,38.9380557567654,38.5264060050159,38.0810304453204,37.7025594928673,37.3451821478749,36.9466549954345,36.5646254898557,36.2545791487383,35.9569096826787,35.6919366152334,35.4441276833098,35.1726595527331,34.9526574951007,34.7450577614768,34.5170415189751,34.2025804450226,33.9563961320338,34.3792121975206,34.0098950743511,33.8797391600532,33.7413811548802,33.5316704367198
"Vulnerable employment, total (% of total employment) (modeled ILO estimate)",SL.EMP.VULN.ZS,Vanuatu,VUT,..,..,..,..,..,..,..,..,..,..,..,..,..,..,..,..,..,..,..,..,..,..,..,..,..,..,..,..,..,..,..,75.7400566534697,75.594870962506,75.4755850259118,75.2551060766663,75.0874489560059,74.9378053532356,74.7627113694109,74.635800104969,74.5083989031129,74.2168932090688,74.2564684345551,74.2975587286964,74.3189536816243,74.2643043857101,74.148287609826,73.6407029724452,72.9658425223983,72.2142849469874,71.4837554085696,69.5082112443661,68.3341539471525,67.1776384874368,65.98085149725,64.8168418367889,63.5840889703327,62.4078829251998,61.1323641928079,59.8761134432272,58.5595719453987,58.5314919521661,57.9555872957662,57.9372628049986,57.9761151896762,57.99170272561
"Vulnerable employment, total (% of total employment) (modeled ILO estimate)",SL.EMP.VULN.ZS,"Venezuela, RB",VEN,..,..,..,..,..,..,..,..,..,..,..,..,..,..,..,..,..,..,..,..,..,..,..,..,..,..,..,..,..,..,..,30.9242416256088,30.7416762259416,30.5458590862699,30.6385625836484,31.0319060921066,32.5931605143551,29.8604194411182,33.3735749467083,34.3715637778508,35.6667263116986,33.1353493744267,33.191600616621,34.1316483380809,31.8818208881813,31.6041142059648,30.8503427965398,29.8437198709779,30.8072221804533,31.442102537858,33.2372653674385,33.0050022270892,31.9133506676327,31.6305026619978,31.5481065954497,31.5630160708166,31.6476039220393,32.7077374692705,34.2473622164599,35.9011127644403,36.4487179024554,35.423798561623,36.4255333224353,36.9972192900539,37.1648454487586
"Vulnerable employment, total (% of total employment) (modeled ILO estimate)",SL.EMP.VULN.ZS,Viet Nam,VNM,..,..,..,..,..,..,..,..,..,..,..,..,..,..,..,..,..,..,..,..,..,..,..,..,..,..,..,..,..,..,..,77.8448717354481,77.3989919672089,76.8023875832006,76.0584202522711,75.665812634031,75.1278778546265,73.9797868816179,71.3345757534309,74.1768908222811,73.70664518933,71.1782737736455,71.5681356554883,70.1144154890187,66.3661740691316,65.8285706078261,65.300594645645,64.7793179025819,63.173844109489,61.6216866277286,62.7268053732437,62.4408821880805,62.5350197705013,62.6538750141381,62.2488274046861,57.7628165781259,55.9228443604091,55.116987476102,53.9142551765669,53.2337599957737,53.1302143969625,53.1544201035082,52.7993697102954,52.3405074390883,51.8648185778417
"Vulnerable employment, total (% of total employment) (modeled ILO estimate)",SL.EMP.VULN.ZS,Virgin Islands (U.S.),VIR,..,..,..,..,..,..,..,..,..,..,..,..,..,..,..,..,..,..,..,..,..,..,..,..,..,..,..,..,..,..,..,4.88540278354345,4.83692882622728,4.79680772865693,4.72911308387954,4.67408445768354,4.61120527525599,4.53698961776619,4.46388986115973,4.40002841783693,4.31614866734298,4.26292447209903,4.22478540772533,4.19306874070685,4.1516165976566,4.09118357487923,4.0574666298835,3.97302601361226,3.9226762066152,3.94887447539108,3.95397260273973,4.00944943893957,4.2162040678728,4.46900412634831,4.66074512706637,4.78993205091396,4.87912519001619,4.93374960053099,4.94969165855242,4.87591496310986,5.68806781927016,5.63342717439621,5.56935698191692,5.51397277692686,5.48409728718428
"Vulnerable employment, total (% of total employment) (modeled ILO estimate)",SL.EMP.VULN.ZS,West Bank and Gaza,PSE,..,..,..,..,..,..,..,..,..,..,..,..,..,..,..,..,..,..,..,..,..,..,..,..,..,..,..,..,..,..,..,30.2182757002034,30.3472823066805,30.5328356667071,30.4326875502837,30.8203028557321,31.2646793845379,31.2730868356395,30.637658004793,29.7762538461271,29.8161150229227,33.987036729267,37.6619072785715,39.9587308736641,38.1892842470937,36.7958011323718,36.8655731092649,36.6471164099785,31.0360815478321,27.2084611549156,26.0296401116242,27.0181903200902,26.737225675254,25.6779538332936,25.9240931583965,25.0347192297077,24.06788543847,23.0469330760583,23.1817605161571,22.0358377513315,21.8491707314983,21.654658153701,18.3805287331381,..,..
"Vulnerable employment, total (% of total employment) (modeled ILO estimate)",SL.EMP.VULN.ZS,"Yemen, Rep.",YEM,..,..,..,..,..,..,..,..,..,..,..,..,..,..,..,..,..,..,..,..,..,..,..,..,..,..,..,..,..,..,..,44.3855170423726,44.1958958849023,44.0301600998525,43.8181498196868,43.5314676905576,43.2299234061804,43.0147838474595,42.9455416883938,42.6882021804465,42.3812845283479,42.2513879651037,42.1083800841767,41.9674854171372,41.8289954498753,41.6853968704709,41.6267369663244,41.6181031923617,41.5759822407333,41.6480117140611,41.5814916665313,41.8553555288121,42.145823842685,42.3445271975473,42.5288486679773,43.3313819649546,43.9335072313411,44.5528772190593,45.027139345149,45.3462580031923,45.9149186078608,45.1400931896088,45.2981754410567,45.4223570511076,45.5155998717321
"Vulnerable employment, total (% of total employment) (modeled ILO estimate)",SL.EMP.VULN.ZS,Zambia,ZMB,..,..,..,..,..,..,..,..,..,..,..,..,..,..,..,..,..,..,..,..,..,..,..,..,..,..,..,..,..,..,..,80.4042814764549,80.5929709260723,80.8845984514734,81.0820701611476,81.3751505808419,81.4794400625553,81.5920993662602,81.9295769345852,82.2160709621378,82.3000596311757,82.5314066821256,82.6845233014119,82.8174099769878,82.8720037658289,82.9977607644914,82.8973147923693,82.8638949113129,82.8442693062049,81.4209063694042,79.8929400787164,80.0728210869618,80.3499046032117,77.7627371499541,75.4257354059882,73.3670077243661,73.0561645772012,72.8150326235867,72.5424232879474,73.1409816315656,73.2657081622874,69.676612598138,70.8828492060876,70.7345316379205,70.5071363665442
"Vulnerable employment, total (% of total employment) (modeled ILO estimate)",SL.EMP.VULN.ZS,Zimbabwe,ZWE,..,..,..,..,..,..,..,..,..,..,..,..,..,..,..,..,..,..,..,..,..,..,..,..,..,..,..,..,..,..,..,65.8086358962005,65.7690145074994,65.8210537738513,65.7487011891961,65.6978488187114,65.5821421694861,65.5224440816768,65.4670352401092,65.4558374526873,65.526625244323,65.5333111275263,65.7251908223746,66.2434637344019,66.6492443522726,66.9351051344227,66.992796973406,67.4371451919137,67.9678369055516,68.4032749811382,68.4340049602712,68.243605592332,68.3949814360478,68.5723087765262,68.8290755215442,68.6252400493398,68.4947893474576,68.2286336799727,68.1111849759016,68.0433028047227,68.4628079855452,68.4521889791146,68.9300947854376,68.4333523425461,68.3413361041055
"Vulnerable employment, total (% of total employment) (modeled ILO estimate)",SL.EMP.VULN.ZS,Africa Eastern and Southern,AFE,..,..,..,..,..,..,..,..,..,..,..,..,..,..,..,..,..,..,..,..,..,..,..,..,..,..,..,..,..,..,..,70.7371457525412,70.9537239664026,71.071763128949,71.4244220879653,71.7306163491749,71.6157275327989,71.5119221189475,71.4532343045319,71.4221665160864,71.4699823096281,71.5630196680936,71.6182005838724,71.7063191703053,71.7420568803676,71.8786679043817,71.8118469581654,71.6401055903289,71.5471040879534,71.6492352463372,71.7629406066313,71.7211005911455,71.5385318818977,71.3157148128637,70.9195216654104,70.6623950225707,70.6810004847223,70.6692532512345,70.6261515800931,70.7139127979734,71.6519274451591,71.5458148006679,71.3682611699935,72.2756027914802,72.0294162913247
"Vulnerable employment, total (% of total employment) (modeled ILO estimate)",SL.EMP.VULN.ZS,Africa Western and Central,AFW,..,..,..,..,..,..,..,..,..,..,..,..,..,..,..,..,..,..,..,..,..,..,..,..,..,..,..,..,..,..,..,79.1735493233411,78.9376740603276,78.825392072401,78.6798567561242,78.4456882823425,78.2487955002507,78.0534780614301,77.9797820613114,77.7620316566847,77.4834053262271,77.3478182412319,77.0606735472461,76.6494538584723,76.2312704570772,75.8637383096968,75.5207465914014,75.2189771206581,74.8639452590143,74.5861451338297,74.1457672569405,73.7335992682442,73.4840321646144,73.1740765006698,72.8909587120036,72.633350077722,72.3387612118375,71.926544496789,71.3818606007856,70.9200478153226,71.8559538189174,70.9999426205706,70.5559473423211,70.3051396988649,70.1186942824272
"Vulnerable employment, total (% of total employment) (modeled ILO estimate)",SL.EMP.VULN.ZS,Arab World,ARB,..,..,..,..,..,..,..,..,..,..,..,..,..,..,..,..,..,..,..,..,..,..,..,..,..,..,..,..,..,..,..,30.8013714680348,30.4636314471375,30.4507153361562,29.8563371510985,29.6062465444984,29.3119319295213,29.0104077740695,28.5256245779237,27.7956510721461,27.6520050070546,26.9184826615193,27.1921179326869,27.2565987931068,27.3970917451021,26.6773767586705,26.0543595621823,26.2651618746598,25.1943006938196,24.9609446032687,24.2646678652188,23.9196289949626,22.959155699339,23.5251885958397,23.1106749335455,22.7335638479618,22.5916296683785,22.974554132614,22.4785988221921,22.9118273471674,22.5427428389074,23.6143270027776,23.2709613539279,21.9639345044598,21.8098211878382
"Vulnerable employment, total (% of total employment) (modeled ILO estimate)",SL.EMP.VULN.ZS,Caribbean small states,CSS,..,..,..,..,..,..,..,..,..,..,..,..,..,..,..,..,..,..,..,..,..,..,..,..,..,..,..,..,..,..,..,21.6120403974756,21.9447113827229,22.1826048823727,22.1008278042975,21.6361169756488,21.8137670943658,21.1910998859587,20.5959043899372,21.070872827873,20.5820700695687,20.469581480455,20.3591423023696,20.0613401551296,19.8533750338367,19.7216826561686,19.6213100441719,19.639420224541,19.6209922831131,19.8300012589028,19.8709582782631,20.2465592651559,19.7004489479844,19.8502733260867,19.599750031874,19.7942531178719,20.5593319438641,21.0603130586568,21.033777556162,21.7235601308852,22.3515895147891,22.0201370211609,22.1150398174254,21.9076936361617,21.6386384362666
"Vulnerable employment, total (% of total employment) (modeled ILO estimate)",SL.EMP.VULN.ZS,Central Europe and the Baltics,CEB,..,..,..,..,..,..,..,..,..,..,..,..,..,..,..,..,..,..,..,..,..,..,..,..,..,..,..,..,..,..,..,19.8283619528087,21.1022650564805,21.5599137294841,21.6231652048699,21.4001111392898,21.4834746394129,21.5458340305003,21.7426434429914,22.2722047278907,22.6557049088966,22.8531604672101,21.4343015437945,21.1775918218103,20.0579550519686,19.5396439117352,18.6221369257045,18.1487478196743,17.6021677639472,17.7643466939965,18.4449486589579,18.014132898597,17.8103874434501,17.3345724319324,17.0489099737753,16.2828847398093,15.6014450684923,15.3217317343724,15.017239295947,14.6518342258478,14.9035252981911,14.1634328367646,13.6693486942252,13.1515727671157,12.4491673460663
"Vulnerable employment, total (% of total employment) (modeled ILO estimate)",SL.EMP.VULN.ZS,Early-demographic dividend,EAR,..,..,..,..,..,..,..,..,..,..,..,..,..,..,..,..,..,..,..,..,..,..,..,..,..,..,..,..,..,..,..,67.7258117869986,67.5277540612508,67.4424346842156,67.1571332361474,67.0327098548827,66.7311716049837,66.2182466221504,66.3872767835093,66.0978354373992,66.0018130088306,65.5293911238467,65.30447240524,65.2952660564353,64.8319087630628,64.206478031636,63.5883992410417,63.1983299602828,62.8724584207329,62.7386396136017,62.2398583799065,61.0841807888367,59.9030778125762,59.5957652519744,59.1792966156293,58.5238055301699,58.0584860591144,57.73548917492,57.3027863043371,57.3044540457548,57.7879544354618,57.5084109467552,57.1928819565473,56.6414639574044,56.3017709666938
"Vulnerable employment, total (% of total employment) (modeled ILO estimate)",SL.EMP.VULN.ZS,East Asia & Pacific,EAS,..,..,..,..,..,..,..,..,..,..,..,..,..,..,..,..,..,..,..,..,..,..,..,..,..,..,..,..,..,..,..,52.413657081023,51.9165897769699,51.289188266467,50.7449463768835,50.151434966812,49.5627066339138,48.935390158808,48.7252996388715,48.288091472324,47.9161276866505,46.9668442992648,46.5220276676032,46.1070031615076,45.1458651008188,44.4236468278896,43.7731492205385,43.2643891241953,42.601222424793,42.0063798133823,41.4248184131946,40.7354245038188,40.0154426105257,39.4773367484456,38.8684800548546,37.9869201229822,37.4974772783778,37.0882725764919,36.7476614541639,36.4031143205673,36.6968388374611,36.4254490075353,36.209959218899,35.9615743294552,35.5697760633413
"Vulnerable employment, total (% of total employment) (modeled ILO estimate)",SL.EMP.VULN.ZS,East Asia & Pacific (excluding high income),EAP,..,..,..,..,..,..,..,..,..,..,..,..,..,..,..,..,..,..,..,..,..,..,..,..,..,..,..,..,..,..,..,56.5615306334921,56.0729202815566,55.441716481413,54.8684893651786,54.2274074206941,53.5947911212522,52.9150147232119,52.6426185221115,52.1243464747757,51.7389092824664,50.684910925667,50.1714574412862,49.708206609577,48.6306504908782,47.8581238185692,47.1982676068461,46.6774393822435,45.9674416360697,45.2801583629602,44.6595592955706,43.90893668189,43.1206819885238,42.5663315365416,41.9281943020277,40.9822097078251,40.4858193417061,40.073732178182,39.7472443847024,39.395775180137,39.7543273057931,39.3783313425357,39.2450432125683,38.9818599920147,38.5965857474988
"Vulnerable employment, total (% of total employment) (modeled ILO estimate)",SL.EMP.VULN.ZS,East Asia & Pacific (IDA & IBRD countries),TEA,..,..,..,..,..,..,..,..,..,..,..,..,..,..,..,..,..,..,..,..,..,..,..,..,..,..,..,..,..,..,..,56.5862423705486,56.0854445305603,55.4395915318917,54.8527095449683,54.1973243010575,53.5507315329815,52.8559808659361,52.5762365639826,52.0497550483363,51.6585874994568,50.5897754847858,50.0698562586934,49.601409722572,48.5095596738313,47.7276474563951,47.0592625464241,46.5316092917971,45.8115344569468,45.1139155021575,44.4840888595287,43.7226294865917,42.9220334604747,42.3582145920591,41.7097158627979,40.747738579564,40.2437919560002,39.823281513393,39.4896519586707,39.1314205188838,39.4758486335767,39.1071748651768,38.9643608672136,38.7007985846549,38.3090367977797
"Vulnerable employment, total (% of total employment) (modeled ILO estimate)",SL.EMP.VULN.ZS,Euro area,EMU,..,..,..,..,..,..,..,..,..,..,..,..,..,..,..,..,..,..,..,..,..,..,..,..,..,..,..,..,..,..,..,13.3252988834005,13.4725880718531,13.3888300240119,13.4529351451297,13.4049304551282,13.258209485082,13.0848971783364,12.8394768493338,12.447875529013,12.0614854698257,11.93578497597,11.7446326698282,11.7110157621135,11.8676473804939,11.7518161901675,11.7054883776267,11.3844841748284,11.0123712541007,11.0447422775824,11.0549355874065,10.9900348358659,10.9270525160055,10.8741735145963,10.8484454206276,10.6660604035748,10.4563620322112,10.2081707381891,9.99760939344034,9.88660924253906,10.0265128066805,9.68961992239521,9.55394553836154,9.45410308643482,9.46180952887845
"Vulnerable employment, total (% of total employment) (modeled ILO estimate)",SL.EMP.VULN.ZS,Europe & Central Asia,ECS,..,..,..,..,..,..,..,..,..,..,..,..,..,..,..,..,..,..,..,..,..,..,..,..,..,..,..,..,..,..,..,16.6662441142334,17.0073558728977,17.2097132508025,17.6225811586734,17.7672150362012,17.7670580115654,17.8918021796218,17.8173067021939,17.5303392499911,17.2373549495705,17.2148028267153,16.6837170177534,16.6099951342251,16.1545992752552,15.8210957309502,15.521582888215,15.1609715643942,14.8846358313248,15.0881360702411,15.2048876989131,15.2313098047409,15.1259037976698,15.0741128253414,15.0229126799983,14.7690435035469,14.6451655947708,14.3572403010256,14.1772973710472,14.0213327558915,13.9852088522632,13.6526702232353,13.2568727301779,13.0409914803181,12.9556533641996
"Vulnerable employment, total (% of total employment) (modeled ILO estimate)",SL.EMP.VULN.ZS,Europe & Central Asia (excluding high income),ECA,..,..,..,..,..,..,..,..,..,..,..,..,..,..,..,..,..,..,..,..,..,..,..,..,..,..,..,..,..,..,..,34.1139933814043,34.2481551767223,34.5627606854483,35.091102619854,35.6430498901959,35.9631289446227,35.9884650528226,35.998032216393,35.8823797897507,35.7741346893802,36.0537676190518,34.99560118036,34.6634420355447,33.2566138412971,32.2798874653761,31.4301926615487,30.6556599067647,30.2709933439112,30.559266091879,30.4116741761163,30.255524199753,29.8226795853285,29.5271644285317,29.347170549858,28.8117430833775,28.5649799688296,28.4531305914504,28.021780379315,27.8964152359653,27.5601442426011,27.1559020060846,28.7193692917602,28.1004315976247,28.0852156194781
"Vulnerable employment, total (% of total employment) (modeled ILO estimate)",SL.EMP.VULN.ZS,Europe & Central Asia (IDA & IBRD countries),TEC,..,..,..,..,..,..,..,..,..,..,..,..,..,..,..,..,..,..,..,..,..,..,..,..,..,..,..,..,..,..,..,20.6419839777224,21.1924473630631,21.6988769348904,22.5224442273776,22.9086743367872,23.1607407905338,23.6764932403161,23.8746538869435,23.5566421188132,23.3848160369602,23.539338834672,22.6016759071763,22.4284881741048,21.3433453329479,20.7910666527338,20.2018295205242,19.6526185862531,19.3752359954114,19.6758629289438,19.7284891157393,19.7255584417845,19.4328561498463,19.3891387575268,19.2042703380545,18.9264423838721,18.8111455759675,18.4409146613761,18.2631225458074,18.1126145604223,17.9890823622401,17.6689521055759,17.3419042743853,16.9488589356964,16.8112008360814
"Vulnerable employment, total (% of total employment) (modeled ILO estimate)",SL.EMP.VULN.ZS,European Union,EUU,..,..,..,..,..,..,..,..,..,..,..,..,..,..,..,..,..,..,..,..,..,..,..,..,..,..,..,..,..,..,..,14.7838371855727,15.1930571693103,15.2339849521154,15.2728011827915,15.179560498004,15.090440690677,14.9699278412319,14.8495937267216,14.6035823600854,14.3488321506168,14.2250613922925,13.7109116147909,13.6271928542405,13.5004144690867,13.3182051123104,13.0869291201332,12.7585821864992,12.3855206163597,12.4194227462345,12.5827559968623,12.4289437143707,12.3525003479878,12.2057945351592,12.1294086434277,11.817177624775,11.5015159125234,11.2513446775536,11.0150150270743,10.8510741169042,11.0235252220983,10.5906752493504,10.3537771289127,10.1557840507523,10.004438676411
"Vulnerable employment, total (% of total employment) (modeled ILO estimate)",SL.EMP.VULN.ZS,Fragile and conflict affected situations,FCS,..,..,..,..,..,..,..,..,..,..,..,..,..,..,..,..,..,..,..,..,..,..,..,..,..,..,..,..,..,..,..,66.3158768899303,66.5173358107911,66.7918786711261,67.1196254000618,67.5762349364096,67.8289924588612,67.8164924253574,68.1355268360852,68.2463244455924,68.2743295733246,68.1992890800075,68.1940295446484,68.111268254259,67.8219883730221,67.5373817164897,67.272755163655,67.0734164164246,66.7981529708912,66.8241963338571,66.6660117426801,66.5319918924298,66.5815805804165,66.6296416007917,66.6405019209704,66.644495837799,66.5758731787112,66.5981147897257,66.5469797299542,66.7895332030894,67.7896744359629,67.331058473601,69.6600704724488,70.559548622049,70.5521674554556
"Vulnerable employment, total (% of total employment) (modeled ILO estimate)",SL.EMP.VULN.ZS,Heavily indebted poor countries (HIPC),HPC,..,..,..,..,..,..,..,..,..,..,..,..,..,..,..,..,..,..,..,..,..,..,..,..,..,..,..,..,..,..,..,80.4265942307484,80.5182380893564,80.5598737866667,80.7517450261757,80.8535775070468,80.6627144677049,80.4546801373337,80.3274772150304,80.2073470003302,80.1478319653499,80.0811859480802,80.0250968457258,79.9302554750587,79.8521824084615,79.7585033336982,79.6042916389103,79.3127656563117,79.1003103445176,78.8459823572943,78.6859982107009,78.5182153697822,78.3966635363937,78.1215332414809,77.8047411956945,77.588832741863,77.2656027720003,77.0029129711679,76.6194575519752,76.3289853873532,76.9315084109384,76.1122424195213,75.7933706965023,76.7615031614932,76.5725644211341
"Vulnerable employment, total (% of total employment) (modeled ILO estimate)",SL.EMP.VULN.ZS,High income,HIC,..,..,..,..,..,..,..,..,..,..,..,..,..,..,..,..,..,..,..,..,..,..,..,..,..,..,..,..,..,..,..,11.6806205806821,11.731655224192,11.673633578852,11.7055880240741,11.6571273569999,11.5748147313228,11.5813873577047,11.362736248945,11.1624141292313,10.9167706531122,10.7740892874339,10.562833540826,10.5234084584053,10.4329704926521,10.2514730978709,10.0365136501313,9.80434863292283,9.5640367456141,9.62356623973311,9.59939502288836,9.50505405651661,9.4240758294731,9.34330470971675,9.28742500509887,9.14430498368777,9.05529322596729,8.86330820722737,8.7925990203674,8.72788852736963,8.82761709889287,8.66105044737251,8.40556015389397,8.245104393097,8.14295629038424
"Vulnerable employment, total (% of total employment) (modeled ILO estimate)",SL.EMP.VULN.ZS,IBRD only,IBD,..,..,..,..,..,..,..,..,..,..,..,..,..,..,..,..,..,..,..,..,..,..,..,..,..,..,..,..,..,..,..,54.4422344735226,54.2924218095419,54.1262231676234,53.9285142273847,53.7104593130111,53.4389405928225,53.2040189683717,53.1570162124442,52.8655249510236,52.6443287051949,52.1185228991311,51.8336824878773,51.5998011637224,50.8611393441995,50.3211401412657,49.6792386984918,49.1518079393748,48.5717653669885,48.2636910017865,47.7741916238925,47.0197223667135,46.1817326230703,45.8556397242523,45.3777521672098,44.8329494121834,44.5455851420606,44.2782714567017,43.9771117917197,43.8078842856308,44.1750671147635,44.1768212362273,44.2586771759682,43.8697362063519,43.6177155483486
"Vulnerable employment, total (% of total employment) (modeled ILO estimate)",SL.EMP.VULN.ZS,IDA & IBRD total,IBT,..,..,..,..,..,..,..,..,..,..,..,..,..,..,..,..,..,..,..,..,..,..,..,..,..,..,..,..,..,..,..,57.600009153244,57.5002905375939,57.40064513893,57.2947182307911,57.153686287221,56.9393315835323,56.7001215716534,56.7134803590225,56.4711958410805,56.2910500498505,55.8724705094297,55.5646859767745,55.3765788827561,54.8085217258713,54.2997633544009,53.7850961778705,53.3604616083856,52.9204095965418,52.7051492815269,52.322659275912,51.7181188440147,51.0594531453976,50.8536269810836,50.4577457255832,50.0353918200331,49.7818427980927,49.5389398505594,49.2815069152719,49.2483756917313,49.8324811314264,49.6774182731676,49.8000872276997,49.5652523934438,49.3491839629071
"Vulnerable employment, total (% of total employment) (modeled ILO estimate)",SL.EMP.VULN.ZS,IDA blend,IDB,..,..,..,..,..,..,..,..,..,..,..,..,..,..,..,..,..,..,..,..,..,..,..,..,..,..,..,..,..,..,..,68.6893954140392,68.5285720869608,68.5059575849385,68.5406638382747,68.4441797657343,68.3978571337682,67.5971490868955,68.0985734865514,67.9832582948824,67.7269893295982,67.6537988596499,66.1204477611364,65.8499933546087,66.1613509749922,64.950528590533,64.6472477370004,64.493738211689,64.6280095622567,64.4019380135248,64.178075340205,63.7188620008122,63.5372359174845,63.2573369113085,63.0998473099179,62.95351213629,62.4354008785763,61.9618376747483,61.3956548243205,62.0114960981979,62.596900098629,62.0476221890645,61.8741606872003,61.7405341195501,61.5786942092713
"Vulnerable employment, total (% of total employment) (modeled ILO estimate)",SL.EMP.VULN.ZS,IDA only,IDX,..,..,..,..,..,..,..,..,..,..,..,..,..,..,..,..,..,..,..,..,..,..,..,..,..,..,..,..,..,..,..,74.6365090760527,74.6486609230833,74.5975051982169,74.6518984702438,74.6697616353645,74.4177920484679,74.1588159041598,74.0098181045869,73.79332806423,73.6993035075767,73.4951682728168,73.3893108652474,73.2805585871902,73.1079237909282,72.9532487863619,72.8196109913825,72.6041870394968,72.3344342939837,72.1644675031953,71.8869021427248,71.6896145922048,71.6512941627019,71.6309681559867,71.3572796079545,71.1760410454306,70.8532130009513,70.4615151807363,70.2158532647545,70.1631341271908,70.8134068837277,70.3108940867805,70.0962607453041,70.8478913053523,70.6509690283593
"Vulnerable employment, total (% of total employment) (modeled ILO estimate)",SL.EMP.VULN.ZS,IDA total,IDA,..,..,..,..,..,..,..,..,..,..,..,..,..,..,..,..,..,..,..,..,..,..,..,..,..,..,..,..,..,..,..,72.5968553691586,72.5436895166234,72.5072545501118,72.5546484037819,72.5393914902133,72.3504153171879,71.8926937595862,71.9703609831874,71.7825506769753,71.6248343761944,71.4591143505554,70.8484499960277,70.6772130221959,70.6669638814747,70.1420386360473,69.9478993078229,69.7411542028765,69.6031255525549,69.4005267008124,69.1371569470235,68.8486961985261,68.7514843506005,68.63573682875,68.3875251064823,68.2063972896395,67.8068119970704,67.4112353344314,67.0723456674324,67.2610685135116,67.8970545633716,67.3458324290511,67.1341243999066,67.4986612487622,67.2875538669242
"Vulnerable employment, total (% of total employment) (modeled ILO estimate)",SL.EMP.VULN.ZS,Late-demographic dividend,LTE,..,..,..,..,..,..,..,..,..,..,..,..,..,..,..,..,..,..,..,..,..,..,..,..,..,..,..,..,..,..,..,47.4632738886757,47.1986650448563,46.8146596141157,46.5050403891075,46.0401899342432,45.5393146476436,45.2367377235725,44.8581534634722,44.4128761904181,43.9420651223795,43.3286496577167,42.793372220408,42.2423807358691,41.3465406453541,40.7249248779179,40.0874668147573,39.4121052167263,38.6376588273074,38.0954394426953,37.6038514372559,37.1876087329462,36.6716343243,36.2028413718867,35.5497572533014,34.9800896514665,34.5408761581214,34.0902565041406,33.7427819887473,33.3141734709286,33.5148705273716,33.443457098353,32.8923831827999,32.4539980001365,31.9694492576081
"Vulnerable employment, total (% of total employment) (modeled ILO estimate)",SL.EMP.VULN.ZS,Latin America & Caribbean,LCN,..,..,..,..,..,..,..,..,..,..,..,..,..,..,..,..,..,..,..,..,..,..,..,..,..,..,..,..,..,..,..,34.8997546022852,34.9799148296983,35.1041193742373,34.7044195807353,34.4350205207992,33.8957287255633,33.9706330080515,33.8780501274414,34.0642717916563,33.5862304932028,33.5173402632645,33.6554596581476,33.5284004471939,33.2061220445983,32.8777982752298,32.2492660335138,31.7092983821222,31.2828042339015,31.6923951983247,31.4909371018506,31.4414247342713,31.2741706053665,31.2304042660471,31.0629530753278,31.5109044340834,31.7228496499045,32.0992940540059,32.3478871418633,32.4180077411519,33.176863892024,33.7517535061374,32.871638056438,32.0556231672656,31.5978364277851
"Vulnerable employment, total (% of total employment) (modeled ILO estimate)",SL.EMP.VULN.ZS,Latin America & Caribbean (excluding high income),LAC,..,..,..,..,..,..,..,..,..,..,..,..,..,..,..,..,..,..,..,..,..,..,..,..,..,..,..,..,..,..,..,35.8076013264821,35.9441474771408,36.1025145003154,35.6701383477949,35.3693933377483,34.7040405023584,34.9214050547436,34.6664625252738,34.7964770778489,34.200249625356,34.227802359152,34.3482932032205,34.1814081847246,33.9287061667487,33.6161415326354,32.9618297525456,32.4523800000925,31.9669782462216,32.3379019804169,32.0523641059172,32.0340736637941,31.9243666621449,31.8675807518762,31.6657872304061,32.1635280221464,32.358437053154,32.7013978026853,32.8901587869773,32.8925613334218,33.6683540222641,34.3399781988458,33.3212811622705,32.4512087423778,31.9461651426704
"Vulnerable employment, total (% of total employment) (modeled ILO estimate)",SL.EMP.VULN.ZS,Latin America & the Caribbean (IDA & IBRD countries),TLA,..,..,..,..,..,..,..,..,..,..,..,..,..,..,..,..,..,..,..,..,..,..,..,..,..,..,..,..,..,..,..,35.7773641477212,35.8314999595871,35.9310001838028,35.5200229310745,35.2435124173426,34.7005196677759,34.7448867446572,34.6287253458262,34.7905771626295,34.2875017698304,34.1923340796341,34.3246289833744,34.1731038997559,33.825439437121,33.4815801061162,32.8435211323764,32.2900780613805,31.8395325350955,32.2666315303649,32.0364779455585,31.8652382767454,31.6546251606835,31.5928797973639,31.3998893847848,31.8416693711458,32.0359634165669,32.3949255378057,32.6414239836059,32.7124567368114,33.5141506216253,34.0979138687779,33.1934130728385,32.3659860544615,31.8928252813248
"Vulnerable employment, total (% of total employment) (modeled ILO estimate)",SL.EMP.VULN.ZS,Least developed countries: UN classification,LDC,..,..,..,..,..,..,..,..,..,..,..,..,..,..,..,..,..,..,..,..,..,..,..,..,..,..,..,..,..,..,..,77.3445853925626,77.3726914072772,77.3663680725435,77.458382908871,77.4706831864331,77.2514018523499,77.0174871630797,76.8246512077536,76.6627846302796,76.5328104413073,76.3557094406029,76.2281005031979,76.1098476452441,75.9657083998395,75.8036908901905,75.5878590611098,75.3379425321502,75.1003659888041,74.8141045688162,74.4930137851885,74.2609694137464,74.022944956913,73.7748072592371,73.397711633681,73.1906728232841,72.9690842712713,72.5836657016326,72.3499895327841,72.3530514637475,72.9549037909489,72.5137492870118,72.317275980605,73.1378185314789,72.9942877296481
"Vulnerable employment, total (% of total employment) (modeled ILO estimate)",SL.EMP.VULN.ZS,Low & middle income,LMY,..,..,..,..,..,..,..,..,..,..,..,..,..,..,..,..,..,..,..,..,..,..,..,..,..,..,..,..,..,..,..,60.2352750613788,60.0045351195491,59.7566675478338,59.4693690450684,59.2365931498433,58.9223851494073,58.5525272563359,58.4736404431455,58.2447340272374,58.0352703159413,57.5564230676898,57.2348840485079,56.9879473413273,56.4065598961667,55.8657248730204,55.3297471731178,54.9167773307479,54.4521078700839,54.1323898503869,53.7046937364616,53.0625008326363,52.3696616447414,52.1109289563226,51.6945560879392,51.2391196576127,50.9634237465267,50.720385245832,50.4292062096845,50.366603074462,50.9446301138129,50.7746990861069,50.8900768023987,50.6433326475154,50.4075168351396
"Vulnerable employment, total (% of total employment) (modeled ILO estimate)",SL.EMP.VULN.ZS,Low income,LIC,..,..,..,..,..,..,..,..,..,..,..,..,..,..,..,..,..,..,..,..,..,..,..,..,..,..,..,..,..,..,..,72.4792289945217,72.6377269610064,72.7874350352322,73.1531940411765,73.4417636777229,73.3147252911462,73.1709210459344,73.0745758208621,73.0014302457379,72.955545086582,72.939194194264,72.8757423485534,72.8070805042965,72.725965482847,72.6091878193379,72.4359829647718,72.4104335240697,72.1022105654462,72.1209899130414,72.0569240573228,72.1174746412396,72.4459962732911,72.7929630666095,72.9306318304273,73.1551033201406,73.1320519170946,73.1067538051285,73.0268093965479,73.0314048388567,73.717267065993,72.9917042282387,72.6038138064299,74.2547353437097,74.0053144093217
"Vulnerable employment, total (% of total employment) (modeled ILO estimate)",SL.EMP.VULN.ZS,Lower middle income,LMC,..,..,..,..,..,..,..,..,..,..,..,..,..,..,..,..,..,..,..,..,..,..,..,..,..,..,..,..,..,..,..,75.5901603014054,75.3462452844843,75.1909046142432,74.9095395079975,74.7313765311839,74.4796371347947,74.1001652721828,73.9167842746511,73.8077903655051,73.5904040489578,73.3122020133354,73.0507588773452,72.8036258747363,72.4136756532101,72.0226478603193,71.6370580500327,71.2430461267124,70.9496160138623,70.4980714922094,70.1116492974019,69.2516311897559,68.3514358716688,68.0085931103168,67.5147032444739,66.8382561046086,66.2100520877103,65.7023609415437,65.024337263122,64.8878402667972,65.1930282632499,64.951864558671,64.6349192079522,64.1310033488147,63.8115438501055
"Vulnerable employment, total (% of total employment) (modeled ILO estimate)",SL.EMP.VULN.ZS,"Middle East, North Africa, Afghanistan & Pakistan",MEA,..,..,..,..,..,..,..,..,..,..,..,..,..,..,..,..,..,..,..,..,..,..,..,..,..,..,..,..,..,..,..,44.7162385853249,44.4468080674751,44.3241618297758,43.9010492937728,43.6938574934061,43.5928265622586,42.7964348092232,43.0314772133519,42.618914492621,42.5577177354008,42.2428776131895,41.099990503069,41.1693939914434,41.8059053421093,40.3257062107228,39.7867196787018,39.8796225475943,39.5762517643013,39.3698181104137,38.9827980401839,38.5551728472984,37.9178774808715,38.2769969695694,37.9848926616511,37.7944597596987,37.3696068705475,37.189738148672,36.4099460320122,37.4137738390855,37.0734058291725,37.1490769029874,36.463782092366,36.3899609966073,36.275594372544
"Vulnerable employment, total (% of total employment) (modeled ILO estimate)",SL.EMP.VULN.ZS,"Middle East, North Africa, Afghanistan & Pakistan (excluding high income)",MNA,..,..,..,..,..,..,..,..,..,..,..,..,..,..,..,..,..,..,..,..,..,..,..,..,..,..,..,..,..,..,..,47.8619720550893,47.6941449939386,47.6823112295972,47.308248548999,47.1885561280845,47.0895359898664,46.2358316963511,46.5356989586864,46.1253479484354,46.1912598078014,45.9253998635227,44.7517186482418,44.8944151058678,45.6492169039586,44.1478404725279,43.7151954883646,44.0547808595058,44.0084979879256,43.8777268944367,43.5036130863547,43.3250711702162,42.9798511786784,43.6599089561124,43.5230684275072,43.6153505441791,43.3048380060344,43.10024670101,42.1655440740419,43.1939968017735,42.9199017250402,42.8563806824755,42.3151139555692,42.4817276844435,42.5538604788525
"Vulnerable employment, total (% of total employment) (modeled ILO estimate)",SL.EMP.VULN.ZS,"Middle East, North Africa, Afghanistan & Pakistan (IDA & IBRD)",TMN,..,..,..,..,..,..,..,..,..,..,..,..,..,..,..,..,..,..,..,..,..,..,..,..,..,..,..,..,..,..,..,47.9347342655902,47.7668647149534,47.7560479124016,47.3820269088713,47.2623889319881,47.161403433693,46.3046102762163,46.6088761062201,46.2001464414887,46.266707824379,45.9696226704968,44.7757774616147,44.9135832710145,45.6774417106183,44.1772991726148,43.7431089869826,44.0864077141315,44.0610312147658,43.9481389417581,43.5779208844108,43.4022073776045,43.05768021035,43.7462230559674,43.6085944556034,43.7083756767725,43.4001592493509,43.1995212483002,42.259202013294,43.3024322656123,43.0233225754496,42.9654637935426,42.446215372525,42.4817276844435,42.5538604788525
"Vulnerable employment, total (% of total employment) (modeled ILO estimate)",SL.EMP.VULN.ZS,Middle income,MIC,..,..,..,..,..,..,..,..,..,..,..,..,..,..,..,..,..,..,..,..,..,..,..,..,..,..,..,..,..,..,..,59.5385648434211,59.2806726592596,59.0016732736104,58.6697996540911,58.3960277798576,58.064370005059,57.67814077523,57.5943887733773,57.3479315874448,57.1230783866084,56.6086678607257,56.2594118521049,55.9907987700092,55.3688216851238,54.7896175342534,54.219772206775,53.7704600780774,53.2815443195426,52.9193620648682,52.4543208187357,51.7386416916385,50.9826063544428,50.642709921428,50.1852267603894,49.6758800738448,49.3640262978077,49.0849141607313,48.7452659134529,48.6484269829355,49.1491969013019,49.0336105620212,49.1466203864332,48.8251458489599,48.5959560511149
"Vulnerable employment, total (% of total employment) (modeled ILO estimate)",SL.EMP.VULN.ZS,North America,NAC,..,..,..,..,..,..,..,..,..,..,..,..,..,..,..,..,..,..,..,..,..,..,..,..,..,..,..,..,..,..,..,5.1025916423975,5.05909182709751,5.21557814073073,5.21616667295593,5.16602467206037,5.24242358247829,5.30322992538477,5.19982367388254,5.05987004106702,4.96819605693385,4.89744636883712,4.8877012335657,5.04290638465598,5.03945373710343,4.98087254614008,4.91652973389902,4.83120295317398,4.73158643476584,4.87926181626186,4.8666139208341,4.77922990613946,4.78249335351743,4.74249155670131,4.68877693133893,4.70838650740689,4.71292399624794,4.6767409253333,4.72712136423617,4.64807875897512,4.71956100611646,4.69025581738755,4.51968760698045,4.39962701284975,4.50207519823437
"Vulnerable employment, total (% of total employment) (modeled ILO estimate)",SL.EMP.VULN.ZS,Not classified,INX,..,..,..,..,..,..,..,..,..,..,..,..,..,..,..,..,..,..,..,..,..,..,..,..,..,..,..,..,..,..,..,..,..,..,..,..,..,..,..,..,..,..,..,..,..,..,..,..,..,..,..,..,..,..,..,..,..,..,..,..,..,..,..,..,..
"Vulnerable employment, total (% of total employment) (modeled ILO estimate)",SL.EMP.VULN.ZS,OECD members,OED,..,..,..,..,..,..,..,..,..,..,..,..,..,..,..,..,..,..,..,..,..,..,..,..,..,..,..,..,..,..,..,15.9943892709325,16.0274471931946,15.9575046048855,15.8489895649557,15.6000115155119,15.3902136438875,15.4052527706287,15.0089749982649,14.7287790548992,14.2807391216271,14.2794871931933,14.0564719768647,14.0631853729482,13.8849556608399,13.6274479787999,13.3560019928988,13.090055912526,13.0168675676019,13.3678804543435,13.3498652363079,13.354760312041,13.2858805041615,13.1855446770192,13.0930676078264,12.9578465767104,12.7968733543035,12.6936788529964,12.5928136974747,12.4393777184456,12.4870117126726,12.5734974694742,12.324841577058,12.1496739948973,12.0195738070075
"Vulnerable employment, total (% of total employment) (modeled ILO estimate)",SL.EMP.VULN.ZS,Other small states,OSS,..,..,..,..,..,..,..,..,..,..,..,..,..,..,..,..,..,..,..,..,..,..,..,..,..,..,..,..,..,..,..,29.0532799684145,29.3987897384524,29.7605511798768,29.7454963977091,29.6189134251244,29.6278376927769,29.5696942683538,29.5269825967012,29.2130675066562,28.4874709407983,28.5304645357622,28.752496639487,28.831390467853,28.2141387191347,27.9539855956631,27.5333913402754,27.2747546396778,27.1001387860853,27.5657012894616,27.5911865416552,27.4096471540966,27.3132068912297,27.4445731317491,27.2421085067901,27.3556554015531,27.1615838142391,26.9104475615658,26.6456346976795,26.7076193066367,27.2926594936848,26.6951182346135,25.7858294984611,25.8116606441156,25.6564115231991
"Vulnerable employment, total (% of total employment) (modeled ILO estimate)",SL.EMP.VULN.ZS,Pacific island small states,PSS,..,..,..,..,..,..,..,..,..,..,..,..,..,..,..,..,..,..,..,..,..,..,..,..,..,..,..,..,..,..,..,52.6168396443914,52.5571657170709,52.4845207690175,52.3488609449397,52.1997167984436,52.1216989472752,52.1558791361068,52.1878948038126,52.1837476864879,52.3639066256716,52.6099294049492,52.842658862846,53.0636379228667,53.2058999873163,53.4729598443868,53.8710749488186,54.2255527579,54.5779348814479,54.9852745023003,55.2460180786961,55.6613775084537,55.203794965809,54.7366852970748,54.2378309213135,52.7085139564821,51.3068501128195,51.2691770925477,51.2668985782095,51.1873420174288,52.4038552067656,52.0198295326845,51.7981778150207,51.7998531980886,51.7934099215955
"Vulnerable employment, total (% of total employment) (modeled ILO estimate)",SL.EMP.VULN.ZS,Post-demographic dividend,PST,..,..,..,..,..,..,..,..,..,..,..,..,..,..,..,..,..,..,..,..,..,..,..,..,..,..,..,..,..,..,..,12.0849974427401,11.9837813451741,11.8447777900806,11.7639656806311,11.6585310136678,11.5296083891582,11.4141586656431,11.1181479638457,10.9012616623484,10.638766457141,10.5024510356381,10.3909671285835,10.3787979738014,10.3876432224594,10.2026445237265,10.0010352971155,9.77330041595827,9.55424379409627,9.59398958559418,9.54901814969263,9.51179294252356,9.49652577392678,9.40328559849476,9.37374933947817,9.26182053168153,9.16212912167641,9.05615075946151,8.95739504720322,8.89408002243467,9.00337090270081,8.84494456276155,8.23314738580846,8.12205726954042,8.08278047874277
"Vulnerable employment, total (% of total employment) (modeled ILO estimate)",SL.EMP.VULN.ZS,Pre-demographic dividend,PRE,..,..,..,..,..,..,..,..,..,..,..,..,..,..,..,..,..,..,..,..,..,..,..,..,..,..,..,..,..,..,..,76.9885649126606,76.9453620944983,76.9870865124943,77.0628657463461,77.0482158915104,76.9207688795995,76.7953616836006,76.7141344978692,76.5659504869724,76.3902629869154,76.2716494355102,76.0965665637071,75.8596942898569,75.6084173459707,75.3740711682024,75.1673433499501,74.9579823936046,74.6797094570269,74.3850613151585,74.0270036610733,73.7552091096475,73.4827149337597,73.1391102352307,72.8105423055279,72.5880520024349,72.4382855031743,72.3257530638558,72.1260586816561,72.0144052747053,72.862610117793,72.3106718485907,71.9697408812284,72.6169316666809,72.3603273370488
"Vulnerable employment, total (% of total employment) (modeled ILO estimate)",SL.EMP.VULN.ZS,Small states,SST,..,..,..,..,..,..,..,..,..,..,..,..,..,..,..,..,..,..,..,..,..,..,..,..,..,..,..,..,..,..,..,30.1032639347801,30.4340040742045,30.7329228285558,30.6744455928286,30.4263104929765,30.4582026197179,30.267758600501,30.0988146330809,30.0332663372685,29.4884058748769,29.5110787039845,29.6549015899725,29.6438570650667,29.1831867321882,29.0256823108193,28.7782075970365,28.6747594180099,28.6110922171974,29.0856140952733,29.1684695421571,29.2507651211828,28.9687033864329,29.0068741377665,28.7279940703199,28.6519829071132,28.5532052873163,28.5130604274753,28.3293185510826,28.5163679033385,29.3059498272973,28.7843235969506,28.1534078024282,28.0966086819716,27.9729499827113
"Vulnerable employment, total (% of total employment) (modeled ILO estimate)",SL.EMP.VULN.ZS,South Asia,SAS,..,..,..,..,..,..,..,..,..,..,..,..,..,..,..,..,..,..,..,..,..,..,..,..,..,..,..,..,..,..,..,83.304517149977,83.088525312932,82.8859635027553,82.6139078901067,82.3542061451981,82.0774933709923,81.8428535319857,81.6543841254318,81.4087735805198,81.1715697316202,81.0685991695239,80.9769170370775,80.8782658838413,80.6577445832629,80.4874700036057,80.276979110895,80.0329306192878,79.8705217841186,79.6490290385669,79.3756004738067,78.1296931714559,76.8799855918877,76.3513964303743,75.768271305338,75.118150297453,74.4363498396603,73.6533776875322,73.0640715501015,72.5594598148319,72.5516675286937,72.1776610575913,71.7403515616901,70.7827235479598,70.1950000711577
"Vulnerable employment, total (% of total employment) (modeled ILO estimate)",SL.EMP.VULN.ZS,South Asia (IDA & IBRD),TSA,..,..,..,..,..,..,..,..,..,..,..,..,..,..,..,..,..,..,..,..,..,..,..,..,..,..,..,..,..,..,..,83.304517149977,83.088525312932,82.8859635027553,82.6139078901067,82.3542061451981,82.0774933709923,81.8428535319857,81.6543841254318,81.4087735805198,81.1715697316202,81.0685991695239,80.9769170370775,80.8782658838413,80.6577445832629,80.4874700036057,80.276979110895,80.0329306192878,79.8705217841186,79.6490290385669,79.3756004738067,78.1296931714559,76.8799855918877,76.3513964303743,75.768271305338,75.118150297453,74.4363498396603,73.6533776875322,73.0640715501015,72.5594598148319,72.5516675286937,72.1776610575913,71.7403515616901,70.7827235479598,70.1950000711577
"Vulnerable employment, total (% of total employment) (modeled ILO estimate)",SL.EMP.VULN.ZS,Sub-Saharan Africa,SSF,..,..,..,..,..,..,..,..,..,..,..,..,..,..,..,..,..,..,..,..,..,..,..,..,..,..,..,..,..,..,..,74.317339797707,74.3516167432556,74.3759245598967,74.5176990497827,74.5917740461963,74.4462413927273,74.3104720262811,74.2492744779534,74.1374614527113,74.0428757019128,74.0364712699563,73.9449849924276,73.8176934111506,73.6569234110581,73.574467858804,73.390520867964,73.1632798473575,72.9576656973154,72.900006731097,72.7801358664695,72.5768126504279,72.3676238468026,72.1000126569158,71.752870815302,71.4943335724209,71.3835318995765,71.2030443980962,70.9470787780133,70.8015787414501,71.7386332149587,71.3123666314731,71.0190851216922,71.4081328448529,71.1806510788013
"Vulnerable employment, total (% of total employment) (modeled ILO estimate)",SL.EMP.VULN.ZS,Sub-Saharan Africa (excluding high income),SSA,..,..,..,..,..,..,..,..,..,..,..,..,..,..,..,..,..,..,..,..,..,..,..,..,..,..,..,..,..,..,..,72.5699994782008,72.5484139134675,72.553702397175,72.700006737376,72.7808059330379,72.6301148084123,72.4905968987526,72.4277735614561,72.3080682755087,72.168635294083,72.1353260289169,72.0037629993185,71.8164745445381,71.6061970736707,71.4768118770903,71.2858524538349,71.0529124166692,70.8461397341808,70.8011020641739,70.6826926126649,70.4876346183205,70.2659282691595,70.0074054966299,69.6849412378865,69.4715479728285,69.4268486560605,69.2915331031575,69.0808778992911,68.9894174616778,70.0119034675766,69.6112610130865,69.3249834784119,69.7696684891168,69.5347813457323
"Vulnerable employment, total (% of total employment) (modeled ILO estimate)",SL.EMP.VULN.ZS,Sub-Saharan Africa (IDA & IBRD countries),TSS,..,..,..,..,..,..,..,..,..,..,..,..,..,..,..,..,..,..,..,..,..,..,..,..,..,..,..,..,..,..,..,74.317339797707,74.3516167432556,74.3759245598967,74.5176990497827,74.5917740461963,74.4462413927273,74.3104720262811,74.2492744779534,74.1374614527113,74.0428757019128,74.0364712699563,73.9449849924276,73.8176934111506,73.6569234110581,73.574467858804,73.390520867964,73.1632798473576,72.9576656973154,72.9000067310971,72.7801358664695,72.5768126504279,72.3676238468026,72.1000126569158,71.752870815302,71.4943335724209,71.3835318995765,71.2030443980962,70.9470787780133,70.8015787414501,71.7386332149587,71.3123666314731,71.0190851216922,71.4081328448529,71.1806510788013
"Vulnerable employment, total (% of total employment) (modeled ILO estimate)",SL.EMP.VULN.ZS,Upper middle income,UMC,..,..,..,..,..,..,..,..,..,..,..,..,..,..,..,..,..,..,..,..,..,..,..,..,..,..,..,..,..,..,..,49.9916877354961,49.6028581321305,49.0879545390979,48.560268378494,48.0394730309146,47.4468963571884,46.9112459636036,46.706550065206,46.1612142055996,45.7765831506836,44.9586528999299,44.4227015256429,44.0332949065094,43.1562406465125,42.3371604446613,41.614234526192,41.0728516005135,40.3706565072696,39.9466445299205,39.3133327392349,38.6645553955488,37.9754249496175,37.4414608178261,36.8356676492518,36.303120457728,36.0359494145748,35.8132930191331,35.6129004600757,35.3225505036553,35.6568079391448,35.5315452220186,35.301101770156,34.9009301643301,34.4704057538266
"Vulnerable employment, total (% of total employment) (modeled ILO estimate)",SL.EMP.VULN.ZS,World,WLD,..,..,..,..,..,..,..,..,..,..,..,..,..,..,..,..,..,..,..,..,..,..,..,..,..,..,..,..,..,..,..,48.7974586420389,48.809089737562,48.7917323348731,48.7259569990863,48.6170971365706,48.4584801434668,48.2770766347654,48.301853952592,48.1076289369127,47.9334805713834,47.6320329336392,47.4387786527815,47.3527150330392,46.9497209965083,46.5244503341785,46.056281125561,45.6725846487089,45.2962327941406,45.3009712516859,45.0563948222805,44.5825834392514,44.0363570773453,43.864686475639,43.513641508066,43.1152246671509,42.8552713880461,42.617391848986,42.379725468194,42.3448153656928,42.8922670148,42.8351835261544,42.8475937020337,42.6553297090875,42.4832625291468
,,,,,,,,,,,,,,,,,,,,,,,,,,,,,,,,,,,,,,,,,,,,,,,,,,,,,,,,,,,,,,,,,,,,
,,,,,,,,,,,,,,,,,,,,,,,,,,,,,,,,,,,,,,,,,,,,,,,,,,,,,,,,,,,,,,,,,,,,
,,,,,,,,,,,,,,,,,,,,,,,,,,,,,,,,,,,,,,,,,,,,,,,,,,,,,,,,,,,,,,,,,,,,
Data from database: World Development Indicators,,,,,,,,,,,,,,,,,,,,,,,,,,,,,,,,,,,,,,,,,,,,,,,,,,,,,,,,,,,,,,,,,,,,
Last Updated: 01/28/2026,,,,,,,,,,,,,,,,,,,,,,,,,,,,,,,,,,,,,,,,,,,,,,,,,,,,,,,,,,,,,,,,,,,,
Code,License Type,Indicator Name,Long definition,Source,Topic,Dataset,Unit of measure,Periodicity,Reference period,Aggregation method,Statistical concept and methodology,Development relevance,Limitations and exceptions,Other notes,License URL
NY.GDP.PCAP.PP.KD,CC BY-4.0,"GDP per capita, PPP (constant 2021 international $)","This indicator provides values for gross domestic product (GDP) expressed in constant international dollars, converted by purchasing power parities (PPPs). PPPs account for the different price levels across countries and thus PPP-based comparisons of economic output are more appropriate for comparing the output of economies and the average material well-being of their inhabitants than exchange-rate based comparisons. 

Gross domestic product is the total income earned through the production of goods and services in an economic territory during an accounting period. It can be measured in three different ways: using either the expenditure approach, the income approach, or the production approach. The core indicator has been divided by the general population to achieve a per capita estimate. This indicator is expressed in constant prices, meaning the series has been adjusted to account for price changes over time. The reference year for this adjustment is 2021. The PPP conversion factor is a currency conversion factor and a spatial price deflator. PPPs convert different currencies to a common currency and, in the process of conversion, equalize their purchasing power by eliminating the differences in price levels between countries, thereby allowing volume or output comparisons of GDP and its expenditure components.","International Comparison Program (ICP), World Bank (WB), uri: https://www.worldbank.org/en/programs/icp/data, note: This information is for ICP’s PPPs utilized in WDI, publisher: International Comparison Program (ICP), date accessed: May 30, 2024, date published: May 30, 2024;
The Eurostat PPP Programme, Eurostat (ESTAT), uri: https://ec.europa.eu/eurostat/databrowser/explore/all/all_themes, publisher: Eurostat;
The OECD PPP Programme, Organisation for Economic Co-operation and Development (OECD), uri: https://data-explorer.oecd.org/, publisher: OECD;
Staff estimates, World Bank (WB);
National Accounts data files, Organisation for Economic Co-operation and Development (OECD);
World Economic Outlook database, International Monetary Fund (IMF)",Economic Policy & Debt: Purchasing power parity,WB_WDI,Constant 2021 international $,Annual,1990-2024,Weighted average,"Methodology: The International Comparison Program (ICP) estimates PPPs for the world’s countries. The ICP is conducted as a global partnership of countries, multilateral agencies, and academia. The recent 2021 ICP comparison covered 176 countries, including 49 Eurostat-OECD countries. For countries that have not participated in ICP comparisons, the PPP are imputed based on a regression model. ICP estimated PPPs cover years from 2011 to 2021. WDI extrapolates 2011 PPPs for years earlier years, and 2021 PPPs for later years. For the member countries of Eurostat-OECD PPP Programme, PPP conversion factors are periodically updated based on the organizations’ databases. 

National accounts are compiled in accordance with international standards: System of National Accounts, 2008 or 1993 versions. Specific information on how countries compile their national accounts can be found on the IMF website: https://dsbb.imf.org/  Linked series have been smoothed to remove breaks resulting from changes in base years, data sources or compilation methods. The linking is performed using historical nominal growth rates from archived WDI databases.

Statistical concept(s): PPPs are primarily used to convert the national accounts data of economies, such as GDP and its expenditure components, into a common currency.  In the process of conversion, they control for differences in the price levels of economies, and thus equalize purchasing power. PPP-based comparisons of economic output differ from market exchange rate-based comparisons as the latter do not distinguish between the relative price levels of different items in economies. Overall price levels are normally higher in higher-income economies than they are in lower-income economies (Balassa-Samuelson effect), mostly because of the large differences in price levels for non-traded products. If no account is taken of the larger price level differences for non-traded products when converting GDP to a common currency, the size of higher-income economies with high price levels will be overstated and the size of lower-income economies with low price levels will be understated. No distinction is made between traded products and non-traded products when market exchange rates are used to convert GDP to a common currency: the rate is the same for all products. PPP-converted GDP does not have this bias because PPPs account for the different price levels of traded products and non-traded products. Thus, PPPs are more appropriate for comparing the output of economies and the average material well-being of their inhabitants and are also less impacted by the potential volatility of market exchange rates. PPPs are calculated by the International Comparison Program (ICP) based on the prices of goods and services within an economy and national accounts expenditures. 

The  conceptual elements of the SNA (System of National Accounts) measure what takes place in the economy, between which agents, and for what purpose. At the heart of the SNA is the production of goods and services. These may be used for consumption in the period to which the accounts relate or may be accumulated for use in a later period. In simple terms, the amount of value added generated by production represents GDP. The income corresponding to GDP is distributed to the various agents or groups of agents as income and it is the process of distributing and redistributing income that allows one agent to consume the goods and services produced by another agent or to acquire goods and services for later consumption. The way in which the SNA captures this pattern of economic flows is to identify the activities concerned by recognizing the institutional units in the economy and by specifying the structure of accounts capturing the transactions relevant to one stage or another of the process by which goods and services are produced and ultimately consumed.","PPPs are used to convert national accounts data from different countries, such as GDP and its expenditure components, into a common currency, while also eliminating the effect of price level differences between countries. PPPs are also used to derive price level indexes (PLIs), the ratio of a country’s PPP to its market exchange rate, to directly compare price levels across countries.
The PPP-based expenditures to which they give rise are primarily used to make spatial comparisons of volume and per capita consumption or levels of GDP and its expenditure components across countries.  PPP-based indicators are used for national, regional, and global policy making and analysis across the socioeconomic spectrum from poverty and inequality, to health and education, to energy and climate, through to economic growth, labor, productivity, trade, competitiveness, and infrastructure. A number of Sustainable Development Goals use PPP-based indicators to measure development progress.

This indicator is related to the national accounts, which are critical for understanding and managing a country's economy. They provide a framework for the analysis of economic performance. National accounts are the basis for estimating the Gross Domestic Product (GDP) and Gross National Income (GNI), which are the most widely used indicator of economic performance. They are essential for government policymakers, providing the data needed to design and assess fiscal and monetary policies; and are also used by businesses and investors to assess the economic climate and make investment decisions. NAS enable comparison between economies, which is crucial for international trade, investment decisions, and economic competitiveness. More specifically, this indicator is related to national accounts aggregates. Gross Domestic Product (GDP), Gross National Income (GNI), and other aggregates provide a snapshot of the size and health of an economy by measuring the total economic activity within a country. They can thus be used by policymakers to design and implement economic policies, as they reflect the overall economic performance and can indicate the need for intervention in certain areas. Aggregates also allow for comparisons between different economies, which can be useful for trade negotiations, investment decisions, and economic benchmarking. By examining aggregates over time, economists and analysts can identify trends, cycles, and potential areas of concern within an economy, and investors can use national accounts aggregates to assess the potential risks and returns of investing in a particular country. Overall, national accounts aggregates are fundamental tools for economic analysis, policy formulation, and decision-making at both the national and international levels.",,,https://datacatalog.worldbank.org/public-licenses#cc-by
SI.POV.UMIC,CC BY-4.0,Poverty headcount ratio at $8.30 a day (2021 PPP) (% of population),Poverty headcount ratio at $8.30 a day is the percentage of the population living on less than $8.30 a day at 2021 international prices.,"World Bank, Poverty and Inequality Platform. Data are based on primary household survey data obtained from government statistical agencies and World Bank country departments. Data for high-income economies are mostly from the Luxembourg Income Study database. For more information and methodology, please see http://pip.worldbank.org., World Bank (WB), uri: http://pip.worldbank.org, note: Data are based on primary household survey data obtained from government statistical agencies and World Bank country departments. Data for high-income economies are mostly from the Luxembourg Income Study database.",Poverty: Poverty rates,WB_WDI,%,Annual,1963-2024,Population-weighted average,"Methodology: International comparisons of poverty estimates entail both conceptual and practical problems. Countries have different definitions of poverty, and consistent comparisons across countries can be difficult. Local poverty lines tend to have higher purchasing power in rich countries, where more generous standards are used, than in poor countries.Since World Development Report 1990, the World Bank has aimed to apply a common standard in measuring extreme poverty, anchored to what poverty means in the world's poorest countries. The welfare of people living in different countries can be measured on a common scale by adjusting for differences in the purchasing power of currencies. The commonly used $1 a day standard, measured in 1985 international prices and adjusted to local currency using purchasing power parities (PPPs), was chosen for World Development Report 1990 because it was typical of the poverty lines in low-income countries at the time. As differences in the cost of living across the world evolve, the international poverty line has to be periodically updated using new PPP price data to reflect these changes. The last change was in September 2022, when we adopted $3.00 as the international poverty line using the 2021 PPP. Poverty measures based on international poverty lines attempt to hold the real value of the poverty line constant across countries, as is done when making comparisons over time. The $4.20 poverty line is derived from typical national poverty lines in countries classified as Lower Middle Income. The $8.30 poverty line is derived from typical national poverty lines in countries classified as Upper Middle Income.Early editions of World Development Indicators used PPPs from the Penn World Tables to convert values in local currency to equivalent purchasing power measured in U.S dollars. Later editions used 1993, 2005, and 2021 consumption PPP estimates produced by the World Bank. The current extreme poverty line is set at $3.00 a day in 2021 PPP terms, which represents the mean of the poverty lines found in 15 of the poorest countries ranked by per capita consumption. The new poverty line maintains the same standard for extreme poverty - the poverty line typical of the poorest countries in the world - but updates it using the latest information on the cost of living in developing countries. As a result of revisions in PPP exchange rates, poverty rates for individual countries cannot be compared with poverty rates reported in earlier editions.The statistics reported here are based on consumption data or, when unavailable, on income surveys.
Statistical concept(s): Poverty headcount ratio at $8.30 a day refers to the percentage of a population whose consumption or income per day falls short of $8.30 a day (adjusted for purchasing power parity differences across countries). $8.30 is the typical poverty line of upper-middle-income countries.","The World Bank defines a higher poverty line of $8.30, in addition to the international poverty line of $3.00, to account for higher living standards in a changing world (these values adjust for purchasing power differences across countries). The value of $8.30 is the typical poverty line of upper-middle-income countries, which is the estimated minimum amount of money people in upper-middle-income countries need to cover their daily basic needs, including food, clothing, shelter, heath care, education, and so on. The share of population living on less than $8.30 a day is the second indicator the World Bank tracks in its expanded vision indicators to create a world free of poverty in a livable planet. A growing majority of the world’s population live in middle-income countries (for example, about three-quarters in 2024 compared to one-quarter in 1990), so a higher poverty line would be more representative of the word’s current demographic structure. Further, a higher standard of poverty would be necessary to build resilience in a world more susceptible to climate-related risks.","Despite progress in the last decade, the challenges of measuring poverty remain. The timeliness, frequency, quality, and comparability of household surveys need to increase substantially, particularly in the poorest countries. The availability and quality of poverty monitoring data remains low in small states, countries with fragile situations, and low-income countries and even some middle-income countries. The low frequency and lack of comparability of the data available in some countries create uncertainty over the magnitude of poverty reduction. 







Besides the frequency and timeliness of survey data, other data quality issues arise in measuring household living standards. The surveys ask detailed questions on sources of income and how it was spent, which must be carefully recorded by trained personnel. Income is generally more difficult to measure accurately, and consumption comes closer to the notion of living standards. And income can vary over time even if living standards do not. But consumption data are not always available: the latest estimates reported here use consumption data for about two-thirds of countries.







However, even similar surveys may not be strictly comparable because of differences in timing or in the quality and training of enumerators. Comparisons of countries at different levels of development also pose a potential problem because of differences in the relative importance of the consumption of nonmarket goods. The local market value of all consumption in kind (including own production, particularly important in underdeveloped rural economies) should be included in total consumption expenditure but may not be. Most survey data now include valuations for consumption or income from own production, but valuation methods vary.",The World Bank’s internationally comparable poverty monitoring database now draws on income or detailed consumption data from more than 2000 household surveys across 169 countries. See the Poverty and Inequality Platform (PIP) for details (www.pip.worldbank.org).,https://datacatalog.worldbank.org/public-licenses#cc-by
SI.POV.UMIC.GP,CC BY-4.0,Poverty gap at $8.30 a day (2021 PPP) (%),"Poverty gap at $8.30 a day (2021 PPP) is the mean shortfall in income or consumption from the poverty line $8.30 a day (counting the nonpoor as having zero shortfall), expressed as a percentage of the poverty line. This measure reflects the depth of poverty as well as its incidence.","World Bank, Poverty and Inequality Platform. Data are based on primary household survey data obtained from government statistical agencies and World Bank country departments. Data for high-income economies are mostly from the Luxembourg Income Study database. For more information and methodology, please see http://pip.worldbank.org., World Bank (WB), uri: http://pip.worldbank.org, note: Data are based on primary household survey data obtained from government statistical agencies and World Bank country departments. Data for high-income economies are mostly from the Luxembourg Income Study database.",Poverty: Poverty rates,WB_WDI,%,Annual,1963-2024,Population-weighted average,"Methodology: International comparisons of poverty estimates entail both conceptual and practical problems. Countries have different definitions of poverty, and consistent comparisons across countries can be difficult. Local poverty lines tend to have higher purchasing power in rich countries, where more generous standards are used, than in poor countries.Since World Development Report 1990, the World Bank has aimed to apply a common standard in measuring extreme poverty, anchored to what poverty means in the world's poorest countries. The welfare of people living in different countries can be measured on a common scale by adjusting for differences in the purchasing power of currencies. The commonly used $1 a day standard, measured in 1985 international prices and adjusted to local currency using purchasing power parities (PPPs), was chosen for World Development Report 1990 because it was typical of the poverty lines in low-income countries at the time. As differences in the cost of living across the world evolve, the international poverty line has to be periodically updated using new PPP price data to reflect these changes. The last change was in September 2022, when we adopted $3.00 as the international poverty line using the 2021 PPP. Poverty measures based on international poverty lines attempt to hold the real value of the poverty line constant across countries, as is done when making comparisons over time. The $4.20 poverty line is derived from typical national poverty lines in countries classified as Lower Middle Income. The $8.30 poverty line is derived from typical national poverty lines in countries classified as Upper Middle Income.Early editions of World Development Indicators used PPPs from the Penn World Tables to convert values in local currency to equivalent purchasing power measured in U.S dollars. Later editions used 1993, 2005, and 2021 consumption PPP estimates produced by the World Bank. The current extreme poverty line is set at $3.00 a day in 2021 PPP terms, which represents the mean of the poverty lines found in 15 of the poorest countries ranked by per capita consumption. The new poverty line maintains the same standard for extreme poverty - the poverty line typical of the poorest countries in the world - but updates it using the latest information on the cost of living in developing countries. As a result of revisions in PPP exchange rates, poverty rates for individual countries cannot be compared with poverty rates reported in earlier editions.The statistics reported here are based on consumption data or, when unavailable, on income surveys.
Statistical concept(s): The poverty gap at $8.30 measures the average shortfall in income or consumption of individuals living below the poverty line of $8.30 per day, adjusted to 2021 purchasing power parity (PPP), expressed as a percentage of that poverty line. It essentially measures the depth of poverty—that is, how far the poor are living below the upper-middle-income poverty line.","Monitoring poverty is important on the global development agenda as well as on the national development agenda of many countries. The poverty gap measures the depth of poverty—that is, how far below the upper-middle-income poverty line the poor are living. The poverty gap measure is used to estimate the total value of monetary transfers that could lift the poor out of poverty, assuming poverty is transitory and there are no administrative costs of transfers.","Despite progress in the last decade, the challenges of measuring poverty remain. The timeliness, frequency, quality, and comparability of household surveys need to increase substantially, particularly in the poorest countries. The availability and quality of poverty monitoring data remains low in small states, countries with fragile situations, and low-income countries and even some middle-income countries. The low frequency and lack of comparability of the data available in some countries create uncertainty over the magnitude of poverty reduction. 







Besides the frequency and timeliness of survey data, other data quality issues arise in measuring household living standards. The surveys ask detailed questions on sources of income and how it was spent, which must be carefully recorded by trained personnel. Income is generally more difficult to measure accurately, and consumption comes closer to the notion of living standards. And income can vary over time even if living standards do not. But consumption data are not always available: the latest estimates reported here use consumption data for about two-thirds of countries.







However, even similar surveys may not be strictly comparable because of differences in timing or in the quality and training of enumerators. Comparisons of countries at different levels of development also pose a potential problem because of differences in the relative importance of the consumption of nonmarket goods. The local market value of all consumption in kind (including own production, particularly important in underdeveloped rural economies) should be included in total consumption expenditure but may not be. Most survey data now include valuations for consumption or income from own production, but valuation methods vary.",The World Bank’s internationally comparable poverty monitoring database now draws on income or detailed consumption data from more than 2000 household surveys across 169 countries. See the Poverty and Inequality Platform (PIP) for details (www.pip.worldbank.org).,https://datacatalog.worldbank.org/public-licenses#cc-by
SI.POV.GINI,CC BY-4.0,Gini index,"Gini index measures the extent to which the distribution of income (or, in some cases, consumption expenditure) among individuals or households within an economy deviates from a perfectly equal distribution. A Lorenz curve plots the cumulative percentages of total income received against the cumulative number of recipients, starting with the poorest individual or household. The Gini index measures the area between the Lorenz curve and a hypothetical line of absolute equality, expressed as a percentage of the maximum area under the line. Thus a Gini index of 0 represents perfect equality, while an index of 100 implies perfect inequality.","World Bank, Poverty and Inequality Platform. Data are based on primary household survey data obtained from government statistical agencies and World Bank country departments. Data for high-income economies are mostly from the Luxembourg Income Study database. For more information and methodology, please see http://pip.worldbank.org., World Bank (WB), uri: http://pip.worldbank.org, note: Data are based on primary household survey data obtained from government statistical agencies and World Bank country departments. Data for high-income economies are mostly from the Luxembourg Income Study database.",Poverty: Income distribution,WB_WDI,%,Annual,1963-2024,NA,"Methodology: The Gini index measures the area between the Lorenz curve and a hypothetical line of absolute equality, expressed as a percentage of the maximum area under the line. A Lorenz curve plots the cumulative percentages of total income received against the cumulative number of recipients, starting with the poorest individual. Thus a Gini index of 0 represents perfect equality, while an index of 100 implies perfect inequality.







The Gini index provides a convenient summary measure of the degree of inequality. Data on the distribution of income or consumption come from nationally representative household surveys. Where the original data from the household survey were available, they have been used to calculate the income or consumption shares by quintile. Otherwise, shares have been estimated from the best available grouped data.







The distribution data have been adjusted for household size, providing a more consistent measure of per capita income or consumption. 







The year reflects the year in which the underlying household survey data were collected or, when the data collection period bridged two calendar years, the year data collection started.
Statistical concept(s): The Gini index is the average of all pairwise absolute differences between individual consumption or income, normalized by twice the mean. More intuitively, the Gini index is the average share of mean consumption or income that needs to be transferred between two randomly selected individuals to achieve equality. A Gini index of 1 represents perfect inequality, in which total consumption or income goes to one individual. A Gini index of 0 indicates represents perfect equality, in which all individuals have the same level of consumption or income.","The World Bank Group's vision of promoting shared prosperity includes a measure that tracks the number of economies with high inequality, defined as those with a Gini index greater than 0.4","Gini coefficients are not unique. It is possible for two different Lorenz curves to give rise to the same Gini coefficient. Furthermore it is possible for the Gini coefficient of a developing country to rise (due to increasing inequality of income) while the number of people in absolute poverty decreases. This is because the Gini coefficient measures relative, not absolute, wealth.







Another limitation of the Gini coefficient is that it is not additive across groups, i.e. the total Gini of a society is not equal to the sum of the Gini's for its sub-groups. Thus, country-level Gini coefficients cannot be aggregated into regional or global Gini's, although a Gini coefficient can be computed for the aggregate.







Because the underlying household surveys differ in methods and types of welfare measures collected, data are not strictly comparable across countries or even across years within a country. Two sources of non-comparability should be noted for distributions of income in particular. First, the surveys can differ in many respects, including whether they use income or consumption expenditure as the living standard indicator. The distribution of income is typically more unequal than the distribution of consumption. In addition, the definitions of income used differ more often among surveys. Consumption is usually a much better welfare indicator, particularly in developing countries. Second, households differ in size (number of members) and in the extent of income sharing among members. And individuals differ in age and consumption needs. Differences among countries in these respects may bias comparisons of distribution. 







World Bank staff have made an effort to ensure that the data are as comparable as possible. Wherever possible, consumption has been used rather than income. Income distribution and Gini indexes for high-income economies are calculated directly from the Luxembourg Income Study database, using an estimation method consistent with that applied for developing countries.",The World Bank’s internationally comparable poverty monitoring database now draws on income or detailed consumption data from more than 2000 household surveys across 169 countries. See the Poverty and Inequality Platform (PIP) for details (www.pip.worldbank.org).,https://datacatalog.worldbank.org/public-licenses#cc-by
SI.DST.FRST.20,CC BY-4.0,Income share held by lowest 20%,Percentage share of income or consumption is the share that accrues to subgroups of population indicated by deciles or quintiles. Percentage shares by quintile may not sum to 100 because of rounding.,"World Bank, Poverty and Inequality Platform. Data are based on primary household survey data obtained from government statistical agencies and World Bank country departments. Data for high-income economies are mostly from the Luxembourg Income Study database. For more information and methodology, please see http://pip.worldbank.org., World Bank (WB), uri: http://pip.worldbank.org, note: Data are based on primary household survey data obtained from government statistical agencies and World Bank country departments. Data for high-income economies are mostly from the Luxembourg Income Study database.",Poverty: Income distribution,WB_WDI,%,Annual,1963-2024,NA,"Methodology: Inequality in the distribution of income is reflected in the share of income or consumption accruing to a portion of the population ranked by income or consumption levels. The portions ranked lowest by personal income receive the smallest shares of total income.







Data on the distribution of income or consumption come from nationally representative household surveys. Where the original data from the household survey were available, they have been used to directly calculate the income or consumption shares by quintile. Otherwise, shares have been estimated from the best available grouped data.







The distribution data have been adjusted for household size, providing a more consistent measure of per capita income or consumption. 







The year reflects the year in which the underlying household survey data were collected or, when the data collection period bridged two calendar years, the year data collection started.







Percentage shares by quintile may not sum to 100 because of rounding.
Statistical concept(s): The percentage of total income in a population that is held by the bottom quintile, meaning the bottom 20% of people when ranked from lowest to highest income.","It measures the level of inequality within countries (SDG 10). Inequality undermines economic growth and development in the long run, limits the potential of growth to reduce poverty, and weakens social cohesion and trust.","Despite progress in the last decade, the challenges of measuring poverty remain. The timeliness, frequency, quality, and comparability of household surveys need to increase substantially, particularly in the poorest countries. The availability and quality of poverty monitoring data remains low in small states, countries with fragile situations, and low-income countries and even some middle-income countries. The low frequency and lack of comparability of the data available in some countries create uncertainty over the magnitude of poverty reduction. 







Besides the frequency and timeliness of survey data, other data quality issues arise in measuring household living standards. The surveys ask detailed questions on sources of income and how it was spent, which must be carefully recorded by trained personnel. Income is generally more difficult to measure accurately, and consumption comes closer to the notion of living standards. And income can vary over time even if living standards do not. But consumption data are not always available: the latest estimates reported here use consumption data for about two-thirds of countries.







However, even similar surveys may not be strictly comparable because of differences in timing or in the quality and training of enumerators. Comparisons of countries at different levels of development also pose a potential problem because of differences in the relative importance of the consumption of nonmarket goods. The local market value of all consumption in kind (including own production, particularly important in underdeveloped rural economies) should be included in total consumption expenditure but may not be. Most survey data now include valuations for consumption or income from own production, but valuation methods vary.",The World Bank’s internationally comparable poverty monitoring database now draws on income or detailed consumption data from more than 2000 household surveys across 169 countries. See the Poverty and Inequality Platform (PIP) for details (www.pip.worldbank.org).,https://datacatalog.worldbank.org/public-licenses#cc-by
SH_UHC_FH40_IMPOV,CC BY-4.0,"Proportion of population facing impoverishing out-of-pocket health expenditure, based on the societal poverty line (%)","Proportion of population spending more than 100% of household discretionary budget on out-of-pocket health expenditure (%). This includes people living in poverty that are further impoverished due to out-of-pocket health expenditure as well as people who are pushed into poverty by out-of-pocket health expenditure. 

The discretionary budget is defined as the total household budget, measured by consumption expenditure or income, minus the societal poverty line (SPL  ). Using 2017 purchasing power parities (PPPs), the SPL corresponds to whichever is greater: $2.15 (the international poverty line) or $1.15 + 50% of median household consumption expenditure or income, excluding out-of-pocket household expenditure on health. 

Out-of-pocket health expenditure is defined as any spending incurred by a household when any member uses a health good or service to receive any type of care (preventive, curative, rehabilitative, long-term or palliative care); provided by any type of provider; for any type of disease, illness or health condition; in any type of setting (outpatient, inpatient, at home).","Universal Health Coverage Dataset, World Health Organization (WHO) [WHO];
World Bank (WB) [WB], note: Universal Health Coverage Dataset",Health: Universal Health Coverage,WB_WDI,Percentage,Annual,1985-2024,Weighted average,"Methodology: Proportion of population facing impoverishing out-of-pocket health expenditure (%) is measured as the population-weighted average of the number of people living in households with positive out-of-pocket household expenditure on health exceeding 100% of household discretionary budget.
Statistical concept(s): The household discretionary budget is defined as total household consumption expenditure or income minus the societal poverty line (SPL). Using 2017 purchasing power parities (PPPs), the SPL corresponds to whichever is greater: $2.15 (the international poverty line) or $1.15 + 50% of median household consumption expenditure or income, excluding out-of-pocket household expenditure on health. Households living in societal poverty, have a negative discretionary budget.
Out-of-pocket health expenditure is defined as any spending incurred by a household when any member uses a health good or service to receive any type of care (preventive, curative, rehabilitative, long-term or palliative care); provided by any type of provider; for any type of disease, illness or health condition; in any type of setting (outpatient, inpatient, at home). This excludes any reimbursement by a third party, such as the government, a health insurance fund or a private insurance company.  
The recommended data sources for monitoring this indicator are household budget surveys and household income and expenditure surveys, which provide information on both household consumption expenditure on health and total household consumption expenditures, and are routinely conducted by National Statistical Offices (NSOs). Preference is given for the use of consumption expenditure as a measure or household budget and discretionary budget, with income being used when consumption expenditure data is unavailable.
To compute regional and global aggregates for a common reference year, survey-based country estimates are first “lined-up” using a combination of interpolation/extrapolation (when there are at least two survey-based estimates available within 5 years around the reference year); econometric modelling (one survey-based estimate available around the reference year); and imputation based on income group medians (no survey-based estimates available around the reference year) (see also SDG 3.8.2 metadata description (https://unstats.un.org/sdgs/metadata/files/Metadata-03-08-02.pdf), sections 4.f and 4.g).
Refer to Other notes for details on out-of-pocket health expenditure.","Financial hardship due to out-of-pocket health spending reflects the extent to which people’s direct health payments reduce their living standards. Because OOP health payments are made at the point of care without risk pooling, they include formal and informal payments for any health service or health product, OOP health payments can occur in any health system and affect people at any income level.

Financial hardship due to OOP health spending is one of two dimensions of Universal Health Coverage (UHC) which is defined as all people being able to access the health services, they need without compromising their ability to meet basic needs or significantly reducing their ability to consume other goods and services. As Sustainable Development Goal (SDG) indicator 3.8.2, financial hardship forms part of SDG Target 3.8 (UHC) and directly relates to SDG 3 (Ensure healthy lives and promote well-being for all at all ages) and SDG 1 (End poverty in all its forms everywhere). As a component of UHC, it is key to improving the well-being of a country’s population, an investment in human capital and a foundational driver of inclusive and sustainable economic growth and development.",,"The proportion of population facing financial hardship due to out-of-pocket health expenditure can be decomposed into two mutually exclusive categories: the proportion of population with impoverishing out-of-pocket health expenditure and the proportion of the population with large but non-impoverishing out-of-pocket health expenditure
(i) Impoverishing out-of-pocket health expenditure
Out-of-pocket health expenditure is defined as impoverishing if it exceeds 100% of household discretionary budget. This is spending that leaves the household with no discretionary budget, or with inability to meet basic needs, once out-of-pocket health expenditure is subtracted from their discretionary budget. For households with negative discretionary budgets (those living in societal poverty), any OOP health spending exceeds 100% of the household discretionary budget. 
The proportion of population incurring impoverishing out-of-pocket health expenditure can be further decomposed into the proportion of population further impoverished and the proportion pushed into poverty due to out-of-pocket health expenditure. 
Out-of-pocket health expenditure is defined as further impoverishing for households that live in societal poverty (household total consumption or income lies below the societal poverty line) and incur any out-of-pocket health expenditure.
Out-of-pocket health expenditure is considered as pushing into poverty if households with positive discretionary budgets spend all their discretionary budget on out-of-pocket health expenditure. In other words, household total consumption (or income) is above the societal poverty line, but its total consumption (or income) net of out-of-pocket health expenditure falls below the societal poverty line, pushing the household into societal poverty.
(ii)  Large (but not impoverishing out-of-pocket) health spending
Out-of-pocket health spending is defined as large (but non-impoverishing) if it exceeds 40% but remains below 100% of household discretionary budget. This implies ability to meet basic needs but a substantial reduction in ability to consume other goods and services due to the need to pay for health care.",https://datacatalog.worldbank.org/public-licenses#cc-by
SL.EMP.VULN.ZS,CC BY-4.0,"Vulnerable employment, total (% of total employment) (modeled ILO estimate)",Vulnerable employment is contributing family workers and own-account workers as a percentage of total employment.,"ILO Modelled Estimates database (ILOEST), International Labour Organization (ILO), uri: https://ilostat.ilo.org/data/bulk/, publisher: ILOSTAT, type: estimates based on external database, date accessed: January 17, 2026",Social Protection & Labor: Economic activity,WB_WDI,% of total employment,Annual,1991-2024,Weighted average,"Methodology: The proportion of vulnerable employment to the total employed is calculated as follows: (Contributing family workers + own-account workers)/Total employment x 100. 
The series is part of the "ILO modeled estimates database," including nationally reported observations and imputed data for countries with missing data, primarily to capture regional and global trends with consistent country coverage. Country-reported microdata is based mainly on nationally representative labor force surveys, with other sources (e.g., household surveys and population censuses) considering differences in the data source, the scope of coverage, methodology, and other country-specific factors. Country analysis requires caution where limited nationally reported data are available. A series of models are also applied to impute missing observations and make projections. However, imputed observations are not based on national data, are subject to high uncertainty, and should not be used for country comparisons or rankings. For more information: https://ilostat.ilo.org/resources/concepts-and-definitions/ilo-modelled-estimates/

Statistical concept(s): The status in employment distinguishes between two categories of the total employed: (a) wage and salaried workers (also known as employees); and (b) self-employed workers, with the subcategories: (i) self-employed workers with employees (employers), (ii) self-employed workers without employees (own-account workers), and (iii) members of producers' cooperatives and contributing family workers (also known as unpaid family workers). Vulnerable employment refers to the sum of (ii) own-account workers and (iii) contributing family workers.","Breaking down employment information by status in employment provides a statistical basis for describing workers' behaviour and conditions of work, and for defining an individual's socio-economic group. A high proportion of wage and salaried workers in a country can signify advanced economic development. If the proportion of own-account workers (self-employed without hired employees) is sizeable, it may be an indication of a large agriculture sector and low growth in the formal economy. A high proportion of contributing family workers — generally unpaid, although compensation might come indirectly in the form of family income — may indicate weak development, little job growth, and often a large rural economy.

Each status group faces different economic risks, and contributing family workers and own-account workers are the most vulnerable - and therefore the most likely to fall into poverty. They are the least likely to have formal work arrangements, are the least likely to have social protection and safety nets to guard against economic shocks, and often are incapable of generating sufficient savings to offset these shocks. The vulnerable employment rate, which is the share of vulnerable employment in total employment, was an indicator of the (now finished) Millennium Development Goals, under the employment, target on decent work.","Data are drawn from labor force surveys and household surveys, supplemented by official estimates and censuses for a small group of countries. Due to differences in definitions and coverage across countries, there are limitations for comparing data across countries and over time even within a country. Estimates of women in employment are not comparable internationally, reflecting that demographic, social, legal, and cultural trends and norms determine whether women's activities are regarded as economic.",,https://datacatalog.worldbank.org/public-licenses#cc-by
