"Outcome_Label","Coef_Heritage","P_Heritage","R2_Heritage","Coef_Fraser","P_Fraser","R2_Fraser","Min_P"
"GDP per capita (constant USD)",1055.74313525213,0,0.394847369125734,10388.4807542582,0,0.392057488057774,0
"Gini index (inequality)",-0.188204070337035,5.56756009533514e-18,0.0417585710007966,-2.10818520137852,1.15758134213644e-23,0.0611100959708149,1.15758134213644e-23
