ISO3,Country,Year,fraser_Summary,fraser_SizeGov,fraser_LegalSystem,fraser_SoundMoney,fraser_FreeTrade,fraser_Regulation,heritage_Overall,heritage_Property Rights,heritage_Government Integrity,heritage_Judicial Effectiveness,heritage_Tax Burden,heritage_Government Spending,heritage_Fiscal Health,heritage_Business Freedom,heritage_Labor Freedom,heritage_Monetary Freedom,heritage_Trade Freedom,heritage_Investment Freedom,heritage_Financial Freedom
AFG,Afghanistan,1995,,,,,,,,,,,,,,,,,,,
AFG,Afghanistan,1996,,,,,,,,,,,,,,,,,,,
AFG,Afghanistan,1997,,,,,,,,,,,,,,,,,,,
AFG,Afghanistan,1998,,,,,,,,,,,,,,,,,,,
AFG,Afghanistan,1999,,,,,,,,,,,,,,,,,,,
AFG,Afghanistan,2000,,,,,,,,,,,,,,,,,,,
AFG,Afghanistan,2001,,,,,,,,,,,,,,,,,,,
AFG,Afghanistan,2002,,,,,,,,,,,,,,,,,,,
AFG,Afghanistan,2003,,,,,,,,,,,,,,,,,,,
AFG,Afghanistan,2004,,,,,,,,,,,,,,,,,,,
AFG,Afghanistan,2005,,,,,,,,,,,,,,,,,,,
AFG,Afghanistan,2006,,,,,,,,,,,,,,,,,,,
AFG,Afghanistan,2007,,,,,,,,,,,,,,,,,,,
AFG,Afghanistan,2008,,,,,,,,,,,,,,,,,,,
AFG,Afghanistan,2009,,,,,,,,,,,,,,,,,,,
AFG,Afghanistan,2010,,,,,,,,,,,,,,,,,,,
AFG,Afghanistan,2011,,,,,,,,,,,,,,,,,,,
AFG,Afghanistan,2012,,,,,,,,,,,,,,,,,,,
AFG,Afghanistan,2013,,,,,,,,,15,,,83.2,,59.7,75.8,69.5,,65,
AFG,Afghanistan,2014,,,,,,,,,10,,91.2,84.2,,63.1,75,74.3,,65,
AFG,Afghanistan,2015,,,,,,,,,8,,91.7,81.2,,61.4,67.5,72.6,,55,
AFG,Afghanistan,2016,,,,,,,,,12,,91.6,81.2,,56.6,63.2,,,55,
AFG,Afghanistan,2017,,,,,,,48.9,12.6,27.5,28.4,91.6,79.9,97.3,54.2,59.9,69.3,66,0,0
AFG,Afghanistan,2018,,,,,,,51.3,17.9,26.2,28.2,91.8,79.3,98.3,53,57.3,77.8,66,10,10
AFG,Afghanistan,2019,,,,,,,51.5,19.6,25.2,29.6,91.7,80.3,99.3,49.2,60.4,76.7,66,10,10
AFG,Afghanistan,2020,,,,,,,54.7,48.3,24.8,30,91.4,79.2,99.9,54.7,61.6,81,66,10,10
AFG,Afghanistan,2021,,,,,,,53,30.3,29.1,25.7,91.1,76.1,99.9,53.9,59.9,80.8,68.6,10,10
AFG,Afghanistan,2022,,,,,,,,,,,,,,,,,,,
AFG,Afghanistan,2023,,,,,,,,5.8,5.4,12.7,,,,34.6,45.1,,,,
AFG,Afghanistan,2024,,,,,,,,4.9,18.1,4.9,,,,,,,,,
AFG,Afghanistan,2025,,,,,,,,7.4,14.1,2.7,,,,,,,,,
AGO,Angola,1970,,,2.51,,,,,,,,,,,,,,,,
AGO,Angola,1975,,,2.24,,,,,,,,,,,,,,,,
AGO,Angola,1980,,,2.28,,,,,,,,,,,,,,,,
AGO,Angola,1985,,,2.28,,,,,,,,,,,,,,,,
AGO,Angola,1990,,,2.54,,,,,,,,,,,,,,,,
AGO,Angola,1995,,7.41,2.09,,,3.37,27.4,30,30,,61.6,0,,40,,0,25,30,30
AGO,Angola,1996,,,,,,,24.4,30,10,,54.6,0,,40,,0,25,30,30
AGO,Angola,1997,,,,,,,24.2,30,10,,52.6,0,,40,,0,25,30,30
AGO,Angola,1998,,,,,,,24.9,30,10,,59.1,0,,40,,0,25,30,30
AGO,Angola,1999,,,,,,,23.7,30,10,,47.9,0,,40,,0,25,30,30
AGO,Angola,2000,4.17,6.45,2.34,1.98,,3.37,24.3,30,10,,53.4,0,,40,,0,25,30,30
AGO,Angola,2001,4.21,6.59,2.34,1.98,,3.37,,,,,,,,,,,,,
AGO,Angola,2002,4.37,7.18,2.34,1.98,,3.37,,,,,,,,,,,,,
AGO,Angola,2003,3.92,6.45,2.46,1.98,,2.51,,,,,,,,,,,,,
AGO,Angola,2004,3.78,7.15,2.53,0.01,,3.36,,,,,,,,,,,,,
AGO,Angola,2005,3.72,6.89,2.53,0.03,5.84,3.36,,,,,,,,,,,,,
AGO,Angola,2006,4.09,5.17,2.57,2.59,5.79,4.17,43.5,30,20,,84.9,40.1,,26.8,44.9,40.3,68,30,50
AGO,Angola,2007,4.03,4.97,2.55,2.66,5.65,4.22,44.7,20,20,,85,61.6,,35.3,44.9,47.7,73,20,40
AGO,Angola,2008,4.17,4.72,2.75,3.57,5.66,4.02,46.9,20,22,,85.2,72.8,,36.7,41.5,57.8,73,20,40
AGO,Angola,2009,4.64,7.46,2.76,3.52,5.59,3.92,47,20,22,,85.2,62.2,,43.6,43.5,61.8,72,20,40
AGO,Angola,2010,4.86,6.32,2.98,4.39,5.96,4.64,48.4,20,19,,85.1,62.8,,43.4,45.2,62.6,70.4,35,40
AGO,Angola,2011,4.72,6.16,2.88,4.6,5.98,3.92,46.2,20,19,,84.5,48.1,,41.4,42.3,61.8,70.2,35,40
AGO,Angola,2012,4.96,6.25,2.87,5.32,6.07,4.29,46.7,20,19,,84.1,53.2,,45.5,43.9,61.2,65.2,35,40
AGO,Angola,2013,4.84,4.98,2.82,6.26,5.94,4.18,47.3,15,20,,82.6,60.6,,43.1,44.8,61.5,70.2,35,40
AGO,Angola,2014,4.79,5.5,2.83,6.54,5.06,4.02,47.7,15,17.7,,87.7,55.3,,47.5,40.1,63.6,70.1,40,40
AGO,Angola,2015,5.25,7.54,2.83,6.21,5.12,4.54,47.9,15,23,,84.5,50.1,,47.4,43.2,65.4,70.2,40,40
AGO,Angola,2016,5.04,7.86,2.83,4.72,5.26,4.5,48.9,15,19,,87.8,50.1,,50.3,44.8,72.2,70.2,40,40
AGO,Angola,2017,4.41,7.26,2.88,4.39,3.07,4.46,48.5,36.4,12.8,19.8,87.7,58.6,70.7,58.5,40.4,70.6,56.7,30,40
AGO,Angola,2018,4.34,7.52,3,3.33,3.07,4.81,48.6,36,18.9,25.4,82.4,69.1,54.8,58.3,50.9,58.5,59.5,30,40
AGO,Angola,2019,5.03,7.97,3.13,3.72,5.51,4.81,50.6,35.9,20.5,26.6,83.9,80.7,58.2,55.7,58.8,55.4,61.2,30,40
AGO,Angola,2020,5.31,7.93,3.17,4.85,5.49,5.1,52.2,36.9,15.1,14.3,87.3,85.7,71.9,57.7,61.1,59.6,66.2,30,40
AGO,Angola,2021,5.17,7.65,3.17,4.7,5.49,4.82,54.2,30.3,20.4,22.8,87.3,86.9,77.9,56.9,59.6,67.5,70.2,30,40
AGO,Angola,2022,4.79,7.5,3.17,5,2.97,5.3,52.6,39.8,20.6,25.3,86.6,86.4,80,37.6,53.9,61.2,70,30,40
AGO,Angola,2023,,,,,,,53,41.1,24.8,22.9,86.5,86.9,85.1,41.6,53.9,58.9,64.8,30,40
AGO,Angola,2024,,,,,,,54.3,40.4,27.8,25.7,86.5,85.8,91.1,44.6,50.8,60,68.6,30,40
AGO,Angola,2025,,,,,,,55,39.9,28.2,25.7,86.9,89.5,89.1,45.2,50.8,64.2,70.4,30,40
ALB,Albania,1970,,,6.21,,,,,,,,,,,,,,,,
ALB,Albania,1975,,,6.2,,,,,,,,,,,,,,,,
ALB,Albania,1980,,4.23,6.19,,,,,,,,,,,,,,,,
ALB,Albania,1985,5.23,4.3,6.19,6.76,,2.62,,,,,,,,,,,,,
ALB,Albania,1990,5.22,4.5,5.84,6.78,,2.4,,,,,,,,,,,,,
ALB,Albania,1995,5.69,6.6,5.27,4.5,6.68,5.48,49.7,50,10,,81.7,34.3,,70,,22.1,59,70,50
ALB,Albania,1996,,,,,,,53.8,50,10,,81.7,51,,70,,42.6,59,70,50
ALB,Albania,1997,,,,,,,54.8,50,10,,81.5,60.3,,70,,62.9,59,70,30
ALB,Albania,1998,,,,,,,53.9,30,10,,82.1,66.5,,70,,67.7,59,70,30
ALB,Albania,1999,,,,,,,53.4,30,10,,82.9,72.5,,70,,57.8,57.8,70,30
ALB,Albania,2000,6.35,7.51,4.8,6.91,6.29,6.3,53.6,30,10,,80.2,74.8,,70,,59.7,57.8,70,30
ALB,Albania,2001,6.44,7.58,4.92,6.64,6.42,6.71,56.6,30,23,,79.5,71.2,,70,,71.8,63.8,70,30
ALB,Albania,2002,6.63,8.18,4.93,6.71,6.63,6.73,56.8,30,10,,79.2,67.3,,55,,86,63.4,70,50
ALB,Albania,2003,7.19,8.16,5.1,9.7,6.64,6.42,56.8,30,10,,83.8,70.4,,55,,85.8,56.2,70,50
ALB,Albania,2004,7.1,7.88,5.14,9.44,6.65,6.44,58.5,30,25,,83.6,72.3,,55,,79.6,61.4,70,50
ALB,Albania,2005,7.14,8.23,5.23,9.47,6.58,6.18,57.8,30,25,,83.3,71,,55,49,85,60.2,70,50
ALB,Albania,2006,7.34,8.4,5.28,9.3,6.91,6.86,60.3,30,25,,81.2,75.6,,54.3,50.2,84.5,62.4,70,70
ALB,Albania,2007,7.4,8.69,5.3,9.21,7.01,6.85,61.4,30,24,,87.3,75.1,,64.1,49.7,80.3,73.2,60,70
ALB,Albania,2008,7.3,8.18,5.41,9.16,7.08,6.71,62.4,30,26,,90.3,76,,55.6,49.5,80.4,75.8,70,70
ALB,Albania,2009,7.36,7.76,5.51,9.41,7.35,6.82,63.7,30,29,,92.8,75.6,,67,47.2,79.6,75.8,70,70
ALB,Albania,2010,7.35,8.02,5.18,9.28,7.57,6.74,66,35,34,,92.6,74.2,,68,52.1,78.7,85.8,70,70
ALB,Albania,2011,7.41,8.01,5.07,9.35,7.54,7.11,64,35,32,,92.1,68.7,,67.1,50.4,79.9,79.8,65,70
ALB,Albania,2012,7.44,8.1,4.92,9.57,7.6,7.02,65.1,35,33,,91.4,69.5,,78.2,51,78.6,79.8,65,70
ALB,Albania,2013,7.39,7.86,5.06,9.53,7.55,6.94,65.2,30,31,,92.6,75.1,,81,49,78.4,79.8,65,70
ALB,Albania,2014,7.56,7.63,5.1,9.55,8.37,7.17,66.9,30,30.4,,92.7,75.6,,78.1,49.7,80,87.5,75,70
ALB,Albania,2015,7.64,7.76,5.3,9.62,8.36,7.19,65.7,30,31,,87.2,76.1,,70.6,52.9,80.8,87.8,70,70
ALB,Albania,2016,7.68,7.76,5.34,9.74,8.41,7.15,65.9,35,33,,87.8,75,,67.6,51.5,81.7,87.6,70,70
ALB,Albania,2017,7.66,7.49,5.34,9.7,8.54,7.24,64.4,54,39.7,28.5,86.9,72.5,51.5,79.3,50.7,81.4,87.7,70,70
ALB,Albania,2018,7.65,7.72,5.2,9.68,8.52,7.13,64.5,54.1,39.9,25.4,85.1,72.7,67.5,69.1,50.4,82.4,87.8,70,70
ALB,Albania,2019,7.69,7.82,5.23,9.76,8.53,7.1,66.5,54.8,40.4,30.6,86.3,73.9,80.6,69.3,52.7,81.5,87.8,70,70
ALB,Albania,2020,7.57,7.74,5.24,9.68,8.44,6.73,66.9,57.1,38.8,33,85.9,74.6,86.3,65.7,52.1,81.2,88.4,70,70
ALB,Albania,2021,7.58,7.71,5.28,9.45,8.51,6.94,65.2,46.1,40.6,22.8,89,74.6,86.6,66.1,51.6,82,82.8,70,70
ALB,Albania,2022,7.48,7.81,5.43,8.76,8.53,6.9,66.6,55.5,35.6,49.8,89.1,72.1,70.6,70.7,51.1,82,82.6,70,70
ALB,Albania,2023,,,,,,,65.3,55.9,49.2,35.5,89.1,71,58.2,70.7,49.7,81.3,82.8,70,70
ALB,Albania,2024,,,,,,,64.8,56.8,36.6,50,88.8,69.8,51.7,74.1,51.5,75.7,82.6,70,70
ALB,Albania,2025,,,,,,,66.6,58.3,39.6,59.2,88.8,71.9,76.4,74.2,51.3,75.8,83.4,60,60
ARE,United Arab Emirates,1970,,,3.9,,,,,,,,,,,,,,,,
ARE,United Arab Emirates,1975,6.09,5.07,3.9,6.47,,5.99,,,,,,,,,,,,,
ARE,United Arab Emirates,1980,6.21,4.62,4.01,7.26,,5.99,,,,,,,,,,,,,
ARE,United Arab Emirates,1985,6.19,4.49,4.01,7.52,,6.54,,,,,,,,,,,,,
ARE,United Arab Emirates,1990,6.42,5.52,4.07,7.96,,6.2,,,,,,,,,,,,,
ARE,United Arab Emirates,1995,6.85,5.84,4.58,8.16,,6.9,,,,,,,,,,,,,
ARE,United Arab Emirates,1996,,,,,,,71.6,90,90,,99.9,47.1,,85,,75.2,77,30,50
ARE,United Arab Emirates,1997,,,,,,,71.9,90,90,,99.9,49.1,,85,,76.1,77,30,50
ARE,United Arab Emirates,1998,,,,,,,72.2,90,90,,99.9,51,,85,,78,76,30,50
ARE,United Arab Emirates,1999,,,,,,,71.5,90,90,,99.9,43,,85,,78.9,77,30,50
ARE,United Arab Emirates,2000,6.53,6.12,4.58,6.48,8.5,6.99,74.2,90,90,,99.9,65.7,,85,,80.4,77,30,50
ARE,United Arab Emirates,2001,6.66,5.75,4.58,7.46,8.5,7.03,74.9,90,90,,99.9,51.3,,85,,80.7,77,50,50
ARE,United Arab Emirates,2002,6.91,6.59,4.58,7.84,8.5,7.06,73.6,70,90,,99.9,58.3,,85,,81.9,77,50,50
ARE,United Arab Emirates,2003,6.89,6.55,4.57,7.91,8.5,6.93,73.4,70,90,,99.9,68.1,,70,,85.2,77,50,50
ARE,United Arab Emirates,2004,6.82,6.7,4.46,7.64,8.45,6.87,67.2,70,70,,99.9,58,,70,,79.5,77,50,30
ARE,United Arab Emirates,2005,6.77,6.98,4.56,7.19,8.48,6.69,65.2,50,52,,99.9,70.2,,70,74.3,79,77,50,30
ARE,United Arab Emirates,2006,6.92,7.07,4.58,7.62,8.43,6.94,62.2,50,61,,99.3,76.1,,49,74.3,76.8,75,30,30
ARE,United Arab Emirates,2007,7,7.64,4.63,7.14,8.42,7.18,62.6,40,62,,99.9,82.3,,49.3,73.9,73.6,75,30,40
ARE,United Arab Emirates,2008,6.9,7.01,4.64,7.34,8.43,7.11,62.6,40,62,,99.9,80.2,,48.2,74.1,70.9,80.4,30,40
ARE,United Arab Emirates,2009,6.89,6.42,4.58,7.74,8.52,7.19,64.7,40,57,,99.9,86.3,,57.4,76.2,69.8,80.8,30,50
ARE,United Arab Emirates,2010,7.04,6.64,4.56,8.03,8.42,7.57,67.3,50,59,,99.9,80.9,,67.4,79.3,68.8,82.8,35,50
ARE,United Arab Emirates,2011,7.05,6.35,4.62,8.19,8.39,7.71,67.8,50,65,,99.9,79.1,,67.3,72.4,76.5,82.6,35,50
ARE,United Arab Emirates,2012,7.13,6.16,4.71,8.59,8.45,7.75,69.3,55,63,,99.9,80.1,,68,78.8,80.9,82.6,35,50
ARE,United Arab Emirates,2013,7.09,5.65,4.75,8.71,8.46,7.89,71.1,55,68,,99.9,85.1,,74,77.6,83.9,82.6,35,50
ARE,United Arab Emirates,2014,7.05,5.66,4.76,8.87,8.42,7.53,71.4,55,66.4,,99.6,83.1,,74.4,82.9,84.6,82.5,35,50
ARE,United Arab Emirates,2015,6.94,5.53,4.81,8.4,8.45,7.54,72.4,55,69,,99.5,85.8,,74.7,83.8,83.8,82.4,40,50
ARE,United Arab Emirates,2016,7.06,5.7,4.85,8.99,8.45,7.28,72.6,55,70,,95,76.1,,79.6,80.7,81.3,82.8,45,60
ARE,United Arab Emirates,2017,6.93,5.4,4.75,8.91,8.38,7.2,76.9,76.7,74.2,85,96.4,67.4,99.2,81.1,80.9,78.4,83.5,40,60
ARE,United Arab Emirates,2018,6.98,5.51,5.03,8.81,8.39,7.16,77.6,76.3,77.3,83.4,98.4,70.9,99,79.9,81.1,80.2,84.3,40,60
ARE,United Arab Emirates,2019,7.18,5.38,5.89,8.93,8.49,7.19,77.6,81.8,78.8,87.1,99.2,68.8,88.9,79.9,81.1,80.9,84.4,40,60
ARE,United Arab Emirates,2020,7.31,5.3,6.98,8.96,8.14,7.18,76.2,80.3,64.6,84.6,99.2,72.1,94.1,78.6,81.3,79.6,80.4,40,60
ARE,United Arab Emirates,2021,7.3,5.35,7.03,8.95,8.01,7.17,76.9,80.8,66,81.1,100,73,98.5,80,81.6,80.6,81.4,40,60
ARE,United Arab Emirates,2022,7.39,5.78,7.06,8.33,8.57,7.18,70.2,63.5,71.8,35.4,100,71.5,92.8,73.2,64.9,80.8,78.2,50,60
ARE,United Arab Emirates,2023,,,,,,,70.9,65.4,34.5,68.8,100,71.6,96.4,77,64.5,84.3,78,50,60
ARE,United Arab Emirates,2024,,,,,,,71.1,64.8,64.9,35.2,100,78.4,98.1,80.2,65.3,78.3,78,50,60
ARE,United Arab Emirates,2025,,,,,,,71.6,65.4,65.9,35.2,96.9,82.3,97.9,84.2,62.1,80.5,78.4,50,60
ARG,Argentina,1970,4.18,6.69,3.39,7.73,,2.81,,,,,,,,,,,,,
ARG,Argentina,1975,3.2,6.02,3.59,2.5,0.53,3.07,,,,,,,,,,,,,
ARG,Argentina,1980,3.94,6.51,3.3,2.5,4.9,2.56,,,,,,,,,,,,,
ARG,Argentina,1985,3.46,5.62,3.21,2.5,1.82,3.99,,,,,,,,,,,,,
ARG,Argentina,1990,4.51,7.58,3.85,2.5,4.76,3.81,,,,,,,,,,,,,
ARG,Argentina,1995,6.49,8.33,4.76,6.29,7.62,5.37,68,70,50,,80.7,86.6,,85,,61.1,58.4,70,50
ARG,Argentina,1996,,,,,,,74.7,70,70,,80.2,89.4,,85,,77.5,60,70,70
ARG,Argentina,1997,,,,,,,73.3,70,52,,80.2,90,,85,,82,60,70,70
ARG,Argentina,1998,,,,,,,70.9,70,34,,77.7,83.3,,85,,87.7,60,70,70
ARG,Argentina,1999,,,,,,,70.6,70,28,,77.6,83.9,,85,,89.8,61.2,70,70
ARG,Argentina,2000,7.15,7.96,4.83,9.53,7.67,5.82,70,70,30,,74,79.7,,85,,89.6,62,70,70
ARG,Argentina,2001,6.86,8.03,4.52,9.6,6.94,5.27,68.6,50,30,,72.5,79.7,,85,,95.4,65,70,70
ARG,Argentina,2002,6.06,7.8,4.36,6.05,6.83,5.31,65.7,50,35,,72.4,76.5,,70,,94.3,53,70,70
ARG,Argentina,2003,6.06,7.96,4.25,5.8,6.9,5.43,56.3,30,35,,72.2,76.8,,70,,88.5,54,50,30
ARG,Argentina,2004,6.34,8,4.73,6.67,6.76,5.58,53.9,30,28,,72.4,78.8,,70,,64,61.6,50,30
ARG,Argentina,2005,6.03,7.45,4.83,5.8,6.35,5.75,51.7,30,25,,72.7,73.7,,70,43.9,65.4,56.2,50,30
ARG,Argentina,2006,5.91,7.22,4.78,5.74,6.56,5.3,53.4,30,25,,71.5,81.5,,62.9,44.4,71.5,67.4,50,30
ARG,Argentina,2007,6.09,7.06,4.79,6.56,6.62,5.42,54,30,28,,70.7,81.5,,63.9,42.9,71.4,61.4,50,40
ARG,Argentina,2008,5.9,6.95,4.8,5.95,6.64,5.22,54.2,30,29,,70.5,80.9,,63.7,42.9,65,69.6,50,40
ARG,Argentina,2009,5.81,6.37,4.81,6.02,6.33,5.52,52.3,20,29,,70.3,75.6,,62.1,45.6,60.6,70,50,40
ARG,Argentina,2010,5.63,6.54,4.82,5.22,6.2,5.35,51.2,20,29,,69.5,75.6,,62.1,50.1,61.2,69.5,45,30
ARG,Argentina,2011,5.59,6.3,4.78,5.48,5.86,5.52,51.7,20,29,,68.7,81.7,,62.4,47.9,63.2,69.5,45,30
ARG,Argentina,2012,5.03,6.12,4.74,5.33,3.73,5.24,48,20,29,,65.5,56.9,,61,48.9,60.7,67.6,40,30
ARG,Argentina,2013,4.88,5.94,4.7,5.01,3.55,5.21,46.7,15,30,,64.3,52.1,,60.1,47.4,60.4,67.6,40,30
ARG,Argentina,2014,4.5,5.69,4.73,3.94,3.15,4.99,44.6,15,29.5,,63.5,49.9,,53.9,44.9,60,68.9,30,30
ARG,Argentina,2015,4.95,6.02,4.81,5.15,3.41,5.38,44.1,15,34,,66.8,41.2,,52.8,43.3,59.6,68.8,30,30
ARG,Argentina,2016,5.5,6.01,4.95,4.77,6.41,5.35,43.8,15,34,,66.1,51.3,,56,43.9,44,67.4,30,30
ARG,Argentina,2017,5.69,6.12,4.97,4.99,6.72,5.65,50.4,32.4,38.2,39.6,62.6,54.6,56.4,57.3,46.1,50.9,66.7,50,50
ARG,Argentina,2018,5.59,6.35,4.99,3.6,7.32,5.66,52.3,40.8,32.6,44.5,65.7,55.6,52.6,56.2,43.3,51.3,70.3,55,60
ARG,Argentina,2019,5.16,6.43,4.97,3.37,5.67,5.37,52.2,47.8,33.5,44.5,69.3,49.5,33,56.4,46.9,60.2,70,55,60
ARG,Argentina,2020,4.5,6.08,4.98,3.27,3.1,5.07,53.1,50.5,49.7,47,69.6,50.7,24.7,60.2,46.5,53.7,69.2,55,60
ARG,Argentina,2021,4.55,6.24,4.98,2.96,3.37,5.2,52.7,46.1,54,45.7,70.4,52.8,38.4,59.5,46.3,41.9,62.6,55,60
ARG,Argentina,2022,4.55,6.22,4.95,2.55,4.22,4.8,50.1,35.1,45.1,57.9,73.3,53,16.8,55.1,51,37.9,60.6,55,60
ARG,Argentina,2023,,,,,,,51,34.6,56.8,42.8,66.9,53.9,33.6,55.5,55.1,36.5,61.2,55,60
ARG,Argentina,2024,,,,,,,49.9,34.5,39.8,55.8,67,54.3,35.7,55.5,53.5,29.4,58.6,55,60
ARG,Argentina,2025,,,,,,,54.2,34.7,39.7,56.5,70.8,57.1,67.9,55.3,55.2,23.3,64.4,65,60
ARM,Armenia,1970,,,,,,,,,,,,,,,,,,,
ARM,Armenia,1975,,,,,,,,,,,,,,,,,,,
ARM,Armenia,1980,,,,,,,,,,,,,,,,,,,
ARM,Armenia,1985,,,5.91,,,,,,,,,,,,,,,,
ARM,Armenia,1990,,,5.89,,,,,,,,,,,,,,,,
ARM,Armenia,1995,,3.97,5.05,,,3.93,,,,,,,,,,,,,
ARM,Armenia,1996,,,,,,,42.2,50,50,,75.8,0,,55,,0,69,30,50
ARM,Armenia,1997,,,,,,,46.7,50,30,,80.7,41.7,,55,,0,83,30,50
ARM,Armenia,1998,,,,,,,49.6,50,30,,80.9,75.1,,55,,0,75,30,50
ARM,Armenia,1999,,,,,,,56.4,50,30,,80.3,82.1,,55,,55.5,75,30,50
ARM,Armenia,2000,5.55,7.68,4.89,5.82,,3.48,63,50,30,,79.3,86.8,,55,,69.1,77,50,70
ARM,Armenia,2001,6.64,8.14,4.87,7.59,,5.64,66.4,50,30,,81.9,85.5,,55,,77.8,77,70,70
ARM,Armenia,2002,6.78,7.96,4.78,8.21,,5.93,68,50,25,,88.3,81.3,,55,,91.1,81.4,70,70
ARM,Armenia,2003,6.88,7.65,4.8,8.85,,6.01,67.3,50,25,,88.9,84.1,,55,,81.7,81.2,70,70
ARM,Armenia,2004,7.17,8.83,4.79,8.75,7.43,6.04,70.3,50,25,,90,88.7,,55,,84.5,80,70,90
ARM,Armenia,2005,7.3,8.72,5.4,9.32,7.04,6.02,69.8,50,30,,89.9,88.9,,55,62.1,82,80,70,90
ARM,Armenia,2006,7.31,8.73,5.4,8.82,7.34,6.26,70.6,50,31,,90,90.7,,77.6,65.3,80.6,80.6,70,70
ARM,Armenia,2007,7.36,8.8,5.41,8.69,7.61,6.27,68.6,30,29,,89.7,90.8,,80.8,70.3,80.3,85.6,60,70
ARM,Armenia,2008,7.28,8.77,5.37,8.23,7.75,6.28,69.9,35,29,,89,86.4,,81.3,68.2,84.6,85,70,70
ARM,Armenia,2009,7.25,8.6,5.35,8.7,7.74,5.87,69.9,35,30,,90,89.7,,83.7,66.3,77.8,86.4,70,70
ARM,Armenia,2010,7.27,8.59,5.32,8.31,7.66,6.49,69.2,30,29,,89.3,90.9,,83.4,70.6,72.9,80.5,75,70
ARM,Armenia,2011,7.37,8.7,5.41,8.42,7.49,6.82,69.7,30,27,,89.2,85.7,,82.4,75.9,76,85.5,75,70
ARM,Armenia,2012,7.49,8.66,5.41,8.95,7.45,6.99,68.8,30,26,,89.3,74.9,,87.8,76.6,73.1,85.4,75,70
ARM,Armenia,2013,7.31,8.21,5.39,8.5,7.47,6.98,69.4,30,26,,88,82.1,,87.6,77.1,73,85.4,75,70
ARM,Armenia,2014,7.48,8.03,5.37,8.81,8.26,6.92,68.9,30,26.7,,86.5,81.3,,83.1,78.5,77,85.5,70,70
ARM,Armenia,2015,7.43,7.87,5.45,8.85,8.1,6.86,67.1,20,36,,84.4,82.8,,82.7,64.3,70.6,85.4,75,70
ARM,Armenia,2016,7.41,7.6,5.5,9.12,8.01,6.8,67,20,37,,83.8,80.7,,77.5,62.2,72.8,85.6,80,70
ARM,Armenia,2017,7.44,7.5,5.55,9.2,8.05,6.9,70.3,55.5,43.4,42.5,83.7,81.7,82.9,78.5,72.4,72.8,80.2,80,70
ARM,Armenia,2018,7.65,7.97,5.89,9.13,8.06,7.19,68.7,55.3,40.5,47.4,84.7,80,67.2,78.7,69.9,75.8,80,75,70
ARM,Armenia,2019,7.68,7.77,5.92,9.34,8.1,7.26,67.7,57.2,38.6,46.3,84.7,79,53,78.3,71.4,77.8,80.8,75,70
ARM,Armenia,2020,7.55,8.03,5.91,9.34,7.49,6.96,70.6,60.7,43.4,54.1,84.9,80.6,68.8,81,72.5,76,80.6,75,70
ARM,Armenia,2021,7.52,7.89,5.91,8.65,8.15,6.99,71.9,57.3,45,55.3,87.1,81.3,84.3,81.9,74.5,76.9,73.8,75,70
ARM,Armenia,2022,7.49,8.01,5.81,8.47,8.08,7.1,65.3,50.4,50.8,33.1,86.9,78.9,75.5,64.9,47.2,77.5,73.6,75,70
ARM,Armenia,2023,,,,,,,65.1,50.3,31.5,51.6,87.5,76.3,71.4,64.9,58.7,70.5,73.6,75,70
ARM,Armenia,2024,,,,,,,64.9,50.3,50,31.6,87.6,75.5,69.1,69.2,58.9,67.5,73.6,75,70
ARM,Armenia,2025,,,,,,,65.4,49.9,50.4,31.3,88.1,77.6,81.3,73,59.2,72.2,72,70,60
AUS,Australia,1970,7.27,6.78,8.4,9.58,6.5,5.38,,,,,,,,,,,,,
AUS,Australia,1975,7.08,6.26,8.4,8.35,6.29,6.17,,,,,,,,,,,,,
AUS,Australia,1980,7.46,6.35,8.4,9.08,6.45,7.03,,,,,,,,,,,,,
AUS,Australia,1985,7.78,6.26,8.88,9.09,7.72,6.99,,,,,,,,,,,,,
AUS,Australia,1990,8.07,6.71,8.88,9.02,8.46,7.25,,,,,,,,,,,,,
AUS,Australia,1995,8.07,6.87,8.88,9.63,7.91,7.1,74.1,90,70,,59.6,53.9,,70,,86.7,77,70,90
AUS,Australia,1996,,,,,,,74,90,70,,59.3,53.4,,70,,86.5,77,70,90
AUS,Australia,1997,,,,,,,75.5,90,88,,56.6,55.1,,70,,82.8,77,70,90
AUS,Australia,1998,,,,,,,75.6,90,86,,56.1,54.8,,70,,84,79.4,70,90
AUS,Australia,1999,,,,,,,76.4,90,89,,55.7,56,,70,,87.9,79.4,70,90
AUS,Australia,2000,8.2,6.7,8.79,9.25,8.06,8.2,77.1,90,87,,55.8,63.3,,70,,89,79,70,90
AUS,Australia,2001,8.12,6.62,8.76,9.22,8.05,7.97,77.4,90,87,,55.4,67.3,,70,,87.9,79,70,90
AUS,Australia,2002,8.15,6.66,8.74,9.37,8,8.01,77.3,90,83,,56.4,61.1,,85,,83.3,77.4,70,90
AUS,Australia,2003,8.19,6.66,8.7,9.44,8.04,8.13,77.4,90,85,,58.6,58.9,,85,,82.1,77,70,90
AUS,Australia,2004,8.12,6.63,8.55,9.43,7.88,8.11,77.9,90,86,,59.6,60.5,,85,,83.2,77.2,70,90
AUS,Australia,2005,8.21,6.82,8.73,9.41,7.74,8.32,79,90,88,,59.1,60.9,,85,85.8,84,77.2,70,90
AUS,Australia,2006,8.24,7.13,8.72,9.19,7.89,8.27,79.9,90,88,,58.9,62.2,,90.9,86.5,85,77.4,70,90
AUS,Australia,2007,8.27,7.18,8.72,9.2,7.93,8.28,81.1,90,88,,59.5,62.6,,89.1,93.7,84.8,83.8,70,90
AUS,Australia,2008,8.19,7.17,8.66,8.98,7.87,8.24,82.2,90,87,,59.2,62.8,,90.3,95.5,83.7,83.8,80,90
AUS,Australia,2009,8.18,6.98,8.61,9.32,7.89,8.09,82.6,90,86,,61.4,64.3,,90.5,94.7,84.7,84.8,80,90
AUS,Australia,2010,8.17,7.01,8.55,9.06,7.94,8.28,82.6,90,87,,61.4,64.9,,90.3,94.9,82.7,85.1,80,90
AUS,Australia,2011,8.17,7.04,8.52,9.04,8.04,8.21,82.5,90,87,,61.3,64.7,,90.1,92.2,85,84.4,80,90
AUS,Australia,2012,8.24,7,8.46,9.41,8.17,8.15,83.1,90,87,,63.4,67.1,,91.9,90.6,84.5,86.2,80,90
AUS,Australia,2013,8.2,6.89,8.5,9.27,8.1,8.25,82.6,90,88,,66.4,62.8,,95.5,83.5,83.8,86.2,80,90
AUS,Australia,2014,8.23,6.76,8.58,9.25,8.13,8.43,82,90,87.7,,64.2,62.6,,94.6,79.2,80.5,86.4,85,90
AUS,Australia,2015,8.24,6.76,8.59,9.36,8.1,8.4,81.4,90,81,,63.7,61.8,,94.1,81.6,85.3,86.4,80,90
AUS,Australia,2016,8.29,6.87,8.56,9.54,8.08,8.39,80.3,90,80,,63.2,62,,89.4,77.2,85.2,86.4,80,90
AUS,Australia,2017,8.27,6.84,8.56,9.43,8.11,8.4,81,81.7,74.8,92.9,63.2,59,84.6,89.3,84.1,86.4,86.2,80,90
AUS,Australia,2018,8.29,6.82,8.55,9.48,8.18,8.41,80.9,78.7,77.4,93.4,63,61.2,84.3,89.1,79.7,87.4,86.2,80,90
AUS,Australia,2019,8.21,6.51,8.54,9.42,8.2,8.4,80.9,79.1,79.9,86.5,62.8,60.1,86.2,88.3,84.1,86.6,87.6,80,90
AUS,Australia,2020,8.07,6.1,8.59,9.45,8.11,8.09,82.6,82.8,89.3,86.1,63,61.6,91.8,87.8,84,86.2,88.2,80,90
AUS,Australia,2021,8,5.91,8.61,9.33,8.1,8.03,82.4,81.5,89.8,90,62.6,58.1,88.7,87.4,84.1,86.7,89.8,80,90
AUS,Australia,2022,7.98,6.14,8.58,8.8,8.15,8.23,77.7,91.7,87,95.2,62.5,51.6,52,84.6,64.2,83.2,90,80,90
AUS,Australia,2023,,,,,,,74.8,90.7,94.9,83.2,63.1,47,24.8,88.3,64.7,80.5,89.8,80,90
AUS,Australia,2024,,,,,,,76.2,91,85.2,94.4,62.6,48.2,39.9,92.1,65.4,75.6,89.8,80,90
AUS,Australia,2025,,,,,,,79.3,90.4,86.2,95.3,62.1,54.8,79.5,92.5,65.3,75,90,80,80
AUT,Austria,1970,6.45,5.28,6.74,8.38,6.78,4.96,,,,,,,,,,,,,
AUT,Austria,1975,6.55,4.77,6.81,8.04,7.36,5.52,,,,,,,,,,,,,
AUT,Austria,1980,6.85,4.45,8.09,8.4,7.59,5.61,,,,,,,,,,,,,
AUT,Austria,1985,6.88,4.45,8.11,8.31,7.66,5.77,,,,,,,,,,,,,
AUT,Austria,1990,7.4,5.26,8.09,9.63,8.18,5.75,,,,,,,,,,,,,
AUT,Austria,1995,7.44,5.17,8.12,9.54,8.97,5.44,70,90,90,,46.3,9.6,,70,,82.9,81,70,90
AUT,Austria,1996,,,,,,,68.9,90,90,,45.9,0,,70,,83.6,81,70,90
AUT,Austria,1997,,,,,,,65.2,90,71,,46.1,1.2,,70,,84.8,63.6,70,90
AUT,Austria,1998,,,,,,,65.4,90,76,,46.5,1.5,,70,,86,78.4,70,70
AUT,Austria,1999,,,,,,,64,90,76,,45.5,3.2,,70,,87.2,63.6,70,70
AUT,Austria,2000,8.01,5.37,8.18,9.51,9.32,7.59,68.4,90,75,,44.2,25,,70,,88.4,83,70,70
AUT,Austria,2001,7.91,5.42,8.11,9.44,9.21,7.33,68.1,90,76,,44.2,25,,70,,89.6,78,70,70
AUT,Austria,2002,7.91,5.37,8.02,9.54,9.16,7.39,67.4,90,77,,44.5,18.9,,70,,86.4,79.6,70,70
AUT,Austria,2003,8.06,5.67,8.32,9.58,9.22,7.44,67.6,90,78,,45.3,18.6,,70,,85.1,81.4,70,70
AUT,Austria,2004,8.01,5.7,8.29,9.52,9.15,7.36,67.6,90,78,,43.5,21,,70,,85.9,79.8,70,70
AUT,Austria,2005,7.91,5.73,8.41,9.44,8.48,7.46,68.8,90,80,,44.4,22.6,,70,73.6,87,80.2,70,70
AUT,Austria,2006,7.91,5.7,8.44,9.37,8.61,7.44,71.1,90,84,,50.2,23.2,,82,72.7,86.4,82.4,70,70
AUT,Austria,2007,7.91,5.67,8.43,9.35,8.61,7.45,71.6,90,87,,50.3,24.7,,81.7,70.1,86,86.6,70,70
AUT,Austria,2008,7.84,5.6,8.34,9.32,8.5,7.4,71.4,90,86,,51.2,25.3,,80.9,73.2,81.4,86,70,70
AUT,Austria,2009,7.85,5.42,8.54,9.45,8.49,7.33,71.2,90,81,,49.9,27.1,,78.6,78.7,80.9,85.8,70,70
AUT,Austria,2010,7.85,5.46,8.51,9.38,8.36,7.51,71.6,90,81,,51.2,28.8,,73.6,79.1,79.3,87.5,75,70
AUT,Austria,2011,7.89,5.76,8.47,9.38,8.3,7.54,71.9,90,79,,50.3,28,,72.8,78.2,82.9,87.6,80,70
AUT,Austria,2012,7.89,5.75,8.46,9.38,8.27,7.58,70.3,90,79,,50.5,15.4,,70.3,78.1,82.2,87.2,80,70
AUT,Austria,2013,7.86,5.65,8.45,9.38,8.23,7.61,71.8,90,78,,51.1,23.5,,73.6,80.4,79.3,86.8,85,70
AUT,Austria,2014,7.93,5.64,8.48,9.49,8.59,7.46,72.4,90,75.5,,51,23.5,,76.3,80.5,79.5,87.8,90,70
AUT,Austria,2015,7.95,5.61,8.47,9.55,8.58,7.55,71.2,90,69,,50.1,19.8,,78,76.7,80.3,88,90,70
AUT,Austria,2016,7.88,5.63,8.43,9.27,8.57,7.52,71.7,90,72,,50.7,22.4,,79.4,72.5,81.7,88,90,70
AUT,Austria,2017,7.88,5.69,8.46,9.04,8.62,7.57,72.3,86,75.2,81.8,50.3,19.3,79.7,76.9,67.6,83.4,87,90,70
AUT,Austria,2018,7.87,5.5,8.51,9.13,8.64,7.59,71.8,83.5,73.5,80.9,49.9,19.4,81.1,75.5,66.7,83.7,86.9,90,70
AUT,Austria,2019,7.88,5.42,8.51,9.3,8.61,7.54,72,84.2,77.4,71.3,50.5,24.5,85.5,74.9,68.7,81.5,86,90,70
AUT,Austria,2020,7.58,4.93,8.58,8.8,8.38,7.2,73.3,87.3,84,73.2,51.3,27.2,87.9,73,68.3,81,86.4,90,70
AUT,Austria,2021,7.67,4.94,8.55,8.93,8.63,7.3,73.9,86.8,84.8,83.5,45.7,29.1,90,72.6,68.4,81.7,84,90,70
AUT,Austria,2022,7.62,5.24,8.55,8.44,8.67,7.2,73.8,98.4,82.9,94.6,45.5,20.3,71.7,82.3,78.4,82.3,79.2,80,70
AUT,Austria,2023,,,,,,,71.1,97,95.2,80.9,45.7,13,54.5,78.5,78.8,80.4,78.6,80,70
AUT,Austria,2024,,,,,,,68.4,96.9,74.8,94.8,45.1,8.6,36.5,81.9,78.9,73.8,79.2,80,70
AUT,Austria,2025,,,,,,,69.7,97,75.4,94.8,46.3,13.5,63.7,81.7,81.8,72.7,79.6,60,70
AZE,Azerbaijan,1970,,,,,,,,,,,,,,,,,,,
AZE,Azerbaijan,1975,,,,,,,,,,,,,,,,,,,
AZE,Azerbaijan,1980,,,,,,,,,,,,,,,,,,,
AZE,Azerbaijan,1985,,,7.3,,,,,,,,,,,,,,,,
AZE,Azerbaijan,1990,,,7.2,,,2.22,,,,,,,,,,,,,
AZE,Azerbaijan,1995,,6.21,4.7,,,4.39,,,,,,,,,,,,,
AZE,Azerbaijan,1996,,,,,,,30,30,10,,46.3,48.8,,40,,0,55,10,30
AZE,Azerbaijan,1997,,,,,,,34,30,10,,54.6,61.6,,55,,0,55,10,30
AZE,Azerbaijan,1998,,,,,,,43.1,30,30,,70.3,87.9,,55,,0,55,30,30
AZE,Azerbaijan,1999,,,,,,,47.4,30,30,,71.6,87.5,,55,,37.8,55,30,30
AZE,Azerbaijan,2000,5.62,6.99,4.64,5.68,,5.41,49.8,30,30,,71.3,76.5,,55,,70.7,55,30,30
AZE,Azerbaijan,2001,5.66,6.99,4.65,5.72,,5.52,50.3,30,17,,71.8,86.8,,55,,65.1,66.8,30,30
AZE,Azerbaijan,2002,5.61,6.99,4.65,5.56,,5.49,53.3,30,15,,78.4,88,,55,,78.8,74.4,30,30
AZE,Azerbaijan,2003,5.65,6.99,4.65,5.64,,5.57,54.1,30,20,,78.4,87,,55,,84.8,71.6,30,30
AZE,Azerbaijan,2004,5.92,6.91,4.65,6.74,5.7,5.59,53.4,30,20,,78.3,87.9,,55,,80.2,69.2,30,30
AZE,Azerbaijan,2005,5.78,6.59,4.71,6.45,5.78,5.38,54.4,30,18,,79.2,87,,55,64.8,80.4,69.2,30,30
AZE,Azerbaijan,2006,5.62,5.85,4.66,6.18,5.82,5.58,53.2,30,19,,80,77.8,,56.7,60.4,75.5,72.6,30,30
AZE,Azerbaijan,2007,5.31,4.49,4.93,4.87,6.12,6.16,54.6,30,22,,80.8,79.9,,58,60.8,76.8,77.6,30,30
AZE,Azerbaijan,2008,5.23,4.86,4.92,4.18,6.38,5.81,55.3,30,24,,80.4,82.9,,62.6,58.7,76.5,78.4,30,30
AZE,Azerbaijan,2009,5.5,4.67,4.72,5.83,6.27,6.04,58,25,21,,79.7,77.5,,74.6,87,66.3,78.4,30,40
AZE,Azerbaijan,2010,5.4,4.45,4.72,5.38,6.49,5.94,58.8,20,19,,79.5,77.5,,74.6,82.5,62.7,77.1,55,40
AZE,Azerbaijan,2011,5.52,4.94,4.75,5.45,6.52,5.91,59.7,20,23,,83.9,71,,72.9,81.1,72.6,77.1,55,40
AZE,Azerbaijan,2012,5.78,4.89,4.77,6.5,6.77,5.97,58.9,20,24,,84.9,63.7,,68.6,81.6,74.5,77.2,55,40
AZE,Azerbaijan,2013,5.87,5.09,4.59,6.76,6.79,6.11,59.7,25,24,,85.5,67.8,,69.2,79.4,73.5,77.2,55,40
AZE,Azerbaijan,2014,5.97,5.07,4.6,7.17,6.94,6.05,61.3,20,22.7,,88.1,64.8,,73.5,77.9,78.8,77.2,60,50
AZE,Azerbaijan,2015,6,5.35,4.71,6.87,7.04,6.03,61,20,28,,88.1,59.7,,74.5,79.1,79.8,76,55,50
AZE,Azerbaijan,2016,6.43,5.55,4.89,8.6,7.09,6.02,60.2,20,29,,88,56.7,,70.3,75.2,77,75.8,60,50
AZE,Azerbaijan,2017,6.28,5.49,4.91,7.51,7.21,6.26,63.6,50.5,37.6,33,87.7,57.5,97.4,71.5,75,73.6,74.4,55,50
AZE,Azerbaijan,2018,6.44,5.14,4.73,8.63,7.25,6.43,64.3,53.6,39.9,36.8,87.5,59.4,95.5,72.3,71.9,65.6,74.6,55,60
AZE,Azerbaijan,2019,6.37,5.04,4.75,8.44,7.17,6.43,65.4,59.1,44.7,53.1,87.5,59.5,89.4,69.5,63.9,63,74.6,60,60
AZE,Azerbaijan,2020,6.16,4.48,4.76,8.4,7,6.17,69.3,67.1,38.7,53.9,88,63,99.2,80.8,66.2,69.8,74.6,70,60
AZE,Azerbaijan,2021,6.12,4.56,4.81,7.68,7.16,6.39,70.1,67.9,46.8,55.8,88.1,65.2,99.4,80.5,65.9,73.2,68,70,60
AZE,Azerbaijan,2022,5.8,4.64,4.81,6.25,7.19,6.12,61.6,53.6,28.6,15.9,87.7,62.7,99.1,64.6,55.9,74.5,66.6,70,60
AZE,Azerbaijan,2023,,,,,,,61.4,51.7,15.9,26.9,87.3,63,98.6,68.3,55.8,70.3,68.6,70,60
AZE,Azerbaijan,2024,,,,,,,61.6,53,24,18.5,87.9,67.6,99.4,69.6,56.1,63.9,69,70,60
AZE,Azerbaijan,2025,,,,,,,62.5,52.9,22,16.7,87.9,72.3,99,71.2,57.6,70.1,69.8,70,60
BDI,Burundi,1970,4.43,6.87,2.55,6.63,,3.56,,,,,,,,,,,,,
BDI,Burundi,1975,4.09,6.72,2.53,5.64,1.43,3.38,,,,,,,,,,,,,
BDI,Burundi,1980,4.33,6.83,2.82,5.54,0.75,5.37,,,,,,,,,,,,,
BDI,Burundi,1985,4.98,7.14,2.82,6.25,2.37,6.41,,,,,,,,,,,,,
BDI,Burundi,1990,5.03,6.62,2.8,6.22,3.67,5.84,,,,,,,,,,,,,
BDI,Burundi,1995,4.24,6.13,2.95,5.95,1.4,4.42,,,,,,,,,,,,,
BDI,Burundi,1996,,,,,,,,,,,,,,,,,,,
BDI,Burundi,1997,,,,,,,45.4,30,10,,43.6,81.5,,55,,58.6,70.2,30,30
BDI,Burundi,1998,,,,,,,44.7,30,10,,43.7,79.6,,55,,54.2,70.2,30,30
BDI,Burundi,1999,,,,,,,41.1,30,10,,44.7,76.6,,55,,51,42.2,30,30
BDI,Burundi,2000,4.64,6.41,2.75,4.8,5.02,3.94,42.6,30,10,,44.8,83.3,,55,,57.9,42.2,30,30
BDI,Burundi,2001,5.01,6.43,2.76,6.22,5.02,4.42,,,,,,,,,,,,,
BDI,Burundi,2002,4.96,6.64,2.76,7.02,3.52,4.42,,,,,,,,,,,,,
BDI,Burundi,2003,4.62,5.38,2.75,6.57,3.52,4.61,,,,,,,,,,,,,
BDI,Burundi,2004,4.49,4.86,2.79,6.45,3.61,4.6,,,,,,,,,,,,,
BDI,Burundi,2005,4.93,6.25,2.69,6.02,3.62,5.6,,,,,,,,,,,,,
BDI,Burundi,2006,4.99,5.46,2.92,6.82,4.29,5.24,48.7,30,30,,70.1,62.6,,37,53.7,67.3,56,50,30
BDI,Burundi,2007,4.96,4.85,2.93,6.66,5.04,5.24,46.9,30,23,,70.1,52.5,,49.6,55,68.2,60.6,30,30
BDI,Burundi,2008,4.36,4.49,2.91,4.67,4.94,4.65,46.2,30,24,,72.1,59.4,,35.5,56,74.7,50.2,30,30
BDI,Burundi,2009,4.83,4.75,2.91,5.96,4.93,5.5,48.8,30,25,,72.5,55.8,,34.4,64.3,72.7,63,40,30
BDI,Burundi,2010,4.68,4.11,2.84,6.46,4.99,5.03,47.5,25,19,,72.2,42.7,,37.8,66.9,62.7,68.6,50,30
BDI,Burundi,2011,4.9,4.32,2.97,6.51,5.52,5.21,49.6,20,18,,72.3,52,,36.8,67.1,66.1,78.8,55,30
BDI,Burundi,2012,4.92,4.68,3.11,5.66,5.6,5.58,48.1,20,18,,72.2,22.9,,46.1,67.2,70.9,78.9,55,30
BDI,Burundi,2013,5.62,6.11,3.08,7.26,5.7,5.97,49,20,19,,71.5,22.6,,58.4,66.4,68.7,78.9,55,30
BDI,Burundi,2014,5.71,6.45,3.07,7.51,5.89,5.59,51.4,20,15.9,,73.5,51.9,,59.8,63.1,68.2,71.8,60,30
BDI,Burundi,2015,5.66,6.88,3.02,7.48,5.3,5.59,53.7,20,21,,73.5,61.3,,61.4,68.1,69.8,72.2,60,30
BDI,Burundi,2016,5.78,6.84,3.09,8.62,5.31,5.01,53.9,20,20,,73.8,70.5,,54.2,67.6,73.8,74.2,55,30
BDI,Burundi,2017,5.53,6.47,3.12,7.57,4.57,5.91,53.2,25.7,24.6,19.8,73.8,69.5,69.6,53.5,67.4,75.2,74.2,55,30
BDI,Burundi,2018,5.39,6.63,3.41,8.65,2.35,5.9,50.9,17.6,26.2,21.7,71,78.6,54.8,53,63.2,70.2,69.2,55,30
BDI,Burundi,2019,5.46,6.52,3.53,8.75,2.84,5.66,48.9,20.6,26.2,31,74,83.3,23.3,50.3,67.5,62.2,68.2,50,30
BDI,Burundi,2020,5.42,6.63,3.53,7.71,3.14,6.07,49,24.9,22.3,26.9,73.7,85.8,13.2,55.1,67.4,70.3,68.2,50,30
BDI,Burundi,2021,5.43,6.69,3.52,7.42,3.28,6.23,49.9,28,27,32.1,77.1,79.3,32.2,51.8,67.3,74.7,49.8,50,30
BDI,Burundi,2022,5.22,6.48,3.45,6.09,4.04,6.02,39.4,18.8,12.2,7.1,77.1,76.4,10.3,27.5,41.5,70.3,51,50,30
BDI,Burundi,2023,,,,,,,41.9,19.8,7.6,12.5,76,75.6,38.6,30.6,41.8,67.8,52.8,50,30
BDI,Burundi,2024,,,,,,,38.4,28.2,12,7.1,76,67.6,10.7,27.7,41.9,60.3,49.6,50,30
BDI,Burundi,2025,,,,,,,39.7,28.6,14.2,7.4,76.1,71.1,12.2,31.9,50,54.4,50.8,50,30
BEL,Belgium,1970,7.13,5.93,5.41,9.64,9.07,5.68,,,,,,,,,,,,,
BEL,Belgium,1975,6.83,5.19,5.42,9.01,9.16,5.44,,,,,,,,,,,,,
BEL,Belgium,1980,7.15,4.7,7.01,9.58,8.69,5.86,,,,,,,,,,,,,
BEL,Belgium,1985,7.21,4.93,7.01,9.58,8.73,5.87,,,,,,,,,,,,,
BEL,Belgium,1990,7.51,5.75,7.02,9.74,9.45,5.76,,,,,,,,,,,,,
BEL,Belgium,1995,7.62,5.63,7.02,9.73,9.25,6.54,,,,,,,,,,,,,
BEL,Belgium,1996,,,,,,,66,90,90,,33.9,7.3,,70,,85,77.8,70,70
BEL,Belgium,1997,,,,,,,64.6,90,69,,33.7,14.8,,70,,86.4,77.8,70,70
BEL,Belgium,1998,,,,,,,64.7,90,68,,33.7,16.4,,70,,86.1,77.8,70,70
BEL,Belgium,1999,,,,,,,62.9,90,53,,33.5,15.7,,70,,86.7,77.8,70,70
BEL,Belgium,2000,7.84,5.25,7.05,9.49,9.28,8.12,63.5,90,54,,33.1,18.9,,70,,87.9,77.8,70,70
BEL,Belgium,2001,7.69,5.26,6.97,9.52,9.3,7.38,63.8,90,53,,33.2,22,,70,,88.3,78,70,70
BEL,Belgium,2002,7.75,5.19,6.94,9.59,9.33,7.68,67.6,90,61,,33.7,28,,70,,86,79.6,90,70
BEL,Belgium,2003,7.74,5.08,7,9.58,9.4,7.62,68.1,90,66,,33.7,26.8,,70,,85.2,81.4,90,70
BEL,Belgium,2004,7.68,5.04,6.92,9.51,9.15,7.78,68.7,90,71,,43.1,23.5,,70,,81.3,79.8,90,70
BEL,Belgium,2005,7.59,5.07,7.02,9.39,8.59,7.9,69,90,76,,42.1,22,,70,68,81.8,80.2,90,70
BEL,Belgium,2006,7.56,5.05,7.06,9.33,8.75,7.62,71.8,90,75,,42.8,26.8,,90.7,68.4,81.5,82.4,90,70
BEL,Belgium,2007,7.58,5.04,7.11,9.38,8.74,7.65,72.5,80,74,,44.1,26.5,,92.6,70.8,80.5,86.6,90,80
BEL,Belgium,2008,7.52,4.96,7.14,9.19,8.74,7.6,71.7,80,73,,43.9,17.9,,93.7,71.6,80.4,86,90,80
BEL,Belgium,2009,7.54,4.73,7.09,9.54,8.79,7.55,72.1,80,71,,41.5,28.3,,93.2,70.5,81,85.8,90,80
BEL,Belgium,2010,7.57,4.79,7.13,9.42,8.52,7.98,70.1,80,73,,42.2,30,,92.9,67.1,77.9,87.5,80,70
BEL,Belgium,2011,7.6,4.74,7.58,9.45,8.45,7.78,70.2,80,71,,41.8,25,,92.6,71,82.5,87.6,80,70
BEL,Belgium,2012,7.6,4.74,7.57,9.48,8.42,7.82,69,80,71,,44.8,12.1,,92.3,71.3,81.2,87.1,80,70
BEL,Belgium,2013,7.66,4.75,7.59,9.6,8.53,7.8,69.2,80,75,,45,14.5,,91.6,69.8,79.3,86.8,80,70
BEL,Belgium,2014,7.73,4.73,8.29,9.7,8.8,7.13,69.9,80,74.2,,44.8,14.8,,89.9,72.7,79.5,87.8,85,70
BEL,Belgium,2015,7.72,4.68,7.68,9.64,8.82,7.8,68.8,80,75,,43.6,10.2,,90.7,63.7,81.7,88,85,70
BEL,Belgium,2016,7.62,4.69,7.59,9.21,8.78,7.81,68.4,80,76,,44.2,11,,85.4,60.5,84,88,85,70
BEL,Belgium,2017,7.61,4.73,7.6,9.03,8.82,7.88,67.8,83.3,71.5,69.3,44.1,9.6,66.3,82,61.1,84.9,87,85,70
BEL,Belgium,2018,7.63,4.76,7.62,9.11,8.78,7.87,67.5,81.2,70.9,69.5,44,12.1,67.9,80.6,59.5,82.6,86.9,85,70
BEL,Belgium,2019,7.66,4.75,7.62,9.3,8.78,7.83,67.3,81.3,72.5,61.6,47.1,15.2,73.4,78.1,61,76.1,86,85,70
BEL,Belgium,2020,7.4,4.32,7.69,8.88,8.55,7.57,68.9,84.5,80.2,62.5,46.7,17.2,77,75.2,61.1,80.5,86.4,85,70
BEL,Belgium,2021,7.42,4.53,7.69,8.92,8.25,7.69,70.1,84,81.3,70.2,46.5,18.4,78.7,80.1,61.1,82,84,85,70
BEL,Belgium,2022,7.42,4.64,7.69,8.28,8.85,7.64,69.6,92.5,83.6,91.2,48.2,10.1,50.3,82.8,57.4,84.3,79.2,85,70
BEL,Belgium,2023,,,,,,,67.1,92,91.4,81.3,50.2,8.1,31.5,79,57.8,80.3,78.6,85,70
BEL,Belgium,2024,,,,,,,65.6,91.6,78.9,91.5,51.1,6.1,20,82.6,58.8,72.4,79.2,85,70
BEL,Belgium,2025,,,,,,,69,92.8,79.3,93,50.6,11.8,48,82.3,58.6,76.8,79.6,85,70
BEN,Benin,1970,4.95,4.95,2.18,6.74,,5.02,,,,,,,,,,,,,
BEN,Benin,1975,4.43,4.92,2.01,5.28,,4.48,,,,,,,,,,,,,
BEN,Benin,1980,4.57,5.04,2,6.09,,4.54,,,,,,,,,,,,,
BEN,Benin,1985,4.54,4.29,2.03,6.37,,4.85,,,,,,,,,,,,,
BEN,Benin,1990,5.59,7.43,2.39,6.65,,5.57,,,,,,,,,,,,,
BEN,Benin,1995,5.22,7,2.58,5.06,,5.92,,,,,,,,,,,,,
BEN,Benin,1996,,,,,,,54.5,50,50,,72.1,90.5,,70,,57.9,0,50,50
BEN,Benin,1997,,,,,,,61.3,50,50,,71.9,88.2,,70,,62.3,58.8,50,50
BEN,Benin,1998,,,,,,,61.7,50,50,,71.8,85.3,,70,,69.7,58.8,50,50
BEN,Benin,1999,,,,,,,60.6,50,30,,71.7,88.6,,70,,76.1,59,50,50
BEN,Benin,2000,5.74,8.06,2.47,6.54,5.67,5.92,61.5,50,30,,71.5,97.6,,70,,75.6,59,50,50
BEN,Benin,2001,5.73,8.03,2.47,6.66,5.55,5.92,60.1,30,30,,71.5,97,,70,,81.2,61,50,50
BEN,Benin,2002,5.69,7.67,2.46,6.83,5.54,5.92,57.3,30,30,,71.4,90.3,,55,,78.3,61,50,50
BEN,Benin,2003,5.71,7.68,2.46,7.01,5.64,5.73,54.9,30,30,,52.3,87.9,,55,,77.8,61,50,50
BEN,Benin,2004,5.62,7.31,2.35,6.87,5.6,5.92,54.6,30,30,,52.4,87.6,,55,,79,57,50,50
BEN,Benin,2005,5.7,7.05,3.34,6.58,5.64,5.86,52.3,30,30,,52.2,88.5,,55,52.6,81.1,54,30,50
BEN,Benin,2006,5.74,7.08,3.47,6.69,5.6,5.8,54,30,32,,67.3,86.6,,48,53.4,83.1,59.6,30,50
BEN,Benin,2007,5.69,7.42,3.46,6.7,5.69,5.11,55.1,30,29,,67.8,87,,48.5,51.9,82.4,64.6,30,60
BEN,Benin,2008,5.63,7.57,3.6,5.94,5.82,5.15,55.2,30,25,,67.5,86.4,,48.1,52.7,77.5,65.2,40,60
BEN,Benin,2009,5.7,7.65,3.51,6.3,5.7,5.28,55.4,30,27,,67.2,88.5,,43.8,50.3,79.6,67.4,40,60
BEN,Benin,2010,5.8,7.71,3.45,6.33,5.81,5.65,55.4,30,31,,75.9,85.2,,42.3,47.8,74.6,57,60,50
BEN,Benin,2011,5.81,7.75,3.43,6.49,5.79,5.57,56,30,29,,75.8,84.1,,43,50.7,78.2,58.8,60,50
BEN,Benin,2012,5.59,7.09,3.36,6.15,5.8,5.54,55.7,30,28,,76.2,79.9,,42.9,51.5,79.7,59.3,60,50
BEN,Benin,2013,5.83,7.42,3.48,6.88,5.82,5.54,57.6,30,30,,76.1,86.1,,45.4,49.7,79.9,59.3,70,50
BEN,Benin,2014,5.96,7.67,3.92,6.72,5.83,5.64,57.1,30,29.5,,68.3,86.1,,51,50.5,75.4,60,70,50
BEN,Benin,2015,5.79,7.37,3.53,6.81,5.75,5.5,58.8,30,36,,68.3,86.7,,55.2,53.2,79.9,58.4,70,50
BEN,Benin,2016,5.97,7.42,3.88,6.84,5.8,5.91,59.3,30,39,,68.1,84.9,,51.3,53.8,82.2,58.8,75,50
BEN,Benin,2017,6.14,7.07,3.93,7.19,6.12,6.37,59.2,36,31.3,29.4,68.6,85.9,71.3,51.9,52.4,85.4,68.7,80,50
BEN,Benin,2018,6.28,7.46,4.01,7.27,6.12,6.53,56.7,35.5,30.2,31.3,67.4,85.6,49.7,60.7,49.9,84.7,55.6,80,50
BEN,Benin,2019,6.38,7.96,3.96,7.32,6.11,6.54,55.3,37.2,28.1,32.8,69.3,83.4,27.9,62.4,53.8,86.4,61.8,70,50
BEN,Benin,2020,6.23,7.7,4.14,7.03,5.75,6.53,55.2,41.3,29.6,36.4,69,84.2,46.6,58,53.7,84.3,49.4,60,50
BEN,Benin,2021,6.23,7.6,4.3,6.99,5.73,6.51,59.6,42.5,32.2,37,68.4,92,86.3,54.6,58.5,83.7,60.4,50,50
BEN,Benin,2022,6.26,7.62,4.26,6.83,6.07,6.51,61,44.3,40.3,55.3,68.4,91.6,83.4,47.7,59.6,80.4,61.4,50,50
BEN,Benin,2023,,,,,,,59.8,43.2,48.2,43.6,69.6,90.4,73.8,47,60,81.1,60.8,50,50
BEN,Benin,2024,,,,,,,57.7,44.6,41.3,48.5,69.6,88.5,48.9,48.9,59.1,81.9,61,50,50
BEN,Benin,2025,,,,,,,58.5,44.8,42.4,49.1,69.4,88.4,51.9,53.7,58.7,80.3,63,50,50
BFA,Burkina Faso,1970,,,2.53,,,,,,,,,,,,,,,,
BFA,Burkina Faso,1975,,2.82,2.54,,,,,,,,,,,,,,,,
BFA,Burkina Faso,1980,,3.12,2.44,,,,,,,,,,,,,,,,
BFA,Burkina Faso,1985,,3.65,2.83,,,,,,,,,,,,,,,,
BFA,Burkina Faso,1990,,4.21,2.95,,,,,,,,,,,,,,,,
BFA,Burkina Faso,1995,,4.62,3.28,,,5.25,,,,,,,,,,,,,
BFA,Burkina Faso,1996,,,,,,,49.4,30,10,,66.7,84.3,,40,,59.1,55,70,30
BFA,Burkina Faso,1997,,,,,,,54,50,10,,66.5,85.3,,55,,63.9,55,70,30
BFA,Burkina Faso,1998,,,,,,,54.5,50,10,,66.3,86.9,,55,,66.9,55,70,30
BFA,Burkina Faso,1999,,,,,,,55,50,10,,66.1,86.4,,55,,72.8,55,70,30
BFA,Burkina Faso,2000,5.1,4.93,3.7,5.4,,5.84,55.7,50,10,,69.2,85.5,,55,,76.6,55,70,30
BFA,Burkina Faso,2001,5.39,7.22,3.7,4.9,,5.84,56.7,30,10,,73.4,76.5,,55,,84.6,61,70,50
BFA,Burkina Faso,2002,5.1,5.47,3.66,5.13,,5.84,58.8,30,30,,65.9,78.1,,55,,89.4,61,70,50
BFA,Burkina Faso,2003,5.42,5.66,3.66,5.19,,7.07,58.9,30,30,,77.1,78.1,,55,,78.8,61,70,50
BFA,Burkina Faso,2004,5.7,5.44,3.66,6.91,,5.91,58,30,30,,77.7,84.9,,55,,79.7,64.8,50,50
BFA,Burkina Faso,2005,5.48,5.57,3.66,6.38,6.34,5.45,56.6,30,30,,77.6,86.4,,55,43.8,80.4,62.6,50,50
BFA,Burkina Faso,2006,5.55,5.46,3.71,6.71,6.26,5.61,55.8,30,30,,77.6,87.3,,39.2,45.7,85.9,62.2,50,50
BFA,Burkina Faso,2007,5.56,5.55,3.92,6.88,6.09,5.37,55.1,30,34,,77.4,86.5,,43.8,45.1,76.8,67.2,40,50
BFA,Burkina Faso,2008,5.52,5.54,3.96,6.2,6.26,5.66,55.7,30,32,,77.5,85.9,,50.7,45.8,78.8,66.6,40,50
BFA,Burkina Faso,2009,5.66,5.42,3.86,6.71,6.29,6.07,59.5,30,29,,80.7,83.7,,58.7,69,83.7,70.4,40,50
BFA,Burkina Faso,2010,5.66,5.38,3.87,6.63,6.23,6.28,59.4,30,35,,80.4,80,,60,64.4,73,71.3,50,50
BFA,Burkina Faso,2011,5.71,5.8,3.86,6.39,6.23,6.3,60.6,30,36,,80.5,86,,61.5,53.5,76.8,76.2,55,50
BFA,Burkina Faso,2012,5.58,5.67,3.79,6.2,6.2,6.08,60.6,30,31,,80.4,84,,62.8,58.9,81.4,72.5,55,50
BFA,Burkina Faso,2013,5.77,6.14,3.79,6.67,6.12,6.16,59.9,30,30,,81.4,82,,61.2,56.4,80.6,72.5,55,50
BFA,Burkina Faso,2014,5.94,6.4,3.8,6.76,6.48,6.25,58.9,30,31.3,,83,82.3,,60.7,55,78.8,67.8,60,40
BFA,Burkina Faso,2015,5.91,6.22,3.73,6.73,6.64,6.22,58.6,25,38,,82.4,79.8,,49.6,57.8,80,68.2,65,40
BFA,Burkina Faso,2016,5.99,6.38,3.74,6.72,6.64,6.48,59.1,30,38,,82.8,76.8,,46.3,58.9,84.9,68.2,65,40
BFA,Burkina Faso,2017,5.98,6.07,3.98,6.64,6.61,6.61,59.6,38.2,31.7,28.4,82.6,82.5,88.4,46.4,53.3,84.6,69.2,70,40
BFA,Burkina Faso,2018,5.96,5.95,3.88,6.5,6.64,6.82,60,42.1,31.8,47.1,80.6,83.7,80.4,51.5,47,84.5,65.8,65,40
BFA,Burkina Faso,2019,6.21,7.23,3.86,6.4,6.67,6.88,59.4,49.1,36.6,42.9,81.9,80,61.8,51.6,52.3,86.2,65.2,65,40
BFA,Burkina Faso,2020,6.12,7.2,3.88,6.58,6.19,6.73,56.7,46.9,34.1,42.6,81.3,77,49.2,47.6,52.1,82.4,61.8,65,40
BFA,Burkina Faso,2021,6.06,7.19,3.79,6.34,6.22,6.78,56.5,45.1,34.5,36.6,80.9,81.9,60.8,44.8,52.2,74.7,61,65,40
BFA,Burkina Faso,2022,5.9,7.07,3.75,5.41,6.63,6.65,58.3,47,41.4,36.3,81.8,82.3,66.1,41.9,61.6,75.6,61,65,40
BFA,Burkina Faso,2023,,,,,,,56.2,38.2,36.9,42.7,81.5,80.6,52,41.1,61.8,73.5,61.2,65,40
BFA,Burkina Faso,2024,,,,,,,51.9,38,42.4,36.4,82.2,76.3,13.2,42,61.8,64.5,60.6,65,40
BFA,Burkina Faso,2025,,,,,,,51,28.1,40.7,35.7,82,73.3,13.7,38.6,61.9,71.9,61.4,65,40
BGD,Bangladesh,1970,,,2.24,10,,,,,,,,,,,,,,,
BGD,Bangladesh,1975,2.64,5.75,2.32,0.01,0.41,3.19,,,,,,,,,,,,,
BGD,Bangladesh,1980,2.99,5.27,2.29,4.58,0.09,2.98,,,,,,,,,,,,,
BGD,Bangladesh,1985,3.37,5.92,2.27,5.88,0.01,3.24,,,,,,,,,,,,,
BGD,Bangladesh,1990,4,6.9,2.29,6.63,0.17,4.51,,,,,,,,,,,,,
BGD,Bangladesh,1995,4.85,7.65,3.09,6.58,2.02,4.81,40.9,30,10,,44,91.5,,40,,72.9,0,50,30
BGD,Bangladesh,1996,,,,,,,51.1,30,10,,79.2,92,,40,,70.7,38,50,50
BGD,Bangladesh,1997,,,,,,,49.9,30,10,,70.6,94.2,,40,,66.1,38,50,50
BGD,Bangladesh,1998,,,,,,,52,30,23,,73,93.5,,40,,71.1,38,50,50
BGD,Bangladesh,1999,,,,,,,50,30,23,,77.2,94.5,,40,,71,34,50,30
BGD,Bangladesh,2000,5.8,8.25,2.57,6.82,5.83,5.54,48.9,30,23,,77.2,90.3,,40,,68.1,32,50,30
BGD,Bangladesh,2001,5.62,8.33,2.44,6.51,5.76,5.03,51.2,30,23,,77.3,93.3,,40,,68.6,48.8,50,30
BGD,Bangladesh,2002,5.62,8.47,2.37,6.34,5.75,5.14,51.9,30,23,,77.3,93.3,,40,,72.7,50.6,50,30
BGD,Bangladesh,2003,5.59,8.61,2.3,6.15,5.82,5.07,49.3,30,4,,77.2,94,,40,,80.8,38,50,30
BGD,Bangladesh,2004,5.46,8.57,2.3,5.87,5.6,4.96,50,30,12,,77.2,94.1,,40,,78.9,38,50,30
BGD,Bangladesh,2005,5.69,8.64,2.54,6.32,5.55,5.41,47.5,30,13,,84.1,93.4,,40,64.1,76.3,34,30,10
BGD,Bangladesh,2006,5.81,8.65,2.59,6.23,6.08,5.51,52.9,30,15,,84.1,94.4,,58.2,64.2,74.9,48.2,30,30
BGD,Bangladesh,2007,5.8,8.78,2.57,5.99,6.09,5.6,46.7,30,17,,84.1,94,,59.1,63.8,68.7,0,30,20
BGD,Bangladesh,2008,5.8,8.88,2.53,5.91,6.13,5.55,44.2,25,20,,84,93.2,,56.5,54.5,68.9,0,20,20
BGD,Bangladesh,2009,5.93,8.93,2.81,6.23,6.07,5.62,47.5,25,20,,72.8,94.2,,62.9,52.3,67.3,40.2,20,20
BGD,Bangladesh,2010,5.88,8.85,2.88,5.93,5.91,5.83,51.1,20,21,,72.8,93.9,,59.4,53.8,66.6,58,45,20
BGD,Bangladesh,2011,5.8,8.72,2.73,5.75,5.93,5.86,53,20,24,,72.7,92.4,,65,54.3,68.6,58,55,20
BGD,Bangladesh,2012,5.85,8.7,2.63,6.16,5.94,5.82,53.2,20,24,,72.8,93.9,,68.5,55.9,67.5,54,55,20
BGD,Bangladesh,2013,5.78,8.54,2.56,6.07,5.96,5.78,52.6,20,27,,72.7,92.1,,68,51.9,65.4,54,55,20
BGD,Bangladesh,2014,5.75,8.57,2.58,6.15,5.7,5.77,54.1,20,23.3,,72.5,92.3,,70.8,51.9,65.9,59,55,30
BGD,Bangladesh,2015,5.78,8.51,2.7,6.28,5.69,5.73,53.9,20,27,,72.7,92,,62.2,63.7,67.7,59,45,30
BGD,Bangladesh,2016,5.75,8.32,2.74,6.36,5.66,5.67,53.3,20,25,,72.7,93.6,,52.6,62.5,68.2,63.6,45,30
BGD,Bangladesh,2017,5.82,8.19,2.65,6.43,6.13,5.67,55,34.9,19.1,26,72.8,94,78.7,53.4,68.7,68.6,63.6,50,30
BGD,Bangladesh,2018,5.84,8.27,2.65,6.5,6.1,5.67,55.1,32.4,21.2,32.6,72.7,94.2,78.9,52.1,66.4,69,61.2,50,30
BGD,Bangladesh,2019,5.81,8.19,2.63,6.51,6.11,5.62,55.6,36.1,24.4,34.5,72.7,94.5,77.6,50.9,68.2,69.9,63.6,45,30
BGD,Bangladesh,2020,5.71,8.3,2.66,6.48,5.49,5.62,56.4,41,26.6,36.1,72.7,94.3,76.8,52.3,68.4,70,63.6,45,30
BGD,Bangladesh,2021,5.76,8.31,2.7,6.58,5.47,5.75,56.5,38,27.7,35.4,84,93.8,66.3,55.6,68.8,69.9,63.4,45,30
BGD,Bangladesh,2022,5.85,8.33,2.73,6.47,5.94,5.77,52.7,36.3,22.2,28.1,82.6,93.2,54,55.6,36.6,70,63.8,50,40
BGD,Bangladesh,2023,,,,,,,54.4,36.8,28,22.5,82.1,94.7,63.4,56.7,46.8,70.1,62,50,40
BGD,Bangladesh,2024,,,,,,,54.4,36,23,28.8,82.4,94.9,69.1,50.2,47.3,69.5,62,50,40
BGD,Bangladesh,2025,,,,,,,54.7,36.5,23.3,27.9,82.6,95,70.2,53.9,47.4,67.1,62.2,50,40
BGR,Bulgaria,1970,,,5.3,,,3.8,,,,,,,,,,,,,
BGR,Bulgaria,1975,,,5.3,,,3.8,,,,,,,,,,,,,
BGR,Bulgaria,1980,,5.3,5.31,,,3.8,,,,,,,,,,,,,
BGR,Bulgaria,1985,4.3,4.37,5.33,6.17,1.95,3.82,,,,,,,,,,,,,
BGR,Bulgaria,1990,4.15,4.71,5.5,3.31,2.78,4.35,,,,,,,,,,,,,
BGR,Bulgaria,1995,4.74,4.45,5.53,1.6,6.99,5.18,50,50,30,,46,50.5,,55,,26.3,72.4,70,50
BGR,Bulgaria,1996,,,,,,,48.6,50,30,,50.6,30.6,,55,,30,71,70,50
BGR,Bulgaria,1997,,,,,,,47.6,50,30,,48.9,37.3,,55,,36.5,71,50,50
BGR,Bulgaria,1998,,,,,,,45.7,50,30,,53.5,48.8,,55,,25.2,49,50,50
BGR,Bulgaria,1999,,,,,,,46.2,50,30,,68,46.3,,55,,0,46.8,70,50
BGR,Bulgaria,2000,5.59,5.79,5.35,2.72,7.23,6.9,47.3,50,29,,67.9,54.4,,55,,0,49.8,70,50
BGR,Bulgaria,2001,6.25,6.44,5.25,5.99,7.01,6.55,51.9,50,33,,58.1,67.3,,55,,26.2,57.2,70,50
BGR,Bulgaria,2002,6.62,6.54,5.22,7.84,6.93,6.55,57.1,50,35,,68.3,49.6,,55,,75.8,60.2,70,50
BGR,Bulgaria,2003,6.91,6.53,5.23,8.76,7.39,6.67,57,50,39,,72.4,56.7,,55,,77.5,62.4,50,50
BGR,Bulgaria,2004,6.84,6.57,5.2,8.43,7.41,6.6,59.2,30,40,,81.1,64.5,,55,,78.7,63.2,50,70
BGR,Bulgaria,2005,7.03,6.89,5.48,8.71,7.24,6.83,62.3,30,39,,80.3,53.4,,55,80.3,83.1,82,50,70
BGR,Bulgaria,2006,7.12,7.01,5.52,8.18,8,6.88,64.1,30,41,,83.2,49.8,,70.5,79.8,80.7,65.8,70,70
BGR,Bulgaria,2007,7.13,7.04,5.43,7.91,8.19,7.06,62.7,30,40,,82.4,57.8,,70.3,79.8,75.8,70.8,60,60
BGR,Bulgaria,2008,7.09,7.29,5.38,7.62,8.13,7.02,63.7,30,40,,82.7,56,,68.4,80.6,73.7,86,60,60
BGR,Bulgaria,2009,7.25,7.2,5.3,8.71,8.14,6.87,64.6,30,41,,86.2,58.7,,73.5,78.4,72.8,85.8,60,60
BGR,Bulgaria,2010,7.35,7.01,5.29,8.85,8.4,7.19,62.3,30,36,,86.3,48.3,,77.8,78.1,69.5,87.4,50,60
BGR,Bulgaria,2011,7.35,7.2,5.32,8.8,8.1,7.31,64.9,30,38,,86.9,58.3,,75.8,82,75.5,87.6,55,60
BGR,Bulgaria,2012,7.46,7.49,5.29,9.09,8.08,7.36,64.7,30,36,,93.6,50.3,,72.7,84.2,77.8,87.1,55,60
BGR,Bulgaria,2013,7.52,7.34,5.33,9.43,8.15,7.35,65,30,33,,94,64.2,,73.6,74.8,78.6,86.8,55,60
BGR,Bulgaria,2014,7.5,7.03,5.39,9.38,8.55,7.13,65.7,30,35.2,,91.2,64.5,,73.5,80.2,79.6,87.8,55,60
BGR,Bulgaria,2015,7.48,6.64,5.46,9.49,8.6,7.21,66.8,30,41,,91,64.5,,68.5,76.6,83.2,88,65,60
BGR,Bulgaria,2016,7.73,7.62,5.61,9.53,8.58,7.32,65.9,30,43,,91.1,60.4,,66.9,71.6,82.6,88,65,60
BGR,Bulgaria,2017,7.72,7.65,5.64,9.37,8.65,7.31,67.9,62.5,41.8,38.9,91,58.4,86.4,66.7,68.3,83.3,87,70,60
BGR,Bulgaria,2018,7.68,7.47,5.73,9.32,8.54,7.34,68.3,63.6,38.2,42.5,90.9,60.5,94.3,64.3,66.1,82.8,86.9,70,60
BGR,Bulgaria,2019,7.63,7.34,5.72,9.25,8.53,7.28,69,62.5,35.1,41.9,90.2,63.9,98.8,62.7,68.4,88,86,70,60
BGR,Bulgaria,2020,7.51,7.04,5.75,9.37,8.23,7.14,70.2,64.2,44.2,45.4,90.3,66.1,99.2,62.6,68.1,85.7,86.4,70,60
BGR,Bulgaria,2021,7.47,7,5.81,9.16,8.37,7,70.4,66.2,46.8,43.6,93.9,64.7,99.2,62.9,68.5,85.2,84,70,60
BGR,Bulgaria,2022,7.16,7.05,5.94,7.56,8.41,6.83,71,77.3,45.6,61.1,93.9,60.5,96.2,72.1,64.4,81.9,79.2,60,60
BGR,Bulgaria,2023,,,,,,,69.3,75.3,57.1,43.9,93.7,56.5,90.5,71.8,63.8,80.2,78.6,60,60
BGR,Bulgaria,2024,,,,,,,68.5,75.9,44,57.4,92.9,56.2,91.4,75.3,68.7,70.5,79.2,60,50
BGR,Bulgaria,2025,,,,,,,68.8,75.7,48.5,56.6,94.2,56.7,91.1,74.9,68,70.8,79.6,60,50
BHR,Bahrain,1970,,,4.85,10,,8.01,,,,,,,,,,,,,
BHR,Bahrain,1975,6.24,5.84,4.52,8.27,,5.59,,,,,,,,,,,,,
BHR,Bahrain,1980,6.97,5.84,4.56,9,7.65,7.89,,,,,,,,,,,,,
BHR,Bahrain,1985,6.83,5.19,4.57,8.98,7.69,7.89,,,,,,,,,,,,,
BHR,Bahrain,1990,6.66,4.8,4.55,8.83,7.61,7.68,,,,,,,,,,,,,
BHR,Bahrain,1995,7.02,6.56,4.59,9.58,7.36,7.14,76.2,60,70,,99.4,71.7,,100,,86.7,78.4,50,70
BHR,Bahrain,1996,,,,,,,76.4,60,70,,99.4,72.5,,100,,89.1,77,50,70
BHR,Bahrain,1997,,,,,,,76.1,60,70,,99.5,73.4,,100,,85.2,77,50,70
BHR,Bahrain,1998,,,,,,,75.6,60,70,,99.4,78.1,,85,,89.6,78.4,50,70
BHR,Bahrain,1999,,,,,,,75.2,60,70,,99.4,80.8,,85,,83.5,78.4,50,70
BHR,Bahrain,2000,7.25,6.98,4.01,8.99,8.14,8.15,75.7,60,70,,99.6,79.7,,85,,89.2,77.6,50,70
BHR,Bahrain,2001,7.12,6.57,4.01,8.83,8.12,8.07,75.9,60,70,,99.2,73,,85,,90.3,75.4,50,80
BHR,Bahrain,2002,7.06,6.14,3.96,8.92,8.17,8.12,75.6,60,70,,99.3,74.8,,85,,84.3,76.6,50,80
BHR,Bahrain,2003,7.15,6.51,3.96,8.95,8.18,8.15,76.3,70,70,,99.5,79.2,,85,,83.4,69.6,50,80
BHR,Bahrain,2004,7.17,7,3.89,8.91,8.03,8.03,75.1,60,70,,99.5,76.6,,85,,84.7,69.6,50,80
BHR,Bahrain,2005,7.18,7.02,3.97,8.87,7.91,8.13,71.2,70,61,,99.5,68.1,,85,40,89,69.6,50,80
BHR,Bahrain,2006,7.22,6.62,4.24,9.07,8.08,8.13,71.6,70,58,,99.4,73.2,,80,40,86.3,69.6,50,90
BHR,Bahrain,2007,7.3,7.27,4.31,8.7,8.13,8.11,71.2,60,58,,99.4,75.3,,80,40,80.1,79.6,50,90
BHR,Bahrain,2008,7.27,7.21,4.34,8.78,8.06,7.98,72.2,60,57,,99.7,80.3,,80,40,74.3,80.8,60,90
BHR,Bahrain,2009,7.04,6.85,4.3,7.88,8.22,7.99,74.8,60,50,,99.9,79.4,,79.6,85.1,74,80,60,80
BHR,Bahrain,2010,7.06,6.71,4.37,8.04,8.11,8.09,76.3,60,54,,99.9,80.8,,77.8,89.4,73.4,82.9,65,80
BHR,Bahrain,2011,7.21,7.15,4.3,8.33,8.1,8.16,77.7,60,51,,99.8,80.2,,77.4,97,74,82.8,75,80
BHR,Bahrain,2012,7.11,6.9,4.17,8.4,8.01,8.06,75.2,55,49,,99.9,72.2,,76.5,91.1,70.4,82.8,75,80
BHR,Bahrain,2013,7.21,7.33,4.17,8.53,7.99,8.03,75.5,55,51,,99.9,72.4,,75.8,90.4,72.5,82.8,75,80
BHR,Bahrain,2014,7.23,7.43,4.21,9,7.77,7.76,75.1,60,49.4,,99.9,71.4,,76.3,82,78.4,78.6,75,80
BHR,Bahrain,2015,7.17,7.29,4.3,9.09,7.72,7.44,73.4,60,48,,99.9,73.1,,72.5,83.1,74.2,78.6,65,80
BHR,Bahrain,2016,7.15,7.45,4.3,9.26,7.71,7.01,74.3,60,49,,99.9,75.4,,71.9,79.1,74.6,82.6,70,80
BHR,Bahrain,2017,7.32,7.33,4.3,9.29,8.14,7.56,68.5,64.2,55.5,53.7,99.9,69.8,12,69.4,78.7,80.7,82.8,75,80
BHR,Bahrain,2018,7.4,7.31,4.59,9.17,8.09,7.82,67.7,62.1,51.8,55.1,99.9,66.4,6.5,75.5,76.5,79.9,83.4,75,80
BHR,Bahrain,2019,7.48,7.42,4.59,9.29,8.2,7.89,66.4,63.5,53.6,50.7,99.7,62.7,3.7,71.4,71.1,81.6,83.8,75,80
BHR,Bahrain,2020,7.44,7.34,4.78,9.31,8.2,7.57,66.3,70.6,51,48.4,99.4,66.1,2.6,70.5,71.1,81.1,79.4,75,80
BHR,Bahrain,2021,7.55,7.35,5.18,9.36,8.19,7.66,69.9,71.5,64.4,65.8,100,67.1,0,76.7,71.4,82.8,83.6,75,80
BHR,Bahrain,2022,7.51,7.37,5.18,9.03,8.35,7.64,62,65.9,41.6,27.4,99.9,65.5,0,60.2,54.9,81.1,83,85,80
BHR,Bahrain,2023,,,,,,,62.5,65.4,28.1,40.4,99.9,66.3,0,64,53.6,83.5,84.2,85,80
BHR,Bahrain,2024,,,,,,,63.4,65.1,38,30.2,99.9,68.7,0,72,56.7,79.5,85.2,85,80
BHR,Bahrain,2025,,,,,,,65.6,65.4,39.8,30.2,99.9,74.3,0,76.5,55.3,88.7,86.6,90,80
BHS,"Bahamas, The",1970,,,,6.98,4.58,,,,,,,,,,,,,,
BHS,"Bahamas, The",1975,,9.32,,6.4,4.35,,,,,,,,,,,,,,
BHS,"Bahamas, The",1980,6.49,9.4,5.05,6.32,4.07,,,,,,,,,,,,,,
BHS,"Bahamas, The",1985,6.63,9.43,5.04,6.48,4.47,,,,,,,,,,,,,,
BHS,"Bahamas, The",1990,6.7,9.48,5.03,6.9,4.26,,,,,,,,,,,,,,
BHS,"Bahamas, The",1995,6.99,9.03,5.69,6.86,5.08,,71.8,90,70,,97.7,86.9,,100,,82.6,19,30,70
BHS,Bahamas,1996,,,,,,,74,90,70,,97.8,83.6,,100,,85.8,19,50,70
BHS,Bahamas,1997,,,,,,,74.5,90,70,,97.3,87.8,,100,,86.1,19,50,70
BHS,Bahamas,1998,,,,,,,74.5,90,70,,97.2,87.4,,100,,86.9,19.4,50,70
BHS,Bahamas,1999,,,,,,,74.7,90,70,,97.2,87.1,,100,,88.4,19.4,50,70
BHS,"Bahamas, The",2000,6.77,8.54,5.18,6.85,5.23,8.05,73.9,90,70,,97.2,85.5,,100,,87,15,50,70
BHS,"Bahamas, The",2001,6.88,8.97,5.39,6.84,5.14,8.03,74.8,90,70,,97.3,89.2,,100,,87.3,19.4,50,70
BHS,"Bahamas, The",2002,6.99,8.89,5.72,7.21,5.07,8.01,74.4,90,70,,97,89.2,,100,,88.1,15,50,70
BHS,"Bahamas, The",2003,6.93,8.92,5.73,6.93,5.03,8,73.5,90,70,,96.9,88.8,,100,,80.4,15,50,70
BHS,"Bahamas, The",2004,7.04,8.89,5.78,7.14,5.37,8,72.1,90,70,,97.1,87.1,,85,,82.5,17,50,70
BHS,"Bahamas, The",2005,7.02,8.81,5.83,6.95,5.5,8.02,72.6,90,70,,96.7,88,,85,80,79.5,17,50,70
BHS,"Bahamas, The",2006,7,8.98,5.8,6.81,5.34,8.03,72.3,90,70,,96.8,87.1,,80,80,82.2,17,50,70
BHS,"Bahamas, The",2007,7.02,9.02,5.82,6.75,5.46,8.03,72,80,70,,96.6,88.7,,80,80,76.1,38.8,40,70
BHS,"Bahamas, The",2008,6.97,9.04,5.81,6.51,5.45,8.03,71.1,80,70,,96.2,86.4,,80,80,76.3,32,40,70
BHS,"Bahamas, The",2009,6.9,8.87,5.78,6.79,5.09,7.98,70.3,75,50,,96.5,84.4,,74.7,80.4,75.5,56,40,70
BHS,"Bahamas, The",2010,6.92,8.94,5.53,7.01,5.3,7.79,67.3,70,55,,95.2,83.6,,73.4,81,72.7,42.2,30,70
BHS,"Bahamas, The",2011,6.86,8.87,5.55,6.84,5.27,7.74,68,70,55,,97.2,86.9,,72.5,81.3,74.6,42.2,30,70
BHS,"Bahamas, The",2012,6.91,8.92,5.61,7.09,5.3,7.65,68,70,55,,97.7,85.2,,70.9,82.7,76,42.2,30,70
BHS,"Bahamas, The",2013,6.94,8.95,5.61,7.29,5.31,7.52,70.1,70,73,,97,84.9,,71.3,81.6,75.8,47,30,70
BHS,"Bahamas, The",2014,6.97,9.02,5.61,7.16,5.54,7.54,69.8,70,66.6,,97.3,84.1,,70.7,81.5,75.1,52.2,30,70
BHS,"Bahamas, The",2015,6.96,9.04,5.86,7.01,5.49,7.39,68.7,70,71,,97.8,83.2,,68.9,75.3,78.8,52.2,30,60
BHS,"Bahamas, The",2016,6.99,9.03,5.75,7.12,5.52,7.52,70.9,70,71,,97.9,84.3,,70.7,72.8,78.5,64,40,60
BHS,"Bahamas, The",2017,6.91,8.92,5.74,6.98,5.49,7.39,61.1,45.3,38.2,48.7,97.1,83.8,42.3,68.5,71.5,77,50.6,50,60
BHS,"Bahamas, The",2018,7.16,9.13,5.43,8.06,5.66,7.52,63.3,46.5,50.9,53.5,96.5,82.9,59,68.3,64.6,79.2,52.7,45,60
BHS,"Bahamas, The",2019,7.12,8.93,5.42,7.97,5.65,7.65,62.9,42.2,43.7,46.9,97.3,86.8,65.7,68.5,67.5,78.1,47.8,50,60
BHS,"Bahamas, The",2020,6.56,8.7,5.4,6.56,5.02,7.11,64.5,54.9,46,46.4,96.8,87.4,69.2,69,70,76.3,47.8,50,60
BHS,"Bahamas, The",2021,6.43,8.69,5.4,6.36,4.83,6.88,64.6,48.1,47.5,45.7,97.1,87.6,72.7,70.4,70,77,49,50,60
BHS,"Bahamas, The",2022,6.65,8.82,5.4,6.08,5.63,7.34,68.7,61.1,64.3,78.8,96.5,85.8,67.3,63.3,69.3,79.2,49,50,60
BHS,Bahamas,2023,,,,,,,62.6,60.5,78.3,65.7,96.5,79.3,0,67,68.6,75.7,49.6,50,60
BHS,Bahamas,2024,,,,,,,62.5,60.9,65.5,78.4,96.5,76.1,4.2,67.2,70.2,71.7,49.6,50,60
BHS,Bahamas,2025,,,,,,,63.2,61.8,66.2,78.6,97.2,77.2,6.7,70,68.8,72.9,49,50,60
BIH,Bosnia and Herzegovina,1970,,,,,,,,,,,,,,,,,,,
BIH,Bosnia and Herzegovina,1975,,,,,,,,,,,,,,,,,,,
BIH,Bosnia and Herzegovina,1980,,,,,,,,,,,,,,,,,,,
BIH,Bosnia and Herzegovina,1985,,,,,,,,,,,,,,,,,,,
BIH,Bosnia and Herzegovina,1990,,,3.25,,,,,,,,,,,,,,,,
BIH,Bosnia and Herzegovina,1995,,2.93,3.28,,,4.88,,,,,,,,,,,,,
BIH,Bosnia Herzegovina,1996,,,,,,,,,,,,,,,,,,,
BIH,Bosnia Herzegovina,1997,,,,,,,,,,,,,,,,,,,
BIH,Bosnia Herzegovina,1998,,,,,,,29.4,10,10,,78.8,16.7,,40,,0,69.4,30,10
BIH,Bosnia Herzegovina,1999,,,,,,,29.4,10,10,,78.8,16.7,,40,,0,69.4,30,10
BIH,Bosnia and Herzegovina,2000,4.42,2.93,3.69,4.46,,6.22,45.1,10,10,,82,52,,40,,83.3,69,30,30
BIH,Bosnia and Herzegovina,2001,5.24,4.37,3.79,6.07,,6.33,36.6,10,10,,67,0,,40,,75.2,67.6,30,30
BIH,Bosnia and Herzegovina,2002,5.07,3.74,3.82,5.93,,6.33,37.4,10,10,,66.8,0,,40,,77.2,72.6,30,30
BIH,Bosnia and Herzegovina,2003,5.04,3.2,3.87,6.41,,6.17,40.6,10,10,,66.1,3.2,,40,,77.9,78.2,30,50
BIH,Bosnia and Herzegovina,2004,5.34,3.37,3.86,7.38,,6.17,44.7,10,10,,70.1,18.3,,40,,82.4,71.8,30,70
BIH,Bosnia and Herzegovina,2005,6.25,5.93,3.88,8.2,6.75,6.49,48.8,10,33,,70.1,23.8,,40,54.8,84.5,71.8,30,70
BIH,Bosnia and Herzegovina,2006,6.25,5.85,3.9,7.55,7.45,6.46,55.6,10,31,,75.1,47.8,,55.7,54.9,86.1,75.2,50,70
BIH,Bosnia and Herzegovina,2007,6.47,6.28,4.19,7.77,7.51,6.59,54.4,10,29,,74.9,47.8,,55.4,53.8,82.5,80.2,50,60
BIH,Bosnia and Herzegovina,2008,6.35,6.2,4.24,7.16,7.61,6.53,53.9,10,29,,73.7,48.3,,57.2,54.2,76.6,79.8,50,60
BIH,Bosnia and Herzegovina,2009,6.41,5.58,4.46,7.95,7.69,6.37,53.1,10,33,,71.8,37.6,,59.9,52.1,79,77.2,50,60
BIH,Bosnia and Herzegovina,2010,6.34,5.02,4.57,7.83,7.51,6.75,56.2,10,32,,83.2,28.8,,61.3,61.2,74.7,80.8,70,60
BIH,Bosnia and Herzegovina,2011,6.64,6.17,4.76,7.84,7.48,6.9,57.5,20,30,,83.9,24.1,,60.4,60.2,80.6,86,70,60
BIH,Bosnia and Herzegovina,2012,6.62,6.07,4.89,8.16,7.2,6.74,57.3,20,32,,84.3,24.4,,55.2,60.4,80.7,86,70,60
BIH,Bosnia and Herzegovina,2013,6.63,6.06,4.56,8.54,7.29,6.66,57.3,20,32,,83.2,26.9,,54.3,61.2,79,86.4,70,60
BIH,Bosnia and Herzegovina,2014,6.72,5.96,4.73,8.38,7.69,6.81,58.4,20,33.9,,82.9,27.4,,55.5,62.4,80.1,86.9,75,60
BIH,Bosnia and Herzegovina,2015,6.8,6.42,4.56,8.37,7.63,7.02,59,20,42,,82.9,27.3,,53.5,63.4,84,87.2,70,60
BIH,Bosnia and Herzegovina,2016,6.79,6.48,4.46,8.3,7.6,7.08,58.6,20,39,,83.9,33.1,,54.6,59.4,84.3,87,65,60
BIH,Bosnia and Herzegovina,2017,6.82,6.48,4.6,8.22,7.75,7.02,60.2,41.2,32.7,40,83.5,33.7,89.3,47.4,59.3,84,86.6,65,60
BIH,Bosnia and Herzegovina,2018,6.87,6.84,4.56,8.19,7.77,7,61.4,39.5,28.4,43.7,83.5,41.5,94.4,49.3,59.6,83.5,87.8,65,60
BIH,Bosnia and Herzegovina,2019,6.87,6.86,4.43,8.29,7.76,6.99,61.9,40.2,30.2,37.9,84.3,46.1,96.6,49.7,67,83.1,82.6,65,60
BIH,Bosnia and Herzegovina,2020,6.67,6.64,4.43,8.19,7.33,6.74,62.6,44.4,41.8,33.9,83.6,49.3,97.3,45.7,67.4,82.7,80,65,60
BIH,Bosnia and Herzegovina,2021,6.4,6.73,4.52,6.77,7.06,6.89,62.9,44.1,42.4,33.7,93.8,49.5,97.1,48.2,67.8,84.1,69.2,65,60
BIH,Bosnia and Herzegovina,2022,6.22,6.8,4.57,5.37,7.68,6.7,63.4,49.2,33.4,37.2,94,46.2,95.9,66.6,60.2,84.9,68.8,65,60
BIH,Bosnia Herzegovina,2023,,,,,,,62.9,48.2,34.3,33.1,93.2,46.6,96.3,67,60.6,81.9,68,65,60
BIH,Bosnia Herzegovina,2024,,,,,,,62,48.2,33.2,34.2,93.3,48.6,96.6,66.8,60.6,70.1,68,65,60
BIH,Bosnia Herzegovina,2025,,,,,,,63.5,48.3,36.2,33.9,93.6,51.2,97.9,67.1,66.2,72.5,70,65,60
BLR,Belarus,1970,,,,,,,,,,,,,,,,,,,
BLR,Belarus,1975,,,,,,,,,,,,,,,,,,,
BLR,Belarus,1980,,,,,,,,,,,,,,,,,,,
BLR,Belarus,1985,,,5.57,,,,,,,,,,,,,,,,
BLR,Belarus,1990,,5.09,5.83,,,4.8,,,,,,,,,,,,,
BLR,Belarus,1995,,6.19,5.29,,,4.93,40.4,50,10,,42,31.5,,70,,0,60,50,50
BLR,Belarus,1996,,,,,,,38.7,50,10,,38,0,,70,,0,60,50,70
BLR,Belarus,1997,,,,,,,39.8,50,10,,38,32.9,,70,,0,77.2,30,50
BLR,Belarus,1998,,,,,,,38,30,10,,43.4,44.5,,55,,0,79,30,50
BLR,Belarus,1999,,,,,,,35.4,30,10,,44.9,45.3,,55,,15.9,57.6,30,30
BLR,Belarus,2000,4.1,6.19,4.44,0.01,,4.64,41.3,30,39,,58.3,39.3,,55,,32.5,57.6,30,30
BLR,Belarus,2001,4.1,6.19,4.42,0.01,,4.66,38,30,34,,66,41.9,,40,,0,70.2,30,30
BLR,Belarus,2002,4.13,6.23,4.44,0.01,,4.71,39,30,41,,68.2,36.5,,40,,0,75.4,30,30
BLR,Belarus,2003,4.09,6.15,4.45,0.01,,4.66,39.7,30,41,,65.3,41.1,,40,,14.1,66,30,30
BLR,Belarus,2004,4.61,6.23,4.45,2.14,,4.71,43.1,30,48,,75.4,36.8,,40,,31.6,65.8,30,30
BLR,Belarus,2005,4.87,6.23,4.12,3.61,,4.71,46.7,30,42,,76.2,35.4,,40,72,42.7,69,30,30
BLR,Belarus,2006,5.15,6.08,3.94,5.17,,4.71,47.5,30,33,,78.9,33.2,,54.4,68.2,49.8,67.2,30,30
BLR,Belarus,2007,5.36,6.1,3.96,5.81,,4.9,47,20,26,,81.8,60,,55.7,68.2,61.5,67.2,20,10
BLR,Belarus,2008,5.37,6.23,3.96,5.7,,4.9,45.3,20,21,,81,55.5,,58.8,68.6,66.2,52.2,20,10
BLR,Belarus,2009,5.48,6.23,3.97,6.2,,4.88,45,20,21,,79.4,30.9,,63.7,70.8,66.8,67.2,20,10
BLR,Belarus,2010,5.78,6.23,3.97,7.2,,5.11,48.7,20,20,,85.2,32,,72.1,84.8,62.6,80.3,20,10
BLR,Belarus,2011,4.48,6.23,4.52,0.94,,5.26,47.9,20,24,,83.6,26.2,,70.6,82.3,62.2,80.3,20,10
BLR,Belarus,2012,4.45,6.23,4.49,0.84,,5.26,49,20,25,,86.6,34.9,,71.3,77,65.3,80.4,20,10
BLR,Belarus,2013,4.7,6.23,4.49,1.88,,5.24,48,20,24,,88.8,43.5,,75.2,76.9,40.7,80.8,20,10
BLR,Belarus,2014,4.82,6.23,4.5,1.83,,5.77,50.1,20,24.6,,89.2,61.2,,73.4,77.7,33.9,81.4,30,10
BLR,Belarus,2015,4.93,6.23,4.5,2.32,,5.77,49.8,20,29,,86.4,54.7,,72,80.1,44.5,81,20,10
BLR,Belarus,2016,5.37,6.34,4.52,3.97,6.24,5.78,48.8,20,31,,88.6,44.8,,69,74.9,50.4,79,20,10
BLR,Belarus,2017,6.03,6.42,4.51,6.67,6.35,6.16,58.6,50.9,37.6,56.3,89.8,48.7,92.8,71.3,74.6,60.4,80.6,30,10
BLR,Belarus,2018,6.08,6.46,4.49,7.01,6.29,6.13,58.1,53.5,42,57.3,89.8,47.9,75.4,74.1,73.1,62.3,81.4,30,10
BLR,Belarus,2019,6.37,6.34,4.49,8.42,6.39,6.22,57.9,55.2,37.7,51.7,89.4,41.3,85.4,75,75.3,67,76.4,30,10
BLR,Belarus,2020,6.39,6.22,4.38,8.87,6.64,5.86,61.7,63.2,37.4,48.4,88.8,54.1,95.4,76.4,74.8,69.8,82,30,20
BLR,Belarus,2021,6.16,6.23,4.27,8.39,6.3,5.62,61,58.6,39.8,40.4,92.9,55.5,96.5,75.9,75.7,70.2,76,30,20
BLR,Belarus,2022,5.98,6.28,4.2,7.81,6.46,5.17,53,34.5,43.7,15.5,93.3,56.7,95.3,54.5,46.8,70.2,75.6,30,20
BLR,Belarus,2023,,,,,,,51,31.2,11.1,38.9,89.9,57.8,94.3,53.7,47.1,66.9,70.8,30,20
BLR,Belarus,2024,,,,,,,48.4,22.1,33,11.1,90.1,58.8,83.6,52.9,46.3,62.2,70.8,30,20
BLR,Belarus,2025,,,,,,,48.9,20.9,28.8,10.5,89.3,55.6,96.2,50.9,48,67.2,69.2,30,20
BLZ,Belize,1970,,,,6.97,,,,,,,,,,,,,,,
BLZ,Belize,1975,,9.05,,5.3,,,,,,,,,,,,,,,
BLZ,Belize,1980,,6.94,,6.47,5.69,,,,,,,,,,,,,,
BLZ,Belize,1985,,6.38,,6.6,3.56,,,,,,,,,,,,,,
BLZ,Belize,1990,,6.97,,6.89,4.99,,,,,,,,,,,,,,
BLZ,Belize,1995,6.75,8.4,3.92,7.11,6.81,,62.9,70,50,,63.2,64.7,,70,,86.5,42,70,50
BLZ,Belize,1996,,,,,,,61.6,70,50,,63.3,68.7,,70,,85.4,27,70,50
BLZ,Belize,1997,,,,,,,64.3,70,50,,63.3,88.2,,70,,84.6,33,70,50
BLZ,Belize,1998,,,,,,,59.1,50,50,,63.7,64.7,,70,,80.6,33,70,50
BLZ,Belize,1999,,,,,,,60.7,50,50,,63.6,74.9,,70,,85,33,70,50
BLZ,Belize,2000,6.06,6.1,4.24,6.77,6.09,7.22,63.3,50,50,,58.9,74.8,,70,,92,53.8,70,50
BLZ,Belize,2001,5.98,5.94,4.26,6.76,6.09,6.98,65.9,70,50,,83.6,74.8,,70,,88.9,56,50,50
BLZ,Belize,2002,6.31,5.94,4.36,8.1,6.08,7.1,65.6,50,50,,84.5,74.8,,70,,94,66.8,50,50
BLZ,Belize,2003,6.36,5.95,4.45,8.13,6,7.22,63.5,50,50,,84.3,60.9,,70,,89.2,66.8,50,50
BLZ,Belize,2004,6.59,7.24,4.45,8.15,6.2,7.03,62.8,50,50,,84.1,64.7,,70,,86.5,60,50,50
BLZ,Belize,2005,6.91,9.14,4.15,8.12,6.15,7.32,64.5,50,45,,83.9,68.9,,70,83.3,85.2,58.4,50,50
BLZ,Belize,2006,6.87,9.04,4.16,7.9,6.21,7.32,64.7,50,38,,83.9,71.5,,77.4,83.8,84.2,58.4,50,50
BLZ,Belize,2007,6.83,8.46,4.16,7.93,6.4,7.44,63.3,50,37,,69.7,74.9,,77.4,83.2,73.2,67.2,50,50
BLZ,Belize,2008,6.84,8.79,4.14,7.65,6.46,7.43,63,50,35,,69.3,74.8,,76.5,82.5,77.3,64.6,50,50
BLZ,Belize,2009,6.62,8.53,4.11,6.89,6.37,7.45,63,50,30,,68.8,77.6,,75.5,80.6,78.4,69.6,50,50
BLZ,Belize,2010,6.28,6.56,4.11,6.92,6.41,7.4,61.5,40,29,,68.3,74.9,,74.1,81.7,75.6,71.5,50,50
BLZ,Belize,2011,6.21,6.58,4.06,6.87,6.44,7.11,63.8,40,29,,82.3,76.1,,73.7,86.5,78.8,71.5,50,50
BLZ,Belize,2012,6.23,6.55,4.05,7.09,6.49,6.97,61.9,30,20,,82.8,74.6,,73.6,82.2,77.6,78.1,50,50
BLZ,Belize,2013,6.32,6.91,4.03,7.26,6.51,6.91,57.3,30,0,,82.2,72.6,,72.6,71.4,77.3,77.2,40,50
BLZ,Belize,2014,6.26,7,3.6,7.21,6.81,6.69,56.7,30,6.7,,82.1,74.2,,71.6,67.2,77.6,67.8,40,50
BLZ,Belize,2015,6.27,7.24,3.99,7.1,6.29,6.73,56.8,30,6.7,,82.4,78.3,,59.1,61.8,79.3,70.4,50,50
BLZ,Belize,2016,6.26,7.12,3.98,7.12,6.37,6.73,57.4,35,6.7,,82.1,71.9,,63.3,60.3,79.2,70,55,50
BLZ,Belize,2017,6.2,6.51,3.97,7.19,6.55,6.8,58.6,43.5,35,48.7,81.3,68.6,60.5,62.7,53.6,79.6,70.1,50,50
BLZ,Belize,2018,6.3,6.95,3.98,7.22,6.57,6.77,57.1,42.1,34.7,53.5,80,65.5,50,62.9,48.7,78.3,64.9,55,50
BLZ,Belize,2019,6.32,6.98,3.99,7.28,6.57,6.77,55.4,41.7,27.2,46.9,79.9,65.9,39.1,61.8,54.8,78.7,64,55,50
BLZ,Belize,2020,6.02,6.09,3.95,7.05,5.94,7.09,57.4,44.4,33.5,46.4,79.5,66.3,53.9,60.9,54.3,80.4,64.2,55,50
BLZ,Belize,2021,5.95,6.16,3.95,6.64,5.94,7.09,57.5,41.8,36.3,45.7,78.7,64.7,68.5,60,54.2,80.2,55,55,50
BLZ,Belize,2022,6,6.23,3.95,6.17,6.57,7.08,56.6,34.7,38.1,70.2,77,64.1,37.6,54,59.9,82.5,55.6,55,50
BLZ,Belize,2023,,,,,,,59.8,34.1,71,41.7,80.7,76.6,60.4,59,60.7,75.6,52.2,55,50
BLZ,Belize,2024,,,,,,,61.2,34.1,41.4,71.5,82,78.5,64.7,67.2,64.1,70.9,55.2,55,50
BLZ,Belize,2025,,,,,,,64.2,35.1,44.4,72.6,83.2,82.2,86.5,68.3,65.1,71.2,56.6,55,50
BOL,Bolivia,1970,4.15,6.39,2.15,9.34,2.99,1.3,,,,,,,,,,,,,
BOL,Bolivia,1975,4.04,6.35,2.51,6.27,5.62,1.03,,,,,,,,,,,,,
BOL,Bolivia,1980,4.2,6.16,2.45,5.35,4.77,2.38,,,,,,,,,,,,,
BOL,Bolivia,1985,3.99,7.71,3.32,0.01,4.63,4.12,,,,,,,,,,,,,
BOL,Bolivia,1990,5.47,6.91,3.35,4.9,6.44,5.46,,,,,,,,,,,,,
BOL,Bolivia,1995,6.33,6.76,3.92,8.25,7.51,5.12,56.8,50,10,,91,60.7,,55,,79.5,65.4,70,30
BOL,Bolivia,1996,,,,,,,65.2,50,30,,89.2,75.3,,55,,81.6,65.4,70,70
BOL,Bolivia,1997,,,,,,,65.1,50,30,,89.1,76.1,,55,,80.5,65.4,70,70
BOL,Bolivia,1998,,,,,,,68.8,70,34,,89.1,77.5,,55,,78.6,74.8,70,70
BOL,Bolivia,1999,,,,,,,65.6,50,21,,88.9,77.8,,55,,83.2,74.8,70,70
BOL,Bolivia,2000,6.7,7.83,3.88,9.01,7.52,5.28,65,50,28,,89,65.3,,55,,82.8,75.2,70,70
BOL,Bolivia,2001,6.55,7.28,3.79,9.36,7.39,4.89,68,50,25,,88.2,74.8,,55,,87.7,71.6,90,70
BOL,Bolivia,2002,6.64,7.32,3.77,9.62,7.54,4.95,65.1,30,27,,88.7,69.3,,55,,81.9,74.2,90,70
BOL,Bolivia,2003,6.55,6.89,3.81,9.28,7.56,5.18,64.3,30,20,,88.6,73,,55,,85.2,66.8,90,70
BOL,Bolivia,2004,6.44,6.37,3.76,9.29,7.34,5.44,64.5,30,22,,88.9,69.9,,55,,87.5,67,90,70
BOL,Bolivia,2005,6.37,6.34,3.86,9.09,7.23,5.33,58.4,30,23,,88.9,66.7,,55,47.7,84.9,67.4,50,70
BOL,Bolivia,2006,6.35,6.13,3.81,9.14,7.3,5.36,57.8,30,22,,90.4,68.1,,60.9,49.2,82.6,74.4,30,70
BOL,Bolivia,2007,6.15,6.22,3.7,8.45,7.13,5.22,54.2,30,25,,88.9,69.3,,59.9,28.6,70.9,79.2,30,60
BOL,Bolivia,2008,6.01,6.25,3.67,7.82,7.09,5.18,53.1,25,27,,87.8,68.1,,59,28.8,76.5,79,20,60
BOL,Bolivia,2009,6.14,6.21,3.69,8.43,6.97,5.37,53.6,20,29,,84.8,71.9,,58.5,41.9,67.9,81.8,20,60
BOL,Bolivia,2010,6.14,6.22,3.81,8.54,6.94,5.18,49.4,10,30,,84.3,67.5,,57.3,39.4,63.2,76.9,15,50
BOL,Bolivia,2011,5.98,6.2,3.9,7.78,6.92,5.1,50,10,27,,83.9,63.7,,57.2,41.5,68.8,77.6,20,50
BOL,Bolivia,2012,6.08,6.17,3.94,8.36,6.91,5.05,50.2,10,28,,87,62.2,,56.5,40.8,72.8,74.3,20,50
BOL,Bolivia,2013,6.09,6.15,4.02,8.36,6.84,5.06,47.9,10,28,,88.8,64.1,,55.8,30.8,67.4,74.3,10,50
BOL,Bolivia,2014,5.98,6.14,3.94,8.29,6.56,4.99,48.4,10,28.1,,87.1,62.5,,53.4,29.9,70,77.6,15,50
BOL,Bolivia,2015,5.92,6.07,4.07,8.26,6.63,4.57,46.8,10,34,,86.8,60.9,,53.7,25.5,69.7,77.6,10,40
BOL,Bolivia,2016,6.08,6.06,4.1,8.81,6.77,4.63,47.4,10,35,,86.4,55.5,,58.8,31.7,65,76.6,15,40
BOL,Bolivia,2017,6.1,6.07,4.04,8.93,6.83,4.63,47.7,25.7,32.6,15.4,86.1,49.1,81.4,58.9,35.8,66.4,76,5,40
BOL,Bolivia,2018,6.15,6.03,4.05,9.17,6.76,4.75,44.1,19,23.1,11.4,85.7,46.5,46.8,59.2,49.2,67.5,75.5,5,40
BOL,Bolivia,2019,6.15,6.02,3.9,9.38,6.76,4.71,42.3,20.5,19.7,12.3,82.4,49.3,17.6,58.8,52.9,68.8,70.4,15,40
BOL,Bolivia,2020,6.03,5.95,3.87,9.5,6.14,4.68,42.8,20.1,23.1,11.2,86.3,54.2,14.2,58.3,52.9,69.9,67.8,15,40
BOL,Bolivia,2021,6.05,5.94,3.95,9.48,6.09,4.8,42.7,18.7,25.9,11,85.3,58.4,13.4,58.4,53.4,71,61.6,15,40
BOL,Bolivia,2022,6.11,5.95,3.92,9.41,6.45,4.8,43,14.1,28.7,28.4,86,58.8,10.9,54.7,46.2,72.8,60.8,15,40
BOL,Bolivia,2023,,,,,,,43.4,21.1,28.4,27.7,87.1,60.8,7,55.1,44.9,74,60,15,40
BOL,Bolivia,2024,,,,,,,43.5,21.3,28.2,28.1,86.9,61.2,7.2,54.5,46,72.4,60.6,15,40
BOL,Bolivia,2025,,,,,,,44.1,19.9,27.3,29.4,88.8,61.8,4.4,54.8,56.5,70.6,60.6,15,40
BRA,Brazil,1970,4.43,6.03,3.71,5.89,1.64,4.27,,,,,,,,,,,,,
BRA,Brazil,1975,3.58,5.32,3.72,4.16,0.82,4.27,,,,,,,,,,,,,
BRA,Brazil,1980,3.49,6.32,3.87,1.59,1.25,4.06,,,,,,,,,,,,,
BRA,Brazil,1985,2.99,5.82,3.92,0.01,1.04,3.9,,,,,,,,,,,,,
BRA,Brazil,1990,4.19,6.5,5.33,0.01,4.68,4.42,,,,,,,,,,,,,
BRA,Brazil,1995,4.37,6.1,4.87,0.01,6.21,4.74,51.4,50,50,,76.7,74.4,,55,,0,56.4,50,50
BRA,Brazil,1996,,,,,,,48.1,50,30,,66.7,74.4,,55,,0,57,50,50
BRA,Brazil,1997,,,,,,,52.6,50,27,,88.3,80.8,,70,,0,57,50,50
BRA,Brazil,1998,,,,,,,52.3,50,30,,88.6,74.4,,70,,0,57.8,50,50
BRA,Brazil,1999,,,,,,,61.3,50,36,,88.7,79.2,,70,,71,57.4,50,50
BRA,Brazil,2000,5.72,6.1,4.69,5.74,6.65,5.45,61.1,50,40,,87.2,71.2,,70,,80.5,51,50,50
BRA,Brazil,2001,5.66,5.82,4.62,5.91,6.89,5.05,61.9,50,41,,87,71.2,,70,,81.3,57,50,50
BRA,Brazil,2002,6.22,6.42,5.37,6.98,7.36,4.98,61.5,50,39,,86.3,71.2,,70,,79.3,58,50,50
BRA,Brazil,2003,6.13,7,5.35,6.23,7.17,4.85,63.4,50,40,,90.2,82.7,,70,,78.6,59,50,50
BRA,Brazil,2004,6.3,6.89,5.28,7.17,7.24,4.9,62,50,40,,90.2,68.1,,70,,77.2,62.8,50,50
BRA,Brazil,2005,6.45,6.85,5.51,7.35,7.42,5.07,61.7,50,39,,86.2,69.9,,70,64.6,72.7,65.2,50,50
BRA,Brazil,2006,6.41,6.46,5.48,7.36,7.82,4.91,60.9,50,39,,83.8,71.7,,53.5,66.1,76.3,69,50,50
BRA,Brazil,2007,6.41,6.64,5.53,7.23,7.63,5.02,56.2,50,37,,68.6,55.5,,54.2,64.1,72.6,69.8,50,40
BRA,Brazil,2008,6.43,6.7,5.6,7.26,7.59,4.96,56.2,50,33,,68.6,55.5,,54,63.9,75.7,70.8,50,40
BRA,Brazil,2009,6.44,6.65,5.65,7.35,7.52,5.04,56.7,50,35,,65.8,50.3,,54.4,62.7,77.2,71.6,50,50
BRA,Brazil,2010,6.54,6.86,5.7,7.37,7.26,5.5,55.6,50,35,,68.4,50.3,,54.5,57.5,75.8,69.2,45,50
BRA,Brazil,2011,6.56,7.09,5.77,7.23,7.21,5.48,56.3,50,37,,69,49.6,,54.3,57.8,75.9,69.8,50,50
BRA,Brazil,2012,6.57,6.94,5.74,7.48,7.19,5.52,57.9,50,37,,69.1,54.8,,53.7,59.1,75.8,69.7,50,60
BRA,Brazil,2013,6.47,6.66,5.6,7.48,7.14,5.47,57.7,50,38,,70.3,54.8,,53,57.2,74.4,69.7,50,60
BRA,Brazil,2014,6.36,6.51,5.53,7.49,6.94,5.3,56.9,50,37.9,,68.8,54.1,,53.8,49.8,69.9,69.3,55,60
BRA,Brazil,2015,6.25,6.56,5.49,7.22,6.98,5.02,56.6,50,42,,68.4,50.9,,53.6,52.1,69.4,69.6,50,60
BRA,Brazil,2016,6.54,6.71,5.45,8.49,7.11,4.91,56.5,45,43,,69.7,55.2,,61.4,52.5,64.2,69.4,55,50
BRA,Brazil,2017,6.69,6.78,5.38,9.02,7.32,4.95,52.9,55,33.4,49.7,70.1,53.1,22.8,61.3,52.3,67,69.4,50,50
BRA,Brazil,2018,6.68,6.76,5.24,8.95,7.32,5.15,51.4,55.8,31.4,55.5,70.6,50.7,7.7,58.6,46.8,71.4,68.5,50,50
BRA,Brazil,2019,6.66,6.59,5.16,8.99,7.34,5.22,51.9,57.3,28.1,51.7,70.5,55.2,5.9,57.9,51.9,75.5,69,50,50
BRA,Brazil,2020,6.41,6.16,5.22,8.98,6.72,4.98,53.7,57.3,45.6,46.7,70.4,54.6,4.6,60.5,49.5,77.2,67.8,60,50
BRA,Brazil,2021,6.47,6.58,5.19,8.35,6.72,5.53,53.4,55,47.5,45.5,70.1,56.5,5.3,58,50.7,77.8,64.6,60,50
BRA,Brazil,2022,6.56,6.63,5.2,8.17,7.4,5.41,53.3,50.3,40,57.2,69.9,53.8,0.4,63.2,55.9,78.4,60,60,50
BRA,Brazil,2023,,,,,,,53.5,49.7,55.3,39.1,70.9,55,2.7,63.6,57,73.7,65,60,50
BRA,Brazil,2024,,,,,,,53.2,49.1,36.9,55,69.7,34.9,30.9,67,56.9,71.6,66.8,50,50
BRA,Brazil,2025,,,,,,,55.1,51.4,36.4,54.2,74.8,44.3,49.6,66.8,57.1,74.4,71.6,40,40
BRB,Barbados,1970,5.94,5.92,5.55,6.47,,6.98,,,,,,,,,,,,,
BRB,Barbados,1975,5.75,5.93,5.57,5.66,4.44,6.98,,,,,,,,,,,,,
BRB,Barbados,1980,5.76,5.86,5.75,5.17,5.16,6.67,,,,,,,,,,,,,
BRB,Barbados,1985,6.07,5.47,5.71,6.67,5.22,7.18,,,,,,,,,,,,,
BRB,Barbados,1990,6.13,6.24,5.71,6.52,5.24,6.87,,,,,,,,,,,,,
BRB,Barbados,1995,6.65,6.69,5.72,7.18,6.55,7.22,,,,,,,,,,,,,
BRB,Barbados,1996,,,,,,,62.3,50,30,,60.8,71.5,,70,,89,49,70,70
BRB,Barbados,1997,,,,,,,64.5,50,50,,60.7,73,,70,,87.5,49,70,70
BRB,Barbados,1998,,,,,,,67.9,70,50,,60.3,73,,70,,85.9,62,70,70
BRB,Barbados,1999,,,,,,,66.7,70,50,,60.3,67.9,,70,,79.6,62,70,70
BRB,Barbados,2000,6.51,6.89,4.96,6.91,6.62,7.24,69.5,70,70,,58.6,67.3,,70,,88,62,70,70
BRB,Barbados,2001,6.39,6.48,4.97,6.69,6.62,7.23,71.5,90,70,,58.8,65.3,,85,,87.4,46.8,70,70
BRB,Barbados,2002,6.4,6.39,4.97,6.8,6.68,7.23,73.6,90,70,,59,65.3,,85,,86.3,66.8,70,70
BRB,Barbados,2003,6.28,6.02,4.97,6.55,6.68,7.24,71.3,90,70,,60.4,64.7,,85,,85.1,66.8,50,70
BRB,Barbados,2004,6.37,6.43,4.97,6.54,6.66,7.27,69.4,90,70,,59.8,58.9,,85,,88.9,52,50,70
BRB,Barbados,2005,6.32,6.4,5.42,6.24,6.81,6.76,70.1,90,70,,60.6,56,,85,80,87.7,52,50,70
BRB,Barbados,2006,6.38,6.07,5.74,6.07,6.98,7.04,71.9,90,73,,67.4,58.7,,90,80,87.7,52,50,70
BRB,Barbados,2007,6.42,6.11,5.82,6.34,7.07,6.74,70,90,69,,67.4,59.8,,90,80,76.6,57,50,60
BRB,Barbados,2008,6.44,6.65,5.78,5.95,7.03,6.75,71.3,90,67,,71.3,62.2,,90,80,74,58.8,60,60
BRB,Barbados,2009,6.49,6.61,5.75,6.59,7.02,6.44,71.5,90,69,,70.9,66.3,,90,80,74.5,64.6,50,60
BRB,Barbados,2010,6.49,7,5.78,6.15,7.07,6.41,68.3,80,70,,70.1,54.6,,90,80,73.1,60.5,45,60
BRB,Barbados,2011,6.47,7.12,5.7,5.72,7.44,6.37,68.5,80,74,,70.7,48.8,,90,80,76.3,60.5,45,60
BRB,Barbados,2012,6.51,6.98,5.68,6.37,7.2,6.33,69,80,78,,71.1,40.1,,90,80,75.8,60.5,55,60
BRB,Barbados,2013,6.71,7.2,5.73,6.88,7.51,6.23,69.3,80,78,,74.5,54.2,,74.8,84.4,72.1,60.5,55,60
BRB,Barbados,2014,6.63,7.22,5.73,6.99,6.98,6.22,68.3,80,77.9,,74,49.8,,72.8,78.4,74.6,60.6,55,60
BRB,Barbados,2015,6.63,7.19,5.67,7.1,6.95,6.25,67.9,80,75,,73.8,42.1,,71.6,69.2,78.2,63.8,65,60
BRB,Barbados,2016,6.67,7.3,5.65,7.18,6.96,6.25,68.3,80,74,,75.8,37.6,,70.2,67.3,80.8,62.2,75,60
BRB,Barbados,2017,6.45,7.3,5.49,6.61,6.77,6.07,54.5,55.5,34.3,33,74,39,0,69.6,67.7,83.7,62.2,75,60
BRB,Barbados,2018,6.49,6.94,5.61,6.68,6.91,6.27,57,51.4,53.8,54.4,74,39.3,0,70.5,63.2,85,62.2,70,60
BRB,Barbados,2019,6.77,6.97,5.62,7.9,7.06,6.29,64.7,52.9,53.8,59.9,70.1,65,79.5,69.8,59.9,78.3,56.6,70,60
BRB,Barbados,2020,6.76,7.35,5.75,7.9,6.52,6.29,61.4,56.6,44,36.1,73.6,69.2,63.1,69.4,60,77.9,56.6,70,60
BRB,Barbados,2021,6.73,7.3,5.78,8.06,6.19,6.3,65,52.7,50.2,49.7,79.3,73.1,79.8,69.7,60.1,77.3,58.4,70,60
BRB,Barbados,2022,6.81,7.32,5.8,7.88,6.74,6.28,71.3,72.6,68.7,88.2,80.6,70.8,79.7,64.7,63.4,78.6,58.4,70,60
BRB,Barbados,2023,,,,,,,69.8,71.9,86.9,68.4,79.2,69.7,73.9,68.5,62.6,78.8,57.6,60,60
BRB,Barbados,2024,,,,,,,66.8,72.3,68.3,87.3,81.4,66.3,55.7,73.3,56.2,77.7,43.6,60,60
BRB,Barbados,2025,,,,,,,68.9,72.8,71.7,86.9,83.6,74.1,68.8,73.1,56.4,78.4,40.8,60,60
BRN,Brunei Darussalam,1970,,,,,,,,,,,,,,,,,,,
BRN,Brunei Darussalam,1975,,,,,,,,,,,,,,,,,,,
BRN,Brunei Darussalam,1980,,,4.52,,,,,,,,,,,,,,,,
BRN,Brunei Darussalam,1985,,,4.52,,,,,,,,,,,,,,,,
BRN,Brunei Darussalam,1990,,,4.51,,,,,,,,,,,,,,,,
BRN,Brunei Darussalam,1995,,,5.19,,,,,,,,,,,,,,,,
BRN,Brunei Darussalam,2000,,,5.43,7.15,,7.14,,,,,,,,,,,,,
BRN,Brunei Darussalam,2001,,,5.42,7.15,,7.14,,,,,,,,,,,,,
BRN,Brunei Darussalam,2002,,,5.27,7.39,,7.14,,,,,,,,,,,,,
BRN,Brunei Darussalam,2003,,,5.27,7.74,,7.14,,,,,,,,,,,,,
BRN,Brunei Darussalam,2004,,,5.26,7.65,,7.14,,,,,,,,,,,,,
BRN,Brunei Darussalam,2005,,,4.92,7.58,,7.14,,,,,,,,,,,,,
BRN,Brunei Darussalam,2006,,,5,9.29,,7.19,,,,,,,,,,,,,
BRN,Brunei Darussalam,2007,,,5.01,9.16,,7.12,,,,,,,,,,,,,
BRN,Brunei Darussalam,2008,,,5.07,8.96,,7.2,,,,,,,,,,,,,
BRN,Brunei Darussalam,2009,,,5.08,8.04,,6.91,,,,,,,,,,,,,
BRN,Brunei Darussalam,2010,6.95,5.3,5.47,8.48,8.16,7.32,,,,,,,,,,,,,
BRN,Brunei Darussalam,2011,6.98,6.14,5.49,8.07,8.13,7.06,,,,,,,,,,,,,
BRN,Brunei Darussalam,2012,7.13,6.06,5.5,8.27,8.12,7.67,,,,,,,,,,,,,
BRN,Brunei Darussalam,2013,7.05,6.28,5.26,8.39,8.11,7.19,,,,,,,,,,,,,
BRN,Brunei Darussalam,2014,6.99,5.79,5.25,9.01,7.63,7.25,69,40,53.3,,90.2,66.1,,68.2,96.5,74.2,81.8,70,50
BRN,Brunei Darussalam,2015,7.03,6.33,5.24,8.44,7.53,7.62,68.9,35,60,,87,63.6,,68.3,96.9,76.6,81.8,70,50
BRN,Brunei Darussalam,2016,7.15,6.28,5.29,8.76,7.57,7.83,67.3,30,60,,87,57.3,,71.3,90.2,76.8,85.2,65,50
BRN,Brunei Darussalam,2017,7.27,6.67,5.28,8.77,7.71,7.93,69.8,62.5,40.9,39.9,85.6,61.2,100,76.6,90.4,76.1,89.1,65,50
BRN,Brunei Darussalam,2018,7.19,6.67,5.27,8.5,7.69,7.85,64.2,56.6,45.4,57.1,85.6,57.7,20,79.9,88.9,75.1,89.1,65,50
BRN,Brunei Darussalam,2019,7.25,6.67,5.09,8.85,7.67,7.97,65.1,64,43.7,56,90.7,59.9,20,80.2,90.8,76.5,84,65,50
BRN,Brunei Darussalam,2020,7.2,6.67,5.1,8.87,7.39,7.96,66.6,69.8,49.6,56.8,89.8,61.5,20,84.1,90.5,77.1,85,65,50
BRN,Brunei Darussalam,2021,7.08,6.67,5.13,8.7,7.31,7.58,66.6,61.1,47.5,62.3,92.3,67.6,20,83.6,90.9,74.7,84.6,65,50
BRN,Brunei Darussalam,2022,6.99,6.67,5.25,8.09,7.61,7.31,64.8,67,61.1,51.6,90.8,68.1,20,72.4,75,72.3,84.6,65,50
BRN,Brunei Darussalam,2023,,,,,,,65.7,69.1,51.9,61.9,96.3,70,20,72.4,75.2,71.8,84.4,65,50
BRN,Brunei Darussalam,2024,,,,,,,65.9,68.8,59.8,52.3,95.8,73.7,20,76.5,75.2,68.9,84.8,65,50
BRN,Brunei Darussalam,2025,,,,,,,67,69.7,34.2,52.8,95,75.9,51.7,77.1,75.1,72.8,84.8,65,50
BTN,Bhutan,1970,,,5.78,,,,,,,,,,,,,,,,
BTN,Bhutan,1975,,,5.77,,,,,,,,,,,,,,,,
BTN,Bhutan,1980,,,5.82,,,,,,,,,,,,,,,,
BTN,Bhutan,1985,,,5.81,,,,,,,,,,,,,,,,
BTN,Bhutan,1990,,2.59,5.78,,,,,,,,,,,,,,,,
BTN,Bhutan,1995,,5.61,5.88,,,,,,,,,,,,,,,,
BTN,Bhutan,1996,,,,,,,,,,,,,,,,,,,
BTN,Bhutan,1997,,,,,,,,,,,,,,,,,,,
BTN,Bhutan,1998,,,,,,,,,,,,,,,,,,,
BTN,Bhutan,1999,,,,,,,,,,,,,,,,,,,
BTN,Bhutan,2000,5.79,5.03,6.3,5.95,,6.21,,,,,,,,,,,,,
BTN,Bhutan,2001,5.99,5.74,6.11,6.49,,5.86,,,,,,,,,,,,,
BTN,Bhutan,2002,6.05,5.83,6.18,6.36,,6.14,,,,,,,,,,,,,
BTN,Bhutan,2003,6.39,7.19,6.2,6.73,,5.83,,,,,,,,,,,,,
BTN,Bhutan,2004,6.08,7.27,6.22,5.21,,6.33,,,,,,,,,,,,,
BTN,Bhutan,2005,6.2,6.23,6.22,6.45,,6.28,,,,,,,,,,,,,
BTN,Bhutan,2006,6.03,5.59,6.22,6.31,,6.33,,,,,,,,,,,,,
BTN,Bhutan,2007,6.71,7.21,6.25,6.63,,7.23,,,,,,,,,,,,,
BTN,Bhutan,2008,6.19,5.71,6.21,6.1,,7.18,,,,,,,,,,,,,
BTN,Bhutan,2009,6.48,6.37,6.2,6.41,,7.35,57.7,60,50,,83.6,58.3,,61.7,85.8,75.9,42,30,30
BTN,Bhutan,2010,6.35,6.59,6.21,6.13,,6.98,57,60,52,,84.1,58.3,,60.5,85.1,73.4,52,15,30
BTN,Bhutan,2011,6.29,6.65,6.2,6.01,,6.87,57.6,60,50,,83.9,64.1,,59.8,84.7,71.8,52,20,30
BTN,Bhutan,2012,6.17,6.44,6.21,5.85,,6.73,56.6,60,57,,83.8,55.3,,59.7,78.6,72.6,49.5,20,30
BTN,Bhutan,2013,6.56,7.24,6.22,6.43,6.01,6.92,55,60,57,,82.7,38.8,,60.5,84.4,67.3,49.5,20,30
BTN,Bhutan,2014,6.59,7.46,5.9,6.35,5.95,7.34,56.7,60,58.8,,82.9,57.2,,59.4,83.6,65.8,49.4,20,30
BTN,Bhutan,2015,6.85,7.45,6.42,6.77,6.38,7.23,57.4,60,63,,82.6,60.1,,61.9,81.1,66,49.4,20,30
BTN,Bhutan,2016,6.75,7.03,6.46,6.6,6.41,7.23,59.5,60,65,,83.1,67.5,,65.2,77.6,66.9,60,20,30
BTN,Bhutan,2017,6.69,6.99,6.45,6.54,6.39,7.05,58.4,60.1,44.7,50.7,83.1,73.6,61.7,72.6,77.6,67.1,60,20,30
BTN,Bhutan,2018,6.73,7.17,6.47,6.53,6.39,7.08,61.8,60.9,50.9,51.6,83,72.2,80,72.5,75.7,70.5,74.4,20,30
BTN,Bhutan,2019,6.83,7.39,6.51,6.73,6.39,7.11,62.9,62.5,54.5,55.4,83,71.6,77.6,68.7,79.5,72.6,79.4,20,30
BTN,Bhutan,2020,6.57,6.6,6.61,6.07,6.38,7.18,62.1,69.9,51.2,46.4,82.9,71.1,74.8,68.2,79.4,71.6,79.4,20,30
BTN,Bhutan,2021,6.61,6.22,6.84,6.02,6.83,7.14,58.3,62.6,55,45.7,82.2,71.6,70.2,67.3,79.6,74.3,40.8,20,30
BTN,Bhutan,2022,6.24,6.41,6.8,4.01,6.84,7.14,59.3,67.2,73.5,60.9,82.4,71.6,72.4,62.9,57.2,72.7,40.8,20,30
BTN,Bhutan,2023,,,,,,,59,66.9,61.6,72.3,84,72.2,78.7,63,56.6,65.6,37.6,20,30
BTN,Bhutan,2024,,,,,,,55.4,67.3,71,64.2,83.6,61.8,36.5,67,56.7,69.2,37.6,20,30
BTN,Bhutan,2025,,,,,,,57.5,69.7,71.1,62.9,83.4,68.2,25.8,67.2,57.7,70.5,63,20,30
BWA,Botswana,1970,5.08,4.48,4.36,7.87,,4.53,,,,,,,,,,,,,
BWA,Botswana,1975,4.82,5.91,4.56,5.39,3.63,4.53,,,,,,,,,,,,,
BWA,Botswana,1980,4.97,5.79,4.57,5.16,4.78,4.67,,,,,,,,,,,,,
BWA,Botswana,1985,4.83,4.12,4.65,5,4.73,5.27,,,,,,,,,,,,,
BWA,Botswana,1990,5.22,5.23,4.68,5.77,5.94,4.67,,,,,,,,,,,,,
BWA,Botswana,1995,5.54,4.65,5.1,7.75,5.62,4.88,56.8,70,50,,53.7,55.1,,70,,65.9,46.2,50,50
BWA,Botswana,1996,,,,,,,61.6,70,70,,63.5,46.6,,70,,68.1,46.2,50,70
BWA,Botswana,1997,,,,,,,59.1,70,50,,75.9,46.6,,70,,74.2,25,50,70
BWA,Botswana,1998,,,,,,,62.8,70,30,,76.6,63,,70,,74.8,61,50,70
BWA,Botswana,1999,,,,,,,62.9,70,30,,80.3,59.4,,70,,75.8,61,50,70
BWA,Botswana,2000,6.31,5.13,4.81,8.5,7.08,6.08,65.8,70,61,,77.8,54.4,,70,,77.7,61,50,70
BWA,Botswana,2001,6.29,5,4.8,8.45,7.15,6.09,66.8,70,61,,80.4,61.1,,70,,77.6,61,50,70
BWA,Botswana,2002,6.28,5,4.76,8.41,7.2,6.07,66.2,70,60,,73.1,44.5,,70,,76.9,61,70,70
BWA,Botswana,2003,6.27,5.03,4.72,8.42,7.1,6.11,68.6,70,60,,69.4,46.8,,85,,78,68,70,70
BWA,Botswana,2004,6.32,5.46,4.74,8.54,6.75,6.13,69.9,70,64,,75.9,54.6,,85,,77.4,62.2,70,70
BWA,Botswana,2005,6.56,5.68,6.24,8.6,6.46,5.84,69.3,70,57,,75.6,45,,85,66.6,76.4,77.8,70,70
BWA,Botswana,2006,6.46,5.87,6.25,8.24,6.2,5.73,68.8,70,60,,73.9,50.5,,69.6,68.9,77.6,77.8,70,70
BWA,Botswana,2007,6.58,5.63,6.32,8.83,6.34,5.79,68.1,70,59,,73.9,56.2,,66.1,69.4,76.8,69.6,70,70
BWA,Botswana,2008,6.27,4.82,6.3,8.23,6.49,5.53,68.2,70,56,,76.4,61.8,,69.1,71.1,69.7,67.6,70,70
BWA,Botswana,2009,6.12,4.83,6.3,7.82,6.27,5.43,69.7,75,54,,75.1,70.6,,71.2,70,71.8,69,70,70
BWA,Botswana,2010,6.41,5.55,6.33,7.86,6.5,5.82,70.3,70,58,,74.1,67.1,,70.5,70.8,68.8,73.9,80,70
BWA,Botswana,2011,6.56,6.23,6.23,7.69,6.5,6.12,68.8,70,56,,78.4,51.5,,70.5,70,70.9,75.2,75,70
BWA,Botswana,2012,6.7,6.97,6.01,7.98,6.33,6.21,69.6,70,58,,78.3,53.7,,69.1,70.2,72.4,79.7,75,70
BWA,Botswana,2013,6.79,6.93,5.94,8.4,6.5,6.17,70.6,70,61,,79.5,65.1,,69,69.8,72,79.7,70,70
BWA,Botswana,2014,6.7,5.63,5.96,8.68,7.17,6.07,72,70,61.2,,81,69.8,,68.5,69.7,72.4,82.7,75,70
BWA,Botswana,2015,6.8,5.77,5.97,9.11,7.1,6.06,69.8,70,64,,79.5,61.9,,66.8,70,73.9,72.2,70,70
BWA,Botswana,2016,6.81,5.99,5.86,8.88,7.25,6.07,71.1,70,63,,79.1,68.4,,66.4,68.5,76.3,84,65,70
BWA,Botswana,2017,6.84,6.25,5.88,9.02,6.9,6.13,70.1,58.1,57.6,54,77.1,61.2,99.4,68.8,68.6,77.9,83.8,65,70
BWA,Botswana,2018,6.84,6.22,5.91,9,7.09,5.98,69.9,57.7,56.6,54.7,76.1,63.4,98.2,69.5,64.6,79,83.9,65,70
BWA,Botswana,2019,6.88,6.27,5.93,9.05,7.12,6.05,69.5,58.1,52.4,45.7,82.7,65.9,94.6,68.7,68.2,78.8,83.8,65,70
BWA,Botswana,2020,6.77,6.39,5.94,9.18,6.49,5.83,69.6,60.9,46.4,45.2,87,69.1,97.5,69.3,68.2,73.6,82.8,65,70
BWA,Botswana,2021,6.74,6.39,5.91,8.92,6.44,6.05,67.6,58.6,48.8,50.8,87.4,68.2,74.8,68.4,68.2,74.1,77.4,65,70
BWA,Botswana,2022,6.67,6.41,5.83,8.07,7.24,5.8,64.8,74.2,61.4,70.1,87.4,59.8,19.2,56.7,61.6,75.4,77.2,65,70
BWA,Botswana,2023,,,,,,,64.9,72.8,68.2,58.6,87.3,61.1,19.2,65.2,62.3,70.6,78.6,65,70
BWA,Botswana,2024,,,,,,,68,73.6,58.7,69.3,86.7,68.7,68.4,66,60.6,65.1,78.8,60,60
BWA,Botswana,2025,,,,,,,69.9,74.1,60.1,70.5,84.9,70.8,90.4,70.6,60.7,68.3,78.8,50,60
CAF,Central African Republic,1970,3.71,3.8,1.46,6.25,,3.15,,,,,,,,,,,,,
CAF,Central African Republic,1975,3.62,4.33,1.43,5.57,,2.15,,,,,,,,,,,,,
CAF,Central African Republic,1980,4,4.63,1.7,5.33,,4.2,,,,,,,,,,,,,
CAF,Central African Republic,1985,3.75,4.46,1.71,4.5,3.8,4.2,,,,,,,,,,,,,
CAF,Central African Republic,1990,4.27,4.54,1.74,7.09,3.64,4.64,,,,,,,,,,,,,
CAF,Central African Republic,1995,4.05,4.62,1.78,5.08,4.57,4.07,,,,,,,,,,,,,
CAF,Central African Rep,1996,,,,,,,,,,,,,,,,,,,
CAF,Central African Rep,1997,,,,,,,,,,,,,,,,,,,
CAF,Central African Rep,1998,,,,,,,,,,,,,,,,,,,
CAF,Central African Rep,1999,,,,,,,,,,,,,,,,,,,
CAF,Central African Republic,2000,4.59,5.3,2,6.88,4.46,4.38,,,,,,,,,,,,,
CAF,Central African Republic,2001,4.77,5.96,2.01,6.81,4.45,4.7,,,,,,,,,,,,,
CAF,Central African Republic,2002,4.67,5.16,2.01,7.08,4.44,4.7,59.8,50,30,,65.3,88,,55,,82,48.2,70,50
CAF,Central African Republic,2003,4.88,6.56,1.95,6.81,4.44,4.7,60,50,30,,65.4,92.7,,55,,78.7,48.2,70,50
CAF,Central African Republic,2004,4.82,5.99,1.86,7.01,4.59,4.7,57.5,30,30,,65.5,89.5,,55,,79.5,48.2,70,50
CAF,Central African Republic,2005,4.58,4.94,1.93,6.87,4.63,4.55,56.5,30,30,,65.3,92.4,,55,49.7,77.6,45,70,50
CAF,Central African Republic,2006,4.69,5.33,1.86,6.89,4.83,4.6,54.2,30,30,,58.8,95,,42.1,49.7,87.3,49.2,50,50
CAF,Central African Republic,2007,4.95,6.88,1.86,6.86,4.62,4.55,50.6,20,30,,65.6,94.4,,41.1,49.4,76.5,49.2,40,40
CAF,Central African Republic,2008,4.81,6.84,1.87,5.97,4.78,4.58,48.6,20,24,,65.5,91.6,,40.8,49.9,72.5,51.4,30,40
CAF,Central African Republic,2009,4.92,6.72,1.88,6.68,4.87,4.44,48.3,20,20,,65.4,94,,39.5,48.7,75,50.4,40,30
CAF,Central African Republic,2010,4.97,6.41,2.04,6.92,4.86,4.59,48.4,20,20,,65.5,94.1,,37.5,50.7,68.3,58.1,40,30
CAF,Central African Republic,2011,5.05,6.94,2.03,6.74,4.89,4.6,49.3,20,20,,65.4,92.8,,36.8,48.2,71.3,58.1,50,30
CAF,Central African Republic,2012,4.78,6.54,1.97,6.19,4.61,4.57,50.3,20,21,,65.2,92.9,,37.3,49.1,74.6,57.8,55,30
CAF,Central African Republic,2013,5.04,7.99,1.89,6.01,4.64,4.57,50.4,20,22,,65.1,92.4,,35.2,47.9,78.1,57.8,55,30
CAF,Central African Republic,2014,4.25,5.4,1.97,3.97,5.24,4.68,46.7,10,20.6,,65.1,92.6,,33.9,40.4,72.5,51.8,50,30
CAF,Central African Republic,2015,4.27,5.44,1.97,4.09,5.17,4.69,45.9,15,25,,65,92,,27.2,37.5,69.6,52.4,45,30
CAF,Central African Republic,2016,4.78,5.85,1.99,6.25,5.09,4.73,45.2,10,24,,65.7,93.6,,28,40.9,62.9,52.2,45,30
CAF,Central African Republic,2017,4.84,5.86,2.06,6.37,5.09,4.85,51.8,12.6,28.7,33,65.8,94.1,84.1,27.2,42.7,68.2,55.2,80,30
CAF,Central African Republic,2018,4.91,6.17,2.16,6.3,5.08,4.82,49.2,17.9,24.6,28.2,64.6,94.6,96.4,27.2,34.5,70.5,57.2,45,30
CAF,Central African Republic,2019,5.1,6.87,2.16,6.42,5.17,4.83,49.1,19.6,23.2,29.6,65.2,94.2,94.3,24.2,40.1,72.3,51,45,30
CAF,Central African Republic,2020,4.88,6.17,2.02,6.42,5.05,4.74,50.7,38.1,24.3,31.7,65.5,93.5,95.3,24.3,40.4,73.3,47.2,45,30
CAF,Central African Republic,2021,4.88,6.22,2.17,6.19,5.06,4.78,48.8,23.2,22,28.2,65.3,92.2,95.4,23.3,40.9,74.9,45.2,45,30
CAF,Central African Republic,2022,4.92,6.65,2.03,6.02,5.13,4.76,45.7,7.1,18.3,12.3,65.3,88.1,95.2,26.5,39.5,75.3,46.2,45,30
CAF,Central African Rep,2023,,,,,,,43.8,6.9,4.6,16.9,65.4,87.3,84.2,26.5,39.8,73.5,45,45,30
CAF,Central African Rep,2024,,,,,,,41.3,7.2,16.7,4.8,65.3,87,56.1,26.6,39.7,70.9,46.6,45,30
CAF,Central African Rep,2025,,,,,,,42.8,6.9,19.6,4,65.5,89.8,53.8,27.1,48.3,72.8,50.4,45,30
CAN,Canada,1970,7.86,5.38,8.23,9.49,8.68,7.41,,,,,,,,,,,,,
CAN,Canada,1975,7.68,5.87,8.36,8.6,8.41,7.09,,,,,,,,,,,,,
CAN,Canada,1980,7.88,5.77,8.59,8.86,8.6,7.53,,,,,,,,,,,,,
CAN,Canada,1985,7.97,5.52,8.6,9.46,8.7,7.49,,,,,,,,,,,,,
CAN,Canada,1990,8.06,6.02,8.58,9.46,8.79,7.45,,,,,,,,,,,,,
CAN,Canada,1995,7.99,5.91,8.55,9.72,8.14,7.6,69.4,90,90,,64.2,14.8,,85,,85.9,75.2,50,70
CAN,Canada,1996,,,,,,,70.3,90,90,,64.6,18.3,,85,,89.7,75.2,50,70
CAN,Canada,1997,,,,,,,67.9,90,89,,38.1,25.9,,85,,86.8,77,50,70
CAN,Canada,1998,,,,,,,68.5,90,90,,38.1,29.4,,85,,86.9,77,50,70
CAN,Canada,1999,,,,,,,69.3,90,91,,39.2,34.9,,85,,86.9,77,50,70
CAN,Canada,2000,8.37,6.25,8.52,9.53,9.14,8.37,70.5,90,92,,40,41.9,,85,,88.1,77.4,50,70
CAN,Canada,2001,8.21,6.6,8.47,8.69,9.13,8.1,71.2,90,92,,41.5,47.1,,85,,87.2,77.8,50,70
CAN,Canada,2002,8.22,6.72,8.33,8.72,9.11,8.2,74.6,90,92,,71.1,49.6,,85,,85.4,78.6,50,70
CAN,Canada,2003,8.26,6.73,8.41,8.74,9.18,8.2,74.8,90,89,,72.7,47.8,,85,,85,83.4,50,70
CAN,Canada,2004,8.29,6.73,8.36,8.85,9.1,8.37,75.3,90,90,,73.6,50.5,,85,,85.4,83.2,50,70
CAN,Canada,2005,8.35,6.93,8.44,9.64,8.28,8.44,75.8,90,87,,75.1,50.8,,85,82.2,84.7,82.8,50,70
CAN,Canada,2006,8.33,6.92,8.51,9.57,8.35,8.28,77.4,90,85,,75.3,53.4,,96.9,84.2,85.9,83.2,50,70
CAN,Canada,2007,8.26,6.72,8.59,9.29,8.41,8.3,78,90,84,,75.9,52.2,,96.8,82.5,80.7,88.2,60,70
CAN,Canada,2008,8.25,6.61,8.51,9.41,8.44,8.28,80.2,90,85,,75.5,53.7,,96.7,82.7,81,87,70,80
CAN,Canada,2009,8.21,6.5,8.46,9.5,8.46,8.12,80.5,90,87,,76.6,53.7,,96.5,81.9,80.8,88.2,70,80
CAN,Canada,2010,8.07,6.49,8.47,8.73,8.39,8.27,80.4,90,87,,76.7,54.1,,96.5,81.5,75.4,88.1,75,80
CAN,Canada,2011,8.02,6.66,8.39,8.63,8.19,8.23,80.8,90,87,,78,52.7,,96.4,81.7,78.8,88.1,75,80
CAN,Canada,2012,8.01,6.71,8.34,8.44,8.25,8.29,79.9,90,89,,79.2,41.7,,96.6,81.8,77.3,87.9,75,80
CAN,Canada,2013,8.08,6.85,8.34,8.59,8.26,8.36,79.4,90,87,,79.8,44.8,,91.7,82.3,75.2,88.2,75,80
CAN,Canada,2014,8.18,6.98,8.35,8.75,8.49,8.36,80.2,90,87.7,,79.7,47.3,,89.3,83.1,76.3,88.3,80,80
CAN,Canada,2015,8.2,6.51,8.31,9.42,8.44,8.31,79.1,90,81,,79.9,48.3,,89,76.1,77.9,88.4,80,80
CAN,Canada,2016,8.25,6.69,8.36,9.42,8.48,8.29,78,90,81,,80,50.4,,81.8,72.6,76.9,87,80,80
CAN,Canada,2017,8.18,6.66,8.38,9.4,8.12,8.34,78.5,88.3,81.6,80.8,77.4,52.3,80.3,81.9,73.1,77.8,88.4,80,80
CAN,Canada,2018,8.11,6.59,8.2,9.39,8.07,8.3,77.7,87.5,78.3,77.1,76.7,52.3,81.2,81.8,71.3,77.5,88.1,80,80
CAN,Canada,2019,8.07,6.39,8.21,9.43,8.12,8.19,77.7,87,84.6,69.4,76.8,51.3,83.1,81.9,73.7,77.2,86.8,80,80
CAN,Canada,2020,7.86,5.86,8.2,9.39,8.16,7.68,78.2,87.7,90.3,72.7,76.5,50.9,83.3,81.7,72,76,87,80,80
CAN,Canada,2021,7.93,6.27,8.3,8.92,8.14,8.01,77.9,84.5,87.9,73.3,76,49.8,84.2,81.4,72.4,76.1,88.8,80,80
CAN,Canada,2022,7.99,6.44,8.3,8.55,8.53,8.14,76.6,89.5,86.7,96.4,75.7,39.6,62.8,78.8,68.7,78.2,83.2,80,80
CAN,Canada,2023,,,,,,,73.7,88.5,95.1,83.1,75,35,32.2,87.9,69,74.8,83.4,80,80
CAN,Canada,2024,,,,,,,72.4,88.6,73.1,95,75.8,34.7,33.9,84.1,69.5,70.3,83.6,80,80
CAN,Canada,2025,,,,,,,75.5,89,85.4,95.6,74.8,44.6,78,84.6,69.4,71.5,83.2,60,70
CHE,Switzerland,1970,7.66,7.57,7.76,9.59,6.76,6.49,,,,,,,,,,,,,
CHE,Switzerland,1975,7.6,7.34,7.76,9.46,6.85,6.47,,,,,,,,,,,,,
CHE,Switzerland,1980,8.2,7.51,7.76,9.52,9.72,6.4,,,,,,,,,,,,,
CHE,Switzerland,1985,8.52,7.46,9.1,9.4,9.77,6.85,,,,,,,,,,,,,
CHE,Switzerland,1990,8.59,7.44,9.12,9.6,9.78,6.97,,,,,,,,,,,,,
CHE,Switzerland,1995,8.46,7.33,9.12,9.63,9.25,6.91,,,,,,,,,,,,,
CHE,Switzerland,1996,,,,,,,76.8,70,90,,78,53.4,,70,,91.6,78,90,70
CHE,Switzerland,1997,,,,,,,78.6,90,88,,77.7,54.4,,70,,86.7,80.6,70,90
CHE,Switzerland,1998,,,,,,,79,90,88,,77.4,56.2,,70,,88.5,81.6,70,90
CHE,Switzerland,1999,,,,,,,79.1,90,86,,80.4,54.4,,70,,89.7,81.6,70,90
CHE,Switzerland,2000,8.93,7.91,9.08,9.8,9.48,8.32,76.8,90,89,,80.7,28,,70,,92.2,81,70,90
CHE,Switzerland,2001,8.83,7.93,8.98,9.83,9.28,8.01,76,90,89,,80.1,22,,70,,90.2,83,70,90
CHE,Switzerland,2002,8.85,8,8.89,9.85,9.37,8.05,79.3,90,86,,80,56.7,,70,,88.1,83,70,90
CHE,Switzerland,2003,8.79,7.77,8.92,9.83,9.31,8.01,79,90,84,,80.4,55.3,,70,,88.3,83,70,90
CHE,Switzerland,2004,8.71,7.77,8.95,9.73,8.92,8.08,79.5,90,85,,80.6,55.8,,70,,89.4,85,70,90
CHE,Switzerland,2005,8.52,8.12,9.02,9.65,7.69,8.05,79.3,90,88,,73,61.1,,70,77.2,90,83.4,70,90
CHE,Switzerland,2006,8.59,8.2,9.03,9.67,7.77,8.22,78.9,90,91,,73.4,61.1,,85,77.1,89.6,82,70,70
CHE,Switzerland,2007,8.6,8.15,9.05,9.71,7.78,8.25,78,90,91,,67.9,59.8,,84.1,77,83.5,87,70,70
CHE,Switzerland,2008,8.48,7.9,8.97,9.56,7.7,8.23,79.5,90,91,,68,61.6,,83.9,79.9,83.6,87.2,70,80
CHE,Switzerland,2009,8.54,7.86,8.92,9.77,7.76,8.32,79.4,90,90,,67.5,65.3,,82.9,79.2,83.9,85.4,70,80
CHE,Switzerland,2010,8.58,7.92,8.94,9.72,7.83,8.46,81.1,90,90,,68.2,68.9,,81.2,81.8,81.3,90,80,80
CHE,Switzerland,2011,8.52,7.72,8.93,9.73,7.71,8.5,81.9,90,90,,68.4,69.3,,80.2,87.8,83.8,90,80,80
CHE,Switzerland,2012,8.47,7.71,8.88,9.65,7.74,8.34,81.1,90,87,,67.9,65.8,,77.9,87.9,84.4,90,80,80
CHE,Switzerland,2013,8.45,7.76,8.88,9.71,7.72,8.18,81,90,88,,68.1,63.8,,75.8,87.9,86.2,90,80,80
CHE,Switzerland,2014,8.51,7.78,8.92,9.7,7.91,8.22,81.6,90,88.1,,68.9,65.7,,75.4,87.4,85.2,90,85,80
CHE,Switzerland,2015,8.5,7.74,8.98,9.62,7.97,8.2,80.5,90,85,,70.3,65.1,,78.1,75.3,86.3,90,85,80
CHE,Switzerland,2016,8.53,7.72,8.96,9.74,8.01,8.2,81,90,86,,70.9,66.3,,82.2,72.1,87.8,90,85,80
CHE,Switzerland,2017,8.55,7.73,8.94,9.78,8.08,8.2,81.5,86.9,80.3,77.6,70.9,67.5,95.8,76.8,72.2,84.4,90,85,90
CHE,Switzerland,2018,8.54,7.75,8.89,9.78,8.09,8.2,81.7,84.2,82.8,82.1,70.5,65.4,95.9,75.7,73.9,85.2,90,85,90
CHE,Switzerland,2019,8.51,7.73,8.89,9.86,8.07,8,81.9,85.3,88,82,70.5,64.8,96.3,75.4,72.5,85.2,87.4,85,90
CHE,Switzerland,2020,8.41,7.54,8.95,9.82,7.89,7.83,82,87.4,90.1,81.5,70.1,65.3,96.7,74.2,72.4,84.4,86.6,85,90
CHE,Switzerland,2021,8.47,7.54,8.96,9.8,8.09,7.97,81.9,85.4,87.9,82.2,70.4,67.6,96.9,73.6,72.5,85.4,86,85,90
CHE,Switzerland,2022,8.43,7.6,8.92,9.55,8.11,7.98,84.2,95.2,92.3,98,70.1,67.2,96.3,84.3,60,84.9,86.6,85,90
CHE,Switzerland,2023,,,,,,,83.8,94.2,97.8,92.3,70.6,63.9,95.4,84.3,60.5,85.1,86.6,85,90
CHE,Switzerland,2024,,,,,,,83,94.2,91.3,98.1,70.4,64.6,95.7,89.3,60.7,80.8,86.4,85,80
CHE,Switzerland,2025,,,,,,,83.7,94.5,92.3,99.3,70.9,68,97.6,88.8,60.5,80.7,86.6,85,80
CHL,Chile,1970,4.81,5.8,6.19,5.94,2.37,4.19,,,,,,,,,,,,,
CHL,Chile,1975,3.94,6.78,3.72,0.01,5.35,4.21,,,,,,,,,,,,,
CHL,Chile,1980,5.15,6.82,3.85,2.32,8.13,5,,,,,,,,,,,,,
CHL,Chile,1985,5.47,6.49,4.03,6.52,5.27,4.95,,,,,,,,,,,,,
CHL,Chile,1990,7,7.33,6.08,7.55,7.57,6.54,,,,,,,,,,,,,
CHL,Chile,1995,7.59,7.87,6.68,8.65,8.12,6.73,71.2,90,50,,79.4,87,,85,,66.2,63,70,50
CHL,Chile,1996,,,,,,,72.6,90,50,,89.8,85.9,,85,,68,65,70,50
CHL,Chile,1997,,,,,,,75.9,90,79,,73.5,86.6,,85,,75.6,73,70,50
CHL,Chile,1998,,,,,,,74.9,90,68,,73,88.1,,85,,77.1,73,70,50
CHL,Chile,1999,,,,,,,74.1,90,61,,73,87.1,,85,,78.7,73,70,50
CHL,Chile,2000,7.68,7.29,6.59,8.91,7.86,7.76,74.7,90,68,,73.2,85.5,,85,,80.1,70.4,70,50
CHL,Chile,2001,7.75,7.28,6.7,8.48,8.88,7.38,75.1,90,69,,73.7,84.1,,85,,82.4,71.6,70,50
CHL,Chile,2002,7.82,7.27,6.74,8.65,8.94,7.49,77.8,90,74,,74,82.7,,85,,82.7,71.4,70,70
CHL,Chile,2003,7.94,7.45,6.75,8.79,9.06,7.6,76,90,75,,75,81.8,,70,,83,69,70,70
CHL,Chile,2004,7.95,7.52,6.68,9.1,8.84,7.6,76.9,90,75,,78.5,81.5,,70,,84.2,73,70,70
CHL,Chile,2005,8.05,7.56,6.86,9.42,8.7,7.69,77.8,90,74,,78.3,84.8,,70,77.3,84.4,79.2,70,70
CHL,Chile,2006,8.06,7.59,6.99,9.13,8.94,7.63,78,90,74,,78.6,87.5,,68.1,77.5,86.9,77.6,70,70
CHL,Chile,2007,8.11,7.97,7.05,8.92,9.02,7.61,77.7,90,73,,78.8,87.9,,68.2,77,79.8,82.4,70,70
CHL,Chile,2008,7.99,7.9,7.09,8.31,9.09,7.56,78.6,90,73,,78.1,88.2,,67.8,77.4,78.8,82.2,80,70
CHL,Chile,2009,8.05,7.79,7.11,9.15,8.79,7.42,78.3,90,70,,78.2,90.1,,66.3,75,77.3,85.8,80,70
CHL,Chile,2010,8.08,7.89,7.06,9.07,8.63,7.74,77.2,85,69,,77.5,89.6,,64.8,75.4,73,88,80,70
CHL,Chile,2011,8.07,7.96,7.04,8.9,8.62,7.83,77.4,85,67,,77.7,86.6,,67.2,74.5,77.9,88,80,70
CHL,Chile,2012,8.04,7.97,7.04,9.01,8.53,7.64,78.3,90,72,,77.4,82.1,,68.6,75.1,85.6,82,80,70
CHL,Chile,2013,8.04,8.01,7.03,9.04,8.52,7.61,79,90,72,,77.6,83.7,,70.5,74.2,84.6,82,85,70
CHL,Chile,2014,7.98,7.96,7.03,8.62,8.74,7.54,78.7,90,72.3,,76.5,83.8,,69.3,69.3,84.1,82,90,70
CHL,Chile,2015,8,7.93,6.98,8.96,8.61,7.5,78.5,90,71,,76.5,83.3,,69.3,67,85.6,82,90,70
CHL,Chile,2016,8.03,7.88,6.97,9.18,8.64,7.46,77.7,85,73,,74.8,83.1,,72.1,64.3,82.9,86.4,85,70
CHL,Chile,2017,8.06,7.99,6.94,9.45,8.66,7.27,76.5,68.2,70.5,63.7,77.6,82.2,96.1,72.3,64.3,82.2,86.4,85,70
CHL,Chile,2018,8.08,7.98,6.92,9.51,8.61,7.39,75.2,67.9,61.2,63.4,78,81.3,91.7,72.4,60.4,82.4,88.7,85,70
CHL,Chile,2019,8,7.74,6.86,9.49,8.6,7.29,75.4,68.7,62.3,56.3,77.3,81,89,76.6,65,84.5,88.8,85,70
CHL,Chile,2020,7.64,7.32,6.92,9.15,8.01,6.82,76.8,69.9,73.4,61.1,76.4,80.8,90.5,75,64.7,85.2,89,85,70
CHL,Chile,2021,7.52,7.15,6.86,8.88,8,6.7,75.2,70.2,74.5,68.4,72.3,80.4,90.4,75.1,62.5,85.5,83,70,70
CHL,Chile,2022,7.45,7.2,6.81,8.11,8.56,6.58,74.4,73,71.4,91.4,72.4,78.1,75.3,76.2,58,79.4,78,70,70
CHL,Chile,2023,,,,,,,71.1,72.3,88.7,71.8,73,73.5,43.8,75.7,59.4,77.4,78,70,70
CHL,Chile,2024,,,,,,,71.4,72.5,68.2,87.9,71.8,73.4,66,79.2,58.6,70.9,78,60,70
CHL,Chile,2025,,,,,,,73.2,71.3,67.9,87.8,72.5,74.4,84.2,79.5,61.3,71.8,78,60,70
CHN,China,1970,,,5.59,6.39,,1.97,,,,,,,,,,,,,
CHN,China,1975,,,5.66,7.2,,1.97,,,,,,,,,,,,,
CHN,China,1980,4.39,4.24,5.53,6.85,2.14,3.37,,,,,,,,,,,,,
CHN,China,1985,4.68,4.88,5.46,6.08,3.28,3.37,,,,,,,,,,,,,
CHN,China,1990,4.21,4.63,4.75,6.45,1.93,3.5,,,,,,,,,,,,,
CHN,China,1995,4.96,5.17,4.89,5.48,5.44,4.02,52,30,30,,70.6,93.7,,55,,68.4,20,50,50
CHN,China,1996,,,,,,,51.3,30,30,,70.7,94.6,,55,,61.5,20,50,50
CHN,China,1997,,,,,,,51.7,30,22,,70.4,95.4,,55,,62.7,30,50,50
CHN,China,1998,,,,,,,53.1,30,24,,70.5,95.9,,55,,68.2,34,50,50
CHN,China,1999,,,,,,,54.8,30,29,,70.5,95.1,,55,,75.2,38.2,50,50
CHN,China,2000,5.73,4.74,4.55,8.22,6.4,4.72,56.4,30,35,,70.4,90.3,,55,,84,42.6,50,50
CHN,China,2001,5.78,4.76,4.68,8.34,6.69,4.45,52.6,30,34,,70.4,94.1,,55,,84.1,46,30,30
CHN,China,2002,5.72,4.73,4.71,8.3,6.52,4.33,52.8,30,31,,70.3,92.3,,55,,87.6,48.6,30,30
CHN,China,2003,5.77,4.75,4.82,8.23,6.51,4.49,52.6,30,35,,66.9,90.2,,55,,85.8,50.6,30,30
CHN,China,2004,5.61,4.71,4.78,7.89,6.53,4.11,52.5,30,35,,66.4,88.4,,55,,86.4,51.4,30,30
CHN,China,2005,5.69,4.44,4.85,8.08,6.52,4.52,53.7,30,34,,67.9,86,,55,65,84.8,54.4,30,30
CHN,China,2006,5.75,4.38,4.94,7.95,6.64,4.85,53.6,30,34,,70,86,,43.1,65.2,79.4,68,30,30
CHN,China,2007,5.81,4.52,5.1,7.63,6.68,5.09,52,20,32,,66.6,87,,46.9,64.2,75.5,68,30,30
CHN,China,2008,5.76,4.55,5.14,7.57,6.69,4.87,53.1,20,33,,66.4,89.7,,50.3,64.8,76.5,70.2,30,30
CHN,China,2009,5.87,4.45,5.1,7.82,6.7,5.26,53.2,20,35,,70.6,88.9,,51.6,61.8,72.9,71.4,30,30
CHN,China,2010,5.87,4.56,5.05,7.53,6.73,5.46,51,20,36,,70.2,88.1,,49.7,53.2,70.6,72.2,20,30
CHN,China,2011,5.91,4.88,4.97,7.37,6.7,5.62,52,20,36,,70.3,87,,49.8,54.9,75.3,71.6,25,30
CHN,China,2012,5.98,4.95,4.94,7.65,6.74,5.63,51.2,20,35,,70.4,84.1,,46.4,55.4,74.2,71.6,25,30
CHN,China,2013,5.99,4.99,4.9,7.7,6.76,5.61,51.9,20,36,,70.2,83.3,,48,62.6,71.6,72,25,30
CHN,China,2014,6.05,5.02,4.89,7.96,6.79,5.56,52.5,20,35,,69.9,82.9,,49.7,61.9,73.3,71.8,30,30
CHN,China,2015,6.07,5.09,4.96,8.05,6.72,5.51,52.7,20,40,,69.7,81.5,,52.1,63,74.2,71.8,25,30
CHN,China,2016,6.07,4.99,4.94,8.25,6.69,5.49,52,20,36,,69.7,74.3,,54.2,62,70.6,72.8,30,30
CHN,China,2017,6.15,4.95,4.91,8.26,6.86,5.8,57.4,48.3,41.6,60.7,70,73,92.5,53.9,63.4,71.8,73.6,20,20
CHN,China,2018,6.18,4.99,4.91,8.25,6.93,5.81,57.8,46.7,47.3,65.4,70.4,71.6,85.9,54.9,61.4,71.4,73.2,25,20
CHN,China,2019,6.18,4.98,4.9,8.18,7.04,5.83,58.4,49.9,49.1,75.2,70.4,70.1,76,56.2,64.2,71.9,73,25,20
CHN,China,2020,6.16,4.92,4.87,8.25,6.92,5.85,59.5,60.9,46,76.3,70.4,67.9,67.5,76.8,64.4,71.1,72.4,20,20
CHN,China,2021,6.18,5.03,4.77,8.39,6.94,5.75,58.4,62.2,46.4,71.5,72.6,67.6,54.8,80.2,64.9,69.8,71.2,20,20
CHN,China,2022,6.14,4.74,4.79,8.25,7.08,5.82,48,43.7,39.3,37.4,71.2,64.2,11.1,68.8,57.2,70,73.2,20,20
CHN,China,2023,,,,,,,48.3,45.3,38.2,42,69.5,65.1,9.8,68.3,55.2,72.5,73.6,20,20
CHN,China,2024,,,,,,,48.5,46.9,41.6,39.5,69.1,65.7,8.1,68.1,57.8,71.8,73.6,20,20
CHN,China,2025,,,,,,,49,46.7,40.4,37.4,71.6,67.1,11.1,67.7,57.9,74.6,74,20,20
CIV,Côte d'Ivoire,1970,,6.31,3.83,6.81,,,,,,,,,,,,,,,
CIV,Côte d'Ivoire,1975,5.34,5.12,3.83,5.85,,5.78,,,,,,,,,,,,,
CIV,Côte d'Ivoire,1980,5.05,4.73,3.91,5.02,5.85,5.78,,,,,,,,,,,,,
CIV,Côte d'Ivoire,1985,5.77,6.06,4.07,6.53,6.23,6.09,,,,,,,,,,,,,
CIV,Côte d'Ivoire,1990,5.52,5.77,3.86,6.96,5.23,5.83,,,,,,,,,,,,,
CIV,Côte d'Ivoire,1995,4.89,5.58,3.74,4.97,6.14,4.36,53.4,50,30,,52.2,86.1,,70,,79.7,12.6,50,50
CIV,Cote Divoire,1996,,,,,,,49.9,50,30,,52.2,86.4,,55,,62.9,12.6,50,50
CIV,Cote Divoire,1997,,,,,,,50.5,30,30,,51.9,88.9,,55,,64.6,34,50,50
CIV,Cote Divoire,1998,,,,,,,51.3,30,30,,51.2,88.5,,55,,72.7,34,50,50
CIV,Cote Divoire,1999,,,,,,,51.7,30,30,,50.9,88.7,,55,,76.5,34,50,50
CIV,Côte d'Ivoire,2000,5.75,8.52,2.86,6.6,6.04,4.73,50.2,30,31,,51.8,73,,55,,76.8,34,50,50
CIV,Côte d'Ivoire,2001,5.81,8.62,2.99,6.77,6.13,4.52,54.8,30,26,,52.1,82.7,,55,,86,61,50,50
CIV,Côte d'Ivoire,2002,5.54,7.64,2.64,6.77,6.13,4.52,57.3,30,27,,52.2,85.5,,55,,85.4,61,50,70
CIV,Côte d'Ivoire,2003,5.64,8.1,2.64,6.8,6.1,4.54,56.7,30,24,,52.4,90.2,,55,,78.1,61,50,70
CIV,Côte d'Ivoire,2004,5.72,8.2,2.63,7.1,6.12,4.54,57.8,30,27,,52.2,91.7,,55,,78.4,65.8,50,70
CIV,Côte d'Ivoire,2005,5.8,8.3,3.01,6.88,6.29,4.54,56.6,30,21,,52,88.6,,55,59.9,78.4,61,50,70
CIV,Côte d'Ivoire,2006,5.61,7.02,3.18,6.94,6.28,4.61,56.2,30,20,,52.2,88.4,,46.4,60.3,80.9,63.6,50,70
CIV,Côte d'Ivoire,2007,5.7,7.21,3.1,6.98,6.26,4.93,54.9,30,19,,52.1,87.8,,48.1,59.9,78.6,63.6,40,70
CIV,Côte d'Ivoire,2008,5.43,6.77,3.11,6.01,6.33,4.92,53.9,30,21,,52.3,88.1,,47.3,60.2,80.7,59.8,40,60
CIV,Côte d'Ivoire,2009,5.65,6.8,3.1,6.44,6.38,5.47,55,30,21,,58.1,87.6,,45.8,57.8,79.1,70.4,40,60
CIV,Côte d'Ivoire,2010,5.42,6.71,3.09,6.15,6.28,4.86,54.1,30,20,,78.3,87.1,,43.7,56.1,76,64.3,35,50
CIV,Côte d'Ivoire,2011,5.39,6.67,3.17,5.84,6.35,4.93,55.4,30,21,,78.5,88.4,,43.3,55.7,80.2,72.2,35,50
CIV,Côte d'Ivoire,2012,5.42,5.66,3.56,6.5,6.31,5.06,54.3,20,22,,78.1,86.6,,42.7,56.1,81.7,70.3,35,50
CIV,Côte d'Ivoire,2013,5.64,6.04,4.23,6.54,6.31,5.08,54.1,25,22,,77.9,79.8,,43.3,54.6,77.8,70.3,40,50
CIV,Côte d'Ivoire,2014,5.81,6.1,4.45,6.84,5.63,6.04,57.7,30,22.1,,79.1,79.8,,55.1,59,80.6,71.4,50,50
CIV,Côte d'Ivoire,2015,6.04,7.1,4.41,6.83,5.74,6.11,58.5,35,27,,77.7,82.4,,65.4,46,75,71.4,55,50
CIV,Côte d'Ivoire,2016,6.13,7.04,4.41,6.95,5.7,6.53,60,30,32,,78.3,85.4,,62.2,46.9,73.5,71.8,70,50
CIV,Côte d'Ivoire,2017,6.04,6.78,4.25,6.89,5.81,6.49,63,42.6,34.3,45.8,78.4,84.6,87,62.1,50.6,73.2,72.3,75,50
CIV,Côte d'Ivoire,2018,6.09,6.72,4.45,6.95,5.81,6.53,62,39.4,36.6,44.2,76.4,84.6,80.8,62.1,47.6,73.6,73.7,75,50
CIV,Côte d'Ivoire,2019,6.07,6.48,4.6,6.94,5.79,6.54,62.4,40.9,38.1,47.8,77.5,83.9,74.3,61,52.5,74.2,73.6,75,50
CIV,Côte d'Ivoire,2020,5.88,6.1,4.6,6.8,5.63,6.3,59.7,48.5,25.5,33,77.8,82.5,66.9,62.3,49.2,75.7,69.4,75,50
CIV,Côte d'Ivoire,2021,5.87,6.24,4.59,6.6,5.6,6.32,61.7,42.8,27,34.9,77.6,90.4,84.1,60.8,48.9,74.7,73.8,75,50
CIV,Côte d'Ivoire,2022,5.89,6.17,4.68,6.51,5.79,6.32,61.6,45.4,33.8,30,79.1,89.7,73.8,61,55.9,71.3,73.6,75,50
CIV,Cote Divoire,2023,,,,,,,60.4,44.4,29.8,33.6,79,88.5,65.3,60.6,56.4,68.3,73.6,75,50
CIV,Cote Divoire,2024,,,,,,,58.4,44.1,33.3,29.7,78.9,86.7,41.1,64.6,57.1,66.3,73.6,75,50
CIV,Cote Divoire,2025,,,,,,,57.8,46.3,36.6,31.1,82.2,86.3,42.4,65.2,56.8,66.5,70,60,50
CMR,Cameroon,1970,4.16,5.02,2.64,5.84,,4.22,,,,,,,,,,,,,
CMR,Cameroon,1975,4.61,6.77,2.65,6.37,3.93,3.39,,,,,,,,,,,,,
CMR,Cameroon,1980,4.2,5.53,2.72,5.57,4.42,2.63,,,,,,,,,,,,,
CMR,Cameroon,1985,4.87,6.31,2.6,6.38,5.49,3.46,,,,,,,,,,,,,
CMR,Cameroon,1990,5,5.98,2.95,7.01,5.06,3.91,,,,,,,,,,,,,
CMR,Cameroon,1995,4.94,5.74,2.96,5.95,5.85,4.01,51.3,50,10,,51.1,89.8,,55,,80.9,25,50,50
CMR,Cameroon,1996,,,,,,,45.7,30,10,,51.3,88,,55,,72.4,25,50,30
CMR,Cameroon,1997,,,,,,,44.6,30,10,,51,88.8,,55,,61.7,25,50,30
CMR,Cameroon,1998,,,,,,,48,30,25,,50.9,92.2,,55,,70.1,29,50,30
CMR,Cameroon,1999,,,,,,,50.3,30,25,,50.9,92.2,,55,,74.6,45,50,30
CMR,Cameroon,2000,5.29,6.84,2.8,6.71,5.36,4.64,49.9,30,14,,50.6,94.1,,55,,77.5,47.8,50,30
CMR,Cameroon,2001,5.33,6.76,2.78,6.7,5.36,4.96,53.3,30,15,,50.4,89.2,,55,,78.6,61.6,50,50
CMR,Cameroon,2002,5.35,6.86,2.78,6.75,5.36,4.96,52.8,30,20,,50.4,89.2,,55,,82,48.2,50,50
CMR,Cameroon,2003,5.42,6.89,2.79,7.1,5.36,4.96,52.7,30,20,,50.2,90.9,,55,,80.4,48.2,50,50
CMR,Cameroon,2004,5.53,6.97,2.73,7.25,5.75,4.93,52.3,30,22,,50.4,89.4,,55,,75.9,48.2,50,50
CMR,Cameroon,2005,5.48,6.95,2.72,6.97,5.77,5,53,30,18,,69,92.2,,55,52,80.6,53.4,50,30
CMR,Cameroon,2006,5.48,6.94,2.81,6.58,5.93,5.16,54.6,30,21,,69.4,93,,40.3,53.3,83.9,54.8,50,50
CMR,Cameroon,2007,5.48,6.54,2.83,7.05,5.85,5.16,55.6,30,22,,69.5,92.4,,41,53.7,77.4,60,50,60
CMR,Cameroon,2008,5.43,6.71,2.74,6.52,6,5.22,54.3,30,23,,71.8,93.6,,40.3,55,72.3,57,50,50
CMR,Cameroon,2009,5.56,6.85,2.73,6.55,6.18,5.53,53,30,24,,69.6,93.6,,39.3,51.5,76,56,40,50
CMR,Cameroon,2010,5.77,7.65,2.76,6.68,6.07,5.7,52.3,30,23,,71.8,92.7,,37.2,52.2,71.9,59.7,35,50
CMR,Cameroon,2011,5.72,7.38,2.7,6.5,6.04,5.96,51.8,30,22,,66.9,89.7,,44.1,47,73.3,59.6,35,50
CMR,Cameroon,2012,5.71,7.32,2.73,6.65,6.03,5.84,51.8,30,22,,69.3,90.8,,47.1,48.1,70.9,54.9,35,50
CMR,Cameroon,2013,5.69,7.09,2.77,6.78,6,5.79,52.3,30,25,,69.3,87.1,,46.8,55.5,69.9,54.9,35,50
CMR,Cameroon,2014,5.61,6.96,2.8,6.99,5.5,5.81,52.6,30,21.9,,71.7,86,,45,56.1,69.4,61.2,35,50
CMR,Cameroon,2015,5.62,7.21,2.8,6.9,5.37,5.83,51.9,25,25,,71.7,87.8,,41.6,47.8,75.6,59.6,35,50
CMR,Cameroon,2016,5.6,6.82,2.76,7.12,5.39,5.91,54.2,25,27,,75.6,85.6,,46.9,48.9,81.2,61.6,40,50
CMR,Cameroon,2017,5.63,6.83,2.72,7.1,5.44,6.03,51.8,43.5,17.4,29.6,75.4,84.4,60.9,44.3,47.8,80.1,53.4,35,50
CMR,Cameroon,2018,5.73,7.25,2.77,7.05,5.46,6.12,51.9,40.6,23.4,29.4,73.7,86.1,72,44,42.9,82.5,53.4,25,50
CMR,Cameroon,2019,5.67,7.2,2.72,6.91,5.5,6.05,52.4,42.5,25.5,31.3,74.4,87.5,58.4,44.4,47.8,84,53.4,30,50
CMR,Cameroon,2020,5.66,7.18,2.72,6.91,5.45,6.03,53.6,45.3,20.8,30.8,74.8,88.3,63.7,46,50.1,84.1,59.6,30,50
CMR,Cameroon,2021,5.68,7.23,2.74,6.92,5.42,6.07,53.4,38.3,21,27.2,74.8,89,79.9,43.9,49.9,81.2,55.2,30,50
CMR,Cameroon,2022,5.61,7.27,2.77,6.45,5.47,6.08,52.9,39.1,19.9,10.9,74.7,90.1,78.7,60.4,46.4,79.9,55.2,30,50
CMR,Cameroon,2023,,,,,,,51.9,38.4,10.3,21.1,72.3,91.1,82.1,47.2,46.7,80.3,53.6,30,50
CMR,Cameroon,2024,,,,,,,53.6,38.8,40.7,10.4,72.5,91.4,86.4,46.8,46.2,75.9,53.6,30,50
CMR,Cameroon,2025,,,,,,,52.1,31.3,20.7,10.3,72.9,91.2,92.3,48.8,46.5,73.7,57.2,30,50
COD,"Congo, Dem. Rep.",1970,3.74,6.26,1.69,6.52,2.8,1.85,,,,,,,,,,,,,
COD,"Congo, Dem. Rep.",1975,3.22,6.97,1.49,5.62,0.65,1.74,,,,,,,,,,,,,
COD,"Congo, Dem. Rep.",1980,2.39,7.07,1.42,0.84,1.73,1.45,,,,,,,,,,,,,
COD,"Congo, Dem. Rep.",1985,3.33,7.11,1.42,1.82,4.46,1.6,,,,,,,,,,,,,
COD,"Congo, Dem. Rep.",1990,2.72,6.58,1.57,0.01,3.65,1.74,,,,,,,,,,,,,
COD,"Congo, Dem. Rep.",1995,2.96,5.29,1.6,0.01,5.82,1.81,41.4,50,10,,50.9,97.2,,55,,0,49,30,30
COD,Congo Dem Rep,1996,,,,,,,39.5,30,10,,54.7,97.2,,55,,0,49,30,30
COD,Congo Dem Rep,1997,,,,,,,39.5,30,10,,54.7,97.2,,55,,0,49,30,30
COD,Congo Dem Rep,1998,,,,,,,40.6,30,10,,54.5,97.2,,55,,10,49,30,30
COD,Congo Dem Rep,1999,,,,,,,34,10,10,,54.5,97.2,,55,,10,49,10,10
COD,"Congo, Dem. Rep.",2000,3.43,6.95,1.36,1.44,3.83,3.51,34.8,10,10,,54.6,96.4,,55,,17.9,49,10,10
COD,"Congo, Dem. Rep.",2001,3.46,6.75,1.38,2.69,3.6,2.84,,,,,,,,,,,,,
COD,"Congo, Dem. Rep.",2002,3.95,6.92,1.4,2.69,5.57,3.23,,,,,,,,,,,,,
COD,"Congo, Dem. Rep.",2003,4.34,7.51,1.49,3.9,5.67,3.19,,,,,,,,,,,,,
COD,"Congo, Dem. Rep.",2004,4.45,7.18,1.5,5.27,5.51,2.86,,,,,,,,,,,,,
COD,"Congo, Dem. Rep.",2005,4.18,7.06,1.52,3.76,5.29,3.33,,,,,,,,,,,,,
COD,"Congo, Dem. Rep.",2006,4.62,7.47,1.52,5.49,5.24,3.42,,,,,,,,,,,,,
COD,"Congo, Dem. Rep.",2007,4.62,7.16,1.54,5.47,5.41,3.59,,,,,,,,,,,,,
COD,"Congo, Dem. Rep.",2008,4.54,7.03,1.53,5.16,5.42,3.65,,,,,,,,,,,,,
COD,"Congo, Dem. Rep.",2009,4.88,6.68,1.63,6.85,5.4,3.89,42.8,10,19,,73.3,85.3,,34.3,34.5,59.5,62.2,30,20
COD,"Congo, Dem. Rep.",2010,5.09,6.84,1.91,6.35,5.64,4.72,41.4,10,17,,74,90.5,,33.5,33.4,58.7,61.7,15,20
COD,"Congo, Dem. Rep.",2011,5.1,7.33,1.92,5.96,5.64,4.64,40.7,10,19,,73.3,84.5,,37.8,37.3,46.7,63,15,20
COD,"Congo, Dem. Rep.",2012,5.25,7.59,1.92,6.45,5.64,4.64,41.1,10,20,,72.5,76.1,,38.7,39,51.2,63,20,20
COD,"Congo, Dem. Rep.",2013,5.31,7.8,1.86,6.15,5.64,5.1,39.6,10,20,,71.4,60.1,,38.7,36.3,56.5,63,20,20
COD,"Congo, Dem. Rep.",2014,5.25,7.2,1.86,6.94,5.4,4.83,40.6,10,17.6,,69.4,74.6,,30,38.5,63,63,20,20
COD,"Congo, Dem. Rep.",2015,5.3,7.21,1.81,7.61,5.38,4.48,45,10,22,,72.9,85.7,,42.8,38.4,75.1,63,20,20
COD,"Congo, Dem. Rep.",2016,5.52,7.62,1.84,7.74,5.47,4.95,46.4,10,22,,73.3,95.2,,42.8,41,78.5,61,20,20
COD,"Congo, Dem. Rep.",2017,4.77,7.87,2.39,3.76,5.55,4.26,56.4,40.6,28.6,48.7,73.4,94.7,99.3,59.9,38.4,78.6,64.6,30,20
COD,"Congo, Dem. Rep.",2018,4.81,7.85,2.34,3.46,5.56,4.86,52.1,24.1,27.3,23.9,73.2,94.8,99.1,60.2,47.8,60.3,64.6,30,20
COD,"Congo, Dem. Rep.",2019,5.23,7.72,2.37,5.5,5.56,5,50.3,25.3,26.2,30.7,73.8,93.9,96.9,53.2,41.9,49.1,62.6,30,20
COD,"Congo, Dem. Rep.",2020,5.05,7.69,2.38,4.95,5.53,4.73,49.5,30.1,13.1,26.5,74.4,95.4,98,51.2,41.6,49.6,64.6,30,20
COD,"Congo, Dem. Rep.",2021,5.21,7.57,2.51,5.43,5.51,5.03,49,23,11.5,18.2,71.3,96,99.5,53.1,40.2,61.7,63.2,30,20
COD,"Congo, Dem. Rep.",2022,5.02,5.98,2.59,5.95,5.61,4.94,47.6,14.8,11.8,13.2,74.4,95.7,97.4,28.3,54,63.7,68,30,20
COD,Congo Dem Rep,2023,,,,,,,47.9,14.4,12.9,11.8,74.4,95.2,96,31.7,54.4,65.8,68.2,30,20
COD,Congo Dem Rep,2024,,,,,,,47.6,15.1,11.3,12.6,74.2,93,93.1,32.6,55.6,65.6,68.2,30,20
COD,Congo Dem Rep,2025,,,,,,,47.3,15.6,11.7,12,74.2,92.4,97,32.8,54.4,59.4,68.2,30,20
COG,"Congo, Rep.",1970,3.62,3.27,2.44,6.57,,3.45,,,,,,,,,,,,,
COG,"Congo, Rep.",1975,3.69,2.95,2.38,6.67,,3.45,,,,,,,,,,,,,
COG,"Congo, Rep.",1980,3.2,2.21,2.3,5.4,,2.8,,,,,,,,,,,,,
COG,"Congo, Rep.",1985,3.73,2.58,2.47,6.34,,3.4,,,,,,,,,,,,,
COG,"Congo, Rep.",1990,4.52,6.16,2.7,5.95,4.17,4.05,,,,,,,,,,,,,
COG,"Congo, Rep.",1995,4.99,6.75,3.15,5.83,6.21,3.18,,,,,,,,,,,,,
COG,Congo Rep,1996,,,,,,,40.3,30,10,,49.6,54.8,,55,,50.9,52.4,30,30
COG,Congo Rep,1997,,,,,,,42.2,30,10,,54.1,59.8,,55,,58.8,52.4,30,30
COG,Congo Rep,1998,,,,,,,33.8,10,10,,54.5,67.5,,55,,62.4,25,10,10
COG,Congo Rep,1999,,,,,,,41.6,30,10,,54.5,67.3,,55,,72.8,25,30,30
COG,"Congo, Rep.",2000,4.14,4.52,2.29,4.37,5.73,3.81,40.6,30,10,,54.6,56.7,,55,,73.8,25,30,30
COG,"Congo, Rep.",2001,4.33,4.55,2.33,4.9,5.63,4.28,44.3,30,10,,54.3,89.2,,55,,74.9,25,30,30
COG,"Congo, Rep.",2002,4.17,4.5,2.33,4.29,5.61,4.14,45.3,30,10,,54.5,67.3,,55,,82.8,48.2,30,30
COG,"Congo, Rep.",2003,4.34,4.7,2.41,4.68,5.63,4.31,47.7,30,10,,58.8,80.5,,55,,86.7,48.2,30,30
COG,"Congo, Rep.",2004,4.36,4.79,2.41,4.85,5.62,4.2,45.9,30,10,,59.4,70,,55,,80.2,48.2,30,30
COG,"Congo, Rep.",2005,4.36,4.7,2.39,4.99,5.66,4.11,46.2,30,22,,60.2,62.2,,55,43.9,80.1,49,30,30
COG,"Congo, Rep.",2006,4.36,4.08,2.44,5.03,5.91,4.39,43.8,10,23,,51,73.5,,47.4,45,78.5,49.4,30,30
COG,"Congo, Rep.",2007,4.31,3.7,2.66,4.93,5.7,4.55,44.4,10,23,,59.8,75.5,,47.3,45,74.5,49.4,30,30
COG,"Congo, Rep.",2008,4.24,4.19,2.68,4.09,5.7,4.52,45.3,10,22,,60.1,83.1,,45.4,45.2,73,54.6,30,30
COG,"Congo, Rep.",2009,4.28,4.32,2.79,3.82,5.85,4.58,45.4,10,21,,60.2,77.6,,50.1,45.6,73.9,55.4,30,30
COG,"Congo, Rep.",2010,4.26,4.29,2.62,3.99,5.84,4.56,43.2,10,19,,60.3,69.3,,48.7,48.1,70.8,61,15,30
COG,"Congo, Rep.",2011,4.26,3.99,2.62,4.48,5.84,4.35,43.6,10,19,,61.8,79.7,,40.8,42.3,71.4,61,20,30
COG,"Congo, Rep.",2012,4.46,5.11,2.63,4.29,5.9,4.39,43.8,10,21,,61.3,78,,40.6,45.7,71,60.7,20,30
COG,"Congo, Rep.",2013,4.69,5.81,2.63,4.68,5.89,4.47,43.5,10,22,,61.4,80.3,,31.5,44.8,74.3,60.7,20,30
COG,"Congo, Rep.",2014,4.64,4.89,2.74,5.62,5.63,4.33,43.7,10,20.6,,67.5,79.6,,35.1,47,72,55.6,20,30
COG,"Congo, Rep.",2015,4.81,6.14,2.74,5.26,5.69,4.27,42.7,10,22,,67.4,60.7,,36.8,36,71.6,62.4,30,30
COG,"Congo, Rep.",2016,5.04,6.43,2.72,5.87,5.8,4.38,42.8,10,23,,66.9,55.8,,35.9,38.8,75.6,52,40,30
COG,"Congo, Rep.",2017,5.05,6.41,2.78,5.88,5.8,4.4,40,34.8,30.5,22.6,66.8,36.2,11.6,32.1,37.5,76.1,52.2,50,30
COG,"Congo, Rep.",2018,4.85,6.43,2.81,5,5.82,4.21,38.9,32.4,24.6,28.2,60.8,33.4,6.2,31.3,34.1,73.8,61.9,50,30
COG,"Congo, Rep.",2019,4.87,6.59,2.79,4.91,5.82,4.23,39.7,33.2,25.3,29.6,59.5,40.6,0,38.2,35.8,82.6,56.8,45,30
COG,"Congo, Rep.",2020,4.96,6.07,2.83,5.79,5.72,4.4,41.8,40.7,23.1,30,63.3,56.2,0.6,37.5,35.3,83.2,56.8,45,30
COG,"Congo, Rep.",2021,4.94,6.07,2.8,5.52,5.75,4.53,50.7,32.2,23.5,25.7,80.4,84,81.8,36.6,36.6,86.5,56.4,35,30
COG,"Congo, Rep.",2022,4.89,6.02,2.78,5.39,5.74,4.53,48.5,30.4,13.4,14.9,82.4,86,80,29.5,43.3,80.5,56.4,35,30
COG,Congo Rep,2023,,,,,,,48.1,30,14.5,13,75.5,84.7,80,32.4,43.6,81.8,56.4,35,30
COG,Congo Rep,2024,,,,,,,47.8,30,12.7,13.8,75.5,86,82.9,35.9,42.3,79.8,49.6,35,30
COG,Congo Rep,2025,,,,,,,48.6,30.8,13.2,14.9,75.5,86.2,80.4,36.9,52.5,77.7,49.6,35,30
COL,Colombia,1970,6.06,7.61,4.92,6.17,4.59,,,,,,,,,,,,,,
COL,Colombia,1975,5.26,7.14,5.33,4.64,3.43,5.44,,,,,,,,,,,,,
COL,Colombia,1980,5.12,5.81,5.29,4.58,4.29,5.44,,,,,,,,,,,,,
COL,Colombia,1985,5.57,5.8,5.16,6.41,4.88,5.44,,,,,,,,,,,,,
COL,Colombia,1990,5.35,7.41,4.79,4.44,4.9,5.11,,,,,,,,,,,,,
COL,Colombia,1995,6,7.56,5.18,5.03,7.14,5.18,64.5,50,10,,80.5,86,,85,,63.7,65,70,70
COL,Colombia,1996,,,,,,,64.3,50,10,,80.4,99.2,,70,,64.1,65,70,70
COL,Colombia,1997,,,,,,,66.4,50,34,,77.3,99.3,,70,,65.4,61,70,70
COL,Colombia,1998,,,,,,,65.5,50,27,,76.2,99.1,,70,,66.2,61,70,70
COL,Colombia,1999,,,,,,,65.3,50,22,,75.9,98.9,,70,,67.3,63.2,70,70
COL,Colombia,2000,5.96,5.94,4.54,5.91,7.03,6.4,63.3,50,22,,72.4,84.1,,70,,67.6,63.8,70,70
COL,Colombia,2001,6.13,6.07,4.55,7.19,7.01,5.83,65.6,50,29,,72.4,88,,70,,71.7,69.2,70,70
COL,Colombia,2002,6.24,6.52,4.5,7.42,6.69,6.1,64.2,30,32,,72.6,89.2,,70,,74.5,69.8,70,70
COL,Colombia,2003,6.36,6.49,4.46,7.48,6.94,6.43,64.2,30,38,,72.5,87.6,,70,,76.5,63,70,70
COL,Colombia,2004,6.4,7.2,4.5,7.46,6.63,6.2,61.2,30,36,,66.7,66.9,,70,,78.3,63,70,70
COL,Colombia,2005,6.5,7.09,4.67,7.72,6.51,6.51,59.6,30,37,,66.7,66.3,,70,62.8,78.3,64.8,50,70
COL,Colombia,2006,6.5,6.92,4.66,7.63,6.86,6.41,60.4,30,38,,66.6,68.3,,72.1,63.8,79.2,65.8,50,70
COL,Colombia,2007,6.53,6.84,4.69,7.38,7.15,6.57,59.9,30,40,,71.7,70.2,,71.8,63.5,70.3,71.4,50,60
COL,Colombia,2008,6.52,7.15,4.67,7.15,7.15,6.45,62.2,40,39,,72.8,71.2,,72.5,63.9,71.4,70.8,60,60
COL,Colombia,2009,6.54,6.94,4.68,7.58,7.07,6.4,62.3,40,38,,72.9,65.9,,77.4,66,70.6,72.4,60,60
COL,Colombia,2010,6.62,6.66,4.73,7.81,7.05,6.85,65.5,50,38,,74.3,74.8,,83.6,72.7,74,72.5,55,60
COL,Colombia,2011,6.64,6.38,4.73,7.7,7.36,7.02,68,50,37,,74.5,78.9,,86.1,79.3,75.8,73.2,65,60
COL,Colombia,2012,6.72,6.56,4.73,7.7,7.48,7.13,68,50,35,,76,74.1,,89.4,79.7,78.7,72.2,65,60
COL,Colombia,2013,6.69,6.28,4.66,7.9,7.51,7.1,69.6,50,34,,76.1,75.2,,90.2,79.3,78.7,72.2,70,70
COL,Colombia,2014,6.57,6.21,4.68,7.79,7.01,7.18,70.7,50,33.2,,80.6,74.9,,85.2,80.5,78.8,78.8,75,70
COL,Colombia,2015,6.57,6.44,4.63,7.57,6.96,7.28,71.7,50,36,,80.3,76,,81.5,81.7,80.1,81.2,80,70
COL,Colombia,2016,6.59,6.93,4.66,7.46,6.89,7.02,70.8,50,37,,80.1,74.4,,78.2,77.6,79.6,81,80,70
COL,Colombia,2017,6.63,6.7,4.82,7.81,6.76,7.05,69.7,63.8,39.6,25.2,80.1,74.2,89.8,77.1,77.9,77,81.6,80,70
COL,Colombia,2018,6.66,6.62,4.85,8.02,6.84,6.98,68.9,60.7,33.4,36.4,80.3,74.4,82.2,78.6,75.2,73.9,81.6,80,70
COL,Colombia,2019,6.72,7.02,4.88,8.05,6.78,6.9,67.3,59.2,33.5,34.3,74.3,75,79.2,71.4,78.5,75.6,76,80,70
COL,Colombia,2020,6.51,6.88,4.89,8.04,6.21,6.53,69.2,61.1,46.1,32.8,70.4,77,85.5,71.3,78,77.5,81.2,80,70
COL,Colombia,2021,6.55,6.93,4.91,7.9,6.5,6.52,68.1,59.8,49.7,36.4,69.7,69.3,78.9,71,77.7,78.1,77,80,70
COL,Colombia,2022,6.54,7.02,4.96,6.91,7.12,6.68,65.1,50.9,42,59.1,71.3,66,56.7,68.8,60.7,79.3,76.4,80,70
COL,Colombia,2023,,,,,,,63.1,44.9,58.7,41.4,69,66,38.5,72.2,61.7,78.6,75.8,80,70
COL,Colombia,2024,,,,,,,59.2,45,38.1,58.3,68.7,65.3,19.5,68.8,61.9,72.3,72.6,70,70
COL,Colombia,2025,,,,,,,59.8,45.5,40.9,58.8,67.6,64.4,48.7,68.6,61.7,69.4,72.2,60,60
COM,Comoros,1970,,2.05,,,,,,,,,,,,,,,,,
COM,Comoros,1975,,3.38,,,,,,,,,,,,,,,,,
COM,Comoros,1980,,3.38,,,,,,,,,,,,,,,,,
COM,Comoros,1985,,3.38,,,,,,,,,,,,,,,,,
COM,Comoros,1990,,3.51,,,,,,,,,,,,,,,,,
COM,Comoros,1995,,3.05,,,,,,,,,,,,,,,,,
COM,Comoros,1996,,,,,,,,,,,,,,,,,,,
COM,Comoros,1997,,,,,,,,,,,,,,,,,,,
COM,Comoros,1998,,,,,,,,,,,,,,,,,,,
COM,Comoros,1999,,,,,,,,,,,,,,,,,,,
COM,Comoros,2000,,3.45,,4.41,,4.91,,,,,,,,,,,,,
COM,Comoros,2001,,3.45,,4.18,,4.91,,,,,,,,,,,,,
COM,Comoros,2002,,3.45,,4.38,,4.91,,,,,,,,,,,,,
COM,Comoros,2003,,3.45,,4.36,,4.91,,,,,,,,,,,,,
COM,Comoros,2004,,3.45,,4.3,,4.91,,,,,,,,,,,,,
COM,Comoros,2005,,3.45,,4.63,,4.91,,,,,,,,,,,,,
COM,Comoros,2006,,3.45,,6.89,,4.91,,,,,,,,,,,,,
COM,Comoros,2007,,3.45,,6.79,,4.91,,,,,,,,,,,,,
COM,Comoros,2008,,3.45,,6.98,,4.91,,,,,,,,,,,,,
COM,Comoros,2009,,5.69,,6.54,,4.91,43.3,30,26,,64.6,88.1,,46.5,31.8,78.9,27.2,20,20
COM,Comoros,2010,,5.67,,6.52,,5.91,44.9,30,25,,65,85.1,,43.7,31.4,76.4,62.4,10,20
COM,Comoros,2011,,5.63,,6.71,,5.96,43.8,30,23,,64.8,77.8,,42.9,30.7,76.2,62.4,10,20
COM,Comoros,2012,,4.91,,6.19,,5.96,45.7,30,21,,64.9,85.3,,41.5,31.2,78.3,69.4,15,20
COM,Comoros,2013,,3.5,,6.49,,5.95,47.5,30,24,,64.7,82.4,,44.7,51.2,74.6,68.8,15,20
COM,Comoros,2014,,4.6,,6.84,,5.85,51.4,30,22.1,,64.5,85.3,,49.4,50.1,74.5,72.7,35,30
COM,Comoros,2015,,3.96,,6.78,,6.14,52.1,30,28,,64.5,78.8,,47.3,52,77.9,73,40,30
COM,Comoros,2016,,6.3,,6.8,,6.24,52.4,30,26,,64.5,81,,49.6,51,79.4,72,40,30
COM,Comoros,2017,6.65,7.31,,7.07,6.41,6.25,55.8,37.3,30,22.6,64.6,81.2,98.6,58.5,50.6,81.5,70.2,45,30
COM,Comoros,2018,6.51,6.86,,6.94,6.41,6.27,56.2,36.7,27.5,28.2,59.7,77.8,96.6,57.5,58.7,81.2,74.9,45,30
COM,Comoros,2019,5.83,6.67,3.19,6.69,6.42,6.14,55.4,36.5,24.4,29.6,63.9,73.4,91.7,57.2,60.3,82.8,70,45,30
COM,Comoros,2020,5.73,6.53,3.31,7,5.56,6.23,53.7,43.1,23.8,31.7,63.6,73.6,85,47.8,60.3,81.7,59.2,45,30
COM,Comoros,2021,5.61,6.38,3.09,6.85,5.8,5.95,55.7,34,23.6,28.2,63.5,91.6,97.3,48.5,60.4,79.7,66.2,45,30
COM,Comoros,2022,5.56,6.36,3.11,5.88,6.47,6.01,50.4,28.9,20.1,21.2,63,88.5,96.2,48.3,55.5,81.5,27,45,30
COM,Comoros,2023,,,,,,,53.5,24.5,21.8,19.5,65.4,88.5,88.5,48.6,55.6,84.9,69.6,45,30
COM,Comoros,2024,,,,,,,52,24.6,14.1,20.4,65.4,89.3,89.2,48.8,55.7,71.7,69.6,45,30
COM,Comoros,2025,,,,,,,51.4,22.9,16,20.9,65.3,89.5,86.1,49.9,55.1,71.3,64.2,45,30
CPV,Cabo Verde,1970,,,3.03,,,,,,,,,,,,,,,,
CPV,Cabo Verde,1975,,,4.22,,,,,,,,,,,,,,,,
CPV,Cabo Verde,1980,,,4.83,,,,,,,,,,,,,,,,
CPV,Cabo Verde,1985,,7.07,5.87,,,,,,,,,,,,,,,,
CPV,Cabo Verde,1990,,5.84,5.95,,,,,,,,,,,,,,,,
CPV,Cabo Verde,1995,,7.61,6.17,,,,,,,,,,,,,,,,
CPV,Cabo Verde,1996,,,,,,,49.7,70,30,,64.3,30.9,,55,,72.3,45,70,10
CPV,Cabo Verde,1997,,,,,,,47.7,70,30,,63.6,17,,55,,68.3,45,70,10
CPV,Cabo Verde,1998,,,,,,,48,70,30,,63.5,19.8,,55,,69,45,70,10
CPV,Cabo Verde,1999,,,,,,,50.7,70,30,,64.7,44.8,,55,,67.2,45,70,10
CPV,Cabo Verde,2000,5.59,5.61,6.37,4.56,,6.51,51.9,70,30,,65,52,,55,,70.1,45,70,10
CPV,Cabo Verde,2001,6.12,7.86,6.33,4.56,,6.51,56.3,70,30,,64.9,61.1,,70,,71.2,39.4,70,30
CPV,Cabo Verde,2002,5.78,5.65,6.34,5.17,,6.51,57.6,50,30,,64.5,49.6,,70,,87.2,46.8,70,50
CPV,Cabo Verde,2003,6.51,6.31,6.34,7.03,,6.51,56.1,50,30,,64.2,36.5,,85,,81.1,58.4,50,50
CPV,Cabo Verde,2004,6.6,6.78,6.35,6.97,,6.51,58.1,50,30,,64,69.7,,85,,86.4,38,50,50
CPV,Cabo Verde,2005,6.44,6.1,6.24,7.03,,6.51,57.8,50,30,,81.2,64.5,,85,56.9,87.1,23,50,50
CPV,Cabo Verde,2006,6.28,6.11,6.26,6.47,,6.53,58.6,70,30,,77.1,71,,55.7,57,89.3,36.2,50,50
CPV,Cabo Verde,2007,6.83,8.03,6.26,6.63,,6.77,56.5,70,30,,67,56.5,,55.7,56.4,88.1,41.2,50,50
CPV,Cabo Verde,2008,6.52,7.03,6.26,6.43,,6.68,57.9,70,40,,66.2,60.5,,55.3,56.7,78.7,41.2,60,50
CPV,Cabo Verde,2009,6.67,7.06,6.26,7.02,,6.53,61.3,70,49,,65.5,62.2,,57.1,46.9,76.9,65.4,60,60
CPV,Cabo Verde,2010,6.44,5.71,6.25,7.06,6.52,6.62,61.8,65,51,,65.6,65.3,,63.3,48.1,74.5,65.5,60,60
CPV,Cabo Verde,2011,6.61,6.65,6.29,6.92,6.56,6.62,64.6,65,51,,77.3,71,,64.8,50,79.2,67.6,60,60
CPV,Cabo Verde,2012,6.72,5.93,6.27,8.39,6.57,6.46,63.5,65,51,,77.3,61.8,,59,48.5,80.5,66.9,65,60
CPV,Cabo Verde,2013,6.6,5.28,6.29,8.44,6.59,6.43,63.7,70,55,,77.9,65.4,,58.9,40.3,78,66.9,65,60
CPV,Cabo Verde,2014,7.01,6.94,6.39,8.42,6.84,6.46,66.1,70,54.9,,77.4,68.6,,63.8,48,79.1,69.6,70,60
CPV,Cabo Verde,2015,7.14,7.48,6.37,8.4,6.86,6.57,66.4,75,58,,78.3,67.9,,61.8,42.1,81,69.6,70,60
CPV,Cabo Verde,2016,7.19,7.52,6.35,8.25,7,6.82,66.5,75,57,,78.1,66.9,,61.3,43.6,84.5,68.2,70,60
CPV,Cabo Verde,2017,7.26,7.67,6.29,8.36,7.09,6.91,56.9,42.6,41.8,50.2,78.3,70.7,1.2,65.5,43.2,86.7,68.2,75,60
CPV,Cabo Verde,2018,7.59,7.57,6.3,9.63,7.61,6.86,60,42.1,42.8,52,74,71.5,40.2,64.6,40.5,83.5,68.2,80,60
CPV,Cabo Verde,2019,7.47,7.53,6.32,9.67,7.01,6.82,63.1,44.1,43.7,49,76.4,71.2,59.7,65.2,55.7,84.1,68.2,80,60
CPV,Cabo Verde,2020,7.37,7.25,6.46,9.62,7.03,6.5,63.6,47.5,46.1,48,77.7,71.7,66.2,58.5,55.6,83.1,68.2,80,60
CPV,Cabo Verde,2021,7.35,7.23,6.39,9.54,6.98,6.61,63.8,44.5,48.7,47.5,77.9,70.7,69.7,60.6,55.2,83.3,68,80,60
CPV,Cabo Verde,2022,7.37,7.53,6.36,8.81,7.61,6.56,66.7,66.1,60.9,77.4,77.5,68.1,48.3,59.8,52.4,84.4,66,80,60
CPV,Cabo Verde,2023,,,,,,,65.8,65,76.7,60.8,83.2,71.7,22,67.5,51.9,82.3,68,80,60
CPV,Cabo Verde,2024,,,,,,,62.9,63.7,49.1,75.4,84.6,72.8,3.8,72.1,52,74.8,66.4,80,60
CPV,Cabo Verde,2025,,,,,,,68.7,64.6,64.4,75.1,84.4,77.8,54.7,80.2,59.6,76.5,67,60,60
CRI,Costa Rica,1970,7.03,7.45,6.11,9.24,4.58,6.44,,,,,,,,,,,,,
CRI,Costa Rica,1975,6.3,6.92,6.13,7.08,3.62,6.56,,,,,,,,,,,,,
CRI,Costa Rica,1980,5.58,6.47,6.27,7.79,1.77,5.58,,,,,,,,,,,,,
CRI,Costa Rica,1985,5.68,6.1,6.29,5.71,3.27,6.56,,,,,,,,,,,,,
CRI,Costa Rica,1990,7.04,7.77,6.32,7.91,6.05,7.1,,,,,,,,,,,,,
CRI,Costa Rica,1995,7.42,7.66,6.45,7.92,8.09,7.06,68,50,50,,82.6,90.8,,70,,70.9,78,70,50
CRI,Costa Rica,1996,,,,,,,66.4,50,50,,82.5,90.5,,70,,71.9,63,70,50
CRI,Costa Rica,1997,,,,,,,65.6,50,50,,82.7,87.9,,70,,67,63,70,50
CRI,Costa Rica,1998,,,,,,,65.6,50,50,,82.4,87,,70,,67.7,63,70,50
CRI,Costa Rica,1999,,,,,,,67.4,50,65,,83.2,85.9,,70,,70.4,63,70,50
CRI,Costa Rica,2000,7.68,7.9,6.31,8.35,8.6,7.27,68.4,50,56,,83.2,88,,70,,72.5,75.6,70,50
CRI,Costa Rica,2001,7.18,7.81,6.25,6.84,8.55,6.47,67.6,50,51,,83.2,88,,70,,74.3,71.8,70,50
CRI,Costa Rica,2002,7.17,7.61,6.19,7.08,8.58,6.43,67.5,50,54,,83.3,85.5,,70,,74.2,71,70,50
CRI,Costa Rica,2003,7.27,7.78,6.28,7.13,8.71,6.5,67,50,45,,83.2,83.6,,70,,74,77.6,70,50
CRI,Costa Rica,2004,7.09,7.91,6.28,6.99,7.87,6.42,66.4,50,45,,83,78.1,,70,,75.1,76.4,70,50
CRI,Costa Rica,2005,7.36,8.36,6.49,7.77,7.78,6.39,66.1,50,43,,83,84.7,,70,61.1,75.5,73.4,70,50
CRI,Costa Rica,2006,7.55,8.51,6.46,7.81,8.32,6.66,65.9,50,49,,83,85.2,,59.4,61.2,73.7,77.4,70,50
CRI,Costa Rica,2007,7.4,8.54,6.43,6.77,8.43,6.87,64,50,42,,83,86.4,,59,60.1,67.1,82.4,70,40
CRI,Costa Rica,2008,7.18,8.04,6.42,6.38,8.48,6.58,64.2,50,41,,82.9,87.4,,60,61.2,67.9,81.8,70,40
CRI,Costa Rica,2009,7.28,7.87,6.45,7.02,8.4,6.65,66.4,50,50,,82.8,88.4,,60.3,61.2,69.7,81.8,70,50
CRI,Costa Rica,2010,7.33,7.81,6.42,7.49,8.36,6.58,65.9,50,51,,82.4,87,,59.3,59,67.8,82.5,70,50
CRI,Costa Rica,2011,7.64,7.81,6.39,8.88,8.47,6.65,67.3,55,53,,82.3,86.9,,58.2,62.1,70.7,85.2,70,50
CRI,Costa Rica,2012,7.63,7.65,6.4,8.97,8.44,6.68,68,55,53,,82.8,90.8,,57.6,62.7,73.4,85.1,70,50
CRI,Costa Rica,2013,7.65,7.61,6.44,9.11,8.42,6.65,67,50,48,,82.9,90.1,,58.3,60.4,75.4,85.1,70,50
CRI,Costa Rica,2014,7.62,7.62,6.44,9.21,8.23,6.6,66.9,50,50.9,,80,90,,64.9,53.3,76.3,83.8,70,50
CRI,Costa Rica,2015,7.7,7.67,6.39,9.64,8.3,6.49,67.2,50,53,,80,89.9,,64.5,54.6,75.8,83.8,70,50
CRI,Costa Rica,2016,7.73,7.68,6.46,9.68,8.31,6.51,67.4,50,54,,79.4,88.7,,68.6,53.8,77.6,81.6,70,50
CRI,Costa Rica,2017,7.66,7.45,6.41,9.56,8.32,6.56,65,51.6,55.4,55.6,79.4,88.5,42.4,68.1,53.9,80.8,84.7,70,50
CRI,Costa Rica,2018,7.67,7.63,6.37,9.58,8.18,6.6,65.6,54.8,51.8,57.8,79.3,88.9,46.8,68.3,50.3,85,84.7,70,50
CRI,Costa Rica,2019,7.62,7.48,6.37,9.7,8.19,6.38,65.3,58.3,54.5,54,79.2,88.4,42.5,67.2,55.2,83.2,81.4,70,50
CRI,Costa Rica,2020,7.62,7.33,6.63,9.7,7.97,6.44,65.8,66.7,57.2,54.4,78.9,88.4,39.7,66.5,55,81.2,81.4,70,50
CRI,Costa Rica,2021,7.74,7.49,6.64,9.56,8.3,6.71,64.2,64,59,58.1,79.9,87.7,24.3,66.2,55.5,80.9,75,70,50
CRI,Costa Rica,2022,7.6,7.58,6.67,8.81,8.25,6.71,65.4,66.4,63.1,78.4,79.2,86.6,10.9,66,56.6,83.1,74.6,70,50
CRI,Costa Rica,2023,,,,,,,66.5,66,76.7,63.3,79.5,85.9,17.4,73.8,58.1,82.2,74.6,70,50
CRI,Costa Rica,2024,,,,,,,67.7,65.4,58.7,76.9,78.9,86.9,44.4,79.5,61.8,74.5,75,60,50
CRI,Costa Rica,2025,,,,,,,68.6,65.9,60.4,75.7,78.5,88.6,70.8,80.3,62.1,74.9,75.4,50,40
CUB,Cuba,1995,,,,,,,27.8,10,10,,47.6,0,,40,,62.9,60,10,10
CUB,Cuba,1996,,,,,,,27.8,10,10,,47.6,0,,40,,62.9,60,10,10
CUB,Cuba,1997,,,,,,,27.8,10,10,,47.6,0,,40,,62.9,60,10,10
CUB,Cuba,1998,,,,,,,28.2,10,10,,47.6,0,,40,,65.4,60.6,10,10
CUB,Cuba,1999,,,,,,,29.7,10,10,,47.6,10.2,,40,,69.2,60.6,10,10
CUB,Cuba,2000,,,,,,,31.3,10,10,,47.6,0,,40,,73.2,60.6,30,10
CUB,Cuba,2001,,,,,,,31.6,10,10,,46.5,0,,40,,77,60.6,30,10
CUB,Cuba,2002,,,,,,,32.4,10,10,,46.5,12.5,,40,,72,60.6,30,10
CUB,Cuba,2003,,,,,,,35.1,10,10,,50.9,18.3,,55,,68.3,63.8,30,10
CUB,Cuba,2004,,,,,,,34.4,10,10,,49.9,14.8,,55,,66.4,63.6,30,10
CUB,Cuba,2005,,,,,,,35.5,10,46,,46.7,5.9,,55,20,70.6,61.2,30,10
CUB,Cuba,2006,,,,,,,29.3,10,37,,44.2,0,,10,20,71.5,60.2,30,10
CUB,Cuba,2007,,,,,,,28.6,10,38,,51.7,10,,10,20,65.8,60.2,10,10
CUB,Cuba,2008,,,,,,,27.5,10,35,,54.8,0,,10,20,64.6,60.8,10,10
CUB,Cuba,2009,,,,,,,27.9,10,42,,45.9,0,,10,20,67,64.4,10,10
CUB,Cuba,2010,,,,,,,26.7,10,43,,45.9,0,,10,20,66.7,61.7,0,10
CUB,Cuba,2011,,,,,,,27.7,10,44,,49,0,,10,20,71.6,62.2,0,10
CUB,Cuba,2012,,,,,,,28.3,10,37,,61.5,0,,10,20,71.3,62.7,0,10
CUB,Cuba,2013,,,,,,,28.5,10,42,,62.7,0,,10,20,67.4,62.7,0,10
CUB,Cuba,2014,,,,,,,28.7,10,41.2,,60,0,,20,20,65.8,60,0,10
CUB,Cuba,2015,,,,,,,29.6,10,46,,61.8,0,,20,20,64.8,63.8,0,10
CUB,Cuba,2016,,,,,,,29.8,10,46,,52.1,0,,20,20,65.2,64.6,10,10
CUB,Cuba,2017,,,,,,,33.9,32.4,41.8,10,51.3,0,81.2,20,20,66,64.5,10,10
CUB,Cuba,2018,,,,,,,31.9,29.7,38.1,10,49,0,64.4,20,20,66.4,64.7,10,10
CUB,Cuba,2019,,,,,,,27.8,31.6,37.7,10,48.8,0,15.6,20,20,65.6,64,10,10
CUB,Cuba,2020,,,,,,,26.9,20.1,38.7,10,49.5,0,14.8,20,20,64.1,65.6,10,10
CUB,Cuba,2021,,,,,,,28.1,27.7,48.7,10,47.1,0,14.6,20,20,64.6,64.2,10,10
CUB,Cuba,2022,,,,,,,29.5,31.5,39.9,15.6,48.4,0,11.4,41.1,20,61.8,64,10,10
CUB,Cuba,2023,,,,,,,24.3,31.7,15.5,36.6,51.9,0,0,41.1,20,15.3,59.6,10,10
CUB,Cuba,2024,,,,,,,25.7,30.1,36.2,15.2,51.9,0,0,41.5,20,20.3,72.8,10,10
CUB,Cuba,2025,,,,,,,25.4,29.9,33.4,14.3,51.9,0,0,42.3,20,20,72.8,10,10
CYP,Cyprus,1970,5.79,6.76,4.19,8.05,6.26,4.8,,,,,,,,,,,,,
CYP,Cyprus,1975,5.7,6.2,4.64,6.06,6.43,5.34,,,,,,,,,,,,,
CYP,Cyprus,1980,5.69,5.99,4.73,6.3,6.45,5.19,,,,,,,,,,,,,
CYP,Cyprus,1985,5.95,5.8,4.74,6.84,6.61,5.87,,,,,,,,,,,,,
CYP,Cyprus,1990,6.19,5.77,5.53,7.03,6.38,6.23,,,,,,,,,,,,,
CYP,Cyprus,1995,6.61,6.68,6.12,7.25,6.64,6.33,,,,,,,,,,,,,
CYP,Cyprus,1996,,,,,,,67.7,50,50,,71.9,67.9,,85,,76,68.4,70,70
CYP,Cyprus,1997,,,,,,,67.9,50,50,,71.3,67.9,,85,,78.5,68.4,70,70
CYP,Cyprus,1998,,,,,,,68.2,50,50,,71.1,67.7,,85,,78.9,71.2,70,70
CYP,Cyprus,1999,,,,,,,67.8,70,50,,71.2,62.4,,85,,78.4,72.8,50,70
CYP,Cyprus,2000,6.67,6.85,6.23,6.67,7.12,6.49,67.2,70,50,,71.7,54.4,,85,,79.8,74.4,50,70
CYP,Cyprus,2001,6.74,6.77,6.41,6.96,7.12,6.49,71,90,50,,71.4,58.9,,85,,86.2,77,50,70
CYP,Cyprus,2002,7.11,7.42,6.35,8.13,7.15,6.57,73,90,70,,71.2,58.9,,85,,83.5,78.8,50,70
CYP,Cyprus,2003,7.08,7.21,6.35,8.02,7.34,6.5,73.3,90,70,,70.7,59.8,,85,,85,79.4,50,70
CYP,Cyprus,2004,7.77,7.4,6.47,9.43,8.81,6.73,74.1,90,70,,81.4,56.2,,85,,84.6,79.4,50,70
CYP,Cyprus,2005,7.74,7.63,6.58,9.22,8.51,6.78,71.9,90,61,,79,57.4,,85,70,83,73.6,50,70
CYP,Cyprus,2006,7.7,7.7,6.59,9.07,8.61,6.55,71.8,90,54,,79.1,48.3,,70,70,84.4,82.4,70,70
CYP,Cyprus,2007,7.73,7.59,6.69,8.96,8.79,6.65,71.7,90,57,,79.4,44.8,,70,70,84.7,81.6,70,70
CYP,Cyprus,2008,7.73,7.59,6.65,9.01,8.77,6.67,71.3,90,56,,78.2,43,,70,70,85,81,70,70
CYP,Cyprus,2009,7.72,7.38,6.61,9.24,8.79,6.6,70.8,90,53,,76.6,42.2,,70,70,85.7,80.8,70,70
CYP,Cyprus,2010,7.74,7.28,6.58,9.16,8.56,7.12,70.9,80,64,,72.7,44.8,,80.3,61.5,82.9,82.5,70,70
CYP,Cyprus,2011,7.7,6.99,6.56,9.18,8.52,7.24,73.3,80,66,,74.6,45.6,,80.1,71.4,87.6,82.6,75,70
CYP,Cyprus,2012,7.62,7.03,6.43,9.37,8.08,7.17,71.8,70,63,,83.3,37.1,,81.6,69.9,85.7,82.1,75,70
CYP,Cyprus,2013,7.2,7.27,6.38,7.25,7.95,7.14,69,70,63,,79.8,32.7,,80.7,62.8,84.1,81.8,75,60
CYP,Cyprus,2014,7.28,7.31,6.4,7.15,8.76,6.77,67.6,70,64,,79.7,36.2,,79.7,70.2,78.8,82.8,65,50
CYP,Cyprus,2015,7.9,7.4,6.32,9.56,8.72,7.5,67.9,70,63,,79.5,36.7,,79.5,59.6,82.7,88,70,50
CYP,Cyprus,2016,7.88,7.45,6.37,9.4,8.74,7.42,68.7,70,63,,76.1,47.3,,74.5,58.2,85.3,88,75,50
CYP,Cyprus,2017,7.89,7.49,6.42,9.29,8.81,7.45,67.9,75.4,53.6,60.7,73,48.8,72.9,75.8,58.6,83.3,87,75,50
CYP,Cyprus,2018,7.81,7.47,6.53,9.04,8.76,7.25,67.8,71.2,41.3,56.7,75.2,52.9,79.3,77,55.7,83,86.9,75,60
CYP,Cyprus,2019,7.86,7.28,6.52,9.27,8.79,7.46,68.1,73.1,43.7,48.1,74.9,55.2,80.3,76.9,59.5,84,86,75,60
CYP,Cyprus,2020,7.48,6.68,6.55,8.75,8.51,6.93,70.1,77.4,57.6,50.5,74.8,58.6,80,76.6,59.7,84.3,86.4,75,60
CYP,Cyprus,2021,7.5,6.7,6.73,8.55,8.25,7.28,71.4,78.5,65,57.9,80.2,52.1,82,76.1,60.5,85,84,75,60
CYP,Cyprus,2022,7.53,6.85,6.7,7.83,8.9,7.39,72.9,85.6,62.9,90.9,80.3,44.3,71.2,74.9,66.4,83.9,79.2,75,60
CYP,Cyprus,2023,,,,,,,72.3,83,89.7,58.8,80.8,45.8,73.3,74.9,66.5,81.5,78.6,75,60
CYP,Cyprus,2024,,,,,,,72.2,83.7,55.9,88.7,79.9,45.5,79.3,78.6,66.7,74.5,79.2,75,60
CYP,Cyprus,2025,,,,,,,73.2,83.7,57.3,89.2,79.9,51.2,85.2,78.9,61.9,76.1,79.6,75,60
CZE,Czechia,1970,,,4.56,,,2.34,,,,,,,,,,,,,
CZE,Czechia,1975,,,4.88,,,2.34,,,,,,,,,,,,,
CZE,Czechia,1980,,,5.06,,,2.34,,,,,,,,,,,,,
CZE,Czechia,1985,,,5.09,,,2.34,,,,,,,,,,,,,
CZE,Czechia,1990,,1.86,6.75,,,3.89,,,,,,,,,,,,,
CZE,Czechia,1995,6.46,5.89,7.03,6.29,8.03,5.07,67.8,70,50,,46.7,38.2,,100,,69.2,76,70,90
CZE,Czech Rep,1996,,,,,,,68.1,70,50,,47.5,38.2,,100,,72.5,75,70,90
CZE,Czech Rep,1997,,,,,,,68.8,70,50,,53.7,35.4,,100,,74.4,76,70,90
CZE,Czech Rep,1998,,,,,,,68.4,70,54,,54.7,39.3,,85,,75.9,77.4,70,90
CZE,Czech Rep,1999,,,,,,,69.7,70,52,,59.2,44.8,,85,,76.4,79.8,70,90
CZE,Czechia,2000,7.11,6.13,6.82,7.81,8.34,6.43,68.6,70,48,,58.1,49.6,,85,,75,72,70,90
CZE,Czechia,2001,7.29,6.14,6.75,8.92,8.5,6.15,70.2,70,46,,67.5,49.6,,85,,81.2,72.8,70,90
CZE,Czechia,2002,7.45,6.05,6.68,9.39,8.6,6.55,66.5,70,43,,66.8,33.7,,70,,82.2,73,70,90
CZE,Czechia,2003,7.37,5.3,6.72,9.73,8.54,6.54,67.5,70,39,,67.2,45.6,,70,,81.9,73.6,70,90
CZE,Czechia,2004,7.54,5.89,6.71,9.51,8.72,6.87,67,70,37,,67,40.9,,70,,84.6,73.4,70,90
CZE,Czechia,2005,7.51,5.84,6.76,9.57,8.29,7.09,64.6,70,39,,68.2,15.1,,70,57.7,88.9,76.8,70,90
CZE,Czechia,2006,7.54,5.9,6.76,9.45,8.48,7.12,66.4,70,42,,68.8,36.8,,57.8,60.3,85.9,82.4,70,90
CZE,Czechia,2007,7.65,6.61,6.77,9.14,8.49,7.21,67.4,70,43,,69.9,47.1,,61.1,59.7,86.3,86.6,70,80
CZE,Czechia,2008,7.56,6.51,6.91,8.76,8.45,7.19,68.1,70,48,,71.3,45.6,,64.2,66.1,80.3,86,70,80
CZE,Czechia,2009,7.6,6.21,6.91,9.38,8.45,7.04,69.4,70,52,,80.2,43,,65.1,67.8,79.7,85.8,70,80
CZE,Czechia,2010,7.69,6.47,6.88,9.4,8.2,7.52,69.8,65,52,,80.1,45.6,,65.5,76.4,75.6,87.5,70,80
CZE,Czechia,2011,7.74,6.61,6.91,9.41,8.15,7.65,70.4,65,49,,81,44.8,,69.8,77,80,87.6,70,80
CZE,Czechia,2012,7.82,6.66,7.06,9.41,8.33,7.65,69.9,70,46,,82,36.8,,67.7,77.9,81.5,87.1,70,80
CZE,Czechia,2013,7.87,6.69,7.06,9.65,8.26,7.7,70.9,70,44,,82,43.5,,65.8,85.5,81.7,86.8,70,80
CZE,Czechia,2014,7.95,6.53,7.15,9.7,8.81,7.56,72.2,70,45.3,,81.7,43.8,,70.1,84,79.4,87.8,80,80
CZE,Czechia,2015,7.96,6.42,7.23,9.67,8.77,7.71,72.5,75,48,,81.5,40.6,,68.2,82.9,81.2,88,80,80
CZE,Czechia,2016,8.01,6.7,7.25,9.65,8.78,7.69,73.2,75,51,,82.5,47.3,,66.6,77.7,84.1,88,80,80
CZE,Czechia,2017,7.98,6.7,7.23,9.4,8.85,7.7,73.3,70.3,55.9,55.9,82.9,45.3,92,67.2,77.7,85.8,87,80,80
CZE,Czechia,2018,7.98,6.68,7.27,9.41,8.8,7.72,74.2,73,51.1,57.9,82.9,48.6,96.2,72.5,76.8,85.2,86.9,80,80
CZE,Czechia,2019,7.94,6.65,7.27,9.33,8.8,7.66,73.7,74.8,52.1,47.6,82.6,52.1,97.6,72.4,78.1,81.5,86,80,80
CZE,Czechia,2020,7.71,6.19,7.32,9.21,8.56,7.3,74.8,76.8,64.2,49.9,82,52.7,97.8,69.7,77.6,80.8,86.4,80,80
CZE,Czechia,2021,7.78,6.21,7.34,9.18,8.81,7.33,73.8,76.2,64.4,56.8,79.1,51.4,98.1,68.8,77.1,79.7,84,70,80
CZE,Czechia,2022,7.65,6.46,7.4,8,8.86,7.53,74.4,88.8,59.6,81.8,78.9,44.7,93.2,80.6,56.5,79,79.2,70,80
CZE,Czech Rep,2023,,,,,,,71.9,88.5,81.9,60.3,79.3,39.5,73.5,76.9,56.1,78,78.6,70,80
CZE,Czech Rep,2024,,,,,,,70.2,89.3,60.7,83.1,79.6,36.2,58.7,77.3,58.9,68.8,79.2,70,80
CZE,Czech Rep,2025,,,,,,,72.9,89.9,62.8,92,78.9,42.2,71.5,81.4,57.9,68.9,79.6,70,80
DEU,Germany,1970,7.68,5.77,8.21,9.27,9.08,6.05,,,,,,,,,,,,,
DEU,Germany,1975,7.51,5.26,8.23,9.28,9.08,5.68,,,,,,,,,,,,,
DEU,Germany,1980,7.73,5.59,8.5,9.29,9.1,6.11,,,,,,,,,,,,,
DEU,Germany,1985,7.82,5.5,8.56,9.47,9.47,6.08,,,,,,,,,,,,,
DEU,Germany,1990,8.02,6.28,8.56,9.66,9.47,6.13,,,,,,,,,,,,,
DEU,Germany,1995,7.93,6.03,8.56,9.75,9.55,5.76,69.8,90,90,,33.2,30.6,,85,,81.6,77.8,70,70
DEU,Germany,1996,,,,,,,69.1,90,90,,44,27.1,,70,,83.5,77.8,70,70
DEU,Germany,1997,,,,,,,67.5,90,81,,37.8,28,,70,,85.6,75,70,70
DEU,Germany,1998,,,,,,,64.3,90,83,,37.8,26.8,,55,,87,79.4,70,50
DEU,Germany,1999,,,,,,,65.6,90,82,,38.3,24.1,,70,,86.6,79.4,70,50
DEU,Germany,2000,8.13,5.83,8.56,9.47,9.59,7.2,65.7,90,79,,38.6,28,,70,,88.1,78,70,50
DEU,Germany,2001,8.01,6.04,8.4,9.46,9.51,6.65,69.5,90,80,,44.7,33.7,,70,,89.4,78,90,50
DEU,Germany,2002,8.06,6.05,8.41,9.53,9.54,6.77,70.4,90,76,,53.3,36.5,,70,,88,79.6,90,50
DEU,Germany,2003,8.12,6.16,8.45,9.54,9.58,6.84,69.7,90,74,,55.7,30,,70,,86.6,81.4,90,50
DEU,Germany,2004,8.02,6.27,8.45,9.46,9.12,6.8,69.5,90,73,,56.4,29.4,,70,,87.1,79.8,90,50
DEU,Germany,2005,8.01,6.45,8.54,9.43,8.65,6.97,68.1,90,77,,58.4,28.6,,70,48.7,88.1,80.2,90,50
DEU,Germany,2006,7.95,6.51,8.49,9.28,8.77,6.68,70.8,90,82,,60.8,31.7,,89.1,44.4,87.1,82.4,90,50
DEU,Germany,2007,7.9,6.38,8.45,9.29,8.7,6.71,70.8,90,82,,61.4,33.7,,88.9,44.2,81.5,86.6,90,50
DEU,Germany,2008,7.85,6.37,8.35,9.31,8.55,6.67,70.6,90,80,,58.4,34,,89.9,46.3,81.4,86,80,60
DEU,Germany,2009,7.89,6.15,8.57,9.41,8.52,6.83,70.5,90,78,,58.5,38.2,,90.3,43.4,80.8,85.8,80,60
DEU,Germany,2010,7.93,6.19,8.47,9.37,8.38,7.26,71.1,90,79,,58.3,41.4,,89.6,39.9,79.9,87.5,85,60
DEU,Germany,2011,8.01,6.21,8.45,9.41,8.34,7.64,71.8,90,80,,58.5,42.7,,89.6,40.6,83.9,87.6,85,60
DEU,Germany,2012,7.99,6.13,8.45,9.35,8.28,7.74,71,90,79,,61.3,32.2,,90.5,41.4,83.5,87.1,85,60
DEU,Germany,2013,8.01,6.3,8.38,9.35,8.23,7.78,72.8,90,80,,61.8,37.3,,92.1,43.8,81.2,86.8,85,70
DEU,Germany,2014,8.08,6.28,8.4,9.48,8.45,7.76,73.4,90,80.1,,61.2,38.2,,89.9,46.4,80.8,87.8,90,70
DEU,Germany,2015,8.13,6.22,8.26,9.6,8.59,7.97,73.8,90,78,,60.8,40.1,,88.2,51.2,81.5,88,90,70
DEU,Germany,2016,8.09,6.2,8.23,9.34,8.65,8.02,74.4,90,79,,61.5,41.3,,90,50.6,83.3,88,90,70
DEU,Germany,2017,8.02,6.06,8.2,9.12,8.7,8.02,73.8,82.9,77.7,79.5,61.9,41.4,89.9,86.6,42.8,85.9,87,80,70
DEU,Germany,2018,7.99,6.04,8.11,9.17,8.65,7.97,74.2,81,75.3,78,61.3,41.3,90.8,86.1,53.3,86.2,86.9,80,70
DEU,Germany,2019,7.99,5.99,8.11,9.3,8.66,7.86,73.5,79.9,81.3,75.4,60.8,42.3,91.8,83.3,52.8,77.9,86,80,70
DEU,Germany,2020,7.74,5.64,8.16,8.9,8.43,7.56,73.5,80.5,82.8,74.3,60.9,42.2,92.9,82.8,53,76.7,86.4,80,70
DEU,Germany,2021,7.7,5.6,8.15,8.87,8.13,7.74,72.5,78.8,81.5,69.8,60.4,40.3,92.8,82.4,53,77.2,84,80,70
DEU,Germany,2022,7.8,5.78,8.15,8.6,8.73,7.75,76.1,95.7,89.4,95.3,59.9,34.5,90.4,87.2,52.3,79.5,79.2,80,70
DEU,Germany,2023,,,,,,,73.7,94.8,93.1,89.4,60.2,28.3,82.7,79.7,52.8,75.3,78.6,80,70
DEU,Germany,2024,,,,,,,72.1,95.3,86,93,59.3,24.1,71.9,84.2,53.7,68.8,79.2,80,70
DEU,Germany,2025,,,,,,,71.6,95.4,86,93.5,60.5,26.9,81.1,83.7,53.3,69,79.6,60,70
DJI,Djibouti,1970,,,,,,,,,,,,,,,,,,,
DJI,Djibouti,1975,,,,,,,,,,,,,,,,,,,
DJI,Djibouti,1980,,,,,,,,,,,,,,,,,,,
DJI,Djibouti,1985,,,,,,,,,,,,,,,,,,,
DJI,Djibouti,1990,,2.47,,,,,,,,,,,,,,,,,
DJI,Djibouti,1995,,2.47,,,,,,,,,,,,,,,,,
DJI,Djibouti,1996,,,,,,,,,,,,,,,,,,,
DJI,Djibouti,1997,,,,,,,54.5,50,30,,84.1,44.5,,55,,75.5,51,50,50
DJI,Djibouti,1998,,,,,,,55.9,50,30,,84.7,55.1,,55,,77.2,51,50,50
DJI,Djibouti,1999,,,,,,,57.1,50,30,,84.9,63.9,,55,,79.1,51,50,50
DJI,Djibouti,2000,,2.39,,8.74,,5.3,55.1,50,30,,86,63.3,,55,,80.2,51,50,30
DJI,Djibouti,2001,,2.39,,9.43,,5.3,58.3,50,30,,87.1,67.3,,55,,84,51,50,50
DJI,Djibouti,2002,,2.39,,9.65,,5.3,57.8,50,30,,78.8,67.3,,55,,87.8,51,50,50
DJI,Djibouti,2003,,2.39,,9.38,,5.37,55.7,30,30,,80.1,67.9,,55,,87,51,50,50
DJI,Djibouti,2004,,2.39,,9.15,,5.37,55.6,30,30,,80.5,73.5,,55,,88.7,43,50,50
DJI,Djibouti,2005,,2.39,,9.25,,5.37,55.2,30,30,,80.3,67.5,,55,59.7,86.9,43,50,50
DJI,Djibouti,2006,,5.05,,9.15,,5.37,53.2,30,30,,80.3,60,,38.3,59.9,84.8,28.6,50,70
DJI,Djibouti,2007,,3.9,,8.87,,5.37,52.4,30,30,,80.5,60,,38.3,59.3,79,36.4,50,60
DJI,Djibouti,2008,,3.74,,6.91,,5.37,51.2,30,30,,80.8,57.8,,37.7,59.6,78.3,28.2,50,60
DJI,Djibouti,2009,,2.39,,8.93,,5.37,51.3,30,29,,80.8,59.4,,38.1,57.9,76.6,31.8,50,60
DJI,Djibouti,2010,,2.39,,8.49,,6.18,51,30,30,,78.2,58.9,,35.7,55.3,70.5,31.9,60,60
DJI,Djibouti,2011,,2.39,,8.29,,6.18,54.5,30,28,,79.6,50.5,,32.9,67.7,76.6,59.6,60,60
DJI,Djibouti,2012,,2.39,,8.54,,6.18,53.9,30,32,,80.3,42.4,,30.5,61.6,77.2,59.6,65,60
DJI,Djibouti,2013,,3.54,,9.28,,6.18,53.9,30,30,,79.4,48.8,,30,59.6,76.6,59.6,65,60
DJI,Djibouti,2014,,4.44,,9.53,,6.74,55.9,30,30.9,,80.6,62.8,,42.7,65.1,77.2,54.8,65,50
DJI,Djibouti,2015,,4.23,,9.46,,6.74,57.5,25,36,,81.2,57.1,,55.4,66.6,78.9,54.8,70,50
DJI,Djibouti,2016,,5.02,,9.18,,6.86,56,25,34,,80.6,57.4,,50.8,62.9,74.3,54.6,70,50
DJI,Djibouti,2017,7.09,5.75,,9.67,6.34,6.85,46.7,12.3,32.6,10.3,80.9,39.5,13.8,51.6,59,75.3,54.9,80,50
DJI,Djibouti,2018,6.98,5.28,,9.83,6.35,6.75,45.1,19,29,13.8,69.8,27.2,18,51.7,58.9,69.5,54.9,80,50
DJI,Djibouti,2019,6.25,5.18,3.57,9.38,6.35,6.75,47.1,29.7,28.1,18.1,76.2,27.3,18.1,54.7,60.4,72.7,50.4,80,50
DJI,Djibouti,2020,6.43,5.81,3.62,9.61,6.35,6.75,52.9,58.8,25.5,31.7,75.3,53.6,10.9,62.3,60.6,76.5,49.8,80,50
DJI,Djibouti,2021,6.41,6.32,3.59,9.64,5.74,6.75,56.2,42.8,27.9,28.2,79.6,80.4,79.4,63.3,49.4,70.4,43.2,60,50
DJI,Djibouti,2022,6.23,5.88,3.64,9.11,5.76,6.75,55.3,33.1,24.5,28.3,80,83.3,92.1,48.6,50.7,69.5,43.2,60,50
DJI,Djibouti,2023,,,,,,,56.1,31.5,28.2,27,83.6,82.2,89.3,48.3,50.8,72.2,49.9,60,50
DJI,Djibouti,2024,,,,,,,55.8,31.4,26.2,27.6,83.6,83.7,89.3,49.9,50,67.5,49.8,60,50
DJI,Djibouti,2025,,,,,,,55.7,30.6,27.7,27.7,83.5,86.2,86.6,53.7,52.8,70.3,49.8,50,50
DMA,Dominica,1995,,,,,,,,,,,,,,,,,,,
DMA,Dominica,1996,,,,,,,,,,,,,,,,,,,
DMA,Dominica,1997,,,,,,,,,,,,,,,,,,,
DMA,Dominica,1998,,,,,,,,,,,,,,,,,,,
DMA,Dominica,1999,,,,,,,,,,,,,,,,,,,
DMA,Dominica,2000,,,,,,,,,,,,,,,,,,,
DMA,Dominica,2001,,,,,,,,,,,,,,,,,,,
DMA,Dominica,2002,,,,,,,,,,,,,,,,,,,
DMA,Dominica,2003,,,,,,,,,,,,,,,,,,,
DMA,Dominica,2004,,,,,,,,,,,,,,,,,,,
DMA,Dominica,2005,,,,,,,,,,,,,,,,,,,
DMA,Dominica,2006,,,,,,,,,,,,,,,,,,,
DMA,Dominica,2007,,,,,,,,,,,,,,,,,,,
DMA,Dominica,2008,,,,,,,,,,,,,,,,,,,
DMA,Dominica,2009,,,,,,,62.6,60,56,,67.4,52.2,,76.4,70,79.8,74.2,60,30
DMA,Dominica,2010,,,,,,,63.2,65,60,,67.7,49.8,,75.4,65.2,80,74.3,65,30
DMA,Dominica,2011,,,,,,,63.3,65,59,,69.5,45.8,,74.8,62.8,86.3,74.3,65,30
DMA,Dominica,2012,,,,,,,61.6,60,52,,68.8,43.8,,80.5,61.9,85,74.3,60,30
DMA,Dominica,2013,,,,,,,63.9,60,52,,72,50.1,,77,68.8,85.3,74.3,70,30
DMA,Dominica,2014,,,,,,,65.2,60,53.5,,72.9,61.7,,75,70.7,85.8,72.7,70,30
DMA,Dominica,2015,,,,,,,66.1,60,58,,73.6,61.5,,71.6,68.7,89.5,72.8,75,30
DMA,Dominica,2016,,,,,,,67,60,58,,74,68.5,,73.3,68.7,90.1,72.6,75,30
DMA,Dominica,2017,,,,,,,63.7,43.8,40.9,67.7,73.2,67.5,72.6,72.1,59,89.5,72.6,75,30
DMA,Dominica,2018,,,,,,,64.5,48.6,49.9,69.2,72.9,64.8,85.2,71.7,57.7,86.6,62.6,75,30
DMA,Dominica,2019,,,,,,,63.6,49.2,54.5,63.8,72.1,53.5,84.7,70.7,60.4,85.7,68.2,70,30
DMA,Dominica,2020,,,,,,,60.8,59.8,51.2,62.6,70.5,16,86.2,70.4,60.7,83.5,68.4,70,30
DMA,Dominica,2021,,,,,,,53,51.2,51,66.3,70,7.4,6.1,68.4,67,82.4,55.6,70,40
DMA,Dominica,2022,,,,,,,54.4,68.1,56.2,81.6,71.6,8.5,1.1,55.8,59,84.9,55.6,70,40
DMA,Dominica,2023,,,,,,,59.7,69.1,82.7,57.9,76.4,3.1,56.7,63.8,59.5,82.6,54.8,70,40
DMA,Dominica,2024,,,,,,,54,67.9,59.4,82.7,76.4,0,7.4,63.7,49.9,75.8,54.8,70,40
DMA,Dominica,2025,,,,,,,55.3,68.9,59.9,82.9,76.1,0,26.4,68,49.9,76.8,54.6,60,40
DNK,Denmark,1970,6.96,3.63,9.47,6.84,7.31,7.47,,,,,,,,,,,,,
DNK,Denmark,1975,6.78,3.36,9.47,6.19,7.45,7.36,,,,,,,,,,,,,
DNK,Denmark,1980,6.87,3.33,9.47,6.72,7.44,7.33,,,,,,,,,,,,,
DNK,Denmark,1985,7.03,4.19,9.4,6.39,7.62,7.46,,,,,,,,,,,,,
DNK,Denmark,1990,7.84,4.36,9.34,9.65,8.38,7.46,,,,,,,,,,,,,
DNK,Denmark,1995,7.78,4.22,9.29,9.76,8.18,7.47,,,,,,,,,,,,,
DNK,Denmark,1996,,,,,,,67.3,90,90,,31.5,0,,85,,91.4,77.8,70,70
DNK,Denmark,1997,,,,,,,67.5,90,93,,30.6,0,,85,,91,77.8,70,70
DNK,Denmark,1998,,,,,,,67.5,90,93,,30.6,0,,85,,90.8,77.8,70,70
DNK,Denmark,1999,,,,,,,68.1,90,99,,30.3,0,,85,,90.7,77.8,70,70
DNK,Denmark,2000,8.25,4.76,9.19,9.56,9.32,8.39,68.3,90,100,,30.5,0,,85,,91.1,77.8,70,70
DNK,Denmark,2001,8.1,4.44,9.13,9.58,9.22,8.1,68.3,90,100,,31.6,0,,85,,90.3,78,70,70
DNK,Denmark,2002,8.09,4.26,9.14,9.57,9.25,8.24,71.1,90,98,,32.2,5.9,,85,,89.6,79.6,70,90
DNK,Denmark,2003,8.2,4.7,9.19,9.64,9.27,8.18,73.2,90,95,,32.6,9.9,,100,,89.9,81.4,70,90
DNK,Denmark,2004,8.23,4.74,9.12,9.82,9.13,8.34,72.4,90,95,,33.6,8.3,,100,,85.1,79.8,70,90
DNK,Denmark,2005,8.12,4.42,9.2,9.67,8.78,8.54,75.3,90,95,,33.9,8.3,,100,99.9,85.6,80.2,70,90
DNK,Denmark,2006,8.21,4.89,9.22,9.57,8.82,8.58,75.4,90,95,,35.5,9.3,,94.6,99.9,87.2,82.4,70,90
DNK,Denmark,2007,8.2,4.91,9.22,9.45,8.85,8.57,77,90,95,,34.2,12.8,,94.8,99.9,86.8,86.6,80,90
DNK,Denmark,2008,8.07,4.8,9.15,9.12,8.75,8.54,79.2,90,95,,35,19.8,,99.9,100,86.5,86,90,90
DNK,Denmark,2009,7.96,4.45,9.04,9.23,8.67,8.41,79.6,95,94,,35.4,20.4,,99.9,99.4,86.6,85.8,90,90
DNK,Denmark,2010,7.99,4.57,9.13,9.18,8.69,8.4,77.9,90,93,,35.9,22,,97.9,93.7,79.3,87.5,90,90
DNK,Denmark,2011,8.03,4.78,9.01,9.29,8.66,8.39,78.6,90,93,,43.2,19.5,,99.7,92.1,81.4,87.6,90,90
DNK,Denmark,2012,8.03,4.79,8.99,9.46,8.6,8.33,76.2,90,93,,39.8,0,,99.1,92.1,80.7,87.1,90,90
DNK,Denmark,2013,8.12,4.82,9.04,9.74,8.59,8.43,76.1,90,94,,39.8,5.9,,98.4,91.1,80,86.8,85,90
DNK,Denmark,2014,8.17,4.79,9.04,9.75,8.83,8.45,76.1,90,93.7,,39.3,0.5,,98.1,91.2,80,87.8,90,90
DNK,Denmark,2015,8.2,4.93,9.04,9.8,8.8,8.42,76.3,95,91,,39.6,1.8,,97.4,92.1,87.6,88,90,80
DNK,Denmark,2016,8.21,5,8.98,9.81,8.82,8.45,75.3,95,92,,39.5,2.3,,95.4,86,84.4,88,90,80
DNK,Denmark,2017,8.23,5.13,8.98,9.71,8.91,8.43,75.1,86.7,84.9,68.5,37.2,5.7,95.4,93.9,85.8,85.5,87,90,80
DNK,Denmark,2018,8.25,5.28,9.02,9.66,8.87,8.43,76.6,84.8,84.1,83.6,41.4,10.6,96.7,92.5,82.8,86.4,86.9,90,80
DNK,Denmark,2019,8.3,5.32,9.02,9.78,8.87,8.48,76.7,86.2,85.8,77.8,42,14.4,96.7,90.7,86.4,84.1,86,90,80
DNK,Denmark,2020,8.15,5.09,9.07,9.76,8.64,8.21,78.3,86.3,93,84.6,42,19.7,97.7,88.7,86.2,84.6,86.4,90,80
DNK,Denmark,2021,8.1,5.27,9.08,9.6,8.34,8.23,77.8,86.7,93.4,86.9,43.7,23.1,98.2,88.8,73.8,84.5,84,90,80
DNK,Denmark,2022,8.02,5.34,9.1,8.78,8.94,7.94,78,98.6,99.5,89.6,42.3,21.1,96.2,89,64.4,85.7,79.2,90,80
DNK,Denmark,2023,,,,,,,77.6,97.5,88.5,100,42.1,20.9,97.3,89,64.8,82.4,78.6,90,80
DNK,Denmark,2024,,,,,,,77.8,98.6,97.4,89.6,41.8,26.8,98.2,92.7,64.9,74.3,79.2,90,80
DNK,Denmark,2025,,,,,,,79.1,99.3,98,90.5,45,33.6,98.2,93,64.9,76.6,79.6,90,80
DOM,Dominican Republic,1970,4.38,6.78,2.34,6.89,2.3,3.95,,,,,,,,,,,,,
DOM,Dominican Republic,1975,3.87,5.71,2.37,5.22,1.93,4.05,,,,,,,,,,,,,
DOM,Dominican Republic,1980,4.79,7.11,3.81,7.43,2.19,3.91,,,,,,,,,,,,,
DOM,Dominican Republic,1985,4.6,6.94,3.77,3.93,4.29,4.18,,,,,,,,,,,,,
DOM,Dominican Republic,1990,3.93,7.01,3.62,2.24,2.12,4.47,,,,,,,,,,,,,
DOM,Dominican Republic,1995,5.54,8.51,4.16,4.3,5.67,5.09,55.8,30,30,,84.3,95.3,,55,,76.2,31,50,50
DOM,Dominican Rep,1996,,,,,,,58.1,30,30,,85.4,89.3,,55,,78,55,50,50
DOM,Dominican Rep,1997,,,,,,,53.5,30,30,,85.7,89.6,,55,,74.2,17,50,50
DOM,Dominican Rep,1998,,,,,,,58.1,30,30,,85.7,91.8,,55,,77.8,52.2,50,50
DOM,Dominican Rep,1999,,,,,,,58.1,30,30,,85.8,91.2,,55,,77.1,54.2,50,50
DOM,Dominican Republic,2000,6.56,9.21,4.2,6.08,6.47,6.85,59,30,30,,85.3,93.3,,55,,79.9,57.8,50,50
DOM,Dominican Republic,2001,6.68,8.84,4.18,7.06,6.82,6.52,59.1,30,30,,85.3,93.3,,55,,79.2,59.4,50,50
DOM,Dominican Republic,2002,6.76,8.46,4.38,7.55,6.92,6.45,58.6,30,30,,85.3,93.3,,55,,73.1,60.8,50,50
DOM,Dominican Republic,2003,6.05,8.11,4.32,4.27,7.19,6.35,57.8,30,31,,85.3,93.5,,55,,71.7,53.4,50,50
DOM,Dominican Republic,2004,5.81,8.46,4.2,3.23,7.1,6.07,54.6,30,35,,85,92.8,,55,,69.1,44.4,50,30
DOM,Dominican Republic,2005,6.48,8.91,4.53,5.56,7.37,6.06,55.1,30,33,,84.9,89.7,,55,56.9,56.5,64.8,50,30
DOM,Dominican Republic,2006,6.5,8.59,4.6,5.19,7.91,6.2,56.3,30,29,,85.4,90.1,,57,54.5,49.3,67.4,50,50
DOM,Dominican Republic,2007,6.57,8.76,4.6,5.21,8.11,6.17,56.8,30,30,,79.7,90.2,,56.7,54.2,63.2,73.8,50,40
DOM,Dominican Republic,2008,6.54,8.55,4.62,5.45,8.02,6.1,57.7,30,28,,80.4,88.8,,62.6,54.9,69.3,73,50,40
DOM,Dominican Republic,2009,7.12,9.02,4.6,8.1,7.92,5.97,59.2,30,30,,85.2,91.1,,63.7,55.1,74.1,73,50,40
DOM,Dominican Republic,2010,7.26,8.85,4.51,8.82,8.05,6.08,60.3,30,30,,85.3,90.2,,62.4,59.6,70.8,80,55,40
DOM,Dominican Republic,2011,7.23,8.9,4.53,8.56,8.05,6.12,60,30,30,,85.3,89.1,,56.4,57.1,77.1,79.8,55,40
DOM,Dominican Republic,2012,7.19,8.36,4.56,9.11,8,5.92,60.2,30,30,,85.8,91.4,,55.5,58.7,75.1,80.1,55,40
DOM,Dominican Republic,2013,7.29,8.73,4.64,9.04,7.95,6.08,59.7,30,26,,83.7,92.6,,53.7,55.6,72.9,77.8,65,40
DOM,Dominican Republic,2014,7.38,8.75,4.66,9.25,8.15,6.1,61.3,30,27.3,,83.7,92.3,,56.1,55.2,75.7,77.8,75,40
DOM,Dominican Republic,2015,7.42,8.82,4.57,9.42,8.19,6.09,61,30,29,,84.1,87.1,,53.5,57.5,76,77.8,75,40
DOM,Dominican Republic,2016,7.38,8.83,4.5,9.42,8.14,6.02,61,25,32,,84.5,90.2,,56.6,56.5,73.1,77.2,75,40
DOM,Dominican Republic,2017,7.33,8.68,4.55,9.29,8.15,5.99,62.9,56.1,30.9,25.3,84.6,90.2,90.1,52.8,56.2,76.7,77,75,40
DOM,Dominican Republic,2018,7.41,8.81,4.74,9.29,8.25,5.98,61.6,51.7,26.2,23.1,84.6,90.6,90.5,53.2,54.3,77.1,72.4,75,40
DOM,Dominican Republic,2019,7.45,8.79,4.73,9.46,8.25,6.01,61,50.6,23.2,18.1,84.6,90.3,89.9,51.9,57.6,79.7,75.8,70,40
DOM,Dominican Republic,2020,7.21,8.54,4.94,9.09,7.53,5.96,60.9,55.8,31.2,18.2,84.5,90.5,82.4,50.3,57.5,73.5,76.6,70,40
DOM,Dominican Republic,2021,7.21,8.69,5.1,8.56,7.54,6.19,62.1,51.2,34.6,28.8,84.6,91.7,84.4,56.4,58.7,75.3,69.4,70,40
DOM,Dominican Republic,2022,7.32,8.68,5.16,8.42,8.16,6.17,63,54,30.8,55.9,84.6,89.9,66.8,68.1,52.9,73.5,69,70,40
DOM,Dominican Rep,2023,,,,,,,62.6,55.1,56.6,33.2,84.9,89.1,61.9,72.1,53,68.8,67,70,40
DOM,Dominican Rep,2024,,,,,,,62.9,55.5,35.9,58.6,84.4,88.3,57.6,75.5,53.3,66.9,68.4,70,40
DOM,Dominican Rep,2025,,,,,,,64.3,56.3,38.5,58.2,84.6,89.5,77,75.6,53.1,69.4,68.8,60,40
DZA,Algeria,1970,4.61,6.89,3.43,6.44,,3.44,,,,,,,,,,,,,
DZA,Algeria,1975,4.1,6.73,3.44,4.75,,3.44,,,,,,,,,,,,,
DZA,Algeria,1980,3.87,5.09,3.3,5.18,2.09,3.44,,,,,,,,,,,,,
DZA,Algeria,1985,3.62,3.06,3.31,6.31,1.55,3.43,,,,,,,,,,,,,
DZA,Algeria,1990,3.61,5.6,3.69,4.36,1.61,3.22,,,,,,,,,,,,,
DZA,Algeria,1995,3.96,5.97,3.72,5.26,1.67,3.46,55.7,50,50,,48.8,69.5,,70,,59.2,54.2,50,50
DZA,Algeria,1996,,,,,,,54.5,50,50,,48.8,60.7,,70,,57,54.2,50,50
DZA,Algeria,1997,,,,,,,54.9,50,50,,48.8,65.5,,70,,56,54.2,50,50
DZA,Algeria,1998,,,,,,,55.8,50,50,,48.6,69.3,,70,,60.1,54.2,50,50
DZA,Algeria,1999,,,,,,,57.2,50,50,,48.7,72.8,,70,,69,54.2,50,50
DZA,Algeria,2000,4.88,4.93,3.11,6.94,5.14,4.37,56.8,50,50,,64.7,63.3,,70,,74,39.6,50,50
DZA,Algeria,2001,4.8,4.8,3.14,6.37,4.99,4.8,57.3,30,50,,64.6,63.3,,70,,78.2,59.6,50,50
DZA,Algeria,2002,4.84,4.49,3.14,6.66,5.2,4.8,61,30,50,,65,71.2,,70,,82.8,60,70,50
DZA,Algeria,2003,4.96,4.72,3.13,6.74,5.36,4.98,57.7,30,50,,65.2,74.9,,70,,78.9,50.4,70,30
DZA,Algeria,2004,4.98,4.58,3.13,6.68,5.57,5.02,58.1,30,50,,74.1,62.4,,70,,81.1,55,70,30
DZA,Algeria,2005,5.37,4.24,4.11,7.58,5.88,5.09,53.2,30,26,,73.9,61.8,,70,55.9,80.1,54.4,50,30
DZA,Algeria,2006,5.31,4.09,4.06,7.44,5.93,5.04,55.7,30,27,,73.9,74.4,,74.8,57.4,78.8,61,50,30
DZA,Algeria,2007,5.26,3.96,3.87,7.47,6.05,4.96,55.4,30,28,,73.8,74.2,,73.7,57.6,80.7,66,50,20
DZA,Algeria,2008,5.08,3.5,3.78,7.39,5.79,4.89,56.2,30,31,,77,74.6,,73.6,57,80.2,68.8,40,30
DZA,Algeria,2009,5,3.54,3.85,6.67,6,4.93,56.6,30,30,,77.2,74.1,,72.5,55.5,78.6,68.6,50,30
DZA,Algeria,2010,4.99,4.06,3.76,6.82,5.69,4.64,56.9,30,32,,83.5,73.4,,71.2,56.4,77.2,70.7,45,30
DZA,Algeria,2011,4.82,3.35,3.6,6.63,5.71,4.8,52.4,30,28,,83.5,62.4,,69.4,52.9,75.4,72.8,20,30
DZA,Algeria,2012,4.7,3.27,3.78,6.3,5.27,4.86,51,30,29,,82.9,47.9,,66.3,54.4,76.3,72.8,20,30
DZA,Algeria,2013,4.94,4.15,3.9,6.88,4.83,4.92,49.6,30,29,,80.4,44.1,,65.2,52.6,76.6,67.8,20,30
DZA,Algeria,2014,4.85,3.9,3.86,7.07,4.5,4.95,50.8,30,28.7,,80.5,51,,66.3,48.3,67.8,60.8,45,30
DZA,Algeria,2015,4.68,3.67,3.87,6.98,3.98,4.88,48.9,30,36,,80,38.7,,66.6,50.5,71.2,60.8,25,30
DZA,Algeria,2016,4.96,4.43,3.9,7.51,4.04,4.93,50.1,25,36,,81,59.4,,62.1,48.2,68.1,60.8,30,30
DZA,Algeria,2017,4.72,4.48,3.88,7.67,2.67,4.88,46.5,38.2,31.7,29.6,81.1,51,19.8,62.1,49.5,67,63.3,35,30
DZA,Algeria,2018,4.8,4.77,3.94,7.63,2.67,4.98,44.7,27.8,29,35.2,74,45.9,19.2,68.1,48.7,69.9,63.5,25,30
DZA,Algeria,2019,4.74,4.35,3.84,8,2.67,4.85,46.2,31.6,28.9,36.2,76.4,48.7,18.7,61.6,49.9,74.9,67.4,30,30
DZA,Algeria,2020,4.92,4.32,3.84,7.85,3.76,4.8,46.9,37.9,28.3,35,75.4,52.6,17.3,63,50.5,76.2,66.2,30,30
DZA,Algeria,2021,4.77,4.44,3.82,6.94,4.01,4.63,49.7,34,32.7,41.6,67.2,55.4,49.1,63.5,51.3,84.3,57.4,30,30
DZA,Algeria,2022,4.46,4.45,3.82,6.37,3.14,4.51,45.8,27.9,30.1,29.7,67.2,57.1,38.6,50,51.5,80.1,57.4,30,30
DZA,Algeria,2023,,,,,,,43.2,27.8,29.5,28.4,71.9,50.7,12.1,53.6,51.4,75.1,57.5,30,30
DZA,Algeria,2024,,,,,,,43.9,27.5,27.7,28.9,79.4,54.7,13.8,54.4,51.4,71.9,57.4,30,30
DZA,Algeria,2025,,,,,,,47.5,27.6,29.5,29.8,80.3,64.4,58.1,59.1,52.4,70.9,57.4,20,20
ECU,Ecuador,1970,4.74,7.88,3.84,6.69,2.41,3.07,,,,,,,,,,,,,
ECU,Ecuador,1975,5.12,6.61,4.52,7.42,3.94,3.01,,,,,,,,,,,,,
ECU,Ecuador,1980,5.64,6.59,5.17,8.23,3.83,4.25,,,,,,,,,,,,,
ECU,Ecuador,1985,4.72,6.17,5.12,7.01,2.06,3.69,,,,,,,,,,,,,
ECU,Ecuador,1990,5.53,8.19,4.67,5.78,4.9,4.16,,,,,,,,,,,,,
ECU,Ecuador,1995,6.44,8.4,4.61,7.01,6.61,5.57,57.7,50,10,,81.8,94.9,,55,,46.3,61,70,50
ECU,Ecuador,1996,,,,,,,60.1,50,30,,79,92.5,,55,,53,61,70,50
ECU,Ecuador,1997,,,,,,,61,50,30,,78.2,91,,55,,57.7,67,70,50
ECU,Ecuador,1998,,,,,,,62.8,50,32,,86.9,90.9,,55,,63.8,67,70,50
ECU,Ecuador,1999,,,,,,,62.9,50,32,,87,91.4,,55,,61.3,69,70,50
ECU,Ecuador,2000,5.95,8.54,4.25,5.41,7.09,4.49,59.8,50,23,,86.6,78.1,,55,,58.3,67,70,50
ECU,Ecuador,2001,5.74,8.59,4.05,4.54,7.13,4.45,55.1,30,24,,90.8,85.5,,55,,51.9,59,70,30
ECU,Ecuador,2002,6.11,8.54,4.15,5.21,7.24,5.48,53.1,30,26,,86.7,84.1,,55,,33.4,62.4,70,30
ECU,Ecuador,2003,5.98,8.6,4,4.71,7.33,5.32,54.1,30,23,,86.3,85.7,,55,,43.8,62.8,50,50
ECU,Ecuador,2004,5.73,8.47,3.91,3.64,7.48,5.2,54.4,30,22,,85.4,76.8,,55,,57.6,62.4,50,50
ECU,Ecuador,2005,5.93,8.42,4.24,4.2,7.45,5.4,52.9,30,22,,85,84.5,,55,39.8,68.3,64,30,50
ECU,Ecuador,2006,6,8.41,4.21,4.54,7.52,5.37,54.6,30,24,,86.2,84.5,,58.2,39.7,76.1,67,30,50
ECU,Ecuador,2007,6.02,7.98,4.22,4.85,7.67,5.4,55.3,30,25,,86.5,81.7,,58.8,39.8,74.5,67,30,60
ECU,Ecuador,2008,5.78,7.78,4.26,4.16,7.37,5.38,55.2,30,23,,86.4,82.3,,58.7,40.3,74.1,67.6,40,50
ECU,Ecuador,2009,5.99,7.22,4.24,6.09,7,5.44,52.5,25,21,,85.8,83.1,,54,38.3,75,72.6,30,40
ECU,Ecuador,2010,6.06,7.01,4.28,6.29,7.05,5.68,49.3,20,20,,79.3,77.5,,52.9,42.2,63.9,71.8,25,40
ECU,Ecuador,2011,5.96,6.67,4.26,6.16,7.03,5.69,47.1,20,22,,78.9,50.1,,53.5,40.1,64.9,76,25,40
ECU,Ecuador,2012,6.01,6.72,4.45,6.09,7.09,5.72,48.3,20,25,,78.3,64.3,,54.1,41,66.8,68.1,25,40
ECU,Ecuador,2013,5.97,6.41,4.37,6.59,7.05,5.44,46.9,20,27,,80.1,47.3,,51.5,48,66.9,68.1,20,40
ECU,Ecuador,2014,5.76,6.19,4.35,6.38,6.44,5.46,48,20,26,,79.8,41.8,,52.8,52,66.1,71.8,30,40
ECU,Ecuador,2015,6.2,6.56,4.32,7.69,6.6,5.84,49.2,15,35,,79.1,51,,51.4,51.3,68.2,71.4,30,40
ECU,Ecuador,2016,6.18,6.36,4.27,7.92,6.61,5.73,48.6,15,33,,79.2,41.8,,55.5,51.6,68.1,71.4,30,40
ECU,Ecuador,2017,6.31,6.24,4.35,8.49,6.68,5.78,49.3,38.7,33.9,22.3,79.1,46.1,56.4,55.4,47.3,67.7,69.7,35,40
ECU,Ecuador,2018,6.47,6.75,4.53,8.46,6.75,5.85,48.5,36.7,30.2,23.3,79.4,52.5,47,55.6,43.7,70.1,68.8,35,40
ECU,Ecuador,2019,6.48,6.82,4.59,8.42,6.68,5.86,46.9,35.9,25.3,20.2,77,55.5,32.1,54.1,48.2,73.5,66.4,35,40
ECU,Ecuador,2020,6.3,6.51,4.62,8.49,6.05,5.85,51.3,40.4,33.4,20.7,77.5,57.9,62.3,53.8,48,81,66,35,40
ECU,Ecuador,2021,6.39,6.58,4.66,8.55,6.12,6.03,52.4,39.5,38.5,24.7,77.1,58.5,75.9,50.4,47.9,81.7,59.8,35,40
ECU,Ecuador,2022,6.14,6.56,4.56,6.53,6.84,6.2,54.3,31.4,37.2,47.3,77.5,59.7,63.1,60.3,57.3,81.5,61,35,40
ECU,Ecuador,2023,,,,,,,55,31.6,46.9,36.5,74.8,60.3,66.4,64,56.5,82.2,65.6,35,40
ECU,Ecuador,2024,,,,,,,55,32.9,34.9,48.5,74.7,55.1,79.9,65,57,75.3,66.4,30,40
ECU,Ecuador,2025,,,,,,,55.8,30.5,33.8,48,76.6,54.9,89.3,66.6,57.4,75.3,67.2,30,40
EGY,"Egypt, Arab Rep.",1970,3.96,2.31,3.17,7.21,,4.91,,,,,,,,,,,,,
EGY,"Egypt, Arab Rep.",1975,3.52,2.23,3.06,5.85,2.07,4.33,,,,,,,,,,,,,
EGY,"Egypt, Arab Rep.",1980,4.23,3.16,3.07,7.56,2,5.17,,,,,,,,,,,,,
EGY,"Egypt, Arab Rep.",1985,4.15,3.59,3.13,8.66,0.38,5.73,,,,,,,,,,,,,
EGY,"Egypt, Arab Rep.",1990,4.36,4.26,3.06,7.81,1.03,6.05,,,,,,,,,,,,,
EGY,"Egypt, Arab Rep.",1995,5.2,4.61,3.26,7.48,4.92,5.98,45.7,30,30,,46,53.7,,55,,72,25,50,50
EGY,Egypt,1996,,,,,,,52,50,50,,56.2,61.8,,55,,70.3,25,50,50
EGY,Egypt,1997,,,,,,,54.5,50,50,,55.9,72.3,,55,,66.7,41,50,50
EGY,Egypt,1998,,,,,,,55.8,50,28,,56.5,76.5,,55,,70.6,45.6,50,70
EGY,Egypt,1999,,,,,,,58,50,28,,64.9,74.2,,55,,74.2,55.8,50,70
EGY,"Egypt, Arab Rep.",2000,5.87,5.63,3.31,9.36,6.16,4.96,51.7,50,29,,65.3,54.4,,55,,76.8,55,50,30
EGY,"Egypt, Arab Rep.",2001,5.83,5.66,3.22,9.38,6.32,4.59,51.5,50,33,,66.1,54.4,,55,,78.3,47.2,50,30
EGY,"Egypt, Arab Rep.",2002,5.51,5.26,3.3,9.38,5.31,4.37,54.1,50,31,,65.6,71.2,,55,,79.2,55,50,30
EGY,"Egypt, Arab Rep.",2003,5.35,5.17,3.26,8.96,4.99,4.46,55.3,50,36,,66.1,72.8,,55,,80.1,57.6,50,30
EGY,"Egypt, Arab Rep.",2004,5.41,5.15,3.2,8.05,6.22,4.44,55.5,50,34,,66.1,76.8,,55,,79.8,57.4,50,30
EGY,"Egypt, Arab Rep.",2005,5.72,5.67,3.46,8.71,6.58,4.18,55.8,50,33,,66.1,78.6,,55,59.7,77.6,58.2,50,30
EGY,"Egypt, Arab Rep.",2006,5.79,5.7,3.63,8.37,6.73,4.51,53.2,50,32,,64.7,72.1,,39.8,62.1,73.6,57.6,50,30
EGY,"Egypt, Arab Rep.",2007,5.9,6.17,3.81,8.18,6.81,4.55,54.4,40,34,,90.4,72.8,,40.9,62.1,66.8,57.2,50,30
EGY,"Egypt, Arab Rep.",2008,5.74,6.17,3.7,7.4,6.82,4.57,58.5,40,33,,90.8,73,,60.2,62.2,69.9,66,50,40
EGY,"Egypt, Arab Rep.",2009,5.69,5.45,3.68,8.13,6.78,4.45,58,40,29,,89.5,66.1,,64.7,61.3,65.9,63.4,50,50
EGY,"Egypt, Arab Rep.",2010,5.85,5.85,3.65,8.25,6.61,4.89,59,40,28,,89.7,73.4,,65,55.6,64.2,74,50,50
EGY,"Egypt, Arab Rep.",2011,5.87,6.21,3.29,8.56,6.55,4.72,59.1,40,28,,89.6,65.3,,64.5,53.6,60.8,74,65,50
EGY,"Egypt, Arab Rep.",2012,5.9,6.59,3.1,8.92,6.42,4.49,57.9,35,31,,89.7,64.1,,63.8,53.7,62.3,74,65,40
EGY,"Egypt, Arab Rep.",2013,5.61,5.79,3.08,8.56,6.24,4.4,54.8,35,29,,85.6,69.4,,63.3,43.3,58.4,73.8,50,40
EGY,"Egypt, Arab Rep.",2014,5.39,5.4,3.15,8.41,5.57,4.41,52.9,20,28.6,,85.6,69.6,,62.7,45.7,60.5,71.4,45,40
EGY,"Egypt, Arab Rep.",2015,5.08,5.44,3.19,7.09,5.45,4.24,55.2,20,32,,85.8,68,,65.4,53.6,67.4,70,50,40
EGY,"Egypt, Arab Rep.",2016,4.93,5.38,3.29,6.29,5.45,4.23,56,20,37,,85.6,65.9,,68.3,51.4,65.8,70.6,55,40
EGY,"Egypt, Arab Rep.",2017,4.75,5.32,3.32,4.69,6.1,4.3,52.6,35.4,32.7,56.3,86.1,63,4.6,66.8,51.3,69.6,70.2,55,40
EGY,"Egypt, Arab Rep.",2018,5.29,5.4,3.39,6.96,6.12,4.58,53.4,32.7,32.2,52.5,84.2,65.1,1.2,71.5,51.5,69.6,70.9,60,50
EGY,"Egypt, Arab Rep.",2019,5.42,5.38,3.37,7.53,6.12,4.7,52.5,37,29.2,48.3,85.2,68.1,0,65.9,51.6,62.3,71.8,60,50
EGY,"Egypt, Arab Rep.",2020,5.34,5.39,3.41,7.83,5.5,4.59,54,48.5,34,51.2,86.1,69.9,2.8,62,51.5,61.3,70.2,60,50
EGY,"Egypt, Arab Rep.",2021,5.36,5.4,3.41,8,5.5,4.48,55.7,51.2,37,54,86.9,73.1,6,62.7,51.4,64.3,67,65,50
EGY,"Egypt, Arab Rep.",2022,5.36,5.4,3.39,7.26,6.12,4.64,49.1,39,28.7,22.1,87.1,75.7,3.7,54.1,32.9,70.9,60.2,65,50
EGY,Egypt,2023,,,,,,,49.6,39.7,22.1,27.9,86.7,79.4,4.1,51.1,33.4,75,60.2,65,50
EGY,Egypt,2024,,,,,,,49.7,40,26.2,21.9,85.4,80.8,11.8,48.9,32.8,72.9,60.2,65,50
EGY,Egypt,2025,,,,,,,50.9,40.6,29.6,21.9,85.8,82.2,20.7,48,43.6,62.6,60.2,65,50
ERI,Eritrea,1995,,,,,,,,,,,,,,,,,,,
ERI,Eritrea,1996,,,,,,,,,,,,,,,,,,,
ERI,Eritrea,1997,,,,,,,,,,,,,,,,,,,
ERI,Eritrea,1998,,,,,,,,,,,,,,,,,,,
ERI,Eritrea,1999,,,,,,,,,,,,,,,,,,,
ERI,Eritrea,2000,,,,,,,,,,,,,,,,,,,
ERI,Eritrea,2001,,,,,,,,,,,,,,,,,,,
ERI,Eritrea,2002,,,,,,,,,,,,,,,,,,,
ERI,Eritrea,2003,,,,,,,,,,,,,,,,,,,
ERI,Eritrea,2004,,,,,,,,,,,,,,,,,,,
ERI,Eritrea,2005,,,,,,,,,,,,,,,,,,,
ERI,Eritrea,2006,,,,,,,,,,,,,,,,,,,
ERI,Eritrea,2007,,,,,,,,,,,,,,,,,,,
ERI,Eritrea,2008,,,,,,,,,,,,,,,,,,,
ERI,Eritrea,2009,,,,,,,38.5,10,28,,86.4,9.9,,18.3,73.9,59,69.2,10,20
ERI,Eritrea,2010,,,,,,,35.3,10,26,,73,6.9,,18,70.8,59,69.1,0,20
ERI,Eritrea,2011,,,,,,,36.7,10,26,,73,31.5,,18.2,73.4,46,69.1,0,20
ERI,Eritrea,2012,,,,,,,36.2,10,26,,57,46.8,,17.1,63.2,52.9,69.1,0,20
ERI,Eritrea,2013,,,,,,,36.3,10,25,,57,54.6,,17.3,54.6,55.5,69.1,0,20
ERI,Eritrea,2014,,,,,,,38.5,10,22.9,,57,66.1,,18.6,63.6,57.6,69.1,0,20
ERI,Eritrea,2015,,,,,,,38.9,10,20,,57,71.8,,18.2,65.5,57.8,69.2,0,20
ERI,Eritrea,2016,,,,,,,42.7,10,18,,80.9,73.4,,32.1,65.6,57.8,69.2,0,20
ERI,Eritrea,2017,,,,,,,42.2,36.4,27.5,10.3,81.3,74.7,0,56.7,69.7,61,69.2,0,20
ERI,Eritrea,2018,,,,,,,41.7,35.5,23.4,13.8,79.9,75.6,0,56.7,65.7,60.9,69.2,0,20
ERI,Eritrea,2019,,,,,,,38.9,35.5,19.7,18.1,81.4,73.9,0,17.7,70,61,69.2,0,20
ERI,Eritrea,2020,,,,,,,38.5,32.5,21.4,14.3,81.4,74.7,0,18.2,69.7,61,69.2,0,20
ERI,Eritrea,2021,,,,,,,42.3,24.2,21,15.4,74,64.3,78.1,17.3,69.6,55,69.2,0,20
ERI,Eritrea,2022,,,,,,,39.7,8.6,11.1,3.9,72.7,68.6,79,30.1,51.2,61.5,69.2,0,20
ERI,Eritrea,2023,,,,,,,39.5,9.6,5.2,12,80.3,62.3,69,31.3,51.2,64.6,68.4,0,20
ERI,Eritrea,2024,,,,,,,39.5,8.3,15,4.6,80.3,62.3,69,30.7,51.4,63.8,68.4,0,20
ERI,Eritrea,2025,,,,,,,38.6,6.1,14.5,3.8,80.3,62.3,69,31.3,43.4,63.9,68.4,0,20
ESP,Spain,1970,5.64,7.86,3.37,6.92,5.77,4.69,,,,,,,,,,,,,
ESP,Spain,1975,5.57,7.45,4.21,5.73,6.2,4.72,,,,,,,,,,,,,
ESP,Spain,1980,6.32,6.52,5.91,6.08,7.66,5.62,,,,,,,,,,,,,
ESP,Spain,1985,6.47,6.06,6.46,6.61,7.54,5.79,,,,,,,,,,,,,
ESP,Spain,1990,6.8,6.6,6.93,6.37,8.21,6.08,,,,,,,,,,,,,
ESP,Spain,1995,7.31,5.85,7.2,9.61,8.09,5.92,62.8,70,50,,45.2,36.8,,70,,75.8,77.8,70,70
ESP,Spain,1996,,,,,,,59.6,70,50,,45.8,26.8,,70,,76.2,77.8,70,50
ESP,Spain,1997,,,,,,,59.6,70,44,,45.8,32.9,,70,,76.3,77.8,70,50
ESP,Spain,1998,,,,,,,62.6,70,43,,46.3,39.3,,70,,77.4,77.8,70,70
ESP,Spain,1999,,,,,,,65.1,70,59,,46.5,42.7,,70,,79.7,77.8,70,70
ESP,Spain,2000,7.94,6.65,7.49,9.26,9.15,7.21,65.9,70,61,,45.8,47.1,,70,,81,77.8,70,70
ESP,Spain,2001,7.89,6.85,7.22,9.31,8.95,7.2,68.1,70,66,,53.8,54.4,,70,,80.7,78,70,70
ESP,Spain,2002,7.91,6.83,7.24,9.43,8.99,7.15,68.8,70,70,,53.1,52,,70,,84.1,79.6,70,70
ESP,Spain,2003,8.01,7.06,7.26,9.45,9.24,7.11,68.8,70,70,,52.6,52.2,,70,,83.3,81.4,70,70
ESP,Spain,2004,8,7.03,7.27,9.46,9.02,7.27,68.9,70,71,,52.9,52.7,,70,,83.6,79.8,70,70
ESP,Spain,2005,7.86,6.93,7.43,9.41,8.24,7.3,67,70,69,,55.4,53,,70,48.8,83.9,80.2,70,70
ESP,Spain,2006,7.77,6.93,7.45,9.23,8.35,6.91,68.2,70,71,,55.3,50.5,,78.7,50,83.9,82.4,70,70
ESP,Spain,2007,7.76,6.75,7.48,9.33,8.31,6.9,69.2,70,70,,55.2,54.8,,78,49.3,78.5,86.6,70,80
ESP,Spain,2008,7.67,6.81,7.4,9.27,8.25,6.6,69.1,70,68,,54.5,56.2,,77.9,50.2,78.1,86,70,80
ESP,Spain,2009,7.53,6.24,7.33,9.45,8.3,6.32,70.1,70,67,,58.6,55.3,,76.8,48.3,78.9,85.8,80,80
ESP,Spain,2010,7.67,6.29,7.36,9.43,8.32,6.93,69.6,70,65,,58.1,54.8,,75.8,47.3,77.7,87.5,80,80
ESP,Spain,2011,7.73,6.47,7.39,9.49,8.29,7.01,70.2,70,61,,61,49.3,,77.2,53,82.4,87.6,80,80
ESP,Spain,2012,7.64,6.19,7.31,9.6,8.23,6.86,69.1,70,61,,61.3,37.1,,81.3,51.8,81.5,87.1,80,80
ESP,Spain,2013,7.68,6.14,7.23,9.74,8.2,7.08,68,70,62,,53.9,43,,80.3,54.3,79.9,86.8,80,70
ESP,Spain,2014,7.79,6.12,7.22,9.86,8.51,7.22,67.2,70,62.6,,54,38.7,,77.3,52.2,79.9,87.8,80,70
ESP,Spain,2015,7.81,6.16,7.33,9.76,8.53,7.29,67.6,70,59,,53.1,39.8,,77.5,52.6,81.3,88,85,70
ESP,Spain,2016,7.84,6.4,7.35,9.5,8.54,7.41,68.5,70,60,,58.3,41.1,,76,51.7,84.7,88,85,70
ESP,Spain,2017,7.74,6.24,7.33,9.05,8.6,7.46,63.6,71.2,57.2,53.9,62.5,41.4,26.9,66.9,55.3,85.5,87,85,70
ESP,Spain,2018,7.81,6.43,7.39,9.13,8.58,7.51,65.1,73.1,51.5,62,62,42.8,36.1,66.3,59,86.7,86.9,85,70
ESP,Spain,2019,7.86,6.42,7.38,9.36,8.61,7.51,65.7,72.9,51.9,51.4,62.3,46.2,51.1,66.8,57.8,87.5,86,85,70
ESP,Spain,2020,7.52,5.84,7.43,8.89,8.37,7.09,66.9,74.9,55.1,51.8,62.1,48.3,62.6,66.8,57.7,82,86.4,85,70
ESP,Spain,2021,7.51,5.99,7.42,8.81,8.07,7.27,69.9,76.4,70.3,65.4,61.7,48.1,69.8,66.3,57.9,83.5,84,85,70
ESP,Spain,2022,7.54,6.05,7.35,8.42,8.67,7.19,68.2,87.7,67.2,74.3,59.7,38.3,29.7,75.2,61.8,85.4,84.2,85,70
ESP,Spain,2023,,,,,,,65,87.2,73.1,66.9,58.2,30.2,7.4,75.2,62.1,80.6,83.6,85,70
ESP,Spain,2024,,,,,,,63.3,87.2,64,73.6,57,26,0,79.7,63.6,74.1,84.2,80,70
ESP,Spain,2025,,,,,,,66.3,87.2,64.7,74,57.7,33.5,40.8,83.6,63.1,76.5,84.6,70,60
EST,Estonia,1970,,,,,,,,,,,,,,,,,,,
EST,Estonia,1975,,,,,,,,,,,,,,,,,,,
EST,Estonia,1980,,,,,,,,,,,,,,,,,,,
EST,Estonia,1985,,,6.62,6.98,,,,,,,,,,,,,,,
EST,Estonia,1990,4.81,5.59,6.68,3.37,3.38,4.62,,,,,,,,,,,,,
EST,Estonia,1995,6.27,6.38,7.05,2.31,9.65,6.08,65.2,70,50,,82,63.3,,85,,0,77,90,70
EST,Estonia,1996,,,,,,,65.4,70,50,,73.2,59.2,,85,,17.3,74,90,70
EST,Estonia,1997,,,,,,,69.1,70,50,,71.4,55.5,,85,,55.5,74,90,70
EST,Estonia,1998,,,,,,,72.5,70,70,,72.2,50.1,,85,,62.3,83,90,70
EST,Estonia,1999,,,,,,,73.8,70,70,,72.8,50.8,,85,,70.2,85,90,70
EST,Estonia,2000,7.78,6.57,6.98,8.46,9.03,7.91,69.9,70,57,,72.5,25,,85,,74.9,85,90,70
EST,Estonia,2001,7.85,6.59,7.03,8.91,8.99,7.77,76.1,70,57,,79.6,67.3,,85,,80.6,85,90,70
EST,Estonia,2002,7.88,6.52,7.1,9.06,8.91,7.83,77.6,70,57,,80,54.4,,85,,87,85,90,90
EST,Estonia,2003,8.02,6.64,7.14,9.54,8.98,7.86,77.7,70,56,,80.4,58.3,,85,,85.7,84.2,90,90
EST,Estonia,2004,8.05,6.89,7.04,9.38,9.03,7.94,77.4,70,56,,83.8,55.5,,85,,82.1,84.2,90,90
EST,Estonia,2005,8.07,7.12,7.23,9.22,8.89,7.9,75.2,70,55,,82.9,61.6,,85,47.4,85.5,84.8,90,90
EST,Estonia,2006,8.05,7.15,7.22,9.05,8.94,7.92,74.9,70,60,,83.8,57.4,,81.9,49.3,84.7,82.4,90,90
EST,Estonia,2007,7.98,7.09,7.28,8.75,8.96,7.85,78,90,64,,84.5,61.8,,79.9,49.7,83,86.6,90,90
EST,Estonia,2008,7.86,6.6,7.33,8.65,8.93,7.84,77.9,90,67,,86,62,,85.3,50.7,82,86,90,80
EST,Estonia,2009,7.96,5.89,7.75,9.45,8.9,7.88,76.4,90,65,,81.5,67.3,,75.9,48.5,79.7,85.8,90,80
EST,Estonia,2010,8.08,6.42,7.79,9.15,8.85,8.2,74.7,80,66,,80.2,62.2,,83.1,47,71.1,87.5,90,80
EST,Estonia,2011,8.01,6.6,7.77,8.67,8.77,8.24,75.2,80,66,,80.7,52.2,,80.9,55.8,78.7,87.6,90,80
EST,Estonia,2012,8,6.44,7.75,8.8,8.72,8.28,73.2,80,65,,79.1,38.8,,75.7,56.9,79.3,87.1,90,80
EST,Estonia,2013,8.03,6.65,7.76,8.71,8.67,8.37,75.3,85,64,,79.7,56.2,,78.2,56,77.1,86.8,90,80
EST,Estonia,2014,8.1,6.56,7.79,8.87,8.94,8.34,75.9,90,64.2,,80.4,56,,77.6,55.9,76.9,87.8,90,80
EST,Estonia,2015,8.15,6.43,7.9,9.02,9.05,8.35,76.8,90,68,,80.6,53.2,,81.5,58.7,77.6,88,90,80
EST,Estonia,2016,8.16,6.49,7.85,9.19,8.92,8.34,77.2,90,69,,81.9,54.9,,79,57.2,82.2,88,90,80
EST,Estonia,2017,8.05,6.39,7.84,8.75,8.98,8.28,79.1,82.6,69.9,82.8,81.2,55.8,99.8,77,56.9,85.7,87,90,80
EST,Estonia,2018,8.09,6.48,7.85,8.9,8.95,8.29,78.8,80.4,75.7,83.9,80.7,52.6,99.8,75.6,54.8,85.1,86.9,90,80
EST,Estonia,2019,8.17,6.58,7.84,9.2,8.96,8.25,76.6,81.5,73.1,76,79.9,51.1,99.8,75.3,57.2,79.6,86,90,70
EST,Estonia,2020,7.98,6.33,7.92,8.85,8.73,8.07,77.7,83.2,85.9,73.7,81.1,53.3,99.9,73.5,57.3,78.6,86.4,90,70
EST,Estonia,2021,7.91,6.42,7.95,8.63,8.39,8.16,78.2,81.8,86.4,80.8,81,54.4,99.6,72.7,57.8,79.7,84,90,70
EST,Estonia,2022,7.67,6.6,7.98,6.91,8.95,7.93,80,91.5,83.9,92.3,81.1,48.4,93.3,86.9,61.1,82.8,79.2,90,70
EST,Estonia,2023,,,,,,,78.6,92.1,92.9,83.2,80.1,47.5,89,79.4,61.9,78.4,78.6,90,70
EST,Estonia,2024,,,,,,,77.8,92.8,81.2,93.4,80.8,46.8,85.4,83.2,64.2,66.2,79.2,90,70
EST,Estonia,2025,,,,,,,78.9,93.7,84.5,93.9,80.8,48.8,90.9,83.3,62.2,68.8,79.6,90,70
ETH,Ethiopia,1970,,,3.52,,,,,,,,,,,,,,,,
ETH,Ethiopia,1975,,,3.59,,,,,,,,,,,,,,,,
ETH,Ethiopia,1980,,,3.63,,,,,,,,,,,,,,,,
ETH,Ethiopia,1985,,,3.64,,,,,,,,,,,,,,,,
ETH,Ethiopia,1990,,2.7,3.51,,,,,,,,,,,,,,,,
ETH,Ethiopia,1995,,7.24,3.71,,,,42.6,30,30,,41,88.5,,55,,72,27,10,30
ETH,Ethiopia,1996,,,,,,,45.9,30,30,,48.8,88.5,,55,,73.4,27,30,30
ETH,Ethiopia,1997,,,,,,,48.1,30,30,,48.7,79.9,,55,,71.2,58,30,30
ETH,Ethiopia,1998,,,,,,,49.2,30,30,,48.4,80.6,,55,,86.8,52.2,30,30
ETH,Ethiopia,1999,,,,,,,46.7,30,30,,48.3,78.9,,55,,82.9,35,30,30
ETH,Ethiopia,2000,4.6,5.9,3.64,4.46,,4.89,50.2,30,30,,66.6,82.7,,55,,81.4,46,30,30
ETH,Ethiopia,2001,4.47,5.11,4.31,3.6,,5.35,48.9,30,30,,66.7,78.1,,55,,74.4,46,30,30
ETH,Ethiopia,2002,4.63,5.37,4.31,4.16,,5.12,49.8,30,32,,70.3,71.2,,55,,79.7,50,30,30
ETH,Ethiopia,2003,4.15,5.38,4.32,2.4,,5.26,48.8,30,32,,69.9,67.1,,55,,76.5,48.8,30,30
ETH,Ethiopia,2004,5.31,5.51,4.32,6.08,,5.41,54.5,30,35,,70.2,73.4,,55,,84.3,63,50,30
ETH,Ethiopia,2005,5.09,5.49,4.31,5.1,4.78,5.73,51.1,30,25,,73.5,65.3,,55,61.6,68.5,52,50,30
ETH,Ethiopia,2006,5.13,5.5,4.45,4.89,5.21,5.56,50.9,30,23,,70.8,61.3,,54.4,62,69.8,58,50,30
ETH,Ethiopia,2007,5.17,5.69,4.47,4.69,5.25,5.74,53.6,30,22,,77.2,81.3,,59.4,61.5,71.8,63,50,20
ETH,Ethiopia,2008,4.88,5.77,4.49,3.38,5.19,5.55,52.5,30,24,,77.2,80.9,,58.8,61.9,69.4,63,40,20
ETH,Ethiopia,2009,5.25,5.59,4.58,5.07,5.26,5.74,53,30,24,,77.4,82.7,,62.6,59.4,65.5,68.6,40,20
ETH,Ethiopia,2010,5.14,5.34,4.54,4.96,5.15,5.71,51.2,30,26,,77.7,82.9,,66.3,61.5,60.4,61.9,25,20
ETH,Ethiopia,2011,4.87,5.72,4.52,3.35,5.1,5.68,50.5,30,27,,74.5,88.7,,67.4,57.1,54.3,65.6,20,20
ETH,Ethiopia,2012,4.91,5.95,4.48,3.4,5.1,5.61,52,30,27,,74.8,91.1,,64.4,55.5,67.1,65.6,25,20
ETH,Ethiopia,2013,5.19,6.12,4.43,4.67,5.12,5.62,49.4,30,27,,74.2,89.6,,52.4,46.9,64.7,64,25,20
ETH,Ethiopia,2014,5.08,5.67,4.34,4.76,5.02,5.61,50,30,27,,77.5,89.9,,57.8,54.7,59,64.2,20,20
ETH,Ethiopia,2015,5.07,5.67,4.41,4.61,5.12,5.54,51.5,30,33,,77.4,91.4,,55.9,56.4,66.1,64.4,20,20
ETH,Ethiopia,2016,5.27,5.86,4.42,4.94,5.14,5.97,51.5,30,33,,77.2,90.5,,55.8,57.7,66,65,20,20
ETH,Ethiopia,2017,5.42,5.85,4.45,5.56,5.27,5.98,52.7,32.6,37.6,29.6,77.1,90.3,86.5,50,57.2,65.7,65.1,20,20
ETH,Ethiopia,2018,5.35,5.94,4.46,5.21,5.08,6.07,52.8,31.1,37.7,37.6,76.5,90.6,85.5,40.2,51.3,67.1,60.7,35,20
ETH,Ethiopia,2019,5.48,6.24,4.47,4.97,5.61,6.11,53.6,32.6,35.1,40.9,77.2,90.4,83.3,48.6,58,60.8,60.8,35,20
ETH,Ethiopia,2020,5.24,6.46,4.47,4.34,4.82,6.12,53.6,36.5,29.4,45.1,77.4,90.8,79.2,48.6,57.6,62.7,60.8,35,20
ETH,Ethiopia,2021,5.15,6.74,4.41,4.98,3.54,6.06,51.7,23.2,31.5,33.8,78.2,91.9,79.6,47.5,57.4,60.6,61.4,35,20
ETH,Ethiopia,2022,5.24,6.88,4.41,4.67,4.18,6.06,49.6,38.1,33.2,20.5,78.3,93,81.6,42.7,38.8,57.7,61.4,30,20
ETH,Ethiopia,2023,,,,,,,48.3,30.4,21.2,34.5,77.9,93.7,82.8,39.3,39.1,53.8,56.4,30,20
ETH,Ethiopia,2024,,,,,,,47.9,27.7,33.8,20.6,78.4,94.4,79,44.1,39.3,49.8,57.4,30,20
ETH,Ethiopia,2025,,,,,,,48.1,27.9,32.7,19.7,78.2,95.4,80.9,45.3,39.4,49.9,57.4,30,20
FIN,Finland,1970,7.44,6.16,8.72,7.99,6.63,7.7,,,,,,,,,,,,,
FIN,Finland,1975,7.17,5.83,8.72,6.8,6.95,7.56,,,,,,,,,,,,,
FIN,Finland,1980,7.41,5.41,8.72,7.79,7.59,7.55,,,,,,,,,,,,,
FIN,Finland,1985,7.47,5.22,8.74,7.94,7.82,7.63,,,,,,,,,,,,,
FIN,Finland,1990,7.82,5.4,9.02,9.27,7.77,7.63,,,,,,,,,,,,,
FIN,Finland,1995,7.83,4.83,9.03,9.55,8.56,7.23,,,,,,,,,,,,,
FIN,Finland,1996,,,,,,,63.7,90,90,,58.4,0,,55,,82.3,77.8,70,50
FIN,Finland,1997,,,,,,,65.2,90,91,,54.9,0,,70,,83.3,77.8,70,50
FIN,Finland,1998,,,,,,,63.5,90,91,,38.5,0,,70,,89.5,73.2,70,50
FIN,Finland,1999,,,,,,,63.9,90,95,,38.4,0,,70,,88.6,73.2,70,50
FIN,Finland,2000,8.22,5.31,9.04,9.38,9.27,8.14,64.3,90,96,,37.2,0,,70,,87.8,78,70,50
FIN,Finland,2001,8.17,5.32,8.98,9.49,9.16,7.92,69.7,90,98,,55.6,28,,70,,87.9,78,70,50
FIN,Finland,2002,8.16,5.2,8.99,9.55,9.17,7.91,73.6,90,100,,55.6,28,,85,,84.6,79.6,70,70
FIN,Finland,2003,8.17,5.14,8.98,9.59,9.17,7.97,73.7,90,99,,54.9,28,,85,,84.7,81.4,70,70
FIN,Finland,2004,8.17,5.12,8.89,9.65,9.03,8.18,73.4,90,97,,57.5,25,,85,,86,79.8,70,70
FIN,Finland,2005,8.13,5.25,8.98,9.53,8.57,8.32,71,90,97,,58,22.3,,85,49.9,88,80.2,70,70
FIN,Finland,2006,8.04,5.37,9,9.38,8.53,7.94,72.9,90,97,,61.9,24.4,,95.4,47.4,90.8,82.4,70,70
FIN,Finland,2007,8.05,5.56,9.02,9.29,8.5,7.92,74,90,96,,63.1,23.5,,95.3,45.6,89.9,86.6,70,80
FIN,Finland,2008,7.98,5.5,8.91,9.2,8.45,7.85,74.6,90,96,,64.3,29.1,,95.2,46.4,88.5,86,70,80
FIN,Finland,2009,7.97,5.18,8.9,9.46,8.47,7.83,74.5,95,94,,64.3,28.6,,95.1,44.8,87.4,85.8,70,80
FIN,Finland,2010,8.05,5.26,8.95,9.39,8.46,8.19,73.8,90,90,,65.4,32.9,,95,43.8,78.9,87.5,75,80
FIN,Finland,2011,8.11,5.28,8.95,9.27,8.7,8.34,74,90,89,,65.3,26.5,,95,41.4,80.7,87.6,85,80
FIN,Finland,2012,8.06,5.15,8.95,9.27,8.64,8.28,72.3,90,92,,65.4,5.2,,94.9,42.4,81.3,87.1,85,80
FIN,Finland,2013,7.95,5.03,8.9,9.33,8.33,8.16,74,90,94,,66.9,12.2,,94.8,45.3,79.5,86.8,90,80
FIN,Finland,2014,8.01,5.05,8.88,9.43,8.53,8.16,73.4,90,93.4,,65.1,8.9,,93.6,46.5,78.9,87.8,90,80
FIN,Finland,2015,8.01,4.85,8.9,9.56,8.55,8.19,73.4,90,89,,66.4,3.6,,92.6,54.8,79.9,88,90,80
FIN,Finland,2016,7.97,4.9,8.85,9.28,8.57,8.25,72.6,90,89,,66.5,0.8,,90.7,53.7,81.9,88,85,80
FIN,Finland,2017,7.97,5.01,8.84,9.08,8.63,8.3,74,90.6,90,82.7,66.6,0,77.3,90.2,53.4,85.1,87,85,80
FIN,Finland,2018,8.01,5.11,8.81,9.16,8.6,8.35,74.1,89,89.8,82.7,66.5,2.3,81.1,89.9,50.5,86,86.9,85,80
FIN,Finland,2019,8.03,5.13,8.79,9.3,8.61,8.33,74.9,89.6,92.5,81.2,66.8,7.2,86.4,89.4,50.3,84.8,86,85,80
FIN,Finland,2020,7.76,4.72,8.89,8.88,8.16,8.13,75.7,92.3,96.1,80.5,67.5,11.2,90.7,84.8,50.3,83.6,86.4,85,80
FIN,Finland,2021,7.8,4.94,8.9,8.92,8.07,8.17,76.1,91.9,97.2,82.2,68,14.3,91.4,85.8,50.5,83.3,84,85,80
FIN,Finland,2022,7.87,5.06,8.86,8.52,8.67,8.22,78.3,100,96.4,97.8,68.4,10.7,83.2,88.7,65.1,84.9,79.2,85,80
FIN,Finland,2023,,,,,,,77.1,100,97.2,97.6,68.7,8.5,76.5,84.9,65.5,82.1,78.6,85,80
FIN,Finland,2024,,,,,,,76.3,100,94.2,97.6,67.8,8.2,74.3,88.8,65.5,75.4,79.2,85,80
FIN,Finland,2025,,,,,,,77,100,94.8,97,68.2,7.3,81.5,88.3,65.6,76.1,79.6,85,80
FJI,Fiji,1970,6.1,6.02,4.63,6.52,5.06,7.68,,,,,,,,,,,,,
FJI,Fiji,1975,5.76,5.71,4.58,4.73,6.17,7.68,,,,,,,,,,,,,
FJI,Fiji,1980,6.14,4.96,4.6,5.7,6.3,9.52,,,,,,,,,,,,,
FJI,Fiji,1985,6.58,5.69,4.6,6.49,6.52,9.94,,,,,,,,,,,,,
FJI,Fiji,1990,5.84,5.09,4.38,6.42,6.17,7.03,,,,,,,,,,,,,
FJI,Fiji,1995,6.55,6.22,4.48,7.02,7.47,7.5,54.7,50,30,,57.1,72.5,,55,,75.5,52.6,50,50
FJI,Fiji,1996,,,,,,,57.4,50,30,,67.4,74.4,,55,,80.5,59,50,50
FJI,Fiji,1997,,,,,,,58,50,30,,71,77.5,,55,,80.8,57.6,50,50
FJI,Fiji,1998,,,,,,,58.2,50,30,,70.9,79.6,,55,,79.7,58.4,50,50
FJI,Fiji,1999,,,,,,,58.4,50,30,,71.1,73,,70,,78.6,53,50,50
FJI,Fiji,2000,6.1,6.73,3.96,6.89,6.24,6.65,57.8,50,30,,70.8,63.3,,70,,76,60.2,50,50
FJI,Fiji,2001,5.96,6.39,3.97,6.57,6.24,6.62,53.7,30,30,,70.7,63.3,,70,,79,60.2,30,50
FJI,Fiji,2002,6.06,6.28,4.01,6.73,6.44,6.85,53.9,30,30,,70.9,76.5,,70,,81.7,46.2,30,50
FJI,Fiji,2003,5.97,6.26,4.02,6.3,6.44,6.83,54.7,30,30,,75.4,74.4,,70,,78.5,33.8,30,70
FJI,Fiji,2004,6.09,6.84,4.02,6.34,6.49,6.75,58,30,30,,78.3,71.7,,70,,81.8,60.2,30,70
FJI,Fiji,2005,6.36,7.75,4.01,6.55,6.07,7.45,58.2,30,30,,78.5,71.5,,70,83.6,78.4,60.2,30,50
FJI,Fiji,2006,6.12,7.66,3.87,6.32,6.06,6.71,58.4,30,30,,76.9,71.9,,70.8,84.8,79.1,60.2,30,50
FJI,Fiji,2007,6.12,7.75,3.78,6.15,6.07,6.88,60.8,30,40,,75.5,71,,70.4,84.7,74.7,71.8,30,60
FJI,Fiji,2008,6.29,7.9,4.02,6.13,6.04,7.35,61.8,30,40,,74.5,75.3,,69.8,85,78.9,74.2,30,60
FJI,Fiji,2009,6.26,7.71,3.93,6.4,6.09,7.17,61,30,40,,76,76,,66,84.8,77.3,69.6,30,60
FJI,Fiji,2010,6.18,7.24,3.99,6.31,6.11,7.23,60.3,30,40,,75.7,80.6,,63.5,84,73.6,71,25,60
FJI,Fiji,2011,6.18,7.51,3.99,6.05,6,7.32,60.4,30,40,,78.1,81.3,,63.2,75.7,76.1,69.8,30,60
FJI,Fiji,2012,6.13,6.76,3.98,6.56,6.05,7.29,57.3,25,20,,78.1,78.9,,59.3,75.8,75.7,69.7,30,60
FJI,Fiji,2013,6.17,7.03,4.01,6.36,6.12,7.33,57.2,25,20,,78,78,,65.7,74.9,72.8,68,40,50
FJI,Fiji,2014,6.1,6.47,4.07,6.63,6.03,7.29,58.7,25,20,,82.3,76.2,,64.9,73.1,75.2,70.2,50,50
FJI,Fiji,2015,6.11,6.2,4.43,6.5,6.06,7.37,59,25,22.3,,81.3,74.6,,63.2,75.2,78.3,70.2,50,50
FJI,Fiji,2016,6,5.7,4.47,6.44,6.01,7.37,58.8,30,22.3,,81.2,75.3,,62,70.6,77.6,68.8,50,50
FJI,Fiji,2017,6.07,5.89,4.43,6.56,6.03,7.42,63.4,67.7,32.7,41.9,80.7,72.5,84.1,61.3,70.5,75.5,68.8,55,50
FJI,Fiji,2018,6.08,6.13,4.42,6.6,6.06,7.19,62,68.3,34.8,47.1,81.4,68.2,63,62.8,70.8,74.1,68.8,55,50
FJI,Fiji,2019,5.95,5.37,4.42,6.91,6.08,6.95,62.2,67.3,23.4,42.9,81.1,71.7,82.4,63,72.9,73.5,62.8,55,50
FJI,Fiji,2020,5.75,4.9,4.68,6.79,5.45,6.92,63.4,69.9,45.6,42.6,80.5,68.9,84.2,62.6,76.2,72.5,52.8,55,50
FJI,Fiji,2021,5.92,5.47,4.59,7.13,5.39,7.03,62.2,60.6,46.8,40.4,86.2,71.1,68.4,61.3,77.2,74.9,55,55,50
FJI,Fiji,2022,5.99,5.47,4.58,6.71,6.18,7,56.4,53.2,54.3,43.4,86.8,69.6,9.1,58.8,66,74.9,55.2,55,50
FJI,Fiji,2023,,,,,,,58,58.1,45.6,55.4,89.3,69.4,6.2,63,65.8,79,58.8,55,50
FJI,Fiji,2024,,,,,,,58,59.9,52.5,46.2,89.7,67,3.4,64.9,69.1,73.8,64.4,55,50
FJI,Fiji,2025,,,,,,,59.1,61.4,52.3,46.5,89.7,67.8,6.1,68.6,72,74.8,65,55,50
FRA,France,1970,6.18,5.88,5.77,7.04,6.66,5.45,,,,,,,,,,,,,
FRA,France,1975,6.22,5.47,6.18,6.27,7.32,5.73,,,,,,,,,,,,,
FRA,France,1980,6.18,5.06,6.43,6.4,7.15,5.74,,,,,,,,,,,,,
FRA,France,1985,6.03,4.22,6.4,6.69,7.13,5.61,,,,,,,,,,,,,
FRA,France,1990,7.08,5.31,6.91,9.69,8,5.64,,,,,,,,,,,,,
FRA,France,1995,7.12,5.05,7.34,9.83,7.98,5.59,64.4,70,90,,60.8,15.7,,85,,80.5,77.8,50,50
FRA,France,1996,,,,,,,63.7,70,90,,60.6,8.3,,85,,81.4,77.8,50,50
FRA,France,1997,,,,,,,59.1,70,70,,38.1,9.6,,85,,81.5,77.8,50,50
FRA,France,1998,,,,,,,58.9,70,70,,38.2,8.6,,85,,81.2,77.8,50,50
FRA,France,1999,,,,,,,59.1,70,67,,42.4,7.6,,85,,82.4,77.8,50,50
FRA,France,2000,7.67,4.66,7.09,9.5,9.24,7.92,57.4,70,67,,35.1,12.5,,70,,83.9,77.8,50,50
FRA,France,2001,7.59,4.9,7.09,9.54,8.99,7.46,58,70,66,,33.9,18.9,,70,,85,78,50,50
FRA,France,2002,7.65,4.98,7.1,9.51,9.28,7.43,58,70,67,,37.2,15.7,,70,,82.7,79.6,50,50
FRA,France,2003,7.63,4.94,7.13,9.49,9.19,7.46,59.2,70,67,,41.3,15.7,,70,,87,81.4,50,50
FRA,France,2004,7.68,5.04,7.2,9.5,9.15,7.54,60.9,70,63,,44.3,14.5,,70,,86.4,79.8,70,50
FRA,France,2005,7.63,5.09,7.28,9.49,8.8,7.55,60.5,70,69,,44.8,10.9,,70,54.3,86,80.2,70,50
FRA,France,2006,7.61,5.14,7.52,9.34,8.81,7.28,61.1,70,71,,46.6,11.2,,88,56.5,85.6,82.4,50,50
FRA,France,2007,7.81,5.86,7.78,9.41,8.84,7.22,62.1,70,75,,46.3,13.5,,87.2,56.1,81,81.6,50,60
FRA,France,2008,7.77,5.85,7.71,9.34,8.81,7.2,64.7,70,74,,53.2,13.2,,88,56.4,81.2,81,60,70
FRA,France,2009,7.75,5.54,7.77,9.56,8.8,7.1,63.3,70,73,,50.9,14.5,,87.4,54.5,71.7,80.8,60,70
FRA,France,2010,7.71,5.52,7.77,9.43,8.46,7.4,64.2,80,69,,51.9,17.9,,86.3,54.7,79.7,82.5,50,70
FRA,France,2011,7.67,5.41,7.69,9.48,8.42,7.33,64.6,80,69,,52.3,16.4,,85.6,51.4,83.7,82.6,55,70
FRA,France,2012,7.63,5.22,7.7,9.53,8.38,7.32,63.2,80,68,,53.8,5.3,,83.7,51.6,82.3,82.1,55,70
FRA,France,2013,7.65,5.25,7.68,9.65,8.34,7.32,64.1,80,70,,53,5.6,,84,50.5,81.1,81.8,65,70
FRA,France,2014,7.75,5.26,7.71,9.65,8.71,7.4,63.5,80,69.9,,48.4,5.6,,79.9,51.8,76.1,82.8,70,70
FRA,France,2015,7.75,5.29,7.67,9.71,8.66,7.42,62.5,80,71,,47.5,2.5,,80.2,43.5,77.5,83,70,70
FRA,France,2016,7.71,5.3,7.59,9.46,8.8,7.4,62.3,80,69,,47.7,2.5,,78.4,43.5,79.1,83,70,70
FRA,France,2017,7.68,5.33,7.59,9.18,8.83,7.45,63.3,85,69.7,72.7,47.6,2,57,78,44.1,81.6,82,70,70
FRA,France,2018,7.6,5.11,7.44,9.15,8.83,7.45,63.9,84,65.1,72.7,47.3,2.7,60.8,80.2,45,81.6,81.9,75,70
FRA,France,2019,7.63,5.11,7.45,9.31,8.88,7.41,63.8,82.5,67.9,66.1,48.4,3.9,64.9,81.2,45.2,79.1,81,75,70
FRA,France,2020,7.36,4.7,7.48,8.81,8.65,7.14,66,85.9,83.3,71.2,48.8,4.5,67.1,82.5,46.1,76.7,81.4,75,70
FRA,France,2021,7.38,4.85,7.48,8.97,8.34,7.25,65.7,82.2,80.1,69.2,50.7,6.3,69,80.2,44.8,77.3,84,75,70
FRA,France,2022,7.49,4.97,7.49,8.78,8.94,7.29,65.9,93.8,75.9,85.5,52.1,0.5,39.1,81.9,58.8,79.1,79.2,75,70
FRA,France,2023,,,,,,,63.6,93,83.9,75.5,52.9,0,20,78.2,59.2,76.9,78.6,75,70
FRA,France,2024,,,,,,,62.5,93.1,73.7,84.2,53.1,0,6.9,82,60.5,71.6,79.2,75,70
FRA,France,2025,,,,,,,64.4,92.9,74.3,84.2,54.3,0,30,81.9,60.2,70.3,79.6,75,70
FSM,Micronesia,1995,,,,,,,,,,,,,,,,,,,
FSM,Micronesia,1996,,,,,,,,,,,,,,,,,,,
FSM,Micronesia,1997,,,,,,,,,,,,,,,,,,,
FSM,Micronesia,1998,,,,,,,,,,,,,,,,,,,
FSM,Micronesia,1999,,,,,,,,,,,,,,,,,,,
FSM,Micronesia,2000,,,,,,,,,,,,,,,,,,,
FSM,Micronesia,2001,,,,,,,,,,,,,,,,,,,
FSM,Micronesia,2002,,,,,,,,,,,,,,,,,,,
FSM,Micronesia,2003,,,,,,,,,,,,,,,,,,,
FSM,Micronesia,2004,,,,,,,,,,,,,,,,,,,
FSM,Micronesia,2005,,,,,,,,,,,,,,,,,,,
FSM,Micronesia,2006,,,,,,,,,,,,,,,,,,,
FSM,Micronesia,2007,,,,,,,,,,,,,,,,,,,
FSM,Micronesia,2008,,,,,,,,,,,,,,,,,,,
FSM,Micronesia,2009,,,,,,,51.7,30,30,,97.4,0,,59.8,82.3,76.7,81,30,30
FSM,Micronesia,2010,,,,,,,50.6,30,30,,97.5,0,,59.1,81.8,76.7,81,20,30
FSM,Micronesia,2011,,,,,,,50.3,30,30,,97.6,0,,58.7,82.4,73.4,81,20,30
FSM,Micronesia,2012,,,,,,,50.7,30,30,,97.6,3.9,,57,83.7,73.4,81,20,30
FSM,Micronesia,2013,,,,,,,50.1,30,30,,97.5,0,,54.1,82.5,76.1,81,20,30
FSM,Micronesia,2014,,,,,,,49.8,30,30,,97.5,0,,51.7,77.9,75.2,81,25,30
FSM,Micronesia,2015,,,,,,,49.6,30,30,,93.2,0,,51,79.1,76.9,81,25,30
FSM,Micronesia,2016,,,,,,,51.8,30,30,,93.2,0,,57.5,79.1,82.1,85.6,30,30
FSM,Micronesia,2017,,,,,,,54.1,30,40.7,30,90.7,0,98.6,57.8,67.7,83.6,85.6,35,30
FSM,Micronesia,2018,,,,,,,52.3,5.2,38.8,25.4,93.2,7.4,98.7,57.6,67.4,83.8,85.6,35,30
FSM,Micronesia,2019,,,,,,,51.9,7.6,36.6,26.6,92.8,0,98.8,57.4,71.9,85.8,80.6,35,30
FSM,Micronesia,2020,,,,,,,52,30.1,22.3,26.5,92.9,0,99.2,56.9,78.2,82.2,70.8,35,30
FSM,Micronesia,2021,,,,,,,50.4,16.5,25,23.3,88.2,0,99.3,56.2,74.4,82.1,74.8,35,30
FSM,Micronesia,2022,,,,,,,61,54.3,56.8,82.2,80.7,0,99.5,52.4,81.5,84.3,74.8,35,30
FSM,Micronesia,2023,,,,,,,62.6,57.7,84.7,62.4,91,0,99.5,52.5,82,81.5,74.8,35,30
FSM,Micronesia,2024,,,,,,,61,64.7,56.9,84.3,84.2,0,99.6,53,72.5,77.6,74.8,35,30
FSM,Micronesia,2025,,,,,,,62.2,70,56,86.6,92.1,0,99.7,54.9,72.5,75.1,75,35,30
GAB,Gabon,1970,4.23,3.91,3.48,7.06,,2.72,,,,,,,,,,,,,
GAB,Gabon,1975,3.33,2.7,3.47,3.56,,2.72,,,,,,,,,,,,,
GAB,Gabon,1980,4.04,5.48,3.4,4.33,,2.72,,,,,,,,,,,,,
GAB,Gabon,1985,4.46,4.72,3.43,6.07,,3.1,,,,,,,,,,,,,
GAB,Gabon,1990,5.03,6.13,3.65,5.42,,4.37,,,,,,,,,,,,,
GAB,Gabon,1995,4.76,5.56,2.71,5.32,,4.46,57.5,50,50,,49.4,76,,70,,78.9,23.6,70,50
GAB,Gabon,1996,,,,,,,55.7,50,50,,52.5,75.5,,70,,59.5,23.6,70,50
GAB,Gabon,1997,,,,,,,58.8,50,50,,49.9,80.5,,70,,65.3,23.6,70,70
GAB,Gabon,1998,,,,,,,59.2,50,50,,49.5,78.6,,70,,74.4,20,70,70
GAB,Gabon,1999,,,,,,,60.5,50,50,,53.5,83.3,,70,,77.8,20,70,70
GAB,Gabon,2000,5.1,7.09,2.47,5.71,5.68,4.59,58.2,50,50,,53.1,79.7,,70,,81.1,20,50,70
GAB,Gabon,2001,5.01,6.27,2.46,5.61,5.73,5.01,55,50,50,,52.2,63.3,,55,,85.3,39,50,50
GAB,Gabon,2002,5.11,6.42,2.46,5.75,5.73,5.2,58,50,50,,53.2,76.5,,55,,89.5,48.2,50,50
GAB,Gabon,2003,5.12,6.42,2.46,5.81,5.73,5.2,58.7,50,50,,56.4,85.7,,55,,82.6,48.2,50,50
GAB,Gabon,2004,5.17,6.46,2.45,6.05,5.73,5.2,57.1,50,30,,61.5,84.1,,55,,85.3,48.2,50,50
GAB,Gabon,2005,5.15,6.18,2.45,6.27,5.72,5.2,54.8,50,30,,61.2,76.1,,55,60.2,81.9,53.4,50,30
GAB,Gabon,2006,5.13,6.17,2.69,5.9,5.77,5.19,56.1,50,33,,59.7,84.9,,53.3,60.2,84.3,55.2,50,30
GAB,Gabon,2007,5.19,6.46,2.69,5.86,5.75,5.25,54.8,40,29,,61.3,85.9,,53.3,60.1,81.6,56.4,40,40
GAB,Gabon,2008,5.17,6.5,2.69,5.8,5.74,5.2,54.2,40,30,,61.7,85.6,,53.2,60.1,74.6,56.4,40,40
GAB,Gabon,2009,5.17,6.49,2.69,5.32,5.84,5.53,55,40,33,,61.7,84.8,,59.9,60,73.8,57,40,40
GAB,Gabon,2010,4.89,5.09,2.7,5.44,5.82,5.4,55.4,40,31,,61.5,86.4,,58.8,57.4,71.4,62.1,45,40
GAB,Gabon,2011,4.81,5.05,2.59,5.3,5.83,5.28,56.7,40,29,,74.5,87.9,,57.3,58.8,73.8,61,45,40
GAB,Gabon,2012,4.75,5.07,2.52,5.11,5.88,5.18,56.4,40,28,,73.5,81.5,,57.7,59.8,77.7,61.1,45,40
GAB,Gabon,2013,4.79,5.11,2.42,5.36,5.92,5.14,57.8,40,30,,74.2,80.1,,56.5,63.1,77.5,61.1,55,40
GAB,Gabon,2014,4.9,6.04,2.59,5.49,5.43,4.95,57.8,40,29.1,,74.5,81.7,,58.9,63,75.1,61,55,40
GAB,Gabon,2015,5.1,6.26,2.61,6.28,5.36,4.98,58.3,40,34,,77.5,74.6,,57.9,64.3,78.4,61,55,40
GAB,Gabon,2016,5.26,6.33,2.61,6.81,5.4,5.12,59,40,37,,77.6,74.5,,58.4,61.9,78.4,61.8,60,40
GAB,Gabon,2017,5.25,6.57,2.47,6.37,5.8,5.02,58.6,35.9,37.6,26.7,77,81,96.1,50.6,58.4,83,61.8,55,40
GAB,Gabon,2018,5.31,6.71,2.47,6.23,5.83,5.29,58,29.9,33.4,27.8,74.3,84.6,92.3,49.3,61.7,81.4,60.9,60,40
GAB,Gabon,2019,5.38,6.79,2.45,6.47,5.86,5.32,56.3,28.1,35.5,30.6,75.8,86.6,82.1,52.1,53,80,51.2,60,40
GAB,Gabon,2020,5.32,6.65,2.48,6.63,5.47,5.4,56.7,36.9,36.7,20.8,74.3,89.3,88.9,52.1,52.3,77.3,51.2,60,40
GAB,Gabon,2021,5.36,6.54,3.2,6.02,5.65,5.38,58.1,24.2,36.4,25.5,77.7,90.8,93.7,54.7,52.9,84.5,56.8,60,40
GAB,Gabon,2022,5.28,6.5,3.17,5.66,5.57,5.48,55.8,26.8,24.4,18.6,77.4,90.2,89.5,49.9,54,81.5,56.8,60,40
GAB,Gabon,2023,,,,,,,56.1,27.2,18.2,25.6,77.3,90.4,90.7,50.1,55.4,83,55.1,60,40
GAB,Gabon,2024,,,,,,,56.9,26.7,23.7,19.4,77.4,90.8,92.5,63.5,54.8,78.6,55.2,60,40
GAB,Gabon,2025,,,,,,,56.3,25.4,21.7,19.8,77.7,88.4,85.7,64.9,55.7,78.1,58,60,40
GBR,United Kingdom,1970,6.07,4.62,7.48,7.31,4.15,7.19,,,,,,,,,,,,,
GBR,United Kingdom,1975,6.17,4.54,7.72,4.87,6.91,6.72,,,,,,,,,,,,,
GBR,United Kingdom,1980,6.99,5.3,7.77,5.87,9.18,6.77,,,,,,,,,,,,,
GBR,United Kingdom,1985,7.95,5.7,8.01,9.08,9.52,7.46,,,,,,,,,,,,,
GBR,United Kingdom,1990,8.11,6.51,8.39,8.48,9.53,7.6,,,,,,,,,,,,,
GBR,United Kingdom,1995,8.06,6.36,8.53,9.57,8.35,7.46,77.9,90,90,,61.3,37.3,,100,,85,77.8,70,90
GBR,United Kingdom,1996,,,,,,,76.4,90,90,,62.1,37.3,,85,,85.2,77.8,70,90
GBR,United Kingdom,1997,,,,,,,76.4,90,90,,61.7,39.3,,85,,84,77.8,70,90
GBR,United Kingdom,1998,,,,,,,76.5,90,90,,60.8,40.3,,85,,84.7,77.8,70,90
GBR,United Kingdom,1999,,,,,,,76.2,90,82,,62.3,44.5,,85,,84.1,77.8,70,90
GBR,United Kingdom,2000,8.56,7.08,8.5,9.15,9.53,8.52,77.3,90,87,,62.5,49.6,,85,,83.6,77.8,70,90
GBR,United Kingdom,2001,8.47,6.85,8.5,9.44,9.39,8.18,77.6,90,86,,61.7,52,,85,,85.7,78,70,90
GBR,United Kingdom,2002,8.51,7.03,8.45,9.6,9.39,8.05,78.5,90,87,,61.5,58.9,,85,,84.7,79.6,70,90
GBR,United Kingdom,2003,8.47,6.93,8.48,9.41,9.47,8.07,77.5,90,83,,60.9,51,,85,,85.9,81.4,70,90
GBR,United Kingdom,2004,8.37,6.81,8.41,9.42,9.12,8.09,77.7,90,87,,61.2,50.1,,85,,86.6,79.8,70,90
GBR,United Kingdom,2005,8.31,6.81,8.45,9.41,8.82,8.06,79.2,90,87,,62.3,43.5,,85,79,85,80.2,90,90
GBR,United Kingdom,2006,8.28,6.8,8.38,9.25,8.93,8.05,80.4,90,86,,62.3,43.5,,91.5,81.1,86.7,82.4,90,90
GBR,United Kingdom,2007,8.19,6.82,8.26,9.03,8.89,7.94,79.9,90,86,,62,42.7,,91.2,79,81.3,86.6,90,90
GBR,United Kingdom,2008,8.07,6.41,8.32,8.97,8.82,7.82,79.4,90,86,,61.2,40.1,,90.8,79.5,80.7,86,90,90
GBR,United Kingdom,2009,8.03,6.27,8.33,9.19,8.91,7.44,79,90,84,,61,40.3,,89.8,78.5,80.4,85.8,90,90
GBR,United Kingdom,2010,8.08,5.97,8.29,9.17,8.94,8.02,76.5,85,77,,61.8,41.9,,94.9,72.8,73.7,87.5,90,80
GBR,United Kingdom,2011,8.02,6.06,8.3,9.24,8.87,7.62,74.5,85,77,,52,32.9,,94.6,71.2,74.9,87.6,90,80
GBR,United Kingdom,2012,8.06,6.16,8.23,9.54,8.79,7.59,74.1,90,76,,56.4,21.5,,94.7,71.5,73.9,87.1,90,80
GBR,United Kingdom,2013,8.12,6.38,8.23,9.65,8.59,7.77,74.8,90,78,,57,27.7,,94.1,71.6,72.4,86.8,90,80
GBR,United Kingdom,2014,8.18,6.4,8.24,9.74,8.7,7.8,74.9,90,76.4,,56.6,29.5,,92,73.1,73.5,87.8,90,80
GBR,United Kingdom,2015,8.26,6.47,8.28,9.83,8.73,7.97,75.8,90,76,,62.9,30.3,,91.1,75.6,74.4,88,90,80
GBR,United Kingdom,2016,8.27,6.5,8.27,9.81,8.74,8.05,76.4,90,78,,64.9,39,,86,71.8,76.4,88,90,80
GBR,United Kingdom,2017,8.23,6.54,8.23,9.54,8.69,8.16,76.4,93.8,78.3,93,65.1,41.9,40.4,89.9,72.8,85,87,90,80
GBR,United Kingdom,2018,8.16,6.55,7.98,9.53,8.63,8.11,78,92.2,79,93.8,65.2,44.4,53.5,91.1,74.4,85.2,86.9,90,80
GBR,United Kingdom,2019,8.18,6.55,7.94,9.61,8.63,8.17,78.9,92.3,83.8,85.9,64.7,48.2,68.6,92.9,73.5,81.2,86,90,80
GBR,United Kingdom,2020,7.76,5.87,8,9.47,8.12,7.32,79.3,92.2,89.9,82.7,64.7,49.5,78.1,94.7,73.1,80.3,86.4,80,80
GBR,United Kingdom,2021,7.97,6.11,7.99,9.27,8.7,7.79,78.4,87.6,86.5,76.7,64.9,54.8,77.3,94.4,73.2,81,84,80,80
GBR,United Kingdom,2022,7.88,6.18,8.01,8.71,8.75,7.75,72.7,96.2,87.1,85.9,65.4,46.3,22.6,79.1,62.1,83,84.2,80,80
GBR,United Kingdom,2023,,,,,,,69.9,95.1,84.8,86.4,65.4,41.9,1.8,79.1,62.2,80.8,81.8,80,80
GBR,United Kingdom,2024,,,,,,,68.6,94.6,84.1,84.3,62.3,34.3,0,82.7,63.2,73.6,83.6,80,80
GBR,United Kingdom,2025,,,,,,,69.3,95.2,83.4,84.8,61,40.1,19,83.4,63.2,67.9,83.4,70,80
GEO,Georgia,1970,,,,,,,,,,,,,,,,,,,
GEO,Georgia,1975,,,,,,,,,,,,,,,,,,,
GEO,Georgia,1980,,,,,,,,,,,,,,,,,,,
GEO,Georgia,1985,,,4.38,,,,,,,,,,,,,,,,
GEO,Georgia,1990,,,4.33,,,1.54,,,,,,,,,,,,,
GEO,Georgia,1995,,2.81,4.36,,,1.14,,,,,,,,,,,,,
GEO,Georgia,1996,,,,,,,44.1,30,10,,92,61.3,,55,,0,69,50,30
GEO,Georgia,1997,,,,,,,46.5,30,10,,92,82.3,,55,,0,69,50,30
GEO,Georgia,1998,,,,,,,47.9,30,10,,91.7,95.5,,55,,0,69,50,30
GEO,Georgia,1999,,,,,,,52.5,30,10,,91.3,86.6,,55,,50.9,69,50,30
GEO,Georgia,2000,6.57,8.46,4.39,5.93,,6.56,54.3,30,10,,90.8,86.8,,55,,67.5,69,50,30
GEO,Georgia,2001,7.18,8.32,4.39,8.51,,6.62,58.3,50,23,,90.9,89.2,,55,,61.1,75.6,50,30
GEO,Georgia,2002,7.14,8.3,4.39,8.42,,6.58,56.7,30,23,,90.7,85.5,,55,,67.4,79.2,50,30
GEO,Georgia,2003,7.14,8.14,4.39,8.6,7.96,6.57,58.6,30,23,,90.6,88.9,,55,,74.8,64.8,50,50
GEO,Georgia,2004,7.17,7.96,4.84,8.55,7.67,6.79,58.9,30,24,,90.6,90.1,,55,,75.5,65.2,50,50
GEO,Georgia,2005,7.29,7.71,5.08,8.19,7.98,7.46,57.1,30,18,,89.9,90.5,,55,66.8,75.9,65.2,30,50
GEO,Georgia,2006,7.37,7.45,5.21,8.13,8.17,7.87,64.5,30,20,,94.1,90.8,,73.9,73.6,75.2,67.6,50,70
GEO,Georgia,2007,7.17,6.82,5.36,7.38,8.42,7.86,69.3,30,23,,91.2,88.4,,80.8,99.9,77.8,71.8,60,70
GEO,Georgia,2008,7.08,6.51,5.33,7.63,8.56,7.34,69.2,35,28,,90.7,81.2,,85,100,71.4,71,70,60
GEO,Georgia,2009,7.04,5.98,5.34,8.34,8.38,7.14,69.8,35,34,,86.8,74.6,,86.6,99.4,70.9,80.6,70,60
GEO,Georgia,2010,7.21,6.83,5.37,7.8,8.33,7.7,70.4,40,39,,89.1,65.3,,87.9,93.7,70.2,89.1,70,60
GEO,Georgia,2011,7.41,7.45,5.39,7.93,8.34,7.92,70.4,40,41,,87.5,60.3,,87.3,92.1,76.7,89.2,70,60
GEO,Georgia,2012,7.67,7.52,5.46,8.98,8.45,7.95,69.4,40,38,,87.8,55.8,,86.9,92.1,74.4,89.2,70,60
GEO,Georgia,2013,7.8,7.93,5.78,8.83,8.57,7.87,72.2,45,41,,88.2,68.9,,90.6,91.1,72.6,89.2,75,60
GEO,Georgia,2014,7.87,8.08,6.25,8.6,8.54,7.85,72.6,40,42.8,,87.3,69.7,,87.8,91.2,78.4,88.6,80,60
GEO,Georgia,2015,7.91,8.03,6.26,8.63,8.69,7.95,73,40,49,,87.2,73.8,,88.6,79.9,82.7,88.6,80,60
GEO,Georgia,2016,7.95,8.05,6.22,8.85,8.59,8.01,72.6,40,52,,87.6,75.3,,86.5,75.7,80.5,88.6,80,60
GEO,Georgia,2017,7.87,7.95,6.21,8.38,8.77,8.07,76,55.1,65,66.5,87.3,74.4,93.5,87.2,75.9,78.2,88.6,80,60
GEO,Georgia,2018,7.95,7.76,6.22,9,8.76,8,76.2,62.8,61.8,64.2,87,73.3,91.8,86.9,77.3,79.6,89.4,80,60
GEO,Georgia,2019,7.86,7.55,6.2,8.81,8.82,7.92,75.9,65.9,58.5,54.6,87.1,73.6,93.9,85.8,76.6,76,88.6,80,70
GEO,Georgia,2020,7.55,7.29,6.32,8.62,8.19,7.33,77.1,68.6,64.8,57.9,87.1,73.6,94.4,85.3,76.3,78.3,88.6,80,70
GEO,Georgia,2021,7.59,7.42,6.33,8.16,8.67,7.38,77.2,66.9,64.6,59.3,89.1,76.9,94.9,84.9,76.7,76.7,86,80,70
GEO,Georgia,2022,7.66,7.39,6.27,7.97,8.8,7.86,71.8,63.8,64.4,56.4,89.1,72.7,67.1,74.1,61.9,76,86.6,80,70
GEO,Georgia,2023,,,,,,,68.7,54.3,55.5,62.9,89.1,70,43,69.8,62.1,72,86,80,80
GEO,Georgia,2024,,,,,,,68.4,53.3,61.1,54.8,89.1,69.6,39.9,74.4,63,69.3,86.4,80,80
GEO,Georgia,2025,,,,,,,69,62.3,58.9,55.3,89.1,72.9,75.9,78.1,63.5,65.3,86.2,60,60
GHA,Ghana,1970,3.96,4.9,3.84,6.56,10,3.71,,,,,,,,,,,,,
GHA,Ghana,1975,3.35,4.77,3.43,4.08,10,3.54,,,,,,,,,,,,,
GHA,Ghana,1980,3,5.32,4.01,1.63,0.72,3.29,,,,,,,,,,,,,
GHA,Ghana,1985,2.93,5.13,3.26,2.44,0.72,2.99,,,,,,,,,,,,,
GHA,Ghana,1990,4.42,4.99,4.01,4.52,4.64,3.83,,,,,,,,,,,,,
GHA,Ghana,1995,5.29,5.76,5.31,3.96,5.81,5.74,55.6,50,70,,66.3,81.8,,55,,66.2,31.2,30,50
GHA,Ghana,1996,,,,,,,57.7,50,70,,73.8,74.8,,55,,64.3,31.2,50,50
GHA,Ghana,1997,,,,,,,56.7,50,50,,72.9,70.8,,55,,51.2,60,50,50
GHA,Ghana,1998,,,,,,,57,50,50,,73.3,72.3,,55,,51.2,61.6,50,50
GHA,Ghana,1999,,,,,,,57.9,50,50,,73.2,73.5,,55,,57.4,61.6,50,50
GHA,Ghana,2000,5.43,6.22,4.73,4.06,6.38,5.78,58.1,50,33,,73.3,84.1,,55,,66.2,61,50,50
GHA,Ghana,2001,5.53,6.7,4.7,4.15,6.3,5.85,58,50,33,,73,84.1,,55,,71,56,50,50
GHA,Ghana,2002,5.92,6.27,4.58,6.2,6.28,6.28,57.2,50,35,,73.3,79.7,,55,,65.9,55.6,50,50
GHA,Ghana,2003,5.96,6.9,4.68,5.27,6.6,6.36,58.2,50,34,,74.5,77,,70,,55.8,62.6,50,50
GHA,Ghana,2004,6.19,6.71,4.87,6.78,6.14,6.48,59.1,50,39,,77.5,67.9,,70,,61.6,65.6,50,50
GHA,Ghana,2005,6.2,6.83,4.87,6.75,6.22,6.36,56.5,50,33,,77.4,79.6,,70,50.2,58.8,66,50,30
GHA,Ghana,2006,6.69,8.63,5.34,7.02,6.49,5.96,55.6,50,36,,75.6,74.8,,50,49.5,64.5,55.4,50,50
GHA,Ghana,2007,6.78,8.67,5.33,7.09,6.95,5.85,57.6,50,40,,82.5,66.7,,54.9,48.4,70.1,63,50,50
GHA,Ghana,2008,6.6,8.69,5.29,6.89,6.79,5.33,57,50,33,,83.7,71.5,,53.4,47.6,68,63,50,50
GHA,Ghana,2009,6.7,8.77,5.34,6.64,6.73,6.01,58.1,50,37,,83.2,65.7,,56.7,45.3,69.6,63,50,60
GHA,Ghana,2010,6.55,8.82,5.4,6.08,6.76,5.67,60.2,50,39,,83.5,58.9,,56.8,57.4,65.9,65.3,65,60
GHA,Ghana,2011,6.51,8.22,5.37,6.31,6.68,5.93,59.4,50,39,,83.3,46.1,,63.4,56.1,63.3,67.8,65,60
GHA,Ghana,2012,6.52,8.53,5.42,6.37,6.55,5.68,60.7,50,41,,81.9,48.3,,62.9,62.9,66.9,67.8,65,60
GHA,Ghana,2013,6.57,8.57,5.3,6.35,6.54,6.08,61.3,50,39,,86,52.5,,61.5,61.6,64.8,67.8,70,60
GHA,Ghana,2014,6.11,8.38,5.27,4.59,6.03,6.24,64.2,50,40.4,,85.4,83.3,,62.6,60.2,65.8,64.8,70,60
GHA,Ghana,2015,6.19,8.24,5.4,4.46,6.31,6.52,63,50,46,,84.6,70.8,,62.5,56.9,69.2,64.8,65,60
GHA,Ghana,2016,6.22,8.63,5.19,4.57,6.37,6.35,63,50,48,,84.9,77.6,,61.5,56.5,66.5,65,60,60
GHA,Ghana,2017,6.43,8.73,5.23,5.06,6.67,6.45,56.2,51.6,35.5,40.9,84.5,76.3,9.2,59.6,57.4,64.5,65.1,70,60
GHA,Ghana,2018,6.36,8.26,5.11,5.27,6.67,6.5,56,48.9,32.9,43.7,83.5,79,9.5,59.5,56.2,63.7,65.1,70,60
GHA,Ghana,2019,6.5,8.51,5.12,5.65,6.74,6.49,57.5,49.1,35.5,44.2,78.8,82,23.9,56.5,59.9,66.3,63.4,70,60
GHA,Ghana,2020,6.32,8.48,5.15,5.39,6.36,6.22,59.4,52.5,32.2,46.1,78.4,88.1,35.6,58.4,59.3,68.9,63.8,70,60
GHA,Ghana,2021,6.35,8.47,5.21,5.69,6.31,6.05,59.2,49.3,32.3,38.2,82.8,87.8,31.7,62.9,60.9,71.7,62.4,70,60
GHA,Ghana,2022,5.96,8.56,5.16,3.22,6.67,6.16,59.8,60.7,45.4,57,82.8,83.8,7.8,60.9,55.4,70.8,63,70,60
GHA,Ghana,2023,,,,,,,58,50.5,57.2,45.3,82.9,81.2,6.5,53.3,55.8,70.3,63,70,60
GHA,Ghana,2024,,,,,,,55.8,50.1,43.9,57.3,79.5,75.5,2.9,52.9,55.7,58.6,63,70,60
GHA,Ghana,2025,,,,,,,56,50.5,45.8,58.2,79.9,81.6,6.2,56.6,55.9,52.7,64.4,60,60
GIN,Guinea,1970,,,2.62,,,,,,,,,,,,,,,,
GIN,Guinea,1975,,,2.58,,,,,,,,,,,,,,,,
GIN,Guinea,1980,,,2.65,,,5.72,,,,,,,,,,,,,
GIN,Guinea,1985,,7.14,2.35,,,5.72,,,,,,,,,,,,,
GIN,Guinea,1990,,3.5,2.78,,,6.69,,,,,,,,,,,,,
GIN,Guinea,1995,,7,2.57,,,7.3,59.4,50,10,,71.3,86.4,,70,,75.9,51,50,70
GIN,Guinea,1996,,,,,,,58.5,50,10,,71.4,89.1,,55,,80.2,51,50,70
GIN,Guinea,1997,,,,,,,52.9,30,10,,71.4,90.8,,55,,80.3,19,50,70
GIN,Guinea,1998,,,,,,,61,30,30,,71.4,90.5,,55,,82.8,69,50,70
GIN,Guinea,1999,,,,,,,59.4,30,30,,71.4,92.1,,55,,85,71,50,50
GIN,Guinea,2000,6.56,7.63,2.31,7.46,,7.24,58.2,30,30,,71.3,89.2,,55,,77.1,71,50,50
GIN,Guinea,2001,6.58,6.95,2.35,8.11,,7.21,58.4,30,30,,71.3,92.3,,55,,76.6,70.2,50,50
GIN,Guinea,2002,6.69,7.46,2.31,8.11,,7.1,52.9,30,25,,71.3,92.3,,55,,74.4,28,50,50
GIN,Guinea,2003,6.55,9.2,2.2,6.15,,7.32,54.6,30,25,,71.2,91.6,,55,,79.9,19,50,70
GIN,Guinea,2004,6.31,9.41,2.18,5.4,,7.11,56.1,30,25,,71.2,89.1,,55,,82.5,52.2,30,70
GIN,Guinea,2005,5.84,9.99,2.17,3.6,,6.88,57.4,30,25,,71,90,,55,70.5,75.2,57.2,30,70
GIN,Guinea,2006,4.77,9.89,2.05,2.17,,4.38,52.8,30,25,,70.3,90,,43.8,71,70.4,47.8,30,50
GIN,Guinea,2007,5.2,10,1.94,3.42,,4.48,54.5,30,30,,74.3,91.8,,40.9,70.5,57.5,59.6,30,60
GIN,Guinea,2008,5.74,10,2.34,3.89,,5.83,52.8,30,19,,70.1,88.7,,45.9,70.8,54.3,59.6,40,50
GIN,Guinea,2009,4.47,4.91,2.34,5.59,,4.3,51,20,19,,71.1,91.9,,45.2,66.3,57.4,59.6,40,40
GIN,Guinea,2010,3.95,4.84,2.41,3.75,,4.53,51.8,20,16,,69.9,93.1,,43.7,78,57.4,60,40,40
GIN,Guinea,2011,4.57,6.03,2.4,4.63,,4.7,51.7,20,18,,69.6,90.9,,40.8,66.6,70.3,61.2,40,40
GIN,Guinea,2012,4.58,5.52,2.4,5.35,,4.38,50.8,20,20,,69.3,82.6,,38.5,64.7,67.1,61.2,45,40
GIN,Guinea,2013,4.53,4.6,2.47,5.94,5.27,4.56,51.2,20,21,,69.6,82.6,,46.1,63.8,62.8,61.2,45,40
GIN,Guinea,2014,4.49,4.41,2.55,6.21,4.9,4.52,53.5,20,19.2,,69.3,86.2,,51.8,73.4,64.1,61.2,50,40
GIN,Guinea,2015,4.73,4.35,2.58,7.01,5.14,4.7,52.1,15,24,,68.1,79.5,,51.6,74.4,66.7,61.2,40,40
GIN,Guinea,2016,5.39,6.94,2.64,7.38,5.18,4.82,53.3,20,25,,68.5,81.2,,51.4,71.8,69.2,61.2,45,40
GIN,Guinea,2017,5.23,4.6,2.66,7.02,6.04,5.85,47.6,15.6,27.5,13.1,69.1,78.4,34.2,55.8,54.8,71.1,61.2,50,40
GIN,Guinea,2018,5.53,6.17,2.97,6.72,6.01,5.75,52.2,32.4,26.9,28.2,65.9,80.6,61,54.1,54,71.8,61.2,50,40
GIN,Guinea,2019,5.62,6.31,3.22,6.69,6.03,5.85,55.7,34.7,25.5,32.6,69.4,89.8,87.2,54.6,54.9,66.4,63.2,50,40
GIN,Guinea,2020,5.33,6.17,3.27,6.46,5.86,4.89,56.5,38.7,16.1,33.3,70,91.4,93.8,55.4,58,70.6,60.4,50,40
GIN,Guinea,2021,5.31,6.25,3.31,6.37,5.82,4.82,56.5,32.2,22,33.4,69.7,92.5,95.3,47.1,58.6,70.5,66.4,50,40
GIN,Guinea,2022,5.63,7.25,3.37,6.63,5.93,4.96,54.2,21.4,25.6,27.8,69.3,92.8,92,45.4,49.5,69.7,66.4,50,40
GIN,Guinea,2023,,,,,,,53.2,20.4,26.7,24.1,70.1,92.5,91.7,45.4,50,68.2,59.4,50,40
GIN,Guinea,2024,,,,,,,53.3,21.7,23.9,26.7,70.1,92.7,92.2,44.9,48.8,69,59.4,50,40
GIN,Guinea,2025,,,,,,,54.6,22.3,25.1,26.5,70.4,93,93.4,44.9,56.4,71.1,61.8,50,40
GMB,"Gambia, The",1970,,,5.09,,,,,,,,,,,,,,,,
GMB,"Gambia, The",1975,,,5.12,,,,,,,,,,,,,,,,
GMB,"Gambia, The",1980,,,5.17,,,7.68,,,,,,,,,,,,,
GMB,"Gambia, The",1985,,9.24,5.15,,,7.68,,,,,,,,,,,,,
GMB,"Gambia, The",1990,,7.57,5.87,,,7.68,,,,,,,,,,,,,
GMB,"Gambia, The",1995,,7.56,4.16,,,6,,,,,,,,,,,,,
GMB,Gambia,1996,,,,,,,,,,,,,,,,,,,
GMB,Gambia,1997,,,,,,,52.9,70,10,,72.5,80.8,,55,,69.9,58,30,30
GMB,Gambia,1998,,,,,,,53.4,70,10,,72.8,80.2,,55,,74.8,58,30,30
GMB,Gambia,1999,,,,,,,52.1,70,10,,70.5,72.5,,55,,74.5,56.4,30,30
GMB,"Gambia, The",2000,6.33,7.56,4,6.96,,6,52.7,50,10,,72.5,90.3,,55,,77.2,59.4,30,30
GMB,"Gambia, The",2001,6.28,7.43,3.98,6.96,,6,56.6,50,10,,72.7,90.3,,55,,73.9,57.4,50,50
GMB,"Gambia, The",2002,6.29,7.13,3.9,7.51,,6,57.7,50,10,,73,84.1,,55,,81.9,65.6,50,50
GMB,"Gambia, The",2003,5.56,5.96,3.86,5.91,,6,56.3,50,10,,72.9,85.3,,55,,78.1,55.4,50,50
GMB,"Gambia, The",2004,6.1,7.49,3.81,6.44,,6,55.3,50,10,,73.8,79.7,,55,,73.4,56.2,50,50
GMB,"Gambia, The",2005,6.85,7.63,4.46,8.23,,6.36,56.5,30,25,,73.5,80.6,,55,75.1,66.5,59.6,50,50
GMB,"Gambia, The",2006,6.67,7.76,4.46,7.63,,6.25,57.3,30,28,,71,84.3,,59.4,75,66,59.6,50,50
GMB,"Gambia, The",2007,6.71,8.84,4.46,6.92,,6.1,57.7,30,27,,72,70.8,,59.4,74.7,68.1,64.6,50,60
GMB,"Gambia, The",2008,6.88,8.25,4.41,8.04,,5.97,56.9,30,25,,72.5,72.8,,57.5,74.8,73.9,62.6,50,50
GMB,"Gambia, The",2009,6.55,7.15,4.37,7.95,,5.91,55.8,30,23,,71.9,74.4,,59.9,67,71.9,59.6,50,50
GMB,"Gambia, The",2010,6.55,7.05,4.36,7.87,7.28,6.17,55.1,25,19,,71.9,75.3,,58.5,63.8,71.6,60.6,55,50
GMB,"Gambia, The",2011,6.47,6.7,4.37,7.89,7.25,6.13,57.4,30,29,,73.2,79.7,,57.8,67.2,71.4,60.4,55,50
GMB,"Gambia, The",2012,6.51,6.83,4.26,7.93,7.26,6.25,58.8,30,32,,75,85.5,,56.3,67.2,71,60.5,60,50
GMB,"Gambia, The",2013,6.8,7.49,4.2,8.94,7.31,6.08,58.8,30,35,,75.1,82.7,,59.5,59.3,71.1,60.5,65,50
GMB,"Gambia, The",2014,6.79,7.55,4.2,8.94,7.18,6.08,59.5,30,31.7,,79,79.8,,57.4,65.8,71.3,65,65,50
GMB,"Gambia, The",2015,6.88,8.03,4.24,8.88,7.11,6.14,57.5,25,28,,75.4,73.4,,55.7,66.7,70.8,65,65,50
GMB,"Gambia, The",2016,6.88,7.78,4.32,8.88,7.18,6.24,57.1,25,29,,75.5,78,,53.4,65.8,64.7,65,65,50
GMB,"Gambia, The",2017,7.04,7.87,4.65,8.74,6.96,6.95,53.4,39.1,38.2,38.8,74.9,74.3,3.2,52.8,65.6,63.8,65,75,50
GMB,"Gambia, The",2018,7.05,8.32,4.58,8.81,6.8,6.75,52.3,34.4,36.8,38.8,71.9,74,0,54.2,64,63.2,64.7,75,50
GMB,"Gambia, The",2019,6.89,8.13,4.6,8.61,6.34,6.77,52.4,39.9,41.2,42.5,74.3,70.7,0,54,67.4,62.4,61.6,65,50
GMB,"Gambia, The",2020,7.04,8.59,4.65,8.75,6.35,6.87,56.3,43.9,39.2,43.4,74.6,85.6,25.3,53.5,67.4,63.3,64.6,65,50
GMB,"Gambia, The",2021,6.91,7.72,4.63,8.58,6.68,6.94,58.8,41.8,35.2,44.3,76.9,84.1,54.5,56,67.4,63.2,66.6,65,50
GMB,"Gambia, The",2022,6.85,7.28,4.74,8.08,7.28,6.88,58,47.6,38.1,37.2,79.3,84.1,68.9,50.5,47.3,64.1,63.8,65,50
GMB,Gambia,2023,,,,,,,57.9,47.2,36.4,36.9,79.3,83.5,70.4,50.5,47.4,63.3,64.4,65,50
GMB,Gambia,2024,,,,,,,58.2,55.3,36.2,45.4,79.3,84.3,62.5,49,47.6,60,64.4,65,50
GMB,Gambia,2025,,,,,,,56.8,55,39.5,45.2,79.3,84.8,56.9,50.6,48,55.7,66.8,50,50
GNB,Guinea-Bissau,1970,,,2.35,,,,,,,,,,,,,,,,
GNB,Guinea-Bissau,1975,,,1.85,4.36,,,,,,,,,,,,,,,
GNB,Guinea-Bissau,1980,,1.75,1.79,4.08,,,,,,,,,,,,,,,
GNB,Guinea-Bissau,1985,2.66,3.92,1.79,1.48,,2.31,,,,,,,,,,,,,
GNB,Guinea-Bissau,1990,2.87,6.08,1.87,0.89,,2.31,,,,,,,,,,,,,
GNB,Guinea-Bissau,1995,3.27,6.84,1.88,1.62,,2.47,,,,,,,,,,,,,
GNB,Guinea Bissau,1996,,,,,,,,,,,,,,,,,,,
GNB,Guinea Bissau,1997,,,,,,,,,,,,,,,,,,,
GNB,Guinea Bissau,1998,,,,,,,,,,,,,,,,,,,
GNB,Guinea Bissau,1999,,,,,,,33.5,10,10,,65.5,65.9,,40,,40.6,29.4,30,10
GNB,Guinea-Bissau,2000,4.29,6.52,1.73,3.43,5.85,4.06,34.7,10,10,,65.4,67.3,,40,,50.4,29.4,30,10
GNB,Guinea-Bissau,2001,4.86,6.5,1.87,5.31,5.79,4.79,42.5,10,10,,65.9,81.3,,40,,70.9,64.8,30,10
GNB,Guinea-Bissau,2002,4.95,6.69,1.72,5.87,5.8,4.66,42.3,10,10,,65.1,79.7,,40,,74.6,61,30,10
GNB,Guinea-Bissau,2003,4.95,6.04,1.72,6.41,5.8,4.66,43.1,10,10,,82.5,47.3,,40,,77.2,61,50,10
GNB,Guinea-Bissau,2004,5.02,5.94,1.97,6.63,5.79,4.53,42.6,10,10,,82.7,46.8,,40,,77.7,56.4,50,10
GNB,Guinea-Bissau,2005,5.07,5.91,2.01,6.61,6.2,4.42,46,10,10,,83,65.9,,40,51.6,83,56.4,50,10
GNB,Guinea-Bissau,2006,5.16,6.31,2.23,6.8,5.95,4.41,46.5,10,10,,81,58.7,,27.2,51.8,89,57.8,50,30
GNB,Guinea-Bissau,2007,4.97,6.33,2.23,6.55,5.96,3.7,46.1,20,10,,82.9,51,,27.2,51.6,80.7,57.8,40,40
GNB,Guinea-Bissau,2008,4.61,6.54,1.81,4.89,6.03,3.84,44.4,20,10,,88.4,56.5,,24.8,51.7,75.7,56.8,30,30
GNB,Guinea-Bissau,2009,5,6.6,1.78,6.07,6.03,4.46,45.4,20,22,,88.4,49.1,,24.2,50.5,73.5,66.8,30,30
GNB,Guinea-Bissau,2010,4.85,6.59,1.63,6.01,6.03,4,43.6,20,19,,88.6,47.3,,23.4,52.5,67,58.2,30,30
GNB,Guinea-Bissau,2011,4.88,6.51,1.61,5.54,6.03,4.69,46.5,20,19,,88.7,54.8,,25.5,61.4,72.2,63.6,30,30
GNB,Guinea-Bissau,2012,5.3,8.39,1.77,6.1,6.01,4.25,50.1,20,21,,88.7,63.3,,40.5,61,75.9,65.3,35,30
GNB,Guinea-Bissau,2013,5.38,8.27,1.91,6.53,6.01,4.18,51.1,20,22,,89.1,82,,41.3,54,72.7,65.3,35,30
GNB,Guinea-Bissau,2014,5.09,6.32,2.17,6,5.9,4.88,51.3,20,20.2,,89,86.6,,40.5,61.4,74.4,61.4,30,30
GNB,Guinea-Bissau,2015,5.36,8.1,2.31,5.81,5.97,4.58,52,20,19,,89.1,88,,39.6,61.7,77.5,65.4,30,30
GNB,Guinea-Bissau,2016,5.36,7.68,2.3,6.1,5.81,4.82,51.8,20,19,,89.3,94.1,,36.7,61.1,78.5,59.4,30,30
GNB,Guinea-Bissau,2017,5.39,7.82,2.3,6.2,5.77,4.81,56.1,33.8,28.7,48.7,89,87.5,75.3,46.7,60.9,77.7,65.2,30,30
GNB,Guinea-Bissau,2018,5.19,6.66,2.31,6.27,5.77,4.92,56.9,31.1,27.3,53.5,86.4,85.6,87.1,47.8,61.1,77.4,65.2,30,30
GNB,Guinea-Bissau,2019,5.61,7.94,2.35,6.67,6.32,4.79,54,32.6,25.3,42.9,88.8,86.7,81.4,35.9,61.2,78.1,55.6,30,30
GNB,Guinea-Bissau,2020,5.36,6.89,2.4,6.76,5.7,5.06,53.3,41.3,14.8,48.4,88.7,86.7,67.3,39.1,61.2,82.7,49,30,30
GNB,Guinea-Bissau,2021,5.38,7.3,2.39,6.55,5.7,4.94,54.9,39.5,20.2,50.8,88.7,88.7,69.6,37.9,61,86.7,55.8,30,30
GNB,Guinea-Bissau,2022,5.32,7.1,2.37,5.82,6.32,4.98,46,29.1,15.9,14,88.8,85.8,31.3,31.5,56.4,83.4,55.8,30,30
GNB,Guinea Bissau,2023,,,,,,,44.6,27.5,14.7,18.7,89.1,84.2,22.2,31.6,56.6,79.9,50.7,30,30
GNB,Guinea Bissau,2024,,,,,,,42.7,26.5,19.3,14.7,88.9,83.1,7.1,32.4,55,74.2,50.6,30,30
GNB,Guinea Bissau,2025,,,,,,,43.6,26.5,20.4,14,88.9,84.5,15.6,35.1,54.8,73.3,50.6,30,30
GNQ,Equatorial Guinea,1995,,,,,,,,,,,,,,,,,,,
GNQ,Equatorial Guinea,1996,,,,,,,,,,,,,,,,,,,
GNQ,Equatorial Guinea,1997,,,,,,,,,,,,,,,,,,,
GNQ,Equatorial Guinea,1998,,,,,,,,,,,,,,,,,,,
GNQ,Equatorial Guinea,1999,,,,,,,45.1,10,10,,89.3,81.4,,55,,66,54.4,30,10
GNQ,Equatorial Guinea,2000,,,,,,,45.6,10,10,,89.4,81.3,,55,,64,61,30,10
GNQ,Equatorial Guinea,2001,,,,,,,47.9,10,10,,89.5,90.3,,55,,75.1,61,30,10
GNQ,Equatorial Guinea,2002,,,,,,,46.4,10,10,,89.6,92.3,,55,,72.3,48.2,30,10
GNQ,Equatorial Guinea,2003,,,,,,,53.1,30,10,,89.7,96.7,,55,,68.2,48.2,50,30
GNQ,Equatorial Guinea,2004,,,,,,,53.3,30,10,,89.7,99.3,,55,,67.5,48.2,50,30
GNQ,Equatorial Guinea,2005,,,,,,,53.3,30,10,,92.7,93.3,,55,47.4,67.3,57,30,50
GNQ,Equatorial Guinea,2006,,,,,,,51.5,30,10,,75.4,96.7,,48.2,47.5,70.3,57,30,50
GNQ,Equatorial Guinea,2007,,,,,,,53.2,30,19,,75.4,84.1,,48.2,47,80.1,57.6,30,60
GNQ,Equatorial Guinea,2008,,,,,,,51.6,30,21,,75.4,82,,47.1,47.2,81.1,52.2,30,50
GNQ,Equatorial Guinea,2009,,,,,,,51.3,30,19,,75.5,86.3,,45.7,46.1,81.4,59.4,30,40
GNQ,Equatorial Guinea,2010,,,,,,,48.6,20,17,,75.5,83.9,,44.8,44.8,80.9,58.9,20,40
GNQ,Equatorial Guinea,2011,,,,,,,47.5,20,18,,75.5,80.5,,44.2,43.1,74.4,58.9,20,40
GNQ,Equatorial Guinea,2012,,,,,,,42.8,20,19,,75.5,28,,44.7,43.8,73.1,58.8,25,40
GNQ,Equatorial Guinea,2013,,,,,,,42.3,15,19,,75.4,39.3,,44.4,43.1,72.8,58.8,25,30
GNQ,Equatorial Guinea,2014,,,,,,,44.4,10,16.6,,75.5,62.6,,43.4,41.5,75.4,53.8,35,30
GNQ,Equatorial Guinea,2015,,,,,,,40.4,10,19,,75.4,31.4,,37.5,33.5,78.3,53.8,35,30
GNQ,Equatorial Guinea,2016,,,,,,,43.7,10,19,,75.4,45.6,,45.6,38.4,78.9,53.8,40,30
GNQ,Equatorial Guinea,2017,,,,,,,45,35.4,24.6,13.1,75.4,53.6,46.4,50.9,38.5,78.3,53.8,40,30
GNQ,Equatorial Guinea,2018,,,,,,,42,29.8,26.2,17.6,69.6,61,19.1,45.6,29.8,81.7,53.8,40,30
GNQ,Equatorial Guinea,2019,,,,,,,41,29.7,15.8,18.1,71.3,67.6,16.4,37.6,32.7,83.7,48.8,40,30
GNQ,Equatorial Guinea,2020,,,,,,,48.3,38.1,15.1,19.5,75.1,86.4,77.2,37.5,34.2,78.1,48.8,40,30
GNQ,Equatorial Guinea,2021,,,,,,,49.2,27.8,17,15.4,75.2,90,96.1,36.4,34.4,79.4,48.8,40,30
GNQ,Equatorial Guinea,2022,,,,,,,47.2,18.9,6.5,6.9,75.1,91,94.8,34.4,46.5,73,48.8,40,30
GNQ,Equatorial Guinea,2023,,,,,,,48.3,21.6,8.3,8.9,74.5,93.2,96.3,33.5,47.4,77.7,48.7,40,30
GNQ,Equatorial Guinea,2024,,,,,,,47.7,21,5.7,8.3,75.1,92.9,97.6,33.3,46.4,72.8,48.8,40,30
GNQ,Equatorial Guinea,2025,,,,,,,47.7,18.7,7.2,7.1,74.9,92.5,97.2,36.5,44.9,74.3,48.8,40,30
GRC,Greece,1970,5.72,7.89,3.06,8.35,6.27,3.6,,,,,,,,,,,,,
GRC,Greece,1975,5.66,7.93,4.12,6.91,6.47,3.49,,,,,,,,,,,,,
GRC,Greece,1980,5.89,7.37,4.88,7.12,6.26,4.13,,,,,,,,,,,,,
GRC,Greece,1985,5.54,5.28,5.43,6.96,5.36,4.47,,,,,,,,,,,,,
GRC,Greece,1990,6.17,6.19,5.89,6.89,6.87,4.84,,,,,,,,,,,,,
GRC,Greece,1995,6.47,6.15,6.38,7.34,7.64,4.79,61.2,70,50,,62.5,55.3,,70,,65.3,77.8,70,30
GRC,Greece,1996,,,,,,,60.5,70,50,,58,50.5,,70,,67.9,77.8,70,30
GRC,Greece,1997,,,,,,,59.6,70,40,,54,54.4,,70,,70.1,77.8,70,30
GRC,Greece,1998,,,,,,,60.6,70,50,,53.3,52.5,,70,,71.4,77.8,70,30
GRC,Greece,1999,,,,,,,61,70,54,,47.6,55.8,,70,,73.9,77.8,70,30
GRC,Greece,2000,7.2,5.95,5.77,9.16,8.78,6.36,61,70,49,,52.2,54.4,,70,,75.5,77.8,70,30
GRC,Greece,2001,7.08,5.92,5.64,9.27,8.57,6.01,63.4,70,49,,50.9,54.4,,70,,78.3,78,70,50
GRC,Greece,2002,7.2,6.11,5.63,9.36,8.78,6.13,59.1,50,49,,50.1,54.4,,70,,78.7,79.6,50,50
GRC,Greece,2003,7.18,5.91,5.65,9.43,8.89,6.01,58.8,50,42,,57.2,50.3,,70,,78.5,81.4,50,50
GRC,Greece,2004,7.17,6.01,5.61,9.49,8.73,6.03,59.1,50,42,,58.4,53.2,,70,,78.1,79.8,50,50
GRC,Greece,2005,7.16,6.15,6.31,9.38,7.89,6.1,59,50,43,,58,54.4,,70,56.1,78.1,80.2,50,50
GRC,Greece,2006,7.19,6.27,6.34,9.28,7.98,6.07,60.1,50,43,,61,53.9,,73.2,58.6,78.7,82.4,50,50
GRC,Greece,2007,7.26,6.49,6.44,9.37,7.96,6.07,58.7,50,43,,62.4,53.4,,69.7,58,78.4,81.6,50,40
GRC,Greece,2008,7.03,6.16,6.32,9.33,7.86,5.52,60.6,50,44,,65.6,57.8,,70.4,58.8,78.5,81,50,50
GRC,Greece,2009,6.95,5.87,5.9,9.47,7.89,5.64,60.8,50,46,,66.5,46.3,,78.7,61.2,78.8,80.8,50,50
GRC,Greece,2010,7.05,6.11,5.89,9.29,8.09,5.9,62.7,60,47,,65.9,41.9,,77.4,55.1,77.6,82.5,60,60
GRC,Greece,2011,7.11,6.17,5.77,9.45,8.12,6.06,60.3,50,38,,65.9,34.3,,76.2,55.2,80.6,82.6,60,60
GRC,Greece,2012,7.05,5.88,5.74,9.51,8.06,6.07,55.4,50,35,,65.3,16.2,,76.3,36.6,72.6,82.1,60,60
GRC,Greece,2013,6.87,4.54,6.09,9.59,8.09,6.03,55.4,40,34,,66.2,24.7,,77.1,42.1,73.4,81.8,65,50
GRC,Greece,2014,7,4.62,6.16,9.53,8.11,6.58,55.7,40,33.2,,65.9,19.2,,75.8,53.9,76.3,82.8,60,50
GRC,Greece,2015,6.64,4.25,6.18,8.42,7.89,6.47,54,40,40,,64.2,0,,73.3,51.6,77.8,83,60,50
GRC,Greece,2016,6.75,4.68,6.08,8.12,7.9,6.95,53.2,40,43,,64.4,0,,73.8,50.2,77.7,83,60,40
GRC,Greece,2017,6.61,4.34,6.06,7.68,7.95,7,55,52.5,41.3,56.1,61.1,5.4,58.1,74.3,51,78.2,82,60,40
GRC,Greece,2018,6.96,5.02,5.98,9.03,7.89,6.85,57.3,52.3,37.9,59,60.4,20.9,70.5,74.4,54.4,81,81.9,55,40
GRC,Greece,2019,7.07,5.35,6.01,9.21,8,6.79,57.7,52.4,37.7,49.5,59.1,23.3,79,74.1,52.5,79.1,81,55,50
GRC,Greece,2020,6.69,4.8,6.06,8.63,8.06,5.91,59.9,57,51.2,48.6,59,31.5,80,73.7,52,79.4,81.4,55,50
GRC,Greece,2021,6.88,4.77,6.13,8.93,8.38,6.21,60.9,55.5,53.6,53.5,59.9,34.2,80,75.8,49.8,80,84,55,50
GRC,Greece,2022,6.85,4.98,6.04,8.07,8.49,6.66,61.5,76,52.3,69.9,59.9,17.9,67.6,70.3,61.1,78.6,79.2,55,50
GRC,Greece,2023,,,,,,,56.9,76.7,69.9,52.9,60.8,9.7,18.1,70.3,60.7,79.6,78.6,55,50
GRC,Greece,2024,,,,,,,55.1,76.9,55.2,69.9,60.6,3.4,5.6,73.9,62.8,68.9,79.2,55,50
GRC,Greece,2025,,,,,,,60.6,77.3,51.8,70.4,60,14,58.9,78,61.7,70.7,79.6,55,50
GTM,Guatemala,1970,5.28,9.08,2.24,6.88,3.79,4.77,,,,,,,,,,,,,
GTM,Guatemala,1975,5.5,8.99,2.26,6.76,5.02,4.5,,,,,,,,,,,,,
GTM,Guatemala,1980,5.45,7.84,2.13,8.9,4.59,4.04,,,,,,,,,,,,,
GTM,Guatemala,1985,4.7,7.98,2.26,8.06,1.45,4.33,,,,,,,,,,,,,
GTM,Guatemala,1990,5.9,8.63,2.99,6.94,6,5.05,,,,,,,,,,,,,
GTM,Guatemala,1995,7,9.43,3.71,8.39,8.27,5.32,62,50,50,,86.8,96.6,,55,,66.9,52.4,50,50
GTM,Guatemala,1996,,,,,,,63.7,50,50,,84.1,96.6,,55,,69,69,50,50
GTM,Guatemala,1997,,,,,,,65.7,50,50,,81.5,97.5,,55,,70.7,67,50,70
GTM,Guatemala,1998,,,,,,,65.8,50,50,,81.4,97.3,,55,,69.6,69,50,70
GTM,Guatemala,1999,,,,,,,66.2,50,50,,84,97.3,,55,,70.4,69,50,70
GTM,Guatemala,2000,6.74,8.67,3.77,7.43,7.88,5.99,64.3,50,31,,82.7,96.4,,55,,72.2,71.8,50,70
GTM,Guatemala,2001,6.88,8.64,3.69,8.41,7.96,5.73,65.1,50,32,,86.7,94.9,,55,,74.8,72.6,50,70
GTM,Guatemala,2002,6.97,8.51,3.64,8.48,8.13,6.12,62.3,30,32,,79.8,95.7,,55,,74.7,73.6,50,70
GTM,Guatemala,2003,6.98,8.63,3.71,8.43,8.16,5.98,62.3,30,29,,79.8,95.5,,55,,78.3,73.4,50,70
GTM,Guatemala,2004,7.09,8.86,4.09,8.39,8.03,6.11,59.6,30,25,,79.8,95,,55,,77.4,73.8,30,70
GTM,Guatemala,2005,7.16,8.65,4.77,8.5,7.89,6.02,59.5,30,24,,77,95.4,,55,60.6,79.1,73.4,30,70
GTM,Guatemala,2006,7.3,8.54,4.7,8.57,8.55,6.16,59.1,30,22,,79.7,94.6,,49.2,62.4,78.1,75.2,50,50
GTM,Guatemala,2007,7.3,8.35,4.64,8.56,8.69,6.26,60.5,30,25,,79.8,96.1,,52.3,59.6,71.6,80.2,50,60
GTM,Guatemala,2008,7.24,8.41,4.54,8.24,8.72,6.3,59.8,30,26,,79.9,95.9,,54.6,60,72.9,78.4,50,50
GTM,Guatemala,2009,7.27,7.92,4.34,9.16,8.67,6.27,59.4,30,28,,79.4,93.5,,54.1,57.3,73.3,78.4,50,50
GTM,Guatemala,2010,7.33,8.13,4.37,9.02,8.58,6.56,61,35,31,,79.3,93.9,,52.5,54.3,70.2,84,60,50
GTM,Guatemala,2011,7.34,8.31,4.44,8.85,8.56,6.53,61.9,35,34,,79.5,94.4,,52.1,53.4,76.4,84.6,60,50
GTM,Guatemala,2012,7.46,8.49,4.52,9.09,8.57,6.63,60.9,30,32,,79.6,93.9,,48.5,53.5,77.3,84.6,60,50
GTM,Guatemala,2013,7.65,9.22,4.5,9.13,8.59,6.81,60,30,27,,79.6,93.6,,50.8,48.7,75.5,85.2,60,50
GTM,Guatemala,2014,7.64,9.23,4.56,9.29,8.47,6.65,61.2,25,28.7,,79.6,93.6,,58.4,49.3,76.7,85.4,65,50
GTM,Guatemala,2015,7.7,9.22,4.61,9.4,8.54,6.74,60.4,20,29,,79.6,94.1,,54.7,50.6,76.8,84.6,65,50
GTM,Guatemala,2016,7.67,9.27,4.58,9.27,8.52,6.68,61.8,20,32,,79.1,94.3,,62.5,50.9,77.9,86.4,65,50
GTM,Guatemala,2017,7.63,9.25,4.6,9.29,8.41,6.6,63,45,27.5,27.8,79.2,94.8,93.5,58.7,48.2,79.4,87,65,50
GTM,Guatemala,2018,7.61,9.22,4.55,9.34,8.4,6.56,63.4,40.4,27.3,33.1,79.2,95.3,95.3,57.3,48.3,77.6,87.2,70,50
GTM,Guatemala,2019,7.66,9.23,4.55,9.35,8.4,6.76,62.6,40.3,26.4,32.3,79.2,95.6,96.2,53.6,48.7,77,82.2,70,50
GTM,Guatemala,2020,7.51,9.11,4.62,9.28,7.85,6.69,64,45.5,29.6,32.2,79.2,95.6,95.7,62.6,48.4,77.4,82.2,70,50
GTM,Guatemala,2021,7.45,9.06,4.49,9.17,7.85,6.7,64,43.2,30.1,32.6,91.8,94.8,92.1,61.5,48.5,77.7,75.6,70,50
GTM,Guatemala,2022,7.45,9.06,4.34,8.81,8.37,6.69,63.2,39.8,26.5,36.9,91.5,94,83.3,62.1,50.3,79.3,75,70,50
GTM,Guatemala,2023,,,,,,,62.7,39.2,28.5,24.9,91.7,94,85.8,65.8,50.1,77.4,74.6,70,50
GTM,Guatemala,2024,,,,,,,62.4,38.8,22.8,27.9,91.3,93.7,87.5,66.4,50.4,74.6,75,70,50
GTM,Guatemala,2025,,,,,,,63.4,38.7,22.6,26.8,92,94.3,95.5,67.1,57.9,74.2,72.2,70,50
GUY,Guyana,1970,5.36,3.14,4.7,6.85,,6.31,,,,,,,,,,,,,
GUY,Guyana,1975,4.48,2.31,4.68,4.77,,6.31,,,,,,,,,,,,,
GUY,Guyana,1980,4.03,2.06,4.65,5.66,,4.03,,,,,,,,,,,,,
GUY,Guyana,1985,4,2.71,4.65,5.19,,3.74,,,,,,,,,,,,,
GUY,Guyana,1990,3.83,4.36,4.67,2.33,,3.94,,,,,,,,,,,,,
GUY,Guyana,1995,4.86,4.61,5.14,4.67,,5.19,45.7,50,10,,55.8,30.3,,55,,64,66,50,30
GUY,Guyana,1996,,,,,,,50.1,50,30,,55.9,37.3,,55,,71.5,51,50,50
GUY,Guyana,1997,,,,,,,53.2,50,30,,59.8,61.8,,55,,72.9,49.8,50,50
GUY,Guyana,1998,,,,,,,52.7,50,30,,58.9,53.7,,55,,76.2,51,50,50
GUY,Guyana,1999,,,,,,,53.3,50,30,,58.3,54.6,,55,,80.5,51,50,50
GUY,Guyana,2000,6.12,4.63,4.93,7.58,6.81,6.59,52.4,50,30,,59.9,44.5,,55,,81.4,51,50,50
GUY,Guyana,2001,6.06,4.04,4.93,7.72,7.04,6.52,53.3,50,30,,60.3,54.4,,55,,79,51,50,50
GUY,Guyana,2002,6.01,3.72,4.82,7.43,7.29,6.77,54.3,50,30,,60.9,47.1,,55,,79.1,66.8,50,50
GUY,Guyana,2003,5.9,3.39,4.69,7.33,7.29,6.75,50.3,50,30,,60.3,7.9,,55,,82.4,66.8,50,50
GUY,Guyana,2004,5.93,3.67,4.49,7.59,7.17,6.71,53,50,30,,60.9,14.5,,55,,81.1,65.2,50,70
GUY,Guyana,2005,6.34,5.86,4.51,7.45,7.1,6.75,56.5,50,30,,60.3,43,,55,62.5,80.1,63.8,50,70
GUY,Guyana,2006,6.15,4.77,4.55,7.49,7.24,6.66,56.6,50,30,,60.3,41.7,,56.9,62.9,80.7,63.8,50,70
GUY,Guyana,2007,6.1,4.94,4.6,6.83,7.31,6.79,53.7,40,25,,67.1,34.3,,57,62.5,74.1,67,50,60
GUY,Guyana,2008,6.25,5.27,4.58,7.24,7.34,6.8,48.8,40,25,,67.3,16,,56.6,63.1,73.9,65.8,40,40
GUY,Guyana,2009,6.27,4.85,4.64,7.66,7.27,6.93,48.4,40,26,,66.5,3.2,,60.9,65.2,69.6,72.6,40,40
GUY,Guyana,2010,6.22,4.8,4.55,7.68,7.18,6.9,48.4,35,26,,55.9,26.2,,63.4,65.2,71,71.3,30,40
GUY,Guyana,2011,6.2,4.83,4.5,7.43,7.19,7.02,49.4,30,26,,64.6,29.1,,66.8,60.3,75.8,71.3,30,40
GUY,Guyana,2012,6.28,4.92,4.56,7.77,7.19,6.97,51.3,30,27,,64,52,,65.5,65.3,77.4,71.5,30,30
GUY,Guyana,2013,6.24,4.66,4.54,7.83,7.2,6.97,53.8,30,25,,67.9,61.1,,66.3,75.4,75.9,71.2,35,30
GUY,Guyana,2014,6.15,4.71,4.52,7.95,6.57,6.98,55.7,30,24.4,,68.4,71.8,,64.3,72.6,78.1,72,45,30
GUY,Guyana,2015,6.36,5.44,4.58,8.08,6.52,7.2,55.5,25,27,,68.7,70.8,,63.8,74.5,78.4,72,45,30
GUY,Guyana,2016,6.25,4.84,4.67,8.25,6.52,6.99,55.4,30,30,,68.7,73.1,,63,70.7,77.4,70.8,40,30
GUY,Guyana,2017,6.11,4.31,4.68,8.28,6.51,6.78,58.5,37.7,33.9,34.1,68,72.8,80.9,63.2,70.9,79.8,70.7,60,30
GUY,Guyana,2018,6.07,4.17,4.68,8.29,6.46,6.74,58.7,42.1,34.8,42.5,68.4,70.8,73.8,60.3,70.5,79.3,71.5,60,30
GUY,Guyana,2019,5.99,3.98,4.68,8.18,6.42,6.7,56.8,41.7,33.2,42.9,67,69.4,77.6,59.3,62,76.9,66.8,55,30
GUY,Guyana,2020,5.8,3.99,4.71,7.27,6.05,6.97,56.2,53.6,34.1,42.6,66,64.4,58.6,58.9,62.1,82.5,66.8,55,30
GUY,Guyana,2021,5.46,3.85,4.7,6.43,6.04,6.29,57.4,44.9,38.5,40.4,64.6,77.3,69.8,58.2,62.1,81.3,66.8,55,30
GUY,Guyana,2022,5.6,3.87,4.79,6.3,6.4,6.63,59.5,46.9,41.5,47.4,67.5,74.8,67.4,63.1,67.3,83.3,69.4,55,30
GUY,Guyana,2023,,,,,,,56.9,46.7,47.1,40.2,73.2,76,39,67.1,73.8,79.6,55,55,30
GUY,Guyana,2024,,,,,,,57.3,46.8,39.2,48.3,74.9,80.2,25.8,70.9,76.7,75.5,64.4,55,30
GUY,Guyana,2025,,,,,,,58.2,48.2,38.6,48.3,76.9,83.6,39.7,71.1,76.7,76,54,55,30
HKG,"Hong Kong SAR, China",1970,8.95,9.5,8.88,8.8,9,8.67,,,,,,,,,,,,,
HKG,"Hong Kong SAR, China",1975,9.22,9.45,8.88,9.2,9.96,8.67,,,,,,,,,,,,,
HKG,"Hong Kong SAR, China",1980,9.18,9.55,9,8.29,9.98,9.13,,,,,,,,,,,,,
HKG,"Hong Kong SAR, China",1985,9.31,9.24,9.04,9.23,9.97,9.13,,,,,,,,,,,,,
HKG,"Hong Kong SAR, China",1990,9.26,9.21,8.82,9.19,9.99,9.13,,,,,,,,,,,,,
HKG,"Hong Kong SAR, China",1995,9.34,9.25,9.19,9.43,10,8.91,88.6,90,90,,93,93.5,,100,,80.8,90,90,70
HKG,Hong Kong,1996,,,,,,,90.5,90,90,,91.4,92,,100,,81.1,90,90,90
HKG,Hong Kong,1997,,,,,,,88.6,90,71,,91.8,93,,100,,81.1,90,90,90
HKG,Hong Kong,1998,,,,,,,88,90,70,,91.9,92.4,,100,,78,90,90,90
HKG,Hong Kong,1999,,,,,,,88.5,90,73,,91.8,92.9,,100,,79.2,90,90,90
HKG,"Hong Kong SAR, China",2000,8.89,9.03,7.72,8.88,9.88,8.92,89.5,90,78,,93,92.3,,100,,82.5,90,90,90
HKG,"Hong Kong SAR, China",2001,8.93,9,7.76,9.25,9.87,8.75,89.9,90,77,,93.7,91,,100,,87.4,90,90,90
HKG,"Hong Kong SAR, China",2002,8.89,8.67,7.76,9.4,9.79,8.81,89.4,90,77,,93.8,90.3,,100,,83.7,90,90,90
HKG,"Hong Kong SAR, China",2003,8.93,8.59,7.78,9.54,9.87,8.88,89.8,90,79,,93.6,90.2,,100,,85.5,90,90,90
HKG,"Hong Kong SAR, China",2004,8.98,8.83,8.09,9.78,9.31,8.88,90,90,82,,93.6,89.5,,100,,84.6,90,90,90
HKG,"Hong Kong SAR, China",2005,9.08,8.99,8.3,9.65,9.54,8.92,89.5,90,80,,93.6,89.7,,100,86.5,85.1,90,90,90
HKG,"Hong Kong SAR, China",2006,9.09,9.14,8.36,9.4,9.67,8.89,88.6,90,80,,93.3,87.9,,90,86.7,88.3,90,90,90
HKG,"Hong Kong SAR, China",2007,9.07,9.12,8.36,9.17,9.75,8.98,89.9,90,83,,92.9,91.9,,88.4,86.3,91.6,95,90,90
HKG,"Hong Kong SAR, China",2008,9.11,9.2,8.34,9.12,9.77,9.1,89.7,90,83,,92.8,93.1,,89,86.5,87.2,95,90,90
HKG,"Hong Kong SAR, China",2009,9.18,9.16,8.41,9.6,9.64,9.09,90,90,83,,93.4,93.1,,92.7,86.3,86.2,95,90,90
HKG,"Hong Kong SAR, China",2010,9.17,9.08,8.35,9.39,9.63,9.38,89.7,90,81,,93,93.7,,98.7,87.4,83.1,90,90,90
HKG,"Hong Kong SAR, China",2011,9.1,9.11,8.3,9.12,9.61,9.38,89.7,90,82,,93.3,89.6,,98.7,86.2,87.1,90,90,90
HKG,"Hong Kong SAR, China",2012,9.08,8.99,8.18,9.27,9.6,9.37,89.9,90,84,,93.1,91,,98.9,86.5,85.8,90,90,90
HKG,"Hong Kong SAR, China",2013,9.02,8.84,8.17,9.16,9.52,9.4,89.3,90,84,,92.9,88.9,,98.9,86.2,82.1,90,90,90
HKG,"Hong Kong SAR, China",2014,9.02,8.74,8.22,9.14,9.62,9.41,90.1,90,82.3,,93,89.7,,98.9,95.5,82,90,90,90
HKG,"Hong Kong SAR, China",2015,9.02,8.65,8.21,9.31,9.52,9.4,89.6,90,75,,93.2,89.7,,100,95.9,81.8,90,90,90
HKG,"Hong Kong SAR, China",2016,9.02,8.57,8.16,9.39,9.59,9.4,88.6,90,74,,92.6,90.7,,97.4,89,81.8,90,90,90
HKG,"Hong Kong SAR, China",2017,9.05,8.62,8.16,9.46,9.6,9.38,89.8,93.7,80.3,84,93,90,100,94.6,89.1,83.2,90,90,90
HKG,"Hong Kong SAR, China",2018,9.05,8.64,8.14,9.44,9.61,9.42,90.2,92.5,82.8,84.3,93.1,90.2,100,96.3,89.4,84.3,90,90,90
HKG,"Hong Kong SAR, China",2019,8.92,8.42,7.81,9.43,9.66,9.29,90.2,93.3,83.8,75.3,93.1,90.3,100,96.4,89.2,86.4,95,90,90
HKG,"Hong Kong SAR, China",2020,8.65,7.9,7.77,9.6,9.04,8.94,89.1,93.6,84.7,76.8,93,90.3,99.9,96.2,89.1,80.7,95,80,90
HKG,"Hong Kong SAR, China",2021,8.61,7.99,7.58,9.48,9.04,8.98,,,,,,,,,,,,,
HKG,"Hong Kong SAR, China",2022,8.58,7.34,7.49,9.53,9.66,8.86,,,,,,,,,,,,,
HND,Honduras,1970,6.01,7.96,2.69,9.43,,5.4,,,,,,,,,,,,,
HND,Honduras,1975,6.08,8.16,2.64,8.79,,4.27,,,,,,,,,,,,,
HND,Honduras,1980,5.47,6.42,2.77,8.7,,4.94,,,,,,,,,,,,,
HND,Honduras,1985,5.7,5.54,2.71,9.32,,5.75,,,,,,,,,,,,,
HND,Honduras,1990,5.78,6.39,2.95,8.49,5.3,5.85,,,,,,,,,,,,,
HND,Honduras,1995,6.15,6.78,3.33,7.16,8.38,5.2,57,50,30,,65.5,83.4,,55,,67.8,61,50,50
HND,Honduras,1996,,,,,,,56.6,50,30,,65.5,82.7,,55,,63.3,63,50,50
HND,Honduras,1997,,,,,,,56,50,30,,65.4,82.9,,55,,57.8,63,50,50
HND,Honduras,1998,,,,,,,56.2,50,30,,64.8,85.1,,55,,58.3,63,50,50
HND,Honduras,1999,,,,,,,56.7,50,30,,65.3,86.9,,55,,60.4,63,50,50
HND,Honduras,2000,6.56,8.23,3.36,7.31,7.5,6.39,57.6,50,17,,82.3,86.8,,55,,64.5,63,50,50
HND,Honduras,2001,6.61,8.21,3.38,7.82,7.52,6.09,57,30,18,,81.9,86.8,,55,,67.2,73.8,50,50
HND,Honduras,2002,6.85,8.66,3.36,8.41,7.64,6.19,58.7,50,18,,84.4,82.7,,55,,68.6,69.8,50,50
HND,Honduras,2003,6.89,8.5,3.4,8.53,7.89,6.13,60.4,50,27,,84.8,83.6,,55,,74.8,68.4,50,50
HND,Honduras,2004,6.87,8.51,3.52,8.55,7.6,6.16,55.3,30,27,,84.9,79.7,,55,,71.5,70,30,50
HND,Honduras,2005,6.91,8.66,3.63,8.52,7.54,6.21,55.3,30,23,,82.2,75.3,,55,44.7,72.2,70.4,30,70
HND,Honduras,2006,7.11,8.81,3.88,8.59,7.8,6.45,57.4,30,23,,82.1,78.5,,55.3,44,72.1,69.4,50,70
HND,Honduras,2007,7.1,8.63,3.93,8.43,7.9,6.6,59.1,30,26,,81.8,82.6,,56.1,44,71.5,79.2,50,70
HND,Honduras,2008,7.04,8.76,3.81,8.05,8.16,6.41,58.9,30,25,,84.5,82.6,,59.9,45.4,73.7,78,50,60
HND,Honduras,2009,7.02,8.38,3.69,8.77,7.96,6.31,58.7,30,25,,85.1,79.7,,64.4,40.9,73.5,78,50,60
HND,Honduras,2010,7.06,8.61,3.8,8.97,7.5,6.44,58.3,30,26,,84.7,73.5,,63,31.6,70.2,83.7,60,60
HND,Honduras,2011,7.07,8.69,3.75,8.83,7.6,6.46,58.6,30,25,,83.5,85.7,,62.1,29.7,73.2,77,60,60
HND,Honduras,2012,7,8.71,3.4,9.05,7.58,6.28,58.8,30,24,,83.7,83.4,,60.6,30,74.1,77.1,65,60
HND,Honduras,2013,7.07,8.63,3.89,9,7.57,6.29,58.4,30,26,,85.3,79.2,,61,26.8,73.9,77.1,65,60
HND,Honduras,2014,7.08,8.92,4.02,8.76,7.19,6.49,57.1,30,23.7,,84.9,79.8,,55.4,26.5,75.1,75.4,60,60
HND,Honduras,2015,7.13,8.93,3.8,9.07,7.26,6.58,57.4,30,26,,84.9,78.7,,53.2,28,75.4,77.6,60,60
HND,Honduras,2016,7.06,8.93,3.59,9.17,7.19,6.41,57.7,30,29,,84.2,72,,58,31,74.8,78.4,60,60
HND,Honduras,2017,7.05,8.86,3.7,8.99,7.2,6.48,58.8,45,32.2,38.2,83.3,74.7,64.1,56.9,31.2,77.3,78.4,65,60
HND,Honduras,2018,7.05,8.95,3.76,8.97,7.17,6.42,60.6,44.3,28.2,34.5,82.8,76.6,87.4,58.5,31.9,73.8,84.4,65,60
HND,Honduras,2019,7.06,8.96,3.76,9.02,7.17,6.37,60.2,43.4,25.3,31,82.8,78.2,95.9,56.9,32,73,79.4,65,60
HND,Honduras,2020,6.9,8.75,3.85,8.99,6.58,6.34,61.1,48.6,28.6,34.2,82.3,78.2,96.7,56.7,31.5,72.2,79.4,65,60
HND,Honduras,2021,6.89,8.8,3.86,8.95,6.56,6.3,59.8,45.5,29.1,36,82.2,79.3,96.7,48.7,32,71.8,71.8,65,60
HND,Honduras,2022,6.92,8.84,3.95,8.33,7.06,6.44,59.5,40.3,25.4,29,82.7,78.7,92.1,56.9,39.1,72.7,71.6,65,60
HND,Honduras,2023,,,,,,,58.7,38.3,29,23.4,83.8,77.5,84.4,60.8,38.4,72,71.6,65,60
HND,Honduras,2024,,,,,,,58.6,37.5,21.3,27.7,83,78.6,88.8,64.5,38.7,67.7,70.4,65,60
HND,Honduras,2025,,,,,,,59.6,38.1,25.1,27.1,84.5,79.2,94.8,65,38.8,68.2,69.4,65,60
HRV,Croatia,1970,,,,,,,,,,,,,,,,,,,
HRV,Croatia,1975,,,,,,,,,,,,,,,,,,,
HRV,Croatia,1980,,,,,,,,,,,,,,,,,,,
HRV,Croatia,1985,,,,,,,,,,,,,,,,,,,
HRV,Croatia,1990,,,4.13,1.65,,,,,,,,,,,,,,,
HRV,Croatia,1995,4.39,3.32,4.21,4.4,6.95,3.47,,,,,,,,,,,,,
HRV,Croatia,1996,,,,,,,48,50,30,,77.4,50.5,,55,,0,69,50,50
HRV,Croatia,1997,,,,,,,46.7,30,50,,74.4,50.5,,55,,0,60.8,50,50
HRV,Croatia,1998,,,,,,,51.7,30,50,,68.3,39.5,,55,,61.8,60.8,50,50
HRV,Croatia,1999,,,,,,,53.1,30,50,,68.4,38.4,,55,,72.1,63.8,50,50
HRV,Croatia,2000,5.83,4.22,4.6,7.39,7.32,5.54,53.6,30,50,,68.9,41.9,,55,,70,67,50,50
HRV,Croatia,2001,6.09,4.97,4.77,7.51,7.25,5.89,50.7,30,27,,66.9,33.7,,55,,71.7,71.6,50,50
HRV,Croatia,2002,6.12,4.83,4.77,7.83,7.24,5.9,51.1,30,37,,68.3,25,,55,,75.7,68.8,50,50
HRV,Croatia,2003,6.17,4.66,4.77,7.82,7.64,5.93,53.3,30,39,,77.6,28.6,,55,,76.3,72.8,50,50
HRV,Croatia,2004,6.21,4.68,4.85,7.98,7.45,6.06,53.1,30,38,,67.3,22.9,,55,,79.5,65.4,50,70
HRV,Croatia,2005,6.41,4.94,4.97,8.16,7.75,6.22,51.9,30,37,,59.3,26.2,,55,44.3,81.4,65.4,50,70
HRV,Croatia,2006,6.45,4.95,5.24,8.01,7.81,6.2,53.6,30,35,,69.6,23.2,,54.5,44.6,81.2,78.4,50,70
HRV,Croatia,2007,6.44,4.82,5.26,7.95,7.88,6.29,53.4,30,34,,69.9,24.4,,54.2,44.5,79.3,87.8,50,60
HRV,Croatia,2008,6.51,5.31,5.34,7.61,7.87,6.41,54.1,30,34,,68.8,28,,58.5,45.5,78.8,87.6,50,60
HRV,Croatia,2009,6.5,5.02,5.32,8.05,7.85,6.25,55.1,30,41,,68.7,31.7,,59.9,43.4,79,87.6,50,60
HRV,Croatia,2010,6.78,5.37,5.9,8.08,7.97,6.56,59.2,40,44,,70.3,47.1,,61.5,40.8,75.8,87.8,65,60
HRV,Croatia,2011,7.04,5.47,5.87,9.34,7.94,6.59,61.1,40,41,,74.6,50.3,,65.2,44.1,78.5,87.6,70,60
HRV,Croatia,2012,7.06,5.45,5.87,9.43,7.99,6.55,60.9,40,41,,76.4,45,,63.4,44.4,81.4,87.5,70,60
HRV,Croatia,2013,7.07,5.2,5.89,9.62,7.93,6.7,61.3,40,40,,75.4,48.7,,63,42.4,81.1,87.5,75,60
HRV,Croatia,2014,7.19,5.11,5.9,9.87,8.26,6.79,60.4,40,41.1,,69.4,45.8,,61.4,39.4,79.2,87.4,80,60
HRV,Croatia,2015,7.28,5.42,5.92,9.78,8.37,6.89,61.5,40,48,,74.9,46.5,,55.8,42.8,80,87.2,80,60
HRV,Croatia,2016,7.29,5.5,5.87,9.76,8.37,6.93,59.1,35,48,,70.8,33.7,,60.3,42.4,78.7,87.4,75,60
HRV,Croatia,2017,7.38,5.86,5.87,9.7,8.45,7.02,59.4,65.5,43.4,56.8,66.8,31.3,44.7,58.2,43.3,80.3,87.4,75,60
HRV,Croatia,2018,7.31,5.66,5.91,9.54,8.41,7,61,65.9,40.5,56.5,66,32.5,67.2,58.9,43,79.1,87.4,75,60
HRV,Croatia,2019,7.28,5.44,5.93,9.63,8.42,7,61.4,66,38.6,42.9,66.4,33.4,85.4,60.7,44,78.5,86,75,60
HRV,Croatia,2020,7.05,4.84,5.99,9.58,8.1,6.74,62.2,69.9,51,39.6,65.9,34.7,89.1,53.6,44,77.6,86.4,75,60
HRV,Croatia,2021,7.21,5.48,6.04,9.29,8.39,6.85,63.6,68.4,51.4,41.1,79,35.8,89.6,56.2,43.6,78.7,84,75,60
HRV,Croatia,2022,7.07,5.9,6.17,8.18,8.45,6.63,67.6,81.1,50,69.9,82.8,26.3,75.2,72.4,58.7,80.5,79.2,75,60
HRV,Croatia,2023,,,,,,,66.4,79.5,70,50.7,81.1,25.1,69.6,72.1,58.3,76.4,78.6,75,60
HRV,Croatia,2024,,,,,,,67.2,79.8,51.3,71,81.7,27.1,74.8,76.5,68.2,67.4,79.2,70,60
HRV,Croatia,2025,,,,,,,68.7,81.3,53.4,71.4,77.3,35.1,90.3,80.4,69.1,66.6,79.6,60,60
HTI,Haiti,1970,5.56,8.39,1.42,9.17,,2.25,,,,,,,,,,,,,
HTI,Haiti,1975,4.99,8.12,1.56,6.92,,2.25,,,,,,,,,,,,,
HTI,Haiti,1980,4.79,7.91,1.56,7.57,,2.26,,,,,,,,,,,,,
HTI,Haiti,1985,4.92,7.76,1.94,8.9,,2.44,,,,,,,,,,,,,
HTI,Haiti,1990,5.2,8.45,2.56,8.35,,2.78,,,,,,,,,,,,,
HTI,Haiti,1995,5.49,8.57,2.97,6.3,,5.02,43,10,10,,78.6,95.5,,40,,52.8,80,10,10
HTI,Haiti,1996,,,,,,,41,10,10,,78.6,97.7,,40,,47.5,65,10,10
HTI,Haiti,1997,,,,,,,45.8,10,10,,78.7,98.7,,40,,50,65,30,30
HTI,Haiti,1998,,,,,,,45.7,10,10,,78.5,96.6,,40,,54,61.8,30,30
HTI,Haiti,1999,,,,,,,45.9,10,10,,78.4,97.2,,40,,55.8,61.8,30,30
HTI,Haiti,2000,6.2,7.87,2.83,7.45,6.32,6.78,45.7,10,10,,78.3,90.3,,40,,61.4,61.8,30,30
HTI,Haiti,2001,6.21,8,2.8,7.65,6.17,6.69,47.1,10,10,,78.3,95.7,,40,,64.7,65,30,30
HTI,Haiti,2002,6.13,8.05,2.57,7.95,6.26,6,47.9,10,10,,78.3,95.7,,40,,67.9,68.8,30,30
HTI,Haiti,2003,6.11,8.81,2.59,6.09,6.93,6.22,50.6,10,10,,78.4,96.7,,40,,66.7,73.2,30,50
HTI,Haiti,2004,6.11,8.98,2.3,6.43,6.88,6.02,51.2,10,22,,78.2,96.9,,40,,68.7,65,30,50
HTI,Haiti,2005,6.16,8.64,2.22,7.14,7.36,5.46,48.4,10,15,,78.1,96.3,,40,61.9,55.4,67,30,30
HTI,Haiti,2006,6.25,8.65,2.5,7.44,7.4,5.26,49.2,10,15,,78,93.2,,36.2,62.2,58.6,79.2,30,30
HTI,Haiti,2007,6.24,8.23,2.28,8.05,7.52,5.13,51.4,10,18,,78,95.2,,38.6,62.6,62.2,79.2,30,40
HTI,Haiti,2008,6.27,8.18,2.28,7.59,7.64,5.66,49,10,18,,77.8,93.2,,35.8,62.6,65.3,67,30,30
HTI,Haiti,2009,6.43,7.72,2.27,8.74,7.6,5.85,50.5,10,16,,77.9,93.8,,37.7,61.2,69,79.4,30,30
HTI,Haiti,2010,6.11,7.16,2.21,7.97,7.32,5.92,50.8,10,14,,81.5,91.3,,36,69.2,67.1,79.1,30,30
HTI,Haiti,2011,6.06,7.11,2.2,7.65,7.32,6.03,52.1,10,18,,80.9,90.1,,37.5,76.4,73.7,74.8,30,30
HTI,Haiti,2012,5.83,6.99,2.26,6.81,7.45,5.66,50.7,10,22,,80.6,85.3,,33.3,65.4,76,74.8,30,30
HTI,Haiti,2013,6.12,7.09,2.28,7.48,7.46,6.28,48.1,10,18,,80.7,66.3,,33.4,63.6,74.2,74.8,30,30
HTI,Haiti,2014,6.34,7.17,2.34,7.71,8.19,6.28,48.9,10,16.9,,80.3,66.3,,33.3,68.5,73.6,70.4,40,30
HTI,Haiti,2015,6.26,7.36,2.33,7.28,8.03,6.3,51.3,10,19,,80.3,76.2,,43.1,63.7,73.5,77.6,40,30
HTI,Haiti,2016,6.12,7.7,2.35,6.5,7.72,6.34,51.3,10,19,,80.5,76.4,,47.1,62,76,72,40,30
HTI,Haiti,2017,6.06,7.73,2.33,6.3,7.69,6.25,49.6,12.6,19.1,25.1,80.3,81,51.8,49.4,62.1,73.8,70.6,40,30
HTI,Haiti,2018,6.06,7.83,2.23,6.39,7.63,6.21,55.8,25.1,24.6,42.5,80.1,85.6,83.6,48.3,64.1,68.9,71.9,45,30
HTI,Haiti,2019,6.17,9,2.24,5.75,7.63,6.24,52.7,10.4,20.3,25.3,79.9,88.3,95.9,36.2,62.6,66.5,72,45,30
HTI,Haiti,2020,6.08,8.48,2.25,5.56,7.93,6.18,52.3,16.4,22.3,23.3,80.2,89.4,96.3,33.6,62.3,61.5,67,45,30
HTI,Haiti,2021,5.88,8.2,2.05,6.01,7.22,5.93,50.8,12.6,22,15.1,80.2,91.3,92.9,33,62.1,59.7,65.4,45,30
HTI,Haiti,2022,5.8,8.73,1.94,4.9,7.56,5.85,50,24.1,14.3,18.6,81.5,97,94.8,33.5,54.7,56.2,65.4,30,30
HTI,Haiti,2023,,,,,,,49.9,23.2,18.5,15.8,81.7,96.8,90,33.4,55.1,58.3,66.5,30,30
HTI,Haiti,2024,,,,,,,48.2,12,12.5,17.5,81.7,97.5,89.9,32.4,55.1,53.8,66.4,30,30
HTI,Haiti,2025,,,,,,,46.1,10.7,13,16.7,81.7,98.1,96.6,33.3,54.9,41.2,66.4,20,20
HUN,Hungary,1970,4.12,3.06,5.57,6.9,,2.89,,,,,,,,,,,,,
HUN,Hungary,1975,4.11,3.07,5.55,6.83,,2.89,,,,,,,,,,,,,
HUN,Hungary,1980,4.18,3.31,5.53,6.66,2.61,3.01,,,,,,,,,,,,,
HUN,Hungary,1985,4.5,3.36,5.54,7.02,2.95,3.77,,,,,,,,,,,,,
HUN,Hungary,1990,5.55,5.12,6.32,5.92,4.76,5.37,,,,,,,,,,,,,
HUN,Hungary,1995,6.66,6.64,6.65,5.87,8.75,5.81,55.2,70,50,,46.8,0,,85,,64.2,61,70,50
HUN,Hungary,1996,,,,,,,56.8,70,50,,55.8,0,,70,,66.6,59,70,70
HUN,Hungary,1997,,,,,,,55.3,70,41,,54.4,0,,70,,63,59,70,70
HUN,Hungary,1998,,,,,,,56.9,70,49,,55.7,2.9,,70,,63.8,61,70,70
HUN,Hungary,1999,,,,,,,59.6,70,52,,62.6,12.8,,70,,66.3,63.2,70,70
HUN,Hungary,2000,6.94,6.8,6.34,6.74,7.73,7.15,64.4,70,50,,63.9,39.3,,70,,69.6,76.6,70,70
HUN,Hungary,2001,7.33,6.67,6.28,8.21,8.64,6.92,65.6,70,52,,65.7,41.9,,70,,73.3,77.8,70,70
HUN,Hungary,2002,7.13,5.6,6.26,8.8,8.52,6.51,64.5,70,52,,65.5,28,,70,,74.7,80,70,70
HUN,Hungary,2003,7.2,5.77,6.23,8.9,8.5,6.66,63,70,53,,65.6,22.3,,70,,70.6,76,70,70
HUN,Hungary,2004,7.29,5.81,6.19,8.65,8.8,7.03,62.7,70,49,,65.6,20.1,,70,,73.7,76,70,70
HUN,Hungary,2005,7.27,5.69,6.33,9.07,8.33,6.98,63.5,70,48,,67.9,25.6,,70,68.2,75.6,70,70,70
HUN,Hungary,2006,7.17,5.32,6.38,8.96,8.55,6.69,65,70,48,,68.2,27.1,,70.8,69.5,74.3,82.4,70,70
HUN,Hungary,2007,7.21,5.67,6.43,8.62,8.46,6.93,64.8,70,50,,68.8,26.8,,70.2,68.7,76.6,86.6,70,60
HUN,Hungary,2008,7.25,5.8,6.29,8.84,8.42,6.97,67.6,70,52,,70,26.5,,74.4,70.3,77.2,86,80,70
HUN,Hungary,2009,7.36,5.72,6.46,9.04,8.51,7.1,66.8,70,53,,70.6,19.2,,77.4,68.4,73.8,85.8,80,70
HUN,Hungary,2010,7.43,5.8,6.39,9.09,8.3,7.58,66.1,65,51,,68.6,25.9,,76.8,67.6,74.1,87.5,75,70
HUN,Hungary,2011,7.48,6.26,6.26,9.24,8.18,7.44,66.6,65,51,,69.7,27.4,,76.5,67.7,75.9,87.6,75,70
HUN,Hungary,2012,7.49,6.12,6.4,9.24,8.13,7.58,67.1,70,47,,78.6,24.4,,79.8,67.6,76.1,87.1,70,70
HUN,Hungary,2013,7.45,5.9,6.43,9.64,8.14,7.16,67.3,65,46,,79.7,29.7,,79.1,64.4,77.1,86.8,75,70
HUN,Hungary,2014,7.53,5.84,6.37,9.84,8.63,6.98,67,60,48.6,,81.1,26.8,,79.3,65.7,75.6,87.8,75,70
HUN,Hungary,2015,7.44,5.54,6.28,9.78,8.5,7.09,66.8,55,54,,78.7,25.9,,74.5,67.7,79.2,88,75,70
HUN,Hungary,2016,7.59,6.41,6.25,9.7,8.51,7.05,66,45,54,,78.7,26.7,,70.6,63.8,88.3,88,75,70
HUN,Hungary,2017,7.48,6.15,6.27,9.38,8.59,7.02,65.8,60.1,41.5,51.8,79.3,25.3,79.3,64,64.4,91.7,87,75,70
HUN,Hungary,2018,7.41,5.91,6.31,9.29,8.56,6.99,66.7,57.6,36.4,57.1,78.6,29.4,82.4,61.8,68.7,91.6,86.9,80,70
HUN,Hungary,2019,7.41,5.93,6.3,9.21,8.58,7.03,65,60.9,35.3,45.2,78.6,31.7,85,61.1,64.7,81.8,86,80,70
HUN,Hungary,2020,7.19,5.89,6.35,9.02,8.04,6.64,66.4,64.8,47.5,45.7,79.9,34.5,83.6,60.2,64.6,79.9,86.4,80,70
HUN,Hungary,2021,7.31,6.01,6.4,8.85,8.62,6.64,67.2,65.6,48.7,52.4,83.6,35,83.3,59.9,64.8,78.8,84,80,70
HUN,Hungary,2022,7.12,6.23,6.38,7.61,8.7,6.66,66.9,75.8,44.4,62.2,84.1,31.6,58.4,77.2,61.2,78.5,79.2,80,70
HUN,Hungary,2023,,,,,,,64.1,69.5,62.5,44.8,84.2,29.8,38.9,73.5,61.3,76.5,78.6,80,70
HUN,Hungary,2024,,,,,,,61.2,69.6,44.3,63,85.4,27.7,11.5,73.5,62,68.8,79.2,80,70
HUN,Hungary,2025,,,,,,,61.4,69.2,42.2,62.7,85.3,28.5,17.6,76.1,60.3,65.1,79.6,80,70
IDN,Indonesia,1970,4.09,7.39,1.98,5.23,3.62,2.68,,,,,,,,,,,,,
IDN,Indonesia,1975,4.64,7.23,2.65,6.46,4.81,2.54,,,,,,,,,,,,,
IDN,Indonesia,1980,4.66,6.48,2.63,6.61,5.46,2.44,,,,,,,,,,,,,
IDN,Indonesia,1985,5.57,7.63,2.74,8.79,6.01,3.07,,,,,,,,,,,,,
IDN,Indonesia,1990,5.74,7.92,2.48,8.28,6.26,3.93,,,,,,,,,,,,,
IDN,Indonesia,1995,6.02,8.01,3.23,8.84,6,4.27,54.9,50,10,,73.1,89.7,,55,,70.9,45,50,50
IDN,Indonesia,1996,,,,,,,61,50,10,,80,90,,55,,71.3,73,70,50
IDN,Indonesia,1997,,,,,,,62,50,19,,79.9,90.3,,55,,70.8,73,70,50
IDN,Indonesia,1998,,,,,,,63.4,50,27,,80.1,94.3,,55,,71.7,73,70,50
IDN,Indonesia,1999,,,,,,,61.5,50,27,,80,95.4,,55,,73.3,73,70,30
IDN,Indonesia,2000,5.93,8.07,3.45,6.21,7.08,4.82,55.2,50,20,,79.7,76.5,,55,,49.4,66,70,30
IDN,Indonesia,2001,5.62,8.04,3.42,5.55,7.15,3.97,52.5,30,17,,80.4,86.8,,55,,56.2,67.2,50,30
IDN,Indonesia,2002,5.83,7.9,3.67,6,7.14,4.46,54.8,30,17,,79.4,86.8,,55,,72.4,72.6,50,30
IDN,Indonesia,2003,6.16,7.72,4.03,7.17,7.32,4.54,55.8,30,19,,77.5,91.1,,55,,74.6,74.6,50,30
IDN,Indonesia,2004,6.17,7.76,3.95,7.26,7.29,4.6,52.1,30,19,,77.5,84.4,,55,,68.9,74.2,30,30
IDN,Indonesia,2005,6.37,8.09,4.02,6.98,7.13,5.67,52.9,30,19,,77.5,90,,55,49.1,71.7,77.2,30,30
IDN,Indonesia,2006,6.4,8.18,4.06,6.6,7.52,5.67,51.9,30,20,,77.3,86,,46.6,51,73.6,74.6,30,30
IDN,Indonesia,2007,6.51,8.18,4.13,7.19,7.45,5.64,53.2,30,22,,77.5,89.1,,48.2,50.1,70.9,74,30,40
IDN,Indonesia,2008,6.41,8.05,4.26,6.86,7.37,5.55,53.2,30,24,,77.5,89.7,,49.1,50.3,68.2,73,30,40
IDN,Indonesia,2009,6.5,8.16,4.24,7.21,7.34,5.59,53.4,30,23,,77.5,88,,46.7,50.9,71.6,76.4,30,40
IDN,Indonesia,2010,6.81,8.4,4.24,8.55,7.08,5.81,55.5,30,26,,81.9,89.1,,53.1,50.8,70.8,77.9,35,40
IDN,Indonesia,2011,6.78,8.32,4.29,8.51,6.98,5.81,56,30,28,,83,88.9,,54.9,51.8,74.3,73.8,35,40
IDN,Indonesia,2012,6.79,8.27,4.33,8.6,7,5.74,56.4,30,28,,83.5,91.6,,54.6,52.1,75.2,73.9,35,40
IDN,Indonesia,2013,6.8,8.28,4.36,8.72,6.99,5.66,56.9,30,30,,83.4,89.2,,50.2,50.8,75.5,75,35,50
IDN,Indonesia,2014,6.85,8.28,4.39,8.75,7.14,5.67,58.5,30,28,,83.4,89.8,,54.8,47.8,76.4,74.8,40,60
IDN,Indonesia,2015,6.9,8.43,4.46,8.83,7.07,5.69,58.1,30,32,,83.3,88.3,,49.3,48.7,74.9,74.8,40,60
IDN,Indonesia,2016,7.06,8.56,4.67,9.23,7.06,5.75,59.4,30,34,,83.4,89,,54,49.3,74.3,80.4,40,60
IDN,Indonesia,2017,7.08,8.56,4.69,9.27,7.12,5.76,61.9,48.3,44.7,39.3,83.6,89.9,90.1,49.1,48.9,74,80.5,35,60
IDN,Indonesia,2018,7.11,8.54,4.68,9.39,7.18,5.76,64.2,49.3,42.8,45.2,83.7,90.7,89.4,57.3,50.3,81.6,80.5,40,60
IDN,Indonesia,2019,7.1,8.42,4.65,9.45,7.18,5.82,65.8,52.2,39.5,53.5,83.7,91.4,88.1,69.3,49.3,77.4,79.8,45,60
IDN,Indonesia,2020,6.91,8.22,4.66,9.41,6.56,5.71,67.2,59.8,37.2,56.2,83.4,91.7,90.2,70,49.2,78.4,80.8,50,60
IDN,Indonesia,2021,6.94,8.41,4.58,9.33,6.52,5.86,66.9,59.4,39.1,48.9,83.7,91.8,90.7,71.3,49.2,79,79.2,50,60
IDN,Indonesia,2022,6.96,8.51,4.53,8.92,7.04,5.81,64.4,38.6,39.9,43.2,85.3,91.2,80.1,66.6,59.3,80.3,78.6,50,60
IDN,Indonesia,2023,,,,,,,63.5,38.5,44.2,39.3,81.9,90.6,66.8,70.6,59.5,81.5,78.8,50,60
IDN,Indonesia,2024,,,,,,,63.5,39.2,38.6,44.5,81.7,90.2,66.8,73.1,59.5,78.4,79.6,50,60
IDN,Indonesia,2025,,,,,,,65.2,39.8,40.1,45.3,81.8,90.9,84.9,73,59.3,78,79.4,50,60
IND,India,1970,5.46,5.69,4,6.69,,6.57,,,,,,,,,,,,,
IND,India,1975,4.54,5.18,3.84,6.28,3.49,3.69,,,,,,,,,,,,,
IND,India,1980,4.82,5.01,4.07,5.86,3.74,5.24,,,,,,,,,,,,,
IND,India,1985,4.75,4.43,4.29,6.54,3.06,5.18,,,,,,,,,,,,,
IND,India,1990,5,5.31,4.36,6.6,3.36,5.16,,,,,,,,,,,,,
IND,India,1995,5.53,6.41,5.28,6.48,3.94,5.33,45.1,50,10,,46.8,92.4,,55,,71.7,0,50,30
IND,India,1996,,,,,,,47.4,50,10,,63.5,88.7,,55,,65.6,14,50,30
IND,India,1997,,,,,,,49.7,50,28,,67.1,88.7,,55,,65.1,13.2,50,30
IND,India,1998,,,,,,,49.7,50,26,,67.1,89.7,,55,,65.6,13.2,50,30
IND,India,1999,,,,,,,50.2,50,28,,77.8,90.6,,55,,67.2,24,30,30
IND,India,2000,6.14,7.36,4.75,6.52,5.85,6.26,47.4,50,29,,76.6,73,,55,,63.7,19.6,30,30
IND,India,2001,6.1,7.56,4.7,6.58,5.98,5.67,49,50,29,,77,76.5,,55,,68.2,25.6,30,30
IND,India,2002,6.12,7.33,4.86,6.53,6.01,5.84,51.2,50,28,,76.7,78.1,,55,,70.8,21.8,50,30
IND,India,2003,6.21,7.38,4.88,6.76,6.1,5.95,51.2,50,27,,76.6,71.9,,55,,77.6,23,50,30
IND,India,2004,6.11,7.09,5.13,6.75,5.66,5.94,51.5,50,27,,74.2,77.1,,55,,77,23.6,50,30
IND,India,2005,6.28,7.43,5.32,6.68,6.03,5.97,54.2,50,28,,75.6,76.3,,55,61.7,77.4,38,50,30
IND,India,2006,6.1,7.35,5.24,6.32,6.2,5.39,52.2,50,28,,76.1,74.6,,49.6,62.3,77.6,24,50,30
IND,India,2007,6.11,7.53,5.23,6.24,6.14,5.43,53.9,50,29,,76,71.4,,50.8,63.2,77.2,51.2,40,30
IND,India,2008,6.03,7.32,5.22,5.96,6.29,5.38,54.1,50,33,,75.7,73.5,,50.9,66.5,70.3,51,40,30
IND,India,2009,5.97,7.22,5.14,5.66,6.3,5.52,54.4,50,35,,73.8,77.8,,54.4,62.3,69.3,51,30,40
IND,India,2010,5.95,7.38,5.07,5.45,6.11,5.73,53.8,50,34,,73.4,76.1,,36.3,57.7,67.5,67.9,35,40
IND,India,2011,6.12,7.62,5.11,5.83,6.13,5.93,54.6,50,34,,75.4,77.8,,36.9,67.2,65.1,64.2,35,40
IND,India,2012,6.11,7.76,5.1,5.95,6.04,5.71,54.6,50,33,,76.1,74.8,,35.5,74.2,62.9,64.1,35,40
IND,India,2013,6.1,7.72,5.03,5.84,6.01,5.91,55.2,50,31,,78.3,77.9,,37.3,73.6,65.3,63.6,35,40
IND,India,2014,5.99,7.61,4.99,6.25,5.32,5.8,55.7,50,31.5,,79.4,77.8,,37.7,74,65.5,65.6,35,40
IND,India,2015,6.3,7.56,5.13,7.59,5.36,5.85,54.6,55,36,,79.4,78.3,,43.3,48.7,65.3,64.6,35,40
IND,India,2016,6.39,7.66,5.15,7.82,5.39,5.93,56.2,55,38,,77.1,78.1,,47.6,47.8,72.8,71,35,40
IND,India,2017,6.61,7.59,5.13,8.12,6.15,6.06,52.6,55.4,44.3,44.4,77.2,77.4,11,52.8,41.6,75,72.6,40,40
IND,India,2018,6.57,7.41,5.28,8,6.19,5.96,54.5,55.4,47.2,54.3,79.4,77.7,13.2,56.4,41.8,75.9,72.4,40,40
IND,India,2019,6.56,7.6,5.24,7.71,6.21,6.07,55.2,57.3,47.8,61.6,79.4,77.3,14.7,57.1,41.8,72.4,72.4,40,40
IND,India,2020,6.62,7.68,5.3,7.77,6.27,6.09,56.5,63,47.2,64.1,79.4,77.9,13.1,65.6,41.2,73,73.4,40,40
IND,India,2021,6.57,7.68,5.28,7.71,6.18,6.02,56.5,59.2,48.1,55.9,78.7,78.5,18,76.7,41.3,72.1,69.4,40,40
IND,India,2022,6.58,7.73,5.29,7.51,6.18,6.17,53.9,49.9,42.4,51.5,79.5,76.2,4,63.9,58.2,70,71,40,40
IND,India,2023,,,,,,,52.9,49.7,53,42.2,78.5,73.8,5.8,64.3,58.1,70,59.8,40,40
IND,India,2024,,,,,,,52.9,49.2,40.8,52.1,73.7,73.5,6.9,68.3,58.4,69.1,62.2,40,40
IND,India,2025,,,,,,,53,51.1,37.6,53.2,71.3,74.2,6.2,72.3,59,69.9,61,40,40
IRL,Ireland,1970,6.65,5.96,7.2,6.65,6.73,6.57,,,,,,,,,,,,,
IRL,Ireland,1975,6.39,5.25,7.19,5.7,7.22,6.53,,,,,,,,,,,,,
IRL,Ireland,1980,6.62,5.65,7.18,5.94,7.67,6.62,,,,,,,,,,,,,
IRL,Ireland,1985,6.85,5.01,7.41,6.66,7.57,7.5,,,,,,,,,,,,,
IRL,Ireland,1990,7.16,5.82,7.83,6.8,7.71,7.52,,,,,,,,,,,,,
IRL,Ireland,1995,7.95,6.15,7.99,9.6,8.18,7.75,68.5,90,50,,49.1,38.7,,85,,86.1,77.8,70,70
IRL,Ireland,1996,,,,,,,68.5,90,50,,49.1,39,,85,,85.6,77.8,70,70
IRL,Ireland,1997,,,,,,,72.6,90,84,,49.9,41.1,,85,,85.2,77.8,70,70
IRL,Ireland,1998,,,,,,,73.7,90,85,,51.8,48.3,,85,,86.1,77.8,70,70
IRL,Ireland,1999,,,,,,,74.6,90,83,,55.9,53,,85,,87.1,77.8,70,70
IRL,Ireland,2000,8.18,6.45,7.88,9.15,9.54,7.92,76.1,90,82,,60.6,63.3,,85,,85.8,78,70,70
IRL,Ireland,2001,8.09,6.28,7.78,9.32,9.52,7.6,81.2,90,77,,63,71.2,,85,,86.6,78,90,90
IRL,Ireland,2002,8.08,6.15,7.68,9.41,9.43,7.76,80.5,90,72,,66.5,69.3,,85,,81.8,79.6,90,90
IRL,Ireland,2003,8.16,6.26,7.77,9.48,9.4,7.95,80.9,90,75,,69.4,66.3,,85,,81.2,81.4,90,90
IRL,Ireland,2004,8.21,6.22,7.87,9.6,9.37,8.03,80.3,90,69,,71.8,66.3,,85,,81.1,79.8,90,90
IRL,Ireland,2005,8.28,6.85,7.94,9.53,9.07,8.04,80.8,90,75,,72.6,64.5,,85,78.2,82.5,80.2,90,90
IRL,Ireland,2006,8.22,6.72,7.96,9.28,9.15,7.98,82.2,90,75,,72,64.7,,93.7,79.6,84.4,82.4,90,90
IRL,Ireland,2007,8.2,6.59,8.03,9.27,9.21,7.94,82.6,90,74,,71.7,65.9,,92.1,80.6,85.3,86.6,90,90
IRL,Ireland,2008,8.05,6.12,8.1,9.26,9.17,7.59,82.5,90,74,,71.5,64.5,,93,81.1,84.9,86,90,90
IRL,Ireland,2009,7.84,5.95,8.1,8.82,9.2,7.15,82.2,90,75,,69.2,64.9,,93,79.7,84.3,85.8,90,90
IRL,Ireland,2010,7.96,5.83,8.06,9.29,8.93,7.71,81.3,90,77,,71.1,61.8,,92.8,79,79,87.5,95,80
IRL,Ireland,2011,8.06,6.11,8.17,9.45,8.87,7.68,78.7,90,80,,72.1,47.1,,92,77.5,80.7,87.6,90,70
IRL,Ireland,2012,8.12,6.03,8.19,9.57,8.83,7.98,76.9,90,80,,73.9,30.4,,92.8,78.4,76.7,87.1,90,70
IRL,Ireland,2013,8.17,6.13,8.2,9.46,8.85,8.19,75.7,90,75,,73.8,28.8,,83.4,76.6,82.8,86.8,90,70
IRL,Ireland,2014,8.27,6.27,8.21,9.67,8.93,8.25,76.2,90,74.8,,74,30.6,,83.4,79.5,81.7,87.8,90,70
IRL,Ireland,2015,8.41,6.61,8.22,9.63,9.1,8.49,76.6,85,72,,73.6,45.6,,82.1,76.2,83.9,88,90,70
IRL,Ireland,2016,8.29,6.61,8.11,9.26,9.02,8.46,77.3,90,74,,73.6,50.3,,79.6,72.1,85.5,88,90,70
IRL,Ireland,2017,8.12,6.48,7.9,9,8.97,8.26,76.7,85.8,78.3,78.3,72.7,57.1,60.3,80.3,73.6,87.6,87,90,70
IRL,Ireland,2018,8.2,6.61,7.85,9.28,8.95,8.3,80.4,87.7,79,79,76.1,69.6,80.8,81.8,76.4,87.4,86.9,90,70
IRL,Ireland,2019,8.22,6.62,7.82,9.36,8.99,8.3,80.5,85.8,78,68.4,76.3,77.4,89,83.1,75.3,87,86,90,70
IRL,Ireland,2020,7.92,6.2,7.87,9.02,8.44,8.06,80.9,86.6,82.8,64.4,76.4,78.8,91.4,82.7,75.9,85.3,86.4,90,70
IRL,Ireland,2021,8.12,6.51,7.88,9.06,8.97,8.2,81.4,86,82,72.4,76.6,81.1,93.1,81.5,76.1,84.4,84,90,70
IRL,Ireland,2022,8.02,6.33,7.88,8.63,8.98,8.29,82,92.6,80.7,93,76.5,79.9,89,87.2,60.9,85.2,79.2,90,70
IRL,Ireland,2023,,,,,,,82,92.9,93.9,82.8,78.4,80.5,86.8,87.2,61.2,81.5,78.6,90,70
IRL,Ireland,2024,,,,,,,82.6,93.5,83.4,94.3,78,82.4,91.7,91.3,62.8,74.5,79.2,90,70
IRL,Ireland,2025,,,,,,,83.1,94.1,84,95.5,77.6,85.1,95.8,88.1,62.4,75,79.6,90,70
IRN,"Iran, Islamic Rep.",1970,4.49,3.48,3.54,7.9,6.42,2.98,,,,,,,,,,,,,
IRN,"Iran, Islamic Rep.",1975,4.76,3.23,3.51,7.35,10,2.98,,,,,,,,,,,,,
IRN,"Iran, Islamic Rep.",1980,3.6,4,2.37,7.76,1.35,2.73,,,,,,,,,,,,,
IRN,"Iran, Islamic Rep.",1985,3.83,4.88,2.72,8.93,1.25,2,,,,,,,,,,,,,
IRN,"Iran, Islamic Rep.",1990,4.27,5.33,2.87,9.38,1.9,2.42,,,,,,,,,,,,,
IRN,"Iran, Islamic Rep.",1995,3.8,5.32,3.45,4.57,3.25,2.5,,,,,,,,,,,,,
IRN,Iran,1996,,,,,,,36.1,10,10,,41.5,92.1,,55,,51.3,45,10,10
IRN,Iran,1997,,,,,,,34.5,10,10,,41.5,85.1,,55,,43.7,45,10,10
IRN,Iran,1998,,,,,,,36,10,10,,41.5,84.8,,55,,48,55,10,10
IRN,Iran,1999,,,,,,,36.8,10,10,,41.4,84,,55,,54.6,56,10,10
IRN,"Iran, Islamic Rep.",2000,5,5.35,3.37,7.57,5.29,3.5,36.1,10,10,,41.3,79.7,,55,,57.6,51.4,10,10
IRN,"Iran, Islamic Rep.",2001,5.41,6.86,3.31,7.94,5.58,3.5,35.9,10,10,,41.3,82.7,,40,,57.2,62,10,10
IRN,"Iran, Islamic Rep.",2002,5.25,6.6,3.29,7.7,5.28,3.5,36.4,10,10,,40.9,79.7,,40,,59.5,47.2,30,10
IRN,"Iran, Islamic Rep.",2003,5.26,6.36,3.29,7.48,5.28,3.89,43.2,10,10,,64.2,89.6,,40,,62.3,72.8,30,10
IRN,"Iran, Islamic Rep.",2004,5.41,6.43,3.49,7.66,5.69,3.83,42.8,10,10,,64.2,80.2,,40,,61.7,78.8,30,10
IRN,"Iran, Islamic Rep.",2005,5.52,6.16,3.48,7.94,5.75,4.24,50.5,10,30,,81.2,88,,40,76.4,60.1,78.8,30,10
IRN,"Iran, Islamic Rep.",2006,5.51,6.1,3.47,7.79,5.86,4.28,45,10,29,,81.2,85.1,,56.1,53,60.1,55.4,10,10
IRN,"Iran, Islamic Rep.",2007,5.3,6.53,3.47,7.54,4.95,4.04,45,10,29,,81.2,84.5,,55.4,52.5,62,55.4,10,10
IRN,"Iran, Islamic Rep.",2008,5.25,6.34,3.48,7.04,4.98,4.37,45,10,27,,81.1,84.5,,55.8,53.1,61.3,57.4,10,10
IRN,"Iran, Islamic Rep.",2009,5.31,6.37,3.43,7.65,5,4.07,44.6,10,25,,81,79.7,,60.6,52.4,60.1,57.4,10,10
IRN,"Iran, Islamic Rep.",2010,5.39,6.38,3.43,8.05,4.93,4.14,43.4,10,23,,81.1,79.6,,69.9,55.1,54.7,50.2,0,10
IRN,"Iran, Islamic Rep.",2011,5.03,6.12,3.43,6.93,4.94,3.73,42.1,10,18,,81.1,76,,69.4,50.7,60.7,44.8,0,10
IRN,"Iran, Islamic Rep.",2012,4.5,6.55,3.33,6.44,2.38,3.78,42.3,10,22,,80.6,76.9,,64.8,51.5,62,45.7,0,10
IRN,"Iran, Islamic Rep.",2013,4.64,6.52,3.26,5.94,3.88,3.6,43.2,10,27,,80.8,80.5,,65.3,55,58,45.7,0,10
IRN,"Iran, Islamic Rep.",2014,4.73,6.36,3.44,6.82,2.61,4.44,40.3,10,23.4,,80.6,85.9,,62.3,41.7,47.3,41.4,0,10
IRN,"Iran, Islamic Rep.",2015,4.98,6.2,3.46,6.78,4.1,4.33,41.8,10,25,,81.2,93,,57,51.3,48.7,41.4,0,10
IRN,"Iran, Islamic Rep.",2016,5.09,5.87,3.49,7.19,4.14,4.76,43.5,10,27,,81.2,93.2,,59.3,49,50.6,54.6,0,10
IRN,"Iran, Islamic Rep.",2017,5.2,5.78,3.44,7.08,4.98,4.72,50.5,32.4,29.6,36,81.1,92.7,94.9,64.8,54.5,55.5,54.5,0,10
IRN,"Iran, Islamic Rep.",2018,4.59,6.03,3.33,6.35,2.67,4.56,50.9,32.5,32.6,35.3,81,91.1,91.7,64.3,58.2,59.8,54.5,0,10
IRN,"Iran, Islamic Rep.",2019,4.5,6.4,3.31,5.23,2.99,4.56,51.1,33.5,35,41.3,80.9,89.8,89.5,62.2,50.7,60.1,54.6,5,10
IRN,"Iran, Islamic Rep.",2020,4.43,6.68,3.27,5.29,2.37,4.56,49.2,36.9,33.5,37.1,81,89.2,86.5,57.3,50.7,49,54.6,5,10
IRN,"Iran, Islamic Rep.",2021,4.43,6.62,3.26,5.37,2.39,4.51,47.2,33.5,31.8,28.3,80.8,90.1,82.8,57.1,50.1,42.1,54.2,5,10
IRN,"Iran, Islamic Rep.",2022,4.63,6.99,3.26,5.95,2.48,4.47,42.4,26.6,19.8,29.4,80.8,92.5,54.7,38.9,49.4,42.3,59.2,5,10
IRN,Iran,2023,,,,,,,42.2,25,26.3,19.6,81.1,94.8,58.8,38.9,50.7,40.6,55.8,5,10
IRN,Iran,2024,,,,,,,41.2,23.8,17.1,18.8,81.1,95.3,62.5,37.9,48.8,38.2,55.8,5,10
IRN,Iran,2025,,,,,,,42.5,23.3,16.3,18.6,81.3,94,84.1,38.4,43.6,39,55.8,5,10
IRQ,Iraq,1970,,,2.74,,,,,,,,,,,,,,,,
IRQ,Iraq,1975,,,2.74,,,,,,,,,,,,,,,,
IRQ,Iraq,1980,,,2.33,,,,,,,,,,,,,,,,
IRQ,Iraq,1985,,,2.33,,,,,,,,,,,,,,,,
IRQ,Iraq,1990,,,2.4,,,,,,,,,,,,,,,,
IRQ,Iraq,1995,,,1.98,,,,,,,,,,,,,,,,
IRQ,Iraq,1996,,,,,,,17.2,10,10,,10,10.2,,55,,0,40,10,10
IRQ,Iraq,1997,,,,,,,17.2,10,10,,10,10.2,,55,,0,40,10,10
IRQ,Iraq,1998,,,,,,,17.2,10,10,,10,10.2,,55,,0,40,10,10
IRQ,Iraq,1999,,,,,,,17.2,10,10,,10,10.2,,55,,0,40,10,10
IRQ,Iraq,2000,,,1.59,5.21,,5.95,17.2,10,10,,10,10.2,,55,,0,40,10,10
IRQ,Iraq,2001,,,1.59,2.26,,5.95,17.2,10,10,,10,10.2,,55,,0,40,10,10
IRQ,Iraq,2002,,,1.63,1.49,,5.95,15.6,10,10,,10,10.2,,40,,0,40,10,10
IRQ,Iraq,2003,3.3,5.31,1.66,0.02,,6.01,,,,,,,,,,,,,
IRQ,Iraq,2004,3.42,5.31,1.73,0.61,,5.97,,,,,,,,,,,,,
IRQ,Iraq,2005,3.59,5.31,1.71,1.61,,5.97,,,,,,,,,,,,,
IRQ,Iraq,2006,4.25,6.05,1.72,3.84,,5.98,,,,,,,,,,,,,
IRQ,Iraq,2007,5.57,8.73,1.71,8.09,,5.59,,,,,,,,,,,,,
IRQ,Iraq,2008,4.97,5.31,1.73,7.62,,5.64,,,,,,,,,,,,,
IRQ,Iraq,2009,4.5,5.31,1.73,5.83,,5.52,,,,,,,,,,,,,
IRQ,Iraq,2010,4.63,5.31,1.73,6.14,,5.68,,,,,,,,,,,,,
IRQ,Iraq,2011,4.73,5.31,2.05,6.21,,5.65,,,,,,,,,,,,,
IRQ,Iraq,2012,4.88,5.31,2.07,6.72,,5.64,,,,,,,,,,,,,
IRQ,Iraq,2013,5.07,5.31,2.04,7.57,,5.53,,,18,,,,,47,70.1,,,,
IRQ,Iraq,2014,5.36,5.31,2.06,8.5,,5.61,,,13.7,,95.5,40.3,,56.9,73.4,70,,,
IRQ,Iraq,2015,5,5.31,2.07,7.53,,5.29,,,16,,,43.8,,57.7,74.4,73.6,,,
IRQ,Iraq,2016,5.45,5.31,2.19,8.5,5.59,5.76,,,16,,,29.7,,63.2,68.5,75,,,
IRQ,Iraq,2017,5.27,5.28,2.14,8.21,5.18,5.67,,37.3,19.1,15.9,,36.1,11.3,61.2,68,76.9,,,
IRQ,Iraq,2018,5.3,5.59,2.11,7.93,5.42,5.53,,36.7,23.4,11.4,,45.4,11.9,59.1,69.8,79.2,,,
IRQ,Iraq,2019,5.23,4.92,2.36,7.87,5.54,5.53,,37,20.3,12.3,,52.8,13.3,54.4,53.1,81.4,,,
IRQ,Iraq,2020,5.39,4.94,2.29,8.3,5.68,5.85,,43.9,20.8,11.2,,59.5,76.6,52.6,44.8,76.4,,,
IRQ,Iraq,2021,5.18,4.91,2.29,7.19,5.68,5.88,,44.8,22,11,,65.3,94.7,51.7,45.6,77,,,
IRQ,Iraq,2022,5.25,4.95,2.28,7.26,5.92,5.86,,,,,,,,,,,,,
IRQ,Iraq,2023,,,,,,,,14.6,7.6,19,,,,43.1,56.8,67.1,,,
IRQ,Iraq,2024,,,,,,,,14.8,18.3,7.3,,,,,,,,,
IRQ,Iraq,2025,,,,,,,,6.3,19.9,7.1,,,,,,,,,
ISL,Iceland,1970,6.05,5.49,9.05,5.56,4.93,5.47,,,,,,,,,,,,,
ISL,Iceland,1975,5.28,5.64,9.05,3.41,2.41,5.36,,,,,,,,,,,,,
ISL,Iceland,1980,5.7,5.69,9.06,2.44,5.57,5.65,,,,,,,,,,,,,
ISL,Iceland,1985,5.64,5.7,9.07,2.1,5.69,5.56,,,,,,,,,,,,,
ISL,Iceland,1990,7.1,6.33,9.09,7,6.97,6.15,,,,,,,,,,,,,
ISL,Iceland,1995,7.81,5.96,9.08,9.56,7.78,6.68,,,,,,,,,,,,,
ISL,Iceland,1996,,,,,,,,,,,,,,,,,,,
ISL,Iceland,1997,,,,,,,70.5,90,90,,61.6,40.6,,70,,81.3,80.8,70,50
ISL,Iceland,1998,,,,,,,71.2,90,90,,61.2,42.4,,70,,85.8,81.2,70,50
ISL,Iceland,1999,,,,,,,71.4,90,90,,60.5,43.5,,70,,86.4,81.8,70,50
ISL,Iceland,2000,8.13,6.68,8.85,8.99,8.22,7.9,74,90,93,,64.8,58.9,,70,,86.6,82.4,70,50
ISL,Iceland,2001,7.98,6.41,8.84,8.72,8.23,7.72,73.4,90,92,,62.9,58.9,,70,,84.6,82.4,70,50
ISL,Iceland,2002,7.97,6.17,8.86,8.85,8.32,7.65,73.1,90,91,,63.1,44.5,,85,,81.7,82.2,70,50
ISL,Iceland,2003,8.16,6.25,8.91,9.03,8.5,8.1,73.5,90,92,,69,43,,85,,84.7,77.8,70,50
ISL,Iceland,2004,8.3,6.76,8.84,8.91,8.6,8.4,72.1,90,94,,58.7,37.9,,85,,85.2,78.2,70,50
ISL,Iceland,2005,8.23,7.1,8.99,8.67,7.88,8.55,76.6,90,96,,72.5,30.9,,85,64.6,88.6,78.2,70,90
ISL,Iceland,2006,8.03,7.23,8.93,7.85,7.81,8.4,75.8,90,95,,73.7,32,,95.1,65.4,88.8,78.2,50,90
ISL,Iceland,2007,8.05,7.16,8.93,8.11,7.75,8.38,76,90,97,,73.5,41.7,,94.9,66.2,82.9,84,60,70
ISL,Iceland,2008,7.3,6.67,8.82,7.14,7.2,6.72,75.8,90,96,,73.6,46.3,,94.5,67.9,74.8,85,60,70
ISL,Iceland,2009,6.88,5.49,8.75,6.12,6.97,7.11,75.9,90,92,,76.2,44,,93.6,59.9,75.3,88,70,70
ISL,Iceland,2010,6.86,5.5,8.7,5.99,7.05,7.08,73.7,90,89,,75.4,45.8,,93,60.8,69.9,87.9,65,60
ISL,Iceland,2011,7.1,5.94,8.67,6.51,7.17,7.22,68.2,90,87,,69.8,0,,92.7,60.7,68.6,88.2,65,60
ISL,Iceland,2012,7.26,6.11,8.66,6.45,7.36,7.73,70.9,90,85,,73.5,21.8,,92,60.9,72.5,88.2,65,60
ISL,Iceland,2013,7.31,6.11,8.62,6.73,7.23,7.89,72.1,90,83,,72.7,36.2,,91.5,58.9,75.8,87.8,65,60
ISL,Iceland,2014,7.5,6.16,8.68,7.06,7.58,8.03,72.4,90,84.2,,72.9,32.9,,91.2,59.1,76,87.9,70,60
ISL,Iceland,2015,7.54,6.25,8.74,7.06,7.64,7.99,72,90,78,,72,32.6,,90.5,62.2,77,88,70,60
ISL,Iceland,2016,8.03,6.29,8.73,9.66,7.74,7.74,73.3,90,79,,73.3,42.1,,90.1,61.6,79.5,87.8,70,60
ISL,Iceland,2017,8.04,6.25,8.72,9.52,7.98,7.75,74.4,85,71.5,71.5,70.9,41.1,90.6,90.2,62.6,81.2,88,80,60
ISL,Iceland,2018,7.98,6.15,8.72,9.43,7.86,7.73,77,86.7,77.3,72.6,72.1,44.2,94.3,89.5,61.8,81.7,88.5,85,70
ISL,Iceland,2019,8.01,6.1,8.72,9.43,8.13,7.69,77.1,87.4,83.8,63.8,72.7,44,96.7,88.4,64.1,81.7,87,85,70
ISL,Iceland,2020,7.88,5.79,8.78,9.48,8.12,7.22,77.1,87.6,90.3,63.2,71.7,44.1,97.5,84.7,63.5,80.3,86.8,85,70
ISL,Iceland,2021,7.84,5.86,8.77,9.1,8.4,7.07,77.4,87,90.6,72.6,72.4,46.2,97.6,83.6,62,79.4,86.8,80,70
ISL,Iceland,2022,7.84,6.03,8.77,8.66,8.41,7.32,77,97.1,85.3,94.8,72.9,36.8,76.1,83.3,67.4,79.3,81,80,70
ISL,Iceland,2023,,,,,,,72.2,96.8,94.2,83.9,72.9,31.5,28.8,83.3,67.7,77.4,80.4,80,70
ISL,Iceland,2024,,,,,,,70.5,96.5,83.7,95.3,73.6,26.3,10.5,87.4,68,73.4,80.8,80,70
ISL,Iceland,2025,,,,,,,72.8,97,81.5,95.6,72.6,33.2,55.2,86.3,60.1,71.8,80.4,70,70
ISR,Israel,1970,4.79,4.29,5.88,6.1,3.79,3.84,,,,,,,,,,,,,
ISR,Israel,1975,4.32,3.35,5.99,5.58,2.65,3.84,,,,,,,,,,,,,
ISR,Israel,1980,4.38,3.43,6.01,1.72,6.52,4.03,,,,,,,,,,,,,
ISR,Israel,1985,4.37,4.34,6.19,1.26,6.19,3.88,,,,,,,,,,,,,
ISR,Israel,1990,5.4,5.37,5.55,4.36,6.83,4.9,,,,,,,,,,,,,
ISR,Israel,1995,6.32,5.2,6.36,7.3,7.69,5.11,61.5,70,30,,44.8,30,,85,,73.2,80.4,90,50
ISR,Israel,1996,,,,,,,62,70,30,,51.1,27.7,,85,,73.1,81,90,50
ISR,Israel,1997,,,,,,,62.7,70,30,,51.7,32,,85,,74.3,81,90,50
ISR,Israel,1998,,,,,,,68,70,77,,52.2,32.3,,85,,73.9,81,90,50
ISR,Israel,1999,,,,,,,68.3,70,80,,52.9,28.8,,85,,75.3,83,90,50
ISR,Israel,2000,6.79,4.88,6.31,7.91,8.4,6.39,65.5,70,71,,52.8,9.3,,85,,78.5,83,90,50
ISR,Israel,2001,6.92,4.7,6.25,9.22,8.5,5.87,66.1,70,68,,53.1,30.9,,70,,80,83,90,50
ISR,Israel,2002,7.02,5.13,6.04,8.91,8.87,6.11,66.9,70,66,,54.8,33.7,,70,,85,83,90,50
ISR,Israel,2003,7.19,5.39,5.86,9.5,8.92,6.25,62.7,70,76,,52.7,10.9,,70,,87.3,77,70,50
ISR,Israel,2004,7.29,5.72,5.89,9.6,8.85,6.38,61.4,70,73,,52.7,7.6,,70,,82.2,77,70,50
ISR,Israel,2005,7.38,5.78,6.01,9.5,8.85,6.74,62.6,70,70,,53.9,15.1,,70,64.2,86.2,77,70,50
ISR,Israel,2006,7.29,5.77,5.95,9.37,8.88,6.5,64.4,70,64,,55.2,28.3,,69.9,65.1,90.9,81,70,50
ISR,Israel,2007,7.41,6.02,5.9,9.69,8.97,6.47,64.8,70,63,,58,33.4,,69.4,64.8,84.2,85.2,70,50
ISR,Israel,2008,7.31,6.19,5.81,9.4,8.84,6.33,66.3,70,59,,55.9,35.1,,68.6,66,81.8,86.6,80,60
ISR,Israel,2009,7.27,5.96,5.88,9.42,8.84,6.24,67.6,70,61,,57.1,35.1,,67.8,64.9,83.7,86,80,70
ISR,Israel,2010,7.39,6.09,6,9.43,8.46,6.99,67.7,70,60,,58.4,35.4,,66.4,65.4,78.2,87.8,85,70
ISR,Israel,2011,7.4,6.29,6.04,9.39,8.31,6.99,68.5,70,61,,62.3,44.8,,66.1,64.3,78.4,87.8,80,70
ISR,Israel,2012,7.42,6.41,5.97,9.44,8.32,6.96,67.8,70,61,,64.1,41,,64.4,65.1,79,83.6,80,70
ISR,Israel,2013,7.41,6.22,5.91,9.51,8.42,6.99,66.9,70,58,,60.2,39.3,,66.1,63.7,78.6,83,80,70
ISR,Israel,2014,7.5,6.23,5.9,9.59,8.68,7.09,68.4,75,59.3,,60.1,40.3,,73.2,63,80.6,82.9,80,70
ISR,Israel,2015,7.5,6.1,6.06,9.56,8.62,7.17,70.5,75,61,,61.9,47.8,,72.4,67.1,81.6,88.6,80,70
ISR,Israel,2016,7.52,6.16,6.08,9.6,8.7,7.07,70.7,75,60,,60.6,48.8,,70.6,64.6,84.2,88.2,85,70
ISR,Israel,2017,7.6,6.1,6.21,9.66,8.72,7.3,69.7,71.9,47.6,82,61,50.5,71.8,69.9,64.3,84.9,88,75,70
ISR,Israel,2018,7.58,6.06,6.15,9.66,8.71,7.33,72.2,78.2,61.2,83.1,60.9,51.8,79,71.8,65.1,85.3,85.5,75,70
ISR,Israel,2019,7.59,6.07,6.16,9.7,8.68,7.32,72.8,80,67.9,73.4,61.9,52.4,85.3,71.4,65.1,86.2,84.4,75,70
ISR,Israel,2020,7.29,5.49,6.2,9.55,8.07,7.13,74,82.3,77.2,71.8,61,53.5,89.2,72.2,64.4,84.9,86.2,75,70
ISR,Israel,2021,7.49,5.89,6.21,9.37,8.67,7.32,73.8,83.6,76.8,79.8,60,53.8,79.2,73.9,65.1,84.4,84.2,75,70
ISR,Israel,2022,7.44,5.96,6.27,9.03,8.71,7.24,68,83.2,65.2,85,60.4,48.4,23.1,81.1,56.5,84.8,78.8,80,70
ISR,Israel,2023,,,,,,,68.9,82.3,82.8,62.7,60.9,49.1,31.1,84.9,56.9,83,82.6,80,70
ISR,Israel,2024,,,,,,,70.1,82.1,65.5,84.4,59.3,50.7,58.6,80.8,58,78.4,83,70,70
ISR,Israel,2025,,,,,,,69.9,77.2,63.9,68.1,60.8,55.6,81.7,73.4,58.3,77.3,82.8,70,70
ITA,Italy,1970,6.39,7.98,5.87,6.42,7.52,4.71,,,,,,,,,,,,,
ITA,Italy,1975,6,7.68,6.47,5.69,6.41,4.38,,,,,,,,,,,,,
ITA,Italy,1980,5.77,5.59,6.58,5.55,7.06,4.28,,,,,,,,,,,,,
ITA,Italy,1985,6.05,4.89,6.68,6.29,7.8,4.53,,,,,,,,,,,,,
ITA,Italy,1990,6.84,5.22,6.71,9.28,7.9,5.04,,,,,,,,,,,,,
ITA,Italy,1995,6.93,5.59,6.79,9.58,7.67,5.05,61.2,70,70,,43.6,3.6,,85,,81.1,77.8,70,50
ITA,Italy,1996,,,,,,,60.8,70,90,,42.2,0.1,,70,,77,77.8,70,50
ITA,Italy,1997,,,,,,,58.1,70,30,,43.2,10.6,,70,,81.1,77.8,70,70
ITA,Italy,1998,,,,,,,59.1,70,34,,43.3,14.5,,70,,81.9,77.8,70,70
ITA,Italy,1999,,,,,,,61.6,70,50,,46.9,15.1,,70,,84.5,77.8,70,70
ITA,Italy,2000,7.65,6.29,6.92,9.34,9.24,6.48,61.9,70,46,,45.6,22,,70,,85.7,77.8,70,70
ITA,Italy,2001,7.61,6.26,7.02,9.41,9.15,6.19,63,70,47,,47.1,28,,70,,86.5,78,70,70
ITA,Italy,2002,7.63,6.33,6.8,9.45,9.09,6.49,63.6,70,46,,48,33.7,,70,,85.5,79.6,70,70
ITA,Italy,2003,7.52,6.25,6.51,9.41,8.95,6.5,64.3,70,55,,48,29.4,,70,,84.7,81.4,70,70
ITA,Italy,2004,7.6,6.28,6.59,9.45,9.15,6.54,64.2,70,52,,49.7,31.7,,70,,84.8,79.8,70,70
ITA,Italy,2005,7.59,6.53,6.72,9.42,8.61,6.67,64.9,70,53,,49.6,27.4,,70,74.5,84.7,80.2,70,70
ITA,Italy,2006,7.48,6.58,6.54,9.22,8.58,6.45,62,50,48,,52,29.1,,78.4,74.6,85.2,82.4,70,50
ITA,Italy,2007,7.46,6.41,6.51,9.32,8.54,6.54,62.8,50,50,,52.8,31.5,,77,74.4,80.5,81.6,70,60
ITA,Italy,2008,7.36,6.32,6.38,9.24,8.45,6.42,62.6,50,49,,54.3,29.4,,77,74.5,80.6,81,70,60
ITA,Italy,2009,7.3,5.84,6.41,9.44,8.44,6.35,61.4,50,52,,55.8,24.7,,78.7,61.3,80.8,80.8,70,60
ITA,Italy,2010,7.42,5.98,6.47,9.43,8.3,6.93,62.7,55,48,,55.2,31.2,,77.9,58.2,79,87.5,75,60
ITA,Italy,2011,7.45,6,6.46,9.48,8.27,7.04,60.3,50,43,,55.4,28.6,,77.3,44.4,82.1,87.6,75,60
ITA,Italy,2012,7.47,6.12,6.49,9.48,8.22,7.06,58.8,50,39,,55,19.4,,77.4,43,82,87.1,75,60
ITA,Italy,2013,7.47,6.03,6.43,9.67,8.2,7.03,60.6,50,39,,55.5,25.3,,76.9,52,80.2,86.8,80,60
ITA,Italy,2014,7.56,5.86,6.44,9.79,8.66,7.05,60.9,50,38.5,,55.5,25.6,,75.5,52.5,78.9,87.8,85,60
ITA,Italy,2015,7.66,6.1,6.4,9.76,8.9,7.11,61.7,55,43,,54.2,23.2,,71.9,55.4,81.2,88,85,60
ITA,Italy,2016,7.59,6.09,6.41,9.44,8.9,7.13,61.2,50,43,,55.8,22.1,,70.3,53,84.5,88,85,60
ITA,Italy,2017,7.52,5.93,6.44,9.1,8.97,7.15,62.5,74.6,44.7,55.4,54.9,22.3,66.9,69.8,52.9,86.9,87,85,50
ITA,Italy,2018,7.5,5.78,6.46,9.16,8.92,7.19,62.5,71.2,40.1,60.9,55.2,24.1,68.2,70.3,50.3,88.2,86.9,85,50
ITA,Italy,2019,7.53,5.73,6.45,9.33,8.91,7.22,62.2,71.7,43.7,49.8,55.6,26.5,71.3,71.7,51.1,84,86,85,50
ITA,Italy,2020,7.23,5.28,6.5,8.85,8.68,6.85,63.8,75.4,62.2,51.3,56,28.5,71.1,70.4,50.9,83.2,86.4,80,50
ITA,Italy,2021,7.22,5.41,6.52,8.93,8.38,6.85,64.9,75.7,63.7,62.3,58.1,28.9,73,68.1,50.5,84.2,84,80,50
ITA,Italy,2022,7.22,5.3,6.6,8.44,8.97,6.79,65.4,81.7,57.3,78.6,57.7,20.6,49,73.8,70.4,86.2,79.2,80,50
ITA,Italy,2023,,,,,,,62.3,81.2,77.9,61.1,57.3,13.7,20.4,73.8,70.6,82.6,78.6,80,50
ITA,Italy,2024,,,,,,,60.1,81.6,60.7,77.7,57,2.5,0,77.6,70.7,74.1,79.2,80,60
ITA,Italy,2025,,,,,,,60.9,82.2,60.6,78.8,57.4,9.5,0,77.6,70.7,74.2,79.6,80,60
JAM,Jamaica,1970,5.55,4.91,5.14,6.53,,5.56,,,,,,,,,,,,,
JAM,Jamaica,1975,4.98,4.66,5.25,4.57,3.88,5.66,,,,,,,,,,,,,
JAM,Jamaica,1980,4.61,4.43,5.26,5.28,2.96,4.67,,,,,,,,,,,,,
JAM,Jamaica,1985,4.99,6.35,5.26,3.76,4.71,4.71,,,,,,,,,,,,,
JAM,Jamaica,1990,5.91,7.55,5.26,4.79,4.2,7.53,,,,,,,,,,,,,
JAM,Jamaica,1995,6.69,7.82,5.4,6.26,6.63,7.22,64.4,50,50,,77.5,76.5,,70,,50.9,65,70,70
JAM,Jamaica,1996,,,,,,,66.7,70,50,,76.2,76.5,,70,,52.2,65,70,70
JAM,Jamaica,1997,,,,,,,67.7,70,50,,76.3,76.6,,70,,59.1,67,70,70
JAM,Jamaica,1998,,,,,,,67.1,70,50,,75.6,73.5,,70,,58,67,70,70
JAM,Jamaica,1999,,,,,,,64.7,70,50,,77.3,62.2,,70,,65.7,67,70,50
JAM,Jamaica,2000,7.35,7.95,4.9,8.43,7.97,7.48,65.5,70,38,,77.4,73,,70,,74.5,67,70,50
JAM,Jamaica,2001,7.3,7.99,4.89,8.78,7.89,6.93,63.7,50,38,,76.7,84.1,,70,,78.3,76.4,70,30
JAM,Jamaica,2002,7.29,8.33,4.75,8.73,7.79,6.87,61.7,50,38,,76.1,56.7,,70,,77.4,66.8,90,30
JAM,Jamaica,2003,7.22,8.3,4.76,8.39,7.62,7.02,67,50,38,,75.6,65.3,,70,,78,65.8,90,70
JAM,Jamaica,2004,7.17,8.31,4.85,7.81,7.69,7.16,66.7,50,40,,76.7,61.3,,70,,78,64.4,90,70
JAM,Jamaica,2005,7.2,8.29,5.07,7.84,7.76,7.04,67,50,38,,76.4,62.4,,70,68.4,75.8,69.4,90,70
JAM,Jamaica,2006,7.27,8.15,5.04,8.3,7.94,6.89,66.4,50,33,,77.9,54.4,,82.6,68.2,72.9,65.4,90,70
JAM,Jamaica,2007,7.17,8.38,5.18,7.64,7.91,6.71,65.5,50,36,,75.1,61.8,,82,68.5,71,70.4,80,60
JAM,Jamaica,2008,6.83,8.41,5.2,6.37,7.87,6.3,65.7,50,37,,74.9,59.6,,82.3,68.4,74.3,70.4,80,60
JAM,Jamaica,2009,7.05,8.35,5.23,7.56,7.55,6.53,65.2,50,33,,75.3,62.2,,87.8,67.4,75.4,70.6,80,50
JAM,Jamaica,2010,7.01,8.13,5.24,7.29,7.35,7.04,65.5,45,31,,74.8,61.8,,87,70,68.4,72.2,85,60
JAM,Jamaica,2011,7.07,7.99,5.26,7.88,7.38,6.86,65.7,40,30,,75.9,64.7,,86.3,70.2,72.5,72.2,85,60
JAM,Jamaica,2012,7.25,8.19,5.19,8.3,7.39,7.18,65.1,40,33,,75.5,58.7,,84.7,69.6,72.4,72.1,85,60
JAM,Jamaica,2013,7.39,8.32,5.26,8.42,7.38,7.58,66.8,40,33,,77.5,67.7,,84.3,69.3,76.1,75,85,60
JAM,Jamaica,2014,7.33,8.15,5.31,8.57,7.04,7.6,66.7,40,33,,77.2,69.4,,84.6,75.6,77.3,75.1,85,50
JAM,Jamaica,2015,7.56,8.18,5.61,9.04,7.35,7.65,67.7,40,38,,81.5,73.2,,85.9,76.5,71.4,75,85,50
JAM,Jamaica,2016,7.53,8.15,5.5,9.04,7.33,7.66,67.5,40,38,,81.7,78,,81.3,72.7,77.5,75.4,80,50
JAM,Jamaica,2017,7.46,8.08,5.5,8.85,7.23,7.65,69.5,58,38.2,61.5,81,77.5,79.9,78.9,73.7,79.5,75.3,80,50
JAM,Jamaica,2018,7.5,8.05,5.59,8.97,7.22,7.68,69.1,60.9,39.4,56.6,80,77.2,79.5,78.7,74.5,82,70.8,80,50
JAM,Jamaica,2019,7.53,8.23,5.53,8.94,7.21,7.71,68.6,60.7,45,49.2,80.2,76,80,78,73.6,82.6,68.4,80,50
JAM,Jamaica,2020,7.29,7.96,5.66,8.68,6.51,7.62,68.5,62.1,46.8,50.5,80,74.8,80.2,77.7,74,77.7,68.4,80,50
JAM,Jamaica,2021,7.4,7.98,5.63,8.61,7.16,7.62,69,60.6,47.7,55.1,79.7,74.4,83.1,77.6,73.4,77.5,69.2,80,50
JAM,Jamaica,2022,7.32,7.98,5.72,8.04,7.19,7.65,67.4,65,49,70.6,76.6,71.6,79.4,56.5,64.7,76.2,69.2,80,50
JAM,Jamaica,2023,,,,,,,68.1,65.8,70.8,48.6,79.8,72.2,82.6,67.7,64.4,75.1,70,70,50
JAM,Jamaica,2024,,,,,,,68.1,66.1,48.4,69.7,77,71.5,87.5,69.9,64.9,71.2,71.6,70,50
JAM,Jamaica,2025,,,,,,,68.7,67.8,49.5,79.9,76.5,72.8,89,70.1,64.4,72.8,71.8,60,50
JOR,Jordan,1970,5.38,8.21,3.7,6.56,,5.07,,,,,,,,,,,,,
JOR,Jordan,1975,5.45,7.26,3.57,5.63,5.42,6.2,,,,,,,,,,,,,
JOR,Jordan,1980,5.73,4.94,3.58,7.73,5.82,6.71,,,,,,,,,,,,,
JOR,Jordan,1985,5.77,5.23,3.57,7.87,5.84,6.45,,,,,,,,,,,,,
JOR,Jordan,1990,5.45,6.04,3.57,6.14,5.17,6.56,,,,,,,,,,,,,
JOR,Jordan,1995,6.01,6.4,4.16,7.16,5.62,6.99,62.7,70,30,,46.6,70.6,,70,,77.5,59.2,70,70
JOR,Jordan,1996,,,,,,,60.8,70,30,,36.6,62.8,,70,,78.2,59.2,70,70
JOR,Jordan,1997,,,,,,,63.6,70,30,,64.6,65.1,,70,,79.5,53,70,70
JOR,Jordan,1998,,,,,,,66.8,70,49,,75.9,64.3,,70,,75.5,56.2,70,70
JOR,Jordan,1999,,,,,,,67.4,70,49,,76.2,67.7,,70,,77.7,56.2,70,70
JOR,Jordan,2000,7.01,7.1,4.15,9.56,7.51,6.78,67.5,70,47,,76.2,65.3,,70,,78.4,60.6,70,70
JOR,Jordan,2001,6.91,6.93,3.98,9.37,7.97,6.31,68.3,70,44,,76.2,61.1,,70,,87.4,65.8,70,70
JOR,Jordan,2002,7.02,6.75,4.11,9.35,8.26,6.7,66.2,50,46,,76.4,63.3,,70,,89,61.4,70,70
JOR,Jordan,2003,7,6.43,4.08,9.48,8.27,6.85,65.3,50,49,,78.9,64.9,,70,,87.4,47.2,70,70
JOR,Jordan,2004,6.91,6.83,4.06,9.26,7.8,6.65,66.1,50,45,,78.9,66.3,,70,,86.7,58,70,70
JOR,Jordan,2005,6.99,6.81,4.11,9.17,8.12,6.74,66.7,50,46,,79.2,63.5,,70,73.9,81.8,62.4,70,70
JOR,Jordan,2006,6.93,6.52,4.14,8.73,8.16,7.13,63.7,50,53,,78.2,58.3,,56,74.8,84.4,62.2,50,70
JOR,Jordan,2007,7.05,6.85,4.18,8.8,8.15,7.26,64.5,50,57,,83.2,57.4,,54.9,74.6,83.5,74.2,50,60
JOR,Jordan,2008,6.81,6.93,4.23,7.49,8.28,7.13,64.1,55,53,,83.7,53.2,,56.3,74.6,80.4,74.8,50,60
JOR,Jordan,2009,7.04,6.78,4.15,8.75,8.2,7.32,65.4,55,47,,83,56.9,,68.9,74.1,80.3,78.8,50,60
JOR,Jordan,2010,7.21,7.86,4.11,8.48,7.96,7.66,66.1,55,51,,83,55.1,,65.6,74.2,73.2,78.8,65,60
JOR,Jordan,2011,7.28,8.1,4.07,8.65,7.98,7.6,68.9,55,50,,92.7,60.9,,65.8,74.2,81.4,78.8,70,60
JOR,Jordan,2012,7.25,8,4.08,8.74,7.98,7.45,69.9,55,47,,93.5,67,,69.5,75.7,81.2,79.6,70,60
JOR,Jordan,2013,7.33,7.92,4.05,9.02,7.98,7.68,70.4,60,45,,93.6,68.8,,69.2,75.5,82,79.6,70,60
JOR,Jordan,2014,7.34,7.76,3.99,9.49,7.86,7.61,69.2,60,45.6,,94,66.9,,62,72.9,81.3,79.6,70,60
JOR,Jordan,2015,7.35,7.56,4.07,9.73,7.92,7.48,69.3,60,45,,93.7,70.7,,59.1,74.4,80.6,79.6,70,60
JOR,Jordan,2016,7.37,7.7,4.1,9.73,7.9,7.45,68.3,60,49,,91.7,62,,64.9,68.4,83.1,73.4,70,60
JOR,Jordan,2017,7.33,7.78,4.06,9.43,7.86,7.49,66.7,60.1,49.8,49.5,91.3,73.3,55.5,63.9,58.1,86.7,82,70,60
JOR,Jordan,2018,7.37,7.84,4.03,9.41,7.9,7.68,64.9,57.6,51.9,57.3,92.4,69.4,27.7,63,58.9,88.7,82,70,60
JOR,Jordan,2019,7.42,7.62,4.13,9.83,7.91,7.61,66.5,58.4,50.3,52.6,91.4,73.4,60.6,61.8,52.7,85,81.4,70,60
JOR,Jordan,2020,7.33,7.73,4.31,9.83,7.28,7.47,66,64.8,49.6,54.6,91.8,73.5,55.9,60.1,52.5,77.6,81.2,70,60
JOR,Jordan,2021,7.27,7.47,4.36,9.73,7.29,7.53,64.6,66.2,51,60.3,84.7,73.3,45.5,58.9,52.8,82,71,70,60
JOR,Jordan,2022,7.33,7.47,4.33,9.36,7.94,7.54,60.1,53.7,49.5,42.6,84.8,71.6,15.9,59.6,57.2,84.2,71.8,70,60
JOR,Jordan,2023,,,,,,,58.8,54.1,42.7,48.3,84.7,70,3.1,59.8,57.4,83.6,71.4,70,60
JOR,Jordan,2024,,,,,,,58.3,54,48.4,43.4,84.4,67.8,2.3,62.8,56.5,78.7,71.4,70,60
JOR,Jordan,2025,,,,,,,59.4,54.4,48.8,43.5,83.9,68.5,2.8,62.4,55.6,79.9,82.4,70,60
JPN,Japan,1970,6.61,6.42,7.84,6.5,6.13,6.09,,,,,,,,,,,,,
JPN,Japan,1975,6.78,5.72,7.85,7.41,6.89,6.09,,,,,,,,,,,,,
JPN,Japan,1980,6.91,5.35,7.65,8.02,7.15,6.35,,,,,,,,,,,,,
JPN,Japan,1985,7.3,5.84,8.03,8.39,7.97,6.3,,,,,,,,,,,,,
JPN,Japan,1990,7.76,6.57,7.93,9.64,8.4,6.39,,,,,,,,,,,,,
JPN,Japan,1995,7.7,6.27,8.24,9.83,7.9,6.35,75,90,90,,53.6,67.7,,85,,87,82,50,70
JPN,Japan,1996,,,,,,,72.6,90,90,,53.6,63.9,,85,,88.9,82,50,50
JPN,Japan,1997,,,,,,,70.3,90,67,,54.2,63,,85,,92,81,50,50
JPN,Japan,1998,,,,,,,70.2,90,71,,53.8,60.9,,85,,92.9,79,50,50
JPN,Japan,1999,,,,,,,69.1,90,66,,53.9,59.8,,85,,88.2,79,50,50
JPN,Japan,2000,8.17,6.95,8.15,9.77,8.39,7.58,70.7,90,58,,70.1,63.3,,85,,89,81,50,50
JPN,Japan,2001,8,6.89,7.91,9.67,8.32,7.22,70.9,90,60,,70.4,58.9,,85,,92.8,80.6,50,50
JPN,Japan,2002,7.94,6.57,7.91,9.66,8.28,7.29,66.7,70,64,,70.7,54.4,,70,,90.6,80.4,50,50
JPN,Japan,2003,8.16,6.94,8.07,9.74,8.58,7.46,67.6,70,71,,70.3,56.7,,70,,89.8,81,50,50
JPN,Japan,2004,8.1,6.71,7.86,9.74,8.61,7.56,64.3,70,71,,62.4,55.1,,70,,89.2,80.8,50,30
JPN,Japan,2005,8.11,6.77,7.96,9.91,8.05,7.82,67.3,70,70,,70.7,57.6,,70,83.3,90.6,80.6,50,30
JPN,Japan,2006,8.01,6.81,7.99,9.89,7.68,7.64,73.3,70,69,,70.9,58.3,,87.2,84.4,92.5,80.2,70,50
JPN,Japan,2007,8.02,6.79,7.99,9.89,7.77,7.65,72.7,70,73,,70.9,58.3,,91.2,83,90.9,80.2,60,50
JPN,Japan,2008,7.92,6.76,7.91,9.78,7.62,7.5,73,70,76,,70.3,56.2,,88.1,85.1,94.3,80,60,50
JPN,Japan,2009,7.85,6.52,7.85,9.83,7.75,7.28,72.8,70,75,,67.5,61.1,,85.8,82.5,93.6,82,60,50
JPN,Japan,2010,7.94,6.45,7.85,9.86,7.86,7.66,72.9,80,73,,67.2,61.1,,84.5,82.4,88.8,82.4,60,50
JPN,Japan,2011,7.88,6.48,7.8,9.86,7.61,7.66,72.8,80,77,,67,58.7,,83.8,81.1,87.9,82.6,60,50
JPN,Japan,2012,7.96,6.5,7.83,9.89,7.84,7.73,71.6,80,78,,67.1,47,,81.8,81.4,88.9,81.8,60,50
JPN,Japan,2013,7.98,6.26,7.88,9.82,8.17,7.77,71.8,80,80,,69.2,45,,81.3,80.3,90.6,81.8,60,50
JPN,Japan,2014,7.94,6.33,7.92,9.47,8.29,7.69,72.4,80,77.8,,69.2,47.1,,80,79.8,87.5,82.4,70,50
JPN,Japan,2015,8.01,6.16,7.91,9.63,8.46,7.91,73.3,80,74,,68.7,47.1,,84.1,90.2,86.7,82.6,70,50
JPN,Japan,2016,8.03,6.15,7.86,9.72,8.48,7.93,73.1,80,76,,68.5,46.2,,82.5,83.9,81.2,82.6,70,60
JPN,Japan,2017,8.04,6.15,7.85,9.69,8.52,7.99,69.6,89.4,86.1,73.8,68.5,52.3,9.5,82.3,77.5,83,82.6,70,60
JPN,Japan,2018,8.03,6.15,7.88,9.67,8.37,8.09,72.3,86,79.2,73.2,67.4,54.1,49.3,81.7,79.2,85.4,82.3,70,60
JPN,Japan,2019,8.04,6.09,7.89,9.77,8.4,8.04,72.1,84.1,78,68.5,68.2,55,55.7,80.5,79,85.9,80,70,60
JPN,Japan,2020,7.89,5.9,7.94,9.78,8.01,7.83,73.3,86.6,80.5,71.4,68.3,55.8,62,81.4,78.7,84.4,80,70,60
JPN,Japan,2021,7.86,5.82,7.7,9.77,8.03,7.96,74.1,87.8,82,75.5,67.8,57.8,67.5,85.9,79,85.1,80.4,60,60
JPN,Japan,2022,7.9,5.85,7.7,9.55,8.5,7.93,69.9,94.6,81.4,95.3,67.4,52.5,19.7,78.3,66.6,87.1,75.4,60,60
JPN,Japan,2023,,,,,,,69.3,94.1,94.7,80.7,68.1,48.4,18.1,78.3,66.8,87.1,75.2,60,60
JPN,Japan,2024,,,,,,,67.5,94.6,82.6,93.6,63.3,42.5,0,77.5,68.6,81.7,75.8,70,60
JPN,Japan,2025,,,,,,,70.2,95.1,82.8,96,62.5,47.5,41.6,78,67.8,74.4,76.2,60,60
KAZ,Kazakhstan,1970,,,,,,,,,,,,,,,,,,,
KAZ,Kazakhstan,1975,,,,,,,,,,,,,,,,,,,
KAZ,Kazakhstan,1980,,,,,,,,,,,,,,,,,,,
KAZ,Kazakhstan,1985,,,5.35,,,,,,,,,,,,,,,,
KAZ,Kazakhstan,1990,,,5.35,,,5.51,,,,,,,,,,,,,
KAZ,Kazakhstan,1995,,8.27,5.31,,,5.52,,,,,,,,,,,,,
KAZ,Kazakhstan,1996,,,,,,,,,,,,,,,,,,,
KAZ,Kazakhstan,1997,,,,,,,,,,,,,,,,,,,
KAZ,Kazakhstan,1998,,,,,,,41.7,30,10,,73.3,85.7,,55,,0,61,30,30
KAZ,Kazakhstan,1999,,,,,,,47.3,30,10,,73.7,89.6,,55,,46.5,61,30,30
KAZ,Kazakhstan,2000,5.55,8.18,5.03,3.49,,5.86,50.4,30,10,,80.6,88,,55,,62.6,67,30,30
KAZ,Kazakhstan,2001,5.76,8.18,5.04,4.29,,5.86,51.8,30,23,,79.2,88,,55,,66.2,65,30,30
KAZ,Kazakhstan,2002,5.8,8.18,5.03,4.51,,5.86,52.4,30,30,,79.3,84.1,,55,,68.6,65,30,30
KAZ,Kazakhstan,2003,5.74,7.89,5.03,4.57,,5.82,52.3,30,27,,77.9,85.2,,55,,70.4,65,30,30
KAZ,Kazakhstan,2004,6.18,8.03,5.02,6.19,,5.86,49.7,30,23,,77,84.1,,55,,73.1,65,10,30
KAZ,Kazakhstan,2005,6.29,8.12,5.01,6.33,5.91,6.07,53.9,30,24,,82.6,85.9,,55,82.6,73.9,65,10,30
KAZ,Kazakhstan,2006,6.07,7.93,5.02,5.36,5.87,6.13,60.2,30,22,,81.6,83.9,,55.9,85.4,73.6,69.2,30,70
KAZ,Kazakhstan,2007,6.34,7.78,5.25,6.72,5.72,6.24,59.6,30,26,,81.4,83.7,,58.5,84.3,72.9,69.2,30,60
KAZ,Kazakhstan,2008,6.2,7.48,5.2,6.18,5.64,6.55,61.1,30,26,,80.1,84.7,,56.8,85.5,71.9,86.2,30,60
KAZ,Kazakhstan,2009,6.48,7.59,5.16,7.24,5.79,6.64,60.1,25,21,,82.8,87.5,,57.9,80.5,70,86.2,30,60
KAZ,Kazakhstan,2010,6.48,7.73,5.17,7.37,5.61,6.53,61,30,22,,87.9,82.1,,73.5,83.1,65.6,85.9,30,50
KAZ,Kazakhstan,2011,6.54,7.66,5.29,7.82,5.35,6.59,62.1,35,27,,87.3,78.5,,74.3,88.4,69.9,80.9,30,50
KAZ,Kazakhstan,2012,6.75,7.78,5.37,8.14,5.72,6.73,63.6,40,29,,90.4,83.4,,72.9,88.7,71.8,79.6,30,50
KAZ,Kazakhstan,2013,6.79,7.89,5.37,8.4,5.55,6.75,63,35,27,,93.2,84.5,,71.8,88.4,72.2,78.2,30,50
KAZ,Kazakhstan,2014,6.86,7.53,5.45,8.41,6.14,6.76,63.7,30,25.7,,92.9,85,,74.4,86.7,74.4,78.2,40,50
KAZ,Kazakhstan,2015,6.97,7.86,5.51,8.25,6.35,6.89,63.3,25,26,,93.2,85,,73.7,87,74.6,79,40,50
KAZ,Kazakhstan,2016,6.8,7.9,5.4,7.56,6.5,6.65,63.6,30,29,,93,87.7,,72.3,82.7,74,77.4,40,50
KAZ,Kazakhstan,2017,7.06,7.94,5.4,8.37,6.91,6.7,69,56.1,38,56.5,93.3,85.7,98.9,74.5,82.5,73.9,78.5,40,50
KAZ,Kazakhstan,2018,7.14,8.04,5.45,8.55,6.76,6.91,69.1,56,44.6,58.1,92.6,85.3,87.3,74.3,86.8,68.2,75.6,50,50
KAZ,Kazakhstan,2019,7.26,8.01,5.46,8.74,7.2,6.9,65.4,59.3,40.3,56.1,93.4,83.7,41,73.9,86.2,70.9,80,50,50
KAZ,Kazakhstan,2020,7.06,7.7,5.49,8.77,6.68,6.68,69.6,61.3,40.9,62.1,92.3,85.5,84.1,74.6,86,68.1,80.2,50,50
KAZ,Kazakhstan,2021,7.01,7.73,5.49,8.57,6.53,6.73,71.1,60.2,44.6,62.8,93.6,86.7,98.3,76.2,86.2,70,74.6,50,50
KAZ,Kazakhstan,2022,6.89,7.68,5.51,7.45,7.01,6.79,64.4,55.3,37.9,34.5,92.7,86.5,93.5,64.7,62.7,69.1,75.4,50,50
KAZ,Kazakhstan,2023,,,,,,,62.1,54.8,34.4,36.9,93,85.1,70.6,64.6,62.7,67.7,74.8,50,50
KAZ,Kazakhstan,2024,,,,,,,62,54.1,36.5,33.8,92.6,84.4,73.7,69.7,62.6,62.6,74.6,50,50
KAZ,Kazakhstan,2025,,,,,,,63.8,54.7,39.9,34.8,91.7,85.1,91.8,69.3,63.2,61.3,73.2,50,50
KEN,Kenya,1970,4.66,5.36,4.35,5.78,2.91,5.11,,,,,,,,,,,,,
KEN,Kenya,1975,4.79,5.44,4.5,5.73,4.16,4.2,,,,,,,,,,,,,
KEN,Kenya,1980,4.45,3.86,3.74,5.98,3.94,4.71,,,,,,,,,,,,,
KEN,Kenya,1985,4.86,4.25,3.71,6.77,4.34,5.2,,,,,,,,,,,,,
KEN,Kenya,1990,5.06,4.93,3.65,6.62,4.06,5.98,,,,,,,,,,,,,
KEN,Kenya,1995,5.63,6,4.3,6.5,6.25,4.92,54.5,50,50,,68,63,,55,,50.4,53.6,50,50
KEN,Kenya,1996,,,,,,,56.4,50,50,,69.3,62.6,,55,,53.7,67,50,50
KEN,Kenya,1997,,,,,,,60.1,50,50,,69.1,71,,55,,67.8,58,50,70
KEN,Kenya,1998,,,,,,,58.4,50,22,,72.5,74.2,,55,,71.1,60.6,50,70
KEN,Kenya,1999,,,,,,,58.2,50,22,,73.9,76.1,,55,,70.1,57,50,70
KEN,Kenya,2000,6.09,5.96,3.61,8.36,6.6,5.9,59.7,50,25,,73.8,78.1,,55,,72,63,50,70
KEN,Kenya,2001,6.18,6.06,3.61,8.8,6.5,5.9,57.6,50,20,,77.3,76.5,,55,,78.9,60.6,50,50
KEN,Kenya,2002,6.39,6.23,3.56,9.29,6.6,6.26,58.2,50,21,,77.9,78.1,,55,,76.4,65,50,50
KEN,Kenya,2003,6.32,6.28,3.87,8.52,6.78,6.11,58.6,50,20,,78.1,85.2,,55,,78.6,60.2,50,50
KEN,Kenya,2004,6.36,7.65,3.78,8.22,6.02,6.16,57.7,50,19,,78.9,79.2,,55,,82.9,54,50,50
KEN,Kenya,2005,6.78,8.35,3.9,8.31,6.44,6.87,57.9,50,19,,78.9,83,,55,59.4,77.6,56.2,50,50
KEN,Kenya,2006,6.67,8.38,3.96,7.79,6.58,6.65,59.7,50,21,,78.9,82.6,,65.2,60,74.7,64.4,50,50
KEN,Kenya,2007,6.81,8.27,3.97,8.34,6.66,6.78,59.6,40,21,,78.9,82.1,,64.5,59.9,74.4,75,50,50
KEN,Kenya,2008,6.38,7.9,4.08,6.58,6.73,6.63,59.3,35,22,,78.2,84.8,,65.6,60.1,72.2,75,50,50
KEN,Kenya,2009,6.59,7.69,4.04,8.12,6.78,6.33,58.7,30,21,,78.6,81.5,,66.9,63.1,74,71.8,50,50
KEN,Kenya,2010,6.69,7.72,4.26,8.47,6.71,6.27,57.5,30,21,,78.1,83.1,,63.4,63.7,72.7,67.9,45,50
KEN,Kenya,2011,6.51,7.79,4.31,7.39,6.67,6.41,57.4,30,22,,77.6,72.8,,62.2,62.9,73.2,72.8,50,50
KEN,Kenya,2012,6.67,7.81,4.43,7.96,6.62,6.5,57.5,30,21,,77.7,75.3,,61.7,63.3,79.1,66.7,50,50
KEN,Kenya,2013,6.68,7.72,4.47,8.39,6.63,6.2,55.9,30,22,,77.5,73.5,,58,57.1,73.8,66.7,50,50
KEN,Kenya,2014,6.74,8.04,4.51,8.19,6.49,6.47,57.1,30,21,,78,74.6,,55.8,64,74.9,72.8,50,50
KEN,Kenya,2015,6.66,7.69,4.45,8.41,6.51,6.25,55.6,30,27,,78,72.1,,47.9,63.8,72.8,64,50,50
KEN,Kenya,2016,6.62,6.66,4.51,8.67,6.57,6.71,57.5,30,25,,79.4,80.8,,48.6,62.2,73.5,65.6,60,50
KEN,Kenya,2017,6.58,6.94,4.56,8.58,6.58,6.26,53.5,45.1,24.7,42.7,78.5,77.9,14.4,50,62.4,73.8,67.2,55,50
KEN,Kenya,2018,6.76,7.36,4.48,8.89,6.5,6.56,54.7,47.9,27.5,44,78.5,77.5,14.1,55.5,62.9,74,69.8,55,50
KEN,Kenya,2019,6.75,7.11,4.43,9.01,6.45,6.75,55.1,53.8,32.1,46.9,79.5,77.8,13.8,55.8,63.4,72.7,60.4,55,50
KEN,Kenya,2020,6.73,7.32,4.46,9.02,6.21,6.64,55.3,63.2,28.2,48.6,78.7,79.6,13.5,55,55.8,75,60.4,55,50
KEN,Kenya,2021,6.75,7.07,4.67,8.98,6.2,6.82,54.9,60.4,29.5,41.5,78.7,80.2,12.6,56.7,57.1,75.4,62.2,55,50
KEN,Kenya,2022,6.82,7.08,4.83,8.94,6.4,6.87,52.6,40.6,30.9,39,79,82.2,10.6,56.1,56.8,75.5,56,55,50
KEN,Kenya,2023,,,,,,,52.5,39.7,38.9,30,79,81.7,10.8,56,57.1,74.7,57.2,55,50
KEN,Kenya,2024,,,,,,,53.6,40.8,31,47.7,79.7,82.8,11.1,57.7,57.3,73.2,57.2,55,50
KEN,Kenya,2025,,,,,,,54.8,41.8,31.5,48,77,83.7,25.1,58.9,57.3,72.6,56.6,55,50
KGZ,Kyrgyz Republic,1970,,,,,,,,,,,,,,,,,,,
KGZ,Kyrgyz Republic,1975,,,,,,,,,,,,,,,,,,,
KGZ,Kyrgyz Republic,1980,,,,,,,,,,,,,,,,,,,
KGZ,Kyrgyz Republic,1985,,,4.93,,,,,,,,,,,,,,,,
KGZ,Kyrgyz Republic,1990,,,4.87,,,3.1,,,,,,,,,,,,,
KGZ,Kyrgyz Republic,1995,,,3.81,,,2.38,,,,,,,,,,,,,
KGZ,Kyrgyz Rep,1996,,,,,,,,,,,,,,,,,,,
KGZ,Kyrgyz Rep,1997,,,,,,,,,,,,,,,,,,,
KGZ,Kyrgyz Rep,1998,,,,,,,51.8,30,30,,72.3,72.6,,55,,41.1,65,50,50
KGZ,Kyrgyz Rep,1999,,,,,,,54.8,30,30,,72.7,83.7,,55,,56.9,65,50,50
KGZ,Kyrgyz Republic,2000,,,3.88,2.77,,5.74,55.7,30,30,,69.3,86.8,,55,,65,65.2,50,50
KGZ,Kyrgyz Republic,2001,5.53,7.46,3.88,4.31,,5.97,53.7,30,22,,68.7,86.8,,55,,55.7,65,50,50
KGZ,Kyrgyz Republic,2002,5.61,7.46,3.88,4.65,,5.97,51.7,30,22,,72.5,61.1,,55,,60,65,50,50
KGZ,Kyrgyz Republic,2003,5.53,7.46,3.88,4.42,,5.9,56.8,30,22,,76.5,90.3,,55,,67.6,69.4,50,50
KGZ,Kyrgyz Republic,2004,6.25,7.46,3.88,7.42,,5.96,58,30,22,,85.5,84.4,,55,,76.2,69.4,50,50
KGZ,Kyrgyz Republic,2005,6.57,7.46,3.95,8.49,6.81,6.16,56.6,30,21,,85.1,81.5,,55,64.8,78.8,69.4,30,50
KGZ,Kyrgyz Republic,2006,6.49,7.62,3.91,7.81,6.77,6.34,61,30,22,,90,81.3,,60.7,71.6,77.9,76.4,50,50
KGZ,Kyrgyz Republic,2007,6.56,7.81,4.02,7.23,6.96,6.79,60.2,30,23,,92.7,77.1,,59.9,71.1,77.1,81.4,40,50
KGZ,Kyrgyz Republic,2008,6.31,7.73,4.02,5.84,7.1,6.86,61.1,30,22,,93.9,76.1,,60.7,71.3,75.6,81.4,50,50
KGZ,Kyrgyz Republic,2009,6.61,7.65,4,7.62,6.82,6.97,61.8,25,21,,93.4,74.9,,75.3,69.5,71.5,87.6,50,50
KGZ,Kyrgyz Republic,2010,6.48,7.65,4.06,7.38,6.76,6.55,61.3,25,18,,92.9,80.2,,76.6,82.6,62.2,75.9,50,50
KGZ,Kyrgyz Republic,2011,6.39,7.71,4.25,6.71,6.73,6.52,61.1,25,19,,92.6,74.2,,75.4,88.1,68.6,63.2,55,50
KGZ,Kyrgyz Republic,2012,6.62,7.75,4.36,8.14,6.61,6.23,60.2,20,20,,93.1,66.5,,74.1,88.9,71,63.2,55,50
KGZ,Kyrgyz Republic,2013,6.66,7.85,4.49,7.68,6.64,6.63,59.6,20,21,,94.8,56.4,,73.2,88.6,66.7,75.4,50,50
KGZ,Kyrgyz Republic,2014,6.9,7.89,4.49,7.86,7.58,6.68,61.1,20,19.2,,94.6,60.2,,74.2,83.8,73.7,75.2,60,50
KGZ,Kyrgyz Republic,2015,6.82,7.47,4.55,7.96,7.52,6.58,61.3,20,24,,93.6,53.2,,73.7,85,73.8,80.2,60,50
KGZ,Kyrgyz Republic,2016,7.01,7.42,4.58,9.11,7.51,6.43,59.6,20,27,,93.7,56.3,,65.3,80.4,68.4,75,60,50
KGZ,Kyrgyz Republic,2017,7.02,7.48,4.58,8.92,7.54,6.59,61.1,50.9,30.3,17.2,93.7,55.2,78.9,73.7,79.8,68.5,75.3,60,50
KGZ,Kyrgyz Republic,2018,7.04,7.38,4.57,9.21,7.31,6.72,62.8,50.2,29.4,22.1,93.8,58.2,89.2,73.3,77.9,74.9,74.5,60,50
KGZ,Kyrgyz Republic,2019,7.02,7.33,4.64,9.22,7.25,6.68,62.3,49.9,27.2,27.9,94.1,54.2,78.4,73.4,79.8,74.4,78.6,60,50
KGZ,Kyrgyz Republic,2020,6.77,7.1,4.62,8.51,6.99,6.64,62.9,53.6,32,31.3,94.1,58.5,66.7,73.6,79.6,76.4,79.2,60,50
KGZ,Kyrgyz Republic,2021,6.72,7.39,4.61,7.52,7.32,6.77,63.7,46,33.7,23.3,94.8,63.8,90.6,72.6,79.5,77.5,72.8,60,50
KGZ,Kyrgyz Republic,2022,6.53,7.09,4.47,7.07,7.38,6.65,55.8,25.1,28.8,11.8,94.8,66.7,79,56.1,52.2,71.4,73.2,60,50
KGZ,Kyrgyz Rep,2023,,,,,,,55.8,24.2,13,25.2,95,66,90.1,56.1,52.1,65.4,72,60,50
KGZ,Kyrgyz Rep,2024,,,,,,,55.2,22.4,24.8,11.4,94,66,92.2,55,52.3,62.4,71.8,60,50
KGZ,Kyrgyz Rep,2025,,,,,,,55.6,21.7,23.3,10.2,92.5,64.8,95.9,58.7,52.9,63.4,73.6,60,50
KHM,Cambodia,1970,,,4.22,,,,,,,,,,,,,,,,
KHM,Cambodia,1975,,,3.66,,,,,,,,,,,,,,,,
KHM,Cambodia,1980,,,3.7,,,,,,,,,,,,,,,,
KHM,Cambodia,1985,,,3.73,,,,,,,,,,,,,,,,
KHM,Cambodia,1990,,,3.86,,,,,,,,,,,,,,,,
KHM,Cambodia,1995,,5.52,3.46,,,3.49,,,,,,,,,,,,,
KHM,Cambodia,1996,,,,,,,,,,,,,,,,,,,
KHM,Cambodia,1997,,,,,,,52.8,30,30,,91.7,91.8,,55,,62.1,15,50,50
KHM,Cambodia,1998,,,,,,,59.8,30,30,,91.6,91.6,,55,,72,68,50,50
KHM,Cambodia,1999,,,,,,,59.9,30,30,,91.6,92,,55,,72.2,68,50,50
KHM,Cambodia,2000,6.56,8.62,3.78,8.5,,4.99,59.3,30,30,,91.6,91.3,,55,,67.7,68,50,50
KHM,Cambodia,2001,6.37,7.63,3.77,8.5,,5.07,59.6,30,30,,91.6,94.1,,55,,73.2,62.8,50,50
KHM,Cambodia,2002,6.44,7.77,3.6,8.87,,5.07,60.7,30,30,,91.3,91.3,,55,,81.6,67,50,50
KHM,Cambodia,2003,6.66,8.6,3.59,9.22,,4.9,63.7,30,30,,91.3,92.5,,55,,86.5,68,50,70
KHM,Cambodia,2004,6.76,9.17,3.59,8.75,,5.22,61.1,30,30,,91.4,91,,55,,80.8,52,50,70
KHM,Cambodia,2005,7.06,10,3.72,8.33,,5.8,60,30,30,,91.3,90.4,,55,43.9,87,52,50,70
KHM,Cambodia,2006,6.93,9.94,3.73,8.31,,5.48,56.7,30,10,,91.3,90.9,,43,44.2,83.7,53.4,50,70
KHM,Cambodia,2007,6.86,9.65,3.73,8.09,,5.65,55.9,30,23,,91.4,93.3,,43.5,44.3,81,52.2,50,50
KHM,Cambodia,2008,6,8.48,3.9,5.62,,5.63,55.9,30,21,,91.4,94.2,,43,46.3,80.9,52.2,50,50
KHM,Cambodia,2009,6.32,6.89,3.91,8.85,,5.11,56.6,30,20,,91.4,94.5,,42.7,44.5,80,63.4,50,50
KHM,Cambodia,2010,6.52,8.02,3.91,8.27,7,5.41,56.6,30,18,,91,92.9,,39.9,43.6,70.5,70,60,50
KHM,Cambodia,2011,6.44,7.58,3.95,8.47,7,5.21,57.9,30,20,,90.9,94.2,,39.5,46.3,78,70,60,50
KHM,Cambodia,2012,6.55,7.42,3.8,8.88,7.03,5.62,57.6,30,21,,91.1,90,,40.7,47.2,80.7,65.2,60,50
KHM,Cambodia,2013,6.53,7.6,3.64,9.04,7.03,5.35,58.5,30,21,,90.9,88.4,,39.4,54.2,81.3,70.2,60,50
KHM,Cambodia,2014,6.71,8.12,3.67,8.94,7.24,5.58,57.4,30,18.7,,90.8,88.4,,36.6,50.2,77.9,71,60,50
KHM,Cambodia,2015,6.95,9.09,3.73,9.18,7.16,5.6,57.5,25,20,,90.5,87.5,,29.2,62.2,78.7,72.2,60,50
KHM,Cambodia,2016,6.9,8.98,3.71,8.77,7.24,5.8,57.9,25,21,,90.5,87.4,,32.3,62.5,78.1,72.2,60,50
KHM,Cambodia,2017,6.97,9.26,3.69,8.88,7.26,5.77,59.5,42.4,12.8,22.1,90.2,88.1,95.7,29.6,62,81,80.3,60,50
KHM,Cambodia,2018,6.98,9.21,3.73,8.81,7.27,5.87,58.7,36,17.7,24.5,89.8,86.5,92.1,30.6,57.7,79.7,80.3,60,50
KHM,Cambodia,2019,7.01,9.17,3.75,9.03,7.26,5.87,57.8,37.4,16.7,27.6,89.7,85.9,89.1,29.9,63,79.4,65.4,60,50
KHM,Cambodia,2020,6.81,9.09,3.75,8.79,6.66,5.78,57.3,43.1,14.8,28.1,89.4,83.9,94.8,31.2,62.5,74.8,65.4,50,50
KHM,Cambodia,2021,6.76,8.91,3.78,8.82,6.69,5.62,57.3,39.9,17,23.2,89.1,84.3,98.3,30.9,62.6,75.1,66.6,50,50
KHM,Cambodia,2022,6.85,8.77,3.78,8.7,7.33,5.66,57.1,41.2,12.3,20.9,88.7,81.5,98,55.2,47.8,74.7,64.8,50,50
KHM,Cambodia,2023,,,,,,,56.5,40.8,22.3,14.5,87.9,78.7,90.1,54.4,47.9,74.3,66.8,50,50
KHM,Cambodia,2024,,,,,,,55.6,41,18.6,22,88.8,78.2,74.7,54.7,47.4,71.5,70.8,50,50
KHM,Cambodia,2025,,,,,,,58.2,41.7,17.6,22.7,89.8,88.8,86.6,61,47.2,74.1,69.2,50,50
KIR,Kiribati,1995,,,,,,,,,,,,,,,,,,,
KIR,Kiribati,1996,,,,,,,,,,,,,,,,,,,
KIR,Kiribati,1997,,,,,,,,,,,,,,,,,,,
KIR,Kiribati,1998,,,,,,,,,,,,,,,,,,,
KIR,Kiribati,1999,,,,,,,,,,,,,,,,,,,
KIR,Kiribati,2000,,,,,,,,,,,,,,,,,,,
KIR,Kiribati,2001,,,,,,,,,,,,,,,,,,,
KIR,Kiribati,2002,,,,,,,,,,,,,,,,,,,
KIR,Kiribati,2003,,,,,,,,,,,,,,,,,,,
KIR,Kiribati,2004,,,,,,,,,,,,,,,,,,,
KIR,Kiribati,2005,,,,,,,,,,,,,,,,,,,
KIR,Kiribati,2006,,,,,,,,,,,,,,,,,,,
KIR,Kiribati,2007,,,,,,,,,,,,,,,,,,,
KIR,Kiribati,2008,,,,,,,,,,,,,,,,,,,
KIR,Kiribati,2009,,,,,,,45.7,30,33,,42.2,0,,62.5,85.6,88.7,55,30,30
KIR,Kiribati,2010,,,,,,,43.7,30,31,,42.2,0,,65.6,86.1,71.9,55.4,25,30
KIR,Kiribati,2011,,,,,,,44.8,30,28,,60.3,0,,62.9,85.1,71.1,55.4,25,30
KIR,Kiribati,2012,,,,,,,46.9,30,32,,72.4,0,,61.2,85.5,77.3,55.4,25,30
KIR,Kiribati,2013,,,,,,,45.9,30,31,,71.2,0,,59.2,78.5,78.4,55.4,25,30
KIR,Kiribati,2014,,,,,,,46.3,30,29.2,,71.4,0,,57,83.6,81.3,55.4,25,30
KIR,Kiribati,2015,,,,,,,46.4,30,29.2,,73,0,,56.8,83.9,80.6,55.4,25,30
KIR,Kiribati,2016,,,,,,,46.2,30,29.2,,73.3,0,,51.6,83.9,81,58.2,25,30
KIR,Kiribati,2017,,,,,,,50.9,48,37.6,33,73.6,0,99.5,51.5,71.9,82,58.2,25,30
KIR,Kiribati,2018,,,,,,,50.8,45,37.9,35.3,72.4,0,98.5,53.1,71.6,82,58.2,25,30
KIR,Kiribati,2019,,,,,,,47.3,44.1,35.1,34.3,73,0,98.6,41.9,50.7,81.1,53.2,25,30
KIR,Kiribati,2020,,,,,,,45.2,47.5,24.3,34.2,72.4,0,99,40.6,62.9,82.2,23.8,25,30
KIR,Kiribati,2021,,,,,,,44.4,44.8,27.9,33.1,70.7,0,98.9,32,63.9,82.5,23.8,25,30
KIR,Kiribati,2022,,,,,,,59.2,70.6,45.4,81.8,69.3,0,99.4,63.2,65.1,80.7,80,25,30
KIR,Kiribati,2023,,,,,,,58.8,76.3,83.7,51.9,69.5,0,82.8,61.2,65.5,79.5,80,25,30
KIR,Kiribati,2024,,,,,,,51.3,73.2,49,66.7,70.7,0,19.5,60.9,58.4,76.9,80,30,30
KIR,Kiribati,2025,,,,,,,50.9,68.5,48.9,59.9,72.9,0,19.7,62.8,65.3,72.5,80,30,30
KOR,"Korea, Rep.",1970,5.08,6.85,4.72,4.67,5.6,3.53,,,,,,,,,,,,,
KOR,"Korea, Rep.",1975,5.13,6.93,4.46,4.73,6.78,3.21,,,,,,,,,,,,,
KOR,"Korea, Rep.",1980,5.15,6.33,4.51,5.06,6.34,3.76,,,,,,,,,,,,,
KOR,"Korea, Rep.",1985,5.67,6.87,4.51,6.46,6.2,4.37,,,,,,,,,,,,,
KOR,"Korea, Rep.",1990,6.7,7.1,6.43,6.46,8.43,5.3,,,,,,,,,,,,,
KOR,"Korea, Rep.",1995,7.19,7.49,6.87,8.02,8.15,5.52,72,90,70,,63.3,85.6,,70,,80.1,69.2,50,70
KOR,Korea South,1996,,,,,,,73,90,70,,64.4,86.4,,70,,79.6,77,50,70
KOR,Korea South,1997,,,,,,,69.8,90,43,,68.1,86.9,,70,,80.9,69.2,50,70
KOR,Korea South,1998,,,,,,,73.3,90,50,,72.4,87.3,,70,,80.9,69.2,70,70
KOR,Korea South,1999,,,,,,,69.7,90,43,,67.8,85.5,,70,,81.5,69.6,70,50
KOR,"Korea, Rep.",2000,7.14,7.22,6.48,7.58,7.78,6.68,69.7,90,42,,71.8,85.5,,70,,78.9,69.2,70,50
KOR,"Korea, Rep.",2001,7.25,7.17,6.57,8.05,8.08,6.41,69.1,90,38,,71.7,79.7,,70,,84.5,67.8,70,50
KOR,"Korea, Rep.",2002,7.33,7.33,6.58,8.32,8.05,6.41,69.5,90,40,,69.9,82.7,,70,,85.2,67.6,70,50
KOR,"Korea, Rep.",2003,7.33,7.19,6.58,8.54,7.98,6.41,68.3,70,42,,74.2,81.8,,70,,83.4,73.2,70,50
KOR,"Korea, Rep.",2004,7.42,7.14,6.55,8.83,8.09,6.54,67.8,70,45,,73.9,80.8,,70,,84,66.6,70,50
KOR,"Korea, Rep.",2005,7.52,7.12,6.82,9.47,7.42,6.76,66.4,70,43,,69.5,77.8,,70,56.6,83.3,73.6,70,50
KOR,"Korea, Rep.",2006,7.57,7.14,7.01,9.4,7.58,6.74,67.5,70,45,,71.2,77.6,,85.6,57.7,83.1,65,70,50
KOR,"Korea, Rep.",2007,7.67,7.44,6.93,9.42,7.77,6.77,67.8,70,50,,71.6,76.3,,84.3,57.3,78.9,69.2,70,50
KOR,"Korea, Rep.",2008,7.48,7.37,6.71,9.16,7.69,6.49,68.6,70,51,,71.1,77.3,,84.1,56,80,66.4,70,60
KOR,"Korea, Rep.",2009,7.47,7.07,6.66,9.25,7.75,6.61,68.1,70,51,,70.4,72.5,,90.4,46.4,80,70.2,70,60
KOR,"Korea, Rep.",2010,7.6,7.3,6.63,9.23,7.84,7.02,69.9,70,56,,71.1,74.9,,91.9,47.1,77.4,70.8,70,70
KOR,"Korea, Rep.",2011,7.64,7.34,6.65,9.26,7.83,7.1,69.8,70,55,,72.2,73,,91.6,46.5,78.7,70.8,70,70
KOR,"Korea, Rep.",2012,7.64,7.12,6.59,9.47,7.84,7.17,69.9,70,54,,72.8,67.2,,93.6,49.7,78.9,72.6,70,70
KOR,"Korea, Rep.",2013,7.65,7.07,6.51,9.61,7.78,7.26,70.3,70,54,,73,72.8,,93.6,48.7,77.9,72.6,70,70
KOR,"Korea, Rep.",2014,7.7,7.03,6.61,9.63,7.89,7.35,71.2,70,54,,72.6,72.6,,92.8,47.8,79.6,72.6,70,80
KOR,"Korea, Rep.",2015,7.71,6.96,6.71,9.71,7.84,7.3,71.5,75,55,,72.5,67.9,,89.7,51.1,81.6,72.6,70,80
KOR,"Korea, Rep.",2016,7.71,6.94,6.7,9.66,7.94,7.3,71.7,70,55,,73.8,69.7,,91.1,50.6,82.6,74.6,70,80
KOR,"Korea, Rep.",2017,7.73,7.02,6.78,9.54,7.97,7.36,74.3,77.8,67.3,59.9,73.7,68.9,97.4,90.6,57,84,79.5,65,70
KOR,"Korea, Rep.",2018,7.67,6.73,6.77,9.55,7.97,7.36,73.8,79.4,49.9,63.7,73.3,68.8,97,90.7,58.7,83.9,80.4,70,70
KOR,"Korea, Rep.",2019,7.62,6.46,6.78,9.63,7.97,7.27,72.3,79.3,50.5,57.5,64.2,68.6,96.8,91.3,57.4,82,80.4,70,70
KOR,"Korea, Rep.",2020,7.44,6.25,6.83,9.57,7.34,7.21,74,82.5,67.5,61,63.9,67.7,96.7,90.5,56.2,82.1,80,70,70
KOR,"Korea, Rep.",2021,7.42,6.26,6.86,9.3,7.36,7.3,74,80.7,68.9,63.4,63,86.9,96.7,89.5,55.8,84.4,79,60,60
KOR,"Korea, Rep.",2022,7.52,6.3,6.94,9.07,8,7.27,74.6,90.5,69.2,77.1,60.4,84.5,95.3,84.8,55.6,85.2,73,60,60
KOR,Korea South,2023,,,,,,,73.7,88.5,76.8,68.7,60.1,82,94.1,84.8,56.2,81.4,72.2,60,60
KOR,Korea South,2024,,,,,,,73.1,88.3,69.2,76.9,59,78.9,91.6,85,57.2,77.3,73.4,60,60
KOR,Korea South,2025,,,,,,,74,89.4,68.8,77.3,59.6,81.8,93.8,90,56.4,77.6,73.2,60,60
KWT,Kuwait,1970,7.87,7.85,4.76,10,,7.56,,,,,,,,,,,,,
KWT,Kuwait,1975,6.44,5.47,4.7,6.88,,7.56,,,,,,,,,,,,,
KWT,Kuwait,1980,6.05,7.05,4.73,5.04,,6.97,,,,,,,,,,,,,
KWT,Kuwait,1985,7.22,5.87,4.74,8.9,,7.19,,,,,,,,,,,,,
KWT,Kuwait,1990,6.35,5.78,4.17,6.98,8.2,6.76,,,,,,,,,,,,,
KWT,Kuwait,1995,6.68,4.87,5.1,9.03,8.26,5.96,,,,,,,,,,,,,
KWT,Kuwait,1996,,,,,,,66.1,90,70,,99.9,10.9,,85,,81.7,77,30,50
KWT,Kuwait,1997,,,,,,,64.8,90,70,,99.9,0.8,,85,,80.1,77,30,50
KWT,Kuwait,1998,,,,,,,66.3,90,70,,99.9,16.4,,85,,78.5,77,30,50
KWT,Kuwait,1999,,,,,,,69.5,90,70,,99.9,40.6,,85,,82,78,30,50
KWT,Kuwait,2000,6.58,5.94,4.89,7.91,8.3,5.86,69.7,90,70,,99.9,39.3,,85,,85,78.2,30,50
KWT,Kuwait,2001,6.84,6.07,4.89,8.15,8.3,6.78,68.2,90,70,,99.9,44.5,,70,,80.8,78.6,30,50
KWT,Kuwait,2002,6.9,6.24,4.89,8.08,8.33,6.95,65.4,70,70,,99.9,41.9,,70,,80.2,76.8,30,50
KWT,Kuwait,2003,6.98,6.17,4.89,8.5,8.34,6.95,66.7,70,70,,99.9,48.8,,70,,81.6,80.2,30,50
KWT,Kuwait,2004,6.94,6.09,4.88,8.49,8.33,6.87,63.6,50,70,,99.9,42.2,,70,,83.2,77,30,50
KWT,Kuwait,2005,6.9,6.71,5.03,8.16,8.21,6.39,64.6,50,53,,99.9,51.3,,70,80.2,83.7,77.8,30,50
KWT,Kuwait,2006,6.98,6.5,5.07,8.51,8.04,6.74,66.5,50,46,,99.9,57.1,,71,80.3,83.1,77.2,50,50
KWT,Kuwait,2007,7.04,6.91,5.04,8.24,8.03,6.93,66.4,50,47,,99.9,60.7,,70.7,80.1,78.8,77.2,50,50
KWT,Kuwait,2008,6.66,5.74,4.96,7.74,7.93,6.89,68.1,55,48,,99.9,74.6,,68.6,80.2,73.8,81,50,50
KWT,Kuwait,2009,6.66,6.13,4.97,7.31,8.04,6.82,65.6,50,43,,99.9,63.7,,67.4,79.3,71.7,81,50,50
KWT,Kuwait,2010,6.53,5.59,5.19,7.6,8.01,6.24,67.7,50,43,,99.9,76.6,,65.8,88,66.4,82.5,55,50
KWT,Kuwait,2011,6.49,5.58,5.17,7.51,7.96,6.25,64.9,50,41,,99.9,69.7,,64.4,67.9,69.3,81.6,55,50
KWT,Kuwait,2012,6.64,5.91,5.15,7.85,7.88,6.43,62.5,50,45,,99.9,47.2,,61.8,63.5,71.3,81.6,55,50
KWT,Kuwait,2013,6.67,6,5.07,7.89,7.84,6.57,63.1,50,46,,99.9,61.5,,57.7,62.8,71.6,76.8,55,50
KWT,Kuwait,2014,6.57,5.79,5.04,8.41,7.25,6.38,62.3,50,43.7,,97.7,55.6,,57.7,63.6,73.2,76.7,55,50
KWT,Kuwait,2015,6.33,5.85,5.04,7.58,7.21,5.97,62.5,45,43,,97.7,61.1,,58.6,64.2,74,76.2,55,50
KWT,Kuwait,2016,6.58,5.95,5.06,8.2,7.31,6.4,62.7,45,44,,97.7,57.7,,63.4,62.7,74.2,77.2,55,50
KWT,Kuwait,2017,6.48,5.94,5.07,8.21,7.25,5.91,65.1,55.5,41.3,56.4,97.7,40.8,99.8,61.2,61.5,73.6,78.7,55,60
KWT,Kuwait,2018,6.55,5.94,5.09,8.15,7.42,6.15,62.2,52,36.6,53.5,97.7,20.5,99.3,57.2,61.5,73.7,79.1,55,60
KWT,Kuwait,2019,6.61,5.87,5.09,8.18,7.42,6.48,60.8,52.9,35.3,43.3,97.7,17.3,99.1,57.4,61.7,70.6,79,55,60
KWT,Kuwait,2020,6.61,5.93,5.13,8.47,7.03,6.48,63.2,57.1,46,47,97.7,22.4,99.6,61.3,62.2,73.2,76.4,55,60
KWT,Kuwait,2021,6.51,5.91,5.12,8.02,7.38,6.12,64.1,57.4,47.5,52.6,97.7,21.4,99.7,66,62.2,73.6,75.8,55,60
KWT,Kuwait,2022,6.45,5.9,5.13,7.74,7.35,6.12,58.3,41.9,43.8,42,97.7,4,99.7,55.4,52.7,71.7,75.6,55,60
KWT,Kuwait,2023,,,,,,,56.7,42.5,40.6,43.8,97.7,3.2,80.9,59.1,52.1,69.3,75.6,55,60
KWT,Kuwait,2024,,,,,,,58.5,42.1,41.9,41.4,97.7,11.3,100,56.2,53,67.9,75.6,55,60
KWT,Kuwait,2025,,,,,,,59.9,42.7,46.9,42.9,97.7,38.2,100,57.4,49,67.8,75.6,50,50
LAO,Lao PDR,1970,,,3.02,,,,,,,,,,,,,,,,
LAO,Lao PDR,1975,,,3.04,,,,,,,,,,,,,,,,
LAO,Lao PDR,1980,,,3.76,,,,,,,,,,,,,,,,
LAO,Lao PDR,1985,,,3.76,,,,,,,,,,,,,,,,
LAO,Lao PDR,1990,,,3.7,,,,,,,,,,,,,,,,
LAO,Lao PDR,1995,,,4.06,,,,,,,,,,,,,,,,
LAO,Laos,1996,,,,,,,38.5,10,10,,32.3,90.2,,40,,62.8,81,10,10
LAO,Laos,1997,,,,,,,35.1,10,10,,32.3,82.4,,40,,55.4,66,10,10
LAO,Laos,1998,,,,,,,35.2,10,10,,32.2,85.2,,40,,53.1,66,10,10
LAO,Laos,1999,,,,,,,35.2,10,10,,32.5,85.7,,40,,52.1,66,10,10
LAO,Lao PDR,2000,4.15,2.94,3.61,3.52,,6.38,36.8,10,10,,71.1,85.5,,40,,28.4,66,10,10
LAO,Lao PDR,2001,3.53,2.94,3.6,3.52,,4.13,33.5,10,10,,71,81.3,,40,,13.8,55.6,10,10
LAO,Lao PDR,2002,5.41,9.79,3.59,3.52,,6.75,36.8,10,10,,66.4,91.3,,40,,38.1,55.6,10,10
LAO,Lao PDR,2003,5.29,9.48,3.58,3.52,,6.52,41,10,10,,70.6,87.9,,40,,55,55.6,30,10
LAO,Lao PDR,2004,5.42,10,3.59,3.52,,6.67,42,10,10,,70.6,87.1,,40,,64,56.6,30,10
LAO,Lao PDR,2005,5.39,9.68,3.59,3.52,,6.78,44.4,10,10,,70.9,89.8,,40,61.3,61.6,60.6,30,10
LAO,Lao PDR,2006,5.25,8.67,3.61,3.52,,6.81,47.5,10,10,,70.8,89.4,,51.1,62.5,63.3,58,30,30
LAO,Lao PDR,2007,5.29,8.87,3.96,3.52,,6.45,50.3,10,33,,70.8,92.8,,52.1,62.5,71.3,60.8,30,20
LAO,Lao PDR,2008,4.97,8.07,3.97,3.52,,5.65,50.3,10,26,,71,92.1,,60.8,63.4,73,57,30,20
LAO,Lao PDR,2009,6.47,7.82,4.44,7.29,,5.81,50.4,10,19,,70.6,89.7,,59.5,63.5,75.4,66.4,30,20
LAO,Lao PDR,2010,6.12,6.89,4.44,6.31,,6.4,51.1,15,20,,80.1,90.3,,59.4,58.9,73.5,68.4,25,20
LAO,Lao PDR,2011,6.23,7.48,4.44,6.12,,6.53,51.3,20,20,,79.9,90.1,,58.8,49.9,80.4,68.4,25,20
LAO,Lao PDR,2012,6.04,6.44,4.45,6.52,,6.16,50,15,21,,79.8,86.6,,61.6,55.7,76.9,58.7,25,20
LAO,Lao PDR,2013,5.38,6.06,4.46,6.35,,3.8,50.1,15,22,,79.7,85.8,,62.1,54.7,73,58.7,30,20
LAO,Lao PDR,2014,5.93,6.8,4.46,6.74,6.63,5,51.2,15,18.6,,86.6,86.7,,60.7,54.9,75.5,58.6,35,20
LAO,Lao PDR,2015,6.04,7.05,4.53,7.07,6.58,4.98,51.4,15,26,,86.2,86.8,,59.5,57.1,74.5,58.6,30,20
LAO,Lao PDR,2016,6.1,6.97,4.51,7.05,6.64,5.31,49.8,15,25,,86.1,73.8,,55.9,57.6,71.3,58.6,35,20
LAO,Lao PDR,2017,6.28,7.24,4.35,7.12,7.37,5.29,54,35.3,32.6,35.9,86.1,76.6,61.2,66.3,54.4,70.2,74.6,35,20
LAO,Lao PDR,2018,6.32,7.2,4.37,7.2,7.39,5.42,53.6,34.1,33.1,41.4,86.7,79.3,60.2,65.4,55,76,56.6,35,20
LAO,Lao PDR,2019,6.31,7.19,4.33,7.09,7.37,5.56,57.4,38.8,33.5,42.5,86.9,85.3,66.5,60.1,60.1,78.5,81.8,35,20
LAO,Lao PDR,2020,6.14,7.16,4.43,6.92,6.74,5.44,55.5,42.5,32,37.3,87,86.6,53.3,54.3,58.6,76.8,82,35,20
LAO,Lao PDR,2021,6.18,6.92,4.39,7.05,6.76,5.77,53.9,38.8,34.5,37.6,87.1,86.8,51.1,54.7,59.1,74.5,67.8,35,20
LAO,Lao PDR,2022,5.86,6.94,4.4,4.7,7.4,5.85,49.2,41.1,20.4,11.1,87.2,88.4,44,60.5,44.3,71.8,66.8,35,20
LAO,Laos,2023,,,,,,,50.3,41.8,11.4,21,89,90.1,54.6,56.7,44.5,72.3,66.6,35,20
LAO,Laos,2024,,,,,,,50.6,44,23.4,12.2,88.8,91.2,67.1,56.2,42.9,59.1,67.6,35,20
LAO,Laos,2025,,,,,,,51.1,42.5,23.2,12.5,88.8,92.9,80,55.3,42.4,52.3,68.4,35,20
LBN,Lebanon,1970,,,3.24,,,,,,,,,,,,,,,,
LBN,Lebanon,1975,,,2.92,,,,,,,,,,,,,,,,
LBN,Lebanon,1980,,,2.84,,,,,,,,,,,,,,,,
LBN,Lebanon,1985,,,2.84,,,,,,,,,,,,,,,,
LBN,Lebanon,1990,,8.58,2.2,,,,,,,,,,,,,,,,
LBN,Lebanon,1995,,7.29,4.21,,,5.43,,,,,,,,,,,,,
LBN,Lebanon,1996,,,,,,,63.2,50,10,,98,79.9,,70,,66.4,75,50,70
LBN,Lebanon,1997,,,,,,,63.9,50,10,,98,78.5,,70,,73.9,75,50,70
LBN,Lebanon,1998,,,,,,,59,50,10,,98,70.8,,70,,75.8,36.6,50,70
LBN,Lebanon,1999,,,,,,,59.1,50,10,,98,70,,70,,76.8,36.6,50,70
LBN,Lebanon,2000,4.24,7.76,3.13,0.02,,5.43,56.1,50,10,,96.7,41.9,,70,,79.9,36.6,50,70
LBN,Lebanon,2001,4.26,7.91,3.03,0.02,,5.43,61,50,10,,92.3,63.3,,70,,86.2,57,50,70
LBN,Lebanon,2002,5.16,8.23,2.86,4.17,,5.43,57.1,30,10,,92,61.1,,55,,92.3,53.4,50,70
LBN,Lebanon,2003,5.35,8.4,2.86,4.87,,5.43,56.7,30,10,,92.4,65.1,,55,,91.3,46.8,50,70
LBN,Lebanon,2004,5.55,8.53,3.33,5,,5.43,56.9,30,10,,92.4,60.3,,55,,83.5,61,50,70
LBN,Lebanon,2005,5.61,8.52,3.55,5.06,,5.43,57.2,30,30,,91.7,54.4,,55,59.2,82.9,69,30,70
LBN,Lebanon,2006,6.82,8.5,3.55,9.54,,5.43,57.5,30,27,,91.3,54.6,,56.7,61,82,72.4,30,70
LBN,Lebanon,2007,6.96,8.54,3.55,9.24,,6.8,60.4,30,31,,93.9,64.3,,56.6,62.3,88.4,77.4,30,70
LBN,Lebanon,2008,6.5,8.54,3.55,8.14,,5.69,60,30,36,,91.4,69.5,,55.6,62.2,77.8,77.4,30,70
LBN,Lebanon,2009,6.82,8.53,3.57,9.31,,5.73,58.1,30,30,,91.7,64.1,,60,57.4,77.3,80.8,30,60
LBN,Lebanon,2010,6.77,8.81,3.53,9.05,6.96,5.42,59.5,30,30,,91.6,62.8,,56.6,57,71.4,80.5,55,60
LBN,Lebanon,2011,6.8,8.74,3.53,9.22,6.93,5.54,60.1,25,25,,91,64.9,,57.5,59,77.7,80.5,60,60
LBN,Lebanon,2012,6.61,8.22,3.45,9.1,6.95,5.33,60.1,25,25,,90.8,68.2,,53.9,60.6,76.9,80.4,60,60
LBN,Lebanon,2013,6.75,8.42,3.38,9.55,6.99,5.37,59.5,20,25,,90.8,74.6,,50.3,57.2,76.5,80.4,60,60
LBN,Lebanon,2014,6.72,8.5,3.48,9.68,6.6,5.35,59.4,20,24.5,,90.9,73.7,,55.6,58.7,74.5,75.8,60,60
LBN,Lebanon,2015,6.71,8.7,3.6,9.37,6.64,5.22,59.3,20,28,,91.3,70.6,,54.7,60.7,72,75.8,60,60
LBN,Lebanon,2016,6.77,8.73,3.58,9.63,6.61,5.31,59.5,20,27,,91.3,75.7,,59.1,57.3,79,75.8,60,50
LBN,Lebanon,2017,6.69,8.66,3.54,9.39,6.59,5.26,53.3,43.8,23.3,25.3,91.8,76.1,0,51.5,49.5,78.4,84.4,65,50
LBN,Lebanon,2018,6.61,8.42,3.55,9.11,6.64,5.3,53.2,39.7,20.2,33.6,91.9,78.2,0,48.8,44.2,81.9,84.5,65,50
LBN,Lebanon,2019,6.48,8.38,3.53,9.4,5.77,5.29,51.1,39.5,18.2,26.6,91.8,75.6,0,47.9,46.5,78.1,79,60,50
LBN,Lebanon,2020,5.21,8.86,3.44,4.99,3.49,5.27,51.7,44.6,25,30.8,90.8,72.5,0,45.6,47.8,75.6,77.4,60,50
LBN,Lebanon,2021,5.26,9.08,3.43,4.99,3.54,5.28,51.4,42.3,27.9,33.1,88.5,70.3,0,44.3,47.4,78.3,74.4,60,50
LBN,Lebanon,2022,5.35,8.78,3.53,4.99,4.16,5.28,47.3,33.7,22.8,27.4,88.5,77.4,0,48.8,54.2,41.1,74.2,50,50
LBN,Lebanon,2023,,,,,,,45.6,33.1,25,22.6,89.7,80.7,44.1,48.1,53.3,19.5,71.4,30,30
LBN,Lebanon,2024,,,,,,,48.3,30.7,22.7,24,90.5,94.7,69.2,48.9,57.6,10.1,71.4,30,30
LBN,Lebanon,2025,,,,,,,44.1,22.3,24.5,22.6,90.3,95.6,63.6,47.8,57.1,0,65.4,20,20
LBR,Liberia,1970,,,2.4,,,,,,,,,,,,,,,,
LBR,Liberia,1975,,,3.04,,,,,,,,,,,,,,,,
LBR,Liberia,1980,,,2.45,,,,,,,,,,,,,,,,
LBR,Liberia,1985,,,2.49,,,,,,,,,,,,,,,,
LBR,Liberia,1990,,,2.74,,,,,,,,,,,,,,,,
LBR,Liberia,1995,,,3.19,,,,,,,,,,,,,,,,
LBR,Liberia,1996,,,,,,,,,,,,,,,,,,,
LBR,Liberia,1997,,,,,,,,,,,,,,,,,,,
LBR,Liberia,1998,,,,,,,,,,,,,,,,,,,
LBR,Liberia,1999,,,,,,,,,,,,,,,,,,,
LBR,Liberia,2000,4.51,8,1.91,4.01,,4.63,,,,,,,,,,,,,
LBR,Liberia,2001,4.57,8.21,1.93,4.01,,4.63,,,,,,,,,,,,,
LBR,Liberia,2002,4.18,6.87,1.93,4.01,,4.63,,,,,,,,,,,,,
LBR,Liberia,2003,4.58,8.21,1.96,4.01,,4.63,,,,,,,,,,,,,
LBR,Liberia,2004,4.92,8.48,2.58,4.01,,5.02,,,,,,,,,,,,,
LBR,Liberia,2005,5.33,9.31,2.95,4.01,,5.33,,,,,,,,,,,,,
LBR,Liberia,2006,5.36,9.34,3.02,4.01,,5.35,,,,,,,,,,,,,
LBR,Liberia,2007,5.39,9.34,3.1,4.01,,5.35,,,,,,,,,,,,,
LBR,Liberia,2008,5.37,9.34,3.09,4.01,,5.35,,,,,,,,,,,,,
LBR,Liberia,2009,5.57,9.34,3.84,4.05,,5.35,48.1,25,21,,73.8,97.2,,40.2,49.8,70.1,53.8,30,20
LBR,Liberia,2010,5.58,9.34,3.82,4.08,,5.38,46.2,25,24,,67.8,82.3,,52.8,51.3,65.4,53.8,20,20
LBR,Liberia,2011,5.31,8.36,3.83,3.98,,5.38,46.5,30,31,,73.3,66.5,,51.8,48.9,69.5,53.8,20,20
LBR,Liberia,2012,5.4,8.23,3.83,4.6,,5.2,48.6,30,33,,76.6,74.8,,55.9,50.6,71.8,53.8,20,20
LBR,Liberia,2013,5.93,7.86,3.82,7.06,,5.28,49.3,30,32,,76.6,77.8,,56.5,47.2,72,61.4,20,20
LBR,Liberia,2014,6.32,7.99,3.8,8.33,6.03,5.43,52.4,30,33.8,,83.6,70.5,,62.3,47,72.9,64.1,40,20
LBR,Liberia,2015,6.13,6.97,3.73,8.67,5.9,5.36,52.7,25,38,,83,69.9,,60.1,43.9,72.7,74.4,40,20
LBR,Liberia,2016,6.17,7.24,3.61,8.89,5.85,5.25,52.2,25,37,,83.8,67.7,,55.1,44.5,71,72.8,45,20
LBR,Liberia,2017,6.03,6.72,3.66,8.49,5.85,5.41,49.1,33.6,31.4,41,83.6,60.1,36.2,53.1,48.5,71.8,60.1,50,20
LBR,Liberia,2018,5.7,6.61,3.64,7.19,5.91,5.15,50.9,28.2,32,42.4,77.5,59.4,39.1,53.1,59.5,71.4,72.8,55,20
LBR,Liberia,2019,5.76,7.11,3.66,7.1,5.82,5.11,49.7,26.7,24.2,39,82.7,62.1,69.1,50.6,38.3,68.9,60.1,55,20
LBR,Liberia,2020,5.7,5.87,3.69,7.9,5.72,5.34,49,31.1,23.8,37.9,86.1,65.5,59.7,48.2,38.2,62.1,60.6,55,20
LBR,Liberia,2021,5.87,5.99,3.7,8.6,5.72,5.34,49.2,29.5,27,40.4,85.8,68.3,54.3,48.9,41.4,58.5,60.8,55,20
LBR,Liberia,2022,5.87,5.9,3.74,8.56,5.82,5.34,47.9,32.2,25.1,23.4,86.1,68,64.6,34.8,43.2,61.7,60.8,55,20
LBR,Liberia,2023,,,,,,,49.6,31.6,23.2,26.1,86.1,68.6,72.6,34.1,43.3,68.3,66.8,55,20
LBR,Liberia,2024,,,,,,,49.9,32.4,24.9,23.4,86.1,71.8,69.2,34.6,43.6,71.6,66.8,55,20
LBR,Liberia,2025,,,,,,,48.5,32.8,24.9,22.7,86,76.6,53.6,39,43.5,70.7,57,55,20
LBY,Libya,1970,,,1.77,,,,,,,,,,,,,,,,
LBY,Libya,1975,,,1.64,,,,,,,,,,,,,,,,
LBY,Libya,1980,,,1.62,,,,,,,,,,,,,,,,
LBY,Libya,1985,,,1.66,,,,,,,,,,,,,,,,
LBY,Libya,1990,,,1.85,,,,,,,,,,,,,,,,
LBY,Libya,1995,,,2.77,,,,,,,,,,,,,,,,
LBY,Libya,1996,,,,,,,31.7,10,10,,33.3,73,,40,,60.2,39,10,10
LBY,Libya,1997,,,,,,,28.9,10,10,,33.3,61.1,,40,,61.2,24,10,10
LBY,Libya,1998,,,,,,,32,10,10,,33.3,61.1,,40,,64.9,49,10,10
LBY,Libya,1999,,,,,,,32.3,10,10,,33.3,61.1,,40,,67.1,49,10,10
LBY,Libya,2000,,,1.89,4.37,,5.19,34.7,10,10,,53.9,61.1,,40,,67.8,49,10,10
LBY,Libya,2001,,,2.51,3.21,,5.19,34,10,10,,53.6,54.6,,40,,69.1,49,10,10
LBY,Libya,2002,3.77,2.1,2.51,3.01,,5.19,35.4,10,10,,51.3,64.7,,40,,73.8,49,10,10
LBY,Libya,2003,4.17,2.1,2.49,4.51,,5.19,34.6,10,10,,53,72.1,,40,,64.1,42.4,10,10
LBY,Libya,2004,4.46,2.1,2.49,5.73,,5.19,31.5,10,10,,32.3,68.1,,40,,61,42.4,10,10
LBY,Libya,2005,4.45,2.1,2.49,5.67,,5.19,32.8,10,21,,47.1,49.8,,40,20,66.4,53.2,10,10
LBY,Libya,2006,4.67,2.1,2.48,6.42,,5.19,33.2,10,25,,52.2,41.4,,20,20,69.3,34.6,30,30
LBY,Libya,2007,4.72,2.1,2.53,6.57,,5.16,37,10,25,,81.7,43.8,,20,20,80.1,39.6,30,20
LBY,Libya,2008,4.66,2.1,2.77,6.15,,5.13,38.7,10,27,,81.7,63.5,,20,20,74.9,39.6,30,20
LBY,Libya,2009,4.16,2.1,2.63,4.64,,5.17,43.5,10,25,,81.7,68.1,,20,20,70.3,90,30,20
LBY,Libya,2010,4.3,2.1,2.74,5.17,,5.01,40.2,10,26,,81.7,62.8,,20,20,66.4,85,10,20
LBY,Libya,2011,3.65,2.84,2.78,2.77,,4.99,38.6,10,25,,80.3,44.5,,20,20,71,85,10,20
LBY,Libya,2012,4.39,3.52,2.67,4.71,,5.1,35.9,10,22,,80.2,17.9,,20,20,73.6,85,10,20
LBY,Libya,2013,4.72,3.9,2.58,5.66,6.6,5.08,,10,20,,,,,,,64.8,85,10,20
LBY,Libya,2014,4.44,3.9,2.57,5.72,5.2,4.84,,10,18.3,,95,0,,50.1,77.9,66.9,,5,20
LBY,Libya,2015,4.55,3.9,2.52,6.35,5.27,4.7,,10,15,,95,37.5,,46.8,66.7,71.4,80,5,
LBY,Libya,2016,4.33,3.9,2.51,5.18,5.27,4.79,,10,18,,95,0,,55.5,63.1,74,,5,
LBY,Libya,2017,3.77,3.79,2.54,5.41,2.21,4.45,,6.8,26.7,22.6,95,0,11.4,65,52.5,69.2,80,,
LBY,Libya,2018,4.26,3.79,2.53,7.81,2.21,4.39,,5.2,23.1,22.1,90.5,0,19.9,63.5,45.9,56.2,80,5,
LBY,Libya,2019,4.2,3.7,2.51,7.67,2.19,4.39,,7.6,15.8,24.4,,0,20,40.2,51.3,52.8,,5,
LBY,Libya,2020,4.8,3.7,2.5,8.12,5.31,4.31,,30.1,18.9,20.8,,0,,40.7,53.9,53.6,,5,
LBY,Libya,2021,4.63,3.7,2.51,7.12,5.53,4.31,,16.5,21,19.7,,0,19.9,38.4,55.3,69.7,,5,
LBY,Libya,2022,4.65,3.62,2.5,7.03,5.76,4.32,,,,,,,,,,,,,
LBY,Libya,2023,,,,,,,,5.4,3.6,12.5,,,,31.1,48.6,75.1,,,
LBY,Libya,2024,,,,,,,,5.9,10.2,4.2,93.2,,,,,,,,
LBY,Libya,2025,,,,,,,,5.7,11.7,3.6,,,,,,,,,
LCA,St Lucia,1995,,,,,,,,,,,,,,,,,,,
LCA,St Lucia,1996,,,,,,,,,,,,,,,,,,,
LCA,St Lucia,1997,,,,,,,,,,,,,,,,,,,
LCA,St Lucia,1998,,,,,,,,,,,,,,,,,,,
LCA,St Lucia,1999,,,,,,,,,,,,,,,,,,,
LCA,St Lucia,2000,,,,,,,,,,,,,,,,,,,
LCA,St Lucia,2001,,,,,,,,,,,,,,,,,,,
LCA,St Lucia,2002,,,,,,,,,,,,,,,,,,,
LCA,St Lucia,2003,,,,,,,,,,,,,,,,,,,
LCA,St Lucia,2004,,,,,,,,,,,,,,,,,,,
LCA,St Lucia,2005,,,,,,,,,,,,,,,,,,,
LCA,St Lucia,2006,,,,,,,,,,,,,,,,,,,
LCA,St Lucia,2007,,,,,,,,,,,,,,,,,,,
LCA,St Lucia,2008,,,,,,,,,,,,,,,,,,,
LCA,St Lucia,2009,,,,,,,68.8,70,68,,74,68.5,,87.7,82.8,85.1,72,40,40
LCA,St Lucia,2010,,,,,,,70.5,70,71,,73.2,71.4,,88.4,84.2,80.1,71.9,55,40
LCA,St Lucia,2011,,,,,,,70.8,70,70,,74.4,71.4,,86.2,83.4,85.3,71.9,55,40
LCA,St Lucia,2012,,,,,,,71.3,70,70,,74.1,67.7,,84.7,83.5,85.8,71.9,65,40
LCA,St Lucia,2013,,,,,,,70.4,70,70,,76.9,63.6,,85.3,76.4,84.7,71.9,65,40
LCA,St Lucia,2014,,,,,,,70.7,70,70.6,,75.7,63.6,,83.1,84.5,82.7,71.9,65,40
LCA,St Lucia,2015,,,,,,,70.2,70,71,,77.7,65.8,,75.6,79.8,85.5,72,65,40
LCA,St Lucia,2016,,,,,,,70,70,71,,76.9,70.6,,77.6,76.2,80.3,72,65,40
LCA,St Lucia,2017,,,,,,,65,65.5,39.6,68.8,76.4,71.6,53.8,77.2,68.7,82.3,71.6,65,40
LCA,St Lucia,2018,,,,,,,67.6,67.9,50.9,69.2,75.5,72.4,67.7,76.6,69.5,81.7,74.3,65,40
LCA,St Lucia,2019,,,,,,,68.7,65.9,50.3,63.8,76.2,79.3,81.3,76.3,69.2,83.9,73.2,65,40
LCA,St Lucia,2020,,,,,,,68.2,69.8,41.8,62.6,76.9,80.6,83.8,76.7,66.4,82,73.2,65,40
LCA,St Lucia,2021,,,,,,,67.5,61.5,44.6,66.3,76.9,83.2,86.2,75.7,66.5,83.5,60.6,65,40
LCA,St Lucia,2022,,,,,,,64.3,66.8,58.1,76.9,77.5,78.7,50.1,61.5,58.2,82.2,56.6,65,40
LCA,St Lucia,2023,,,,,,,60.7,68.6,77.3,58.9,77.8,73.4,3,69.6,57.3,80.9,56.6,65,40
LCA,St Lucia,2024,,,,,,,62.2,67.2,58.4,74.4,77.3,76.8,28.8,69.5,57.9,75.9,60,60,40
LCA,St Lucia,2025,,,,,,,67,69.5,59,74.6,78.6,82.5,74.3,73.8,64.9,76.6,60,50,40
LIE,Liechtenstein,1995,,,,,,,,,,,,,,,,,,,
LIE,Liechtenstein,1996,,,,,,,,,,,,,,,,,,,
LIE,Liechtenstein,1997,,,,,,,,,,,,,,,,,,,
LIE,Liechtenstein,1998,,,,,,,,,,,,,,,,,,,
LIE,Liechtenstein,1999,,,,,,,,,,,,,,,,,,,
LIE,Liechtenstein,2000,,,,,,,,,,,,,,,,,,,
LIE,Liechtenstein,2001,,,,,,,,,,,,,,,,,,,
LIE,Liechtenstein,2002,,,,,,,,,,,,,,,,,,,
LIE,Liechtenstein,2003,,,,,,,,,,,,,,,,,,,
LIE,Liechtenstein,2004,,,,,,,,,,,,,,,,,,,
LIE,Liechtenstein,2005,,,,,,,,,,,,,,,,,,,
LIE,Liechtenstein,2006,,,,,,,,,,,,,,,,,,,
LIE,Liechtenstein,2007,,,,,,,,,,,,,,,,,,,
LIE,Liechtenstein,2008,,,,,,,,,,,,,,,,,,,
LIE,Liechtenstein,2009,,,,,,,,,,,,,,,,,,,
LIE,Liechtenstein,2010,,,,,,,,,,,,,,,,,,,
LIE,Liechtenstein,2011,,,,,,,,,,,,,,,,,,,
LIE,Liechtenstein,2012,,,,,,,,,,,,,,,,,,,
LIE,Liechtenstein,2013,,,,,,,,,,,,,,70,,,90,,80
LIE,Liechtenstein,2014,,,,,,,,,,,,,,,,,90,85,80
LIE,Liechtenstein,2015,,,,,,,,,,,,,,,,,90,85,80
LIE,Liechtenstein,2016,,,,,,,,,,,,,,,,,90,85,80
LIE,Liechtenstein,2017,,,,,,,,,,,,,,92.3,85.7,,90,85,80
LIE,Liechtenstein,2018,,,,,,,,,,,,,,,,,90,85,80
LIE,Liechtenstein,2019,,,,,,,,,,,,,,,,,,85,80
LIE,Liechtenstein,2020,,,,,,,,,,,,,,,,,,85,80
LIE,Liechtenstein,2021,,,,,,,,,,,,,,,,,,85,80
LIE,Liechtenstein,2022,,,,,,,,,,,,,,,,,,,
LIE,Liechtenstein,2023,,,,,,,,92.9,88,80.8,,,,,,,86.6,80,80
LIE,Liechtenstein,2024,,,,,,,,92.8,82.4,86,,,,88.2,,,86.4,80,80
LIE,Liechtenstein,2025,,,,,,,,94.4,82.4,86.7,,,,,,,86.6,80,80
LKA,Sri Lanka,1970,4.99,6.7,5.53,6.82,0.09,,,,,,,,,,,,,,
LKA,Sri Lanka,1975,4.99,6.39,5.48,6.31,0.8,5.74,,,,,,,,,,,,,
LKA,Sri Lanka,1980,5.38,7.48,5.03,4.97,3.42,5.72,,,,,,,,,,,,,
LKA,Sri Lanka,1985,5.7,7.74,5.02,6.21,3.23,6.04,,,,,,,,,,,,,
LKA,Sri Lanka,1990,5.71,7.85,5.48,5.58,3.23,6.03,,,,,,,,,,,,,
LKA,Sri Lanka,1995,6.29,7.88,5.37,6.25,5.57,6.25,60.6,50,30,,64.3,78.3,,70,,78.4,54.2,50,70
LKA,Sri Lanka,1996,,,,,,,62.5,50,30,,72.5,78.1,,70,,80.5,61,50,70
LKA,Sri Lanka,1997,,,,,,,65.5,50,50,,72.5,69.1,,85,,81.8,61,50,70
LKA,Sri Lanka,1998,,,,,,,64.6,50,50,,72.3,66.3,,85,,77,61,50,70
LKA,Sri Lanka,1999,,,,,,,64,50,50,,72.6,71.7,,70,,74,68,50,70
LKA,Sri Lanka,2000,6.54,8.03,4.45,6.31,7.68,6.26,63.2,50,50,,72.9,79.7,,70,,74.9,71,50,50
LKA,Sri Lanka,2001,6.3,8.03,4.5,5.41,7.73,5.87,66,70,50,,73.4,81.3,,70,,79.1,70.2,50,50
LKA,Sri Lanka,2002,6.39,8.28,4.26,5.85,7.72,5.86,64,50,50,,73.3,81.3,,70,,79.3,72,50,50
LKA,Sri Lanka,2003,6.54,8.41,4.27,6.13,7.96,5.93,62.5,50,50,,73.4,80.3,,70,,68.6,70.2,50,50
LKA,Sri Lanka,2004,6.36,8.33,4.26,5.99,7.55,5.67,61.6,50,37,,79.9,77.3,,70,,69.6,70.6,50,50
LKA,Sri Lanka,2005,6.13,8,4.39,5.55,7.31,5.39,61,50,34,,78.5,80.6,,70,67.6,72.3,76.6,50,30
LKA,Sri Lanka,2006,6.14,8.03,4.46,5.3,7.54,5.38,58.7,50,35,,78.5,83.1,,68.2,68.6,72.5,71.4,30,30
LKA,Sri Lanka,2007,5.95,7.24,4.45,4.95,7.59,5.53,59.4,50,32,,78.5,83.4,,69.2,68.9,70.4,71.6,30,40
LKA,Sri Lanka,2008,5.7,7.01,4.42,4.38,7.46,5.25,58.4,50,31,,73.5,81.7,,71.6,71.4,65.4,69.6,30,40
LKA,Sri Lanka,2009,6,6.64,4.48,6.17,7.37,5.37,56,40,32,,73.2,80.5,,73.7,70.8,59.4,71,20,40
LKA,Sri Lanka,2010,6.19,7.68,4.47,5.93,6.96,5.93,54.6,40,32,,73.5,83.9,,71.8,70.7,56.8,62.2,15,40
LKA,Sri Lanka,2011,6.24,8.2,4.48,5.6,6.97,5.97,57.1,40,31,,73.4,84.7,,71.9,61.8,65.8,72.2,30,40
LKA,Sri Lanka,2012,6.27,8.46,4.44,5.57,6.94,5.97,58.3,40,32,,73.5,81.4,,78,62.1,68.5,77.1,30,40
LKA,Sri Lanka,2013,6.6,8.52,4.35,7.09,7.04,6.05,60.7,40,33,,84.7,86.5,,77,60.8,69.1,76.2,40,40
LKA,Sri Lanka,2014,6.44,8.36,4.43,7.38,5.97,6.11,60,40,33.4,,84.9,86.3,,74.4,59.2,68,73.6,40,40
LKA,Sri Lanka,2015,6.56,8.2,4.88,7.49,6.1,6.15,58.6,35,37,,85,88.4,,72.5,58.7,68.2,71.6,30,40
LKA,Sri Lanka,2016,6.62,8.29,4.87,7.5,6.14,6.3,59.9,40,38,,85.1,90,,70.3,56.5,71.5,72.4,35,40
LKA,Sri Lanka,2017,6.57,8.3,4.86,7.14,6.2,6.34,57.4,48,30,48.3,85.3,90.2,31.2,72.8,57.5,76,74.5,35,40
LKA,Sri Lanka,2018,6.71,8.58,4.87,7.75,6.03,6.33,57.8,46.5,30.7,52,84.9,89.3,24.9,76.2,60.1,74,74.5,40,40
LKA,Sri Lanka,2019,6.6,8.23,4.86,7.66,6.02,6.23,56.4,44.7,28.9,39.4,84.9,88.3,30.4,75.1,58.8,70.1,76.2,40,40
LKA,Sri Lanka,2020,6.28,8.44,4.78,6.2,6.01,5.98,57.4,47.7,34.7,39.2,84.8,88.9,39.3,76.5,58.6,71.1,67.6,40,40
LKA,Sri Lanka,2021,6.04,8.45,4.84,6.07,4.83,6.02,55.7,45.4,39.5,46.8,85,88.4,30.1,75.2,59.1,71.6,47,40,40
LKA,Sri Lanka,2022,5.87,8.75,4.87,2.57,7,6.16,53.3,51.7,40.1,57.7,90.3,87.4,0,58.3,55.7,71.6,47,40,40
LKA,Sri Lanka,2023,,,,,,,52.2,51.6,49.7,39.5,90.3,88,0,54.4,55.8,70.2,67.2,30,30
LKA,Sri Lanka,2024,,,,,,,49.2,51.8,36.9,49.4,77.5,88.2,0,53.4,55.1,49.2,69.2,30,30
LKA,Sri Lanka,2025,,,,,,,49.4,51.3,37.4,47.4,77.5,88.8,0,55.8,54.6,54.5,65,30,30
LSO,Lesotho,1970,,,2.94,,,,,,,,,,,,,,,,
LSO,Lesotho,1975,,,2.93,,,,,,,,,,,,,,,,
LSO,Lesotho,1980,,7.57,2.95,,,,,,,,,,,,,,,,
LSO,Lesotho,1985,,9.78,2.96,,,,,,,,,,,,,,,,
LSO,Lesotho,1990,,4.17,2.94,,,,,,,,,,,,,,,,
LSO,Lesotho,1995,,4.44,3.23,,,,,,,,,,,,,,,,
LSO,Lesotho,1996,,,,,,,47,50,30,,59.1,38.7,,55,,65.3,45,50,30
LSO,Lesotho,1997,,,,,,,47.2,50,30,,58.8,35.4,,55,,65.3,50.2,50,30
LSO,Lesotho,1998,,,,,,,48.4,50,30,,61.8,32,,55,,65.9,61,50,30
LSO,Lesotho,1999,,,,,,,48.2,50,30,,61.9,30,,55,,66.2,61,50,30
LSO,Lesotho,2000,4.27,4.44,3.09,4.85,,4.96,48.4,50,30,,61.4,30.9,,55,,67,61,50,30
LSO,Lesotho,2001,4.12,4.44,3.09,4.43,,4.85,50.6,50,30,,64.3,28,,55,,66.7,61,50,50
LSO,Lesotho,2002,3.62,4.44,3.1,2.61,,4.87,48.9,50,30,,64.7,5.9,,55,,73.4,61,50,50
LSO,Lesotho,2003,4.49,5.49,3.1,4.76,,5.02,52,50,30,,66.2,25.3,,55,,73.4,68,50,50
LSO,Lesotho,2004,5.43,6.08,3.09,7.81,,5.02,50.3,50,30,,63.5,41.7,,55,,70,62.2,30,50
LSO,Lesotho,2005,5.62,6.61,3.09,8,5.45,5.02,53.9,50,30,,63.9,38.4,,55,71.9,71.5,77.8,30,50
LSO,Lesotho,2006,5.75,6.85,3.79,7.46,5.46,5.29,54.7,50,30,,63.9,47.8,,58.2,65.4,74.2,77.8,30,50
LSO,Lesotho,2007,5.8,6.91,4.02,7.26,5.47,5.43,53.2,40,34,,69.3,44.3,,68.2,64.6,77.1,54.4,30,50
LSO,Lesotho,2008,5.67,6.68,4.1,6.77,5.52,5.36,52.1,40,32,,67.2,46.8,,58.2,65.5,75.4,56.4,30,50
LSO,Lesotho,2009,5.64,6.19,4.06,7.08,5.75,5.17,49.7,40,33,,63.1,36.2,,61.7,62.7,73.1,57,30,40
LSO,Lesotho,2010,5.61,5.7,4.02,7.33,5.66,5.35,48.1,40,32,,52,30,,62,66.1,70.3,63.5,25,40
LSO,Lesotho,2011,5.69,5.84,4.17,7.52,5.88,5.04,47.5,40,33,,48.2,21.4,,58.9,63.7,71.6,63.6,35,40
LSO,Lesotho,2012,5.67,5.38,4.39,7.51,5.54,5.56,46.6,40,35,,49.1,0,,57.5,65,75.5,69.1,35,40
LSO,Lesotho,2013,5.91,5.27,4.58,7.76,6.2,5.74,47.9,40,35,,48.2,0,,63.7,62.8,75.7,69.1,45,40
LSO,Lesotho,2014,6.03,5.39,4.72,7.51,6.6,5.94,49.5,40,37.1,,67.4,0,,54,62.4,75.5,68.6,50,40
LSO,Lesotho,2015,6.16,5.81,4.81,7.83,6.62,5.74,49.6,35,49,,68.5,0,,54.7,63.9,75.2,64.6,45,40
LSO,Lesotho,2016,5.91,5.39,4.65,7.49,6.67,5.35,50.6,30,49,,59.1,0,,53.3,62.1,76.9,85.8,50,40
LSO,Lesotho,2017,6.05,6.14,4.64,7.37,6.49,5.58,53.9,51.6,39.6,50.9,55.7,0,92.2,52.2,57.7,76.4,80.2,50,40
LSO,Lesotho,2018,5.94,5.55,4.43,7.58,6.54,5.57,53.9,49.4,32.9,52.7,48.2,23.8,90.5,52.9,58.9,74.2,68.5,55,40
LSO,Lesotho,2019,5.93,5.29,4.5,7.74,6.51,5.6,53.1,41.5,30.9,45.7,59.4,33,63.5,53.3,58.8,75,81,55,40
LSO,Lesotho,2020,5.93,5.23,4.6,7.78,6.24,5.81,54.5,45.2,29.6,47,73,34.4,60.3,52.8,58.8,75.7,82.2,55,40
LSO,Lesotho,2021,5.9,5.44,4.63,7.61,6.15,5.68,53.5,41.6,32.2,60.5,71.5,22.2,67.2,55.3,58.8,75.8,62.2,55,40
LSO,Lesotho,2022,5.96,5.56,4.68,7.37,6.58,5.62,48.1,45,42.8,44.1,77.4,4.5,27.5,44.2,58.3,75.9,62.2,55,40
LSO,Lesotho,2023,,,,,,,51.6,42.4,43.3,41.6,77.3,11.2,70.1,44,57.9,74.9,61.2,55,40
LSO,Lesotho,2024,,,,,,,51.9,43.3,41.6,43.4,77.2,22.4,63.7,44.4,57.9,72.8,61.2,55,40
LSO,Lesotho,2025,,,,,,,54.1,42.4,39.3,43.6,68,23.8,92,49.6,58,73.5,63.8,55,40
LTU,Lithuania,1970,,,,,,,,,,,,,,,,,,,
LTU,Lithuania,1975,,,,,,,,,,,,,,,,,,,
LTU,Lithuania,1980,,,,,,,,,,,,,,,,,,,
LTU,Lithuania,1985,,,6.27,,,,,,,,,,,,,,,,
LTU,Lithuania,1990,6.17,4.74,6.33,5.09,,4.56,,,,,,,,,,,,,
LTU,Lithuania,1995,6,6.7,6.46,2.51,8.69,5.57,,,,,,,,,,,,,
LTU,Lithuania,1996,,,,,,,49.7,50,30,,76.6,62.4,,70,,12.9,65,50,30
LTU,Lithuania,1997,,,,,,,57.3,50,30,,75.6,58,,70,,33,79,70,50
LTU,Lithuania,1998,,,,,,,59.4,50,30,,70.7,59.4,,70,,53.9,81,70,50
LTU,Lithuania,1999,,,,,,,61.5,50,30,,72.4,64.9,,70,,65.1,81,70,50
LTU,Lithuania,2000,7.16,7.03,6.32,7.04,8.57,6.82,61.9,50,30,,70.5,63.3,,70,,72.3,81,70,50
LTU,Lithuania,2001,7.28,7.06,6.37,7.77,8.67,6.52,65.5,50,38,,71,73,,70,,84.8,82.8,70,50
LTU,Lithuania,2002,7.63,6.78,6.41,9.36,8.68,6.9,66.1,50,41,,74.1,69.3,,70,,87.7,82.8,70,50
LTU,Lithuania,2003,7.75,6.95,7.02,9.18,8.68,6.89,69.7,50,48,,78.8,71.5,,70,,88.1,80.4,70,70
LTU,Lithuania,2004,7.74,6.93,6.98,9.11,8.67,6.98,72.4,50,48,,82.8,70.6,,70,,90.1,80.2,70,90
LTU,Lithuania,2005,7.75,7.11,7.23,8.7,8.51,7.17,70.5,50,47,,82.8,65.1,,70,55.8,90.1,84,70,90
LTU,Lithuania,2006,7.64,6.95,7.31,8.36,8.5,7.08,71.8,50,46,,82.9,63.9,,85.2,57.1,90.4,82.4,70,90
LTU,Lithuania,2007,7.63,7.03,7.36,8.26,8.53,6.95,71.5,50,48,,86.5,70.8,,84.3,57.3,81.1,86.6,70,80
LTU,Lithuania,2008,7.52,6.88,7.25,8.29,8.45,6.72,70.9,50,48,,86.3,68.3,,84.2,57.7,78.5,86,70,80
LTU,Lithuania,2009,7.52,6.5,7.18,8.93,8.19,6.81,70,50,48,,87.6,65.3,,82.4,54.6,75.8,85.8,70,80
LTU,Lithuania,2010,7.65,6.32,7.22,9.28,8,7.42,70.3,55,46,,84.6,63.5,,82,58.5,70.8,87.5,75,80
LTU,Lithuania,2011,7.68,6.76,7.23,9.03,8,7.35,71.3,60,49,,86.1,58,,81.7,55.6,74.5,87.6,80,80
LTU,Lithuania,2012,7.72,7,7.19,8.77,7.92,7.73,71.5,60,50,,93.6,41.7,,79.2,64.6,79.3,87.1,80,80
LTU,Lithuania,2013,7.9,7.24,7.2,9.18,8.1,7.8,72.1,60,48,,92.8,53.6,,77.6,64.1,78.3,86.8,80,80
LTU,Lithuania,2014,8.02,7.32,7.24,9.19,8.41,7.94,73,60,49.9,,92.9,55.9,,85.7,59,78.6,87.8,80,80
LTU,Lithuania,2015,8.03,7.23,7.28,9.25,8.62,7.78,74.7,60,57,,92.9,61.3,,84.9,62,81.2,88,80,80
LTU,Lithuania,2016,8.06,7.42,7.27,9.18,8.63,7.82,75.2,65,58,,92.9,63.8,,80,60,84.6,88,80,80
LTU,Lithuania,2017,8.02,7.42,7.29,8.73,8.72,7.92,75.8,73,69.7,62.4,86.9,64.1,93.6,79.1,63.6,90,87,70,70
LTU,Lithuania,2018,8.06,7.37,7.34,8.93,8.72,7.91,75.3,73.8,50.9,66.7,86.4,63.9,96.7,73.4,64.5,89.9,86.9,80,70
LTU,Lithuania,2019,8.17,7.69,7.34,9.16,8.76,7.88,74.2,73.6,47.8,61.2,86.4,65.1,97.3,75.2,63.6,84.6,86,80,70
LTU,Lithuania,2020,7.78,6.56,7.4,8.84,8.53,7.56,76.7,77.9,67.4,62.1,84.9,66,97.4,71.9,76.5,79.7,86.4,80,70
LTU,Lithuania,2021,7.92,7.02,7.4,8.67,8.75,7.78,76.9,78.9,74.5,68.7,84.6,66.8,97.2,73.1,74.4,80.1,84,70,70
LTU,Lithuania,2022,7.51,7.13,7.39,6.93,8.76,7.33,75.8,88.6,66.6,74.6,84.5,59.9,86.5,87.3,59.5,82.3,79.2,70,70
LTU,Lithuania,2023,,,,,,,72.2,87.7,74.2,68.5,77.7,56.9,68.6,76,60.2,78.1,78.6,70,70
LTU,Lithuania,2024,,,,,,,72.9,89.1,68,74.4,76.8,55.5,83.2,80.7,61.8,66.5,79.2,70,70
LTU,Lithuania,2025,,,,,,,74.6,89.4,68.7,74.6,76.9,58.8,96,81,60.5,69.2,79.6,70,70
LUX,Luxembourg,1970,7.56,6.23,6.13,8.4,9.6,7.16,,,,,,,,,,,,,
LUX,Luxembourg,1975,7.96,5.92,8.08,9.06,9.64,7.16,,,,,,,,,,,,,
LUX,Luxembourg,1980,7.92,5.77,8.09,9.05,9.65,7.16,,,,,,,,,,,,,
LUX,Luxembourg,1985,8.05,5.87,8.09,9.58,9.7,7.16,,,,,,,,,,,,,
LUX,Luxembourg,1990,8.02,5.77,8.12,9.53,9.7,7.16,,,,,,,,,,,,,
LUX,Luxembourg,1995,8.01,5.38,8.12,9.72,9.77,7.16,,,,,,,,,,,,,
LUX,Luxembourg,1996,,,,,,,72.5,90,90,,46.6,37.1,,85,,84.7,79,70,70
LUX,Luxembourg,1997,,,,,,,72.8,90,90,,45.2,40.6,,85,,85.8,79,70,70
LUX,Luxembourg,1998,,,,,,,72.7,90,90,,45.6,37.9,,85,,87,79,70,70
LUX,Luxembourg,1999,,,,,,,72.4,90,86,,46.5,37.9,,85,,87.4,79,70,70
LUX,Luxembourg,2000,8.23,5.74,8.18,9.6,9.66,7.92,76.4,90,87,,51.3,67.3,,85,,88.3,79,70,70
LUX,Luxembourg,2001,8.27,6.04,8.19,9.53,9.64,7.92,80.1,90,88,,52.5,58.9,,85,,88.6,78,90,90
LUX,Luxembourg,2002,8.13,5.42,8.14,9.55,9.61,7.92,79.4,90,86,,56.8,52,,85,,85.2,79.6,90,90
LUX,Luxembourg,2003,8.11,5.24,8.23,9.48,9.67,7.92,79.9,90,87,,59.8,51.5,,85,,84.7,81.4,90,90
LUX,Luxembourg,2004,8.11,5.33,8.18,9.44,9.58,7.96,78.9,90,90,,58.9,41.4,,85,,85.3,79.8,90,90
LUX,Luxembourg,2005,7.88,5.21,8.24,9.35,8.74,7.83,76.3,90,87,,64.3,39,,85,51.4,85.9,80.2,90,90
LUX,Luxembourg,2006,7.91,5.59,8.21,9.21,8.84,7.67,75.3,90,84,,65.7,36.8,,76.9,51.4,85.7,82.4,90,90
LUX,Luxembourg,2007,8,5.72,8.52,9.28,8.82,7.65,74.6,90,85,,65.3,44,,76.9,47.8,80.2,86.6,90,80
LUX,Luxembourg,2008,8.01,5.8,8.58,9.21,8.85,7.61,74.7,90,86,,65.4,44.8,,77.3,47.4,79.8,86,90,80
LUX,Luxembourg,2009,7.94,5.24,8.54,9.45,8.84,7.59,75.2,90,84,,66.3,54.4,,76.2,45.1,80.2,85.8,90,80
LUX,Luxembourg,2010,7.84,4.87,8.57,9.07,8.74,7.94,75.4,90,83,,65.9,58.5,,75.1,40.4,78.9,87.5,95,80
LUX,Luxembourg,2011,7.9,5.1,8.54,9.16,8.67,8.03,76.2,90,82,,66.7,58.5,,76.4,44.1,82.1,87.6,95,80
LUX,Luxembourg,2012,7.91,5.27,8.52,9.11,8.6,8.08,74.5,90,85,,63.6,46.6,,75.9,40.9,81.3,87.1,95,80
LUX,Luxembourg,2013,8.02,5.74,8.57,9.1,8.62,8.09,74.2,90,85,,65,47.1,,74.8,39,79.3,86.8,95,80
LUX,Luxembourg,2014,8.14,5.84,8.61,9.19,8.91,8.15,74.2,90,84.1,,62.8,47.6,,72.6,43.1,78.9,87.8,95,80
LUX,Luxembourg,2015,8.12,5.48,8.63,9.45,8.83,8.2,73.2,90,80,,62.3,42.2,,71.3,42.1,80.7,88,95,80
LUX,Luxembourg,2016,8.07,5.55,8.61,9.15,8.83,8.2,73.9,90,82,,61.1,43,,73.7,42.6,83.2,88,95,80
LUX,Luxembourg,2017,8.07,5.82,8.6,8.93,8.91,8.11,75.9,85.8,78.3,77,64.5,46,99,68.6,43.8,86.2,87,95,80
LUX,Luxembourg,2018,8.09,5.74,8.57,9.1,8.92,8.12,76.4,82.7,79,77.9,65.1,48.5,99,69.2,46.2,87.6,86.9,95,80
LUX,Luxembourg,2019,8.11,5.75,8.58,9.17,8.86,8.2,75.9,83,85.8,72.4,65.4,46.6,98.9,68.8,45.9,82.6,86,95,80
LUX,Luxembourg,2020,7.8,4.91,8.65,8.75,8.68,8.03,75.8,86.4,90.3,74.4,64.1,45.4,99,66.8,45.3,76.4,86.4,95,80
LUX,Luxembourg,2021,7.92,5.5,8.64,8.88,8.37,8.22,76,85.7,92.5,77.6,63.4,46.2,99,66.1,45.9,76.5,84,95,80
LUX,Luxembourg,2022,7.98,5.39,8.64,8.7,8.97,8.19,80.6,97.4,89.5,96.4,64.1,41.5,98.7,89.3,56.3,80.1,79.2,95,80
LUX,Luxembourg,2023,,,,,,,78.4,96.8,96.5,89.7,64.8,41.6,80,85.5,56.8,75.1,78.6,95,80
LUX,Luxembourg,2024,,,,,,,79.2,96.9,84.9,95.8,64.6,40.6,97.6,89.5,57.7,69.1,79.2,95,80
LUX,Luxembourg,2025,,,,,,,79.5,97.8,85.7,97.2,62.7,39.4,98.5,89.2,57.5,71.9,79.6,95,80
LVA,Latvia,1970,,,,,,,,,,,,,,,,,,,
LVA,Latvia,1975,,,,,,,,,,,,,,,,,,,
LVA,Latvia,1980,,,,,,,,,,,,,,,,,,,
LVA,Latvia,1985,,,6,,,,,,,,,,,,,,,,
LVA,Latvia,1990,6.48,6.38,6.07,6.02,,5.05,,,,,,,,,,,,,
LVA,Latvia,1995,5.91,5.92,6.22,3.69,8.39,5.43,,,,,,,,,,,,,
LVA,Latvia,1996,,,,,,,55,50,50,,78,50.8,,70,,41.1,55,50,50
LVA,Latvia,1997,,,,,,,62.4,50,30,,78,56.2,,85,,57.4,65,70,70
LVA,Latvia,1998,,,,,,,63.4,50,30,,77.5,56.2,,70,,66,81,70,70
LVA,Latvia,1999,,,,,,,64.2,50,30,,77.1,56.7,,70,,72.9,81,70,70
LVA,Latvia,2000,7.47,7.02,6.18,8.42,8.28,7.45,63.4,50,27,,76.8,47.1,,70,,78.5,81,70,70
LVA,Latvia,2001,7.6,7.02,6.17,9.2,8.41,7.18,66.4,50,34,,75.5,65.3,,70,,83.2,80,70,70
LVA,Latvia,2002,7.85,7.22,6.94,9.26,8.49,7.29,65,50,34,,76.8,49.6,,70,,84.4,80,70,70
LVA,Latvia,2003,7.78,7.18,6.76,9.07,8.49,7.34,66,50,34,,78.3,58,,70,,84.9,78.6,70,70
LVA,Latvia,2004,7.78,7.27,6.81,8.72,8.58,7.48,67.4,50,37,,82.2,62.2,,70,,85.8,79.8,70,70
LVA,Latvia,2005,7.73,7.53,7.01,8.34,8.33,7.42,66.3,50,38,,83.6,52.7,,70,63.5,84.8,80,70,70
LVA,Latvia,2006,7.8,7.63,7.01,8.19,8.41,7.71,66.9,50,40,,83.5,51,,75,66.6,80.8,82.4,70,70
LVA,Latvia,2007,7.79,7.58,7.06,8.09,8.59,7.6,67.9,50,42,,83.9,61.3,,74.5,66.9,74.2,86.6,70,70
LVA,Latvia,2008,7.68,7.38,6.95,7.95,8.57,7.52,68.3,55,47,,83.4,59.2,,74.8,64.1,73.8,86,70,70
LVA,Latvia,2009,7.77,7.05,6.89,8.99,8.5,7.39,66.6,55,48,,82.3,58.5,,73.8,61.6,71.1,85.8,70,60
LVA,Latvia,2010,7.74,6.9,6.98,9,8.33,7.5,66.2,55,50,,82.7,57.4,,72.9,59.1,67,87.5,80,50
LVA,Latvia,2011,7.7,6.96,6.98,8.69,8.3,7.55,65.8,50,45,,82.5,55.5,,72.8,61.3,73.5,87.6,80,50
LVA,Latvia,2012,7.89,7.22,7,9.02,8.29,7.9,65.2,50,43,,84.3,43.8,,75.9,59.1,79.1,87.1,80,50
LVA,Latvia,2013,8.02,7.25,7.07,9.38,8.47,7.92,66.5,50,42,,84.4,53.6,,75.7,64.4,78.3,86.8,80,50
LVA,Latvia,2014,8.04,7.25,7.12,9.04,8.77,8.02,68.7,50,43.6,,84.6,54.9,,82.5,68.5,79.7,87.8,85,50
LVA,Latvia,2015,8.1,7.19,7.01,9.34,8.74,8.22,69.7,50,53,,84.4,59.2,,82.1,61.5,83.8,88,85,50
LVA,Latvia,2016,8.04,7.28,6.93,9.25,8.74,7.98,70.4,50,55,,84.8,58.4,,78.6,59.5,84.8,88,85,60
LVA,Latvia,2017,7.95,7.16,6.98,8.82,8.8,7.97,74.8,72.6,67.3,59.7,84.7,57.4,95,79.8,72,86.5,87,75,60
LVA,Latvia,2018,7.84,6.41,7.1,8.94,8.75,7.99,73.6,68.3,45.4,58.9,84,59,95.3,80.1,72.5,87.3,86.9,85,60
LVA,Latvia,2019,7.88,6.42,7.09,9.11,8.78,7.99,70.4,67.3,35.5,48.4,77,57.1,96.9,77.5,73.3,81.1,86,85,60
LVA,Latvia,2020,7.73,6.18,7.16,8.88,8.55,7.89,71.9,72.3,46.4,51.1,76.9,58.3,96.5,77,72.4,80.2,86.4,85,60
LVA,Latvia,2021,7.68,5.93,7.17,8.73,8.76,7.83,72.3,74.7,47.7,55.9,76.7,57.6,96.6,76.5,73.8,79.6,84,85,60
LVA,Latvia,2022,7.52,6.46,7.16,7.26,8.78,7.93,74.8,88.5,61.1,75.1,76.4,53.2,91.4,81.9,62.4,83.8,79.2,85,60
LVA,Latvia,2023,,,,,,,72.8,87.3,73,64.7,76.2,49,78.9,78.2,62.6,80.1,78.6,85,60
LVA,Latvia,2024,,,,,,,71.5,87.6,64.8,73,76.6,48.5,67.3,82,66.3,67.8,79.2,85,60
LVA,Latvia,2025,,,,,,,71.4,87.8,66.7,72.3,76.2,46.9,67.2,81.8,64,69.5,79.6,85,60
MAC,Macau,1995,,,,,,,,,,,,,,,,,,,
MAC,Macau,1996,,,,,,,,,,,,,,,,,,,
MAC,Macau,1997,,,,,,,,,,,,,,,,,,,
MAC,Macau,1998,,,,,,,,,,,,,,,,,,,
MAC,Macau,1999,,,,,,,,,,,,,,,,,,,
MAC,Macau,2000,,,,,,,,,,,,,,,,,,,
MAC,Macau,2001,,,,,,,,,,,,,,,,,,,
MAC,Macau,2002,,,,,,,,,,,,,,,,,,,
MAC,Macau,2003,,,,,,,,,,,,,,,,,,,
MAC,Macau,2004,,,,,,,,,,,,,,,,,,,
MAC,Macau,2005,,,,,,,,,,,,,,,,,,,
MAC,Macau,2006,,,,,,,,,,,,,,,,,,,
MAC,Macau,2007,,,,,,,,,,,,,,,,,,,
MAC,Macau,2008,,,,,,,,,,,,,,,,,,,
MAC,Macau,2009,,,,,,,72,60,57,,79.3,93.2,,60,60,80.3,90,70,70
MAC,Macau,2010,,,,,,,72.5,60,54,,77.8,95.2,,60,60,77.5,90,80,70
MAC,Macau,2011,,,,,,,73.1,60,53,,76.6,93.3,,60,60,83.4,90,85,70
MAC,Macau,2012,,,,,,,71.8,60,50,,75.8,88.1,,60,55,84.2,90,85,70
MAC,Macau,2013,,,,,,,71.7,60,51,,73.5,91.5,,60,55,81.3,90,85,70
MAC,Macau,2014,,,,,,,71.3,60,49.7,,71.4,91.7,,60,55,79.8,90,85,70
MAC,Macau,2015,,,,,,,70.3,60,49.7,,71.8,91.8,,60,50,74.9,90,85,70
MAC,Macau,2016,,,,,,,70.1,60,49.7,,73.1,93.9,,60,50,69.6,90,85,70
MAC,Macau,2017,,,,,,,70.7,60,37.1,60,72.3,92.8,100,60,50,70.8,90,85,70
MAC,Macau,2018,,,,,,,70.9,60,36.4,60,75.3,91,100,60,50,73.6,90,85,70
MAC,Macau,2019,,,,,,,71,60,33.2,60,77.1,90.4,100,60,50,76.5,90,85,70
MAC,Macau,2020,,,,,,,70.3,60,33.5,60,75,89.8,99.9,60,50,70,90,85,70
MAR,Morocco,1970,5.27,7.95,2.97,6.95,4.96,3.71,,,,,,,,,,,,,
MAR,Morocco,1975,4.88,6.47,2.98,6.05,5.34,3.71,,,,,,,,,,,,,
MAR,Morocco,1980,4.79,5.66,3.03,6.2,4.74,4.32,,,,,,,,,,,,,
MAR,Morocco,1985,5.1,5.54,3.3,6.64,5.86,4.32,,,,,,,,,,,,,
MAR,Morocco,1990,5.34,6.26,3.58,6.61,5.43,4.87,,,,,,,,,,,,,
MAR,Morocco,1995,5.8,6.64,4.37,6.63,6.28,5.18,62.8,70,50,,57.5,72.8,,70,,75,49.8,70,50
MAR,Morocco,1996,,,,,,,64.3,70,50,,60.5,73.2,,70,,75.6,59,70,50
MAR,Morocco,1997,,,,,,,64.7,70,50,,62.1,76.3,,70,,74.8,59,70,50
MAR,Morocco,1998,,,,,,,61.1,50,50,,63.6,73.7,,70,,77.4,45,70,50
MAR,Morocco,1999,,,,,,,63.8,50,50,,63.4,95.1,,70,,81.2,45,70,50
MAR,Morocco,2000,5.88,6.81,4.46,6.89,6.06,5.24,63.2,50,37,,63,88,,70,,80.2,61,70,50
MAR,Morocco,2001,5.94,6.83,4.45,7.06,6.19,5.26,63.9,50,41,,62.3,82.7,,70,,87.9,61,70,50
MAR,Morocco,2002,5.84,6.88,4.47,6.85,5.83,5.25,59,30,47,,62.3,69.3,,70,,86.8,46,70,50
MAR,Morocco,2003,5.93,6.87,4.5,7.01,5.98,5.38,57.8,30,47,,62.5,67.9,,70,,88.9,33.4,70,50
MAR,Morocco,2004,5.93,6.79,4.78,7.03,5.92,5.17,56.7,30,37,,63.2,70.4,,70,,85.7,34.2,70,50
MAR,Morocco,2005,6.04,6.73,5.06,7.07,6.16,5.22,52.2,30,33,,63.1,73.2,,70,42.1,82.2,28.6,70,30
MAR,Morocco,2006,6.07,6.7,4.87,6.69,6.22,5.85,51.5,30,32,,63.3,72.8,,67.8,31.7,82.1,35.2,70,30
MAR,Morocco,2007,6.12,6.79,5.03,6.71,6.24,5.84,56.4,30,32,,63.2,78.1,,74.6,31.4,83.2,61,70,40
MAR,Morocco,2008,6.11,6.74,4.99,6.4,6.59,5.82,55.6,35,32,,65.4,73.2,,76.1,31.9,79.8,62.6,60,40
MAR,Morocco,2009,6.21,6.83,4.96,6.77,6.62,5.91,57.7,35,35,,65.1,76.5,,76.2,30.8,80.5,68,60,50
MAR,Morocco,2010,6.33,6.96,4.9,6.85,6.78,6.16,59.2,40,35,,68.5,81.5,,76.1,21.7,78.4,71.2,60,60
MAR,Morocco,2011,6.43,6.91,4.9,6.95,6.87,6.51,59.6,40,33,,67.8,74.6,,75.7,27.2,76.5,75.8,65,60
MAR,Morocco,2012,6.34,6.39,4.92,7,7.01,6.36,60.2,40,34,,69.7,74.8,,77.2,27.6,77.9,75.7,65,60
MAR,Morocco,2013,6.4,6.31,4.98,7.17,7.04,6.47,59.6,40,34,,71.4,64.3,,76.4,30.1,78.9,70.8,70,60
MAR,Morocco,2014,6.39,6.53,5.01,7.32,6.66,6.41,58.3,40,33.3,,71.3,64.1,,76.2,31.5,78.1,58.8,70,60
MAR,Morocco,2015,6.47,6.55,5.11,7.19,6.9,6.59,60.1,40,37,,70.9,61,,68.8,33.4,81.9,78.2,70,60
MAR,Morocco,2016,6.48,6.6,4.98,7.17,6.94,6.71,61.3,40,39,,71.5,65.6,,66.4,34.3,84.1,81.8,70,60
MAR,Morocco,2017,6.57,6.59,5.12,7.3,7.1,6.77,61.5,55,37.1,41.9,71.7,69.4,55,67.7,33.8,82.7,84,70,70
MAR,Morocco,2018,6.61,6.61,5.24,7.17,7.2,6.81,61.9,53.8,41.3,44.3,70.5,70.5,60.6,69.6,36,82.3,79.4,65,70
MAR,Morocco,2019,6.61,6.69,5.24,7.37,7.21,6.56,62.9,57.2,39.2,47.1,72.2,72.7,66.9,70.3,33.1,83.5,77.4,65,70
MAR,Morocco,2020,6.44,6.51,5.27,7.25,6.69,6.46,63.3,66.3,39.2,48,71.8,72.8,67.2,70.4,33,77,78.6,65,70
MAR,Morocco,2021,6.45,6.93,5.25,6.99,6.58,6.5,63.3,67.5,39.9,51.2,68.3,73,68.5,72.3,33.2,80.3,70.6,65,70
MAR,Morocco,2022,6.46,6.95,5.31,6.41,7.09,6.52,59.2,57.8,41,32.7,68.2,69.8,46,64.8,46.4,80,68.6,65,70
MAR,Morocco,2023,,,,,,,58.4,57.1,32.8,38.7,67.9,72,41.3,65.3,47.6,78.3,64.4,65,70
MAR,Morocco,2024,,,,,,,56.8,57.6,33.9,32.9,68,68.2,29.9,68.5,48.6,71.1,67.4,65,70
MAR,Morocco,2025,,,,,,,60.3,58.6,36.9,32.7,71.4,67.9,46.2,68.9,48.5,74.7,67.2,75,75
MDA,Moldova,1970,,,,,,,,,,,,,,,,,,,
MDA,Moldova,1975,,,,,,,,,,,,,,,,,,,
MDA,Moldova,1980,,,,,,,,,,,,,,,,,,,
MDA,Moldova,1985,,,5.25,,,,,,,,,,,,,,,,
MDA,Moldova,1990,,,5.26,,,3.94,,,,,,,,,,,,,
MDA,Moldova,1995,,7.74,5.28,,,3.94,33,50,10,,37.3,72.1,,70,,0,17.6,30,10
MDA,Moldova,1996,,,,,,,52.5,50,30,,75.1,72.1,,70,,0,75,50,50
MDA,Moldova,1997,,,,,,,48.9,50,30,,59,45.6,,70,,10.4,75,50,50
MDA,Moldova,1998,,,,,,,53.5,50,30,,57.7,52.7,,70,,46.3,75,50,50
MDA,Moldova,1999,,,,,,,56.1,50,30,,58.5,55.1,,70,,65.9,75,50,50
MDA,Moldova,2000,5.15,8.2,5.25,1.2,,5.67,59.6,50,30,,55.8,85.5,,70,,69.9,75,50,50
MDA,Moldova,2001,5.35,7.09,5.22,2.99,,5.75,54.9,50,26,,54.5,76.5,,55,,55.9,76.4,50,50
MDA,Moldova,2002,5.59,7.62,5.22,3.4,,5.75,57.4,50,26,,78.2,76.5,,55,,54.7,76,50,50
MDA,Moldova,2003,5.45,7.77,5.21,2.72,,5.77,60,50,31,,81.3,78.6,,55,,63.4,80.4,50,50
MDA,Moldova,2004,6.13,7.75,5.24,5.33,,5.77,57.1,50,21,,81.5,74.2,,55,,71.3,80.4,30,50
MDA,Moldova,2005,6.36,7.71,5.26,5.96,6.78,6.04,57.4,50,24,,84.5,68.5,,55,64.8,70,77.2,30,50
MDA,Moldova,2006,6.23,7.1,5.25,5.84,6.88,6.06,58,50,23,,81.9,66.1,,67.4,63.4,68.4,79.4,30,50
MDA,Moldova,2007,6.24,7.03,5.33,5.68,7,6.11,58.7,50,29,,85.6,62.8,,68.1,64.4,68,79.4,30,50
MDA,Moldova,2008,6.28,7.1,5.36,5.9,6.99,6.02,57.9,50,32,,83,56.9,,69.3,60.7,67.6,79.2,30,50
MDA,Moldova,2009,6.38,6.75,5.32,7.32,6.81,5.71,54.9,40,28,,85.3,51.3,,70.1,45.1,67.6,81.6,30,50
MDA,Moldova,2010,6.52,7.4,5.35,6.81,6.79,6.23,53.7,40,29,,85.1,43,,70.2,42.7,67.5,79.9,30,50
MDA,Moldova,2011,6.6,7.57,5.54,6.92,6.81,6.15,55.7,40,33,,85.6,48.1,,69.5,39,77,80.2,35,50
MDA,Moldova,2012,6.71,7.58,5.49,7.51,6.8,6.14,54.4,40,29,,86.5,38.7,,70,41.7,74.4,79,35,50
MDA,Moldova,2013,6.74,7.6,5.36,7.42,6.94,6.39,55.5,40,29,,87.2,50.1,,69.7,40.9,73.4,80,35,50
MDA,Moldova,2014,6.84,7.68,5.35,7.43,7.39,6.35,57.3,40,29.5,,85.8,54.4,,70.1,37.9,75,80.1,50,50
MDA,Moldova,2015,6.76,7.61,5.31,7.17,7.39,6.32,57.5,40,35,,85.1,51.8,,66.8,40.6,76.1,79.8,50,50
MDA,Moldova,2016,6.82,7.66,5.3,7.49,7.39,6.24,57.4,40,35,,85.4,55.6,,64.6,39.3,76,73.6,55,50
MDA,Moldova,2017,6.88,7.63,5.36,7.6,7.46,6.35,58,49.6,28.6,23.9,86.1,54.8,90.6,65.9,38.9,72,80,55,50
MDA,Moldova,2018,7.08,7.59,5.76,8.1,7.49,6.48,58.4,53.5,26.6,26.3,85.3,56.7,90,66,39.9,73.2,78.3,55,50
MDA,Moldova,2019,7.14,7.77,5.84,7.94,7.66,6.48,59.1,55.2,25.4,29.6,85.4,59.1,92,67,39,73.5,78,55,50
MDA,Moldova,2020,6.9,7.5,5.86,7.87,7.03,6.24,62,60.5,37.2,31.7,86.1,71.6,96.2,68.1,37,72,78,55,50
MDA,Moldova,2021,7.12,7.85,5.96,7.74,7.63,6.39,62.5,60.6,38.7,29.9,94,71,96.5,66.2,39.2,71.5,76.8,55,50
MDA,Moldova,2022,6.49,7.7,5.84,5.24,7.62,6.07,61.3,55.9,34.7,30.7,94.1,68.1,87.2,64.2,46.4,72.4,76.6,55,50
MDA,Moldova,2023,,,,,,,58.5,37.9,29.8,35.6,93.4,64.4,82.1,60.2,46.6,71.2,75.6,55,50
MDA,Moldova,2024,,,,,,,57.1,39.2,39.1,30.4,93,61.3,75.7,61,47.7,56.3,76,55,50
MDA,Moldova,2025,,,,,,,58.3,40.2,43.4,31.3,92.8,59.5,75.9,66.2,49.1,59.4,77.2,55,50
MDG,Madagascar,1970,4.59,5.92,3.56,6.69,3.1,3.5,,,,,,,,,,,,,
MDG,Madagascar,1975,3.93,5.17,3.27,6.27,2.03,2.79,,,,,,,,,,,,,
MDG,Madagascar,1980,3.63,5.07,3,5.92,1.5,2.59,,,,,,,,,,,,,
MDG,Madagascar,1985,4.03,5.32,3.03,5.87,3.23,2.67,,,,,,,,,,,,,
MDG,Madagascar,1990,4.26,5.72,3.05,5.77,4.02,2.75,,,,,,,,,,,,,
MDG,Madagascar,1995,3.94,6.25,3.11,2.71,5.56,2.24,51.6,30,10,,74.7,87.9,,70,,74,37.6,50,30
MDG,Madagascar,1996,,,,,,,52.2,50,30,,74.8,87.3,,70,,60.5,37.6,30,30
MDG,Madagascar,1997,,,,,,,53.8,50,30,,74.9,88.2,,70,,53.5,58,30,30
MDG,Madagascar,1998,,,,,,,51.8,50,30,,74.8,90.7,,70,,61.1,29.2,30,30
MDG,Madagascar,1999,,,,,,,52.8,50,30,,74.8,90.5,,70,,72.8,27,30,30
MDG,Madagascar,2000,5.31,6.65,2.86,6.61,6.59,3.91,54.4,50,30,,74.6,84.1,,70,,78.2,22.2,50,30
MDG,Madagascar,2001,5.64,6.95,2.85,7.44,6.74,4.26,53.9,50,30,,74.5,84.1,,70,,76.5,0,50,50
MDG,Madagascar,2002,5.45,7.43,2.59,6.22,6.66,4.3,56.8,50,30,,74.3,90.3,,70,,74,22.4,50,50
MDG,Madagascar,2003,5.67,6.71,2.53,7.72,6.72,4.67,62.8,50,30,,74.2,90.2,,70,,76.6,74.6,50,50
MDG,Madagascar,2004,5.49,6.93,2.55,6.33,6.84,4.74,60.9,50,17,,74.6,89.8,,70,,71.9,74.4,50,50
MDG,Madagascar,2005,5.39,7.03,2.68,5.98,6.45,4.76,63.1,50,26,,81.4,92.6,,70,48.9,82.8,79.2,50,50
MDG,Madagascar,2006,5.66,6.83,2.71,6.53,6.61,5.52,61,50,31,,81,88.6,,38,49.3,74.5,77.8,70,50
MDG,Madagascar,2007,5.8,7.22,2.99,6.48,6.84,5.43,61.1,50,28,,80.8,81.1,,51.2,47.2,70,82.8,70,50
MDG,Madagascar,2008,5.97,7.78,3.03,6.78,6.84,5.4,62.4,50,31,,80.9,86.4,,56,48.1,72.2,79.6,70,50
MDG,Madagascar,2009,6.04,8.38,2.74,6.88,6.79,5.4,62.2,50,32,,80.9,86.3,,60.5,46,73.9,72.6,70,50
MDG,Madagascar,2010,5.97,8.03,2.58,6.99,6.52,5.72,63.2,45,34,,87.3,88.8,,71.9,46.9,75.4,73.2,60,50
MDG,Madagascar,2011,5.94,8.03,2.56,7.1,6.43,5.55,61.2,40,30,,87.8,89.7,,60,50.7,75.9,73.2,55,50
MDG,Madagascar,2012,6.14,8.46,2.61,7.61,6.48,5.54,62.4,40,26,,88.3,93.6,,71.1,50.8,76,73.5,55,50
MDG,Madagascar,2013,6.24,8.54,2.73,7.7,6.59,5.64,62,40,30,,90,94.6,,63.5,47.4,74.9,74.6,55,50
MDG,Madagascar,2014,6.19,7.93,2.8,7.67,6.98,5.54,61.7,40,27.3,,90.8,92.3,,62.8,43.9,77.6,77.8,55,50
MDG,Madagascar,2015,6.18,8.1,2.87,7.5,6.89,5.53,61.7,45,28,,90.9,94.7,,62.3,45.1,79.2,71.8,50,50
MDG,Madagascar,2016,6.11,7.69,2.85,7.57,6.85,5.6,61.1,45,28,,91.1,93.4,,52.9,48.5,74.5,77.2,50,50
MDG,Madagascar,2017,5.97,7.52,2.82,7.26,6.86,5.37,57.4,34.8,25,21.4,91,93.2,79.8,43.3,43.8,73.3,78,55,50
MDG,Madagascar,2018,6.06,7.77,2.85,7.15,6.89,5.63,56.8,33.2,17.8,21.4,90.3,92.9,82.5,45.6,41.5,73.4,78,55,50
MDG,Madagascar,2019,6.12,7.69,2.78,7.52,6.87,5.71,56.6,33.2,14.3,24.4,91,91.8,85.5,47.3,44.6,72.4,69.2,55,50
MDG,Madagascar,2020,5.8,7.04,2.82,7.62,6.25,5.27,60.5,45.6,25,39.6,90.7,91.5,90.6,47.3,44.6,72.7,73.6,55,50
MDG,Madagascar,2021,5.97,7.89,2.65,7.54,6.23,5.54,57.7,33.7,20.2,25.7,90.6,93.4,92.9,46.5,44.7,73.7,65.4,55,50
MDG,Madagascar,2022,5.95,7.21,2.66,7.35,6.87,5.65,58.9,40.3,23,33.4,90.7,92.9,87.8,37.4,56,75.9,64.8,55,50
MDG,Madagascar,2023,,,,,,,58.9,41.7,34.4,23.8,90.7,93,82.3,38.5,56.2,75.3,65.8,55,50
MDG,Madagascar,2024,,,,,,,57.3,41.4,24.8,34.5,90.9,92.5,64,37.5,56.3,73,68.4,55,50
MDG,Madagascar,2025,,,,,,,57,40.8,25.5,34.5,91.1,92.3,66.3,38.1,56.1,70.9,68.8,50,50
MDV,Maldives,1995,,,,,,,,,,,,,,,,,,,
MDV,Maldives,1996,,,,,,,,,,,,,,,,,,,
MDV,Maldives,1997,,,,,,,,,,,,,,,,,,,
MDV,Maldives,1998,,,,,,,,,,,,,,,,,,,
MDV,Maldives,1999,,,,,,,,,,,,,,,,,,,
MDV,Maldives,2000,,,,,,,,,,,,,,,,,,,
MDV,Maldives,2001,,,,,,,,,,,,,,,,,,,
MDV,Maldives,2002,,,,,,,,,,,,,,,,,,,
MDV,Maldives,2003,,,,,,,,,,,,,,,,,,,
MDV,Maldives,2004,,,,,,,,,,,,,,,,,,,
MDV,Maldives,2005,,,,,,,,,,,,,,,,,,,
MDV,Maldives,2006,,,,,,,,,,,,,,,,,,,
MDV,Maldives,2007,,,,,,,,,,,,,,,,,,,
MDV,Maldives,2008,,,,,,,,,,,,,,,,,,,
MDV,Maldives,2009,,,,,,,51.3,30,33,,95.8,0,,83.2,90.1,76.5,44,30,30
MDV,Maldives,2010,,,,,,,49,30,28,,95.5,0,,82.3,75.3,69.7,44.5,35,30
MDV,Maldives,2011,,,,,,,48.3,25,25,,95.6,0,,81.5,73.4,74.1,43.8,35,30
MDV,Maldives,2012,,,,,,,49.2,25,23,,98,0,,89.7,71.9,75.3,43.7,35,30
MDV,Maldives,2013,,,,,,,49,25,25,,98.8,14.5,,88.7,64,70.4,43.7,30,30
MDV,Maldives,2014,,,,,,,51,20,21.9,,97.4,43.8,,87.4,71.7,69.4,43.8,25,30
MDV,Maldives,2015,,,,,,,53.4,25,21.9,,95.5,50.6,,85.8,73.4,74.1,47.8,30,30
MDV,Maldives,2016,,,,,,,53.9,25,21.9,,94,60.8,,81.5,70.4,73,47.8,35,30
MDV,Maldives,2017,,,,,,,50.3,45.1,31.4,33,93,51.5,9.4,80.6,70.4,76.3,47.8,35,30
MDV,Maldives,2018,,,,,,,51.1,45,36.6,38.8,94.3,45.5,6.7,78.6,70.6,83.3,48.4,35,30
MDV,Maldives,2019,,,,,,,53.2,43.9,33.5,36.4,95.8,60.8,10.7,78.3,70.8,81,62.6,35,30
MDV,Maldives,2020,,,,,,,56.5,48.5,39.2,31.7,95.8,67.9,42.9,78.7,70.6,77,61,35,30
MDV,Maldives,2021,,,,,,,55.2,44.1,39.5,28.2,96.5,67,35.9,77.9,71.2,77.5,59.8,35,30
MDV,Maldives,2022,,,,,,,47.3,47.2,43.1,32.1,96.9,55.2,0,39.8,51.6,77.2,60,35,30
MDV,Maldives,2023,,,,,,,46.6,48.2,33.4,38.8,91.9,48.4,0,44.8,50,79.9,58.6,35,30
MDV,Maldives,2024,,,,,,,47.8,49.4,39,44.5,92.4,42.9,0,49.4,51.8,76.2,62.6,35,30
MDV,Maldives,2025,,,,,,,48.3,51.6,40.5,41,91.5,44.4,0,48.8,58.2,75.2,63.2,35,30
MEX,Mexico,1970,7.04,7.34,5.35,9.18,9.63,5.11,,,,,,,,,,,,,
MEX,Mexico,1975,6.77,7,5.52,8.06,9.6,5.15,,,,,,,,,,,,,
MEX,Mexico,1980,5.37,5.18,5.53,7.87,2.79,5.31,,,,,,,,,,,,,
MEX,Mexico,1985,4.64,6.01,5.44,3.51,4.38,3.71,,,,,,,,,,,,,
MEX,Mexico,1990,5.82,7.45,5.49,3.65,7.73,4.79,,,,,,,,,,,,,
MEX,Mexico,1995,6.53,7.46,5.29,4.97,9.18,5.84,63.1,70,50,,72.4,86.8,,55,,67.8,66.2,70,30
MEX,Mexico,1996,,,,,,,61.2,50,50,,73.1,93.1,,55,,66.6,63,70,30
MEX,Mexico,1997,,,,,,,57.1,50,32,,73.2,82.7,,55,,57.8,63,70,30
MEX,Mexico,1998,,,,,,,57.9,50,33,,73.4,80.9,,55,,54.1,74.8,70,30
MEX,Mexico,1999,,,,,,,58.5,50,27,,73.4,86.3,,55,,58.2,77,70,30
MEX,Mexico,2000,6.65,7.71,4.7,6.43,7.75,6.69,59.3,50,33,,73.1,92.3,,55,,67.6,63,70,30
MEX,Mexico,2001,6.72,7.87,4.58,7.31,7.6,6.26,60.6,50,34,,69,85.5,,55,,69.1,83,50,50
MEX,Mexico,2002,6.81,7.82,4.71,7.56,7.5,6.48,63,50,33,,68.8,85.5,,55,,73.2,81.2,50,70
MEX,Mexico,2003,6.79,7.67,4.64,7.75,7.46,6.45,65.3,50,37,,68.3,84.7,,70,,77,81,50,70
MEX,Mexico,2004,6.84,7.7,4.82,7.75,7.57,6.37,66,50,36,,73.3,83.1,,70,,79.8,81.6,50,70
MEX,Mexico,2005,6.95,7.46,5.23,8.01,7.5,6.55,65.2,50,36,,74.9,83.7,,70,61.4,81.1,75.2,50,70
MEX,Mexico,2006,6.97,7.48,5.2,7.98,7.52,6.65,64.7,50,36,,78.4,82.1,,79.7,62,81.3,57.4,50,70
MEX,Mexico,2007,6.89,7.49,5.1,7.86,7.41,6.6,66,50,35,,82.2,83.4,,83.5,61.7,77,77.6,50,60
MEX,Mexico,2008,6.87,7.51,5.08,7.79,7.43,6.56,66.2,50,33,,83.4,83.7,,82.9,61.9,77.7,79,50,60
MEX,Mexico,2009,6.8,7.2,4.96,7.77,7.46,6.62,65.8,50,35,,83.4,81.8,,80.3,59.8,77.5,80.2,50,60
MEX,Mexico,2010,6.95,7.62,4.97,7.84,7.38,6.92,68.3,50,36,,83.5,85.2,,83,61.9,76.3,82,65,60
MEX,Mexico,2011,6.9,7.47,4.94,7.9,7.43,6.73,67.8,50,33,,81.3,83.1,,87.3,60.9,75.7,81.2,65,60
MEX,Mexico,2012,6.9,7.65,4.84,7.83,7.47,6.7,65.3,50,31,,80.7,78.3,,82,61.3,76.5,72.9,60,60
MEX,Mexico,2013,6.93,7.67,4.8,7.84,7.55,6.77,67,50,30,,81.1,79.4,,81.4,59.7,77.7,80.6,70,60
MEX,Mexico,2014,7.03,8.18,4.77,7.8,7.83,6.58,66.8,50,29.7,,80.9,78.9,,76.8,58.3,77.4,85.6,70,60
MEX,Mexico,2015,7.11,8.36,4.69,7.93,7.88,6.67,66.4,50,34,,77.8,78,,71.5,59.9,77.6,85.6,70,60
MEX,Mexico,2016,7.02,8.42,4.63,7.89,7.58,6.59,65.2,50,35,,74.9,76.4,,70.7,58.2,77.4,79.2,70,60
MEX,Mexico,2017,7.06,8.41,4.69,7.5,7.94,6.78,63.6,58.1,30,38.7,74.9,76.7,66.8,70.7,57.9,78.8,80,70,60
MEX,Mexico,2018,7.07,8.3,4.65,7.72,7.94,6.73,64.8,58.6,26.9,39,75.7,78.1,69.8,67.5,59.8,79.2,88,75,60
MEX,Mexico,2019,7.12,8.28,4.44,7.95,8.16,6.75,64.7,59.1,26.3,34.9,75.8,78.2,83.2,67.8,58.6,75.9,81.4,75,60
MEX,Mexico,2020,7.06,8.14,4.48,7.89,8.12,6.66,66,58.3,36.7,34.7,76.1,79.3,87.5,67,58.4,70.9,87.6,75,60
MEX,Mexico,2021,7,8.23,4.46,7.67,8.15,6.5,65.5,53.4,39.8,35.9,76.1,79.8,88.7,65.6,58.2,72.1,81.6,75,60
MEX,Mexico,2022,6.94,8.28,4.32,7.47,8.1,6.53,63.7,47.7,32,40.7,76,78.3,78,69.2,58.4,73,76.6,75,60
MEX,Mexico,2023,,,,,,,63.2,47.8,40,30.8,75.5,77.8,73.6,72.4,57.7,70.9,76.8,75,60
MEX,Mexico,2024,,,,,,,62,46.5,29,39.4,76,77,66.9,71.2,58,68.3,76.8,75,60
MEX,Mexico,2025,,,,,,,61.3,41.1,29.5,39.9,75.6,76.5,67.3,71.9,57.6,69.3,72.2,75,60
MKD,North Macedonia,1970,,,,,,,,,,,,,,,,,,,
MKD,North Macedonia,1975,,,,,,,,,,,,,,,,,,,
MKD,North Macedonia,1980,,,,,,,,,,,,,,,,,,,
MKD,North Macedonia,1985,,,,,,,,,,,,,,,,,,,
MKD,North Macedonia,1990,,,4.96,,,,,,,,,,,,,,,,
MKD,North Macedonia,1995,,,5.01,,,6.97,,,,,,,,,,,,,
MKD,North Macedonia,1996,,,,,,,,,,,,,,,,,,,
MKD,North Macedonia,1997,,,,,,,,,,,,,,,,,,,
MKD,North Macedonia,1998,,,,,,,,,,,,,,,,,,,
MKD,North Macedonia,1999,,,,,,,,,,,,,,,,,,,
MKD,North Macedonia,2000,6.33,6.23,4.83,6.81,,7.08,,,,,,,,,,,,,
MKD,North Macedonia,2001,6.12,5.68,4.82,6.57,,7.08,,,,,,,,,,,,,
MKD,North Macedonia,2002,6.48,6.29,4.83,7.27,,7.15,58,30,33,,81,63.3,,55,,77.2,63,50,70
MKD,North Macedonia,2003,6.62,6.56,4.84,7.55,6.96,7.15,60.1,30,33,,80.3,85.7,,55,,80.9,56,50,70
MKD,North Macedonia,2004,6.63,6.83,4.88,7.61,6.6,7.18,56.8,30,33,,84.6,48.1,,55,,83.3,57.4,50,70
MKD,North Macedonia,2005,6.83,6.89,5.01,8.28,6.91,7,56.1,30,23,,83.6,49.6,,55,56.2,86.6,57.4,50,70
MKD,North Macedonia,2006,6.81,6.83,5.05,7.73,7.05,7.33,59.2,30,27,,80.4,65.1,,54.4,56.4,90.3,68.8,50,70
MKD,North Macedonia,2007,6.88,7.28,5.14,7.28,7.24,7.44,60.6,30,27,,85,60.9,,60.1,58.8,90.7,83.4,50,60
MKD,North Macedonia,2008,6.87,7.24,5.18,6.96,7.31,7.63,61.1,30,27,,88.1,61.6,,65.2,60.2,85.5,83.4,50,60
MKD,North Macedonia,2009,6.99,7.1,5.03,7.82,7.37,7.58,61.2,30,33,,89.4,65.1,,58.2,59.8,85.4,81.6,50,60
MKD,North Macedonia,2010,6.98,6.7,5.04,7.7,7.37,8.08,65.7,35,36,,89.3,65.9,,65.2,83.1,79,83.3,60,60
MKD,North Macedonia,2011,7,6.84,5.05,7.67,7.41,8.04,66,35,38,,90,64.3,,64.6,79.7,84.5,83.6,60,60
MKD,North Macedonia,2012,7.04,6.68,5,7.92,7.48,8.14,68.5,35,41,,91.2,66.7,,80.9,80.3,86.1,83.6,60,60
MKD,North Macedonia,2013,7.12,6.96,5,8.16,7.5,8.01,68.2,35,39,,91.4,69.1,,80.3,78.4,84,84.6,60,60
MKD,North Macedonia,2014,7.18,6.86,4.94,8.34,7.73,8.03,68.6,35,39.6,,91.4,70.7,,81,78.8,83.5,85.9,60,60
MKD,North Macedonia,2015,7.18,6.99,4.89,8.37,7.72,7.92,67.1,35,44,,91.4,65.6,,79.2,70.7,79,86.2,60,60
MKD,North Macedonia,2016,7.16,7,4.81,8.33,7.73,7.94,67.5,35,45,,92.1,69.6,,76.4,66.7,83.5,86.4,60,60
MKD,North Macedonia,2017,7.13,7.18,4.71,8.25,7.71,7.83,70.7,67,52,61.4,91.9,68.9,72.6,81.5,66.7,80.8,86.1,60,60
MKD,North Macedonia,2018,7.17,7.41,4.69,8.14,7.7,7.88,71.3,64.8,47.4,57,91.6,70.3,78.1,82.9,69,81.8,87.8,65,60
MKD,North Macedonia,2019,7.11,7.07,4.72,8.23,7.69,7.81,71.1,65.1,44.7,60.7,91.8,70,82.9,80.2,71.5,78.7,82,65,60
MKD,North Macedonia,2020,7.01,6.86,4.79,8.11,7.69,7.57,69.5,62.5,42.2,42.7,91.5,71,87.7,80.6,67,77.7,86.2,65,60
MKD,North Macedonia,2021,6.99,6.82,4.74,7.95,7.74,7.69,68.6,62.6,41.9,40.4,94.9,71,87.8,77.8,65.2,78.7,77.4,65,60
MKD,North Macedonia,2022,6.74,6.85,4.73,6.77,7.72,7.62,65.7,57.4,38.7,50.2,95,67.7,69.8,74.4,54.1,78.3,77.8,65,60
MKD,North Macedonia,2023,,,,,,,63.7,58.9,50.5,40.1,95,63.9,51.4,74.1,52.7,75,77.8,65,60
MKD,North Macedonia,2024,,,,,,,61.4,58.8,41.4,49.4,94.4,61.7,37.7,70,56.1,64.6,77.8,65,60
MKD,North Macedonia,2025,,,,,,,63.2,59.1,43.6,49.7,94.8,60.6,50.9,74.2,57.6,65,77.8,65,60
MLI,Mali,1970,4.6,7.19,2.51,6.03,,4.41,,,,,,,,,,,,,
MLI,Mali,1975,4.54,7.93,2.51,4.84,3.11,4.41,,,,,,,,,,,,,
MLI,Mali,1980,5.24,7.93,2.51,6,5.11,4.74,,,,,,,,,,,,,
MLI,Mali,1985,5.24,7.18,2.5,6.34,5.24,5.1,,,,,,,,,,,,,
MLI,Mali,1990,5.58,7.76,2.56,7.15,5.4,5.14,,,,,,,,,,,,,
MLI,Mali,1995,5.58,7.85,3.5,5.26,6.52,4.78,52.4,30,10,,48.9,80.6,,55,,82.1,65,70,30
MLI,Mali,1996,,,,,,,57,50,10,,48.8,83.4,,70,,65.6,65,70,50
MLI,Mali,1997,,,,,,,56.4,50,10,,49,77.8,,70,,65.8,65,70,50
MLI,Mali,1998,,,,,,,57.3,50,10,,48.8,81.4,,70,,70.1,65,70,50
MLI,Mali,1999,,,,,,,58.4,50,10,,48.3,82.9,,70,,79.8,65,70,50
MLI,Mali,2000,5.63,5.81,3.35,8.29,6.47,4.33,60.3,50,10,,60.8,82.7,,70,,83.7,65,70,50
MLI,Mali,2001,5.38,6.26,3.35,6.47,6.51,4.34,60.1,50,10,,60.8,81.3,,70,,87.6,61,70,50
MLI,Mali,2002,5.24,5.87,3.3,5.92,6.49,4.65,61.1,50,10,,69.8,82.7,,70,,86,61,70,50
MLI,Mali,2003,5.48,6.61,3.3,6.05,6.61,4.83,58.6,50,10,,70.1,83,,70,,83.7,61,50,50
MLI,Mali,2004,5.37,6.57,3.35,6.05,6.18,4.74,56.6,50,10,,70.2,81.8,,70,,81.5,66.2,50,30
MLI,Mali,2005,5.45,6.67,3.4,5.8,6.1,5.28,57.3,30,30,,70,83,,70,63.3,84.2,62.2,50,30
MLI,Mali,2006,5.57,6.07,3.52,6.23,6.18,5.89,54.1,30,32,,69.7,84.8,,35.3,64,81.2,63.8,50,30
MLI,Mali,2007,5.78,7.05,3.44,6.95,6.34,5.1,54.7,30,29,,69.3,81.3,,38.1,62.5,78.4,68.6,50,40
MLI,Mali,2008,5.52,6.54,3.39,5.9,6.51,5.24,55.6,30,28,,69.3,81.5,,42.1,66,79.9,68.6,50,40
MLI,Mali,2009,5.65,6.1,3.39,6.55,6.53,5.79,55.6,30,27,,69.4,81.4,,42.2,63.8,79.6,73,50,40
MLI,Mali,2010,5.74,6.49,3.38,6.64,6.48,5.75,55.6,35,31,,60.2,81.1,,47.5,67.9,73.8,69.6,50,40
MLI,Mali,2011,5.69,6.53,3.38,6.46,6.45,5.69,56.3,30,28,,60.5,86.5,,51.2,65.8,77.6,73.2,50,40
MLI,Mali,2012,5.89,7.6,3.49,6.01,6.48,5.86,55.8,30,27,,60.1,79.9,,50.8,66.5,80.7,73.2,50,40
MLI,Mali,2013,5.71,6.48,3.41,6.43,6.36,5.86,56.4,30,28,,69.6,83.9,,50.1,64.6,79.9,73.2,45,40
MLI,Mali,2014,5.71,5.57,3.49,6.76,6.87,5.84,55.5,20,27.7,,69.8,81.7,,48,63.2,76.7,73.2,55,40
MLI,Mali,2015,5.75,5.83,3.46,6.78,6.81,5.87,56.4,25,28,,69.6,89.2,,47.2,50.7,81.1,73.2,60,40
MLI,Mali,2016,5.73,5.66,3.42,6.82,6.82,5.94,56.5,25,32,,70.3,82.8,,46.3,50.8,83,70.2,65,40
MLI,Mali,2017,5.69,5.61,3.4,7.06,6.37,6.01,58.6,36.7,34.3,33.8,69.4,88,87.8,44.2,51.1,83,70.1,65,40
MLI,Mali,2018,5.8,6.16,3.38,7.17,6.39,5.89,57.6,31.9,31.4,32.4,68.1,85.3,84.8,52.8,48.4,81.9,68.7,65,40
MLI,Mali,2019,5.85,6.46,3.35,7.02,6.38,6.05,58.1,33.7,29.6,33.4,68.7,85.4,84.2,53.8,52.2,81.6,69.8,65,40
MLI,Mali,2020,5.8,6.51,3.38,6.98,6.21,5.91,55.9,36.1,20.7,32.7,69.2,85.8,73.6,49.2,52.2,81.6,65,65,40
MLI,Mali,2021,5.71,6.53,3.4,6.55,6.21,5.88,55.6,34.5,23.6,21.2,69,85.3,81.3,46.5,53.5,83.7,64,65,40
MLI,Mali,2022,5.63,6.68,3.4,5.81,6.38,5.87,55.9,34,28.3,34.1,69.8,83.9,70.8,44.2,54.2,82.8,64,65,40
MLI,Mali,2023,,,,,,,54.5,32.6,33.4,26.9,68.9,80.5,68.7,40.5,54.4,79.2,64,65,40
MLI,Mali,2024,,,,,,,52.5,32.7,22.4,32.8,68,80.4,54.9,42.3,54.1,72.7,64,65,40
MLI,Mali,2025,,,,,,,52.6,23.5,22.7,32.9,70,79.6,60.4,42.4,53.9,77.2,64,65,40
MLT,Malta,1970,5.14,4.22,4.44,6.94,5.22,4.78,,,,,,,,,,,,,
MLT,Malta,1975,5.15,4.08,4.42,6.78,5.73,4.78,,,,,,,,,,,,,
MLT,Malta,1980,5.08,4.3,4.57,6.5,5.21,4.78,,,,,,,,,,,,,
MLT,Malta,1985,5.23,4.02,4.65,7.01,5.62,4.78,,,,,,,,,,,,,
MLT,Malta,1990,5.81,5,4.86,7.28,5.85,6.07,,,,,,,,,,,,,
MLT,Malta,1995,7.08,6.93,7.21,7.07,7.36,6.85,56.3,50,10,,68.2,51.8,,70,,73.4,63.6,70,50
MLT,Malta,1996,,,,,,,55.8,50,10,,67.7,50.8,,70,,72.5,61,70,50
MLT,Malta,1997,,,,,,,57.9,50,30,,68.4,47.8,,70,,72.3,62.6,70,50
MLT,Malta,1998,,,,,,,61.2,70,30,,66.6,49.6,,70,,74.6,70.4,70,50
MLT,Malta,1999,,,,,,,59.3,70,30,,67.5,41.9,,70,,73.3,61,70,50
MLT,Malta,2000,7.03,6.84,7.17,6.88,7.28,6.98,58.3,70,30,,64.1,36.5,,70,,72.9,61,70,50
MLT,Malta,2001,6.99,6.65,7.12,6.79,7.21,7.18,62.9,90,30,,65.7,41.9,,70,,74.5,73.6,50,70
MLT,Malta,2002,7.02,6.22,7.12,6.86,7.42,7.47,62.2,90,30,,64.6,30.9,,70,,79.1,75.4,50,70
MLT,Malta,2003,6.86,6.4,7.15,6.32,7.25,7.17,61.1,90,30,,63.5,36.8,,85,,79.8,65,50,50
MLT,Malta,2004,7.72,6.56,7.14,8.58,8.68,7.59,63.3,90,50,,63.1,11.5,,85,,84.6,65.4,50,70
MLT,Malta,2005,7.92,6.51,7.34,8.84,9.12,7.78,68.9,90,50,,62.2,40.3,,85,60,85.7,75.8,50,90
MLT,Malta,2006,7.79,6.71,7.18,8.7,8.84,7.54,67.3,90,68,,62.2,35.4,,70,60,85,82.4,50,70
MLT,Malta,2007,7.88,6.77,7.37,8.8,8.94,7.57,66.1,90,66,,61.1,27.7,,70,60,80,86.6,50,70
MLT,Malta,2008,7.91,6.65,7.3,9.19,8.87,7.54,66,90,64,,61.3,29.1,,70,60,79.8,86,50,70
MLT,Malta,2009,7.96,6.79,7.26,9.33,8.88,7.53,66.1,90,58,,63.1,41.7,,70,60,82.7,85.8,50,60
MLT,Malta,2010,7.95,6.8,7.24,9.29,8.78,7.69,67.2,80,58,,62.5,45.6,,70,60,78.1,87.5,70,60
MLT,Malta,2011,7.93,6.78,7.22,9.25,8.7,7.7,65.7,70,52,,62.5,39.8,,70,60,80.1,87.6,75,60
MLT,Malta,2012,7.92,6.66,7.25,9.31,8.64,7.75,67,70,56,,67.8,43.8,,70,60,80.5,87.1,75,60
MLT,Malta,2013,7.95,6.79,7.17,9.33,8.61,7.86,67.5,75,56,,61.2,44.1,,61.1,65.4,80.4,86.8,85,60
MLT,Malta,2014,8,6.57,7.14,9.48,8.91,7.91,66.4,75,55.8,,63.7,47.2,,62.4,53.2,79.1,87.8,80,60
MLT,Malta,2015,7.99,6.8,6.77,9.53,8.91,7.92,66.5,75,56,,63.1,44.4,,61,55.6,81.8,88,80,60
MLT,Malta,2016,8.01,7.03,6.79,9.37,8.92,7.94,66.7,70,55,,63.9,46.5,,61.6,53.5,83.5,88,85,60
MLT,Malta,2017,8.01,7.09,6.76,9.15,8.98,8.07,67.7,67.7,53.6,62.9,62.8,44.9,85.1,62.5,57.2,83.5,87,85,60
MLT,Malta,2018,8,7.07,6.64,9.33,8.93,8.04,68.5,68.1,49.9,62.8,64.7,51,90,64,61.1,78.8,86.9,85,60
MLT,Malta,2019,8.01,6.98,6.67,9.41,8.96,8.04,68.6,69.8,50.3,50.4,64.2,56.1,94.5,67.1,61.3,78.2,86,85,60
MLT,Malta,2020,7.73,6.4,6.76,8.99,8.72,7.77,69.5,70.5,55.1,49.6,64.8,60,95.9,68,61.1,77.1,86.4,85,60
MLT,Malta,2021,7.74,6.47,6.78,9.16,8.42,7.87,70.2,68.2,55,57.3,68.6,60.9,96.3,67.6,61.8,77.1,84,85,60
MLT,Malta,2022,7.82,6.61,6.77,8.79,9.02,7.9,71.5,87.8,55.8,89.9,69,54.6,86.2,75.5,61.8,78.5,79.2,70,50
MLT,Malta,2023,,,,,,,67.5,86.9,90.8,57.4,69.9,45.9,43.5,75.5,62.7,79.3,78.6,70,50
MLT,Malta,2024,,,,,,,64.5,86.3,55.3,89.9,69.6,45,14.5,77.5,64.4,71.8,79.2,70,50
MLT,Malta,2025,,,,,,,66.8,86.2,55,81.5,70,57.5,44.8,80.7,65.2,70.5,79.6,60,50
MMR,Myanmar,1970,4.82,,2.42,6.54,10,2.52,,,,,,,,,,,,,
MMR,Myanmar,1975,3.41,,2.4,3.91,3.33,2.52,,,,,,,,,,,,,
MMR,Myanmar,1980,4.46,,2.5,6.77,5.4,1.72,,,,,,,,,,,,,
MMR,Myanmar,1985,4.45,,2.5,7.13,3.33,1.34,,,,,,,,,,,,,
MMR,Myanmar,1990,3.11,,2.35,4.29,3.33,1,,,,,,,,,,,,,
MMR,Myanmar,1995,3.6,,2.96,4.74,3.33,1.26,,,,,,,,,,,,,
MMR,Burma,1996,,,,,,,45.1,30,10,,81.8,81.3,,40,,53.3,50,30,30
MMR,Burma,1997,,,,,,,45.4,30,10,,81.8,85.2,,40,,51.7,50,30,30
MMR,Burma,1998,,,,,,,45.7,30,10,,81.9,84.3,,40,,55,50,30,30
MMR,Burma,1999,,,,,,,46.4,30,10,,81.9,95,,40,,50.3,50,30,30
MMR,Myanmar,2000,4.11,5.88,2.27,5.36,2.5,4.3,47.9,30,10,,81.8,97,,40,,43.6,69,30,30
MMR,Myanmar,2001,3.65,6.18,2.24,3.12,2.5,4.3,46.1,30,10,,74.9,95.7,,40,,55.1,69,10,30
MMR,Myanmar,2002,3.41,5.76,2.24,2.55,2.5,4.15,45.5,10,10,,74.9,95.7,,40,,69.6,69,10,30
MMR,Myanmar,2003,3.38,4.81,2.24,3.02,2.5,4.35,44.9,10,10,,81.9,98.7,,40,,54.3,69,10,30
MMR,Myanmar,2004,3.79,4.75,2.23,4.89,2.51,4.45,43.6,10,10,,81.9,98.7,,40,,41.6,70.4,10,30
MMR,Myanmar,2005,3.85,5.24,2.23,4.72,2.51,4.45,40.5,10,16,,82,97.8,,40,20,48.2,70.8,10,10
MMR,Myanmar,2006,3.62,5.34,2.25,3.4,2.75,4.37,40,10,17,,81.9,97.3,,20,20,61.4,72.2,10,10
MMR,Myanmar,2007,3.49,4.84,2.61,3.52,2.49,4.01,41,10,18,,81.9,98,,20,20,70.1,71.8,10,10
MMR,Myanmar,2008,3.65,5.92,2.66,3.35,2.49,4,39.5,10,19,,81.7,97,,20,20,56.5,71,10,10
MMR,Myanmar,2009,4.09,5.83,2.66,5.71,2.49,3.8,37.7,5,14,,81.8,98.5,,20,20,45.3,72.2,10,10
MMR,Myanmar,2010,4.05,5.87,2.73,4.85,2.43,4.43,36.7,5,13,,81.9,98.4,,20,20,46.5,72.3,0,10
MMR,Myanmar,2011,4.38,6.84,2.8,5.08,2.43,4.84,37.8,5,14,,81.9,98.1,,20,20,56.6,72.3,0,10
MMR,Myanmar,2012,5.1,6.41,2.91,5.84,5.88,4.44,38.7,10,14,,82,96,,20,20,61.2,73.6,0,10
MMR,Myanmar,2013,5.16,6.67,2.97,5.46,6.06,4.64,39.2,10,15,,81.9,96.8,,20,20,65.1,73.6,0,10
MMR,Myanmar,2014,5.29,7.25,3.16,5.59,5.48,4.93,46.5,10,11.6,,86.9,89.2,,28.3,75.7,64.8,73.6,15,10
MMR,Myanmar,2015,5.07,6.91,3.22,5.2,5.36,4.64,46.9,10,21,,86.9,77.9,,28.7,79.3,66.1,74.2,15,10
MMR,Myanmar,2016,5.34,7.36,3.33,5.71,5.37,4.94,48.7,10,21,,86.6,75.3,,32.6,76.8,70,74.2,20,20
MMR,Myanmar,2017,5.4,7.43,3.33,6.06,5.37,4.82,52.5,23,29.6,12.9,86.2,81.5,89.9,50.1,77.1,65.4,74.2,20,20
MMR,Myanmar,2018,5.41,7.39,3.38,5.96,5.4,4.9,53.9,32.5,28.2,17.6,86.3,84.7,89.2,54.2,65.9,67.6,70.9,30,20
MMR,Myanmar,2019,5.39,7.35,3.48,5.79,5.43,4.86,53.6,34.7,30.6,18.1,86.6,85.4,78.3,52.8,65.7,69.6,70.8,30,20
MMR,Myanmar,2020,5.53,7.36,3.51,6.21,5.38,5.21,54,32.5,31.5,14.3,86.6,87.5,84.6,53.1,59.9,77.5,70.8,30,20
MMR,Myanmar,2021,5.08,6.44,3.02,5.75,5.32,4.85,55.2,37.2,32.7,19.7,87.2,87.1,81.9,60,64.3,72.5,70,30,20
MMR,Myanmar,2022,4.54,6.75,3.02,4.77,3.48,4.67,49.6,23.1,29.8,16.7,87.2,86.8,67.2,41.7,49.6,73.9,69.4,30,20
MMR,Burma,2023,,,,,,,46.5,21.5,9.5,29.3,88.5,86.4,38.8,42.1,45.6,76.4,69.4,30,20
MMR,Burma,2024,,,,,,,42.2,18,21.2,6.5,88.5,86.3,12.8,39.8,46.3,67.9,69.6,30,20
MMR,Burma,2025,,,,,,,43.7,17.3,18.7,4.2,88.6,84,39.9,39.9,53.2,59.7,68.6,30,20
MNE,Montenegro,1970,,,,,,,,,,,,,,,,,,,
MNE,Montenegro,1975,,,,,,,,,,,,,,,,,,,
MNE,Montenegro,1980,,,,,,,,,,,,,,,,,,,
MNE,Montenegro,1985,,,,,,,,,,,,,,,,,,,
MNE,Montenegro,1990,,,,,,,,,,,,,,,,,,,
MNE,Montenegro,1995,,,4.79,,,,,,,,,,,,,,,,
MNE,Montenegro,1996,,,,,,,,,,,,,,,,,,,
MNE,Montenegro,1997,,,,,,,,,,,,,,,,,,,
MNE,Montenegro,1998,,,,,,,,,,,,,,,,,,,
MNE,Montenegro,1999,,,,,,,,,,,,,,,,,,,
MNE,Montenegro,2000,6.57,6.95,4.95,4.26,,8.62,,,,,,,,,,,,,
MNE,Montenegro,2001,6.28,6.82,4.96,3.31,,8.62,,,,,,,,,,,,,
MNE,Montenegro,2002,6.97,7.09,4.96,5.57,,8.62,46.6,30,10,,89.8,74.8,,40,,46.8,88.4,10,30
MNE,Montenegro,2003,6.01,6.37,4.94,4.88,,6.34,43.5,30,10,,79.8,89.2,,40,,34.2,68.4,10,30
MNE,Montenegro,2004,6.23,6.87,4.94,5.2,,6.34,,,,,,,,,,,,,
MNE,Montenegro,2005,5.98,6,4.94,5.13,7.43,6.34,,,,,,,,,,,,,
MNE,Montenegro,2006,6.39,6.75,5.17,5.71,7.77,6.42,,,,,,,,,,,,,
MNE,Montenegro,2007,6.56,7.38,5.14,5.63,8.16,6.44,,,,,,,,,,,,,
MNE,Montenegro,2008,6.44,6.99,5.23,5.15,8.28,6.54,,,,,,,,,,,,,
MNE,Montenegro,2009,6.54,6.53,5.31,6.02,8.14,6.68,58.2,40,33,,89.1,45.3,,68.7,57.2,78.9,80.2,40,50
MNE,Montenegro,2010,6.83,7,5.34,7.03,7.92,6.85,63.6,40,34,,90,54.4,,70.1,86.4,73.2,83.2,55,50
MNE,Montenegro,2011,7.03,7.4,5.32,7.7,7.86,6.86,62.5,40,39,,89.4,28.6,,71.3,92.3,76,83.6,55,50
MNE,Montenegro,2012,7.08,7.67,5.21,7.67,7.85,7,62.5,40,37,,91.3,31.7,,69.2,86.1,81.2,83.6,55,50
MNE,Montenegro,2013,7.52,7.54,5.14,9.56,7.84,7.5,62.6,40,40,,92.4,41.5,,72.7,71.4,79.9,83,55,50
MNE,Montenegro,2014,7.33,6.96,5.14,8.59,8.26,7.72,63.6,40,37.8,,92.5,42.6,,77.6,68.6,78.6,83.1,65,50
MNE,Montenegro,2015,7,6.05,5.06,8.42,8.2,7.3,64.7,40,44,,92.6,36.7,,77.1,77.5,79.7,84.8,65,50
MNE,Montenegro,2016,7.33,7.8,5.08,8.29,8.21,7.24,64.9,40,42,,91.6,39.8,,76.6,72,82.6,84.8,70,50
MNE,Montenegro,2017,7.12,6.87,5.15,7.99,8.3,7.29,62,58,43.4,50.4,83.1,33.1,44.3,72,67.4,82.5,84.7,75,50
MNE,Montenegro,2018,7.39,6.83,5.23,9.2,8.31,7.36,64.3,54.2,38.1,51.3,85.2,35.7,69.1,72.9,70.9,84.9,84.7,75,50
MNE,Montenegro,2019,7.42,6.51,5.25,9.61,8.32,7.43,60.5,55.4,39.5,51.8,85.3,32.6,23.2,73.3,73.4,81.6,84.7,75,50
MNE,Montenegro,2020,7.37,6.5,5.67,9.64,7.67,7.36,61.5,59.1,47.5,55.3,85.4,32.1,23.4,70.8,74.8,80.3,83.8,75,50
MNE,Montenegro,2021,7.45,6.54,5.64,9.35,8.32,7.4,63.4,57.8,51,56.2,83.6,35.3,37.2,73.5,78,83.4,79.4,75,50
MNE,Montenegro,2022,7.15,6.69,5.68,7.96,8.29,7.12,57.8,61.3,46.4,43,83.9,29.5,11.9,67.1,61.7,85.6,78.8,75,50
MNE,Montenegro,2023,,,,,,,60.9,59.7,41.2,47,88.2,31.7,48.1,67.3,61.6,81.8,79.2,75,50
MNE,Montenegro,2024,,,,,,,59.7,59,48.9,41.8,88.3,32.4,39.3,70.1,62.6,70.7,78.8,75,50
MNE,Montenegro,2025,,,,,,,63.8,58.8,48.9,50.1,88.7,45.2,87.9,70.9,64.4,70.9,79.6,50,50
MNG,Mongolia,1970,,,4.31,,,,,,,,,,,,,,,,
MNG,Mongolia,1975,,,4.31,,,,,,,,,,,,,,,,
MNG,Mongolia,1980,,0.15,4.41,,,,,,,,,,,,,,,,
MNG,Mongolia,1985,,0.15,4.42,,,6.49,,,,,,,,,,,,,
MNG,Mongolia,1990,,0.82,4.86,,,6.7,,,,,,,,,,,,,
MNG,Mongolia,1995,,3.68,5.72,,,7.11,47.8,70,50,,47.6,17.3,,70,,0,55,70,50
MNG,Mongolia,1996,,,,,,,47.4,70,50,,40,17.3,,70,,14.5,65,50,50
MNG,Mongolia,1997,,,,,,,52.9,50,50,,62,41.4,,70,,34.5,68.6,50,50
MNG,Mongolia,1998,,,,,,,57.3,50,50,,61.9,51,,70,,48.1,85,50,50
MNG,Mongolia,1999,,,,,,,58.6,50,50,,63.8,61.1,,55,,62.1,85,50,50
MNG,Mongolia,2000,6.1,7.62,5.6,3.98,,6.79,58.5,50,50,,64.1,63.3,,55,,69.4,75,50,50
MNG,Mongolia,2001,6.27,7.62,5.61,4.74,,6.79,56,50,43,,64.5,47.1,,55,,69.6,75,50,50
MNG,Mongolia,2002,6.99,7.62,5.59,8.3,,6.67,56.7,50,43,,64.1,54.4,,55,,72.5,71,50,50
MNG,Mongolia,2003,6.89,7.5,5.6,7.87,,6.76,57.7,50,43,,61.8,50.8,,55,,83.7,75,50,50
MNG,Mongolia,2004,6.73,7.5,5.59,7.14,6.65,6.77,56.5,50,43,,59.4,43.8,,55,,82,75,50,50
MNG,Mongolia,2005,6.8,7.49,5.72,6.85,6.97,6.97,59.7,50,43,,73.6,40.1,,55,70.4,87.6,77,50,50
MNG,Mongolia,2006,6.86,7.21,5.81,7.18,6.96,7.14,62.4,30,30,,76.9,46.6,,73.3,70.8,79.5,77,70,70
MNG,Mongolia,2007,6.76,7.26,5.69,6.89,6.71,7.28,60.3,30,30,,72.8,54.1,,70.8,70.9,74.9,80,60,60
MNG,Mongolia,2008,6.5,7.03,5.73,6.03,6.84,6.86,63.6,30,28,,85,71.7,,72.2,69.5,78.2,81.4,60,60
MNG,Mongolia,2009,6.94,7.19,5.95,7.3,7.19,7.05,62.8,30,30,,81.3,69.9,,71,67.7,76.7,81.2,60,60
MNG,Mongolia,2010,6.93,7.75,5.95,6.7,7.07,7.16,60,30,30,,81.9,56.7,,69,75.9,66.5,79.8,50,60
MNG,Mongolia,2011,6.93,7.41,6.04,6.91,7.05,7.24,59.5,30,27,,83.3,49.6,,67.7,74.1,73.6,79.8,50,60
MNG,Mongolia,2012,6.84,7.33,6,6.76,7.1,7,61.5,30,27,,88.5,62.8,,67.7,74.5,74.3,79.8,50,60
MNG,Mongolia,2013,7.05,7.65,5.99,7.14,7.17,7.3,61.7,30,27,,82.5,62.6,,70.4,79.2,75.6,79.8,50,60
MNG,Mongolia,2014,6.95,7.23,6.03,6.97,7.41,7.11,58.9,30,28.2,,81.8,39.1,,71.8,81.1,72.4,74.7,50,60
MNG,Mongolia,2015,7.17,7.19,6.09,8.51,7.1,6.96,59.2,30,38,,83.9,35.6,,68.2,82.7,69.2,74.8,50,60
MNG,Mongolia,2016,6.93,5.89,6.07,9.21,7.04,6.45,59.4,30,39,,84.4,51.5,,67.7,77.9,68,70,45,60
MNG,Mongolia,2017,7.3,7.43,6.09,8.78,6.96,7.23,54.8,51.3,36.8,28.4,87.1,57.6,0,67.2,76.6,72.3,74.9,45,60
MNG,Mongolia,2018,7.37,7.94,6.05,8.5,7.01,7.35,55.7,51,34.8,30.9,88.4,57.1,3.8,67,75.6,79.1,75.9,45,60
MNG,Mongolia,2019,7.24,7.36,5.98,8.51,6.98,7.35,55.4,48.2,29.8,23.8,88.5,63.1,6.2,66,75,77.8,75.8,50,60
MNG,Mongolia,2020,7.02,6.85,6.02,8.62,6.87,6.73,55.9,50.3,36.9,23,87.4,66.6,9.3,63.6,75.7,74.2,74,50,60
MNG,Mongolia,2021,6.94,6.55,6.05,8.25,7.05,6.78,62.4,48.1,37.4,25.9,89.9,71.5,91.3,61.9,74.4,73.4,74.6,50,50
MNG,Mongolia,2022,6.86,6.59,6.05,7.51,7.29,6.85,63.9,48.8,37,57.1,89.2,68.2,81.9,66.5,67.5,76,74.4,50,50
MNG,Mongolia,2023,,,,,,,61.7,48.7,55.8,37.2,88.2,64.1,64.3,66.4,67.5,74.1,74.2,50,50
MNG,Mongolia,2024,,,,,,,60.6,48.8,34.8,55,84,62,64.3,68,67.5,67.9,74.4,50,50
MNG,Mongolia,2025,,,,,,,62.6,49.7,35.5,55.4,85.7,72.6,73.5,67.9,68.1,68.8,74.4,50,50
MOZ,Mozambique,1970,,,2.02,,,,,,,,,,,,,,,,
MOZ,Mozambique,1975,,,2.83,,,,,,,,,,,,,,,,
MOZ,Mozambique,1980,,,3,,,,,,,,,,,,,,,,
MOZ,Mozambique,1985,,0.72,3.03,,,,,,,,,,,,,,,,
MOZ,Mozambique,1990,,10,3.02,,,,,,,,,,,,,,,,
MOZ,Mozambique,1995,,5.36,3.02,,,,45.5,30,10,,60.4,74.8,,55,,43.9,75,30,30
MOZ,Mozambique,1996,,,,,,,48.4,30,10,,74.2,88.6,,55,,42.5,75,30,30
MOZ,Mozambique,1997,,,,,,,44,30,10,,68.2,71.4,,40,,42.9,73.6,30,30
MOZ,Mozambique,1998,,,,,,,43,30,10,,68,82.1,,40,,45.8,31,30,50
MOZ,Mozambique,1999,,,,,,,48.9,30,10,,68,87.4,,40,,61.6,63,30,50
MOZ,Mozambique,2000,5.36,7.68,2.95,5.59,,4.94,52.2,30,10,,69.7,82.7,,40,,74.5,63,50,50
MOZ,Mozambique,2001,5.61,5.91,2.96,8.19,,4.94,59.2,30,35,,82.6,85.5,,55,,79.7,65,50,50
MOZ,Mozambique,2002,5.35,6.36,2.95,6.75,,4.94,57.7,30,22,,82.5,81.3,,55,,70.8,57.4,70,50
MOZ,Mozambique,2003,5.58,6.51,2.95,7.52,6.07,4.94,58.6,30,22,,82.4,77.6,,55,,70.6,50.2,70,70
MOZ,Mozambique,2004,5.74,6.45,2.96,8.02,6.21,5.17,57.2,30,22,,80.9,63.9,,55,,65.9,57.4,70,70
MOZ,Mozambique,2005,5.62,6.5,3.77,7.24,6.12,4.58,54.6,30,27,,80.9,65.7,,55,35.2,66.4,66.2,70,50
MOZ,Mozambique,2006,5.64,6.46,4.24,6.63,6.23,4.74,51.9,30,28,,78.1,73.4,,44.1,33.1,67,65.2,50,50
MOZ,Mozambique,2007,5.88,6.39,4.22,7.25,6.51,5.03,54.7,30,28,,78.2,82.7,,48.2,32.9,76.5,70.2,50,50
MOZ,Mozambique,2008,5.86,6.52,4.32,6.98,6.55,5,55.4,30,28,,78.1,85.2,,53.8,32.9,73.6,72.8,50,50
MOZ,Mozambique,2009,5.68,6.45,4.43,6.06,6.5,5.06,55.7,30,28,,77.7,76.5,,54.2,41.1,75.9,73.4,50,50
MOZ,Mozambique,2010,5.35,5.49,4.47,5.03,6.46,5.31,56,30,26,,77.6,76.1,,58.7,42,74.9,74.5,50,50
MOZ,Mozambique,2011,5.43,5.5,4.46,5.38,6.44,5.36,56.8,30,25,,77.5,76.5,,63.1,39.2,80.3,81,45,50
MOZ,Mozambique,2012,5.75,6.19,4.45,6.09,6.53,5.49,57.1,30,27,,77.1,69.3,,66.8,39.7,74.8,81.1,55,50
MOZ,Mozambique,2013,5.66,5.95,4.39,5.88,6.55,5.53,55,30,27,,76.2,64.5,,63.9,37.9,74.7,75.4,50,50
MOZ,Mozambique,2014,5.63,5.53,4.48,6.16,6.42,5.58,55,30,26.2,,75.7,64.6,,65.2,36.7,80.8,75.5,45,50
MOZ,Mozambique,2015,5.62,5.46,4.47,6.18,6.38,5.59,54.8,30,30,,75.2,66.5,,60.9,37.9,82,75.4,40,50
MOZ,Mozambique,2016,5.63,5.13,4.46,6.68,6.41,5.48,53.2,30,31,,74.3,63.5,,55.9,41.9,79.5,70.8,35,50
MOZ,Mozambique,2017,5.79,5.61,4.54,6.3,7.1,5.43,49.9,40.6,30.9,32.4,73.2,58.2,22.7,58.8,41,79.9,76.7,35,50
MOZ,Mozambique,2018,6.22,6.76,4.47,7.45,7.08,5.34,46.3,35.4,28.2,36.3,70.6,60.7,0,58,37.8,66.7,76.7,35,50
MOZ,Mozambique,2019,6.26,6.67,4.54,7.65,7.08,5.38,48.6,33.9,28.1,35.2,75.5,66.9,16.6,57.1,42,65.4,78,35,50
MOZ,Mozambique,2020,5.9,6.76,4.58,6.31,6.46,5.38,50.5,34.9,23.2,31.7,74.1,69.6,40.3,55.3,41.7,72,78,35,50
MOZ,Mozambique,2021,5.85,6.88,4.49,6.12,6.46,5.3,51.6,29.5,23.8,26.9,74.8,71.4,62.3,55.2,42,77.1,70.8,35,50
MOZ,Mozambique,2022,5.86,7.09,4.42,5.96,6.54,5.28,51.3,31.9,26.3,44.1,72.2,70.3,52.7,36.7,47.4,78.8,70.6,35,50
MOZ,Mozambique,2023,,,,,,,52.5,31.2,44.6,27.1,75.3,70.6,65.9,36.1,47.8,76.1,70.8,35,50
MOZ,Mozambique,2024,,,,,,,50.7,31.1,25.4,44.5,74.1,69.2,47,36.3,47.7,71.9,70.6,40,50
MOZ,Mozambique,2025,,,,,,,50.7,31.6,24.9,44.9,75.4,68.8,51.9,37.3,47.7,72.3,74,40,40
MRT,Mauritania,1970,,1.41,4.72,,,,,,,,,,,,,,,,
MRT,Mauritania,1975,,1.41,4.7,,,,,,,,,,,,,,,,
MRT,Mauritania,1980,,1.84,3.59,,,,,,,,,,,,,,,,
MRT,Mauritania,1985,,4.61,3,,,,,,,,,,,,,,,,
MRT,Mauritania,1990,,5.4,2.98,,,,,,,,,,,,,,,,
MRT,Mauritania,1995,,4.16,3.19,,,,,,,,,,,,,,,,
MRT,Mauritania,1996,,,,,,,45.5,30,30,,49.8,80.3,,55,,69.6,55,30,10
MRT,Mauritania,1997,,,,,,,47,30,30,,50.4,83.9,,55,,69.3,44.4,50,10
MRT,Mauritania,1998,,,,,,,43.7,30,30,,50.1,82.7,,55,,70.7,15,50,10
MRT,Mauritania,1999,,,,,,,42.8,30,30,,50.7,73.4,,55,,71.1,15,50,10
MRT,Mauritania,2000,5.13,4.33,3.2,7.81,,5.58,46,30,30,,51.3,84.1,,55,,68.4,35,50,10
MRT,Mauritania,2001,4.96,3.95,3.2,7.47,,5.58,48.5,30,30,,51.3,79.7,,55,,75.7,35,50,30
MRT,Mauritania,2002,4.98,3.78,3.2,7.61,,5.79,52.5,30,30,,51.3,79.7,,55,,77.5,29,70,50
MRT,Mauritania,2003,5.48,4.66,3.2,9.01,,5.71,59,30,30,,61.3,72.5,,55,,76.9,65,70,70
MRT,Mauritania,2004,5.78,6.69,3.19,7.29,,5.71,61.8,30,30,,76.2,80.5,,55,,77.3,67,70,70
MRT,Mauritania,2005,5.79,7.1,3.2,6.62,6.35,5.71,59.4,30,30,,78.2,70.4,,55,47,76.1,67,70,70
MRT,Mauritania,2006,5.85,6.87,3.34,6.78,6.4,5.9,55.7,30,30,,81.7,70,,36,50.5,76.5,62.6,70,50
MRT,Mauritania,2007,5.81,6.72,3.27,6.3,6.51,6.25,53.6,30,30,,75.5,57.4,,37.5,50.6,73.9,71.4,60,50
MRT,Mauritania,2008,5.88,7.09,3.18,6.45,6.55,6.14,55.2,30,31,,75.4,66.3,,39.9,51.9,77.1,70.2,60,50
MRT,Mauritania,2009,5.9,7.06,3.11,6.74,6.42,6.22,53.9,25,26,,75.4,65.9,,53.6,50.2,77.7,75.6,50,40
MRT,Mauritania,2010,5.66,6.96,3.14,6.05,6.21,5.92,52,25,28,,75.1,73.4,,48.3,52.5,78,69.9,30,40
MRT,Mauritania,2011,5.81,7.19,3.16,6.42,6.4,5.89,52.1,25,25,,81.1,73.9,,48.3,50.3,77.4,69.9,30,40
MRT,Mauritania,2012,5.72,6.99,3.08,6.51,6.35,5.66,53,25,23,,80.5,71.9,,51.3,53.2,75.5,69.9,40,40
MRT,Mauritania,2013,5.69,7.04,2.95,6.51,6.3,5.64,52.3,25,24,,80.3,74.7,,43.3,51.1,75.1,64.8,45,40
MRT,Mauritania,2014,5.77,7.05,2.95,6.74,6.4,5.73,53.2,25,23.9,,81.7,75.8,,38,53.1,75.5,69,50,40
MRT,Mauritania,2015,5.82,6.78,2.93,7.54,6.2,5.64,53.3,25,30,,80.2,59.8,,50.5,52.1,76.6,69,50,40
MRT,Mauritania,2016,6.1,7.3,3.1,7.95,6.22,5.93,54.8,25,30,,81.6,75.3,,48.7,50.7,77.7,69,50,40
MRT,Mauritania,2017,6.09,7.27,3.12,7.81,6.31,5.95,54.4,22.5,29.2,13.8,81.2,73.2,77.1,64.4,57.4,81.9,62.3,50,40
MRT,Mauritania,2018,6.06,7.02,3.17,7.82,6.31,5.99,54,23.9,28.9,17.6,75.9,72.8,71.8,64.2,59.2,82.4,61.5,50,40
MRT,Mauritania,2019,6.22,7.04,3.2,7.93,6.87,6.07,55.7,27.5,30.6,30.6,78,74.2,80.6,61.9,51.5,81.2,62.6,50,40
MRT,Mauritania,2020,6.14,6.97,3.16,8.25,6.23,6.08,55.3,32.5,21.9,20.8,80.9,76.4,85.9,61.7,51.3,79.6,62.6,50,40
MRT,Mauritania,2021,6,6.72,3.27,7.81,6.16,6.03,56.1,26,21,23.9,74.3,88.4,93.3,59.1,52.8,80,63.8,50,40
MRT,Mauritania,2022,5.91,6.42,3.14,7.18,6.79,6.03,55.3,36.9,23.5,29.9,75.2,89.4,92.9,35.7,48.9,80.3,60.6,50,40
MRT,Mauritania,2023,,,,,,,55.3,36.4,27.7,24.2,75.8,90,94.7,35.3,49.3,78.6,62,50,40
MRT,Mauritania,2024,,,,,,,55.3,35.3,22.9,28.1,76,85.9,94.8,34.4,60.3,72.7,63,50,40
MRT,Mauritania,2025,,,,,,,54.9,35.8,23.8,28.3,75.8,81.5,95.4,38.8,53.6,74.6,60.6,50,40
MUS,Mauritius,1970,5.71,6.87,4.6,7.22,1.86,7.37,,,,,,,,,,,,,
MUS,Mauritius,1975,4.78,5.85,4.63,3.96,1.92,7.37,,,,,,,,,,,,,
MUS,Mauritius,1980,4.84,6.3,5.01,4.75,1.85,6.2,,,,,,,,,,,,,
MUS,Mauritius,1985,6.13,7.24,5.34,6.35,4.37,7.15,,,,,,,,,,,,,
MUS,Mauritius,1990,6.12,6.96,5.48,6.19,4.37,7.35,,,,,,,,,,,,,
MUS,Mauritius,1995,7.2,7.19,5.48,9.26,6.23,7.64,,,,,,,,,,,,,
MUS,Mauritius,1996,,,,,,,,,,,,,,,,,,,
MUS,Mauritius,1997,,,,,,,,,,,,,,,,,,,
MUS,Mauritius,1998,,,,,,,,,,,,,,,,,,,
MUS,Mauritius,1999,,,,,,,68.5,70,50,,76,85.1,,85,,73.6,57,50,70
MUS,Mauritius,2000,7.41,7.54,5.3,9.35,7.22,7.49,67.2,70,50,,76,82.7,,70,,73.5,62.6,50,70
MUS,Mauritius,2001,7.3,7.32,5.24,9.27,7.43,7.13,66.4,70,49,,75.9,84.1,,70,,68.4,60.2,50,70
MUS,Mauritius,2002,7.22,7.3,5.22,9.16,7.17,7.14,67.7,70,47,,84.2,84.1,,70,,70.7,62.8,50,70
MUS,Mauritius,2003,7.19,6.92,5.14,9.32,7.32,7.16,64.4,70,45,,84.9,81.5,,70,,70.5,37.4,50,70
MUS,Mauritius,2004,7.22,7.34,5.12,9.14,7.32,7.11,64.3,70,45,,85,82.9,,70,,69.6,36,50,70
MUS,Mauritius,2005,7.53,7.34,5.49,9.18,8.41,7.24,67.2,70,44,,84.5,82,,70,76.4,71.4,53.4,50,70
MUS,Mauritius,2006,7.47,7.22,5.5,8.7,8.63,7.29,67.4,70,41,,81.7,79.1,,74.7,76.8,72.1,59,70,50
MUS,Mauritius,2007,7.81,8.38,5.74,8.67,8.76,7.47,69.4,60,42,,81.3,79.7,,73.3,71.7,75.8,80,70,60
MUS,Mauritius,2008,7.96,8.59,6.15,8.63,8.78,7.63,72.6,60,51,,92.1,81.4,,82,72.9,75.7,80.6,70,60
MUS,Mauritius,2009,7.99,8.05,6.35,9.23,8.86,7.46,74.3,60,47,,92.2,80.8,,83.3,71.5,71.1,86.8,80,70
MUS,Mauritius,2010,8,7.96,6.4,9.15,8.65,7.83,76.3,60,55,,92.5,83.4,,82.2,78.5,71.2,85.6,85,70
MUS,Mauritius,2011,7.94,8.07,6.46,8.81,8.68,7.69,76.2,60,54,,91.9,80,,82,70.4,76.1,88,90,70
MUS,Mauritius,2012,8.01,8.04,6.48,9.18,8.7,7.65,77,65,54,,91.9,83.4,,78.7,70.4,78.3,87.9,90,70
MUS,Mauritius,2013,7.99,7.85,6.48,9.43,8.69,7.49,76.9,70,51,,92.1,81.9,,78.2,72.3,75.4,87.9,90,70
MUS,Mauritius,2014,7.96,7.71,6.42,9.41,8.71,7.57,76.5,65,53.4,,92.2,81.8,,74.4,78,76.7,88.6,85,70
MUS,Mauritius,2015,8.03,7.89,6.44,9.54,8.66,7.62,76.4,65,52,,91.9,87.4,,78,68.2,77.6,88.4,85,70
MUS,Mauritius,2016,8.03,7.79,6.85,9.56,8.7,7.22,74.7,60,54,,92,81.5,,77.5,65,78.7,88.6,80,70
MUS,Mauritius,2017,8.01,7.91,6.92,9.29,8.75,7.17,74.7,64.4,44.3,72.6,92,81.5,74.9,78.2,68.8,81.1,88.7,80,70
MUS,Mauritius,2018,8.16,8.05,6.98,9.37,8.76,7.66,75.1,68.7,52.1,69.6,91,80.7,73.7,77.5,66.8,82.9,88.7,80,70
MUS,Mauritius,2019,8.18,7.89,7,9.63,8.76,7.62,73,69.5,40.3,62.1,92.1,80.3,73.6,79.8,60.8,79.4,88.4,80,70
MUS,Mauritius,2020,7.77,7.62,7.08,9.27,8.13,6.76,74.9,75.8,53.3,62.6,91.5,82.1,79.3,82.5,60.2,73.8,88.2,80,70
MUS,Mauritius,2021,7.74,7.66,7.06,9.12,8.13,6.72,77,78.4,55,73.6,91.6,78,73.5,83.7,74.6,77.4,88,80,70
MUS,Mauritius,2022,7.79,7.98,7,8.25,8.76,6.96,70.9,85.6,56.5,81.7,91.3,73.4,6.8,72,69.8,75.9,87.4,80,70
MUS,Mauritius,2023,,,,,,,70.6,87,81.4,58.2,91,70.2,2.5,76,69.1,73.4,87.8,80,70
MUS,Mauritius,2024,,,,,,,71.5,86.4,52.3,81.2,91.5,74.7,30.4,78.9,69.1,66.7,87.4,70,70
MUS,Mauritius,2025,,,,,,,75,86.4,53.2,81,89.8,77.1,64.9,82.9,69.3,67.4,87.4,70,70
MWI,Malawi,1970,5.13,4.46,4.42,6.42,6.3,4.1,,,,,,,,,,,,,
MWI,Malawi,1975,4.74,3.57,4.43,5.9,5.67,4.1,,,,,,,,,,,,,
MWI,Malawi,1980,4.34,3.98,4.45,5.87,3.24,3.67,,,,,,,,,,,,,
MWI,Malawi,1985,4.73,3.86,4.45,6.45,4.13,4.5,,,,,,,,,,,,,
MWI,Malawi,1990,4.84,4.58,4.16,5.71,5.73,3.86,,,,,,,,,,,,,
MWI,Malawi,1995,4.35,5.96,4.39,1.23,6.11,4.25,54.7,50,30,,69.3,64.1,,55,,60.2,64,50,50
MWI,Malawi,1996,,,,,,,56.2,50,30,,73.4,78.8,,55,,54.9,64,50,50
MWI,Malawi,1997,,,,,,,53.4,50,30,,71.2,85.9,,55,,38.6,49.8,50,50
MWI,Malawi,1998,,,,,,,54.1,50,30,,70.9,80.2,,55,,45.9,54.6,50,50
MWI,Malawi,1999,,,,,,,54,50,30,,69,84.3,,55,,59.8,38,50,50
MWI,Malawi,2000,4.47,5.7,4.38,1.93,6.2,4.25,57.4,50,41,,67.7,82.7,,55,,58.1,62,50,50
MWI,Malawi,2001,4.68,5.66,4.44,2.61,6.45,4.35,56.2,50,41,,70.9,73,,55,,51,64.8,50,50
MWI,Malawi,2002,4.9,6.37,4.35,3.02,6.46,4.39,56.9,50,41,,73,74.8,,55,,53.5,65,50,50
MWI,Malawi,2003,4.81,5.93,4.37,3.23,6.32,4.26,53.2,50,32,,72.6,70,,55,,57.5,62,50,30
MWI,Malawi,2004,4.64,6.13,4.26,3.01,5.69,4.16,53.6,50,29,,69.4,67.1,,55,,63.1,68.6,50,30
MWI,Malawi,2005,4.77,6.89,4.53,2.66,5.03,4.74,53.6,50,28,,68.6,68.5,,55,57.9,68,60,50,30
MWI,Malawi,2006,4.9,6.91,4.68,2.65,5.02,5.2,55.4,50,28,,70.4,60,,53.9,58.4,68.6,64.6,50,50
MWI,Malawi,2007,5.27,5.94,4.68,5.17,5.05,5.55,52.9,40,28,,71,45.3,,54.4,57.3,68.2,64.6,50,50
MWI,Malawi,2008,5.48,6.8,4.68,4.81,5.7,5.43,52.7,40,27,,70.2,44.3,,52.2,58.6,69.9,64.6,50,50
MWI,Malawi,2009,5.58,7.13,4.8,4.89,5.67,5.41,53.7,50,27,,70.7,48.6,,45.2,57.2,69.8,68.8,50,50
MWI,Malawi,2010,5.61,7.24,4.69,4.83,5.76,5.55,54.1,45,28,,78.9,45.8,,44.8,59.3,71,68.6,50,50
MWI,Malawi,2011,5.87,6.76,4.54,6.17,6.19,5.7,55.8,45,33,,79.3,56.7,,42.4,59.1,71.6,71,50,50
MWI,Malawi,2012,5.38,6.33,4.56,4.6,5.89,5.52,56.4,45,34,,79.3,62.2,,42,58.2,72.6,70.9,50,50
MWI,Malawi,2013,5.31,6.22,4.61,4.04,5.82,5.86,55.3,40,30,,78.4,60,,41.1,58.8,72.5,71.8,50,50
MWI,Malawi,2014,5.34,6.69,4.58,4.16,5.52,5.77,55.4,45,31.9,,78,63,,38.9,60.3,64.1,72.7,50,50
MWI,Malawi,2015,5.35,6.35,4.47,4.67,5.47,5.78,54.8,40,37,,78.5,49,,49.1,63.1,53.8,72.2,55,50
MWI,Malawi,2016,5.58,6.65,4.46,5.34,5.59,5.89,51.8,40,33,,79,27.1,,44.5,63.4,53.6,72.4,55,50
MWI,Malawi,2017,5.81,6.09,4.51,6.21,6.31,5.94,52.2,36,31.3,44.2,79.1,69.8,33.5,45.3,56.9,54.7,70.5,55,50
MWI,Malawi,2018,5.63,6.47,4.88,6.27,4.68,5.83,52,33.1,28.9,47.1,76.9,70.7,28.1,47.7,59.9,60.4,71.5,50,50
MWI,Malawi,2019,5.57,6.31,4.39,6.59,4.81,5.74,51.4,35.8,25.2,40.1,79.8,70.3,19.1,41.7,64,65.5,75.4,50,50
MWI,Malawi,2020,5.68,6.55,4.51,6.86,4.6,5.89,52.8,43.1,24.8,42.1,79,71.7,23.6,41.9,62.8,69.1,75.4,50,50
MWI,Malawi,2021,5.77,6.52,4.63,6.89,4.84,5.98,53,46.1,26.8,42.1,79,72.3,25.4,42.1,63.6,70.5,68.2,50,50
MWI,Malawi,2022,5.48,6.45,4.66,5.18,4.77,6.34,53,48.1,29.4,53,78.7,87.4,11,34,56.4,71.1,67.4,50,50
MWI,Malawi,2023,,,,,,,52.8,48.4,52.7,36.6,71.6,85.2,11.8,34.1,56.9,70.8,65.6,50,50
MWI,Malawi,2024,,,,,,,52.1,48.6,36.3,52.8,77.6,82.2,8.7,30.8,55.9,64,68.4,50,50
MWI,Malawi,2025,,,,,,,50.9,49.4,34.4,52.3,77.1,79.4,3.3,31.3,56,58.3,68.8,50,50
MYS,Malaysia,1970,6.67,5.99,6.19,7.12,7.04,7.01,,,,,,,,,,,,,
MYS,Malaysia,1975,6.67,5.66,6.2,6.89,7.69,7.01,,,,,,,,,,,,,
MYS,Malaysia,1980,6.88,4.79,6.22,8.89,7.87,6.75,,,,,,,,,,,,,
MYS,Malaysia,1985,6.86,5.58,5.93,8.11,8.49,6.33,,,,,,,,,,,,,
MYS,Malaysia,1990,7.08,6.14,5.24,8.8,8.8,6.55,,,,,,,,,,,,,
MYS,Malaysia,1995,7.1,6.56,5.47,8.83,8.13,6.55,71.9,70,70,,74.1,78.3,,85,,82.5,67,70,50
MYS,Malaysia,1996,,,,,,,69.9,70,70,,76.7,82.7,,85,,77.7,67,50,50
MYS,Malaysia,1997,,,,,,,66.8,70,53,,76.6,83.6,,85,,78.1,55,50,50
MYS,Malaysia,1998,,,,,,,68.2,70,53,,76.8,85.3,,85,,78.1,65,50,50
MYS,Malaysia,1999,,,,,,,68.9,70,50,,79.4,84.7,,85,,79.1,72.2,50,50
MYS,Malaysia,2000,6.59,5.63,4.97,8.22,7.37,6.72,66,70,53,,79.2,81.3,,85,,76.6,68.8,30,50
MYS,Malaysia,2001,6.2,5.31,5.09,6.85,7.35,6.37,60.2,50,51,,80.6,85.5,,70,,78.4,66,30,30
MYS,Malaysia,2002,6.2,5.24,5.17,6.74,7.4,6.47,60.1,50,48,,81.5,84.1,,70,,80.7,66.6,30,30
MYS,Malaysia,2003,6.24,5.21,5.19,6.98,7.35,6.47,61.1,50,50,,81.8,82.9,,70,,82.1,73,30,30
MYS,Malaysia,2004,6.24,5.51,5.36,6.67,7.22,6.43,59.9,50,49,,80.9,74.2,,70,,81.8,73.4,30,30
MYS,Malaysia,2005,6.43,5.69,5.44,6.53,7.48,7,61.9,50,52,,80.9,75.3,,70,72,82.8,75.8,30,30
MYS,Malaysia,2006,6.39,5.57,5.35,6.51,7.5,7.02,61.6,50,50,,81.2,75.1,,68.6,72.2,82.6,76.6,30,30
MYS,Malaysia,2007,6.49,5.91,5.32,6.64,7.49,7.06,63.8,50,51,,81.8,78.9,,67.6,72,80.1,76.8,40,40
MYS,Malaysia,2008,6.3,5.63,5.2,6.33,7.49,6.84,63.9,50,50,,82.2,80.8,,69.3,72.1,78.6,76.2,40,40
MYS,Malaysia,2009,6.33,5.53,5.38,6.59,7.21,6.93,64.6,50,51,,83,81.4,,70.8,71.5,79.9,78.2,40,40
MYS,Malaysia,2010,6.51,5.78,5.5,6.48,7.48,7.29,64.8,55,51,,84.3,81.3,,69.9,71.4,76.7,78.7,30,50
MYS,Malaysia,2011,6.55,5.79,5.58,6.34,7.61,7.43,66.3,50,45,,84.6,79.2,,69.7,79.2,81.3,78.7,45,50
MYS,Malaysia,2012,6.59,5.81,5.54,6.48,7.61,7.54,66.4,50,44,,84.5,72.5,,78.1,79.3,81.6,78.8,45,50
MYS,Malaysia,2013,7.21,6.02,5.55,9.09,7.69,7.71,66.1,55,43,,85.1,73.5,,79.9,72.3,79.8,77,45,50
MYS,Malaysia,2014,7.31,6.29,5.59,9.24,7.71,7.71,69.6,55,44.3,,84.6,75.6,,85.6,78.5,81,76.4,55,60
MYS,Malaysia,2015,7.34,6.49,5.57,9.39,7.59,7.68,70.8,55,50,,84.4,74,,93.5,75.7,80.8,80,55,60
MYS,Malaysia,2016,7.44,6.66,5.59,9.62,7.64,7.72,71.5,55,52,,85,74.3,,91.4,71.5,84.5,81.4,60,60
MYS,Malaysia,2017,7.53,6.89,5.65,9.43,7.89,7.77,73.8,85.3,51.8,67.3,85.3,78.7,76.5,90.8,73.1,85.3,81.2,60,50
MYS,Malaysia,2018,7.63,6.94,5.76,9.74,7.9,7.79,74.5,83.8,54.8,65.2,85.6,81.3,80.7,83.9,75.8,85.6,87.4,60,50
MYS,Malaysia,2019,7.65,7.04,5.77,9.71,7.9,7.81,74,84.1,55.4,68.2,85.6,83.2,82.4,83.9,74.4,78.6,82,60,50
MYS,Malaysia,2020,7.52,7.1,5.81,9.68,7.4,7.61,74.7,86.5,49.4,74.6,85.7,84.6,80.2,87.8,74.5,81.6,82,60,50
MYS,Malaysia,2021,7.44,7.26,5.7,9.45,7.27,7.53,74.4,85.1,53.2,70.5,83.8,84.3,79.4,86.7,73.9,83.6,82.4,60,50
MYS,Malaysia,2022,7.56,7.35,5.7,9.32,7.89,7.54,68.1,65.6,53.9,57.6,83.8,82.9,73.4,67.1,57,83.6,82.2,60,50
MYS,Malaysia,2023,,,,,,,67.3,65.4,57.6,51.6,83.9,82.4,64.5,70.3,58,81.1,83,60,50
MYS,Malaysia,2024,,,,,,,65.7,65.7,48.2,65.6,83.9,81.4,42.8,70.5,58.2,79.1,83,60,50
MYS,Malaysia,2025,,,,,,,67.1,66.3,51.1,66.2,83.9,82.1,48.1,76.6,58.1,79.6,83.4,60,50
NAM,Namibia,1970,,,2.58,,,,,,,,,,,,,,,,
NAM,Namibia,1975,,,2.58,,,,,,,,,,,,,,,,
NAM,Namibia,1980,,7.28,2.67,,,,,,,,,,,,,,,,
NAM,Namibia,1985,4.68,5.96,2.76,4.08,,5.03,,,,,,,,,,,,,
NAM,Namibia,1990,5.11,4.9,3.37,5.55,7.16,5.38,,,,,,,,,,,,,
NAM,Namibia,1995,5.51,5.26,4.63,5.74,6.47,5.79,,,,,,,,,,,,,
NAM,Namibia,1996,,,,,,,,,,,,,,,,,,,
NAM,Namibia,1997,,,,,,,61.6,70,50,,67.7,60.5,,55,,74.9,36.2,70,70
NAM,Namibia,1998,,,,,,,66.1,70,50,,67.1,60.7,,70,,76.3,61,70,70
NAM,Namibia,1999,,,,,,,66.1,70,50,,66.9,60.7,,70,,76.3,61,70,70
NAM,Namibia,2000,5.98,5.53,6.1,5.84,6.28,6.21,66.7,70,53,,57.1,71.2,,70,,78.3,61,70,70
NAM,Namibia,2001,5.97,5.16,6.07,6.06,6.48,6.14,64.8,70,53,,63.1,69.3,,70,,77.1,61,70,50
NAM,Namibia,2002,6.04,5.66,5.97,5.97,6.49,6.16,65.1,70,54,,65.6,69.3,,70,,76.2,61,70,50
NAM,Namibia,2003,6.12,5.82,6.09,6,6.6,6.13,67.3,70,54,,65.7,62,,70,,75.8,68,70,70
NAM,Namibia,2004,6.01,5.98,5.82,6.13,6.15,6.01,62.4,70,57,,67.1,61.3,,70,,74.4,62.2,50,50
NAM,Namibia,2005,6.17,6.47,6.01,6.35,5.95,6.1,61.4,30,47,,67.8,63.3,,70,86.6,71.7,77.8,50,50
NAM,Namibia,2006,6.08,6.74,5.98,5.93,5.76,6.04,60.7,30,41,,62.4,59.4,,74.4,86.5,75.1,77.8,50,50
NAM,Namibia,2007,6.26,7.19,6.16,5.89,6.04,6.04,63.5,30,43,,67.8,64.9,,75.7,86.1,78.7,89,40,60
NAM,Namibia,2008,6.13,7.05,6.23,5.23,6.15,6.04,61.4,30,41,,67.9,71,,74.2,86.2,76.8,87.4,30,50
NAM,Namibia,2009,5.94,7.06,6.21,5.11,6.1,5.32,62.4,30,45,,67.2,69.7,,74.4,85,74.6,88.4,40,50
NAM,Namibia,2010,6.1,6.86,5.94,5.51,6.27,5.94,62.2,30,45,,68.3,69.5,,73.3,87.2,71,87.8,50,40
NAM,Namibia,2011,6.04,6.99,5.79,5.65,6.27,5.49,62.7,30,45,,67.9,74.8,,72.9,84.6,70.9,86.4,55,40
NAM,Namibia,2012,5.97,6.9,5.69,5.8,6.07,5.37,61.9,30,44,,65.7,73,,70.8,85,74.4,86.5,50,40
NAM,Namibia,2013,6.17,6.9,5.67,6.01,6.13,6.14,60.3,30,44,,66.4,71.5,,68.4,76.7,74.9,81.5,50,40
NAM,Namibia,2014,6.19,6.84,5.69,6.52,5.95,5.98,59.4,30,44.2,,66.9,58.8,,64.4,81.9,75,82.9,50,40
NAM,Namibia,2015,6.25,6.76,5.79,6.48,6.06,6.18,59.6,30,48,,66.7,56,,64.3,90.9,74.3,71.2,55,40
NAM,Namibia,2016,6.13,6.92,5.79,6.19,6.19,5.53,61.9,30,49,,64.4,63.9,,68.2,84.5,75.1,83.4,60,40
NAM,Namibia,2017,6.17,6.9,5.79,6.19,5.93,6.03,62.5,53.8,41.3,50.6,65.2,55.6,66.4,67.6,84.4,77.2,83.5,65,40
NAM,Namibia,2018,6.15,6.93,5.74,6.44,6.02,5.64,58.5,56.6,45.4,54.2,63,50.4,16.5,67.5,85.5,74.8,83.3,65,40
NAM,Namibia,2019,6.29,6.99,5.66,6.44,6.19,6.15,58.7,55.9,49.8,54.7,66.5,48.9,15.7,65.8,85.1,74.4,83,65,40
NAM,Namibia,2020,6.12,6.82,5.73,6.65,5.51,5.9,60.9,58.9,46,58.5,65.7,58.1,28.7,65.6,84.9,75.9,83.2,65,40
NAM,Namibia,2021,6.08,7.22,5.73,6.48,5.43,5.53,62.6,57.1,47.4,63.6,67.5,57.4,53.7,65.6,85.2,77.2,71.2,65,40
NAM,Namibia,2022,6.23,7.36,5.68,6.24,6.34,5.54,59.2,63.8,53.9,67.6,72.3,56.5,22.4,55.4,63.4,79,71.2,65,40
NAM,Namibia,2023,,,,,,,57.7,64,67.2,52.5,72,53,9.6,56,63.3,78.5,71.8,65,40
NAM,Namibia,2024,,,,,,,57.5,63.9,50.6,67.1,72.2,54.2,10.2,55.6,63.3,75.7,72,65,40
NAM,Namibia,2025,,,,,,,58.7,65,51.2,67.3,69.4,57.9,34.2,61.9,62.9,74.9,70,50,40
NER,Niger,1970,5.42,8.67,3.63,6.45,,3.75,,,,,,,,,,,,,
NER,Niger,1975,5.39,8.44,4.17,5.01,,4.34,,,,,,,,,,,,,
NER,Niger,1980,5.17,7.9,3.88,4.88,,4.43,,,,,,,,,,,,,
NER,Niger,1985,5.48,8.03,3.9,6.46,,4.19,,,,,,,,,,,,,
NER,Niger,1990,4.81,4.85,3.94,7.02,,3.51,,,,,,,,,,,,,
NER,Niger,1995,4.46,4.85,3.25,5.85,,3.57,,,,,,,,,,,,,
NER,Niger,1996,,,,,,,45.8,30,10,,46.1,92,,55,,54.5,65,30,30
NER,Niger,1997,,,,,,,46.6,50,10,,46.1,89.6,,55,,59.9,48.4,30,30
NER,Niger,1998,,,,,,,47.5,50,10,,46,92.9,,55,,65.6,48.4,30,30
NER,Niger,1999,,,,,,,48.6,50,10,,46,95.8,,55,,72.1,48.4,30,30
NER,Niger,2000,5.17,5.17,3.46,8.09,5.38,3.69,45.9,30,10,,45.9,92.3,,55,,72.1,48,30,30
NER,Niger,2001,4.85,5.02,3.49,6.67,5.25,3.7,48.9,30,10,,45.8,91.3,,55,,87.4,61,30,30
NER,Niger,2002,4.93,5.15,3.43,6.82,5.25,3.93,48.2,30,10,,45.8,90.3,,55,,81.6,61,30,30
NER,Niger,2003,5.19,6.94,3.35,6.6,5.25,3.92,54.2,30,10,,61,92.1,,55,,78.7,61,50,50
NER,Niger,2004,5.13,6.47,3.35,6.68,5.29,3.91,54.6,30,10,,66.7,91.6,,55,,79.1,58.6,50,50
NER,Niger,2005,5.1,6.53,3.44,6.19,5.29,4.13,54.1,30,10,,66.5,89.8,,55,44.2,88.3,56.8,50,50
NER,Niger,2006,5.39,6.71,3.47,6.87,5.49,4.5,52.5,30,22,,62.7,90.9,,28.8,44.7,87.9,57.6,50,50
NER,Niger,2007,5.22,6.75,3.48,6.2,5.58,4.17,53.2,30,24,,66.2,86.3,,38.4,44,80.6,62.4,50,50
NER,Niger,2008,5.15,7.17,3.47,5.36,5.58,4.22,52.9,30,23,,66.4,89.3,,36.2,43.5,86,64.4,50,40
NER,Niger,2009,5.37,7.14,3.47,6.05,5.58,4.7,53.8,30,26,,66.3,88.8,,36.9,40.6,89.5,70.4,50,40
NER,Niger,2010,5.54,7.64,3.39,6.28,5.2,5.17,52.9,30,28,,65.1,85.1,,37.2,40.7,77.6,75.7,50,40
NER,Niger,2011,5.48,7.59,3.32,6.12,5.2,5.15,54.3,30,29,,77.5,83,,36.9,40.3,80,71.8,55,40
NER,Niger,2012,5.42,6.85,3.36,6.53,5.24,5.09,54.3,30,26,,76.9,80.5,,35.9,40.8,86.4,71.7,55,40
NER,Niger,2013,5.47,6.73,3.46,6.44,5.31,5.44,53.9,30,25,,77,80.1,,35.2,39.3,85.4,71.7,55,40
NER,Niger,2014,5.57,6.56,3.46,6.58,5.64,5.61,55.1,30,26,,76.8,88.4,,35.2,45.4,88.3,65.6,55,40
NER,Niger,2015,5.65,6.7,3.46,6.73,5.75,5.61,54.6,30,34,,76.6,83.6,,39.2,40.9,81.3,65.6,55,40
NER,Niger,2016,5.82,6.92,3.57,6.8,5.75,6.03,54.3,30,35,,76.3,76.8,,39.6,42.3,83,64.6,55,40
NER,Niger,2017,5.85,6.91,3.6,6.96,5.74,6.02,50.8,33.8,35,22.6,76.3,73.4,38.5,39.1,46.1,83.3,66.4,55,40
NER,Niger,2018,5.79,6.58,3.75,7.05,5.74,5.82,49.5,37.4,30.4,32.6,73.3,72.9,15.8,45.5,45.7,83.5,61.5,55,40
NER,Niger,2019,5.78,6.68,3.68,7.04,5.75,5.75,51.6,37.2,34.1,31,76.9,75.6,22.2,56.3,48.2,76.7,65.8,55,40
NER,Niger,2020,5.87,6.81,3.66,7.04,5.62,6.2,54.7,45.6,33.4,42.6,76.7,79,44.7,55.4,47.9,74.8,61.2,55,40
NER,Niger,2021,5.74,6.53,3.56,6.94,5.62,6.05,57.3,38.8,31.8,45.7,77.1,87.1,76.2,52.5,47.4,75.3,61,55,40
NER,Niger,2022,5.7,6.39,3.57,6.7,5.75,6.07,54.9,37.4,32.5,35.9,77.5,85.7,69,35.2,53.6,74.6,62.6,55,40
NER,Niger,2023,,,,,,,53.7,36.8,37.2,32.1,77.7,84.3,55.9,34.5,54.1,73.2,63,55,40
NER,Niger,2024,,,,,,,52.3,38.4,31.6,37.3,77.6,84.5,40.5,34,54,72.3,63,55,40
NER,Niger,2025,,,,,,,51.5,29.6,31.8,37.1,77.9,87.3,34.4,33.8,54,72.6,64,55,40
NGA,Nigeria,1970,2.62,4.61,2.03,2.62,1.16,1.89,,,,,,,,,,,,,
NGA,Nigeria,1975,2.78,4.14,2.21,3.41,1.41,2.44,,,,,,,,,,,,,
NGA,Nigeria,1980,3.15,3.97,2.2,5.89,0.93,3.24,,,,,,,,,,,,,
NGA,Nigeria,1985,3.6,5.18,2.32,6.2,1.07,3.85,,,,,,,,,,,,,
NGA,Nigeria,1990,3.46,5.34,2.28,4.28,2.09,3.11,,,,,,,,,,,,,
NGA,Nigeria,1995,3.32,7.34,2.81,1.35,1.65,3.41,47.3,50,50,,75.4,0,,55,,50.2,45,50,50
NGA,Nigeria,1996,,,,,,,47.4,50,50,,78.6,0,,55,,47.7,45,70,30
NGA,Nigeria,1997,,,,,,,52.8,50,50,,81.3,47.3,,55,,43,48.4,70,30
NGA,Nigeria,1998,,,,,,,52.3,50,7,,84.5,71.7,,55,,53.8,48.4,70,30
NGA,Nigeria,1999,,,,,,,55.7,50,18,,84.5,78.3,,55,,67.3,48.4,70,30
NGA,Nigeria,2000,4.82,6.21,2.83,5.01,4.59,5.36,53.1,30,19,,84.4,71.2,,55,,73.5,45,70,30
NGA,Nigeria,2001,4.66,6.74,2.84,4.07,4.68,4.96,49.6,30,16,,84.4,74.8,,55,,78.9,27,50,30
NGA,Nigeria,2002,5.17,8,2.65,4.72,5.23,5.28,50.9,30,12,,84.2,74.8,,55,,77.1,45,50,30
NGA,Nigeria,2003,5.27,7.95,2.66,5.13,5.32,5.35,49.5,30,10,,84.2,75.8,,55,,65.4,45,50,30
NGA,Nigeria,2004,5.25,8.25,2.71,5.31,4.88,5.17,49.2,30,16,,82.1,68.9,,55,,66.3,45,50,30
NGA,Nigeria,2005,5.74,8.97,3.2,5.45,5.66,5.45,48.4,30,14,,84,48.6,,55,73.2,66.2,53.4,30,30
NGA,Nigeria,2006,5.86,8.39,3.61,6.01,5.67,5.6,48.7,30,16,,84.1,56.9,,50,73.3,65.8,51.2,30,30
NGA,Nigeria,2007,5.83,7.96,3.37,5.76,6.39,5.64,55.6,30,19,,84.2,66.9,,58.6,86.3,69.1,61.6,30,50
NGA,Nigeria,2008,5.55,7.44,3.36,4.88,6.34,5.71,55.1,30,22,,84.4,68.1,,52.9,86.6,73.8,63.4,30,40
NGA,Nigeria,2009,5.45,7.82,3.27,4.86,5.57,5.72,55.1,30,22,,84.4,64.3,,55.1,85.8,77.9,61.8,30,40
NGA,Nigeria,2010,5.71,7.87,3.27,5.36,6.23,5.83,56.8,30,27,,84.4,64.7,,53.2,85.7,75.4,67.2,40,40
NGA,Nigeria,2011,5.95,8.24,3.37,5.78,6.39,5.97,56.7,30,25,,84.4,73,,51.6,84.5,73.5,65,40,40
NGA,Nigeria,2012,5.87,8.12,3.21,6.17,6.47,5.35,56.3,30,24,,84.3,72.3,,55.6,80.6,72,63.9,40,40
NGA,Nigeria,2013,6.22,8.45,3.24,6.89,6.56,5.98,55.1,30,24,,82.6,74.6,,55.7,67.2,73.3,63.9,40,40
NGA,Nigeria,2014,6.25,8.64,3.47,7.23,5.8,6.13,54.3,30,22.7,,85,74.5,,48,66.4,73.1,63.8,40,40
NGA,Nigeria,2015,6.3,8.72,3.56,7.35,5.58,6.31,55.6,30,25,,85.2,76.1,,48.3,77.7,70.4,63.8,40,40
NGA,Nigeria,2016,6.42,8.81,3.54,7.72,5.56,6.44,57.5,30,27,,85.1,94.6,,48.7,72.9,71.5,64.8,40,40
NGA,Nigeria,2017,6.45,8.51,3.49,7.77,5.75,6.72,57.1,35.3,12.2,33.2,85.2,95.2,87.2,48.9,73.9,71.3,62.3,40,40
NGA,Nigeria,2018,6.62,8.77,3.43,8.16,6,6.74,58.5,38,14.4,39.6,84.4,96.3,80.9,49.3,81.5,66.9,65.5,45,40
NGA,Nigeria,2019,6.63,8.8,3.43,8.16,6.02,6.72,57.3,36.5,20.5,34.3,85,96.5,68.2,51.2,83.3,65,62.4,45,40
NGA,Nigeria,2020,6.24,8.5,3.47,8.07,4.51,6.63,57.2,38.1,22.3,32.2,85.1,96.2,64.1,54.7,84,61.7,62.4,45,40
NGA,Nigeria,2021,6.44,8.71,3.55,7.85,5.53,6.59,58.7,36.8,23.5,38.7,84.9,95.3,59.9,60,84.4,68,68.4,45,40
NGA,Nigeria,2022,5.96,8.78,3.51,7.46,3.49,6.55,54.4,22.1,22.7,33.8,84.8,95.3,58.1,41.2,73.6,67.5,68.6,45,40
NGA,Nigeria,2023,,,,,,,53.9,24,33.8,22.5,84.9,95.2,50,44.3,73.6,65,68,45,40
NGA,Nigeria,2024,,,,,,,53.1,24.5,21.7,34.5,84.8,94.7,44.2,42.9,73.7,63.2,67.6,45,40
NGA,Nigeria,2025,,,,,,,53.4,25.4,22.4,34.1,85.1,94.5,55.4,38.5,72.8,59.9,67.6,45,40
NIC,Nicaragua,1970,5.95,6.47,1.9,9.39,3.99,,,,,,,,,,,,,,
NIC,Nicaragua,1975,5.7,6.57,1.9,8.45,3.86,,,,,,,,,,,,,,
NIC,Nicaragua,1980,3.77,4.9,3.23,6,0.93,3.71,,,,,,,,,,,,,
NIC,Nicaragua,1985,2.01,3.59,3.32,0.01,0.87,2.15,,,,,,,,,,,,,
NIC,Nicaragua,1990,3.07,4.03,3.42,0.01,5.09,2.83,,,,,,,,,,,,,
NIC,Nicaragua,1995,6.06,7.16,4.2,4.35,7.76,6.85,42.5,30,10,,78.3,75.1,,55,,0,54.4,50,30
NIC,Nicaragua,1996,,,,,,,54.1,30,10,,78.6,68.5,,55,,68.5,56,70,50
NIC,Nicaragua,1997,,,,,,,53.3,30,10,,78.3,61.1,,55,,69.3,56,70,50
NIC,Nicaragua,1998,,,,,,,53.8,30,10,,77.8,58.3,,55,,69,64,70,50
NIC,Nicaragua,1999,,,,,,,54,30,10,,77.7,59.4,,55,,70,64.2,70,50
NIC,Nicaragua,2000,6.73,7.49,3.61,7.83,8.19,6.51,56.9,30,30,,76.1,76.5,,55,,68.1,56,70,50
NIC,Nicaragua,2001,6.64,7.36,3.62,8.18,8.01,6.03,58,30,31,,80.8,71.2,,55,,68.6,65.6,70,50
NIC,Nicaragua,2002,7.04,8.18,3.61,9,8.18,6.24,61.1,30,31,,81.3,81.3,,55,,68.5,63.2,70,70
NIC,Nicaragua,2003,7.07,8.23,3.56,8.97,8.34,6.24,62.6,30,24,,81.8,82.3,,55,,71.3,79.2,70,70
NIC,Nicaragua,2004,6.91,8.26,3.52,8.64,7.88,6.24,61.4,30,25,,85.6,82.6,,55,,75.1,79,50,70
NIC,Nicaragua,2005,6.94,8.41,3.81,8.45,7.66,6.35,62.5,30,26,,82.9,82.4,,55,72.9,75.8,80.4,50,70
NIC,Nicaragua,2006,7,8.2,3.91,8.38,7.87,6.61,63.8,30,27,,79.8,78.1,,57,76.1,72.3,77.6,70,70
NIC,Nicaragua,2007,6.98,8.13,3.88,8.24,8.07,6.58,62.7,30,26,,79.6,78.5,,56.4,73.4,70.9,82.4,70,60
NIC,Nicaragua,2008,6.68,7.9,3.83,7.29,7.98,6.41,60.8,25,26,,79,77.6,,56.8,73.7,70.6,79.2,70,50
NIC,Nicaragua,2009,6.82,7.31,3.76,8.83,8.01,6.2,59.8,25,26,,78.8,71,,57.6,70.6,69.5,79.2,70,50
NIC,Nicaragua,2010,6.93,7.95,3.9,8.35,8.07,6.36,58.3,25,25,,78.4,78.5,,55.7,68.3,64.1,82.8,55,50
NIC,Nicaragua,2011,6.9,8.14,3.99,8.06,8.08,6.23,58.8,20,25,,78.8,81.3,,54.3,67.1,71.7,84.8,55,50
NIC,Nicaragua,2012,6.97,8.23,4.02,8.19,8.09,6.33,57.9,15,25,,77.1,83,,51.2,63.4,74,84.9,55,50
NIC,Nicaragua,2013,6.92,8.14,3.88,8.14,8.1,6.35,56.6,15,25,,78.7,65.1,,51.2,62.2,73.2,85.4,60,50
NIC,Nicaragua,2014,6.88,8.04,3.73,8.44,7.86,6.3,58.4,15,24.1,,78.6,80,,52.6,60.3,72.8,85.4,65,50
NIC,Nicaragua,2015,6.87,7.29,3.97,8.77,8.04,6.28,57.6,10,28,,78.4,76.6,,58,56.7,67.8,85.4,65,50
NIC,Nicaragua,2016,6.86,7.2,4.01,8.82,8.04,6.21,58.6,10,28,,78,82.8,,61.2,55.7,69,86.2,65,50
NIC,Nicaragua,2017,6.79,6.95,3.95,8.81,8.02,6.22,59.2,31.1,27.4,15.9,77.2,80.8,96.1,59,55.6,71.2,81,65,50
NIC,Nicaragua,2018,6.72,6.72,3.81,9.06,8.03,5.99,58.9,29.8,24.2,19,77.2,80,94.8,60.2,57.3,73,81,60,50
NIC,Nicaragua,2019,6.63,6.09,3.8,9.17,8.03,6.07,57.7,33.4,20.3,18.7,76.9,79.1,93.9,56,55.8,72.7,76,60,50
NIC,Nicaragua,2020,6.5,5.88,3.75,9.4,7.41,6.05,57.2,33.5,24.3,19.5,76.3,77.5,87.2,55.1,55.5,71.5,75.4,60,50
NIC,Nicaragua,2021,6.4,5.92,3.49,9.23,7.37,5.99,56.3,27.8,24.8,19,77.1,77.5,91.8,53.1,55,70.7,68.4,60,50
NIC,Nicaragua,2022,6.42,6.3,3.43,8.55,7.9,5.93,54.8,30.1,19,19.5,75.3,76.2,87.3,53.8,46.9,72,67.8,60,50
NIC,Nicaragua,2023,,,,,,,54.9,29.7,20.4,17.6,75.6,74.4,92,53.9,47,71.3,66.4,60,50
NIC,Nicaragua,2024,,,,,,,53.4,27.5,15.6,10.5,74.6,74.3,94.9,52.2,47.3,66.5,67.4,60,50
NIC,Nicaragua,2025,,,,,,,54,28.2,13.6,9.1,77.7,75.9,95.8,55.8,47.3,66.4,68.2,60,50
NLD,Netherlands,1970,7.33,5.77,8.12,9.47,7.11,6.2,,,,,,,,,,,,,
NLD,Netherlands,1975,7.26,5.32,8.14,9.14,8.22,5.7,,,,,,,,,,,,,
NLD,Netherlands,1980,7.46,4.41,8.15,9.43,9.39,6.12,,,,,,,,,,,,,
NLD,Netherlands,1985,7.44,4.52,8.21,9.44,9.43,5.84,,,,,,,,,,,,,
NLD,Netherlands,1990,7.79,5.4,8.68,9.64,9.43,6.05,,,,,,,,,,,,,
NLD,Netherlands,1995,7.79,5.21,8.68,9.7,9.33,6.21,,,,,,,,,,,,,
NLD,Netherlands,1996,,,,,,,69.7,90,90,,33.8,6.6,,85,,84.4,77.8,70,90
NLD,Netherlands,1997,,,,,,,70.4,90,87,,34.1,14.1,,85,,85.4,77.8,70,90
NLD,Netherlands,1998,,,,,,,69.2,90,87,,36.2,20.7,,70,,80.8,77.8,70,90
NLD,Netherlands,1999,,,,,,,70.2,90,90,,37.1,26.2,,70,,80.7,77.8,70,90
NLD,Netherlands,2000,8.07,4.99,8.66,9.45,9.37,7.85,70.4,90,90,,36.9,28,,70,,80.9,77.8,70,90
NLD,Netherlands,2001,7.91,5.08,8.56,9.25,9.33,7.29,73,90,90,,38.4,25,,70,,85.7,78,90,90
NLD,Netherlands,2002,7.89,4.9,8.53,9.35,9.28,7.34,75.1,90,89,,43.6,39.3,,70,,84.6,79.6,90,90
NLD,Netherlands,2003,7.93,4.89,8.54,9.45,9.39,7.31,74.6,90,88,,44.1,35.4,,70,,82.8,81.4,90,90
NLD,Netherlands,2004,7.9,5.06,8.52,9.48,9.06,7.33,74.5,90,90,,45.2,32.3,,70,,83.2,79.8,90,90
NLD,Netherlands,2005,7.93,5.23,8.64,9.37,8.84,7.55,72.9,90,89,,45.7,28,,70,61.5,84.8,80.2,90,90
NLD,Netherlands,2006,7.9,4.95,8.6,9.32,9.01,7.58,75.4,90,87,,48,29.1,,87.5,62.9,86.6,82.4,90,90
NLD,Netherlands,2007,7.96,5.13,8.64,9.39,9.04,7.56,75.5,90,86,,48.8,34.9,,88.4,62.7,87.2,86.6,90,80
NLD,Netherlands,2008,7.9,5.04,8.57,9.36,8.96,7.55,77.4,90,87,,51.6,38.2,,88,65.8,86.9,86,90,90
NLD,Netherlands,2009,7.76,4.58,8.51,9.34,8.96,7.37,77,90,90,,50.9,36.2,,86.5,63.3,87,85.8,90,90
NLD,Netherlands,2010,7.79,4.47,8.53,9.33,8.81,7.79,75,90,89,,52,38.4,,82.6,59.1,81,87.5,90,80
NLD,Netherlands,2011,7.85,4.56,8.58,9.38,8.8,7.92,74.7,90,89,,50.6,36.8,,81.9,58.3,82.7,87.6,90,80
NLD,Netherlands,2012,7.83,4.54,8.54,9.36,8.75,7.98,73.3,90,88,,51.2,20.9,,81.9,60,83.6,87.1,90,80
NLD,Netherlands,2013,7.83,4.75,8.48,9.41,8.72,7.79,73.5,90,89,,52.1,24.7,,83,58.6,81.1,86.8,90,80
NLD,Netherlands,2014,7.96,4.79,8.52,9.65,8.94,7.88,74.2,90,88,,51.7,25.6,,89.7,59.6,79.9,87.8,90,80
NLD,Netherlands,2015,8.05,5.04,8.6,9.71,9.09,7.79,73.7,90,83,,51.8,23.8,,84.3,66.3,79.8,88,90,80
NLD,Netherlands,2016,8.02,5.03,8.59,9.46,9.11,7.89,74.6,90,83,,52.7,34.4,,80,64,83.4,88,90,80
NLD,Netherlands,2017,7.94,4.91,8.59,9.15,9.11,7.93,75.8,87.4,85.7,69.9,53.2,37,83,80.2,70.5,85.8,87,90,80
NLD,Netherlands,2018,7.97,5.13,8.58,9.1,9.16,7.88,76.2,87.9,86,74.1,52.5,39.1,88.2,80.5,61.5,87.5,86.9,90,80
NLD,Netherlands,2019,7.97,5.1,8.58,9.08,9.15,7.91,76.8,88,89.1,74.7,51.6,42.9,93.3,81.4,60.3,84,86,90,80
NLD,Netherlands,2020,7.75,4.86,8.6,8.75,8.92,7.61,77,90,90.1,73.9,51.7,45.2,94.1,80.4,60.2,82.5,86.4,90,80
NLD,Netherlands,2021,7.76,4.97,8.64,8.93,8.58,7.68,76.8,88.9,90.6,72.8,51.7,47.7,95.3,80.5,60.1,80.4,84,90,80
NLD,Netherlands,2022,7.74,4.92,8.66,8.34,9.15,7.61,79.5,96.2,92.3,96.9,51.2,45.4,93.6,88.1,58.9,82.1,79.2,90,80
NLD,Netherlands,2023,,,,,,,78,95.6,96.6,91,51,37.9,90.8,84.4,59.3,80.2,78.6,90,80
NLD,Netherlands,2024,,,,,,,77.3,95.6,87.8,96.2,53.1,37.1,88.1,88.6,60.5,71.5,79.2,90,80
NLD,Netherlands,2025,,,,,,,78.2,95.9,86.8,95.7,54,41.6,94.7,84.8,60.1,74.7,79.6,90,80
NOR,Norway,1970,6.85,4.98,9.06,6.25,6.95,6.74,,,,,,,,,,,,,
NOR,Norway,1975,6.94,4.78,9.06,6.47,7.46,6.72,,,,,,,,,,,,,
NOR,Norway,1980,6.82,4.64,9.12,6.27,7.42,6.54,,,,,,,,,,,,,
NOR,Norway,1985,7.16,4.93,9.17,6.57,8.16,6.85,,,,,,,,,,,,,
NOR,Norway,1990,7.64,4.56,9.06,9.28,8.67,6.66,,,,,,,,,,,,,
NOR,Norway,1995,7.86,5.24,9.06,9.65,8.48,6.85,,,,,,,,,,,,,
NOR,Norway,1996,,,,,,,65.4,90,90,,58.9,8.9,,70,,81.7,69,70,50
NOR,Norway,1997,,,,,,,65.1,90,86,,58,12.2,,70,,80.6,69,70,50
NOR,Norway,1998,,,,,,,68,90,89,,57.9,20.1,,70,,82,83,70,50
NOR,Norway,1999,,,,,,,68.6,90,89,,57.9,27.4,,70,,80.5,82.4,70,50
NOR,Norway,2000,7.92,5.43,9.05,8.98,8.73,7.28,70.1,90,90,,57.3,41.9,,70,,80.4,81,70,50
NOR,Norway,2001,7.84,5.35,8.95,8.81,8.71,7.24,67.1,90,89,,56.7,36.5,,70,,80.3,81,50,50
NOR,Norway,2002,7.8,5.21,8.95,8.98,8.47,7.27,67.4,90,91,,51.1,41.9,,70,,79.3,82.8,50,50
NOR,Norway,2003,7.88,5.01,9.17,8.88,8.84,7.37,67.2,90,86,,50.9,41.4,,70,,84.1,82.8,50,50
NOR,Norway,2004,7.84,5.17,9.05,9.1,8.47,7.33,66.2,90,85,,50.8,31.7,,70,,86.3,81.8,50,50
NOR,Norway,2005,7.94,5.79,9.19,9.32,7.92,7.42,64.5,90,88,,50.4,28.3,,70,49.3,85.5,83.6,50,50
NOR,Norway,2006,7.86,5.89,9.05,9.15,8.07,7.11,67.9,90,89,,50.8,34.9,,91.4,50.6,88.7,84.2,50,50
NOR,Norway,2007,7.94,5.93,9.18,9.32,8.07,7.16,67.9,90,89,,50.6,37.6,,91.1,49,82.5,89.2,50,50
NOR,Norway,2008,7.77,5.66,9.15,8.98,8,7.04,68.6,90,88,,50.3,46.3,,89.1,49.5,76.1,86.2,60,50
NOR,Norway,2009,7.7,5.26,9.13,8.93,8.04,7.11,70.2,90,87,,50.3,50.5,,88.1,48.6,78.1,89.2,60,60
NOR,Norway,2010,7.74,5.49,9.09,8.96,7.81,7.32,69.4,90,79,,50.5,49.8,,88.8,47.1,74.2,89.2,65,60
NOR,Norway,2011,7.82,5.58,9.07,9.09,7.81,7.54,70.3,90,86,,51.6,51.5,,88.3,45.8,75.1,89.4,65,60
NOR,Norway,2012,7.89,5.66,9.1,9.29,7.83,7.55,68.8,90,86,,52.5,35.3,,88.4,46.3,75.1,89.3,65,60
NOR,Norway,2013,7.86,5.58,9.09,9.21,7.84,7.6,70.5,90,90,,51,40.3,,92.6,44.7,76.9,89.3,70,60
NOR,Norway,2014,7.9,5.61,9.13,9.32,7.8,7.65,70.9,90,88.1,,50.6,42.2,,90.9,44.6,78.7,89.1,75,60
NOR,Norway,2015,7.45,5.27,9.19,6.87,8.21,7.72,71.8,90,86,,52.1,43.8,,92.1,48.2,81.7,89.4,75,60
NOR,Norway,2016,7.89,5.17,9.12,9.27,8.19,7.7,70.8,90,86,,53.2,41.8,,89.6,48.5,76.2,87.8,75,60
NOR,Norway,2017,7.93,5.33,9.03,9.38,8.26,7.66,74,86.7,88.3,83.3,55.6,38.5,98.4,89.5,48.8,75.8,87.7,75,60
NOR,Norway,2018,7.86,5.24,8.94,9.22,8.26,7.65,74.3,86.4,93.6,86,56.4,29.2,97.8,90.4,54.6,73.9,87.9,75,60
NOR,Norway,2019,7.85,5.06,8.93,9.3,8.23,7.74,73,86.1,92.3,81.2,57.4,25.3,97.3,89.4,53.7,75.4,83.2,75,60
NOR,Norway,2020,7.71,4.78,8.99,9.2,8,7.6,73.4,84.3,95.6,82.8,57.7,25.6,97.3,86.1,57.4,74.8,83.8,75,60
NOR,Norway,2021,7.63,5.02,9,8.6,8.24,7.29,73.4,82.4,95.8,86.3,57.1,25.3,96.6,85.5,57.8,75.4,84,75,60
NOR,Norway,2022,7.58,5.49,8.98,7.86,8.28,7.29,76.9,99.6,96,97.3,56.4,19.5,96.6,91.4,68.8,76.9,85.4,75,60
NOR,Norway,2023,,,,,,,76.9,98.9,97.2,96.2,57.4,18.7,96.2,95.2,69.2,74.4,84.6,75,60
NOR,Norway,2024,,,,,,,77.5,98.8,95.6,96.7,61.7,32.1,97.2,87.2,69.4,71.1,84.8,75,60
NOR,Norway,2025,,,,,,,78.3,97.7,94.8,98.5,62.4,44,96.1,86.7,69.3,70.3,85,75,60
NPL,Nepal,1970,3.92,,3.39,6.23,0.46,3.39,,,,,,,,,,,,,
NPL,Nepal,1975,3.91,6.39,3.39,4.35,2.16,3.39,,,,,,,,,,,,,
NPL,Nepal,1980,4.5,4.92,3.5,5.97,4.72,3.46,,,,,,,,,,,,,
NPL,Nepal,1985,4.41,4.83,3.6,6.14,4.14,3.46,,,,,,,,,,,,,
NPL,Nepal,1990,4.5,4.09,3.95,6.21,3.73,4.67,,,,,,,,,,,,,
NPL,Nepal,1995,5.23,6.47,4.25,6.17,4.31,5.04,,,,,,,,,,,,,
NPL,Nepal,1996,,,,,,,50.3,30,10,,86.4,91.3,,55,,67,53.2,30,30
NPL,Nepal,1997,,,,,,,53.6,50,10,,82.9,93.5,,55,,67.7,63,30,30
NPL,Nepal,1998,,,,,,,53.5,50,10,,83,89.6,,55,,67.3,66.6,30,30
NPL,Nepal,1999,,,,,,,53.1,50,10,,83,88.4,,55,,66.9,65,30,30
NPL,Nepal,2000,5.78,6.25,4.1,7.03,6.06,5.49,51.3,50,10,,86.3,88,,55,,64.6,47.8,30,30
NPL,Nepal,2001,6.03,7.5,4.07,6.83,6.06,5.64,51.6,30,10,,84,88,,55,,69.8,67.8,30,30
NPL,Nepal,2002,6.07,7.63,4.35,6.7,6.04,5.62,52.3,30,10,,84,89.2,,55,,78.2,64.2,30,30
NPL,Nepal,2003,6.1,8.17,4.33,6.33,6,5.62,51.5,30,10,,88.8,90.9,,55,,79.4,49.6,30,30
NPL,Nepal,2004,6.19,8.33,4.32,6.59,5.99,5.62,51.2,30,10,,88.9,88.6,,55,,77.3,51.4,30,30
NPL,Nepal,2005,6.15,8.29,4.38,6.15,6.13,5.74,51.4,30,10,,86.6,91.3,,55,47.5,77.2,56.4,30,30
NPL,Nepal,2006,6.14,8.31,4.35,6.35,6.14,5.45,53.7,30,28,,86.6,92.3,,62.4,47.1,77.2,53.8,30,30
NPL,Nepal,2007,6.21,8.3,4.38,6.64,6.1,5.53,54.4,30,25,,86.6,92.8,,60.7,45.8,81.8,61.4,30,30
NPL,Nepal,2008,6.01,7.99,4.39,6.08,6.02,5.49,54.1,30,25,,86.5,92,,60.9,46.3,78.5,61.4,30,30
NPL,Nepal,2009,5.75,7.69,4.34,5.16,6.1,5.41,53.2,30,25,,86.3,91,,60.5,46.9,78.7,63.2,20,30
NPL,Nepal,2010,5.93,7.82,4.34,5.23,5.99,6.24,52.7,35,27,,86.6,92.3,,59.4,44.7,77.8,58.8,15,30
NPL,Nepal,2011,6.02,7.94,4.48,5.29,5.93,6.46,50.1,30,23,,86.4,88.4,,59.2,44.3,73.8,61.4,5,30
NPL,Nepal,2012,6.09,8.2,4.51,5.34,5.96,6.45,50.2,30,22,,86,88.1,,53.6,45.4,74.9,61.5,10,30
NPL,Nepal,2013,6.24,8.66,4.45,5.54,5.98,6.58,50.4,30,22,,85.8,89.2,,57.2,44.3,75.1,60.8,10,30
NPL,Nepal,2014,6.35,8.56,4.54,5.77,6.28,6.6,50.1,30,21.3,,85.9,89.6,,58.5,43.8,76.3,61,5,30
NPL,Nepal,2015,6.36,8.55,4.62,5.76,6.27,6.59,51.3,30,31,,85.6,88.9,,65.7,44.3,70.5,61.8,5,30
NPL,Nepal,2016,6.35,8.46,4.62,5.73,6.16,6.82,50.9,30,29,,85.1,91.1,,64.9,47.3,70.8,55.6,5,30
NPL,Nepal,2017,6.32,7.81,4.55,6.26,6.15,6.83,55.1,37.3,26.7,32,84.9,89.5,98.4,64.6,47.6,72.2,68.1,10,30
NPL,Nepal,2018,6.4,7.8,4.85,6.23,6.34,6.8,54.1,37.5,24.6,36.2,84.2,87.6,98.5,64.6,43.5,65.8,66.6,10,30
NPL,Nepal,2019,6.45,8.11,4.79,6.16,6.31,6.89,53.8,39.2,26.2,34.7,84,83.7,98.5,61.8,47.9,69.4,60.4,10,30
NPL,Nepal,2020,6.28,7.77,4.89,6.16,5.68,6.91,54.2,40.7,31.5,32,83.4,77.9,98.1,61.6,53.7,71.2,60.4,10,30
NPL,Nepal,2021,6.26,7.69,4.9,6.29,5.48,6.96,50.7,38.1,33.8,34.1,83.2,73.2,61.8,61.5,53.6,71.6,57.6,10,30
NPL,Nepal,2022,6.54,7.55,4.92,7.27,6,6.98,49.7,37.4,33.8,34.1,82.6,77.2,51.5,60.2,51.5,70,57.6,10,30
NPL,Nepal,2023,,,,,,,51.4,37.6,43.4,34,85,77.2,58.9,60.1,51.5,71.8,57.8,10,30
NPL,Nepal,2024,,,,,,,52.1,37.7,35.6,43.7,84.3,78.1,68.5,60.5,48.2,70,58.2,10,30
NPL,Nepal,2025,,,,,,,52.5,38.3,39.4,43.3,83.6,79.5,65.8,64.7,48.3,68.2,58.4,10,30
NZL,New Zealand,1970,6.63,5.27,8.54,6.19,5.81,7.35,,,,,,,,,,,,,
NZL,New Zealand,1975,6.47,4.45,8.55,5.73,6.23,7.35,,,,,,,,,,,,,
NZL,New Zealand,1980,6.74,4.45,8.88,5.95,7.12,7.27,,,,,,,,,,,,,
NZL,New Zealand,1985,7.09,5.47,9.15,5.82,7.46,7.48,,,,,,,,,,,,,
NZL,New Zealand,1990,8.28,6.56,9.25,8.19,8.87,8.45,,,,,,,,,,,,,
NZL,New Zealand,1995,8.64,7.49,9.25,9.65,7.87,8.81,,,,,,,,,,,,,
NZL,New Zealand,1996,,,,,,,78.1,90,90,,65.1,48.6,,85,,86,78.6,70,90
NZL,New Zealand,1997,,,,,,,79,90,96,,64.7,53.9,,85,,83.7,78.6,70,90
NZL,New Zealand,1998,,,,,,,79.2,90,94,,64.6,55.8,,85,,84.7,78.6,70,90
NZL,New Zealand,1999,,,,,,,81.7,90,92,,66,58,,85,,86.8,77.4,90,90
NZL,New Zealand,2000,8.81,6.87,9.11,9.61,9.43,8.93,80.9,90,94,,65.8,47.1,,85,,87.6,78.6,90,90
NZL,New Zealand,2001,8.7,6.82,9.08,9.55,9.31,8.63,81.1,90,94,,62.5,49.6,,85,,91.2,78,90,90
NZL,New Zealand,2002,8.74,6.87,9.1,9.53,9.34,8.76,80.7,90,94,,62.5,49.6,,85,,86.5,78.4,90,90
NZL,New Zealand,2003,8.75,6.89,9.11,9.58,9.31,8.78,81.1,90,94,,62.4,53,,85,,85.3,80.4,90,90
NZL,New Zealand,2004,8.73,6.83,9.1,9.55,9.23,8.86,81.5,90,95,,62.8,55.8,,85,,84.7,80.2,90,90
NZL,New Zealand,2005,8.68,6.85,9.15,9.47,8.97,8.92,82.3,90,95,,61.7,55.3,,85,91.1,85.8,79.4,90,90
NZL,New Zealand,2006,8.61,6.78,9.01,9.35,9.09,8.79,82,90,96,,61.7,54.8,,99.9,92.8,85.6,79.2,70,90
NZL,New Zealand,2007,8.65,6.79,9.17,9.34,9.1,8.83,81.4,90,96,,61.4,56.5,,99.9,92.1,84.6,84,70,80
NZL,New Zealand,2008,8.6,6.65,9.21,9.18,9.13,8.83,80.7,90,96,,60.5,56,,99.9,90.6,83.7,80.8,70,80
NZL,New Zealand,2009,8.56,6.28,9.16,9.36,9.12,8.85,82,95,94,,62.5,49.6,,99.9,89.6,84.6,84.6,80,80
NZL,New Zealand,2010,8.51,6.25,9.17,9.24,9.03,8.85,82.1,95,93,,63.6,51.3,,99.9,88.8,83.1,86,80,80
NZL,New Zealand,2011,8.58,6.9,9.2,9.1,9.02,8.66,82.3,95,94,,64.7,49.3,,99.9,89.2,84.8,86.6,80,80
NZL,New Zealand,2012,8.67,6.93,9.19,9.4,8.96,8.88,82.1,95,93,,71.6,45,,99.9,89.9,85.2,86.8,75,80
NZL,New Zealand,2013,8.71,7,9.2,9.52,8.93,8.9,81.4,95,95,,71.5,33.2,,99.9,89.5,83.3,86.8,80,80
NZL,New Zealand,2014,8.82,7.04,9.21,9.48,9.12,9.22,81.2,95,94,,71.2,32.3,,96.1,90.2,86.3,86.8,80,80
NZL,New Zealand,2015,8.83,7.08,9.23,9.56,9.02,9.28,82.1,95,91,,70.4,43,,95.5,91.4,87.6,86.8,80,80
NZL,New Zealand,2016,8.84,7.16,9.23,9.47,9.05,9.31,81.6,95,91,,71,46,,91.4,85.9,88.1,87.2,80,80
NZL,New Zealand,2017,8.78,7.05,9.18,9.44,8.95,9.28,83.7,96.1,89.9,88.5,70.8,46.5,97.8,91.8,86.2,90.1,87.4,80,80
NZL,New Zealand,2018,8.74,7.04,9.11,9.44,8.96,9.17,84.2,95.1,95.7,88.4,70.5,49.5,98.3,91.5,84.4,90,87.4,80,80
NZL,New Zealand,2019,8.74,7,9.1,9.49,8.96,9.13,84.4,95,96.7,83.5,71,50.4,98.6,91,86.7,87.5,92.4,80,80
NZL,New Zealand,2020,8.49,6.47,9.15,9.42,8.56,8.87,84.1,93.3,93.9,79.1,71,57.8,98.3,90.4,86.7,87,92.2,80,80
NZL,New Zealand,2021,8.43,6.46,9.09,9.16,8.53,8.94,83.9,91.3,95.3,80.5,70.6,58.1,98.2,89.9,86.3,86.9,90.2,80,80
NZL,New Zealand,2022,8.39,6.39,9,8.83,8.94,8.78,80.6,88.2,97.5,95.9,70.8,53.5,88.3,81.3,70.5,81.8,90,70,80
NZL,New Zealand,2023,,,,,,,78.9,87.8,94.7,96.8,66.6,49.7,72.2,88.8,71.5,78.7,90.4,70,80
NZL,New Zealand,2024,,,,,,,77.8,87.4,95.9,93.2,65.5,46.3,72.4,88.3,70.3,74.6,89.8,70,80
NZL,New Zealand,2025,,,,,,,78.1,87.5,91.3,93.9,65.4,47.8,77.7,88.7,69.7,74.6,90.4,70,80
OMN,Oman,1970,,4.67,3.59,10,,,,,,,,,,,,,,,
OMN,Oman,1975,5.73,4.85,3.63,8.14,,6.1,,,,,,,,,,,,,
OMN,Oman,1980,5.41,4.83,3.82,5.11,,7.14,,,,,,,,,,,,,
OMN,Oman,1985,6.45,4.77,3.9,9.11,7.32,7.13,,,,,,,,,,,,,
OMN,Oman,1990,6.29,4.78,4.08,7.75,7.4,7.42,,,,,,,,,,,,,
OMN,Oman,1995,6.46,5.1,4.93,9.2,7.19,6.02,70.2,70,70,,75,52.7,,85,,85.7,73,50,70
OMN,Oman,1996,,,,,,,65.4,70,70,,75,49.3,,85,,86.7,73,50,30
OMN,Oman,1997,,,,,,,64.5,70,70,,75,46.3,,85,,81.7,73,50,30
OMN,Oman,1998,,,,,,,64.9,70,70,,74.9,42.2,,85,,82.9,79,50,30
OMN,Oman,1999,,,,,,,64.9,70,70,,90.9,56,,70,,87.9,79,30,30
OMN,Oman,2000,6.75,5.19,5.1,8.12,8,7.24,64.1,50,70,,93.7,67.3,,70,,85.2,81,30,30
OMN,Oman,2001,6.77,5.14,4.93,8.47,7.99,7.24,67.7,50,70,,98.5,67.3,,70,,94,79.4,30,50
OMN,Oman,2002,6.85,5.41,4.93,8.49,7.93,7.37,64,50,70,,98.5,47.1,,70,,84.7,75.4,30,50
OMN,Oman,2003,6.94,5.33,4.94,8.85,8.11,7.37,64.6,50,70,,98.5,33.7,,70,,83.8,75.6,50,50
OMN,Oman,2004,6.85,4.96,4.94,8.87,8.12,7.29,66.9,50,70,,98.5,58.3,,70,,79.2,76,50,50
OMN,Oman,2005,6.72,4.89,4.93,8.76,7.76,7.19,66.5,50,63,,98.5,57.6,,70,73.8,80.4,71.6,50,50
OMN,Oman,2006,6.75,5.25,4.93,8.67,7.75,7.08,63.7,50,61,,98.5,56.5,,57,74.8,81.5,57.8,50,50
OMN,Oman,2007,6.83,5.47,5.18,8.27,7.87,7.29,65.8,50,63,,98.5,52,,56.6,76.2,77.5,83.8,50,50
OMN,Oman,2008,6.6,5.83,5.21,7.05,7.95,6.88,67.3,50,54,,98.5,60.7,,55.8,75.4,74.7,83.6,60,60
OMN,Oman,2009,6.6,5.25,5.21,6.9,8.05,7.53,67,50,47,,98.5,61.1,,63.3,75,71.4,83.6,60,60
OMN,Oman,2010,6.58,5.07,5.2,7.06,8.05,7.47,67.7,50,55,,98.5,57.4,,66.9,86.4,64.8,83.4,55,60
OMN,Oman,2011,6.47,4.68,5.18,7.02,8.07,7.37,69.8,50,55,,98.5,68.1,,69.4,89.1,69.5,83.6,55,60
OMN,Oman,2012,6.64,4.66,5.21,7.39,8.23,7.63,67.9,50,53,,98.4,53.6,,68.2,85.1,72.1,83.7,55,60
OMN,Oman,2013,6.7,4.6,5.13,7.98,8.21,7.55,68.1,50,48,,98.5,69.1,,68.1,80.9,72.7,78.7,55,60
OMN,Oman,2014,6.6,4.6,5.07,8.72,7.99,6.6,67.4,50,48.2,,98.5,56,,68.3,75.5,73.6,78.7,65,60
OMN,Oman,2015,6.49,4.6,5.17,8.38,7.75,6.57,66.7,55,47,,98.5,44.2,,68.4,76.1,76.2,76.8,65,60
OMN,Oman,2016,6.55,4.6,5.11,8.72,7.81,6.49,67.1,55,45,,98.5,36.8,,70.1,72.5,77.9,85,70,60
OMN,Oman,2017,6.61,5.04,5.15,8.64,7.78,6.45,62.1,60.8,47.6,52.3,98.5,20.5,36.3,68.4,70.3,80.6,85.2,65,60
OMN,Oman,2018,6.57,4.7,5.14,8.52,7.89,6.59,61,59.5,51.5,57.4,98.5,25,17.7,76.3,55.2,79.2,86.2,65,60
OMN,Oman,2019,6.52,4.71,5.14,8.61,7.45,6.67,61,58.1,53.8,51.6,97.8,32.5,16.1,75.2,57.3,77.7,87,65,60
OMN,Oman,2020,6.52,4.77,5.16,8.7,7.42,6.57,63.6,66.4,64.6,66.2,98.4,36.2,14.8,74.6,56.9,78.4,81.6,65,60
OMN,Oman,2021,6.54,4.99,5.36,8.58,7.47,6.29,64.6,68.7,66,66.3,97.7,39.2,12.2,79.2,61,85.8,73.6,65,60
OMN,Oman,2022,6.4,4.82,5.36,8.08,7.47,6.25,56.6,74.9,53.3,27.1,97.7,32.8,6.9,58.1,45.7,84.7,73.4,65,60
OMN,Oman,2023,,,,,,,58.5,75.2,26.1,49.2,97.6,50.7,12.1,61.8,45.7,82.9,76.2,65,60
OMN,Oman,2024,,,,,,,62.9,72.7,42.2,24.2,97.6,59.4,73.8,65.5,53.3,80.3,76.2,60,50
OMN,Oman,2025,,,,,,,65.4,74.5,42.3,25.5,97.6,70.8,63.2,68.1,52.2,82.5,78.2,70,60
PAK,Pakistan,1970,4.82,6.15,3.3,6.98,0.61,6.72,,,,,,,,,,,,,
PAK,Pakistan,1975,3.89,4.33,3.06,5.18,3.81,3.26,,,,,,,,,,,,,
PAK,Pakistan,1980,4.47,5.09,3.25,6.4,2.91,4.65,,,,,,,,,,,,,
PAK,Pakistan,1985,4.94,4.85,3.46,6.73,5.03,5.01,,,,,,,,,,,,,
PAK,Pakistan,1990,4.89,4.94,3.02,8.03,4.08,4.33,,,,,,,,,,,,,
PAK,Pakistan,1995,5.17,5.59,3.24,7.33,6.03,4.07,57.6,70,10,,59.1,82.1,,55,,69.9,32.4,70,70
PAK,Pakistan,1996,,,,,,,58.4,70,30,,65,66.3,,55,,68.5,31,70,70
PAK,Pakistan,1997,,,,,,,56,70,23,,67.5,71.2,,55,,68,30,70,50
PAK,Pakistan,1998,,,,,,,53.2,50,10,,67.4,72.6,,55,,69,35,70,50
PAK,Pakistan,1999,,,,,,,53,30,25,,78.5,70.6,,55,,68.8,29,70,50
PAK,Pakistan,2000,5.05,7.05,2.91,6.03,4.45,4.84,56.4,30,27,,82.1,78.1,,55,,72.3,43,70,50
PAK,Pakistan,2001,5.23,7.07,2.92,6.17,4.97,5.05,56,30,22,,82,90.3,,55,,75.5,49.4,50,50
PAK,Pakistan,2002,5.55,7.52,2.97,5.97,5.92,5.37,55.8,30,22,,73.8,85.5,,55,,76.6,59,50,50
PAK,Pakistan,2003,5.51,7.68,2.92,5.85,5.74,5.39,55,30,23,,65.8,83.9,,70,,78.1,44.2,50,50
PAK,Pakistan,2004,5.41,7.69,3.01,5.35,5.55,5.49,54.9,30,26,,68.2,86.3,,70,,78.4,55.6,50,30
PAK,Pakistan,2005,5.63,7.88,3.11,5.84,6.02,5.3,53.3,30,25,,69.7,89.7,,70,59.6,74,54.6,30,30
PAK,Pakistan,2006,5.64,7.73,3.28,5.54,6.14,5.49,57.9,30,21,,71.4,89.5,,72.2,58.6,77.2,59,50,50
PAK,Pakistan,2007,5.65,7.66,3.15,5.69,6.23,5.5,57.2,30,21,,73,92.3,,71.6,57.4,72.6,63.6,50,40
PAK,Pakistan,2008,5.35,7.89,3.12,4.35,6.26,5.12,55.6,30,22,,79.1,90.1,,70.8,56.4,72.2,65.2,40,30
PAK,Pakistan,2009,5.61,8.29,3.14,4.83,6.37,5.4,57,30,24,,80.4,90.7,,72.5,54.5,72.2,65.6,40,40
PAK,Pakistan,2010,5.68,8.44,3.4,4.89,5.84,5.84,55.2,30,25,,80.5,88.8,,71.7,49.8,69.4,67,30,40
PAK,Pakistan,2011,5.82,8.32,3.36,5.38,6.3,5.75,55.1,30,24,,80.5,88.8,,70.9,46.3,63.6,67,40,40
PAK,Pakistan,2012,5.86,8.47,3.34,5.52,6.32,5.62,54.7,30,23,,80.6,88.1,,70,47.8,66.3,66,35,40
PAK,Pakistan,2013,5.92,8.62,3.34,5.57,6.34,5.7,55.1,30,25,,80.5,89,,70.7,47.9,67,66,35,40
PAK,Pakistan,2014,5.72,8.18,3.33,5.8,5.73,5.58,55.2,30,22.7,,80.6,88.3,,69.4,47.3,68.5,64.8,40,40
PAK,Pakistan,2015,5.8,8.18,3.21,6.23,5.8,5.58,55.6,30,28,,77.7,86.1,,65.6,42.1,71.2,65.6,50,40
PAK,Pakistan,2016,5.86,8.24,3.25,6.38,5.83,5.57,55.9,30,29,,79,86.2,,61.2,42.1,71.5,65,55,40
PAK,Pakistan,2017,5.86,8.11,3.38,6.43,5.84,5.54,52.8,36.4,30.5,34.1,78.9,87.3,30.8,61.2,37.8,74.8,67.2,55,40
PAK,Pakistan,2018,5.92,8,3.47,6.41,5.95,5.78,54.4,36,27.3,34,78.5,88.2,54,55.3,40.6,77.7,65.9,55,40
PAK,Pakistan,2019,5.83,8.26,3.46,5.78,5.95,5.7,55,41.5,30.6,40.2,80.5,87.6,49.2,56.1,41.8,72.6,64.8,55,40
PAK,Pakistan,2020,5.83,8.13,3.63,5.7,5.91,5.78,54.8,48.3,29.7,43.2,80.4,86.8,40.4,54.9,41.3,72.5,64.8,55,40
PAK,Pakistan,2021,5.85,8.12,3.63,5.79,5.91,5.8,51.7,44.9,31.2,40.7,73.8,86,7.4,60.5,41.2,69.7,64.6,60,40
PAK,Pakistan,2022,5.62,8.04,3.63,4.72,5.97,5.72,48.8,29,27.4,28.5,78,85.1,4.8,49.5,51.6,65.9,65.8,60,40
PAK,Pakistan,2023,,,,,,,49.4,29,29.6,26.8,78.3,88.9,11.4,45.9,51.6,65.8,65.8,60,40
PAK,Pakistan,2024,,,,,,,49.5,29.3,24.9,30.5,78.3,88.5,10.7,48.3,52.2,63.8,67.6,60,40
PAK,Pakistan,2025,,,,,,,49.1,29.2,28.4,28.9,78.3,88.9,8.1,51.5,51.8,54.5,69.8,60,40
PAN,Panama,1970,6.23,5.93,3.84,9.71,6.72,4.92,,,,,,,,,,,,,
PAN,Panama,1975,5.84,4.62,3.84,8.61,6.98,4.92,,,,,,,,,,,,,
PAN,Panama,1980,5.42,4.7,3.83,6.57,7,4.63,,,,,,,,,,,,,
PAN,Panama,1985,6.14,5.78,3.8,9.62,6.82,4.59,,,,,,,,,,,,,
PAN,Panama,1990,6.98,6.45,4.98,9.77,7.22,6.43,,,,,,,,,,,,,
PAN,Panama,1995,7.49,7.82,5.27,9.22,8.09,6.93,71.6,50,50,,77.5,84,,70,,88.7,64.4,70,90
PAN,Panama,1996,,,,,,,71.8,50,50,,77.6,85.2,,70,,88.2,65,70,90
PAN,Panama,1997,,,,,,,72.4,50,50,,80.8,87.1,,70,,88.8,65,70,90
PAN,Panama,1998,,,,,,,72.6,50,50,,80.7,87.3,,70,,88.1,67.6,70,90
PAN,Panama,1999,,,,,,,72.6,50,50,,80.9,86.8,,70,,87.9,67.6,70,90
PAN,Panama,2000,7.62,7.83,5.59,9.38,8.2,7.01,71.6,50,50,,77.7,78.1,,70,,89.2,69,70,90
PAN,Panama,2001,7.71,8.06,5.61,9.52,8.42,6.87,70.6,50,50,,81,74.8,,70,,88.3,61,70,90
PAN,Panama,2002,7.7,8.04,5.6,9.6,8.4,6.79,68.5,30,50,,80.9,76.5,,70,,87.8,61,70,90
PAN,Panama,2003,7.76,8.11,5.6,9.81,8.44,6.75,68.4,30,37,,81.1,78.3,,70,,89.9,69.4,70,90
PAN,Panama,2004,7.78,8.21,5.58,9.8,8.59,6.65,65.3,30,30,,81.2,76.5,,70,,89.1,70.8,70,70
PAN,Panama,2005,7.7,8.22,5.74,9.6,8.15,6.76,64.3,30,34,,81.3,79.4,,70,45.2,89.8,73.6,70,70
PAN,Panama,2006,7.69,8.27,5.64,9.53,8.33,6.63,65.6,30,37,,81.3,88,,73.7,44.2,90.2,71.2,70,70
PAN,Panama,2007,7.64,8.2,5.67,9.17,8.41,6.73,64.6,30,35,,83,89.5,,72.7,43.7,85.8,76.2,70,60
PAN,Panama,2008,7.42,7.93,5.69,8.38,8.39,6.66,64.7,30,31,,83,89.1,,73,44.6,80.2,76.2,70,70
PAN,Panama,2009,7.51,7.72,5.58,9.02,8.51,6.71,64.7,30,32,,82.6,89.8,,74.5,44.1,77.9,76.2,70,70
PAN,Panama,2010,7.51,7.65,5.61,8.92,8.5,6.86,64.8,40,34,,82.6,90,,75.9,41.3,73.2,75.8,65,70
PAN,Panama,2011,7.36,7.42,5.7,8.28,8.46,6.93,64.9,40,34,,82.6,88.6,,75.1,41.1,77.1,75.8,65,70
PAN,Panama,2012,7.41,7.55,5.82,8.29,8.46,6.96,65.2,40,36,,84.6,88.2,,74.4,41.5,77.8,74.8,65,70
PAN,Panama,2013,7.45,7.41,5.81,8.54,8.46,7.03,62.5,30,33,,86.2,77.8,,72.5,40.1,75.9,74.8,65,70
PAN,Panama,2014,7.66,8.01,5.81,8.69,8.8,7.01,63.4,30,34,,84.3,78.7,,73,39.4,75.1,74.2,75,70
PAN,Panama,2015,7.76,8.14,5.86,8.96,8.86,6.97,64.1,30,35,,84.5,78.8,,71.5,41.5,76.4,78.4,75,70
PAN,Panama,2016,7.74,7.8,5.81,9.28,8.86,6.94,64.8,30,37,,84.4,77.9,,74.4,42.9,78.6,77.8,75,70
PAN,Panama,2017,7.75,7.94,5.77,9.32,8.82,6.89,66.3,61.1,40.9,21.5,85.2,83.1,84.9,74.4,43,78.4,77.8,75,70
PAN,Panama,2018,7.75,7.86,5.75,9.38,8.88,6.86,67,60.9,38.8,29.4,85,84.1,86.1,74.4,43.5,79.5,77.8,75,70
PAN,Panama,2019,7.7,7.7,5.75,9.42,8.88,6.78,67.2,60.4,34.1,30.1,85,85.3,91.3,73.6,43.4,79.4,79.2,75,70
PAN,Panama,2020,7.48,7.45,5.79,9.24,8.24,6.68,67.2,58.8,37.2,30,85.3,85.7,91.2,70.8,43.3,79.4,79.2,75,70
PAN,Panama,2021,7.48,7.45,5.79,9.21,8.24,6.68,66.2,54.5,39.4,28.1,85.2,85.2,82.8,72.9,43.7,80.5,77.2,75,70
PAN,Panama,2022,7.62,7.67,5.81,9.08,8.87,6.68,65.4,58.8,38,50.7,85.5,81.9,40.7,67.1,61.5,78.1,77.2,75,70
PAN,Panama,2023,,,,,,,63.8,56.8,51.5,38.7,85.6,81.1,19.1,71.1,61,77.3,78.5,75,70
PAN,Panama,2024,,,,,,,64.1,56.9,37.2,51.2,85.9,82.6,21.1,73.6,61.6,75.1,78.4,75,70
PAN,Panama,2025,,,,,,,65.5,56,37,49.4,86.9,85.2,62.4,73.4,60.7,76.4,78.6,60,60
PER,Peru,1970,4.69,6.87,3.58,5.94,3.52,4.15,,,,,,,,,,,,,
PER,Peru,1975,3.84,5.59,3.59,5.01,1.32,4.21,,,,,,,,,,,,,
PER,Peru,1980,3.75,5.43,3.95,1.06,3.52,4.85,,,,,,,,,,,,,
PER,Peru,1985,3.34,4.91,5.2,0.01,1.33,5.72,,,,,,,,,,,,,
PER,Peru,1990,4.15,7.24,4.58,1.26,3.9,3.88,,,,,,,,,,,,,
PER,Peru,1995,5.95,8.46,3.78,4.84,7.32,5.49,56.9,50,10,,81.1,89.5,,55,,35.9,51,70,70
PER,Peru,1996,,,,,,,62.5,50,30,,81,93.4,,55,,57.9,55,70,70
PER,Peru,1997,,,,,,,63.8,50,30,,80.5,92,,55,,68.5,58.6,70,70
PER,Peru,1998,,,,,,,65,50,30,,80.4,91.4,,55,,72.6,65.2,70,70
PER,Peru,1999,,,,,,,69.2,70,30,,80.2,91.3,,70,,75.5,66,70,70
PER,Peru,2000,7.4,8.27,4.22,8.94,8.88,6.72,68.7,50,45,,80,88,,70,,77.2,67.8,70,70
PER,Peru,2001,7.61,8.3,5.05,9.44,8.78,6.49,69.6,50,46,,80.1,92.3,,70,,81,66.6,70,70
PER,Peru,2002,7.69,8.07,5.17,9.75,8.83,6.63,64.8,30,44,,80.5,91.3,,55,,82.3,60.4,70,70
PER,Peru,2003,7.64,8.11,5.18,9.51,8.82,6.58,64.6,30,41,,81.6,88.8,,55,,84.8,59.8,70,70
PER,Peru,2004,7.56,8.25,5.21,9.37,8.38,6.6,64.7,30,40,,81.5,87.5,,55,,88.8,59.8,70,70
PER,Peru,2005,7.55,8.19,5.32,9.59,8.25,6.4,61.3,30,37,,82.3,76,,55,45.9,86.6,59.8,70,70
PER,Peru,2006,7.56,8.2,5.33,9.43,8.49,6.35,60.5,30,35,,80.3,75.6,,65.6,47,84,67.2,50,70
PER,Peru,2007,7.58,8.24,5.29,9.26,8.71,6.39,62.7,40,35,,80.2,91.4,,65.2,46.6,85.7,72.6,50,60
PER,Peru,2008,7.55,8.21,5.39,8.65,8.86,6.62,63.8,40,33,,80.2,91.8,,65.7,47.5,85.9,73.4,60,60
PER,Peru,2009,7.53,7.77,5.45,8.93,9.03,6.48,64.6,40,35,,79.7,91.8,,65.1,48.7,86.5,79.4,60,60
PER,Peru,2010,7.62,7.79,5.4,9.02,8.78,7.09,67.6,40,36,,79.5,92.3,,65.8,66.1,81.6,85,70,60
PER,Peru,2011,7.61,8.08,5.36,8.89,8.78,6.92,68.6,40,37,,79.4,91,,71.9,67.7,83.1,86,70,60
PER,Peru,2012,7.61,8.03,5.33,8.99,8.74,6.95,68.7,40,35,,79.7,90.9,,72,68.5,85.5,85,70,60
PER,Peru,2013,7.61,7.86,5.3,9.13,8.79,6.99,68.2,40,34,,79.9,89.1,,72.3,67.1,84.3,85,70,60
PER,Peru,2014,7.55,7.84,5.36,9.06,8.52,6.96,67.4,40,34,,79.1,89.1,,70.6,61.4,83.3,87,70,60
PER,Peru,2015,7.66,7.72,5.42,9.17,8.65,7.33,67.7,40,38,,78.6,88.5,,67.7,63.4,83.9,87,70,60
PER,Peru,2016,7.63,7.64,5.39,9.3,8.65,7.15,67.4,40,38,,78.5,86.1,,67.8,62.9,83.7,87,70,60
PER,Peru,2017,7.68,7.7,5.39,9.39,8.73,7.19,68.9,58.3,38.8,28.2,80.3,85.1,98.4,69.4,62.8,83.3,87.1,75,60
PER,Peru,2018,7.78,7.66,5.48,9.64,8.82,7.28,68.7,56.9,36.6,33.5,80.6,85.6,94.7,69.2,62.4,83.1,87.1,75,60
PER,Peru,2019,7.76,7.72,5.5,9.52,8.83,7.25,67.8,56.1,31.8,34,80.6,86.1,88.5,67.8,63.5,83.9,86.4,75,60
PER,Peru,2020,7.53,7.52,5.54,9.43,8.2,6.95,67.9,54.9,33.5,30.6,80.8,86.4,89,67.1,62.9,86.3,88.4,75,60
PER,Peru,2021,7.43,7.64,5.23,8.92,8.19,7.15,67.7,53.3,36.3,28.2,79.4,86.4,91.5,66.2,63.2,86.1,86.4,75,60
PER,Peru,2022,7.41,7.71,5.14,8.52,8.48,7.21,66.5,49.7,39.7,49.7,79.5,84.2,73.1,65.3,59.6,81.4,81.4,75,60
PER,Peru,2023,,,,,,,66.5,51.4,48.2,38.5,80,83.3,70.8,72.8,58.3,78.5,81.2,75,60
PER,Peru,2024,,,,,,,64.8,44.9,36.3,48.2,79.1,81.8,67.8,69.5,59.3,74,81.4,75,60
PER,Peru,2025,,,,,,,65.9,44.9,34,47.3,79.4,83.9,89.8,70.6,65.1,73.9,81.6,60,60
PHL,Philippines,1970,4.91,7.52,4.05,6.75,2.17,4.49,,,,,,,,,,,,,
PHL,Philippines,1975,4.46,7.02,2.8,5.7,3.45,3.41,,,,,,,,,,,,,
PHL,Philippines,1980,4.84,6.52,2.78,5.93,5.05,3.98,,,,,,,,,,,,,
PHL,Philippines,1985,4.43,6.52,2.6,4.1,5.61,3.37,,,,,,,,,,,,,
PHL,Philippines,1990,5.74,7.98,3.54,5.74,5.26,6.12,,,,,,,,,,,,,
PHL,Philippines,1995,6.81,8.44,4.34,8.53,6.35,6.42,55,50,10,,73.2,88.4,,55,,76.7,42,50,50
PHL,Philippines,1996,,,,,,,60.2,70,30,,73.2,89.4,,55,,77,47,50,50
PHL,Philippines,1997,,,,,,,62.2,70,28,,73.1,87.9,,70,,78.1,53.2,50,50
PHL,Philippines,1998,,,,,,,62.8,70,27,,73,88.9,,70,,77.8,59,50,50
PHL,Philippines,1999,,,,,,,61.9,70,31,,73.5,90.6,,55,,79.3,58.4,50,50
PHL,Philippines,2000,6.89,7.58,4.47,9.03,6.68,6.69,62.5,70,33,,74.2,89.2,,55,,76.8,64.6,50,50
PHL,Philippines,2001,6.84,8.15,4.26,8.87,6.72,6.19,60.9,50,36,,77.3,88,,55,,73.6,68.4,50,50
PHL,Philippines,2002,6.98,8.27,4.22,9.21,6.79,6.43,60.7,50,28,,77.4,88,,55,,75.9,71.6,50,50
PHL,Philippines,2003,7.01,8.4,4.22,9.34,6.72,6.38,61.3,50,29,,77.6,88.6,,55,,74.5,77.4,50,50
PHL,Philippines,2004,6.82,8.47,4.2,7.87,7.19,6.38,59.1,30,26,,77.7,88.8,,55,,77.3,77,50,50
PHL,Philippines,2005,6.85,8.66,4.38,7.72,7,6.51,54.7,30,25,,78,88.5,,55,53.4,77.9,79.4,30,30
PHL,Philippines,2006,6.81,8.66,4.43,7.68,6.98,6.3,56.3,30,26,,75.9,88.9,,53.9,53.1,75.7,79.8,30,50
PHL,Philippines,2007,6.84,8.6,4.35,7.99,6.92,6.33,56,30,25,,76,89.5,,53.4,52.6,73.4,79.8,30,50
PHL,Philippines,2008,6.66,8.55,4.31,7.28,6.86,6.31,56,30,25,,75.8,90.2,,53.1,52.9,73.8,78.8,30,50
PHL,Philippines,2009,6.72,8.34,4.27,7.85,6.9,6.22,56.8,30,25,,75.4,90.8,,49.3,51.4,77.2,78.6,40,50
PHL,Philippines,2010,7.07,8.45,4.19,9.04,6.84,6.82,56.3,30,23,,78.8,91.2,,48.1,51.9,72.7,77.8,40,50
PHL,Philippines,2011,7.16,8.6,4.3,9.14,6.88,6.9,56.2,30,24,,78.8,91,,43.4,50.7,76.3,77.8,40,50
PHL,Philippines,2012,7.25,8.56,4.64,9.3,6.85,6.87,57.1,30,24,,79.1,89.7,,54.3,51.7,77.1,75.5,40,50
PHL,Philippines,2013,7.26,8.49,4.69,9.26,6.87,6.97,58.2,30,26,,79.3,90.2,,53.1,51,76.6,75.5,50,50
PHL,Philippines,2014,7.28,8.51,4.68,9.12,7.15,6.93,60.1,30,26.1,,79.2,92.3,,59.9,49.7,78,75.5,60,50
PHL,Philippines,2015,7.33,8.57,4.65,9.34,7.18,6.89,62.2,30,36,,79.1,89.3,,55.3,58.2,78.8,75.4,60,60
PHL,Philippines,2016,7.24,8.33,4.61,9.26,7.19,6.79,63.1,30,38,,79,89.6,,63,57.1,77.7,76.4,60,60
PHL,Philippines,2017,7.17,8.34,4.42,9.1,7.22,6.77,65.6,49.2,38.7,37.1,78.9,89.4,97.2,62.6,57.2,80.6,76.4,60,60
PHL,Philippines,2018,7.1,8.2,4.34,9.05,7.2,6.73,65,45,34.4,38.2,78.9,89.3,97.7,62.6,57.6,76.3,80.7,60,60
PHL,Philippines,2019,7.18,8.15,4.44,9.38,7.19,6.73,63.8,48.7,30.9,36.4,76.9,88.7,97.1,61.3,57.9,69.6,78.2,60,60
PHL,Philippines,2020,6.96,7.81,4.48,9.33,6.56,6.59,64.5,54.6,38.7,34.2,76.7,87.9,96.3,59.5,57.4,66.9,81.6,60,60
PHL,Philippines,2021,6.93,7.91,4.49,9.26,6.53,6.46,64.1,57,40.6,34.5,76.8,87.4,94.3,58.2,57.7,68.7,74.2,60,60
PHL,Philippines,2022,7.01,7.83,4.51,9.04,7.14,6.51,61.1,47.1,34.7,25.6,76.8,84.2,81.8,61.5,58,69.4,73.8,60,60
PHL,Philippines,2023,,,,,,,59.3,46.4,25.8,34.4,78.3,81.3,59.4,66.1,57.5,68.3,74.4,60,60
PHL,Philippines,2024,,,,,,,59,46.1,33.8,42.2,78.2,79.2,40.5,69.7,57.8,65.8,74.4,60,60
PHL,Philippines,2025,,,,,,,60.6,47.4,35.3,42.5,79.1,79.9,47.7,69.1,57.7,69.8,79.2,60,60
PNG,Papua New Guinea,1970,5.9,5.1,4.32,6.77,,7.24,,,,,,,,,,,,,
PNG,Papua New Guinea,1975,5.09,3.05,4.75,6.3,,5.97,,,,,,,,,,,,,
PNG,Papua New Guinea,1980,5.4,4.42,4.76,5.74,,6.15,,,,,,,,,,,,,
PNG,Papua New Guinea,1985,5.9,5.85,4.78,6.4,6.17,6.04,,,,,,,,,,,,,
PNG,Papua New Guinea,1990,6.02,6.44,4.65,6.8,5.84,6.13,,,,,,,,,,,,,
PNG,Papua New Guinea,1995,6.11,8.31,4.41,5.7,6.19,6.2,,,,,,,,,,,,,
PNG,Papua New Guinea,1996,,,,,,,58.6,50,50,,81.5,69.3,,70,,81.2,45.8,50,30
PNG,Papua New Guinea,1997,,,,,,,56.7,50,50,,81.5,74.2,,70,,67.9,36.6,50,30
PNG,Papua New Guinea,1998,,,,,,,55.2,50,50,,81.5,75.1,,55,,67.9,37,50,30
PNG,Papua New Guinea,1999,,,,,,,56.3,50,50,,81.5,79.2,,55,,73.3,37.4,50,30
PNG,Papua New Guinea,2000,5.57,6.11,4,5.52,5.73,6.47,55.8,50,50,,81.5,73.5,,55,,69,43.2,50,30
PNG,Papua New Guinea,2001,5.69,6.21,3.98,6.07,5.64,6.47,57.2,50,50,,52.9,73.5,,55,,87.9,45.2,50,50
PNG,Papua New Guinea,2002,5.69,6.53,3.85,5.69,5.94,6.37,,,,,,,,,,,,,
PNG,Papua New Guinea,2003,5.61,6.21,3.91,5.58,5.94,6.38,,,,,,,,,,,,,
PNG,Papua New Guinea,2004,5.82,6.25,3.99,6.53,5.94,6.38,,,,,,,,,,,,,
PNG,Papua New Guinea,2005,6.2,6.57,4.05,7.42,6.22,6.74,,,,,,,,,,,,,
PNG,Papua New Guinea,2006,6.17,6.61,4.29,7.02,6.23,6.73,,,,,,,,,,,,,
PNG,Papua New Guinea,2007,6.24,6.4,4.29,6.99,6.78,6.75,,,,,,,,,,,,,
PNG,Papua New Guinea,2008,6.15,6.88,4.28,5.89,6.98,6.73,,,,,,,,,,,,,
PNG,Papua New Guinea,2009,6.23,6.95,4.28,6.13,6.97,6.79,54.8,20,20,,67.4,71,,60.1,81.1,81.4,87.2,30,30
PNG,Papua New Guinea,2010,6.34,7.04,4.27,6.65,6.94,6.76,53.5,20,20,,65,63.3,,59.1,83.3,72.6,86.2,35,30
PNG,Papua New Guinea,2011,6.38,7.16,4.31,6.71,6.97,6.75,52.6,20,21,,66.3,63.3,,60.2,72.4,72.9,85.4,35,30
PNG,Papua New Guinea,2012,6.5,7.03,4.29,7.54,6.97,6.66,53.8,20,21,,68.3,72.6,,59,74,73.2,84.8,35,30
PNG,Papua New Guinea,2013,6.29,6.21,4.24,7.42,7,6.55,53.6,20,22,,67.4,72.3,,58.3,73.4,72.4,85,35,30
PNG,Papua New Guinea,2014,6.23,5.48,4.28,7.67,7.17,6.53,53.9,20,20.2,,66.7,75.4,,57,73.7,75.5,85.1,35,30
PNG,Papua New Guinea,2015,6.04,5.94,4.29,6.19,7.31,6.39,53.1,20,25,,66.9,68.7,,53.5,74.5,72.7,85,35,30
PNG,Papua New Guinea,2016,6.05,6.2,4.3,6.17,7.23,6.29,53.2,20,25,,67.3,76.2,,59.9,71.9,70.6,85.6,25,30
PNG,Papua New Guinea,2017,6.05,6.08,4.26,6.28,7.24,6.35,50.9,37.7,32.7,54,67.8,64.5,16.7,59.8,67.4,69.8,85.4,25,30
PNG,Papua New Guinea,2018,6.03,6.04,4.26,6.28,7.39,6.16,55.7,38,33.1,55.1,71.1,82,51.9,60.6,66.7,68.8,85.9,25,30
PNG,Papua New Guinea,2019,6.15,6.09,4.28,6.48,7.54,6.37,58.4,37.4,37.2,49,71.8,89.1,75.2,62.2,72.6,70,80.9,25,30
PNG,Papua New Guinea,2020,6.1,5.92,4.33,6.65,6.98,6.61,58.4,54.9,29.7,48.4,71.5,86.4,76.4,58.4,69.6,70.7,79.8,25,30
PNG,Papua New Guinea,2021,6.04,5.93,4.36,6.53,6.96,6.44,58.9,46.1,32.7,50.8,71.5,88,82,57.4,70.2,72.1,80.4,25,30
PNG,Papua New Guinea,2022,6.02,5.72,4.45,6.29,7.34,6.27,54.6,42.7,26.2,44.2,72,86,64.1,47.9,65.1,71.4,80.4,25,30
PNG,Papua New Guinea,2023,,,,,,,51.7,43.6,44.1,32,72,86,26.4,46.7,65.2,71.5,77.7,25,30
PNG,Papua New Guinea,2024,,,,,,,49.4,42.9,28.7,43.6,71.9,84.8,17.2,34.9,64.9,70.8,77.8,25,30
PNG,Papua New Guinea,2025,,,,,,,52.5,44.7,28.5,44.2,72.1,85.5,46.7,35.5,64.6,73.6,79.8,25,30
POL,Poland,1970,,,4.04,,,2.31,,,,,,,,,,,,,
POL,Poland,1975,4.09,3.9,4.04,8.01,,2.31,,,,,,,,,,,,,
POL,Poland,1980,4.11,4.29,4.04,7.57,,2.31,,,,,,,,,,,,,
POL,Poland,1985,3.65,4.19,4.08,4.03,2.15,3.5,,,,,,,,,,,,,
POL,Poland,1990,4.51,3.71,5.84,3.41,5.57,4.03,,,,,,,,,,,,,
POL,Poland,1995,5.9,3.74,6.39,6.9,8.15,4.7,50.7,50,50,,51,9.6,,70,,48.7,57,70,50
POL,Poland,1996,,,,,,,57.8,70,70,,48,32.6,,70,,52.4,57,70,50
POL,Poland,1997,,,,,,,56.8,70,70,,49.5,26.8,,70,,55.2,49.6,70,50
POL,Poland,1998,,,,,,,59.2,70,56,,51.6,33.2,,70,,59.6,73,70,50
POL,Poland,1999,,,,,,,59.6,70,51,,53.2,36,,70,,63.6,73,70,50
POL,Poland,2000,6.51,5.42,6.25,6.63,7.43,6.89,60,70,46,,58.1,33.7,,70,,66.9,74.8,70,50
POL,Poland,2001,6.55,5.42,6.11,7.29,7.28,6.7,61.8,70,42,,61.3,44.5,,70,,70.9,77.6,70,50
POL,Poland,2002,6.82,5.59,6.14,7.96,7.73,6.76,65,70,41,,65.3,49.6,,70,,70.4,78.8,70,70
POL,Poland,2003,6.81,5.56,5.99,8.28,7.63,6.66,61.8,70,41,,65.6,46.1,,70,,73.5,70.2,50,70
POL,Poland,2004,6.85,5.59,6.12,8.11,7.69,6.79,58.7,50,40,,64.9,35.1,,70,,78.1,70.4,50,70
POL,Poland,2005,6.85,5.51,6.16,8.35,7.37,6.9,59.6,50,36,,68.3,30.3,,70,60,82.3,79.2,50,70
POL,Poland,2006,6.85,5.44,6.37,8.3,7.54,6.64,59.3,50,35,,68.7,39.5,,56.5,61.2,79.6,82.4,50,70
POL,Poland,2007,6.82,5.58,6.22,8,7.65,6.72,58.1,50,34,,68.6,44.8,,55.3,61.4,80.3,86.6,50,50
POL,Poland,2008,6.83,5.79,6.33,7.71,7.68,6.7,60.3,50,37,,68.6,43.5,,54.2,61.3,82.3,86,60,60
POL,Poland,2009,6.84,5.61,6.53,7.72,7.7,6.71,60.3,50,42,,69,42.2,,53.7,59.8,80.8,85.8,60,60
POL,Poland,2010,6.93,5.42,6.53,7.88,7.77,7.08,63.2,55,46,,74.9,46.8,,62.2,61.5,78.1,87.5,60,60
POL,Poland,2011,6.97,5.41,6.72,7.81,7.7,7.18,64.1,60,50,,74,43.8,,61.4,61.2,78.1,87.6,65,60
POL,Poland,2012,7.22,6.29,6.72,7.95,7.7,7.44,64.2,60,53,,74.4,40.3,,61.4,61.3,79.1,87.1,65,60
POL,Poland,2013,7.27,6.27,6.72,8.28,7.8,7.27,66,60,55,,76,43,,64,62.9,77.7,86.8,65,70
POL,Poland,2014,7.41,6.26,6.75,8.38,8.21,7.46,67,60,54.8,,76.1,43.2,,70.1,60.4,77.8,87.8,70,70
POL,Poland,2015,7.41,6.33,6.65,8.28,8.31,7.46,68.6,60,60,,82.1,47.1,,67.3,60.4,81.3,88,70,70
POL,Poland,2016,7.32,6.22,6.49,8.39,8.29,7.22,69.3,65,61,,75.5,46.5,,68.7,58,85.2,88,75,70
POL,Poland,2017,7.31,6,6.78,8.26,8.36,7.15,68.3,60.8,55.5,58,76,46.9,76.1,67.8,61.5,84.7,87,75,70
POL,Poland,2018,7.2,5.79,6.4,8.26,8.33,7.25,68.5,61.8,50.9,56.6,75.9,47.8,81.5,67.2,63.9,85,86.9,75,70
POL,Poland,2019,7.27,6.24,6.4,8.19,8.32,7.23,67.8,62.3,49.8,44,74.9,48.8,86.4,65.4,63.9,82.1,86,80,70
POL,Poland,2020,7.03,5.81,6.45,7.93,8.08,6.87,69.1,63.1,64.6,42.8,74.7,48.8,92.2,62.6,62,82,86.4,80,70
POL,Poland,2021,7.07,5.84,6.38,7.75,8.36,7.03,69.7,63.3,65,48.9,73.9,48.1,94.6,61.6,66.1,80.8,84,80,70
POL,Poland,2022,6.85,5.92,6.45,6.62,8.44,6.84,68.7,72.3,60.6,54.7,73.6,41.9,78.3,78.7,55.7,79.1,79.2,80,70
POL,Poland,2023,,,,,,,67.7,72.7,52.7,60.2,73.2,40,78.1,74.8,55.4,76.7,78.6,80,70
POL,Poland,2024,,,,,,,66,72,58.3,52.2,72.6,38.5,67.4,74.6,58,68.9,79.2,80,70
POL,Poland,2025,,,,,,,67.1,72.3,58.4,52.3,73.8,39.7,75.9,77.8,56.8,68.5,79.6,80,70
PRK,Korea North,1995,,,,,,,8.9,10,10,,0,0,,40,,0,0,10,10
PRK,Korea North,1996,,,,,,,8.9,10,10,,0,0,,40,,0,0,10,10
PRK,Korea North,1997,,,,,,,8.9,10,10,,0,0,,40,,0,0,10,10
PRK,Korea North,1998,,,,,,,8.9,10,10,,0,0,,40,,0,0,10,10
PRK,Korea North,1999,,,,,,,8.9,10,10,,0,0,,40,,0,0,10,10
PRK,Korea North,2000,,,,,,,8.9,10,10,,0,0,,40,,0,0,10,10
PRK,Korea North,2001,,,,,,,8.9,10,10,,0,0,,40,,0,0,10,10
PRK,Korea North,2002,,,,,,,8.9,10,10,,0,0,,40,,0,0,10,10
PRK,Korea North,2003,,,,,,,8.9,10,10,,0,0,,40,,0,0,10,10
PRK,Korea North,2004,,,,,,,8.9,10,10,,0,0,,40,,0,0,10,10
PRK,Korea North,2005,,,,,,,8,10,10,,0,0,,40,0,0,0,10,10
PRK,Korea North,2006,,,,,,,4,10,10,,0,0,,0,0,0,0,10,10
PRK,Korea North,2007,,,,,,,3,10,10,,0,0,,0,0,0,0,10,0
PRK,Korea North,2008,,,,,,,3,10,10,,0,0,,0,0,0,0,10,0
PRK,Korea North,2009,,,,,,,2,5,5,,0,0,,0,0,0,0,10,0
PRK,Korea North,2010,,,,,,,1,5,5,,0,0,,0,0,0,0,0,0
PRK,Korea North,2011,,,,,,,1,5,5,,0,0,,0,0,0,0,0,0
PRK,Korea North,2012,,,,,,,1,5,5,,0,0,,0,0,0,0,0,0
PRK,Korea North,2013,,,,,,,1.5,5,10,,0,0,,0,0,0,0,0,0
PRK,Korea North,2014,,,,,,,1,5,5,,0,0,,0,0,0,0,0,0
PRK,Korea North,2015,,,,,,,1.3,5,8,,0,0,,0,0,0,0,0,0
PRK,Korea North,2016,,,,,,,2.3,5,8,,0,0,,5,5,0,0,0,0
PRK,Korea North,2017,,,,,,,4.9,32.4,11.6,5,0,0,0,5,5,0,0,0,0
PRK,Korea North,2018,,,,,,,5.8,29.8,25.2,5,0,0,0,5,5,0,0,0,0
PRK,Korea North,2019,,,,,,,5.9,31.6,24.4,5,0,0,0,5,5,0,0,0,0
PRK,Korea North,2020,,,,,,,4.2,20.1,15.1,5,0,0,0,5,5,0,0,0,0
PRK,Korea North,2021,,,,,,,5.2,27.7,20.2,5,0,0,0,5,5,0,0,0,0
PRK,Korea North,2022,,,,,,,3,16.3,3.8,6.5,0,0,0,5,5,0,0,0,0
PRK,Korea North,2023,,,,,,,2.9,16.6,6.3,1.6,0,0,0,5,5,0,0,0,0
PRK,Korea North,2024,,,,,,,2.9,16,3.6,5.4,0,0,0,5,5,0,0,0,0
PRK,Korea North,2025,,,,,,,3,15.7,4,5.9,0,0,0,5,5,0,0,0,0
PRT,Portugal,1970,5.31,7.05,3.02,7.15,6.39,3.51,,,,,,,,,,,,,
PRT,Portugal,1975,4.55,5.47,4.03,5.94,3.37,3.89,,,,,,,,,,,,,
PRT,Portugal,1980,5.61,5.41,5.76,6.07,6.5,4.31,,,,,,,,,,,,,
PRT,Portugal,1985,5.65,5.22,5.86,5.91,6.7,4.55,,,,,,,,,,,,,
PRT,Portugal,1990,6.35,6.49,6.79,6.4,7.5,4.68,,,,,,,,,,,,,
PRT,Portugal,1995,7.11,6.28,7.11,9.34,7.94,5.06,62.4,70,70,,60.5,36,,70,,77.7,77.8,50,50
PRT,Portugal,1996,,,,,,,64.5,70,70,,61.5,31.5,,70,,79.7,77.8,70,50
PRT,Portugal,1997,,,,,,,63.6,70,56,,61,36.5,,70,,81.4,77.8,70,50
PRT,Portugal,1998,,,,,,,65,70,65,,59.8,39.3,,70,,83.1,77.8,70,50
PRT,Portugal,1999,,,,,,,65.6,70,70,,60.6,37.1,,70,,84.8,77.8,70,50
PRT,Portugal,2000,7.65,6.25,7.22,9.48,9,6.34,65.5,70,65,,60.4,41.9,,70,,84.8,77.8,70,50
PRT,Portugal,2001,7.52,6.15,7.22,9.34,9.04,5.88,66,70,67,,61.6,41.9,,70,,85.2,78,70,50
PRT,Portugal,2002,7.57,6.1,7.21,9.44,8.92,6.23,65.4,70,64,,60.8,39.3,,70,,84.7,79.6,70,50
PRT,Portugal,2003,7.54,6,7.18,9.44,9.03,6.08,64.9,70,63,,61.8,35.7,,70,,82.6,81.4,70,50
PRT,Portugal,2004,7.58,6.06,7.44,9.49,8.69,6.23,64.9,70,63,,62.3,36.2,,70,,82.9,79.8,70,50
PRT,Portugal,2005,7.4,5.95,7.51,9.42,8.33,5.81,62.4,70,66,,61.7,32,,70,41.2,83.2,80.2,70,50
PRT,Portugal,2006,7.49,6.08,7.62,9.25,8.5,5.99,62.9,70,63,,64,29.7,,73.3,42.2,84.4,82.4,70,50
PRT,Portugal,2007,7.49,6.08,7.5,9.32,8.46,6.1,64,70,65,,62.3,35.4,,78.6,41.5,80.4,86.6,70,50
PRT,Portugal,2008,7.44,5.98,7.47,9.38,8.41,6,63.9,70,66,,61.3,32.6,,80.5,43.1,79.4,86,70,50
PRT,Portugal,2009,7.27,5.64,7.44,9.37,8.45,5.46,64.9,70,65,,61.6,35.4,,81.1,40.3,79.9,85.8,70,60
PRT,Portugal,2010,7.33,5.3,7.38,9.31,8.44,6.22,64.4,70,61,,61,37.1,,80.5,37,79.7,87.5,70,60
PRT,Portugal,2011,7.49,5.77,7.35,9.23,8.41,6.71,64,70,58,,61.1,36.2,,80.1,34.7,82.3,87.6,70,60
PRT,Portugal,2012,7.62,6.02,7.36,9.33,8.34,7.04,63,70,60,,59,25.5,,83,32.5,82.6,87.1,70,60
PRT,Portugal,2013,7.69,5.9,7.37,9.59,8.28,7.32,63.1,70,61,,61.6,28.3,,82.8,31,79.4,86.8,70,60
PRT,Portugal,2014,7.72,6.04,7.36,9.63,8.66,6.91,63.5,70,61.1,,60.1,26.8,,84.9,34.6,79.3,87.8,70,60
PRT,Portugal,2015,7.79,6.09,7.39,9.66,8.73,7.07,65.3,70,62,,61.1,28.8,,87.5,42.9,82.8,88,70,60
PRT,Portugal,2016,7.76,6.06,7.44,9.34,8.73,7.21,65.1,70,63,,60.5,24.8,,85.3,43.5,85.7,88,70,60
PRT,Portugal,2017,7.71,6.25,7.39,9.12,8.77,7.03,62.6,73.3,59,68.9,59.8,25.1,32.1,86.4,43.4,85.9,87,70,60
PRT,Portugal,2018,7.74,6.23,7.39,9.18,8.74,7.15,63.4,69.2,56.8,70.1,59.8,29.8,46,83.2,44.1,85.3,86.9,70,60
PRT,Portugal,2019,7.81,6.26,7.39,9.37,8.85,7.17,65.3,71.5,59.5,64.3,59.9,35.6,69.8,79.7,44.3,83,86,70,60
PRT,Portugal,2020,7.53,6.01,7.36,8.9,8.62,6.73,67,75.4,68.9,65.6,59.6,39.8,74.4,76.5,44.1,83,86.4,70,60
PRT,Portugal,2021,7.53,6.02,7.38,9.05,8.32,6.87,67.5,74.1,68.2,68.5,60,42.4,78.2,75.9,44.1,85,84,70,60
PRT,Portugal,2022,7.59,6.2,7.38,8.5,8.92,6.97,70.8,89.9,67.8,92.1,60.4,39.5,72.8,76.2,55.5,86.8,79.2,70,60
PRT,Portugal,2023,,,,,,,69.5,89.9,90.7,67,60.5,34.7,67,76.2,55.1,84.8,78.6,70,60
PRT,Portugal,2024,,,,,,,68.7,89.4,65.5,90.6,59.8,33,65.2,79.3,57.6,75,79.2,70,60
PRT,Portugal,2025,,,,,,,70.5,90.1,63.9,91.3,59.8,40.2,79.7,79.6,57.1,75.1,79.6,70,60
PRY,Paraguay,1970,5.13,8.45,2.15,9.47,3.14,,,,,,,,,,,,,,
PRY,Paraguay,1975,4.74,7.55,2.26,8.21,3.34,,,,,,,,,,,,,,
PRY,Paraguay,1980,5.19,8.49,2.26,7.88,4.36,,,,,,,,,,,,,,
PRY,Paraguay,1985,4.38,7.75,2.3,7.64,2.1,2.79,,,,,,,,,,,,,
PRY,Paraguay,1990,5.18,8.81,3.04,6.27,4.38,3.59,,,,,,,,,,,,,
PRY,Paraguay,1995,6.67,8.85,5.14,8.25,6.1,5.01,65.9,50,10,,90.1,91.5,,70,,63.1,58.4,90,70
PRY,Paraguay,1996,,,,,,,67.1,50,10,,90.1,92.8,,70,,62,69,90,70
PRY,Paraguay,1997,,,,,,,67.3,50,10,,89.9,92.2,,70,,65,69,90,70
PRY,Paraguay,1998,,,,,,,65.2,30,10,,89.5,90,,70,,68.4,69,90,70
PRY,Paraguay,1999,,,,,,,63.7,30,10,,89.7,90.1,,55,,71.8,66.4,90,70
PRY,Paraguay,2000,6.67,8.18,4.17,8.41,7.61,4.96,64,30,15,,89.6,89.2,,55,,69.7,67.6,90,70
PRY,Paraguay,2001,6.76,8.39,4.15,8.29,7.87,5.05,60.3,30,20,,89.7,90.3,,55,,72.1,65.8,70,50
PRY,Paraguay,2002,6.62,8.27,3.89,8.05,7.88,4.98,59.6,30,20,,89.8,92.3,,55,,71.3,58,70,50
PRY,Paraguay,2003,6.6,8.68,3.93,7.49,8.01,4.89,58.2,30,20,,89.8,92.8,,55,,72.5,64,50,50
PRY,Paraguay,2004,6.74,8.67,3.86,8.49,7.79,4.88,56.7,30,17,,90,87.8,,55,,70.4,59.8,50,50
PRY,Paraguay,2005,6.87,8.82,4,8.46,7.51,5.54,53.4,30,16,,90.2,86.9,,55,28.1,67.5,60,50,50
PRY,Paraguay,2006,6.83,8.8,3.95,8.19,7.56,5.68,55.6,30,19,,90.1,90.8,,50,28.9,72.9,74.6,50,50
PRY,Paraguay,2007,6.81,8.81,3.87,8.09,7.53,5.78,58.3,30,21,,96.7,91.4,,49.3,28.5,78.4,77.4,50,60
PRY,Paraguay,2008,6.81,8.88,3.94,7.91,7.5,5.81,60,35,26,,96.6,90.8,,58.5,28,76.6,78.4,50,60
PRY,Paraguay,2009,6.92,8.73,4.04,8.4,7.36,6.06,61,30,24,,96.6,90.4,,61.7,27,76.7,83.6,60,60
PRY,Paraguay,2010,6.98,8.84,4.09,8.19,7.28,6.48,61.3,30,24,,96.6,91.7,,60.9,26.1,75.4,83.5,65,60
PRY,Paraguay,2011,6.95,8.85,4.1,7.84,7.27,6.72,62.3,30,21,,97.6,93.4,,61.7,24.9,80.9,83,70,60
PRY,Paraguay,2012,6.98,8.52,4.06,8.55,7.14,6.64,61.8,30,22,,96.9,88.5,,59.8,27.2,81.4,82.7,70,60
PRY,Paraguay,2013,7.04,8.36,4.02,8.81,7.33,6.66,61.1,30,22,,95.9,85.4,,59.1,25.6,79.8,82.7,70,60
PRY,Paraguay,2014,6.96,8.34,4.08,8.72,7.09,6.54,62,30,20.5,,96.2,89,,58,28.9,80.9,81.1,75,60
PRY,Paraguay,2015,7.03,8.24,4.16,8.88,7.33,6.53,61.1,30,24,,96,81.9,,58.4,26.3,78.3,81.4,75,60
PRY,Paraguay,2016,7.07,8.32,4.12,8.91,7.32,6.68,61.5,30,24,,96.3,83.3,,62.6,30.4,76.8,76.2,75,60
PRY,Paraguay,2017,7.1,8.36,4.14,8.97,7.37,6.65,62.4,38.2,32.6,23.3,96.2,83,95.1,62.4,28.5,78.3,76.6,75,60
PRY,Paraguay,2018,7.16,8.45,4.2,9.07,7.4,6.67,62.1,38.3,28.3,28.2,96.1,82.2,97.1,62.2,29.9,72.4,76.1,75,60
PRY,Paraguay,2019,7.12,8.11,4.2,9.3,7.36,6.61,61.8,39.5,25.5,30,96.3,78.9,96.3,61.5,29.2,72.8,76.6,75,60
PRY,Paraguay,2020,7.01,7.96,4.29,9.35,6.96,6.48,63,44.7,29.6,26.4,96.1,88.6,98,60.9,29,72.5,75.4,75,60
PRY,Paraguay,2021,6.53,8.02,4.35,6.76,6.93,6.57,62.6,41.6,32.2,26,96.2,86.7,91.6,59.6,31.8,73.8,76.4,75,60
PRY,Paraguay,2022,6.98,8.09,4.35,8.45,7.4,6.62,62.9,45.5,29.5,37.9,96.1,84,68.8,65.4,39.4,75.6,77,75,60
PRY,Paraguay,2023,,,,,,,61,46.8,37.9,30.1,96.2,81.7,45.4,69.5,39.5,72.6,77.2,75,60
PRY,Paraguay,2024,,,,,,,60.1,45,27.3,37.2,96,81.6,46.4,69,39.8,67.3,77.2,75,60
PRY,Paraguay,2025,,,,,,,65.2,45,27.7,37.3,97,87.1,79.3,73.2,48.2,74.6,78.2,75,60
QAT,Qatar,1970,,,4.36,,,,,,,,,,,,,,,,
QAT,Qatar,1975,,,4.57,,,,,,,,,,,,,,,,
QAT,Qatar,1980,,,4.61,,,,,,,,,,,,,,,,
QAT,Qatar,1985,,,4.62,,,,,,,,,,,,,,,,
QAT,Qatar,1990,,,4.66,,,,,,,,,,,,,,,,
QAT,Qatar,1995,,,5.34,,,,,,,,,,,,,,,,
QAT,Qatar,1996,,,,,,,,,,,,,,,,,,,
QAT,Qatar,1997,,,,,,,,,,,,,,,,,,,
QAT,Qatar,1998,,,,,,,,,,,,,,,,,,,
QAT,Qatar,1999,,,,,,,62,50,90,,87.5,47.8,,55,,72.7,75,50,30
QAT,Qatar,2000,6.52,5.95,5.3,7.07,,6.87,62,50,90,,87.5,47.1,,55,,73.6,75,50,30
QAT,Qatar,2001,6.52,5.95,5.3,7.07,,6.87,60,50,70,,87.5,47.1,,55,,75.2,75,50,30
QAT,Qatar,2002,6.74,5.95,5.25,8.3,,6.87,61.9,50,70,,87.5,56.7,,55,,81.2,77,50,30
QAT,Qatar,2003,6.62,5.95,5.22,7.77,,6.87,65.9,50,70,,87.5,70.2,,55,,87.1,73,50,50
QAT,Qatar,2004,6.44,5.95,5.22,6.6,,6.96,66.5,50,70,,87.5,69.7,,55,,90,76.6,50,50
QAT,Qatar,2005,6.31,5.95,5.07,6.08,,7.01,63.5,50,56,,99.9,75.5,,55,60,81.7,76.6,30,50
QAT,Qatar,2006,6.68,5.95,5.09,7.65,,6.96,62.4,50,52,,99.9,71.7,,60,60,75.7,74.6,30,50
QAT,Qatar,2007,6.68,5.95,5.33,7.35,,6.95,62.9,50,59,,99.8,71.4,,60,60,72.4,76.4,30,50
QAT,Qatar,2008,6.66,5.95,5.42,7.24,,6.92,62.2,50,60,,99.8,72.1,,60,60,69.4,70.8,30,50
QAT,Qatar,2009,6.56,5.95,5.38,6.9,,6.92,65.8,50,60,,99.9,69.1,,75.7,64.7,67.3,81.6,40,50
QAT,Qatar,2010,6.87,5.95,5.31,7.75,8.07,7.21,69,65,65,,99.9,73.7,,73.7,69.1,65.9,82.2,45,50
QAT,Qatar,2011,6.92,5.99,5.39,8.22,8.07,6.91,70.5,70,70,,99.8,78.1,,70.3,67,71.9,82.4,45,50
QAT,Qatar,2012,6.96,6.05,5.43,8.12,8.12,7.09,71.3,70,77,,99.7,73.6,,69.7,67.9,77.1,82.5,45,50
QAT,Qatar,2013,6.96,6.05,5.43,8.12,8.05,7.15,71.3,70,72,,99.8,81.2,,69.4,63.4,80.3,82.5,45,50
QAT,Qatar,2014,7.09,6.05,5.43,9,8.12,6.84,71.2,70,72.4,,99.9,72.1,,71.7,70,81.2,79.8,45,50
QAT,Qatar,2015,6.91,5.95,5.38,8.43,7.97,6.81,70.8,70,68,,99.7,71.9,,70.5,71.2,79.7,81.8,45,50
QAT,Qatar,2016,6.94,5.95,5.35,8.56,8.04,6.78,70.7,65,69,,99.7,70.4,,71.4,70.7,74.1,81.8,45,60
QAT,Qatar,2017,6.95,5.95,5.27,8.66,8.33,6.52,73.1,74.8,59,63,99.6,71.2,97.4,68.1,65.4,80.6,83.1,55,60
QAT,Qatar,2018,6.91,5.95,5.33,8.53,8.33,6.4,72.6,70.3,71.6,59.8,99.6,60.2,95.4,71.3,65.4,75,83.3,60,60
QAT,Qatar,2019,6.92,5.95,5.31,8.34,8.32,6.65,72.6,64.5,77.4,60,99.7,56.8,94,71.2,65.9,78.4,83.2,60,60
QAT,Qatar,2020,6.84,5.95,5.37,8.5,7.74,6.61,72.3,66.9,64.6,58.7,99.8,64.6,93.7,71.1,65.9,80.6,81.6,60,60
QAT,Qatar,2021,6.71,5.95,5.39,8.21,7.74,6.25,72,68.3,54,58,97.9,69.2,94.5,74,65.9,80.7,81.4,60,60
QAT,Qatar,2022,6.71,5.82,5.43,7.67,8.39,6.22,67.7,68.6,60,38.8,97.8,69.3,89.7,58.6,51.9,76,81.4,60,60
QAT,Qatar,2023,,,,,,,68.6,71.2,39.8,58.3,99.7,68.9,93.2,62.4,52.6,75.6,81.6,60,60
QAT,Qatar,2024,,,,,,,68.8,70.4,51.7,41.5,99.7,74,96.4,66.1,52.5,72.2,81.6,60,60
QAT,Qatar,2025,,,,,,,70.2,71.1,52.6,42.3,99.9,78.1,96.2,67.9,59.3,73.2,81.6,60,60
ROU,Romania,1970,,,5.5,,,1.24,,,,,,,,,,,,,
ROU,Romania,1975,,,5.51,8.12,,0.9,,,,,,,,,,,,,
ROU,Romania,1980,4.27,3.36,5.51,7.24,,3.13,,,,,,,,,,,,,
ROU,Romania,1985,4.41,3.8,5.51,7,,3.27,,,,,,,,,,,,,
ROU,Romania,1990,4.47,3.35,5.23,7.06,2.91,4.3,,,,,,,,,,,,,
ROU,Romania,1995,4.56,5.59,6.03,0.74,5.8,4.5,42.9,30,10,,39.4,52.2,,55,,0,79,70,50
ROU,Romania,1996,,,,,,,46.2,30,30,,42.4,64.9,,55,,11.9,61.6,70,50
ROU,Romania,1997,,,,,,,50.8,30,30,,44.3,65.5,,55,,39.1,73,70,50
ROU,Romania,1998,,,,,,,54.4,30,50,,43.9,64.3,,55,,52.1,74,70,50
ROU,Romania,1999,,,,,,,50.1,30,34,,45,65.1,,55,,27,74,70,50
ROU,Romania,2000,5.38,6.65,5.74,1.78,6.66,6.1,52.1,30,30,,58.3,63.3,,55,,38.1,74,70,50
ROU,Romania,2001,5.76,7.21,5.63,3.56,6.51,5.9,50,30,33,,57.6,79.7,,55,,41.4,73.4,50,30
ROU,Romania,2002,6.23,7.39,5.63,4.99,6.94,6.22,48.7,30,29,,64.4,58.9,,55,,46.6,74.4,50,30
ROU,Romania,2003,6.41,7.01,5.99,5.54,7.15,6.39,50.6,30,28,,69.1,62.4,,55,,50.8,60.2,50,50
ROU,Romania,2004,6.61,7.36,5.94,5.89,7.37,6.53,50,30,26,,69.9,74.8,,55,,56.8,57.6,30,50
ROU,Romania,2005,7.2,7.84,6.16,7.63,7.91,6.46,52.1,30,28,,70.1,68.9,,55,55.5,62.6,70.4,30,50
ROU,Romania,2006,7.24,7.55,6.1,8.33,7.85,6.36,58.2,30,29,,87.5,68.9,,74.6,57.5,66.6,68.4,50,50
ROU,Romania,2007,7.49,7.66,6.33,8.38,8.38,6.68,61.2,30,30,,85.9,71,,73.2,58,69.7,84,50,60
ROU,Romania,2008,7.47,7.71,6.39,8.32,8.36,6.54,61.7,30,31,,85.6,70.8,,74.9,56.3,72.5,86,60,50
ROU,Romania,2009,7.44,7.38,6.41,8.51,8.37,6.52,63.2,35,37,,87,70,,74.9,57.1,75,85.8,60,50
ROU,Romania,2010,7.42,6.75,6.41,8.56,8.31,7.05,64.2,40,38,,85.8,59.8,,72.5,60.4,73.3,87.5,75,50
ROU,Romania,2011,7.43,6.98,6.34,8.66,8.22,6.98,64.7,40,38,,86.8,57.6,,72,60.8,74.4,87.6,80,50
ROU,Romania,2012,7.6,7.25,6.34,9.18,8.16,7.07,64.4,40,37,,87.4,55.1,,70.5,62.6,74.3,87.1,80,50
ROU,Romania,2013,7.72,7.25,6.56,9.26,8.24,7.3,65.1,40,36,,87.9,62.2,,70.4,63.5,74.7,86.8,80,50
ROU,Romania,2014,7.86,7.29,6.62,9.47,8.66,7.26,65.5,40,37.7,,87,59.2,,71,65.2,77.1,87.8,80,50
ROU,Romania,2015,7.87,7.19,6.61,9.47,8.72,7.36,66.6,40,43,,86.9,62.3,,69.8,68.6,77.3,88,80,50
ROU,Romania,2016,7.9,7.37,6.73,9.45,8.7,7.26,65.6,35,43,,87.5,65.6,,66.1,65.1,81.1,88,75,50
ROU,Romania,2017,7.88,7.4,6.64,9.41,8.72,7.2,69.7,63.9,45.9,58.5,87.4,65.3,90.9,65.9,62.5,83.6,87,75,50
ROU,Romania,2018,7.71,7.25,6.4,8.99,8.7,7.2,69.4,61,40,59.7,87.3,66.9,91.1,65.2,66.8,82.8,86.9,75,50
ROU,Romania,2019,7.75,7.19,6.56,9.08,8.75,7.19,68.6,66.7,39.8,51.9,89.7,69,89.3,63.1,64.5,82.7,86,70,50
ROU,Romania,2020,7.61,6.72,6.78,9.13,8.5,6.94,69.7,72.5,55.1,56.1,90.3,70.4,85.6,58.6,63,78.1,86.4,70,50
ROU,Romania,2021,7.62,6.9,6.78,8.93,8.47,7.03,69.5,68.8,54.6,63.1,94.3,69.2,78.9,59.7,63.6,77.7,84,70,50
ROU,Romania,2022,7.41,6.99,6.76,7.88,8.54,6.9,67.1,81,45.4,64.8,94.3,63.9,42.8,71.4,64.1,78.8,79.2,70,50
ROU,Romania,2023,,,,,,,64.5,81,64.9,47.2,94.4,59.7,14.7,71.3,65.1,76.8,78.6,70,50
ROU,Romania,2024,,,,,,,64.4,81,47.6,65.8,93.9,58,14.9,74.6,68.2,69.3,79.2,70,50
ROU,Romania,2025,,,,,,,66.5,81.7,49.1,67,93.7,59.1,36.1,75.1,67.8,69.2,79.6,70,50
RUS,Russian Federation,1970,,,4.56,,,2.31,,,,,,,,,,,,,
RUS,Russian Federation,1975,3.93,1.19,4.67,4.56,,2.56,,,,,,,,,,,,,
RUS,Russian Federation,1980,3.93,1.33,4.68,4.42,,2.56,,,,,,,,,,,,,
RUS,Russian Federation,1985,3.93,1.23,4.68,4.5,,2.56,,,,,,,,,,,,,
RUS,Russian Federation,1990,3.84,1.59,4.7,3.94,,2.65,,,,,,,,,,,,,
RUS,Russian Federation,1995,4.56,6.64,4.35,1.26,6.42,4.57,51.1,50,10,,75.5,67.1,,85,,0,52,70,50
RUS,Russia,1996,,,,,,,51.6,50,30,,75.5,66.5,,70,,0,52,70,50
RUS,Russia,1997,,,,,,,48.6,50,30,,77.7,58.5,,55,,0,46,50,70
RUS,Russia,1998,,,,,,,52.8,50,26,,74.2,67.3,,55,,24.3,58.6,50,70
RUS,Russia,1999,,,,,,,54.5,50,23,,74.3,65.3,,55,,50.3,53.2,50,70
RUS,Russian Federation,2000,4.9,6.5,4.73,2.08,5.87,5.26,51.8,50,24,,74.6,73,,55,,57.5,52.4,50,30
RUS,Russian Federation,2001,4.7,5.84,4.71,1.93,5.79,5.18,49.8,50,24,,74.7,73,,55,,38.9,52.2,50,30
RUS,Russian Federation,2002,4.97,5.56,4.79,2.52,6.4,5.49,48.7,30,21,,84.9,58.9,,55,,51.3,57.4,50,30
RUS,Russian Federation,2003,4.95,5.16,4.93,2.69,6.39,5.5,50.8,30,23,,90.6,64.5,,55,,57,57.4,50,30
RUS,Russian Federation,2004,5.21,5.23,4.85,4.19,6.13,5.6,52.8,30,27,,91.6,65.1,,55,,63.4,63.2,50,30
RUS,Russian Federation,2005,5.67,6.12,4.94,6,5.69,5.57,51.3,30,27,,91.5,58.9,,55,61.8,65.6,63.2,30,30
RUS,Russian Federation,2006,5.42,5.57,5,5.88,5.54,5.13,52.4,30,28,,90.8,63.5,,59.7,61.8,68,62.6,30,30
RUS,Russian Federation,2007,5.74,5.97,5.03,7.11,5.49,5.08,52.2,30,24,,79.5,69.5,,62,61.5,62.8,62.6,30,40
RUS,Russian Federation,2008,5.67,5.94,5.01,6.95,5.38,5.06,49.8,30,25,,79.2,69.5,,53.7,61.7,64.4,44.2,30,40
RUS,Russian Federation,2009,5.56,5.4,4.96,6.88,5.54,5,50.8,25,23,,78.9,70.6,,54,60,65.5,60.8,30,40
RUS,Russian Federation,2010,6.01,5.83,4.92,7.51,6.05,5.73,50.3,25,21,,82.3,66.5,,52.2,59.6,62.6,68.4,25,40
RUS,Russian Federation,2011,6.05,5.9,4.93,7.55,6.16,5.69,50.5,25,22,,82.7,65.1,,50.7,62.9,63.1,68.2,25,40
RUS,Russian Federation,2012,6.26,5.99,4.91,8.13,6.29,5.98,50.5,25,21,,82.5,48.6,,65.1,63.5,66.3,68.2,25,40
RUS,Russian Federation,2013,6.28,6.01,4.91,8.06,6.4,6.04,51.1,25,24,,86.9,54.4,,69.2,52.6,66.7,77.4,25,30
RUS,Russian Federation,2014,6.16,5.9,4.9,8.07,6.08,5.82,51.9,25,22.1,,85.6,61.5,,70,55.8,69.4,74.6,25,30
RUS,Russian Federation,2015,6.11,5.92,4.96,7.31,6.58,5.77,52.1,20,28,,86.1,57.8,,76.3,58.9,63.9,75,25,30
RUS,Russian Federation,2016,6.42,5.96,5,8.55,6.79,5.8,50.6,20,27,,82.2,56.2,,72.2,57.6,62.9,72.4,25,30
RUS,Russian Federation,2017,6.58,6.27,5.03,8.95,6.85,5.79,57.1,47.6,38.2,44.5,81.8,61.5,93.4,74.8,50.8,57.3,75.2,30,30
RUS,Russian Federation,2018,6.56,6.3,5.02,8.96,6.7,5.82,58.2,48.7,38.1,46.9,85.8,62.5,87.7,77,52,60.8,79.4,30,30
RUS,Russian Federation,2019,6.55,6.1,5.02,8.92,6.69,6.03,58.9,52.4,36.6,45.1,89.4,62.3,86.6,78.4,52.5,65.1,77.8,30,30
RUS,Russian Federation,2020,6.42,5.83,5.01,8.95,6.37,5.92,61,56.8,41.3,44.4,88.5,63.8,98.7,80.2,52.1,68.2,77.8,30,30
RUS,Russian Federation,2021,6.23,6.15,4.91,8.12,6.34,5.61,61.5,54.4,41.7,42.4,93,66.1,99.6,84.1,55.4,67.3,74,30,30
RUS,Russian Federation,2022,5.93,6.05,4.71,7.31,6.1,5.46,56.1,36.8,29.7,34.7,93.1,62.6,99.3,62.5,57.3,68,69,30,30
RUS,Russia,2023,,,,,,,53.8,30.6,32.9,28,88.3,60.4,99.1,54.8,57.7,64.9,69.4,30,30
RUS,Russia,2024,,,,,,,52,20.9,25.9,32.1,89.8,59.7,95.6,54.4,57.4,58.9,69.4,30,30
RUS,Russia,2025,,,,,,,51.6,18.6,23,28.4,87.7,62,97.8,51.3,59,62.2,69.4,30,30
RWA,Rwanda,1970,4.55,6.05,5.01,4.57,,3.44,,,,,,,,,,,,,
RWA,Rwanda,1975,3.41,4.91,4.57,1.91,,3.45,,,,,,,,,,,,,
RWA,Rwanda,1980,4.52,5.21,5.08,6.43,,3.57,,,,,,,,,,,,,
RWA,Rwanda,1985,4.78,5.31,5.05,6.59,,4.47,,,,,,,,,,,,,
RWA,Rwanda,1990,4.9,6.67,5.04,6.05,,4.42,,,,,,,,,,,,,
RWA,Rwanda,1995,4.06,6.83,3.26,3.39,,3.01,,,,,,,,,,,,,
RWA,Rwanda,1996,,,,,,,,,,,,,,,,,,,
RWA,Rwanda,1997,,,,,,,38.3,10,10,,67.9,92.2,,40,,50.8,34,30,10
RWA,Rwanda,1998,,,,,,,39.1,10,10,,67.6,88,,40,,62.7,34,30,10
RWA,Rwanda,1999,,,,,,,39.8,10,10,,67.3,85.1,,40,,66.8,39,30,10
RWA,Rwanda,2000,5.37,5.86,3.33,7.02,5.49,5.28,42.3,10,10,,67,96.4,,40,,72.4,45,30,10
RWA,Rwanda,2001,5.46,5.76,3.36,7.42,5.49,5.43,45.4,10,10,,67,95.7,,40,,83.7,62.4,30,10
RWA,Rwanda,2002,5.67,5.77,3.59,7.9,5.55,5.67,50.4,30,10,,67,88,,40,,79.3,59.4,50,30
RWA,Rwanda,2003,5.75,6.51,3.59,7.04,5.59,6.14,47.8,30,10,,67,89.5,,40,,79.3,34,30,50
RWA,Rwanda,2004,5.75,6.04,4.15,6.75,5.7,6.18,53.3,30,10,,66.9,89.5,,55,,79.7,68.8,30,50
RWA,Rwanda,2005,5.85,5.78,4.16,7.25,5.38,6.72,51.7,30,10,,70.5,86.4,,55,58,75.1,71.8,30,30
RWA,Rwanda,2006,5.99,5.99,4.19,7.21,5.52,7.11,52.8,30,10,,73.9,82.6,,50.8,59.2,70.1,71.8,30,50
RWA,Rwanda,2007,6.1,5.89,4.59,7.1,5.79,7.18,52.4,30,21,,73.9,79.6,,51,58.2,70.3,70.6,30,40
RWA,Rwanda,2008,6.12,6.24,5.14,6.18,5.9,7.23,54.2,30,25,,76.9,75.6,,51.8,58.9,73.3,70.6,40,40
RWA,Rwanda,2009,6.31,6.32,5.19,6.76,5.89,7.44,54.2,30,28,,76.8,76.8,,58.9,59.5,70.8,61.2,40,40
RWA,Rwanda,2010,6.73,5.49,5.09,8.69,6.84,7.55,59.1,30,30,,77.1,75.6,,74.5,89.2,66.9,67.4,40,40
RWA,Rwanda,2011,6.61,5.3,5.17,8.33,6.9,7.35,62.7,35,33,,76.9,78.6,,76.9,89.9,68.5,77.8,50,40
RWA,Rwanda,2012,6.8,5.44,5.41,8.47,7.01,7.66,64.9,35,40,,77.2,78.5,,73.6,91.4,75.2,78,60,40
RWA,Rwanda,2013,6.74,5.27,5.4,8.58,7.11,7.34,64.1,30,50,,80.4,75.9,,65.6,80.3,75.5,78,65,40
RWA,Rwanda,2014,6.77,5.31,5.48,9.09,6.6,7.38,64.7,30,46.9,,80.3,78.2,,69.6,84.1,74.8,77.7,65,40
RWA,Rwanda,2015,6.85,5.45,5.65,8.89,6.92,7.31,64.8,30,53,,80.2,79.2,,59.5,84.5,76,80.8,65,40
RWA,Rwanda,2016,6.85,5.62,5.57,8.86,6.96,7.24,63.1,30,49,,80.1,77.1,,60.5,82,79.4,67.6,65,40
RWA,Rwanda,2017,6.83,5.3,5.72,8.6,7.38,7.12,67.6,64.4,45.9,68.8,79.8,77.3,83.3,59,81.8,80,70.3,60,40
RWA,Rwanda,2018,6.95,5.26,5.75,9.23,7.39,7.1,69.1,69.8,61.2,79.6,75.8,77.7,82.3,55,81.2,76.5,70.7,60,40
RWA,Rwanda,2019,6.91,5.1,5.84,8.97,7.6,7.05,71.1,72.2,67.9,83.2,79.8,79.4,86.3,56.2,82.2,76.1,70.4,60,40
RWA,Rwanda,2020,6.57,5.08,5.87,8.2,6.95,6.73,70.9,76.5,57.6,78.3,79.2,79.8,86.7,60.3,81.8,79.8,70.4,60,40
RWA,Rwanda,2021,6.75,4.92,5.88,9.14,6.95,6.86,68.3,68.7,59.1,75.2,79.5,78.5,78,62.3,77.4,80.2,61.2,60,40
RWA,Rwanda,2022,6.45,4.94,5.92,7.12,7.52,6.75,57.1,61.1,54.7,26.6,79.1,76.3,61.6,50.7,42.6,74.4,58.2,60,40
RWA,Rwanda,2023,,,,,,,52.2,61.1,27.3,52.7,78.9,71.1,11.1,51.8,42.8,79.7,50,60,40
RWA,Rwanda,2024,,,,,,,51.6,62,51.5,26.9,79.1,70.1,12.5,53.6,39.5,69.8,53.8,60,40
RWA,Rwanda,2025,,,,,,,54.8,62,50.5,27.1,81.3,73.8,35,56.8,48.7,67.3,55.2,60,40
SAU,Saudi Arabia,1970,,,4.03,,,,,,,,,,,,,,,,
SAU,Saudi Arabia,1975,,,3.96,,,,,,,,,,,,,,,,
SAU,Saudi Arabia,1980,,2.46,4.11,,,,,,,,,,,,,,,,
SAU,Saudi Arabia,1985,,2.65,4.36,,,,,,,,,,,,,,,,
SAU,Saudi Arabia,1990,,6.91,4.25,,,,,,,,,,,,,,,,
SAU,Saudi Arabia,1995,,9.17,4.76,,,,,,,,,,,,,,,,
SAU,Saudi Arabia,1996,,,,,,,68.3,90,70,,99.4,46.3,,85,,84.9,59,30,50
SAU,Saudi Arabia,1997,,,,,,,68.7,90,70,,99.4,56.7,,85,,78.1,59,30,50
SAU,Saudi Arabia,1998,,,,,,,69.3,90,70,,99.4,59.2,,85,,80.9,59,30,50
SAU,Saudi Arabia,1999,,,,,,,65.5,70,70,,99.4,56.9,,70,,84.3,59,30,50
SAU,Saudi Arabia,2000,7.35,9.07,4.74,8.49,,6.44,66.5,50,70,,99.4,82.7,,70,,87.7,59,30,50
SAU,Saudi Arabia,2001,7.3,9.07,4.59,8.49,,6.44,62.2,50,70,,99.4,65.3,,70,,83.8,61,30,30
SAU,Saudi Arabia,2002,7.41,9.07,4.58,9,,6.44,65.3,50,70,,99.4,71.2,,70,,83.4,63.4,50,30
SAU,Saudi Arabia,2003,7.37,8.97,4.59,8.92,,6.44,63.2,50,50,,99.4,66.7,,70,,88.3,64.4,50,30
SAU,Saudi Arabia,2004,7.34,8.86,4.58,8.98,,6.44,60.4,50,50,,99.4,58.5,,70,,91.9,64,30,30
SAU,Saudi Arabia,2005,6.99,7.52,4.54,8.89,,6.44,63,50,45,,99.4,67.3,,70,85.2,91.3,62.2,30,30
SAU,Saudi Arabia,2006,7.25,8.03,4.54,9.52,,6.44,63,50,34,,99.4,69.3,,51,85.3,90.8,70.4,30,50
SAU,Saudi Arabia,2007,7.37,7.58,4.6,9.23,,7.39,60.9,50,34,,99.4,66.7,,53,84.9,80,70.4,30,40
SAU,Saudi Arabia,2008,7.09,7.21,4.61,8.45,,7.36,62.5,50,33,,99.7,69.1,,73,77.2,76.7,76.8,30,40
SAU,Saudi Arabia,2009,6.73,6.76,4.67,7.36,,7.35,64.3,40,34,,99.6,73.4,,79.6,76.4,68.4,81.8,40,50
SAU,Saudi Arabia,2010,6.76,5.61,4.72,7.57,8.34,7.74,64.1,40,35,,99.6,68.1,,84.6,74.4,62.3,82.5,45,50
SAU,Saudi Arabia,2011,6.6,5.31,4.69,7.59,8.42,7.15,66.2,45,43,,99.4,74.6,,86.1,77,64.3,82.2,40,50
SAU,Saudi Arabia,2012,6.42,5.06,4.66,7.83,7.62,7.06,62.5,45,47,,99.6,37.3,,87.5,71.1,64.9,82.3,40,50
SAU,Saudi Arabia,2013,6.55,5.29,4.6,7.94,8.13,6.93,60.6,40,44,,99.6,52.2,,68.2,69.2,65.7,77.3,40,50
SAU,Saudi Arabia,2014,6.5,5.33,4.64,8.56,7.32,6.72,62.2,40,43.7,,99.7,63.1,,67.3,75.8,68.7,74,40,50
SAU,Saudi Arabia,2015,6.29,5.31,4.69,8.22,7.2,6.06,62.1,40,46,,99.7,61.9,,65.8,72.7,68.4,76.4,40,50
SAU,Saudi Arabia,2016,6.54,5.95,4.69,8.75,7.12,6.2,62.1,40,49,,99.7,56.8,,69.9,68.5,69.2,77.8,40,50
SAU,Saudi Arabia,2017,6.6,6.15,4.7,8.98,6.91,6.26,64.4,62,45.9,65,99.7,54.5,65.7,73.8,68.5,70.1,78.2,40,50
SAU,Saudi Arabia,2018,6.54,5.8,4.78,8.59,7.15,6.4,59.6,53.1,49.9,60.2,99.7,52,19.7,74,64.8,73.8,78.2,40,50
SAU,Saudi Arabia,2019,6.94,6.08,6.03,8.63,7.5,6.48,60.7,55,49.8,62.7,99.8,57.5,19.4,72.3,63.3,78.1,76,45,50
SAU,Saudi Arabia,2020,6.85,5.79,6.69,8.83,6.67,6.27,62.4,64.6,49.6,72.3,99.8,61.8,19.3,66.6,63.3,81,75.4,45,50
SAU,Saudi Arabia,2021,6.96,6.42,6.7,8.73,6.62,6.35,66,68.7,53.2,76.7,99.1,62.9,31,83.5,63.3,82.3,75.8,45,50
SAU,Saudi Arabia,2022,7.03,6.38,6.7,8.65,6.95,6.48,55.5,46.7,50.7,35.8,99.3,57.3,17.9,68.1,41.2,79,74.8,45,50
SAU,Saudi Arabia,2023,,,,,,,58.3,47.3,34.4,49.6,99.4,60.3,41.3,71.8,42.5,78.9,74.2,50,50
SAU,Saudi Arabia,2024,,,,,,,61.9,47.6,43.9,37,99.1,67.2,79.5,69.9,44.4,79.6,74.2,50,50
SAU,Saudi Arabia,2025,,,,,,,64.4,51,48.1,38.1,99.3,71.6,98.1,70.6,43.1,80.1,72.8,50,50
SDN,Sudan,1970,,,2.13,,,,,,,,,,,,,,,,
SDN,Sudan,1975,,2.21,2.15,,,,,,,,,,,,,,,,
SDN,Sudan,1980,,2.21,2.15,,,,,,,,,,,,,,,,
SDN,Sudan,1985,,6.14,2.41,,,,,,,,,,,,,,,,
SDN,Sudan,1990,,6.83,1.3,,,3.18,,,,,,,,,,,,,
SDN,Sudan,1995,,6.83,1.43,,,3.4,39.4,30,30,,33.3,74.6,,70,,19.4,37,30,30
SDN,Sudan,1996,,,,,,,39.2,30,30,,32.9,74.6,,70,,17.9,37,30,30
SDN,Sudan,1997,,,,,,,39.9,30,30,,32.8,86.5,,55,,27.4,37,30,30
SDN,Sudan,1998,,,,,,,38.3,30,30,,32.9,82.7,,55,,17,37,30,30
SDN,Sudan,1999,,,,,,,39.6,30,30,,33,78.8,,55,,32.1,37,30,30
SDN,Sudan,2000,4.3,6.83,1.3,5.8,,3.98,47.2,30,30,,74.7,90.1,,55,,47.7,37,30,30
SDN,Sudan,2001,4.37,6.83,1.32,6.12,,4,,,,,,,,,,,,,
SDN,Sudan,2002,4.51,6.42,1.38,7.17,,4,,,,,,,,,,,,,
SDN,Sudan,2003,4.56,6.41,1.36,7.43,,4,,,,,,,,,,,,,
SDN,Sudan,2004,4.28,5.2,1.37,7.41,,4,,,,,,,,,,,,,
SDN,Sudan,2005,4.45,5.95,1.6,7.17,,4.03,,,,,,,,,,,,,
SDN,Sudan,2006,4.35,5.48,1.63,7.17,,4.03,,,,,,,,,,,,,
SDN,Sudan,2007,4.11,5.05,1.64,7.34,,3.48,,,,,,,,,,,,,
SDN,Sudan,2008,4.09,5.68,1.64,6.59,,3.47,,,,,,,,,,,,,
SDN,Sudan,2009,4.15,5.77,1.65,7.11,,3.25,,,,,,,,,,,,,
SDN,Sudan,2010,4.37,6.21,1.64,6.7,,3.87,,,,,,,,,,,,,
SDN,Sudan,2011,4.26,6.8,1.84,5.41,,3.85,,,,,,,,,,,,,
SDN,Sudan,2012,3.86,6.83,1.84,4.07,,3.46,,,,,,,,,,,,,
SDN,Sudan,2013,3.92,6.83,1.84,3.87,,3.77,,,16,,,89.9,,57.4,65.4,64.5,,15,
SDN,Sudan,2014,4.08,6.83,1.85,4.66,,3.8,,,9.8,,85.1,90.3,,54.5,49.1,55.8,55.6,15,
SDN,Sudan,2015,4.31,6.83,1.84,5.77,,3.74,,,11,,86.4,94.5,,49,43.8,52.8,55.6,15,
SDN,Sudan,2016,3.98,6.83,1.86,4.34,3.19,3.65,,,11,,86.4,94.8,,48.8,43.5,46.7,50.6,10,
SDN,Sudan,2017,3.76,6.97,1.9,3.38,2.69,3.77,48.8,31.1,18.9,19.8,86.5,95.1,85.5,53.9,49.7,59.3,50.5,15,20
SDN,Sudan,2018,3.42,6.93,1.91,2.6,2.84,2.8,49.4,27.8,21.2,21.4,85.9,95.3,87.2,52.3,58.8,62.2,56.1,5,20
SDN,Sudan,2019,3.4,6.67,2.1,1.82,2.69,3.74,47.7,27.5,26.2,22.2,86.3,96.6,76.1,52.1,59,56.9,45,5,20
SDN,Sudan,2020,3.84,6.77,2.1,1.25,5.13,3.97,45,33.7,25.5,20.8,86.1,94.5,12.4,53.5,60,77,52,5,20
SDN,Sudan,2021,4.07,7.85,2.06,1.25,5.15,4.04,39.1,32.6,20.2,19.7,84.9,91.9,0,50.8,60.4,39.2,45,5,20
SDN,Sudan,2022,4.11,8.04,2.03,1.25,5.24,3.99,32,22.2,14.6,13.2,84.9,92.9,0,25,44.8,13.7,48,5,20
SDN,Sudan,2023,,,,,,,32.8,22.6,5.9,15.7,85.2,94.9,28.5,25.4,42,0,48,5,20
SDN,Sudan,2024,,,,,,,33.9,12.5,19.5,4.8,85,95.1,66.5,27.7,41.8,0,29.6,5,20
SDN,Sudan,2025,,,,,,,35.3,12,15.6,4,84.7,95.7,73.5,28.5,39.2,16.3,29.6,5,20
SEN,Senegal,1970,4.91,5.14,3.35,6.97,3.8,,,,,,,,,,,,,,
SEN,Senegal,1975,5.12,6.04,3.52,5.62,4.85,5.16,,,,,,,,,,,,,
SEN,Senegal,1980,4.92,5,3.53,6.28,4.3,5.28,,,,,,,,,,,,,
SEN,Senegal,1985,5.3,6,3.64,6.6,4.99,5.01,,,,,,,,,,,,,
SEN,Senegal,1990,5.4,6.49,3.64,7.08,4.54,4.99,,,,,,,,,,,,,
SEN,Senegal,1995,5.24,6.35,3.73,5.9,5.32,4.7,,,,,,,,,,,,,
SEN,Senegal,1996,,,,,,,58.2,70,50,,60.7,87,,55,,55.8,45,50,50
SEN,Senegal,1997,,,,,,,58.1,70,50,,61,86.8,,55,,62.1,37.8,50,50
SEN,Senegal,1998,,,,,,,59.7,50,50,,60.6,88.2,,55,,68.6,65,50,50
SEN,Senegal,1999,,,,,,,60.6,50,50,,60.3,90.1,,55,,75.1,65,50,50
SEN,Senegal,2000,5.85,7.4,3.38,7.2,6.57,4.67,58.9,50,33,,60.3,89.2,,55,,77.4,65,50,50
SEN,Senegal,2001,5.76,7.03,3.41,7.1,6.24,4.97,58.7,50,34,,60.2,89.2,,55,,78.8,61,50,50
SEN,Senegal,2002,5.87,7.15,3.41,7.19,6.24,5.31,58.6,50,35,,59.9,86.8,,55,,79.4,61,50,50
SEN,Senegal,2003,5.82,6.85,3.43,7.21,6.24,5.32,58.1,50,29,,59.8,88,,55,,80.4,61,50,50
SEN,Senegal,2004,5.8,6.74,3.44,7.1,6.38,5.32,58.9,50,31,,59.8,85.9,,55,,80.4,68,50,50
SEN,Senegal,2005,5.75,6.67,3.36,6.79,6.43,5.49,57.9,50,32,,59.5,86.8,,55,43.7,84.3,68.2,50,50
SEN,Senegal,2006,5.74,6.72,3.35,6.65,6.52,5.48,56.2,50,30,,60.7,84.4,,55.1,44.4,90.4,66.6,50,30
SEN,Senegal,2007,5.58,6.38,3.53,6.16,6.7,5.17,58.1,50,32,,60.8,83.9,,56.4,43.2,82.9,71.6,50,50
SEN,Senegal,2008,5.56,6.15,3.5,6.37,6.82,4.99,58.3,50,33,,65.2,82.3,,55.5,43.9,81.4,71.6,50,50
SEN,Senegal,2009,5.83,6.15,3.47,6.82,7.1,5.64,56.3,50,36,,65.1,77,,65,42.5,76.5,71.2,40,40
SEN,Senegal,2010,5.72,5.73,3.44,6.76,6.97,5.69,54.6,45,34,,64.7,77.8,,63.1,41.9,75.2,69.7,35,40
SEN,Senegal,2011,5.68,6,3.47,6.58,6.94,5.44,55.7,40,30,,65.4,78.8,,62.3,42.9,79.7,73.2,45,40
SEN,Senegal,2012,5.73,5.82,3.56,6.88,7.01,5.39,55.4,40,29,,65.4,78.5,,58.4,43.5,81.6,72.2,45,40
SEN,Senegal,2013,6.09,7.11,3.75,7.02,7,5.55,55.5,40,29,,65.2,75.6,,56.7,41.3,79.6,72.2,55,40
SEN,Senegal,2014,6.11,7.15,3.97,7.01,6.85,5.53,55.4,40,29.5,,65.1,75.4,,47.5,41.5,81.8,73.2,60,40
SEN,Senegal,2015,6.09,7.06,4.02,7.02,6.68,5.66,57.8,40,41,,71.3,74.6,,54.6,39.5,83,74,60,40
SEN,Senegal,2016,6.1,6.68,4.13,6.95,6.7,6.03,58.1,40,43,,71.6,76.1,,49.1,42.4,84.9,73.8,60,40
SEN,Senegal,2017,6.17,6.72,4.15,6.88,7.07,6.03,55.9,44,42.1,39.3,70.9,74.3,51.8,50.8,38.9,86,73.1,60,40
SEN,Senegal,2018,6.23,6.95,4.14,6.91,7.05,6.11,55.7,41.3,42.6,40.4,68.5,72.7,58.4,51.5,41.4,84.7,66.7,60,40
SEN,Senegal,2019,6.25,7.16,4.13,6.84,7.05,6.07,56.3,47.8,40.3,40.4,70.8,73.3,60,53.3,39.4,78.2,72,60,40
SEN,Senegal,2020,6.08,6.93,4.15,6.85,6.42,6.07,58,52.4,40.6,39.8,70.2,84.4,75.2,50.4,38.1,79.7,65.4,60,40
SEN,Senegal,2021,6.13,7.07,4.16,6.91,6.42,6.08,58,50.3,43.6,37.8,72.4,84.2,72.2,53.5,36.6,79,66.4,60,40
SEN,Senegal,2022,5.99,7.03,4.15,5.8,6.85,6.09,60,58,47.8,49.8,72.3,82.1,56.7,57.9,53.9,76.1,65.8,60,40
SEN,Senegal,2023,,,,,,,57.7,56.6,49.8,46.2,69.8,80.5,40.6,53.5,54,75.7,65.4,60,40
SEN,Senegal,2024,,,,,,,55.4,55.5,45.6,50.5,69,79.2,21.7,54,54.5,68,66.2,60,40
SEN,Senegal,2025,,,,,,,56.4,57.2,45.2,50.3,69.4,79.7,30.5,54.3,54.3,68.8,67.2,60,40
SGP,Singapore,1970,7.53,6.38,7.72,7.32,7.89,8.3,,,,,,,,,,,,,
SGP,Singapore,1975,7.55,6.42,7.7,6.67,8.62,8.3,,,,,,,,,,,,,
SGP,Singapore,1980,7.7,6.5,7.75,6.37,9.44,8.3,,,,,,,,,,,,,
SGP,Singapore,1985,8.2,6.13,8,8.38,9.99,8.3,,,,,,,,,,,,,
SGP,Singapore,1990,8.75,7.57,8.27,9.05,10,8.56,,,,,,,,,,,,,
SGP,Singapore,1995,8.73,7.72,8.42,9.69,9.01,8.56,86.3,90,90,,80.8,88.1,,100,,85.2,83,90,70
SGP,Singapore,1996,,,,,,,86.5,90,90,,80.8,90.7,,100,,84.4,83,90,70
SGP,Singapore,1997,,,,,,,87.3,90,93,,80.6,94,,100,,85.8,83,90,70
SGP,Singapore,1998,,,,,,,87,90,88,,82.7,92.1,,100,,86.9,83,90,70
SGP,Singapore,1999,,,,,,,86.9,90,87,,82.7,93.4,,100,,86.4,83,90,70
SGP,Singapore,2000,8.7,7.31,8.61,9.45,9.58,8.56,87.7,90,91,,82.7,91.3,,100,,90.9,83,90,70
SGP,Singapore,2001,8.63,7.07,8.62,9.49,9.63,8.38,87.8,90,91,,83.1,90.3,,100,,92.9,83,90,70
SGP,Singapore,2002,8.72,7.35,8.65,9.51,9.63,8.48,87.4,90,91,,83.1,90.3,,100,,89,83,90,70
SGP,Singapore,2003,8.7,7.27,8.55,9.54,9.64,8.52,88.2,90,92,,87.8,90.2,,100,,88.6,85,90,70
SGP,Singapore,2004,8.73,7.55,8.38,9.54,9.6,8.63,88.9,90,93,,87.8,91.1,,100,,93,85,90,70
SGP,Singapore,2005,8.78,7.66,8.39,9.73,9.59,8.54,88.6,90,94,,88.5,89.3,,100,98.2,91.4,85,90,60
SGP,Singapore,2006,8.8,7.76,8.42,9.56,9.64,8.66,88,90,93,,89.5,89.6,,96.9,98.2,88,85,90,60
SGP,Singapore,2007,8.8,7.84,8.43,9.28,9.68,8.78,87.1,90,94,,89.5,93.8,,96.7,97.8,89.4,90,80,50
SGP,Singapore,2008,8.74,8,8.4,8.84,9.69,8.79,87.3,90,94,,90.3,93.9,,97.8,98,88.9,90,80,50
SGP,Singapore,2009,8.8,7.87,8.37,9.36,9.7,8.73,87.1,90,93,,91.1,93.8,,98.3,98.1,86.8,90,80,50
SGP,Singapore,2010,8.69,7.82,8.38,8.94,9.54,8.77,86.1,90,92,,90.7,95.3,,98.2,98.9,80.9,90,75,50
SGP,Singapore,2011,8.67,7.92,8.32,8.83,9.52,8.78,87.2,90,92,,91.1,91.3,,98.2,98,86.2,90,75,60
SGP,Singapore,2012,8.58,7.74,8.33,8.97,9.07,8.8,87.5,90,93,,91.3,91.3,,97.2,92.1,84.8,90,75,70
SGP,Singapore,2013,8.63,7.73,8.3,9.26,9.12,8.74,88,90,92,,91.1,91.3,,97.1,91.4,82,90,75,80
SGP,Singapore,2014,8.77,7.67,8.32,9.45,9.63,8.77,89.4,90,91.9,,91.2,91.2,,96.8,96.5,81.5,90,85,80
SGP,Singapore,2015,8.81,7.54,8.37,9.81,9.52,8.79,89.4,90,86,,91.2,93.8,,96.9,96.9,83.7,90,85,80
SGP,Singapore,2016,8.79,7.5,8.35,9.76,9.55,8.79,87.8,90,84,,91.2,90.1,,95,90.7,81.8,90,85,80
SGP,Singapore,2017,8.81,7.53,8.36,9.8,9.55,8.79,88.6,97.1,87.9,91.5,90.5,90.1,80.7,95.1,90.8,84.3,90,85,80
SGP,Singapore,2018,8.81,7.56,8.36,9.81,9.56,8.77,88.8,98.4,91.2,90.9,90.4,90.6,80,90.9,92.6,85.2,90,85,80
SGP,Singapore,2019,8.8,7.53,8.37,9.78,9.56,8.77,89.4,97.4,95.1,92.4,90.4,90.7,80,90.8,91,85.3,94.8,85,80
SGP,Singapore,2020,8.5,7.03,8.39,9.56,8.94,8.6,89.4,96.8,92.4,92.9,90.3,91.1,80,92.8,90.9,85.6,94.8,85,80
SGP,Singapore,2021,8.53,7.23,8.43,9.28,8.94,8.74,89.7,97.5,93.2,90.8,90.5,94.1,80,93.8,91.5,85.4,95,85,80
SGP,Singapore,2022,8.55,7.32,8.4,8.71,9.56,8.73,84.4,94.4,92.8,58.3,90.5,90.1,79.6,83.1,77,86.5,95,85,80
SGP,Singapore,2023,,,,,,,83.9,94,58.3,91.2,90.6,89,78,86.9,77.3,81.9,95,85,80
SGP,Singapore,2024,,,,,,,83.5,94.2,88.3,58.3,90.7,89.2,76,86.9,77.3,76.3,95,90,80
SGP,Singapore,2025,,,,,,,84.1,94.3,86.4,58.3,89.9,92.9,73.9,90.6,77.1,81,95,90,80
SLB,Solomon Islands,1995,,,,,,,,,,,,,,,,,,,
SLB,Solomon Islands,1996,,,,,,,,,,,,,,,,,,,
SLB,Solomon Islands,1997,,,,,,,,,,,,,,,,,,,
SLB,Solomon Islands,1998,,,,,,,,,,,,,,,,,,,
SLB,Solomon Islands,1999,,,,,,,,,,,,,,,,,,,
SLB,Solomon Islands,2000,,,,,,,,,,,,,,,,,,,
SLB,Solomon Islands,2001,,,,,,,,,,,,,,,,,,,
SLB,Solomon Islands,2002,,,,,,,,,,,,,,,,,,,
SLB,Solomon Islands,2003,,,,,,,,,,,,,,,,,,,
SLB,Solomon Islands,2004,,,,,,,,,,,,,,,,,,,
SLB,Solomon Islands,2005,,,,,,,,,,,,,,,,,,,
SLB,Solomon Islands,2006,,,,,,,,,,,,,,,,,,,
SLB,Solomon Islands,2007,,,,,,,,,,,,,,,,,,,
SLB,Solomon Islands,2008,,,,,,,,,,,,,,,,,,,
SLB,Solomon Islands,2009,,,,,,,46,30,28,,68.9,0,,67.2,76.3,73.5,66.4,20,30
SLB,Solomon Islands,2010,,,,,,,42.9,30,29,,67.9,0,,63.2,68.4,65.5,65.2,10,30
SLB,Solomon Islands,2011,,,,,,,45.9,30,28,,69.2,32.9,,59.8,66.6,70.4,62.4,10,30
SLB,Solomon Islands,2012,,,,,,,46.2,30,28,,69.3,30.3,,63.7,68.1,77.4,55.4,10,30
SLB,Solomon Islands,2013,,,,,,,45,30,27,,66.2,6.1,,66.6,66.4,75.4,72.6,10,30
SLB,Solomon Islands,2014,,,,,,,46.2,30,25,,61.4,21.3,,65.2,65.2,75.4,73,15,30
SLB,Solomon Islands,2015,,,,,,,47,30,25,,61.1,25.7,,67.7,68.6,74.3,73,15,30
SLB,Solomon Islands,2016,,,,,,,47,30,25,,61.4,25.2,,68.5,66.2,75.5,73,15,30
SLB,Solomon Islands,2017,,,,,,,55,39.3,33.9,41.9,62.8,34.4,99.8,68.5,70.5,81,83,15,30
SLB,Solomon Islands,2018,,,,,,,57.5,49.4,36.8,57.3,65.5,35.6,99.8,68.9,72.4,84,74.7,15,30
SLB,Solomon Islands,2019,,,,,,,54.6,49.9,33.5,51.7,65.5,36.5,89.4,68.6,72,86,56.8,15,30
SLB,Solomon Islands,2020,,,,,,,52.9,54.6,33.5,53.7,65.6,34.2,76.6,67.7,72,84.3,48,15,30
SLB,Solomon Islands,2021,,,,,,,56.5,46.1,35.2,55.9,66.3,55.3,92.2,58.9,73.8,80.6,68.6,15,30
SLB,Solomon Islands,2022,,,,,,,56.5,50.6,42.3,59.5,70.5,60.1,98,44.4,60.2,79,68.6,15,30
SLB,Solomon Islands,2023,,,,,,,56.9,52.5,60.8,44.8,71.5,62.4,86.9,45,60.9,83.8,68.6,15,30
SLB,Solomon Islands,2024,,,,,,,55,44.7,41.7,60.1,71.5,67.7,81.1,45.7,60.5,77.4,65.2,15,30
SLB,Solomon Islands,2025,,,,,,,56.3,48.2,42,61.9,70.6,70.2,95.3,50.1,60.5,76.2,55.4,15,30
SLE,Sierra Leone,1970,,,2.92,6.97,,5.04,,,,,,,,,,,,,
SLE,Sierra Leone,1975,4.48,6.86,2.85,5.72,2.02,5.04,,,,,,,,,,,,,
SLE,Sierra Leone,1980,4.32,7.14,2.72,5.9,1.02,4.4,,,,,,,,,,,,,
SLE,Sierra Leone,1985,3.12,7.43,2.72,0.8,1.15,3.24,,,,,,,,,,,,,
SLE,Sierra Leone,1990,2.99,6.71,2.32,0.05,3.72,2.29,,,,,,,,,,,,,
SLE,Sierra Leone,1995,3.87,5.9,2.06,3.74,5.73,2.23,49.8,50,10,,51.7,91.5,,70,,49.9,45,50,30
SLE,Sierra Leone,1996,,,,,,,52.3,50,10,,51.3,91.5,,70,,56.8,61,50,30
SLE,Sierra Leone,1997,,,,,,,45,30,10,,51.3,88.9,,70,,58.2,16.2,50,30
SLE,Sierra Leone,1998,,,,,,,47.7,30,10,,51.9,93.2,,70,,59,35,50,30
SLE,Sierra Leone,1999,,,,,,,47.2,30,10,,52.1,90.7,,55,,58.2,49,50,30
SLE,Sierra Leone,2000,4.61,6.1,2.38,6.47,4.47,3.7,44.2,30,10,,53.8,90.3,,55,,50.7,48.4,30,30
SLE,Sierra Leone,2001,4.56,6.6,2.4,6.26,3.82,3.7,,,,,,,,,,,,,
SLE,Sierra Leone,2002,4.79,6.3,2.51,5.72,5.43,4.05,,,,,,,,,,,,,
SLE,Sierra Leone,2003,4.93,6.38,2.71,5.73,5.76,4.15,42.2,10,10,,70.6,75.3,,40,,81.9,31.8,30,30
SLE,Sierra Leone,2004,4.88,6.44,2.75,5.42,5.7,4.15,43.6,10,10,,69.9,72.8,,40,,86.6,43,30,30
SLE,Sierra Leone,2005,5.15,6.51,2.77,5.59,6.28,4.67,44.8,10,22,,73.5,75.5,,40,32.5,81.7,53.2,30,30
SLE,Sierra Leone,2006,5.46,8.49,2.7,5.65,6.16,4.35,45.2,10,23,,75.1,68.9,,50.8,32,74,58.4,30,30
SLE,Sierra Leone,2007,5.81,8.64,3.02,6.17,6.15,5.11,47,10,24,,73,81.5,,50.5,32.7,72.9,55.2,30,40
SLE,Sierra Leone,2008,5.71,8.53,2.99,5.9,6.33,4.9,48.3,10,22,,81,81.8,,49.5,33.9,74.4,60.2,30,40
SLE,Sierra Leone,2009,6.11,8.71,4,6.5,6.3,5.07,47.8,10,21,,80.9,86.3,,57,33.4,73.8,66,30,20
SLE,Sierra Leone,2010,6.05,8.67,4.01,5.73,6.43,5.43,47.9,10,19,,80.9,80.5,,54.6,39,71.7,62.8,40,20
SLE,Sierra Leone,2011,5.74,7.13,4.1,5.62,6.51,5.39,49.6,10,22,,80.8,86.8,,54.9,39.4,74.2,62.8,45,20
SLE,Sierra Leone,2012,5.8,7.43,4.17,5.96,6.71,4.74,49.1,10,24,,80.9,84.3,,51.8,42,70.1,62.8,45,20
SLE,Sierra Leone,2013,5.83,7.12,4.23,6.33,6.67,4.81,48.3,10,25,,80.7,75.9,,51.5,26.3,68.5,70.2,55,20
SLE,Sierra Leone,2014,5.91,7.34,4.21,6.5,6.04,5.48,50.5,15,24.6,,80.7,85.7,,55.3,28.7,70.2,70.2,55,20
SLE,Sierra Leone,2015,5.82,7.22,4.25,6.36,5.78,5.51,51.7,10,30,,80.8,87.5,,53.4,41.6,68.5,70.2,55,20
SLE,Sierra Leone,2016,5.69,6.93,4.25,6.25,6.11,4.93,52.3,10,31,,81.2,92.6,,49.9,43.2,70.8,69.4,55,20
SLE,Sierra Leone,2017,5.56,7.07,4.31,5.62,6.08,4.74,52.6,37.4,18.9,27,81.3,90.2,76.2,49.6,29.7,71.1,69.4,60,20
SLE,Sierra Leone,2018,5.64,7.33,4.34,5.78,6.12,4.65,51.8,33.6,22,29.6,79.9,89.8,65.9,51.3,30.5,69.5,69.4,60,20
SLE,Sierra Leone,2019,5.95,7.64,4.36,6.26,6.62,4.87,47.5,35.5,26.2,34.5,87.3,84.4,13.2,44.9,29.3,65,69.4,60,20
SLE,Sierra Leone,2020,5.8,7.39,4.51,6.27,6,4.82,48,40.7,21.8,39.4,87.5,83.5,9.8,50.1,29.7,64.2,69.4,60,20
SLE,Sierra Leone,2021,5.77,7.18,4.46,6.4,6,4.81,51.7,42.3,30.5,45.7,86.7,85.9,39.7,49.6,30.1,65.1,64.6,60,20
SLE,Sierra Leone,2022,5.59,7.4,4.49,4.68,6.63,4.75,52,43.1,32.4,41.9,86.7,84.9,54,34.4,38.2,65.1,63.6,60,20
SLE,Sierra Leone,2023,,,,,,,50.2,34.4,42.8,34.4,87.2,81.1,40.8,34.6,38.3,67.6,61.5,60,20
SLE,Sierra Leone,2024,,,,,,,44.6,33.6,34.9,42,87.4,76.6,1.7,31.7,23.7,60.2,63.6,60,20
SLE,Sierra Leone,2025,,,,,,,48,33.8,36,41.5,87.8,89,53.8,37,23.7,50.2,63.6,40,20
SLV,El Salvador,1970,5.39,6.3,4.02,7.01,3.72,5.92,,,,,,,,,,,,,
SLV,El Salvador,1975,5.09,6.17,3.82,5.99,4.22,5.23,,,,,,,,,,,,,
SLV,El Salvador,1980,4.47,5.76,3.73,5.71,2.4,4.86,,,,,,,,,,,,,
SLV,El Salvador,1985,4.44,6.57,3.73,5.35,1.95,4.8,,,,,,,,,,,,,
SLV,El Salvador,1990,5.18,7.35,3.74,5.57,4.19,5.08,,,,,,,,,,,,,
SLV,El Salvador,1995,6.86,8.48,4.75,8.56,6.87,5.74,69.1,50,50,,83.8,93.6,,70,,69.4,65,70,70
SLV,El Salvador,1996,,,,,,,70.1,50,50,,83.7,92,,70,,72.5,73,70,70
SLV,El Salvador,1997,,,,,,,70.5,50,50,,83.6,92,,70,,74.1,75,70,70
SLV,El Salvador,1998,,,,,,,70.2,50,50,,83.5,91.9,,70,,75.1,71,70,70
SLV,El Salvador,1999,,,,,,,75.1,70,50,,83.6,90.3,,70,,79.1,73,90,70
SLV,El Salvador,2000,7.65,8.78,4.61,9.46,8.5,6.91,76.3,70,36,,83.7,94.1,,85,,82.9,75,90,70
SLV,El Salvador,2001,7.49,8.66,4.61,9.22,8.44,6.55,73,50,39,,83.7,94.1,,85,,87.6,77.2,70,70
SLV,El Salvador,2002,7.45,8.37,4.56,9.49,8.45,6.42,73,50,41,,83.7,93.3,,85,,86.3,77.4,70,70
SLV,El Salvador,2003,7.5,8.5,4.55,9.53,8.47,6.48,71.5,50,36,,83.7,93.1,,85,,83.8,72,70,70
SLV,El Salvador,2004,7.46,8.82,4.55,9.3,8.17,6.48,71.2,50,34,,83.6,90.8,,85,,85.2,72.2,70,70
SLV,El Salvador,2005,7.49,8.67,4.67,9.35,8.09,6.68,71.5,50,37,,83.5,92.7,,85,68.1,85.6,72.8,70,70
SLV,El Salvador,2006,7.61,8.66,4.63,9.41,8.33,7.05,69.6,50,42,,86.2,92.2,,57.9,68.6,82.9,76.4,70,70
SLV,El Salvador,2007,7.66,8.89,4.53,9.22,8.43,7.26,68.9,50,42,,83.5,90,,60.2,69,77.7,76.6,70,70
SLV,El Salvador,2008,7.6,8.73,4.58,9.03,8.5,7.19,68.5,50,40,,83.4,88.7,,59.5,69.9,76.8,76.6,70,70
SLV,El Salvador,2009,7.48,8.57,4.4,9.4,8.25,6.79,69.8,50,40,,85.7,87.9,,67.3,67.5,77.4,81.8,70,70
SLV,El Salvador,2010,7.4,8.66,4.32,9.41,7.85,6.78,69.9,50,39,,85.7,89.2,,67.4,64.5,74.1,83.8,75,70
SLV,El Salvador,2011,7.33,8.64,4.34,9.12,7.78,6.77,68.8,40,34,,85.8,88,,65.5,64.9,79.9,85,75,70
SLV,El Salvador,2012,7.3,8.46,4.36,9.42,7.71,6.53,68.7,40,36,,85.5,91.1,,63.2,65.3,82.1,79,75,70
SLV,El Salvador,2013,7.32,8.35,4.51,9.6,7.68,6.48,66.7,40,34,,85.7,85.4,,61.8,62,79.6,79,70,70
SLV,El Salvador,2014,7.39,8.35,4.45,9.59,8.05,6.48,66.2,40,34.3,,79.6,85.8,,59.6,63.3,80,79,70,70
SLV,El Salvador,2015,7.36,8.32,4.25,9.69,7.99,6.55,65.7,35,38,,79.4,85.5,,53.3,53.3,82.5,85.2,75,70
SLV,El Salvador,2016,7.39,8.29,4.21,9.84,8,6.63,65.1,35,39,,79.1,85.3,,56,52.6,83.4,85.8,75,60
SLV,El Salvador,2017,7.32,8.38,4.19,9.69,8.04,6.31,64.1,45.3,31.7,35.4,79,85.9,74.7,57.3,54.5,79.2,86.5,80,60
SLV,El Salvador,2018,7.3,8.41,4.18,9.63,7.92,6.35,63.2,37.3,25.2,35.4,78.9,86.3,78.5,58.2,52.9,79.8,86.4,80,60
SLV,El Salvador,2019,7.35,8.45,4.27,9.65,8.01,6.39,61.8,37.6,23.4,29.1,78.1,86.3,81.9,57.2,53.1,79,81.4,75,60
SLV,El Salvador,2020,7.13,8.46,4.32,9.54,7.47,5.86,61.6,41.6,31.6,30.1,77.8,82.8,80,53.6,52.3,78.6,80.8,70,60
SLV,El Salvador,2021,7.12,8.48,3.95,9.11,8.01,6.05,61,39.9,34.2,33.5,77.9,81,79.6,52.4,52.2,81,70.8,70,60
SLV,El Salvador,2022,7.01,8.44,3.93,8.71,7.98,6,59.6,43.2,36.1,46.8,77.7,74.7,50.3,65,54.6,76.8,69.4,60,60
SLV,El Salvador,2023,,,,,,,56,43,31.8,34.6,77.2,71.6,35.8,64.7,54.6,70.2,68.6,60,60
SLV,El Salvador,2024,,,,,,,54.4,41.6,33.6,14.4,76.6,71.7,42.8,62.5,54.8,64.9,70,60,60
SLV,El Salvador,2025,,,,,,,56.6,43.2,30.9,14.6,78.2,72.2,56.1,62.7,54.9,66.2,70.4,70,60
SOM,Somalia,1970,,,,,,,,,,,,,,,,,,,
SOM,Somalia,1975,,,,,,,,,,,,,,,,,,,
SOM,Somalia,1980,,,,,,,,,,,,,,,,,,,
SOM,Somalia,1985,,,,,,,,,,,,,,,,,,,
SOM,Somalia,1990,,,,,,,,,,,,,,,,,,,
SOM,Somalia,1995,,,,,,,,,,,,,,,,,,,
SOM,Somalia,2000,,,,8.47,,4.47,,,,,,,,,,,,,
SOM,Somalia,2001,,,,8.47,,4.47,,,,,,,,,,,,,
SOM,Somalia,2002,,,,8.47,,4.47,,,,,,,,,,,,,
SOM,Somalia,2003,,,,8.47,,4.47,,,,,,,,,,,,,
SOM,Somalia,2004,,,,8.47,,4.59,,,,,,,,,,,,,
SOM,Somalia,2005,,,,8.47,,4.81,,,,,,,,,,,,,
SOM,Somalia,2006,,,,8.47,,4.81,,,,,,,,,,,,,
SOM,Somalia,2007,,,,8.47,,4.81,,,,,,,,,,,,,
SOM,Somalia,2008,,,,8.47,,4.81,,,,,,,,,,,,,
SOM,Somalia,2009,,,,8.47,,4.81,,,,,,,,,,,,,
SOM,Somalia,2010,,,,8.47,,4.42,,,,,,,,,,,,,
SOM,Somalia,2011,,,,8.47,,4.42,,,,,,,,,,,,,
SOM,Somalia,2012,,,,8.47,,4.45,,,,,,,,,,,,,
SOM,Somalia,2013,,,,9.22,,4.45,,,10,,,,,,,,,,
SOM,Somalia,2014,,,,8.8,,4.45,,,5,,,,,,,,,,
SOM,Somalia,2015,,,,8.7,,4.13,,,8,,,,,,,,,,
SOM,Somalia,2016,,,,9.42,,4.12,,,8,,,,,,,,,,
SOM,Somalia,2017,,8.01,,9.4,,4.31,,6.8,11.6,,100,,0,92.3,91.8,,,,
SOM,Somalia,2018,,8.48,,9.27,,4.29,,33.1,17.8,25.4,,,,,,,,,
SOM,Somalia,2019,5.89,8.82,1.6,8.4,6.34,4.25,,33.7,7.9,26.6,,,,31.7,,,,,
SOM,Somalia,2020,5.97,8.76,1.62,8.87,6.34,4.27,,20.1,13.1,26.5,,,,31.6,,,,,
SOM,Somalia,2021,5.87,8.7,1.63,8.96,5.8,4.27,,27.8,11.5,23.3,,,,31.2,,,,,
SOM,Somalia,2022,5.95,8.7,1.63,8.76,6.39,4.27,,,,,,,,,,,,,
SOM,Somalia,2023,,,,,,,,0.3,1.7,5.5,,,,26.1,26.5,,,,
SOM,Somalia,2024,,,,,,,,,,,,,,,,,,,
SOM,Somalia,2025,,,,,,,,0,8.2,1.6,,,,,,,,,
SRB,Serbia,1970,,,5.8,,,,,,,,,,,,,,,,
SRB,Serbia,1975,,,5.76,,,,,,,,,,,,,,,,
SRB,Serbia,1980,,,5.76,,,,,,,,,,,,,,,,
SRB,Serbia,1985,,,5.76,,,,,,,,,,,,,,,,
SRB,Serbia,1990,,,4.76,,,,,,,,,,,,,,,,
SRB,Serbia,1995,,,4.28,,,,,,,,,,,,,,,,
SRB,Serbia,1996,,,,,,,,,,,,,,,,,,,
SRB,Serbia,1997,,,,,,,,,,,,,,,,,,,
SRB,Serbia,1998,,,,,,,,,,,,,,,,,,,
SRB,Serbia,1999,,,,,,,,,,,,,,,,,,,
SRB,Serbia,2000,,,4.67,1.01,,7.86,,,,,,,,,,,,,
SRB,Serbia,2001,,,4.93,0.01,,8.07,,,,,,,,,,,,,
SRB,Serbia,2002,4.9,6.62,4.99,0.9,,5.38,46.6,30,10,,89.8,74.8,,40,,46.8,88.4,10,30
SRB,Serbia,2003,5.28,6.62,4.99,2.46,,5.38,43.5,30,10,,79.8,89.2,,40,,34.2,68.4,10,30
SRB,Serbia,2004,5.53,6.62,4.99,3.43,,5.38,,,,,,,,,,,,,
SRB,Serbia,2005,5.54,6.62,4.98,3.27,7.22,5.63,,,,,,,,,,,,,
SRB,Serbia,2006,5.93,6.66,5.08,5.28,7.16,5.49,,,,,,,,,,,,,
SRB,Serbia,2007,6.32,7.28,5.21,6.07,7.51,5.53,,,,,,,,,,,,,
SRB,Serbia,2008,6.14,6.95,5.13,5.62,7.56,5.46,,,,,,,,,,,,,
SRB,Serbia,2009,6.31,6.88,5.07,6.31,7.38,5.89,56.6,40,34,,85.9,46.3,,56,70,65.8,78,40,50
SRB,Serbia,2010,6.38,6.72,5.23,6.77,7.35,5.85,56.9,40,34,,83.2,41.4,,58.9,72.2,64.5,75.2,50,50
SRB,Serbia,2011,6.44,6.79,5.28,6.66,7.33,6.15,58,40,35,,83.6,41.9,,59,68.9,66,75.2,60,50
SRB,Serbia,2012,6.59,6.89,5.28,7.27,7.35,6.16,58,40,35,,84.1,39.3,,56.5,68.7,68,77.9,60,50
SRB,Serbia,2013,6.65,6.86,5.11,7.31,7.42,6.57,58.6,40,33,,84.2,40.3,,60.2,70.4,65.3,77.9,65,50
SRB,Serbia,2014,6.79,6.89,5.12,7.85,7.68,6.42,59.4,40,34,,83.1,38.6,,59.3,70.1,66.9,77,75,50
SRB,Serbia,2015,6.92,6.85,5.18,7.95,7.68,6.94,60,45,42,,82.4,27.1,,57.8,70.4,72.2,78.2,75,50
SRB,Serbia,2016,6.98,6.82,5.2,8.13,7.7,7.04,62.1,50,41,,84.3,44.1,,60.2,66.2,77.5,77.8,70,50
SRB,Serbia,2017,6.99,6.99,5.21,8,7.81,6.93,58.9,50.3,38.2,40.2,83.3,40.3,46.9,62.9,65.9,80.8,77.8,70,50
SRB,Serbia,2018,7.03,6.84,5.34,8.13,7.84,7.02,62.5,46.2,36.5,48.2,83.5,40.6,67,68.3,69.2,82.9,87.4,70,50
SRB,Serbia,2019,7.08,6.68,5.39,8.19,8.07,7.06,63.9,50.1,37.2,44.8,82,45.1,90.1,72.9,67.4,80,77,70,50
SRB,Serbia,2020,6.82,6.21,5.39,8.1,7.46,6.92,66,55.4,44,46.8,83.7,49.7,94.1,72.6,66.9,80.7,78,70,50
SRB,Serbia,2021,6.86,6.03,5.44,7.7,8.09,7.01,67.2,57.9,45,50.6,92.5,49.6,94.6,71,67.3,81.1,77.2,70,50
SRB,Serbia,2022,6.7,6.23,5.45,6.7,8.06,7.06,65.2,58.8,37.9,50.4,90.9,42.5,85.7,74.4,62.9,81.6,77,70,50
SRB,Serbia,2023,,,,,,,63.5,58.7,50,37.8,87.9,37.6,73.5,74.3,68.1,78.6,76,70,50
SRB,Serbia,2024,,,,,,,62.7,58.6,36.8,50.4,87.1,36.3,73.9,74,67.8,70.9,76.6,70,50
SRB,Serbia,2025,,,,,,,64.4,58.9,37.2,50.8,87.3,40.2,91.2,74.7,66.6,68.5,77.2,70,50
STP,Sao Tome Principe,1995,,,,,,,,,,,,,,,,,,,
STP,Sao Tome Principe,1996,,,,,,,,,,,,,,,,,,,
STP,Sao Tome Principe,1997,,,,,,,,,,,,,,,,,,,
STP,Sao Tome Principe,1998,,,,,,,,,,,,,,,,,,,
STP,Sao Tome Principe,1999,,,,,,,,,,,,,,,,,,,
STP,Sao Tome Principe,2000,,,,,,,,,,,,,,,,,,,
STP,Sao Tome Principe,2001,,,,,,,,,,,,,,,,,,,
STP,Sao Tome Principe,2002,,,,,,,,,,,,,,,,,,,
STP,Sao Tome Principe,2003,,,,,,,,,,,,,,,,,,,
STP,Sao Tome Principe,2004,,,,,,,,,,,,,,,,,,,
STP,Sao Tome Principe,2005,,,,,,,,,,,,,,,,,,,
STP,Sao Tome Principe,2006,,,,,,,,,,,,,,,,,,,
STP,Sao Tome Principe,2007,,,,,,,,,,,,,,,,,,,
STP,Sao Tome Principe,2008,,,,,,,,,,,,,,,,,,,
STP,Sao Tome Principe,2009,,,,,,,43.8,30,27,,75,22,,45.1,48,61.4,60,40,30
STP,Sao Tome Principe,2010,,,,,,,48.8,30,27,,87.1,52.5,,43.5,47.6,59,66.6,45,30
STP,Sao Tome Principe,2011,,,,,,,49.5,30,28,,87.2,67.5,,32,46.4,62.2,66.6,45,30
STP,Sao Tome Principe,2012,,,,,,,50.2,30,30,,87,49.1,,53.2,46.1,64.6,66.6,45,30
STP,Sao Tome Principe,2013,,,,,,,48,20,30,,86.9,45.3,,53.5,38.6,66,60,50,30
STP,Sao Tome Principe,2014,,,,,,,48.8,20,32.5,,86.9,27.9,,52.6,44.7,68.3,75.3,50,30
STP,Sao Tome Principe,2015,,,,,,,53.3,25,42,,87.8,41.4,,65.1,45.8,70.7,75.2,50,30
STP,Sao Tome Principe,2016,,,,,,,56.7,25,42,,87.4,70.1,,65.9,46.1,67.6,73,60,30
STP,Sao Tome Principe,2017,,,,,,,55.4,37.7,39.7,15.9,87.8,67.9,67.1,65,47.2,69.6,71.8,65,30
STP,Sao Tome Principe,2018,,,,,,,53.6,38,39.4,28.2,82,69.5,45.8,65.9,42.7,70.1,71.8,60,30
STP,Sao Tome Principe,2019,,,,,,,54,37.4,35.5,26.6,87.2,67,62.3,65.1,42.7,70.5,64.2,60,30
STP,Sao Tome Principe,2020,,,,,,,56.2,41,37.4,26.5,88.3,77.1,73,64.8,43.4,68.1,64.2,60,30
STP,Sao Tome Principe,2021,,,,,,,55.9,36.8,39.5,23.3,88.4,79.7,74.6,62.8,43.2,67,65.2,60,30
STP,Sao Tome Principe,2022,,,,,,,60.3,44.1,48.7,62.2,88.2,83.1,85.9,49,41.6,65.9,65,60,30
STP,Sao Tome Principe,2023,,,,,,,61.5,52.1,61.8,47.6,88,83,89.5,52.6,41.7,66.5,65,60,30
STP,Sao Tome Principe,2024,,,,,,,60.5,51.6,46.6,61.4,88,80.5,87.8,52.5,41.5,60.6,65,60,30
STP,Sao Tome Principe,2025,,,,,,,60.4,53,47.7,60.6,88.6,81.5,93.6,52.8,45.2,57.2,65,50,30
SUR,Suriname,1970,,,3.02,,,,,,,,,,,,,,,,
SUR,Suriname,1975,,,3.03,,,,,,,,,,,,,,,,
SUR,Suriname,1980,,,2.91,,,,,,,,,,,,,,,,
SUR,Suriname,1985,,,3.81,,,,,,,,,,,,,,,,
SUR,Suriname,1990,,,3.77,,,,,,,,,,,,,,,,
SUR,Suriname,1995,,,4.12,,,,,,,,,,,,,,,,
SUR,Suriname,1996,,,,,,,36.7,50,10,,49.5,45.8,,70,,0,25,50,30
SUR,Suriname,1997,,,,,,,35.9,50,10,,41.7,61.1,,55,,0,25,50,30
SUR,Suriname,1998,,,,,,,39.9,50,10,,60.6,48.6,,55,,29.9,25,50,30
SUR,Suriname,1999,,,,,,,40.1,50,10,,69.6,13.8,,55,,57.8,25,50,30
SUR,Suriname,2000,,,3.9,0.77,,6.75,45.8,50,10,,69.6,56.7,,55,,66,25,50,30
SUR,Suriname,2001,,,3.89,0.77,,6.75,44.3,50,10,,63.8,78.1,,55,,36.7,25,50,30
SUR,Suriname,2002,,,3.9,2.81,,6.57,48,50,10,,65.7,65.3,,55,,39,66.8,50,30
SUR,Suriname,2003,,,3.9,1.2,,6.75,46.9,50,10,,67.3,48.1,,55,,45.4,66.8,50,30
SUR,Suriname,2004,,,3.89,4,,6.68,47.9,50,10,,61.4,62.2,,55,,58.1,54.4,50,30
SUR,Suriname,2005,5.58,7.28,4.07,4.02,,6.72,51.9,50,10,,66.6,70,,55,85.8,59.9,61.6,30,30
SUR,Suriname,2006,5.7,6.57,4.07,5.47,,6.56,55.1,50,43,,64.5,76.6,,42,86.2,67.1,61.6,30,30
SUR,Suriname,2007,6.5,7.19,4.06,8.21,,6.52,54.8,50,32,,67.8,75.6,,42,86.1,69.1,65,30,30
SUR,Suriname,2008,6.3,7.72,3.98,6.96,,6.46,54.3,50,30,,68,72.8,,41.9,86.3,69.2,65,30,30
SUR,Suriname,2009,6.75,7.28,4,9.19,,6.46,54.1,40,35,,67.7,75.5,,41.5,84.8,72.2,64.2,30,30
SUR,Suriname,2010,6.38,6.41,4.02,8.54,6.45,6.44,52.5,40,36,,66.9,77.8,,41,84.5,67.8,66.4,15,30
SUR,Suriname,2011,6.1,5.65,4.02,7.62,6.56,6.64,53.1,40,37,,68.1,80.3,,40.7,81.8,76.4,66.4,10,30
SUR,Suriname,2012,6.36,5.44,4.22,8.78,6.59,6.78,52.6,40,37,,63.2,67.5,,40.7,81.2,74.5,66.3,25,30
SUR,Suriname,2013,6.41,5.33,4.15,9.13,6.6,6.83,52,40,30,,71.6,72.5,,40.2,77.5,66.7,66.3,25,30
SUR,Suriname,2014,6.34,5.33,4.15,8.86,6.76,6.59,54.2,40,32.9,,69,78.3,,41.8,81.8,71.8,66.2,30,30
SUR,Suriname,2015,6.31,5.68,4.14,8.3,6.86,6.58,54.2,35,36,,69.3,73.8,,42.2,81.9,77.2,66.2,30,30
SUR,Suriname,2016,5.81,6.3,4.24,5.44,6.91,6.18,53.8,30,36,,69.4,70.3,,48.8,76.3,78.7,68.4,30,30
SUR,Suriname,2017,5.84,6.11,4.23,5.81,6.91,6.18,48,45.1,31.7,15.4,70.1,69.6,16.2,48.6,76.1,75.1,68.4,30,30
SUR,Suriname,2018,6.2,6.16,4.19,7.24,6.91,6.51,48.1,39.7,39.9,21.4,71.4,76.4,11.7,48.3,73.5,50.5,74.8,40,30
SUR,Suriname,2019,6.19,6.16,4.14,7.54,6.6,6.51,48.1,49.1,35.5,22.2,70.9,77.2,9.6,48.3,73.5,56,64.6,40,30
SUR,Suriname,2020,5.58,6.49,4.22,4.45,6.47,6.28,49.5,45.6,36.9,19.5,70.5,74.8,10.3,48.2,71.9,76.1,69.8,40,30
SUR,Suriname,2021,5.35,6.3,4.27,3.84,6.49,5.86,46.4,45.5,38.5,15.4,70,68.2,7.8,45.8,61.9,73.7,60.2,40,30
SUR,Suriname,2022,5.46,6.69,4.28,3.7,6.63,6.01,48.1,51.2,37.6,45.8,70.2,66.6,0,52.7,64.2,58.4,60.6,40,30
SUR,Suriname,2023,,,,,,,46.1,41.9,46.2,38.6,70.8,61.4,0,52.8,64.4,46,60.6,40,30
SUR,Suriname,2024,,,,,,,46.7,41.9,38.1,45.4,70.8,69.8,0,53.3,63.4,44.1,64.2,40,30
SUR,Suriname,2025,,,,,,,50.9,42.1,39.7,43.1,69.1,74,66.1,57.6,69,44.1,65.4,20,20
SVK,Slovak Republic,1970,,,,,,,,,,,,,,,,,,,
SVK,Slovak Republic,1975,,,,,,,,,,,,,,,,,,,
SVK,Slovak Republic,1980,,,,,,,,,,,,,,,,,,,
SVK,Slovak Republic,1985,,,,,,,,,,,,,,,,,,,
SVK,Slovak Republic,1990,,,6.18,8.6,,,,,,,,,,,,,,,
SVK,Slovak Republic,1995,6.15,5.21,6.19,7.05,7.35,4.95,60.4,70,50,,57.7,22.3,,85,,63.3,75,70,50
SVK,Slovakia,1996,,,,,,,57.6,50,50,,66.4,22,,70,,65.1,75,70,50
SVK,Slovakia,1997,,,,,,,55.5,50,50,,66.4,22,,70,,68.1,73,50,50
SVK,Slovakia,1998,,,,,,,57.5,50,50,,66.4,35.4,,70,,72.7,73,50,50
SVK,Slovakia,1999,,,,,,,54.2,50,50,,53,17.6,,70,,74,73,50,50
SVK,Slovak Republic,2000,6.81,6.06,6.24,7.3,7.74,6.72,53.8,50,39,,54.8,25,,70,,73.9,71.2,50,50
SVK,Slovak Republic,2001,6.91,6.05,6.06,7.68,7.87,6.89,58.5,50,37,,59.3,39.3,,70,,70.8,80.2,70,50
SVK,Slovak Republic,2002,6.93,5.85,6.07,7.89,7.69,7.17,59.8,50,35,,61.1,33.7,,70,,68.8,79.8,70,70
SVK,Slovak Republic,2003,6.9,5.98,6.13,6.98,8,7.44,59,50,37,,67.5,22.3,,70,,71.3,72.8,70,70
SVK,Slovak Republic,2004,7.58,6.82,6.63,8.39,8.51,7.52,64.6,50,37,,68.5,42.4,,70,,80.8,72.8,70,90
SVK,Slovak Republic,2005,7.62,6.86,6.79,9.01,8.01,7.45,66.8,50,37,,81.9,42.4,,70,75.7,78,72.8,70,90
SVK,Slovak Republic,2006,7.62,6.83,6.73,8.66,8.28,7.64,69.8,50,40,,89.5,52.5,,69.3,76.7,77.8,82.4,70,90
SVK,Slovak Republic,2007,7.68,6.99,6.63,8.75,8.37,7.69,69.6,50,43,,89.5,53.7,,70.7,76.1,76.6,86.6,70,80
SVK,Slovak Republic,2008,7.72,6.98,6.58,9.13,8.35,7.59,70,50,47,,89.4,53.9,,69.5,77.1,76.9,86,70,80
SVK,Slovak Republic,2009,7.67,6.61,6.51,9.49,8.44,7.31,69.4,50,49,,84.1,57.4,,73.4,75.3,78.7,85.8,70,70
SVK,Slovak Republic,2010,7.68,6.68,6.49,9.64,8.31,7.32,69.7,55,50,,84,64.5,,72.6,65.1,78.2,87.5,70,70
SVK,Slovak Republic,2011,7.74,6.82,6.72,9.48,8.25,7.48,69.5,50,45,,84.2,63.7,,73.4,64.5,81.6,87.6,75,70
SVK,Slovak Republic,2012,7.64,6.82,6.64,9.28,8.21,7.32,67,50,43,,84.2,48.2,,71,58.1,83.5,87.1,75,70
SVK,Slovak Republic,2013,7.66,6.59,6.63,9.66,8.21,7.26,68.7,50,40,,84.7,58,,71,72.2,79.1,86.8,75,70
SVK,Slovak Republic,2014,7.72,6.27,6.6,9.75,8.71,7.31,66.4,50,41.8,,80.2,56,,67,53.6,78.1,87.8,80,70
SVK,Slovak Republic,2015,7.63,5.92,6.62,9.73,8.63,7.28,67.2,50,47,,80.8,55.1,,69.6,56.5,75.5,88,80,70
SVK,Slovak Republic,2016,7.71,6.53,6.6,9.43,8.61,7.41,66.6,50,50,,80.1,49.5,,68.4,55,79.5,88,75,70
SVK,Slovak Republic,2017,7.68,6.54,6.64,9.13,8.7,7.39,65.7,69,39.6,38,79.7,47.2,82.9,64.9,54.4,81.1,87,75,70
SVK,Slovak Republic,2018,7.64,6.39,6.65,9.05,8.66,7.42,65.3,68.2,38.2,38.8,78.9,44.3,84.9,63.9,54,81,86.9,75,70
SVK,Slovak Republic,2019,7.66,6.38,6.66,9.15,8.68,7.43,65,68.5,37.7,37.2,78.6,46.1,87.2,61.3,53.4,78.6,86,75,70
SVK,Slovak Republic,2020,7.37,6.25,6.73,8.73,8.11,7.03,66.8,73.1,49.7,41.7,78.5,50.2,92.6,55.3,52.6,75.9,86.4,75,70
SVK,Slovak Republic,2021,7.49,6.31,6.74,8.93,8.35,7.11,66.3,71.5,48.8,44.4,78.4,47,93.4,55.6,52.2,74.8,84,75,70
SVK,Slovak Republic,2022,7.39,6.53,6.76,7.97,8.6,7.09,69.7,83.2,53.7,71.9,77.3,41.8,76,75.9,56.5,75.5,79.2,75,70
SVK,Slovakia,2023,,,,,,,69,84.2,70.6,56.8,77.3,41.2,62.4,72.2,64.7,74.8,78.6,75,70
SVK,Slovakia,2024,,,,,,,68.1,84.5,55.8,70.6,76.5,41.4,64.2,76.3,58.1,66.1,79.2,75,70
SVK,Slovakia,2025,,,,,,,68.4,84.3,57.2,69.9,76.7,38.7,69.8,77,58,64.5,79.6,75,70
SVN,Slovenia,1970,,,,,,,,,,,,,,,,,,,
SVN,Slovenia,1975,,,,,,,,,,,,,,,,,,,
SVN,Slovenia,1980,,,,,,,,,,,,,,,,,,,
SVN,Slovenia,1985,,,6.06,,,,,,,,,,,,,,,,
SVN,Slovenia,1990,,3.45,6.09,,,6.39,,,,,,,,,,,,,
SVN,Slovenia,1995,5.85,4.64,6.49,4.19,7.72,6.08,,,,,,,,,,,,,
SVN,Slovenia,1996,,,,,,,50.4,30,30,,69.3,34.6,,70,,60.5,59,30,70
SVN,Slovenia,1997,,,,,,,55.6,50,50,,51.4,36.2,,70,,64,59,50,70
SVN,Slovenia,1998,,,,,,,60.7,70,50,,51.8,37.3,,70,,68.4,59,70,70
SVN,Slovenia,1999,,,,,,,61.3,70,50,,52.4,39.5,,70,,70.8,59,70,70
SVN,Slovenia,2000,6.67,5.32,6.36,7.05,7.99,6.62,58.3,70,50,,52.9,36.5,,70,,71.9,73.6,50,50
SVN,Slovenia,2001,6.91,5.4,6.42,8.44,8.01,6.25,61.8,70,60,,52.8,47.1,,85,,73.6,67.4,50,50
SVN,Slovenia,2002,6.95,5.45,6.32,8.37,8.05,6.54,57.8,50,55,,51.8,41.9,,85,,72,64.2,50,50
SVN,Slovenia,2003,7.05,5.33,6.25,8.67,8.18,6.78,57.7,50,52,,53.1,40.6,,85,,76.7,62.2,50,50
SVN,Slovenia,2004,7.13,5.37,6.22,8.57,8.61,6.87,59.2,50,60,,54.4,40.6,,85,,77.3,65.2,50,50
SVN,Slovenia,2005,7.09,5.26,6.32,8.67,8.3,6.9,59.6,50,59,,55.6,45.3,,85,40.3,79.1,81.8,50,50
SVN,Slovenia,2006,7.04,5.32,6.4,8.55,8.24,6.7,61.9,50,60,,64,44.3,,75.1,41.6,81.7,82.4,70,50
SVN,Slovenia,2007,7.22,5.52,6.4,8.95,8.31,6.92,59.6,50,61,,54.6,30.9,,72.9,41.2,78.9,86.6,70,50
SVN,Slovenia,2008,7.18,5.47,6.46,8.9,8.25,6.8,60.2,50,64,,62.4,33.2,,74.1,42.4,79.5,86,60,50
SVN,Slovenia,2009,7.25,5.1,6.76,9.48,8.12,6.81,62.9,60,66,,62.9,38.4,,84.5,42.8,78.6,85.8,60,50
SVN,Slovenia,2010,7.12,4.93,6.65,9.3,8.05,6.66,64.7,60,67,,64,46.1,,83.3,43.5,76,87.5,70,50
SVN,Slovenia,2011,7.2,5.08,6.68,9.42,7.94,6.88,64.6,60,66,,65.1,41.1,,83.6,41.8,80.5,87.6,70,50
SVN,Slovenia,2012,7.2,5.14,6.63,9.35,7.87,7.01,62.9,60,64,,64.8,27.9,,81.4,42.2,81.2,87.1,70,50
SVN,Slovenia,2013,7.1,5.1,6.61,9.51,7.86,6.41,61.7,60,59,,65.7,22.3,,80.7,40.4,81.6,86.8,70,50
SVN,Slovenia,2014,7.3,4.94,6.81,9.67,8.29,6.81,62.7,60,61,,58.9,22.6,,85.4,51,80.3,87.8,70,50
SVN,Slovenia,2015,7.38,5.04,6.9,9.74,8.31,6.9,60.3,60,57,,58.1,0,,81.2,57.1,81.3,88,70,50
SVN,Slovenia,2016,7.41,5.44,6.9,9.51,8.3,6.88,60.6,60,58,,58.6,0,,82,55.4,84.3,88,70,50
SVN,Slovenia,2017,7.44,5.55,6.86,9.33,8.39,7.06,59.2,75,53.6,55.1,58.7,28.6,6.1,80.6,60.2,85.3,87,70,50
SVN,Slovenia,2018,7.41,5.41,6.9,9.3,8.38,7.07,64.8,76.6,52.1,57.7,58.7,31.2,66.3,79.5,61.3,87.3,86.9,70,50
SVN,Slovenia,2019,7.46,5.46,6.88,9.45,8.39,7.11,65.5,76.4,53.6,46.5,58.4,38.3,82.6,79.3,61.2,83.6,86,70,50
SVN,Slovenia,2020,7.06,4.73,6.83,9.14,7.85,6.78,67.8,76.5,67.4,48.6,59.2,42.9,90.3,78.4,61.4,82.2,86.4,70,50
SVN,Slovenia,2021,7.21,4.81,6.84,9.23,8.4,6.78,68.3,77.3,68.2,56.3,58.2,42.5,91.1,78.8,61.5,81.9,84,70,50
SVN,Slovenia,2022,7.14,5.14,6.94,8.4,8.45,6.78,70.5,89.7,66.7,91.6,57.2,36.4,77.4,79.7,63.3,85.1,79.2,70,50
SVN,Slovenia,2023,,,,,,,68.5,88.6,83.3,64.6,62.6,31.5,60.4,75.9,74.4,82.4,78.6,70,50
SVN,Slovenia,2024,,,,,,,65.9,88.2,60.6,91.9,57.4,27.1,47.4,79.1,65.4,74.1,79.2,70,50
SVN,Slovenia,2025,,,,,,,68.3,88.4,64.4,91.8,56.6,30.9,72.2,78.5,64.5,72.9,79.6,70,50
SWE,Sweden,1970,6.69,3.78,8.79,6.52,7.34,6.84,,,,,,,,,,,,,
SWE,Sweden,1975,6.95,4.34,8.8,7.42,8.01,6.13,,,,,,,,,,,,,
SWE,Sweden,1980,6.87,3.76,8.81,7.56,7.78,6.32,,,,,,,,,,,,,
SWE,Sweden,1985,7.28,4.19,8.82,8.1,8.74,6.49,,,,,,,,,,,,,
SWE,Sweden,1990,7.44,4.11,8.83,8.03,9.64,6.63,,,,,,,,,,,,,
SWE,Sweden,1995,7.55,3.84,8.79,9.54,9.54,6.17,61.4,70,90,,44,0,,70,,81.5,77,70,50
SWE,Sweden,1996,,,,,,,61.8,70,90,,45.2,0,,70,,84.5,77,70,50
SWE,Sweden,1997,,,,,,,63.3,70,89,,39.5,0,,70,,84.8,77,70,70
SWE,Sweden,1998,,,,,,,64,70,91,,37.3,0,,70,,88.3,79.4,70,70
SWE,Sweden,1999,,,,,,,64.2,70,94,,35.4,0,,70,,89.3,79.4,70,70
SWE,Sweden,2000,8.08,4.74,8.75,9.85,9.24,7.86,65.1,70,95,,34.1,0,,70,,94.2,83,70,70
SWE,Sweden,2001,7.86,4.58,8.68,9.5,9.13,7.45,66.6,90,94,,33.7,2.5,,70,,91.4,78,70,70
SWE,Sweden,2002,7.89,4.58,8.63,9.46,9.19,7.66,70.8,90,94,,31.4,2.5,,70,,89.7,79.6,90,90
SWE,Sweden,2003,7.9,4.46,8.68,9.51,9.2,7.68,70,90,90,,29.8,2.9,,70,,86.4,81.4,90,90
SWE,Sweden,2004,7.88,4.57,8.46,9.63,8.98,7.81,70.1,90,93,,32,0,,70,,85.8,79.8,90,90
SWE,Sweden,2005,7.88,4.74,8.63,9.68,8.54,7.82,69.8,90,93,,33.7,0,,70,65.2,86,80.2,90,90
SWE,Sweden,2006,7.79,4.83,8.7,9.47,8.64,7.34,70.9,90,92,,33.2,2.2,,96.1,65.1,87.7,82.4,90,70
SWE,Sweden,2007,7.78,4.82,8.79,9.25,8.66,7.39,69.3,90,92,,33.1,3.6,,94.2,65,83.8,81.4,80,70
SWE,Sweden,2008,7.74,4.78,8.81,9.1,8.59,7.43,70.8,90,92,,32.7,3.9,,95.6,65,82.8,86,80,80
SWE,Sweden,2009,7.77,4.55,8.79,9.44,8.65,7.45,70.5,90,93,,35,7.3,,95.9,55.5,82.1,85.8,80,80
SWE,Sweden,2010,7.9,4.7,8.73,9.49,8.51,8.08,72.4,95,93,,36.7,17.3,,95.5,54.9,79.5,87.5,85,80
SWE,Sweden,2011,7.88,4.79,8.64,9.39,8.41,8.15,71.9,90,92,,37.6,17.3,,95,54,80.1,87.6,85,80
SWE,Sweden,2012,7.91,4.7,8.64,9.75,8.31,8.15,71.7,90,92,,39.1,8.8,,94.6,54.6,80.9,87.1,90,80
SWE,Sweden,2013,7.91,4.67,8.57,9.87,8.28,8.14,72.9,90,93,,39.6,21,,93.2,53.6,82.1,86.8,90,80
SWE,Sweden,2014,7.99,4.73,8.62,9.83,8.65,8.13,73.1,90,92.3,,42.9,21.4,,91.1,52.9,82.5,87.8,90,80
SWE,Sweden,2015,8.03,4.81,8.72,9.8,8.64,8.19,72.7,90,89,,43,19.2,,87.9,54,85.5,88,90,80
SWE,Sweden,2016,7.95,4.74,8.55,9.68,8.6,8.18,72,90,87,,44.4,14.9,,89.7,53.5,87.1,88,85,80
SWE,Sweden,2017,7.9,4.8,8.51,9.53,8.68,8,74.9,88.6,87.4,82.2,44.4,21.7,93.4,90.8,53.2,85.3,87,85,80
SWE,Sweden,2018,7.81,4.72,8.38,9.54,8.66,7.76,76.3,92.6,92.9,88.2,43.9,23.2,96.1,89.3,53.7,83.8,86.9,85,80
SWE,Sweden,2019,7.8,4.67,8.36,9.55,8.65,7.76,75.2,89.5,88,84,43.2,26.7,96.6,88,53.9,82,86,85,80
SWE,Sweden,2020,7.69,4.45,8.42,9.52,8.42,7.65,74.9,88.8,91.4,79.9,43.6,25.8,97,85.3,53.8,81.2,86.4,85,80
SWE,Sweden,2021,7.77,4.7,8.34,9.36,8.67,7.78,74.7,86.6,92.5,79.1,43.6,29.5,97.6,83.2,53.9,81.5,84,85,80
SWE,Sweden,2022,7.61,4.87,8.33,8.7,8.71,7.45,77.9,97.3,95.7,97.1,44.9,26.4,95.8,84.6,65.4,83.6,79.2,85,80
SWE,Sweden,2023,,,,,,,77.5,96.6,95.6,95.7,45.1,26.2,96.2,84.6,65.9,80.9,78.6,85,80
SWE,Sweden,2024,,,,,,,77.5,96.2,93.2,95.4,50.6,28.5,97.1,84.9,65.9,74.4,79.2,85,80
SWE,Sweden,2025,,,,,,,77.9,96.5,92.3,95.6,51.6,31.5,97.3,84.6,66.1,74.3,79.6,85,80
SWZ,Eswatini,1970,,10,2.65,,,,,,,,,,,,,,,,
SWZ,Eswatini,1975,,10,2.64,,,,,,,,,,,,,,,,
SWZ,Eswatini,1980,,6.69,2.65,,,,,,,,,,,,,,,,
SWZ,Eswatini,1985,,5.38,2.66,,,,,,,,,,,,,,,,
SWZ,Eswatini,1990,,8.35,2.65,,,9.78,,,,,,,,,,,,,
SWZ,Eswatini,1995,,8.76,2.61,,,9.66,63.3,70,50,,63.5,69.3,,70,,69.3,58,70,50
SWZ,Eswatini,1996,,,,,,,58.6,70,30,,63.5,68.7,,70,,67.4,58,50,50
SWZ,Eswatini,1997,,,,,,,59.4,70,30,,63.1,67.5,,70,,67.5,46.6,70,50
SWZ,Eswatini,1998,,,,,,,62,70,30,,62,73.5,,70,,71.5,61,70,50
SWZ,Eswatini,1999,,,,,,,62.1,70,30,,63.2,72.8,,70,,72.2,61,70,50
SWZ,Eswatini,2000,7.05,9.65,1.91,7.59,,9.52,62.6,70,30,,63.1,76.5,,70,,72.7,61,70,50
SWZ,Eswatini,2001,7.08,10,1.9,7.59,,9.37,63.6,70,30,,73,74.8,,70,,73.9,61,70,50
SWZ,Eswatini,2002,7.05,9.9,1.95,8.34,,8.69,60.9,50,30,,72.7,71.2,,70,,73.4,61,70,50
SWZ,Eswatini,2003,7.08,10,1.95,8.34,,8.77,59.6,50,30,,73.5,72.5,,70,,72.9,68,50,50
SWZ,Eswatini,2004,6.87,10,1.93,8.31,,9.55,58.6,50,30,,74,71.7,,70,,69.7,62.2,50,50
SWZ,Eswatini,2005,6.67,9.12,2.65,8.25,,9.05,59.4,50,30,,74.4,70.8,,70,69.2,71.6,77.8,30,50
SWZ,Eswatini,2006,6.71,9.18,2.67,7.9,,10,61.4,50,30,,74.1,65.3,,70.4,70.2,75.7,77.8,50,50
SWZ,Eswatini,2007,6.35,6.52,2.66,7.89,,10,60.1,50,27,,72.3,66.1,,70.4,69.8,76.3,69,50,50
SWZ,Eswatini,2008,5.97,5.27,2.67,7.67,,9.7,58.4,50,25,,71.4,62.4,,69.5,71,76,69,50,40
SWZ,Eswatini,2009,5.42,5.11,2.67,7.59,,6.25,59.1,50,33,,64.3,70.6,,68.6,69.6,73.1,71.6,50,40
SWZ,Eswatini,2010,5.28,5.36,2.66,7.61,5.82,4.93,57.4,45,36,,63.1,55.5,,67.2,68.4,68.8,74.9,55,40
SWZ,Eswatini,2011,5.35,5.91,2.58,7.42,5.82,5.02,59.1,40,36,,67.2,65.9,,66.4,69.4,71,79.8,55,40
SWZ,Eswatini,2012,5.49,6.09,2.84,7.19,5.53,5.8,57.2,40,32,,67.2,56.5,,66.4,70.8,74.5,69.7,55,40
SWZ,Eswatini,2013,5.54,5.66,2.93,7.69,5.55,5.85,57.2,40,31,,74.4,51.3,,66,70.3,74.7,69.7,55,40
SWZ,Eswatini,2014,5.6,5.3,2.9,7.86,6.13,5.8,61.2,40,31.6,,74.7,70.9,,64.2,71.7,72.3,81.5,65,40
SWZ,Eswatini,2015,5.52,5.12,2.9,7.86,6.13,5.6,59.9,40,39,,76.4,68.6,,60.5,69.3,73.9,76,55,40
SWZ,Eswatini,2016,5.42,4.94,2.96,7.35,6.39,5.44,59.7,40,43,,70.9,64.9,,58.6,65.8,74.5,88.8,50,40
SWZ,Eswatini,2017,5.4,4.96,3,7.29,6.2,5.55,61.1,53.5,30.9,33.3,74.8,71.6,93.2,57.5,64.4,75.6,88.9,50,40
SWZ,Eswatini,2018,5.43,5.59,3.14,7.43,5.53,5.49,55.9,55.3,26.9,35.3,74.8,65.2,39.7,61.1,69.5,73.2,79.7,50,40
SWZ,Eswatini,2019,5.52,5.84,3.1,7.63,5.53,5.5,54.7,41.7,35,42.9,74.8,65.6,18.3,59.2,67.5,73.7,87.6,50,40
SWZ,Eswatini,2020,5.2,5.07,3.13,7.41,4.96,5.44,55.3,49.8,37.2,42.4,72.8,62.8,17.6,58.9,67.9,75.2,88.6,50,40
SWZ,Eswatini,2021,5.26,5.27,3.11,7.57,4.81,5.53,55.1,48.5,36.4,46.1,78.7,64.3,16.4,61.5,69.5,78.2,71.4,50,40
SWZ,Eswatini,2022,5.42,5.25,3.06,7.72,5.65,5.41,51.4,46.1,32.1,36.9,78.6,63.9,15.6,48.9,54.8,77.9,71.8,50,40
SWZ,Eswatini,2023,,,,,,,54.9,45.9,36.6,33,78.2,68.5,51.3,49.9,54.9,77.9,72.4,50,40
SWZ,Eswatini,2024,,,,,,,55.6,44.9,29.9,36.4,78.3,72.6,63.6,46.4,54.8,76.6,73.6,50,40
SWZ,Eswatini,2025,,,,,,,56.4,44.8,29.9,36.8,76.1,73.9,70.6,49.5,55.9,76.1,73.6,50,40
SYC,Seychelles,1970,,,5.49,,,,,,,,,,,,,,,,
SYC,Seychelles,1975,,6.52,5.79,,,9.59,,,,,,,,,,,,,
SYC,Seychelles,1980,,6.07,4.81,,,7.34,,,,,,,,,,,,,
SYC,Seychelles,1985,,4.37,4.85,,,7.35,,,,,,,,,,,,,
SYC,Seychelles,1990,,3.89,4.89,,,8.59,,,,,,,,,,,,,
SYC,Seychelles,1995,,2.04,5.57,,,8.66,,,,,,,,,,,,,
SYC,Seychelles,1996,,,,,,,,,,,,,,,,,,,
SYC,Seychelles,1997,,,,,,,,,,,,,,,,,,,
SYC,Seychelles,1998,,,,,,,,,,,,,,,,,,,
SYC,Seychelles,1999,,,,,,,,,,,,,,,,,,,
SYC,Seychelles,2000,6.13,3.19,6.17,8.78,,5.48,,,,,,,,,,,,,
SYC,Seychelles,2001,5.93,2.53,6.16,8.8,,5.41,,,,,,,,,,,,,
SYC,Seychelles,2002,6.77,4.67,6.2,9.68,,5.5,,,,,,,,,,,,,
SYC,Seychelles,2003,7.24,6.58,6.41,9.38,,5.41,,,,,,,,,,,,,
SYC,Seychelles,2004,7.15,7.07,6.44,7.79,,5.98,,,,,,,,,,,,,
SYC,Seychelles,2005,7.31,7.37,6.43,8.06,,6.07,,,,,,,,,,,,,
SYC,Seychelles,2006,7.23,5.93,6.42,8.12,,7.2,,,,,,,,,,,,,
SYC,Seychelles,2007,7.43,6.96,6.44,7.68,,7.27,,,,,,,,,,,,,
SYC,Seychelles,2008,5.83,7.49,5.88,3.94,,4.82,,,,,,,,,,,,,
SYC,Seychelles,2009,6.26,6.87,5.87,4.27,,6.75,47.8,50,45,,73.8,0,,65.5,57.1,78.1,28.4,50,30
SYC,Seychelles,2010,7.03,6.44,5.87,7.58,,7.04,47.9,50,48,,76.4,9.3,,64.2,59.8,57.9,33.4,50,30
SYC,Seychelles,2011,7.07,6.55,5.87,7.65,,7.04,51.2,50,48,,77.7,52.5,,62.4,58.1,54.9,33.4,45,30
SYC,Seychelles,2012,6.9,6.79,5.86,6.84,,6.99,53,50,48,,76,59.6,,62.3,58,67.4,33.4,45,30
SYC,Seychelles,2013,7.44,7.28,5.89,8.08,8.54,7.33,54.9,50,48,,77.6,56.9,,69.2,63.5,75.6,33.4,45,30
SYC,Seychelles,2014,7.36,6.13,5.89,9.12,8.27,7.38,56.2,50,48.5,,76.8,61.8,,67.6,68.5,75.1,33.4,50,30
SYC,Seychelles,2015,7.24,5.64,5.92,9.16,8.06,7.41,57.5,50,54,,79.8,59.4,,67.7,63.9,76,44,50,30
SYC,Seychelles,2016,7.29,5.8,5.98,9.09,8.09,7.46,62.2,50,55,,79.3,62,,66,62.1,79.7,83.4,55,30
SYC,Seychelles,2017,7.12,5.76,5.97,8.72,7.65,7.5,61.8,55.2,44.3,42.6,78.8,63.9,90.7,63.4,55.9,78.3,83.4,55,30
SYC,Seychelles,2018,7.26,5.6,6.02,8.82,8.28,7.6,61.6,60.7,38.8,38.8,73.4,63,90.6,63.4,57.5,81.5,86.7,55,30
SYC,Seychelles,2019,7.15,4.63,6.01,9.17,8.35,7.6,61.4,58.2,39.2,37.5,76.3,60.3,92,63.3,63.2,80,81.4,55,30
SYC,Seychelles,2020,6.75,4.23,6.12,8.06,7.73,7.6,64.3,68.3,53.3,46.4,76.8,58.9,93.2,65.3,62.8,78.6,82.6,55,30
SYC,Seychelles,2021,6.66,4.2,6.14,8.05,7.74,7.17,66.3,65.3,64.4,51.6,76.9,60.9,93.2,67.5,71.3,80.3,79,55,30
SYC,Seychelles,2022,6.98,4.2,6.14,8.99,8.35,7.21,61.1,78.8,65.2,62.4,76.4,42.5,36.7,61.2,61.7,82.1,81.2,55,30
SYC,Seychelles,2023,,,,,,,59.5,79.7,63.6,71.5,75.1,47.8,9.4,65.9,62.3,73.3,80.6,55,30
SYC,Seychelles,2024,,,,,,,60.4,72,72.1,65.2,79.1,54.6,12.4,76.9,50.8,77,80.2,55,30
SYC,Seychelles,2025,,,,,,,66.4,74,75,63.7,79.7,64.6,83.2,78.8,56.5,75.6,85.2,30,30
SYR,Syrian Arab Republic,1970,3.42,3.44,1.75,6.62,2.7,1.96,,,,,,,,,,,,,
SYR,Syrian Arab Republic,1975,3.65,2.96,1.72,7.65,3.67,1.96,,,,,,,,,,,,,
SYR,Syrian Arab Republic,1980,3.14,2.6,1.7,8.17,2.15,1.21,,,,,,,,,,,,,
SYR,Syrian Arab Republic,1985,2.69,2.53,1.71,6.06,1.69,1.52,,,,,,,,,,,,,
SYR,Syrian Arab Republic,1990,3.1,4.73,1.97,5.49,2.18,1.65,,,,,,,,,,,,,
SYR,Syrian Arab Republic,1995,3.42,5.06,2.23,6.46,2.21,1.62,,,,,,,,,,,,,
SYR,Syria,1996,,,,,,,42.3,30,10,,38.6,73.5,,85,,61,43,30,10
SYR,Syria,1997,,,,,,,43,30,10,,38.6,75.3,,85,,64.9,43,30,10
SYR,Syria,1998,,,,,,,42.2,30,10,,38.2,74.1,,85,,65.8,36.8,30,10
SYR,Syria,1999,,,,,,,39,30,10,,39.2,76.5,,55,,72.1,27.8,30,10
SYR,Syrian Arab Republic,2000,4.28,5.5,1.9,6.2,5.23,2.87,37.2,30,10,,39,65.3,,55,,80.1,15,30,10
SYR,Syrian Arab Republic,2001,4.68,5.41,2.49,7.56,5.23,2.94,36.6,30,10,,39.2,65.3,,55,,74.9,15,30,10
SYR,Syrian Arab Republic,2002,4.43,5.13,2.49,7.72,4.17,2.92,36.3,30,10,,40.4,63.3,,55,,73,15,30,10
SYR,Syrian Arab Republic,2003,4.33,5.04,2.49,7.27,4.17,2.93,41.3,30,10,,75.8,71,,55,,75.1,15,30,10
SYR,Syrian Arab Republic,2004,4.6,5.1,2.49,7.45,5.3,2.88,40.6,30,10,,62.7,72.1,,55,,80.5,15,30,10
SYR,Syrian Arab Republic,2005,4.73,5.39,2.48,7.16,5.97,2.89,46.3,30,34,,82.5,70.4,,55,63.7,72.6,15,30,10
SYR,Syrian Arab Republic,2006,4.65,5.45,2.45,6.82,5.89,2.87,51.2,30,34,,80.1,67.1,,58.9,56.3,72.1,54,30,30
SYR,Syrian Arab Republic,2007,4.88,5.84,2.62,7.58,5.74,2.94,48.3,30,34,,82.4,58.3,,58.4,57,69,54,30,10
SYR,Syrian Arab Republic,2008,4.6,6.01,2.53,6.02,6.12,2.64,47.2,30,29,,86.2,60.3,,53.8,52.1,66.2,54,30,10
SYR,Syrian Arab Republic,2009,4.86,5.9,2.43,6.97,6.27,2.96,51.3,30,24,,87,74.9,,61.4,54.9,67.2,54,40,20
SYR,Syrian Arab Republic,2010,4.9,6.16,2.44,6.85,5.97,3.2,49.4,25,21,,87,80.2,,59.2,64.7,63.3,54,20,20
SYR,Syrian Arab Republic,2011,5.24,6.77,2.36,8.19,5.97,3.17,51.3,30,26,,84.6,85.3,,55.9,55.8,69.7,65.4,20,20
SYR,Syrian Arab Republic,2012,4.35,6.65,2.33,5.64,4.18,3.05,51.2,30,25,,84.4,78.5,,60.1,50,70.9,72.8,20,20
SYR,Syrian Arab Republic,2013,4.37,7.47,2.31,4.7,4.46,3.01,,20,26,,86.2,,,59.3,48.9,71.5,72.8,10,20
SYR,Syrian Arab Republic,2014,4.27,7.01,2.31,4.7,4.4,3.05,,10,23.3,,,,,60.4,55.1,,,0,20
SYR,Syrian Arab Republic,2015,4.36,7.1,2.27,4.7,4.81,3.04,,10,17,,,,,57.3,49.1,,,0,20
SYR,Syrian Arab Republic,2016,4.21,6.34,2.23,4.7,4.81,3.05,,10,20,,,,,62.4,46.9,42.7,56.6,0,20
SYR,Syrian Arab Republic,2017,4.27,6.4,2.23,4.7,5.05,3.05,,37.3,30,22.6,,,0,66.4,55.7,,56.6,,
SYR,Syrian Arab Republic,2018,4.64,5.94,2.25,7.19,5.03,3.01,,36.7,23.1,22.1,,,13.8,61.8,59.2,44.2,56.6,0,
SYR,Syrian Arab Republic,2019,4.52,6.45,2.25,5.94,5.09,3.01,,37,20.3,24.4,,,,49.6,58.2,48.3,47,0,
SYR,Syrian Arab Republic,2020,3.93,5.97,2.25,5.74,2.67,3.01,,45.6,21.9,20.8,,,,48.9,59.3,58.8,51.6,0,
SYR,Syrian Arab Republic,2021,4.19,6.47,2.32,5.58,3.45,3.11,,42.5,25.9,19.7,,,,49.7,57.8,60.6,47,0,
SYR,Syrian Arab Republic,2022,4.28,6.31,2.26,6.57,3.13,3.15,,,,,,,,,,,,,
SYR,Syria,2023,,,,,,,,3,4.4,6.5,,,,35,46.5,,,,
SYR,Syria,2024,,,,,,,,,,,,,,,,,,,
SYR,Syria,2025,,,,,,,,2.6,3.3,3.7,,,,,,,,,
TCD,Chad,1970,,5.27,3.06,6.86,,,,,,,,,,,,,,,
TCD,Chad,1975,5.11,5.53,3.07,6.4,,7.21,,,,,,,,,,,,,
TCD,Chad,1980,4.9,4.92,2.81,6.59,,7.21,,,,,,,,,,,,,
TCD,Chad,1985,5.2,6.81,2.76,5.55,,7.21,,,,,,,,,,,,,
TCD,Chad,1990,4.89,6.94,2.8,5.68,,4.92,,,,,,,,,,,,,
TCD,Chad,1995,4.79,7.14,2.15,5.12,,3.88,,,,,,,,,,,,,
TCD,Chad,1996,,,,,,,,,,,,,,,,,,,
TCD,Chad,1997,,,,,,,45.1,30,10,,46.2,89.1,,55,,62.4,53.4,30,30
TCD,Chad,1998,,,,,,,46.6,30,10,,46.1,90.2,,55,,62.6,65.2,30,30
TCD,Chad,1999,,,,,,,47.2,30,10,,46,90,,55,,68.3,65.2,30,30
TCD,Chad,2000,5.16,7.09,1.94,6.47,5.45,4.78,46.8,30,10,,45.9,84.1,,55,,70.5,65.2,30,30
TCD,Chad,2001,5,7.08,1.94,5.4,5.49,4.99,46.4,30,10,,45.9,85.5,,55,,77.3,53.8,30,30
TCD,Chad,2002,5.21,7.52,1.94,5.95,5.49,4.99,49.2,30,10,,45.9,89.2,,55,,84.1,48.2,30,50
TCD,Chad,2003,5.16,6.95,1.95,6.24,5.63,5.03,52.6,30,10,,46,87.6,,55,,76.6,48.2,50,70
TCD,Chad,2004,4.97,6.57,1.93,6.3,5.11,4.96,53.1,30,10,,46,90.3,,55,,78.4,48.2,50,70
TCD,Chad,2005,4.83,6.78,1.95,5.63,4.9,4.85,52.1,30,10,,50.2,87.9,,55,43.3,88.1,56.6,50,50
TCD,Chad,2006,4.86,7.01,1.96,5.18,5.08,4.98,50,30,17,,49.8,85.2,,34,43.6,83,57,50,50
TCD,Chad,2007,4.79,6.67,1.97,5.24,5.04,4.97,50.1,20,17,,49.8,93.8,,49,44.3,77.7,59.2,40,50
TCD,Chad,2008,4.71,6.44,2,4.97,5.02,5.13,47.8,20,20,,49.9,94.9,,34.6,45,73.6,60,40,40
TCD,Chad,2009,4.57,6.32,2.16,4.53,5.06,4.77,47.5,20,18,,50.5,90.8,,35.7,42.6,78.6,58.4,40,40
TCD,Chad,2010,4.82,6.59,2.17,5.76,5.07,4.46,47.5,20,16,,50.5,89.2,,32.7,46.9,76.7,58.4,45,40
TCD,Chad,2011,4.73,6.38,2.11,5.78,5.06,4.31,45.3,20,16,,50.4,85.3,,25.3,44.8,70.6,55.6,45,40
TCD,Chad,2012,4.44,6.11,2.05,4.78,5.05,4.24,44.8,20,17,,50.2,74.2,,24.9,43.7,72.5,55.6,50,40
TCD,Chad,2013,4.86,6.17,2.09,6.34,5.04,4.65,45.2,20,20,,50.4,75.5,,25.2,40.5,74.6,55.6,50,40
TCD,Chad,2014,4.95,6.52,2.26,6.12,5.26,4.58,44.5,20,15.9,,46.2,80,,24.9,43.3,69.8,55.2,50,40
TCD,Chad,2015,5.06,7.27,2.27,6.04,5.21,4.53,45.9,20,19,,46.2,83.6,,27.1,47.7,75.6,55.2,45,40
TCD,Chad,2016,5.22,7.5,2.22,6.64,5.19,4.56,46.3,20,22,,46,84.3,,30.9,48.9,71.4,49.8,50,40
TCD,Chad,2017,5.32,7.51,2.45,7.01,5.25,4.38,49,30.6,24.6,24.1,46,87.2,74.6,27.5,44.9,74.3,54.7,60,40
TCD,Chad,2018,5.49,8.7,2.53,6.57,5.24,4.38,49.3,25.1,23.1,24.1,44.8,90.5,81.9,29.4,40.3,79.9,52.2,60,40
TCD,Chad,2019,5.48,8.48,2.53,6.79,5.25,4.36,49.9,26.7,23.2,24.6,46.1,92.4,85.2,28.1,43.2,82.3,47.2,60,40
TCD,Chad,2020,5.26,7.84,2.55,6.43,5.14,4.34,50.2,32.4,15.1,27.4,45.8,93.5,95.6,26.8,43,76.1,47.2,60,40
TCD,Chad,2021,5.15,7.24,2.45,6.53,5.14,4.37,50.4,27.7,21,25,44.6,93.9,96.1,25.3,42.9,76.7,52,60,40
TCD,Chad,2022,5.05,7.54,2.45,5.66,5.23,4.37,49.8,28.9,13.1,13.6,44.6,92.7,96.3,28.2,54.5,74.2,52,60,40
TCD,Chad,2023,,,,,,,52,28.2,14.5,12.6,78.1,91,93.7,28.4,53.4,76.8,47.3,60,40
TCD,Chad,2024,,,,,,,51.4,27.8,11.1,14.7,77.8,89.1,95.2,28.3,53.5,71.7,47.2,60,40
TCD,Chad,2025,,,,,,,52.2,27.4,14.1,14.5,78.5,92.9,97.9,28.7,53.5,72,47.2,60,40
TGO,Togo,1970,,4.15,2.15,6.89,,,,,,,,,,,,,,,
TGO,Togo,1975,4.75,3.14,2.18,5.09,,5.42,,,,,,,,,,,,,
TGO,Togo,1980,4.56,2.87,2.87,5.48,,5.42,,,,,,,,,,,,,
TGO,Togo,1985,5.34,4.5,2.88,6.59,,5.42,,,,,,,,,,,,,
TGO,Togo,1990,5.8,6.25,2.72,7.09,,5.7,,,,,,,,,,,,,
TGO,Togo,1995,5.09,6.81,2.82,5.38,,4.4,,,,,,,,,,,,,
TGO,Togo,1996,,,,,,,,,,,,,,,,,,,
TGO,Togo,1997,,,,,,,,,,,,,,,,,,,
TGO,Togo,1998,,,,,,,,,,,,,,,,,,,
TGO,Togo,1999,,,,,,,48.2,30,10,,77.4,86.6,,40,,66.9,63,30,30
TGO,Togo,2000,5.42,7.21,3.1,6.5,6.18,4.02,46.4,30,10,,54.3,86.8,,40,,73.8,63,30,30
TGO,Togo,2001,5.47,7.63,3.11,6.5,6.02,4.02,45.3,30,10,,54.2,93.3,,40,,78.9,61,30,10
TGO,Togo,2002,5.66,7.98,3.11,6.85,6.02,4.25,45.2,30,10,,54.3,89.2,,40,,82.7,61,30,10
TGO,Togo,2003,5.71,7.94,3.1,7.13,6.02,4.25,46.8,30,10,,52.3,88.9,,40,,78.9,61,30,30
TGO,Togo,2004,5.71,7.94,3.09,7.11,6.02,4.25,47,30,10,,52.4,92,,40,,78.7,59.8,30,30
TGO,Togo,2005,5.61,7.71,3.01,6.33,6.57,4.28,48.2,30,10,,52.2,94.9,,40,46.9,85.8,62,30,30
TGO,Togo,2006,5.64,7.34,3.03,6.6,6.62,4.49,47.3,30,10,,49.7,94.4,,37.3,48.3,86.5,57,30,30
TGO,Togo,2007,5.69,7.72,3.35,6.57,6.58,4.13,49.7,30,30,,54.7,92,,37.5,47.8,76.5,68.4,30,30
TGO,Togo,2008,5.39,7.29,3.18,5.65,6.56,4.19,48.9,30,24,,53.9,88.8,,36.4,48.3,78.2,69.2,30,30
TGO,Togo,2009,5.41,6.59,3.18,6.37,6.57,4.28,48.7,30,23,,53.7,86.6,,36.6,44.7,81.5,70.6,30,30
TGO,Togo,2010,5.3,5.82,3.23,6.29,6.59,4.6,47.1,30,27,,56.2,86,,36.8,43.3,74.5,62.8,25,30
TGO,Togo,2011,5.37,5.64,3.4,6.23,6.58,5.03,49.1,30,28,,68.1,88.6,,36.8,43.7,78.1,62.2,25,30
TGO,Togo,2012,5.46,6.16,3.4,6.31,6.6,4.85,48.3,30,24,,68.6,85.6,,34.8,45.2,78.3,61.7,25,30
TGO,Togo,2013,5.77,6.9,3.67,6.56,6.6,5.13,48.8,30,24,,68.5,81.6,,39.9,44.2,78.5,56.7,35,30
TGO,Togo,2014,5.89,7.43,3.73,6.77,6.37,5.14,49.9,30,23.8,,69.7,82.4,,43.3,42.8,79.3,62.8,35,30
TGO,Togo,2015,5.88,7.14,3.84,6.57,6.24,5.61,53,30,29,,69.7,78.1,,51.9,43.4,80.4,67.8,50,30
TGO,Togo,2016,5.88,6.71,3.95,6.72,6.25,5.75,53.6,30,29,,68.7,80.4,,51.4,46.2,79.5,71.2,50,30
TGO,Togo,2017,6.2,7.45,4.51,6.79,6.24,6.03,53.2,33.8,36.8,39.9,68.2,79.8,45.1,50.3,46.2,77.5,71.3,60,30
TGO,Togo,2018,6.32,7.64,4.86,6.9,6.22,6,47.8,32.7,31.4,28.2,64.3,73.3,7.5,49.7,45.2,78.5,67.2,65,30
TGO,Togo,2019,6.33,7.61,4.81,6.99,6.21,6.03,50.3,35.5,28.1,29.6,67.8,77,24.5,50.4,46.7,79.1,69.4,65,30
TGO,Togo,2020,6.22,7.04,4.83,6.98,6.1,6.14,54.1,41.6,31.2,31.7,67.5,78.6,59.4,55,46.9,79.5,63.2,65,30
TGO,Togo,2021,6.2,7.08,4.83,6.79,6.1,6.22,57.5,44.5,32.2,28.2,68,84.8,89.9,60.6,47.1,79.7,65.4,60,30
TGO,Togo,2022,6.07,6.92,4.83,6.29,6.21,6.08,57.2,36.8,28.8,35.1,68.7,88.9,88.8,51.5,54.5,77.3,65.6,60,30
TGO,Togo,2023,,,,,,,55.3,35.8,36.8,30.1,70.2,87.1,69.4,51.2,51.9,73.4,67.2,60,30
TGO,Togo,2024,,,,,,,50.9,36.6,27.5,37,69.6,83,19.9,51.2,51.9,69.1,65,60,40
TGO,Togo,2025,,,,,,,52.3,37,31.6,37.1,70.5,81.6,21.7,59.9,51.9,69.8,66.8,60,40
THA,Thailand,1970,5.62,6.5,4.6,6.71,4.87,5.44,,,,,,,,,,,,,
THA,Thailand,1975,5.8,7,4.63,6,5.02,6.4,,,,,,,,,,,,,
THA,Thailand,1980,5.59,6.3,4.86,6.16,4.99,5.66,,,,,,,,,,,,,
THA,Thailand,1985,5.88,5.94,4.9,6.67,5.19,6.83,,,,,,,,,,,,,
THA,Thailand,1990,6.51,7.68,5.17,7.79,5.19,6.84,,,,,,,,,,,,,
THA,Thailand,1995,7.41,7.9,5.89,9.43,6.55,7.31,71.3,90,70,,74.6,92.8,,70,,77.7,66.4,50,50
THA,Thailand,1996,,,,,,,71,90,70,,74.5,92.1,,70,,76.4,66.4,50,50
THA,Thailand,1997,,,,,,,66.1,90,28,,74.2,91.3,,70,,75.3,66.4,50,50
THA,Thailand,1998,,,,,,,67.3,70,33,,74.2,91.9,,70,,74.8,71.6,70,50
THA,Thailand,1999,,,,,,,66.9,70,31,,74.6,91.2,,70,,74.9,71.2,70,50
THA,Thailand,2000,6.72,6.87,6.05,6.67,7.13,6.85,66.6,70,30,,75.3,88,,70,,72.9,73.2,70,50
THA,Thailand,2001,6.73,7.08,6.1,6.66,7.18,6.58,68.9,70,32,,75.4,90.3,,70,,84.6,77.6,70,50
THA,Thailand,2002,6.78,7.02,6.15,6.84,7.16,6.66,69.1,70,32,,75.3,90.3,,70,,86.4,77.8,70,50
THA,Thailand,2003,6.81,7.32,5.89,6.92,7.01,6.84,65.8,70,32,,75.2,93.1,,70,,87.3,64.8,50,50
THA,Thailand,2004,6.86,7.52,5.85,6.95,7.08,6.87,63.7,50,32,,75.5,91.1,,70,,88.9,65.6,50,50
THA,Thailand,2005,6.81,7.19,5.97,6.81,6.96,7.11,62.5,50,33,,75.2,90.1,,70,76.8,82.3,67.6,30,50
THA,Thailand,2006,6.85,7.55,5.88,6.71,7.15,6.94,63.3,50,36,,74.9,92.1,,73.8,77,80.3,68.4,30,50
THA,Thailand,2007,6.81,7.31,5.94,6.97,6.91,6.87,63.5,50,38,,74.8,91.3,,73,76.4,77.6,74.2,30,50
THA,Thailand,2008,6.86,7.45,5.88,6.75,7.32,6.89,62.3,50,36,,74.7,90.7,,72.2,77.7,66.7,75.2,30,50
THA,Thailand,2009,6.77,7.14,5.66,7.13,7.08,6.83,63,50,33,,74.4,90.6,,71.1,76.5,69,75.6,30,60
THA,Thailand,2010,6.67,7.2,5.42,6.86,6.86,7,64.1,45,35,,74.7,89.8,,70.7,73.6,66.4,75.9,40,70
THA,Thailand,2011,6.63,7.3,5.28,6.76,6.87,6.94,64.7,45,34,,74.8,90.6,,69.9,76.3,70.8,75.9,40,70
THA,Thailand,2012,6.63,7.34,5.23,6.76,6.9,6.94,64.9,45,35,,75.1,87.5,,72.5,79,69.3,75.2,40,70
THA,Thailand,2013,6.61,7.29,5.19,6.83,6.75,6.97,64.1,45,34,,78.9,83.7,,73.2,72.9,68.3,75.2,40,70
THA,Thailand,2014,6.63,7.35,5.13,6.84,6.99,6.84,63.3,45,33.6,,79.7,83.6,,71.4,61.6,68.6,75,45,70
THA,Thailand,2015,6.83,6.89,5.22,8.24,6.99,6.81,62.4,40,35,,81.5,81.4,,72.5,63.5,69.9,75.4,45,60
THA,Thailand,2016,6.9,6.81,5.17,8.5,7.17,6.86,63.9,40,38,,81.1,82.2,,76.3,62.5,70.9,77.6,50,60
THA,Thailand,2017,6.95,7.07,5.13,8.48,7.3,6.76,66.2,51.3,40.7,41.7,81,85.3,96.3,69.9,62.8,72.9,82.8,50,60
THA,Thailand,2018,6.96,7.09,5.11,8.48,7.28,6.83,67.1,48.6,34.7,45.3,81.3,85.5,96.4,77.2,62.6,75.5,83.1,55,60
THA,Thailand,2019,6.99,7.13,5.13,8.54,7.35,6.8,68.3,53.7,36.4,45.9,81.3,85.8,96.5,82.5,63.9,75.2,83,55,60
THA,Thailand,2020,7.06,6.9,5.18,9.6,6.93,6.7,69.4,59.5,43.4,48,80.7,85.9,96.4,83,63.7,74,83,55,60
THA,Thailand,2021,7.02,6.86,5.2,9.55,6.87,6.62,69.7,60,45.1,48.1,81.5,86,96.4,85.3,64.3,74.4,80,55,60
THA,Thailand,2022,6.94,6.87,5.22,8.98,7.08,6.52,63.2,44.2,38.5,36.2,81.3,84.4,89.8,63.4,59.6,74.2,71.6,55,60
THA,Thailand,2023,,,,,,,60.6,44.2,35.1,37.7,81,81.5,65.2,66.6,56.6,73.4,70.8,55,60
THA,Thailand,2024,,,,,,,59,45,38.1,35.2,81.1,80.3,46.8,70.3,56.3,66.7,72.8,55,60
THA,Thailand,2025,,,,,,,60.6,45.1,38.4,34.6,81.3,81.7,61.3,70.9,56.4,70.2,72.4,55,60
TJK,Tajikistan,1970,,,,,,,,,,,,,,,,,,,
TJK,Tajikistan,1975,,,,,,,,,,,,,,,,,,,
TJK,Tajikistan,1980,,,,,,,,,,,,,,,,,,,
TJK,Tajikistan,1985,,,5.17,,,,,,,,,,,,,,,,
TJK,Tajikistan,1990,,0.68,5.13,,,,,,,,,,,,,,,,
TJK,Tajikistan,1995,,10,3.47,,,6.62,,,,,,,,,,,,,
TJK,Tajikistan,1996,,,,,,,,,,,,,,,,,,,
TJK,Tajikistan,1997,,,,,,,,,,,,,,,,,,,
TJK,Tajikistan,1998,,,,,,,41.1,30,10,,57.5,89.3,,55,,0,68.4,30,30
TJK,Tajikistan,1999,,,,,,,41.2,30,10,,57.7,89.3,,55,,0,68.4,30,30
TJK,Tajikistan,2000,6.45,6.86,2.94,7.9,,7.77,44.8,30,10,,57.6,90.3,,55,,25.6,75,30,30
TJK,Tajikistan,2001,6.81,8.09,2.95,7.9,,8,46.8,30,10,,58,92.3,,55,,46.6,69,30,30
TJK,Tajikistan,2002,6.49,7.86,2.91,6.83,,8,47.3,30,10,,61.6,91.3,,55,,48.9,69,30,30
TJK,Tajikistan,2003,5.54,6.72,2.94,6.06,,6.11,46.5,30,10,,74,94,,55,,46.9,69,30,10
TJK,Tajikistan,2004,5.36,5.66,2.93,7.8,,4.83,48.7,30,10,,85,93,,55,,56.3,69,30,10
TJK,Tajikistan,2005,5.99,5.64,3.68,7.81,,6.36,50.4,30,18,,84.8,88.9,,55,60.3,58.6,68.4,30,10
TJK,Tajikistan,2006,6.12,8.37,3.67,6.09,,6.88,52.6,30,20,,91.1,89.1,,39.2,60.3,65.1,70.8,30,30
TJK,Tajikistan,2007,5.12,6.11,3.67,5.28,,5.53,53.6,30,21,,89.7,87.6,,39.2,60.1,67,71,30,40
TJK,Tajikistan,2008,5.16,6.18,3.66,4.94,,6.09,54.4,30,22,,89.3,84.1,,44.4,60.2,65.8,77.8,30,40
TJK,Tajikistan,2009,5.27,5.75,3.66,6.37,,4.97,54.6,30,21,,89.3,85.9,,45.1,58.7,63.2,82.6,30,40
TJK,Tajikistan,2010,5.54,5.96,3.67,7.05,5.95,5.07,53,25,20,,88.9,78,,57.4,54.4,58.4,82.5,25,40
TJK,Tajikistan,2011,5.7,5.86,3.73,7.59,6.07,5.26,53.5,25,20,,88.6,77.3,,60.7,56.4,64.5,82.5,20,40
TJK,Tajikistan,2012,5.78,5.91,3.69,8.51,6.09,4.69,53.4,20,21,,89,75.5,,61.6,56.8,67.4,82.5,20,40
TJK,Tajikistan,2013,5.8,5.9,3.59,7.53,6.13,5.87,53.4,20,23,,92.8,78.1,,61.7,55.5,64.6,78.2,20,40
TJK,Tajikistan,2014,5.9,5.79,3.7,7.59,6.41,6.03,52,20,19.4,,92.3,78.1,,58.4,45.5,67.7,73.2,25,40
TJK,Tajikistan,2015,5.87,5.68,3.88,7.52,6.43,5.85,52.7,20,22,,92.1,81.9,,65.4,46.4,69.6,74.6,25,30
TJK,Tajikistan,2016,5.92,5.7,3.89,7.47,6.44,6.09,51.3,20,23,,91.6,76.9,,61.1,47.3,69.8,68.6,25,30
TJK,Tajikistan,2017,5.82,5.65,4,7.38,6.07,6.02,58.2,45.5,32.7,45.6,90.9,74.1,95.8,65.6,49.2,69.8,73.9,25,30
TJK,Tajikistan,2018,6.05,5.63,4.09,7.74,6.63,6.16,58.3,46.8,38.2,50.3,91.8,71.4,90.4,63.4,52.2,69.6,70.6,25,30
TJK,Tajikistan,2019,6.26,5.73,4.06,8.45,6.84,6.2,55.6,47.8,36.4,52.1,91.8,64.6,60.3,67.3,49.2,68.5,73.6,25,30
TJK,Tajikistan,2020,6.23,5.75,4.06,8.39,6.79,6.17,52.2,49.1,32,50,91.8,62.3,26,65.9,47.7,71,75,25,30
TJK,Tajikistan,2021,6.28,5.82,4.01,8.57,6.78,6.22,55.2,41.6,35.2,48.8,91.9,68.6,75.1,62.3,46.2,68.5,69.6,25,30
TJK,Tajikistan,2022,6.46,5.78,4.07,9.08,7.19,6.18,49.7,29.5,17.8,9.1,95.3,72.4,80,56.9,43.1,67.1,69.6,25,30
TJK,Tajikistan,2023,,,,,,,50.6,29.2,11.7,17.7,92,75.2,87.2,56.8,43.6,66.3,72.2,25,30
TJK,Tajikistan,2024,,,,,,,51.3,29.4,17.3,12.4,92.6,76.1,93,56.2,43.7,67.8,72.2,25,30
TJK,Tajikistan,2025,,,,,,,51.5,28.8,15.7,11.2,92.3,75,97.3,56.2,43.6,71,72.2,25,30
TKM,Turkmenistan,1995,,,,,,,,,,,,,,,,,,,
TKM,Turkmenistan,1996,,,,,,,,,,,,,,,,,,,
TKM,Turkmenistan,1997,,,,,,,,,,,,,,,,,,,
TKM,Turkmenistan,1998,,,,,,,35,30,10,,56.2,84.1,,55,,0,40,30,10
TKM,Turkmenistan,1999,,,,,,,36.1,30,10,,57.5,92.3,,55,,0,40,30,10
TKM,Turkmenistan,2000,,,,,,,37.6,30,10,,83.3,79.7,,55,,15.4,25,30,10
TKM,Turkmenistan,2001,,,,,,,41.8,30,10,,84.6,79.7,,55,,51.9,25,30,10
TKM,Turkmenistan,2002,,,,,,,43.2,30,10,,85.1,81.3,,55,,62.5,25,30,10
TKM,Turkmenistan,2003,,,,,,,51.3,30,10,,90.1,88.7,,55,,63.3,85,30,10
TKM,Turkmenistan,2004,,,,,,,50.7,30,10,,89.9,80.8,,55,,65.6,85,30,10
TKM,Turkmenistan,2005,,,,,,,47.6,10,10,,89.9,90.8,,55,30,68.3,81.6,30,10
TKM,Turkmenistan,2006,,,,,,,43.8,10,20,,90.8,88.7,,30,30,69.4,79.2,10,10
TKM,Turkmenistan,2007,,,,,,,43,10,18,,91.7,85.3,,30,30,65.9,79.2,10,10
TKM,Turkmenistan,2008,,,,,,,43.4,10,22,,90.6,85.3,,30,30,66.4,79.2,10,10
TKM,Turkmenistan,2009,,,,,,,44.2,10,20,,90.9,93.6,,30,30,68,79.2,10,10
TKM,Turkmenistan,2010,,,,,,,42.5,10,18,,90.2,94.7,,30,30,62.8,79.2,0,10
TKM,Turkmenistan,2011,,,,,,,43.6,10,18,,93.6,95.5,,30,30,69.6,79.2,0,10
TKM,Turkmenistan,2012,,,,,,,43.8,10,16,,98.4,93.5,,30,30,71,79.2,0,10
TKM,Turkmenistan,2013,,,,,,,42.6,5,16,,94,91.7,,30,30,70.6,79.2,0,10
TKM,Turkmenistan,2014,,,,,,,42.2,5,13.4,,95.2,93,,30,30,65.9,79.2,0,10
TKM,Turkmenistan,2015,,,,,,,41.4,5,17,,94,93.5,,30,20,64.2,80,0,10
TKM,Turkmenistan,2016,,,,,,,41.9,5,17,,95.3,92.2,,30,20,69.4,80,0,10
TKM,Turkmenistan,2017,,,,,,,47.4,32.4,29.6,5,95.3,92.3,98.9,30,20,74.8,80,0,10
TKM,Turkmenistan,2018,,,,,,,47.1,29.8,27.3,5,95.9,92.2,98.6,30,20,76.3,80,0,10
TKM,Turkmenistan,2019,,,,,,,48.4,31.6,20.3,29.8,95.9,92,92.3,30,20,73.4,76,10,10
TKM,Turkmenistan,2020,,,,,,,46.5,20.1,21.4,20,95.9,93.1,94.5,30,20,68.7,74.2,10,10
TKM,Turkmenistan,2021,,,,,,,47.4,27.7,22,20,92.6,93.2,96.3,30,20,72.8,74.2,10,10
TKM,Turkmenistan,2022,,,,,,,46.2,19,7.4,8.3,92.6,94.5,98,37.5,30.7,72.7,74.2,10,10
TKM,Turkmenistan,2023,,,,,,,46.5,19.1,9.7,8.1,94.3,96.2,99.8,37.3,31.4,67.8,74.2,10,10
TKM,Turkmenistan,2024,,,,,,,46.3,18.1,7.8,10,94.3,96.7,99.9,37.3,30.3,67.4,74.2,10,10
TKM,Turkmenistan,2025,,,,,,,47.1,17.7,7.3,8.2,94.2,96.7,100,37.4,33.9,75.1,74.2,10,10
TLS,Timor-Leste,1970,,,1.72,,,,,,,,,,,,,,,,
TLS,Timor-Leste,1975,,,2.33,,,,,,,,,,,,,,,,
TLS,Timor-Leste,1980,,,2.32,,,,,,,,,,,,,,,,
TLS,Timor-Leste,1985,,,2.32,,,,,,,,,,,,,,,,
TLS,Timor-Leste,1990,,,2.29,,,,,,,,,,,,,,,,
TLS,Timor-Leste,1995,,,2.28,,,,,,,,,,,,,,,,
TLS,Timor Leste,1996,,,,,,,,,,,,,,,,,,,
TLS,Timor Leste,1997,,,,,,,,,,,,,,,,,,,
TLS,Timor Leste,1998,,,,,,,,,,,,,,,,,,,
TLS,Timor Leste,1999,,,,,,,,,,,,,,,,,,,
TLS,Timor-Leste,2000,4.56,4.26,3.18,3.41,,6.44,,,,,,,,,,,,,
TLS,Timor-Leste,2001,4.53,4.26,3.09,3.41,,6.44,,,,,,,,,,,,,
TLS,Timor-Leste,2002,4.76,4.26,3.03,4.73,,6.26,,,,,,,,,,,,,
TLS,Timor-Leste,2003,4.44,4.26,3.02,3.38,,6.23,,,,,,,,,,,,,
TLS,Timor-Leste,2004,4.69,4.54,3.12,4.12,,6.23,,,,,,,,,,,,,
TLS,Timor-Leste,2005,5.03,5.76,3.05,4.53,,6.49,,,,,,,,,,,,,
TLS,Timor-Leste,2006,5.96,4.26,3,8.26,,6.21,,,,,,,,,,,,,
TLS,Timor-Leste,2007,5.61,4.26,3,6.55,,6.96,,,,,,,,,,,,,
TLS,Timor-Leste,2008,5.66,4.44,3.01,6.65,,6.91,,,,,,,,,,,,,
TLS,Timor-Leste,2009,6.2,4.44,3.03,8.35,,6.87,50.5,20,26,,64.7,84,,47,66,74.1,73,30,20
TLS,Timor-Leste,2010,6.1,4.44,3.04,7.88,,6.99,45.8,20,22,,64.7,54.1,,46.2,65.6,72.5,73,20,20
TLS,Timor-Leste,2011,6.18,4.83,3.08,7.69,8.15,7.15,42.8,20,22,,64.7,0,,44.2,76.5,78.1,73,30,20
TLS,Timor-Leste,2012,6.29,4.59,3.87,7.98,7.97,7.08,43.3,20,25,,64.7,0,,43.1,75.1,77.4,73,35,20
TLS,Timor-Leste,2013,6.32,4.86,3.81,7.7,8.16,7.1,43.7,20,24,,64.7,0,,44.8,81.2,69.3,73,40,20
TLS,Timor-Leste,2014,6.43,4.86,3.74,8.9,7.83,6.83,43.2,20,25.4,,64.7,0,,45.4,79.2,68.3,64.4,45,20
TLS,Timor-Leste,2015,6.39,4.72,3.77,8.85,7.81,6.79,45.5,20,30,,64.7,0,,59.8,72,68.7,79.6,40,20
TLS,Timor-Leste,2016,6.13,4.71,3.77,8.82,7.79,5.57,45.8,20,28,,64.7,0,,68,66,70.9,80,40,20
TLS,Timor-Leste,2017,6.06,4.38,3.78,8.3,7.77,6.08,46.3,6.8,29.2,10.3,64.7,65.6,20,72.2,63.9,77.5,80,45,20
TLS,Timor-Leste,2018,6.1,4.4,3.77,8.19,7.75,6.39,48.1,29.9,32,13.8,97.4,30.9,20,66.9,62.7,78.4,80,45,20
TLS,Timor-Leste,2019,6.29,4.49,3.79,8.68,7.82,6.69,44.2,29.7,32.1,13.1,96.3,0.9,20,60.5,58.8,79.5,75,45,20
TLS,Timor-Leste,2020,6.02,4.43,3.89,8.24,7.12,6.42,45.9,45.2,32.5,12.6,96.3,5.3,19.9,64,58.9,76.5,75,45,20
TLS,Timor-Leste,2021,5.88,5.52,3.85,6.82,7.16,6.05,44.7,37.2,37.4,15.1,91.7,0,20,62.2,53.4,79.7,75,45,20
TLS,Timor-Leste,2022,5.77,4.65,3.77,6.41,7.86,6.14,46.3,30.8,38.2,35.3,97.6,0,19.7,57.9,56.2,79.5,75,45,20
TLS,Timor Leste,2023,,,,,,,47.2,38.2,36.3,40.1,97.5,0,19.8,58.4,56.5,74.6,79.9,45,20
TLS,Timor Leste,2024,,,,,,,50.2,39.9,44.3,36.2,97.9,29.5,19.9,63.8,56.4,70,80,45,20
TLS,Timor Leste,2025,,,,,,,47.9,41.5,44.1,36.2,97.3,0,19.8,65.6,57.2,67.5,80,45,20
TON,Tonga,1995,,,,,,,,,,,,,,,,,,,
TON,Tonga,1996,,,,,,,,,,,,,,,,,,,
TON,Tonga,1997,,,,,,,,,,,,,,,,,,,
TON,Tonga,1998,,,,,,,,,,,,,,,,,,,
TON,Tonga,1999,,,,,,,,,,,,,,,,,,,
TON,Tonga,2000,,,,,,,,,,,,,,,,,,,
TON,Tonga,2001,,,,,,,,,,,,,,,,,,,
TON,Tonga,2002,,,,,,,,,,,,,,,,,,,
TON,Tonga,2003,,,,,,,,,,,,,,,,,,,
TON,Tonga,2004,,,,,,,,,,,,,,,,,,,
TON,Tonga,2005,,,,,,,,,,,,,,,,,,,
TON,Tonga,2006,,,,,,,,,,,,,,,,,,,
TON,Tonga,2007,,,,,,,,,,,,,,,,,,,
TON,Tonga,2008,,,,,,,,,,,,,,,,,,,
TON,Tonga,2009,,,,,,,54.1,20,17,,82.5,58,,79,99.4,68.9,56,40,20
TON,Tonga,2010,,,,,,,53.4,20,24,,82.8,70.8,,78.2,93.7,63.5,56.2,25,20
TON,Tonga,2011,,,,,,,55.8,25,30,,83.1,73.2,,77.4,92.1,71.1,56.2,30,20
TON,Tonga,2012,,,,,,,57,25,30,,85.9,62.2,,77.5,92.1,72.1,75.3,30,20
TON,Tonga,2013,,,,,,,56,20,31,,87.1,64.7,,76.6,84.4,71.1,75.6,30,20
TON,Tonga,2014,,,,,,,58.2,20,28.6,,86.7,74.8,,74.6,91.2,71.3,79.5,35,20
TON,Tonga,2015,,,,,,,59.3,20,28.6,,87.2,79,,74.1,92.1,73.5,78.4,40,20
TON,Tonga,2016,,,,,,,59.6,25,28.6,,86.9,76.3,,76.4,86.1,77.4,79.6,40,20
TON,Tonga,2017,,,,,,,63,65.5,47.6,19.8,86.9,74.4,79.6,76.1,86,80.6,79.7,40,20
TON,Tonga,2018,,,,,,,63.1,62.1,40.5,25.4,85.4,68.7,95.9,75.5,86.4,78.3,78.6,40,20
TON,Tonga,2019,,,,,,,57.7,59.2,38.1,26.6,85.5,40.9,93.4,75.3,69.9,69.4,73.6,40,20
TON,Tonga,2020,,,,,,,58.8,60.9,44.2,26.5,85.2,42.8,95.2,75,69.8,71.4,74,40,20
TON,Tonga,2021,,,,,,,57.5,48.1,44.6,23.3,84.8,53.7,95.4,70,69.9,66.4,73.4,40,20
TON,Tonga,2022,,,,,,,60.8,64.2,40.5,68.1,85.4,54.6,96.5,58.7,55.8,71.9,73.4,40,20
TON,Tonga,2023,,,,,,,60,64.6,68.8,43.2,85.4,46.5,95.5,55.7,56.1,72.7,71.9,40,20
TON,Tonga,2024,,,,,,,59.2,63,44.9,68.8,85.4,40.1,95.9,59.7,56.4,64.4,71.8,40,20
TON,Tonga,2025,,,,,,,58.5,67.9,45.8,65.7,84.9,28.9,96.3,59.5,56.6,61,75.4,40,20
TTO,Trinidad and Tobago,1970,5.9,6.79,4.45,6.84,,6.41,,,,,,,,,,,,,
TTO,Trinidad and Tobago,1975,5,6.05,4.46,4.08,3.57,6.41,,,,,,,,,,,,,
TTO,Trinidad and Tobago,1980,5.07,6.32,4.58,4.52,3.08,6.5,,,,,,,,,,,,,
TTO,Trinidad and Tobago,1985,5.2,4.75,4.88,5.92,2.8,7.32,,,,,,,,,,,,,
TTO,Trinidad and Tobago,1990,5.52,6.76,4.74,6,2.99,6.88,,,,,,,,,,,,,
TTO,Trinidad and Tobago,1995,6.81,6.5,4.76,8.64,7.47,6.81,,,,,,,,,,,,,
TTO,Trinidad Tobago,1996,,,,,,,69.2,90,50,,64.5,77.5,,70,,75.9,35,90,70
TTO,Trinidad Tobago,1997,,,,,,,71.3,90,50,,68.2,79.6,,70,,78.8,45,90,70
TTO,Trinidad Tobago,1998,,,,,,,72,90,50,,67.4,78.5,,70,,81.8,50.4,90,70
TTO,Trinidad Tobago,1999,,,,,,,72.4,90,50,,68.1,79.1,,70,,82.8,51.6,90,70
TTO,Trinidad and Tobago,2000,7.09,7,4.91,8.89,7.44,7.28,74.5,90,50,,71.2,81.3,,70,,81,66.8,90,70
TTO,Trinidad and Tobago,2001,7.06,6.94,4.87,8.7,8,6.83,71.8,70,50,,70.9,76.5,,70,,82.4,66.8,90,70
TTO,Trinidad and Tobago,2002,7.06,6.89,4.75,8.83,7.95,6.94,70.1,70,53,,71.6,76.5,,70,,82.8,66.8,70,70
TTO,Trinidad and Tobago,2003,7,6.72,4.61,8.91,7.95,6.85,68.8,70,53,,72.4,81.8,,70,,81.1,51,70,70
TTO,Trinidad and Tobago,2004,7.11,7.07,4.57,8.86,8.13,6.93,71.3,70,49,,71.7,83.1,,70,,81.7,75.8,70,70
TTO,Trinidad and Tobago,2005,6.95,6.91,4.81,8.51,7.81,6.74,71.5,70,46,,73.7,80.2,,70,79,77.3,79.2,70,70
TTO,Trinidad and Tobago,2006,6.99,6.95,4.82,8.22,8.04,6.96,70.4,70,42,,76.5,81.1,,62.7,79.2,77.7,75.2,70,70
TTO,Trinidad and Tobago,2007,7.07,7.1,4.79,8.49,8.01,6.98,70.6,70,38,,82,80.6,,62.7,78.9,74.7,79,70,70
TTO,Trinidad and Tobago,2008,6.88,6.82,4.89,7.93,8.05,6.75,69.5,65,32,,81,81.7,,65,79.1,72.6,79,70,70
TTO,Trinidad and Tobago,2009,6.72,6.17,4.93,7.63,8.01,6.89,68,60,34,,79.7,75.6,,60.1,78.3,72.2,79.8,70,70
TTO,Trinidad and Tobago,2010,6.68,6.3,4.85,7.58,7.87,6.82,65.7,50,36,,80.8,72.3,,59,78,69.3,81.7,60,70
TTO,Trinidad and Tobago,2011,6.77,6.45,5.04,8.05,7.91,6.41,66.5,50,36,,83.7,75.8,,58.4,77.1,71.8,81.7,60,70
TTO,Trinidad and Tobago,2012,6.75,6.56,5.06,7.52,7.92,6.72,64.4,50,36,,85.5,65.1,,60.1,77.3,70.1,69.9,60,70
TTO,Trinidad and Tobago,2013,6.82,6.58,5.01,7.97,7.94,6.61,62.3,50,32,,84.9,60.4,,55.1,76.7,73.7,69.9,60,60
TTO,Trinidad and Tobago,2014,6.84,6.08,4.97,8.51,7.93,6.69,62.7,50,34,,84.8,62.5,,59.4,76.4,71.7,78.6,60,50
TTO,Trinidad and Tobago,2015,6.83,6.36,4.93,8.26,7.92,6.66,64.1,50,38,,79,69.3,,65.3,76.6,74.3,78.6,60,50
TTO,Trinidad and Tobago,2016,7.06,6.72,4.98,8.64,7.94,6.99,62.9,50,38,,79.4,62.3,,69.5,72.8,68.5,78.6,60,50
TTO,Trinidad and Tobago,2017,7.07,6.66,4.97,8.93,7.85,6.94,61.2,54.7,36.8,48.7,81.4,57.7,51.8,67.7,71.4,75.9,78.6,60,50
TTO,Trinidad and Tobago,2018,7.19,7.1,4.94,9.09,7.84,6.97,57.7,54.9,33.1,49.8,83.5,54.4,12.6,68.3,74.5,77.4,73.5,60,50
TTO,Trinidad and Tobago,2019,7.16,6.87,4.95,9.19,7.84,6.96,57,52.3,32.9,40.6,82.3,61.9,16.6,67.8,75.6,75.1,68.4,60,50
TTO,Trinidad and Tobago,2020,6.98,6.87,5.03,9.35,6.69,6.96,58.3,56.6,37.4,42.1,82.6,66.5,15.9,67.3,76,77.4,67.8,60,50
TTO,Trinidad and Tobago,2021,6.64,6.78,5.05,8.75,6.25,6.39,59,52.4,36.4,46.9,79.5,70.9,15.8,66.5,76.8,83.4,68.8,60,50
TTO,Trinidad and Tobago,2022,6.64,6.78,5.08,8.11,6.9,6.34,58.8,58.8,44.2,59.3,79.1,69,12.9,60.9,57.4,84.6,68.8,60,50
TTO,Trinidad Tobago,2023,,,,,,,59.5,58.1,59.9,45.2,80.3,68.5,12.7,64.5,64.8,83,66.9,60,50
TTO,Trinidad Tobago,2024,,,,,,,60.4,58.1,44.8,59.8,79.9,69.6,21.1,76,60.4,76.7,68.6,60,50
TTO,Trinidad Tobago,2025,,,,,,,63.6,58.3,44.7,58.5,79.5,74.5,80.9,72.6,60.4,76.3,67.6,50,40
TUN,Tunisia,1970,5.71,4.94,7.03,6.88,3.38,6.46,,,,,,,,,,,,,
TUN,Tunisia,1975,5.78,5.15,7.03,5.93,4.64,6.46,,,,,,,,,,,,,
TUN,Tunisia,1980,5.84,4.96,7.04,6.17,4.54,6.85,,,,,,,,,,,,,
TUN,Tunisia,1985,5.92,4.86,7.02,6.49,4.54,6.98,,,,,,,,,,,,,
TUN,Tunisia,1990,5.7,5.61,4.45,6.68,5.6,6.24,,,,,,,,,,,,,
TUN,Tunisia,1995,5.86,4.71,5.12,7.04,6.4,6.22,63.4,50,50,,69.7,69.1,,85,,81.1,45.4,70,50
TUN,Tunisia,1996,,,,,,,63.9,50,50,,69.5,64.3,,85,,81.4,35,70,70
TUN,Tunisia,1997,,,,,,,63.8,50,50,,68.8,65.7,,85,,80,35,70,70
TUN,Tunisia,1998,,,,,,,63.9,50,50,,69.3,64.3,,85,,81.7,35,70,70
TUN,Tunisia,1999,,,,,,,61.1,50,50,,69.2,62,,70,,82.5,46.6,70,50
TUN,Tunisia,2000,6.37,7.05,4.89,6.83,6.81,6.28,61.3,50,50,,69.3,71.2,,70,,83.5,38.2,70,50
TUN,Tunisia,2001,6.37,6.99,4.88,6.9,6.82,6.27,60.8,50,50,,68.7,58.9,,70,,84.2,45.2,70,50
TUN,Tunisia,2002,6.22,7,4.88,6.85,6.21,6.19,60.2,50,52,,68.8,69.3,,70,,84.3,27.2,70,50
TUN,Tunisia,2003,6.24,6.86,4.88,6.98,6.2,6.25,58.1,50,53,,68.8,67.9,,70,,85.4,27.4,50,50
TUN,Tunisia,2004,6.31,6.93,4.85,6.99,6.46,6.33,58.4,50,48,,70.8,69.3,,70,,84.9,32.4,50,50
TUN,Tunisia,2005,6.33,7.01,4.96,7.21,6.34,6.15,55.4,50,49,,70.9,76.8,,70,62.7,84.7,30.2,30,30
TUN,Tunisia,2006,6.28,7.08,5.02,6.86,6.27,6.21,57.5,50,50,,73.3,77.8,,80.3,61.7,83.5,38.6,30,30
TUN,Tunisia,2007,6.27,7.06,5.02,6.9,6.27,6.15,60.3,50,49,,73.3,78.5,,78.9,61,80.1,71.8,30,30
TUN,Tunisia,2008,6.21,6.82,4.94,6.52,6.76,6.07,60.1,50,46,,76.4,77.1,,80.1,62.3,77.6,71.8,30,30
TUN,Tunisia,2009,6.16,6.87,4.97,6.57,6.22,6.2,58,50,42,,76.5,78.3,,81.6,60.1,78.4,53,30,30
TUN,Tunisia,2010,5.97,6.22,4.84,6.51,6.09,6.21,58.9,50,44,,74.4,78.5,,80.2,67.4,76.5,53.5,35,30
TUN,Tunisia,2011,5.96,5.84,4.73,6.58,6.71,5.98,58.5,50,42,,73.7,77.6,,80.2,65.7,77.3,53.5,35,30
TUN,Tunisia,2012,6.06,6.07,4.84,6.48,6.79,6.13,58.6,40,43,,74.8,71.5,,82.9,74.1,76.9,58.1,35,30
TUN,Tunisia,2013,6.1,6.41,4.85,6.52,6.7,6.02,57,40,38,,74.5,63.7,,82.8,70.1,77.8,58.1,35,30
TUN,Tunisia,2014,6.17,6.38,4.9,6.68,6.8,6.09,57.3,40,39.2,,74.3,63.8,,80.7,72.6,75.9,61.8,35,30
TUN,Tunisia,2015,6.11,6.3,4.98,6.71,6.72,5.87,57.7,40,41,,74.3,70.8,,81.2,69.1,74.8,61.2,35,30
TUN,Tunisia,2016,6.06,5.83,4.97,6.82,6.8,5.86,57.6,40,40,,74,73.4,,81.3,64,75.6,62.2,35,30
TUN,Tunisia,2017,5.98,5.68,5,6.59,6.68,5.92,55.7,49.6,37.3,39.9,73.7,73.4,53.4,80.6,56.1,75.9,63.8,35,30
TUN,Tunisia,2018,5.88,5.46,4.9,6.34,6.83,5.86,58.9,49.4,36.8,41.7,73,75.5,61.6,81.4,52.9,77.2,82.1,45,30
TUN,Tunisia,2019,5.78,5.27,4.91,6.34,6.48,5.9,55.4,49.2,36.6,42.7,74.4,74.4,37.9,76.7,50.3,76,71.4,45,30
TUN,Tunisia,2020,5.91,5.24,4.95,7.65,6.07,5.65,55.8,56.4,39.7,43.6,74.2,73.1,38.8,78.1,49.8,73.9,66.4,45,30
TUN,Tunisia,2021,5.98,5.27,4.82,7.63,6.34,5.82,56.6,53.9,42,41.9,71.7,71.1,53,80.7,49.7,73.6,66.8,45,30
TUN,Tunisia,2022,5.94,5.3,4.51,7.38,6.68,5.81,54.2,60.9,47.3,49.5,75.2,67,20.8,57.7,56,74.4,66.2,45,30
TUN,Tunisia,2023,,,,,,,52.9,61.8,49,46.7,73.7,68.4,13.7,54.4,55.8,74.8,66.3,40,30
TUN,Tunisia,2024,,,,,,,48.8,60.8,42.4,40.5,74.9,64.7,7.3,52.9,55.9,72.7,53.2,30,30
TUN,Tunisia,2025,,,,,,,49.1,59.3,41.3,39.7,79.4,63.1,6.4,56.8,56,71.3,56.2,30,30
TUR,Türkiye,1970,4.21,4.76,4.65,10,0.23,5.96,,,,,,,,,,,,,
TUR,Türkiye,1975,4.57,4.62,4.7,10,2.44,6.38,,,,,,,,,,,,,
TUR,Türkiye,1980,3.6,4.6,4.51,0.75,3.37,4.92,,,,,,,,,,,,,
TUR,Türkiye,1985,4.74,5.23,4.86,2.22,5.42,6.13,,,,,,,,,,,,,
TUR,Türkiye,1990,5.44,6.41,4.98,3.73,6.04,5.97,,,,,,,,,,,,,
TUR,Türkiye,1995,5.96,7.31,5.31,3.21,7.35,6.65,58.4,70,10,,44.5,63.3,,85,,38.2,74.8,70,70
TUR,Turkey,1996,,,,,,,56.7,70,10,,44.3,57.1,,85,,28.9,75,70,70
TUR,Turkey,1997,,,,,,,60.8,70,41,,57.3,61.8,,70,,29.8,77.8,70,70
TUR,Turkey,1998,,,,,,,60.9,70,35,,58.4,68.5,,70,,31.8,73.8,70,70
TUR,Turkey,1999,,,,,,,59.2,70,32,,57,57.1,,70,,31.8,74.4,70,70
TUR,Türkiye,2000,5.91,7.24,4.93,3.57,7.66,6.22,63.4,70,34,,67.2,82.7,,70,,31.8,75,70,70
TUR,Türkiye,2001,5.65,7.05,4.92,3.59,7.55,5.19,60.6,70,36,,66.9,73,,70,,36.4,73,70,50
TUR,Türkiye,2002,5.89,7.33,5.34,3.81,7.63,5.33,54.2,50,38,,65.2,58.9,,55,,41,79.6,50,50
TUR,Türkiye,2003,5.94,7.75,5.38,3.64,7.64,5.28,51.9,50,36,,64.6,45,,55,,42.9,73.6,50,50
TUR,Türkiye,2004,6.21,8.13,5.63,4.52,7.62,5.16,52.8,50,32,,60.8,56.9,,55,,46.1,74.2,50,50
TUR,Türkiye,2005,6.26,8.15,5.86,4.43,7.23,5.6,50.6,50,31,,65.3,54.4,,55,40.7,53.8,76,50,30
TUR,Türkiye,2006,6.32,7.78,5.71,4.89,7.37,5.82,57,50,32,,68,68.1,,66.7,39.1,64.7,81,50,50
TUR,Türkiye,2007,6.46,7.75,5.35,5.95,7.37,5.83,57.4,50,35,,69.1,62.4,,67.4,38.8,70.1,81,50,50
TUR,Türkiye,2008,6.49,7.53,5.39,6.18,7.61,5.72,59.9,50,38,,77.7,68.3,,68.3,39.5,70.8,86.8,50,50
TUR,Türkiye,2009,6.77,7.03,5.38,8.12,7.63,5.66,61.6,50,41,,73.2,83.4,,69.9,40.3,71.1,86.6,50,50
TUR,Türkiye,2010,6.86,7.33,5.23,8.08,7.51,6.11,63.8,50,46,,78.1,82.9,,68.9,41.1,70,86.4,65,50
TUR,Türkiye,2011,7.02,7.57,5.29,8.49,7.45,6.27,64.2,50,44,,78.2,83.6,,68.7,39.6,72.7,85.4,70,50
TUR,Türkiye,2012,6.97,7.51,5.26,8.27,7.45,6.34,62.5,50,44,,77.7,58.5,,67.1,40,71.9,85.4,70,60
TUR,Türkiye,2013,6.95,7.36,5.1,8.55,7.38,6.31,62.9,50,42,,77,64.9,,68.2,43.1,73.3,85.2,65,60
TUR,Türkiye,2014,6.89,7.37,4.95,8.42,7.43,6.26,64.9,50,44,,77.5,63.5,,67.6,59.7,71.8,84.5,70,60
TUR,Türkiye,2015,6.91,7.43,4.95,8.55,7.4,6.21,63.2,45,50,,76.1,57.6,,61,50.2,72.4,84.6,75,60
TUR,Türkiye,2016,6.86,7.32,4.89,8.52,7.39,6.17,62.1,40,45,,75.2,55.6,,65.4,48.6,71.5,84.4,75,60
TUR,Türkiye,2017,6.65,7.34,4.7,8.06,7.45,5.7,65.2,61.3,40.7,52.5,75.5,57.7,95.7,64.3,48.5,72.2,79.4,75,60
TUR,Türkiye,2018,6.49,7.2,4.73,7.38,7.4,5.71,65.4,54.7,42,54.5,74.7,68.1,93.6,63.3,47.6,72.3,78.6,75,60
TUR,Türkiye,2019,6.4,6.75,4.81,7.36,7.44,5.62,64.6,55.8,41.2,49.8,76.4,65.1,92.2,66,49.2,70,79.6,70,60
TUR,Türkiye,2020,6.41,6.73,4.8,7.49,7.4,5.63,64.4,57.4,44.6,53.7,76.7,64.1,86.1,67,49.2,66.1,78,70,60
TUR,Türkiye,2021,6.06,6.84,4.83,6.05,6.87,5.71,64,61.5,45.4,58.6,73.2,64.5,75.8,68.5,48.8,65.4,76,70,60
TUR,Türkiye,2022,5.57,6.98,4.81,3.3,7.17,5.61,56.9,42,39.4,25.6,74.7,63.8,59.2,63.4,47.1,61.9,75.6,70,60
TUR,Turkey,2023,,,,,,,56.9,40.8,24.2,37.1,73,66.1,63,59.7,54.9,58.6,75.8,70,60
TUR,Turkey,2024,,,,,,,56.2,40.6,35,24.4,72.5,71,77.5,59.2,54.6,38.5,70.8,70,60
TUR,Turkey,2025,,,,,,,56.1,40.6,34.3,23.8,72.2,71.9,82.3,58.5,48.4,37.9,72.8,70,60
TWN,Taiwan,1970,5.77,5.08,4.67,9.48,,4.01,,,,,,,,,,,,,
TWN,Taiwan,1975,5.4,4.88,4.83,7.3,,4.25,,,,,,,,,,,,,
TWN,Taiwan,1980,5.67,4.79,5.09,8.05,,4.15,,,,,,,,,,,,,
TWN,Taiwan,1985,6.25,5.17,5.14,9.33,,5.2,,,,,,,,,,,,,
TWN,Taiwan,1990,6.88,5.34,5.62,9.42,,6.19,,,,,,,,,,,,,
TWN,Taiwan,1995,7.27,6.47,5.7,9.69,,6.54,74.2,90,90,,74.1,69.9,,85,,83.4,75.2,50,50
TWN,Taiwan,1996,,,,,,,74.1,90,90,,74.3,70,,85,,82.6,75.2,50,50
TWN,Taiwan,1997,,,,,,,70,90,51,,74.4,71.4,,85,,82.8,75.2,50,50
TWN,Taiwan,1998,,,,,,,70.4,90,50,,74.4,73.7,,85,,83.4,77,50,50
TWN,Taiwan,1999,,,,,,,71.5,90,50,,75.2,78.3,,85,,86.8,78,50,50
TWN,Taiwan,2000,7.35,6.95,6.04,9.28,8.16,6.34,72.5,90,53,,75.4,84.1,,85,,86.9,78,50,50
TWN,Taiwan,2001,7.25,6.63,6.03,9.38,8.17,6.01,72.8,90,56,,75.3,79.7,,85,,90,78.8,50,50
TWN,Taiwan,2002,7.4,6.82,6.13,9.69,8.27,6.14,71.3,70,55,,75.7,82.7,,70,,88.5,80,50,70
TWN,Taiwan,2003,7.52,6.9,6.55,9.69,8.31,6.15,71.7,70,59,,76.1,81.3,,70,,91.3,77.2,50,70
TWN,Taiwan,2004,7.61,7.29,6.56,9.7,8.23,6.28,69.6,70,56,,76.1,82.3,,70,,94.2,78,50,50
TWN,Taiwan,2005,7.69,7.33,6.63,9.52,8.21,6.77,71.3,70,57,,76.3,82.9,,70,46.1,91.8,78.4,70,70
TWN,Taiwan,2006,7.69,7.47,6.63,9.65,8.15,6.59,69.7,70,56,,75.8,84,,73,47.3,88.8,81.8,70,50
TWN,Taiwan,2007,7.63,7.3,6.68,9.54,8.07,6.59,69.4,70,59,,77,86.8,,71.6,47.2,81.3,81.6,70,50
TWN,Taiwan,2008,7.58,7.09,6.7,9.51,8.09,6.54,70.3,70,59,,75.9,87.8,,70.8,49.2,83.3,86.7,70,50
TWN,Taiwan,2009,7.54,6.76,6.7,9.56,8.07,6.64,69.5,70,57,,76.2,89.4,,69.5,45.7,82.1,85.2,70,50
TWN,Taiwan,2010,7.78,7.25,6.75,9.54,8.02,7.35,70.4,70,57,,75.9,90.5,,83,47.7,79.3,85.8,65,50
TWN,Taiwan,2011,7.78,7.33,6.74,9.5,8.05,7.27,70.8,70,56,,78.3,89.7,,84.7,46.1,82,86.2,65,50
TWN,Taiwan,2012,7.78,7.41,6.72,9.35,8.08,7.36,71.9,70,58,,80.4,92.3,,88.5,46.6,83.1,85,65,50
TWN,Taiwan,2013,7.8,7.54,6.68,9.36,8.1,7.31,72.7,70,61,,80.5,84.9,,94.3,53.3,82.9,85,65,50
TWN,Taiwan,2014,7.92,7.64,7.1,9.5,7.98,7.37,73.9,70,59.7,,80.3,84.7,,93.9,53.1,81.7,85.8,70,60
TWN,Taiwan,2015,7.94,7.56,7.14,9.61,7.97,7.4,75.1,70,61,,80.4,87.1,,92.4,55.2,83.3,86.4,75,60
TWN,Taiwan,2016,8.03,7.58,7.2,9.59,8.12,7.65,74.7,70,61,,76.1,88.7,,93.2,53.8,83.2,86.4,75,60
TWN,Taiwan,2017,8.02,7.53,7.19,9.61,8.15,7.61,76.5,86.5,70.5,67.7,75.3,89.5,83.7,93.4,55,85.2,86.2,65,60
TWN,Taiwan,2018,8.07,7.68,7.24,9.57,8.13,7.71,76.6,84.3,70.9,69.2,76.1,90.4,90.8,93.2,54.9,83.3,86.2,60,60
TWN,Taiwan,2019,8.12,7.74,7.24,9.7,8.13,7.79,77.3,85.4,69.2,70.1,75,90.6,91.6,93.2,60.9,84.4,87,60,60
TWN,Taiwan,2020,7.92,7.59,7.29,9.41,7.67,7.65,77.1,86.9,68.9,70.1,75,90.5,91,93.9,60.3,82.7,86,60,60
TWN,Taiwan,2021,7.92,7.7,7.3,9.42,7.6,7.56,78.6,87.3,74.5,72.9,79.2,91,93.7,93.4,60.4,84.3,86,60,60
TWN,Taiwan,2022,7.71,7.47,7.35,8,8.2,7.53,80.1,81.3,73.8,94.2,79.2,90.7,86.6,84.3,68.7,86.1,86,70,60
TWN,Taiwan,2023,,,,,,,80.7,81.9,94.7,76.3,79.3,91.1,93.6,84.3,69.1,82.5,85.8,70,60
TWN,Taiwan,2024,,,,,,,80,82.2,73.4,94,79.2,90.5,90.3,84.9,69.1,80.1,86.4,70,60
TWN,Taiwan,2025,,,,,,,79.7,83,73.3,94.4,79,90.1,91.3,79.6,69,79.9,86.6,70,60
TZA,Tanzania,1970,4.56,3.62,5.83,6.46,3.06,3.58,,,,,,,,,,,,,
TZA,Tanzania,1975,3.84,3.62,5.83,4.35,1.75,3.58,,,,,,,,,,,,,
TZA,Tanzania,1980,3.64,3.89,5.83,3.64,1.67,2.83,,,,,,,,,,,,,
TZA,Tanzania,1985,3.49,3.52,5.59,4.08,1.95,2.2,,,,,,,,,,,,,
TZA,Tanzania,1990,4.01,4.81,5.29,4.96,1.89,2.96,,,,,,,,,,,,,
TZA,Tanzania,1995,5.65,7.79,5.09,5.4,5.9,4.22,57.3,50,30,,77.8,90.6,,55,,58.5,53.8,50,50
TZA,Tanzania,1996,,,,,,,57.5,50,30,,77.5,90.6,,55,,60.2,53.8,50,50
TZA,Tanzania,1997,,,,,,,59.3,50,30,,77.5,92.7,,55,,60.8,67.8,50,50
TZA,Tanzania,1998,,,,,,,59.6,50,30,,77.5,92.1,,55,,64.1,67.8,50,50
TZA,Tanzania,1999,,,,,,,60,50,30,,77.3,92.5,,55,,67.8,67.8,50,50
TZA,Tanzania,2000,6.14,7.53,4.97,7.19,6.09,4.98,56,50,19,,77.5,94.1,,55,,71,37.6,50,50
TZA,Tanzania,2001,6.15,7.42,4.97,7.09,6.09,5.17,54.9,30,19,,80.9,94.1,,55,,70.1,45,50,50
TZA,Tanzania,2002,6.22,7.33,4.97,7.6,6.02,5.17,58.3,30,25,,81,94.1,,55,,73.2,46,70,50
TZA,Tanzania,2003,6.24,7.43,4.88,7.5,6.03,5.33,56.9,30,22,,80.9,92.2,,55,,75.1,56.6,50,50
TZA,Tanzania,2004,6.25,7.29,4.98,8.01,5.64,5.31,60.1,30,27,,80.9,92,,55,,80.1,56,50,70
TZA,Tanzania,2005,6.13,6.74,5.09,7.15,5.87,5.78,56.3,30,25,,80.8,90.8,,55,47.9,79,54.2,30,70
TZA,Tanzania,2006,6.22,6.76,5.14,7.16,5.96,6.1,58.5,30,28,,80.6,88.1,,44.5,47.8,77.9,68.6,50,70
TZA,Tanzania,2007,6.22,6.63,5.14,7.16,6,6.19,56.8,30,29,,80.6,85.2,,45.8,47.2,77,73.6,50,50
TZA,Tanzania,2008,6.12,6.74,5.13,6.8,5.99,5.95,56.5,30,29,,80.5,79.9,,48.2,48.4,75.4,73.2,50,50
TZA,Tanzania,2009,6.16,6.63,5.07,6.6,6.44,6.07,58.3,30,32,,80.6,83.4,,48.1,49.9,73.4,75.6,60,50
TZA,Tanzania,2010,6.47,6.9,5.08,7.3,6.48,6.6,58.3,30,30,,80.3,82.6,,45.5,58.4,70.8,70.5,65,50
TZA,Tanzania,2011,6.38,6.99,5.06,6.66,6.41,6.8,57,30,26,,79.8,80.5,,46,59,68.8,69.6,60,50
TZA,Tanzania,2012,6.33,7.12,5.01,6.37,6.38,6.79,57,30,27,,79.7,80.2,,45.2,60.1,69.4,73.5,55,50
TZA,Tanzania,2013,6.53,7.26,4.97,7.29,6.42,6.69,57.9,30,30,,79.9,77.9,,48.6,61.9,71.8,73.5,55,50
TZA,Tanzania,2014,6.49,7.32,5,7.42,6.04,6.67,57.8,30,28.8,,79.7,78.3,,47,61.1,66,76.8,60,50
TZA,Tanzania,2015,6.57,7.39,5.16,7.53,6.01,6.76,57.5,30,33,,79.9,79.3,,45,61.4,69.7,67,60,50
TZA,Tanzania,2016,6.54,7.15,5.17,7.73,5.92,6.73,58.5,25,31,,79.2,88.4,,47.5,62.6,67.7,73.2,60,50
TZA,Tanzania,2017,6.54,7.04,5.17,7.82,5.96,6.73,58.6,33.8,29.2,28.8,80.3,89.5,76.6,50.1,64.3,69.6,76,55,50
TZA,Tanzania,2018,6.51,6.84,4.96,8.08,6.01,6.67,59.9,38,31.8,34.7,79.8,89.8,79,50,63.9,70.3,76.9,55,50
TZA,Tanzania,2019,6.47,6.55,5,8.14,6.01,6.67,60.2,35.4,33.2,41.4,80.5,90.3,85.2,46.6,66.2,70.4,67.8,55,50
TZA,Tanzania,2020,6.46,6.42,5.04,8.18,6.01,6.66,61.7,41.9,32.5,43.4,80.6,91.6,92.9,45.9,66.4,72.2,67.8,55,50
TZA,Tanzania,2021,6.28,6.2,5.07,8.07,5.39,6.7,61.3,41.3,34.5,40.2,80.7,91.8,90.8,45.7,67.7,72.9,64.4,55,50
TZA,Tanzania,2022,6.4,6.16,5.11,7.95,5.86,6.94,59.5,36.9,36.9,27,80.6,91.9,93.3,46.3,62,73.8,59.8,55,50
TZA,Tanzania,2023,,,,,,,60,44.8,28.3,37.4,80.6,91.3,86.5,50.1,62.4,73,60.6,55,50
TZA,Tanzania,2024,,,,,,,59.1,45.4,36.8,28.8,80.6,90.7,79.9,47.4,62.2,72.2,60.6,55,50
TZA,Tanzania,2025,,,,,,,59.3,46.7,39.8,30.4,80.4,89.4,74.3,48.9,62.1,72.5,61.8,55,50
UGA,Uganda,1970,,5.6,3.06,,,2.32,,,,,,,,,,,,,
UGA,Uganda,1975,2.45,5.6,2.29,1.97,0.29,2.01,,,,,,,,,,,,,
UGA,Uganda,1980,2.78,6.18,2.72,0.01,2.97,2.04,,,,,,,,,,,,,
UGA,Uganda,1985,2.3,4.25,2.88,0.01,2.75,1.69,,,,,,,,,,,,,
UGA,Uganda,1990,2.97,4.9,3.04,0.4,1.91,4.37,,,,,,,,,,,,,
UGA,Uganda,1995,5.09,7.45,3.83,4.32,4.58,5.15,62.9,50,30,,81.5,89.6,,70,,67.1,57.8,70,50
UGA,Uganda,1996,,,,,,,66.2,70,30,,81.3,89.6,,70,,77.5,57.8,70,50
UGA,Uganda,1997,,,,,,,66.6,70,30,,81,89.6,,70,,81.4,57.2,70,50
UGA,Uganda,1998,,,,,,,64.7,70,27,,80.9,91.6,,85,,82.4,25,70,50
UGA,Uganda,1999,,,,,,,64.8,70,27,,80.8,92.1,,85,,83.1,25,70,50
UGA,Uganda,2000,6.44,7.04,3.67,9.05,6.77,5.68,58.2,50,26,,80.8,91.3,,70,,80.3,25,50,50
UGA,Uganda,2001,6.42,6.62,3.68,9.21,6.88,5.72,60.4,50,22,,81,92.3,,70,,75.8,72.2,50,30
UGA,Uganda,2002,6.52,7.23,3.68,9.16,6.92,5.64,61,50,23,,80.7,90.3,,70,,83.2,72.2,50,30
UGA,Uganda,2003,6.45,7.53,3.71,8.3,7,5.74,60.1,50,19,,80.9,78.5,,55,,84.8,72.8,50,50
UGA,Uganda,2004,6.47,7.46,3.67,8.83,6.58,5.86,64.1,50,21,,80.7,88.2,,55,,90.3,71.2,50,70
UGA,Uganda,2005,6.52,7.6,3.8,8.22,6.12,6.88,62.9,30,22,,80.7,81.1,,55,87.9,80.4,71.4,50,70
UGA,Uganda,2006,6.74,7.61,3.94,8.2,6.76,7.19,63.9,30,26,,80.6,83.7,,55.9,87.9,80.6,74,50,70
UGA,Uganda,2007,6.87,7.62,3.94,8.72,6.84,7.21,63.1,30,25,,80.6,83,,57.5,87.8,78,68.8,50,70
UGA,Uganda,2008,6.85,7.92,3.97,8.12,6.97,7.26,63.8,30,27,,80.5,86,,56.5,87.8,78.5,72,50,70
UGA,Uganda,2009,6.76,8.15,4.03,7.5,7.03,7.1,63.5,30,28,,80.4,86.9,,58.7,87.9,78.4,75.2,50,60
UGA,Uganda,2010,6.91,8.12,4.15,8.25,6.99,7.05,62.2,30,26,,80.5,85.5,,57,88.1,78.1,72.1,45,60
UGA,Uganda,2011,6.6,8.17,4.15,6.8,6.98,6.9,61.7,30,25,,80.6,90.5,,50.3,87.8,73.2,74.8,45,60
UGA,Uganda,2012,6.7,8.43,4.07,6.97,7.04,7.01,61.9,30,25,,80.4,93,,49.1,87.9,74.6,73.6,45,60
UGA,Uganda,2013,6.81,7.98,4.09,7.97,7.07,6.94,61.1,30,24,,80.6,84.3,,48.4,87.9,77.2,73.6,55,50
UGA,Uganda,2014,6.86,7.94,4.15,8.08,7.06,7.05,59.9,30,23.8,,79.1,87.3,,45.1,87.4,71,75.4,60,40
UGA,Uganda,2015,6.88,7.76,4.2,8.22,7.09,7.1,59.7,25,26,,73.3,89,,43.3,87.5,76.3,76.6,60,40
UGA,Uganda,2016,6.88,7.98,4.14,8.2,7.12,6.95,59.3,25,26,,73.2,91.5,,40.3,83.7,80.1,72.8,60,40
UGA,Uganda,2017,7.03,7.73,4.14,9,7.28,7,60.9,39.3,28.7,34.6,73.7,91,78.1,42.4,84.6,80.3,78.3,60,40
UGA,Uganda,2018,7.01,7.51,4.07,9.25,7.25,6.98,62,43.5,28.3,40.3,73,90.9,80.7,45.4,83.9,80.5,78.1,60,40
UGA,Uganda,2019,7.01,7.5,4.18,9.2,7.2,6.96,59.7,42.2,25.4,38.5,73.3,88.7,68.6,46.3,83.2,80.1,75.4,55,40
UGA,Uganda,2020,6.81,7.38,4.26,9.05,6.57,6.81,59.5,45.6,21.4,36.9,80.3,88.4,64.3,46,83.1,78,75.4,55,40
UGA,Uganda,2021,6.65,6.97,4.25,9.27,6.09,6.67,58.6,44.8,25,36.5,73.2,91.6,63.2,44.9,83.2,78.9,67.4,55,40
UGA,Uganda,2022,6.75,7.12,4.27,8.89,6.7,6.78,54.2,48.3,24,29.2,73.6,89.8,53.5,46.5,54.7,78.2,57.8,55,40
UGA,Uganda,2023,,,,,,,51.4,47.7,29.2,24.3,73.5,87.4,23.3,46.1,54.7,80.3,55.4,55,40
UGA,Uganda,2024,,,,,,,50.7,47.3,23.9,29.2,73.5,86.8,18.3,49,54.9,75.1,55.8,55,40
UGA,Uganda,2025,,,,,,,51.3,47.4,24.1,29.2,73.6,87.7,35.5,50.3,54.8,75.1,57.4,40,40
UKR,Ukraine,1970,,,,,,,,,,,,,,,,,,,
UKR,Ukraine,1975,,,4.91,,,,,,,,,,,,,,,,
UKR,Ukraine,1980,,,4.91,,,,,,,,,,,,,,,,
UKR,Ukraine,1985,,,4.94,,,,,,,,,,,,,,,,
UKR,Ukraine,1990,,,4.95,,,3.32,,,,,,,,,,,,,
UKR,Ukraine,1995,3.47,4.98,4.29,0.01,,3.1,39.9,30,10,,61.8,47.1,,55,,0,55,50,50
UKR,Ukraine,1996,,,,,,,40.6,30,30,,57.7,47.1,,55,,0,66,50,30
UKR,Ukraine,1997,,,,,,,43.5,50,30,,61.1,49.1,,55,,0,66,50,30
UKR,Ukraine,1998,,,,,,,40.4,30,30,,64.4,51,,55,,0,53,50,30
UKR,Ukraine,1999,,,,,,,43.7,30,30,,63,43,,55,,39.3,53,50,30
UKR,Ukraine,2000,4.48,6.19,4.19,1.13,6.17,4.75,47.8,30,28,,62.3,41.9,,55,,63,70,50,30
UKR,Ukraine,2001,4.87,5.93,4.06,3.82,6,4.56,48.5,30,26,,63.8,49.6,,55,,62.3,70,50,30
UKR,Ukraine,2002,5.39,6.46,4.13,4.66,6.68,5.08,48.2,30,15,,66.1,58.9,,55,,58.2,71,50,30
UKR,Ukraine,2003,5.23,6.15,4.15,4.28,6.54,5.04,51.1,30,21,,67.1,68.1,,55,,64,74.6,30,50
UKR,Ukraine,2004,5.35,6.88,4.17,4.42,6.35,4.97,53.7,30,24,,67.5,77.8,,55,,74.5,74.4,30,50
UKR,Ukraine,2005,5.27,6.64,4.24,3.9,6.11,5.47,55.8,30,23,,83,78.6,,55,55.8,76.2,76.2,30,50
UKR,Ukraine,2006,5.35,6.79,4.24,3.99,6.11,5.62,54.4,30,22,,90.2,75.8,,43.1,53.2,72.9,77.2,30,50
UKR,Ukraine,2007,5.27,6.94,4.28,3.66,6.22,5.23,51.5,30,26,,83.6,53.2,,43.6,52.8,68.4,77.2,30,50
UKR,Ukraine,2008,5.14,7.04,4.21,2.65,6.59,5.2,51,30,28,,79,43,,44.4,53.1,69.9,82.2,30,50
UKR,Ukraine,2009,5.23,6.67,4.03,3.89,6.55,5.02,48.8,30,27,,77,39,,40.5,52.4,68.1,84,30,40
UKR,Ukraine,2010,5.47,6.84,4,4.83,6.63,5.05,46.4,30,25,,77.9,41.1,,38.7,57.7,61.2,82.6,20,30
UKR,Ukraine,2011,5.66,7,4.16,5.18,6.63,5.32,45.8,30,22,,77.3,32.9,,47.1,50,63.2,85.2,20,30
UKR,Ukraine,2012,5.96,6.96,4.22,6.11,6.73,5.77,46.1,30,24,,78.2,29.4,,46.2,51.2,67.7,84.4,20,30
UKR,Ukraine,2013,6.01,6.84,4.24,6.51,6.79,5.68,46.3,30,23,,78.2,29.4,,47.6,49.9,71,84.4,20,30
UKR,Ukraine,2014,5.64,6.99,4.25,5.08,6.1,5.76,49.3,30,21.9,,79.1,37.5,,59.8,49.8,78.7,86.2,20,30
UKR,Ukraine,2015,5.25,6.86,4.32,3.11,6.52,5.42,46.9,20,25,,78.7,28,,59.3,48.2,78.6,85.8,15,30
UKR,Ukraine,2016,5.61,7.03,4.4,4.23,6.58,5.82,46.8,25,26,,78.6,30.6,,56.8,47.9,66.9,85.8,20,30
UKR,Ukraine,2017,5.65,6.9,4.45,4.27,6.84,5.78,48.1,41.4,29.2,22.6,78.6,38.2,67.9,62.1,48.8,47.4,85.9,25,30
UKR,Ukraine,2018,5.86,6.77,4.48,5,7.11,5.91,51.9,41,29,29.5,80.2,45,75.9,62.7,52.8,60.1,81.1,35,30
UKR,Ukraine,2019,6.2,6.99,4.54,6.43,7.14,5.89,52.3,43.9,29.6,31.5,81.8,46.9,82.6,66.1,46.7,58.6,75,35,30
UKR,Ukraine,2020,6.19,6.99,4.53,7.23,6.69,5.51,54.9,47.5,37.9,42.2,81.1,47.2,83.9,61.3,48.3,63,81.2,35,30
UKR,Ukraine,2021,6.06,7.29,4.58,6.39,6.68,5.37,56.2,48.5,37.9,41.1,88.7,48.2,87.7,63.5,48.7,65.8,79.2,35,30
UKR,Ukraine,2022,5.12,5.83,4.37,4.68,6.05,4.67,54.1,39.7,33.8,31.4,89.1,44.5,73.6,61.1,60.7,71.2,78.6,35,30
UKR,Ukraine,2023,,,,,,,,,,,,,,,,,,,
UKR,Ukraine,2024,,,,,,,,23,32.5,30.4,,,,,,,73.2,,
UKR,Ukraine,2025,,,,,,,,21.5,35.4,29.9,,,,,,,73.2,,
URY,Uruguay,1970,5.8,6.76,5.42,5.48,6.73,4.55,,,,,,,,,,,,,
URY,Uruguay,1975,4.66,6.43,4.48,2.51,6.74,3.1,,,,,,,,,,,,,
URY,Uruguay,1980,5.15,7.07,4.49,3.82,6.84,3.57,,,,,,,,,,,,,
URY,Uruguay,1985,5.99,6.46,5.25,3.68,7.66,6.69,,,,,,,,,,,,,
URY,Uruguay,1990,6.43,7.1,5.86,3.76,7.7,7.39,,,,,,,,,,,,,
URY,Uruguay,1995,6.33,6.96,5.92,4.23,7.17,7.1,62.5,50,50,,84.6,79.6,,70,,45.2,63,70,50
URY,Uruguay,1996,,,,,,,63.7,50,50,,83,66.9,,70,,50.6,63,70,70
URY,Uruguay,1997,,,,,,,67.5,70,50,,88.3,67.1,,70,,53.1,69,70,70
URY,Uruguay,1998,,,,,,,68.6,70,50,,88.6,69.3,,70,,58.5,71,70,70
URY,Uruguay,1999,,,,,,,68.5,70,41,,88.4,70,,70,,64.1,73,70,70
URY,Uruguay,2000,7.14,6.75,6.02,7.91,8.02,6.96,69.3,70,43,,88.2,69.3,,70,,70.8,72.6,70,70
URY,Uruguay,2001,7.09,6.85,5.95,8.38,7.91,6.32,70.7,70,44,,86.5,71.2,,70,,76.9,77.8,70,70
URY,Uruguay,2002,7.03,7.46,5.89,7.38,7.98,6.43,68.7,70,44,,86.9,69.3,,70,,80.1,58,70,70
URY,Uruguay,2003,6.82,7.23,5.85,6.64,7.92,6.45,69.8,70,51,,87,70.2,,70,,81.4,59,70,70
URY,Uruguay,2004,7.08,6.77,5.9,7.91,7.84,6.95,66.7,70,51,,83.5,60,,70,,74.2,71.8,70,50
URY,Uruguay,2005,7.24,7.42,6.03,8.42,7.77,6.56,66.9,70,55,,86.1,51.3,,70,75.9,69.1,72,70,50
URY,Uruguay,2006,7.16,7.45,5.82,8.19,7.88,6.45,65.3,70,62,,86.1,45.8,,63.9,76.3,73,76.4,70,30
URY,Uruguay,2007,7.22,7.44,5.85,8.38,8.01,6.45,68.4,70,59,,86.2,77.8,,62.2,73.9,73.1,81.6,70,30
URY,Uruguay,2008,7.22,7.3,5.87,8.61,8.04,6.3,67.9,70,64,,85.9,76.6,,60.8,74.4,74.2,83,60,30
URY,Uruguay,2009,7.22,6.94,5.93,8.72,8.09,6.4,69.1,70,67,,82.2,76.5,,65.6,73.7,72.8,83.4,70,30
URY,Uruguay,2010,7.35,7.11,5.96,8.76,8.09,6.85,69.8,75,69,,81.7,72.6,,63.1,76.2,72.3,82.8,75,30
URY,Uruguay,2011,7.36,7.38,5.83,8.6,8.08,6.88,70,70,67,,84.3,76.5,,61.5,74.9,72.8,83,80,30
URY,Uruguay,2012,7.34,7.5,5.76,8.61,8.04,6.81,69.9,70,69,,81.2,68.7,,74.9,74,73.4,82.9,75,30
URY,Uruguay,2013,7.3,7.21,5.78,8.68,8.05,6.76,69.7,70,70,,84.2,68.3,,73.4,70.7,72.5,82.9,75,30
URY,Uruguay,2014,7.11,7.14,5.83,8.35,7.55,6.67,69.3,70,70.6,,77.4,68,,74.5,68.1,72.1,82.5,80,30
URY,Uruguay,2015,7.15,7,5.83,8.42,7.84,6.64,68.6,70,73,,77.1,65.1,,72.6,64.3,71.6,81.8,80,30
URY,Uruguay,2016,7.15,6.81,5.78,8.42,7.86,6.88,68.8,70,73,,77.2,67.6,,75.3,62.5,71.3,80.6,80,30
URY,Uruguay,2017,7.2,6.69,5.77,8.71,8,6.85,69.7,70.2,70.3,66.8,77.5,69.4,77.2,74.8,62.9,71.3,80.6,85,30
URY,Uruguay,2018,7.18,6.61,5.78,8.6,8.04,6.87,69.2,69.3,71.6,67,78,68.6,71.1,74.4,64.4,70.7,80.4,85,30
URY,Uruguay,2019,7.2,6.59,5.83,8.63,8.07,6.88,68.6,68.3,69.2,58.9,77.2,67.5,69.9,74.3,71.9,72.9,78.6,85,30
URY,Uruguay,2020,6.95,6.25,5.91,8.33,7.48,6.8,69.1,72,73.5,59.8,75.2,66.5,72.3,73.6,71,72.7,77.4,85,30
URY,Uruguay,2021,6.93,6.38,5.87,8.24,7.48,6.69,69.3,68.1,75.7,66.8,72.6,66.9,80.5,72.3,70.5,72.5,70.8,85,30
URY,Uruguay,2022,7.04,6.45,5.83,8.16,7.99,6.78,70,84,75.2,80.4,72.4,70.2,75.2,75.7,60.3,70.9,70.4,75,30
URY,Uruguay,2023,,,,,,,70.2,84.3,80.6,77.3,73.7,70.1,73.3,80.1,60.8,71.8,70.8,70,30
URY,Uruguay,2024,,,,,,,69.8,84.8,78.1,81.1,73.8,71.6,75.9,83.9,61,66.2,71.2,60,30
URY,Uruguay,2025,,,,,,,70.2,86,77.5,81.8,77.3,72.3,79.6,84,61.8,68.5,73,50,30
USA,United States,1970,7.72,5.35,8.72,9.59,8.58,6.52,,,,,,,,,,,,,
USA,United States,1975,7.9,5.35,8.83,9.07,8.77,7.65,,,,,,,,,,,,,
USA,United States,1980,8.09,5.8,8.85,9.12,8.91,7.85,,,,,,,,,,,,,
USA,United States,1985,8.24,6.59,8.81,9.34,8.86,7.72,,,,,,,,,,,,,
USA,United States,1990,8.45,7.27,8.58,9.67,8.9,7.98,,,,,,,,,,,,,
USA,United States,1995,8.64,7.45,8.86,9.79,8.96,8.25,76.7,90,90,,64.8,57.8,,85,,83.8,78.4,70,70
USA,United States,1996,,,,,,,76.7,90,90,,64.7,57.8,,85,,84.5,78.4,70,70
USA,United States,1997,,,,,,,75.6,90,78,,64.5,60,,85,,84.5,78.4,70,70
USA,United States,1998,,,,,,,75.4,90,77,,64.3,60.3,,85,,84.3,78.4,70,70
USA,United States,1999,,,,,,,75.5,90,76,,64.1,61.3,,85,,85,78.4,70,70
USA,United States,2000,8.78,7.71,8.89,9.44,8.69,9.14,76.4,90,75,,63.8,69.3,,85,,86.3,78.4,70,70
USA,United States,2001,8.62,7.53,8.76,9.47,8.62,8.72,79.1,90,75,,63.5,71.2,,85,,85.9,81,70,90
USA,United States,2002,8.62,7.71,8.54,9.64,8.51,8.67,78.4,90,78,,63.4,65.3,,85,,84.1,79.4,70,90
USA,United States,2003,8.61,7.9,8.44,9.63,8.54,8.56,78.2,90,76,,63.5,63.5,,85,,84.2,81.4,70,90
USA,United States,2004,8.62,7.92,8.3,9.62,8.59,8.68,78.7,90,77,,67.2,62.2,,85,,85.9,81.4,70,90
USA,United States,2005,8.54,7.93,8.12,9.53,8.38,8.75,79.9,90,75,,68.6,60,,85,95.4,85.7,79.8,70,90
USA,United States,2006,8.55,7.91,8.09,9.46,8.48,8.81,81.2,90,75,,68.9,61.1,,93.2,97.8,85,81.4,70,90
USA,United States,2007,8.55,7.86,8.14,9.44,8.47,8.84,81.2,90,76,,69,60.3,,91.4,94.7,83.8,86.6,80,80
USA,United States,2008,8.32,7.31,8.11,9.28,8.42,8.48,81,90,73,,68.3,59.8,,92.6,95.4,83.7,86.8,80,80
USA,United States,2009,8.11,6.68,7.99,9.55,8.19,8.17,80.7,90,72,,67.5,59.6,,91.9,95.1,84,86.8,80,80
USA,United States,2010,8.22,7.06,7.95,9.51,8.25,8.34,78,85,73,,67.5,58,,91.3,94.8,78.1,86.9,75,70
USA,United States,2011,8.23,7.23,7.81,9.42,8.25,8.44,77.8,85,75,,68.3,54.6,,91,95.7,77.4,86.4,75,70
USA,United States,2012,8.34,7.42,7.85,9.61,8.24,8.56,76.3,85,71,,69.8,46.7,,91.1,95.8,77.2,86.4,70,70
USA,United States,2013,8.32,7.05,7.88,9.72,8.22,8.75,76,85,71,,69.3,47.8,,90.5,95.5,75,86.4,70,70
USA,United States,2014,8.36,7.27,7.91,9.7,8.11,8.82,75.5,80,72,,65.8,48.1,,89.2,97.2,75.4,86.8,70,70
USA,United States,2015,8.4,7.27,7.97,9.8,8.1,8.85,76.2,80,73,,66.2,51.8,,88.8,98.5,76.6,87,70,70
USA,United States,2016,8.41,7.28,8,9.71,8.16,8.87,75.4,80,74,,65.6,54.7,,84.7,91.4,77,87,70,70
USA,United States,2017,8.43,7.38,8.01,9.62,8.19,8.93,75.1,81.3,78.1,75.1,65.3,55.9,53.3,84.4,91,80.1,87.1,80,70
USA,United States,2018,8.36,7.43,7.9,9.58,8.1,8.79,75.7,79.3,71.9,76.9,65.1,56.5,54.8,82.7,91.4,78.6,86.7,85,80
USA,United States,2019,8.34,7.33,7.9,9.64,8.13,8.69,76.8,79.3,77.4,78.6,75.1,57.1,53.1,83.8,89.4,76.6,86.6,85,80
USA,United States,2020,8.11,6.8,7.81,9.53,8.08,8.31,76.6,81.8,77.2,83.7,74.6,56.5,54.3,83.3,87.9,75.5,79.8,85,80
USA,United States,2021,8.07,7.13,7.86,8.99,8.08,8.31,74.8,79.7,76.8,72.4,76,62.2,34.9,82.5,87.1,81.1,80.4,85,80
USA,United States,2022,8.09,7.35,7.78,8.53,8.11,8.66,72.1,95.7,75.7,77.9,75.9,54.5,0,87.5,75.8,82.3,75.2,85,80
USA,United States,2023,,,,,,,70.6,94.7,76.1,73.4,75.4,49.3,0,83.8,76.3,78,75.4,85,80
USA,United States,2024,,,,,,,70.1,95.1,76.4,74.8,74.8,48.7,0,84.8,77.7,73.8,75.6,80,80
USA,United States,2025,,,,,,,70.2,95.4,77.3,76.6,75.6,55.8,0,88.5,77,70.7,75.6,70,80
UZB,Uzbekistan,1995,,,,,,,,,,,,,,,,,,,
UZB,Uzbekistan,1996,,,,,,,,,,,,,,,,,,,
UZB,Uzbekistan,1997,,,,,,,,,,,,,,,,,,,
UZB,Uzbekistan,1998,,,,,,,31.5,30,10,,57.4,56.5,,40,,0,50,30,10
UZB,Uzbekistan,1999,,,,,,,33.8,30,10,,55.9,52.5,,40,,25.7,50,30,10
UZB,Uzbekistan,2000,,,,,,,38.1,30,10,,59.4,65.3,,40,,48.5,50,30,10
UZB,Uzbekistan,2001,,,,,,,38.2,30,18,,55.9,65.3,,40,,44.9,50,30,10
UZB,Uzbekistan,2002,,,,,,,38.5,30,24,,50.9,69.3,,40,,42.4,50,30,10
UZB,Uzbekistan,2003,,,,,,,38.3,30,27,,72,72.6,,40,,41.3,22,30,10
UZB,Uzbekistan,2004,,,,,,,39.1,30,29,,72.2,76.3,,40,,42.3,22,30,10
UZB,Uzbekistan,2005,,,,,,,45.8,30,24,,73.2,58.5,,40,67.1,53.4,71.6,30,10
UZB,Uzbekistan,2006,,,,,,,48.7,30,23,,77.3,52.2,,67,67.1,61.8,68.2,30,10
UZB,Uzbekistan,2007,,,,,,,51.5,30,22,,85,69.3,,65.2,66.8,58.6,68.2,30,20
UZB,Uzbekistan,2008,,,,,,,51.9,30,21,,88,68.3,,68.5,66.9,57.5,68.4,30,20
UZB,Uzbekistan,2009,,,,,,,50.5,20,17,,88.3,68.1,,68.4,64.9,62.6,65.4,30,20
UZB,Uzbekistan,2010,,,,,,,47.5,20,18,,88.4,72.6,,67.8,61.1,62.4,65.1,10,10
UZB,Uzbekistan,2011,,,,,,,45.8,15,17,,90.5,71,,66.8,60.2,61.7,66.2,0,10
UZB,Uzbekistan,2012,,,,,,,45.8,15,16,,94.4,64.9,,67.6,60.1,64.2,66.1,0,10
UZB,Uzbekistan,2013,,,,,,,46,15,16,,90.2,67.8,,71.2,61,63,66.1,0,10
UZB,Uzbekistan,2014,,,,,,,46.5,15,13.4,,90.3,70.4,,75.7,60.8,63.1,66.1,0,10
UZB,Uzbekistan,2015,,,,,,,47,15,17,,90.2,67.3,,73.1,64.2,63.5,69.8,0,10
UZB,Uzbekistan,2016,,,,,,,46,15,18,,90.4,66.6,,67.1,61.9,65.6,65.6,0,10
UZB,Uzbekistan,2017,,,,,,,52.3,48,27.5,41.9,90.7,66.2,99.8,64.8,50.4,61.1,66.8,0,10
UZB,Uzbekistan,2018,,,,,,,51.5,48.7,24.2,35.3,91,65.5,99.7,66.9,52,61.9,62.5,0,10
UZB,Uzbekistan,2019,,,,,,,53.3,49.8,25.2,34.3,91.3,67.4,98.7,72.5,58.7,58.9,62.6,10,10
UZB,Uzbekistan,2020,,,,,,,57.2,59.1,28.2,34.2,91.6,74.7,98.9,72.6,59.9,59.9,67.6,20,20
UZB,Uzbekistan,2021,,,,,,,58.3,57.8,30.5,50.8,92.4,79.9,98.3,73.5,61.2,60.3,55.4,20,20
UZB,Uzbekistan,2022,,,,,,,55.7,31.6,23.8,13.1,90.8,78.1,96.6,59.1,48,61.6,75.6,50,40
UZB,Uzbekistan,2023,,,,,,,56.5,30.9,13,24.9,92.8,74.9,85.3,58.9,48.1,63.4,76,60,50
UZB,Uzbekistan,2024,,,,,,,55.9,32.9,29.1,15.3,92.8,70.4,72.1,61,48.2,63.6,75.6,60,50
UZB,Uzbekistan,2025,,,,,,,58,33.5,31.2,14.5,92.8,73.6,73.3,64.4,47.9,64.6,80.6,60,60
VCT,St Vincent Grenadines,1995,,,,,,,,,,,,,,,,,,,
VCT,St Vincent Grenadines,1996,,,,,,,,,,,,,,,,,,,
VCT,St Vincent Grenadines,1997,,,,,,,,,,,,,,,,,,,
VCT,St Vincent Grenadines,1998,,,,,,,,,,,,,,,,,,,
VCT,St Vincent Grenadines,1999,,,,,,,,,,,,,,,,,,,
VCT,St Vincent Grenadines,2000,,,,,,,,,,,,,,,,,,,
VCT,St Vincent Grenadines,2001,,,,,,,,,,,,,,,,,,,
VCT,St Vincent Grenadines,2002,,,,,,,,,,,,,,,,,,,
VCT,St Vincent Grenadines,2003,,,,,,,,,,,,,,,,,,,
VCT,St Vincent Grenadines,2004,,,,,,,,,,,,,,,,,,,
VCT,St Vincent Grenadines,2005,,,,,,,,,,,,,,,,,,,
VCT,St Vincent Grenadines,2006,,,,,,,,,,,,,,,,,,,
VCT,St Vincent Grenadines,2007,,,,,,,,,,,,,,,,,,,
VCT,St Vincent Grenadines,2008,,,,,,,,,,,,,,,,,,,
VCT,St Vincent Grenadines,2009,,,,,,,64.3,70,61,,64.7,60.9,,78.2,78.5,75.6,73.6,40,40
VCT,St Vincent Grenadines,2010,,,,,,,66.9,70,65,,72.5,64.1,,79.9,77.6,71.3,73.3,55,40
VCT,St Vincent Grenadines,2011,,,,,,,66.9,70,64,,72.3,65.1,,79.3,76.8,78.2,73.3,50,40
VCT,St Vincent Grenadines,2012,,,,,,,66.5,70,64,,71.5,60.7,,77.4,76.7,81.1,73.3,50,40
VCT,St Vincent Grenadines,2013,,,,,,,66.7,70,58,,74.2,67.1,,77.6,76.6,80.3,73.3,50,40
VCT,St Vincent Grenadines,2014,,,,,,,67,70,61.1,,73.7,72.4,,76.3,78.7,79.8,67.6,50,40
VCT,St Vincent Grenadines,2015,,,,,,,68,70,62,,73.3,75.3,,70.8,78.2,82.3,68.4,60,40
VCT,St Vincent Grenadines,2016,,,,,,,68.8,70,67,,73.8,69.7,,77.6,74.5,85.3,65.4,65,40
VCT,St Vincent Grenadines,2017,,,,,,,65.2,37.3,47.6,68.8,72.8,71.7,66.7,80.3,74.5,82.9,65.2,75,40
VCT,St Vincent Grenadines,2018,,,,,,,67.7,36.7,51.5,69.2,72.7,72.7,83.4,80,75,85.4,75.7,70,40
VCT,St Vincent Grenadines,2019,,,,,,,65.8,36.5,50.5,63.8,71.2,74.3,85,76.5,73.5,82.2,66.6,70,40
VCT,St Vincent Grenadines,2020,,,,,,,66.8,50.5,46.1,62.6,72.4,73.7,89,75.8,73.3,80.8,67.2,70,40
VCT,St Vincent Grenadines,2021,,,,,,,66.3,48.1,48.7,66.3,74.9,71.6,87.6,74.2,74,82.6,57.8,70,40
VCT,St Vincent Grenadines,2022,,,,,,,65.7,64,62,76.9,75.5,66.9,68.5,61.4,58.8,84.2,59.8,70,40
VCT,St Vincent Grenadines,2023,,,,,,,63.5,67.1,77.3,62.8,75.5,65.7,43.2,61.8,58.5,82.9,57.6,70,40
VCT,St Vincent Grenadines,2024,,,,,,,59.8,66.7,62.3,77.3,76.3,61.1,4.5,65.4,59.6,77,57.8,70,40
VCT,St Vincent Grenadines,2025,,,,,,,60.1,69,61.7,77.8,74.9,58.9,4.8,69.4,59.7,76.5,59,70,40
VEN,"Venezuela, RB",1970,6.54,7.64,4.51,9.59,7.01,4.54,,,,,,,,,,,,,
VEN,"Venezuela, RB",1975,5.83,6.84,4.4,7.1,6.86,4.3,,,,,,,,,,,,,
VEN,"Venezuela, RB",1980,5.87,6.29,4.41,7.35,7.39,4.31,,,,,,,,,,,,,
VEN,"Venezuela, RB",1985,5.33,6.35,4.51,8.28,3.49,4.69,,,,,,,,,,,,,
VEN,"Venezuela, RB",1990,4.98,6.55,4.29,4.05,6,4.12,,,,,,,,,,,,,
VEN,"Venezuela, RB",1995,4.27,6.79,3.8,2.15,4.67,3.84,59.8,50,10,,80,76.1,,85,,52,65,50,70
VEN,Venezuela,1996,,,,,,,54.5,50,10,,75.2,76.1,,70,,44.1,65,50,50
VEN,Venezuela,1997,,,,,,,52.8,50,27,,75,47.1,,70,,41.7,65,50,50
VEN,Venezuela,1998,,,,,,,54,50,25,,75.4,67.9,,70,,31.1,67,50,50
VEN,Venezuela,1999,,,,,,,56.1,50,28,,75.1,77.1,,70,,39.7,65.4,50,50
VEN,"Venezuela, RB",2000,5.42,6.45,3.33,4.77,7.79,4.88,57.4,50,23,,74,86.8,,70,,47.5,65.6,50,50
VEN,"Venezuela, RB",2001,5.74,6.56,3.1,6.87,7.66,4.56,54.6,30,26,,75.5,88,,55,,55.9,61.4,50,50
VEN,"Venezuela, RB",2002,4.27,5.57,2.66,4.68,4.15,4.31,54.7,30,27,,75,89.2,,55,,56.9,58.8,50,50
VEN,"Venezuela, RB",2003,3.9,5.02,2.53,3.97,4.31,3.68,54.8,30,28,,75,86.3,,55,,61,58.2,50,50
VEN,"Venezuela, RB",2004,4.36,5.28,2.62,4.15,5.64,4.15,46.7,30,25,,75.6,79.2,,55,,57.1,58,10,30
VEN,"Venezuela, RB",2005,4.31,4.92,2.55,4.41,5.39,4.27,45.2,30,24,,75.8,80.2,,55,32.3,51.9,62.4,10,30
VEN,"Venezuela, RB",2006,4.14,4.51,2.54,4.31,5.36,3.95,44.6,30,23,,75.6,76.8,,48.9,35,53.9,63,10,30
VEN,"Venezuela, RB",2007,3.57,4.63,2.47,3.37,3.52,3.86,47.9,30,23,,75.6,79.9,,50.4,40.9,57.6,61.2,20,40
VEN,"Venezuela, RB",2008,3.49,4.74,2.46,3.19,3.4,3.61,44.7,10,23,,74.5,79.7,,51.6,33,60.6,54.6,20,40
VEN,"Venezuela, RB",2009,3.25,4.77,2.38,2.16,3.25,3.65,39.9,5,20,,70.6,69.3,,50.8,30.1,53.7,59.6,10,30
VEN,"Venezuela, RB",2010,3.26,4.83,2.38,1.82,3.49,3.77,37.1,0,19,,74,61.8,,50.3,36.2,47.7,57.2,5,20
VEN,"Venezuela, RB",2011,3.28,4.56,2.35,2.05,3.47,3.93,37.6,5,19,,75,65.3,,47.8,31.1,47,61.2,5,20
VEN,"Venezuela, RB",2012,3.33,4.77,2.26,2.34,3.28,3.95,38.1,5,20,,74.8,67.3,,47.3,36,46.4,58.8,5,20
VEN,"Venezuela, RB",2013,2.93,4.5,2.14,1.67,3.06,3.27,36.1,5,19,,75.6,50.6,,45.6,34.5,47.3,58.8,5,20
VEN,"Venezuela, RB",2014,2.97,4.68,2.13,1.97,2.96,3.11,36.3,5,16.5,,75.3,51.8,,43.4,33.7,49.7,62.7,5,20
VEN,"Venezuela, RB",2015,2.8,5,2.08,0.74,3.06,3.12,34.3,5,20,,75,52,,41.6,24.2,42.8,62.8,0,20
VEN,"Venezuela, RB",2016,2.67,4.8,2.05,0.74,3.02,2.74,33.7,5,19,,74.9,56.7,,45.3,29.5,33.8,63.2,0,10
VEN,"Venezuela, RB",2017,2.6,4.75,2.01,0.74,2.94,2.57,27,6.8,11.6,10.3,72.5,51.5,15.2,39.7,28.5,16.8,60.7,0,10
VEN,"Venezuela, RB",2018,2.97,4.47,2.04,0.74,5.19,2.39,25.2,5.2,7.5,13.8,72.5,57.3,18.4,35.4,24.2,0,58.7,0,10
VEN,"Venezuela, RB",2019,2.52,4.47,2.14,0.74,2.88,2.37,25.9,7.6,7.9,13.1,74.7,58.1,17.6,33.9,28,0,60,0,10
VEN,"Venezuela, RB",2020,2.96,4.5,2.24,0.74,4.96,2.35,25.2,10.1,14.6,12.6,72.8,66.3,0,30.8,27.7,0,58,0,10
VEN,"Venezuela, RB",2021,3,4.5,2.29,0.74,4.99,2.47,24.7,7.5,15.1,15.4,71.1,61.5,0,33.4,27.5,0,54.8,0,10
VEN,"Venezuela, RB",2022,3.02,4.5,2.29,0.74,5.03,2.54,24.8,0.2,7.1,4.6,74.1,78.3,0,30.8,37.6,0,54.8,0,10
VEN,Venezuela,2023,,,,,,,25.8,0,3.4,6.5,74.8,95,12,30.8,34.3,0,42.3,0,10
VEN,Venezuela,2024,,,,,,,28.1,0,6.4,3.3,75.9,96.6,36.5,31,35.7,0,42.2,0,10
VEN,Venezuela,2025,,,,,,,27.6,0.7,6.7,4.1,75.9,93.8,29.1,32.5,35.9,0,42.2,0,10
VNM,Vietnam,1970,,,4.71,,,,,,,,,,,,,,,,
VNM,Vietnam,1975,,,4.72,,,,,,,,,,,,,,,,
VNM,Vietnam,1980,,,4.51,,,,,,,,,,,,,,,,
VNM,Vietnam,1985,,,4.58,,,,,,,,,,,,,,,,
VNM,Vietnam,1990,,,4.24,,,,,,,,,,,,,,,,
VNM,Vietnam,1995,,5.72,4.46,,,4.46,41.7,10,10,,68.8,87.1,,40,,55.2,44.6,30,30
VNM,Vietnam,1996,,,,,,,40.2,10,10,,54.8,79.1,,40,,63.3,44.6,30,30
VNM,Vietnam,1997,,,,,,,38.6,10,10,,42.8,78.9,,40,,61,44.6,30,30
VNM,Vietnam,1998,,,,,,,40.4,10,10,,43.4,83,,40,,66.2,51,30,30
VNM,Vietnam,1999,,,,,,,42.7,10,28,,43,81.4,,40,,70.8,51,30,30
VNM,Vietnam,2000,5.4,5.57,4.32,6.03,,4.95,43.7,10,25,,53.9,84.1,,40,,69.3,51,30,30
VNM,Vietnam,2001,5.31,5.28,4.23,6.08,,4.95,44.3,10,26,,54.1,86.8,,40,,71.1,51,30,30
VNM,Vietnam,2002,5.22,5.19,4.21,5.86,,4.96,45.6,10,25,,54.1,90.3,,40,,80.4,51,30,30
VNM,Vietnam,2003,5.24,4.83,4.22,6.28,5.94,4.95,46.2,10,26,,62.5,83,,40,,86.5,47.6,30,30
VNM,Vietnam,2004,5.51,6.32,4.54,5.77,5.96,5.03,46.1,10,24,,63.4,82.1,,40,,80.4,54.8,30,30
VNM,Vietnam,2005,5.59,6.1,4.79,5.67,5.96,5.47,48.1,10,24,,74.5,79.1,,40,64.1,79.1,50.2,30,30
VNM,Vietnam,2006,5.65,6.4,4.78,5.54,5.97,5.59,50.5,10,26,,74.3,74.8,,60,67.7,74.2,57.6,30,30
VNM,Vietnam,2007,5.59,6.44,4.83,5.17,5.98,5.55,49.8,10,26,,74.3,78.6,,59.6,66.3,67.5,56,30,30
VNM,Vietnam,2008,5.32,6.68,4.87,3.34,6.23,5.5,50.4,10,26,,74.3,78,,60.4,65.2,67.4,62.8,30,30
VNM,Vietnam,2009,5.58,6.06,4.87,4.97,6.54,5.51,51,10,26,,74.3,77.3,,61.7,70,67,63.4,30,30
VNM,Vietnam,2010,5.53,5.55,4.84,4.81,6.5,5.97,49.8,15,27,,76.1,73.4,,60.7,68.4,58.1,68.9,20,30
VNM,Vietnam,2011,5.37,5.65,4.73,3.93,6.5,6.06,51.6,15,27,,75.9,75.1,,61.6,68.2,79.1,68.9,15,30
VNM,Vietnam,2012,5.56,5.47,4.63,5.14,6.59,5.97,51.3,15,27,,76.5,66.5,,61.1,67.3,75.1,79.6,15,30
VNM,Vietnam,2013,5.6,5.4,4.7,5.41,6.71,5.79,51,15,29,,75.6,72.4,,63.8,65.5,65.3,78.6,15,30
VNM,Vietnam,2014,5.66,5.73,4.77,5.67,6.36,5.8,50.8,15,26.9,,77,71.4,,62,68.3,63.6,78.7,15,30
VNM,Vietnam,2015,5.78,5.95,4.83,6.02,6.22,5.87,51.7,15,31,,79.1,77.1,,61.5,62.9,66.8,78.6,15,30
VNM,Vietnam,2016,5.86,5.83,4.86,6.07,6.5,6.04,54,15,31,,79.3,75.1,,58.3,62.6,70.6,83,25,40
VNM,Vietnam,2017,5.93,5.77,4.88,6.36,6.5,6.14,52.4,49.7,24.6,32,79.6,74.6,21.1,61.2,62.2,76,83.1,25,40
VNM,Vietnam,2018,6.12,6.39,4.81,6.64,6.52,6.24,53.1,46.4,30.4,36.3,79.7,74,27.3,63.2,60.4,75.4,78.7,25,40
VNM,Vietnam,2019,6.17,6.53,4.81,6.79,6.5,6.24,55.3,49.8,34,40.3,79.7,74.1,40.7,63.5,62.8,68.9,79.2,30,40
VNM,Vietnam,2020,6.16,6.53,4.96,6.77,6.4,6.14,58.8,52.6,33.8,40.1,79.5,75.9,58,65.6,62.5,68.2,79.6,40,50
VNM,Vietnam,2021,6.24,6.51,5.15,6.95,6.43,6.16,61.7,51.3,38,35.9,80.3,86,82.8,65.2,62.6,69,79,40,50
VNM,Vietnam,2022,6.23,6.28,5.15,6.98,6.57,6.2,60.6,49.6,33.6,33.8,80.9,85.5,78.8,73.6,53.9,68.8,78.8,40,50
VNM,Vietnam,2023,,,,,,,61.8,48.7,35.1,36.4,78.6,86.5,88.7,73.4,54.1,70.5,79.4,40,50
VNM,Vietnam,2024,,,,,,,62.8,49.6,38.7,35.4,80.4,87.9,94.6,73.9,54.6,69.3,79.8,40,50
VNM,Vietnam,2025,,,,,,,65.2,49.9,39.1,35,81.8,88.8,95.8,73.9,54.5,73.9,79.8,60,50
VUT,Vanuatu,1995,,,,,,,,,,,,,,,,,,,
VUT,Vanuatu,1996,,,,,,,,,,,,,,,,,,,
VUT,Vanuatu,1997,,,,,,,,,,,,,,,,,,,
VUT,Vanuatu,1998,,,,,,,,,,,,,,,,,,,
VUT,Vanuatu,1999,,,,,,,,,,,,,,,,,,,
VUT,Vanuatu,2000,,,,,,,,,,,,,,,,,,,
VUT,Vanuatu,2001,,,,,,,,,,,,,,,,,,,
VUT,Vanuatu,2002,,,,,,,,,,,,,,,,,,,
VUT,Vanuatu,2003,,,,,,,,,,,,,,,,,,,
VUT,Vanuatu,2004,,,,,,,,,,,,,,,,,,,
VUT,Vanuatu,2005,,,,,,,,,,,,,,,,,,,
VUT,Vanuatu,2006,,,,,,,,,,,,,,,,,,,
VUT,Vanuatu,2007,,,,,,,,,,,,,,,,,,,
VUT,Vanuatu,2008,,,,,,,,,,,,,,,,,,,
VUT,Vanuatu,2009,,,,,,,58.4,40,31,,95.3,84,,69,52.6,78.7,63,30,40
VUT,Vanuatu,2010,,,,,,,56.4,40,29,,94.9,84.3,,68.7,55,76.8,55.1,20,40
VUT,Vanuatu,2011,,,,,,,56.7,40,32,,96.1,79.1,,68.8,49.8,76.5,55.1,30,40
VUT,Vanuatu,2012,,,,,,,56.6,40,36,,97,79.9,,59.3,50.7,78.4,55.1,30,40
VUT,Vanuatu,2013,,,,,,,56.6,40,35,,97.3,80.5,,56.4,57.7,81.4,48,30,40
VUT,Vanuatu,2014,,,,,,,59.5,40,33.5,,97.3,81.7,,54.8,56.8,82.7,48,60,40
VUT,Vanuatu,2015,,,,,,,61.1,40,33.5,,97.2,83.8,,51.5,46.4,82.9,75.4,60,40
VUT,Vanuatu,2016,,,,,,,60.8,40,33.5,,97,86.1,,51.8,47.7,78.3,74,60,40
VUT,Vanuatu,2017,,,,,,,67.4,65.5,70.5,33,97,80.4,99.1,51.4,58.1,74.8,73.9,65,40
VUT,Vanuatu,2018,,,,,,,69.5,67.9,75.4,47.1,97,78.5,98,55.2,59.5,75.7,75,65,40
VUT,Vanuatu,2019,,,,,,,56.4,65.9,51.9,36.4,97.3,54.1,15.3,52.4,58.8,75,64.4,65,40
VUT,Vanuatu,2020,,,,,,,60.7,68.3,37.4,36.1,97.1,61.1,78.4,51.8,54.6,74.6,63.4,65,40
VUT,Vanuatu,2021,,,,,,,60.5,53.3,39.5,34.1,96.8,61.7,94.9,49.4,54.5,75.5,61.6,65,40
VUT,Vanuatu,2022,,,,,,,62.9,57.8,42.4,71.2,96.8,60.1,96.1,49.1,40,74.4,61.6,65,40
VUT,Vanuatu,2023,,,,,,,62.1,60.3,72.2,45.5,98,45.5,95.4,49.8,40.1,73.8,59.7,65,40
VUT,Vanuatu,2024,,,,,,,62.2,63.3,47.9,71,98.8,45,90.4,55.1,40.1,69.9,59.6,65,40
VUT,Vanuatu,2025,,,,,,,61.8,61.4,48.1,71.3,97.6,43.1,85.4,55.5,48.8,65.7,59.4,65,40
WSM,Samoa,1995,,,,,,,,,,,,,,,,,,,
WSM,Samoa,1996,,,,,,,47.6,50,70,,64.5,2.2,,70,,72,0,50,50
WSM,Samoa,1997,,,,,,,51.5,50,70,,64.5,25,,70,,83.6,0,50,50
WSM,Samoa,1998,,,,,,,49.9,50,70,,64.5,17.3,,70,,77.4,0,50,50
WSM,Samoa,1999,,,,,,,58.7,50,70,,64.5,36.8,,70,,75,62,50,50
WSM,Samoa,2000,,,,,,,60.8,50,70,,64.5,56,,70,,74.8,62,50,50
WSM,Samoa,2001,,,,,,,63.1,50,70,,75.5,48.8,,70,,91.2,62,50,50
WSM,Samoa,2002,,,,,,,,,,,,,,,,,,,
WSM,Samoa,2003,,,,,,,,,,,,,,,,,,,
WSM,Samoa,2004,,,,,,,,,,,,,,,,,,,
WSM,Samoa,2005,,,,,,,,,,,,,,,,,,,
WSM,Samoa,2006,,,,,,,,,,,,,,,,,,,
WSM,Samoa,2007,,,,,,,,,,,,,,,,,,,
WSM,Samoa,2008,,,,,,,,,,,,,,,,,,,
WSM,Samoa,2009,,,,,,,59.5,60,45,,86.2,56.2,,61.5,80.2,75.7,70,30,30
WSM,Samoa,2010,,,,,,,60.4,55,44,,79.6,67.5,,73.2,80.8,73.8,70,30,30
WSM,Samoa,2011,,,,,,,60.6,60,45,,80.1,67.9,,72.8,82.1,68.5,70,30,30
WSM,Samoa,2012,,,,,,,60.5,60,41,,80.3,61.3,,72.9,82.3,77,70,30,30
WSM,Samoa,2013,,,,,,,57.1,60,39,,80.6,34.3,,72.4,80.4,78.5,66,30,30
WSM,Samoa,2014,,,,,,,61.1,60,38,,79.9,42.2,,73.7,80.3,76.1,75.8,55,30
WSM,Samoa,2015,,,,,,,61.9,60,38,,80.2,46.5,,73.6,78.4,81.2,75.8,55,30
WSM,Samoa,2016,,,,,,,63.5,60,52,,78.9,57.5,,77.1,71.8,82.5,70.6,55,30
WSM,Samoa,2017,,,,,,,58.4,51.3,37.1,22.6,80.4,51.9,66.6,77,73.3,84.5,70.7,55,30
WSM,Samoa,2018,,,,,,,61.5,53.1,40.1,38.8,79.9,55.1,78.1,77,76.5,84.8,70.2,55,30
WSM,Samoa,2019,,,,,,,62.2,53.8,37.7,31,79.9,62.3,93.6,77,78.2,83.5,63.8,55,30
WSM,Samoa,2020,,,,,,,62.1,60.5,31.5,31.7,79.6,62.5,94.6,76.6,78.8,79.5,64.6,55,30
WSM,Samoa,2021,,,,,,,61.9,48.5,32.7,28.2,78.9,71.1,95.2,75.5,80.8,80,66.4,55,30
WSM,Samoa,2022,,,,,,,68.3,78.4,53.7,78.4,78.6,68.5,95.6,61.5,71.6,81.4,66.4,55,30
WSM,Samoa,2023,,,,,,,68.3,76.3,79.7,58.6,79.2,68.6,95.7,62,71.3,79.9,67.8,50,30
WSM,Samoa,2024,,,,,,,67.2,73.2,56,78.3,79,67.8,96.2,63.9,71.4,73.6,67.2,50,30
WSM,Samoa,2025,,,,,,,66.6,76.1,60.3,77.7,79,67.3,97.8,63.5,76.2,64.6,67.2,40,30
XKX,Kosovo,2012,,,,,,,,,,,,,,,,,,,
XKX,Kosovo,2013,,,,,,,,30,29,,93.5,73,,52.4,77.7,,,65,
XKX,Kosovo,2014,,,,,,,,30,28.6,,92.7,73,,58.1,71.3,72.7,,65,
XKX,Kosovo,2015,,,,,,,,30,33,,,73.9,,66.8,72.1,74.9,,65,
XKX,Kosovo,2016,,,,,,,61.4,30,33,,93.6,76.8,,69.3,66.3,78.9,70.8,65,30
XKX,Kosovo,2017,,,,,,,67.9,70.3,45.9,58,93.5,77.8,88.9,68.8,65.3,80,70.8,65,30
XKX,Kosovo,2018,,,,,,,66.6,52.3,45.4,59,93.2,77.9,92.8,72.6,58.3,81.2,70.8,65,30
XKX,Kosovo,2019,,,,,,,67,57.2,44.7,53.5,92.5,77.7,96,73.8,64.9,78.3,70.8,65,30
XKX,Kosovo,2020,,,,,,,67.4,66.3,39.2,54.1,92.6,76.5,94,75,61,78.4,76.2,65,30
XKX,Kosovo,2021,,,,,,,66.5,54.5,46.4,55.9,92.6,75,90.5,71.2,64.4,75.7,77.2,65,30
XKX,Kosovo,2022,,,,,,,60.1,47.4,37.5,31,92.5,71.6,67.4,68,53.1,79.1,78.6,65,30
XKX,Kosovo,2023,,,,,,,60.7,47.2,31.3,39.3,93.1,70.8,72.6,67.9,53.4,75,83.3,65,30
XKX,Kosovo,2024,,,,,,,60.6,48.2,41,31.8,90.7,72.3,82.3,68,47.5,66.4,84.2,65,30
XKX,Kosovo,2025,,,,,,,61.7,47.6,43.2,32.2,91.9,74.3,98.5,56.8,47.5,69,84.2,65,30
YEM,"Yemen, Rep.",1970,,,2.63,,,,,,,,,,,,,,,,
YEM,"Yemen, Rep.",1975,,,2.94,,,,,,,,,,,,,,,,
YEM,"Yemen, Rep.",1980,,,2.56,,,,,,,,,,,,,,,,
YEM,"Yemen, Rep.",1985,,,2.55,,,,,,,,,,,,,,,,
YEM,"Yemen, Rep.",1990,,3.62,2.35,,,,,,,,,,,,,,,,
YEM,"Yemen, Rep.",1995,,10,2.84,,,4.91,49.8,30,10,,78.2,73.4,,70,,41.8,45,70,30
YEM,Yemen,1996,,,,,,,49.6,30,10,,78.4,75.3,,70,,38.1,45,70,30
YEM,Yemen,1997,,,,,,,48.4,30,10,,81.4,74.8,,55,,39.1,45,70,30
YEM,Yemen,1998,,,,,,,46.1,30,10,,81.2,80.3,,55,,46,52.6,30,30
YEM,Yemen,1999,,,,,,,43.3,30,10,,74.1,52.5,,55,,62.8,45,30,30
YEM,"Yemen, Rep.",2000,4.38,8.01,2.26,0.02,,5.1,44.5,30,10,,74.8,41.9,,55,,67.7,61,30,30
YEM,"Yemen, Rep.",2001,4.63,9.11,2.26,0.02,,5.1,44.3,30,10,,74.7,33.7,,55,,71.5,64.2,30,30
YEM,"Yemen, Rep.",2002,4.96,7.74,2.26,3.1,,5.3,48.6,30,10,,74.9,69.3,,55,,69.7,68.6,30,30
YEM,"Yemen, Rep.",2003,4.39,5.24,2.28,3.44,,5.16,50.3,30,10,,75,63.5,,55,,68.7,70.2,50,30
YEM,"Yemen, Rep.",2004,4.54,6.02,2.28,3.04,,5.28,50.5,30,10,,75,66.5,,55,,68.1,70.2,50,30
YEM,"Yemen, Rep.",2005,4.57,5.55,2.64,3.21,,5.31,53.8,30,26,,74.9,66.5,,55,76.8,68.8,59.8,50,30
YEM,"Yemen, Rep.",2006,5.9,5.2,2.65,8.6,,5.31,52.6,30,24,,75,56.2,,54.9,76.7,68,61.6,50,30
YEM,"Yemen, Rep.",2007,6.18,5.75,2.67,9.45,,5.11,54.1,30,27,,83.2,56.2,,53.5,76.3,68.2,66.4,50,30
YEM,"Yemen, Rep.",2008,5.9,6.46,2.66,7.54,,5.38,53.8,30,26,,83.2,58.5,,54.8,76.5,62.9,66.4,50,30
YEM,"Yemen, Rep.",2009,5.47,5.33,2.65,8.57,,3.98,56.9,30,25,,83.2,57.1,,74.9,75.8,66.5,76.2,50,30
YEM,"Yemen, Rep.",2010,5.88,6.6,2.66,7.58,7.31,5.18,54.4,30,23,,83.2,51.3,,74.4,65.4,65.1,76.1,45,30
YEM,"Yemen, Rep.",2011,5.62,6.96,2.54,6.89,7.2,4.55,54.2,30,21,,83.2,44.5,,73.7,50.9,82.3,81.6,45,30
YEM,"Yemen, Rep.",2012,5.7,6.72,2.48,6.87,7.16,5.24,55.3,30,22,,83.1,62.8,,71.5,57.3,69.3,81.5,45,30
YEM,"Yemen, Rep.",2013,5.85,7.54,2.57,7.6,7.15,4.42,55.9,30,21,,91.5,72.8,,61.3,55.3,65.7,81.5,50,30
YEM,"Yemen, Rep.",2014,6.01,7.87,2.54,8.33,7.16,4.21,55.5,30,19.4,,91.7,74.9,,59.2,54.9,62.1,82.4,50,30
YEM,"Yemen, Rep.",2015,5.35,6.82,2.36,6.87,6.4,4.31,53.7,30,18,,91.5,59.9,,54,57.1,68.5,77.6,50,30
YEM,"Yemen, Rep.",2016,5.85,7.45,2.34,8.79,6.36,4.31,,30,19,,,,,51.9,54.4,71,,,30
YEM,"Yemen, Rep.",2017,5.53,8.56,2.31,6.73,5.75,4.31,,37.3,17.4,22.6,,77.2,10.6,51.4,54.2,59.7,,,
YEM,"Yemen, Rep.",2018,5.14,8.29,2.36,6.73,4.55,3.75,,17.9,21.2,16.6,,80.9,5.4,52.7,52.1,66.6,,50,
YEM,"Yemen, Rep.",2019,5.31,8.26,2.36,8.22,4.59,3.1,,19.6,20.3,22.2,,83.7,0,45.1,49.8,61.5,71.4,50,
YEM,"Yemen, Rep.",2020,4.61,8.45,2.37,4.55,4.59,3.1,,22.5,21.9,20.1,,96.5,60.1,43.9,43.8,42.6,70,50,
YEM,"Yemen, Rep.",2021,4.67,8.33,2.36,4.98,4.6,3.07,,16.5,17,19.7,,95.6,48.9,46.1,57.7,54.6,67.4,,
YEM,"Yemen, Rep.",2022,4.68,8.31,2.4,4.98,4.61,3.11,,,,,,,,,,,,,
YEM,Yemen,2023,,,,,,,,6.3,8.3,7,,,,28.4,30.7,,,,
YEM,Yemen,2024,,,,,,,,5.7,6.9,8.3,,,,,,,,,
YEM,Yemen,2025,,,,,,,,5.1,6.1,8.3,,,,,,,,,
ZAF,South Africa,1970,5.3,5.82,3.18,7.16,7.15,4.02,,,,,,,,,,,,,
ZAF,South Africa,1975,5.09,5.48,3.18,6.07,7.53,3.95,,,,,,,,,,,,,
ZAF,South Africa,1980,5.03,6.08,3.21,5.33,6.97,4.13,,,,,,,,,,,,,
ZAF,South Africa,1985,5.06,6.16,3.62,5.71,5.64,4.44,,,,,,,,,,,,,
ZAF,South Africa,1990,5.47,6.59,3.66,5.88,7.01,4.65,,,,,,,,,,,,,
ZAF,South Africa,1995,6.64,6.81,5.98,6.53,7.38,6.53,60.7,50,50,,61.1,63.3,,85,,73.8,43,70,50
ZAF,South Africa,1996,,,,,,,62.5,50,50,,63.6,62.2,,85,,75.4,56.4,70,50
ZAF,South Africa,1997,,,,,,,63.2,50,56,,61.3,65.3,,85,,76.2,55,70,50
ZAF,South Africa,1998,,,,,,,64.3,50,57,,61.3,67.3,,85,,77.3,61,70,50
ZAF,South Africa,1999,,,,,,,63.3,50,50,,60.8,66.7,,85,,76.7,61,70,50
ZAF,South Africa,2000,6.92,6.45,5.66,7.72,7.87,7,63.7,50,52,,60.5,67.3,,85,,77.8,61,70,50
ZAF,South Africa,2001,6.93,6.73,5.7,7.69,7.87,6.74,63.8,50,50,,65,78.1,,70,,79.6,61,70,50
ZAF,South Africa,2002,6.83,6.7,5.6,7.24,7.87,6.8,64,50,50,,65.2,79.7,,70,,80.3,61,70,50
ZAF,South Africa,2003,6.85,6.62,5.57,7.48,7.88,6.77,67.1,50,48,,68,80,,70,,80.1,68,70,70
ZAF,South Africa,2004,6.86,6.68,5.72,7.86,7.33,6.73,66.3,50,48,,69.6,79.7,,70,,77.1,62.2,70,70
ZAF,South Africa,2005,6.88,6.78,5.94,7.65,7.07,6.98,62.9,50,44,,69.7,79.9,,70,58.7,78.6,77.8,50,50
ZAF,South Africa,2006,6.77,6.74,5.93,7.32,7.17,6.71,63.7,50,46,,69.8,78.6,,71.8,58.9,83.7,77.8,50,50
ZAF,South Africa,2007,6.75,6.76,5.92,7.1,7.15,6.82,63.5,50,45,,69.7,79.2,,70.4,58.5,78.8,73.8,50,60
ZAF,South Africa,2008,6.51,6.29,5.88,6.58,7.13,6.67,63.4,50,46,,69.5,76.8,,71.4,59.1,77.2,74.2,50,60
ZAF,South Africa,2009,6.53,6.17,5.83,7.14,7.13,6.43,63.8,50,51,,68.9,77.6,,74.6,56.8,74.3,74.8,50,60
ZAF,South Africa,2010,6.74,6.28,5.98,7.64,6.96,6.84,62.8,50,49,,69.1,76.8,,73,59,70.2,76,45,60
ZAF,South Africa,2011,6.79,6.31,6.02,7.73,7.17,6.74,62.7,50,47,,69.6,77.5,,72.3,56.7,71.9,77.2,45,60
ZAF,South Africa,2012,6.81,6.2,6.05,7.81,7.22,6.78,62.7,50,45,,70.7,71.9,,75.8,57.3,75,76.3,45,60
ZAF,South Africa,2013,6.89,6.19,6.02,8.17,7.23,6.84,61.8,50,41,,70.5,69.2,,74.7,55.6,75.8,76.3,45,60
ZAF,South Africa,2014,6.71,6.19,5.97,7.79,6.85,6.76,62.5,50,41.6,,68.7,69.1,,74.5,54.4,75.3,76.1,55,60
ZAF,South Africa,2015,6.63,5.75,5.93,7.93,6.87,6.65,62.6,50,42,,69.5,68.2,,73,61.6,74.9,76.6,50,60
ZAF,South Africa,2016,6.57,5.8,5.69,7.8,6.84,6.75,61.9,50,44,,70.1,69.9,,69.7,58.7,74.6,77,45,60
ZAF,South Africa,2017,6.6,6,5.63,7.88,6.91,6.59,62.3,67.6,47.6,59.7,70.2,68.4,70,62,58.9,75.8,77.3,40,50
ZAF,South Africa,2018,6.62,6.23,5.63,7.9,6.86,6.48,63,67.7,45.4,65.9,62.5,68.1,74.6,65.1,60.1,74.6,71.6,50,50
ZAF,South Africa,2019,6.62,6.12,5.65,7.95,6.93,6.48,58.3,58.8,39.7,39.3,62.1,67.6,62.6,64.3,59.1,75.2,76,45,50
ZAF,South Africa,2020,6.47,5.93,5.71,8,6.4,6.34,58.8,58.4,46.6,38,63.7,67.4,64,62,58.8,75.9,75.8,45,50
ZAF,South Africa,2021,6.58,6.1,5.76,7.86,6.42,6.74,59.7,59.6,50.6,57.1,63.9,65.9,53.4,61.5,59.4,76.8,72.6,45,50
ZAF,South Africa,2022,6.65,6.17,5.78,7.6,6.96,6.73,56.2,43.2,48.4,61.3,63.4,68.1,8.1,65.7,71.1,78,72.2,45,50
ZAF,South Africa,2023,,,,,,,55.7,42.5,59.1,48,65.6,67.3,5.9,64.5,71.6,77,72.4,45,50
ZAF,South Africa,2024,,,,,,,55.3,44.7,48,58.3,65.2,66.9,19.7,61.4,72.1,74.5,72.4,40,40
ZAF,South Africa,2025,,,,,,,57.3,44.3,45.1,57.7,67.9,68.6,45.8,64,71,74.5,68.4,40,40
ZMB,Zambia,1970,3.98,5.33,3.68,5.14,,3.26,,,,,,,,,,,,,
ZMB,Zambia,1975,3.8,4.13,3.77,5.24,2.55,3.26,,,,,,,,,,,,,
ZMB,Zambia,1980,3.98,4.22,3.79,6.14,2.58,3.24,,,,,,,,,,,,,
ZMB,Zambia,1985,3.44,4.67,3.8,3.35,2.52,2.74,,,,,,,,,,,,,
ZMB,Zambia,1990,2.88,4.91,3.99,0.46,2.24,2.43,,,,,,,,,,,,,
ZMB,Zambia,1995,4.31,7.35,4.8,0.66,5.07,3.27,55.1,50,30,,72.4,74.8,,55,,12.2,61.2,70,70
ZMB,Zambia,1996,,,,,,,59.6,50,50,,73.2,74.1,,55,,32.9,61.2,70,70
ZMB,Zambia,1997,,,,,,,62.1,50,50,,71.6,69.5,,55,,48.9,74,70,70
ZMB,Zambia,1998,,,,,,,62.7,50,50,,72.2,74.2,,55,,53.9,69,70,70
ZMB,Zambia,1999,,,,,,,64.2,50,50,,71.9,77.6,,55,,60.4,73,70,70
ZMB,Zambia,2000,5.91,7.87,4.81,5.71,6.68,4.44,62.8,50,35,,72,81.3,,55,,62.6,69,70,70
ZMB,Zambia,2001,5.9,7.04,4.82,6.28,6.89,4.44,59.5,50,35,,68.5,74.8,,55,,62.7,69.4,70,50
ZMB,Zambia,2002,5.84,6.95,4.78,6.13,6.92,4.41,59.6,50,34,,75.8,76.5,,55,,57.7,67.6,70,50
ZMB,Zambia,2003,5.99,7.24,4.79,6.31,6.91,4.62,55.3,50,26,,75.1,72.8,,55,,59.6,58.8,50,50
ZMB,Zambia,2004,6.03,7.3,4.79,7.02,6.35,4.62,54.9,50,26,,75.3,69.1,,55,,60.1,58.8,50,50
ZMB,Zambia,2005,6.09,7.29,4.86,7.26,6.11,4.87,55,50,25,,68.7,69.7,,55,52.6,60.6,68.2,50,50
ZMB,Zambia,2006,6.28,7.41,4.87,7.65,6.31,5.14,56.8,50,26,,70.7,71,,64.4,57.2,62.3,66.2,50,50
ZMB,Zambia,2007,6.33,7.54,5.09,7.38,6.38,5.21,56.2,40,26,,70.6,78.5,,63.6,54.8,57.8,70.8,50,50
ZMB,Zambia,2008,6.31,7.63,5.11,7.26,6.33,5.17,56.2,40,26,,72.6,80.3,,63.5,45.8,62.9,71.2,50,50
ZMB,Zambia,2009,6.33,7.57,5.09,7.57,6.52,4.87,56.6,30,26,,72.9,82.1,,68.8,51,64.1,71.2,50,50
ZMB,Zambia,2010,6.51,8.09,5,8.02,6.51,4.9,58,30,28,,72.4,82.6,,66.4,57,63.3,79.9,50,50
ZMB,Zambia,2011,6.59,8.1,5.06,8.43,6.38,4.97,59.7,30,30,,72.4,81.8,,62.2,56.3,77.3,82.4,55,50
ZMB,Zambia,2012,6.61,7.85,4.98,8.37,6.51,5.33,58.3,30,30,,73.3,84.9,,61.2,51.1,64.9,82.3,55,50
ZMB,Zambia,2013,6.39,7.47,4.76,8.28,6.44,5.01,58.7,30,32,,72.9,80.3,,60.4,58.4,66,82.3,55,50
ZMB,Zambia,2014,6.41,7.41,4.8,8.18,6.69,4.95,60.4,30,31.3,,71.8,82.9,,74.9,50.1,68,84.6,60,50
ZMB,Zambia,2015,6.24,7.28,4.86,7.93,6.25,4.87,58.7,30,38,,71.9,78,,68.2,46,73.2,76.8,55,50
ZMB,Zambia,2016,6.19,7.4,4.88,7.38,6.42,4.86,58.8,30,38,,73.3,81.1,,66.4,48.3,72.6,78.2,50,50
ZMB,Zambia,2017,6.4,7.34,4.83,8.48,6.4,4.98,55.8,49.6,35,39.8,73.1,81.6,21.6,66.6,48.2,70.7,78.3,55,50
ZMB,Zambia,2018,6.36,6.91,4.78,8.47,6.75,4.89,54.3,46,36.3,40.6,72.1,80.2,14.4,69.8,43.5,65.4,78.3,55,50
ZMB,Zambia,2019,6.23,6.58,4.73,8.27,6.74,4.86,53.6,45,32.3,35.6,72.3,80.1,12.3,71.1,46,70.3,72.6,55,50
ZMB,Zambia,2020,5.89,6.52,4.67,7.48,6.06,4.7,53.5,45.2,28.4,31.3,73.2,81.7,18.4,66.4,47,72.2,72.6,55,50
ZMB,Zambia,2021,5.63,6.13,4.77,6.29,6.08,4.91,50.4,37.2,30.5,26.2,71.1,78.5,5.3,66.1,45.6,71.2,68.2,55,50
ZMB,Zambia,2022,6.17,6.32,4.99,7.29,7.12,5.11,48.7,38.3,30.8,45.2,70.9,73.3,0,44.2,41.9,66.4,68.2,55,50
ZMB,Zambia,2023,,,,,,,47.8,36,44.4,29.9,74.8,69.6,0,43.9,42.1,62.2,65.2,55,50
ZMB,Zambia,2024,,,,,,,48.4,36.2,30,44.1,74.1,71.7,0.6,49,40.4,66.2,63.4,55,50
ZMB,Zambia,2025,,,,,,,50.9,45.8,36.7,45.3,74.7,75,0,45.9,48.7,68.2,65.8,55,50
ZWE,Zimbabwe,1970,,8.12,2.67,5.75,,,,,,,,,,,,,,,
ZWE,Zimbabwe,1975,3.98,7.69,2.68,6.49,,1.43,,,,,,,,,,,,,
ZWE,Zimbabwe,1980,4.45,6.48,3.23,6.64,4.43,2.99,,,,,,,,,,,,,
ZWE,Zimbabwe,1985,4.24,5.35,3.23,6.24,4.28,3.3,,,,,,,,,,,,,
ZWE,Zimbabwe,1990,4.55,5.61,3.27,6.05,6.56,3.27,,,,,,,,,,,,,
ZWE,Zimbabwe,1995,5.48,6.6,4.16,6.11,8.77,4.27,48.5,50,30,,50.1,65.3,,55,,54.7,51.8,30,50
ZWE,Zimbabwe,1996,,,,,,,46.7,50,30,,58.4,63.7,,55,,58.1,25,30,50
ZWE,Zimbabwe,1997,,,,,,,48,50,30,,64.7,67.1,,55,,59.7,25,30,50
ZWE,Zimbabwe,1998,,,,,,,44.6,30,30,,65.4,55.3,,55,,60.4,25,30,50
ZWE,Zimbabwe,1999,,,,,,,47.2,30,30,,65.4,64.3,,55,,61.8,38.2,30,50
ZWE,Zimbabwe,2000,4.24,5.57,3.69,4.13,2.93,4.89,48.7,30,42,,65.8,58.9,,55,,56.9,49.4,30,50
ZWE,Zimbabwe,2001,3.89,6.04,2.97,3.63,2.89,3.98,38.8,10,41,,47.8,61.1,,55,,41.2,53.4,10,30
ZWE,Zimbabwe,2002,3.42,6,2.83,1.48,2.82,4.01,36.7,10,30,,64.8,52,,55,,38.5,59.8,10,10
ZWE,Zimbabwe,2003,3.58,6.3,2.8,2.32,2.76,3.74,36.7,10,29,,68.1,63.5,,55,,32.9,52.2,10,10
ZWE,Zimbabwe,2004,3.04,4.19,2.95,2.37,2.13,3.61,34.4,10,27,,67.5,63.5,,55,,13.1,53.8,10,10
ZWE,Zimbabwe,2005,3.16,4.52,2.97,2.44,1.97,3.89,35.2,10,23,,66.1,74.4,,55,42.8,0,61,10,10
ZWE,Zimbabwe,2006,3.06,4.99,2.97,1.97,1.94,3.4,33.5,10,23,,67.6,82.7,,43.2,41.7,0,47.2,10,10
ZWE,Zimbabwe,2007,3.26,6.37,2.86,1.97,1.76,3.31,32,10,26,,68.8,49.6,,42,41.1,0,52.6,10,20
ZWE,Zimbabwe,2008,4.45,7.29,3.02,4.23,4.21,3.46,29.5,10,24,,57.8,24.1,,41.1,52.1,0,55.4,10,20
ZWE,Zimbabwe,2009,4.2,7.59,3.03,2.47,4.41,3.48,22.7,5,21,,44.1,4.6,,30.8,51.2,0,50.4,10,10
ZWE,Zimbabwe,2010,4.41,6.74,3.17,3.86,4.62,3.63,21.4,5,18,,58.4,0,,30,48.2,0,44.8,0,10
ZWE,Zimbabwe,2011,4.6,6.61,3.23,4.58,5.09,3.48,22.1,5,22,,70.3,0,,32.1,36.8,0,45,0,10
ZWE,Zimbabwe,2012,4.98,7.08,3.25,5.87,4.84,3.84,26.3,10,24,,65.2,38.7,,34.9,29.6,0,50.4,0,10
ZWE,Zimbabwe,2013,5.18,6.65,3.29,7.38,4.78,3.77,28.6,10,22,,71.8,66.4,,33.4,21.9,0,50.4,0,10
ZWE,Zimbabwe,2014,5.3,6.73,3.34,7.06,5.55,3.75,35.5,10,19.3,,63.3,64,,34.5,22.2,73,54.2,5,10
ZWE,Zimbabwe,2015,5.5,6.92,3.45,7.41,5.47,4.23,37.6,10,21,,66.6,74.2,,37.1,23.7,75.4,58.4,0,10
ZWE,Zimbabwe,2016,5.16,4.99,3.41,7.71,5.41,4.21,38.2,10,21,,60.8,73.6,,37.6,30,79.1,50.2,10,10
ZWE,Zimbabwe,2017,4.81,4.67,3.43,7.82,3.67,4.4,44,27.3,14.7,26.1,61.1,75.2,90.6,36.2,33.1,76.5,52.8,25,10
ZWE,Zimbabwe,2018,4.71,5.64,3.41,4.37,5.5,4.6,44,27.6,18.9,33,61.1,72,59.1,37.1,38.8,76.9,69.1,25,10
ZWE,Zimbabwe,2019,4.21,6.28,3.39,1.34,5.5,4.54,40.4,29.7,15.8,24.8,62.3,74.5,23.7,33.4,43.3,72.4,70,25,10
ZWE,Zimbabwe,2020,3.94,5.93,3.34,1.25,4.76,4.43,43.1,33.7,18.9,28.3,62.3,88,36.2,39.1,43.1,62.8,70,25,10
ZWE,Zimbabwe,2021,3.77,5.05,3.4,1.25,4.88,4.24,39.5,32.6,21.3,32,63.4,89.4,58.8,41.5,44.1,0,56,25,10
ZWE,Zimbabwe,2022,3.53,5.63,3.54,1.25,3.03,4.2,33.1,20.8,20.6,16.3,66.1,87.2,79.8,36.9,34.9,0,0,25,10
ZWE,Zimbabwe,2023,,,,,,,39,20,15.8,20,65.8,92.6,89.9,39.8,35.4,0,54,25,10
ZWE,Zimbabwe,2024,,,,,,,38.2,20.2,19.8,16,74.6,92.1,78.5,39,32.8,0,50.4,25,10
ZWE,Zimbabwe,2025,,,,,,,35.1,20.7,20.7,15.8,73.6,87.6,44.4,39.3,33.2,0,50.4,25,10
