ISO3,Country Name,Year,NY.GDP.PCAP.PP.KD,NY.GDP.MKTP.KD.ZG,VA.EST,SI.POV.DDAY,SI.POV.LMIC,SI.POV.UMIC,SI.POV.UMIC.GP,SI.POV.GINI,SI.DST.FRST.20,SL.EMP.VULN.ZS
ABW,Aruba,1995,35386.8602892056,2.54714368704694,,,,,,,,
ABW,Aruba,1996,34419.4315497134,1.18578851134656,,,,,,,,
ABW,Aruba,1997,35444.5787437592,7.04687499241221,,,,,,,,
ABW,Aruba,1998,35271.9070906287,1.99198444906199,,,,,,,,
ABW,Aruba,1999,35227.47657679,1.2380418420716,,,,,,,,
ABW,Aruba,2000,37524.0346018738,7.62292064930222,,,,,,,,
ABW,Aruba,2001,38729.4588237779,4.1820016304779,,,,,,,,
ABW,Aruba,2002,38098.9048329158,-0.944953481157384,,,,,,,,
ABW,Aruba,2003,38086.0123762909,1.11050459944282,,,,,,,,
ABW,Aruba,2004,40000.5625183532,7.29372807096192,0.737520694732666,,,,,,,
ABW,Aruba,2005,38828.2166342999,-0.383137672063768,1.15323007106781,,,,,,,
ABW,Aruba,2006,38566.8026759098,1.12741146411624,1.01727342605591,,,,,,,
ABW,Aruba,2007,39462.5851547515,3.0895443848509,0.972128868103027,,,,,,,
ABW,Aruba,2008,39881.5879733887,1.83575517191368,0.967198193073273,,,,,,,
ABW,Aruba,2009,34986.1484622772,-11.6777413693852,1.25234353542328,,,,,,,
ABW,Aruba,2010,33951.6246182745,-2.73345679250639,1.28188371658325,,,,,,,
ABW,Aruba,2011,34837.9402869986,3.36923718421511,1.27358782291412,,,,,,,
ABW,Aruba,2012,33972.3401082566,-1.04079988436683,1.2846497297287,,,,,,,
ABW,Aruba,2013,35621.7848546409,6.43146080719245,1.27806329727173,,,,,,,
ABW,Aruba,2014,35746.8630679768,1.42609864257801,1.27683234214783,,,,,,,
ABW,Aruba,2015,36660.6310808381,3.61147995361162,1.27399480342865,,,,,,,
ABW,Aruba,2016,36832.9040242979,1.23433537363427,1.27949273586273,,,,,,,
ABW,Aruba,2017,38116.8310992499,3.49342985290626,1.29565441608429,,,,,,,
ABW,Aruba,2018,39278.8297271438,3.21247111920076,1.28282356262207,,,,,,,
ABW,Aruba,2019,39652.6320700939,1.22511225158814,1.2625652551651,,,,,,,
ABW,Aruba,2020,30347.6371851417,-23.8979898352395,1.28185057640076,,,,,,,
ABW,Aruba,2021,35104.7868035374,14.7306159219273,1.01815533638,,,,,,,
ABW,Aruba,2022,38979.8358245412,10.6364309604414,1.01316380500793,,,,,,,
ABW,Aruba,2023,41964.7711908515,7.70679839650956,1.0191752910614,,,,,,,
ABW,Aruba,2024,44558.9287594176,6.81077669324542,,,,,,,,
ABW,Aruba,2025,,,,,,,,,,
AFG,Afghanistan,1995,,,,,,,,,,95.52982507781
AFG,Afghanistan,1996,,,-1.90854012966156,,,,,,,95.441270725716
AFG,Afghanistan,1997,,,,,,,,,,95.2876945838557
AFG,Afghanistan,1998,,,-2.03930115699768,,,,,,,95.1033947601255
AFG,Afghanistan,1999,,,,,,,,,,94.8961368242593
AFG,Afghanistan,2000,1617.82647494969,,-2.03141713142395,,,,,,,94.6701280639741
AFG,Afghanistan,2001,1454.11078195559,-9.4319740700862,,,,,,,,94.6443004380422
AFG,Afghanistan,2002,1774.30874287341,28.6000011706788,-1.43342101573944,,,,,,,94.3840223991455
AFG,Afghanistan,2003,1815.92819979586,8.83227780288267,-1.1775711774826,,,,,,,94.0942212869551
AFG,Afghanistan,2004,1776.91820712187,1.41411799339429,-1.20303392410278,,,,,,,93.8555530192998
AFG,Afghanistan,2005,1908.11478234587,11.2297148272859,-1.12542963027954,,,,,,,93.5180128027252
AFG,Afghanistan,2006,1929.72389709372,5.35740324748592,-1.11029398441315,,,,,,,93.1873845507324
AFG,Afghanistan,2007,2155.35306784413,13.8263195471281,-1.05765390396118,,,,,,,92.7458765409573
AFG,Afghanistan,2008,2191.50435559062,3.92498381999467,-1.16890180110931,,,,,,,92.3506316077969
AFG,Afghanistan,2009,2565.02208584099,21.3905283926492,-1.37549519538879,,,,,,,91.2424734583851
AFG,Afghanistan,2010,2848.58606111495,14.3624414710737,-1.40446734428406,,,,,,,90.043576046337
AFG,Afghanistan,2011,2757.05258747725,0.426354776777345,-1.33597695827484,,,,,,,89.0042626266029
AFG,Afghanistan,2012,2985.31914452845,12.7522870926697,-1.26743006706238,,,,,,,87.9466221225401
AFG,Afghanistan,2013,3046.57993117128,5.60074465863221,-1.24013912677765,,,,,,,86.4837438686457
AFG,Afghanistan,2014,3017.94254424696,2.72454336219565,-1.13552260398865,,,,,,,85.0754288517816
AFG,Afghanistan,2015,2967.692067153,1.45131466066431,-1.11762809753418,,,,,,,84.1329631338373
AFG,Afghanistan,2016,2958.7853992308,2.26031420279821,-1.03783690929413,,,,,,,83.3065433479913
AFG,Afghanistan,2017,2952.99891598909,2.6470032027451,-0.990954160690308,,,,,,,82.2233604181096
AFG,Afghanistan,2018,2902.39211285546,1.18922812944517,-1.00768673419952,,,,,,,82.31332217699
AFG,Afghanistan,2019,2927.2451435353,3.91160341625552,-1.00671291351318,,,,,,,82.3961191048543
AFG,Afghanistan,2020,2769.68574507111,-2.35110067203466,-1.07826685905457,,,,,,,82.6906955888445
AFG,Afghanistan,2021,2144.16657002819,-20.7388393676343,-1.56838941574097,,,,,,,80.587703693578
AFG,Afghanistan,2022,1981.71016810561,-6.24017199240269,-1.75352871417999,,,,,,,81.091381513011
AFG,Afghanistan,2023,1983.81261992909,2.26694373649188,-1.85290133953094,,,,,,,81.4636847215318
AFG,Afghanistan,2024,,,,,,,,,,81.720045966335
AFG,Afghanistan,2025,,,,,,,,,,81.7701622315736
AGO,Angola,1995,5983.18421691116,15.0000000288633,,,,,,,,83.0818207260934
AGO,Angola,1996,6567.67778259899,13.5443697551025,-1.57816350460052,,,,,,,82.9013089604234
AGO,Angola,1997,6810.21622212226,7.27427735460373,,,,,,,,82.6036623195544
AGO,Angola,1998,6895.02600537711,4.69114645093552,-1.41187870502472,,,,,,,82.2379065077477
AGO,Angola,1999,6817.05713550008,2.18148971840462,,,,,,,,81.8921679287296
AGO,Angola,2000,6796.40633958013,3.05462423430785,-1.45806467533112,27,40.3,69.7,37.1,51.9,3.2,81.5838188375825
AGO,Angola,2001,6848.68325514498,4.20599855619506,,,,,,,,81.2873607867441
AGO,Angola,2002,7523.81291488042,13.6656887608562,-1.23877906799316,,,,,,,80.8859734375241
AGO,Angola,2003,7518.88948314505,3.48731240097521,-1.27261531352997,,,,,,,80.5220804611363
AGO,Angola,2004,8081.75707952672,11.4198633904585,-1.28547978401184,,,,,,,80.0835951914469
AGO,Angola,2005,8895.37660461036,14.1547775343954,-1.23471939563751,,,,,,,79.5157009787716
AGO,Angola,2006,9588.82238860962,11.8418178757044,-1.25208795070648,,,,,,,78.9800674798274
AGO,Angola,2007,10437.5899897179,13.0026889457975,-1.18531394004822,,,,,,,78.3795617615055
AGO,Angola,2008,11134.7047183666,10.7866360496581,-1.11934685707092,22.1,38.2,71.7,35.1,42.7,5.4,77.6124239019324
AGO,Angola,2009,10933.2712187989,1.99558909788963,-1.12613534927368,,,,,,,76.9023996576862
AGO,Angola,2010,11077.1301919405,5.29366572819954,-1.12052512168884,,,,,,,75.4921547412175
AGO,Angola,2011,11037.6388778577,3.59386960240222,-1.12547838687897,,,,,,,74.3450021759171
AGO,Angola,2012,11519.9933863364,8.50312283866612,-1.0762467384338399,,,,,,,71.3937735306844
AGO,Angola,2013,11626.1877218484,4.88306129688392,-1.11391913890839,,,,,,,68.4179370315136
AGO,Angola,2014,11721.664415634,4.65572356315585,-1.14532363414764,,,,,,,65.3874596999408
AGO,Angola,2015,11392.9059344932,0.763177710914789,-1.17716491222382,,,,,,,65.2627838048266
AGO,Angola,2016,10805.7122533667,-1.70053036291208,-1.14032745361328,,,,,,,65.2247980488231
AGO,Angola,2017,10414.2358842987,-0.149396225571834,-1.09524345397949,,,,,,,65.2211179561194
AGO,Angola,2018,10000.9443772509,-0.59441122698307,-0.903594315052032,39.3,53.7,80,46.7,51.3,3.8,65.260188942090707
AGO,Angola,2019,9648.01103767178,-0.204680245744115,-0.793109953403473,,,,,,,65.2690021312481
AGO,Angola,2020,8960.33797242389,-4.04244724639663,-0.816005945205688,,,,,,,65.9410906429964
AGO,Angola,2021,8862.28133314521,2.10275251923413,-0.859023571014404,,,,,,,65.7930821615419
AGO,Angola,2022,8950.14259255142,4.21600258475137,-0.807577967643738,,,,,,,66.312487849522
AGO,Angola,2023,8788.26106439635,1.26330814020108,-0.737252414226532,,,,,,,66.3095743545771
AGO,Angola,2024,8901.88736611562,4.42390664406875,,,,,,,,66.2335410114565
AGO,Angola,2025,,,,,,,,,,66.2665952765539
ALB,Albania,1995,5151.39732484423,13.3223333268813,,,,,,,,59.1027687458486
ALB,Albania,1996,5563.79315082011,7.33632894771891,-0.648297846317291,3,11.9,58.6,18.7,27,9.2,58.6512084193838
ALB,Albania,1997,4943.00399871118,-11.7115732812278,,,,,,,,58.3439224355516
ALB,Albania,1998,5387.56822958918,8.3100252038309,-0.387372851371765,,,,,,,57.9455268382669
ALB,Albania,1999,6086.00863561374,12.2507281968475,,,,,,,,57.4505693862819
ALB,Albania,2000,6582.01638790869,7.46285871776054,-0.285138666629791,,,,,,,56.9688447383251
ALB,Albania,2001,7232.99054955267,8.8637306604876,,,,,,,,56.4629109200184
ALB,Albania,2002,7590.49000137636,4.62839587394552,-0.00815020967274904,4.2,15.1,61,21.1,31.7,8.4,55.9126413837175
ALB,Albania,2003,8025.28131314895,5.33326426009945,0.0703076869249344,3.7,13.2,57.333333333333336,19.266666666666666,31.333333333333332,8.4,55.4442264573991
ALB,Albania,2004,8483.29399553028,5.26626173860785,0.00723749911412597,3.2,11.3,53.666666666666664,17.433333333333334,30.96666666666667,8.4,55.459663112862
ALB,Albania,2005,8964.31799702863,5.13082193056189,0.0036717876791954,2.7,9.4,50,15.6,30.6,8.4,55.253812505202
ALB,Albania,2006,9564.02920336839,6.0189812403864,0.0758899599313736,2.066666666666667,8.233333333333334,47.8,14.333333333333334,30.400000000000002,8.566666666666666,54.7415976042769
ALB,Albania,2007,10262.9667962049,6.50009261158209,0.113008469343185,1.4333333333333336,7.066666666666667,45.6,13.066666666666666,30.2,8.733333333333334,54.9166987982008
ALB,Albania,2008,11056.3517677907,6.90706230713707,0.174939081072807,0.8,5.9,43.4,11.8,30,8.9,58.423704765182
ALB,Albania,2009,11430.6220336089,2.69075152362146,0.141477331519127,,,,,,,56.8305037593501
ALB,Albania,2010,11829.0532917923,2.97315442681247,0.123838223516941,,,,,,,55.1330239126757
ALB,Albania,2011,12153.1140578808,2.46351683915714,0.0623337626457214,,,,,,,59.1932153701183
ALB,Albania,2012,12463.5700560026,0.984129880204108,0.0220640376210213,1.8,6.5,45.9,13.4,29,8.9,61.5347469275197
ALB,Albania,2013,12873.4832044649,1.7072283175406,0.0488644428551197,2.75,9.5,46.2,14.8,31.8,7.95,57.7794652997091
ALB,Albania,2014,13366.5595256489,2.24022695382642,0.143689781427383,3.7,12.5,46.5,16.2,34.6,7,55.9762894374987
ALB,Albania,2015,13876.81917653,2.2277040745779,0.157135263085365,1.1,4.7,32.8,9.2,32.8,7.7,56.450566600066
ALB,Albania,2016,14643.4892877063,3.90893551362245,0.171097502112389,1.1,5.8,32.9,9.6,33.7,7.3,55.9022724728535
ALB,Albania,2017,15359.4611530571,3.28317593330073,0.203885167837143,1.4,4.7,32.7,9.3,33.1,7.6,52.8315293895777
ALB,Albania,2018,16170.990493278,3.67141928098908,0.188786596059799,1,3.5,24.1,6.6,30.1,7.9,52.1865088304747
ALB,Albania,2019,16761.1925261726,2.06257790176122,0.141965284943581,0.3,1.8,21.5,5,30.1,8.5,51.1991823398025
ALB,Albania,2020,16457.7872245882,-3.31375636888916,0.0863254442811012,0.3,2.1,19.9,4.9,29.4,8.4,50.2974456373031
ALB,Albania,2021,18212.8702466686,8.96957619074095,0.0855889618396759,,,,,,,48.1514912332876
ALB,Albania,2022,19388.8731331744,4.8268006234359,0.141740188002586,,,,,,,48.977117161397
ALB,Albania,2023,20481.0358398226,4.01541716935742,0.168997228145599,,,,,,,46.7326588368579
ALB,Albania,2024,21641.0733223921,4.04592845095348,,,,,,,,46.3667942612575
ALB,Albania,2025,,,,,,,,,,46.0319331948614
AND,Andorra,1995,44375.0247238159,2.75750161326249,,,,,,,,
AND,Andorra,1996,46386.0912022485,4.64973866754707,1.56321668624878,,,,,,,
AND,Andorra,1997,50032.3529125128,9.06767205144135,,,,,,,,
AND,Andorra,1998,51092.2222352218,3.19479339289236,1.52875912189484,,,,,,,
AND,Andorra,1999,52921.0452609846,4.0990789217793004,,,,,,,,
AND,Andorra,2000,54809.1441679423,3.52836236122388,1.53565549850464,,,,,,,
AND,Andorra,2001,59109.0136806378,8.11935772169949,,,,,,,,
AND,Andorra,2002,61188.6370851474,4.54636221364653,1.43712818622589,,,,,,,
AND,Andorra,2003,63656.1958332184,8.69420371612468,1.42226195335388,,,,,,,
AND,Andorra,2004,64353.4858113531,8.13567633837351,1.56307661533356,,,,,,,
AND,Andorra,2005,65114.8053663021,5.39779598500422,1.52818155288696,,,,,,,
AND,Andorra,2006,66390.293726491,4.80868869916921,1.32997930049896,,,,,,,
AND,Andorra,2007,65534.1168555171,1.55318814103222,1.30550646781921,,,,,,,
AND,Andorra,2008,60691.6051530637,-5.55918636850581,1.32532179355621,,,,,,,
AND,Andorra,2009,57203.9708883731,-5.30284654348291,1.32293725013733,,,,,,,
AND,Andorra,2010,58285.0577756981,-1.97495799965345,1.32430839538574,,,,,,,
AND,Andorra,2011,60470.4662377044,-0.00806975341139093,1.36045336723328,,,,,,,
AND,Andorra,2012,58172.1323929474,-4.97444371853503,1.43383765220642,,,,,,,
AND,Andorra,2013,57332.1585611366,-3.54759651549344,1.40662503242493,,,,,,,
AND,Andorra,2014,59929.2444670501,2.50446552114518,1.16595566272736,,,,,,,
AND,Andorra,2015,62105.1542389675,1.43414039522716,1.19445466995239,,,,,,,
AND,Andorra,2016,64402.8092369468,3.70967806978986,1.17644572257996,,,,,,,
AND,Andorra,2017,63239.6577711911,0.346071889630295,1.16151881217957,,,,,,,
AND,Andorra,2018,63048.5985572834,1.58876549046354,1.04703915119171,,,,,,,
AND,Andorra,2019,63215.899791913,2.01554763848308,1.1081018447876,,,,,,,
AND,Andorra,2020,55488.4902991095,-11.1839399355384,1.08533525466919,,,,,,,
AND,Andorra,2021,59332.2029100127,8.28677879049404,1.03249990940094,,,,,,,
AND,Andorra,2022,63913.3835079105,9.56461225648184,1.10678911209106,,,,,,,
AND,Andorra,2023,64631.2963909271,2.58355480961319,0.996939778327942,,,,,,,
AND,Andorra,2024,65928.3071971004,3.37182032638998,,,,,,,,
AND,Andorra,2025,,,,,,,,,,
ARE,United Arab Emirates,1995,104527.92304577,6.68788645972636,,,,,,,,0.230176391940564
ARE,United Arab Emirates,1996,103653.473060887,5.79840406919965,-0.409403622150421,,,,,,,0.226249490731836
ARE,United Arab Emirates,1997,103392.439957977,8.19039864916886,,,,,,,,0.221142994813792
ARE,United Arab Emirates,1998,96088.4925317357,0.291994342094213,-0.519163191318512,,,,,,,0.22691181079477
ARE,United Arab Emirates,1999,92047.5945823489,2.90221363963283,,,,,,,,0.232238188821802
ARE,United Arab Emirates,2000,95390.7013642316,10.8527042153779,-0.516841351985931,,,,,,,0.228771603724688
ARE,United Arab Emirates,2001,90750.3469329386,1.39908503706683,,,,,,,,0.23557602567981
ARE,United Arab Emirates,2002,87479.2448897115,2.43345681089617,-0.631543517112732,,,,,,,0.275469273349458
ARE,United Arab Emirates,2003,89828.555395832,8.80054081355328,-0.912192344665527,,,,,,,0.274682281638935
ARE,United Arab Emirates,2004,93166.1449767722,9.56643663767056,-0.687912881374359,,,,,,,0.250784539371422
ARE,United Arab Emirates,2005,92750.9148604289,4.85514119553341,-0.708473205566406,,,,,,,0.246177725495406
ARE,United Arab Emirates,2006,94872.5391985501,9.83731976924005,-0.999829351902008,,,,,,,0.260444486775702
ARE,United Arab Emirates,2007,87180.6059048658,3.18439017324592,-0.906883299350739,,,,,,,0.287786784353692
ARE,United Arab Emirates,2008,80285.1852028705,3.19183627331763,-0.9123814702034,,,,,,,0.318188339668984
ARE,United Arab Emirates,2009,71488.990960362207,-5.24292190384988,-0.838367760181427,,,,,,,0.525150464255588
ARE,United Arab Emirates,2010,70913.778039508,1.60285004671343,-0.903547346591949,,,,,,,0.607486075437938
ARE,United Arab Emirates,2011,73190.3973792075,6.73646786920814,-0.89624410867691,,,,,,,0.483067009435662
ARE,United Arab Emirates,2012,73644.0532143257,4.6832657020049,-1.00081920623779,,,,,,,0.561142625366092
ARE,United Arab Emirates,2013,74237.2214478496,4.91847806719888,-1.01959705352783,0,0,0,0,32.5,6.2,0.636339242197725
ARE,United Arab Emirates,2014,74145.1093706462,4.63288144983127,-1.06146609783173,,,,,,,0.57178377857936
ARE,United Arab Emirates,2015,75238.5539913477,7.08767348587587,-1.11243331432343,,,,,,,0.779650834551746
ARE,United Arab Emirates,2016,75671.0564378596,5.65793329224303,-1.05007648468018,,,,,,,0.808071677244697
ARE,United Arab Emirates,2017,72529.0571050174,-1.06137661464977,-1.0966237783432,,,,,,,0.751495776869112
ARE,United Arab Emirates,2018,72671.0652349751,1.5371668317351601,-1.1226601600647,0,0,0.6,0.1,26.4,8.2,0.953032968752257
ARE,United Arab Emirates,2019,72822.969940695,1.27134240761141,-1.139524102211,,,,,,,1.40478186930735
ARE,United Arab Emirates,2020,66808.6477560191,-8.69342617885171,-1.17806625366211,,,,,,,1.43345340477155
ARE,United Arab Emirates,2021,68580.1485423483,4.55278571242283,-1.19142639636993,,,,,,,1.1035100524838
ARE,United Arab Emirates,2022,70075.6300053372,7.51448425801082,-1.12749147415161,,,,,,,1.14601532538992
ARE,United Arab Emirates,2023,70239.8552855072,4.30118228020602,-1.0949410200119,,,,,,,1.60374551990489
ARE,United Arab Emirates,2024,69701.8047983545,3.99180705485398,,,,,,,,1.57911526410985
ARE,United Arab Emirates,2025,,,,,,,,,,1.5011293226179
ARG,Argentina,1995,20819.4999479903,-2.84520961057079,,5.1,8.2,24,9.4,48.9,3.8,23.2865571278501
ARG,Argentina,1996,21695.5949515372,5.52668982715234,0.39190337061882,5.4,9,25.8,10.5,49.5,3.5,23.6846464936502
ARG,Argentina,1997,23172.1583398342,8.1110467707457,,5.2,8.5,24.8,9.8,49.1,3.6,22.8020681153944
ARG,Argentina,1998,23783.101718544902,3.85017885156228,0.308850228786469,5.7,9.8,27,10.9,50.7,3.4,22.433819684413
ARG,Argentina,1999,22714.5111302701,-3.38545704063269,,5.9,10.2,28,11.2,49.8,3.5,22.2161669656372
ARG,Argentina,2000,22281.3814299958,-0.78899893905691,0.418346971273422,7.3,12.1,30.9,12.9,51,3.2,21.9748899685516
ARG,Argentina,2001,21066.4581290433,-4.40883968258557,,10.7,17,34.3,16.6,53.3,2.6,22.9126921231873
ARG,Argentina,2002,18571.7020471274,-10.8944848285903,0.260062754154205,17.1,25.4,49.1,24.2,53.8,2.8,23.70466457638
ARG,Argentina,2003,20005.1385113465,8.83704079576924,0.349125266075134,8.2,13.8,33.1,14.4,51,3.3,21.7001661163026
ARG,Argentina,2004,21591.449396517,9.02957330068152,0.362040877342224,6,10.6,28.6,11.7,48.5,3.6,21.6028718502752
ARG,Argentina,2005,23262.4075792816,8.85165992013437,0.269231617450714,4.4,8.7,24.5,9.5,47.8,3.7,21.2797063654732
ARG,Argentina,2006,24877.2493922296,8.04715150043027,0.403436541557312,3.5,6.8,19.9,7.6,46.4,3.9,20.2573051041667
ARG,Argentina,2007,26850.6645932771,9.00765087504757,0.448621332645416,2.8,5.6,18.9,6.7,46.3,4.1,19.178244400597
ARG,Argentina,2008,27658.4853446831,4.05723310346406,0.358895927667618,2.6,5.3,16.7,6.2,45,4.2,19.1016841857864
ARG,Argentina,2009,25747.1976809995,-5.91852507634947,0.280091494321823,2.4,4.5,15.2,5.5,43.8,4.3,19.5906993047639
ARG,Argentina,2010,28056.2570212342,10.1253981561002,0.361670136451721,1.5,3.5,13.6,4.6,43.7,4.5,19.0490238114851
ARG,Argentina,2011,29425.7593876084,6.00395169280579,0.344941824674606,1.2,2.3,11.3,3.5,42.7,4.8,18.6211188839315
ARG,Argentina,2012,28825.9666865361,-1.0264204544321,0.295209914445877,1.3,2.5,10.3,3.5,41.4,5,19.0299608764648
ARG,Argentina,2013,29227.6601818437,2.40532378079436,0.276933550834656,1.1,2.2,10.4,3.3,41.1,5,19.6857850931616
ARG,Argentina,2014,28200.8152571318,-2.51261532081394,0.34527176618576,1.1,2.5,11.7,3.7,41.8,5,20.1779734655309
ARG,Argentina,2015,28669.2061336796,2.73115982828944,0.411758154630661,1.2000000000000002,2.55,11.6,3.7,42.05,4.95,20.604372046677
ARG,Argentina,2016,27802.1057201498,-2.08032784377811,0.49326366186142,1.3,2.6,11.5,3.7,42.3,4.9,21.0846506714366
ARG,Argentina,2017,28334.904184742,2.81850297775918,0.528708100318909,1.1,2.5,9.8,3.3,41.4,5,21.505941986483
ARG,Argentina,2018,27367.115094108,-2.61739646282038,0.539252579212189,1.6,3.2,12.5,4.2,41.7,4.9,21.6175577222417
ARG,Argentina,2019,26629.5529419501,-2.00086100285785,0.570874631404877,1.7,3.8,14.9,5,43.3,4.6,22.7149996003683
ARG,Argentina,2020,23877.0931404855,-9.9004848136464,0.584501206874847,2.2,4.2,18.3,6.2,42.7,4.7,24.0669497937937
ARG,Argentina,2021,26300.274261175,10.4418119882506,0.610777020454407,1.4,3.3,14.2,4.6,42.4,5,24.0189803057016
ARG,Argentina,2022,27825.0273492567,6.02074537534855,0.546316981315613,1.3,2.9,13.9,4.2,40.7,5.4,23.2797968408073
ARG,Argentina,2023,27230.3968496682,-1.85578803046339,0.533921837806702,1.2,3.1,16.4,5,42.4,5.1,22.4431470253428
ARG,Argentina,2024,26771.9657650571,-1.34293072157739,,1,2.8,15.2,4.4,42.4,5.1,22.4231386348518
ARG,Argentina,2025,,,,,,,,,,22.2688789059329
ARM,Armenia,1995,3480.7559365251,6.89999841973659,,,,,,,,52.2472290335848
ARM,Armenia,1996,3717.33576522762,5.86540074943565,-0.56990909576416,21.6,37.1,72.2,34.5,44.4,5.5,52.172269735698
ARM,Armenia,1997,3879.17938009678,3.32107970046953,,21.46666666666667,39.666666666666664,76.26666666666667,36.6,41.666666666666664,6.2,51.9945089606303
ARM,Armenia,1998,4211.51276778797,7.29999998770998,-0.335518449544907,21.333333333333332,42.233333333333334,80.33333333333334,38.699999999999996,38.93333333333334,6.8999999999999995,51.6742307857693
ARM,Armenia,1999,4406.96706718618,3.30000000058166,,21.2,44.8,84.4,40.8,36.2,7.6,51.2821263878719
ARM,Armenia,2000,4589.00825039977,5.90000000312092,-0.374595284461975,22.65,46.05,84.95,41.8,35.8,7.65,50.820134391605
ARM,Armenia,2001,5044.11647826468,9.59999999927597,,24.1,47.3,85.5,42.8,35.4,7.7,50.4323042017649
ARM,Armenia,2002,5731.35346609213,13.1999999979356,-0.444421142339706,19.8,43.7,84.6,40.5,34.8,8,49.824094613842
ARM,Armenia,2003,6569.26023440631,14.0000000015501,-0.467406183481216,14.8,39.7,84.9,38.4,33,8.7,49.1105657862561
ARM,Armenia,2004,7299.40001858866,10.4999999988202,-0.572165548801422,10.3,29,76.2,31.5,37.5,7.6,48.4944382981278
ARM,Armenia,2005,8362.90084037119,13.8999999991133,-0.591363310813904,6.1,19.4,70.7,26.1,36,8.1,47.6886991150855
ARM,Armenia,2006,9525.23146779778,13.1999999994661,-0.742222785949707,4.5,15.5,66.8,23,29.7,8.9,46.9942614799422
ARM,Armenia,2007,10898.8483795634,13.7000000015467,-0.759377896785736,3.7,13.7,59.7,19.7,31.2,8.4,46.2480438907782
ARM,Armenia,2008,11727.4821272949,6.90000000042959,-0.857629656791687,2,9.3,56.3,17.5,29.2,9.1,45.5559487862975
ARM,Armenia,2009,10143.2350796867,-14.1000000006998,-0.876420259475708,3.1,13.9,65,21.5,28,9.4,45.503767073103
ARM,Armenia,2010,10438.5641904169,2.2000000002151,-0.847521543502808,2.9,14.1,66,21.9,30,9.1,46.6693687063109
ARM,Armenia,2011,10990.177099035,4.69999999867412,-0.690779805183411,3.1,13.1,63,20.6,29.4,9,47.2795797167657
ARM,Armenia,2012,11796.2741177994,7.20000000096486,-0.570491433143616,2.5,11.2,59.6,19.1,29.6,9,46.7265421292748
ARM,Armenia,2013,12194.0189523843,3.3,-0.588099241256714,2.9,11.4,57.4,18.5,30.6,8.6,45.7123707423573
ARM,Armenia,2014,12667.375733024899,3.60000000058993,-0.562132000923157,3.4,11.4,55.2,18,31.5,8.5,45.5644503082124
ARM,Armenia,2015,13112.7600902915,3.19999999896625,-0.536273837089539,2.9,9.5,50.7,16,32.4,8.2,44.713284091974
ARM,Armenia,2016,13192.9940731731,0.199999999825991,-0.579092621803284,2.5,9.6,45.9,15.3,32.5,7.9,43.737876038607
ARM,Armenia,2017,14243.8749003795,7.50000000164144,-0.560670435428619,2.4,8.1,52.7,15.7,33.6,8.4,41.953387777937
ARM,Armenia,2018,15037.0452420712,5.19999999965324,-0.130965158343315,2.9,9.4,52.8,16.2,34.4,8.1,41.6632765532805
ARM,Armenia,2019,16215.3607965094,7.59999999853918,0.0547882094979286,2.4,9.8,57.1,17.2,30,8.9,38.558798749928
ARM,Armenia,2020,15052.9359791136,-7.19999999920631,0.0473478920757771,1.5,6.7,58.2,16.2,25.1,10.2,38.907623537019
ARM,Armenia,2021,15921.705281964,5.80000000065645,0.0541607961058617,2.1,8.8,57,16.4,27.9,9.4,35.8547137639461
ARM,Armenia,2022,17886.1783877168,12.5999999997766,0.0903258174657822,1.9,10,55.7,17,27.9,9.2,35.4281537602789
ARM,Armenia,2023,19402.7510915578,8.29999999959539,0.0767075568437576,1.9,8.4,56.9,16.4,27.2,9.5,33.974477975018
ARM,Armenia,2024,20078.7848984844,5.90000000046228,,,,,,,,33.4807814964191
ARM,Armenia,2025,,,,,,,,,,32.8482859315245
ASM,American Samoa,1995,,,,,,,,,,
ASM,American Samoa,1996,,,,,,,,,,
ASM,American Samoa,1997,,,,,,,,,,
ASM,American Samoa,1998,,,,,,,,,,
ASM,American Samoa,1999,,,,,,,,,,
ASM,American Samoa,2000,,,,,,,,,,
ASM,American Samoa,2001,,,,,,,,,,
ASM,American Samoa,2002,,,,,,,,,,
ASM,American Samoa,2003,,0.965517241379317,,,,,,,,
ASM,American Samoa,2004,,0.409836065573771,0.503726005554199,,,,,,,
ASM,American Samoa,2005,,-0.408163265306129,0.654332458972931,,,,,,,
ASM,American Samoa,2006,,-4.09836065573771,0.54846316576004,,,,,,,
ASM,American Samoa,2007,,1.85185185185186,0.972128868103027,,,,,,,
ASM,American Samoa,2008,,-2.65734265734265,0.967198193073273,,,,,,,
ASM,American Samoa,2009,,-4.16666666666666,0.963811635971069,,,,,,,
ASM,American Samoa,2010,,0.299850074962521,0.988284409046173,,,,,,,
ASM,American Samoa,2011,,0,1.00905168056488,,,,,,,
ASM,American Samoa,2012,,-4.33482810164425,1.02567172050476,,,,,,,
ASM,American Samoa,2013,,-2.5,1.00473141670227,,,,,,,
ASM,American Samoa,2014,,1.76282051282051,,,,,,,,
ASM,American Samoa,2015,,3.14960629921259,,,,,,,,
ASM,American Samoa,2016,,-1.67938931297709,,,,,,,,
ASM,American Samoa,2017,,-6.98757763975155,,,,,,,,
ASM,American Samoa,2018,,2.6711185308848,,,,,,,,
ASM,American Samoa,2019,,-0.487804878048777,1.31854784488678,,,,,,,
ASM,American Samoa,2020,,4.41176470588236,0.970990180969238,,,,,,,
ASM,American Samoa,2021,,-0.782472613458523,0.980956017971039,,,,,,,
ASM,American Samoa,2022,,1.73501577287065,0.952084183692932,,,,,,,
ASM,American Samoa,2023,,,,,,,,,,
ASM,American Samoa,2024,,,,,,,,,,
ASM,American Samoa,2025,,,,,,,,,,
ATG,Antigua and Barbuda,1995,21639.6020640854,-4.35978466639605,,,,,,,,
ATG,Antigua and Barbuda,1996,22597.314506816,6.6049448827643,0.333532422780991,,,,,,,
ATG,Antigua and Barbuda,1997,23350.3093865169,5.47125581395349,,,,,,,,
ATG,Antigua and Barbuda,1998,23996.1144041367,4.73127914935051,0.339321404695511,,,,,,,
ATG,Antigua and Barbuda,1999,24462.2034022412,3.70774594512658,,,,,,,,
ATG,Antigua and Barbuda,2000,25547.6120273679,6.20355212555867,0.390961945056915,,,,,,,
ATG,Antigua and Barbuda,2001,24014.7754593511,-4.54810977120295,,,,,,,,
ATG,Antigua and Barbuda,2002,23958.1638142071,1.02723486062159,0.336637645959854,,,,,,,
ATG,Antigua and Barbuda,2003,25136.001691807,6.07663666406602,0.31748366355896,,,,,,,
ATG,Antigua and Barbuda,2004,26303.6179046605,5.76710338270556,0.573030769824982,,,,,,,
ATG,Antigua and Barbuda,2005,27692.634871178,6.47368941781741,0.533180177211761,,,,,,,
ATG,Antigua and Barbuda,2006,30827.3416754916,12.7081474873625,0.631312012672424,,,,,,,
ATG,Antigua and Barbuda,2007,33245.2678606765,9.31518272315685,0.54363602399826,,,,,,,
ATG,Antigua and Barbuda,2008,32756.3067839753,-0.0140065981851762,0.573908567428589,,,,,,,
ATG,Antigua and Barbuda,2009,28405.6900929523,-11.9628794703471,0.589427828788757,,,,,,,
ATG,Antigua and Barbuda,2010,25826.6086383235,-7.84050683730972,0.495849043130875,,,,,,,
ATG,Antigua and Barbuda,2011,25023.9174488179,-1.95874262217572,0.51117467880249,,,,,,,
ATG,Antigua and Barbuda,2012,25592.9066121735,3.37314273947959,0.640056967735291,,,,,,,
ATG,Antigua and Barbuda,2013,25206.8458285339,-0.600982329599361,0.61894690990448,,,,,,,
ATG,Antigua and Barbuda,2014,25557.5249124716,2.19829188738797,0.558705985546112,,,,,,,
ATG,Antigua and Barbuda,2015,25734.1516444171,1.42161997595372,0.594934701919556,,,,,,,
ATG,Antigua and Barbuda,2016,26627.71453894,4.1203675438061,0.633536577224731,,,,,,,
ATG,Antigua and Barbuda,2017,27199.1952402262,2.71272657973627,0.608409464359283,,,,,,,
ATG,Antigua and Barbuda,2018,28878.6067675471,6.71200487159726,0.578873872756958,,,,,,,
ATG,Antigua and Barbuda,2019,29651.8641526705,3.1722219373937,0.731440126895905,,,,,,,
ATG,Antigua and Barbuda,2020,23930.6714995115,-18.8687765208148,0.741594791412354,,,,,,,
ATG,Antigua and Barbuda,2021,25745.4958067746,8.17286311186622,0.729783952236176,,,,,,,
ATG,Antigua and Barbuda,2022,27941.7851474762,9.10780623385958,0.724552810192108,,,,,,,
ATG,Antigua and Barbuda,2023,28474.0444178181,2.42736300110336,0.741840481758118,,,,,,,
ATG,Antigua and Barbuda,2024,29371.637778586,3.65638765956977,,,,,,,,
ATG,Antigua and Barbuda,2025,,,,,,,,,,
AUS,Australia,1995,38653.3366778657,3.89017188961647,,1,1.2,2,1.2,32.6,7.7,12.7371732521657
AUS,Australia,1996,39663.1617728168,3.86567479160071,1.44020295143127,,,,,,,12.7511483505402
AUS,Australia,1997,40773.5660516518,3.91795814771731,,,,,,,,12.6949866905908
AUS,Australia,1998,42257.1718122395,4.67681373479508,1.4074912071228,,,,,,,12.5653083885823
AUS,Australia,1999,43899.073794405,5.02822035850596,,,,,,,,12.550963461551
AUS,Australia,2000,45099.0752097084,3.9160574881715,1.47130513191223,,,,,,,12.4619770065853
AUS,Australia,2001,45428.2000837579,2.03145880248898,,1,1,1.7,1,33.5,7.5,12.3277062086201
AUS,Australia,2002,46688.3947760633,3.94980535772942,1.40723323822021,1,1.1,1.85,1.1,33.5,7.5,12.1952899272369
AUS,Australia,2003,47581.2285345879,3.0912800997751,1.44212782382965,1,1.2,2,1.2,33.5,7.5,11.7831092066612
AUS,Australia,2004,49061.2761503925,4.21894147547516,1.50154197216034,0.7,0.7,1.2,0.8,33.1,7.8,12.5188185772581
AUS,Australia,2005,49997.0664953941,3.15548121323168,1.50705575942993,,,,,,,11.7990913959297
AUS,Australia,2006,50693.7248649798,2.7709261737475,1.38279473781586,,,,,,,11.5678114399862
AUS,Australia,2007,51663.2403953881,3.78947119882653,1.3691999912262,,,,,,,10.2904780847036
AUS,Australia,2008,52473.3819160773,3.62398503565633,1.36807608604431,0.7,0.7,1,0.6,35.4,7.2,9.46378967997381
AUS,Australia,2009,52407.9115378584,1.95484826298522,1.38379085063934,0.5,0.7,1,0.6,35.05,7.25,10.7999837636487
AUS,Australia,2010,52739.2681556133,2.21004795300735,1.41976547241211,0.3,0.7,1,0.6,34.7,7.3,10.6374306869352
AUS,Australia,2011,53257.0473237603,2.3947349433061502,1.45372104644775,,,,,,,10.6224816956753
AUS,Australia,2012,54403.8836902433,3.95247138119184,1.49919033050537,,,,,,,10.1642556565603
AUS,Australia,2013,54895.0052588984,2.65445302592404,1.43636846542358,,,,,,,10.3980090417696
AUS,Australia,2014,55489.068844146,2.60118978187332,1.36167418956757,0.5,0.7,1,0.6,34.4,7.6,10.1205203021911
AUS,Australia,2015,55879.9958817103,2.16434780647852,1.35573124885559,0.5,0.6,1,0.6,34.05,7.55,10.1963602012578
AUS,Australia,2016,56529.951824687,2.75564065529868,1.35410094261169,0.5,0.5,1,0.6,33.7,7.5,10.4038369950611
AUS,Australia,2017,56881.8569859104,2.29331030192918,1.37863683700562,0.5,0.6,1.1,0.6,34,7.45,9.98297045286625
AUS,Australia,2018,57647.8455068105,2.87417039499501,1.39378583431244,0.5,0.7,1.2,0.6,34.3,7.4,9.76474000840711
AUS,Australia,2019,58048.6188420831,2.19401703622717,1.27036511898041,0.75,0.85,1.35,0.8,34.05,7.35,9.82873725665
AUS,Australia,2020,57260.4650530108,-0.133531904304775,1.29898488521576,1,1,1.5,1,33.8,7.3,9.62077427345308
AUS,Australia,2021,58327.4146842325,2.00694844335034,1.35812592506409,,,,,,,9.59602083427141
AUS,Australia,2022,60029.1329190733,4.25304559238732,1.32390677928925,,,,,,,9.37931001488805
AUS,Australia,2023,60684.9596204883,3.58382100798981,1.50660192966461,,,,,,,9.25879255732326
AUS,Australia,2024,60303.9817116245,1.37340773365975,,,,,,,,9.18719099926964
AUS,Australia,2025,,,,,,,,,,9.12485255309411
AUT,Austria,1995,46639.5321839019,2.66798388882503,,0,0.2,1,0.3,29.9,8.3,12.8839889724711
AUT,Austria,1996,47608.6310978165,2.21576713087359,1.44895005226135,0,0.2,0.5,0.2,29.3,8.6,13.008392644946
AUT,Austria,1997,48575.1588721006,2.1458350552646,,0.2,0.2,0.7,0.3,29.1,8.6,12.4077046149834
AUT,Austria,1998,50216.6986894124,3.49288002962309,1.35477888584137,0.2,0.5,1,0.4,31.3,8.3,12.1078274523257
AUT,Austria,1999,52004.5327523874,3.76192435190464,,0.2,0.2,0.5,0.3,29.7,8.8,11.9896922484203
AUT,Austria,2000,53534.3421055422,3.18952292988787,1.31755948066711,0.2,0.2,0.6,0.2,29,8.8,11.7946119205713
AUT,Austria,2001,54032.1515612712,1.31698749571339,,0.26666666666666666,0.26666666666666666,0.6333333333333333,0.26666666666666666,29.166666666666668,8.700000000000001,11.5682416374926
AUT,Austria,2002,54565.0769851287,1.48436877605324,1.30749690532684,0.33333333333333337,0.33333333333333337,0.6666666666666666,0.33333333333333337,29.333333333333332,8.6,11.4897679741697
AUT,Austria,2003,54919.7872512396,1.14156504542775,1.34388208389282,0.4,0.4,0.7,0.4,29.5,8.5,11.0160447530193
AUT,Austria,2004,55980.2317146013,2.56525534067859,1.47565114498138,0.1,0.1,0.4,0.2,29.8,8.5,10.8951815163021
AUT,Austria,2005,56890.2794433829,2.32036514266782,1.37865650653839,0.2,0.2,0.5,0.2,28.7,8.8,11.3445159463068
AUT,Austria,2006,58460.2370782474,3.26933601506059,1.37268495559692,0.1,0.2,0.5,0.2,29.6,8.6,11.4829214718326
AUT,Austria,2007,60470.9099906715,3.77522468729185,1.36926245689392,0.4,0.6,0.8,0.5,30.6,8,11.3388264023747
AUT,Austria,2008,61157.9873105684,1.45330562142114,1.35846436023712,0.5,0.6,1,0.6,30.4,8,11.2773074018174
AUT,Austria,2009,58810.4422020872,-3.58626472551299,1.39284467697144,0.7,0.7,1,0.7,31.5,7.7,11.1914861130349
AUT,Austria,2010,59730.5512005635,1.80898243043663,1.43029069900513,0.5,0.6,0.8,0.6,30.3,8,11.3339723954727
AUT,Austria,2011,61272.2584397775,2.92746800169145,1.40244364738464,0.5,0.6,1,0.6,30.8,7.8,10.694142700634
AUT,Austria,2012,61376.7207131054,0.628246239479637,1.44877302646637,0.7,0.7,1.1,0.7,30.5,7.8,10.3938915067999
AUT,Austria,2013,60863.0547666965,-0.250726423318454,1.45652639865875,0.3,0.4,0.7,0.4,30.8,8.1,10.529302353387
AUT,Austria,2014,60845.6597729815,0.755798850316665,1.39129602909088,0.2,0.3,0.7,0.4,30.5,8,10.4007369432489
AUT,Austria,2015,60951.6892510507,1.30352331826198,1.38369190692902,0.7,0.7,1.2,0.7,30.5,7.9,10.2087792165021
AUT,Austria,2016,61572.7121353063,2.11721964494312,1.33784782886505,0.7,0.9,1.3,0.9,30.8,7.7,9.83301455145515
AUT,Austria,2017,62535.8983176843,2.27224992038207,1.38622164726257,0.3,0.4,0.7,0.4,29.7,8,9.38495596861514
AUT,Austria,2018,63778.0257051746,2.48422114080024,1.39954924583435,0.6,0.7,1.2,0.7,30.8,7.9,9.12127558183906
AUT,Austria,2019,64609.374295614,1.75497619649288,1.33715832233429,0.6,0.7,0.9,0.7,30.2,7.9,8.88849698883418
AUT,Austria,2020,60276.4153459141,-6.31825509209936,1.39462888240814,0.7,0.9,1.1,0.8,29.8,7.9,8.99178926481383
AUT,Austria,2021,62968.9422311892,4.92309171717903,1.38638341426849,0.5,0.5,1.1,0.6,30.7,7.7,8.76606320213368
AUT,Austria,2022,65694.5513287254,5.33096379400371,1.41365766525269,0.6,0.7,1.1,0.6,30.9,7.8,8.18266106209311
AUT,Austria,2023,64536.2981841434,-0.786244288594673,1.41124832630157,0.5,0.6,1,0.6,31.2,7.7,7.89303332366762
AUT,Austria,2024,63788.078678479,-0.659089573171372,,,,,,,,7.86642899435777
AUT,Austria,2025,,,,,,,,,,7.85178894509471
AZE,Azerbaijan,1995,4211.72114349636,-11.7999991076818,,19.7,37.8,80.2,37.1,34.6,7.1,57.4364106657083
AZE,Azerbaijan,1996,4223.5229711304,1.29999940463827,-1.12103068828583,,,,,,,58.1632473664943
AZE,Azerbaijan,1997,4425.5882352872,5.80000014795783,,,,,,,,58.6746878528362
AZE,Azerbaijan,1998,4822.1601856452,9.99999961153691,-1.02284121513367,,,,,,,58.9020129107662
AZE,Azerbaijan,1999,5133.74812032569,7.40000129958564,,,,,,,,58.7646132431402
AZE,Azerbaijan,2000,5656.92989378687,11.0999991434346,-0.906228959560394,,,,,,,58.3413955260338
AZE,Azerbaijan,2001,6168.98512059749,9.89999986533643,,11.4,27.9,73.1,30.4,36.5,7.4,58.9916252134914
AZE,Azerbaijan,2002,6701.08174444207,9.43891626906561,-0.981288135051727,0.2,2.5,53.7,11.9,25.3,10.9,59.7288103649424
AZE,Azerbaijan,2003,7329.40601818943,10.2082994004776,-1.04470455646515,0.2,3.1,48.8,11.8,26.8,10.2,59.2677410148362
AZE,Azerbaijan,2004,7937.8594791002,9.25380179728907,-1.05670249462128,0,0.9,47.7,10.1,26.6,10.7,58.9210519150955
AZE,Azerbaijan,2005,10054.1003389401,27.9615381082131,-1.12416350841522,0,0.3,35.9,6.5,26.6,10.8,58.2921017998191
AZE,Azerbaijan,2006,13371.6585214534,34.4662096226792,-1.27916121482849,,,,,,,57.532628196492
AZE,Azerbaijan,2007,16587.3657240228,25.4632157314482,-1.23339664936066,,,,,,,56.6619865088247
AZE,Azerbaijan,2008,17963.0208126838,10.591437462476,-1.32513201236725,,,,,,,56.0017287622825
AZE,Azerbaijan,2009,19242.3900077231,9.36950260277183,-1.25976669788361,,,,,,,55.3638761462757
AZE,Azerbaijan,2010,19925.3900662137,4.78883248761557,-1.30459702014923,,,,,,,55.9698653033254
AZE,Azerbaijan,2011,19358.0778100345,-1.5729973511111,-1.30184757709503,,,,,,,57.5386634407561
AZE,Azerbaijan,2012,19523.3737161356,2.20293891708398,-1.29948163032532,,,,,,,57.1286972828041
AZE,Azerbaijan,2013,20398.6462250349,5.84341590483928,-1.40288960933685,,,,,,,56.4352439885177
AZE,Azerbaijan,2014,20709.201611232,2.79758521448559,-1.47932517528534,,,,,,,56.7178915097316
AZE,Azerbaijan,2015,20678.7539572375,1.04954641215085,-1.55243062973022,,,,,,,55.350505621417
AZE,Azerbaijan,2016,19822.4105943941,-3.06359842251706,-1.56092178821564,,,,,,,55.0501782403119
AZE,Azerbaijan,2017,19659.0048562768,0.153614661745507,-1.563645362854,,,,,,,55.1200615079564
AZE,Azerbaijan,2018,19781.8509058437,1.50040167167313,-1.50814247131348,,,,,,,55.1666537127637
AZE,Azerbaijan,2019,20101.491875147,2.47980879185565,-1.52860414981842,,,,,,,55.1658690396931
AZE,Azerbaijan,2020,19126.096851126,-4.19896065333343,-1.54086601734161,,,,,,,54.9686291288053
AZE,Azerbaijan,2021,20111.3756952109,5.61644027150554,-1.52737867832184,,,,,,,54.474235817507
AZE,Azerbaijan,2022,21051.2442291612,4.71468033247649,-1.44162666797638,,,,,,,54.3428702003442
AZE,Azerbaijan,2023,21310.7386915022,1.35447749115767,-1.41153395175934,,,,,,,54.2004925396543
AZE,Azerbaijan,2024,22072.1491157176,4.07140205008956,,,,,,,,54.0332907843918
AZE,Azerbaijan,2025,,,,,,,,,,53.8408284029704
BDI,Burundi,1995,1184.2840262089,-7.92000000374772,,,,,,,,86.059683310689607
BDI,Burundi,1996,1088.78927818283,-7.99999999794093,-1.54957222938538,,,,,,,86.418413976439
BDI,Burundi,1997,1071.55943349349,-1.58999999685828,,,,,,,,86.6859154198875
BDI,Burundi,1998,1101.22051819781,4.74999999509613,-1.44287765026093,87.6,94.5,98.1,78.7,42.1,5.3,86.8232166905217
BDI,Burundi,1999,1064.28756095402,-1.00999999649815,,,,,,,,86.9470072662565
BDI,Burundi,2000,1033.47188177042,-0.856864058424151,-1.48983597755432,,,,,,,87.0530770447714
BDI,Burundi,2001,1028.61849315822,2.05580710835243,,,,,,,,87.156097807648
BDI,Burundi,2002,1044.4802745003,4.44651941224797,-1.16489124298096,,,,,,,87.1542917399443
BDI,Burundi,2003,999.615791221936,-1.22372796023444,-1.17799639701843,,,,,,,87.1729815355573
BDI,Burundi,2004,1009.58916929728,4.83365776809453,-1.28100097179413,,,,,,,87.1778888523295
BDI,Burundi,2005,981.533210986845,0.900000000901912,-0.634234488010406,,,,,,,87.1622421559675
BDI,Burundi,2006,998.069458519996,5.41380714491444,-0.723143577575684,81.5,91,98.5,73.6,33.4,8.9,87.148628276687
BDI,Burundi,2007,994.963590921008,3.44449364663615,-0.714045226573944,,,,,,,87.1014182361404
BDI,Burundi,2008,1001.61751311947,4.90874190813545,-0.685290634632111,,,,,,,87.0828494926995
BDI,Burundi,2009,988.19632868896,3.7870758305051,-0.689463794231415,,,,,,,87.0228248578009
BDI,Burundi,2010,991.038897704986,5.09373697323055,-0.942692875862122,,,,,,,86.998386174983
BDI,Burundi,2011,994.691231245018,4.02442793864228,-0.927631795406342,,,,,,,86.9381200861101
BDI,Burundi,2012,1002.27452805218,4.42303118490126,-0.894518375396729,,,,,,,86.8255774927058
BDI,Burundi,2013,1014.5231007912,4.92392485117456,-0.95320188999176,75.8,87.3,97.1,70.7,38.6,6.9,86.6975231005543
BDI,Burundi,2014,1022.29153627273,4.24490803087248,-1.04275143146515,,,,,,,86.5542057118003
BDI,Burundi,2015,995.319068450023,-0.404525595204191,-1.2720273733139,,,,,,,86.1758448110596
BDI,Burundi,2016,1009.63596796379,3.20017470604286,-1.55564069747925,,,,,,,85.800721928781
BDI,Burundi,2017,1023.97040626757,3.83185756925806,-1.57598125934601,,,,,,,85.4434159482099
BDI,Burundi,2018,1046.59511246023,5.3422447312502,-1.66952157020569,,,,,,,85.0882632896767
BDI,Burundi,2019,1057.95005999167,4.45934202358784,-1.72382569313049,,,,,,,84.7377561639709
BDI,Burundi,2020,1030.77026419371,0.306443809481593,-1.52661275863647,74.2,87.2,97.4,69.9,37.5,7.1,84.3286574301882
BDI,Burundi,2021,1035.53857384938,3.23707479823578,-1.4070155620575,,,,,,,83.781812737099
BDI,Burundi,2022,1031.25412243175,2.31770122223331,-1.39635360240936,,,,,,,83.7816742288047
BDI,Burundi,2023,1036.16712196238,3.254768974261,-1.36691832542419,,,,,,,83.7853771767574
BDI,Burundi,2024,1051.25931339275,4.11227376264944,,,,,,,,83.7288396480612
BDI,Burundi,2025,,,,,,,,,,83.6641234809086
BEL,Belgium,1995,44310.6278688274,2.38475724870135,,0.7,0.7,1.2,0.7,28.4,8.8,14.7581072498794
BEL,Belgium,1996,44808.524358035,1.32143214432601,1.43329954147339,0.6,0.6,1.1,0.6,27.6,9,14.7792561094709
BEL,Belgium,1997,46396.0021283993,3.79367165541437,,0.5,0.5,1,0.5,26.8,9.2,14.0808251037836
BEL,Belgium,1998,47205.3098527353,1.96183240455609,1.34284746646881,0.43333333333333335,0.5666666666666667,1,0.5,28.900000000000002,8.966666666666667,14.0930578651431
BEL,Belgium,1999,48765.7668571996,3.54271798823922,,0.3666666666666667,0.6333333333333333,1,0.5,31,8.733333333333333,14.0825044116991
BEL,Belgium,2000,50455.7338920672,3.71670510672588,1.36650443077087,0.3,0.7,1,0.5,33.1,8.5,12.9895192091229
BEL,Belgium,2001,50835.3969916061,1.09960362419645,,0.3333333333333333,0.6333333333333333,0.9666666666666667,0.4666666666666667,31.433333333333334,8.533333333333333,12.2839866596732
BEL,Belgium,2002,51471.8532550932,1.70689430349601,1.37745249271393,0.3666666666666667,0.5666666666666667,0.9333333333333333,0.43333333333333335,29.76666666666667,8.566666666666666,12.3909121381813
BEL,Belgium,2003,51788.8439641973,1.03795518162204,1.47829031944275,0.4,0.5,0.9,0.4,28.1,8.6,12.1117982576862
BEL,Belgium,2004,53406.6918625201,3.57120671942319,1.44026613235474,0.1,0.1,0.4,0.1,30.5,8.4,11.7395118352569
BEL,Belgium,2005,54346.8934219286,2.32173792911834,1.42076218128204,0.3,0.3,0.6,0.3,29.3,8.7,12.1211749323843
BEL,Belgium,2006,55367.6227467907,2.5523408732246202,1.34239435195923,0.2,0.2,0.4,0.2,28.1,8.7,11.943339157244
BEL,Belgium,2007,56983.4612170062,3.67692462515802,1.36077105998993,0.2,0.2,0.4,0.2,29.2,8.6,11.6504112164888
BEL,Belgium,2008,56787.7366257414,0.446905130727231,1.32498848438263,0.1,0.1,0.3,0.2,28.4,8.7,11.1508952327056
BEL,Belgium,2009,55258.7071019666,-1.90644105515335,1.3466922044754,0.1,0.2,0.3,0.2,28.6,8.5,11.6246512514305
BEL,Belgium,2010,56240.2030936239,2.71031150254662,1.36068689823151,0.1,0.2,0.5,0.2,28.4,8.6,11.2169351101363
BEL,Belgium,2011,56585.3025000677,1.93115502411325,1.32516324520111,0.2,0.3,0.6,0.3,28.1,8.6,11.1961464245777
BEL,Belgium,2012,56356.8251292135,0.215803612089744,1.34942185878754,0.2,0.2,0.5,0.2,27.5,8.7,11.1800307829145
BEL,Belgium,2013,56263.1752679668,0.305494549070232,1.37298619747162,0.1,0.2,0.5,0.2,27.7,8.6,11.7679995990123
BEL,Belgium,2014,57002.9092185204,1.76554038149924,1.36629962921143,0.1,0.1,0.3,0.1,28.1,8.6,11.4119763142117
BEL,Belgium,2015,57509.0245728702,1.47416433731927,1.38754844665527,0.1,0.2,0.2,0.1,27.7,8.6,11.8331425031293
BEL,Belgium,2016,57901.4976903148,1.19350273007754,1.37725067138672,0.1,0.1,0.3,0.1,27.6,8.6,11.5346780240955
BEL,Belgium,2017,58529.3302957534,1.47446761556785,1.33863842487335,0.2,0.2,0.4,0.2,27.4,8.7,11.2481162271304
BEL,Belgium,2018,59357.6896884394,1.87796847383565,1.33044385910034,0.1,0.1,0.2,0.1,27.2,8.9,11.3249224721346
BEL,Belgium,2019,60479.9769955466,2.4428900448156,1.30838358402252,0.1,0.1,0.2,0.1,27.2,9,11.4287139671142
BEL,Belgium,2020,57333.5424137922,-4.7929839083518,1.27814042568207,0.1,0.1,0.3,0.1,26,9.4,12.0079997422103
BEL,Belgium,2021,60669.2137746531,6.25445686466593,1.27089965343475,0,0.1,0.3,0.1,26.6,9.2,11.1278951534833
BEL,Belgium,2022,62561.7810453236,3.9562379757933,1.29709255695343,0,0.1,0.2,0.1,26.4,9.4,11.6307275986444
BEL,Belgium,2023,63095.4017281289,1.71412195515242,1.32572901248932,0.1,0.1,0.3,0.1,26.8,9.1,11.2062097881447
BEL,Belgium,2024,63347.7858809235,1.07045413019414,,,,,,,,11.1420404644543
BEL,Belgium,2025,,,,,,,,,,11.0362582831499
BEN,Benin,1995,2300.14122107459,6.04519865041564,,,,,,,,85.759176157516407
BEN,Benin,1996,2337.63030771279,4.32428403131786,0.259205192327499,,,,,,,85.6390453584629
BEN,Benin,1997,2399.78593127356,5.73468837521307,,,,,,,,85.5030124973078
BEN,Benin,1998,2419.10014338548,3.96101213832645,0.425980746746063,,,,,,,85.3912691105302
BEN,Benin,1999,2470.68504400549,5.34144937204417,,,,,,,,85.2641318164402
BEN,Benin,2000,2536.16885867097,5.85771420543269,0.41292342543602,,,,,,,85.099520546505
BEN,Benin,2001,2591.06485220288,5.33313570603937,,,,,,,,84.9369132435693
BEN,Benin,2002,2630.18061029627,4.64303087074482,0.0508796386420727,,,,,,,84.7745670205795
BEN,Benin,2003,2639.04370114641,3.44357677591658,0.187651932239532,70.5,84.2,96.5,67.5,38.6,7,84.624823905217
BEN,Benin,2004,2672.84404357157,4.42968455385082,0.0530563071370125,,,,,,,84.4972186270667
BEN,Benin,2005,2632.47251454328,1.71316456361184,-0.0299640763550997,,,,,,,84.3892962600202
BEN,Benin,2006,2652.21841967159,3.94373882815798,0.362777709960938,,,,,,,84.3041154716285
BEN,Benin,2007,2729.13741390352,5.98634932177609,0.368180990219116,,,,,,,84.1902733111942
BEN,Benin,2008,2777.61974031765,4.89657708429647,0.344647467136383,,,,,,,84.0668998460186
BEN,Benin,2009,2758.07243150648,2.31929213912838,0.342523217201233,,,,,,,83.9609874641825
BEN,Benin,2010,2733.57399641151,2.11406472648392,0.314489126205444,,,,,,,83.8616063719703
BEN,Benin,2011,2732.01249647957,2.96375291904201,0.16639056801796,68.4,80.3,94.1,65.7,43.4,6.1,83.7602116727129
BEN,Benin,2012,2779.7264808532,4.811223315688,0.124485470354557,,,,,,,83.6427278353874
BEN,Benin,2013,2893.0467015352,7.19143372144946,0.155436858534813,,,,,,,83.4485053544751
BEN,Benin,2014,2987.38236326153,6.35767909791932,0.264536678791046,,,,,,,83.2375636037583
BEN,Benin,2015,2952.00218338705,1.77815106030278,0.29437643289566,65.8,83.4,93.2,66.7,47.6,3.3,83.0559753050062
BEN,Benin,2016,2962.66381572265,3.33967342629693,0.407765537500381,56.266666666666666,75.10000000000001,91.5,60.766666666666666,44.36666666666667,4.533333333333333,82.8341870245721
BEN,Benin,2017,3041.77929984989,5.67156195150444,0.380507737398148,46.733333333333334,66.80000000000001,89.8,54.833333333333336,41.13333333333333,5.766666666666667,82.5652532589345
BEN,Benin,2018,3155.4510650627,6.69725362180888,0.247411072254181,37.2,58.5,88.1,48.9,37.9,7,82.2529102241123
BEN,Benin,2019,3281.10470051465,6.86568662848335,0.060940396040678,33.86666666666667,55.666666666666664,87.56666666666666,47.266666666666666,36.733333333333334,7.2,81.9076739365036
BEN,Benin,2020,3317.8597222557,3.84879240030133,-0.0757769346237183,30.533333333333335,52.833333333333336,87.03333333333333,45.63333333333333,35.56666666666666,7.3999999999999995,82.1676930663402
BEN,Benin,2021,3464.2886286745,7.1554516457574,-0.233453392982483,27.2,50,86.5,44,34.4,7.6,80.7635209470087
BEN,Benin,2022,3588.32519938147,6.25294705373625,-0.335694015026093,,,,,,,79.5320545684629
BEN,Benin,2023,3721.21254814808,6.3527773854442,-0.218986943364143,,,,,,,79.2295047303335
BEN,Benin,2024,3901.32588494392,7.45311566226201,,,,,,,,78.9223077483473
BEN,Benin,2025,,,,,,,,,,78.528875257225
BFA,Burkina Faso,1995,1183.52861008084,5.71637386269622,,,,,,,,83.6366172421494
BFA,Burkina Faso,1996,1280.69608533889,11.014743869558,-0.533439755439758,,,,,,,83.4302815028432
BFA,Burkina Faso,1997,1326.94230829963,6.31683473483768,,,,,,,,83.1537426716761
BFA,Burkina Faso,1998,1385.09310679095,7.30771963496896,-0.396195322275162,86.4,91.6,97.1,78.2,49.9,5.2,82.85773049817
BFA,Burkina Faso,1999,1444.56690170414,7.39523780111931,,,,,,,,82.5526720116889
BFA,Burkina Faso,2000,1428.57400617096,1.88847388906525,-0.230154827237129,,,,,,,82.3105129959874
BFA,Burkina Faso,2001,1477.28491846525,6.61340574539679,,,,,,,,82.0517142677218
BFA,Burkina Faso,2002,1494.67801269583,4.35296382988099,-0.387816607952118,,,,,,,81.8094359422728
BFA,Burkina Faso,2003,1561.83310184915,7.80249388870359,-0.309724420309067,69.6,81.1,95.1,66.7,43.3,5.8,81.5241908520532
BFA,Burkina Faso,2004,1581.25620933294,4.47845213670386,-0.433708816766739,,,,,,,81.3000849766232
BFA,Burkina Faso,2005,1664.99543180023,8.66187322841225,-0.446520090103149,,,,,,,81.0548301952539
BFA,Burkina Faso,2006,1714.76034904509,6.25316468817478,-0.341833859682083,,,,,,,80.7949615885477
BFA,Burkina Faso,2007,1731.93046335077,4.11137901761516,-0.307009160518646,,,,,,,80.7723427263906
BFA,Burkina Faso,2008,1779.32710911571,5.79999174105387,-0.283480763435364,,,,,,,80.7978165965944
BFA,Burkina Faso,2009,1779.32305627973,2.96195085866692,-0.289741963148117,67.2,82.3,95.9,66.1,39.8,6.7,80.836046803148
BFA,Burkina Faso,2010,1873.97146230828,8.44628157707625,-0.252949893474579,,,,,,,80.8078833988332
BFA,Burkina Faso,2011,1939.86659989406,6.62256261306693,-0.280185431241989,,,,,,,80.7717657551426
BFA,Burkina Faso,2012,2003.6646118745,6.45267237953146,-0.30497083067894,,,,,,,80.7736607557773
BFA,Burkina Faso,2013,2057.0639319853,5.79258484509867,-0.255501538515091,,,,,,,80.7933698090045
BFA,Burkina Faso,2014,2083.19844698304,4.32684561452976,-0.352606743574142,58.7,77.4,94.5,60.6,35.3,8.3,80.7951997210481
BFA,Burkina Faso,2015,2101.70266192027,3.9212287937935,-0.114221930503845,,,,,,,80.817784226981
BFA,Burkina Faso,2016,2162.72578977814,5.95797670754024,0.0134272389113903,,,,,,,80.829109098257
BFA,Burkina Faso,2017,2232.28781490944,6.20348941121868,0.0645605251193047,,,,,,,80.8230232927942
BFA,Burkina Faso,2018,2316.39432079045,6.60456906812341,-0.0616534128785133,47.7,66.1,89.5,53.9,43,6.3,80.795201571007
BFA,Burkina Faso,2019,2391.53626844484,5.88920497068135,-0.208245500922203,45.833333333333336,65.6,89.8,53.4,41.13333333333333,6.633333333333333,80.795205063033407
BFA,Burkina Faso,2020,2380.93171826574,2.01077262406221,-0.189439803361893,43.96666666666667,65.1,90.10000000000001,52.9,39.266666666666666,6.966666666666667,82.1006632824973
BFA,Burkina Faso,2021,2486.43093147762,6.94252492572348,-0.116836667060852,42.1,64.6,90.4,52.4,37.4,7.3,81.3079684620804
BFA,Burkina Faso,2022,2469.19956941259,1.62673258211919,-0.684045016765594,,,,,,,80.7951990517066
BFA,Burkina Faso,2023,2486.20669812871,3.00027415814125,-0.809887170791626,,,,,,,80.7952002997066
BFA,Burkina Faso,2024,2547.67232852209,4.79980951667159,,,,,,,,80.7952074169716
BFA,Burkina Faso,2025,,,,,,,,,,80.555170674894
BGD,Bangladesh,1995,2351.70387946903,5.12127789724337,,43.4,69.6,93.4,54.3,32.9,8.8,67.5302042710227
BGD,Bangladesh,1996,2413.54298201505,4.52291921684423,-0.0584283582866192,,,,,,,67.2786823649272
BGD,Bangladesh,1997,2475.59574602489,4.4898964976265,,,,,,,,67.0196207460679
BGD,Bangladesh,1998,2555.06119218282,5.1770268731498,-0.0855698809027672,,,,,,,66.7370690277509
BGD,Bangladesh,1999,2624.06553797638,4.67015636882111,,,,,,,,66.4950209662036
BGD,Bangladesh,2000,2712.93512215725,5.29329471892532,-0.22792449593544,41.4,66.5,92.3,52.8,33.4,8.6,66.2249634576764
BGD,Bangladesh,2001,2803.55471950946,5.07728777526728,,,,,,,,65.9019556492587
BGD,Bangladesh,2002,2866.43454328715,3.83312393993225,-0.43222051858902,,,,,,,65.5713327248984
BGD,Bangladesh,2003,2958.91503115633,4.73956739963045,-0.551806807518005,,,,,,,65.246300716344
BGD,Bangladesh,2004,3071.83778764611,5.23953291029852,-0.672145783901215,,,,,,,64.8913823515472
BGD,Bangladesh,2005,3231.61370692891,6.53594493875502,-0.569969236850739,32.3,59,90,48.4,33.2,8.8,64.4914371632306
BGD,Bangladesh,2006,3407.4273502159,6.67190498576788,-0.451236516237259,,,,,,,64.1843947113788
BGD,Bangladesh,2007,3608.91543819399,7.05859935449848,-0.573499917984009,,,,,,,63.68530953012
BGD,Bangladesh,2008,3787.9382761855,6.01378975738535,-0.442116975784302,,,,,,,63.1649650606653
BGD,Bangladesh,2009,3942.13631207203,5.04512479919337,-0.289043039083481,,,,,,,62.6404448858856
BGD,Bangladesh,2010,4125.46390163202,5.57178818533122,-0.268090695142746,25.1,52.1,88.6,44.9,32.1,8.9,62.1114634809614
BGD,Bangladesh,2011,4352.42643359325,6.46437912497728,-0.315068930387497,,,,,,,61.2768062357384
BGD,Bangladesh,2012,4592.04840919812,6.52145877906443,-0.401940673589706,,,,,,,60.4298109620797
BGD,Bangladesh,2013,4822.72621378266,6.01360565834344,-0.405487447977066,,,,,,,59.5723857040062
BGD,Bangladesh,2014,5068.63965672741,6.0610593588495,-0.474044501781464,,,,,,,58.7487925119881
BGD,Bangladesh,2015,5352.71133299566,6.55263987816197,-0.512201607227325,,,,,,,57.902961981056
BGD,Bangladesh,2016,5682.53553494306,7.11347821270093,-0.584256231784821,19.5,44.7,85.7,40.8,32.4,8.6,57.0356746745533
BGD,Bangladesh,2017,6005.70718781048,6.59024999794057,-0.615438640117645,,,,,,,56.1806275900299
BGD,Bangladesh,2018,6392.59334024091,7.31941263014136,-0.742033064365387,,,,,,,56.2930050778402
BGD,Bangladesh,2019,6838.32611608243,7.88191515117722,-0.741862595081329,,,,,,,56.3883787871261
BGD,Bangladesh,2020,7015.19792797056,3.44801755122445,-0.769459009170532,,,,,,,57.4001952008227
BGD,Bangladesh,2021,7441.06913961254,6.93867912442445,-0.774502336978912,,,,,,,57.7138400623424
BGD,Bangladesh,2022,7888.16389098304,7.09982877575158,-0.753301620483398,5.9,20.5,71.5,26.4,30.9,8.8,57.8403806625567
BGD,Bangladesh,2023,8242.39798977242,5.77511237007889,-0.753886342048645,,,,,,,58.1775397771731
BGD,Bangladesh,2024,8486.78495660517,4.22325911250161,,,,,,,,57.7382491923305
BGD,Bangladesh,2025,,,,,,,,,,57.3482885655112
BGR,Bulgaria,1995,13591.410563920601,2.89713914920901,,1.9,3.5,21.4,6,32.8,7.8,11.0924491249058
BGR,Bulgaria,1996,14372.8310870084,5.20539313761572,0.428986370563507,0.95,6.45,42.099999999999994,12.2,29.599999999999998,8.95,10.9394897736924
BGR,Bulgaria,1997,12419.4307242505,-14.1153808127271,,0,9.4,62.8,18.4,26.4,10.1,10.8240261416595
BGR,Bulgaria,1998,12976.3210459232,3.78912095803497,0.437017410993576,,,,,,,10.8982120202447
BGR,Bulgaria,1999,11953.6477251515,-8.3960909560701,,,,,,,,11.0844171840518
BGR,Bulgaria,2000,12563.8880988668,4.58722541447194,0.460498780012131,,,,,,,11.1689950089748
BGR,Bulgaria,2001,13306.5595739168,3.82370364608695,,4.7,9.1,35.8,11.9,32.7,7.1,10.4385380740709
BGR,Bulgaria,2002,14397.0609177208,5.87193108148227,0.52853125333786,3.45,7.3,36.55,11.05,30.8,7.95,10.3993883512088
BGR,Bulgaria,2003,15271.5472882444,5.23715364977618,0.545891940593719,2.2,5.5,37.3,10.2,28.9,8.8,10.8885126152146
BGR,Bulgaria,2004,16389.0282419117,6.51042578445376,0.5696901679039,4.133333333333333,7.666666666666666,36.03333333333333,11.266666666666666,31.166666666666668,7.7666666666666675,10.839671538911
BGR,Bulgaria,2005,17678.1074943214,7.05634873469204,0.594892740249634,6.066666666666666,9.833333333333332,34.766666666666666,12.333333333333332,33.43333333333334,6.733333333333334,9.38608748156539
BGR,Bulgaria,2006,19024.6223691232,6.80258943603174,0.577117204666138,8,12,33.5,13.4,35.7,5.7,8.51538041706174
BGR,Bulgaria,2007,20440.3375318665,6.65438792422609,0.69093531370163,2.5,5.4,18.5,6.4,36.1,6.5,7.96242010565837
BGR,Bulgaria,2008,21846.0454072872,6.12955841579208,0.57797634601593,1.9,3.9,13.4,4.7,33.6,6.9,7.733419506595
BGR,Bulgaria,2009,21251.30543262,-3.34714149737695,0.560471177101135,1.8,3.3,13,4.5,33.8,6.8,7.69517503892675
BGR,Bulgaria,2010,21724.3762726863,1.55535979911015,0.531482577323914,2.7,4.9,15.9,5.9,35.7,6.3,7.89619663400265
BGR,Bulgaria,2011,22321.1253679157,2.09017507758604,0.450080156326294,3.4,5.7,17,6.5,34.3,6.4,7.4271539999785
BGR,Bulgaria,2012,22618.9040490702,0.748815411928831,0.400915592908859,3,5.8,16.8,6.4,36,6.2,7.02975743224076
BGR,Bulgaria,2013,22954.4918743089,-0.542751388861134,0.337255388498306,3.3,5.5,15.2,6.2,36.6,5.7,7.04322057293975
BGR,Bulgaria,2014,23455.5804023134,0.949449090947894,0.366472214460373,2.7,4.3,13.2,5,37.4,6,7.58178661678736
BGR,Bulgaria,2015,24562.750842738,3.39755336780412,0.432639420032501,4.6,6.4,15.6,6.9,38.6,5.3,7.33814278119531
BGR,Bulgaria,2016,25636.8508634132,3.02662841229517,0.402378171682358,3.1,5.1,11.6,5.1,40.6,5.4,6.87889849126132
BGR,Bulgaria,2017,26691.8686963123,2.74592676054861,0.430081695318222,2,3.7,11.7,4.2,40.4,5.7,7.07666823445945
BGR,Bulgaria,2018,27691.0089237623,2.33015213407045,0.365172892808914,1.5,2.6,9.1,3.3,41.3,5.7,7.24219599415064
BGR,Bulgaria,2019,29150.0422926763,3.79331765354152,0.354652225971222,1.6,3,8.2,3.3,40.3,5.7,6.86506059610062
BGR,Bulgaria,2020,28521.3251326769,-3.13323303076419,0.259386777877808,0.7,1.5,5.8,1.9,40.5,6.1,6.48061532890651
BGR,Bulgaria,2021,30959.1118459807,7.82817232822165,0.284104585647583,1.2,2,6.5,2.5,39,6.1,6.77351860435608
BGR,Bulgaria,2022,32433.7937497005,4.0838640915123,0.287512123584747,1.1,1.7,5.5,2.1,38.2,6.2,6.96782186020414
BGR,Bulgaria,2023,33073.8179631314,1.68151074972904,0.388988107442856,1,1.6,4.4,1.8,39.5,6,7.18531662064668
BGR,Bulgaria,2024,34221.5294617032,3.38709063847314,,,,,,,,7.06830714562182
BGR,Bulgaria,2025,,,,,,,,,,6.92183677221366
BHR,Bahrain,1995,53537.6828948177,3.92999239295094,,,,,,,,2.52643858114227
BHR,Bahrain,1996,54289.4380390309,4.11000631738246,-0.718783438205719,,,,,,,2.40086544559257
BHR,Bahrain,1997,54512.8551056888,3.09299923370425,,,,,,,,2.28830718056259
BHR,Bahrain,1998,55638.6935860684,4.79000359326143,-1.06540274620056,,,,,,,2.35505470030397
BHR,Bahrain,1999,56522.2261899823,4.29999824426375,,,,,,,,2.16574675544827
BHR,Bahrain,2000,57968.9956082135,5.30006940305884,-1.05687987804413,,,,,,,1.80777836834058
BHR,Bahrain,2001,57280.6986707494,2.49094875338352,,,,,,,,1.63555969280894
BHR,Bahrain,2002,55096.6571550779,3.34855067103268,-0.571163654327393,,,,,,,2.27306378132118
BHR,Bahrain,2003,54431.8763559658,6.29644129075703,-0.590705573558807,,,,,,,2.21353219352492
BHR,Bahrain,2004,54045.092888858,6.98096175867695,-0.561549425125122,,,,,,,2.04374319188306
BHR,Bahrain,2005,53478.2662415503,6.76899737789502,-0.743174850940704,,,,,,,2.15293725861629
BHR,Bahrain,2006,52691.9323366851,6.4669995195042,-0.903966546058655,,,,,,,2.16783037525905
BHR,Bahrain,2007,52731.7921672618,8.29396129093843,-0.856526553630829,,,,,,,2.05344803043053
BHR,Bahrain,2008,52765.3899455546,6.24501094995797,-0.868917524814606,,,,,,,2.00949492546781
BHR,Bahrain,2009,50665.7507489219,2.53988570158225,-0.790999948978424,,,,,,,1.95676144270473
BHR,Bahrain,2010,50704.8479679819,4.3342989754845,-0.965909421443939,,,,,,,1.06144346386962
BHR,Bahrain,2011,53132.3284162611,1.92815791170796,-1.21731686592102,,,,,,,0.974212882459581
BHR,Bahrain,2012,54516.8406594787,3.80302899043062,-1.31802463531494,,,,,,,1.00362541183025
BHR,Bahrain,2013,55376.4005147894,5.29262224906203,-1.31755971908569,,,,,,,0.96644841075109
BHR,Bahrain,2014,55065.8189472129,4.30885692657077,-1.31115794181824,,,,,,,0.990117846582015
BHR,Bahrain,2015,54149.9131524721,2.50787205267615,-1.31299293041229,,,,,,,0.996640100015627
BHR,Bahrain,2016,54107.0752236423,3.81499327422425,-1.37177956104279,,,,,,,0.993977794270227
BHR,Bahrain,2017,53859.7749589601,4.95383534123657,-1.38719844818115,,,,,,,0.935276161628514
BHR,Bahrain,2018,54893.0724411368,2.05258864979861,-1.41809022426605,,,,,,,0.859416855191711
BHR,Bahrain,2019,56749.9628370612,2.05287774418655,-1.42857217788696,,,,,,,0.788277933352838
BHR,Bahrain,2020,53814.2452592358,-5.9113629524152,-1.45315587520599,,,,,,,1.14505895487841
BHR,Bahrain,2021,54954.6757895532,4.35004091668986,-1.49873185157776,,,,,,,1.05644717217135
BHR,Bahrain,2022,57572.997981018,6.18016125475185,-1.41840970516205,,,,,,,0.901733674439886
BHR,Bahrain,2023,57819.9051831242,3.87811614845566,-1.37783300876617,,,,,,,0.943956184784735
BHR,Bahrain,2024,58891.8304860737,2.60379670648454,,,,,,,,0.856857713145138
BHR,Bahrain,2025,,,,,,,,,,0.749214481386368
BHS,"Bahamas, The",1995,30128.1935557246,4.37875203482501,,,,,,,,14.1346269098703
BHS,"Bahamas, The",1996,30907.8208035756,4.22353036224139,1.10283946990967,,,,,,,16.4769322947873
BHS,"Bahamas, The",1997,30839.0247952491,1.28775320549799,,,,,,,,14.7226622278304
BHS,"Bahamas, The",1998,31836.5264901331,4.71679855496301,1.15747666358948,,,,,,,14.61712451911
BHS,"Bahamas, The",1999,33657.804588874,7.14410390677141,,,,,,,,15.7921358615588
BHS,"Bahamas, The",2000,34597.1621145274,4.14841930754267,1.20222544670105,,,,,,,14.8273170973416
BHS,"Bahamas, The",2001,35072.3658990461,2.62600982683425,,,,,,,,13.9164671713796
BHS,"Bahamas, The",2002,35610.6786425646,2.70495624731029,1.18893682956696,,,,,,,15.3208919584145
BHS,"Bahamas, The",2003,34740.7635535381,-1.26491667612372,1.03227174282074,,,,,,,14.2706273869316
BHS,"Bahamas, The",2004,34617.8051137459,0.882373744518318,0.98453950881958,,,,,,,14.9575030098291
BHS,"Bahamas, The",2005,35365.4663980219,3.39608420536011,0.942519128322601,,,,,,,14.5021135301252
BHS,"Bahamas, The",2006,35789.1322131898,2.51659221712706,1.02023363113403,,,,,,,14.0450163660148
BHS,"Bahamas, The",2007,35797.118972073,1.44609991235758,1.09843242168427,,,,,,,13.6928819099362
BHS,"Bahamas, The",2008,34498.0351399173,-2.32364807041851,1.12191426753998,,,,,,,13.288888647604
BHS,"Bahamas, The",2009,32630.263065979,-4.17542805647342,1.00714540481567,,,,,,,13.2991714409623
BHS,"Bahamas, The",2010,32711.4592459383,1.53866248693835,0.988209545612335,,,,,,,13.7019689770979
BHS,"Bahamas, The",2011,32535.6625139135,0.613170735890648,0.960108458995819,,,,,,,14.0940783876065
BHS,"Bahamas, The",2012,33667.5547098911,4.52003886739061,0.934573888778687,,,,,,,13.9964093745607
BHS,"Bahamas, The",2013,32402.9163503108,-2.86320081549439,0.924423694610596,,,,,,,13.9710182953161
BHS,"Bahamas, The",2014,32712.6356664811,1.8469701294558,1.04737889766693,,,,,,,13.8809396521903
BHS,"Bahamas, The",2015,32777.5849410742,0.997411675486745,0.95133250951767,,,,,,,13.8860602376067
BHS,"Bahamas, The",2016,32172.3365152976,-1.15650811269629,0.851394236087799,,,,,,,13.7765675818773
BHS,"Bahamas, The",2017,33050.0350128611,3.3713988456489,0.849030554294586,,,,,,,13.7436737841616
BHS,"Bahamas, The",2018,33650.2164350935,2.39795510823548,0.773586869239807,,,,,,,13.7384796750683
BHS,"Bahamas, The",2019,33202.4902105068,-0.838585871193203,0.904160439968109,,,,,,,13.7163102619258
BHS,"Bahamas, The",2020,26452.695760929,-20.0893664891399,0.913996696472168,,,,,,,14.2903535006992
BHS,"Bahamas, The",2021,31064.6822166194,17.5861390037409,0.903309464454651,,,,,,,14.7841636024782
BHS,"Bahamas, The",2022,34342.9285316569,10.8779009410268,0.872308373451233,,,,,,,15.4526381655226
BHS,"Bahamas, The",2023,35221.2696932313,3.04824180553773,0.860349118709564,,,,,,,16.0789212824029
BHS,"Bahamas, The",2024,36244.0500123244,3.37866553336166,,,,,,,,15.9601436200924
BHS,"Bahamas, The",2025,,,,,,,,,,15.9432856071055
BIH,Bosnia and Herzegovina,1995,3090.39106761024,15.9683009584782,,,,,,,,30.8272763747915
BIH,Bosnia and Herzegovina,1996,4569.00162207312,54.1993001671131,-0.103825636208057,,,,,,,29.7836868818534
BIH,Bosnia and Herzegovina,1997,6020.98522398162,36.641128467034,,,,,,,,28.6637887575405
BIH,Bosnia and Herzegovina,1998,6899.325655059,16.6163744979847,-0.00821057427674532,,,,,,,27.5902557837615
BIH,Bosnia and Herzegovina,1999,7481.33501395434,9.52157018578967,,,,,,,,26.6785546434331
BIH,Bosnia and Herzegovina,2000,7830.53433078343,5.41431594987505,-0.108343385159969,,,,,,,25.9519923685177
BIH,Bosnia and Herzegovina,2001,7982.55195738094,2.42331317180992,,0.6,1.6,20.2,4.7,30,8.8,25.3523991122073
BIH,Bosnia and Herzegovina,2002,8366.72625268201,5.027444647203,-0.0870445370674133,0.5333333333333333,1.3666666666666667,16.7,3.866666666666667,31.333333333333332,8.333333333333334,24.8594721106189
BIH,Bosnia and Herzegovina,2003,8709.99283593466,3.86713552011777,0.209610521793365,0.4666666666666667,1.1333333333333333,13.2,3.0333333333333337,32.666666666666664,7.866666666666667,24.3913313581564
BIH,Bosnia and Herzegovina,2004,9344.86891184204,6.32526794858342,0.168824627995491,0.4,0.9,9.7,2.2,34,7.4,24.0554200208202
BIH,Bosnia and Herzegovina,2005,9814.51034158831,3.89718320544974,0.213584735989571,0.33333333333333337,0.8,8.733333333333333,2,33.7,7.433333333333334,23.8791765784336
BIH,Bosnia and Herzegovina,2006,10430.4552500579,5.41400299607282,0.187260136008263,0.2666666666666667,0.7,7.766666666666667,1.8000000000000003,33.4,7.466666666666667,23.4502617844482
BIH,Bosnia and Herzegovina,2007,11178.7278411828,5.85911689412598,0.131010442972183,0.2,0.6,6.8,1.6,33.1,7.5,23.2473668340156
BIH,Bosnia and Herzegovina,2008,11983.7696596485,5.44184730165964,0.0151520045474172,,,,,,,23.5887710390077
BIH,Bosnia and Herzegovina,2009,11826.6991802051,-3.0044555389081,0.00317180575802922,,,,,,,24.0241823435314
BIH,Bosnia and Herzegovina,2010,12142.9120522116,0.865667236280544,-0.0824492052197456,,,,,,,22.7391560897902
BIH,Bosnia and Herzegovina,2011,12487.7008428301,0.959511709726897,-0.159755006432533,0.2,1,8.1,2,33,7.5,21.9984883178852
BIH,Bosnia and Herzegovina,2012,12626.9786875839,-0.821837252962993,-0.100325390696526,,,,,,,23.4356975865313
BIH,Bosnia and Herzegovina,2013,13135.7719791089,2.34985873172397,-0.116505213081837,,,,,,,21.5435954936195
BIH,Bosnia and Herzegovina,2014,13458.9083902112,1.15384793371298,-0.0709971114993095,,,,,,,19.5240260450518
BIH,Bosnia and Herzegovina,2015,14220.1489744552,4.28413016137854,-0.0981234684586525,,,,,,,21.2715458578249
BIH,Bosnia and Herzegovina,2016,14873.7027917131,3.24225822231566,-0.13105471432209,,,,,,,21.1268396554957
BIH,Bosnia and Herzegovina,2017,15554.7232481788,3.24409895306594,-0.205715715885162,,,,,,,20.4469856354411
BIH,Bosnia and Herzegovina,2018,16349.0675137661,3.82900399349064,-0.259601622819901,,,,,,,17.4979127339041
BIH,Bosnia and Herzegovina,2019,17029.3678184559,2.88585242083978,-0.243703991174698,,,,,,,20.1335197548125
BIH,Bosnia and Herzegovina,2020,16747.1048417525,-3.01509335460439,-0.32339146733284,,,,,,,19.8216011990422
BIH,Bosnia and Herzegovina,2021,18286.7373324233,7.39164256472846,-0.317227274179459,,,,,,,19.5183823626158
BIH,Bosnia and Herzegovina,2022,19298.1971056448,4.22681333390325,-0.324730277061462,,,,,,,19.1427374707394
BIH,Bosnia and Herzegovina,2023,19805.0002774731,1.99439414850893,-0.319465935230255,,,,,,,18.7797277887073
BIH,Bosnia and Herzegovina,2024,20527.6935527158,2.9715174617652,,,,,,,,18.4396981436429
BIH,Bosnia and Herzegovina,2025,,,,,,,,,,18.1102329196322
BLR,Belarus,1995,8061.19604112609,-10.4000003781854,,2.3,9.7,46.5,14.3,28.7,8.5,15.2309187156821
BLR,Belarus,1996,8314.85656685025,2.80000456599095,-0.819772601127625,14.26666666666667,27.2,62.13333333333333,26.933333333333337,29.8,8.3,15.3480618526483
BLR,Belarus,1997,9301.32717519867,11.4000054007553,,26.233333333333338,44.7,77.76666666666667,39.56666666666667,30.9,8.1,15.2819928361265
BLR,Belarus,1998,10128.1560469563,8.3999913697987,-0.77269583940506,38.2,62.2,93.4,52.2,32,7.9,15.0641164440053
BLR,Belarus,1999,10519.7489145442,3.3999992040046,,33.7,56.6,92.2,49.2,31.7,7.6,14.7388906361652
BLR,Belarus,2000,11182.4548339393,5.80000327485702,-1.31242227554321,26.5,49.5,89.4,44.7,31.2,7.9,14.3399662468984
BLR,Belarus,2001,11771.0872003861,4.72530605111095,,14.7,33,80.5,34.7,30.6,8.2,13.9129666484702
BLR,Belarus,2002,12443.9322575939,5.04526758311702,-1.45189714431763,10.4,26.7,76.1,30.3,30.3,8.3,13.4181887469403
BLR,Belarus,2003,13413.9265504854,7.04319246586394,-1.45855021476746,8.7,22.6,73.3,28,28.8,8.6,12.8875349350624
BLR,Belarus,2004,15052.1182160947,11.4497432088167,-1.59736406803131,4.3,13.6,64.5,21.2,26.5,9.4,12.262457855066
BLR,Belarus,2005,16579.8731683834,9.40000151584914,-1.76681733131409,2.4,8.2,47.2,14,27.6,8.9,11.602798023298
BLR,Belarus,2006,18349.8719060634,9.99999473022963,-1.75380945205688,1.1,4.9,36.7,10.1,28.3,8.8,10.916022406036
BLR,Belarus,2007,20019.6111676728,8.60000659811426,-1.7044539451599101,1.1,3.3,28.2,7.3,29.6,8.6,10.2410612154294
BLR,Belarus,2008,22137.9472928315,10.1999994860937,-1.59331786632538,0.5,2.4,24,5.7,27.8,9,9.57004451248077
BLR,Belarus,2009,22236.8387691136,0.199995231733979,-1.54764413833618,0.5,2.2,22.3,5.4,27.7,9.1,9.0254434130304
BLR,Belarus,2010,24012.6133040213,7.75001707500896,-1.55507206916809,0.2,1.3,18,4,28.6,8.8,8.50813685974614
BLR,Belarus,2011,25404.7566082412,5.54997471638077,-1.66020834445953,0.1,0.9,14.6,3.2,27.2,9.2,8.07892620341935
BLR,Belarus,2012,25879.1319400701,1.70785253368828,-1.56718134880066,0.1,0.3,9.2,1.7,26.5,9.5,7.74025905851783
BLR,Belarus,2013,26147.6253584645,0.998719299661161,-1.54453980922699,0,0.1,5.8,1.1,26.6,9.5,7.52722786338655
BLR,Belarus,2014,26564.4347246547,1.65112470228097,-1.44301652908325,0,0.1,5.4,0.9,27.2,9.3,7.36243402690636
BLR,Belarus,2015,25513.2132958317,-3.82957056812593,-1.46515250205994,0,0.3,6.8,1.3,25.6,9.7,7.32461595766971
BLR,Belarus,2016,24846.8301529359,-2.5264464460425,-1.33933472633362,0,0.3,7.4,1.4,25.3,9.9,7.33475298887525
BLR,Belarus,2017,25503.9809845207,2.53218349471909,-1.35611796379089,0,0.2,6.2,1.1,25.4,9.9,7.56520732476061
BLR,Belarus,2018,26363.4629778536,3.14919758275296,-1.36333072185516,0,0.1,4.3,0.7,25.2,10.1,7.36042971624877
BLR,Belarus,2019,26798.8206398076,1.44645548204305,-1.40739989280701,0,0,3.9,0.7,25.3,10,7.22194189675353
BLR,Belarus,2020,26731.4953869922,-0.672742918585868,-1.45295298099518,0,0.1,2.6,0.4,24.4,10.3,6.90679247349712
BLR,Belarus,2021,27611.1801135157,2.43886210234947,-1.58049023151398,,,,,,,6.85199093646948
BLR,Belarus,2022,26537.5083081674,-4.65839591328999,-1.62772846221924,,,,,,,6.79840537714345
BLR,Belarus,2023,27782.4380139967,4.12654007153881,-1.66739654541016,,,,,,,6.6337809269145
BLR,Belarus,2024,29040.9725790425,4.00984852465452,,,,,,,,6.48684109059199
BLR,Belarus,2025,,,,,,,,,,6.32684997907658
BLZ,Belize,1995,9967.84688088643,0.731558011871286,,18.4,26.5,48,25.2,57.5,2.4,31.0729819514367
BLZ,Belize,1996,9782.64416029651,1.10530578663676,0.824221611022949,23.3,40.4,70.5,35.3,56.6,3.4,32.2764722327287
BLZ,Belize,1997,9862.26634546876,4.2346158780441,,26,41.2,70,36.9,60.4,2.7,32.0151033386327
BLZ,Belize,1998,9894.59919785026,3.89301999542513,0.881688356399536,26.1,41.1,68.6,36.1,54.9,3.3,31.697002301324
BLZ,Belize,1999,10460.6346102795,9.42319471476534,,22.5,37,66.7,34.4,53.2,3.2,31.3317272208219
BLZ,Belize,2000,11363.6868781615,12.2406120663359,0.975879788398743,,,,,,,30.7733361102795
BLZ,Belize,2001,11567.0265720608,4.99356206143864,,,,,,,,30.3947722655963
BLZ,Belize,2002,11828.1865744067,5.39907320663811,0.796831011772156,,,,,,,30.0394364858765
BLZ,Belize,2003,12589.2679378206,9.66522679614125,0.842791497707367,,,,,,,29.8285989077044
BLZ,Belize,2004,12807.1658774384,4.78066505273344,0.7400723695755,,,,,,,29.4763317852375
BLZ,Belize,2005,12714.9697390831,2.2191905367057,0.688429117202759,,,,,,,29.1291067570587
BLZ,Belize,2006,12912.5300233774,4.51145460193301,0.544680774211884,,,,,,,29.010867377742
BLZ,Belize,2007,12973.2067214746,3.33939738340764,0.526492059230804,,,,,,,29.0113219123583
BLZ,Belize,2008,12415.6811300464,-1.62747776449082,0.646870255470276,,,,,,,28.9550619644762
BLZ,Belize,2009,12033.9096816588,-0.446709636828217,0.744926631450653,,,,,,,29.14804964539
BLZ,Belize,2010,11913.6635959061,1.41741099233461,0.685301244258881,,,,,,,29.2514392114658
BLZ,Belize,2011,11641.7717375703,-0.13007112300869,0.695515275001526,,,,,,,29.2729665268525
BLZ,Belize,2012,11843.4153404212,3.94389321816617,0.695277273654938,,,,,,,29.4736591897695
BLZ,Belize,2013,12064.797259406,4.06646561608865,0.711440205574036,,,,,,,29.5220995530427
BLZ,Belize,2014,12272.2957895446,3.89226067249989,0.520081162452698,,,,,,,23.8619955369515
BLZ,Belize,2015,12348.7944978311,2.7602602736023,0.577991187572479,,,,,,,26.1975170874599
BLZ,Belize,2016,12063.0600374093,-0.0187414958130319,0.57026344537735,,,,,,,27.677132314742
BLZ,Belize,2017,11572.3007931461,-1.83323729057784,0.570051848888397,,,,,,,29.9251838211623
BLZ,Belize,2018,11451.8979413877,0.822068592512508,0.430547833442688,1,4,19.7,6,39.9,5.8,26.0585898586907
BLZ,Belize,2019,11765.9748661176,4.25658710030072,0.503629267215729,,,,,,,29.9801961851599
BLZ,Belize,2020,10045.1404163746,-13.5228997055506,0.521323442459106,,,,,,,30.7179468269479
BLZ,Belize,2021,11716.3267818656,17.9899244143607,0.541676640510559,,,,,,,30.2632350736784
BLZ,Belize,2022,12565.3645829576,9.25051329530994,0.535320281982422,,,,,,,30.0678852520256
BLZ,Belize,2023,12371.0086545348,0.500127941638667,0.539004623889923,,,,,,,30.1745007060722
BLZ,Belize,2024,12621.4081961897,3.50466435023895,,,,,,,,29.9971688319859
BLZ,Belize,2025,,,,,,,,,,29.8421713789018
BMU,Bermuda,1995,80427.24062121,4.39914832996426,,,,,,,,
BMU,Bermuda,1996,82122.7826140328,2.60047542898441,1.18036329746246,,,,,,,
BMU,Bermuda,1997,85380.8348326117,4.60000084263363,,,,,,,,
BMU,Bermuda,1998,88034.8132385883,3.90000009423035,1.16662049293518,,,,,,,
BMU,Bermuda,1999,90290.5624913126,3.38264701972184,,,,,,,,
BMU,Bermuda,2000,98019.93147275,9.31715641086083,0.939376175403595,,,,,,,
BMU,Bermuda,2001,104560.839783497,7.22243553752608,,,,,,,,
BMU,Bermuda,2002,102559.769384967,-1.47779059768867,1.12552392482758,,,,,,,
BMU,Bermuda,2003,105642.976098631,3.41070667687531,1.20039057731628,,,,,,,
BMU,Bermuda,2004,107803.199358077,2.32126722323136,1.13497161865234,,,,,,,
BMU,Bermuda,2005,109335.385931485,1.67420611410508,1.15323007106781,,,,,,,
BMU,Bermuda,2006,115170.899920201,5.5438663804406,1.01727342605591,,,,,,,
BMU,Bermuda,2007,118691.070025545,3.34513970877607,0.972128868103027,,,,,,,
BMU,Bermuda,2008,115942.72717347,-1.86595582635186,0.967198193073273,,,,,,,
BMU,Bermuda,2009,108962.816946419,-5.6266977105161,0.963811635971069,,,,,,,
BMU,Bermuda,2010,105968.875104213,-2.50287828947368,0.988284409046173,,,,,,,
BMU,Bermuda,2011,101989.927295974,-3.74274431740703,1.00905168056488,,,,,,,
BMU,Bermuda,2012,96711.0739703323,-5.30529910675297,1.02567172050476,,,,,,,
BMU,Bermuda,2013,96549.7874807583,-0.279708545423034,1.00473141670227,,,,,,,
BMU,Bermuda,2014,93042.2733051033,-3.70106759364258,,,,,,,,
BMU,Bermuda,2015,93859.8769494621,0.775529699568978,,,,,,,,
BMU,Bermuda,2016,93265.0675364638,-0.657206304259205,,,,,,,,
BMU,Bermuda,2017,96437.191438851,3.61141983706115,,,,,,,,
BMU,Bermuda,2018,95639.2267310584,-0.432801300339307,,,,,,,,
BMU,Bermuda,2019,95519.9206861686,0.307106461240664,,,,,,,,
BMU,Bermuda,2020,88618.0830682257,-6.82757303480177,,,,,,,,
BMU,Bermuda,2021,92319.6714861219,4.60742917109469,,,,,,,,
BMU,Bermuda,2022,98145.1689383889,6.47622571186707,,,,,,,,
BMU,Bermuda,2023,103052.348367859,4.9172155726416404,,,,,,,,
BMU,Bermuda,2024,109311.936941299,5.97253260071749,,,,,,,,
BMU,Bermuda,2025,,,,,,,,,,
BOL,Bolivia,1995,6914.34189540931,4.67827659710034,,,,,,,,73.0801208363526
BOL,Bolivia,1996,7083.61313107091,4.36134195244541,0.155518606305122,,,,,,,72.7443089077086
BOL,Bolivia,1997,7301.50935715196,4.95420874299724,,18.6,26.3,49.8,25.5,58.1,2,72.4625340648728
BOL,Bolivia,1998,7534.51656215666,5.02935475543048,0.353770107030869,21.6,29.4,51.15,28.15,58.05,1.65,72.287787664475
BOL,Bolivia,1999,7435.72544462966,0.426885422588768,,24.6,32.5,52.5,30.8,58,1.3,72.0436771177632
BOL,Bolivia,2000,7492.43381815499,2.50781080899505,0.189972907304764,28.3,36.2,58.8,34.3,61.6,1.1,71.9102148708161
BOL,Bolivia,2001,7491.15257767136,1.68379912721821,,22.3,30.1,54.2,29.3,57.4,1.9,71.717652811025
BOL,Bolivia,2002,7550.01554439063,2.48556573783827,0.140369892120361,23.9,32,56.4,30.8,59.3,1.7,71.3428845346001
BOL,Bolivia,2003,7625.90515937027,2.7113398370071,-0.0564173422753811,18.549999999999997,26.95,52.849999999999994,26.6,57.15,2.4,68.6845799150333
BOL,Bolivia,2004,7811.59684101948,4.17329558916195,-0.170450285077095,13.2,21.9,49.3,22.4,55,3.1,68.398786494882
BOL,Bolivia,2005,8020.63568776794,4.42143312687995,-0.156710430979729,18.7,26.1,49.5,25.6,58.5,2,68.1334015628131
BOL,Bolivia,2006,8263.31896895542,4.79700882356046,0.0764636099338531,15.9,22.5,44.6,22.5,56.7,2.3,69.0915700718119
BOL,Bolivia,2007,8493.94848397403,4.56438426887904,0.0422239750623703,12.1,19.1,42.7,20.5,54.5,2.9,65.4201974637439
BOL,Bolivia,2008,8865.27246783163,6.14849787462195,0.0029617075342685,10.6,15.4,36.6,16.5,50.8,3.2,65.4125948848405
BOL,Bolivia,2009,9011.55629962953,3.35699957430558,0.00694658420979977,10,14.5,31.9,14.6,49.2,3.2,63.8124807589565
BOL,Bolivia,2010,9230.39808115934,4.12672259105658,-0.0392411425709724,8.45,12.55,28.6,12.899999999999999,47.650000000000006,3.5,64.6038081087248
BOL,Bolivia,2011,9554.44502529396,5.20409244308591,-0.0682377889752388,6.9,10.6,25.3,11.2,46.1,3.8,65.3774636104482
BOL,Bolivia,2012,9884.46163420335,5.12227558091767,-0.0815852954983711,7.9,11.1,25.9,11.8,46.6,3.4,63.1116316927195
BOL,Bolivia,2013,10391.38337536,6.79601142810857,-0.0690479576587677,6.8,9.5,23.6,10.3,47.6,3.6,65.3711622818641
BOL,Bolivia,2014,10790.8472899414,5.46056950635116,-0.0263673644512892,5.6,9.2,22.6,9.6,47.8,3.8,65.435299536553
BOL,Bolivia,2015,11144.6415727207,4.8571871797142,-0.00476541789248586,6.2,8.8,23,9.7,46.7,3.9,67.3596828992072
BOL,Bolivia,2016,11448.0218032246,4.26392086382097,-0.0366767346858978,7.2,10.2,23.7,10.7,45.2,3.7,67.1344421590832
BOL,Bolivia,2017,11755.2556195885,4.19520633360403,-0.0248409155756235,6.4,9.3,23.1,10,44.6,3.9,65.6688233715507
BOL,Bolivia,2018,11920.3135079645,2.86808404814794,-0.0596669800579548,4.7,7.9,21.3,8.6,42.6,4.5,65.7380978893668
BOL,Bolivia,2019,11930.9159145918,1.50672102666863,-0.117428041994572,3.1,5.8,17.8,6.5,41.6,5.1,64.1768785065462
BOL,Bolivia,2020,10285.6590750222,-12.7194690092717,-0.0864524021744728,4.2,6.6,19.5,7.4,43.6,4.7,66.6040077034208
BOL,Bolivia,2021,11202.4409836707,10.0290488827886,-0.115398086607456,3.1,5.5,17.1,6.1,40.9,5.3,66.0892897307924
BOL,Bolivia,2022,11487.7148799194,3.74741781241461,-0.197485566139221,3.3,5.7,18.5,6.6,41.2,5.1,64.3683028020439
BOL,Bolivia,2023,11616.1575595159,2.51636590154891,-0.265191316604614,2.8,5.1,16.5,5.8,42.1,5.2,63.0558406178017
BOL,Bolivia,2024,11329.1518061536,-1.12335595517212,,,,,,,,62.9291042346411
BOL,Bolivia,2025,,,,,,,,,,62.6904087284942
BRA,Brazil,1995,13550.4393737243,4.2237936336472,,19.5,29.8,54.8,27.8,59.5,2.5,30.4797732205289
BRA,Brazil,1996,13641.6295997537,2.20886405051482,0.242076978087425,20.7,30.2,54.9,28.3,59.8,2.3,29.4280666436194
BRA,Brazil,1997,13896.6249901345,3.39484598531597,,20.4,30.6,55.1,28.5,59.8,2.3,29.8052780965293
BRA,Brazil,1998,13737.7026434846,0.338097901952338,0.332852572202682,19.1,29,54.3,27.2,59.6,2.4,29.9026533951689
BRA,Brazil,1999,13602.4137069426,0.467937566679467,,20,30.4,55.8,28.3,59,2.5,30.4651119441301
BRA,Brazil,2000,14005.347187072,4.38794944364869,0.301593601703644,18.75,28.45,53.05,26.700000000000003,58.7,2.5,30.2047258950805
BRA,Brazil,2001,14016.1313773564,1.3898964044581,,17.5,26.5,50.3,25.1,58.4,2.5,29.9897609694399
BRA,Brazil,2002,14265.9048768518,3.05346185683619,0.472238034009933,16.2,25.5,49.8,24.2,58.1,2.6,30.0866840763169
BRA,Brazil,2003,14259.3664088286,1.14082899877101,0.442828863859177,17.1,26.3,50.9,25.1,57.6,2.6,30.1785257482827
BRA,Brazil,2004,14911.260960772,5.75996463685998,0.38860946893692,15.3,24.7,49.5,23.8,56.5,2.9,29.6901297706027
BRA,Brazil,2005,15221.0138281917,3.20213206216255,0.457679510116577,13.7,22.7,47.5,22.2,56.3,2.9,29.6544876944097
BRA,Brazil,2006,15657.4795714009,3.96198870899485,0.500075697898865,11.4,19.6,43.7,19.7,55.6,3,28.6572677191098
BRA,Brazil,2007,16440.5837398046,6.06987060733128,0.537074029445648,10.8,18.2,41.2,18.6,54.9,3,28.2495822888988
BRA,Brazil,2008,17113.3679822772,5.09419544811998,0.5689857006073,9.1,15.9,38.2,16.5,54,3.2,26.4611469990898
BRA,Brazil,2009,16939.4407809047,-0.12581200299141,0.521999180316925,8.4,14.8,36.3,15.6,53.7,3.2,26.162873506076
BRA,Brazil,2010,18062.158110224,7.52822581812151,0.571348905563354,7.75,13.5,34.25,14.55,53.3,3.25,25.8550019135957
BRA,Brazil,2011,18627.8104527933,3.97442307944702,0.513676166534424,7.1,12.2,32.2,13.5,52.9,3.3,25.5304982941098
BRA,Brazil,2012,18832.2195524356,1.92117598509462,0.477906197309494,6.4,10.7,30.3,12.3,53.4,3.4,25.3469708350551
BRA,Brazil,2013,19241.5059814525,3.0048226702888,0.417397052049637,5.4,9.6,27.8,11,52.7,3.5,25.4302488749907
BRA,Brazil,2014,19183.1727445223,0.503955740273241,0.471930146217346,4.7,8.8,26.3,10.1,52,3.6,25.3338754286233
BRA,Brazil,2015,18357.0690615421,-3.54576339347278,0.458871006965637,5.4,9.4,27.3,10.8,51.9,3.6,26.2570850324328
BRA,Brazil,2016,17620.9272434403,-3.2759169063211,0.451975852251053,6.5,10.8,29,12,53.4,3.3,26.6500334165773
BRA,Brazil,2017,17724.4799577815,1.32286905390815,0.449531525373459,6.9,11.1,29.2,12.2,53.3,3.2,26.9085129573391
BRA,Brazil,2018,17917.7492122925,1.78366676137003,0.376852065324783,6.9,11,28.6,12,53.9,3.1,27.1841141875625
BRA,Brazil,2019,18018.62091495,1.22077782271943,0.301444828510284,7,10.9,28,12,53.5,3.1,27.6011508281783
BRA,Brazil,2020,17327.5157248143,-3.27675879612903,0.287395060062408,2.8,5.4,20.8,7.1,48.9,4.5,27.9396077371374
BRA,Brazil,2021,18075.7060048757,4.7626043797061,0.254508823156357,7.5,11.5,30.5,12.7,52.9,3.3,29.3798050062589
BRA,Brazil,2022,18554.0461828519,3.01669435408112,0.225268334150314,4.9,8.5,25.3,9.9,52,3.6,27.8044136163908
BRA,Brazil,2023,19079.8122132253,3.24165532813583,0.382853865623474,3.8,7.5,23.4,8.8,51.6,3.7,27.0083134719641
BRA,Brazil,2024,19652.3654991704,3.41931516597739,,,,,,,,26.3285463035743
BRA,Brazil,2025,,,,,,,,,,26.0849820869874
BRB,Barbados,1995,18398.7507400297,2.01399817082077,,,,,,,,12.5075266532073
BRB,Barbados,1996,19112.5029984541,3.97647637887928,1.34296929836273,,,,,,,12.5767283857188
BRB,Barbados,1997,20010.2158345921,4.74010332766122,,,,,,,,11.9300854715137
BRB,Barbados,1998,20752.8095915976,3.72846430604467,1.27400147914886,,,,,,,12.1372907992159
BRB,Barbados,1999,20815.8353874873,0.334656057330719,,,,,,,,13.7518271244025
BRB,Barbados,2000,21779.2203006868,4.44718962836241,1.26449751853943,,,,,,,12.5193319499818
BRB,Barbados,2001,21234.708034436,-2.36546466744424,,,,,,,,13.5176531873702
BRB,Barbados,2002,21262.3089250843,0.787402032457734,1.23130881786346,,,,,,,13.7474723214355
BRB,Barbados,2003,21591.7915931807,2.17548079415926,1.15570759773254,,,,,,,13.7188866953122
BRB,Barbados,2004,21771.9014007178,1.41159830663733,1.10496938228607,,,,,,,14.089213203674
BRB,Barbados,2005,22514.483943994,3.95545720757542,0.949198722839355,,,,,,,14.2596817683487
BRB,Barbados,2006,23766.6070131111,6.07054621673575,1.03720331192017,,,,,,,14.3889324931965
BRB,Barbados,2007,24145.753990727,2.07918386258883,1.02995073795319,,,,,,,14.6143115994133
BRB,Barbados,2008,24171.6517995745,0.633460590858988,0.946911215782166,,,,,,,14.8209879215551
BRB,Barbados,2009,22840.8841002763,-5.01727538250874,1.12787127494812,,,,,,,15.1295093052656
BRB,Barbados,2010,22243.4579670705,-2.21771085628247,1.1365772485733,,,,,,,15.48331275005
BRB,Barbados,2011,22102.4817004397,-0.310320187825369,1.11405873298645,,,,,,,15.7970594572106
BRB,Barbados,2012,21286.3318932135,-3.41390821153806,1.13297867774963,,,,,,,16.1512986670087
BRB,Barbados,2013,20854.5676341718,-1.771174940631,1.13736414909363,,,,,,,16.4610611323891
BRB,Barbados,2014,20959.9650372142,0.752615446604594,1.14508330821991,,,,,,,16.3635528612106
BRB,Barbados,2015,20666.9651609374,-1.17048018967635,1.09657406806946,,,,,,,16.2579753056731
BRB,Barbados,2016,20930.633669268,1.49650622520576,1.08573019504547,1.7,3.2,15.8,4.9,34.1,6.9,17.4774800995387
BRB,Barbados,2017,21035.7933581451,0.708386729317951,1.1136167049408,,,,,,,18.8232988852764
BRB,Barbados,2018,20727.4216338412,-1.2760241773002,1.10240888595581,,,,,,,19.5763129658092
BRB,Barbados,2019,20737.9776890352,0.227712137486577,1.10105216503143,,,,,,,20.0438853130485
BRB,Barbados,2020,17728.0729247569,-14.3647119341564,1.1250011920929,,,,,,,19.7125240906962
BRB,Barbados,2021,17682.7314537483,-0.0967779613221893,1.12140023708344,,,,,,,18.9383806650285
BRB,Barbados,2022,20716.2851304966,17.2264626793379,1.13302564620972,,,,,,,19.1530324450665
BRB,Barbados,2023,21318.6724772626,2.914357359625,1.16219222545624,,,,,,,19.2520697352434
BRB,Barbados,2024,21837.7254102057,2.4822621396186,,,,,,,,19.0603535637878
BRB,Barbados,2025,,,,,,,,,,18.8020800259651
BRN,Brunei Darussalam,1995,105043.853097683,1.34729376385607,,,,,,,,5.1242983159583
BRN,Brunei Darussalam,1996,102522.125418121,-0.027315465853718,-0.649972319602966,,,,,,,5.08950236838229
BRN,Brunei Darussalam,1997,106503.420270796,6.34394499326551,,,,,,,,5.03125796440939
BRN,Brunei Darussalam,1998,97171.6372551031,-6.65715931266875,-0.723196625709534,,,,,,,5.21424733915114
BRN,Brunei Darussalam,1999,99083.3205282422,4.26072216266995,,,,,,,,5.10226306655706
BRN,Brunei Darussalam,2000,100323.439918528,3.47467627672586,-0.712918996810913,,,,,,,4.86064341449145
BRN,Brunei Darussalam,2001,99680.7626777537,1.4660608198711,,,,,,,,4.94517435542823
BRN,Brunei Darussalam,2002,101571.583784666,3.9614389000248,-0.833585381507874,,,,,,,4.90293471085504
BRN,Brunei Darussalam,2003,103226.914446986,3.58342909978997,-0.776591658592224,,,,,,,4.76737722426597
BRN,Brunei Darussalam,2004,101497.754798655,0.104538372603315,-0.797836303710938,,,,,,,4.66723970811464
BRN,Brunei Darussalam,2005,99795.6850854526,-0.00392531660746442,-0.776663303375244,,,,,,,4.61068993467792
BRN,Brunei Darussalam,2006,102248.510300567,4.09841257308588,-1.09865534305573,,,,,,,4.57239528643099
BRN,Brunei Darussalam,2007,96752.6204091885,-3.76362326254647,-1.06153678894043,,,,,,,4.6622816080079
BRN,Brunei Darussalam,2008,91275.5000919182,-3.90071101715114,-1.01813435554504,,,,,,,4.71364066421542
BRN,Brunei Darussalam,2009,87875.8283546044,-1.90025367202547,-0.730714499950409,,,,,,,5.03635287416657
BRN,Brunei Darussalam,2010,88586.5133683924,2.74136439456163,-0.650570631027222,,,,,,,5.1130285958782
BRN,Brunei Darussalam,2011,90279.6634042123,3.74440625524871,-0.610339283943176,,,,,,,5.05668177462939
BRN,Brunei Darussalam,2012,89718.4636049982,0.913135189664487,-0.506374061107635,,,,,,,5.11589754445385
BRN,Brunei Darussalam,2013,86606.6518910199,-2.12478292664558,-0.505090177059174,,,,,,,5.23475023076081
BRN,Brunei Darussalam,2014,83310.6151819533,-2.50788727590711,-0.625119209289551,,,,,,,5.27238784861685
BRN,Brunei Darussalam,2015,81910.1882959493,-0.392383749502031,-0.753890037536621,,,,,,,5.59023357820959
BRN,Brunei Darussalam,2016,78880.6228501768,-2.47791771833224,-0.900396168231964,,,,,,,5.86234076635562
BRN,Brunei Darussalam,2017,78966.8643142346,1.32872661057823,-0.948396801948547,,,,,,,6.09216389412937
BRN,Brunei Darussalam,2018,78099.0507802561,0.0523710418528935,-0.856818914413452,,,,,,,4.80454565288006
BRN,Brunei Darussalam,2019,80228.1598170527,3.86884436177075,-0.967025220394135,,,,,,,6.26820275175392
BRN,Brunei Darussalam,2020,80280.8980640677,1.1335733495246,-0.929686605930328,,,,,,,6.96413698142095
BRN,Brunei Darussalam,2021,78248.797127611,-1.59076260099606,-0.848219990730286,,,,,,,5.3964548566241
BRN,Brunei Darussalam,2022,76357.829114996,-1.62833154515108,-0.815467596054077,,,,,,,4.47760509577508
BRN,Brunei Darussalam,2023,76616.7014884981,1.12764418162719,-0.715453028678894,,,,,,,4.68981346054319
BRN,Brunei Darussalam,2024,79071.7333801445,4.05251709306727,,,,,,,,4.58117461209955
BRN,Brunei Darussalam,2025,,,,,,,,,,4.47832766475148
BTN,Bhutan,1995,4379.87046667778,7.07411745757784,,,,,,,,75.988155247632207
BTN,Bhutan,1996,4616.91979198439,5.56517288179062,-0.952189922332764,,,,,,,75.500580480611
BTN,Bhutan,1997,4778.70511731732,5.37383854585261,,,,,,,,75.0645176784989
BTN,Bhutan,1998,4965.87646031681,5.91403093576604,-1.098304271698,,,,,,,74.6601785229432
BTN,Bhutan,1999,5241.36663790737,7.98397179406629,,,,,,,,74.1835549774526
BTN,Bhutan,2000,5287.57434721684,3.35506838174288,-1.11235654354095,,,,,,,73.7811075642797
BTN,Bhutan,2001,5545.6305511084,7.32837435673082,,,,,,,,73.3124241819327
BTN,Bhutan,2002,5991.25497571775,10.4437797168913,-1.29027080535889,,,,,,,72.7929427430093
BTN,Bhutan,2003,6323.5411950973,7.78656040877364,-1.14678192138672,23.1,41.6,76.1,37.1,40.9,6.5,72.2875858899967
BTN,Bhutan,2004,6517.99683290216,5.15725736177561,-0.965037107467651,,,,,,,71.8195795256276
BTN,Bhutan,2005,6850.80441609334,6.93507146766659,-1.07215547561646,,,,,,,71.3485770752317
BTN,Bhutan,2006,7140.85609148376,5.6408051539139,-1.05876350402832,,,,,,,70.9298901199584
BTN,Bhutan,2007,8195.07074477912,16.1047836542012,-0.872591912746429,12,26.8,65.1,27.5,38.1,6.7,70.3763800172221
BTN,Bhutan,2008,8470.03471622855,4.52944877696235,-0.505405187606812,,,,,,,70.0203718491226
BTN,Bhutan,2009,9019.11861272397,7.66749238553135,-0.461808323860168,,,,,,,69.6361822537241
BTN,Bhutan,2010,9985.28455483655,11.9318738376229,-0.416917324066162,,,,,,,69.0949937782355
BTN,Bhutan,2011,10714.686566371,8.4892584842808,-0.404029369354248,,,,,,,70.8986195401706
BTN,Bhutan,2012,11143.9445354588,5.16482012683895,-0.280920058488846,3.6,12.1,48.5,16.6,38.8,6.7,70.8006337502851
BTN,Bhutan,2013,11212.479426698,1.73634039505693,-0.1589115858078,,,,,,,70.8867128653209
BTN,Bhutan,2014,11744.5189124825,5.88108550658288,-0.103129334747791,,,,,,,71.001889659892
BTN,Bhutan,2015,12400.2983237391,6.66080128866197,-0.03495067730546,,,,,,,72.7974166519113
BTN,Bhutan,2016,13320.9759036882,8.47594339232963,-0.0260850805789232,,,,,,,72.3010157738819
BTN,Bhutan,2017,13482.3425280358,2.08684522733067,0.0107382936403155,2.6,9.6,42.5,14.1,37.4,6.7,71.8541957754582
BTN,Bhutan,2018,13854.8543977158,3.50187185732737,0.0422869808971882,,,,,,,71.5103665115848
BTN,Bhutan,2019,14555.1884045845,5.75514851246506,0.0738838165998459,,,,,,,70.7341889791536
BTN,Bhutan,2020,12979.9369485824,-10.2183974208569,0.151077374815941,,,,,,,70.5357213333439
BTN,Bhutan,2021,13458.812666743,4.42136738945015,0.219221159815788,,,,,,,70.1985949024013
BTN,Bhutan,2022,14061.3120274588,5.21386783786224,0.157621473073959,0,0.5,10.1,2.1,28.5,8.8,69.8527722495481
BTN,Bhutan,2023,14610.2959119536,4.63215704523927,0.200142219662666,,,,,,,69.7129058637769
BTN,Bhutan,2024,,,,,,,,,,69.4010973350435
BTN,Bhutan,2025,,,,,,,,,,69.0286788243039
BWA,Botswana,1995,11457.6994362472,7.03041024834083,,,,,,,,17.1252070563361
BWA,Botswana,1996,11832.9387782379,5.82980001379714,0.86250102519989,,,,,,,16.9777930941343
BWA,Botswana,1997,12526.352236393,8.32589088396591,,,,,,,,17.5140329969005
BWA,Botswana,1998,12306.250477233,0.443663586075374,0.749341487884521,,,,,,,18.0804779888982
BWA,Botswana,1999,13207.447346512,9.66724070276106,,,,,,,,18.5603229028305
BWA,Botswana,2000,13185.8171514278,1.98769583378552,0.674277007579803,,,,,,,19.0640689955681
BWA,Botswana,2001,12949.6403104655,0.250573949689084,,,,,,,,19.6364063325571
BWA,Botswana,2002,13479.6960719923,6.06953087648317,0.666893184185028,34.8,49.2,70.6,41.5,61.5,2.7,20.2713115220149
BWA,Botswana,2003,13857.2588264737,4.62589474959299,0.706076979637146,,,,,,,20.955375213692
BWA,Botswana,2004,13984.8415112641,2.70582170611173,0.735869944095612,,,,,,,21.7300608710674
BWA,Botswana,2005,14361.9576327759,4.55664565323181,0.594607651233673,,,,,,,22.5683545240285
BWA,Botswana,2006,15275.5828811117,8.36387109282306,0.513100147247314,,,,,,,23.4361959954333
BWA,Botswana,2007,15850.2343496231,5.79255577727118,0.507903635501862,,,,,,,24.8356756825413
BWA,Botswana,2008,16040.3153236098,3.25207295796832,0.51350462436676,,,,,,,26.2304957400532
BWA,Botswana,2009,13489.9509168296,-14.1442346163423,0.437099367380142,21.1,33.9,62.7,31.2,56.9,3.3,27.7262240003954
BWA,Botswana,2010,14545.0198074427,10.119723322694,0.455533385276794,,,,,,,27.9458735238199
BWA,Botswana,2011,15236.7188843522,6.83841052493574,0.425984054803848,,,,,,,28.0679948928725
BWA,Botswana,2012,14957.6189142932,-0.170857099335691,0.53296971321106,,,,,,,28.2772779508163
BWA,Botswana,2013,16369.4252971454,11.1029068737822,0.489309012889862,,,,,,,28.3779700551793
BWA,Botswana,2014,17052.1924105361,5.69714422072884,0.447420954704285,,,,,,,28.0810648805542
BWA,Botswana,2015,15994.9643042101,-4.85132507409779,0.450575739145279,21.4,35.8,63.2,32.1,54.9,3.7,27.8992610465993
BWA,Botswana,2016,16905.588740873,7.20442475914267,0.403009802103043,,,,,,,27.666946873579
BWA,Botswana,2017,17352.8958451454,4.11437856445083,0.393295079469681,,,,,,,27.4501623176658
BWA,Botswana,2018,17825.018569213,4.18869237159223,0.46225184202194203,,,,,,,27.2376845428069
BWA,Botswana,2019,18106.0105471124,3.0317733945467,0.498041391372681,,,,,,,27.0474161138017
BWA,Botswana,2020,16289.3913582645,-8.72888243996397,0.488763332366943,,,,,,,26.6076463672212
BWA,Botswana,2021,17960.6254447437,11.9162724376008,0.455179303884506,,,,,,,26.1144689851688
BWA,Botswana,2022,18647.3734588832,5.48601706446772,0.449784100055695,,,,,,,25.9268497368709
BWA,Botswana,2023,18932.4802712334,3.20806812224438,0.504056930541992,,,,,,,25.7590725645829
BWA,Botswana,2024,18068.5050714283,-2.98986879467928,,,,,,,,25.6678904706611
BWA,Botswana,2025,,,,,,,,,,25.6101169119352
CAF,Central African Republic,1995,1334.10322981784,7.20004555751903,,,,,,,,79.2677513070995
CAF,Central African Republic,1996,1247.9687525828,-4.00009296364789,-0.827540695667267,,,,,,,79.407979811192
CAF,Central African Republic,1997,1278.48826062781,5.29993601826074,,,,,,,,79.4564948296547
CAF,Central African Republic,1998,1302.75142830782,4.70014237879329,-0.681777358055115,,,,,,,79.4325064422252
CAF,Central African Republic,1999,1313.23570902088,3.59997490432274,,,,,,,,79.4207014281314
CAF,Central African Republic,2000,1245.81399563599,-2.48943244028874,-0.670608699321747,,,,,,,79.4313525126893
CAF,Central African Republic,2001,1272.85710758505,4.46473902640867,,,,,,,,79.3936330445058
CAF,Central African Republic,2002,1290.38314917126,3.61654219150596,-1.00346577167511,,,,,,,79.3369971709975
CAF,Central African Republic,2003,1191.8731520062,-5.39748521855877,-1.24825465679169,,,,,,,79.3830827779227
CAF,Central African Republic,2004,1236.28534712166,5.99488422798696,-1.30935919284821,,,,,,,79.373941309301
CAF,Central African Republic,2005,1219.5939445674,0.908210514871953,-0.99437552690506,,,,,,,79.3888598021385
CAF,Central African Republic,2006,1251.87082171335,4.77108543044105,-1.01479351520538,,,,,,,79.3420869490166
CAF,Central African Republic,2007,1284.55283590666,4.60753485452025,-1.083287358284,,,,,,,79.26758988808
CAF,Central African Republic,2008,1283.2728263106,2.05413096200485,-0.988077700138092,67.3,79.1,92.4,66,56.2,3.4,79.2183088908587
CAF,Central African Republic,2009,1402.68164770801,8.58726042640994,-1.00347208976746,,,,,,,79.04994363922
CAF,Central African Republic,2010,1479.41367757692,4.63081843223307,-1.10421741008759,,,,,,,78.8551246248174
CAF,Central African Republic,2011,1517.14839091011,4.19461533741989,-1.08749830722809,,,,,,,78.6211913372407
CAF,Central African Republic,2012,1577.98053252253,5.05376125356918,-1.24113500118256,,,,,,,78.3627815713425
CAF,Central African Republic,2013,996.896355923912,-36.3919770983887,-1.47482562065125,,,,,,,78.9416720643146
CAF,Central African Republic,2014,1001.85598053496,0.0810705153264877,-1.39115333557129,,,,,,,79.3817097319019
CAF,Central African Republic,2015,1043.92171697157,4.33712103020231,-1.22382688522339,,,,,,,79.6020025399142
CAF,Central African Republic,2016,1073.94477703739,4.75031684122342,-1.08043265342712,,,,,,,79.7275971608616
CAF,Central African Republic,2017,1103.86609318724,4.52727821346231,-1.106525182724,,,,,,,79.7491798950881
CAF,Central African Republic,2018,1125.70091748228,3.78944359275462,-1.20389401912689,,,,,,,79.690565001594
CAF,Central African Republic,2019,1145.09563657752,3.09999999999999,-1.22169196605682,,,,,,,79.5560195545725
CAF,Central African Republic,2020,1136.57052993758,0.899999996857062,-1.30338644981384,,,,,,,80.3531262833705
CAF,Central African Republic,2021,1128.55237996459,0.982919996264229,-1.19410347938538,71.6,83.9,96.1,69.2,43,5.6,79.8311116998482
CAF,Central African Republic,2022,1136.80171107045,0.453901876447787,-1.21400439739227,,,,,,,79.7145777633579
CAF,Central African Republic,2023,1132.67643369804,0.69996840076054,-1.2622481584549,,,,,,,79.5870849025493
CAF,Central African Republic,2024,1111.21941638883,1.49999999847535,,,,,,,,79.5008802148857
CAF,Central African Republic,2025,,,,,,,,,,79.4222113085728
CAN,Canada,1995,41617.7233238779,2.68232822733793,,0.7,1,1.5,0.9,31.5,7.5,9.47409140776172
CAN,Canada,1996,41880.5520989428,1.68896122499937,1.56633579730988,0.5,0.5,1.2,0.6,32.8,7.4,10.1345204811806
CAN,Canada,1997,43241.2407061887,4.28016683621337,,0.5,0.5,1.2,0.5,33.1,7.4,11.1471078094724
CAN,Canada,1998,44553.2827303697,3.89288654344983,1.55141294002533,0.5,0.7,1.2,0.6,33.2,7.3,11.4235573938173
CAN,Canada,1999,46464.5457841559,5.14100353715349,,0.5,0.7,1.2,0.6,33.1,7.3,11.1991167185189
CAN,Canada,2000,48399.3055389359,5.1385391803606,1.53196537494659,0.2,0.5,1,0.5,33.4,7.2,10.581713671184099
CAN,Canada,2001,48774.1675534138,1.87509810696022,,0.2,0.5,1,0.4,33.6,7.2,9.97770323825117
CAN,Canada,2002,49695.0066909867,2.99925535017809,1.49905383586884,0.2,0.5,1,0.4,33.6,7.2,10.068638001273
CAN,Canada,2003,50139.7862347007,1.80638512302554,1.54755675792694,0.2,0.5,0.7,0.4,33.8,7.1,10.2960878366073
CAN,Canada,2004,51210.6796118735,3.09236384292251,1.66845452785492,0.2,0.5,0.7,0.4,33.8,7.1,10.1718151634988
CAN,Canada,2005,52356.5578038534,3.21045439063563,1.50687944889069,0.2,0.5,1,0.5,33.6,7.2,10.2342993793429
CAN,Canada,2006,53195.781842155,2.63794375007348,1.41559481620789,0.2,0.5,0.7,0.4,34.1,7.2,10.1525051503232
CAN,Canada,2007,53761.8620298113,2.04990463726786,1.38467156887054,0.2,0.2,0.7,0.3,33.8,7.3,10.37158028412
CAN,Canada,2008,53711.6792064975,0.995406301140747,1.40752851963043,0.2,0.5,1,0.4,33.9,7.2,10.3617593790161
CAN,Canada,2009,51552.4223837895,-2.91508621550267,1.40189552307129,0.2,0.2,1,0.4,34,7.2,10.9266042912179
CAN,Canada,2010,52558.4408142168,3.09080634469335,1.35265874862671,0.2,0.2,0.7,0.3,33.6,7.3,10.6878070281103
CAN,Canada,2011,53681.1296700569,3.13719442170364,1.38014459609985,0.2,0.5,0.7,0.4,32.7,7.5,10.5574230803548
CAN,Canada,2012,54034.8034751988,1.75566129145483,1.43750536441803,0.2,0.5,1,0.4,33.5,7,10.5806462430706
CAN,Canada,2013,54712.178423981,2.32581354806429,1.45344030857086,0.5,0.5,1,0.5,33.8,6.8,10.5840958560203
CAN,Canada,2014,55723.4835404159,2.87346677785811,1.41233158111572,0.2,0.5,1,0.5,33.2,7.2,10.5338625064916
CAN,Canada,2015,55660.8675272614,0.649971001734855,1.46729922294617,0.5,0.5,1,0.5,33.7,7,10.4742872426478
CAN,Canada,2016,55606.1549191947,1.03855092490855,1.44561123847961,0.5,0.5,1,0.5,32.7,7.4,10.5169734593256
CAN,Canada,2017,56612.3285367448,3.03383491200222,1.47808432579041,0.5,0.5,0.7,0.4,33.3,7.3,10.519904241659
CAN,Canada,2018,57337.4909099991,2.74296344906655,1.50241100788116,0.2,0.5,0.7,0.4,32.5,7.5,10.6070279931613
CAN,Canada,2019,57583.845798092,1.90843194590616,1.43030834197998,0.2,0.5,0.7,0.4,31.7,7.7,10.5665118443442
CAN,Canada,2020,54092.8790317796,-5.03823343468899,1.47166883945465,0.2,0.2,0.5,0.2,29.9,8.6,11.0283731309203
CAN,Canada,2021,56995.1176781351,5.95052802804381,1.44535887241364,0.2,0.2,0.5,0.2,31.1,8.2,10.1115983026295
CAN,Canada,2022,58321.0611834624,4.1890362810085104,1.44002974033356,,,,,,,9.78435526150716
CAN,Canada,2023,57517.4431587432,1.52874550838358,1.4796462059021,,,,,,,9.46796503398798
CAN,Canada,2024,56706.8238031978,1.55479521049516,,,,,,,,9.62271461548484
CAN,Canada,2025,,,,,,,,,,9.55544068133772
CHE,Switzerland,1995,61453.6297020666,0.480866374676907,,,,,,,,14.1460492651549
CHE,Switzerland,1996,61471.1689633393,0.471280025458157,1.42448508739471,,,,,,,14.1193571477869
CHE,Switzerland,1997,62709.9871171841,2.26132529914345,,,,,,,,14.5679297290557
CHE,Switzerland,1998,64418.3857592838,3.02996930632413,1.41288626194,,,,,,,14.6750237208963
CHE,Switzerland,1999,65177.8822005074,1.66270104939127,,,,,,,,14.6942941906675
CHE,Switzerland,2000,67378.3901472877,3.95871990780931,1.41334688663483,0.2,0.2,0.5,0.2,33.4,7.9,13.8664727934079
CHE,Switzerland,2001,68008.3441852855,1.57566198688916,,0.1,0.1,0.35,0.15000000000000002,32.55,8.05,13.6896410785982
CHE,Switzerland,2002,67446.4044310268,-0.0732172569941127,1.42574501037598,0,0,0.2,0.1,31.7,8.2,13.1615678442631
CHE,Switzerland,2003,66926.167976443,-0.0323984255438887,1.4539322853088399,0.1,0.1,0.35,0.15000000000000002,31.65,8.2,12.6772464962902
CHE,Switzerland,2004,68263.4411390817,2.70170912949028,1.69253361225128,0.2,0.2,0.5,0.2,31.6,8.2,12.1083400707435
CHE,Switzerland,2005,69692.5954827493,2.74969910618739,1.58643817901611,0.15000000000000002,0.2,0.5,0.2,32.75,7.8,11.9033994882663
CHE,Switzerland,2006,72077.8598470308,4.0736284178369,1.51800584793091,0.1,0.2,0.5,0.2,33.9,7.4,11.8965524026726
CHE,Switzerland,2007,74234.3010991931,3.91637577227581,1.50381481647491,0.1,0.1,0.5,0.2,34.3,7.4,12.3705200560247
CHE,Switzerland,2008,75355.202488789,2.8079835919566,1.51682984828949,0.1,0.1,0.5,0.1,33.8,7.5,11.7881402861207
CHE,Switzerland,2009,72709.8138293408,-2.29737452570922,1.55331099033356,0,0.1,0.3,0.1,32.9,7.8,11.273626922439
CHE,Switzerland,2010,74290.2619629278,3.24339715656356,1.58491122722626,0.1,0.2,0.5,0.2,32.6,7.8,11.5490005534118
CHE,Switzerland,2011,74800.8886353533,1.81310830459596,1.58480751514435,0,0,0.1,0,31.7,7.9,11.3166107857827
CHE,Switzerland,2012,74883.6158924249,1.17925385250513,1.64012205600739,0,0,0,0,31.6,8.1,11.0492703473196
CHE,Switzerland,2013,75354.1550500884,1.79214400716117,1.6280300617218,0,0,0.1,0,32.5,7.9,11.2783784856748
CHE,Switzerland,2014,76189.6018443969,2.34988141500179,1.55940091609955,0,0.1,0.1,0.1,32.5,7.8,10.9091029999014
CHE,Switzerland,2015,76566.0772542148,1.64462750849488,1.55868053436279,0,0,0.1,0,32.3,7.8,10.2687812048554
CHE,Switzerland,2016,77301.2124304857,2.06868969039562,1.53236222267151,0,0.1,0.2,0.1,33,7.7,10.1643721006382
CHE,Switzerland,2017,77626.9027376941,1.36279965488859,1.5572851896286,0,0,0.1,0,32.7,7.7,10.1563032760055
CHE,Switzerland,2018,79261.3563641288,2.86044579439036,1.59282386302948,0,0,0.2,0.1,33.1,7.5,9.99332462166162
CHE,Switzerland,2019,79596.7029465098,1.14198218965691,1.49553549289703,0,0,0.2,0,34,7.4,9.53885023119349
CHE,Switzerland,2020,77324.8870934007,-2.14173712008038,1.53616297245026,0.1,0.1,0.1,0.1,33.7,7.5,9.30594102223025
CHE,Switzerland,2021,81001.4111206118,5.55962020605844,1.54166948795319,0,0.1,0.2,0.1,33.8,7.5,9.62881873020718
CHE,Switzerland,2022,82777.293582076,3.04406102969423,1.62134683132172,0.2,0.2,0.3,0.2,33.8,7.4,9.74750320571686
CHE,Switzerland,2023,82295.2993346568,0.683328174376044,1.66502690315247,,,,,,,9.68043706798858
CHE,Switzerland,2024,82286.1801896488,1.30233332541106,,,,,,,,9.59967248973297
CHE,Switzerland,2025,,,,,,,,,,9.59714292729862
CHI,Channel Islands,1995,,,,,,,,,,5.5012949730084
CHI,Channel Islands,1996,,,,,,,,,,5.34780798470292
CHI,Channel Islands,1997,,,,,,,,,,5.1518149303706
CHI,Channel Islands,1998,,,,,,,,,,4.95218425896826
CHI,Channel Islands,1999,,,,,,,,,,4.75721591911116
CHI,Channel Islands,2000,,,,,,,,,,4.615184419415
CHI,Channel Islands,2001,,,,,,,,,,4.50285452646339
CHI,Channel Islands,2002,,,,,,,,,,4.41559921918413
CHI,Channel Islands,2003,,,,,,,,,,4.32526197551578
CHI,Channel Islands,2004,,,,,,,,,,4.24878676834703
CHI,Channel Islands,2005,,,,,,,,,,4.17319968641505
CHI,Channel Islands,2006,,,,,,,,,,4.10418856858297
CHI,Channel Islands,2007,,,,,,,,,,4.02870057727917
CHI,Channel Islands,2008,,,,,,,,,,3.99091324569186
CHI,Channel Islands,2009,,,,,,,,,,4.05696731251179
CHI,Channel Islands,2010,,-3.60663231572742,,,,,,,,4.18096225963456
CHI,Channel Islands,2011,,1.12504310895372,,,,,,,,4.26655613643352
CHI,Channel Islands,2012,,-5.75366122139113,,,,,,,,4.4377907287601
CHI,Channel Islands,2013,,0.493931120528785,,,,,,,,4.56822870615974
CHI,Channel Islands,2014,,2.42710178482311,,,,,,,,4.62944406589442
CHI,Channel Islands,2015,,0.374367083829384,,,,,,,,4.67934868525057
CHI,Channel Islands,2016,,1.21302407657195,,,,,,,,4.70527068304413
CHI,Channel Islands,2017,,1.80648131383585,,,,,,,,4.6905203866094896
CHI,Channel Islands,2018,,1.1222435658518,,,,,,,,4.65993215037897
CHI,Channel Islands,2019,,1.57335596156342,,,,,,,,4.6051892620465
CHI,Channel Islands,2020,,-8.89677926591959,,,,,,,,4.84951517441128
CHI,Channel Islands,2021,,9.93680136985076,,,,,,,,4.55477282045548
CHI,Channel Islands,2022,,5.34196140375869,,,,,,,,4.4328936399745
CHI,Channel Islands,2023,,3.71500590367266,,,,,,,,4.32591606909638
CHI,Channel Islands,2024,,,,,,,,,,4.22875752491858
CHI,Channel Islands,2025,,,,,,,,,,4.17263875846389
CHL,Chile,1995,14908.0347974549,9.25542757753573,,,,,,,,22.3883412869365
CHL,Chile,1996,15744.7380005491,7.1148626270751,0.722760617733002,8,16.4,44.6,17.9,54.9,3.7,22.2255430807655
CHL,Chile,1997,16683.9059031298,7.3917392684331,,7.7,15.7,43.1,17.299999999999997,55.2,3.6,22.0295144847792
CHL,Chile,1998,17156.9718740639,4.18088662700669,0.619043707847595,7.4,15,41.6,16.7,55.5,3.5,21.9031822878644
CHL,Chile,1999,16896.1244715786,-0.2736313981937,,8,15.55,43.05,17.4,54.15,3.65,21.8456182404067
CHL,Chile,2000,17525.2717273479,4.9716214882971,0.888868987560272,8.6,16.1,44.5,18.1,52.8,3.8,21.7595433210313
CHL,Chile,2001,17870.3008332711,3.15403492459967,,8.366666666666667,15.9,44.06666666666667,17.900000000000002,52.36666666666667,3.8666666666666667,21.6490768553765
CHL,Chile,2002,18240.2015602857,3.20279913520113,1.08718740940094,8.133333333333333,15.700000000000001,43.63333333333333,17.7,51.93333333333333,3.933333333333333,21.5686560496095
CHL,Chile,2003,18902.8708740806,4.72324526861041,1.05612015724182,7.9,15.5,43.2,17.5,51.5,4,21.4646255257433
CHL,Chile,2004,19961.9835794233,6.67425416822923,1.22528505325317,6.366666666666667,12.9,39.46666666666667,15.233333333333334,50.233333333333334,4.3,21.2191814264433
CHL,Chile,2005,20918.5275760681,5.83704571917758,1.29252052307129,4.833333333333334,10.3,35.733333333333334,12.966666666666667,48.96666666666667,4.6000000000000005,20.9831423537935
CHL,Chile,2006,21968.5375355854,6.04999082563968,1.08234477043152,3.3,7.7,32,10.7,47.7,4.9,20.6557737731495
CHL,Chile,2007,22878.8834428789,5.16823098528431,1.10488200187683,3.0666666666666664,7.033333333333333,30.533333333333335,10,47.6,4.966666666666667,20.4238694012793
CHL,Chile,2008,23509.7816931441,3.78939280635238,1.01350831985474,2.8333333333333335,6.366666666666667,29.066666666666666,9.299999999999999,47.5,5.033333333333333,20.2827253700611
CHL,Chile,2009,23013.5817893814,-1.11803723642878,1.01689624786377,2.6,5.7,27.6,8.6,47.4,5.1,20.1151139848596
CHL,Chile,2010,24116.7694715614,5.85165102224047,1.09564626216888,2.15,4.9,25.55,7.75,47.15,5.15,19.9468654027448
CHL,Chile,2011,25366.2690249825,6.22389678509138,1.07390916347504,1.7,4.1,23.5,6.9,46.9,5.2,19.9359022365088
CHL,Chile,2012,26670.4971338402,6.15534001855494,1.07694518566132,1.25,3.05,18.95,5.35,46.849999999999994,5.300000000000001,19.1568100362915
CHL,Chile,2013,27291.3576525957,3.30850824710085,1.10628616809845,0.8,2,14.4,3.8,46.8,5.4,19.1954319216634
CHL,Chile,2014,27505.0495524158,1.79264947139259,1.05589711666107,0.75,1.8,13.05,3.4,46.05,5.5,19.9398426850485
CHL,Chile,2015,27811.3745158617,2.15194249981184,1.00456619262695,0.7,1.6,11.7,3,45.3,5.6,19.8407454018785
CHL,Chile,2016,27958.7284996682,1.753038749071,0.995819568634033,0.6,1.3,10.35,2.6,45.3,5.6,20.6669999520745
CHL,Chile,2017,27892.9946862827,1.35769537343957,1.00058126449585,0.5,1,9,2.2,45.3,5.6,21.1846815872184
CHL,Chile,2018,28492.6611456515,3.99002947789977,1.02594089508057,0.8999999999999999,1.5666666666666667,9.766666666666667,2.7333333333333334,45.86666666666667,5.366666666666666,20.9748274850116
CHL,Chile,2019,28218.5343879081,0.634367533828438,0.981485605239868,1.2999999999999998,2.1333333333333333,10.533333333333333,3.2666666666666666,46.43333333333333,5.133333333333334,20.8479397366575
CHL,Chile,2020,26248.5616432825,-6.14347479224092,0.99194073677063,1.7,2.7,11.3,3.8,47,4.9,21.745295695875
CHL,Chile,2021,29089.850459728,11.3149204879049,0.957422435283661,1.1,1.8,8.5,2.7,45,5.4,21.8411063330398
CHL,Chile,2022,29569.4775527937,2.15399356192458,0.976769387722015,0.5,0.9,5.7,1.6,43,5.9,21.3956019718851
CHL,Chile,2023,29563.6780243659,0.521367977246825,1.01794922351837,,,,,,,21.4932685385367
CHL,Chile,2024,30182.7871224714,2.64431154871538,,,,,,,,21.0556071151613
CHL,Chile,2025,,,,,,,,,,20.9258881377996
CHN,China,1995,2808.03403089611,11.0328121562746,,,,,,,,51.1780757632866
CHN,China,1996,3055.96977919745,9.97619992053447,-1.36154520511627,62,79.5,96.4,63.9,35.2,7.4,50.4855938191321
CHN,China,1997,3305.79061082131,9.2876465280865,,60.8,77.86666666666666,95.76666666666667,63.03333333333333,36.36666666666667,7.1000000000000005,49.8313503518869
CHN,China,1998,3533.56587021506,7.92079207933551,-1.43743777275085,59.6,76.23333333333333,95.13333333333334,62.166666666666664,37.53333333333334,6.8,49.2103022382145
CHN,China,1999,3774.13766362641,7.7370030581299,,58.4,74.6,94.5,61.3,38.7,6.5,48.6147652112058
CHN,China,2000,4066.03627019859,8.58643201808462,-1.38408052921295,54.96666666666667,71.06666666666666,92.76666666666667,58.86666666666667,39.800000000000004,6.233333333333333,48.0183372305775
CHN,China,2001,4372.15705579934,8.31263887091522,,51.53333333333333,67.53333333333333,91.03333333333333,56.43333333333333,40.9,5.966666666666667,47.3799724526367
CHN,China,2002,4744.39855079794,9.24339326638321,-1.59419310092926,48.1,64,89.3,54,42,5.7,46.7012672338196
CHN,China,2003,5192.00604608587,10.1181928640117,-1.51242911815643,43.1,59.56666666666667,86.8,50.63333333333333,41.63333333333333,5.766666666666667,45.9882105974691
CHN,China,2004,5684.16873050981,10.1314073631003,-1.4624639749527,38.1,55.13333333333334,84.3,47.266666666666666,41.266666666666666,5.833333333333334,45.236003901082
CHN,China,2005,6298.32318474516,11.458238455067,-1.50078511238098,33.1,50.7,81.8,43.9,40.9,5.9,44.4697322649126
CHN,China,2006,7057.09993331646,12.6746751655235,-1.74897027015686,30.8,47.66666666666667,78.86666666666666,41.666666666666664,41.6,5.666666666666667,43.6722793357819
CHN,China,2007,8013.71568302247,14.1499854947127,-1.72125017642975,28.5,44.63333333333333,75.93333333333334,39.43333333333334,42.3,5.433333333333334,42.8299922600966
CHN,China,2008,8743.74491232188,9.67024588602851,-1.69949722290039,26.2,41.6,73,37.2,43,5.2,42.013887418356
CHN,China,2009,9518.43214737204,9.40269972778044,-1.7011684179306,23.4,38.25,69.55,34.650000000000006,43.35,5.15,41.2417335404196
CHN,China,2010,10476.3123630451,10.5962719761682,-1.68054747581482,20.6,34.9,66.1,32.1,43.7,5.1,40.4867143485093
CHN,China,2011,11405.0172845617,9.4613358870736,-1.63760912418365,15.7,29.7,62.7,28.6,42.4,5.4,39.7731246435059
CHN,China,2012,12217.8543175465,7.85617427055587,-1.63794147968292,13.2,25.7,58,25.5,42.2,5.3,39.1144990738399
CHN,China,2013,13080.8288162668,7.77872409446717,-1.63152050971985,6.2,17,51.7,19.6,39.7,6.2,38.4984455583427
CHN,China,2014,13968.581485524,7.46190028229434,-1.61678075790405,4.7,14,46.7,16.9,39.2,6.2,37.9179011645414
CHN,China,2015,14856.7807604461,6.97878002657477,-1.66078317165375,3,10.9,42.4,14.4,38.6,6.4,37.3670101435152
CHN,China,2016,15772.7647598696,6.77555562837017,-1.5593478679657,2.2,8.7,38.7,12.5,38.5,6.5,36.8378037904124
CHN,China,2017,16757.9736318662,6.8912663621211,-1.50353038311005,1.7,7.7,36.3,11.5,39.1,6.4,36.3236704322757
CHN,China,2018,17806.7902349725,6.75671800166833,-1.45938873291016,0.8,5.7,32.2,9.7,38.5,6.5,35.8183526295519
CHN,China,2019,18820.5131033646,6.06850235053705,-1.62690627574921,0,3.2,28.9,7.9,38.2,6.7,35.3216676043777
CHN,China,2020,19215.1541703465,2.34018843078414,-1.65635871887207,0,1.7,29.5,7.6,37.1,7.2,35.3997429816079
CHN,China,2021,20843.2978347377,8.57008513166322,-1.64127457141876,0,0.3,21,4.7,35.7,7.4,35.0980643322894
CHN,China,2022,21499.3822834427,3.1341888719577,-1.60137104988098,0,0.5,21.5,5,36,7.3,34.6621398489615
CHN,China,2023,22687.0758723942,5.41484330099675,-1.50455415248871,,,,,,,34.2291488221934
CHN,China,2024,23845.6197217259,4.9773565917572,,,,,,,,33.8046637980516
CHN,China,2025,,,,,,,,,,33.3992901433807
CIV,Cote d'Ivoire,1995,4638.75732482502,7.12574472834217,,40.9,59.2,88.8,50.1,40.6,6.6,81.096261445787
CIV,Cote d'Ivoire,1996,4807.42428178026,7.72932741916973,-0.583225548267365,41.96666666666667,61.7,89.03333333333333,51.36666666666667,40.06666666666667,6.533333333333333,80.9275601442493
CIV,Cote d'Ivoire,1997,5072.59703802667,9.6488400474633,,43.03333333333333,64.2,89.26666666666667,52.63333333333333,39.53333333333333,6.466666666666667,80.5506411434275
CIV,Cote d'Ivoire,1998,5093.13169438529,4.26390594437231,-0.638677179813385,44.1,66.7,89.5,53.9,39,6.4,80.3806098044618
CIV,Cote d'Ivoire,1999,4987.35708530265,1.16685998202273,,,,,,,,80.1505456997365
CIV,Cote d'Ivoire,2000,4838.34023729938,-0.265789462275947,-0.93240624666214,,,,,,,80.0593692209323
CIV,Cote d'Ivoire,2001,4609.14469395303,-2.15401249077306,,,,,,,,80.1828797157392
CIV,Cote d'Ivoire,2002,4368.92808837279,-2.73052647441901,-1.06705832481384,44.7,65.5,88.8,53.1,41.3,6.1,80.1512714068716
CIV,Cote d'Ivoire,2003,4060.00038038427,-4.72586658630681,-1.15452754497528,,,,,,,80.183504808044
CIV,Cote d'Ivoire,2004,4088.94517328472,3.18503822575397,-1.21964883804321,,,,,,,80.1617481615116
CIV,Cote d'Ivoire,2005,4032.24588029846,0.996065564854788,-1.29461932182312,,,,,,,80.1362493378695
CIV,Cote d'Ivoire,2006,4049.26032962496,2.81557859252327,-1.27867805957794,,,,,,,79.9846875006817
CIV,Cote d'Ivoire,2007,3999.69095682208,1.10142976793477,-1.20208990573883,,,,,,,79.8555069716699
CIV,Cote d'Ivoire,2008,4096.72346918931,4.7826659787672,-1.167560338974,47.9,65,89.1,54.5,43.2,5.1,79.6052882972561
CIV,Cote d'Ivoire,2009,4151.05360874982,3.60332156667053,-1.0643789768219,,,,,,,79.0661801742685
CIV,Cote d'Ivoire,2010,4338.65248394142,6.84804939907013,-1.04839730262756,,,,,,,78.6679641701152
CIV,Cote d'Ivoire,2011,4017.40782040208,-5.37044724000579,-1.08187675476074,,,,,,,78.3453576928986
CIV,Cote d'Ivoire,2012,4234.18055593319,7.62041176451649,-0.777749955654144,,,,,,,77.9447888641947
CIV,Cote d'Ivoire,2013,4597.18635239866,10.7602131311256,-0.751273810863495,,,,,,,75.8313713974169
CIV,Cote d'Ivoire,2014,4907.57450294516,9.37199994240375,-0.508161246776581,,,,,,,74.5592847189172
CIV,Cote d'Ivoire,2015,5110.86240809881,7.19494942728191,-0.407787770032883,47.5,65.6,90.2,54.7,41.5,5.7,73.3441705576149
CIV,Cote d'Ivoire,2016,5320.84646239855,7.17275963956332,-0.310144811868668,39.233333333333334,57.8,86.66666666666667,49.333333333333336,40.06666666666667,6.133333333333334,72.0563509033746
CIV,Cote d'Ivoire,2017,5556.11366322898,7.41076242592504,-0.284559160470963,30.96666666666667,50,83.13333333333333,43.96666666666667,38.63333333333333,6.566666666666666,72.6860894072429
CIV,Cote d'Ivoire,2018,5670.20005356688,4.84314605889178,-0.249501124024391,22.7,42.2,79.6,38.6,37.2,7,71.6948683588411
CIV,Cote d'Ivoire,2019,5894.87874674153,6.72137167584978,-0.249043196439743,22.099999999999998,42.03333333333334,80.03333333333333,38.6,36.56666666666667,7.2,70.6320372605902
CIV,Cote d'Ivoire,2020,5787.81533309018,0.699728593494228,-0.530299067497253,21.5,41.86666666666667,80.46666666666667,38.6,35.93333333333333,7.3999999999999995,71.4382740457868
CIV,Cote d'Ivoire,2021,6045.20480490879,7.06332910205232,-0.458948493003845,20.9,41.7,80.9,38.6,35.3,7.6,70.8756847520827
CIV,Cote d'Ivoire,2022,6272.26395759415,6.39988362720531,-0.393042325973511,,,,,,,70.4359456335626
CIV,Cote d'Ivoire,2023,6520.89886460031,6.60000045223954,-0.375480622053146,,,,,,,70.107152568218
CIV,Cote d'Ivoire,2024,6747.03796777388,6.01953461940062,,,,,,,,69.7788944609996
CIV,Cote d'Ivoire,2025,,,,,,,,,,69.4313812267754
CMR,Cameroon,1995,3526.54367510339,2.89400137739698,,,,,,,,82.6096322232769
CMR,Cameroon,1996,3577.59204137871,4.21507214953058,-0.938624918460846,56.5,71.7,89.8,57.6,44.4,6.1,82.4831525058971
CMR,Cameroon,1997,3641.70750463277,4.52731376625037,,,,,,,,82.3611345133706
CMR,Cameroon,1998,3714.13212604236,4.72553484802563,-1.06361532211304,,,,,,,82.167758988392407
CMR,Cameroon,1999,3780.06217282191,4.51130422140731,,,,,,,,81.9244048571421
CMR,Cameroon,2000,3822.94425358926,3.83241779430614,-1.06040692329407,,,,,,,81.6120670518842
CMR,Cameroon,2001,3884.87304812714,4.32426119221549,,30.8,49.8,82.3,43.4,42.1,6.2,81.4098475439436
CMR,Cameroon,2002,3951.41936232132,4.47702683369155,-1.09704899787903,,,,,,,81.0743723032583
CMR,Cameroon,2003,4054.78133246517,5.45315368881347,-1.06000566482544,,,,,,,80.7309806027482
CMR,Cameroon,2004,4222.96638689885,7.04886281858374,-0.974191248416901,,,,,,,80.3999439817785
CMR,Cameroon,2005,4199.72270969362,2.22827020924117,-1.03406727313995,,,,,,,80.0345927812019
CMR,Cameroon,2006,4241.51744722821,3.80958327566137,-1.02389752864838,,,,,,,79.6338638157894
CMR,Cameroon,2007,4302.6192630847,4.32758900972871,-1.04956614971161,36,53.4,82.6,45.6,42.8,5.8,79.2592045903489
CMR,Cameroon,2008,4300.26640352464,2.8476778892105,-1.06779563426971,,,,,,,78.5622228316091
CMR,Cameroon,2009,4286.57718166156,2.57925177738754,-1.04035580158234,,,,,,,77.9394072738217
CMR,Cameroon,2010,4286.58302947378,2.89902472122014,-1.058274269104,,,,,,,77.2990131783781
CMR,Cameroon,2011,4307.85195558527,3.37921128506045,-1.03312134742737,,,,,,,76.6673090708565
CMR,Cameroon,2012,4382.11120797355,4.62597872209571,-1.02158093452454,,,,,,,75.9598247679606
CMR,Cameroon,2013,4473.57231896434,4.99552916130783,-1.03697991371155,,,,,,,75.2625574716895
CMR,Cameroon,2014,4588.4864949903,5.71981814509198,-0.944579899311066,29,42.4,72.7,38.1,46.6,4.5,74.5631034668067
CMR,Cameroon,2015,4698.66677843587,5.66695298703932,-0.95428854227066,,,,,,,73.5754353091425
CMR,Cameroon,2016,4767.13186148953,4.53579423678801,-1.03096854686737,,,,,,,72.6209894940485
CMR,Cameroon,2017,4797.97544185544,3.54117654926007,-1.05181312561035,,,,,,,71.6542099172547
CMR,Cameroon,2018,4851.48003949961,3.95551423892049,-1.12888038158417,,,,,,,70.6635008051378
CMR,Cameroon,2019,4882.35560028896,3.47505998194981,-1.21103703975677,,,,,,,69.7334962750829
CMR,Cameroon,2020,4763.48194388066,0.259932915907115,-1.2054191827774,,,,,,,69.7020286425947
CMR,Cameroon,2021,4793.55628200196,3.33885747179505,-1.15918850898743,26.7,41.3,74,37.5,42.2,5.4,68.4733890637704
CMR,Cameroon,2022,4843.65038202917,3.7367840056412,-1.14725351333618,,,,,,,68.179843923416
CMR,Cameroon,2023,4875.25120768005,3.34756290750219,-1.0663970708847,,,,,,,68.0402482666017
CMR,Cameroon,2024,4916.93354019494,3.52472308052245,,,,,,,,67.8499441274611
CMR,Cameroon,2025,,,,,,,,,,67.5591860693509
COD,"Congo, Dem. Rep.",1995,1362.1877957229,0.699998829794396,,,,,,,,80.8774357712398
COD,"Congo, Dem. Rep.",1996,1322.58011961553,-1.02317264199921,-1.60094857215881,,,,,,,81.0593575645635
COD,"Congo, Dem. Rep.",1997,1228.39076846803,-5.61704659870092,,,,,,,,81.4476960199311
COD,"Congo, Dem. Rep.",1998,1176.05049796489,-1.62415404479,-1.72864663600922,,,,,,,81.663119917072
COD,"Congo, Dem. Rep.",1999,1088.65043725373,-4.27014083113345,,,,,,,,81.8802430701845
COD,"Congo, Dem. Rep.",2000,981.422080026496,-6.91092731652104,-1.73355114459991,,,,,,,82.0534443127514
COD,"Congo, Dem. Rep.",2001,930.8578260745,-2.10017302488848,,,,,,,,82.1967326072483
COD,"Congo, Dem. Rep.",2002,929.452807092197,2.94776518359767,-1.60957503318787,,,,,,,82.2814228365983
COD,"Congo, Dem. Rep.",2003,953.044643237975,5.57782231144439,-1.55504846572876,,,,,,,82.3252136529488
COD,"Congo, Dem. Rep.",2004,987.746920877671,6.73837393324293,-1.69705295562744,94.9,97.8,99.7,86.6,41.6,6.1,82.1971145734119
COD,"Congo, Dem. Rep.",2005,1016.6338907666,6.13515115548968,-1.5216383934021,,,,,,,82.0274461122515
COD,"Congo, Dem. Rep.",2006,1036.13329616563,5.10894433184896,-1.23079133033752,,,,,,,81.8416962420385
COD,"Congo, Dem. Rep.",2007,1091.0040733455,8.52992974243585,-1.21148073673248,,,,,,,81.6006030687386
COD,"Congo, Dem. Rep.",2008,1136.9467210438,7.40172337539792,-1.38789105415344,,,,,,,81.3170045233249
COD,"Congo, Dem. Rep.",2009,1108.57506967795,0.565481557604713,-1.40938663482666,,,,,,,81.1513347191468
COD,"Congo, Dem. Rep.",2010,1158.01422439658,7.84300782191249,-1.4091020822525,,,,,,,80.9426016930631
COD,"Congo, Dem. Rep.",2011,1205.73984565432,7.59331721294959,-1.48515594005585,,,,,,,80.7669846578697
COD,"Congo, Dem. Rep.",2012,1267.23827814087,8.66859360531922,-1.48108160495758,78.9,88.6,97.9,73.8,42.1,5.6,80.6400587885107
COD,"Congo, Dem. Rep.",2013,1342.74156112016,9.62448879216879,-1.45864808559418,,,,,,,80.7675097625104
COD,"Congo, Dem. Rep.",2014,1392.75841334673,7.30227750870263,-1.28701508045197,,,,,,,80.8663516811374
COD,"Congo, Dem. Rep.",2015,1433.21579814709,6.35973756164829,-1.30427837371826,,,,,,,80.9942726162592
COD,"Congo, Dem. Rep.",2016,1388.80163211633,0.393832798154563,-1.41227197647095,,,,,,,81.2064459829885
COD,"Congo, Dem. Rep.",2017,1395.71961761712,4.24121047272719,-1.46415579319,,,,,,,81.4444151093784
COD,"Congo, Dem. Rep.",2018,1431.7285269693,6.0716887064661504,-1.49904274940491,,,,,,,81.6591653778133
COD,"Congo, Dem. Rep.",2019,1394.76461472893,0.555384294580819,-1.31488299369812,,,,,,,81.9502345225141
COD,"Congo, Dem. Rep.",2020,1361.02791099008,0.775427992354622,-1.25421500205994,85.3,92.5,98,78,44.7,5.5,83.0786328052548
COD,"Congo, Dem. Rep.",2021,1402.38560295221,6.42961005647355,-1.18970882892609,,,,,,,82.5934626014836
COD,"Congo, Dem. Rep.",2022,1484.33841881449,9.31116944064918,-1.19144213199615,,,,,,,82.3220896871642
COD,"Congo, Dem. Rep.",2023,1559.33806475859,8.5334898318451,-1.21333003044128,,,,,,,82.0686837854649
COD,"Congo, Dem. Rep.",2024,1602.074979895,6.12675551779212,,,,,,,,81.7794298733388
COD,"Congo, Dem. Rep.",2025,,,,,,,,,,81.5143422309767
COG,"Congo, Rep.",1995,7701.32468533336,3.9853243781107,,,,,,,,78.925857634444
COG,"Congo, Rep.",1996,7812.04779971641,4.29048155870402,-0.827253401279449,,,,,,,78.6105725027537
COG,"Congo, Rep.",1997,7599.04815388587,-0.624812152260716,,,,,,,,78.4824579267336
COG,"Congo, Rep.",1998,7711.6321257605,3.73755276980884,-1.46510195732117,,,,,,,78.6180634676507
COG,"Congo, Rep.",1999,7312.32665071621,-2.58219935813743,,,,,,,,78.1440887600504
COG,"Congo, Rep.",2000,7570.58279297342,7.5759803952642,-1.43007302284241,,,,,,,77.589734333737
COG,"Congo, Rep.",2001,7567.43916817104,3.80260189913561,,,,,,,,77.476448400477
COG,"Congo, Rep.",2002,7729.3889014189,4.58187006108889,-0.913109719753265,,,,,,,77.3425873972336
COG,"Congo, Rep.",2003,7577.45630456352,0.813264076303781,-0.827222049236298,,,,,,,77.198746157092
COG,"Congo, Rep.",2004,7577.44597274153,3.47663162118089,-0.964100897312164,,,,,,,76.9496882169668
COG,"Congo, Rep.",2005,7876.11806658285,7.75575897806648,-1.07914042472839,54.5,69,88.9,57.5,47.3,4.9,77.061810866142
COG,"Congo, Rep.",2006,8192.57979719023,7.98623836334291,-1.20836925506592,,,,,,,76.7474912404379
COG,"Congo, Rep.",2007,7375.82454100145,-6.61399480441001,-1.23399722576141,,,,,,,76.8876594901773
COG,"Congo, Rep.",2008,7587.28826163492,6.30637595585259,-1.15545642375946,,,,,,,76.4763978700848
COG,"Congo, Rep.",2009,8138.45033818822,11.6372888615758,-1.10450148582458,,,,,,,76.5536860023096
COG,"Congo, Rep.",2010,8583.66179834288,9.93126543095578,-1.06274175643921,,,,,,,75.886426716713
COG,"Congo, Rep.",2011,8492.42098392103,2.20591936286718,-1.10799777507782,39.2,55,82.4,47.7,48.9,4.2,75.6943487180997
COG,"Congo, Rep.",2012,9079.68656400891,9.94715314257564,-1.15513336658478,,,,,,,75.4528127319151
COG,"Congo, Rep.",2013,8798.49382506314,-0.712434451876447,-1.11786508560181,,,,,,,75.3534763988312
COG,"Congo, Rep.",2014,9159.25664414045,6.64606540928447,-1.10819816589355,,,,,,,75.3052979669075
COG,"Congo, Rep.",2015,8977.70681641417,0.415193061293763,-1.01708042621613,,,,,,,75.4905990090387
COG,"Congo, Rep.",2016,8001.8255194505,-8.68524343913786,-1.16153788566589,,,,,,,75.892202592545
COG,"Congo, Rep.",2017,7372.77046737599,-5.59477371915547,-1.12292313575745,,,,,,,75.7871459411284
COG,"Congo, Rep.",2018,7029.33651566257,-2.30431780125842,-1.19382119178772,,,,,,,75.5737050723614
COG,"Congo, Rep.",2019,6939.36913397466,1.12447391976529,-1.27838408946991,,,,,,,75.8302606009268
COG,"Congo, Rep.",2020,6350.50913409722,-6.26777227963225,-1.27874207496643,,,,,,,76.8075559992808
COG,"Congo, Rep.",2021,6263.21161292636,1.01507036990908,-1.23555767536163,,,,,,,76.2130893941425
COG,"Congo, Rep.",2022,6205.1050414034,1.47535613247133,-1.19919466972351,,,,,,,75.9833630298331
COG,"Congo, Rep.",2023,6172.28776650683,1.90686426346754,-1.15416669845581,,,,,,,76.1059854038104
COG,"Congo, Rep.",2024,6181.47071635967,2.57966943921721,,,,,,,,76.0224141017992
COG,"Congo, Rep.",2025,,,,,,,,,,75.8941573936258
COL,Colombia,1995,11279.0004579347,5.20243759278655,,,,,,,,40.0553565758796
COL,Colombia,1996,11303.1308859186,2.05585471287195,-0.510942339897156,24.8,37.1,66.7,35.3,56.8,2.5,39.8469757961667
COL,Colombia,1997,11483.5050125907,3.43029367788374,,25.933333333333334,38.43333333333334,67.53333333333333,36.33333333333333,57.36666666666667,2.4,39.631529420585
COL,Colombia,1998,11343.8799115733,0.569784088434517,-0.344189405441284,27.066666666666666,39.766666666666666,68.36666666666667,37.36666666666667,57.93333333333333,2.3000000000000003,39.7751750351097
COL,Colombia,1999,10679.7092686089,-4.20401524244947,,28.2,41.1,69.2,38.4,58.5,2.2,39.6825257793984
COL,Colombia,2000,10813.4942250011,2.92486148176778,-0.438140958547592,23.9,36.4,65.4,34.7,58.4,2.1,39.6947238074318
COL,Colombia,2001,10823.4504878807,1.67789830787579,,29.6,42.9,71.5,39.6,57.3,2.5,39.5025261341302
COL,Colombia,2002,10925.1485602082,2.50398046659659,-0.416357487440109,21.2,34,62.5,31.6,56,3.2,39.2319596807969
COL,Colombia,2003,11183.2911819793,3.91827190322513,-0.429242461919785,19.8,32.2,63.3,31.1,53.6,3.5,39.1509163416715
COL,Colombia,2004,11607.9384935105,5.33302206759905,-0.318785130977631,19.2,32.1,62.4,30.5,55,3.5,39.5036500590418
COL,Colombia,2005,11999.2549591305,4.82876110773741,-0.322521358728409,16.8,28.5,59.1,27.8,53.9,3.6,37.8189943745979
COL,Colombia,2006,12636.6246577724,6.71686869844402,-0.172736719250679,16.733333333333334,27.933333333333334,57.300000000000004,27.166666666666668,54.36666666666667,3.4,39.5765975647162
COL,Colombia,2007,13318.3033138168,6.73819469090975,-0.165321603417397,16.666666666666668,27.366666666666667,55.5,26.53333333333333,54.83333333333333,3.2,39.1535655916994
COL,Colombia,2008,13591.0609028567,3.28344618616541,-0.165922626852989,16.6,26.8,53.7,25.9,55.3,3,43.5757789928962
COL,Colombia,2009,13586.7518430982,1.13964864548062,-0.149577632546425,15,24.9,52.5,24.6,54.3,3.3,45.3076775787095
COL,Colombia,2010,14037.0642668639,4.49465897070922,-0.132357180118561,13.1,22.5,50,22.7,54.6,3.3,45.0367623889033
COL,Colombia,2011,14852.3699513061,6.94789198173555,-0.0597142279148102,11.2,20,47.2,20.7,53.5,3.5,45.3860305633174
COL,Colombia,2012,15279.4790008058,3.91263576716115,-0.0639913454651833,10.9,18.9,45.4,19.8,52.6,3.5,44.8925726233459
COL,Colombia,2013,15912.2471293239,5.13399351995672,-0.0813083127140999,9.9,17.3,43,18.5,52.6,3.5,44.3647499163015
COL,Colombia,2014,16480.3631474161,4.49903000110972,-0.043343797326088,9,16.1,40.8,17.2,52.5,3.6,43.9321252809496
COL,Colombia,2015,16821.3801400631,2.95590137527523,0.00404631532728672,8.1,14.8,40,16.5,51,3.8,43.7094749790026
COL,Colombia,2016,17003.244366485,2.08738250162794,0.122125923633575,8,14.6,40.1,16.3,50.6,3.9,43.9457077672816
COL,Colombia,2017,16986.0334182842,1.35936086788746,0.112731605768204,7.3,14,39.6,15.8,49.7,4.1,43.9907710532752
COL,Colombia,2018,17104.1313545678,2.56432428277704,0.172213315963745,7.4,14.1,39.6,15.9,50.4,4,44.2544216354014
COL,Colombia,2019,17336.7716030551,3.18685539245533,0.204583406448364,8.8,15.6,40.3,16.8,51.3,3.7,42.7650120334878
COL,Colombia,2020,15861.4999291295,-7.18591413760859,0.143006011843681,13.5,21.4,48,22.1,53.5,3.1,44.3625992423816
COL,Colombia,2021,17383.0901728295,10.8011981904878,0.0940301716327667,11.2,18.4,44,19.4,55.1,3.1,44.5307458332975
COL,Colombia,2022,18458.7209460704,7.32827729427979,0.168687179684639,9.3,15.8,40.2,17.1,54.8,3.2,44.2221914558041
COL,Colombia,2023,18382.9976800475,0.712380031974334,0.205213740468025,7.7,13.9,37.6,15.4,53.9,3.4,43.7977677955096
COL,Colombia,2024,18477.2146664536,1.5983315366523,,,,,,,,43.0996846865936
COL,Colombia,2025,,,,,,,,,,42.9606092259457
COM,Comoros,1995,2957.40898299767,5.63727928670581,,,,,,,,67.1956275176972
COM,Comoros,1996,2892.08263672469,-0.510368828932258,-0.42399662733078,,,,,,,67.2495305955419
COM,Comoros,1997,2968.07724742894,4.41042562590719,,,,,,,,67.2446176934185
COM,Comoros,1998,2918.13300445377,0.0250407992332242,-0.375156730413437,,,,,,,67.2252172141018
COM,Comoros,1999,2943.92006172568,2.69768646408839,,,,,,,,67.1933001358081
COM,Comoros,2000,2858.85692121457,-1.00701887109655,-1.03263914585114,,,,,,,67.059726917272
COM,Comoros,2001,2952.44235205824,5.41959971808741,,,,,,,,66.8223332758918
COM,Comoros,2002,3023.52434389434,4.59768263263243,-0.344777524471283,,,,,,,66.5446405278261
COM,Comoros,2003,3023.18985379149,1.93442812313498,-0.574106872081757,,,,,,,66.2623980740216
COM,Comoros,2004,3058.38338421434,3.10041210399676,-0.518591582775116,27.9,45.5,76.7,40,55.9,4,65.9606279591328
COM,Comoros,2005,3166.36268239583,5.66520240193151,-0.630450963973999,,,,,,,65.123059242748
COM,Comoros,2006,3048.69236655028,-1.75444679449394,-0.221685230731964,,,,,,,64.2727562180213
COM,Comoros,2007,3012.54746686894,0.803599788247752,-0.388406991958618,,,,,,,63.4335154826958
COM,Comoros,2008,3070.36952892496,3.96461118871815,-0.287370532751083,,,,,,,62.6145926619678
COM,Comoros,2009,3107.45297029798,3.24060198483924,-0.341993927955627,,,,,,,61.8185042395423
COM,Comoros,2010,3161.37481152565,3.77788070743117,-0.42228689789772,,,,,,,60.9705574010685
COM,Comoros,2011,3227.21653582919,4.14356479211455,-0.373951971530914,,,,,,,60.1178495199061
COM,Comoros,2012,3263.16316392712,3.16835627559691,-0.466148853302002,,,,,,,59.2840809146878
COM,Comoros,2013,3337.59859719238,4.4661636979028,-0.460575550794601,,,,,,,58.4275832399325
COM,Comoros,2014,3334.57512780965,2.10666920560958,-0.292148411273956,31.4,47.7,76.7,41.9,45.3,4.5,57.6101201410327
COM,Comoros,2015,3302.38635129322,1.14747399397193,-0.291831433773041,,,,,,,57.586844852356
COM,Comoros,2016,3342.76677092883,3.32039987961315,-0.291283309459686,,,,,,,57.5428510073403
COM,Comoros,2017,3401.85239322573,3.81570211280726,-0.336461782455444,,,,,,,57.4843074315767
COM,Comoros,2018,3457.58685798732,3.64259587408398,-0.494857579469681,,,,,,,57.3912740906343
COM,Comoros,2019,3451.42139338772,1.76070164655727,-0.707425773143768,,,,,,,57.3159688493011
COM,Comoros,2020,3377.74564051638,-0.195577456821965,-0.762464702129364,,,,,,,57.6831543825804
COM,Comoros,2021,3377.88518482587,2.0001921183449,-0.725413262844086,,,,,,,57.1741859318259
COM,Comoros,2022,3399.27830776976,2.60301031927843,-0.851324260234833,,,,,,,57.1175867496498
COM,Comoros,2023,3434.40177367723,2.99521564038136,-0.808809578418732,,,,,,,57.0393345551953
COM,Comoros,2024,3482.53486037478,3.3381010943571,,,,,,,,56.9629976645333
COM,Comoros,2025,,,,,,,,,,56.8447881406954
CPV,Cabo Verde,1995,2763.39733371857,14.2116362469634,,,,,,,,46.3708201630344
CPV,Cabo Verde,1996,3022.88825211585,11.3465247642174,0.937576174736023,,,,,,,45.5034081747331
CPV,Cabo Verde,1997,3302.9740337536,11.1184260583756,,,,,,,,44.7579549631619
CPV,Cabo Verde,1998,3657.38118993776,12.5172857879884,0.93450403213501,,,,,,,43.9281744602909
CPV,Cabo Verde,1999,4006.47964718799,11.2226484455351,,,,,,,,43.140814966330304
CPV,Cabo Verde,2000,4510.13573659758,14.2848688450919,0.803981602191925,,,,,,,42.2388908000419
CPV,Cabo Verde,2001,4540.90731780518,2.23165454528898,,37.1,52.9,79.9,45.6,52.5,4.2,41.665936057046
CPV,Cabo Verde,2002,4710.2410491228,5.25089116960211,0.691441357135773,,,,,,,41.1954662104363
CPV,Cabo Verde,2003,4841.265398715,4.17625932578332,0.59484726190567,,,,,,,40.6801630718841
CPV,Cabo Verde,2004,5268.30312485708,10.197072633926,0.649413287639618,,,,,,,40.2253111779605
CPV,Cabo Verde,2005,5565.76951208069,6.91245795720201,0.441597372293472,,,,,,,39.8819119647062
CPV,Cabo Verde,2006,5941.38218091511,7.98375044795048,0.782895863056183,,,,,,,39.503242542153
CPV,Cabo Verde,2007,6767.40677380347,15.1706879735517,0.863329768180847,26.2,40.9,74.2,37.9,47.2,5,38.9466538942213
CPV,Cabo Verde,2008,7169.13944155367,7.03901129565128,0.937762975692749,,,,,,,38.2738546888411
CPV,Cabo Verde,2009,6994.5740991365,-1.50358672385678,0.891080617904663,,,,,,,37.8238817476002
CPV,Cabo Verde,2010,7072.12150207342,1.83641914989978,0.894677519798279,,,,,,,37.536904259806
CPV,Cabo Verde,2011,7325.78441834692,3.92471821338283,0.970096409320831,,,,,,,37.2714501837043
CPV,Cabo Verde,2012,7397.82220702474,1.08364848376166,0.938719630241394,,,,,,,37.0748444748488
CPV,Cabo Verde,2013,7440.66242650114,0.632136727385131,0.916036486625671,,,,,,,36.8725868725869
CPV,Cabo Verde,2014,7491.02198228243,0.696666840118581,0.955249071121216,,,,,,,36.7319047443157
CPV,Cabo Verde,2015,7560.13649202469,0.936026507808833,0.942328155040741,14.6,29.7,65,29,42.4,5.7,36.5856223446767
CPV,Cabo Verde,2016,7881.30336227784,4.28071482662371,0.973954975605011,,,,,,,36.4977176137258
CPV,Cabo Verde,2017,8234.56000312459,4.5513148102974,0.963748395442963,,,,,,,36.2780673511552
CPV,Cabo Verde,2018,8531.12961646549,3.70696458310842,0.974645018577576,,,,,,,36.4917051641414
CPV,Cabo Verde,2019,9111.62993173269,6.94782634051859,0.949219763278961,,,,,,,35.7537600559636
CPV,Cabo Verde,2020,7207.86853962048,-20.8052758990735,0.912386834621429,,,,,,,36.3314898708783
CPV,Cabo Verde,2021,7685.41921393669,7.03353010694514,0.930763721466064,,,,,,,35.9508466956392
CPV,Cabo Verde,2022,8850.1066918812,15.843675684642,0.946042716503143,,,,,,,35.4300331057859
CPV,Cabo Verde,2023,9228.4604533114,4.7947613911073,0.958101332187653,,,,,,,35.072656923975
CPV,Cabo Verde,2024,9848.95276350935,7.24388538990945,,,,,,,,34.6751937431897
CPV,Cabo Verde,2025,,,,,,,,,,34.2567147413396
CRI,Costa Rica,1995,12593.2255061637,4.15395304333353,,10.6,16.5,41.9,18.1,45.7,4,30.0655002411195
CRI,Costa Rica,1996,12467.6212160351,1.35045949139338,1.07736361026764,11.7,18.6,45.9,20.2,46.5,3.8,29.3006325478966
CRI,Costa Rica,1997,12856.5832725459,5.4761657765486,,9.1,16.1,42.7,18,45.6,4.2,30.2947350150258
CRI,Costa Rica,1998,13481.0594799651,7.15530857859194,1.14266920089722,7.5,12.8,37.3,15.2,45.6,4.3,28.7193305128961
CRI,Costa Rica,1999,13760.9236981946,4.21481117123987,,9.3,15.5,41.3,17.1,47.6,4,28.4905637433727
CRI,Costa Rica,2000,14018.7425010386,3.86871808953644,1.09469890594482,9.8,15.8,41.4,17.3,47.4,3.9,28.22203439819
CRI,Costa Rica,2001,14250.4627491739,3.49116989434005,,7.6,12.5,32.1,13.3,51.5,3.5,28.0625082014914
CRI,Costa Rica,2002,14495.9925105457,3.41687639041064,1.11081862449646,6.6,11.4,31.8,12.9,51.8,3.5,28.7288276392763
CRI,Costa Rica,2003,14891.3398216888,4.31717986636224,0.964284658432007,6.9,11.4,30.4,12.4,49.3,3.7,26.8838561691876
CRI,Costa Rica,2004,15323.2892201469,4.42459959654504,0.971273601055145,6.6,10.6,32.2,12.6,48.4,4,28.1598751397948
CRI,Costa Rica,2005,15703.9624720506,3.97666636818026,0.816958487033844,5,9.2,29.6,11.1,47.5,4.2,26.0154200192253
CRI,Costa Rica,2006,16620.1356432064,7.3266954325067,0.915722608566284,5.2,9.1,29.4,10.9,49.3,4.1,26.5230861977778
CRI,Costa Rica,2007,17743.6227382356,8.21513198348715,0.935347318649292,3.1,6.6,24.3,8.4,49.3,4.3,24.652112632804
CRI,Costa Rica,2008,18334.0135988616,4.73817487754022,0.96675968170166,3.4,6.4,23.3,8.3,48.6,4.3,24.5906131158125
CRI,Costa Rica,2009,17932.6147807275,-0.873455942787785,1.00583362579346,3.6,6.6,22.8,8.2,50.6,4,24.5211458632142
CRI,Costa Rica,2010,18660.9198222783,5.36034352634111,1.03988945484161,2.2,4.5,18.8,6.4,48,4.4,23.8317143711872
CRI,Costa Rica,2011,19254.9142153099,4.40315923970431,1.0538626909256,2.7,5.2,19.8,6.8,48.8,4.2,23.6826340732098
CRI,Costa Rica,2012,19960.7933253035,4.88259241025739,1.08821976184845,2.6,4.7,18.4,6.3,48.4,4.2,24.9781285769893
CRI,Costa Rica,2013,20232.2670799446,2.49476611209954,1.07845854759216,2.6,4.7,18.4,6.4,49.2,4.1,27.2362890193681
CRI,Costa Rica,2014,20724.9217693423,3.54210987765977,1.13833606243134,2.4,4.7,18.3,6.2,48.6,4.2,26.6272496600503
CRI,Costa Rica,2015,21254.7840932049,3.65208096802883,1.15161108970642,2.4,4.7,17.5,6.1,48.4,4.3,26.5333002960316
CRI,Costa Rica,2016,21925.6000803999,4.20432325175899,1.11790990829468,2.4,4.4,17,5.8,48.7,4.2,24.8440335030415
CRI,Costa Rica,2017,22622.5534502517,4.1576989627609,1.12175965309143,1.7,3.6,15.8,5.1,48.3,4.4,24.492541574141
CRI,Costa Rica,2018,23005.3121471794,2.6159044043379,1.11900758743286,2.3,4.3,16.5,5.8,48,4.3,24.6291977643677
CRI,Costa Rica,2019,23364.783127574,2.41751181762513,1.09427237510681,1.7,3.8,16.7,5.3,48.2,4.4,25.2783664801008
CRI,Costa Rica,2020,22211.8613921698,-4.27335432161462,1.12029850482941,3.4,6.4,23.3,8.4,49.2,4,25.7975182166931
CRI,Costa Rica,2021,23852.9253020002,7.93576224743147,1.08030879497528,2.2,4.1,17.8,5.7,48.7,4.3,25.4165880205252
CRI,Costa Rica,2022,24831.7193480342,4.55149177958398,1.07340776920319,1.6,4,17.1,5.4,47.2,4.5,24.8774870081078
CRI,Costa Rica,2023,25979.6286150717,5.11192183224598,1.0699063539505,1.5,3.4,15.3,4.9,46.7,4.5,23.7673101793058
CRI,Costa Rica,2024,26973.4361580719,4.32122429646145,,1.3,2.6,12.6,3.9,45.8,4.6,23.5985805149926
CRI,Costa Rica,2025,,,,,,,,,,23.3622605894367
CUB,Cuba,1995,,2.45720117243687,,,,,,,,6.28728710955624
CUB,Cuba,1996,,7.83874965899149,-1.42548000812531,,,,,,,6.04017827309259
CUB,Cuba,1997,,2.78342504174314,,,,,,,,6.87250227154748
CUB,Cuba,1998,,0.159146052326719,-1.58477294445038,,,,,,,7.82495514207828
CUB,Cuba,1999,,6.18875530352257,,,,,,,,9.01681438033312
CUB,Cuba,2000,,5.9147601740486,-1.63516211509705,,,,,,,9.43603939389983
CUB,Cuba,2001,,3.18502990449461,,,,,,,,10.4119549736886
CUB,Cuba,2002,,1.42482126141282,-1.64862954616547,,,,,,,10.4410248365855
CUB,Cuba,2003,,3.79274022304334,-1.78975963592529,,,,,,,11.2760042430888
CUB,Cuba,2004,,5.77053807021559,-1.78558814525604,,,,,,,11.5007795422568
CUB,Cuba,2005,,11.2016564219094,-1.8051575422287,,,,,,,11.2359419548723
CUB,Cuba,2006,,12.0658631129953,-1.88721024990082,,,,,,,10.1685794272976
CUB,Cuba,2007,,7.26213696647943,-1.85398316383362,,,,,,,9.59554726280699
CUB,Cuba,2008,,4.11682804164681,-1.80063891410828,,,,,,,9.79229088401852
CUB,Cuba,2009,,1.4513054307407,-1.70388305187225,,,,,,,9.36291840346313
CUB,Cuba,2010,,2.39035229650723,-1.61688709259033,,,,,,,9.47516549760378
CUB,Cuba,2011,,2.80230083647626,-1.61035680770874,,,,,,,14.8255467500509
CUB,Cuba,2012,,3.01490028898772,-1.51460742950439,,,,,,,16.3596336890655
CUB,Cuba,2013,,2.74760256257211,-1.47876536846161,,,,,,,17.2283529136258
CUB,Cuba,2014,,1.04757663187654,-1.5449937582016,,,,,,,18.3683679723168
CUB,Cuba,2015,,4.4383335888395,-1.558025598526,,,,,,,19.4088398321664
CUB,Cuba,2016,,0.512843095700745,-1.5597608089447,,,,,,,20.3468481512906
CUB,Cuba,2017,,1.80979178380274,-1.55219459533691,,,,,,,21.3144886466382
CUB,Cuba,2018,,2.24794852913217,-1.45602405071259,,,,,,,21.2662835521349
CUB,Cuba,2019,,-0.163087223606624,-1.43960332870483,,,,,,,21.3959678962647
CUB,Cuba,2020,,-10.9494359030206,-1.41815936565399,,,,,,,21.0584273271116
CUB,Cuba,2021,,1.25448735650322,-1.42197704315186,,,,,,,20.512754835402
CUB,Cuba,2022,,1.77465227724316,-1.33931243419647,,,,,,,20.2362786108614
CUB,Cuba,2023,,-1.92937123169681,-1.24890899658203,,,,,,,19.4115163087813
CUB,Cuba,2024,,-1.06173273220524,,,,,,,,19.3809756587455
CUB,Cuba,2025,,,,,,,,,,19.3219364190685
CUW,Curacao,1995,,,,,,,,,,
CUW,Curacao,1996,,,,,,,,,,
CUW,Curacao,1997,,,,,,,,,,
CUW,Curacao,1998,,,,,,,,,,
CUW,Curacao,1999,,,,,,,,,,
CUW,Curacao,2000,34307.1247870579,,,,,,,,,
CUW,Curacao,2001,35339.0645793445,-0.695753704098053,,,,,,,,
CUW,Curacao,2002,35435.9972909346,0.397065216763636,,,,,,,,
CUW,Curacao,2003,34812.7908924081,0.288186681651752,,,,,,,,
CUW,Curacao,2004,34288.7399622733,0.208461073109362,,,,,,,,
CUW,Curacao,2005,33651.5043118952,0.676425345201665,,,,,,,,
CUW,Curacao,2006,33334.856514074,1.63593468987035,,,,,,,,
CUW,Curacao,2007,33490.2548894598,2.46996322836787,,,,,,,,
CUW,Curacao,2008,33795.1308443427,2.18804308019168,,,,,,,,
CUW,Curacao,2009,33397.3971262631,-0.531308242338184,,,,,,,,
CUW,Curacao,2010,33004.554021481,0.0823066088131412,,,,,,,,
CUW,Curacao,2011,32704.3556352667,0.508457572414372,,,,,,,,
CUW,Curacao,2012,32320.8769567577,-0.34895035717112,,,,,,,,
CUW,Curacao,2013,31753.384552981,-0.635696647893425,,,,,,,,
CUW,Curacao,2014,31128.647036239,-0.637398345190817,,,,,,,,
CUW,Curacao,2015,30861.3205298178,0.45815174597594,,,,,,,,
CUW,Curacao,2016,30209.7882652792,-1.06770769957464,,,,,,,,
CUW,Curacao,2017,29729.1010079753,-1.27620931537493,,,,,,,,
CUW,Curacao,2018,29256.8154066419,-2.10411142994484,,,,,,,,
CUW,Curacao,2019,28659.6557023251,-3.20613171902549,,,,,,,,
CUW,Curacao,2020,23669.7707733018,-18.4384703505393,,,,,,,,
CUW,Curacao,2021,24905.7684453244,4.18371193053579,,,,,,,,
CUW,Curacao,2022,26734.6457811916,6.90599999999999,,,,,,,,
CUW,Curacao,2023,27617.9204919042,4.20199999999977,,,,,,,,
CUW,Curacao,2024,28762.058180431,5.02690000000014,,,,,,,,
CUW,Curacao,2025,,,,,,,,,,
CYM,Cayman Islands,1995,,,,,,,,,,
CYM,Cayman Islands,1996,,,1.62061822414398,,,,,,,
CYM,Cayman Islands,1997,,,,,,,,,,
CYM,Cayman Islands,1998,,,1.60065186023712,,,,,,,
CYM,Cayman Islands,1999,,,,,,,,,,
CYM,Cayman Islands,2000,,,1.5912036895752,,,,,,,
CYM,Cayman Islands,2001,,,,,,,,,,
CYM,Cayman Islands,2002,,,1.57331871986389,,,,,,,
CYM,Cayman Islands,2003,,,0.963297605514526,,,,,,,
CYM,Cayman Islands,2004,,,0.877797484397888,,,,,,,
CYM,Cayman Islands,2005,,,0.903781235218048,,,,,,,
CYM,Cayman Islands,2006,92213.0768210996,,0.782868325710297,,,,,,,
CYM,Cayman Islands,2007,92343.7260001978,3.16262533840754,0.744717001914978,,,,,,,
CYM,Cayman Islands,2008,89380.1514801096,-0.357401372925935,0.746175408363342,,,,,,,
CYM,Cayman Islands,2009,80631.8445943625,-7.20048278238133,0.558976113796234,,,,,,,
CYM,Cayman Islands,2010,76294.7641308594,-2.71563682344265,0.577670872211456,,,,,,,
CYM,Cayman Islands,2011,75094.8308085917,1.16906269526342,0.579870045185089,,,,,,,
CYM,Cayman Islands,2012,73982.6776694492,1.22975368307725,0.574214994907379,,,,,,,
CYM,Cayman Islands,2013,72988.7055776283,1.2793305928175,0.548888623714447,,,,,,,
CYM,Cayman Islands,2014,73051.8114153598,2.65452932151371,0.473122477531433,,,,,,,
CYM,Cayman Islands,2015,73315.3848584988,2.83312242670048,0.469162344932556,,,,,,,
CYM,Cayman Islands,2016,73941.8590538337,3.23997361448569,0.4749576151371,,,,,,,
CYM,Cayman Islands,2017,74599.6807673263,3.18404730726789,0.485489398241043,,,,,,,
CYM,Cayman Islands,2018,76124.5501254035,4.26726567162505,0.472060233354568,,,,,,,
CYM,Cayman Islands,2019,77476.8412822407,3.91563637725301,0.468565702438354,,,,,,,
CYM,Cayman Islands,2020,72183.1359045895,-4.95480732200573,0.495715707540512,,,,,,,
CYM,Cayman Islands,2021,74160.4914000191,4.86941655353661,0.759386420249939,,,,,,,
CYM,Cayman Islands,2022,76818.8004032916,5.77566708028824,0.755772590637207,,,,,,,
CYM,Cayman Islands,2023,79675.8568481808,5.8155918263088,0.764431416988373,,,,,,,
CYM,Cayman Islands,2024,,,,,,,,,,
CYM,Cayman Islands,2025,,,,,,,,,,
CYP,Cyprus,1995,31393.376953125,8.36246885710111,,,,,,,,18.9244502390717
CYP,Cyprus,1996,31282.73828125,1.24854147527125,1.03575432300568,,,,,,,18.8187849019688
CYP,Cyprus,1997,31656.9609375,2.64093066351474,,,,,,,,18.76103986827
CYP,Cyprus,1998,33182.125,6.11088294947106,0.983076632022858,,,,,,,18.6126748217694
CYP,Cyprus,1999,34452.8671875,4.99795469482918,,,,,,,,18.5391889850864
CYP,Cyprus,2000,36121.81640625,5.96530445494226,1.05713748931885,,,,,,,18.0952853340136
CYP,Cyprus,2001,37146.99609375,3.95256258200938,,,,,,,,17.1633550390502
CYP,Cyprus,2002,38090.93359375,3.72297491128981,1.1171190738678,,,,,,,17.3845773796367
CYP,Cyprus,2003,38617.97265625,2.62329962315329,0.99446302652359,,,,,,,17.951434397913
CYP,Cyprus,2004,40020.08984375,5.02627226665527,0.950031280517578,0.1,0.1,0.3,0.1,30.1,8.8,16.6563814061625
CYP,Cyprus,2005,41362.265625,4.85298762175586,0.955872654914856,0.1,0.1,0.1,0.1,30.3,8.9,15.8301236079999
CYP,Cyprus,2006,42595.37890625,4.71378358593959,1.05206739902496,0,0,0,0,31.1,8.8,15.149468948366
CYP,Cyprus,2007,43823.94140625,5.09822614854798,1.06665575504303,0,0,0.1,0,31.1,8.7,14.2527033696774
CYP,Cyprus,2008,44295.8125,3.64698922103939,1.08403408527374,0,0,0,0,31.7,8.7,14.4003985663292
CYP,Cyprus,2009,42253.5625,-2.01508203683694,1.06802761554718,0.1,0.1,0.2,0.1,32.1,8.5,14.6282581566313
CYP,Cyprus,2010,42102.45703125,2.28267100119788,1.02339065074921,0.1,0.1,0.2,0.1,31.5,8.6,13.8284223657228
CYP,Cyprus,2011,41212.859375,0.416711868408683,1.0535831451416,0,0,0.3,0.1,32.6,8.4,13.4184575450116
CYP,Cyprus,2012,39190.3828125,-3.44738151374587,1.02202355861664,0,0,0.1,0,34.3,8,12.4992706479563
CYP,Cyprus,2013,36650.72265625,-6.58747751118347,0.980770349502563,0.1,0.2,0.3,0.2,37,7.7,13.51956104273
CYP,Cyprus,2014,36105.05078125,-1.77605867728616,1.0199453830719,0.1,0.2,0.4,0.2,35.6,7.6,14.1834031373325
CYP,Cyprus,2015,37258.65234375,3.41892038889013,1.0316162109375,0,0.1,0.2,0.1,34,7.9,12.6110111615334
CYP,Cyprus,2016,39501.015625,6.57359080924678,1.04651844501495,0.1,0.1,0.1,0.1,32.9,8.2,12.4756636055831
CYP,Cyprus,2017,41418.16015625,5.75083236554525,1.05625879764557,0.1,0.1,0.2,0,31.4,8.4,11.0948430668008
CYP,Cyprus,2018,43510.2109375,6.27166360056404,1.01570796966553,0.1,0.1,0.3,0.1,32.7,8.4,11.1081555567378
CYP,Cyprus,2019,45454.36328125,5.87559583386607,1.04663980007172,0.2,0.2,0.5,0.2,31.2,8.5,11.712463383962
CYP,Cyprus,2020,43402.5390625,-3.22063018637567,0.90229332447052,0,0.1,0.2,0.1,31.7,8.5,11.9814251748547
CYP,Cyprus,2021,47632.76953125,11.3975590801512,0.855743706226349,0,0.1,0.1,0,31.3,8.6,9.90363120896757
CYP,Cyprus,2022,50623.796875,8.27372597293814,0.850350379943848,0,0,0,0,31.5,8.7,9.17234429114858
CYP,Cyprus,2023,51453.7265625,3.61945644636856,0.974570155143738,0,0,0.1,0,31.8,8.6,8.89235893368108
CYP,Cyprus,2024,52635.58203125,3.94077381708404,,,,,,,,8.06977947828762
CYP,Cyprus,2025,,,,,,,,,,8.38288929823292
CZE,Czechia,1995,26869.0197149398,6.22140598863832,,,,,,,,8.70114122134475
CZE,Czechia,1996,28021.6704584336,4.16858426915319,1.03485572338104,0,0.2,2,0.5,25.8,10,8.70477798720375
CZE,Czechia,1997,27884.7397585343,-0.595838414214853,,,,,,,,8.86970823755119
CZE,Czechia,1998,27801.4387801408,-0.393150193750415,0.967962324619293,,,,,,,10.1120514026015
CZE,Czechia,1999,28213.4555005997,1.37836060943835,,,,,,,,10.9218442569883
CZE,Czechia,2000,29427.4070011514,4.010669619984,0.762775123119354,,,,,,,10.8357113444229
CZE,Czechia,2001,30399.8730764283,2.9172195289956,,,,,,,,11.1566883721244
CZE,Czechia,2002,30919.549661870202,1.51345949139996,1.01640355587006,0,0,1.2,0.2,26.6,9.6,11.9528043882803
CZE,Czechia,2003,31949.2963145034,3.300836832613,1.01417517662048,0,0,1.5499999999999998,0.30000000000000004,27.05,9.3,12.9795011537138
CZE,Czechia,2004,33452.3408000614,4.73633969683438,0.954461276531219,0,0,1.9,0.4,27.5,9,12.840144275933
CZE,Czechia,2005,35535.7479961511,6.37502886086791,0.905672550201416,0,0.1,1.1,0.2,26.9,9.3,12.3014425343978
CZE,Czechia,2006,37786.8781740905,6.62317299177447,0.962292671203613,0.1,0.1,1,0.2,26.7,9.3,12.0826808992441
CZE,Czechia,2007,39629.0061324728,5.48882595164517,0.995283782482147,0.1,0.2,0.8,0.2,26,9.7,12.4362621742137
CZE,Czechia,2008,40328.3426630095,2.61226807205139,1.03275871276855,0.1,0.1,0.9,0.2,26.3,9.8,12.5501674241936
CZE,Czechia,2009,38175.1422773334,-4.79832416684926,1.03304421901703,0,0.1,1,0.2,26.2,9.6,13.0458559092726
CZE,Czechia,2010,39097.3886218756,2.71466509907701,1.01486504077911,0,0.1,1.1,0.3,26.6,9.4,14.0797235420596
CZE,Czechia,2011,39708.1626280195,1.77238085338473,1.02266430854797,0.1,0.1,0.9,0.2,26.4,9.3,14.439152640993001
CZE,Czechia,2012,39347.0492956846,-0.770668190622743,0.970379710197449,0.1,0.3,1.1,0.3,26.1,9.6,15.0290537676357
CZE,Czechia,2013,39317.5535692377,-0.0418124160447491,0.98448371887207,0,0.1,0.8,0.2,26.5,9.4,14.1893047184708
CZE,Czechia,2014,40158.0164275735,2.24521219862635,1.0266318321228,0,0.1,1.1,0.2,25.9,9.7,14.5358283738005
CZE,Czechia,2015,42066.5759800801,4.95875848915604,1.04274165630341,0,0,0.7,0.1,25.9,9.7,13.814761325026
CZE,Czechia,2016,43069.4659744727,2.58087013921376,1.02528142929077,0,0.1,0.8,0.2,25.4,10,14.020032806256
CZE,Czechia,2017,45177.5226053634,5.17356529967881,0.880147039890289,0,0.1,0.5,0.2,24.9,10.2,13.9833291322777
CZE,Czechia,2018,46301.082036029,2.83030588267866,0.822354137897491,0,0,0.4,0.1,25,10.2,13.8169342651411
CZE,Czechia,2019,47763.6165520254,3.56577658128261,0.834152519702911,0,0,0.3,0.1,25.3,10.1,13.7726275771591
CZE,Czechia,2020,45119.9387309139,-5.30487955463876,0.978554964065552,0,0,0.5,0.1,26.2,9.8,14.0265417271519
CZE,Czechia,2021,47796.0337408466,4.02901832055149,1.00824761390686,0.1,0.1,0.3,0.1,26.2,9.7,13.2478426636467
CZE,Czechia,2022,48390.661678675,2.8471706583814,1.04114127159119,0,0.1,0.6,0.1,25.9,9.8,13.9586071672468
CZE,Czechia,2023,47558.4106763314,0.0475803308973752,1.07654917240143,0,0,0.8,0.2,25.7,9.5,14.0228953824832
CZE,Czechia,2024,47963.8968485782,1.23308611983484,,,,,,,,13.6300707691189
CZE,Czechia,2025,,,,,,,,,,13.4986196690954
DEU,Germany,1995,45475.6859114918,1.50499384201356,,0.2,0.2,0.5,0.3,28.8,8.7,7.25996892091443
DEU,Germany,1996,45814.8523072639,1.0378755674358,1.32889533042908,0,0.2,0.2,0.1,28,9.1,7.18440627083764
DEU,Germany,1997,46596.1810672853,1.85432238398302,,0,0.2,0.5,0.2,28.2,9,7.31891138181412
DEU,Germany,1998,47565.4526830045,2.09561231172233,1.29188847541809,0,0.2,0.2,0.1,28.3,9.1,7.31308661124397
DEU,Germany,1999,48547.0040773031,2.12957016297766,,0,0.2,0.2,0.1,29,8.9,7.15785648577301
DEU,Germany,2000,49875.8764172059,2.8765231247659,1.31480205059052,0,0.2,0.2,0.1,28.9,8.9,7.13832994361471
DEU,Germany,2001,50606.7114616457,1.63614170690956,,0,0.2,0.2,0.1,29.9,8.8,7.2312887139114
DEU,Germany,2002,50406.3800683443,-0.228255715793637,1.41403138637543,0,0,0.2,0.1,29.8,8.7,7.14923603424598
DEU,Germany,2003,50111.5752591319,-0.529801394291297,1.41355431079865,0.2,0.2,0.5,0.2,29.8,8.7,7.26307436031963
DEU,Germany,2004,50704.9219887398,1.16208684507278,1.4960401058197,0,0,0.5,0.1,30.2,8.7,7.72229144514195
DEU,Germany,2005,51182.9591615718,0.885485292551564,1.48583388328552,0,0.2,0.2,0.1,31.7,8.3,7.82880171729668
DEU,Germany,2006,53222.0409282226,3.86668241523209,1.3652309179306,0,0,0.2,0.1,31,8.5,7.81580271169644
DEU,Germany,2007,54832.9610328446,2.8891174138025,1.33647847175598,0,0,0.2,0.1,31.2,8.5,7.38982539541776
DEU,Germany,2008,55425.1109251245,0.887902330743628,1.33677780628204,0,0.2,0.2,0.1,30.8,8.6,7.00175870270074
DEU,Germany,2009,52484.8550055388,-5.54455451920674,1.33496069908142,0,0,0.2,0.1,30.5,8.5,7.01772960715379
DEU,Germany,2010,54738.708300671096,4.13463778522758,1.29778325557709,0,0.2,0.2,0.2,30.2,8.6,6.75517744752431
DEU,Germany,2011,57858.4222602355,3.75796884489337,1.34921073913574,0,0,0.2,0.1,30.6,8.6,7.02180025751223
DEU,Germany,2012,58017.5855783147,0.463512036709204,1.39373803138733,0,0,0.2,0.1,31.1,8.3,6.84590019039311
DEU,Germany,2013,58089.1708538296,0.396995583779145,1.40613043308258,0,0,0.2,0.1,31.5,8.3,6.52421225849841
DEU,Germany,2014,59108.6977289315,2.18018602168017,1.43629622459412,0,0.2,0.5,0.2,30.8,8.2,6.31938811783888
DEU,Germany,2015,59573.7089539686,1.66300602334775,1.42213714122772,0,0,0.2,0.1,31.7,8.1,6.15334219504752
DEU,Germany,2016,60407.9713703755,2.22222216259371,1.3646674156189,0,0.2,0.2,0.1,31.4,8,6.01011095191089
DEU,Germany,2017,61866.4872205276,2.797906720551,1.43248081207275,0.2,0.2,0.5,0.3,31.3,8,5.81126821381395
DEU,Germany,2018,62381.3478772241,1.13569604599849,1.44311714172363,0,0.2,0.5,0.2,31.9,8,5.54823982417323
DEU,Germany,2019,62849.3741865912,0.977734697038784,1.35402822494507,0.2,0.2,0.5,0.3,31.8,7.9,5.29598518556429
DEU,Germany,2020,60203.289760263,-4.13191443239947,1.37390911579132,0.2,0.2,0.5,0.3,32.4,7.8,5.04590467990138
DEU,Germany,2021,62530.7653199239,3.90999994204108,1.41956698894501,,,,,,,4.88659251518676
DEU,Germany,2022,63676.087821808,1.8092581243061,1.41448700428009,,,,,,,4.57471962343057
DEU,Germany,2023,63039.3719696432,-0.869647578573321,1.46138572692871,,,,,,,4.44476279613189
DEU,Germany,2024,62554.5547232436,-0.495851897260366,,,,,,,,4.37006779408582
DEU,Germany,2025,,,,,,,,,,4.34422405251041
DJI,Djibouti,1995,,,,,,,,,,33.669510405912
DJI,Djibouti,1996,,,-0.882711172103882,,,,,,,33.9131536171919
DJI,Djibouti,1997,,,,,,,,,,34.1445397879058
DJI,Djibouti,1998,,,-0.99400806427002,,,,,,,34.3903119916058
DJI,Djibouti,1999,,,,,,,,,,34.5715048664377
DJI,Djibouti,2000,,,-0.877741813659668,,,,,,,34.6923739270148
DJI,Djibouti,2001,,,,,,,,,,34.7713693869515
DJI,Djibouti,2002,,,-0.830886363983154,32.3,51.6,84.3,45.2,40,6,34.7652793741886
DJI,Djibouti,2003,,,-0.666397273540497,,,,,,,34.6991274615744
DJI,Djibouti,2004,,,-0.784367978572845,,,,,,,34.5986907359651
DJI,Djibouti,2005,,,-1.10994613170624,,,,,,,34.4288010988497
DJI,Djibouti,2006,,,-1.12030553817749,,,,,,,34.2685447155092
DJI,Djibouti,2007,,,-1.1966655254364,,,,,,,33.9591533605644
DJI,Djibouti,2008,,,-1.19674217700958,,,,,,,33.5864105496287
DJI,Djibouti,2009,,,-1.20939469337463,,,,,,,33.470612377758
DJI,Djibouti,2010,,,-1.26566994190216,,,,,,,33.2780186272273
DJI,Djibouti,2011,,,-1.41113817691803,,,,,,,33.0508302888284
DJI,Djibouti,2012,,,-1.43404412269592,26.4,42.2,77.5,40,45.1,4.3,32.8597704483575
DJI,Djibouti,2013,4469.07409933135,,-1.47117519378662,31.2,47.8,81.7,44,44.1,5,32.5508980491767
DJI,Djibouti,2014,4705.04926772184,7.19298728463697,-1.43153774738312,,,,,,,32.2748351683019
DJI,Djibouti,2015,4961.8681860592,7.30898563450799,-1.4129946231842,,,,,,,31.9445900688923
DJI,Djibouti,2016,5226.50026106607,7.1234323372872,-1.37110710144043,,,,,,,31.5839953672704
DJI,Djibouti,2017,5421.95649149613,5.458091517212,-1.40683770179749,25.4,43.7,80.8,40.4,41.6,5.4,31.155627317731
DJI,Djibouti,2018,5590.50426604853,4.77433934943193,-1.36474502086639,,,,,,,30.7466394260905
DJI,Djibouti,2019,5809.30455041341,5.54508081154978,-1.4233170747757,,,,,,,30.3354144829786
DJI,Djibouti,2020,5791.47767679877,1.2021151728969,-1.40703856945038,,,,,,,31.2678517037062
DJI,Djibouti,2021,5960.10807396825,4.40715667561153,-1.296515583992,,,,,,,30.8966763731299
DJI,Djibouti,2022,6180.67998594606,5.16653702854374,-1.2912232875824,,,,,,,30.6597171951161
DJI,Djibouti,2023,6510.67859061619,6.80733529403308,-1.27434647083282,,,,,,,30.4283542180045
DJI,Djibouti,2024,6871.12440453129,6.98048467276334,,,,,,,,30.3588679012599
DJI,Djibouti,2025,,,,,,,,,,30.2894085559876
DMA,Dominica,1995,12343.9001238545,3.0308658627128,,,,,,,,
DMA,Dominica,1996,12737.8972359049,3.10419572470771,1.04229032993317,,,,,,,
DMA,Dominica,1997,13037.1491313755,2.18562742404438,,,,,,,,
DMA,Dominica,1998,13563.4528199459,3.77423043853915,1.09459185600281,,,,,,,
DMA,Dominica,1999,13661.6785774172,0.354077659205259,,,,,,,,
DMA,Dominica,2000,14054.6548016043,2.3402193777688,1.09375238418579,,,,,,,
DMA,Dominica,2001,14091.5491387572,-0.0638434428881567,,,,,,,,
DMA,Dominica,2002,13640.70330575,-3.08742052359268,1.10961353778839,,,,,,,
DMA,Dominica,2003,14398.0017636834,5.80495468629533,1.0535876750946,,,,,,,
DMA,Dominica,2004,14962.2456326016,4.09783662273917,0.985611915588379,,,,,,,
DMA,Dominica,2005,15080.5206040984,0.915286472779144,0.932384252548218,,,,,,,
DMA,Dominica,2006,15727.7053232323,4.40077479812059,1.00535082817078,,,,,,,
DMA,Dominica,2007,16560.5179009944,5.3579375575878,0.997471451759338,,,,,,,
DMA,Dominica,2008,17738.0405685048,7.12131217762231,1.03441321849823,,,,,,,
DMA,Dominica,2009,17534.0339616963,-1.13575145648322,1.01225316524506,,,,,,,
DMA,Dominica,2010,17516.7879573152,-0.105610857694984,0.982540488243103,,,,,,,
DMA,Dominica,2011,17475.0411061698,0.0427388878891435,0.987989783287048,,,,,,,
DMA,Dominica,2012,17431.1288003063,-0.15739179314221,0.946590006351471,,,,,,,
DMA,Dominica,2013,17282.6368040368,0.0045039972976042,0.966736018657684,,,,,,,
DMA,Dominica,2014,17520.8546265613,2.33521742067693,1.06706941127777,,,,,,,
DMA,Dominica,2015,16920.9126555668,-3.37338262476895,0.878656804561615,,,,,,,
DMA,Dominica,2016,17364.0773046793,1.44724556489263,0.898667991161346,,,,,,,
DMA,Dominica,2017,16314.2295558891,-7.5443637547282,0.884237766265869,,,,,,,
DMA,Dominica,2018,16877.1244880642,2.964010610466,0.796533346176147,,,,,,,
DMA,Dominica,2019,17619.4335416769,3.94809757938053,0.866429507732391,,,,,,,
DMA,Dominica,2020,14919.5307686719,-15.7064024545862,0.870887696743011,,,,,,,
DMA,Dominica,2021,15808.9743503945,5.37983838954712,0.812004029750824,,,,,,,
DMA,Dominica,2022,17550.8009946466,10.3968076616121,0.796769261360168,,,,,,,
DMA,Dominica,2023,18278.2253401989,3.65221012208734,0.786084830760956,,,,,,,
DMA,Dominica,2024,18739.3640404986,2.052738472526,,,,,,,,
DMA,Dominica,2025,,,,,,,,,,
DNK,Denmark,1995,50927.5478357083,3.03802150461165,,0,0.2,0.2,0.1,23,10.9,7.61133556944656
DNK,Denmark,1996,52106.5619034914,2.89575069230459,1.53897178173065,,,,,,,7.35342177742249
DNK,Denmark,1997,53534.6146433982,3.16848143784479,,,,,,,,7.41290229063722
DNK,Denmark,1998,54581.4122543301,2.32630274538961,1.46734094619751,,,,,,,7.60641367498529
DNK,Denmark,1999,56015.3553380174,2.96730536257029,,,,,,,,7.18565642504732
DNK,Denmark,2000,57907.5020603903,3.72400899471576,1.53596532344818,0,0,0.2,0.1,23.8,10.6,7.00491848556738
DNK,Denmark,2001,58248.553927359,0.95003224600012,,0.13333333333333333,0.13333333333333333,0.3,0.16666666666666666,24.400000000000002,10.333333333333334,6.75119349535427
DNK,Denmark,2002,58327.8281608342,0.456530018779986,1.53286790847778,0.26666666666666666,0.26666666666666666,0.4,0.2333333333333333,25,10.066666666666666,6.72680108691514
DNK,Denmark,2003,58425.9658939096,0.441091006625101,1.60145223140717,0.4,0.4,0.5,0.3,25.6,9.8,6.90992311450539
DNK,Denmark,2004,59893.0929898784,2.77635180744053,1.80099177360535,0.3,0.3,0.4,0.3,24.9,9.9,6.64935682584885
DNK,Denmark,2005,61137.6803582961,2.35960882992528,1.73960888385773,0.3,0.3,0.5,0.3,25.2,9.8,6.68749782807631
DNK,Denmark,2006,63262.7404572232,3.81648769908172,1.57163619995117,0.2,0.2,0.3,0.2,25.9,9.8,6.71601719134701
DNK,Denmark,2007,63604.5626658193,0.987173815945127,1.47770440578461,0.1,0.3,0.6,0.3,26.2,9.8,6.61611478598187
DNK,Denmark,2008,62968.1612290596,-0.417178439991005,1.53830599784851,0.3,0.4,0.8,0.4,25.2,9.8,6.68014800119571
DNK,Denmark,2009,59516.5093273659,-4.97447905669058,1.53825998306274,0.6,0.6,1.1,0.6,26.7,9.2,7.12273187497846
DNK,Denmark,2010,60190.6346060499,1.58289703108802,1.54195690155029,0.1,0.1,0.3,0.1,27.2,9.3,6.72239979592655
DNK,Denmark,2011,60729.0557255127,1.3108037609606,1.55170702934265,0,0,0.6,0.2,27.3,9.4,6.67412441701192
DNK,Denmark,2012,60497.6919146995,-0.00543230161670749,1.67411422729492,0,0,0.9,0.1,27.8,9.3,6.81047707715329
DNK,Denmark,2013,61085.0312821103,1.39267343161971,1.66623783111572,0.3,0.3,0.8,0.4,28.5,9.1,6.67482935147129
DNK,Denmark,2014,61552.7997775157,1.27799983192831,1.5245566368103,0.2,0.2,0.9,0.3,28.4,9.1,6.55669017617905
DNK,Denmark,2015,62405.7161942122,2.10441456445301,1.55306839942932,0.2,0.3,0.5,0.3,28.2,9.4,6.49450081271859
DNK,Denmark,2016,63823.4502019665,3.07304549209093,1.54204452037811,0.3,0.3,0.5,0.3,28.2,9.2,6.43907336030118
DNK,Denmark,2017,65352.3988081353,3.05647723922718,1.51810312271118,0.1,0.2,0.3,0.2,28.7,9.1,6.05645767354857
DNK,Denmark,2018,66238.705427981,1.8600074900921,1.57402217388153,0.2,0.2,0.3,0.2,28.2,9.3,5.87842099646873
DNK,Denmark,2019,67131.4657009734,1.71140093932736,1.54343402385712,0.3,0.3,0.5,0.3,27.7,9.5,5.9695081479189
DNK,Denmark,2020,65744.4367251959,-1.78010601831291,1.5147852897644,0.2,0.2,0.5,0.2,27.5,9.4,6.22578684985061
DNK,Denmark,2021,69715.1809680929,6.50025445756295,1.5449755191803,0.2,0.2,0.3,0.2,28.3,9.2,6.26723614047401
DNK,Denmark,2022,69475.3198650883,0.443832614908331,1.59125435352325,0.2,0.3,0.8,0.3,29.3,9,5.75716058671048
DNK,Denmark,2023,69379.22000847,0.604587766175584,1.66469931602478,0.4,0.4,0.6,0.4,29.9,9.1,5.69211349548988
DNK,Denmark,2024,71431.2926242287,3.47783593140312,,,,,,,,5.56313097612034
DNK,Denmark,2025,,,,,,,,,,5.39519511541674
DOM,Dominican Republic,1995,8685.01648557062,5.69998859173715,,,,,,,,41.7751622652095
DOM,Dominican Republic,1996,9036.88352149896,5.96119319380874,0.0565150268375874,8,15.1,40.9,16.8,47.4,4.3,41.5202266120037
DOM,Dominican Republic,1997,9671.14817881707,8.89955230035797,,8.1,14.4,38.3,15.7,48.9,4,41.4181118654431
DOM,Dominican Republic,1998,10150.4460178993,6.70585570778992,0.0930832773447037,8.166666666666666,14.366666666666667,38.8,15.799999999999999,49.766666666666666,3.9,41.1334302100715
DOM,Dominican Republic,1999,10582.0775939337,5.95651024999543,,8.233333333333334,14.333333333333334,39.3,15.9,50.63333333333333,3.8000000000000003,40.9301741665856
DOM,Dominican Republic,2000,10896.3184155964,4.65172550299128,0.225749954581261,8.3,14.3,39.8,16,51.5,3.7,40.7529364085715
DOM,Dominican Republic,2001,10991.1363420488,2.46937023763239,,6.6,13.7,39.2,15.5,50,4.1,41.861278737063
DOM,Dominican Republic,2002,11313.0690271273,4.48650367045651,0.237251296639442,9,15.6,39,16.5,49.7,3.8,42.9270623669616
DOM,Dominican Republic,2003,11000.8684059352,-1.34935744782766,0.0232535153627396,10.7,19,47.8,20.5,52.1,3.8,42.6196055423448
DOM,Dominican Republic,2004,11131.2709216332,2.58556667449577,0.0470070876181126,14.6,24.9,55.6,25,52.1,3.9,39.9771457861221
DOM,Dominican Republic,2005,12022.5080544053,9.43178931977285,-0.0705539360642433,9.9,18.6,46.6,19.5,50,4.1,42.3268045254673
DOM,Dominican Republic,2006,12961.9183632133,9.17120650955299,0.205657720565796,8.1,15.9,43.5,17.4,52,3.9,42.2103251198022
DOM,Dominican Republic,2007,13754.9212674095,7.41840577774235,0.197003677487373,7.8,15.4,43,17.1,48.9,4.4,41.6235307168869
DOM,Dominican Republic,2008,14030.1411084465,3.26808671288212,0.164732426404953,7.1,15.9,44.2,17.5,48.1,4.6,43.4449059410538
DOM,Dominican Republic,2009,13992.4103270189,1.00345293018719,0.0897984206676483,6.3,14.2,41.5,16,48.9,4.5,43.3235650160691
DOM,Dominican Republic,2010,14975.0010126958,8.40114541209596,0.0738618969917297,5.5,14.1,42,15.9,47.3,4.6,44.2745807136213
DOM,Dominican Republic,2011,15258.0858148503,3.19196227475523,0.0904332846403122,5.3,11.7,40.2,14.6,47.7,4.7,43.979319665625
DOM,Dominican Republic,2012,15487.2776356321,2.77567100848816,0.124592199921608,5.4,12.1,39.6,14.5,46.1,4.9,43.1866294693224
DOM,Dominican Republic,2013,16054.7677297656,4.93473300709881,0.115321941673756,4.4,11.6,39.3,14,47.7,4.8,41.57228015607
DOM,Dominican Republic,2014,16993.587444403,7.11122629673892,0.188916221261024,4.1,8.8,33.5,11.7,44.3,5.1,42.0145419412377
DOM,Dominican Republic,2015,17973.1870256815,6.98771131236387,0.154222220182419,3.3,7.5,29.4,10,45.2,5,41.8023558515016
DOM,Dominican Republic,2016,18968.9752386179,6.71974078681295,0.181855902075768,3,6.7,27.4,9.2,45.7,4.9,40.3159474305724
DOM,Dominican Republic,2017,19501.8743054078,3.93386176401576,0.159204080700874,1.5,4.2,23.8,7,42.2,5.9,41.167137383215
DOM,Dominican Republic,2018,20662.848586153,7.09751640210159,0.124981448054314,1.1,3,20.9,5.9,43.7,5.8,40.7196750004788
DOM,Dominican Republic,2019,21451.286441995,4.8940301149584,0.17925138771534,1,2.9,18.8,5.2,41.9,6,39.1934937252814
DOM,Dominican Republic,2020,19545.4099552943,-7.92905234231061,0.237134993076324,1.3,4.3,21.7,6.5,39.6,6.2,40.1302140656107
DOM,Dominican Republic,2021,22053.4589869955,14.0124289062207,0.294744700193405,1.3,3.7,21.8,6.2,38.5,6.6,40.6228579854727
DOM,Dominican Republic,2022,22986.95808105,5.23795652902595,0.313117146492004,1,3.2,20.2,5.6,37,6.6,39.5146130896028
DOM,Dominican Republic,2023,23282.4895071054,2.19229848237939,0.325887054204941,1.3,3,16.9,5,38.4,6.2,38.3000462029361
DOM,Dominican Republic,2024,24229.8894872915,4.95352204492849,,0.8,2,14,3.9,39,6.1,38.1468891397098
DOM,Dominican Republic,2025,,,,,,,,,,37.994084914391
DZA,Algeria,1995,10588.4433695754,3.79999479063817,,11.8,24.9,65.2,26.5,35.3,7,33.0739205050656
DZA,Algeria,1996,10808.8788666941,4.09999847167964,-1.16629016399384,,,,,,,32.9156903621221
DZA,Algeria,1997,10725.967349336801,1.09999993684249,,,,,,,,32.7584287043865
DZA,Algeria,1998,11094.8875368585,5.10000361107312,-1.24434244632721,,,,,,,32.4185337969154
DZA,Algeria,1999,11292.0372997165,3.20000155319546,,,,,,,,32.0149609882244
DZA,Algeria,2000,11558.220469383,3.80000000158476,-1.11005222797394,,,,,,,31.6250539205498
DZA,Algeria,2001,11742.5946761225,2.99999999863043,,,,,,,,31.1874511139119
DZA,Algeria,2002,12213.1263531246,5.40000000000001,-1.04466021060944,,,,,,,30.167760494284
DZA,Algeria,2003,12835.1814413331,6.50000000062043,-1.07671809196472,,,,,,,29.1182249266494
DZA,Algeria,2004,13226.7650481165,4.49999999976698,-0.802059054374695,,,,,,,29.0117334529149
DZA,Algeria,2005,13738.495644436,5.39999999969525,-0.715685963630676,,,,,,,28.9431680096128
DZA,Algeria,2006,13920.6940553701,2.89999999905852,-0.916875541210175,,,,,,,28.9250763464362
DZA,Algeria,2007,14114.6745192683,3.10000000128674,-0.984122395515442,,,,,,,28.9734898638678
DZA,Algeria,2008,14206.7767147039,2.49999999929371,-0.979712247848511,,,,,,,29.1002217609756
DZA,Algeria,2009,14104.42817214,1.19999999969519,-1.03841888904572,,,,,,,29.2572193307179
DZA,Algeria,2010,14496.4211312996,4.80000000093564,-1.02233076095581,,,,,,,29.4536323041588
DZA,Algeria,2011,14641.9640935685,2.99999999941909,-1.00412118434906,0,4.7,41.8,11,27.6,9.4,29.5343350568468
DZA,Algeria,2012,14697.5396133853,2.40000000034432,-0.906026601791382,,,,,,,28.2345154129682
DZA,Algeria,2013,14778.1914257233,2.60000000061164,-0.893428981304169,,,,,,,26.9280770170154
DZA,Algeria,2014,15073.7629403565,4.09999999866501,-0.813460826873779,,,,,,,27.0020327204437
DZA,Algeria,2015,15239.5171456469,3.20000000089023,-0.847631812095642,,,,,,,27.0487384195325
DZA,Algeria,2016,15511.6858768094,3.90000000017621,-0.861599445343018,,,,,,,27.0741622172624
DZA,Algeria,2017,15427.6641894713,1.49999999895587,-0.903114080429077,,,,,,,27.1121193253132
DZA,Algeria,2018,15343.4261222434,1.40000000088281,-0.995263040065765,,,,,,,26.9908650715776
DZA,Algeria,2019,15199.1989965639,0.899999999219148,-1.0534600019455,,,,,,,26.8786505529258
DZA,Algeria,2020,14194.1557479619,-4.99999999908597,-1.08850860595703,,,,,,,26.7323712355013
DZA,Algeria,2021,14496.8654697299,3.79999999900707,-1.01377856731415,,,,,,,26.2121546483116
DZA,Algeria,2022,14782.2002970247,3.60000000094915,-1.01191890239716,,,,,,,26.1032765692872
DZA,Algeria,2023,15159.3242373415,4.10000000005964,-0.979883790016174,,,,,,,25.9252191073665
DZA,Algeria,2024,15501.9197003966,3.69999999907979,,,,,,,,25.7491835749753
DZA,Algeria,2025,,,,,,,,,,25.556464235924
ECU,Ecuador,1995,9525.17701832407,2.25254865225104,,18.1,31.9,65.3,31.7,50.8,3.8,46.072050445073
ECU,Ecuador,1996,9509.27540633173,1.73174762607862,0.0132842948660254,19.1,33.03333333333333,65.2,32.166666666666664,50.4,3.8666666666666667,47.2489872309996
ECU,Ecuador,1997,9739.26682428016,4.32786475767577,,20.1,34.166666666666664,65.1,32.63333333333333,50,3.933333333333333,45.2823377344189
ECU,Ecuador,1998,9876.7507512592,3.26652934570988,0.114651590585709,21.1,35.3,65,33.1,49.6,4,46.1529357061335
ECU,Ecuador,1999,9242.96681019585,-4.73938585363382,,26.9,39.6,68.6,36.7,58.6,2.6,46.1625289448336
ECU,Ecuador,2000,9183.05155276919,1.09180164720277,-0.247218117117882,34.1,48.6,76.6,43.5,56.3,3.1,46.2071111504194
ECU,Ecuador,2001,9405.11680690106,4.20627185748789,,29.033333333333335,42.333333333333336,70.63333333333333,38.6,55.36666666666667,3.1666666666666665,46.2254292963344
ECU,Ecuador,2002,9697.55517665978,4.92809549611376,-0.0449887700378895,23.96666666666667,36.06666666666667,64.66666666666667,33.7,54.43333333333333,3.2333333333333334,44.8914566839693
ECU,Ecuador,2003,9802.81408202125,2.88450036512064,-0.121541075408459,18.9,29.8,58.7,28.8,53.5,3.3,43.553466726099
ECU,Ecuador,2004,10290.6634264766,6.83239736646514,-0.244635745882988,19.4,30.9,59.7,29.6,53.9,3.2,45.8390658599015
ECU,Ecuador,2005,10660.2046228939,5.39862243994342,-0.363743484020233,15.4,24.7,51.9,24.2,53.1,3.3,43.821238031438
ECU,Ecuador,2006,10933.4897470283,4.34113198577639,-0.253862708806992,10.9,19.4,46.8,20.3,52.3,3.7,43.527849257882004
ECU,Ecuador,2007,10952.8226853948,1.90242859700484,-0.161115884780884,10.9,18.7,45.9,19.9,53.4,3.5,43.3251010467954
ECU,Ecuador,2008,11474.5257023541,6.56492068224719,-0.222304701805115,9.8,17.7,43.4,18.7,49.8,3.8,42.7212946625026
ECU,Ecuador,2009,11403.5277978831,1.0910129698311,-0.250357389450073,9.3,16.9,44.4,18.4,48.5,4.1,44.3727266255032
ECU,Ecuador,2010,11665.6978598204,4.02913787986621,-0.231080830097198,7.8,14.4,39.7,16,48.8,4.1,43.9038963484365
ECU,Ecuador,2011,12449.0785549218,8.48147656332823,-0.293364822864532,6.4,11.9,35.9,13.8,45.9,4.4,45.8688301301088
ECU,Ecuador,2012,12961.0267423765,5.783212336172,-0.29611411690712,6,11,32.6,12.7,46.1,4.3,45.6248513660559
ECU,Ecuador,2013,13689.1520460125,7.21123653679159,-0.25279027223587,4.5,9.7,32.5,11.8,46.9,4.5,44.9686893230082
ECU,Ecuador,2014,14064.7992246727,4.22606520388456,-0.202547445893288,4,8.2,28.7,10.3,45,4.8,42.7447296073432
ECU,Ecuador,2015,13881.5700738105,0.119692109287612,-0.211860507726669,4.8,9.2,29.8,10.9,46,4.6,44.8841060781396
ECU,Ecuador,2016,13586.5160772568,-0.687954245877947,-0.247269630432129,5,9.1,29.3,10.7,45,4.7,48.6177906465896
ECU,Ecuador,2017,14179.1537503305,5.97039880954841,-0.172362104058266,4.3,8.4,28.3,10.2,44.7,4.7,49.6750648985681
ECU,Ecuador,2018,14083.5069982304,1.04429460679607,8.32675490528345e-4,4.7,9.2,28.9,10.7,45.4,4.6,50.2721553528032
ECU,Ecuador,2019,13870.4895118068,0.1654044646003,0.0317208766937256,4.6,9.5,30.6,11.3,45.7,4.5,51.7228762159523
ECU,Ecuador,2020,12440.3263747814,-9.24509619165865,-0.0146998642012477,8.4,13.5,36,14.8,47.3,4.1,52.0343211366706
ECU,Ecuador,2021,13507.4445638375,9.42189269033631,0.0996665507555008,5.3,10.8,33.5,12,45.8,4.6,52.1511278170763
ECU,Ecuador,2022,14186.6388544625,5.86842354862311,0.0273947101086378,4.4,9.2,30.9,11.2,45.5,4.7,50.972290649321
ECU,Ecuador,2023,14343.0190134813,1.98823813984235,-0.061911303550005,4.7,10,30.8,11.4,44.6,4.7,48.6267465931014
ECU,Ecuador,2024,13935.5391125402,-2.00125476341026,,7.3,12.1,32.6,13.3,45.2,4.3,50.1616765821744
ECU,Ecuador,2025,,,,,,,,,,50.1184585015072
EGY,"Egypt, Arab Rep.",1995,8423.57817499547,4.64245877240639,,4.1,22.9,77.1,28.7,30.1,9.5,18.2385365212143
EGY,"Egypt, Arab Rep.",1996,8662.33147869592,4.98873056512208,-0.844184160232544,,,,,,,17.9435433406455
EGY,"Egypt, Arab Rep.",1997,8950.65410694496,5.49235474302942,,,,,,,,17.4984986341697
EGY,"Egypt, Arab Rep.",1998,9245.47890469795,5.575497460986,-0.911786079406738,,,,,,,16.4972000893844
EGY,"Egypt, Arab Rep.",1999,9588.85938515274,6.05343878467555,,0,12.8,64,20.5,30.8,9.2,15.1687118720216
EGY,"Egypt, Arab Rep.",2000,9981.62775083138,6.37000382991766,-0.89450615644455,,,,,,,15.2080365199589
EGY,"Egypt, Arab Rep.",2001,10117.3331821699,3.53525197391507,,,,,,,,12.8859939944043
EGY,"Egypt, Arab Rep.",2002,10143.5063455702,2.39020402573726,-1.10229003429413,,,,,,,14.6358912049096
EGY,"Egypt, Arab Rep.",2003,10250.3765500459,3.19345473739745,-1.08318543434143,,,,,,,16.545386030329
EGY,"Egypt, Arab Rep.",2004,10451.8217511537,4.0920716112534,-0.947557926177979,4.1,18.2,72.4,25.6,31.8,9,18.4951263285982
EGY,"Egypt, Arab Rep.",2005,10700.6090373232,4.47174447174434,-0.964780926704407,,,,,,,17.5712834047634
EGY,"Egypt, Arab Rep.",2006,11211.8320229508,6.84383819379117,-1.19926512241364,,,,,,,17.0859528233162
EGY,"Egypt, Arab Rep.",2007,11782.0060717966,7.08782742681038,-1.16774547100067,,,,,,,19.6229515877632
EGY,"Egypt, Arab Rep.",2008,12391.5847624705,7.15628356605819,-1.21223938465118,3.7,16.1,71.8,24.8,31.1,9.2,19.1442282719396
EGY,"Egypt, Arab Rep.",2009,12728.0814586737,4.67359979952391,-1.15747153759003,2.6,13.05,67.65,22.1,30.65,9.3,18.4772205998858
EGY,"Egypt, Arab Rep.",2010,13128.9878334085,5.1472348575531,-1.18803703784943,1.5,10,63.5,19.4,30.2,9.4,17.2401565791713
EGY,"Egypt, Arab Rep.",2011,13082.4263680701,1.7645719489982,-1.13998341560364,1.35,8.45,62.05,18.25,29.25,9.600000000000001,17.3056274608023
EGY,"Egypt, Arab Rep.",2012,13076.8052395914,2.22619979863525,-0.765063405036926,1.2,6.9,60.6,17.1,28.3,9.8,16.0151419528394
EGY,"Egypt, Arab Rep.",2013,13058.0748239258,2.18546605362143,-1.05164992809296,1.2,6.966666666666667,59.333333333333336,16.76666666666667,29.46666666666667,9.566666666666666,20.5027159795519
EGY,"Egypt, Arab Rep.",2014,13136.365629827,2.91591187985748,-1.18009531497955,1.2,7.033333333333333,58.06666666666666,16.433333333333334,30.633333333333333,9.333333333333334,19.6475351963884
EGY,"Egypt, Arab Rep.",2015,13425.9119599775,4.37201907790141,-1.19008219242096,1.2,7.1,56.8,16.1,31.8,9.1,19.6545205453918
EGY,"Egypt, Arab Rep.",2016,13727.3201600494,4.34664345555447,-1.20482385158539,2.15,10.399999999999999,61.8,19.1,31.65,9.05,19.7477149647995
EGY,"Egypt, Arab Rep.",2017,14018.360593453,4.18122099994778,-1.25143277645111,3.1,13.7,66.8,22.1,31.5,9,21.5645253336233
EGY,"Egypt, Arab Rep.",2018,14488.2094340483,5.3311086189448,-1.32450354099274,2.55,11.95,64.5,20.65,31.7,9,18.9003846679113
EGY,"Egypt, Arab Rep.",2019,15026.5682438097,5.55209307156956,-1.44394659996033,2,10.2,62.2,19.2,31.9,9,19.5069705952861
EGY,"Egypt, Arab Rep.",2020,15309.2359881702,3.55016483786838,-1.48189222812653,1.7,8.649999999999999,60.35,17.799999999999997,30.2,9.35,18.4583819298746
EGY,"Egypt, Arab Rep.",2021,15579.0160861551,3.29064601202211,-1.50513410568237,1.4,7.1,58.5,16.4,28.5,9.7,23.6650240780468
EGY,"Egypt, Arab Rep.",2022,16360.3907750364,6.58784560886967,-1.45044994354248,,,,,,,23.0648768584727
EGY,"Egypt, Arab Rep.",2023,16691.387399222,3.76028052279247,-1.37938976287842,,,,,,,24.299665921968302
EGY,"Egypt, Arab Rep.",2024,16798.151577864,2.3991692678251,,,,,,,,24.0777322521347
EGY,"Egypt, Arab Rep.",2025,,,,,,,,,,23.9436161508244
ERI,Eritrea,1995,,2.8583790589487,,,,,,,,50.5448632993805
ERI,Eritrea,1996,,9.25883856340832,-1.36392831802368,,,,,,,50.2113319872789
ERI,Eritrea,1997,,7.90868457794079,,,,,,,,49.8005832776384
ERI,Eritrea,1998,,1.77258309100318,-1.23163819313049,,,,,,,49.5929597248349
ERI,Eritrea,1999,,0.0134800959108077,,,,,,,,49.4124894058557
ERI,Eritrea,2000,,-3.14198590251638,-1.47073936462402,,,,,,,49.3862344585435
ERI,Eritrea,2001,,8.75543552816325,,,,,,,,49.2387114921834
ERI,Eritrea,2002,,3.0054291917378,-1.82439136505127,,,,,,,49.114588864154904
ERI,Eritrea,2003,,-2.65551592487554,-1.93292152881622,,,,,,,49.1569168050533
ERI,Eritrea,2004,,1.45173556595506,-1.90701413154602,,,,,,,49.1820926615635
ERI,Eritrea,2005,,2.57444955124846,-2.18489861488342,,,,,,,49.1112613155463
ERI,Eritrea,2006,,-0.969217110711355,-2.0841166973114,,,,,,,49.1359101470659
ERI,Eritrea,2007,,1.42682221120323,-2.11592626571655,,,,,,,49.085125071671
ERI,Eritrea,2008,,-9.78303001782456,-2.15996932983398,,,,,,,49.1416594446377
ERI,Eritrea,2009,,3.8765015275421,-2.20277786254883,,,,,,,49.3029413679761
ERI,Eritrea,2010,,2.19419034888082,-2.19829225540161,,,,,,,49.288282865211
ERI,Eritrea,2011,,8.67980010138049,-2.22605419158936,,,,,,,49.1977309374742
ERI,Eritrea,2012,,,-2.20876717567444,,,,,,,49.0948503223394
ERI,Eritrea,2013,,,-2.19650626182556,,,,,,,49.1466391147448
ERI,Eritrea,2014,,,-2.11312532424927,,,,,,,48.8007551478023
ERI,Eritrea,2015,,,-2.10669589042664,,,,,,,48.8095273574756
ERI,Eritrea,2016,,,-2.17071104049683,,,,,,,48.7083929617464
ERI,Eritrea,2017,,,-2.16639280319214,,,,,,,48.7697282276229
ERI,Eritrea,2018,,,-2.18413782119751,,,,,,,48.6521574001736
ERI,Eritrea,2019,,,-2.20523548126221,,,,,,,48.489689111353
ERI,Eritrea,2020,,,-2.06312227249146,,,,,,,49.1364151445771
ERI,Eritrea,2021,,,-1.93026268482208,,,,,,,48.6544722191247
ERI,Eritrea,2022,,,-1.88292789459229,,,,,,,48.4828072897589
ERI,Eritrea,2023,,,-1.86236107349396,,,,,,,48.2919404115304
ERI,Eritrea,2024,,,,,,,,,,48.0970030474014
ERI,Eritrea,2025,,,,,,,,,,47.8930324557066
ESP,Spain,1995,33501.7314182929,2.75749400293542,,1.5,2,5.5,2.3,35.7,6.5,19.5551610828307
ESP,Spain,1996,34232.3786868602,2.60741117110229,1.31952691078186,1.5,2,6.5,2.7,36.5,6.1,19.1610668249456
ESP,Spain,1997,35312.0862854389,3.58729972356299,,1,1.7,5.2,2.1,35.3,6.6,18.1772636462794
ESP,Spain,1998,36679.0942334698,4.30197745333581,1.29959452152252,1,1.2,3.5,1.5,34.6,6.7,17.3381772541787
ESP,Spain,1999,38141.316878689,4.40886545305924,,0.7,1,2.7,1.2,33.8,7.2,16.1969107147247
ESP,Spain,2000,39945.8971298178,5.20064125553942,1.27701985836029,0.9,1.1,3,1.2,34.1,7,15.0731154369274
ESP,Spain,2001,41224.2924057393,3.91908880808811,,0.9,1.1333333333333333,2.8,1.2,33.333333333333336,7.066666666666666,14.8125825254814
ESP,Spain,2002,41766.0378188791,2.75545611564098,1.27498733997345,0.9,1.1666666666666667,2.6,1.2,32.56666666666667,7.133333333333334,13.9568237287512
ESP,Spain,2003,42223.130174522,2.9392895953076,1.27055943012238,0.9,1.2,2.4,1.2,31.8,7.2,13.3292531276294
ESP,Spain,2004,42793.3902326006,3.1145314799161,1.3236118555069,1,1.3,2.7,1.3,33.3,6.9,13.19560134426
ESP,Spain,2005,43570.7652574033,3.5512255846125,1.13140439987183,0.9,1.1,2.8,1.2,32.4,7,13.2232674707966
ESP,Spain,2006,44572.6815459931,4.04343515605099,1.07872498035431,0.9,1.1,3.1,1.3,33.5,6.7,12.9261182981476
ESP,Spain,2007,45301.2843416374,3.53350013165972,1.12308669090271,0.6,0.7,1.9,0.8,34.1,6.7,12.6417687075876
ESP,Spain,2008,44926.348951812,0.767165748290694,1.18532562255859,0.6,0.9,2.1,0.9,34.2,6.6,12.7359392540713
ESP,Spain,2009,42852.220888454,-3.76813306940053,1.17698621749878,0.9,1.1,2.7,1.3,34.9,6.3,12.1127144881471
ESP,Spain,2010,42695.5274189933,0.0941223116369514,1.12254285812378,0.7,1.1,3.1,1.3,35.2,6.3,12.11600969174
ESP,Spain,2011,42271.8346788238,-0.639920636520344,1.08586597442627,1.3,1.7,3.4,1.8,35.7,6,11.8356312134069
ESP,Spain,2012,41034.0481566356,-2.86511368637748,1.06417882442474,1,1.6,3.7,1.7,35.4,6.1,12.3002839913515
ESP,Spain,2013,40594.914008768,-1.42732224757626,0.988832354545593,1.3,1.7,4.2,1.9,36.2,5.7,12.653717918517
ESP,Spain,2014,41339.4111169417,1.52048593647231,0.993711829185486,0.9,1.5,4.3,1.7,36.1,5.7,13.0088582600047
ESP,Spain,2015,43053.761430314,4.06086672473866,1.04487037658691,1.1,1.5,3.8,1.8,36.2,5.8,12.5780503092451
ESP,Spain,2016,44274.6676149922,2.91515598595787,1.04160034656525,1.3,1.7,4,1.9,35.8,5.8,11.9822538942882
ESP,Spain,2017,45446.2508575695,2.89604207865007,1.02150094509125,0.8,1.1,2.9,1.3,34.7,6.2,11.9498951108739
ESP,Spain,2018,46325.2099441141,2.39541124478878,1.02963280677795,1,1.2,3.2,1.4,34.7,6.2,11.4298620158285
ESP,Spain,2019,46896.4171141424,1.96117850841711,1.03599870204926,0.9,1.2,2.9,1.4,34.3,6.2,11.1066859737622
ESP,Spain,2020,41553.4477945675,-10.9400706350371,1.00401437282562,1.1,1.5,3.4,1.5,34.9,6,11.5767623379317
ESP,Spain,2021,44251.6658222621,6.68314420473001,0.99951308965683,0.7,0.9,2.2,1,33.9,6.4,11.4380024416856
ESP,Spain,2022,46733.4809780536,6.37031712129601,1.01683568954468,0.8,1,2.4,1.1,33.6,6.6,10.8344079188734
ESP,Spain,2023,47322.5937004504,2.46085796805582,1.19472968578339,0.8,1,2.3,1.1,33.4,6.5,10.4141698214737
ESP,Spain,2024,48460.2914069661,3.45525405630191,,,,,,,,10.259326930839
ESP,Spain,2025,,,,,,,,,,10.0734513788099
EST,Estonia,1995,14710.9686602535,4.52668179218811,,0.7,8.2,40.2,12.3,30.1,8.1,9.98435502138561
EST,Estonia,1996,15667.5909129247,4.94301226131752,0.926167070865631,0.4666666666666667,7.066666666666666,38.16666666666667,11.466666666666667,32.6,7.733333333333333,10.2265071547347
EST,Estonia,1997,17915.4540304763,13.0500207047869,,0.23333333333333334,5.933333333333334,36.13333333333333,10.633333333333335,35.1,7.366666666666666,9.92033570989981
EST,Estonia,1998,18873.3758453389,4.33982761193587,1.03417026996613,0,4.8,34.1,9.8,37.6,7,9.31979182424147
EST,Estonia,1999,18737.8980935019,-0.425025372086623,,1.5,6,35,10.45,36.7,6.95,9.29897797610479
EST,Estonia,2000,20528.5708195573,10.0876385800462,0.988002359867096,3,7.2,35.9,11.1,35.8,6.9,8.78270227562203
EST,Estonia,2001,21874.6948334875,5.88074589534277,,3,7.7,38.5,11.9,36,7,8.6944063741719
EST,Estonia,2002,23539.9060675759,6.93300082616575,1.0729513168335,2.9,7.2,36,11.4,35.8,6.9,8.4103521425541
EST,Estonia,2003,25487.5329152987,7.59630181032645,1.0705794095993,3.6,6.1,20.7,7.6,37.2,6.2,8.42350271550969
EST,Estonia,2004,27384.0831488798,6.8007011075865504,1.09341907501221,1.6,3.6,14.6,4.8,33.6,7.1,8.46608780292106
EST,Estonia,2005,30164.0063711861,9.52305386462066,0.992168545722961,1.1,2.2,10.1,3.2,33.4,7.4,7.89372539266762
EST,Estonia,2006,33304.5935377333,9.76257131206653,1.06822168827057,1.1,1.5,6.3,2.1,33.7,7.6,7.53360257316794
EST,Estonia,2007,35989.864986622,7.57091879311882,1.07301092147827,0.6,1,4.1,1.4,31.2,8,7.25113528948554
EST,Estonia,2008,34236.950125417,-5.12531154308803,1.09165287017822,0.6,1.1,4.1,1.3,31.9,7.8,6.9765674747005
EST,Estonia,2009,29284.4047394108,-14.6302225427906,1.08552134037018,0.8,1.3,5,1.7,31.4,7.7,7.40299229176776
EST,Estonia,2010,30070.2990791103,2.4497502063999,1.10565173625946,1,2.1,7.2,2.5,32,7.2,7.5943269344032
EST,Estonia,2011,32456.1208864878,7.60697458913162,1.13372588157654,1.2,1.8,6.1,2.2,32.5,7.3,7.70340928695606
EST,Estonia,2012,33768.572369804,3.67201872506541,1.1119246482849101,1,1.7,5.2,2,32.9,7.3,7.78067774794745
EST,Estonia,2013,34484.2236457273,1.75649379621869,1.11682975292206,1.1,1.9,5.3,2.2,35.1,6.8,7.73474708903476
EST,Estonia,2014,35723.6266134228,3.32278988182702,1.17029809951782,1,1.7,5,1.9,34.6,7,7.64014199201175
EST,Estonia,2015,36356.4410152614,1.83815262882932,1.18691825866699,0.7,1,2.9,1.2,32.7,7.5,7.56713258685905
EST,Estonia,2016,37470.0427676805,3.09301920751959,1.20819759368896,0.6,0.8,2.4,0.9,31.2,7.8,7.49411463067851
EST,Estonia,2017,39533.4645582199,5.63467248963991,1.21454405784607,0.5,0.6,1.8,0.7,30.4,8.1,7.53094010434105
EST,Estonia,2018,40853.6487755073,3.69969756161726,1.19020283222198,0.4,0.5,1.3,0.6,30.3,8.1,7.33316768689812
EST,Estonia,2019,42218.962853871,3.72664943466884,1.17930448055267,0.7,0.9,1.7,0.9,30.8,8.1,7.17083274138434
EST,Estonia,2020,40920.5270623015,-2.88380751483778,1.16718208789825,0.4,0.5,1.6,0.7,30.7,8.1,7.33037798124594
EST,Estonia,2021,44251.5374983455,8.25488044580031,1.17938566207886,0.3,0.4,1,0.5,31.8,8.1,7.08791425186999
EST,Estonia,2022,43128.6327713627,-1.22616966587796,1.20195424556732,0.5,0.7,2,0.9,32.3,7.7,6.83873027469106
EST,Estonia,2023,41288.6165892158,-2.74421914571231,1.21992552280426,0.3,0.6,1.3,0.6,30.7,8.3,7.00020973986588
EST,Estonia,2024,41189.6675300734,-0.0900428648493801,,,,,,,,7.09812469476047
EST,Estonia,2025,,,,,,,,,,7.09280223681483
ETH,Ethiopia,1995,760.264345021167,6.12751141587474,,73.5,86,96.5,69.2,44.6,6.3,89.5981438184402
ETH,Ethiopia,1996,826.991658780615,12.4261737814951,-1.08355009555817,,,,,,,89.4682517018966
ETH,Ethiopia,1997,826.00521803882,3.1339068517801,,,,,,,,89.3486582926823
ETH,Ethiopia,1998,772.78664639708,-3.4581391346848,-0.989250898361206,,,,,,,89.3487597033186
ETH,Ethiopia,1999,787.679577487053,5.16214582255112,,65.9,85.9,97.7,65.5,30,9.1,89.3387501825257
ETH,Ethiopia,2000,810.270749126975,6.07321748125295,-1.03173887729645,,,,,,,89.5735806570517
ETH,Ethiopia,2001,851.313428423251,8.30130632267965,,,,,,,,89.7201239856499
ETH,Ethiopia,2002,838.298046963913,1.51472570667433,-1.22613191604614,,,,,,,89.9072639482234
ETH,Ethiopia,2003,795.772138310178,-2.16135972256865,-1.11473321914673,,,,,,,90.204888664713
ETH,Ethiopia,2004,877.114494970686,13.5726031401471,-1.18099057674408,41.3,69.9,95.7,55.3,29.8,9.4,90.3512078322708
ETH,Ethiopia,2005,952.115666295785,11.8187659491625,-1.23875725269318,,,,,,,90.5203343018835
ETH,Ethiopia,2006,1024.72911938972,10.8347270679373,-1.19371747970581,,,,,,,90.2641768330575
ETH,Ethiopia,2007,1109.14330261241,11.4561670019891,-1.20370495319366,,,,,,,89.9450870097839
ETH,Ethiopia,2008,1193.74728332973,10.7885216870332,-1.30721271038055,,,,,,,89.5838767830177
ETH,Ethiopia,2009,1262.46398002755,8.8025531990487,-1.29824542999268,,,,,,,89.22170873035
ETH,Ethiopia,2010,1381.19044652656,12.5505383347633,-1.34485614299774,37.4,64.4,93.2,52.6,33.2,8,88.8349580144057
ETH,Ethiopia,2011,1492.5339647204,11.1782962297008,-1.36264383792877,,,,,,,88.4428129524798
ETH,Ethiopia,2012,1576.76875736149,8.64781163513926,-1.30890786647797,,,,,,,88.0693385117263
ETH,Ethiopia,2013,1696.86515591049,10.5822700502552,-1.31313121318817,,,,,,,87.7271951584348
ETH,Ethiopia,2014,1821.39161774962,10.2574929627477,-1.28455746173859,,,,,,,87.2635490033701
ETH,Ethiopia,2015,1957.41454187301,10.3924630141307,-1.29830551147461,33,56.1,89.9,49,35,7.3,86.8080524689374
ETH,Ethiopia,2016,2084.840556194,9.43348265981905,-1.40238106250763,,,,,,,86.3623410416873
ETH,Ethiopia,2017,2222.82824481382,9.56418965754014,-1.43262052536011,,,,,,,85.9513690600726
ETH,Ethiopia,2018,2311.16511659606,6.81614778557282,-1.16189217567444,,,,,,,85.5703892314737
ETH,Ethiopia,2019,2437.97046055952,8.36408573314054,-1.06248962879181,,,,,,,85.2199628039605
ETH,Ethiopia,2020,2516.54907642544,6.05953089054807,-1.03639280796051,,,,,,,85.7358454393711
ETH,Ethiopia,2021,2588.41310215884,5.64153069257077,-1.07109928131104,38.6,63.7,93.5,52.5,31.1,8.3,85.3372193352939
ETH,Ethiopia,2022,2655.59276743729,5.32175988403378,-1.04841494560242,,,,,,,85.0570339605148
ETH,Ethiopia,2023,2757.95923634026,6.59424599357075,-1.06066715717316,,,,,,,84.7805284836266
ETH,Ethiopia,2024,2892.22220168264,7.61277447511073,,,,,,,,84.4685847333756
ETH,Ethiopia,2025,,,,,,,,,,84.1466153506296
FIN,Finland,1995,37069.62898136,4.23436710187066,,0,0,0.2,0.1,23.5,11,13.0598511259224
FIN,Finland,1996,38301.5126175582,3.66265716987186,1.517697930336,,,,,,,13.6956295735845
FIN,Finland,1997,40630.921767316,6.39770068404337,,,,,,,,12.5811151585703
FIN,Finland,1998,42733.4455712897,5.45427021765444,1.46729826927185,,,,,,,11.6711716480019
FIN,Finland,1999,44505.7114770222,4.38928070374669,,,,,,,,10.986683101421
FIN,Finland,2000,46968.841714507,5.75373770498848,1.59303331375122,0,0,0.2,0.1,27.2,9.7,10.6675669526415
FIN,Finland,2001,48099.3014282794,2.64026205699308,,0,0.03333333333333333,0.2,0.1,27.366666666666667,9.6,10.1442731286854
FIN,Finland,2002,48792.4864789775,1.68732644358099,1.5529036521911601,0,0.06666666666666667,0.2,0.1,27.53333333333333,9.5,9.96579256067057
FIN,Finland,2003,49655.5451564067,2.01179992738312,1.57245707511902,0,0.1,0.2,0.1,27.7,9.4,9.82422290801625
FIN,Finland,2004,51494.705860401,4.00537952277651,1.78360843658447,0,0.1,0.2,0.1,27.9,9.4,9.55610705852668
FIN,Finland,2005,52744.048034135,2.77730918518017,1.68709695339203,0.1,0.1,0.2,0.1,27.6,9.5,9.55560131187563
FIN,Finland,2006,54653.981203281,4.01957326515895,1.4940721988678,0.1,0.1,0.2,0.1,28,9.3,9.97185396399102
FIN,Finland,2007,57313.2916474478,5.31280176694145,1.4602267742157,0.1,0.1,0.1,0.1,28.3,9.2,9.86896240804827
FIN,Finland,2008,57494.585352886,0.784431235717051,1.46308124065399,0.1,0.1,0.2,0.1,27.8,9.3,9.27240231057814
FIN,Finland,2009,52599.1487066911,-8.07603116552393,1.46526706218719,0.1,0.1,0.1,0.1,27.5,9.3,10.2362891519733
FIN,Finland,2010,54017.9458623339,3.1682879121621,1.48671269416809,0.1,0.1,0.2,0.1,27.7,9.2,10.6141009107943
FIN,Finland,2011,55053.3906850323,2.39039455396828,1.50755143165588,0.1,0.1,0.1,0.1,27.6,9.3,9.95926927196694
FIN,Finland,2012,53957.6680986279,-1.52284013040689,1.60069715976715,0.1,0.1,0.2,0.1,27.1,9.4,10.0852807602088
FIN,Finland,2013,53183.4286685126,-0.979741024949618,1.5736231803894,0.1,0.1,0.2,0.1,27.2,9.3,10.3590108201427
FIN,Finland,2014,52710.7334867778,-0.4780684247837,1.54184234142303,0.1,0.1,0.2,0.1,26.8,9.4,9.99248847756953
FIN,Finland,2015,52782.4873926277,0.466503766322674,1.54369699954987,0.1,0.1,0.2,0.1,27.1,9.4,10.9832247280087
FIN,Finland,2016,53984.6316254715,2.57193414898754,1.53210496902466,0,0.1,0.2,0.1,27.1,9.4,10.5574042312685
FIN,Finland,2017,55637.2262781223,3.30337003591039,1.5595486164093,0.1,0.1,0.2,0.1,27.4,9.4,9.94449346293616
FIN,Finland,2018,56226.337241343,1.19297759742292,1.58935248851776,0.1,0.1,0.2,0.1,27.3,9.3,9.83014384540746
FIN,Finland,2019,56922.4873163103,1.34973845741737,1.56299781799316,0,0.1,0.2,0.1,27.7,9.2,9.98095197996488
FIN,Finland,2020,55424.8574989208,-2.49103605535707,1.6095118522644,0,0,0.1,0,27.1,9.5,10.2844269865134
FIN,Finland,2021,56790.3766177692,2.67634641498897,1.60936939716339,0,0,0.2,0.1,27.7,9.3,10.5447969174707
FIN,Finland,2022,57068.3056478074,0.763041912763526,1.60676980018616,0.1,0.1,0.3,0.1,27.9,9.3,10.3058665793875
FIN,Finland,2023,56250.8787899319,-0.939093459613758,1.63263607025146,0.2,0.2,0.4,0.3,27.4,9.2,9.76066176622248
FIN,Finland,2024,56123.1479579839,0.416171964862073,,,,,,,,9.45932890235544
FIN,Finland,2025,,,,,,,,,,9.46220771657439
FJI,Fiji,1995,8600.09284204425,2.49999853846879,,,,,,,,37.2978486256861
FJI,Fiji,1996,8956.35010569935,4.80000043020961,0.152574241161346,,,,,,,37.0285761754444
FJI,Fiji,1997,8669.25168630675,-2.19999936869252,,,,,,,,36.9056305277299
FJI,Fiji,1998,8673.87816621436,1.30000045153808,0.226074695587158,,,,,,,36.8218688511424
FJI,Fiji,1999,9328.6066405707,8.79999871927237,,,,,,,,36.6572632422438
FJI,Fiji,2000,9070.99316578265,-1.69999841605511,-0.346214205026627,,,,,,,36.6261589585762
FJI,Fiji,2001,9157.80841609435,2.00000014675203,,,,,,,,36.613150017337
FJI,Fiji,2002,9357.75384260711,3.19999911373272,0.0286506414413452,5.4,14.9,52.4,18.6,38.1,6.7,36.6779812163822
FJI,Fiji,2003,9361.46421337988,0.999999344757256,0.0666418224573135,,,,,,,36.8559839613785
FJI,Fiji,2004,9766.52768879045,5.29999970460942,-0.0370266474783421,,,,,,,37.0284931054211
FJI,Fiji,2005,9745.58145847385,0.700000402432295,0.0493086352944374,,,,,,,37.2990067667466
FJI,Fiji,2006,9837.08591539941,1.85248387199492,-0.325200825929642,,,,,,,38.6898432255497
FJI,Fiji,2007,9672.29015915616,-0.850654310045783,-0.650255858898163,,,,,,,40.1228125810822
FJI,Fiji,2008,9711.96604655315,1.03279422025963,-0.70470142364502,3.8,11.5,48.9,15.6,40.4,6.6,41.5702036591899
FJI,Fiji,2009,9536.81721085631,-1.38603770763578,-0.910686910152435,,,,,,,43.0398878496484
FJI,Fiji,2010,9784.30356200221,2.9546724221223,-1.1063551902771,,,,,,,44.4772081409617
FJI,Fiji,2011,10020.6957855059,2.70514302901054,-1.09306156635284,,,,,,,45.9255291350928
FJI,Fiji,2012,10140.6936395636,1.41131438177968,-0.978677988052368,,,,,,,44.6829633444201
FJI,Fiji,2013,10604.1558725865,4.73421948956533,-0.909636080265045,1.6,7.9,46.7,14.1,36.7,7.5,43.3325675986108
FJI,Fiji,2014,11183.3135357123,5.6035144061830104,-0.176666140556335,,,,,,,41.8954810198425
FJI,Fiji,2015,11674.0633525272,4.50120041028725,0.0277618281543255,,,,,,,37.9055580534324
FJI,Fiji,2016,11951.9196317982,2.44565179664245,0.0286825429648161,,,,,,,34.192259032435
FJI,Fiji,2017,12597.3274662764,5.35336455965039,0.123874723911285,,,,,,,33.9745797595746
FJI,Fiji,2018,13100.0959551236,3.81235122208561,0.145927339792252,,,,,,,33.7383489148067
FJI,Fiji,2019,13056.3310937089,-0.581946709343867,0.0224217269569635,4.7,15.1,61.3,20.9,30.7,8.4,33.5321126602833
FJI,Fiji,2020,10812.0355014178,-17.1835352599354,0.0560786165297031,,,,,,,34.3260327900049
FJI,Fiji,2021,10322.4279638854,-4.3459619989752,-0.1721011698246,,,,,,,33.8612658049478
FJI,Fiji,2022,12118.3182710082,17.7451269773594,-0.143952786922455,,,,,,,33.7007790703502
FJI,Fiji,2023,13194.8047570404,9.44245856738313,0.186145916581154,,,,,,,33.4217455543969
FJI,Fiji,2024,13592.4635937435,3.53085896076352,,,,,,,,33.1103450908952
FJI,Fiji,2025,,,,,,,,,,32.7870716257918
FRA,France,1995,40570.7169560557,2.30479278392259,,,,,,,,8.88354019668312
FRA,France,1996,40990.7395148125,1.39707987198881,1.3111584186554,0.2,0.2,0.7,0.3,32,7.7,8.53780628169876
FRA,France,1997,41876.9330265158,2.5270616339357,,0.2,0.2,0.7,0.3,31.9,7.7,8.29662067737163
FRA,France,1998,43162.5423856938,3.45259434279616,1.17178165912628,0,0.2,0.5,0.2,31.7,7.9,7.89102908486719
FRA,France,1999,44400.1357889191,3.39930808809441,,0,0.2,0.5,0.2,32.5,7.8,7.64706091052847
FRA,France,2000,45922.4789363701,4.14099996402915,1.18298661708832,0,0.2,0.5,0.2,32.6,7.8,7.0342610491006
FRA,France,2001,46454.8706927365,1.89946701186636,,0,0.2,0.2,0.1,32.5,7.8,6.61437479707299
FRA,France,2002,46610.7820717214,1.06775027069419,1.15434229373932,0,0,0.2,0.1,31.8,8.1,6.50719357421791
FRA,France,2003,46730.975806379,0.967827182558352,1.12266278266907,0.2,0.2,0.5,0.2,31.4,8.2,6.81130849064541
FRA,France,2004,47720.4413351103,2.86825052501032,1.45645833015442,0.1,0.1,0.3,0.1,30.6,8.4,6.60889701166431
FRA,France,2005,48257.4650937971,1.88856584109286,1.476771235466,0.1,0.1,0.3,0.1,29.8,8.6,6.53092708744986
FRA,France,2006,49223.247197008,2.71406448755236,1.29872286319733,0,0.1,0.2,0.1,29.7,8.5,6.89935648014665
FRA,France,2007,50157.7837477634,2.53048188351066,1.2597668170929,0,0,0.1,0,32.4,8.1,6.5779477693734
FRA,France,2008,50068.2969141379,0.380171435849121,1.30479431152344,0,0,0.1,0.1,33,7.9,5.95905687141719
FRA,France,2009,48404.965782636304,-2.82455153714783,1.24453508853912,0.1,0.1,0.4,0.2,32.7,7.7,6.48101079417983
FRA,France,2010,49130.422942344,2.00032476039051,1.20285654067993,0.1,0.1,0.4,0.2,33.7,7.7,7.04498766493177
FRA,France,2011,50085.6829779109,2.43757653729007,1.17066836357117,0,0.1,0.2,0.1,33.3,7.8,7.18973610593997
FRA,France,2012,49935.6269081617,0.183835264973013,1.23810577392578,0.1,0.1,0.3,0.1,33.1,7.9,7.11591274294664
FRA,France,2013,50066.5304324783,0.781756446231,1.21920275688171,0.1,0.1,0.2,0.1,32.5,8,6.97353092197546
FRA,France,2014,50326.567863089,0.997832947295251,1.21813237667084,0,0,0.2,0.1,32.3,8,7.36581417536402
FRA,France,2015,50682.8953586333,1.06675474783462,1.20674192905426,0.1,0.2,0.4,0.2,32.7,7.9,7.31675981502274
FRA,France,2016,50984.075297832,0.860031075424033,1.13691318035126,0.1,0.1,0.3,0.1,31.9,8,7.55830733165033
FRA,France,2017,51895.5662985838,2.08361485997399,1.15271818637848,0,0,0.1,0,31.6,8.1,7.40904275870256
FRA,France,2018,52560.9536243841,1.64590872395887,1.1575254201889,0,0.1,0.1,0.1,32.4,8,7.42132147130234
FRA,France,2019,53448.5548849943,2.02744646419237,1.11500012874603,0.1,0.1,0.4,0.2,31.2,7.8,7.85418190336883
FRA,France,2020,49311.333409639,-7.44064589948231,1.06575298309326,0.1,0.2,0.4,0.2,30.7,8,8.19962482332996
FRA,France,2021,52517.3354905855,6.88233783360239,1.10422718524933,0.1,0.2,0.6,0.2,31.5,7.7,7.67358720252073
FRA,France,2022,53673.8137406422,2.71676264185913,1.11015677452087,0.1,0.1,0.4,0.1,31.2,7.8,8.07652198227418
FRA,France,2023,54296.7230897731,1.43921494437743,1.15460133552551,0.1,0.1,0.3,0.1,31.8,7.7,8.08089252177034
FRA,France,2024,54799.3482689389,1.19046798275883,,,,,,,,8.57392583835856
FRA,France,2025,,,,,,,,,,8.49939368550531
FRO,Faroe Islands,1995,,,,,,,,,,
FRO,Faroe Islands,1996,,,,,,,,,,
FRO,Faroe Islands,1997,,,,,,,,,,
FRO,Faroe Islands,1998,,,,,,,,,,
FRO,Faroe Islands,1999,,,,,,,,,,
FRO,Faroe Islands,2000,,,,,,,,,,
FRO,Faroe Islands,2001,,,,,,,,,,
FRO,Faroe Islands,2002,,,,,,,,,,
FRO,Faroe Islands,2003,,,,,,,,,,
FRO,Faroe Islands,2004,,,,,,,,,,
FRO,Faroe Islands,2005,,,,,,,,,,
FRO,Faroe Islands,2006,,,,,,,,,,
FRO,Faroe Islands,2007,,,,,,,,,,
FRO,Faroe Islands,2008,54263.326408917,,,,,,,,,
FRO,Faroe Islands,2009,51533.5447770645,-4.55329824103478,,,,,,,,
FRO,Faroe Islands,2010,51479.1939803423,-0.379817991218616,,,,,,,,
FRO,Faroe Islands,2011,53440.3360261046,3.56636317884431,,,,,,,,
FRO,Faroe Islands,2012,57523.3238940741,7.08148344487884,,,,,,,,
FRO,Faroe Islands,2013,60948.7676649487,5.85614389735763,,,,,,,,
FRO,Faroe Islands,2014,64018.0937166287,5.43214206841004,,,,,,,,
FRO,Faroe Islands,2015,64008.8523742079,0.958001934486234,,,,,,,,
FRO,Faroe Islands,2016,64155.0271268999,1.38644795938293,,,,,,,,
FRO,Faroe Islands,2017,65460.6067882316,3.51201367488443,,,,,,,,
FRO,Faroe Islands,2018,66193.3474230922,2.76370952267429,,,,,,,,
FRO,Faroe Islands,2019,68134.0306302109,4.53851028676189,,,,,,,,
FRO,Faroe Islands,2020,66032.9109106183,-1.63732118017028,,,,,,,,
FRO,Faroe Islands,2021,68426.7943218898,5.06636291600633,,,,,,,,
FRO,Faroe Islands,2022,70256.7191950519,3.86099981669155,,,,,,,,
FRO,Faroe Islands,2023,71807.3137035442,3.15873872329266,,,,,,,,
FRO,Faroe Islands,2024,72059.580327154,0.843716851362103,,,,,,,,
FRO,Faroe Islands,2025,,,,,,,,,,
FSM,"Micronesia, Fed. Sts.",1995,3663.78236228922,7.01446484549948,,,,,,,,
FSM,"Micronesia, Fed. Sts.",1996,3526.09250594956,-3.33904592536733,1.11332213878632,,,,,,,
FSM,"Micronesia, Fed. Sts.",1997,3296.33568727784,-6.21107419101304,,,,,,,,
FSM,"Micronesia, Fed. Sts.",1998,3380.53310212796,2.83680953653287,0.98031097650528,,,,,,,
FSM,"Micronesia, Fed. Sts.",1999,3409.41700394847,1.12879197102525,,,,,,,,
FSM,"Micronesia, Fed. Sts.",2000,3555.49951989363,4.62457361932451,1.00703871250153,,,,,,,
FSM,"Micronesia, Fed. Sts.",2001,3609.87256369558,1.82014181387615,,,,,,,,
FSM,"Micronesia, Fed. Sts.",2002,3623.19636273235,0.443232388562762,1.02382504940033,,,,,,,
FSM,"Micronesia, Fed. Sts.",2003,3692.41720136136,1.76276569060707,1.03586626052856,,,,,,,
FSM,"Micronesia, Fed. Sts.",2004,3586.11247849917,-3.19038314015573,0.786521434783936,,,,,,,
FSM,"Micronesia, Fed. Sts.",2005,3685.99439466343,2.31413355373383,0.949673891067505,15.8,29.2,64.9,28.4,42.4,5.6,
FSM,"Micronesia, Fed. Sts.",2006,3701.35082122551,-0.198978337483553,1.06540775299072,,,,,,,
FSM,"Micronesia, Fed. Sts.",2007,3665.65753455567,-1.72367428324624,1.05853140354156,,,,,,,
FSM,"Micronesia, Fed. Sts.",2008,3601.90031821178,-2.5834881422762,1.08604216575623,,,,,,,
FSM,"Micronesia, Fed. Sts.",2009,3674.48835418326,1.09846663749369,1.07438993453979,,,,,,,
FSM,"Micronesia, Fed. Sts.",2010,3764.95289087757,2.06618820882574,1.05089402198792,,,,,,,
FSM,"Micronesia, Fed. Sts.",2011,3901.67577698307,3.7837208928099,0.99717915058136,,,,,,,
FSM,"Micronesia, Fed. Sts.",2012,3828.74704775533,-1.69422024723235,0.977706372737885,,,,,,,
FSM,"Micronesia, Fed. Sts.",2013,3680.10650035034,-3.67642942893428,0.996571242809296,26.1,43.8,78.1,40.1,40.1,5.5,
FSM,"Micronesia, Fed. Sts.",2014,3575.85071357893,-2.58581649978665,1.11095690727234,,,,,,,
FSM,"Micronesia, Fed. Sts.",2015,3723.39901795888,4.43363849623874,1.13471758365631,,,,,,,
FSM,"Micronesia, Fed. Sts.",2016,3746.13008308173,0.942726461831327,1.14750099182129,,,,,,,
FSM,"Micronesia, Fed. Sts.",2017,3813.44207942995,2.17575003627566,1.14606320858002,,,,,,,
FSM,"Micronesia, Fed. Sts.",2018,3798.59203794112,0,1.12325739860535,,,,,,,
FSM,"Micronesia, Fed. Sts.",2019,3940.26446989917,4.08163265306123,1.14769148826599,,,,,,,
FSM,"Micronesia, Fed. Sts.",2020,3852.20025570019,-1.67294117647059,1.12716591358185,,,,,,,
FSM,"Micronesia, Fed. Sts.",2021,3946.41608109166,3.09969928290539,1.10966408252716,,,,,,,
FSM,"Micronesia, Fed. Sts.",2022,3814.99076486823,-2.90588999868474,1.1250307559967,,,,,,,
FSM,"Micronesia, Fed. Sts.",2023,3814.72009332148,0.453118220707168,1.08513557910919,,,,,,,
FSM,"Micronesia, Fed. Sts.",2024,3824.1523439548,0.718990177344025,,,,,,,,
FSM,"Micronesia, Fed. Sts.",2025,,,,,,,,,,
GAB,Gabon,1995,24344.1857401023,4.97384776335103,,,,,,,,48.4079529059585
GAB,Gabon,1996,24595.9719625614,3.62504902027987,-0.321172207593918,,,,,,,47.0552715571074
GAB,Gabon,1997,25359.6596581834,5.73836739483843,,,,,,,,45.7039942600949
GAB,Gabon,1998,25585.5077964813,3.47783358718901,-0.391127526760101,,,,,,,44.3987896161809
GAB,Gabon,1999,22713.7144403948,-8.93262280230105,,,,,,,,43.2906638182038
GAB,Gabon,2000,21717.2240797447,-1.8829663976089701,-0.470682233572006,,,,,,,42.2636098351978
GAB,Gabon,2001,21604.7804442423,2.13523342197423,,,,,,,,41.2394598508389
GAB,Gabon,2002,20981.4798585102,-0.249033168543434,-0.526887536048889,,,,,,,40.2210770081787
GAB,Gabon,2003,20875.4549326477,2.2473300115045,-0.662809371948242,,,,,,,39.1571784192348
GAB,Gabon,2004,20438.9307067212,0.689543058464849,-0.780080676078796,,,,,,,38.0758433095262
GAB,Gabon,2005,20385.2899909742,2.67620333310926,-0.827001750469208,9.2,20.3,56.9,22.7,42.2,5.8,36.9503518308077
GAB,Gabon,2006,19224.1268658969,-2.80657835569052,-0.950213253498077,,,,,,,35.8784460062229
GAB,Gabon,2007,19751.8762216408,6.00810802487668,-0.86647754907608,,,,,,,34.7317232255808
GAB,Gabon,2008,18493.0921103343,-3.30843064878751,-0.845180630683899,,,,,,,33.6538461538462
GAB,Gabon,2009,17911.1458491661,0.130331119816617,-0.971218228340149,,,,,,,32.5890079842234
GAB,Gabon,2010,18530.5760936058,7.08988731455126,-0.865145206451416,,,,,,,31.5186620688345
GAB,Gabon,2011,19153.0878201525,7.09175334258654,-0.905199348926544,,,,,,,31.4146405388246
GAB,Gabon,2012,19450.4027067379,5.25107691750407,-0.863606691360474,,,,,,,31.2883171175831
GAB,Gabon,2013,19836.4554852011,5.63869900338696,-0.863398909568787,,,,,,,31.1398672729
GAB,Gabon,2014,20008.9899779322,4.31496444107469,-0.866170287132263,,,,,,,30.9866532279665
GAB,Gabon,2015,20147.7116202405,3.8788993950789,-0.894511580467224,,,,,,,30.8291304530698
GAB,Gabon,2016,19988.1755963792,2.09144220829562,-0.968311488628387,,,,,,,30.6897388000985
GAB,Gabon,2017,19555.7078829752,0.472642030911146,-1.06009995937347,3.8,8,32.9,11.2,38,6,30.5870609183618
GAB,Gabon,2018,19225.5982575261,0.83791658082157,-0.961422681808472,,,,,,,30.51469172074
GAB,Gabon,2019,19491.4067631986,3.92080879452831,-1.04159319400787,,,,,,,30.4347159526446
GAB,Gabon,2020,18681.4840738985,-1.83776106357656,-0.977103650569916,,,,,,,30.5370037569652
GAB,Gabon,2021,18523.5798032193,1.46795731487489,-0.891519963741302,,,,,,,29.9749260763579
GAB,Gabon,2022,18662.0497970621,3.03761449530657,-0.880173981189728,,,,,,,29.9504601710225
GAB,Gabon,2023,18701.4227766897,2.43893665064327,-0.919151186943054,,,,,,,29.9180194867911
GAB,Gabon,2024,18923.6616611651,3.39403899592401,,,,,,,,29.8676002449887
GAB,Gabon,2025,,,,,,,,,,29.8054354631479
GBR,United Kingdom,1995,36603.7383816545,3.53339096338078,,0.2,0.5,1,0.5,35.5,7.2,11.0777308120545
GBR,United Kingdom,1996,37465.3771277415,2.61491606949487,1.2723194360733,0.2,0.2,0.7,0.3,35.3,7.2,10.6749434006224
GBR,United Kingdom,1997,39192.610054674,4.8799853038024,,0.2,0.2,0.7,0.3,35.7,7.1,10.4769196395904
GBR,United Kingdom,1998,40347.1799533754,3.24631482881618,1.19527661800385,0.2,0.2,0.7,0.4,36.6,7,10.0338806513699
GBR,United Kingdom,1999,41396.9358449656,2.94445869854798,,0.2,0.2,0.7,0.4,36.8,6.9,10.052635501396
GBR,United Kingdom,2000,43115.5630082237,4.52438074810904,1.32326984405518,0.2,0.2,0.7,0.3,38.8,6.8,9.69436663073989
GBR,United Kingdom,2001,43976.8391685783,2.39102229602824,,0.2,0.5,0.7,0.4,37.1,7,9.60779413351675
GBR,United Kingdom,2002,44539.4636492853,1.70902736258567,1.28342258930206,0.2,0.5,1,0.4,35.1,7.3,9.63680739768636
GBR,United Kingdom,2003,45759.4020280715,3.21851612669614,1.33304226398468,0.2,0.2,0.7,0.4,34.9,7.4,10.100460451629
GBR,United Kingdom,2004,46558.1299600699,2.32601853325993,1.59744584560394,0.2,0.2,0.5,0.3,34.8,7.4,10.1794412970594
GBR,United Kingdom,2005,47529.9377511933,2.7906547174688,1.44395637512207,0.2,0.5,0.7,0.4,35.5,7.2,10.0520045039508
GBR,United Kingdom,2006,48215.0486668938,2.18982132415704,1.37877368927002,0.2,0.2,0.7,0.4,35.9,7.2,10.2881281471454
GBR,United Kingdom,2007,49243.2517368789,2.93091133582351,1.3355964422226,0.2,0.5,0.7,0.4,34.4,7.3,10.4943830183185
GBR,United Kingdom,2008,48833.0712359377,-0.0494116727402769,1.32102286815643,0.2,0.5,0.7,0.4,35.4,7.2,10.5256766322784
GBR,United Kingdom,2009,46241.8039957358,-4.58740819226323,1.30330049991608,0.2,0.5,0.7,0.4,35.1,7.3,10.8207595895658
GBR,United Kingdom,2010,46917.8912974837,2.26054460931586,1.28999388217926,0.2,0.5,0.7,0.4,33.7,7.6,11.3554790283189
GBR,United Kingdom,2011,46949.0207981339,0.851437739020326,1.29741168022156,0.2,0.5,0.7,0.4,33.2,7.7,11.6666074319968
GBR,United Kingdom,2012,47328.2100308702,1.52826034721852,1.33913254737854,0.5,0.5,0.7,0.5,33.1,7.7,12.1332907955343
GBR,United Kingdom,2013,47820.2821627006,1.71846961308464,1.32898461818695,0.2,0.2,0.5,0.3,32.7,7.9,11.9804748001539
GBR,United Kingdom,2014,48964.2863514962,3.16017351468152,1.27575755119324,0.2,0.5,0.7,0.4,33.1,7.7,12.7070175483877
GBR,United Kingdom,2015,49652.7188154397,2.14040560033371,1.29794430732727,0.2,0.5,0.7,0.4,33.3,7.6,12.5442364442758
GBR,United Kingdom,2016,50346.8592925717,2.20652020635357,1.29570603370667,0.2,0.5,0.7,0.4,33.1,7.6,12.8656555388247
GBR,United Kingdom,2017,51586.6756125445,3.02322219840339,1.36429786682129,0.2,0.5,0.7,0.5,32.6,7.6,12.9696842585767
GBR,United Kingdom,2018,52131.6948248133,1.55133095078786,1.3817093372345,0.5,0.5,0.7,0.5,33.7,7.4,13.0346670597528
GBR,United Kingdom,2019,52515.684446109,1.25629899760824,1.26395773887634,0.5,0.5,0.7,0.5,32.8,7.5,12.8689404472607
GBR,United Kingdom,2020,47158.985486323,-10.047896637362,1.23157048225403,0.5,0.5,1,0.6,32.6,7.7,12.494973728953
GBR,United Kingdom,2021,51004.4271714238,8.5431118453255,1.26462173461914,0.5,0.5,1,0.5,32.4,7.7,11.7900980563197
GBR,United Kingdom,2022,53139.151252206,5.14970388522993,1.25854110717773,,,,,,,11.7474589546434
GBR,United Kingdom,2023,52592.6822066393,0.271650048355255,1.26162397861481,,,,,,,11.8606529577705
GBR,United Kingdom,2024,52621.1790252979,1.1264226705118,,,,,,,,11.608541033165
GBR,United Kingdom,2025,,,,,,,,,,11.5317743806429
GEO,Georgia,1995,3762.81153750309,2.59657506969336,,,,,,,,53.0012453484368
GEO,Georgia,1996,4339.0046688347,11.2025463861501,-0.331750810146332,12.2,22.7,60,24.4,37.1,6.1,53.7441570187624
GEO,Georgia,1997,4951.81291757472,10.5208042446244,,28.2,44.7,79.5,41.1,40.7,5.1,54.1056026897201
GEO,Georgia,1998,5233.28837672816,3.1015096961657602,-0.385090172290802,26.8,43.3,79.9,40.5,41.2,5.2,53.9722885895111
GEO,Georgia,1999,5495.24505052866,2.86729567454968,,32.7,51.2,84.6,45.6,40.1,5.4,55.2094383374738
GEO,Georgia,2000,5706.27236527837,1.84038117927339,-0.283675938844681,35,53.8,86,47.3,40.5,5.4,59.9395550984598
GEO,Georgia,2001,6074.08643017282,4.80729867243699,,36.7,57.1,87.7,48.9,39.6,5.8,62.3703164021248
GEO,Georgia,2002,6464.32539672648,5.47402488700408,-0.505115449428558,22.3,39.7,78.7,37.9,37.2,6.3,62.4545286318029
GEO,Georgia,2003,7227.73705960701,11.0570310020104,-0.177865669131279,22.3,40.1,78.3,37.8,36.6,6.3,64.3416152937261
GEO,Georgia,2004,7693.91525392067,5.79268292682926,-0.0782668963074684,20.9,37.1,77,36,36.2,6.3,64.8008403156555
GEO,Georgia,2005,8485.58670534953,9.59113832853026,-0.0903711244463921,22.3,39.2,77.3,37.4,37.4,6.2,64.0477699508338
GEO,Georgia,2006,9337.98906420101,9.42148081189909,-0.0927100256085396,22.5,40,78.5,37.9,36.9,6.3,64.2672602987726
GEO,Georgia,2007,10567.2747164758,12.5755698246405,-0.230410188436508,23.9,42.1,79.8,39.3,38.1,6.2,61.7779032768326
GEO,Georgia,2008,10856.1031328003,2.42161440960641,-0.256853848695755,21.7,38.1,76.6,36.4,38.5,6.1,59.4971888238702
GEO,Georgia,2009,10553.0896395853,-3.65075229596822,-0.188876047730446,21.1,38.5,76.7,36.6,38.2,6.1,59.1839037427895
GEO,Georgia,2010,11294.3685917112,6.24640865303363,-0.160913214087486,23.6,39.5,76.7,37.5,39.5,5.7,57.6307751183667
GEO,Georgia,2011,12288.6828861156,7.9343365253078,-0.172698855400085,21.6,37.3,75.6,36.2,39.6,5.6,56.9217755948709
GEO,Georgia,2012,13193.9596974054,6.57883101954195,0.0215807761996984,18.8,34.1,72.1,33.1,39,5.9,55.2276384593053
GEO,Georgia,2013,13913.0018245661,5.13288531209382,0.138750940561295,14.9,29,66.6,29.3,38.6,6.1,56.3366086415784
GEO,Georgia,2014,14475.3135356035,4.09049059581743,0.284588664770126,12,25.1,64.8,26.9,37.6,6.4,54.9731650387286
GEO,Georgia,2015,14936.8434116647,3.35102350265353,0.274659216403961,10.6,23.8,63.1,25.9,36.5,6.7,52.5224603854618
GEO,Georgia,2016,15442.9564358054,3.45021517996871,0.295699268579483,10.5,23.2,64,25.6,36.6,6.7,51.9764434116661
GEO,Georgia,2017,16237.6242230275,5.15990261658827,0.265135079622269,11.1,23.4,61.5,25.3,37.9,6.3,49.8151083245296
GEO,Georgia,2018,17228.6790847503,6.062036412677,0.229046493768692,11,22.4,62,25,36.4,6.5,47.3615527217238
GEO,Georgia,2019,18186.8816465807,5.38071926589951,0.168092742562294,9.7,21.9,62.5,24.5,35.9,6.8,47.9072755468837
GEO,Georgia,2020,17031.144028342602,-6.2904717853839,0.0556090585887432,12,25.2,66.4,27.1,34.5,7,47.7594417630068
GEO,Georgia,2021,18915.6534005263,10.6442336580969,0.010173449292779,10.8,22.3,64.6,25.2,34.2,7,47.754134909331
GEO,Georgia,2022,20966.5280391134,10.9585321385624,0.0156398266553879,7.7,17.8,56.6,21,33.5,7,47.2297362731509
GEO,Georgia,2023,22590.5293649146,7.83220126555726,0.0347131341695786,5.8,14,49.1,17.3,34.8,7,43.5648041038313
GEO,Georgia,2024,24883.9081161639,9.67979387500691,,4.2,11,45.6,15,33.9,7.3,42.9161269571572
GEO,Georgia,2025,,,,,,,,,,42.4057268691573
GHA,Ghana,1995,3039.68873031674,4.11241897162861,,,,,,,,81.4422322129451
GHA,Ghana,1996,3106.18555480388,4.60246115564627,-0.207235246896744,,,,,,,80.3608502985712
GHA,Ghana,1997,3160.44504053249,4.19635744019571,,,,,,,,79.2608785780756
GHA,Ghana,1998,3229.48228272631,4.70039078427911,-0.187200337648392,65.3,79.8,96.1,66,40.1,5.8,78.5307538368691
GHA,Ghana,1999,3290.26865235748,4.39999682545296,,,,,,,,77.7767338108063
GHA,Ghana,2000,3327.35199291767,3.70000008164408,0.0706235095858574,,,,,,,77.0131263015815
GHA,Ghana,2001,3369.50702508212,4.00000012807919,,,,,,,,76.7213194227969
GHA,Ghana,2002,3425.61820934278,4.49999955900331,0.0284165181219578,,,,,,,76.405124621686
GHA,Ghana,2003,3507.75105744843,5.200000133101,0.271764487028122,,,,,,,76.0781254479944
GHA,Ghana,2004,3607.36522285021,5.59999999077445,0.117705419659615,,,,,,,75.740660224742
GHA,Ghana,2005,3721.30785741996,5.90000381855104,0.197485223412514,60.9,76.7,94.1,63,42.8,5.3,75.3554947372309
GHA,Ghana,2006,3857.86154847605,6.39991260618034,0.40759339928627,,,,,,,74.9313965209772
GHA,Ghana,2007,3923.12567803728,4.34681910440079,0.497320413589478,,,,,,,74.6058683085686
GHA,Ghana,2008,4174.78124103364,9.14979893831817,0.431884378194809,,,,,,,74.2334858734083
GHA,Ghana,2009,4269.16005861557,4.84448705175076,0.498016387224197,,,,,,,73.9210504519872
GHA,Ghana,2010,4495.68916584106,7.89971194051621,0.514764845371246,,,,,,,73.5947339401619
GHA,Ghana,2011,5005.36732498187,14.0471235803149,0.484657794237137,,,,,,,72.7795582862609
GHA,Ghana,2012,5339.71321903045,9.2927894063005,0.431352198123932,41.8,59.8,86.3,50.6,42.4,5.4,72.1818583083342
GHA,Ghana,2013,5593.77481886917,7.31252501678145,0.438787639141083,,,,,,,71.7181857515887
GHA,Ghana,2014,5619.07233511591,2.85624016330883,0.461614340543747,,,,,,,71.2043433958207
GHA,Ghana,2015,5607.36635657413,2.12075933817334,0.488243818283081,,,,,,,70.7620853759152
GHA,Ghana,2016,5666.07795334591,3.37346574966936,0.583152055740356,39,56.3,85.4,49,43.5,4.7,69.1171444148456
GHA,Ghana,2017,5993.63085211077,8.12889488100956,0.596182525157928,,,,,,,67.2233379012015
GHA,Ghana,2018,6234.51208201488,6.20007768127284,0.557817578315735,,,,,,,65.3733158416716
GHA,Ghana,2019,6508.24652305901,6.5077747939152,0.550379991531372,,,,,,,63.604056475719
GHA,Ghana,2020,6412.68541762469,0.513941670628171,0.552889406681061,,,,,,,63.0803075462413
GHA,Ghana,2021,6607.50297378321,5.07646643533542,0.469472467899323,,,,,,,61.2622947977996
GHA,Ghana,2022,6728.45414012286,3.80484980952164,0.400153130292892,,,,,,,60.8654801488998
GHA,Ghana,2023,6808.53775165029,3.14009099763754,0.410351544618607,,,,,,,60.651477788433
GHA,Ghana,2024,7055.62496009323,5.59045469593266,,,,,,,,60.3489010926185
GHA,Ghana,2025,,,,,,,,,,59.9596711870833
GIB,Gibraltar,1995,,,,,,,,,,
GIB,Gibraltar,1996,,,,,,,,,,
GIB,Gibraltar,1997,,,,,,,,,,
GIB,Gibraltar,1998,,,,,,,,,,
GIB,Gibraltar,1999,,,,,,,,,,
GIB,Gibraltar,2000,,,,,,,,,,
GIB,Gibraltar,2001,,,,,,,,,,
GIB,Gibraltar,2002,,,,,,,,,,
GIB,Gibraltar,2003,,,,,,,,,,
GIB,Gibraltar,2004,,,,,,,,,,
GIB,Gibraltar,2005,,,,,,,,,,
GIB,Gibraltar,2006,,,,,,,,,,
GIB,Gibraltar,2007,,,,,,,,,,
GIB,Gibraltar,2008,,,,,,,,,,
GIB,Gibraltar,2009,,,,,,,,,,
GIB,Gibraltar,2010,,,,,,,,,,
GIB,Gibraltar,2011,,,,,,,,,,
GIB,Gibraltar,2012,,,,,,,,,,
GIB,Gibraltar,2013,,,,,,,,,,
GIB,Gibraltar,2014,,,,,,,,,,
GIB,Gibraltar,2015,,,,,,,,,,
GIB,Gibraltar,2016,,,,,,,,,,
GIB,Gibraltar,2017,,,,,,,,,,
GIB,Gibraltar,2018,,,,,,,,,,
GIB,Gibraltar,2019,,,,,,,,,,
GIB,Gibraltar,2020,,,,,,,,,,
GIB,Gibraltar,2021,,,,,,,,,,
GIB,Gibraltar,2022,,,,,,,,,,
GIB,Gibraltar,2023,,,,,,,,,,
GIB,Gibraltar,2024,,,,,,,,,,
GIB,Gibraltar,2025,,,,,,,,,,
GIN,Guinea,1995,2171.72552153265,4.60767320245354,,,,,,,,91.7254678647608
GIN,Guinea,1996,2205.32363416973,4.46157508517599,-1.22957599163055,,,,,,,91.5924932089342
GIN,Guinea,1997,2272.41100463955,5.18160345773762,,,,,,,,91.43061131048
GIN,Guinea,1998,2311.327353403,3.64412124205991,-1.11045014858246,,,,,,,91.2804247376994
GIN,Guinea,1999,2346.2701835771,3.81200403347202,,,,,,,,91.0818057428193
GIN,Guinea,2000,2358.28765608495,2.50306056299607,-1.10104322433472,,,,,,,90.8758535688407
GIN,Guinea,2001,2412.75161959628,3.65834646929586,,,,,,,,90.6754035068157
GIN,Guinea,2002,2498.13177495102,5.16460946696631,-1.26344680786133,50.3,68.1,90.9,56.1,43,5.8,90.4135808350035
GIN,Guinea,2003,2473.23418295471,1.24860125923698,-1.19539868831635,,,,,,,89.872816202951
GIN,Guinea,2004,2477.50282602363,2.34011731288737,-1.27017319202423,,,,,,,89.3246750980779
GIN,Guinea,2005,2501.22160456279,2.99727256275818,-1.17200481891632,,,,,,,88.7556387463413
GIN,Guinea,2006,2478.61319510726,1.18960211693242,-1.22781145572662,,,,,,,88.2376770806733
GIN,Guinea,2007,2587.0048887648,6.81747111070281,-1.36868393421173,44,63,88.8,52.2,39.4,6.3,87.6804570266389
GIN,Guinea,2008,2629.5397474637,4.13301615965833,-1.42630350589752,,,,,,,87.0487685711246
GIN,Guinea,2009,2537.30645758746,-1.12264204848687,-1.30284023284912,,,,,,,86.5559665391496
GIN,Guinea,2010,2594.83050344245,4.81336016967553,-0.917964994907379,,,,,,,85.9917587326235
GIN,Guinea,2011,2673.40873029955,5.61211177430975,-0.887738704681396,,,,,,,85.3956055722162
GIN,Guinea,2012,2762.90350938513,5.91528626133322,-1.01388883590698,21.3,42.7,83.8,39.7,33.7,7.6,84.7440962461019
GIN,Guinea,2013,2802.56007024474,3.94568708624053,-1.02241015434265,,,,,,,84.125505252043
GIN,Guinea,2014,2834.96634347846,3.69655311664086,-0.857646048069,,,,,,,83.4962187620246
GIN,Guinea,2015,2869.85157178732,3.82591056949435,-0.858075261116028,,,,,,,82.9065471890642
GIN,Guinea,2016,3099.78874189372,10.82062719659,-0.761295199394226,,,,,,,82.1438261339484
GIN,Guinea,2017,3332.76576150531,10.3000053427355,-0.739905834197998,,,,,,,81.3309083625921
GIN,Guinea,2018,3455.64512638662,6.35849192736715,-0.769156455993652,11.7,29.2,76.6,31.4,29.6,8.5,80.5418393048145
GIN,Guinea,2019,3557.46233883145,5.61691446889876,-0.768536031246185,,,,,,,79.8453224769091
GIN,Guinea,2020,3630.99330577677,4.70459096113575,-0.919278860092163,,,,,,,80.7303787513769
GIN,Guinea,2021,3738.8051255133,5.5823328114905,-0.989065229892731,,,,,,,80.2901300152473
GIN,Guinea,2022,3792.01068836277,3.97240784200721,-1.08316206932068,,,,,,,80.0684202516554
GIN,Guinea,2023,3904.82395527998,5.54172668627702,-1.14505314826965,,,,,,,79.7496015595189
GIN,Guinea,2024,4016.34191386072,5.35004659051708,,,,,,,,79.4719163463395
GIN,Guinea,2025,,,,,,,,,,79.1687923266818
GMB,"Gambia, The",1995,2456.00078113606,0.881848240754678,,,,,,,,77.1112725090445
GMB,"Gambia, The",1996,2439.04551648512,2.22354563838627,-1.2748167514801,,,,,,,76.9845359967816
GMB,"Gambia, The",1997,2486.93798396527,4.89999910999681,,,,,,,,76.8987290667442
GMB,"Gambia, The",1998,2502.76477124298,3.49999870205306,-0.91581529378891,78,86.8,96.2,73.1,48.3,4.4,76.7403021808125
GMB,"Gambia, The",1999,2589.97773860396,6.39999905009302,,,,,,,,76.5591646695919
GMB,"Gambia, The",2000,2658.61770579464,5.50000021632955,-1.06467461585999,,,,,,,76.3346316620677
GMB,"Gambia, The",2001,2737.69610805906,5.80000024323377,,,,,,,,76.0816490468061
GMB,"Gambia, The",2002,2578.557145742,-3.25000014970206,-0.670977175235748,,,,,,,75.9366664425168
GMB,"Gambia, The",2003,2682.47993310133,6.86999962173842,-0.489668667316437,55.2,69.4,89.8,58,47.3,4.8,75.7629084075399
GMB,"Gambia, The",2004,2794.19352609118,7.05000000064635,-0.67443460226059,,,,,,,75.5592667595928
GMB,"Gambia, The",2005,2653.64239155191,-2.35172936176019,-1.01584625244141,,,,,,,75.4454768923205
GMB,"Gambia, The",2006,2564.68653970519,-0.555580977246521,-0.896951019763947,,,,,,,75.3707646812403
GMB,"Gambia, The",2007,2567.15728802982,3.04324950829739,-0.891591012477875,,,,,,,75.2840171852023
GMB,"Gambia, The",2008,2649.61119865306,6.25590553394287,-0.865504682064056,,,,,,,75.1804926796657
GMB,"Gambia, The",2009,2745.32540574768,6.6657243078367,-1.01221060752869,,,,,,,74.9682422945778
GMB,"Gambia, The",2010,2824.21259222517,5.90833580968288,-1.07546448707581,34.2,52.9,85,46.4,43.6,5.7,74.6565539387339
GMB,"Gambia, The",2011,2519.83983255672,-8.13044422315659,-1.21547913551331,,,,,,,74.4963593253401
GMB,"Gambia, The",2012,2574.93509664061,5.24156924630741,-1.28747808933258,,,,,,,74.2727757710023
GMB,"Gambia, The",2013,2572.44728941685,2.872768790327,-1.25742137432098,,,,,,,73.2331529096012
GMB,"Gambia, The",2014,2465.10971144823,-1.40738249510954,-1.26768577098846,,,,,,,72.2274667120289
GMB,"Gambia, The",2015,2495.95741601525,4.0580738039996,-1.45970582962036,17.1,37.7,78.7,36,35.9,7.4,71.1644783238317
GMB,"Gambia, The",2016,2478.46055756999,1.94335965478776,-1.2605242729187,,,,,,,70.1119061988103
GMB,"Gambia, The",2017,2533.18683710276,4.8226112492757,-0.621979296207428,,,,,,,69.0735564119953
GMB,"Gambia, The",2018,2651.43281455826,7.23489033258579,-0.21559052169323,,,,,,,67.9586263648105
GMB,"Gambia, The",2019,2750.82132179634,6.22205315994859,-0.249280497431755,,,,,,,66.8100301760813
GMB,"Gambia, The",2020,2702.31919474482,0.591487287873974,-0.200950473546982,22,40.2,78.2,37.7,38.8,6.6,67.6333307360061
GMB,"Gambia, The",2021,2777.79620978324,5.25596878816744,-0.104992866516113,,,,,,,66.2846791706917
GMB,"Gambia, The",2022,2863.18049829859,5.49299823010114,-0.04075588285923,,,,,,,65.1728276108768
GMB,"Gambia, The",2023,2963.59873325179,5.9167957146697,-0.0410085804760456,,,,,,,64.1418019599239
GMB,"Gambia, The",2024,3057.68417746891,5.55126069510321,,,,,,,,63.8847640469068
GMB,"Gambia, The",2025,,,,,,,,,,63.5087142735985
GNB,Guinea-Bissau,1995,1999.82023018049,4.4000000061065,,,,,,,,78.1324029692248
GNB,Guinea-Bissau,1996,2185.76736211592,11.6000000043869,-0.972923278808594,,,,,,,77.9381188628363
GNB,Guinea-Bissau,1997,2283.88357077251,6.49999999321456,,,,,,,,77.6212927143778
GNB,Guinea-Bissau,1998,1738.54122410447,-22.4457270657526,-0.943927407264709,,,,,,,77.8446377299877
GNB,Guinea-Bissau,1999,1992.72847838268,16.8150212692905,,,,,,,,77.8226216967
GNB,Guinea-Bissau,2000,1974.62172274651,1.10027815777423,-0.638303697109222,,,,,,,77.8177435274467
GNB,Guinea-Bissau,2001,2025.60064005453,4.7859716500482,,,,,,,,77.7322142710441
GNB,Guinea-Bissau,2002,2053.96189370909,3.65393603642713,-0.658738374710083,68.2,84.3,97.6,66.9,35.6,7.3,77.635474872943007
GNB,Guinea-Bissau,2003,2002.27740627342,-0.285931052286514,-1.06557416915894,,,,,,,77.5579461995001
GNB,Guinea-Bissau,2004,1979.57457765814,1.17189152277038,-0.842662632465363,,,,,,,77.5332299084217
GNB,Guinea-Bissau,2005,2060.53834311757,6.55977111846077,-0.484425157308578,,,,,,,77.4376811351414
GNB,Guinea-Bissau,2006,2065.08370690452,2.66650493269572,-0.628867745399475,,,,,,,77.3215983417592
GNB,Guinea-Bissau,2007,2065.86121747677,2.55982647078751,-0.712383568286896,,,,,,,77.2231106167003
GNB,Guinea-Bissau,2008,2105.54284991215,4.52457514610252,-0.715373158454895,,,,,,,77.0873144201088
GNB,Guinea-Bissau,2009,2102.92720552345,2.44795106098685,-0.759196937084198,,,,,,,76.9924560185316
GNB,Guinea-Bissau,2010,2164.13349780236,5.60536311358261,-0.822992086410522,75.7,85.3,94.9,70.9,50.6,4.5,76.8705455037593
GNB,Guinea-Bissau,2011,2278.40566106623,8.08504167173554,-0.853439450263977,,,,,,,76.6527196652719
GNB,Guinea-Bissau,2012,2180.60762289148,-1.71286958446419,-1.32570588588715,,,,,,,76.522146197204
GNB,Guinea-Bissau,2013,2192.45628322206,3.25607190852087,-1.34348106384277,,,,,,,76.3904021165975
GNB,Guinea-Bissau,2014,2156.2021908175,0.964525745841428,-0.849566519260406,,,,,,,76.3314739942913
GNB,Guinea-Bissau,2015,2230.39106612596,6.1340893623123,-0.749440312385559,,,,,,,76.2372267863482
GNB,Guinea-Bissau,2016,2293.23583589196,5.4326782650304,-0.734231889247894,,,,,,,76.0732965752127
GNB,Guinea-Bissau,2017,2342.41526571427,4.66367943913264,-0.798041522502899,,,,,,,75.9133051909781
GNB,Guinea-Bissau,2018,2373.50158144916,3.76145359637003,-0.683403134346008,37.1,59.4,89.5,49.3,34.8,7.8,75.6874194458749
GNB,Guinea-Bissau,2019,2442.10663731324,5.32749571119344,-0.481889545917511,38.03333333333333,60.3,90.13333333333334,50.1,34.33333333333333,7.833333333333333,75.4967000116286
GNB,Guinea-Bissau,2020,2455.85606168546,2.89139814952995,-0.455601722002029,38.96666666666667,61.2,90.76666666666667,50.9,33.86666666666667,7.866666666666667,76.2602879242479
GNB,Guinea-Bissau,2021,2522.76764302521,5.05055831244401,-0.250631898641586,39.9,62.1,91.4,51.7,33.4,7.9,75.790843807282
GNB,Guinea-Bissau,2022,2603.24022588591,5.52987253058352,-0.417198479175568,,,,,,,75.5925501561412
GNB,Guinea-Bissau,2023,2693.77665018683,5.82749502627256,-0.436878204345703,,,,,,,75.3766530817951
GNB,Guinea-Bissau,2024,2744.27981043716,4.14631137217332,,,,,,,,75.1629870481509
GNB,Guinea-Bissau,2025,,,,,,,,,,74.9439831440967
GNQ,Equatorial Guinea,1995,1892.11653062527,17.4862637323938,,,,,,,,42.7631437479841
GNQ,Equatorial Guinea,1996,3033.84031220306,66.5799972215897,-1.52469968795776,,,,,,,40.6119862393626
GNQ,Equatorial Guinea,1997,7296.10009809843,149.972963487965,,,,,,,,37.5096358997568
GNQ,Equatorial Guinea,1998,8684.6573083064,23.7744823299607,-1.56102991104126,,,,,,,34.3857821445297
GNQ,Equatorial Guinea,1999,10492.4649475554,25.6640154410418,,,,,,,,31.3947404653724
GNQ,Equatorial Guinea,2000,11767.4708814313,18.2137799569674,-1.59922921657562,,,,,,,28.7348425890098
GNQ,Equatorial Guinea,2001,18031.964975074,63.3798754250602,,,,,,,,26.1032243864862
GNQ,Equatorial Guinea,2002,20242.4309684399,19.4628340359251,-1.62372946739197,,,,,,,23.9064568206337
GNQ,Equatorial Guinea,2003,21709.5751241959,13.9552503163825,-1.66345012187958,,,,,,,22.1823658171023
GNQ,Equatorial Guinea,2004,28225.985816122,37.9987268556423,-1.63894009590149,,,,,,,20.6608247979893
GNQ,Equatorial Guinea,2005,31302.957953874,16.7487006053541,-1.6835001707077,,,,,,,19.509883650195
GNQ,Equatorial Guinea,2006,32251.7680082519,7.70491760658767,-1.8262654542923,,,,,,,18.7456522535057
GNQ,Equatorial Guinea,2007,35540.4477563657,15.2821139194857,-1.88797950744629,,,,,,,18.2224842927147
GNQ,Equatorial Guinea,2008,39994.6159790647,17.7991091333811,-1.89406704902649,,,,,,,17.8504850990497
GNQ,Equatorial Guinea,2009,38706.6052512135,1.34335628806095,-1.80686867237091,,,,,,,17.7483708114554
GNQ,Equatorial Guinea,2010,33668.8740654852,-8.92417588851806,-1.86019432544708,,,,,,,18.0336012781467
GNQ,Equatorial Guinea,2011,34341.9342607505,6.52392362989873,-1.89961373806,,,,,,,18.3430955190499
GNQ,Equatorial Guinea,2012,35711.4919273537,8.31287184445641,-1.90504097938538,,,,,,,18.6460662460282
GNQ,Equatorial Guinea,2013,32894.3693189101,-4.13319850131583,-1.96998107433319,,,,,,,19.2582740274995
GNQ,Equatorial Guinea,2014,31765.8997056851,0.415066301596866,-1.97528266906738,,,,,,,19.897980256908
GNQ,Equatorial Guinea,2015,27797.7942803179,-9.11004114881537,-1.99940919876099,,,,,,,20.6382616071889
GNQ,Equatorial Guinea,2016,24435.0645564801,-8.81641723219757,-1.94786310195923,,,,,,,21.4219190135816
GNQ,Equatorial Guinea,2017,22250.4389230263,-5.66750850486686,-1.9711754322052,,,,,,,22.1652577438764
GNQ,Equatorial Guinea,2018,20165.4795550607,-6.23654406734575,-1.8734849691391,,,,,,,22.8589585634576
GNQ,Equatorial Guinea,2019,18446.5916579681,-5.48182537893445,-1.87897419929504,,,,,,,23.4846044723443
GNQ,Equatorial Guinea,2020,17089.153726379,-4.79108083383294,-1.81053125858307,,,,,,,22.944849584044
GNQ,Equatorial Guinea,2021,16821.4486470413,0.860269956382069,-1.72473227977753,,,,,,,22.0823332985495
GNQ,Equatorial Guinea,2022,16932.7706827155,3.22350831658598,-1.70431566238403,8.8,21.5,58.1,23.3,38.5,6.4,22.3571756315423
GNQ,Equatorial Guinea,2023,15688.2384192658,-5.08930872071532,-1.67685103416443,,,,,,,22.6366946432979
GNQ,Equatorial Guinea,2024,15454.428493564,0.907248245986736,,,,,,,,22.8477260728561
GNQ,Equatorial Guinea,2025,,,,,,,,,,23.0816990855308
GRC,Greece,1995,27646.1476383588,2.09971953235275,,2,2.2,6.5,2.8,37,6,33.3094640698128
GRC,Greece,1996,27905.1065690594,1.38247057325857,1.00316429138184,,,,,,,32.3971938783789
GRC,Greece,1997,28768.2401472217,3.60288326516122,,,,,,,,31.6814691932519
GRC,Greece,1998,29592.525483114,3.43693579661333,1.10321736335754,,,,,,,31.4960498133574
GRC,Greece,1999,30263.0543705003,2.65878562321184,,,,,,,,29.7804991131153
GRC,Greece,2000,31386.639783624,4.13782699405849,1.01306200027466,0.2,0.7,3.2,1,34.4,6.9,29.1819869372247
GRC,Greece,2001,32675.9292327768,4.65041459442163,,0.2,0.7,3.1,1,34.95,6.85,28.9488594114425
GRC,Greece,2002,34081.0289759343,4.68313727063017,1.0480192899704,0.2,0.7,3,1,35.5,6.8,28.9611133411585
GRC,Greece,2003,35970.7016808475,5.79682274294369,1.15667390823364,0.6,0.7,2.2,0.9,32.8,7.2,28.9353262332341
GRC,Greece,2004,37811.4913664483,5.37786634595851,1.19141495227814,0.9,1,2.2,1.1,33.6,7.1,28.6709220965401
GRC,Greece,2005,38146.962971083,1.18350635493289,1.09756934642792,0.4,0.6,2.4,0.8,34.6,6.9,28.4891373537035
GRC,Greece,2006,40483.1569225337,6.44339762487436,0.965482771396637,0.7,0.9,2.7,1.1,35.1,6.7,28.3875313049692
GRC,Greece,2007,41796.2336918303,3.50686976639459,0.983873903751373,0.6,0.8,2,0.9,34,7,27.6783493169818
GRC,Greece,2008,41709.3877420312,0.0574740238200775,0.928211510181427,0.4,0.5,1.8,0.7,33.6,7.1,27.0325326035188
GRC,Greece,2009,39886.2135496664,-4.11927606715011,0.891443252563477,0.6,0.7,2.2,0.9,33.6,7,27.0498883413613
GRC,Greece,2010,37566.7483686263,-5.6937412158003,0.897718012332916,1.1,1.4,3.2,1.5,34.1,6.7,27.7991227391922
GRC,Greece,2011,33906.4917435676,-9.87677875300243,0.820455014705658,1.5,2.2,6.4,2.6,34.8,6.1,28.593242542978
GRC,Greece,2012,31250.2268565956,-8.33113421099992,0.700790524482727,2.1,3.1,9,3.5,36.3,5.8,29.633801745922
GRC,Greece,2013,30762.4432227813,-2.27211699888024,0.687213718891144,1.5,2.8,10.3,3.5,36.1,5.9,30.3802640344405
GRC,Greece,2014,31213.3765120298,0.792225060962835,0.618707537651062,2,3.4,9.5,3.7,35.8,5.9,29.6859466470261
GRC,Greece,2015,31347.976574604,-0.228301892172851,0.651585519313812,2,3.1,9.2,3.7,36,5.8,28.126465643969
GRC,Greece,2016,31468.6198471099,-0.0317947678412054,0.668896377086639,1.4,2.2,8,2.8,35,6.3,26.7440180834744
GRC,Greece,2017,31995.4108838386,1.47312472702352,0.658747911453247,1.1,1.7,6.9,2.3,34.4,6.6,26.809058177015
GRC,Greece,2018,32722.3310444029,2.06467207892409,0.741765856742859,0.2,0.3,5.1,1.2,32.9,7.2,25.9179152880344
GRC,Greece,2019,33502.7506488997,2.27718065334808,0.810683846473694,1,1.4,4.8,1.8,33.1,7,24.5538294648534
GRC,Greece,2020,30487.1129331045,-9.19623149726978,0.962944686412811,1.1,1.6,5.1,1.9,33.6,6.7,24.1689746930629
GRC,Greece,2021,33531.15511226,8.65449786002131,0.945290207862854,0.7,1.2,3.6,1.4,32.9,7.1,23.9321375727813
GRC,Greece,2022,35831.3441781205,5.52198580589408,0.956881701946259,0.6,1,3.6,1.2,33.4,7.2,22.6635492785329
GRC,Greece,2023,36700.5134631055,2.13591131996631,1.01216721534729,0.6,0.8,3.2,1.1,33.4,7.2,23.6681730294069
GRC,Greece,2024,37474.2798239947,2.0865743380603,,,,,,,,23.3564047128645
GRC,Greece,2025,,,,,,,,,,23.0616880829343
GRD,Grenada,1995,8750.81831848402,2.12947514959858,,,,,,,,
GRD,Grenada,1996,9076.71902949207,4.43823471603358,0.614710569381714,,,,,,,
GRD,Grenada,1997,9467.7770534851,5.01549460936745,,,,,,,,
GRD,Grenada,1998,10509.109807501,11.7535029919192,0.72468513250351,,,,,,,
GRD,Grenada,1999,11158.4897298503,6.89836243368677,,,,,,,,
GRD,Grenada,2000,11625.050939182,4.88795213650562,0.715227901935577,,,,,,,
GRD,Grenada,2001,11333.2377092409,-2.02390004072058,,,,,,,,
GRD,Grenada,2002,11677.7034172407,3.43732352954147,0.785680055618286,,,,,,,
GRD,Grenada,2003,12726.5266219464,9.46397343076491,0.764794170856476,,,,,,,
GRD,Grenada,2004,12593.3546257337,-0.647450316084857,0.569066882133484,,,,,,,
GRD,Grenada,2005,14211.8426569264,13.2761883306272,0.525194108486176,,,,,,,
GRD,Grenada,2006,13594.355159621,-3.99532824427482,0.720976889133453,,,,,,,
GRD,Grenada,2007,14376.2824512778,6.12345094741467,0.79478645324707,,,,,,,
GRD,Grenada,2008,14463.560012123,0.947542624907697,0.820473313331604,,,,,,,
GRD,Grenada,2009,13463.580293958,-6.61328134799545,0.823060750961304,,,,,,,
GRD,Grenada,2010,13354.9085012616,-0.511146187173722,0.791172504425049,,,,,,,
GRD,Grenada,2011,13397.8500405513,0.764773550338731,0.7851921916008,,,,,,,
GRD,Grenada,2012,13161.3955324377,-1.15483816409801,0.74750292301178,,,,,,,
GRD,Grenada,2013,13386.3189064112,2.35109801677905,0.770301222801208,,,,,,,
GRD,Grenada,2014,14287.9538720088,7.34212396037948,0.906148672103882,,,,,,,
GRD,Grenada,2015,15136.6966673773,6.44522314693144,0.80591237545013406,,,,,,,
GRD,Grenada,2016,15640.8274503805,3.7396039558691,0.816670596599579,,,,,,,
GRD,Grenada,2017,16291.4894625979,4.43867566948151,0.743816733360291,,,,,,,
GRD,Grenada,2018,16964.852001696,4.36144039364797,0.501401007175446,0.8,2.9,19.6,6.1,43.8,5.5,
GRD,Grenada,2019,17036.9151689715,0.676511738873756,0.678193986415863,,,,,,,
GRD,Grenada,2020,14647.7451384876,-13.7566222572107,0.684839725494385,,,,,,,
GRD,Grenada,2021,15290.250903138,4.6977240232674,0.724070906639099,,,,,,,
GRD,Grenada,2022,16376.4273099594,7.31023806981959,0.705830216407776,,,,,,,
GRD,Grenada,2023,17093.1562867447,4.52657497450693,0.753503501415253,,,,,,,
GRD,Grenada,2024,17751.5098662481,3.96332516398188,,,,,,,,
GRD,Grenada,2025,,,,,,,,,,
GRL,Greenland,1995,37584.0719088915,3.72867748911121,,,,,,,,
GRL,Greenland,1996,38090.7089953713,1.52963736132679,,,,,,,,
GRL,Greenland,1997,38581.2151944518,1.46892638096972,,,,,,,,
GRL,Greenland,1998,41500.2312703294,7.75798174482551,,,,,,,,
GRL,Greenland,1999,42072.0565017419,1.37788444524006,,,,,,,,
GRL,Greenland,2000,44991.6751496134,7.10159688181619,,,,,,,,
GRL,Greenland,2001,45405.8543742044,1.26903507902787,,,,,,,,
GRL,Greenland,2002,44793.2704252565,-0.971177310665553,,,,,,,,
GRL,Greenland,2003,46649.0480779756,4.43004572118211,,,,,,,,
GRL,Greenland,2004,49742.0582266726,6.90658283676629,,,,,,,,
GRL,Greenland,2005,52189.001485462,4.98749177090193,,,,,,,,
GRL,Greenland,2006,55243.7102798786,5.55569490080012,,,,,,,,
GRL,Greenland,2007,56763.2387284359,2.3524379811805,,,,,,,,
GRL,Greenland,2008,60506.1946272328,6.1661327018619,,,,,,,,
GRL,Greenland,2009,61035.5672997071,0.865952328886948,1.24529051780701,,,,,,,
GRL,Greenland,2010,61863.2826915137,1.73582505889665,1.28247225284576,,,,,,,
GRL,Greenland,2011,61170.9203658321,-0.496519391959083,1.2762987613678,,,,,,,
GRL,Greenland,2012,62111.1033086807,1.39419335955625,1.29053568840027,,,,,,,
GRL,Greenland,2013,61659.6415225985,-1.29828069335511,1.27861523628235,,,,,,,
GRL,Greenland,2014,64799.3056628017,4.7421356730152,1.27683234214783,,,,,,,
GRL,Greenland,2015,63364.0536061164,-2.52931802394475,1.27399480342865,,,,,,,
GRL,Greenland,2016,66245.7294730698,4.68195410972302,1.27949273586273,,,,,,,
GRL,Greenland,2017,66297.1790691281,0.0527281828800312,1.29565441608429,,,,,,,
GRL,Greenland,2018,66887.6779268926,0.62306542854094,1.28282356262207,,,,,,,
GRL,Greenland,2019,68534.9419039133,2.83217756798683,1.2625652551651,,,,,,,
GRL,Greenland,2020,68533.7339902964,0.250789762104304,1.28185057640076,,,,,,,
GRL,Greenland,2021,69302.0088788237,1.63409410992996,1.27692425251007,,,,,,,
GRL,Greenland,2022,70681.2253902158,2.00455580865604,1.2705550193786601,,,,,,,
GRL,Greenland,2023,71037.5372239623,0.865961986998158,1.27391934394836,,,,,,,
GRL,Greenland,2024,,,,,,,,,,
GRL,Greenland,2025,,,,,,,,,,
GTM,Guatemala,1995,8195.34591091977,4.94854750210382,,,,,,,,37.9537047319523
GTM,Guatemala,1996,8222.06539206535,2.95777988740716,-0.235270127654076,,,,,,,38.0255181674384
GTM,Guatemala,1997,8364.16131429348,4.36408994678341,,,,,,,,37.9919932038884
GTM,Guatemala,1998,8559.98628929783,4.99352780305848,-0.195095881819725,13.4,21.8,46.6,21.2,49.4,3.7,37.9369737020552
GTM,Guatemala,1999,8668.42697938871,3.8470621889051,,11.100000000000001,18.75,44.150000000000006,19.15,51.8,3.6,38.6045794188019
GTM,Guatemala,2000,8770.4040870875,3.6088687174876,-0.285944521427155,8.8,15.7,41.7,17.1,54.2,3.5,39.2918775558137
GTM,Guatemala,2001,8771.15520620407,2.33257486608854,,,,,,,,39.1516274162191
GTM,Guatemala,2002,8901.53633819804,3.83928708556792,-0.358615815639496,,,,,,,38.9936482425336
GTM,Guatemala,2003,8926.15358002845,2.56037766801896,-0.483628332614899,,,,,,,38.850140899419
GTM,Guatemala,2004,9003.85719003217,3.13791683609193,-0.324404269456863,,,,,,,38.698606732558
GTM,Guatemala,2005,9099.72328845701,3.27602692588886,-0.359379410743713,,,,,,,38.5712908868235
GTM,Guatemala,2006,9386.00114713774,5.35139778711536,-0.168789565563202,10.5,18.2,40.2,17.9,54.5,3.1,38.393398033722
GTM,Guatemala,2007,9772.8053901732,6.33771869016203,-0.1712756305933,,,,,,,38.1479655415626
GTM,Guatemala,2008,9889.57209974855,3.29352400028485,-0.201825633645058,,,,,,,37.8990612845959
GTM,Guatemala,2009,9740.70936130832,0.476898106596394,-0.250002413988113,,,,,,,37.7863951627952
GTM,Guatemala,2010,9825.0176796825,2.88417542800377,-0.30328357219696,,,,,,,37.6480649165183
GTM,Guatemala,2011,10032.088632465,4.16390688293349,-0.311964631080627,,,,,,,34.3121350585065
GTM,Guatemala,2012,10126.8283621986,2.97470856847661,-0.356138646602631,,,,,,,38.1209424194401
GTM,Guatemala,2013,10297.8395710411,3.69481894978053,-0.366608381271362,,,,,,,37.9642635784105
GTM,Guatemala,2014,10553.5642244297,4.44397783368888,-0.337663441896439,8,16.9,44.8,18.3,48.3,4.5,37.7668690948347
GTM,Guatemala,2015,10785.9584615777,4.09217081621244,-0.34646120667457603,,,,,,,36.9315606033131
GTM,Guatemala,2016,10872.5939962916,2.67780277623314,-0.290387779474258,,,,,,,34.564450912327104
GTM,Guatemala,2017,11005.4593976653,3.07985126948702,-0.279698878526688,,,,,,,37.6556506995395
GTM,Guatemala,2018,11192.372055508,3.40687348346576,-0.353723645210266,,,,,,,37.9002669743935
GTM,Guatemala,2019,11466.3765822795,4.01789785040324,-0.33345302939415,,,,,,,33.7638042762497
GTM,Guatemala,2020,11097.15041153,-1.78555175063326,-0.378492921590805,,,,,,,38.2561749030253
GTM,Guatemala,2021,11825.141273764,8.04170378184928,-0.46514230966568,,,,,,,42.0032956311106
GTM,Guatemala,2022,12147.9309684074,4.18451817243695,-0.522613763809204,,,,,,,39.2273503942037
GTM,Guatemala,2023,12384.948508094,3.5331575177533,-0.53369927406311,9.7,17.6,47.3,19.5,45.2,4.6,36.6134557678145
GTM,Guatemala,2024,12640.8875023146,3.65186382894819,,,,,,,,36.3741503175863
GTM,Guatemala,2025,,,,,,,,,,36.1609665302842
GUM,Guam,1995,,,,,,,,,,14.1760294074052
GUM,Guam,1996,,,,,,,,,,14.042760679088
GUM,Guam,1997,,,,,,,,,,13.8892612950798
GUM,Guam,1998,,,,,,,,,,13.7390649440936
GUM,Guam,1999,,,,,,,,,,13.598432848483
GUM,Guam,2000,,,,,,,,,,13.435910240005
GUM,Guam,2001,,,,,,,,,,13.3022370596861
GUM,Guam,2002,,,,,,,,,,13.1867956708163
GUM,Guam,2003,,0.879314134974734,,,,,,,,13.0744255744256
GUM,Guam,2004,,6.49378949662236,0.597243964672089,,,,,,,12.9383257897865
GUM,Guam,2005,,3.64231634949867,0.654332458972931,,,,,,,12.7865573720814
GUM,Guam,2006,,-3.65251727541954,0.54846316576004,,,,,,,12.7098568338655
GUM,Guam,2007,,0.717213114754102,0.972128868103027,,,,,,,12.6571748520237
GUM,Guam,2008,,2.03458799593082,0.967198193073273,,,,,,,12.6020534388916
GUM,Guam,2009,,0.438683948155543,0.963811635971069,,,,,,,12.5558728118039
GUM,Guam,2010,,2.26325193567601,0.767428874969482,,,,,,,12.4935459601398
GUM,Guam,2011,,0.0776548243059523,0.784417808055878,,,,,,,12.4470581065846
GUM,Guam,2012,,2.13385063045585,0.800454020500183,,,,,,,12.3899908544356
GUM,Guam,2013,,1.69040835707501,0.783408939838409,,,,,,,12.3168722447344
GUM,Guam,2014,,1.79305192379529,,,,,,,,12.2362269620451
GUM,Guam,2015,,0.825688073394488,,,,,,,,12.1596635097179
GUM,Guam,2016,,0.18198362147406,,,,,,,,12.104845557427
GUM,Guam,2017,,0.890099909173486,,,,,,,,12.0510383766107
GUM,Guam,2018,,-0.828231904933389,1.17226529121399,,,,,,,12.007525764511
GUM,Guam,2019,,2.52360203340596,1.17265796661377,,,,,,,11.9270332900017
GUM,Guam,2020,,-10.5188595714539,1.11480510234833,,,,,,,12.244714484784
GUM,Guam,2021,,2.0581832574708,1.13648295402527,,,,,,,12.100402905626
GUM,Guam,2022,,5.09986426216793,1.09911549091339,,,,,,,12.0656102307478
GUM,Guam,2023,,,,,,,,,,11.9910779440719
GUM,Guam,2024,,,,,,,,,,11.8902022876798
GUM,Guam,2025,,,,,,,,,,11.7523282017865
GUY,Guyana,1995,7071.21280005947,5.03144655812085,,,,,,,,32.5098290496871
GUY,Guyana,1996,7612.30424290021,7.95551754125103,0.254009693861008,,,,,,,32.2251878683889
GUY,Guyana,1997,8064.56715164725,6.18066561019938,,,,,,,,31.9844687497503
GUY,Guyana,1998,7915.22956203951,-1.67910449189729,0.390771746635437,13,21.5,54.2,23.6,45.1,4.3,31.8374477231652
GUY,Guyana,1999,8139.97018415742,2.96015180311224,,,,,,,,31.7136784378625
GUY,Guyana,2000,8025.29326490962,-1.36380390261873,0.464220553636551,,,,,,,31.6770059252955
GUY,Guyana,2001,8212.04321760917,2.2795216592191,,,,,,,,31.6002717559137
GUY,Guyana,2002,8314.0272750321,1.13262696199476,0.542352378368378,,,,,,,31.5334826985312
GUY,Guyana,2003,8267.42910545363,-0.632225388266377,0.42819881439209,,,,,,,31.5284855813724
GUY,Guyana,2004,8404.2001629708,1.56335211034042,0.0669328719377518,,,,,,,31.5105907675249
GUY,Guyana,2005,8256.52519071138,-1.95095759501714,-0.228859812021255,,,,,,,31.5534569328665
GUY,Guyana,2006,8702.33133494001,5.12960934773,0.0918237343430519,,,,,,,31.557814668325
GUY,Guyana,2007,9354.08017716534,7.19123624057457,0.100955948233604,,,,,,,31.4274458933026
GUY,Guyana,2008,9546.70875949436,1.75522349592019,0.112154990434647,,,,,,,31.2788057240912
GUY,Guyana,2009,9924.52660770631,3.61150847218585,0.0926980152726173,,,,,,,31.1361003364847
GUY,Guyana,2010,10374.3947557656,4.13844160137342,0.0661983788013458,,,,,,,30.9676807810642
GUY,Guyana,2011,10958.8598838438,5.19625156051602,0.0294742900878191,,,,,,,30.7765095511267
GUY,Guyana,2012,11534.9985588659,5.27633062046809,-0.00228818249888718,,,,,,,30.5345492726779
GUY,Guyana,2013,11896.9069854942,3.65338433338232,0.0212019812315702,,,,,,,30.3048465190617
GUY,Guyana,2014,12030.0529344045,1.68649445019584,0.156047061085701,,,,,,,30.0860415796032
GUY,Guyana,2015,12040.08253302,0.687404590619494,0.183893635869026,,,,,,,29.8396051098844
GUY,Guyana,2016,12420.4724727603,3.80745626378814,0.253121465444565,,,,,,,29.4948530439238
GUY,Guyana,2017,12801.6408529346,3.73449154571284,0.277443736791611,,,,,,,29.0845124874353
GUY,Guyana,2018,12980.3576003177,4.44091288475967,0.223182663321495,,,,,,,28.6338041788469
GUY,Guyana,2019,13402.4219472757,5.35284003535665,0.253580123186111,,,,,,,28.4664638159168
GUY,Guyana,2020,19234.1301977637,43.479651716849,0.212521523237228,,,,,,,29.4174126568418
GUY,Guyana,2021,22865.9270968882,20.0599975568418,0.239529952406883,,,,,,,30.0127982956804
GUY,Guyana,2022,37068.1993827588,63.3346343654855,0.193488836288452,,,,,,,28.2738407920907
GUY,Guyana,2023,49312.3603225444,33.795011115873,0.148810401558876,,,,,,,26.708694771481
GUY,Guyana,2024,70516.7215064805,43.8193108024355,,,,,,,,25.8194643986982
GUY,Guyana,2025,,,,,,,,,,25.3394436080291
HKG,"Hong Kong SAR, China",1995,37905.6509352086,2.37380672369116,,,,,,,,4.57432074026051
HKG,"Hong Kong SAR, China",1996,37804.068427697,4.25843711528601,0.33362603187561,,,,,,,4.46492898270045
HKG,"Hong Kong SAR, China",1997,39402.5953789391,5.09978939593832,,,,,,,,4.14359122072547
HKG,"Hong Kong SAR, China",1998,36776.3830289355,-5.88264500371425,-0.106265157461166,,,,,,,4.34726105556631
HKG,"Hong Kong SAR, China",1999,37339.9267574178,2.50675994648854,,,,,,,,4.89706974750501
HKG,"Hong Kong SAR, China",2000,39848.59152924,7.6634341189713,-0.0119737386703491,,,,,,,4.84013344364409
HKG,"Hong Kong SAR, China",2001,39777.8561883562,0.560861638399899,,,,,,,,6.01813916883792
HKG,"Hong Kong SAR, China",2002,40258.1727894569,1.65668551983116,0.190888628363609,,,,,,,7.01112610872466
HKG,"Hong Kong SAR, China",2003,41570.5763105053,3.05632955101336,0.449889957904816,,,,,,,6.86012146587024
HKG,"Hong Kong SAR, China",2004,44836.2053321129,8.70010092519611,0.562140464782715,,,,,,,6.90061375062572
HKG,"Hong Kong SAR, China",2005,47938.8998017111,7.38818981322424,0.620391666889191,,,,,,,6.88704679653931
HKG,"Hong Kong SAR, China",2006,50981.7931037524,7.03267723716037,0.508110165596008,,,,,,,6.96497361375984
HKG,"Hong Kong SAR, China",2007,53813.0792084943,6.46480843115236,0.476365208625793,,,,,,,6.35747284746466
HKG,"Hong Kong SAR, China",2008,54630.3763985044,2.1279154483889,0.447788029909134,,,,,,,6.59614443124265
HKG,"Hong Kong SAR, China",2009,53172.3001900618,-2.45915292608368,0.479499638080597,,,,,,,6.59014482433384
HKG,"Hong Kong SAR, China",2010,56355.4117939379,6.76768834119794,0.51484227180481,,,,,,,6.4206015729077
HKG,"Hong Kong SAR, China",2011,58672.8294901182,4.81470669259771,0.574967980384827,,,,,,,6.6527201639213
HKG,"Hong Kong SAR, China",2012,59015.3332811946,1.70030613669923,0.63970947265625,,,,,,,6.96785467353053
HKG,"Hong Kong SAR, China",2013,60601.6097817011,3.10152391561608,0.725121140480042,,,,,,,6.90569112367285
HKG,"Hong Kong SAR, China",2014,61839.810843419,2.76242639191302,0.535635888576508,,,,,,,6.186124791874
HKG,"Hong Kong SAR, China",2015,62779.7484353718,2.38777942738729,0.515059173107147,,,,,,,5.99410000693005
HKG,"Hong Kong SAR, China",2016,63749.4095274634,2.17542886502997,0.378015637397766,,,,,,,5.90840189115284
HKG,"Hong Kong SAR, China",2017,65662.8359167546,3.79611114629799,0.42886358499527,,,,,,,5.88572025607515
HKG,"Hong Kong SAR, China",2018,66993.9679794398,2.84695146463069,0.449582636356354,,,,,,,5.99201950900823
HKG,"Hong Kong SAR, China",2019,65388.3336248234,-1.6724459934221,0.128821641206741,,,,,,,6.00684603013425
HKG,"Hong Kong SAR, China",2020,61328.5288044938,-6.54480412699255,0.0248016472905874,,,,,,,6.03654498099071
HKG,"Hong Kong SAR, China",2021,65884.9376260603,6.45444409087024,-0.253374367952347,,,,,,,6.15816293637989
HKG,"Hong Kong SAR, China",2022,64036.6454154727,-3.68378414495199,-0.400526106357574,,,,,,,6.20730228677218
HKG,"Hong Kong SAR, China",2023,64434.5576690871,3.2238599613664,-0.320146769285202,,,,,,,6.18938579228576
HKG,"Hong Kong SAR, China",2024,66153.9746651078,2.50498758466826,,,,,,,,5.84446162621344
HKG,"Hong Kong SAR, China",2025,,,,,,,,,,5.76075661204423
HND,Honduras,1995,2555.02622819382,24.6744629260929,,34.4,48.8,75.1,42.7,55.5,3.1,39.3566719731516
HND,Honduras,1996,3054.15773738434,22.9573908956763,-0.222767293453217,38.2,51.5,77,45.2,55.7,2.9,39.222547610414
HND,Honduras,1997,3635.98071228428,22.4277453268568,,27.5,40.3,69.9,36.9,52.7,3.5,39.0730945283387
HND,Honduras,1998,3950.83498620229,11.5761659820033,-0.0224337596446276,32.3,42.3,69.1,39.3,57.3,2.2,38.9216331950986
HND,Honduras,1999,4293.82723059843,11.5758601477966,,32.1,43.4,70.8,40.1,55.2,2.4,38.8041030336724
HND,Honduras,2000,4579.68960840984,9.61221881702615,-0.0986045747995377,29.3,39.55,65.35,36.45,55.3,2.45,38.6422693573127
HND,Honduras,2001,4578.94787944773,2.72319327321379,,26.5,35.7,59.9,32.8,55.4,2.5,38.570243201924
HND,Honduras,2002,4627.02278723456,3.75433786119939,-0.162654772400856,29,40.4,65.8,36.6,55.7,2.6,38.4304315291007
HND,Honduras,2003,4714.86701000971,4.54703805165397,-0.177857652306557,34,45.3,69.1,40.4,58.1,2.4,38.1686373873874
HND,Honduras,2004,4885.34258343422,6.23230296069102,-0.340818166732788,33.3,44.4,67.9,39.6,58.1,2.4,37.9013183373395
HND,Honduras,2005,5056.67544412551,6.05059922215973,-0.345806866884232,31.3,41.6,66.1,38.2,59.5,1.9,37.7088205006979
HND,Honduras,2006,5263.15029099578,6.56724355177587,-0.139432832598686,27.3,37,60.8,34,57.5,2.1,37.1164161867279
HND,Honduras,2007,5461.90151889031,6.18832716678008,-0.192796736955643,22,32.2,58.5,30.3,55.8,2.8,34.0418471556523
HND,Honduras,2008,5566.70639487722,4.23160011009342,-0.294657081365585,20.9,30.5,55.6,28.7,55.5,2.7,33.709151910425
HND,Honduras,2009,5313.75573967791,-2.43162787988011,-0.532957136631012,18.1,27.5,52.9,26,51.3,3.3,35.978419193385
HND,Honduras,2010,5396.07227927744,3.73114034433009,-0.503610491752625,19.6,29.5,55.5,27.9,53.1,3.1,38.0795389925997
HND,Honduras,2011,5488.43371596332,3.83569066207505,-0.468656331300735,20.1,29.8,56.2,28.3,52.6,3.1,37.6645235913782
HND,Honduras,2012,5600.6077605497,4.12868774866939,-0.469777703285217,24,35.3,61,32.3,53.4,3,41.1936961676887
HND,Honduras,2013,5644.13384802045,2.79155975746801,-0.474992007017136,20.8,31.2,59.1,29.7,50,3.5,38.6576886643228
HND,Honduras,2014,5705.16246265484,3.0580805621437,-0.409250140190125,20.6,31.1,58.2,28.7,49.9,3.7,34.8560347536189
HND,Honduras,2015,5812.5348879105,3.84007997093951,-0.421847492456436,19.9,30.6,58,28.6,49.2,3.7,37.71901349294
HND,Honduras,2016,5926.49025534228,3.89297219726413,-0.438270062208176,19.8,30.1,55.4,28,49.8,3.2,33.2358510656352
HND,Honduras,2017,6099.60734919414,4.84291391050387,-0.44031897187233,19.3,29.1,56.4,27.7,49.4,3.4,36.7326708854113
HND,Honduras,2018,6219.27973775059,3.84499476966735,-0.52352774143219,19.8,29.2,56.1,27.7,48.9,3.4,36.450801331544596
HND,Honduras,2019,6264.01884276715,2.55963434592314,-0.572002947330475,18.8,28.4,54.5,27,48.2,3.6,34.8929088629628
HND,Honduras,2020,5603.26398377777,-8.96508223267296,-0.618947327136993,,,,,,,35.3839313938655
HND,Honduras,2021,6202.98078812037,12.5652843771279,-0.589453816413879,,,,,,,34.9168377354579
HND,Honduras,2022,6352.58710177732,4.14356194013767,-0.49105179309845,,,,,,,34.6280941166055
HND,Honduras,2023,6467.8800352783,3.57584760454412,-0.45370152592659,17,26.6,53.3,26.1,46.8,3.6,34.3721389715693
HND,Honduras,2024,6585.85535717861,3.55397003296669,,15.7,23.5,49.8,23.4,45.7,3.7,34.1322574132792
HND,Honduras,2025,,,,,,,,,,33.8683943299962
HRV,Croatia,1995,17522.7498076067,6.75071401968756,,,,,,,,23.6838596899134
HRV,Croatia,1996,18849.9814058229,6.10898084975796,-0.161426275968552,,,,,,,23.4391218959095
HRV,Croatia,1997,20110.5137958092,6.16799054733428,,,,,,,,21.0517421063009
HRV,Croatia,1998,20575.9739779999,2.25167791290693,-0.292461693286896,0,0,0.4,0.1,28.7,8.7,19.4052874817005
HRV,Croatia,1999,20489.6776798468,-0.848694429591717,,0,0,4.3,0.4,27.6,9.2,19.7518470759705
HRV,Croatia,2000,21302.2503684536,2.94525315127181,0.510653853416443,0,0,3.9,0.3,31.3,8.3,18.7572582697041
HRV,Croatia,2001,22826.6244928741,3.11123490972072,,0,0,5.6,0.6,31.1,8.3,19.2106175671505
HRV,Croatia,2002,24137.1144281543,5.80332825904055,0.55671101808548,0,0.03333333333333333,3.933333333333333,0.4666666666666667,30.633333333333333,8.4,18.8553240835931
HRV,Croatia,2003,25473.9055156884,5.56837282817526,0.623684108257294,0,0.06666666666666667,2.2666666666666666,0.33333333333333337,30.166666666666668,8.5,17.9954018125196
HRV,Croatia,2004,26528.8871708586,4.17048489878957,0.658320605754852,0,0.1,0.6,0.2,29.7,8.6,16.8198707280257
HRV,Croatia,2005,27641.2061841194,4.3270764246793,0.452612310647964,,,,,,,15.9313819370963
HRV,Croatia,2006,29035.5295382035,5.06907770841399,0.48149374127388,,,,,,,15.0829625243061
HRV,Croatia,2007,30508.2798073417,5.04927635248129,0.517976045608521,,,,,,,14.4034346133468
HRV,Croatia,2008,31113.8644665737,1.97287006723876,0.467806965112686,0,0.1,0.9,0.2,33.7,8,13.868017725592
HRV,Croatia,2009,29024.7588699632,-6.81231217572574,0.48627769947052,1,1.7,6.3,2.3,32.6,7,13.7971496126171
HRV,Croatia,2010,28702.0030009381,-1.33604672354973,0.476428359746933,1.4,2.3,7.9,2.9,32.4,6.9,14.0006183454706
HRV,Croatia,2011,28769.3294749331,-0.110906722446629,0.521082401275635,1,2.1,8.8,2.9,32.3,6.9,13.9205861766417
HRV,Croatia,2012,28259.3454882464,-2.23743360119771,0.540830552577972,1.1,2.3,10.3,3.1,32.5,6.9,13.0006182746613
HRV,Croatia,2013,28397.8562080945,-0.13364573653061,0.513696014881134,1.2,2.1,9.4,3.1,32,7.1,11.9877155799797
HRV,Croatia,2014,28456.7371595258,-0.557692913614588,0.514897346496582,1.2,1.8,7.9,2.7,32.1,7.1,11.5533416163129
HRV,Croatia,2015,29466.6996894141,2.31998692708386,0.555477857589722,0.7,1.3,7.5,2.2,31.1,7.3,11.6176097114994
HRV,Croatia,2016,30821.1637498177,3.46646114288178,0.525477707386017,0.9,1.4,6,1.9,30.9,7.3,10.6718427435921
HRV,Croatia,2017,32348.9341876482,3.28396321643012,0.479264795780182,0.6,1.2,5.6,1.7,30.4,7.4,10.1271482605111
HRV,Croatia,2018,33729.9071211239,2.91107593407843,0.446175158023834,0.5,0.8,3.5,1.2,29.7,7.9,9.65604560814809
HRV,Croatia,2019,35122.8508251139,3.10152683894853,0.454173117876053,0.4,0.6,3.1,0.9,28.9,8,9.22176837984446
HRV,Croatia,2020,32493.3121954167,-8.31086401501189,0.579596340656281,0.4,0.8,2.7,0.9,29.5,7.9,8.84463748328568
HRV,Croatia,2021,36930.2841941405,12.6322190351024,0.601495921611786,0.3,0.4,2,0.7,28.9,8.2,8.80305500920385
HRV,Croatia,2022,39864.0100879958,7.29445343642668,0.616291224956512,0.4,0.6,2.4,0.8,30,7.9,7.98545624115734
HRV,Croatia,2023,41320.2032633085,3.76164540703459,0.569745063781738,0.3,0.6,2,0.7,30.1,7.8,7.24937678198308
HRV,Croatia,2024,42829.1978370384,3.82688702890739,,,,,,,,6.68213638870389
HRV,Croatia,2025,,,,,,,,,,6.3459767354916
HTI,Haiti,1995,3167.91307649838,9.89770748815705,,,,,,,,75.1015070683661
HTI,Haiti,1996,3237.01967477296,4.14077332856783,-0.68902987241745,,,,,,,75.0780778649253
HTI,Haiti,1997,3262.4591815691,2.70471393077787,,,,,,,,75.3634709680604
HTI,Haiti,1998,3272.04956439325,2.18184032957123,-0.614243030548096,,,,,,,75.2741540448308
HTI,Haiti,1999,3299.23533948239,2.71024801048499,,,,,,,,75.2924506738605
HTI,Haiti,2000,3267.07646816599,0.870059259424892,-0.733862698078156,,,,,,,75.3930259080229
HTI,Haiti,2001,3197.05701086586,-0.342747883252144,,75.1,83.5,93.6,71.5,59,2.6,75.3357066712702
HTI,Haiti,2002,3173.73848729607,1.05182013450109,-1.18077600002289,,,,,,,75.3202685631324
HTI,Haiti,2003,3227.12087860443,3.48077973188326,-1.20058274269104,,,,,,,75.0395622932585
HTI,Haiti,2004,3130.85551975981,-1.3178567596495,-1.33551788330078,,,,,,,74.9213149355952
HTI,Haiti,2005,3173.26081032717,3.07217337664731,-1.2315981388092,,,,,,,74.7760814993365
HTI,Haiti,2006,3174.97622258076,1.76875060288195,-0.712554454803467,,,,,,,74.6181659275564
HTI,Haiti,2007,3268.81890675823,4.70652994008303,-0.612985610961914,,,,,,,74.6181730135559
HTI,Haiti,2008,3300.25849332968,2.6580323082747,-0.587012767791748,,,,,,,74.4893778268514
HTI,Haiti,2009,3437.3806965318,5.89037894844316,-0.657142221927643,,,,,,,74.3632824934881
HTI,Haiti,2010,3205.49829961515,-5.65151153448299,-0.711512327194214,,,,,,,74.4739764332237
HTI,Haiti,2011,3330.99820416355,5.09821354410036,-0.749023735523224,,,,,,,74.2960091125677
HTI,Haiti,2012,3296.24782448974,0.502424403581585,-0.762743711471558,40.4,59.2,88.2,50.6,41.1,5.5,74.3008845408301
HTI,Haiti,2013,3387.47180169748,4.32478411472874,-0.749476432800293,,,,,,,74.3712588512168
HTI,Haiti,2014,3434.63597400578,2.88877250863379,-0.791136741638184,,,,,,,74.1162374859301
HTI,Haiti,2015,3433.07529240973,1.40000000859727,-0.798771023750305,,,,,,,74.1410746225615
HTI,Haiti,2016,3446.75276647872,1.81246807847532,-0.75957202911377,,,,,,,74.2662721405128
HTI,Haiti,2017,3485.4923470131,2.51027134544685,-0.73726624250412,,,,,,,74.3271418647626
HTI,Haiti,2018,3496.87870320748,1.66781095484656,-0.75240421295166,,,,,,,74.2253622572215
HTI,Haiti,2019,3392.43263210456,-1.72309699839232,-0.746525049209595,,,,,,,74.2860616254666
HTI,Haiti,2020,3239.83543441301,-3.30550546965893,-0.841260612010956,,,,,,,76.6037161425185
HTI,Haiti,2021,3145.00681057269,-1.79823988931486,-0.952774167060852,,,,,,,75.9970956770557
HTI,Haiti,2022,3057.42840826502,-1.68198396897978,-1.19272232055664,,,,,,,75.8901629589997
HTI,Haiti,2023,2965.94622340134,-1.86388420254838,-1.17997741699219,,,,,,,75.8716215154887
HTI,Haiti,2024,2809.64535578242,-4.16963395808132,,,,,,,,75.9837601216748
HTI,Haiti,2025,,,,,,,,,,76.0358540841877
HUN,Hungary,1995,18977.2437047366,1.48952547593046,,,,,,,,13.0554644693482
HUN,Hungary,1996,19029.1137284914,0.101234227633242,1.0152370929718,,,,,,,13.9695090029513
HUN,Hungary,1997,19635.2949600537,2.97787906543104,,,,,,,,13.6609930830544
HUN,Hungary,1998,20438.3829550506,3.84810814449837,1.0704607963562,0.4,1.6,23.2,5.1,26.4,9.6,12.4369211179833
HUN,Hungary,1999,21128.8884639402,3.08605811588221,,0.7,1.4,15.7,3.8,30.2,8.5,12.1713204246629
HUN,Hungary,2000,22117.9204303193,4.40937501806403,1.13526666164398,0.1,1.6,21.7,4.7,27.2,9.5,11.7720507787043
HUN,Hungary,2001,23069.2114730987,4.06202617226026,,0,1,14.4,3.1,26.9,9.4,11.2951864596933
HUN,Hungary,2002,24229.2953575981,4.73006530805553,1.15602231025696,0.1,0.4,13.7,2.6,26.8,9.5,10.5762306310753
HUN,Hungary,2003,25255.8711300567,3.93877761242727,1.16738212108612,0.2,1.1,13.9,3.2,30.9,8.2,10.1423410907066
HUN,Hungary,2004,26568.118861864,4.96312536156307,1.1494140625,0.3,0.6,9.4,2.2,29.9,8.3,10.8975216045522
HUN,Hungary,2005,27765.7886146197,4.30028318461673,1.17518937587738,1,1.8,10.4,3.2,34.7,7.1,10.2699183572201
HUN,Hungary,2006,28903.0475407078,3.93393162712054,1.01504075527191,0.2,0.4,7,1.5,28.3,8.7,9.48070822762486
HUN,Hungary,2007,29044.0669021254,0.332354337878925,1.04105567932129,0.2,0.6,6.9,1.5,27.9,8.7,9.21965092958627
HUN,Hungary,2008,29384.0070385818,0.993437085479655,0.965708434581757,0.1,0.3,6.7,1.3,27.5,8.8,8.95036470118331
HUN,Hungary,2009,27445.959458479,-6.7401660845502,0.909724354743958,0.1,0.3,7.7,1.5,27,8.9,9.24881021352248
HUN,Hungary,2010,27801.833816111,1.06795068152046,0.894237220287323,0.2,0.4,9,2,29.4,8.2,8.99367488544888
HUN,Hungary,2011,28415.1173442897,1.91670916599742,0.836973130702972,0.2,0.7,8.7,2.1,29.2,8.1,8.88482226101472
HUN,Hungary,2012,28179.656464434,-1.33948446518181,0.749367654323578,0.5,1.4,11.6,3.1,30.8,7.6,8.57322785868027
HUN,Hungary,2013,28891.0217544976,2.03216990678146,0.737164616584778,0.5,1.2,10.6,2.9,31.5,7.6,8.22615819824329
HUN,Hungary,2014,30264.9492302161,4.33435364113967,0.553214013576508,1,1.4,8.3,2.5,30.9,7.6,8.2269109386475
HUN,Hungary,2015,31485.5675425634,3.65981615406955,0.560090661048889,1,1.5,6.4,2,30.4,7.8,7.9433525620706
HUN,Hungary,2016,32378.9674983075,2.43864141309342,0.402424246072769,1.6,2.1,4.3,2.1,30.3,8,7.80260431139358
HUN,Hungary,2017,33828.714942571,4.12418389451805,0.537440478801727,0.9,1.8,4.9,2,30.6,7.9,7.41959045405206
HUN,Hungary,2018,35798.0412754022,5.60613813768876,0.487892836332321,,,,,,,7.46304866328812
HUN,Hungary,2019,37662.67681014,5.07718495088933,0.343573540449142,,,,,,,7.59197535786575
HUN,Hungary,2020,36119.5211735652,-4.33872540024058,0.390373110771179,,,,,,,8.50370240076879
HUN,Hungary,2021,38887.1909527154,7.22291580811137,0.397480607032776,,,,,,,8.73187142313432
HUN,Hungary,2022,40610.9711368238,4.15238057779229,0.425347447395325,,,,,,,8.5430435426258
HUN,Hungary,2023,40333.2546888118,-0.817107370513455,0.35952889919281,,,,,,,8.24644417864645
HUN,Hungary,2024,40686.9319263343,0.560117843140432,,,,,,,,7.99661871652114
HUN,Hungary,2025,,,,,,,,,,7.82939017142129
IDN,Indonesia,1995,6312.93453561158,8.22000739903493,,,,,,,,65.1849755602467
IDN,Indonesia,1996,6695.40975787395,7.81818707670867,-0.923689842224121,68.1,84.1,96.9,65.9,34.2,8.4,64.678897242172
IDN,Indonesia,1997,6897.00236563331,4.69987885390397,,75.44999999999999,88.44999999999999,98,69.85,32.55,8.7,63.1477030001288
IDN,Indonesia,1998,5897.68530859207,-13.1267254923818,-1.02446973323822,82.8,92.8,99.1,73.8,30.9,9,65.7235198574139
IDN,Indonesia,1999,5855.65800744994,0.79112608199847,,66.2,85.1,97.9,65.4,30.8,9.2,64.3603539782223
IDN,Indonesia,2000,6056.38197842165,4.9200677470169,-0.270175904035568,65.7,84.3,97.6,65,30.3,9.2,65.2215913974887
IDN,Indonesia,2001,6190.51954040991,3.64346644721492,,62.3,81.9,96.8,63.3,31.2,9.1,61.2868273427186
IDN,Indonesia,2002,6381.94955179996,4.49947539085764,-0.271903306245804,46.8,73.1,94.9,56.6,30.2,9.5,61.131963923336
IDN,Indonesia,2003,6599.09193597034,4.78036912167654,-0.29938605427742,45.5,71.3,95.4,56.1,29.3,9.4,62.9116193648706
IDN,Indonesia,2004,6843.54654972364,5.03087394501685,-0.255447417497635,45.4,71.7,94.8,56.1,30.4,9,61.2540804454991
IDN,Indonesia,2005,7140.8545640704,5.69257130383384,-0.121925517916679,41.1,68.6,94.6,54.4,29.9,9.2,59.0840304698408
IDN,Indonesia,2006,7434.48785352221,5.50095178520348,-0.0842525288462639,46.8,71.8,95.3,56.8,31.5,8.7,58.5840765475942
IDN,Indonesia,2007,7802.46406905954,6.34502222667214,-0.0198048055171967,41.1,66,92.6,52.9,33.2,8.4,58.9807598305453
IDN,Indonesia,2008,8165.06155116624,6.01370360009123,-0.0112615153193474,38,63.4,92.4,51.6,32.6,8.5,58.4621702981627
IDN,Indonesia,2009,8435.4557468629,4.62887118256153,-9.97999450191855e-4,37.9,63.8,92.1,51.6,33.4,8.4,58.3681793495205
IDN,Indonesia,2010,8848.22473702066,6.22385418062366,-0.0377484634518623,34.1,56.7,88.9,47.7,34.6,8.1,57.2529873177426
IDN,Indonesia,2011,9274.96955181702,6.16978420771008,-0.00853101350367069,31.2,53.6,85.8,45.2,37.9,7.5,54.1008956470533
IDN,Indonesia,2012,9708.61182531081,6.03005065305615,0.0676126480102539,26.6,49.9,84.7,42.8,37.1,7.7,51.2865487748644
IDN,Indonesia,2013,10121.8141535043,5.5572636889101,0.0360430479049683,27.2,49.7,82.6,42.2,38.9,7.4,50.8849119430324
IDN,Indonesia,2014,10504.3869411088,5.006668425755,0.153843909502029,25.7,47.7,82,41.1,38.8,7.4,50.4491195071174
IDN,Indonesia,2015,10893.6621142169,4.87632230022123,0.184877097606659,21.6,43.4,81.9,39.6,38.2,7.4,48.2113835792613
IDN,Indonesia,2016,11319.6634287738,5.03306918280177,0.16793267428875,18,38.7,77.5,35.9,36.9,7.4,48.3329217166956
IDN,Indonesia,2017,11772.5743296107,5.06978590134916,0.131470382213593,14.8,34.1,74.1,33,36.4,7.4,48.4921518603942
IDN,Indonesia,2018,12262.2310300771,5.17429153955024,0.162210986018181,12.5,30.3,71.2,30.7,36.3,7.4,49.1211021884397
IDN,Indonesia,2019,12757.7850854842,5.01928768046282,0.131386235356331,10.8,28.3,70.4,29.6,35.4,7.6,49.138303631225
IDN,Indonesia,2020,12388.5449268131,-2.06551182934165,0.0993008315563202,9.8,26.4,69.4,28.6,35.3,7.6,50.3136526573599
IDN,Indonesia,2021,12757.0746440204,3.7028856282775102,0.149332702159882,8.6,24.2,68.5,27.3,35.5,7.6,49.9031597347253
IDN,Indonesia,2022,13334.2653947637,5.30719722664799,0.14396958053112,7.9,23.7,70.3,27.6,35.5,7.8,50.2806596863492
IDN,Indonesia,2023,13889.9749067297,5.04902331835997,0.138982817530632,6.7,21.9,69.6,26.7,36.1,7.9,50.671641325763
IDN,Indonesia,2024,14470.4372020578,5.03034469419038,,5.4,19.9,68.3,25.5,34.9,8.1,50.3095599926267
IDN,Indonesia,2025,,,,,,,,,,49.9563947518921
IMN,Isle of Man,1995,,4.29999820601022,,,,,,,,
IMN,Isle of Man,1996,,7.70000620736124,,,,,,,,
IMN,Isle of Man,1997,,8.5999943330298,,,,,,,,
IMN,Isle of Man,1998,,13.5000059594272,,,,,,,,
IMN,Isle of Man,1999,,13.6999970168254,,,,,,,,
IMN,Isle of Man,2000,,5.30000152552805,,,,,,,,
IMN,Isle of Man,2001,,5.39999903126116,,,,,,,,
IMN,Isle of Man,2002,,6.19999819490684,,,,,,,,
IMN,Isle of Man,2003,,5.99999968812641,,,,,,,,
IMN,Isle of Man,2004,,5.20000310402496,,,,,,,,
IMN,Isle of Man,2005,,5.89999933576675,,,,,,,,
IMN,Isle of Man,2006,,7.69999871253432,,,,,,,,
IMN,Isle of Man,2007,,7.50000022988817,,,,,,,,
IMN,Isle of Man,2008,,4.90000100081545,,,,,,,,
IMN,Isle of Man,2009,,2.10000027181374,,,,,,,,
IMN,Isle of Man,2010,,3.39999842395957,,,,,,,,
IMN,Isle of Man,2011,,1.99999938207415,,,,,,,,
IMN,Isle of Man,2012,,7.30389108511717,,,,,,,,
IMN,Isle of Man,2013,,4.14186158753493,,,,,,,,
IMN,Isle of Man,2014,,5.15509983748599,,,,,,,,
IMN,Isle of Man,2015,,-0.385866882198087,,,,,,,,
IMN,Isle of Man,2016,,6.95230284899407,,,,,,,,
IMN,Isle of Man,2017,,2.83775807093689,,,,,,,,
IMN,Isle of Man,2018,,2.2133975392251,,,,,,,,
IMN,Isle of Man,2019,,0.254877847398262,,,,,,,,
IMN,Isle of Man,2020,,-8.83681697473475,,,,,,,,
IMN,Isle of Man,2021,,3.83783632334639,,,,,,,,
IMN,Isle of Man,2022,,-4.16539345213232,,,,,,,,
IMN,Isle of Man,2023,,,,,,,,,,
IMN,Isle of Man,2024,,,,,,,,,,
IMN,Isle of Man,2025,,,,,,,,,,
IND,India,1995,2542.42211133345,7.57449183788519,,,,,,,,84.955461234921
IND,India,1996,2680.27888437082,7.54952224920051,0.476563721895218,,,,,,,84.6833073973745
IND,India,1997,2734.52089133672,4.04982084998183,,,,,,,,84.449653662153
IND,India,1998,2847.96234988663,6.18441582172117,0.391242563724518,,,,,,,84.2391985438184
IND,India,1999,3041.48258556057,8.84575555939531,,,,,,,,84.0003167017918
IND,India,2000,3099.5028215766,3.84099115659129,0.35206338763237,,,,,,,83.7213535927474
IND,India,2001,3188.81024020636,4.82396626555771,,,,,,,,83.6831549521375
IND,India,2002,3250.69565544917,3.80397532112175,0.426245898008347,,,,,,,83.5942517249853
IND,India,2003,3445.92592352395,7.8603814759073,0.454564899206161,,,,,,,83.5026779976243
IND,India,2004,3656.12620652098,7.92293661199932,0.39996737241745,46.4,74.5,96.3,57.2,27.7,10,83.3099974655237
IND,India,2005,3881.9661798273,7.92343062148318,0.413685649633408,,,,,,,83.1538717115951
IND,India,2006,4129.77837009239,8.06073257166651,0.437193721532822,,,,,,,82.926212328015
IND,India,2007,4379.69604361151,7.6608150670107,0.453963935375214,,,,,,,82.7394429147281
IND,India,2008,4450.39022919238,3.08669805921981,0.462193101644516,,,,,,,82.6359919103452
IND,India,2009,4731.36160463896,7.86188883286074,0.460749089717865,34.6,66.1,95,52.5,27.8,10,82.4804895935204
IND,India,2010,5059.2827108398,8.49758470221235,0.443312972784042,30.85,61.9,93.75,50.3,28.3,9.85,82.312286141453
IND,India,2011,5249.54925694026,5.24131619937695,0.435818582773209,27.1,57.7,92.5,48.1,28.8,9.7,80.9697610878916
IND,India,2012,5460.43768570052,5.45638755166587,0.399454206228256,,,,,,,79.6487446201012
IND,India,2013,5732.24189090876,6.38610640094825,0.432717055082321,,,,,,,79.0944024401267
IND,India,2014,6079.84393523695,7.41022760508854,0.413222134113312,,,,,,,78.5181807246357
IND,India,2015,6488.14602910787,7.99625378571471,0.427862852811813,,,,,,,77.8760454344934
IND,India,2016,6940.62588857522,8.25630550179086,0.441010862588882,,,,,,,77.2156141688909
IND,India,2017,7326.60693679859,6.79538341897911,0.386967867612839,,,,,,,76.5180932398501
IND,India,2018,7714.33974724531,6.45385134497769,0.360422104597092,,,,,,,75.8131257799368
IND,India,2019,7930.0911303899,3.87143694070356,0.268077671527863,,,,,,,75.2031954710256
IND,India,2020,7399.53068079041,-5.77772470686801,0.127332791686058,,,,,,,75.0761774925483
IND,India,2021,8050.01857452664,9.68959249192875,0.0905434712767601,,,,,,,74.5533066565003
IND,India,2022,8594.39190499879,7.60936497768895,0.0458774901926517,5.3,23.9,82.1,31.1,25.5,10.4,74.0023374256774
IND,India,2023,9301.75603225735,9.19075493028345,0.0944044888019562,,,,,,,72.7628402822064
IND,India,2024,9818.04270686639,6.49476552383821,,,,,,,,72.0646133231289
IND,India,2025,,,,,,,,,,71.583962506186
IRL,Ireland,1995,36094.7616757114,9.63442136559036,,0.5,0.5,4,0.8,37,6.9,19.0156521318077
IRL,Ireland,1996,38452.9454979361,7.37962465765875,1.38243699073792,0.2,0.2,2.5,0.7,35.6,7.2,17.7912498867739
IRL,Ireland,1997,42265.1652200505,11.0217650823433,,,,,,,,17.5505289542835
IRL,Ireland,1998,45493.1692570651,8.7661226571214,1.3557049036026,,,,,,,17.0046293238903
IRL,Ireland,1999,49719.8847973285,10.5298856427062,,,,,,,,15.9746701810869
IRL,Ireland,2000,53675.0054596933,9.40352476399653,1.4082487821579,0.2,0.2,0.7,0.3,33,7.9,15.6624302375989
IRL,Ireland,2001,55630.1013273441,5.30582133514299,,0.2,0.35,1.1,0.44999999999999996,32.65,7.800000000000001,14.8643313778261
IRL,Ireland,2002,57927.488372311,5.89936506079005,1.27081513404846,0.2,0.5,1.5,0.6,32.3,7.7,14.4576145668155
IRL,Ireland,2003,58709.1544464475,3.01383869396012,1.27646601200104,0.2,0.2,0.7,0.3,32.9,7.7,14.1613620854445
IRL,Ireland,2004,61558.5783140852,6.78813990621356,1.47755229473114,0.1,0.1,0.7,0.2,33.6,7.6,14.2393100476434
IRL,Ireland,2005,63689.0843530779,5.73978202625278,1.62385451793671,0.1,0.2,0.3,0.1,33.8,7.7,13.7331101192986
IRL,Ireland,2006,65087.1804631559,4.98785364537615,1.39654088020325,0.5,0.5,0.7,0.4,32.7,7.9,12.7603217452712
IRL,Ireland,2007,66590.1938973457,5.31011830898613,1.39714181423187,0.1,0.2,0.6,0.3,31.9,8.2,12.7678014329663
IRL,Ireland,2008,62320.66630649,-4.48407081043062,1.42259049415588,0.2,0.4,1,0.5,30.9,8.2,13.187599146655
IRL,Ireland,2009,58547.2673956109,-5.09578277913846,1.35357344150543,0.6,0.8,1.8,0.9,32.7,7.7,13.8461844286023
IRL,Ireland,2010,59209.0996763251,1.68297175486512,1.32443165779114,0.7,1,2,1,32.3,7.6,13.6661907552652
IRL,Ireland,2011,59899.917652844,1.60886648916944,1.3053605556488,0.7,0.9,1.9,0.9,32.9,7.5,13.3089360097293
IRL,Ireland,2012,59405.0460751524,-0.40502941658977,1.32252132892609,0.5,0.7,1.6,0.7,33.2,7.5,13.3746128384756
IRL,Ireland,2013,60388.9413147986,2.1929375750029,1.31168913841248,0.7,1,1.9,1,33.5,7.3,13.5247263063636
IRL,Ireland,2014,65575.8061665793,9.38579335130922,1.31748867034912,0.4,0.6,1.3,0.7,31.9,7.9,13.2999035893015
IRL,Ireland,2015,80954.6619818255,24.6239856364006,1.33476042747498,0.4,0.5,0.9,0.6,31.8,8,12.6909769854007
IRL,Ireland,2016,80899.0223207227,1.22271661130947,1.2911810874939,0.3,0.5,0.9,0.5,32.8,7.9,12.3640913280025
IRL,Ireland,2017,87882.7074355024,10.1088576065965,1.29467368125916,0.3,0.3,0.6,0.3,31.4,8.4,11.5395453541863
IRL,Ireland,2018,93276.0188154012,7.68865937437435,1.29576563835144,0.1,0.1,0.1,0.1,30.6,8.7,11.0215666626018
IRL,Ireland,2019,96371.2910180182,4.97288003766816,1.3032408952713,0.1,0.1,0.2,0.1,30.3,8.8,10.4161694658268
IRL,Ireland,2020,101968.554362011,7.15369505735335,1.38936042785645,0.2,0.2,0.2,0.2,29.2,9,10.7652647552293
IRL,Ireland,2021,116903.61243517,16.2581881158197,1.41767168045044,0.1,0.2,0.3,0.2,29.4,9,10.5248396601086
IRL,Ireland,2022,123219.076059494,7.51113888415304,1.45429503917694,0.2,0.2,0.3,0.2,29.9,8.9,10.1821687637063
IRL,Ireland,2023,117862.128878959,-2.53637409313261,1.48345601558685,0.1,0.1,0.3,0.1,29,9.2,10.3210240374341
IRL,Ireland,2024,119037.731175443,2.59946721553708,,,,,,,,9.71567647383549
IRL,Ireland,2025,,,,,,,,,,9.63765167278032
IRN,"Iran, Islamic Rep.",1995,10465.0259592685,2.40104455220023,,,,,,,,44.031043180243
IRN,"Iran, Islamic Rep.",1996,11010.0094976248,6.35052601873645,-0.951336085796356,,,,,,,43.9233674389136
IRN,"Iran, Islamic Rep.",1997,11025.7202371524,1.3503992743003,,,,,,,,43.8956976126821
IRN,"Iran, Islamic Rep.",1998,11101.507869196,2.08001178027133,-0.857599556446075,15.2,27.2,60.1,26.6,44.1,5.2,43.858016120555
IRN,"Iran, Islamic Rep.",1999,11163.6950736445,2.00269623253435,,,,,,,,43.8509858001279
IRN,"Iran, Islamic Rep.",2000,11643.1218077696,5.84552747578209,-0.932390332221985,,,,,,,43.7950143352209
IRN,"Iran, Islamic Rep.",2001,11739.0090911282,2.39217271207868,,,,,,,,43.7592732059576
IRN,"Iran, Islamic Rep.",2002,12583.044990424,8.07882927975243,-1.07524108886719,,,,,,,43.6469632374301
IRN,"Iran, Islamic Rep.",2003,13519.4501926929,8.6392983972006,-1.25318002700806,,,,,,,43.4756584034243
IRN,"Iran, Islamic Rep.",2004,13807.1953114023,4.33666597851041,-1.23303318023682,,,,,,,43.3329237427285
IRN,"Iran, Islamic Rep.",2005,13935.7743087596,3.18980408728824,-1.28215098381042,4.5,10.7,37.7,13.4,43.6,5.3,43.2518554325576
IRN,"Iran, Islamic Rep.",2006,14320.6568534545,4.99979526181222,-1.50055873394012,4.5,11.3,38.2,13.9,44.8,5,43.291895917996
IRN,"Iran, Islamic Rep.",2007,15237.4237850549,8.15577352358517,-1.55446839332581,4.633333333333334,11.033333333333333,37.766666666666666,13.666666666666666,43.9,5.1,42.998431267088
IRN,"Iran, Islamic Rep.",2008,15091.2506521463,0.250856553493634,-1.56973898410797,4.766666666666667,10.766666666666667,37.333333333333336,13.433333333333334,43,5.2,42.3323262633585
IRN,"Iran, Islamic Rep.",2009,15055.1494647199,1.00738545790475,-1.58175098896027,4.9,10.5,36.9,13.2,42.1,5.3,41.7789627123868
IRN,"Iran, Islamic Rep.",2010,15729.9131707266,5.79793830169604,-1.60616195201874,3.6,8.85,37.599999999999994,12.5,38.400000000000006,6.3,40.9478582446078
IRN,"Iran, Islamic Rep.",2011,15947.766097961,2.6457179180628,-1.5831161737442,2.3,7.2,38.3,11.8,34.7,7.3,40.1761751313275
IRN,"Iran, Islamic Rep.",2012,15159.2948206531,-3.74717139864109,-1.60021269321442,1.8,6.3,37.2,11,34.4,7.5,40.7113240617461
IRN,"Iran, Islamic Rep.",2013,14734.740588719,-1.52197920494184,-1.6085216999054,1.9,6.9,39.8,11.7,34,7.6,41.5455355115207
IRN,"Iran, Islamic Rep.",2014,15262.8515760903,4.98477506709476,-1.58091175556183,3.3,8.8,42.1,13.3,34.8,7.2,40.9317834898621
IRN,"Iran, Islamic Rep.",2015,14841.9048340737,-1.42488493937503,-1.51370465755463,3,8.4,41.5,13,35.3,7.2,40.9072700377479
IRN,"Iran, Islamic Rep.",2016,15920.3718021202,8.8150866425182,-1.34287345409393,3,8.6,41.7,13,35.9,7.1,41.8224177004275
IRN,"Iran, Islamic Rep.",2017,16167.9677224227,3.02685468694025,-1.29983973503113,2.7,8.1,38.6,12.1,36.7,6.9,41.9604376389704
IRN,"Iran, Islamic Rep.",2018,15364.8049052614,-3.74796015711334,-1.33061933517456,3.2,9.3,42.1,13.5,37.4,6.8,41.8394195451565
IRN,"Iran, Islamic Rep.",2019,14841.0751514998,-2.36143538770575,-1.38629341125488,4.3,12.1,47.4,16.1,36.5,6.9,41.3323820515392
IRN,"Iran, Islamic Rep.",2020,15381.5845437266,4.44180865358672,-1.47596311569214,4.6,12.2,48.4,16.5,35.8,7,40.5915411766548
IRN,"Iran, Islamic Rep.",2021,15884.4276775963,4.13089685034471,-1.46799623966217,3.7,10.1,42.8,14.1,35.5,7,39.6546340522622
IRN,"Iran, Islamic Rep.",2022,16377.9610645368,4.35281087521344,-1.4606020450592,2.8,8.2,39,12.3,34.8,7.2,39.4508281538172
IRN,"Iran, Islamic Rep.",2023,17044.8173461033,5.33235117216407,-1.45358419418335,2.5,7.5,36,11.3,35.9,7,40.0099577621982
IRN,"Iran, Islamic Rep.",2024,17484.1320140467,3.66312056830718,,,,,,,,39.7632072666364
IRN,"Iran, Islamic Rep.",2025,,,,,,,,,,39.5225758630272
IRQ,Iraq,1995,5969.66964095891,2.12002149754704,,,,,,,,35.4595250009195
IRQ,Iraq,1996,6419.36981876289,11.0207856442482,-1.95664024353027,,,,,,,35.4968455516739
IRQ,Iraq,1997,7545.72976101105,21.237936128861,,,,,,,,35.3879325688
IRQ,Iraq,1998,9871.73398030533,35.0009676190523,-1.94254302978516,,,,,,,34.9224524684522
IRQ,Iraq,1999,11237.8537439894,17.5801703743844,,,,,,,,34.4371878198751
IRQ,Iraq,2000,12702.1641950921,16.7961344440251,-2.01298880577087,,,,,,,33.9436073050358
IRQ,Iraq,2001,12529.6084051005,1.76660876568174,,,,,,,,33.5631228524958
IRQ,Iraq,2002,11144.0505255928,-8.20370481187175,-2.05034351348877,,,,,,,33.4830986660093
IRQ,Iraq,2003,6849.33200800508,-36.6567804383165,-1.50118041038513,,,,,,,33.5476196284826
IRQ,Iraq,2004,10210.5631004959,53.3855472887501,-1.64300525188446,,,,,,,33.6856184335814
IRQ,Iraq,2005,10078.4437646837,1.67522863586828,-1.30099940299988,,,,,,,33.785395750777
IRQ,Iraq,2006,10568.9137652977,5.63829915220637,-1.28219759464264,0.6,2.7,35.2,8.4,28.6,9.3,33.7898366250171
IRQ,Iraq,2007,10853.8161022311,1.88853936243953,-1.12617206573486,,,,,,,33.7239371653776
IRQ,Iraq,2008,11511.9387643664,8.22810710383277,-1.10468685626984,,,,,,,32.8031224969631
IRQ,Iraq,2009,11470.5178061755,3.37929909442771,-1.02345550060272,,,,,,,31.8725604744557
IRQ,Iraq,2010,11816.841015026,6.40256484471193,-0.991843640804291,,,,,,,30.9126561454202
IRQ,Iraq,2011,12267.5848940673,7.546471200426,-1.06950151920319,,,,,,,29.922509089471
IRQ,Iraq,2012,13357.0143882353,13.9364301737537,-1.07618057727814,0.6,3.1,32,8,29.5,8.8,28.8656112256422
IRQ,Iraq,2013,13712.9317142992,7.62828592298754,-1.0572851896286,,,,,,,27.8296007117633
IRQ,Iraq,2014,13536.8227681431,2.26368817563613,-1.14439046382904,,,,,,,28.5546504424125
IRQ,Iraq,2015,13516.0271989204,2.60676642939541,-1.12806236743927,,,,,,,28.1981770794536
IRQ,Iraq,2016,15016.0920644592,13.7873730187089,-1.01559019088745,,,,,,,27.4646455172563
IRQ,Iraq,2017,14417.6306896487,-1.81975035118309,-1.0472719669342,,,,,,,26.6241287218291
IRQ,Iraq,2018,14456.2357053224,2.63385099105624,-0.999539613723755,,,,,,,26.5668338829286
IRQ,Iraq,2019,14910.2250318887,5.51379057542323,-0.964343070983887,,,,,,,27.1255370394852
IRQ,Iraq,2020,12827.6345392323,-12.0367930931152,-1.00754952430725,,,,,,,27.1813272107644
IRQ,Iraq,2021,12731.7535755129,1.50218070952037,-0.963369071483612,,,,,,,26.9831148014689
IRQ,Iraq,2022,13433.3977166987,7.95904804992662,-0.948578834533691,,,,,,,27.0179929780468
IRQ,Iraq,2023,13202.3228073875,0.517705525131191,-0.958918929100037,0.5,2.4,28,6.6,29.8,8.9,27.0725257191358
IRQ,Iraq,2024,12725.0431260393,-1.54525198318304,,,,,,,,27.0719908591808
IRQ,Iraq,2025,,,,,,,,,,27.1405660418458
ISL,Iceland,1995,40867.564218067,0.116583656161382,,,,,,,,12.6540996718056
ISL,Iceland,1996,42475.6936133275,4.49765343483963,1.46238899230957,,,,,,,12.1506442021804
ISL,Iceland,1997,43873.6690642163,4.14087045064694,,,,,,,,12.031088579189
ISL,Iceland,1998,46449.3454621245,7.01048322607343,1.42910289764404,,,,,,,12.0847151535052
ISL,Iceland,1999,47679.8715900493,3.89798762287089,,,,,,,,11.9342082857702
ISL,Iceland,2000,49338.4714252632,4.90518213679276,1.49271559715271,,,,,,,11.8050497693615
ISL,Iceland,2001,50556.9938356842,3.84093935130252,,,,,,,,11.6371469602681
ISL,Iceland,2002,50379.4595507316,0.542286728015213,1.47299218177795,,,,,,,11.6345406875121
ISL,Iceland,2003,51173.1982542632,2.28136971731965,1.55566942691803,0,0.1,0.4,0.1,26.8,9.5,11.2757693096418
ISL,Iceland,2004,54592.5314628804,7.62260520117914,1.62832796573639,0.2,0.2,0.4,0.2,28,9.4,11.2642513912252
ISL,Iceland,2005,57512.4237338213,7.0293406083855,1.568608045578,0,0.1,0.2,0.1,29,9.2,11.4208901722593
ISL,Iceland,2006,59364.2901148281,5.67161248460013,1.44533681869507,0.2,0.3,0.5,0.2,30.2,8.9,11.3965407869401
ISL,Iceland,2007,62940.7473430955,8.74132941508014,1.43100023269653,0.1,0.1,0.3,0.1,29.5,9.1,11.2315988136964
ISL,Iceland,2008,62831.1728631816,1.69961076077263,1.4256500005722,0.1,0.1,0.2,0.1,31.8,8.6,11.0654835714017
ISL,Iceland,2009,57406.4697506817,-8.32146414328021,1.41521406173706,0.1,0.1,0.3,0.1,28.7,9.1,11.1382899075857
ISL,Iceland,2010,56211.8345417402,-2.22181847599202,1.44575238227844,0.1,0.2,0.6,0.2,26.2,9.5,11.3707945391627
ISL,Iceland,2011,56813.742648754,1.37999669140882,1.41072964668274,0.2,0.2,0.8,0.3,26.8,9.3,11.5333409847354
ISL,Iceland,2012,57173.0434212296,1.16931174886884,1.44295036792755,0,0.1,0.4,0.1,26.8,9.3,11.8046759329629
ISL,Iceland,2013,58671.930709837,3.59695700972851,1.43947148323059,0.1,0.1,0.2,0.1,25.4,9.9,11.8397375408721
ISL,Iceland,2014,59133.2701459773,1.91381609098249,1.35721683502197,0,0.1,0.2,0,27.8,9.4,11.8866370952748
ISL,Iceland,2015,60725.7271247657,3.76859023848581,1.37656605243683,0,0,0.2,0.1,26.8,9.5,11.9102348518742
ISL,Iceland,2016,63612.5551585223,6.21808764217616,1.35623157024384,0,0.1,0.2,0.1,27.2,9.4,11.7216788411539
ISL,Iceland,2017,64303.3782501037,3.48506703916689,1.3792781829834,0,0,0.1,0,26.1,9.7,11.5382009967581
ISL,Iceland,2018,65521.9313424781,4.66077032612084,1.3895735740661601,0.3,0.3,0.6,0.3,26.6,9.2,11.3591408662489
ISL,Iceland,2019,64826.4324085557,1.13821230465001,1.30241823196411,0.1,0.1,0.4,0.2,26.8,9.4,11.1437046186092
ISL,Iceland,2020,59543.813498684,-6.64587816297836,1.38175415992737,,,,,,,11.1433467693273
ISL,Iceland,2021,61610.2132740715,5.1805719742238,1.36263966560364,,,,,,,12.3725483635043
ISL,Iceland,2022,65380.3173049324,8.82069395623492,1.4274594783783,,,,,,,12.0488427715935
ISL,Iceland,2023,68118.3960312086,5.18615760140189,1.44590175151825,,,,,,,10.2814429298707
ISL,Iceland,2024,67310.0573573616,-0.970676468918384,,,,,,,,8.4610461643485
ISL,Iceland,2025,,,,,,,,,,8.39730699346984
ISR,Israel,1995,29470.81726085,6.60292466276256,,,,,,,,9.20294390910036
ISR,Israel,1996,30386.1981561933,5.83943847597874,0.704071819782257,,,,,,,9.04141270788055
ISR,Israel,1997,30707.0065373148,3.61234610744576,,0.5,1.2,9,2.2,38.1,6.2,8.91508720306069
ISR,Israel,1998,31246.8564724838,4.11196396238032,0.619312763214111,,,,,,,8.8470929208154
ISR,Israel,1999,31465.6129203265,3.29727980669843,,,,,,,,8.79362597604858
ISR,Israel,2000,33275.0631655978,8.58208942390802,0.694345474243164,,,,,,,8.66904715176618
ISR,Israel,2001,32590.2286180761,0.277927326527333,,0.2,0.7,6.7,1.5,38.9,6,8.67561880079639
ISR,Israel,2002,31897.5848832705,-0.134072634658438,0.589134454727173,0.7,2,12,3.2,39.6,5.6,8.61469843981591
ISR,Israel,2003,31780.7796080985,1.4490576944626,0.644292593002319,0.9,2.2,11.2,3.4,40.7,5.3,8.65770816719507
ISR,Israel,2004,32675.2080644863,4.64789744397389,0.662250339984894,1,2.5,12.7,3.9,41.5,4.9,8.57571494735833
ISR,Israel,2005,33512.8909185546,4.38778887041551,0.646124362945557,1,1.7,12,3.5,42.3,4.9,8.51943643202466
ISR,Israel,2006,34770.0262786336,5.60162698158004,0.774156391620636,0.5,1.5,11.5,3.2,41.6,4.9,8.39512119408031
ISR,Israel,2007,36317.8525090071,6.32334950499747,0.740543842315674,0.5,1.5,9.5,2.7,41.1,5,8.23417365340041
ISR,Israel,2008,36827.9249156064,3.22209599987266,0.723265171051025,0.7,1.7,9.2,2.8,41.6,4.9,8.16141225090817
ISR,Israel,2009,36403.1626371602,1.23773159721814,0.570473194122314,0.7,2.2,10.2,3.3,42.6,4.7,8.13061974429286
ISR,Israel,2010,37722.4099869836,5.53434033902194,0.583845376968384,0.5,1.5,10.2,2.7,42.6,4.8,8.06181158032296
ISR,Israel,2011,39075.375376272,5.51879621371651,0.653309524059296,0.3,1.7,9.2,2.7,41.4,4.9,7.96000780695213
ISR,Israel,2012,39299.3515506546,2.44716836741318,0.644344866275787,0.7,1.5,8.5,2.6,41.3,4.9,7.83569156606514
ISR,Israel,2013,40148.7774492867,4.08570918638205,0.649326622486115,0.5,1.2,6.7,2,39.9,5.2,7.77113876945306
ISR,Israel,2014,40872.5808449627,3.77582843213109,0.727531671524048,0.7,1.2,7.2,2.1,39.8,5.1,7.99516482237057
ISR,Israel,2015,40967.3707596637,2.23760317482488,0.744895875453949,0.5,1,6.7,1.9,39.7,5.1,8.02243569130266
ISR,Israel,2016,41963.675796165,4.45978271860821,0.786591827869415,0.5,1,5.7,1.6,39,5.2,8.15746417215284
ISR,Israel,2017,42947.0586686984,4.3469311670646,0.697401881217957,0.7,1.2,5.5,1.8,38.2,5.2,8.03961985835486
ISR,Israel,2018,43814.2949977965,4.00389862187025,0.631082773208618,0.7,1,4.5,1.4,38.6,5.3,7.99762474884661
ISR,Israel,2019,44580.8078825716,3.71049632750405,0.658972680568695,1,1.5,5.2,1.8,38.3,5.3,7.93079155356355
ISR,Israel,2020,42915.9416939728,-2.02161548237589,0.65166264772415206,0.7,1,4.4,1.5,37.8,5.5,8.23945336404847
ISR,Israel,2021,46162.0822730247,9.38837403354628,0.674106597900391,0.7,1,4.2,1.4,37.9,5.6,8.10576927038061
ISR,Israel,2022,48098.187235579,6.26326343841286,0.677817583084106,,,,,,,7.92071693020327
ISR,Israel,2023,47527.151024672,1.82652049482384,0.64426463842392,,,,,,,7.88898496592273
ISR,Israel,2024,47338.8424624205,0.871968424377442,,,,,,,,7.78988383100841
ISR,Israel,2025,,,,,,,,,,7.70085632782854
ITA,Italy,1995,45410.1391731091,2.88683671925843,,0.7,1,4.2,1.5,35.2,6.4,20.660942864648
ITA,Italy,1996,46008.2389303796,1.34558477192847,1.12929081916809,1.0333333333333332,1.4,4.2,1.7999999999999998,35.7,6.266666666666667,20.5429614146511
ITA,Italy,1997,46869.4256086419,1.92572122608527,,1.3666666666666667,1.8,4.2,2.0999999999999996,36.2,6.133333333333334,20.3355015304877
ITA,Italy,1998,47701.3974191265,1.8043732818638,1.06397449970245,1.7,2.2,4.2,2.4,36.7,6,20.2238479628924
ITA,Italy,1999,48493.6651210308,1.67799157943422,,1.45,1.9500000000000002,3.85,2.15,35.95,6.2,19.7841671206365
ITA,Italy,2000,50353.4200415436,3.88209885062652,1.04071915149689,1.2,1.7,3.5,1.9,35.2,6.4,19.6578548414402
ITA,Italy,2001,51332.2904432567,2.00643329837733,,1.45,1.7,3.35,1.85,34.95,6.45,19.5017468986162
ITA,Italy,2002,51369.1149098293,0.26992966378873,1.03865301609039,1.7,1.7,3.2,1.8,34.7,6.5,19.1270236144434
ITA,Italy,2003,51126.2585544038,0.0665538088732092,0.985716998577118,0.9,1.1,2.3,1.2,34.9,6.7,19.0280531560342
ITA,Italy,2004,51495.0028841364,1.4740217064723,1.17716777324677,0.8,0.9,1.8,1,34.3,6.9,19.4392924004487
ITA,Italy,2005,51585.6445807938,0.762410677306491,1.05702924728394,0.8,1,2.1,1,33.8,6.8,18.4052537770748
ITA,Italy,2006,52304.2402949819,1.79947992234244,1.06452357769012,0.8,0.9,1.8,0.9,33.7,6.9,18.199978193284
ITA,Italy,2007,52747.1905476807,1.46229205289291,1.11190748214722,0.8,1.1,1.9,1,32.9,7.1,17.9851624735803
ITA,Italy,2008,51806.3906176391,-1.02313851177097,1.03202378749847,0.9,1.1,1.9,1.1,33.8,6.9,17.503974409034
ITA,Italy,2009,48774.3916833748,-5.30515401233991,1.03421604633331,1.1,1.3,2.2,1.2,33.8,6.7,17.2201065573124
ITA,Italy,2010,49301.6959141674,1.52910573247101,0.962826371192932,1.4,1.6,2.9,1.7,34.7,6.4,17.476650946175
ITA,Italy,2011,49473.0149235634,0.695463154440176,0.911823928356171,1.3,1.5,2.8,1.6,35.1,6.4,17.3180731941436
ITA,Italy,2012,47795.9579360541,-3.12523877282996,0.916809260845184,1.4,1.8,3.2,1.8,35.2,6.3,17.2337720322081
ITA,Italy,2013,46833.3615309303,-1.81802510749792,0.954193353652954,1.6,2,3.4,2,34.9,6.2,17.2282669826308
ITA,Italy,2014,46825.6511245062,-0.00138761730454462,0.999258756637573,1.4,1.8,3.3,1.8,34.7,6.2,17.1751938901746
ITA,Italy,2015,47311.8255262709,0.885667635240807,1.03490507602692,2.1,2.6,4,2.4,35.4,5.9,16.9838234817977
ITA,Italy,2016,47987.8379581014,1.23622108511661,1.03519976139069,1.8,2.3,3.5,2.2,35.2,6.1,16.6705581753976
ITA,Italy,2017,48849.2183534756,1.60369995294101,0.990754127502441,1.5,1.9,3.5,2,35.9,6,16.1168398722354
ITA,Italy,2018,49133.143527174,0.826646712344115,0.963442385196686,1.7,2.1,3.3,2,35.2,6.1,15.92131310534
ITA,Italy,2019,49690.6298505274,0.429162533780342,0.905108034610748,1,1.3,2.9,1.4,34.6,6.3,15.7716430125318
ITA,Italy,2020,45505.0688708956,-8.86822122185345,1.05461311340332,0.9,1.2,2.4,1.2,35.2,6.3,15.7352530322676
ITA,Italy,2021,49825.3934111848,8.93106210800055,1.08431649208069,0.9,1,1.7,1,34.8,6.5,15.0507731793086
ITA,Italy,2022,52333.3274270604,4.82117669913565,1.07431793212891,0.7,0.7,1.6,0.8,33.7,6.8,14.668726259662
ITA,Italy,2023,52870.3261442897,0.975694840127005,1.11553084850311,0.9,1,1.9,1.1,34.3,6.6,14.5459593201289
ITA,Italy,2024,53265.0032474189,0.692676948440536,,,,,,,,14.4855032271472
ITA,Italy,2025,,,,,,,,,,14.3497072588508
JAM,Jamaica,1995,10257.8065381959,2.34995703773234,,,,,,,,37.5458283519049
JAM,Jamaica,1996,10147.4641121652,-0.113731205844019,0.586983859539032,8.3,20.6,60.2,23,40.4,6.5,37.9078803639126
JAM,Jamaica,1997,9939.66172862006,-1.14045987350366,,7.433333333333334,18.133333333333333,55.16666666666667,20.8,41.63333333333333,6.166666666666667,37.0985288315202
JAM,Jamaica,1998,9624.92935948127,-2.33455353946911,0.727634012699127,6.566666666666667,15.666666666666668,50.13333333333334,18.6,42.86666666666667,5.833333333333333,37.8358480870743
JAM,Jamaica,1999,9650.43726482499,1.04767386709968,,5.7,13.2,45.1,16.4,44.1,5.5,38.0379997655714
JAM,Jamaica,2000,9667.92474492316,0.87870355044231,0.677775979042053,5.933333333333334,13.733333333333333,45.6,16.866666666666667,45.5,5.266666666666667,38.0650824155518
JAM,Jamaica,2001,9736.06291757526,1.34492956615135,,6.166666666666667,14.266666666666667,46.1,17.333333333333332,46.9,5.033333333333333,37.5173292058246
JAM,Jamaica,2002,9869.71291927176,1.99729094191295,0.597427487373352,6.4,14.8,46.6,17.8,48.3,4.8,35.9588782564642
JAM,Jamaica,2003,10169.7500243245,3.66631759041991,0.51918625831604,5.45,13.4,45.45,16.6,46.9,5.05,35.9806100724509
JAM,Jamaica,2004,10244.2066702878,1.32372510450574,0.396904200315475,4.5,12,44.3,15.4,45.5,5.3,36.151104103192
JAM,Jamaica,2005,10278.6834382546,0.893797935409893,0.4180528819561,,,,,,,34.6574768272688
JAM,Jamaica,2006,10522.2367459591,2.89912534481287,0.620725512504578,,,,,,,35.4904358451642
JAM,Jamaica,2007,10622.4442829007,1.43195403769627,0.63701593875885,,,,,,,33.4733203924352
JAM,Jamaica,2008,10490.4686134498,-0.811736702186792,0.579975128173828,,,,,,,35.8068479594529
JAM,Jamaica,2009,9992.97699539021,-4.34530185828071,0.577551782131195,,,,,,,38.2177394453177
JAM,Jamaica,2010,9805.90172806302,-1.45714720850386,0.462827682495117,,,,,,,38.8969207978508
JAM,Jamaica,2011,9932.48380946963,1.73037627006349,0.479151219129562,,,,,,,37.000872053748
JAM,Jamaica,2012,9829.03510015044,-0.613636042132399,0.486024707555771,,,,,,,37.5182050159506
JAM,Jamaica,2013,9839.96506606095,0.517686011311724,0.54337352514267,,,,,,,37.5858508124064
JAM,Jamaica,2014,9872.15913752129,0.689822359762587,0.562573909759521,,,,,,,37.5299844581766
JAM,Jamaica,2015,9931.89875715182,0.92148712399856,0.608758866786957,,,,,,,37.0118077311931
JAM,Jamaica,2016,10179.2536486158,2.76043761369557,0.681360483169556,,,,,,,36.5399507982074
JAM,Jamaica,2017,10391.0378224678,2.29303371291363,0.691000878810883,,,,,,,35.821887860662
JAM,Jamaica,2018,10636.0929784551,2.51584458612513,0.592912912368774,0.4,2,18.3,4.6,35.3,7.3,35.3571841363338
JAM,Jamaica,2019,10816.3720391154,1.80943147301357,0.612631320953369,0.7333333333333333,3.033333333333333,19.833333333333332,5.3999999999999995,36.83333333333333,6.766666666666667,34.1419121881811
JAM,Jamaica,2020,9891.96932961548,-8.30441923583135,0.624157547950745,1.0666666666666664,4.066666666666666,21.366666666666667,6.199999999999999,38.36666666666667,6.233333333333333,34.6924267135031
JAM,Jamaica,2021,10430.6909771759,5.70467978309095,0.618980467319489,1.4,5.1,22.9,7,39.9,5.7,34.2417691287041
JAM,Jamaica,2022,11096.6377085321,6.43930323656186,0.59103798866272,,,,,,,33.1067381908205
JAM,Jamaica,2023,11398.8120394641,2.74634433906714,0.56428599357605,,,,,,,31.7277710267084
JAM,Jamaica,2024,11340.2638800451,-0.535039063867487,,,,,,,,31.6625546744655
JAM,Jamaica,2025,,,,,,,,,,31.5564981404393
JOR,Jordan,1995,7829.08121456011,6.20087444373819,,,,,,,,13.8833306548773
JOR,Jordan,1996,7731.47855807269,2.08702078168028,-0.238322094082832,,,,,,,13.872192661323
JOR,Jordan,1997,7775.5427123949,3.30847538304737,,0,7.2,42.6,12.7,36.4,7.6,13.8233516888472
JOR,Jordan,1998,7826.74015705934,3.01217269046565,-0.420019745826721,,,,,,,13.7330327758507
JOR,Jordan,1999,7920.01974595781,3.38953079405088,,,,,,,,13.6107055144364
JOR,Jordan,2000,8086.92202690853,4.24571192079179,-0.284868985414505,,,,,,,13.4396753641772
JOR,Jordan,2001,8339.78581448441,5.26995757513571,,,,,,,,13.2281618759248
JOR,Jordan,2002,8638.08033080173,5.78380792679296,-0.796563565731049,1,4.2,32.7,9,37,7.2,12.9795149858334
JOR,Jordan,2003,8800.49674649158,4.16166755544407,-0.634042143821716,,,,,,,12.7244659987152
JOR,Jordan,2004,9326.66839127919,8.56721424236899,-0.549854576587677,,,,,,,12.4397933683454
JOR,Jordan,2005,9839.68834968723,8.14659481079931,-0.514288365840912,,,,,,,11.9995113358526
JOR,Jordan,2006,9977.75903329275,8.09297527811933,-0.717004716396332,0.3,1.7,22.4,5.1,33.9,8,11.5649599827973
JOR,Jordan,2007,10161.4021194103,8.17616995204646,-0.676780760288239,0.2,1.45,21.4,4.75,33.25,8.2,11.1815439002834
JOR,Jordan,2008,10641.5894255558,7.22038637280139,-0.737368822097778,0.1,1.2,20.4,4.4,32.6,8.4,10.8225829172059
JOR,Jordan,2009,10938.5027244703,5.02371007272669,-0.784575819969177,0.1,1.05,17.85,3.75,33.150000000000006,8.3,10.503867772977
JOR,Jordan,2010,10953.537631697,2.31483422063046,-0.799314975738525,0.1,0.9,15.3,3.1,33.7,8.2,10.2428656210469
JOR,Jordan,2011,10977.4820450868,2.73717988632104,-0.796205163002014,,,,,,,10.0407243602223
JOR,Jordan,2012,11086.0299443995,2.42935800100238,-0.734492719173431,,,,,,,9.8716626665815
JOR,Jordan,2013,10799.3538143329,2.60994737548631,-0.806856155395508,,,,,,,9.74763100425039
JOR,Jordan,2014,10148.99809876,3.38407809933472,-0.753745794296265,,,,,,,9.69549927759453
JOR,Jordan,2015,9581.68922567813,2.49652879315188,-0.769339382648468,,,,,,,9.78037807138817
JOR,Jordan,2016,9321.9045113153,1.9941808493012,-0.711024165153503,,,,,,,9.85811196840523
JOR,Jordan,2017,9339.81039725983,2.47359815449045,-0.713272511959076,,,,,,,9.6370695795226
JOR,Jordan,2018,9311.53116265584,1.91907091341564,-0.717954337596893,,,,,,,9.13710909077811
JOR,Jordan,2019,9288.52709103516,1.75124077866225,-0.694826781749725,,,,,,,9.27869465995298
JOR,Jordan,2020,9022.63930356769,-1.10275188309046,-0.747906148433685,,,,,,,8.42159752885731
JOR,Jordan,2021,9182.496161256,3.65564358999147,-0.791406750679016,,,,,,,8.47314539189343
JOR,Jordan,2022,9266.57538251337,2.64743514912058,-0.802089989185333,,,,,,,8.38223999828045
JOR,Jordan,2023,9381.35436036929,2.88408339281683,-0.774707794189453,,,,,,,8.18226341011927
JOR,Jordan,2024,9520.25064497454,2.48889409603647,,,,,,,,8.01078718828468
JOR,Jordan,2025,,,,,,,,,,7.85707165090494
JPN,Japan,1995,37442.8946125519,2.6309996164206,,,,,,,,15.2875689162918
JPN,Japan,1996,38528.791438519,3.13387099272759,1.07292950153351,,,,,,,14.8228721736725
JPN,Japan,1997,38814.2535478124,0.981228732290873,,,,,,,,14.6593859248958
JPN,Japan,1998,38217.1955920953,-1.27033049466078,0.946786463260651,,,,,,,14.011523249544
JPN,Japan,1999,38020.0940020688,-0.333929957687772,,,,,,,,13.7635512255745
JPN,Japan,2000,39005.9136305044,2.76464755136783,0.958087980747223,,,,,,,13.2463678060925
JPN,Japan,2001,39062.2817355235,0.386103426142029,,,,,,,,12.6625344322617
JPN,Japan,2002,38987.9102707538,0.0419624992862282,1.01447093486786,,,,,,,12.3096008017037
JPN,Japan,2003,39501.806782419,1.53512549946694,1.08260369300842,,,,,,,12.1423549161267
JPN,Japan,2004,40351.776374395,2.18611569439318,1.04349458217621,,,,,,,12.0403172373367
JPN,Japan,2005,41075.8243580849,1.80390087215821,1.0062769651413,,,,,,,11.7431895484861
JPN,Japan,2006,41613.1483821427,1.3723501275831,0.954123318195343,,,,,,,10.9351326507736
JPN,Japan,2007,42182.1758636624,1.48396941157472,0.969946265220642,,,,,,,10.5453458792008
JPN,Japan,2008,41645.5722078975,-1.22428900061713,0.948859214782715,1,1.7,3.7,1.8,34.6,6.3,10.2565008126016
JPN,Japan,2009,39279.498871012,-5.69323635892741,1.02105367183685,0.9,1.5,3.2,1.4,33,7,9.95152366565176
JPN,Japan,2010,40881.7972423185,4.09791791943181,1.04070508480072,0.7,1,2,0.9,31.5,7.5,9.63133466671252
JPN,Japan,2011,40967.3431400832,0.0238095237995424,1.07113337516785,0.5,1.2,2.7,1.1,33,7,9.39869506833897
JPN,Japan,2012,41596.9238038796,1.37475099905274,1.10129523277283,1.5,1.5,2.4,1.5,32.5,7.2,9.31931090848193
JPN,Japan,2013,42492.2439560498,2.00510017681211,1.10958802700043,1,1.2,3.7,1.6,31.5,7.2,9.12867996445858
JPN,Japan,2014,42674.6976301321,0.296205514141889,1.03605246543884,0.7,0.9,1.7,0.9,31.3,7.8,9.07780809867074
JPN,Japan,2015,43386.7100739513,1.56062669680782,0.988048911094666,0.4,0.6,2,0.7,30.7,7.9,8.81954916259362
JPN,Japan,2016,43736.1305076612,0.753826745789127,0.983571171760559,0.7,1.2,2.6,1.1,31.8,7.3,8.42781450699563
JPN,Japan,2017,44505.2792603684,1.67533175173359,1.00365543365479,0.6,1.2,2,1,31.8,7.4,8.31960341437309
JPN,Japan,2018,44848.4899421798,0.643391023533141,0.994713246822357,1,1.7,3.2,1.6,32.9,6.8,8.22471239794535
JPN,Japan,2019,44730.9102844958,-0.402169200894946,0.929692089557648,1.2,1.7,3.7,1.8,33,6.8,8.10869689289236
JPN,Japan,2020,42992.4796365328,-4.16876457146743,0.982900321483612,1.2,1.5,3.2,1.5,32.3,6.9,8.10915824404449
JPN,Japan,2021,44355.3487163354,2.69657404187188,1.06584024429321,,,,,,,8.6508100892387
JPN,Japan,2022,44972.3438362201,0.941998775483285,1.02100276947021,,,,,,,7.88770804842949
JPN,Japan,2023,45858.6595131439,1.47503481053384,1.10550534725189,,,,,,,7.8790588899942
JPN,Japan,2024,46106.9229230044,0.104309021773304,,,,,,,,7.63302185798352
JPN,Japan,2025,,,,,,,,,,7.48734248817046
KAZ,Kazakhstan,1995,10600.3302270095,-8.2000000011824,,,,,,,,40.9713214716405
KAZ,Kazakhstan,1996,10857.4353898737,0.500000002073506,-0.964694976806641,14.6,30.1,69.5,30.5,35.4,6.9,41.0873118284358
KAZ,Kazakhstan,1997,11298.5805497095,1.69999999949513,,,,,,,,41.0693912119389
KAZ,Kazakhstan,1998,11364.0307809315,-1.89999999942479,-0.76375538110733,,,,,,,40.9712668083733
KAZ,Kazakhstan,1999,11815.7732115429,2.69999999784199,,,,,,,,40.7695123593687
KAZ,Kazakhstan,2000,12935.864368308,9.80000000214156,-0.965679228305817,,,,,,,40.471005618263
KAZ,Kazakhstan,2001,14612.0290050498,13.4999999984358,,20.7,38.3,77.4,36.4,36,6.7,39.9868083377656
KAZ,Kazakhstan,2002,15960.8738450013,9.79999999960842,-1.0726033449173,16.2,34.2,75.6,33.6,34.8,7.3,38.088861156944
KAZ,Kazakhstan,2003,17344.752672995,9.30000000033759,-1.0917055606842,12.3,28.7,71,29.8,33.7,7.5,37.4463238374528
KAZ,Kazakhstan,2004,18886.5811908122,9.60000000136854,-1.12852549552917,7.6,22.3,68.3,26.2,31.8,8.2,35.8027991135192
KAZ,Kazakhstan,2005,20565.5294470866,9.69999999922682,-1.03166806697845,14.6,29.1,64.7,28.6,39.8,5.9,34.3982320895538
KAZ,Kazakhstan,2006,22574.3429577665,10.7,-1.18962633609772,2.4,9,55.7,16.7,30.2,8.9,33.5899467410653
KAZ,Kazakhstan,2007,24351.3464102542,8.89999999999405,-1.16357934474945,1.1,4.6,43.3,11.4,30.1,8.9,32.8092208438947
KAZ,Kazakhstan,2008,24895.6645683245,3.30000000021091,-1.09226036071777,0.8,3.5,42.3,10.5,28.5,9.5,31.9367150542423
KAZ,Kazakhstan,2009,24901.3527260084,1.19999999942873,-1.07559907436371,0.8,4.2,43.1,10.9,28.2,9.4,31.2726209155541
KAZ,Kazakhstan,2010,26374.8407672795,7.30000000329814,-1.13225626945496,0.5,3,37.5,8.7,28,9.5,31.0015881211964
KAZ,Kazakhstan,2011,27946.1603432944,7.40000000144188,-1.12136948108673,0.2,1.1,23.9,4.7,28,9.5,30.3604139051912
KAZ,Kazakhstan,2012,28881.2417563728,4.79999999528297,-1.17672073841095,0.1,1,23.6,4.6,28.2,9.4,29.2082049278269
KAZ,Kazakhstan,2013,30177.4887221736,5.99999999671084,-1.242711186409,0.1,0.5,18,3.2,27.1,9.8,28.5690937330718
KAZ,Kazakhstan,2014,30986.4379168995,4.20000000566705,-1.18406569957733,0.1,0.5,19.3,3.5,27,9.9,27.0742881279755
KAZ,Kazakhstan,2015,30893.7594851041,1.20000000053288,-1.16385281085968,0.1,0.7,22.2,4.1,26.8,10,25.617530717533
KAZ,Kazakhstan,2016,30758.3227260598,1.09999999910173,-1.20534813404083,0.2,1.3,29.1,6,27.2,9.8,25.5794596029812
KAZ,Kazakhstan,2017,31524.4416339794,4.10000000257358,-1.24520814418793,0.1,0.8,23.6,4.5,27.5,9.8,25.5396055974042
KAZ,Kazakhstan,2018,32330.2274546567,4.09999999309841,-1.20074665546417,0.1,0.5,18.8,3.3,27.8,9.8,25.4889217830775
KAZ,Kazakhstan,2019,33298.2123695035,4.50000000091883,-1.22943639755249,0.1,0.5,19.3,3.4,28,9.8,25.4262260484176
KAZ,Kazakhstan,2020,32011.5491499004,-2.49999999628,-1.17964041233063,0,0.4,18.6,3.1,28.7,9.8,25.2248842940699
KAZ,Kazakhstan,2021,32945.8515725823,4.29999999729456,-1.13020265102386,0,0.3,15.2,2.4,29.2,9.8,25.0104340498962
KAZ,Kazakhstan,2022,33506.2614893237,3.19999999970734,-1.06711661815643,,,,,,,24.9834881396574
KAZ,Kazakhstan,2023,34703.2349286604,5.09999999973641,-1.00384140014648,,,,,,,24.953358583172
KAZ,Kazakhstan,2024,35973.9633287017,4.99999999996936,,,,,,,,24.8754953471453
KAZ,Kazakhstan,2025,,,,,,,,,,24.7894583458084
KEN,Kenya,1995,3890.0985511465,4.40621652482287,,,,,,,,59.8102376154633
KEN,Kenya,1996,3941.40919481353,4.14683926876013,-0.652150869369507,,,,,,,59.6478226381942
KEN,Kenya,1997,3853.37139280354,0.474901921293579,,32.6,50.5,82.2,44,45,5.6,59.5865165776857
KEN,Kenya,1998,3871.82176322447,3.29021372249065,-0.866834044456482,,,,,,,59.4634915608919
KEN,Kenya,1999,3848.46470612727,2.30538859522412,,,,,,,,59.3161429548415
KEN,Kenya,2000,3756.63622296879,0.599695390807426,-0.810647130012512,,,,,,,59.4283080552709
KEN,Kenya,2001,3778.25854755615,3.77990649795343,,,,,,,,59.6452595330022
KEN,Kenya,2002,3681.2569427491,0.546859530175595,-0.679399788379669,,,,,,,59.8521651126704
KEN,Kenya,2003,3674.08592758409,2.93247554570904,-0.257107317447662,,,,,,,60.0706834526201
KEN,Kenya,2004,3743.56785736929,5.10429977629738,-0.211594954133034,,,,,,,60.1467896316854
KEN,Kenya,2005,3844.73557120578,5.90666607980057,-0.244842007756233,44.6,61.9,87.5,52,46.4,5,60.1981601452947
KEN,Kenya,2006,3970.73349887685,6.47249430015484,-0.13034650683403,,,,,,,60.2746055620568
KEN,Kenya,2007,4116.45094720856,6.85072976998784,-0.249015316367149,,,,,,,60.2331742985607
KEN,Kenya,2008,4002.88364073792,0.232282744812977,-0.282543808221817,,,,,,,60.3162548955221
KEN,Kenya,2009,4012.19428382397,3.30693981631089,-0.331883877515793,,,,,,,60.4128237651572
KEN,Kenya,2010,4211.52462957784,8.05847360290906,-0.218933016061783,,,,,,,60.4144393357643
KEN,Kenya,2011,4307.10611556858,5.1211061197056,-0.269520193338394,,,,,,,60.3697946616743
KEN,Kenya,2012,4387.93790075409,4.56867961444982,-0.287803679704666,,,,,,,60.3859276717689
KEN,Kenya,2013,4443.371215682,3.7978483925754,-0.212353259325027,,,,,,,60.3988903080815
KEN,Kenya,2014,4558.55155266374,5.02011100232484,-0.145638465881348,,,,,,,60.4059303984054
KEN,Kenya,2015,4679.62182831938,4.96772112759767,-0.146438285708427,37.7,56.8,85.8,48,40.8,6.2,60.4082523896868
KEN,Kenya,2016,4770.31046388086,4.21351706814744,-0.114260472357273,,,,,,,60.4376479753784
KEN,Kenya,2017,4846.86210851932,3.83795817364721,-0.201042324304581,,,,,,,60.4497082887266
KEN,Kenya,2018,5017.66784674664,5.64794640709219,-0.37522828578949,,,,,,,60.4179053081158
KEN,Kenya,2019,5171.71264279257,5.11415885767801,-0.308262407779694,,,,,,,60.4376558126849
KEN,Kenya,2020,5057.40115537429,-0.272766327438816,-0.341349542140961,44.4,65.6,91,53.6,36.2,7.3,63.0648966221714
KEN,Kenya,2021,5338.85243382781,7.59048947333467,-0.351733297109604,46.4,67.9,91.3,54.3,38.7,7.2,64.8848849716783
KEN,Kenya,2022,5491.69378280246,4.85998104287999,-0.150899544358253,46.9,67,90.9,53.9,37.7,7.2,64.564882355435
KEN,Kenya,2023,5691.82513474417,5.71999241214208,-0.124170683324337,,,,,,,64.2693582037439
KEN,Kenya,2024,5845.20117717825,4.72473994710138,,,,,,,,63.9701600622944
KEN,Kenya,2025,,,,,,,,,,63.8262089064923
KGZ,Kyrgyz Republic,1995,2974.71163891294,-5.4238219222602,,,,,,,,36.3034521262482
KGZ,Kyrgyz Republic,1996,3138.66615671114,7.08450239536558,-0.787026464939117,,,,,,,36.7789152963279
KGZ,Kyrgyz Republic,1997,3399.93427126665,9.91525389550945,,,,,,,,36.8517717179114
KGZ,Kyrgyz Republic,1998,3419.22330736215,2.12183528473682,-0.808966398239136,43.7,60,87.5,52.1,46.3,4.4,36.9207866052884
KGZ,Kyrgyz Republic,1999,3491.93773268741,3.655789399748,,54.95,71.45,92.55,58.650000000000006,38.65,6.5,36.7657216940527
KGZ,Kyrgyz Republic,2000,3638.46314292227,5.44333663288322,-1.09425985813141,66.2,82.9,97.6,65.2,31,8.6,36.4490415283092
KGZ,Kyrgyz Republic,2001,3795.89059344129,5.32162141190466,,61.5,79.9,97.7,63.3,30.2,8.8,36.244528692136
KGZ,Kyrgyz Republic,2002,3760.53239965257,-0.0173246130360667,-1.01542329788208,58.1,79.1,97.5,62.4,30.3,8.6,36.1797585815607
KGZ,Kyrgyz Republic,2003,3982.92722017802,7.03029319731168,-1.02784180641174,56.6,76.4,97.1,60.5,28.7,9.3,35.9046931513043
KGZ,Kyrgyz Republic,2004,4211.52248307857,7.02681242497607,-1.01614332199097,32.5,54.2,86.8,46.4,34.8,7.7,35.5135603472233
KGZ,Kyrgyz Republic,2005,4156.95849230116,-0.175515404044219,-0.88755065202713,36.6,61.3,91.2,50.3,32.6,8.4,35.377880755824
KGZ,Kyrgyz Republic,2006,4240.17017797554,3.10289874199981,-0.759082138538361,26,47.5,81.9,41.1,37.4,7.3,35.323734988662
KGZ,Kyrgyz Republic,2007,4558.71267894172,8.54287477507607,-0.962735652923584,23.3,45.8,84.2,41.2,33.9,7.6,35.1930407271377
KGZ,Kyrgyz Republic,2008,4894.9427801376,8.40161604861429,-1.09176480770111,13.8,34.4,80.6,34.8,31.5,8.4,34.8278755240514
KGZ,Kyrgyz Republic,2009,4969.96132720374,2.88629457537731,-1.01985239982605,9.8,31.3,80.1,33.2,29.9,9.1,34.8046601917646
KGZ,Kyrgyz Republic,2010,4876.47964886483,-0.471566596791618,-0.934311151504517,12.6,32.9,82.5,35.5,30.1,8.7,34.8917141726324
KGZ,Kyrgyz Republic,2011,5092.85165751678,5.95627429693504,-0.68298727273941,9.3,31.9,83.5,34.6,27.8,9.7,35.8838879005957
KGZ,Kyrgyz Republic,2012,4993.39431683528,-0.0881501998439376,-0.611097157001495,10.5,32.5,85.2,36,27.4,9.6,34.9804739799448
KGZ,Kyrgyz Republic,2013,5418.54061993935,10.9154694528045,-0.538330972194672,13.5,37.2,85.1,37.4,28.8,9.3,39.4497505244087
KGZ,Kyrgyz Republic,2014,5513.7544695252,4.02403863083252,-0.462573677301407,8.1,30.8,84.1,34.3,26.8,10,39.8961257084516
KGZ,Kyrgyz Republic,2015,5600.2143342846,3.87582544512439,-0.404144912958145,11,34.6,85.1,36.5,29,9.5,36.906275052589
KGZ,Kyrgyz Republic,2016,5715.01041179003,4.33585592190116,-0.418315917253494,8,29.9,83.7,34.3,26.8,10,35.1209541308741
KGZ,Kyrgyz Republic,2017,5861.22200040503,4.73993722377884,-0.428766906261444,8.2,30.5,83.5,34.2,27.3,9.9,33.1980267068851
KGZ,Kyrgyz Republic,2018,5951.82876758606,3.75791013557165,-0.354231774806976,5.9,26,80.3,31.1,27.7,9.9,33.0029969579374
KGZ,Kyrgyz Republic,2019,6087.60193826927,4.60062565707598,-0.45369553565979,4.9,23.2,78.9,29.7,29.7,9.6,31.384617531956
KGZ,Kyrgyz Republic,2020,5537.79547319377,-7.14897757727955,-0.57676887512207,9.4,31.8,81.3,33.4,29,9.4,32.3106470299395
KGZ,Kyrgyz Republic,2021,5736.47883415154,5.50700762671923,-0.590281307697296,5.6,23.3,76.9,29.3,28.8,9.5,30.8009936926706
KGZ,Kyrgyz Republic,2022,6139.77788825006,8.96750520041391,-0.730020940303802,4.5,22.1,76.8,28.2,26.4,10,30.6547650737201
KGZ,Kyrgyz Republic,2023,6575.77541290499,9.0132928339342,-0.723200380802155,2.7,16.4,72.1,24.7,27.2,9.9,29.9347601469245
KGZ,Kyrgyz Republic,2024,7048.98952111264,9.04013556120012,,,,,,,,29.4902557564957
KGZ,Kyrgyz Republic,2025,,,,,,,,,,28.9669913465187
KHM,Cambodia,1995,1672.73928514136,9.90346890117173,,,,,,,,62.9322412815576
KHM,Cambodia,1996,1643.01579058314,5.89750560694478,-0.749472379684448,,,,,,,62.8747713645069
KHM,Cambodia,1997,1595.17130656935,4.00662107873787,,,,,,,,62.6250772301556
KHM,Cambodia,1998,1602.38371208931,4.68163210426384,-0.815465986728668,,,,,,,62.4108548973972
KHM,Cambodia,1999,1775.41239802043,12.7053811380498,,,,,,,,62.1818683966817
KHM,Cambodia,2000,1922.03179092592,9.99358032292079,-0.78078281879425,,,,,,,61.7698079239569
KHM,Cambodia,2001,2032.08092022373,7.38971065070517,,,,,,,,60.2233259229859
KHM,Cambodia,2002,2126.34150468987,6.26507280509637,-0.740299761295319,,,,,,,59.8599085179104
KHM,Cambodia,2003,2309.83931482788,10.2836813071691,-0.899962723255157,,,,,,,59.502757643048
KHM,Cambodia,2004,2491.30930003838,9.45769481103929,-0.870825171470642,,,,,,,59.1116971745853
KHM,Cambodia,2005,2781.89028895255,13.3033338358455,-1.01733839511871,,,,,,,58.7487709772473
KHM,Cambodia,2006,3041.10471220153,10.9433600681694,-0.931646049022675,,,,,,,58.3368108249381
KHM,Cambodia,2007,3308.15747246544,10.398458101201,-0.927987039089203,,,,,,,58.0096490355929
KHM,Cambodia,2008,3501.9257021932,7.47636606631011,-0.971139132976532,,,,,,,57.7287307152963
KHM,Cambodia,2009,3587.60889588362,4.07477850599065,-0.913421928882599,,,,,,,57.3777005821421
KHM,Cambodia,2010,3711.53750580157,5.07691843229247,-0.927240490913391,,,,,,,57.003354482368
KHM,Cambodia,2011,3921.97911563308,7.28665813879552,-0.914128303527832,,,,,,,56.6315771694773
KHM,Cambodia,2012,4159.16354123446,7.65025657870362,-0.961479783058167,,,,,,,56.2800241776482
KHM,Cambodia,2013,4419.3988680186,7.8574997554252,-0.981061398983002,,,,,,,55.9055748887973
KHM,Cambodia,2014,4702.73061823207,8.00032074618566,-1.1079341173172,,,,,,,55.5505649063301
KHM,Cambodia,2015,4968.57276699143,7.20703472529512,-1.12285590171814,,,,,,,55.1735387706775
KHM,Cambodia,2016,5283.72964943779,7.90550116130704,-1.10550320148468,,,,,,,54.7909197696648
KHM,Cambodia,2017,5632.03125629342,8.07503915535979,-1.15511238574982,,,,,,,54.4251241530486
KHM,Cambodia,2018,6050.59088262205,8.77622376224463,-1.23299634456635,,,,,,,54.0217305096052
KHM,Cambodia,2019,6448.88455952805,7.93695013588524,-1.2200665473938,,,,,,,53.6343183294795
KHM,Cambodia,2020,6128.78243783335,-3.55572193406549,-1.35713589191437,,,,,,,53.7591195524134
KHM,Cambodia,2021,6225.53265474741,3.08984284148661,-1.43381345272064,,,,,,,53.347560114545
KHM,Cambodia,2022,6458.3681488084,5.12990110773977,-1.30993676185608,,,,,,,53.0609368327681
KHM,Cambodia,2023,6695.29194763723,5.00733043811898,-1.29242181777954,,,,,,,52.8614074933367
KHM,Cambodia,2024,7008.88934551726,5.97510939607335,,,,,,,,52.5935263291712
KHM,Cambodia,2025,,,,,,,,,,52.3206915499896
KIR,Kiribati,1995,2498.7876151917,2.75220829710202,,,,,,,,
KIR,Kiribati,1996,2455.50107360313,-0.052046772241269,1.15089750289917,,,,,,,
KIR,Kiribati,1997,2439.41011578482,1.17713309543956,,,,,,,,
KIR,Kiribati,1998,2502.86206993942,4.44227399222601,1.1751469373703,,,,,,,
KIR,Kiribati,1999,2364.34619150483,-3.91423190476861,,,,,,,,
KIR,Kiribati,2000,2481.41524257587,6.74266531257052,1.14229452610016,,,,,,,
KIR,Kiribati,2001,2357.58189014518,-3.14412917759699,,,,,,,,
KIR,Kiribati,2002,2341.69553872722,1.44715494184476,1.09009432792664,,,,,,,
KIR,Kiribati,2003,2258.03381830985,-1.57546689217141,0.973531663417816,,,,,,,
KIR,Kiribati,2004,2199.67074158217,-0.608967597152244,0.411308944225311,,,,,,,
KIR,Kiribati,2005,2183.78113886233,1.29243029465849,0.0249491948634386,,,,,,,
KIR,Kiribati,2006,2264.16158033718,5.77693449836185,0.701956987380981,21.3,40,82.7,38.7,37,6.6,
KIR,Kiribati,2007,2286.4464773202,3.05507981566669,0.642090916633606,,,,,,,
KIR,Kiribati,2008,2172.35767589525,-2.98473121631831,0.748063683509827,,,,,,,
KIR,Kiribati,2009,2137.96593927055,0.536801194648319,0.634891211986542,,,,,,,
KIR,Kiribati,2010,2119.64018013945,1.2259519892488,0.63539677858352706,,,,,,,
KIR,Kiribati,2011,2150.38301837654,3.26372719532225,0.837064266204834,,,,,,,
KIR,Kiribati,2012,2242.01379114528,5.80365974645258,0.774608671665192,,,,,,,
KIR,Kiribati,2013,2382.37034452158,7.73092188699647,0.805866718292236,,,,,,,
KIR,Kiribati,2014,2381.34837325608,1.26366268044595,0.939726650714874,,,,,,,
KIR,Kiribati,2015,2615.8414365735,11.2653312371772,0.978838384151459,,,,,,,
KIR,Kiribati,2016,2761.9336523043,7.08802960050427,1.00462400913239,,,,,,,
KIR,Kiribati,2017,2822.669652935,3.74913001948165,1.04768788814545,,,,,,,
KIR,Kiribati,2018,2877.60204999231,3.47943880004293,1.12325739860535,,,,,,,
KIR,Kiribati,2019,2927.48453366722,3.26425930432951,1.08024489879608,6.1,22,74.9,28.1,27.8,9.5,
KIR,Kiribati,2020,2834.68581354366,-1.46805538131593,1.11666798591614,,,,,,,
KIR,Kiribati,2021,3020.49399935695,8.47973787138213,1.12243890762329,,,,,,,
KIR,Kiribati,2022,3107.77604642687,4.56632593100372,1.09145033359528,,,,,,,
KIR,Kiribati,2023,3140.58326370439,2.65201087489879,1.08984088897705,,,,,,,
KIR,Kiribati,2024,3257.1362912531,5.26689747917099,,,,,,,,
KIR,Kiribati,2025,,,,,,,,,,
KNA,St. Kitts and Nevis,1995,16596.2656266287,5.38314265701612,,,,,,,,
KNA,St. Kitts and Nevis,1996,17340.2234624221,5.84283802585985,1.02564632892609,,,,,,,
KNA,St. Kitts and Nevis,1997,18288.4943671657,6.82396677607342,,,,,,,,
KNA,St. Kitts and Nevis,1998,17963.6992379347,-0.486745779185156,1.04103910923004,,,,,,,
KNA,St. Kitts and Nevis,1999,18291.4229188676,3.21988642181456,,,,,,,,
KNA,St. Kitts and Nevis,2000,19840.5800645267,10.042808415173,1.03950023651123,,,,,,,
KNA,St. Kitts and Nevis,2001,20648.7889741472,5.25344983010886,,,,,,,,
KNA,St. Kitts and Nevis,2002,20813.4050029806,1.36771507253633,1.015181183815,,,,,,,
KNA,St. Kitts and Nevis,2003,19927.1818314137,-3.93339486032939,0.890418648719788,,,,,,,
KNA,St. Kitts and Nevis,2004,20661.3458642993,3.99634666125431,0.404390901327133,,,,,,,
KNA,St. Kitts and Nevis,2005,22612.7126559455,9.73282070298016,1.1910754442215,,,,,,,
KNA,St. Kitts and Nevis,2006,23258.9842253211,3.15038119968223,1.1618572473526,,,,,,,
KNA,St. Kitts and Nevis,2007,23330.0442404195,0.600602326543751,1.15614402294159,,,,,,,
KNA,St. Kitts and Nevis,2008,25898.7823620981,11.3170358267109,1.07647836208344,,,,,,,
KNA,St. Kitts and Nevis,2009,24973.8045286303,-3.40474015376245,1.10033774375916,,,,,,,
KNA,St. Kitts and Nevis,2010,24997.5672513428,-0.0541942065330545,1.16569805145264,,,,,,,
KNA,St. Kitts and Nevis,2011,25380.0087348215,1.61660730423688,1.12440323829651,,,,,,,
KNA,St. Kitts and Nevis,2012,25114.0572603244,-0.737636737448398,1.12443590164185,,,,,,,
KNA,St. Kitts and Nevis,2013,26532.1016561725,5.72728087234704,1.12432408332825,,,,,,,
KNA,St. Kitts and Nevis,2014,28530.3072249013,7.57696602328922,1.1219288110733,,,,,,,
KNA,St. Kitts and Nevis,2015,28729.566447667,0.694135527876625,0.8473060131073,,,,,,,
KNA,St. Kitts and Nevis,2016,29867.0265589791,3.93270319273282,1.00599980354309,,,,,,,
KNA,St. Kitts and Nevis,2017,29948.9200065682,0.220941147299996,0.995196223258972,,,,,,,
KNA,St. Kitts and Nevis,2018,30576.2486749244,2.00352549800972,0.862760245800018,,,,,,,
KNA,St. Kitts and Nevis,2019,31512.1943105684,2.93824658056356,0.814829647541046,,,,,,,
KNA,St. Kitts and Nevis,2020,26736.9283563771,-15.3018891740649,0.811540484428406,,,,,,,
KNA,St. Kitts and Nevis,2021,26896.6177065978,0.367606879216311,0.772188067436218,,,,,,,
KNA,St. Kitts and Nevis,2022,29749.8700864823,10.4804941546807,0.767436265945435,,,,,,,
KNA,St. Kitts and Nevis,2023,30616.577281386,3.02127526129283,0.774220764636993,,,,,,,
KNA,St. Kitts and Nevis,2024,30656.4410109367,0.312226855858171,,,,,,,,
KNA,St. Kitts and Nevis,2025,,,,,,,,,,
KOR,"Korea, Rep.",1995,20697.8969808345,9.7358937505409,,,,,,,,27.2872636514237
KOR,"Korea, Rep.",1996,22139.7963785414,7.99042982526839,0.668098986148834,,,,,,,26.9186538746107
KOR,"Korea, Rep.",1997,23311.0420901741,6.2821926537929,,,,,,,,26.5632769492039
KOR,"Korea, Rep.",1998,22000.3387603516,-4.9389297463141,0.638672411441803,,,,,,,26.4052268857819
KOR,"Korea, Rep.",1999,24382.2508517369,11.6172629559591,,,,,,,,26.1638859291175
KOR,"Korea, Rep.",2000,26404.1588575745,9.2018583880479,0.637169182300568,,,,,,,25.8585795088961
KOR,"Korea, Rep.",2001,27440.6564915847,4.72593560322356,,,,,,,,25.7403926187744
KOR,"Korea, Rep.",2002,29395.2766036796,7.74399895319569,0.74562805891037,,,,,,,25.3780482757976
KOR,"Korea, Rep.",2003,30142.4605585814,3.07472661826947,0.723233759403229,,,,,,,24.585321490468
KOR,"Korea, Rep.",2004,31579.5283048867,5.1836368597334,0.728531181812286,,,,,,,24.2359448928716
KOR,"Korea, Rep.",2005,32886.0472450743,4.35823667337156,0.745595574378967,,,,,,,24.0234303627002
KOR,"Korea, Rep.",2006,34429.6222013137,5.24500550580342,0.690555095672607,0.5,0.7,2.7,0.9,31.7,7.4,23.607264468376
KOR,"Korea, Rep.",2007,36257.3401689702,5.8419633918717,0.699741125106812,0.5,0.7,2.45,0.9,32,7.35,23.2494986584719
KOR,"Korea, Rep.",2008,37064.1518484106,3.00440451679569,0.657143592834473,0.5,0.7,2.2,0.9,32.3,7.3,22.9478338053956
KOR,"Korea, Rep.",2009,37176.1939270969,0.81986175641795,0.707632899284363,0.5,0.85,2.45,1,32.15,7.35,21.9190368011596
KOR,"Korea, Rep.",2010,39574.0500732947,6.98166138853071,0.741072177886963,0.5,1,2.7,1.1,32,7.4,21.2438611318192
KOR,"Korea, Rep.",2011,40719.2273771671,3.6880320602952,0.726919293403625,0.5,0.85,2.45,0.9500000000000001,31.8,7.4,20.8616078825624
KOR,"Korea, Rep.",2012,41537.6728611117,2.54766550568242,0.725595772266388,0.5,0.7,2.2,0.8,31.6,7.4,20.764974606777
KOR,"Korea, Rep.",2013,42709.9751857887,3.2913959543442,0.705780982971191,0.35,0.6,2.1,0.75,31.4,7.5,20.3675133447186
KOR,"Korea, Rep.",2014,43806.9250985661,3.21468019683108,0.680197238922119,0.2,0.5,2,0.7,31.2,7.6,19.8406926363261
KOR,"Korea, Rep.",2015,44849.106767089,2.92029267301234,0.631044268608093,0.2,0.5,1.6,0.55,33.2,7.15,19.7124816263033
KOR,"Korea, Rep.",2016,46088.2430785383,3.17152748983935,0.641615033149719,0.2,0.5,1.2,0.4,35.2,6.7,19.5126643893658
KOR,"Korea, Rep.",2017,47536.7898568851,3.433191763972,0.758165240287781,0.2,0.2,1.2,0.4,34.9,6.7,19.3896373849128
KOR,"Korea, Rep.",2018,48834.4471157733,3.17611568177327,0.799720466136932,0.2,0.2,1,0.3,33.7,7.1,18.9655592570695
KOR,"Korea, Rep.",2019,49790.8679884821,2.3138021059547502,0.751629054546356,0.2,0.2,0.5,0.2,33.2,7.4,18.9689051686772
KOR,"Korea, Rep.",2020,49374.0926148025,-0.700242317542106,0.822828948497772,0,0.2,0.5,0.2,32.7,7.6,19.3280514310827
KOR,"Korea, Rep.",2021,51718.2518656631,4.61296795454287,0.932394802570343,0.2,0.2,0.5,0.2,32.9,7.5,19.1130541438887
KOR,"Korea, Rep.",2022,53228.6035655365,2.72756456708991,0.878113925457001,,,,,,,18.5907853606545
KOR,"Korea, Rep.",2023,54029.3434990785,1.58301467403629,0.8595951795578,,,,,,,18.1874620593958
KOR,"Korea, Rep.",2024,55070.9386194121,2.00361101838986,,,,,,,,17.8505357530481
KOR,"Korea, Rep.",2025,,,,,,,,,,17.6868314198239
KWT,Kuwait,1995,64093.5178778949,4.85829125202741,,,,,,,,3.65655655883057
KWT,Kuwait,1996,62665.2243536425,0.605127158807079,-0.243808045983315,,,,,,,3.23262594231685
KWT,Kuwait,1997,62151.9518270333,2.47332525804084,,,,,,,,3.09179983582481
KWT,Kuwait,1998,62450.0884424765,3.66205472795443,-0.29908287525177,,,,,,,3.15833811342129
KWT,Kuwait,1999,59533.9542752452,-1.78900912450079,,,,,,,,3.00870622517595
KWT,Kuwait,2000,60585.3026788164,4.69458187079211,-0.297324925661087,,,,,,,2.8236229646546
KWT,Kuwait,2001,59099.6653133601,0.213332576499354,,,,,,,,2.88826304615349
KWT,Kuwait,2002,59348.6172741565,3.01428315192251,-0.361814767122269,,,,,,,2.95350290321106
KWT,Kuwait,2003,67984.3145062554,17.3260204175143,-0.39665812253952,,,,,,,2.76119432009552
KWT,Kuwait,2004,73298.0621819477,10.2402980586354,-0.303084462881088,,,,,,,2.50266330092595
KWT,Kuwait,2005,78193.9012127585,10.6090449840228,-0.483525156974792,,,,,,,2.21315811355671
KWT,Kuwait,2006,79521.3484338455,7.5147730002402104,-0.581767320632935,,,,,,,1.65859185909426
KWT,Kuwait,2007,79474.7611346377,5.99157551059315,-0.545192837715149,,,,,,,1.30644912940052
KWT,Kuwait,2008,77036.5083833055,2.47975694278544,-0.54338139295578,,,,,,,0.82362535897962
KWT,Kuwait,2009,67896.2680451995,-7.07605643073411,-0.48464497923851,,,,,,,1.02669361685263
KWT,Kuwait,2010,62956.2152904125,-2.37054804425912,-0.524435043334961,,,,,,,0.962369973428855
KWT,Kuwait,2011,64844.5019019408,9.62863419534361,-0.558573603630066,,,,,,,0.721842039081634
KWT,Kuwait,2012,64908.262639237,6.62587485078971,-0.642977952957153,,,,,,,0.589700862755826
KWT,Kuwait,2013,62458.8089221249,1.14946552780648,-0.657721102237701,,,,,,,0.562162798186077
KWT,Kuwait,2014,60065.6544076232,0.500914669444924,-0.657588303089142,,,,,,,0.595639722872997
KWT,Kuwait,2015,57763.5174574395,0.592770817217982,-0.663628280162811,,,,,,,0.595306298647134
KWT,Kuwait,2016,56936.620842726,2.92607584256388,-0.628724813461304,,,,,,,1.14905616602664
KWT,Kuwait,2017,52285.5871175696,-4.71222270495362,-0.606973350048065,,,,,,,1.21925097180796
KWT,Kuwait,2018,51623.8078622052,2.74333045031415,-0.604618906974792,,,,,,,1.32173232965099
KWT,Kuwait,2019,51380.6455354631,2.26381706595791,-0.655092835426331,,,,,,,1.53157544343525
KWT,Kuwait,2020,49372.8187938552,-4.81731593381585,-0.678229033946991,,,,,,,2.12463046922691
KWT,Kuwait,2021,50651.9575337091,1.67213054307859,-0.704657375812531,,,,,,,2.05834426577761
KWT,Kuwait,2022,51379.8833194119,6.75866711966617,-0.684839248657227,,,,,,,1.92644210721402
KWT,Kuwait,2023,47777.4012284844,-1.6672059801285,-0.594156503677368,,,,,,,2.16885021564415
KWT,Kuwait,2024,46137.4674254845,-2.56011099967517,,,,,,,,2.33989460920506
KWT,Kuwait,2025,,,,,,,,,,2.40281042159704
LAO,Lao PDR,1995,2368.05475182536,7.03125432419004,,,,,,,,90.2098073458868
LAO,Lao PDR,1996,2473.77285753148,6.9283237283322,-1.13253033161163,,,,,,,89.6968997359555
LAO,Lao PDR,1997,2589.20762864101,6.87209127120695,,62,80.1,95.6,62.6,34.9,8.1,89.236257453355
LAO,Lao PDR,1998,2642.56618699585,3.96760809197698,-1.30651867389679,,,,,,,88.6106532416228
LAO,Lao PDR,1999,2786.52039703471,7.30637607138169,,,,,,,,88.0618211282411
LAO,Lao PDR,2000,2899.01961879748,5.79878232861959,-1.3412059545517,,,,,,,87.5350779593578
LAO,Lao PDR,2001,3015.63258480614,5.75141287983195,,,,,,,,87.0268152433193
LAO,Lao PDR,2002,3143.22327579556,5.91874368370564,-1.7388927936554,43.1,68.5,93.6,54.3,32.6,8.6,86.4860589585877
LAO,Lao PDR,2003,3282.9853971272,6.06700230344272,-1.77545630931854,,,,,,,85.9483821795192
LAO,Lao PDR,2004,3441.16999706515,6.35769548008234,-1.55103635787964,,,,,,,85.4292426848323
LAO,Lao PDR,2005,3630.55878769378,7.10756836811267,-1.65545511245728,,,,,,,84.8879922101432
LAO,Lao PDR,2006,3881.53736632657,8.6192662083280691,-1.73277974128723,,,,,,,84.2659318985805
LAO,Lao PDR,2007,4112.25301659759,7.59682880054878,-1.71849822998047,36,61.1,90.2,50,35.4,8,83.8680272986421
LAO,Lao PDR,2008,4367.162880257,7.82490276337012,-1.70953750610352,,,,,,,83.4542142782035
LAO,Lao PDR,2009,4625.07173324518,7.50177491225853,-1.69936954975128,,,,,,,83.0094278989121
LAO,Lao PDR,2010,4946.10563678173,8.52690551739717,-1.67684030532837,,,,,,,82.3803129414813
LAO,Lao PDR,2011,5266.87866924206,8.03865268023725,-1.67850601673126,,,,,,,81.8062795070503
LAO,Lao PDR,2012,5608.96956337059,8.02609843461283,-1.64357113838196,21.7,43.2,82.5,39.8,36,7.6,81.2324442154023
LAO,Lao PDR,2013,5974.47368943414,8.02630022699017,-1.6496410369873,,,,,,,80.8366103077468
LAO,Lao PDR,2014,6341.2122967032,7.61196343979319,-1.73345708847046,,,,,,,80.4325885617527
LAO,Lao PDR,2015,6703.74124348885,7.27006584373785,-1.75356042385101,,,,,,,79.9914931027485
LAO,Lao PDR,2016,7063.25545347926,7.02283625501138,-1.7593549489975,,,,,,,79.4815493339898
LAO,Lao PDR,2017,7432.4596330485,6.8925308726989,-1.75158488750458,,,,,,,78.9678261860315
LAO,Lao PDR,2018,7775.08574451883,6.24796000755872,-1.75008547306061,15.7,35,75.3,33.8,38.8,7,78.5131930524803
LAO,Lao PDR,2019,8075.27502377003,5.4577350924848,-1.81567823886871,,,,,,,78.1073781518287
LAO,Lao PDR,2020,7995.59502527818,0.503031829018681,-1.7927041053772,,,,,,,77.8490784865733
LAO,Lao PDR,2021,8080.43553249923,2.52835100486102,-1.67831230163574,,,,,,,77.3729365768897
LAO,Lao PDR,2022,8183.03286472653,2.70742652643155,-1.65810883045197,,,,,,,77.1092946471943
LAO,Lao PDR,2023,8372.15591874407,3.74568140158232,-1.63225436210632,,,,,,,76.9069957462894
LAO,Lao PDR,2024,8600.32454665553,4.13019264436937,,,,,,,,76.6380615308234
LAO,Lao PDR,2025,,,,,,,,,,76.3797861737916
LBN,Lebanon,1995,10762.4426963776,6.44886256985258,,,,,,,,26.8985537693193
LBN,Lebanon,1996,11757.2824887935,11.2859357161668,-0.328649967908859,,,,,,,26.5390070921986
LBN,Lebanon,1997,11668.4006854372,1.05496666740667,,,,,,,,26.3314287793871
LBN,Lebanon,1998,11885.3072278409,3.66572378505683,-0.399467557668686,,,,,,,26.2720267977013
LBN,Lebanon,1999,11617.2497708538,-0.525584634783087,,,,,,,,26.2783319123647
LBN,Lebanon,2000,11571.7326041085,1.34187161970405,-0.314059346914291,,,,,,,26.2914540950266
LBN,Lebanon,2001,11817.9305012844,3.83966927702973,,,,,,,,26.2806429397897
LBN,Lebanon,2002,12053.8341563826,3.42314982843781,-0.662610352039337,,,,,,,26.2324893587258
LBN,Lebanon,2003,12272.3440677497,3.22709826879041,-0.491062015295029,,,,,,,26.1564807175812
LBN,Lebanon,2004,12882.0757995163,6.67944461641103,-0.413962543010712,,,,,,,26.0214985022284
LBN,Lebanon,2005,13024.6648924956,2.68577931016345,-0.281063884496689,,,,,,,24.3626775522682
LBN,Lebanon,2006,13003.680803908,1.54951500083213,-0.387200713157654,,,,,,,22.8632785804805
LBN,Lebanon,2007,13941.5614244767,9.31062252641144,-0.467368990182877,,,,,,,21.4699344410715
LBN,Lebanon,2008,14955.1413563252,9.06912826789082,-0.422118216753006,,,,,,,21.1648638241386
LBN,Lebanon,2009,16264.3506182706,10.232155577776,-0.355243325233459,,,,,,,20.8353053311836
LBN,Lebanon,2010,17390.7584012958,7.97513555844932,-0.331291496753693,,,,,,,20.5157567584326
LBN,Lebanon,2011,17353.1960845294,0.86733987855277,-0.390134036540985,0.1,0.3,5.5,1.2,31.8,7.9,20.3343688825391
LBN,Lebanon,2012,17323.3013764282,2.56479133680038,-0.385833382606506,,,,,,,20.2387828708149
LBN,Lebanon,2013,16396.4969302163,3.8278734986016,-0.405027210712433,,,,,,,20.2205943588872
LBN,Lebanon,2014,15205.873265402,2.48406010500743,-0.420372486114502,,,,,,,20.2943851526622
LBN,Lebanon,2015,14980.020515614,0.462320792597581,-0.462583661079407,,,,,,,20.4292245062864
LBN,Lebanon,2016,15572.3611739774,1.55454940856943,-0.519748091697693,,,,,,,20.5304636355844
LBN,Lebanon,2017,16128.5838196051,0.903028464073813,-0.576072156429291,,,,,,,20.5514882740481
LBN,Lebanon,2018,16290.0516478592,-1.88470575631651,-0.514117658138275,,,,,,,20.5103592437456
LBN,Lebanon,2019,15659.5661040012,-6.91492472851026,-0.515947341918945,,,,,,,20.3169002811764
LBN,Lebanon,2020,12507.4366368078,-21.3998996914321,-0.556133270263672,,,,,,,20.121702438661
LBN,Lebanon,2021,11599.7755083765,-7.00123862514116,-0.628039598464966,,,,,,,19.3154853281372
LBN,Lebanon,2022,11474.7505845558,-0.621678970663112,-0.63062995672226,5.9,16,50.7,19.5,35.3,6.8,19.4660658327121
LBN,Lebanon,2023,11330.2687387422,-0.760584470257314,-0.654260396957397,,,,,,,19.3941428386248
LBN,Lebanon,2024,,,,,,,,,,
LBN,Lebanon,2025,,,,,,,,,,
LBR,Liberia,1995,534.809715165406,-4.26620499022189,,,,,,,,82.2525893955396
LBR,Liberia,1996,582.677982536092,12.1212036605122,-1.43498563766479,,,,,,,83.158510119278
LBR,Liberia,1997,1111.93760251371,106.279814466616,,,,,,,,82.6796109732741
LBR,Liberia,1998,1308.40568305294,30.2081273744464,-0.892448484897614,,,,,,,82.1192775638513
LBR,Liberia,1999,1507.31470254594,21.7414468042611,,,,,,,,81.5178987380389
LBR,Liberia,2000,1868.17975587618,28.6159342546183,-1.03144466876984,,,,,,,80.9339321319262
LBR,Liberia,2001,1867.11910921753,2.92027476569781,,,,,,,,80.4207359179244
LBR,Liberia,2002,1887.64601570733,3.76301761700071,-1.26985847949982,,,,,,,80.062043156733
LBR,Liberia,2003,1308.15090140274,-30.145132727942,-1.44594633579254,,,,,,,79.8808261525366
LBR,Liberia,2004,1326.53565502695,2.61984689477413,-1.29151952266693,,,,,,,79.6848452641912
LBR,Liberia,2005,1335.61728880785,5.28121245309295,-0.417990475893021,,,,,,,79.5582077155443
LBR,Liberia,2006,1364.60347323709,8.04390997190059,-0.167643144726753,,,,,,,79.3863767190707
LBR,Liberia,2007,1422.10019670004,9.53527536282282,-0.142709940671921,61.1,79.5,96.2,63.6,36.4,6.5,79.2181711115549
LBR,Liberia,2008,1463.12408187297,7.14569112811476,-0.184938192367554,,,,,,,79.003322543107
LBR,Liberia,2009,1492.99817384053,5.30054050291531,-0.163391470909119,,,,,,,78.7732908785746
LBR,Liberia,2010,1538.85083488512,6.09982524004147,-0.211385726928711,,,,,,,78.4788827868288
LBR,Liberia,2011,1601.03374045996,8.20076822497064,-0.256350547075272,,,,,,,78.2650683856638
LBR,Liberia,2012,1668.97289588776,7.99381444555367,-0.306616246700287,,,,,,,78.0126477738854
LBR,Liberia,2013,1774.5205777394,8.68728781639683,-0.387397348880768,,,,,,,77.7646450659639
LBR,Liberia,2014,1750.1438489328,0.701393100287518,-0.27653294801712,31.7,54.7,89.6,47.1,33.2,7.8,77.5488319890524
LBR,Liberia,2015,1714.09047960464,-0.0185649695590939,-0.230625435709953,32.65,54.85,88.94999999999999,47.25,34.25,7.5,77.457249033694
LBR,Liberia,2016,1653.31050211233,-1.5549586174878,-0.106623388826847,33.6,55,88.3,47.4,35.3,7.2,77.3158930253096
LBR,Liberia,2017,1661.30290782171,2.45515592012239,0.0406227819621563,,,,,,,77.1983576048261
LBR,Liberia,2018,1647.97443793846,1.15757512207355,-0.0279038082808256,,,,,,,77.0695398684804
LBR,Liberia,2019,1575.76665001238,-2.46729763532686,-0.0757914185523987,,,,,,,77.0088146681194
LBR,Liberia,2020,1497.37692436272,-2.98249127649473,-0.0748008266091347,,,,,,,78.306367667894
LBR,Liberia,2021,1539.20892304674,4.98671283481617,-0.022379944100976,,,,,,,77.7844948154024
LBR,Liberia,2022,1578.99837069175,4.80810517290655,-0.00215343944728374,,,,,,,77.6401208449059
LBR,Liberia,2023,1616.92373356695,4.68375688761311,0.0538939349353313,,,,,,,77.3953609348577
LBR,Liberia,2024,1646.05861366601,4.02185464964835,,,,,,,,77.1302819830475
LBR,Liberia,2025,,,,,,,,,,76.8506441116858
LBY,Libya,1995,17723.2679211029,-2.2204069560875,,,,,,,,19.3557160216984
LBY,Libya,1996,17809.1519222171,2.13412320029278,-1.49730587005615,,,,,,,19.2689979707362
LBY,Libya,1997,18451.6998451345,5.21267102136972,,,,,,,,19.0885888424595
LBY,Libya,1998,17532.9261043755,-3.55224474739784,-1.67915642261505,,,,,,,18.9110360571076
LBY,Libya,1999,17402.5683820479,0.749659257603952,,,,,,,,18.6939557599954
LBY,Libya,2000,17747.0188855832,3.6792704082,-1.68866276741028,,,,,,,18.4152141796626
LBY,Libya,2001,17115.9888564264,-1.76283887062603,,,,,,,,18.1367951941702
LBY,Libya,2002,16629.4364346005,-0.958897332849631,-1.82406485080719,,,,,,,17.8922474892979
LBY,Libya,2003,18422.7336032405,13.0160372478013,-1.7566545009613,,,,,,,17.5378429435996
LBY,Libya,2004,18851.2039109963,4.46163899648637,-1.79518795013428,,,,,,,17.2320372957868
LBY,Libya,2005,20649.4624580172,11.8707565226151,-1.85839438438416,,,,,,,16.9353374106481
LBY,Libya,2006,21545.2986384419,6.50052541959279,-1.98288238048553,,,,,,,16.7554407171334
LBY,Libya,2007,22422.0117594762,6.22998278561838,-1.95115220546722,,,,,,,16.721620838867
LBY,Libya,2008,21915.1976208274,-0.162048238799883,-1.94149112701416,,,,,,,16.9183480023869
LBY,Libya,2009,20518.9642412838,-4.4001817631021,-1.91027736663818,,,,,,,17.3840071759943
LBY,Libya,2010,21115.5259846154,5.0272476723775,-1.94041454792023,,,,,,,17.9787982161012
LBY,Libya,2011,10741.9206751908,-50.3385151384986,-1.59441232681274,,,,,,,18.7037346502475
LBY,Libya,2012,20601.0026641,86.8267484395784,-0.900741994380951,,,,,,,19.4928836079021
LBY,Libya,2013,16557.500941665,-17.9979615745681,-0.971674501895905,,,,,,,20.5020852518986
LBY,Libya,2014,12499.0829968523,-23.0428058282215,-1.11215960979462,,,,,,,21.6886550115968
LBY,Libya,2015,12195.3486990421,-0.842656252118843,-1.34006333351135,,,,,,,22.6743828248344
LBY,Libya,2016,11831.8257669559,-1.4909411172622,-1.42863059043884,,,,,,,23.4123031200955
LBY,Libya,2017,15428.1164411854,32.4918021862688,-1.44227361679077,,,,,,,23.5633298163491
LBY,Libya,2018,16385.164476127,7.9413678529104,-1.53389286994934,,,,,,,23.4569511242814
LBY,Libya,2019,14337.1962987582,-11.1960828853386,-1.47687232494354,,,,,,,23.3878823300215
LBY,Libya,2020,9978.66400110743,-29.4552967282824,-1.36199402809143,,,,,,,23.1740550354812
LBY,Libya,2021,12641.5097714075,28.2996823429147,-1.45471775531769,,,,,,,22.5949759711415
LBY,Libya,2022,11450.0598552928,-8.29981811198795,-1.38129329681396,,,,,,,22.5060832638279
LBY,Libya,2023,12476.5974944083,10.2000497852517,-1.39111697673798,,,,,,,22.2704702682594
LBY,Libya,2024,12583.8338726816,1.89995052025442,,,,,,,,22.0321130096543
LBY,Libya,2025,,,,,,,,,,21.594473115326
LCA,St. Lucia,1995,18048.780665013,1.74822586503767,,41.5,59.7,87.9,51.3,42.6,5.2,18.9988827707286
LCA,St. Lucia,1996,18301.1522745648,2.92258795742219,1.06322169303894,,,,,,,22.6797052598573
LCA,St. Lucia,1997,17920.034113687,-0.694130142059308,,,,,,,,20.0704012873378
LCA,St. Lucia,1998,18786.9976028018,6.28647121511862,1.07899403572083,,,,,,,20.469306930693
LCA,St. Lucia,1999,19039.4630213718,2.67060351127419,,,,,,,,19.7067448680352
LCA,St. Lucia,2000,18818.8855989431,0.0487485535201131,1.0800769329071,,,,,,,22.4830927978805
LCA,St. Lucia,2001,17993.6372662268,-3.40806396189404,,,,,,,,22.650942410201
LCA,St. Lucia,2002,17911.6297765068,0.416450493043214,1.10161948204041,,,,,,,22.7708641545557
LCA,St. Lucia,2003,18522.5129630157,4.26461148738223,1.09449088573456,,,,,,,22.6893972340611
LCA,St. Lucia,2004,19715.8297745985,7.2674088699471,0.612667918205261,,,,,,,22.5919850011718
LCA,St. Lucia,2005,19491.2182260584,-0.410304726290235,1.20294749736786,,,,,,,22.5913674099049
LCA,St. Lucia,2006,20551.0599501307,6.19525729141048,1.19100308418274,,,,,,,22.5366734371474
LCA,St. Lucia,2007,20759.3043872305,1.69161857433913,1.17925786972046,,,,,,,22.692611474115
LCA,St. Lucia,2008,21651.233776084,4.94932194028057,1.22206425666809,,,,,,,22.7847400890807
LCA,St. Lucia,2009,20907.3343580129,-2.82889954830628,1.21314013004303,,,,,,,22.8133856398944
LCA,St. Lucia,2010,20849.0551242245,0.330018546071486,1.20220327377319,,,,,,,22.8934839367242
LCA,St. Lucia,2011,21637.8686925992,4.32694280532142,1.16067218780518,,,,,,,22.8574224757431
LCA,St. Lucia,2012,21515.89963362,-0.108756148262358,1.11139535903931,,,,,,,22.8243506275589
LCA,St. Lucia,2013,21029.2888872138,-1.81877603735991,1.1119601726532,,,,,,,22.8238463018443
LCA,St. Lucia,2014,21214.4773346334,1.32809022110105,1.12760138511658,,,,,,,22.7244582043343
LCA,St. Lucia,2015,21142.9733304366,0.101917836412952,1.02246224880219,0.1,0.3,7.8,1.9,43.7,5.5,22.6849473836711
LCA,St. Lucia,2016,21775.4737658629,3.42787214525211,1.01202476024628,,,,,,,22.6425537392199
LCA,St. Lucia,2017,22422.5970388018,3.37982617272246,0.985149562358856,,,,,,,22.6460793218287
LCA,St. Lucia,2018,22981.9179294013,2.88677902171601,0.850306868553162,,,,,,,23.0193092465413
LCA,St. Lucia,2019,22738.2471068581,-0.700322396299441,0.897846877574921,,,,,,,24.7723678535487
LCA,St. Lucia,2020,17142.044063192,-24.3614732129122,0.872128903865814,,,,,,,23.6990843340377
LCA,St. Lucia,2021,19101.1652956675,11.598783583643,0.85424792766571,,,,,,,22.8372013246605
LCA,St. Lucia,2022,22962.2818144554,20.3884431828414,0.846967816352844,,,,,,,24.1074788334902
LCA,St. Lucia,2023,23403.7440265988,2.20988276526516,0.862668752670288,,,,,,,23.9216658403569
LCA,St. Lucia,2024,24252.4688588491,3.89175024218898,,,,,,,,22.1015889095654
LCA,St. Lucia,2025,,,,,,,,,,21.9865005642851
LIE,Liechtenstein,1995,,5.8755504001748,,,,,,,,
LIE,Liechtenstein,1996,,6.90530179973636,1.56321668624878,,,,,,,
LIE,Liechtenstein,1997,,7.22513485456875,,,,,,,,
LIE,Liechtenstein,1998,,7.76126283694691,1.52875912189484,,,,,,,
LIE,Liechtenstein,1999,,10.4109232010236,,,,,,,,
LIE,Liechtenstein,2000,,3.22019308239609,1.53565549850464,,,,,,,
LIE,Liechtenstein,2001,,-0.733092455297992,,,,,,,,
LIE,Liechtenstein,2002,,-0.993919947159299,1.34559643268585,,,,,,,
LIE,Liechtenstein,2003,,-1.93756534125014,1.39797866344452,,,,,,,
LIE,Liechtenstein,2004,,3.03917210306501,1.45221567153931,,,,,,,
LIE,Liechtenstein,2005,,4.82807677743524,1.53229212760925,,,,,,,
LIE,Liechtenstein,2006,,8.64496857267281,1.24485528469086,,,,,,,
LIE,Liechtenstein,2007,,3.325963509369,1.29765582084656,,,,,,,
LIE,Liechtenstein,2008,,1.79808847836411,1.3171306848526,,,,,,,
LIE,Liechtenstein,2009,,-1.15748291975636,1.54556608200073,,,,,,,
LIE,Liechtenstein,2010,,,1.58691143989563,,,,,,,
LIE,Liechtenstein,2011,,,1.56395924091339,,,,,,,
LIE,Liechtenstein,2012,,,1.50602972507477,,,,,,,
LIE,Liechtenstein,2013,,,1.48696649074554,,,,,,,
LIE,Liechtenstein,2014,,,1.39574611186981,,,,,,,
LIE,Liechtenstein,2015,,,1.38783013820648,,,,,,,
LIE,Liechtenstein,2016,,,1.25101816654205,,,,,,,
LIE,Liechtenstein,2017,,,1.2796745300293,,,,,,,
LIE,Liechtenstein,2018,,,1.29767560958862,,,,,,,
LIE,Liechtenstein,2019,,,1.22861802577972,,,,,,,
LIE,Liechtenstein,2020,,,1.26039183139801,,,,,,,
LIE,Liechtenstein,2021,,,1.32979810237885,,,,,,,
LIE,Liechtenstein,2022,,,1.37741851806641,,,,,,,
LIE,Liechtenstein,2023,,,1.4039351940155,,,,,,,
LIE,Liechtenstein,2024,,,,,,,,,,
LIE,Liechtenstein,2025,,,,,,,,,,
LKA,Sri Lanka,1995,5523.31225393965,5.5000852341585,,23,48,84.5,41.9,35.4,8,41.7034521911223
LKA,Sri Lanka,1996,5624.02393650599,3.79996720568178,-0.269144207239151,,,,,,,41.5917982912576
LKA,Sri Lanka,1997,5871.72297557268,6.40539969571286,,,,,,,,41.4310264865979
LKA,Sri Lanka,1998,6032.62212630498,4.69842304772052,-0.150950506329536,,,,,,,45.6251206477101
LKA,Sri Lanka,1999,6176.23548455949,4.30054049813373,,,,,,,,43.651932037029
LKA,Sri Lanka,2000,6428.61341890463,6.00003315828934,-0.190723955631256,,,,,,,44.538658657666
LKA,Sri Lanka,2001,6230.03051864853,-1.54540813366026,,,,,,,,42.2384570482462
LKA,Sri Lanka,2002,6409.86278893446,3.96467568513113,-0.0885490924119949,20.7,42.5,78.9,38.2,40.2,7,42.4793133656455
LKA,Sri Lanka,2003,6741.01248849424,5.9402690780223,-0.0924526825547218,,,,,,,42.6200864189435
LKA,Sri Lanka,2004,7059.91098068568,5.44506127885352,-0.164139300584793,,,,,,,40.7507484488338
LKA,Sri Lanka,2005,7452.74234124518,6.24174804376447,-0.206795960664749,,,,,,,40.7601404030283
LKA,Sri Lanka,2006,7970.66491021045,7.66829190107919,-0.310158848762512,12.2,30.2,72.2,31,39.7,7,44.4183770000018
LKA,Sri Lanka,2007,8454.2067533326,6.79682611892866,-0.435254871845245,10.733333333333333,28.2,71.76666666666667,30,38.5,7.266666666666667,43.8096255539141
LKA,Sri Lanka,2008,8897.82686006864,5.95008814473897,-0.464874476194382,9.266666666666666,26.2,71.33333333333334,29,37.300000000000004,7.533333333333333,44.1505016003952
LKA,Sri Lanka,2009,9156.31906483165,3.53891205317842,-0.480314403772354,7.8,24.2,70.9,28,36.1,7.8,42.91663623822
LKA,Sri Lanka,2010,9832.18622338643,8.01596737055139,-0.505228579044342,7.333333333333333,22.833333333333332,68.9,26.866666666666667,36.96666666666667,7.633333333333333,42.526501914354
LKA,Sri Lanka,2011,10618.4926000405,8.6694830119314,-0.545052945613861,6.866666666666667,21.46666666666667,66.9,25.733333333333334,37.833333333333336,7.466666666666667,42.0517276431325
LKA,Sri Lanka,2012,11447.6937738135,8.63218137662685,-0.575279295444489,6.4,20.1,64.9,24.6,38.7,7.3,40.7389748808513
LKA,Sri Lanka,2013,12249.7223348096,4.05174633027869,-0.594248354434967,,,,,,,40.6740563470328
LKA,Sri Lanka,2014,12909.9663068885,6.3779788972687,-0.667327284812927,,,,,,,40.2110680638108
LKA,Sri Lanka,2015,13329.7793438947,4.20595547449241,-0.296131432056427,,,,,,,40.7502738937489
LKA,Sri Lanka,2016,13845.6146782368,5.05362488994436,-0.0810120776295662,3.8,14.1,56.6,19.5,39.3,7.1,39.4440853841471
LKA,Sri Lanka,2017,14572.4858214565,6.46068127065753,-0.0618624500930309,3.433333333333333,13.233333333333333,55.5,18.866666666666667,38.766666666666666,7.2,39.3105155240346
LKA,Sri Lanka,2018,14759.8248945765,2.31008425545845,-0.00784403644502163,3.066666666666667,12.366666666666667,54.4,18.233333333333334,38.233333333333334,7.3,39.437097009348
LKA,Sri Lanka,2019,14637.44429132,-0.220483886831275,-0.088972844183445,2.7,11.5,53.3,17.6,37.7,7.4,39.52341503082
LKA,Sri Lanka,2020,13886.6513728651,-4.62451503749502,-0.0520896352827549,,,,,,,40.011946287921504
LKA,Sri Lanka,2021,14316.1352225683,4.2074764951157,-0.0743669271469116,,,,,,,39.9962974738114
LKA,Sri Lanka,2022,13249.065064602,-7.34919301306745,-0.214537113904953,,,,,,,39.0627287490868
LKA,Sri Lanka,2023,13024.9404319855,-2.3298481898334,-0.231143683195114,,,,,,,39.2992566916584
LKA,Sri Lanka,2024,13752.836740386,5.00871930957159,,,,,,,,39.3451301107437
LKA,Sri Lanka,2025,,,,,,,,,,39.24384542504
LSO,Lesotho,1995,1709.69433512939,3.29093812272822,,,,,,,,39.1976437770448
LSO,Lesotho,1996,1786.182290166,5.59703605867827,-0.48002901673317,,,,,,,38.7363235974263
LSO,Lesotho,1997,1837.69657049966,3.70360343607432,,,,,,,,38.4905099636008
LSO,Lesotho,1998,1856.69078488714,1.53765589433743,-0.434724658727646,,,,,,,38.1554361147291
LSO,Lesotho,1999,1860.70052178612,0.476025052201194,,,,,,,,37.844096791978
LSO,Lesotho,2000,1932.15793223415,3.87554677576694,-0.370127260684967,,,,,,,37.4708190803399
LSO,Lesotho,2001,2004.03350215955,3.56158183392093,,,,,,,,37.0571595653534
LSO,Lesotho,2002,2024.78727304864,0.723836067167127,0.0386155806481838,74.9,85.2,95.9,72.5,51.2,3.3,36.7909649188574
LSO,Lesotho,2003,2127.37302160132,4.55977716384528,-9.92403482086957e-4,,,,,,,36.5325573433756
LSO,Lesotho,2004,2178.66474674332,1.69237417358596,-0.152925461530685,,,,,,,36.2465773494828
LSO,Lesotho,2005,2275.01614419256,3.46612222755311,-0.209769800305367,,,,,,,35.896462284564
LSO,Lesotho,2006,2381.02024562073,4.23009522805209,0.181888371706009,,,,,,,35.4493604670784
LSO,Lesotho,2007,2470.31462127885,4.18791409957151,0.0134804463014007,,,,,,,35.0740610740611
LSO,Lesotho,2008,2589.16635854686,5.52341966978646,-0.066223256289959,,,,,,,34.6531088075642
LSO,Lesotho,2009,2538.19341751854,-1.25375779920832,-0.0834323316812515,,,,,,,34.7261024761798
LSO,Lesotho,2010,2651.37804898226,5.26967078056286,-0.101529344916344,,,,,,,34.5150775962915
LSO,Lesotho,2011,2749.31958166573,4.61641394528752,-0.0892456248402596,,,,,,,34.1543629250373
LSO,Lesotho,2012,2894.22705048142,6.33408374679448,0.0723328962922096,,,,,,,33.9053726261812
LSO,Lesotho,2013,2914.37515966739,1.79252555575545,0.120252631604671,,,,,,,33.7568131594901
LSO,Lesotho,2014,2930.61724036206,1.71054990545476,0.161943823099136,,,,,,,33.4842031154986
LSO,Lesotho,2015,2986.95866729879,3.12406678044546,0.114712432026863,,,,,,,33.282295832175
LSO,Lesotho,2016,3057.26091568162,3.60890731687714,-0.0130647458136082,,,,,,,33.1775928988104
LSO,Lesotho,2017,2924.68096193272,-3.13817493733471,-0.00500225648283958,41.9,56.8,83.8,49.2,44.9,4.6,33.1925326872443
LSO,Lesotho,2018,2846.41828124649,-1.48063315848241,0.0129481637850404,,,,,,,33.1139510740031
LSO,Lesotho,2019,2773.28639887236,-1.41799383085205,-0.0104164779186249,,,,,,,33.2170203084905
LSO,Lesotho,2020,2517.11044486593,-8.15595785459911,-0.00174420117400587,,,,,,,33.2531587441907
LSO,Lesotho,2021,2544.78249551214,2.26670961833291,-0.0148858837783337,,,,,,,32.6479634745311
LSO,Lesotho,2022,2577.54544127769,2.38778020186284,0.0501875132322311,,,,,,,32.7384486087002
LSO,Lesotho,2023,2595.82951058542,1.82662476743647,0.0299380328506231,,,,,,,32.8582414269078
LSO,Lesotho,2024,2640.28544552536,2.85452253179545,,,,,,,,32.7617441449283
LSO,Lesotho,2025,,,,,,,,,,32.6385884970137
LTU,Lithuania,1995,12164.2037159996,3.2900801840418,,,,,,,,18.4449432066626
LTU,Lithuania,1996,12873.2007572979,5.02694376847307,0.977103769779205,0.2,5.5,31.2,9,32.3,7.8,18.7957506318951
LTU,Lithuania,1997,14045.0045144544,8.30063037348748,,0.6000000000000001,4.55,29.299999999999997,8.3,32.2,7.8,18.7831826853091
LTU,Lithuania,1998,15202.9118027933,7.46293714937232,0.936354219913483,1,3.6,27.4,7.6,32.1,7.8,18.615105053178
LTU,Lithuania,1999,15143.1937102939,-1.09700818020993,,1.3,4.3,28,7.7,32,7.9,19.4289180669581
LTU,Lithuania,2000,15771.4269595328,3.41862206571636,0.855439901351929,1.2,5.3,31.9,9.1,31.7,7.9,18.5749232540292
LTU,Lithuania,2001,16933.0225490496,6.48412665187908,,1.6,5.4,32.1,9.3,32,7.8,19.0201809060782
LTU,Lithuania,2002,18216.5452581272,6.71983945103626,0.904892265796661,1.4,5.4,32.2,9.3,31.9,7.8,19.5747648790953
LTU,Lithuania,2003,20302.9848798403,10.5518959629574,0.920530557632446,0.4,2.1,19.3,4.8,35.5,7.2,19.6852070957439
LTU,Lithuania,2004,21867.2861464791,6.50203536075556,0.88249409198761,4,7.8,24.6,9.2,37,5.8,17.6559767174243
LTU,Lithuania,2005,23944.7019948719,7.7314467577492,0.902132928371429,2.7,4.7,17,6.1,35.3,6.4,16.0673384766589
LTU,Lithuania,2006,26129.3392566938,7.39548122468629,0.861287593841553,1.8,2.9,10,3.6,34.4,6.9,15.8485141314698
LTU,Lithuania,2007,29370.7739737176,11.0779282578673,0.886551916599274,1.6,2,7.5,2.5,34.8,6.8,13.50484006734
LTU,Lithuania,2008,30445.7809464936,2.59946154605602,0.849656224250793,1.8,2.3,6.1,2.6,35.7,6.6,10.784268947621
LTU,Lithuania,2009,26217.5449293891,-14.8386117894848,0.902184903621674,2.7,4.3,12.6,4.9,37.2,5.7,11.0788694395522
LTU,Lithuania,2010,26887.4913057701,0.427199566550769,0.915654838085175,2,3.4,11.9,4.3,33.6,6.5,10.0821146311119
LTU,Lithuania,2011,29240.7487851392,6.32363664821298,0.860525906085968,0.9,1.6,8.9,2.6,32.5,7.1,9.80029981369405
LTU,Lithuania,2012,30920.330402208,4.38290584355157,0.92950963973999,1.1,2.1,8.7,2.8,35.1,6.5,10.2187725297579
LTU,Lithuania,2013,32474.6413533554,4.04691318575325,0.940006256103516,1.2,2.2,7,2.5,35.3,6.7,10.8448059396959
LTU,Lithuania,2014,33975.0843756963,3.7725437958099,0.961604714393616,1.7,2.7,7.8,2.9,37.7,6,11.1412111964228
LTU,Lithuania,2015,35251.2986931775,2.83280643343234,0.973996102809906,1,1.5,6.8,2.1,37.4,6.1,11.2762522858636
LTU,Lithuania,2016,36618.1468417838,2.67192215053329,1.00021350383759,1.5,2.2,5.6,2.4,38.4,6,11.299634553426
LTU,Lithuania,2017,38774.4892011822,4.61224310312809,0.986630260944366,1.2,1.6,5,2.1,37.3,6.3,10.9920620873967
LTU,Lithuania,2018,41019.7901632878,4.91836780106811,0.901560366153717,1,1.3,3.4,1.5,35.7,6.6,10.6357604721446
LTU,Lithuania,2019,43062.3228425315,4.67735183530451,0.994787633419037,0.6,0.7,2.3,0.8,35.3,7,10.5992015089048
LTU,Lithuania,2020,43091.7973723526,0.0428158336981426,1.00418090820312,0.5,0.7,1.8,0.7,36,7.2,10.7466488142524
LTU,Lithuania,2021,45873.5273239486,6.38001606179873,1.03033602237701,0.3,0.4,1.4,0.6,36.7,7,10.5519255843768
LTU,Lithuania,2022,46651.2145810247,2.53752574011534,1.06778585910797,0.8,1.1,2.6,1.1,36.6,6.8,10.813924750714
LTU,Lithuania,2023,46159.7081733083,0.342262716277261,1.07111299037933,1.1,1.2,3.2,1.5,36,6.5,10.7859209223594
LTU,Lithuania,2024,47165.3665643051,2.77263124530285,,,,,,,,10.5410465982626
LTU,Lithuania,2025,,,,,,,,,,10.3560230662832
LUX,Luxembourg,1995,92391.3398625545,1.43220019776147,,0,0,0.2,0,28.3,9.1,8.17356143843866
LUX,Luxembourg,1996,92416.5186640698,1.39807549779829,1.54998731613159,0,0,0.2,0.1,29,8.6,6.92787949210401
LUX,Luxembourg,1997,96211.7308040367,5.41983084056754,,0,0,0.1,0,29.6,8.7,6.51852025947165
LUX,Luxembourg,1998,101364.675334086,6.67451290702765,1.52492868900299,0,0,0,0,30.6,8.4,6.61549092133762
LUX,Luxembourg,1999,108180.402740212,8.17518184900963,,0,0,0,0,30,8.6,6.35316083389102
LUX,Luxembourg,2000,114141.585295622,6.93812976136098,1.51018667221069,0,0,0,0,30.1,8.6,6.41932195301825
LUX,Luxembourg,2001,116258.426812926,3.07435550952719,,0,0,0,0,30.9,8.5,4.92586076903745
LUX,Luxembourg,2002,118757.530526236,3.22541782301025,1.40829694271088,0,0,0,0,31.1,8.6,5.28321614345088
LUX,Luxembourg,2003,120396.257843179,2.61937861354482,1.53309559822083,0.1,0.1,0.5,0.2,30.2,8.3,5.18354995273278
LUX,Luxembourg,2004,123720.261499488,4.23188928835465,1.66827726364136,0,0,0.1,0,30.2,8.3,5.30127492440852
LUX,Luxembourg,2005,124866.858810412,2.48287498468387,1.58191788196564,0,0.1,0.1,0.1,30.8,8.2,5.16910656242644
LUX,Luxembourg,2006,130284.96750238,6.0167154014547,1.54720115661621,0,0,0.1,0,30.9,8.2,5.01617484614171
LUX,Luxembourg,2007,138677.965491876,8.09866723048083,1.53769946098328,0,0,0,0,31.1,8.3,4.55022027279199
LUX,Luxembourg,2008,135812.22230327,-0.300175624936841,1.54557907581329,0,0,0.2,0,32.6,7.8,4.06862745098039
LUX,Luxembourg,2009,129002.240187517,-3.23895409147492,1.55508053302765,0,0.1,0.3,0.1,31.2,8,5.52416063435681
LUX,Luxembourg,2010,131432.059616316,3.76041454320028,1.57483577728271,0,0,0.3,0.1,30.5,8.2,5.27216706607326
LUX,Luxembourg,2011,129885.369760706,1.04429855323325,1.6045393943786601,0.1,0.1,0.2,0.1,32.1,7.8,5.53245023950749
LUX,Luxembourg,2012,128895.405145048,1.64990212764553,1.64990067481995,0,0.1,0.3,0.2,34.3,7.3,5.76189850118328
LUX,Luxembourg,2013,129945.453783621,3.17178989968683,1.63103139400482,0.1,0.1,0.3,0.1,32,7.6,5.88704447407324
LUX,Luxembourg,2014,130247.661687069,2.62308679154881,1.55458557605743,0.2,0.2,0.3,0.2,31.2,7.9,5.62017542834208
LUX,Luxembourg,2015,130097.2561798,2.26978423302835,1.54696607589722,0.3,0.4,0.8,0.4,32.9,7.5,7.39337029075687
LUX,Luxembourg,2016,133661.649729132,4.97819011520116,1.50075507164001,0.1,0.2,0.6,0.2,31.7,7.6,7.56192039575572
LUX,Luxembourg,2017,132169.834045368,1.31718713754285,1.52224540710449,0.3,0.4,1.1,0.4,34.5,6.8,6.66762781812611
LUX,Luxembourg,2018,131733.8846493,1.61129561338169,1.5432368516922,0.3,0.4,0.8,0.4,35.4,6.6,6.02911621979314
LUX,Luxembourg,2019,132724.752743888,2.74931929072659,1.49186420440674,0.1,0.1,0.3,0.2,34.2,7.2,6.88675186895153
LUX,Luxembourg,2020,129865.629988164,-0.510051634039826,1.49746370315552,0,0,0,0,33.4,7.1,6.53890844180995
LUX,Luxembourg,2021,136772.443753292,6.9297342584233,1.49557614326477,0.1,0.1,0.5,0.2,32.7,7.2,7.80256458668681
LUX,Luxembourg,2022,132570.826463419,-1.0974168968152,1.54147458076477,0.1,0.1,0.2,0.1,34.1,7.1,7.20906507779544
LUX,Luxembourg,2023,130048.92038753,0.0994399943552651,1.63266289234161,0.1,0.1,0.2,0.1,33.6,7.1,6.85390678809214
LUX,Luxembourg,2024,128475.279802738,0.35861253942069,,,,,,,,6.92763547369256
LUX,Luxembourg,2025,,,,,,,,,,6.94753991133506
LVA,Latvia,1995,10707.5149969006,-0.944760634359824,,2.2,7.1,35.5,10.5,31,8,11.2718187957558
LVA,Latvia,1996,11077.8618422597,2.29996103802466,0.72334748506546,3.8,8.6,37.3,11.7,31.6,7.7,11.6025554534688
LVA,Latvia,1997,12215.0151940189,9.17147634072084,,3.5,10.5,44.6,14.6,34.4,7.2,16.2519630541074
LVA,Latvia,1998,13138.4012524255,6.55000264756266,0.82843679189682,3.3,8.9,40.9,12.9,33.3,7.5,15.2054452480954
LVA,Latvia,1999,13619.098799485,2.81840455944993,,,,,,,,15.3838947069313
LVA,Latvia,2000,14554.2131724037,5.84102642353959,0.742288053035736,,,,,,,13.6888982576275
LVA,Latvia,2001,15695.906718153,6.46057826727287,,,,,,,,14.440526224273
LVA,Latvia,2002,17096.5594440255,7.66548778586991,0.837780058383942,1.5,4.2,24.7,7.2,35.1,7.1,13.4724553917161
LVA,Latvia,2003,18717.6675525538,8.42913257059108,0.767004191875458,1.5,3.7,19.4,5.5,36.5,6.9,13.0808821623863
LVA,Latvia,2004,20574.118201251,8.72514341727928,0.700535595417023,3.7,6.2,23.1,8.1,36.4,6.5,12.912853430391
LVA,Latvia,2005,23213.3539355881,11.6153178557457,0.781813085079193,3.1,5.7,20.3,7.5,39,5.9,11.0494325287755
LVA,Latvia,2006,26431.8140222767,12.825017846905,0.846699059009552,1.9,2.9,11.1,4.1,35.6,6.8,10.1566948421001
LVA,Latvia,2007,29423.7371235063,10.4145372792714,0.828915297985077,0.8,1.9,7.3,2.5,37.5,6.4,9.70494643127733
LVA,Latvia,2008,28726.9722869522,-3.38871665849958,0.780786275863647,1.6,2.6,9.2,3.3,37.2,6.1,9.03404534107467
LVA,Latvia,2009,24520.6791475489,-16.0400195313042,0.84993535280227706,2.6,4.2,14,5.2,35.9,5.9,9.52520953091404
LVA,Latvia,2010,24119.7307848939,-3.66125859554762,0.79424387216568,2.6,4.1,14.6,5.2,35,6.2,9.64290489270024
LVA,Latvia,2011,25308.7322074626,3.03634482668815,0.736775279045105,1.7,3.4,13.7,4.5,35.8,6.4,9.51540669944868
LVA,Latvia,2012,27496.5454583635,7.30524057200897,0.775515556335449,1.4,3.1,12.5,4.1,35.2,6.5,9.36791400868291
LVA,Latvia,2013,28375.1842887263,2.09609028156248,0.770385980606079,1.5,2.7,10,3.5,35.5,6.5,9.3640979317219
LVA,Latvia,2014,29243.7412502629,2.0949597710559,0.849420309066772,1.1,2.2,8.4,2.9,35.1,6.6,9.37021185486191
LVA,Latvia,2015,30599.6133134147,3.78336712084972,0.846579790115356,1,1.7,5.7,2.1,34.2,7.1,9.43594790452318
LVA,Latvia,2016,31668.5148442662,2.55168601974034,0.842499852180481,1,1.5,5.5,1.9,34.3,7,9.44947126233352
LVA,Latvia,2017,33036.3915943437,3.39894872623931,0.797488391399384,1,1.7,5.4,1.9,35.6,6.7,8.75514997497208
LVA,Latvia,2018,34729.7062763057,4.30971286294503,0.792210936546326,0.6,1,3.6,1.3,35.1,7,8.6919196523536
LVA,Latvia,2019,35208.1934590859,0.675372771884227,0.855535626411438,0.3,0.8,3.3,1.1,34.5,7.1,8.40307390600415
LVA,Latvia,2020,34225.8976044058,-3.46922750780554,0.868685662746429,0.5,0.8,2.9,1.1,35.7,6.9,8.84689747678932
LVA,Latvia,2021,36912.0130602161,6.94254173062592,0.89630264043808,0.5,0.8,2.4,1,34.3,7.1,8.42417458793317
LVA,Latvia,2022,37718.7097958367,1.90853419029801,0.937443792819977,0.4,0.7,2.9,1,33.7,7.1,8.24992650399551
LVA,Latvia,2023,37277.7217221317,-0.941606068823631,0.993027687072754,0.4,0.7,2.8,1,34,7.2,8.27463018952545
LVA,Latvia,2024,37611.6699359404,-0.0461080109713521,,,,,,,,8.70699661804667
LVA,Latvia,2025,,,,,,,,,,8.61513850639883
MAC,"Macao SAR, China",1995,60205.7086394147,3.29612425723712,,,,,,,,7.28302094212059
MAC,"Macao SAR, China",1996,59115.2336138336,-0.419861406496466,0.299853712320328,,,,,,,7.26646353763018
MAC,"Macao SAR, China",1997,58639.5250296819,-0.278986192547762,,,,,,,,6.3808101398672
MAC,"Macao SAR, China",1998,55296.5007644986,-4.57110341884395,0.298557758331299,,,,,,,6.25911065025622
MAC,"Macao SAR, China",1999,53348.0126915655,-2.35859213250518,,,,,,,,7.29199127454036
MAC,"Macao SAR, China",2000,55994.760697993,5.74714593475937,0.287548869848251,,,,,,,8.40119185115449
MAC,"Macao SAR, China",2001,57173.8590987063,2.88824010651439,,,,,,,,7.80477671974658
MAC,"Macao SAR, China",2002,61625.9560068114,8.90480904902596,0.453831791877747,,,,,,,6.9792967888897
MAC,"Macao SAR, China",2003,67994.777526459,11.6433551416587,0.726204633712769,,,,,,,7.54631824647142
MAC,"Macao SAR, China",2004,84004.4558061302,26.6368742306114,0.129654556512833,,,,,,,8.07506989471179
MAC,"Macao SAR, China",2005,87185.5254441553,8.07794929953978,0.404883742332458,,,,,,,6.44194548420772
MAC,"Macao SAR, China",2006,93828.3198758417,13.3921711919351,0.314057976007462,,,,,,,5.54492954834135
MAC,"Macao SAR, China",2007,102879.639164559,14.4817728129028,0.0624813102185726,,,,,,,5.16145677738247
MAC,"Macao SAR, China",2008,102474.668562926,3.39251560752048,0.0831067636609077,,,,,,,4.64553017892133
MAC,"Macao SAR, China",2009,104911.140336462,1.29837946885112,0.592065155506134,,,,,,,4.85029399025952
MAC,"Macao SAR, China",2010,130758.2806979,25.1031075246958,0.628308355808258,,,,,,,4.83813003503938
MAC,"Macao SAR, China",2011,155385.324208541,21.6223064381087,0.606116414070129,,,,,,,4.36636641803671
MAC,"Macao SAR, China",2012,164239.261923457,9.21747479596735,-0.24322135746479,,,,,,,4.10716284275322
MAC,"Macao SAR, China",2013,174569.523171267,10.7816711590297,-0.267725646495819,,,,,,,3.54565740682288
MAC,"Macao SAR, China",2014,162813.439348589,-2.03874227961819,-0.330587536096573,,,,,,,3.19505151107174
MAC,"Macao SAR, China",2015,123194.067291275,-21.7540078753246,-0.0673926323652267,,,,,,,3.35428933105689
MAC,"Macao SAR, China",2016,120530.052858314,-0.701510212552961,-0.0613991841673851,,,,,,,3.23331807392785
MAC,"Macao SAR, China",2017,133322.632677744,9.91855844513513,-0.0546205677092075,,,,,,,3.39733465599833
MAC,"Macao SAR, China",2018,139541.157248769,6.35917030567686,-0.0684486106038094,,,,,,,3.03737182290907
MAC,"Macao SAR, China",2019,133453.896026037,-2.4609094006739,-0.325433850288391,,,,,,,3.27505503124763
MAC,"Macao SAR, China",2020,59662.4855864551,-54.4020925789353,-0.290419191122055,,,,,,,3.48984544641717
MAC,"Macao SAR, China",2021,73374.4486829589,22.4622020023362,-0.534458220005035,,,,,,,3.23630816704073
MAC,"Macao SAR, China",2022,59921.441691873,-18.956941494497,-0.531183540821075,,,,,,,3.89088704582968
MAC,"Macao SAR, China",2023,104815.20003062,75.3084184293413,-0.509288549423218,,,,,,,3.86057008291223
MAC,"Macao SAR, China",2024,111693.502831434,7.84960207010525,,,,,,,,3.62885003443735
MAC,"Macao SAR, China",2025,,,,,,,,,,3.32638872065699
MAF,St. Martin (French part),1995,,,,,,,,,,
MAF,St. Martin (French part),1996,,,,,,,,,,
MAF,St. Martin (French part),1997,,,,,,,,,,
MAF,St. Martin (French part),1998,,,,,,,,,,
MAF,St. Martin (French part),1999,,,,,,,,,,
MAF,St. Martin (French part),2000,,,,,,,,,,
MAF,St. Martin (French part),2001,,,,,,,,,,
MAF,St. Martin (French part),2002,,,,,,,,,,
MAF,St. Martin (French part),2003,,,,,,,,,,
MAF,St. Martin (French part),2004,,,,,,,,,,
MAF,St. Martin (French part),2005,,,,,,,,,,
MAF,St. Martin (French part),2006,,,,,,,,,,
MAF,St. Martin (French part),2007,,,,,,,,,,
MAF,St. Martin (French part),2008,,,,,,,,,,
MAF,St. Martin (French part),2009,,,,,,,,,,
MAF,St. Martin (French part),2010,,,,,,,,,,
MAF,St. Martin (French part),2011,,,,,,,,,,
MAF,St. Martin (French part),2012,,,,,,,,,,
MAF,St. Martin (French part),2013,,,,,,,,,,
MAF,St. Martin (French part),2014,,,,,,,,,,
MAF,St. Martin (French part),2015,,1,,,,,,,,
MAF,St. Martin (French part),2016,,5,,,,,,,,
MAF,St. Martin (French part),2017,,-8.00000324038295,,,,,,,,
MAF,St. Martin (French part),2018,,-7.99999506898229,,,,,,,,
MAF,St. Martin (French part),2019,,6.50000363700821,,,,,,,,
MAF,St. Martin (French part),2020,,-12.500002246731,,,,,,,,
MAF,St. Martin (French part),2021,,4.89999967133534,,,,,,,,
MAF,St. Martin (French part),2022,,,,,,,,,,
MAF,St. Martin (French part),2023,,,,,,,,,,
MAF,St. Martin (French part),2024,,,,,,,,,,
MAF,St. Martin (French part),2025,,,,,,,,,,
MAR,Morocco,1995,4444.228515625,-5.40544787197402,,,,,,,,47.5212711072422
MAR,Morocco,1996,4916.47998046875,12.3728762700496,-0.416846513748169,,,,,,,47.1930905056225
MAR,Morocco,1997,4766.1103515625,-1.56070234550782,,,,,,,,47.4129409724355
MAR,Morocco,1998,5033.92333984375,7.23855267691987,-0.243397817015648,17.5,34.7,73.4,33.6,39.4,6.5,47.3239343185492
MAR,Morocco,1999,5043.6650390625,1.6970614772566,,17.15,35.1,73.30000000000001,33.55,40,6.5,47.4393157461075
MAR,Morocco,2000,5100.11572265625,2.58218091499747,-0.449143886566162,16.8,35.5,73.2,33.5,40.6,6.5,47.6312828766359
MAR,Morocco,2001,5417.57861328125,7.72182519577728,,,,,,,,47.5638873298981
MAR,Morocco,2002,5544.07177734375,3.73019737485745,-0.465828567743301,,,,,,,47.4968637212069
MAR,Morocco,2003,5810.05322265625,6.17110214953244,-0.752867102622986,,,,,,,47.3503499571624
MAR,Morocco,2004,5996.39013671875,4.57138016516208,-0.508274614810944,,,,,,,47.3111832194468
MAR,Morocco,2005,6103.42236328125,3.19224973015831,-0.687104880809784,,,,,,,46.5517184558715
MAR,Morocco,2006,6488.673828125,7.7908200104027,-0.712467074394226,9.4,23.2,65.1,25.9,40.7,6.5,45.4908977839474
MAR,Morocco,2007,6620.59033203125,3.44106776690418,-0.707481861114502,,,,,,,44.6543842145124
MAR,Morocco,2008,6901.95068359375,5.68453936284732,-0.758323967456818,,,,,,,43.4775072884129
MAR,Morocco,2009,7063.72705078125,3.74576940136258,-0.745714902877808,,,,,,,42.6236354633082
MAR,Morocco,2010,7210.63671875,3.49955709403216,-0.698601484298706,,,,,,,41.7007890027538
MAR,Morocco,2011,7503.79296875,5.52464523319847,-0.709956765174866,,,,,,,40.7791687699686
MAR,Morocco,2012,7628.64404296875,3.06234368502997,-0.605667233467102,,,,,,,39.955119066174
MAR,Morocco,2013,7839.0322265625,4.12221286860944,-0.698653876781464,3.7,11.6,49,16.3,39.5,6.7,39.0275988920488
MAR,Morocco,2014,7951.79833984375,2.7192440802029,-0.688601315021515,,,,,,,38.1162743161859
MAR,Morocco,2015,8198.80859375,4.34458297635238,-0.63044410943985,,,,,,,37.7308709836669
MAR,Morocco,2016,8141.9404296875,0.52118550608968,-0.624226212501526,,,,,,,37.6413382987147
MAR,Morocco,2017,8450.0087890625,5.05789816173446,-0.670836448669434,,,,,,,37.3106230229215
MAR,Morocco,2018,8611.75,3.06564133025955,-0.675590515136719,,,,,,,37.0295163984512
MAR,Morocco,2019,8768.17578125,2.89097476137077,-0.624475300312042,,,,,,,36.6992487642516
MAR,Morocco,2020,8054.56298828125,-7.17820744246774,-0.592912673950195,,,,,,,36.9063063440001
MAR,Morocco,2021,8623.265625,8.15473889823681,-0.590032160282135,,,,,,,36.4337371052087
MAR,Morocco,2022,8690.4482421875,1.81269242194809,-0.545548260211945,,,,,,,36.3768248449945
MAR,Morocco,2023,8915.3515625,3.65564411017931,-0.489260077476501,,,,,,,36.1537678510381
MAR,Morocco,2024,9162.7470703125,3.79336515978963,,,,,,,,35.8835491444583
MAR,Morocco,2025,,,,,,,,,,35.5370263719705
MCO,Monaco,1995,,2.11715302190068,,,,,,,,
MCO,Monaco,1996,,1.11073179729593,1.09829199314117,,,,,,,
MCO,Monaco,1997,,2.23724927742614,,,,,,,,
MCO,Monaco,1998,,3.50326599643141,1.11441886425018,,,,,,,
MCO,Monaco,1999,,3.30053899589946,,,,,,,,
MCO,Monaco,2000,,3.91022992758094,1.11794853210449,,,,,,,
MCO,Monaco,2001,,2.18773369040099,,,,,,,,
MCO,Monaco,2002,,1.02649757327522,1.09297561645508,,,,,,,
MCO,Monaco,2003,,1.08753654746801,0.95275342464447,,,,,,,
MCO,Monaco,2004,,2.47048260499609,0.928724050521851,,,,,,,
MCO,Monaco,2005,,1.89541410859198,0.924126982688904,,,,,,,
MCO,Monaco,2006,,5.81764849670007,0.929085612297058,,,,,,,
MCO,Monaco,2007,,14.4375144375144,0.93426102399826,,,,,,,
MCO,Monaco,2008,,0.746871215179652,0.971235871315002,,,,,,,
MCO,Monaco,2009,,-11.3369865758365,0.954712569713593,,,,,,,
MCO,Monaco,2010,,2.06521962654098,1.02448236942291,,,,,,,
MCO,Monaco,2011,,7.02235694617619,0.802048742771149,,,,,,,
MCO,Monaco,2012,,1.01221841230461,0.796869933605194,,,,,,,
MCO,Monaco,2013,,9.57709832354816,0.819759607315063,,,,,,,
MCO,Monaco,2014,,7.18702777537968,0.993923723697662,,,,,,,
MCO,Monaco,2015,,4.91037176536236,1.01713895797729,,,,,,,
MCO,Monaco,2016,,3.00844358752744,0.836806237697601,,,,,,,
MCO,Monaco,2017,,-3.20618323813213,0.83636349439621,,,,,,,
MCO,Monaco,2018,,5.69790121192926,0.640214383602142,,,,,,,
MCO,Monaco,2019,,7.12088951975396,0.656566023826599,,,,,,,
MCO,Monaco,2020,,-13.2391048292108,0.672939896583557,,,,,,,
MCO,Monaco,2021,,22.2322155851208,0.704493343830109,,,,,,,
MCO,Monaco,2022,,11.2662955198601,0.716082632541656,,,,,,,
MCO,Monaco,2023,,5.44395088840088,0.65396785736084,,,,,,,
MCO,Monaco,2024,,8.51053758860212,,,,,,,,
MCO,Monaco,2025,,,,,,,,,,
MDA,Moldova,1995,6428.83979448752,-1.39999905491376,,,,,,,,28.4684541113242
MDA,Moldova,1996,6063.14051693664,-5.87706028626823,0.0183696802705526,,,,,,,29.4061015788798
MDA,Moldova,1997,6185.83952473232,1.64706456037401,,19.1,37.1,76.5,35.8,36.9,6.6,30.2241046197738
MDA,Moldova,1998,5783.48593751483,-6.54219207711182,0.0898001343011856,31.9,51.1,84.4,45.2,39.5,6,31.0743782672726
MDA,Moldova,1999,5597.46512850295,-3.36825447657218,,44,64.7,88.8,52.7,42.6,6,31.7856731114048
MDA,Moldova,2000,5727.07922525352,2.10771608200733,-0.143778055906296,41,62.8,91.2,52.4,36.4,6.9,36.456960075687
MDA,Moldova,2001,6090.03474356112,6.10000039929173,,32.2,53.3,86.4,46.3,38,6.7,38.8641142222786
MDA,Moldova,2002,6580.27841436838,7.79999965773833,-0.532346844673157,19.9,38.4,77.6,36.1,35.8,7,40.6926084506522
MDA,Moldova,2003,7034.35784911687,6.59999995777716,-0.491123884916306,10,25.9,70.8,28.4,34.9,7.6,42.889307561429
MDA,Moldova,2004,7573.6178454751,7.39999973358189,-0.585409641265869,11.6,26.8,71.4,29,35,7.4,42.8700982560684
MDA,Moldova,2005,8161.47344724765,7.5000001493726,-0.547894060611725,16.6,34.1,76.2,34.1,36.3,7,44.153863618481
MDA,Moldova,2006,8577.02858037286,4.79999983670831,-0.267036706209183,3.4,9.6,43.1,14,35.4,7.1,47.575278376178
MDA,Moldova,2007,8854.83397616724,3.00000022585525,-0.292217820882797,1.6,6,33.7,10.1,34.4,7.4,49.7563488086094
MDA,Moldova,2008,9563.69814290939,7.80000014541523,-0.307182461023331,1.7,6.6,35.4,10.5,34.7,7.3,49.7542477424054
MDA,Moldova,2009,9001.23432081622,-6.00000026352828,-0.296487033367157,1.5,6.1,34.3,9.9,32.9,7.6,51.3551528688226
MDA,Moldova,2010,9649.9509930271,7.10000010705836,-0.0552531853318214,0.8,3.8,31.7,8.2,32.1,8.1,55.3041868946859
MDA,Moldova,2011,10217.3087761255,5.81816614684824,0.0495045222342014,0.5,2.7,28,6.8,30.6,8.5,55.1207245426558
MDA,Moldova,2012,10158.3854676883,-0.589733954762579,-0.03442607447505,0.5,2.1,27.3,6.3,29.2,9,56.684292369242
MDA,Moldova,2013,11080.0634585341,9.0438656074181,-0.0727094113826752,0.1,1.5,22.5,4.7,28.5,9.2,57.3751819907049
MDA,Moldova,2014,11641.1208436577,4.99962585407656,0.00949638709425926,0,0.7,21.4,4.1,26.8,9.7,59.1520634391167
MDA,Moldova,2015,11691.0797484184,-0.338235622387202,0.0198426637798548,0.1,0.8,19,3.6,27,9.7,60.5100846814372
MDA,Moldova,2016,12377.366678394,4.64601436259409,-0.019514596089720702,0.2,0.9,19.1,3.6,26.3,10,61.5590591627244
MDA,Moldova,2017,13118.8219369605,4.17561205106279,-0.0256148222833872,0.1,0.6,18.8,3.6,25.9,10,60.1455658753858
MDA,Moldova,2018,13895.5043655692,4.07559546585034,-0.117281161248684,0,0.4,15.5,2.8,25.7,10.2,59.6244661995789
MDA,Moldova,2019,14621.2401362286,3.5523140853476,-0.105710230767727,0,0.4,16.1,2.9,26,10,59.2519024696919
MDA,Moldova,2020,13559.2600217483,-8.27597831976949,-0.0562920235097408,0,0.2,16.7,2.9,25,10.3,59.1271275629698
MDA,Moldova,2021,15682.0703284653,13.9299997889786,0.0420428887009621,0.2,0.3,15.4,2.7,25.7,10.1,58.7779623301966
MDA,Moldova,2022,15358.0153548867,-4.6000000255323,0.0965940952301025,0,0.3,19.7,3.5,25.9,10.2,58.5846798598757
MDA,Moldova,2023,15990.4793311152,1.2000000493378,0.236791402101517,0.1,0.8,20.4,3.9,26.8,9.9,58.4945696961615
MDA,Moldova,2024,16376.6113704265,0.103059364371205,,,,,,,,58.544726880019
MDA,Moldova,2025,,,,,,,,,,58.6193979855176
MDG,Madagascar,1995,1661.27062467061,1.67859232120303,,,,,,,,79.7973653436049
MDG,Madagascar,1996,1643.32579628891,2.15420447175147,-0.117616765201092,,,,,,,79.848955473852
MDG,Madagascar,1997,1649.44809006306,3.69349261691789,,80.7,90.7,98.6,74.8,39.4,6.1,79.8983796008177
MDG,Madagascar,1998,1658.88849253066,3.91707460516817,0.152408421039581,79.6,90.15,98.55,74.35,39,6.199999999999999,79.9182478228374
MDG,Madagascar,1999,1681.35933226493,4.69922703680521,,78.5,89.6,98.5,73.9,38.6,6.3,79.9132810461313
MDG,Madagascar,2000,1701.44320253582,4.45685893956946,0.110470913350582,68,80.05,93.8,66.25,43,5.6,79.9268664266097
MDG,Madagascar,2001,1748.50350929178,5.98023576982733,,57.5,70.5,89.1,58.6,47.4,4.9,79.945300925874193
MDG,Madagascar,2002,1486.43429741771,-12.4079711055149,-0.153443366289139,,,,,,,80.2316840296752
MDG,Madagascar,2003,1584.74925232364,9.78489212474175,0.0445495285093784,,,,,,,80.4546893851822
MDG,Madagascar,2004,1620.11953793293,5.25700362208742,0.00536269648000598,,,,,,,81.3412602968258
MDG,Madagascar,2005,1648.17631554009,4.75584509499119,-0.123797461390495,55.3,73.8,93.1,59,39.9,6.7,82.1677586606
MDG,Madagascar,2006,1686.86335460016,5.3985084485368,-0.110259488224983,,,,,,,82.9634120572152
MDG,Madagascar,2007,1731.61751794976,5.71056419885052,-0.139065206050873,,,,,,,83.7454838931063
MDG,Madagascar,2008,1794.40235887329,6.71263253913001,-0.326152890920639,,,,,,,84.4461680958992
MDG,Madagascar,2009,1673.15551466723,-3.9787086116544,-0.83152848482132,,,,,,,85.3201859979696
MDG,Madagascar,2010,1635.24511473059,0.619239744622121,-0.845434308052063,65.3,79.8,94.2,64.2,42.4,6.1,86.1912662024353
MDG,Madagascar,2011,1614.55137773785,1.57842705366555,-0.879346013069153,66.3,80.15,94.35,64.85,42.5,5.9,86.1541324397767
MDG,Madagascar,2012,1617.79082882481,3.01114811621208,-0.883270680904388,67.3,80.5,94.5,65.5,42.6,5.7,86.1079263289671
MDG,Madagascar,2013,1610.6023078966,2.30037622800727,-0.763428390026093,,,,,,,85.9525757711906
MDG,Madagascar,2014,1620.357889066,3.33920311195367,-0.500259637832642,,,,,,,85.7593623933675
MDG,Madagascar,2015,1627.5806134224,3.13229807490305,-0.380922138690948,,,,,,,85.5683421479978
MDG,Madagascar,2016,1648.91226979296,3.99314606199499,-0.316786468029022,,,,,,,85.4387187628213
MDG,Madagascar,2017,1669.72764267278,3.93330759462793,-0.3454709649086,,,,,,,85.2841308345373
MDG,Madagascar,2018,1678.78623269491,3.19435651744398,-0.321546018123627,,,,,,,85.1290872848545
MDG,Madagascar,2019,1707.83153830039,4.41123212909589,-0.235004052519798,,,,,,,84.9378549105182
MDG,Madagascar,2020,1545.72714379204,-7.13767162064489,-0.263206869363785,,,,,,,85.5948004297467
MDG,Madagascar,2021,1577.43246056529,4.65068343174309,-0.279159992933273,69.2,83.9,96.6,66.8,36.8,7.2,85.0753472754052
MDG,Madagascar,2022,1602.71368352337,4.15609778386296,-0.293677031993866,,,,,,,84.9434806513982
MDG,Madagascar,2023,1629.46097248642,4.20304615840668,-0.319516479969025,,,,,,,84.7910373194925
MDG,Madagascar,2024,1657.04970622969,4.19999999988647,,,,,,,,84.6148496361166
MDG,Madagascar,2025,,,,,,,,,,84.4152122615466
MDV,Maldives,1995,10894.1730236585,12.9857843069314,,,,,,,,32.6996197718631
MDV,Maldives,1996,11495.0988639063,7.85864699857959,-0.660230457782745,,,,,,,32.4155767184364
MDV,Maldives,1997,12210.9687208916,8.39794100450224,,,,,,,,32.1506907299804
MDV,Maldives,1998,12884.7223193763,7.4946829140504,-0.674291372299194,,,,,,,31.8961622525855
MDV,Maldives,1999,13449.2026730153,6.17565592929535,,,,,,,,31.6659503037766
MDV,Maldives,2000,13738.2809408875,3.84581040832157,-0.758386790752411,,,,,,,31.4588759878152
MDV,Maldives,2001,12977.9990665612,-3.94363452271253,,,,,,,,31.300493776692502
MDV,Maldives,2002,13689.8065561949,7.26838656139654,-0.83959025144577,18.8,40.5,81.4,38.7,41.3,6.8,31.1258486626022
MDV,Maldives,2003,15316.1192814998,13.7500496410836,-0.999485611915588,,,,,,,30.8481419992211
MDV,Maldives,2004,15958.6557759464,5.92489251113133,-1.19482707977295,,,,,,,30.5366303302341
MDV,Maldives,2005,13942.8753891662,-11.1773097061784,-0.979869902133942,,,,,,,30.4109992634422
MDV,Maldives,2006,16829.9768208157,23.6302719852686,-1.0059722661972,,,,,,,30.0568999532982
MDV,Maldives,2007,17439.9504862625,7.13338024717898,-0.927418410778046,,,,,,,29.7025984850567
MDV,Maldives,2008,18344.4866455436,8.97645459033633,-0.301234483718872,,,,,,,29.2539439666544
MDV,Maldives,2009,16230.0089361263,-8.34069861571051,-0.0484580174088478,13.1,25.9,65,27.2,38.4,6.4,28.9325579613279
MDV,Maldives,2010,16730.0144200167,6.7854678229144,-0.0626933947205544,,,,,,,27.3620643197921
MDV,Maldives,2011,17581.7676697752,8.84342600490342,-0.156640365719795,,,,,,,25.6831895753897
MDV,Maldives,2012,17390.1474995422,2.38928797963442,-0.468655318021774,,,,,,,23.9912600145667
MDV,Maldives,2013,17986.8907361645,6.97496226412528,-0.446088761091232,,,,,,,22.2344764577284
MDV,Maldives,2014,18765.3592118344,7.86068643108074,-0.354872792959213,,,,,,,20.436927847229
MDV,Maldives,2015,18829.4481529112,3.86813536494475,-0.50041788816452,,,,,,,20.1674391657011
MDV,Maldives,2016,19345.1792343541,6.37528306716864,-0.710969507694244,0.1,0.6,11.7,2.6,31.3,8.3,19.8911419190872
MDV,Maldives,2017,20036.7165354949,7.07442863215275,-0.719831883907318,0.06666666666666668,0.4,11.533333333333333,2.4,30.633333333333333,8.5,19.4950474649353
MDV,Maldives,2018,21072.5805249694,8.5689555834747,-0.654160141944885,0.03333333333333334,0.2,11.366666666666665,2.2,29.96666666666667,8.700000000000001,19.1009356736014
MDV,Maldives,2019,21855.501224579,6.92305989050099,-0.452074974775314,0,0,11.2,2,29.3,8.9,18.7276410499547
MDV,Maldives,2020,14242.9750701162,-32.9088287752921,-0.302701383829117,,,,,,,18.328602414832
MDV,Maldives,2021,19052.6224904311,37.507870124321,-0.2118049710989,,,,,,,17.9129992937975
MDV,Maldives,2022,21357.8112511153,13.8260895184139,-0.205017864704132,,,,,,,17.7230533543386
MDV,Maldives,2023,22333.0477138175,4.94286301229583,-0.137529924511909,,,,,,,17.4796859290093
MDV,Maldives,2024,23034.4098404839,3.49440422654285,,,,,,,,17.207119489017
MDV,Maldives,2025,,,,,,,,,,16.9072204595712
MEX,Mexico,1995,17028.1215003697,-5.91029962358286,,,,,,,,33.9691096067829
MEX,Mexico,1996,17775.8727869147,6.21829715869302,-0.0423130206763744,21.7,35.1,65.6,32.7,52,3.8,32.3222158998867
MEX,Mexico,1997,18737.6426443231,7.19887615284711,,21.799999999999997,33.900000000000006,63.9,31.900000000000002,52.65,3.55,33.4392985862985
MEX,Mexico,1998,19573.0654539328,6.18507893082885,0.0627863109111786,21.9,32.7,62.2,31.1,53.3,3.3,31.276231726969
MEX,Mexico,1999,19793.2852841045,2.75503039300564,,19.1,29.450000000000003,58.650000000000006,28.5,53.349999999999994,3.3499999999999996,30.9941521102718
MEX,Mexico,2000,20470.4937646148,5.02928399378261,0.258450001478195,16.3,26.2,55.1,25.9,53.4,3.4,28.6556583715149
MEX,Mexico,2001,20078.2183908739,-0.450845253215945,,14.55,24.75,54,24.6,52,3.7,28.9205645916625
MEX,Mexico,2002,19744.7933653416,-0.236588001922641,0.346043467521667,12.8,23.3,52.9,23.3,50.6,4,28.9291909210766
MEX,Mexico,2003,19701.4633876569,1.18554486709559,0.346937119960785,11.9,21.5,51.65,22.25,50.45,4,29.161819871507
MEX,Mexico,2004,20127.2242847772,3.56544100946846,0.319827616214752,11,19.7,50.4,21.2,50.3,4,28.7294860397438
MEX,Mexico,2005,20277.2552818503,2.11324712586392,0.198065519332886,11.7,19.9,48.4,21,50.9,3.8,28.6988275313931
MEX,Mexico,2006,20965.8256074046,4.80501352746852,0.150474414229393,9,17,45.9,18.6,49.7,4.2,27.6392315403137
MEX,Mexico,2007,21102.2688314629,2.07786393438754,0.121899016201496,9.55,17.85,45.95,19.05,50.25,4.05,27.6258854803049
MEX,Mexico,2008,20992.5602618229,0.943331863036903,0.13492757081985499,10.1,18.7,46,19.5,50.8,3.9,27.1293986726867
MEX,Mexico,2009,19385.5437230088,-6.29525055780502,0.200032845139503,9.25,17.5,46.15,18.95,49.25,4.25,28.10971298329
MEX,Mexico,2010,20058.3854859755,4.9713345832195,0.178501576185226,8.4,16.3,46.3,18.4,47.7,4.6,27.1323174816299
MEX,Mexico,2011,20457.6001664624,3.44404505794418,0.12169187515974,7.85,15.8,45.2,17.799999999999997,48.650000000000006,4.5,27.0383943361546
MEX,Mexico,2012,20898.9357195292,3.55321075993527,0.112745344638824,7.3,15.3,44.1,17.2,49.6,4.4,26.5915706565839
MEX,Mexico,2013,20805.3480411912,0.852101559410627,0.108349166810513,7.25,15.2,45.35,17.549999999999997,49.25,4.550000000000001,26.6149635386733
MEX,Mexico,2014,21069.7661649129,2.50376350288664,2.75321624940261e-4,7.2,15.1,46.6,17.9,48.9,4.7,26.1286776395464
MEX,Mexico,2015,21408.9283201493,2.70232342550646,-0.0753404349088669,5.800000000000001,12.8,42.2,15.6,47.9,4.85,25.8734166652499
MEX,Mexico,2016,21578.2633554092,1.77249323845399,-0.0674507692456245,4.4,10.5,37.8,13.3,46.9,5,25.368150093206
MEX,Mexico,2017,21777.5225111982,1.87172853327193,-0.0890548452734947,4.15,9.8,36.55,12.65,46.45,5.1,25.01057468159
MEX,Mexico,2018,21997.7730167472,1.97208209405635,-0.00868499930948019,3.9,9.1,35.3,12,46,5.2,24.9522096359473
MEX,Mexico,2019,21704.1859494071,-0.392690505066824,0.00857096444815397,4.1,9.35,35.9,12.3,45.3,5.25,25.2923719558328
MEX,Mexico,2020,19728.4817823158,-8.35403458167995,-0.0273882187902927,4.3,9.6,36.5,12.6,44.6,5.3,25.6061584665131
MEX,Mexico,2021,20782.5877417545,6.0484834621255,-0.0774139538407326,3.3,7.65,31.95,10.55,44.05,5.449999999999999,26.9162365538204
MEX,Mexico,2022,21391.8573692427,3.70975709163623,-0.119756743311882,2.3,5.7,27.4,8.5,43.5,5.6,26.7121637679536
MEX,Mexico,2023,21917.24858366,3.35354140652768,-0.115086063742638,,,,,,,26.1101792283655
MEX,Mexico,2024,22039.6287019016,1.42742769080466,,,,,,,,25.3176786585274
MEX,Mexico,2025,,,,,,,,,,25.3099549208398
MHL,Marshall Islands,1995,4703.43305447938,8.21329431843584,,,,,,,,
MHL,Marshall Islands,1996,4174.81392158106,-10.3029571066249,1.22604835033417,,,,,,,
MHL,Marshall Islands,1997,3867.34286781701,-6.4456755576108,,,,,,,,
MHL,Marshall Islands,1998,3805.88691498835,-0.674095984599532,1.24346601963043,,,,,,,
MHL,Marshall Islands,1999,3718.81112086275,-1.33472157840318,,,,,,,,
MHL,Marshall Islands,2000,3772.2158024995,2.45443006851272,1.25590968132019,,,,,,,
MHL,Marshall Islands,2001,4000.73051185181,6.93004446202892,,,,,,,,
MHL,Marshall Islands,2002,4121.83964555336,3.63579015049041,1.22839558124542,,,,,,,
MHL,Marshall Islands,2003,4040.65511934983,-1.56167510462087,1.21656310558319,,,,,,,
MHL,Marshall Islands,2004,4012.3445001608,-0.408355471416314,1.19513034820557,,,,,,,
MHL,Marshall Islands,2005,4075.1586476742,1.79104477611941,1.18626391887665,,,,,,,
MHL,Marshall Islands,2006,4075.57643179743,0.175953079178882,1.16447603702545,,,,,,,
MHL,Marshall Islands,2007,4222.41292273556,3.68852459016394,1.15891206264496,,,,,,,
MHL,Marshall Islands,2008,3903.30558742877,-7.56634669678148,1.18814706802368,,,,,,,
MHL,Marshall Islands,2009,4047.22680617884,3.66524129505193,1.13205051422119,,,,,,,
MHL,Marshall Islands,2010,4269.35843273854,5.53918680023571,1.11228764057159,,,,,,,
MHL,Marshall Islands,2011,4259.11601606604,-0.502512562814076,1.12966418266296,,,,,,,
MHL,Marshall Islands,2012,4244.04434413749,-1.29068462401796,1.10328590869904,,,,,,,
MHL,Marshall Islands,2013,4469.85358401607,3.80898237635019,1.18698787689209,,,,,,,
MHL,Marshall Islands,2014,4491.99193864536,-1.25958378970427,1.1548445224762,,,,,,,
MHL,Marshall Islands,2015,4670.10918243675,1.88574597892401,1.17880952358246,,,,,,,
MHL,Marshall Islands,2016,4896.52195460777,2.5040827436037,1.19136381149292,,,,,,,
MHL,Marshall Islands,2017,5199.3444796298,3.55815188528943,1.18978536128998,,,,,,,
MHL,Marshall Islands,2018,5635.30750426868,5.48717948717949,1.12325739860535,,,,,,,
MHL,Marshall Islands,2019,6405.07564930525,10.4521147301896,1.07946360111237,2.1,6.7,36.5,10.9,35.5,7.2,
MHL,Marshall Islands,2020,6417.18441217728,-2.77288732394366,1.13107526302338,,,,,,,
MHL,Marshall Islands,2021,6767.95785510528,2.15938183019058,1.09652531147003,,,,,,,
MHL,Marshall Islands,2022,6936.86510911803,-0.700563926576777,1.10572350025177,,,,,,,
MHL,Marshall Islands,2023,6801.61469241924,-5.00791779654826,1.12555754184723,,,,,,,
MHL,Marshall Islands,2024,7209.26654997536,2.50192717852873,,,,,,,,
MHL,Marshall Islands,2025,,,,,,,,,,
MKD,North Macedonia,1995,10501.1323953237,-1.11472769414412,,,,,,,,18.045553220082
MKD,North Macedonia,1996,10551.5662666256,1.18510388873231,-0.387256860733032,,,,,,,18.4214909701722
MKD,North Macedonia,1997,10787.5753615656,1.43998133659125,,,,,,,,18.8683488765255
MKD,North Macedonia,1998,11092.8746195031,3.37873564718296,-0.160104438662529,3.3,9.4,44.4,13.6,28.1,8.5,19.2761562506408
MKD,North Macedonia,1999,11519.0045020862,4.33902791307588,,7.499999999999999,14.8,51.349999999999994,17.95,31.2,7.55,21.308147934123
MKD,North Macedonia,2000,11988.2945978824,4.54913578288874,-0.343047291040421,11.7,20.2,58.3,22.3,34.3,6.6,21.6109667433472
MKD,North Macedonia,2001,11571.8592198944,-3.06725662451662,,7.35,13.85,45.7,16.55,36.4,6.35,23.8282043881387
MKD,North Macedonia,2002,11830.3116732903,1.49366547202928,-0.165570721030235,3,7.5,33.1,10.8,38.5,6.1,22.7504958308851
MKD,North Macedonia,2003,12077.8990922494,2.22260165732409,-0.021864851936698,2.8,8.5,34.2,11.3,38.7,6.1,19.8985141524474
MKD,North Macedonia,2004,12683.4335090407,4.67408957960916,-0.161177352070808,1.4,4.4,23.2,7,38.4,6.1,18.9422222059948
MKD,North Macedonia,2005,13354.5165282625,4.72408864201974,-0.101468585431576,3.1,7.7,31.4,10.6,39.3,5.8,22.6867942106623
MKD,North Macedonia,2006,14118.2883359902,5.13702516153505,0.173717871308327,4.6,9.3,32.8,11.6,42.6,5.2,22.4202094446327
MKD,North Macedonia,2007,15118.3063672461,6.47348685752347,0.276678591966629,3,6.95,28.45,9.5,44.35,5.1,21.8025111725899
MKD,North Macedonia,2008,16038.1078627458,5.47200139015595,0.195739969611168,1.4,4.6,24.1,7.4,46.1,5,22.8929834058451
MKD,North Macedonia,2009,16084.2946742803,-0.358614856979671,0.168129861354828,12.1,18.6,43.6,19.5,42.8,4.1,22.4075757897298
MKD,North Macedonia,2010,16731.1595676008,3.35875085773812,0.114981435239315,12.8,17.9,40,18.7,40.1,3.8,22.1168877953291
MKD,North Macedonia,2011,17201.3074960957,2.33988604520331,-0.0394918583333492,10.9,15.5,39.5,17.1,39.4,4.4,21.9425813123438
MKD,North Macedonia,2012,17190.0669173829,-0.456183223607937,-0.0284961052238941,9.1,14.1,37.8,15.8,38.1,4.9,22.0059153241328
MKD,North Macedonia,2013,17758.3012027338,2.92525766450484,-0.057581290602684,7.4,12,36.5,14.1,36.2,5.6,23.4328595213876
MKD,North Macedonia,2014,18452.282749234,3.62912351276373,-0.141559079289436,6.4,10.5,32.4,12.3,35.2,5.8,22.7689940950514
MKD,North Macedonia,2015,19215.1537229479,3.85586514041738,-0.181847542524338,7,10.1,30.4,11.9,35.6,5.6,21.7458833814632
MKD,North Macedonia,2016,19825.8546858981,2.84820519363306,-0.234802842140198,5.7,9.7,27,10.7,34.5,5.6,19.4408796034363
MKD,North Macedonia,2017,20121.1344599839,1.08177273813243,-0.138867184519768,5.6,9.2,24.7,9.9,34.2,5.7,18.6452765096335
MKD,North Macedonia,2018,20806.0084013242,2.88059670964267,-0.0260068122297525,4.3,7.1,22.7,8.5,33,6.1,18.3217048097391
MKD,North Macedonia,2019,21766.974473423,3.91041953840173,-0.0192464832216501,3.9,7.4,20.5,7.9,33.5,5.8,16.6952890178874
MKD,North Macedonia,2020,20971.5290718387,-4.68845000956652,0.0554443672299385,,,,,,,13.7737918709469
MKD,North Macedonia,2021,22144.2842571431,4.51067949038222,0.135456100106239,,,,,,,12.6611227235597
MKD,North Macedonia,2022,22822.3280431288,2.75888415332967,0.162095278501511,,,,,,,12.154234727462
MKD,North Macedonia,2023,23455.319400522,2.554965253403,0.162697300314903,,,,,,,9.93863251143773
MKD,North Macedonia,2024,24203.2859505244,2.99373536567732,,,,,,,,12.579395192586
MKD,North Macedonia,2025,,,,,,,,,,12.3359230055659
MLI,Mali,1995,2022.4037826787,0.728693727529304,,,,,,,,85.3889717207285
MLI,Mali,1996,2105.2753013378,6.36569576842297,0.0121427616104484,,,,,,,85.229227735548207
MLI,Mali,1997,2142.78769298746,4.12133954321507,,,,,,,,85.0334444959693
MLI,Mali,1998,2228.20055528486,6.65326037456275,-0.0676826238632202,,,,,,,84.7883248205539
MLI,Mali,1999,2269.08741153512,4.70587926246569,,,,,,,,84.5201594275299
MLI,Mali,2000,2187.71894209604,-0.736019991927179,-0.0457374341785908,,,,,,,84.3191093786824
MLI,Mali,2001,2458.46155672294,15.8060317406145,,68.6,81.7,96.5,67.5,39.9,6.3,83.9830028008034
MLI,Mali,2002,2455.61935704114,3.03627540842406,0.280810177326202,,,,,,,83.7183856777448
MLI,Mali,2003,2611.8368553004,9.79712256129343,0.336165219545364,,,,,,,83.411605808607
MLI,Mali,2004,2565.97744562534,1.47732490222614,0.248863771557808,,,,,,,83.1921443391956
MLI,Mali,2005,2546.33281406377,2.53837834867178,0.247933819890022,,,,,,,82.9452670604157
MLI,Mali,2006,2555.07476259654,3.6896026526873,0.297409027814865,64,79.3,95.3,63.9,38.9,6.4,82.7023143612432
MLI,Mali,2007,2515.94692367878,1.76004607889122,0.22539059817791,63.766666666666666,79.76666666666667,95.89999999999999,64.06666666666666,36.93333333333333,6.933333333333334,82.5519150330318
MLI,Mali,2008,2523.1996127255,3.63871070955426,0.202510952949524,63.53333333333333,80.23333333333333,96.5,64.23333333333333,34.96666666666667,7.466666666666667,82.4019290843523
MLI,Mali,2009,2575.54549773621,5.45473562577585,0.0696147605776787,63.3,80.7,97.1,64.4,33,8,82.1965316901718
MLI,Mali,2010,2632.26468220172,5.57678859838062,0.158107548952103,,,,,,,82.0318641392634
MLI,Mali,2011,2623.34627008963,2.93537897086446,0.167899787425995,,,,,,,81.9149855991476
MLI,Mali,2012,2520.52931087437,-1.07239924132972,-0.495530128479004,,,,,,,81.77548455167
MLI,Mali,2013,2528.53006767058,3.29068742019345,-0.284561961889267,,,,,,,81.6865392471941
MLI,Mali,2014,2609.16733048758,6.50263878409685,-0.161193147301674,,,,,,,81.6420290685752
MLI,Mali,2015,2686.56065074588,6.23887890197454,-0.197768017649651,,,,,,,81.6734143772091
MLI,Mali,2016,2759.11051294151,6.00506308559498,-0.182400822639465,,,,,,,80.2390654902896
MLI,Mali,2017,2816.194239022,5.37554769639952,-0.212172240018845,,,,,,,79.6571039576017
MLI,Mali,2018,2862.40728989634,4.86784999991505,-0.327881008386612,29.4,51.2,84.5,43.7,36,7.5,80.4414156362995
MLI,Mali,2019,2916.17167790759,4.99999911608818,-0.44176921248436,31.633333333333333,53.96666666666667,85.86666666666666,45.4,35.9,7.533333333333333,82.2494960767689
MLI,Mali,2020,2796.41038444894,-1.16910834828603,-0.760558068752289,33.86666666666667,56.733333333333334,87.23333333333333,47.1,35.800000000000004,7.566666666666666,84.98949427918
MLI,Mali,2021,2796.22793795433,3.10094124444834,-0.801511585712433,36.1,59.5,88.6,48.8,35.7,7.6,80.596929894387
MLI,Mali,2022,2813.81095962843,3.70319027595568,-0.920922577381134,,,,,,,76.5924519695763
MLI,Mali,2023,2860.42819002278,4.72541109080376,-1.01174712181091,,,,,,,76.4497311446465
MLI,Mali,2024,2916.18529537154,4.99226917482922,,,,,,,,76.2906027068025
MLI,Mali,2025,,,,,,,,,,75.7600007193145
MLT,Malta,1995,22310.9631982103,6.34249258769448,,,,,,,,11.7158842755805
MLT,Malta,1996,23002.2111964815,3.77733566668861,1.16631174087524,,,,,,,11.4193525760179
MLT,Malta,1997,24028.8942855753,5.25698091440572,,,,,,,,11.1187025534852
MLT,Malta,1998,25096.8746137924,5.12560097165955,1.13685023784637,,,,,,,10.8402778721842
MLT,Malta,1999,26126.0896690455,4.71997595160968,,,,,,,,10.5883300230823
MLT,Malta,2000,31066.9228903221,19.6812692571542,1.19157075881958,,,,,,,10.1224446052032
MLT,Malta,2001,30600.9719457901,-0.757203079411141,,,,,,,,10.2267777235107
MLT,Malta,2002,31206.2716762932,2.74113514481881,1.16790759563446,,,,,,,10.5815373164537
MLT,Malta,2003,32146.6801842336,3.69331046215919,1.34463798999786,,,,,,,10.9849448892892
MLT,Malta,2004,32061.5717383591,0.407354470561188,1.37272918224335,,,,,,,10.815230705059
MLT,Malta,2005,32775.7490182242,2.88123523900146,1.23385429382324,,,,,,,10.670308454242
MLT,Malta,2006,33419.4710514467,2.33618945029086,1.20378243923187,0.5,0.6,1,0.6,28,8.6,10.7162613257034
MLT,Malta,2007,34980.4009462349,5.03640168136971,1.2426346540451,0.5,0.7,1.4,0.7,29.2,8.3,10.5373075307086
MLT,Malta,2008,36286.3762693845,4.41059660584338,1.24973607063293,0.2,0.2,0.7,0.3,29,8.5,10.4663589992713
MLT,Malta,2009,35511.3563931618,-1.39524973471087,1.15272116661072,0.5,0.6,1.1,0.6,30.2,8.2,10.566742409592
MLT,Malta,2010,37527.338314073,6.19735041110465,1.16721260547638,0.3,0.3,0.6,0.3,29,8.4,10.6509505973408
MLT,Malta,2011,37739.4436925333,0.99220191192282,1.1433470249176,0.2,0.4,0.7,0.3,29.1,8.5,10.6003854894853
MLT,Malta,2012,38935.700353788,4.10167392241412,1.16538798809052,0.2,0.3,0.5,0.2,29.4,8.4,10.6279548361978
MLT,Malta,2013,40919.7945400628,6.29233375866998,1.15649199485779,0,0.1,0.3,0.1,28.8,8.6,10.661491985336
MLT,Malta,2014,43161.5419815161,7.63136360845897,1.18419134616852,0,0,0.2,0,29,8.6,10.5960641271383
MLT,Malta,2015,46170.1721772127,9.62070315764963,1.20284688472748,0.1,0.1,0.4,0.1,29.4,8.5,10.5392059256899
MLT,Malta,2016,46965.601581458,4.07800355932196,1.19653582572937,0.1,0.2,0.3,0.2,29.1,8.6,10.5104064840035
MLT,Malta,2017,51626.3473049783,12.9713424962459,1.17123138904572,0.2,0.2,0.4,0.2,29.2,8.5,10.4634553882641
MLT,Malta,2018,53417.0154946227,7.18921479603796,1.10109639167786,0.2,0.2,0.4,0.2,28.7,8.6,10.3026300291103
MLT,Malta,2019,53391.4373856091,4.08505582134097,1.08007621765137,0.3,0.5,0.7,0.4,31,8.2,10.3853008537984
MLT,Malta,2020,50387.8220368582,-3.45728276294712,1.11851668357849,0.4,0.7,1,0.5,31.4,8,10.5842764207216
MLT,Malta,2021,56852.3218512267,13.4117042939322,1.0709707736969,0.1,0.2,0.5,0.2,31.6,8.3,10.2641120107123
MLT,Malta,2022,56841.958125813,2.48309993837792,1.08086717128754,0.1,0.2,0.7,0.3,34.6,7.3,10.2810008403896
MLT,Malta,2023,60418.3949311068,10.6215185022616,0.913654506206512,,,,,,,10.261356435023
MLT,Malta,2024,62700.4942180461,6.79990300224401,,,,,,,,10.2682472933653
MLT,Malta,2025,,,,,,,,,,10.0733562606943
MMR,Myanmar,1995,962.209421824521,6.94805143702995,,,,,,,,73.3347908097638
MMR,Myanmar,1996,1011.15993423274,6.44271534713997,-1.88991796970367,,,,,,,72.9664203379444
MMR,Myanmar,1997,1054.76742791265,5.65158296304853,,,,,,,,72.5916744756983
MMR,Myanmar,1998,1102.79096369399,5.86621315328905,-1.91843712329865,,,,,,,72.2138693639679
MMR,Myanmar,1999,1209.01642809997,10.9451299817104,,,,,,,,71.7859628534573
MMR,Myanmar,2000,1359.93038778036,13.7459305561226,-2.03981137275696,,,,,,,71.2726175628102
MMR,Myanmar,2001,1498.31163236525,11.3439970699605,,,,,,,,70.7205988072983
MMR,Myanmar,2002,1661.73588517132,12.0255134340315,-2.01282620429993,,,,,,,70.1263372764165
MMR,Myanmar,2003,1874.17128269389,13.8439968903798,-2.08195519447327,,,,,,,69.500514060747
MMR,Myanmar,2004,2110.23728495831,13.5646616163416,-2.12265229225159,,,,,,,68.8630120503401
MMR,Myanmar,2005,2377.90258162976,13.5689500216456,-2.16620492935181,,,,,,,68.2131474732356
MMR,Myanmar,2006,2669.32700379999,13.0761013792372,-2.2332706451416,,,,,,,67.5808696197858
MMR,Myanmar,2007,2968.3033151236,11.9914352402146,-2.21349167823792,,,,,,,66.9536140526199
MMR,Myanmar,2008,3254.738978881,10.2553053929808,-2.20797920227051,,,,,,,66.3576555917275
MMR,Myanmar,2009,3578.17424704515,10.5500090961932,-2.17256188392639,,,,,,,65.8040371487862
MMR,Myanmar,2010,3893.79030665874,9.6344394520444,-2.06740403175354,,,,,,,65.2948478098803
MMR,Myanmar,2011,4078.61220919965,5.59148237823661,-1.84963369369507,,,,,,,64.8273974913864
MMR,Myanmar,2012,4340.99945069174,7.33267044704149,-1.62011933326721,,,,,,,64.4436589419547
MMR,Myanmar,2013,4666.95376141392,8.42600102501767,-1.4617201089859,,,,,,,64.0888560084288
MMR,Myanmar,2014,5006.50667149767,8.16990745558277,-1.34409058094025,,,,,,,63.7347654032358
MMR,Myanmar,2015,5313.88615901476,6.99284029026121,-1.21916234493256,18.2,40.6,82.5,38.4,38.1,7.3,63.4197974763633
MMR,Myanmar,2016,5580.98977273232,5.86247291518572,-0.79665869474411,14.25,34.85,81.15,35.55,34.4,8.1,63.1710927817521
MMR,Myanmar,2017,5877.87465558175,6.13610824360305,-0.864974677562714,10.3,29.1,79.8,32.7,30.7,8.9,62.9396632462135
MMR,Myanmar,2018,6201.26341429803,6.26886221471075,-0.900570631027222,,,,,,,61.8662706505316
MMR,Myanmar,2019,6562.98898478625,6.57911006765414,-0.857247412204742,,,,,,,63.0863742673827
MMR,Myanmar,2020,5926.83450206681,-9.04834717984643,-0.939642190933228,,,,,,,63.2020972622548
MMR,Myanmar,2021,5178.44718217164,-12.0163724829177,-1.65846216678619,,,,,,,62.636150327052
MMR,Myanmar,2022,5350.47666899931,4.0374934360085,-1.81123757362366,,,,,,,62.7382656719031
MMR,Myanmar,2023,5364.13797034429,0.958446625126115,-1.84359860420227,,,,,,,62.8150740990455
MMR,Myanmar,2024,5276.29433987853,-0.97204641363362,,,,,,,,62.8809350494971
MMR,Myanmar,2025,,,,,,,,,,62.8911874336601
MNE,Montenegro,1995,,,,,,,,,,16.7580275570633
MNE,Montenegro,1996,,,,,,,,,,16.5293138304198
MNE,Montenegro,1997,14638.7970938907,,,,,,,,,16.253325731661
MNE,Montenegro,1998,15403.0521357994,4.90000584633157,-0.594267904758453,,,,,,,15.9120026572398
MNE,Montenegro,1999,13993.4155102209,-9.39999812435001,,,,,,,,15.776591666421
MNE,Montenegro,2000,14452.2762793739,3.10000005928038,-0.501997947692871,,,,,,,15.602953820062
MNE,Montenegro,2001,14552.555913276,1.09983870937087,,,,,,,,15.430598784427
MNE,Montenegro,2002,14770.3164485924,1.90393673332888,0.0124232685193419,,,,,,,15.254167669098
MNE,Montenegro,2003,15076.7139308442,2.48265922878505,0.085785448551178,,,,,,,15.0706676386896
MNE,Montenegro,2004,15716.1406519937,4.42605071745108,0.113930948078632,,,,,,,14.889774017615
MNE,Montenegro,2005,16348.9675325821,4.18060450885471,0.134036913514137,0.4,1.6,16.4,3.8,30.2,8.5,14.7031152611339
MNE,Montenegro,2006,17727.4395602504,8.56641802964204,0.262788712978363,0.4,1.2,16.3,3.5,30,8.4,14.4277305428384
MNE,Montenegro,2007,18966.5316118445,7.13755016459636,0.258968710899353,0.4,0.6,9.5,2.1,31.4,8.1,14.1161973437999
MNE,Montenegro,2008,20239.0055766337,6.89860030860218,0.23590849339962,0.3,0.5,6.4,1.3,30.5,8.4,13.7331229694726
MNE,Montenegro,2009,18985.0166440648,-5.99444862538753,0.241875201463699,0,0.6,7.5,2,31,8.3,13.5275487633219
MNE,Montenegro,2010,19476.2433855105,2.77559782547836,0.189805597066879,0,0.8,10,1.8,28.9,8.7,13.5646639896962
MNE,Montenegro,2011,20110.5703706069,3.40978812497193,0.207890570163727,0.4,1,12,2.6,30.8,8.2,13.6885117874976
MNE,Montenegro,2012,19576.4932347548,-2.48732882965353,0.217905968427658,5.6,11.1,29.5,12.1,41.2,4.5,13.5308399754752
MNE,Montenegro,2013,20201.3754091056,3.38612548540247,0.178248211741447,5.2,8.7,28.2,10.2,39,5.2,13.3341155075822
MNE,Montenegro,2014,20641.850118964,2.37030892464516,0.160274803638458,3.9,9.3,25.9,9.9,38.8,5.1,15.8009763459264
MNE,Montenegro,2015,21131.9286652777,2.52306333975571,0.144039914011955,3.6,8.5,24.6,9.3,39,5.2,17.5176662438848
MNE,Montenegro,2016,21834.1824200766,3.4393056210999,0.0761609300971031,3.3,6.2,20.1,7.9,38.5,5.2,17.9513212165164
MNE,Montenegro,2017,22513.8741282681,3.21668504736274,0.124297693371773,4.6,7.5,19.2,8.2,36.9,5.2,18.4448843583726
MNE,Montenegro,2018,23562.2739681383,4.73292113433965,0.0619781464338303,3.9,6.9,21.1,8.2,36.8,5.3,18.2673176204542
MNE,Montenegro,2019,24585.2179072849,4.39391565821528,0.0241374615579844,2.5,4.9,17.6,6.3,35.7,5.9,17.1951615346331
MNE,Montenegro,2020,20904.6866227364,-14.9926187023533,0.0414909943938255,2.2,4.9,17.6,6.1,35.4,6.1,18.0487234115164
MNE,Montenegro,2021,23690.0773513056,13.0462607426359,0.168561905622482,2.5,4,14.5,5.1,34.3,6.2,16.0786040344538
MNE,Montenegro,2022,25583.4216629604,7.73954689516201,0.275241851806641,,,,,,,15.6930575971075
MNE,Montenegro,2023,27243.51720726,6.47836283518564,0.342006295919418,,,,,,,14.9459877422762
MNE,Montenegro,2024,28105.7093264336,3.16409886329913,,,,,,,,14.6934480892311
MNE,Montenegro,2025,,,,,,,,,,14.2814885386214
MNG,Mongolia,1995,5457.68501570005,6.3764268864666,,22.1,40.3,81.1,38.3,33.2,7.4,53.9202027238493
MNG,Mongolia,1996,5494.32133981897,2.23509384338665,0.423779755830765,27.96666666666667,48.43333333333333,85.66666666666666,43.56666666666666,32.233333333333334,7.5,54.1910528417803
MNG,Mongolia,1997,5628.10663484223,3.89671358377919,,33.833333333333336,56.56666666666666,90.23333333333333,48.83333333333333,31.26666666666667,7.6000000000000005,54.0622097861614
MNG,Mongolia,1998,5735.84383645771,3.33993659935817,0.559471786022186,39.7,64.7,94.8,54.1,30.3,7.7,54.3141350136288
MNG,Mongolia,1999,5829.16641455929,3.07036901086266,,,,,,,,54.347768455583
MNG,Mongolia,2000,5818.24307842901,1.14606213709108,0.383202731609344,,,,,,,54.3115581050284
MNG,Mongolia,2001,5917.07088396343,2.95271054338117,,,,,,,,55.0274571075013
MNG,Mongolia,2002,6117.9824222592,4.73297846590111,0.378301382064819,18.7,37,78.3,36.1,32.9,7.5,55.7201757624518
MNG,Mongolia,2003,6463.78966651762,7.00463457384886,0.32553905248642,,,,,,,56.305664503778
MNG,Mongolia,2004,7070.667158451,10.6254059599309,0.272552013397217,,,,,,,56.8703820614745
MNG,Mongolia,2005,7499.84803935428,7.25366543796015,0.0695406645536423,,,,,,,57.3723199478348
MNG,Mongolia,2006,8043.99678108557,8.55623481664365,0.253958493471146,,,,,,,57.8063312750846
MNG,Mongolia,2007,8750.13407442299,10.2480163590057,0.314249187707901,4,14.3,53.2,18.7,35.8,7.3,57.8003775605523
MNG,Mongolia,2008,9379.85489687765,8.90036794067551,0.268697589635849,3.8333333333333335,13.566666666666666,52.63333333333333,18.2,34.9,7.466666666666667,57.4623390210105
MNG,Mongolia,2009,9095.9769892529,-1.26859893608282,0.125629633665085,3.6666666666666665,12.833333333333334,52.06666666666667,17.7,34,7.633333333333333,56.6253458969578
MNG,Mongolia,2010,9507.118823625,6.3651616786311,0.0884936228394508,3.5,12.1,51.5,17.2,33.1,7.8,51.6938950988822
MNG,Mongolia,2011,10960.0959283864,17.2907775869555,0.0520602315664291,2.2,8.5,46.5,14.4,33.9,7.8,50.7207540195897
MNG,Mongolia,2012,12078.9185320062,12.3198198494032,0.0654749944806099,1.1,5.6,36.7,10.5,33.8,7.6,47.4458075294625
MNG,Mongolia,2013,13210.0945665668,11.6489161878925,0.108922056853771,0.9500000000000001,4.8,33.650000000000006,9.35,32.9,7.85,45.6974158951049
MNG,Mongolia,2014,13943.4277148653,7.88522548204762,0.241448745131493,0.8,4,30.6,8.2,32,8.1,44.7802015506778
MNG,Mongolia,2015,13974.5967260365,2.37983580731722,0.270105838775635,1.35,6.05,37.650000000000006,10.85,32.15,8.05,45.732439039342196
MNG,Mongolia,2016,13898.1456953585,1.48978448679577,0.332040816545486,1.9,8.1,44.7,13.5,32.3,8,42.770038480005
MNG,Mongolia,2017,14401.5375067562,5.63687638694772,0.292925477027893,1.7999999999999998,7.4,42.900000000000006,12.8,32.5,7.95,45.0654424807444
MNG,Mongolia,2018,15230.2408828847,7.74488062024881,0.243952363729477,1.7,6.7,41.1,12.1,32.7,7.9,43.379279883151
MNG,Mongolia,2019,15790.6961126441,5.60224422064255,0.321980535984039,,,,,,,43.0872230340125
MNG,Mongolia,2020,14801.3420829185,-4.55775197583431,0.374683976173401,,,,,,,42.5677512191222
MNG,Mongolia,2021,14792.2509086422,1.63676957736662,0.3111512362957,,,,,,,40.75670403291
MNG,Mongolia,2022,15310.4349469163,5.0327096366527,0.264592379331589,0.4,2.3,24.4,6,31.4,8.2,40.0864297905538
MNG,Mongolia,2023,16222.8638898529,7.4221127615025,0.250342100858688,,,,,,,39.2935505593375
MNG,Mongolia,2024,16842.6505873797,5.12204539122661,,,,,,,,38.7660011987917
MNG,Mongolia,2025,,,,,,,,,,38.3696539892008
MNP,Northern Mariana Islands,1995,,,,,,,,,,
MNP,Northern Mariana Islands,1996,,,,,,,,,,
MNP,Northern Mariana Islands,1997,,,,,,,,,,
MNP,Northern Mariana Islands,1998,,,,,,,,,,
MNP,Northern Mariana Islands,1999,,,,,,,,,,
MNP,Northern Mariana Islands,2000,,,,,,,,,,
MNP,Northern Mariana Islands,2001,,,,,,,,,,
MNP,Northern Mariana Islands,2002,,,,,,,,,,
MNP,Northern Mariana Islands,2003,,0.343170899107761,,,,,,,,
MNP,Northern Mariana Islands,2004,,-3.07797537619699,,,,,,,,
MNP,Northern Mariana Islands,2005,,-12.7028934368384,,,,,,,,
MNP,Northern Mariana Islands,2006,,-6.87146321746161,,,,,,,,
MNP,Northern Mariana Islands,2007,,-6.68402777777779,,,,,,,,
MNP,Northern Mariana Islands,2008,,-11.0697674418605,,,,,,,,
MNP,Northern Mariana Islands,2009,,-17.5732217573222,,,,,,,,
MNP,Northern Mariana Islands,2010,,1.3959390862943999,,,,,,,,
MNP,Northern Mariana Islands,2011,,-7.38423028785982,,,,,,,,
MNP,Northern Mariana Islands,2012,,0.810810810810807,,,,,,,,
MNP,Northern Mariana Islands,2013,,2.68096514745308,,,,,,,,
MNP,Northern Mariana Islands,2014,,4.177545691906,,,,,,,,
MNP,Northern Mariana Islands,2015,,3.38345864661653,,,,,,,,
MNP,Northern Mariana Islands,2016,,29.2121212121212,,,,,,,,
MNP,Northern Mariana Islands,2017,,23.1707317073171,,,,,,,,
MNP,Northern Mariana Islands,2018,,-19.4973343488195,,,,,,,,
MNP,Northern Mariana Islands,2019,,-11.4474929044465,,,,,,,,
MNP,Northern Mariana Islands,2020,,-29.0598290598291,,,,,,,,
MNP,Northern Mariana Islands,2021,,4.96987951807229,,,,,,,,
MNP,Northern Mariana Islands,2022,,16.6427546628408,,,,,,,,
MNP,Northern Mariana Islands,2023,,,,,,,,,,
MNP,Northern Mariana Islands,2024,,,,,,,,,,
MNP,Northern Mariana Islands,2025,,,,,,,,,,
MOZ,Mozambique,1995,525.418671837499,2.12289380592357,,,,,,,,90.5095347033496
MOZ,Mozambique,1996,562.857456341656,10.6959109797718,-0.281485259532928,87.7,92.4,97.7,81.2,53.3,4.2,90.2829178901235
MOZ,Mozambique,1997,612.371551265915,11.8149459447588,,,,,,,,89.9642824046078
MOZ,Mozambique,1998,660.650177820748,10.3692324974977,-0.161566689610481,,,,,,,89.6052355241641
MOZ,Mozambique,1999,722.305561379979,11.816986527255,,,,,,,,89.2073865719708
MOZ,Mozambique,2000,711.976393527396,0.766234955773442,-0.218968793749809,,,,,,,88.8957188375087
MOZ,Mozambique,2001,785.790173616246,12.8516820207736,,,,,,,,88.4736790868747
MOZ,Mozambique,2002,842.645266172761,9.66850534669427,-0.218986436724663,87.6,93.3,97.9,79.1,46.9,5.5,88.193306821035
MOZ,Mozambique,2003,883.239121472194,7.21770086569656,-0.0311716701835394,,,,,,,87.7513551014619
MOZ,Mozambique,2004,934.133964844421,8.20470494788577,-0.0339414738118649,,,,,,,87.3804710619585
MOZ,Mozambique,2005,970.38995609863,6.31202378023193,0.00833530258387327,,,,,,,87.0586474788437
MOZ,Mozambique,2006,1041.80471709595,9.91067756782915,-0.0863831415772438,,,,,,,86.6947578556493
MOZ,Mozambique,2007,1095.12568701598,7.64935393795867,-0.0817873626947403,,,,,,,86.3703630529609
MOZ,Mozambique,2008,1141.94256161019,6.87802942560995,-0.0727424472570419,81.1,90.4,97.5,74.8,45.5,5.3,86.0393967865304
MOZ,Mozambique,2009,1178.70909947834,5.92897187460815,-0.114246524870396,,,,,,,85.7252479698056
MOZ,Mozambique,2010,1224.23020471309,6.67972935662864,-0.120654635131359,,,,,,,85.42258799863
MOZ,Mozambique,2011,1275.52959822581,7.13405842300445,-0.199520617723465,,,,,,,85.1498804682842
MOZ,Mozambique,2012,1338.51594866104,7.9945031610722,-0.197661280632019,,,,,,,84.8516900713105
MOZ,Mozambique,2013,1385.83254864214,6.57141389665537,-0.256401658058167,,,,,,,84.6002217474557
MOZ,Mozambique,2014,1449.92926632722,7.70256844839309,-0.24679134786129,74.4,84.3,94.6,70.2,54,4.2,84.3080822200555
MOZ,Mozambique,2015,1512.5997455554,7.3930936986377,-0.270830363035202,,,,,,,83.9329454622233
MOZ,Mozambique,2016,1537.90853271216,4.69699024225795,-0.417111307382584,,,,,,,83.8479873950088
MOZ,Mozambique,2017,1532.0073576114,2.63820737310658,-0.420955717563629,,,,,,,83.7895819758208
MOZ,Mozambique,2018,1538.83512127022,3.48493202422782,-0.484720945358276,,,,,,,83.7913050847769
MOZ,Mozambique,2019,1528.88988354373,2.31781394821475,-0.544878602027893,81.6,89,96.5,75.3,50.7,4.5,83.8602767430364
MOZ,Mozambique,2020,1466.12476474476,-1.21952250011192,-0.595090806484222,81.53333333333333,89.03333333333333,96.43333333333334,75.13333333333333,50.333333333333336,4.566666666666666,84.3719798374396
MOZ,Mozambique,2021,1457.23540930922,2.37743572761507,-0.608652472496033,81.46666666666667,89.06666666666666,96.36666666666666,74.96666666666667,49.96666666666667,4.633333333333334,84.0028622055047
MOZ,Mozambique,2022,1476.66560298097,4.36445074432608,-0.586264908313751,81.4,89.1,96.3,74.8,49.6,4.7,84.0700181405171
MOZ,Mozambique,2023,1512.27640791481,5.48149036541776,-0.593393087387085,,,,,,,83.9721727715252
MOZ,Mozambique,2024,1500.31427446351,2.14854964610538,,,,,,,,83.8421992309295
MOZ,Mozambique,2025,,,,,,,,,,83.6848642618582
MRT,Mauritania,1995,5446.26956105444,9.81980039567452,,31.7,52.2,85.6,45.5,37.7,6.4,57.29133095502
MRT,Mauritania,1996,5650.3411811269,5.81882663043622,-0.567770183086395,,,,,,,57.1962160086571
MRT,Mauritania,1997,5302.3666333722,-4.04469654678225,,,,,,,,57.1420848335442
MRT,Mauritania,1998,5310.15819138341,2.77780479737011,-0.711399912834167,,,,,,,57.1136253366429
MRT,Mauritania,1999,5359.98881996232,3.67317831340802,,,,,,,,57.1081631676454
MRT,Mauritania,2000,5008.60806690014,-3.91802585208993,-0.789923965930939,30.7,49.2,82.8,43.5,39,6.2,57.265878001001
MRT,Mauritania,2001,4847.41086088566,-0.799493830035985,,,,,,,,57.2965934239004
MRT,Mauritania,2002,4806.89853417166,1.38148396045266,-0.793843626976013,,,,,,,57.2479625837409
MRT,Mauritania,2003,5023.65213424467,6.92826957568474,-0.764577209949493,,,,,,,57.1311976509474
MRT,Mauritania,2004,5139.22552002451,4.73275787510946,-1.13142073154449,28.5,49.4,84.4,43.7,40.2,6.5,56.8672723651351
MRT,Mauritania,2005,5445.82951227718,8.56628732009419,-0.912761688232422,,,,,,,56.3855920383684
MRT,Mauritania,2006,6284.70209025296,18.3331986932345,-0.851902544498444,,,,,,,55.4972847668534
MRT,Mauritania,2007,6002.77832165174,-1.96942274988409,-0.666273534297943,,,,,,,55.3283643237571
MRT,Mauritania,2008,5813.35608368305,-0.331079223430805,-0.94266402721405,19.2,36.8,74.1,34.4,35.7,6.7,55.0658411949685
MRT,Mauritania,2009,5639.78745018612,0.0978759143320076,-0.924538612365723,,,,,,,55.0650257843158
MRT,Mauritania,2010,5605.76388754436,2.62022948104543,-0.909265220165253,,,,,,,54.7587556344853
MRT,Mauritania,2011,5653.21719956693,4.17278327815399,-0.9275963306427,,,,,,,54.4102082302176
MRT,Mauritania,2012,5716.25195328296,4.47001319170479,-0.910916328430176,,,,,,,54.4673290896989
MRT,Mauritania,2013,5769.72870835599,4.1508131898954,-0.959503531455994,,,,,,,54.3997823236945
MRT,Mauritania,2014,5837.8520312229,4.27482328814457,-0.895771265029907,11.7,26.3,70,28.7,32.6,7.5,54.7184569477374
MRT,Mauritania,2015,5969.54239339806,5.37633924099251,-0.888364434242249,,,,,,,54.8462545663261
MRT,Mauritania,2016,5866.28144759405,1.26090923067225,-0.774308800697327,,,,,,,54.7006194405038
MRT,Mauritania,2017,6050.62180273825,6.27054566937677,-0.801470816135406,,,,,,,54.7113701142417
MRT,Mauritania,2018,6153.63790295218,4.77217365692621,-0.868751645088196,,,,,,,54.3785868005739
MRT,Mauritania,2019,6162.21044512087,3.14100489306969,-0.800471007823944,10.2,26,71.2,28.7,32,7.8,53.9312008606684
MRT,Mauritania,2020,5963.23549793488,-0.360657384151068,-0.827085018157959,,,,,,,54.7307408849683
MRT,Mauritania,2021,5836.56580821897,0.742715486567747,-0.77223539352417,,,,,,,54.2057129602975
MRT,Mauritania,2022,6053.26178155509,6.79600500489967,-0.730507910251617,,,,,,,54.1465116600873
MRT,Mauritania,2023,6276.47521079359,6.80949001978621,-0.656128466129303,,,,,,,53.8401728108733
MRT,Mauritania,2024,6482.69016724334,6.30760213290844,,,,,,,,53.6221990164643
MRT,Mauritania,2025,,,,,,,,,,53.3486289331543
MUS,Mauritius,1995,10847.0307453987,4.28773657145238,,,,,,,,22.8653582798691
MUS,Mauritius,1996,11336.6041686972,5.58784392666244,0.85291451215744,,,,,,,22.6577230662535
MUS,Mauritius,1997,11832.2877924531,5.68747741886635,,,,,,,,22.4534164806885
MUS,Mauritius,1998,12419.4673726952,6.07194017756214,1.00717222690582,,,,,,,22.2490408533244
MUS,Mauritius,1999,12582.7521544356,2.61093234413026,,,,,,,,22.1059729003626
MUS,Mauritius,2000,13481.7540541745,8.20279174865273,0.98251760005950906,,,,,,,21.8071405702955
MUS,Mauritius,2001,13823.4171391048,3.34754072731407,,,,,,,,21.5549606812192
MUS,Mauritius,2002,13949.4742923184,1.61491865862433,0.788582921028137,,,,,,,21.9088034110313
MUS,Mauritius,2003,14669.5001844577,5.92544548947731,0.851995170116425,,,,,,,21.6955337994978
MUS,Mauritius,2004,15209.0164267817,4.33001985464357,0.840148866176605,,,,,,,18.2473080971731
MUS,Mauritius,2005,15387.9807842254,1.77754302034454,0.832839369773865,,,,,,,18.2161142023809
MUS,Mauritius,2006,16061.6030030396,4.8655446077553,0.909173727035522,1.1,3.8,30.8,8.1,35.7,7.6,17.8077235443779
MUS,Mauritius,2007,16904.2745171796,5.72701615981669,0.886209964752197,,,,,,,18.544719264789
MUS,Mauritius,2008,17750.5936228988,5.38696254207251,0.863871872425079,,,,,,,17.9709858508946
MUS,Mauritius,2009,18290.4070077862,3.31507699790781,0.822893023490906,,,,,,,17.5024585725914
MUS,Mauritius,2010,19045.6542832867,4.37720322344293,0.789677262306213,,,,,,,17.7558946259372
MUS,Mauritius,2011,19790.5300586052,4.07753806610333,0.795731782913208,,,,,,,16.9773380897825
MUS,Mauritius,2012,20425.707017688,3.49611836470866,0.880852997303009,1.1,3.4,26.2,6.9,38.5,7,18.4003075300154
MUS,Mauritius,2013,21061.0293432869,3.36040609974133,0.928622841835022,,,,,,,18.7223125274695
MUS,Mauritius,2014,21827.4802326052,3.82696982009337,0.939608097076416,,,,,,,17.7693523234544
MUS,Mauritius,2015,22603.0885218714,3.69055690369433,0.826196253299713,,,,,,,18.4793648571833
MUS,Mauritius,2016,23460.0011516323,3.8624682634,0.817911267280579,,,,,,,17.6566949986946
MUS,Mauritius,2017,24361.8758542058,3.93798380632353,0.788255393505096,0.5,2.3,19.1,4.8,36.8,7.2,17.8361421590915
MUS,Mauritius,2018,25324.1785958124,4.00674057198549,0.737608253955841,,,,,,,17.8800959882402
MUS,Mauritius,2019,26047.9753573284,2.89128499346516,0.755454897880554,,,,,,,18.1614758194029
MUS,Mauritius,2020,22258.3868106268,-14.5465381490166,0.705348968505859,,,,,,,17.9604445640099
MUS,Mauritius,2021,23010.2013826905,3.40379866177662,0.670713603496552,,,,,,,16.1664334138072
MUS,Mauritius,2022,25085.9891959451,8.69306675264066,0.613581001758575,,,,,,,15.8397058744943
MUS,Mauritius,2023,26635.0124048697,5.00791900868131,0.615706980228424,,,,,,,15.5717369644636
MUS,Mauritius,2024,28011.1579806299,4.92512304864294,,,,,,,,15.2834024965418
MUS,Mauritius,2025,,,,,,,,,,14.8796115240302
MWI,Malawi,1995,1140.75609365079,16.7288173003423,,,,,,,,63.926519928614
MWI,Malawi,1996,1200.32058232422,7.3166817822397,-0.088463768362999,,,,,,,63.6417491252879
MWI,Malawi,1997,1221.09404555353,3.79241909354917,,64.6,79.8,93.4,63.6,65.8,3.9,63.4165436605923
MWI,Malawi,1998,1241.52433181826,3.89525350328424,0.0645511597394943,,,,,,,63.1569876065955
MWI,Malawi,1999,1249.77523298871,3.04227813671855,,,,,,,,62.9744195266011
MWI,Malawi,2000,1239.39174838676,1.57607762616895,-0.133616417646408,,,,,,,62.8457968878414
MWI,Malawi,2001,1149.58039601898,-4.97496361892476,,,,,,,,62.8886296503582
MWI,Malawi,2002,1140.84274642418,1.70000003078317,-0.58310067653656,,,,,,,62.9305514435111
MWI,Malawi,2003,1176.12385998737,5.70563940467414,-0.428266704082489,,,,,,,62.9085122096184
MWI,Malawi,2004,1208.2196975075,5.42049754993828,-0.542294263839722,74.4,86.7,96.9,69.7,39.9,6.9,62.8651829941864
MWI,Malawi,2005,1214.7426419188,3.26872602317066,-0.52810263633728,,,,,,,62.8068851770977
MWI,Malawi,2006,1237.27386519947,4.69999976404691,-0.252313852310181,,,,,,,62.6666372470508
MWI,Malawi,2007,1318.33196397214,9.59999987683469,-0.261939287185669,,,,,,,62.4508664474339
MWI,Malawi,2008,1378.42886690465,7.63973639944591,-0.246654763817787,,,,,,,62.2207484245404
MWI,Malawi,2009,1449.72601522136,8.3281098524038,-0.148771479725838,,,,,,,62.0035154897927
MWI,Malawi,2010,1504.37514113215,6.87406585416142,-0.190968170762062,72.9,85.2,96.1,69.7,45.5,5.5,61.7614774363974
MWI,Malawi,2011,1533.22889572405,4.93266999813729,-0.245419502258301,,,,,,,61.521607307057
MWI,Malawi,2012,1518.14803849238,1.90000000072909,-0.206084370613098,,,,,,,61.4040977541535
MWI,Malawi,2013,1555.50607410511,5.41034999817167,-0.178823113441467,,,,,,,61.2565407324386
MWI,Malawi,2014,1597.56484331405,5.62527000105139,-0.064276397228241,,,,,,,61.1106315207764
MWI,Malawi,2015,1597.69145324855,2.80000000003355,-0.00424028793349862,,,,,,,61.0069364041053
MWI,Malawi,2016,1593.59549264808,2.49999999914311,-0.0304317232221365,71.7,85.1,96.5,68.2,44.7,6.4,60.9467499185129
MWI,Malawi,2017,1613.0593571462,4.00000000089172,-0.0311444010585546,72.93333333333334,85.83333333333333,96.7,68.93333333333334,42.63333333333333,6.6000000000000005,60.884421449249
MWI,Malawi,2018,1638.91665761076,4.35356471619211,-0.0761848464608192,74.16666666666667,86.56666666666666,96.89999999999999,69.66666666666667,40.56666666666667,6.8,60.8003222826038
MWI,Malawi,2019,1687.28944917892,5.71682519194337,-0.110017240047455,75.4,87.3,97.1,70.4,38.5,7,60.6858021929867
MWI,Malawi,2020,1656.43985192533,0.793596429787286,0.00262835877947509,,,,,,,60.6513220619037
MWI,Malawi,2021,1687.59358179651,4.55829212016083,0.0694767460227013,,,,,,,60.1016299952936
MWI,Malawi,2022,1659.95933825168,0.921115069005936,0.062155295163393,,,,,,,60.0633319021039
MWI,Malawi,2023,1649.29873234551,1.94575281675984,0.0756149441003799,,,,,,,60.0058962741485
MWI,Malawi,2024,1634.24660266597,1.6734340852915,,,,,,,,59.9678483206137
MWI,Malawi,2025,,,,,,,,,,59.9074408982748
MYS,Malaysia,1995,16568.5160590209,9.82908519730812,,5.2,13.5,38.6,14.7,48.5,4.5,27.5011823988996
MYS,Malaysia,1996,17771.7118795056,10.0027006861844,-0.181069865822792,3.45,11,34.25,12.55,48.8,4.45,27.1091484589898
MYS,Malaysia,1997,18604.514527465,7.32274185035924,,1.7,8.5,29.9,10.4,49.1,4.4,26.7495226515265
MYS,Malaysia,1998,16817.1719190401,-7.35941518817556,-0.421954840421677,,,,,,,26.5903300212808
MYS,Malaysia,1999,17428.6256563043,6.13761201057692,,,,,,,,26.5100166279705
MYS,Malaysia,2000,18532.9096706227,8.85886816969386,-0.42108216881752,,,,,,,26.2051599738463
MYS,Malaysia,2001,18186.4411330146,0.517675319192861,,,,,,,,26.0024983203635
MYS,Malaysia,2002,18708.8694877279,5.39098830692797,-0.492929816246033,,,,,,,25.7680384026185
MYS,Malaysia,2003,19329.0062757538,5.7884992858875,-0.457673877477646,3.2,8.4,30.4,10.6,46.4,4.6,25.5144549422988
MYS,Malaysia,2004,20168.5062099425,6.78343772370305,-0.235716462135315,2.7,7.2666666666666675,28.5,9.666666666666666,45.86666666666667,4.733333333333333,25.2252163601293
MYS,Malaysia,2005,20767.5857243346,5.33213916141486,-0.146773517131805,2.2,6.133333333333334,26.599999999999998,8.733333333333333,45.33333333333333,4.866666666666666,24.9329653669913
MYS,Malaysia,2006,21444.4857715028,5.5848470671515,-0.54314786195755,1.7,5,24.7,7.8,44.8,5,24.6203842725514
MYS,Malaysia,2007,22305.118263117,6.29878592740947,-0.523537278175354,1.6,5.2,24.45,7.8,45.15,4.9,24.2839310852977
MYS,Malaysia,2008,22898.0027575442,4.83176988913097,-0.563192903995514,1.5,5.4,24.2,7.8,45.5,4.8,23.972407516829
MYS,Malaysia,2009,22106.6417311801,-1.51352871598714,-0.503894746303558,1.1333333333333333,4.233333333333333,21.03333333333333,6.5,44.96666666666667,4.933333333333334,23.8781027142588
MYS,Malaysia,2010,23307.9698543785,7.42484738326097,-0.49994820356369,0.7666666666666666,3.066666666666667,17.866666666666667,5.2,44.43333333333333,5.066666666666666,23.7573337175695
MYS,Malaysia,2011,24115.8181203958,5.29391283414003,-0.474874913692474,0.4,1.9,14.7,3.9,43.9,5.2,23.6315615169377
MYS,Malaysia,2012,25006.3587781537,5.47345419253853,-0.346539199352264,0.25,1.25,11.2,2.85,42.599999999999994,5.5,23.5472548775513
MYS,Malaysia,2013,25736.3525554142,4.69372252557893,-0.339791119098663,0.1,0.6,7.7,1.8,41.3,5.8,23.4283918216193
MYS,Malaysia,2014,26818.4317281659,6.00672194558203,-0.360449194908142,0.1,0.5,6.7,1.55,41.2,5.8,23.2718456794385
MYS,Malaysia,2015,27699.6278860387,5.09153242155011,-0.391403198242188,0.1,0.4,5.7,1.3,41.1,5.8,23.1090988540635
MYS,Malaysia,2016,28425.3707609412,4.44978139761541,-0.416713893413544,0.06666666666666668,0.33333333333333337,5.2,1.1333333333333333,41.13333333333333,5.766666666666667,22.9297722423797
MYS,Malaysia,2017,29551.5457597197,5.81272240983328,-0.398660808801651,0.03333333333333334,0.2666666666666667,4.7,0.9666666666666668,41.16666666666667,5.733333333333333,22.7369119991234
MYS,Malaysia,2018,30459.9655338061,4.84308697634881,-0.099500760436058,0,0.2,4.2,0.8,41.2,5.7,22.5679872332003
MYS,Malaysia,2019,31300.5086554849,4.41318742129586,-0.0477054789662361,0,0.16666666666666669,3.7666666666666666,0.7000000000000001,41.03333333333334,5.766666666666667,22.3861951665897
MYS,Malaysia,2020,29200.452632127,-5.45684658426701,-0.154460147023201,0,0.13333333333333336,3.3333333333333335,0.6000000000000001,40.86666666666667,5.833333333333334,22.5479268476525
MYS,Malaysia,2021,29822.8491831618,3.31534954399166,-0.164951831102371,0,0.1,2.9,0.5,40.7,5.9,22.3601724399696
MYS,Malaysia,2022,32129.2217820113,9.03173723044451,4.23186487751082e-4,,,,,,,22.2450763145993
MYS,Malaysia,2023,32857.6676600774,3.5370638041057,0.0876194089651108,,,,,,,22.1461272529112
MYS,Malaysia,2024,34116.2317848885,5.10545921024041,,,,,,,,22.0152567584813
MYS,Malaysia,2025,,,,,,,,,,21.8865203708855
NAM,Namibia,1995,7506.10484034086,3.8990142211043,,,,,,,,39.2596983733057
NAM,Namibia,1996,7538.92462342201,3.19132430111469,0.496299713850021,,,,,,,39.1177349638459
NAM,Namibia,1997,7656.32512542986,4.22010030384476,,,,,,,,38.9276708090964
NAM,Namibia,1998,7709.89004370134,3.29158562064818,0.330687075853348,,,,,,,38.5568647774523
NAM,Namibia,1999,7773.94354148714,3.36927842445498,,,,,,,,38.1566769728588
NAM,Namibia,2000,7858.38789521253,3.49218336365178,0.333465695381165,,,,,,,37.7037853954527
NAM,Namibia,2001,7786.54169496761,1.17794869467917,,,,,,,,37.2876835097303
NAM,Namibia,2002,8017.28134128559,4.7886612188211,0.251939505338669,,,,,,,36.7768689954417
NAM,Namibia,2003,8237.36597245597,4.23979429582137,0.186523661017418,47.6,61.7,80.4,50.7,63.3,3,36.247138744774
NAM,Namibia,2004,9130.82442337694,12.2695481036769,0.274595320224762,,,,,,,35.6187567652693
NAM,Namibia,2005,9245.1365329555,2.52926265819022,0.331786513328552,,,,,,,34.9982554082345
NAM,Namibia,2006,9773.29833199798,7.07317531845825,0.481321036815643,,,,,,,34.3888838856869
NAM,Namibia,2007,10162.2400708746,5.37404415167634,0.449754744768143,,,,,,,33.8079301151511
NAM,Namibia,2008,10286.5124067605,2.64981203780268,0.450895994901657,,,,,,,33.2697588851661
NAM,Namibia,2009,10166.2899453939,0.295970914001089,0.375795006752014,38.6,53.9,76.3,44.7,61,3.3,32.8009699968037
NAM,Namibia,2010,10614.6201576671,6.03924947955858,0.349807351827621,,,,,,,32.3695619825766
NAM,Namibia,2011,10965.2729759535,5.09133813864338,0.340737253427505,,,,,,,32.1891919501481
NAM,Namibia,2012,11266.6089486464,5.0616820696264,0.378439128398895,,,,,,,31.9028982155355
NAM,Namibia,2013,11593.5753768689,5.61471962254485,0.400195062160492,,,,,,,33.0415439001758
NAM,Namibia,2014,11982.6963648348,6.09251915977956,0.552220225334167,,,,,,,30.2903228912083
NAM,Namibia,2015,12166.5658392058,4.26417453763675,0.578277170658112,22.9,35,61.1,31.8,59.1,2.8,27.7534858797013
NAM,Namibia,2016,11846.7880832757,0.0337944502063294,0.581768572330475,,,,,,,25.2387412698568
NAM,Namibia,2017,11408.7253099967,-1.02724808856709,0.549889326095581,,,,,,,28.2416469156753
NAM,Namibia,2018,11214.38604306,1.05993949860752,0.466055452823639,,,,,,,31.2299500052078
NAM,Namibia,2019,10813.3044681944,-0.83915216341935694,0.509257078170776,,,,,,,31.1635053741339
NAM,Namibia,2020,9652.24827219463,-8.10140201443319,0.553159713745117,,,,,,,31.4324056753632
NAM,Namibia,2021,9709.09930646771,3.60382919248703,0.566205501556396,,,,,,,30.8251390026402
NAM,Namibia,2022,9953.09752403491,5.3987247803654,0.567221879959106,,,,,,,30.6894020678322
NAM,Namibia,2023,10137.6726120025,4.44280600303956,0.583879411220551,,,,,,,30.4900323026183
NAM,Namibia,2024,10281.3356402988,3.71154502416731,,,,,,,,30.2329035871356
NAM,Namibia,2025,,,,,,,,,,29.9362112605666
NCL,New Caledonia,1995,,5.9400311023842,,,,,,,,14.3372823623607
NCL,New Caledonia,1996,,0.449879083505621,,,,,,,,14.3687018375815
NCL,New Caledonia,1997,,2.00715233042861,,,,,,,,14.2738408817737
NCL,New Caledonia,1998,,-3.20027552726621,,,,,,,,14.4237033324981
NCL,New Caledonia,1999,,0.900172519173495,,,,,,,,14.4445122323226
NCL,New Caledonia,2000,,2.10010882688805,,,,,,,,14.4384708708994
NCL,New Caledonia,2001,,,,,,,,,,14.5441498165488
NCL,New Caledonia,2002,,,,,,,,,,14.5255367397362
NCL,New Caledonia,2003,,,,,,,,,,14.4553433144037
NCL,New Caledonia,2004,,,,,,,,,,14.3644988916612
NCL,New Caledonia,2005,,,,,,,,,,14.2722808483962
NCL,New Caledonia,2006,,,,,,,,,,14.0735833673053
NCL,New Caledonia,2007,,,,,,,,,,13.8469950787891
NCL,New Caledonia,2008,,,,,,,,,,13.8906464455715
NCL,New Caledonia,2009,,,,,,,,,,13.8128071311569
NCL,New Caledonia,2010,,,,,,,,,,13.6122190330637
NCL,New Caledonia,2011,,,,,,,,,,13.5050457211556
NCL,New Caledonia,2012,,,,,,,,,,13.4606115782146
NCL,New Caledonia,2013,,,,,,,,,,13.3923014210199
NCL,New Caledonia,2014,,,,,,,,,,13.3154826171453
NCL,New Caledonia,2015,,,,,,,,,,13.3204284423797
NCL,New Caledonia,2016,,,,,,,,,,13.3649060151997
NCL,New Caledonia,2017,,,,,,,,,,13.3374872354051
NCL,New Caledonia,2018,,0.400000000000006,,,,,,,,13.29257565095
NCL,New Caledonia,2019,,-1.40000000000001,,,,,,,,13.283501361069
NCL,New Caledonia,2020,,-2.40000000000001,,,,,,,,15.7588750408778
NCL,New Caledonia,2021,,-2.10000000000004,,,,,,,,14.7231160634346
NCL,New Caledonia,2022,,3.50000000000006,,,,,,,,13.8575806367839
NCL,New Caledonia,2023,,2.8,,,,,,,,13.8726529767754
NCL,New Caledonia,2024,,-13.5,,,,,,,,13.994236607832
NCL,New Caledonia,2025,,,,,,,,,,14.1605876913593
NER,Niger,1995,1280.3354211914,2.4572441223155,,,,,,,,84.3385569531752
NER,Niger,1996,1239.47664115174,0.100530504281409,-1.50618171691895,,,,,,,84.4212385984712
NER,Niger,1997,1217.31253567922,1.52747571050666,,,,,,,,84.5030251393284
NER,Niger,1998,1294.16191156539,9.97261495642444,-1.29401504993439,,,,,,,84.4866287325219
NER,Niger,1999,1247.64712892756,-0.2195625179166,,,,,,,,84.5103216755842
NER,Niger,2000,1190.56674543223,-1.20847774100575,-0.119894370436668,,,,,,,84.5679346974454
NER,Niger,2001,1233.06511808278,7.26813490213235,,,,,,,,84.5454860778308
NER,Niger,2002,1248.82313660601,4.91847057594622,-0.204168319702148,,,,,,,84.5221023748378
NER,Niger,2003,1231.2780915085,2.1706103837418,-0.156030610203743,,,,,,,84.5027001351668
NER,Niger,2004,1192.0823507557,0.363801578722132,-0.190244764089584,,,,,,,84.5385100721326
NER,Niger,2005,1233.87551052205,7.33186884258517,-0.283560395240784,83.8,91.8,98.1,76.5,44.4,5.9,84.5529685627574
NER,Niger,2006,1260.12046671298,5.93104997350342,-0.324552685022354,83.35,91.69999999999999,97.94999999999999,75.4,40.849999999999994,6.800000000000001,84.5396865724831
NER,Niger,2007,1252.74827252938,3.14272408386731,-0.368081420660019,82.9,91.6,97.8,74.3,37.3,7.7,84.5341217980028
NER,Niger,2008,1300.55418500177,7.73141422777337,-0.441894054412842,,,,,,,84.5785288602147
NER,Niger,2009,1277.69230957636,1.96260090694645,-0.737894237041473,,,,,,,84.7639573164328
NER,Niger,2010,1336.56410237447,8.57816674262253,-0.666964292526245,,,,,,,84.9220348027154
NER,Niger,2011,1318.10130997844,2.35775693603874,-0.246729359030724,68.8,86,97.5,66.3,31.5,8.9,85.0449478824275
NER,Niger,2012,1403.18971067857,10.5489445763446,-0.284627556800842,65.96666666666667,83.8,97.1,65.23333333333333,32.43333333333333,8.533333333333333,86.5940614905656
NER,Niger,2013,1423.26169034701,5.31513063394726,-0.306367456912994,63.13333333333333,81.60000000000001,96.7,64.16666666666667,33.36666666666667,8.166666666666666,88.2035235752737
NER,Niger,2014,1462.82122998491,6.64213665495603,-0.194638520479202,60.3,79.4,96.3,63.1,34.3,7.8,89.8005286529566
NER,Niger,2015,1471.66135329224,4.39264883207291,-0.204434901475906,,,,,,,89.6738370623966
NER,Niger,2016,1500.00858681288,5.74089315058157,-0.422360479831696,,,,,,,89.5564132319769
NER,Niger,2017,1520.0015371232,5.00536078615544,-0.430776298046112,,,,,,,89.4367629884533
NER,Niger,2018,1574.33838262666,7.21141802762897,-0.599331676959991,59,78.1,94.7,61.1,37.3,7.6,87.2743463489649
NER,Niger,2019,1612.63734693259,5.93985257123522,-0.582242906093597,59.5,78.63333333333333,95.16666666666667,61.36666666666667,35.83333333333333,7.966666666666666,85.1949694646867
NER,Niger,2020,1615.69272448944,3.55064109436891,-0.494895458221436,60,79.16666666666667,95.63333333333333,61.63333333333333,34.36666666666667,8.333333333333332,85.4349535890963
NER,Niger,2021,1585.59922021188,1.38359636198477,-0.392313897609711,60.5,79.7,96.1,61.9,32.9,8.7,84.7432756503633
NER,Niger,2022,1717.51891457684,11.9000000000277,-0.37544509768486,,,,,,,84.3641037899289
NER,Niger,2023,1689.56425367067,1.66763406484279,-0.695484280586243,,,,,,,84.2026758255113
NER,Niger,2024,1803.4369300532,10.3000000007793,,,,,,,,83.9882595987927
NER,Niger,2025,,,,,,,,,,83.7301943727191
NGA,Nigeria,1995,4797.51152154868,-0.0726647639378371,,,,,,,,74.5214483147548
NGA,Nigeria,1996,4869.82113341489,4.19592404660108,-1.55370151996613,60.9,74,91.4,62.6,51.9,3.7,74.3463537923572
NGA,Nigeria,1997,4884.04743279879,2.93709941924898,,,,,,,,74.2651419251456
NGA,Nigeria,1998,4880.87997128038,2.58125410192937,-1.08058178424835,,,,,,,74.3641312507099
NGA,Nigeria,1999,4781.67311002018,0.584126892918889,,,,,,,,74.210099358612
NGA,Nigeria,2000,4889.00321939426,5.01593475931152,-0.481231272220612,,,,,,,73.9139308593196
NGA,Nigeria,2001,5039.54869772676,5.91768464920371,,,,,,,,73.8101021484306
NGA,Nigeria,2002,5654.89706065018,15.3291557409559,-0.634268760681152,,,,,,,73.4423631311629
NGA,Nigeria,2003,5905.31482803165,7.34719496799492,-0.6622274518013,51.1,69.2,92.6,57.8,40.1,5.7,72.840345884261
NGA,Nigeria,2004,6275.29894529583,9.2505582291798,-0.796761572360992,,,,,,,72.2310856998246
NGA,Nigeria,2005,6496.93228200091,6.43851652538348,-0.868943333625793,,,,,,,71.7345843180513
NGA,Nigeria,2006,6702.94533358778,6.05942803202906,-0.623297810554504,,,,,,,71.3096751839936
NGA,Nigeria,2007,6949.42650737506,6.59113036068679,-0.760439932346344,,,,,,,70.8937516661785
NGA,Nigeria,2008,7215.76946222422,6.76447277780228,-0.735603809356689,,,,,,,70.4354624095343
NGA,Nigeria,2009,7581.40572117009,8.03692510099023,-0.848863244056702,,,,,,,70.1134040349954
NGA,Nigeria,2010,7962.6395731076,8.00565591628701,-0.777081429958344,38.5,58.7,88.7,49.5,35.7,7.1,69.5004870633622
NGA,Nigeria,2011,8153.53178680367,5.30792420289453,-0.713411033153534,37.95,58.2,88.55000000000001,49.15,35.6,7.1,68.9862218092157
NGA,Nigeria,2012,8265.9055121162,4.23006117493223,-0.700219869613647,37.4,57.7,88.4,48.8,35.5,7.1,68.6764005074477
NGA,Nigeria,2013,8581.207822956,6.67133539306167,-0.693110644817352,36.86666666666667,57.06666666666667,88,48.4,35.63333333333333,7.066666666666666,68.3730459179012
NGA,Nigeria,2014,8884.77428661657,6.30971865525431,-0.587217092514038,36.33333333333333,56.43333333333333,87.60000000000001,48,35.766666666666666,7.033333333333333,68.0524386363546
NGA,Nigeria,2015,8892.05798706748,2.65269329543001,-0.372785717248917,35.8,55.8,87.2,47.6,35.9,7,67.8949499147729
NGA,Nigeria,2016,8534.69281513898,-1.61686894906509,-0.3197340965271,35.266666666666666,55.56666666666666,87.7,47.6,35.63333333333333,7.033333333333333,67.7538029076989
NGA,Nigeria,2017,8396.78452274331,0.805886619102438,-0.340378314256668,34.733333333333334,55.333333333333336,88.2,47.6,35.36666666666667,7.066666666666666,67.4370001536973
NGA,Nigeria,2018,8362.62330891339,1.92275734200614,-0.425071567296982,34.2,55.1,88.7,47.6,35.1,7.1,67.143265827459
NGA,Nigeria,2019,8361.78664857198,2.20842927714892,-0.434048444032669,,,,,,,66.9029949275054
NGA,Nigeria,2020,7664.21099591193,-6.36889840510109,-0.581086993217468,,,,,,,67.9560091981761
NGA,Nigeria,2021,7588.47885596359,1.10925253938163,-0.636560559272766,,,,,,,67.4186651886349
NGA,Nigeria,2022,7752.26206532009,4.31882949523192,-0.598563253879547,41.8,64,92.9,53.2,33.9,7.5,67.2492936811999
NGA,Nigeria,2023,7843.83461990405,3.32684556421316,-0.548258185386658,,,,,,,66.9627274265273
NGA,Nigeria,2024,7994.21563861459,4.06236408888319,,,,,,,,66.7350467677387
NGA,Nigeria,2025,,,,,,,,,,66.479100046922
NIC,Nicaragua,1995,4130.28612675871,5.91190793658714,,,,,,,,40.457439929427
NIC,Nicaragua,1996,4311.49316853482,6.3442683605154,0.0533696189522743,,,,,,,40.2668157644948
NIC,Nicaragua,1997,4408.32889987936,3.96665092760821,,,,,,,,40.0886654641624
NIC,Nicaragua,1998,4502.59836619887,3.71168146396694,0.103398241102695,34.7,49.9,77.6,44.3,54.4,3.1,39.9645545776777
NIC,Nicaragua,1999,4750.94886822618,7.03597046350201,,31.900000000000002,47.266666666666666,75.83333333333333,42.13333333333333,53.9,3.3666666666666667,39.7837545464402
NIC,Nicaragua,2000,4878.24776981667,4.10159025073438,-0.12550862133503,29.1,44.63333333333333,74.06666666666666,39.96666666666666,53.4,3.6333333333333333,39.6669896935901
NIC,Nicaragua,2001,4958.32771126837,2.96084349057273,,26.3,42,72.3,37.8,52.9,3.9,39.5116082434436
NIC,Nicaragua,2002,4935.48539005128,0.753938876079573,-0.0547769628465176,,,,,,,40.2986986964387
NIC,Nicaragua,2003,5000.6117655634,2.52073289551447,0.1581120043993,,,,,,,41.1731007924637
NIC,Nicaragua,2004,5204.38202801757,5.31217056950739,-0.0153151294216514,,,,,,,41.9068252950596
NIC,Nicaragua,2005,5356.95850970538,4.28239833770654,-0.24899522960186,16.5,31.3,65.4,30,48.8,4.8,42.6697810118623
NIC,Nicaragua,2006,5500.40577576797,4.15294559846254,-0.194359108805656,,,,,,,42.4252250484436
NIC,Nicaragua,2007,5697.21109549591,5.0763520180987,-0.217171907424927,,,,,,,42.1378397270787
NIC,Nicaragua,2008,5809.09964464617,3.43571693608081,-0.367741048336029,,,,,,,41.8055402687
NIC,Nicaragua,2009,5538.3658931707,-3.2926651586197,-0.439285933971405,13.9,26.4,62.1,27.1,43.9,5.3,41.7871937860057
NIC,Nicaragua,2010,5701.12790180564,4.41009911716546,-0.477622449398041,,,,,,,41.6199881908991
NIC,Nicaragua,2011,5976.25284495841,6.31668553491842,-0.576730072498322,,,,,,,41.342207128488
NIC,Nicaragua,2012,6275.7876907774,6.4961364710876,-0.536340475082397,,,,,,,41.0628956316593
NIC,Nicaragua,2013,6494.14961103199,4.92709413447304,-0.457735419273376,,,,,,,40.8057415138236
NIC,Nicaragua,2014,6712.21749816316,4.78546013589983,-0.395806461572647,6.6,15.7,46.5,18.2,46.2,5.1,40.546603155565
NIC,Nicaragua,2015,6939.03286207731,4.79226768332697,-0.414940387010574,,,,,,,40.2399933517706
NIC,Nicaragua,2016,7158.75799760378,4.56314739524967,-0.680512070655823,,,,,,,39.9671135390233
NIC,Nicaragua,2017,7391.19683946294,4.63120757580209,-0.718133747577667,,,,,,,39.6919257511583
NIC,Nicaragua,2018,7049.02753442352,-3.3633566598573,-1.09991705417633,,,,,,,39.5784855634116
NIC,Nicaragua,2019,6756.59375829081,-2.89686986728901,-1.09811568260193,,,,,,,39.5837231735532
NIC,Nicaragua,2020,6523.3698502278,-2.23654176262323,-1.09781920909882,,,,,,,40.2716359278103
NIC,Nicaragua,2021,7119.16923360042,10.454389484408,-1.28579592704773,,,,,,,39.7963349559465
NIC,Nicaragua,2022,7277.82264804562,3.55029945613975,-1.35001993179321,,,,,,,39.6154533672968
NIC,Nicaragua,2023,7496.5292687685,4.42774384760374,-1.38733541965485,,,,,,,39.3262430869109
NIC,Nicaragua,2024,7661.60202722818,3.5878302292345,,,,,,,,39.0890494572569
NIC,Nicaragua,2025,,,,,,,,,,38.8648383001986
NLD,Netherlands,1995,46720.2879220144,3.11603588982837,,,,,,,,9.88352582869003
NLD,Netherlands,1996,48095.966024712,3.42057733811352,1.55714535713196,,,,,,,9.47758137944407
NLD,Netherlands,1997,49881.8758323461,4.24847954297027,,,,,,,,9.54680407686843
NLD,Netherlands,1998,51879.3803259073,4.64778462461781,1.56213402748108,,,,,,,8.88067592162598
NLD,Netherlands,1999,54134.3622865113,5.04332136430241,,0.2,0.5,0.7,0.4,28.1,9.2,8.70520557307118
NLD,Netherlands,2000,56016.8727218416,4.2197537762102,1.5439612865448,,,,,,,8.63541179119193
NLD,Netherlands,2001,56887.4332731111,2.32357570819386,,,,,,,,8.66180431680751
NLD,Netherlands,2002,56664.4134372303,0.245785659129112,1.4694139957428,,,,,,,8.73329108517361
NLD,Netherlands,2003,56452.8674805644,0.097832364227159,1.52679491043091,,,,,,,8.49109682822237
NLD,Netherlands,2004,57391.3645202468,2.01630996216733,1.69660830497742,0.3,0.4,0.8,0.4,29.8,8.4,9.04078073639764
NLD,Netherlands,2005,58422.0135197444,2.03396336199143,1.66602003574371,0.1,0.2,0.5,0.2,29,8.7,10.3587061428978
NLD,Netherlands,2006,60391.544265121,3.53737509680782,1.53982102870941,0,0.1,0.3,0.1,30,8.7,10.6492307499063
NLD,Netherlands,2007,62601.6205718183,3.88530644801823,1.52343332767487,0,0.1,0.4,0.1,29.6,8.8,10.7364372299646
NLD,Netherlands,2008,63678.4032834996,2.11681593642137,1.48308551311493,0.2,0.2,0.6,0.2,29.3,8.7,10.8602687476292
NLD,Netherlands,2009,61029.7298855714,-3.66529049145096,1.46438777446747,0.2,0.2,0.4,0.2,27.9,9,11.275547484779
NLD,Netherlands,2010,61518.5540088717,1.31932032302214,1.45056891441345,0,0.1,0.2,0.1,27.8,9,11.0078921247411
NLD,Netherlands,2011,62318.1416226231,1.77334516269423,1.5370477437973,0.1,0.2,0.4,0.2,27.8,9.1,11.1471255857242
NLD,Netherlands,2012,61480.8126014961,-0.977876877747732,1.60558545589447,0.1,0.1,0.3,0.1,27.6,9.1,11.2777774305589
NLD,Netherlands,2013,61281.288807752,-0.0302325600539604,1.56690323352814,0.1,0.1,0.3,0.1,28.1,8.9,12.0025982448413
NLD,Netherlands,2014,62045.8563802085,1.61261001294011,1.54720866680145,0.1,0.2,0.4,0.2,28.6,8.8,12.1820658403527
NLD,Netherlands,2015,63081.3941350677,2.12060523860846,1.56130266189575,0.1,0.1,0.4,0.2,28.2,8.9,12.2880613811716
NLD,Netherlands,2016,64267.736357935,2.42428572955482,1.54080605506897,0.1,0.2,0.4,0.2,28.2,8.8,12.2078025002246
NLD,Netherlands,2017,65666.0036593237,2.78154619309936,1.49619734287262,0.2,0.3,0.4,0.2,28.5,8.8,12.0192162875113
NLD,Netherlands,2018,66758.2640145753,2.2587403735731,1.49981355667114,0.1,0.2,0.4,0.2,28.1,8.9,12.0175208547197
NLD,Netherlands,2019,67847.8542926795,2.30009157916757,1.48359453678131,0.1,0.1,0.4,0.1,29.2,8.6,11.8555109407111
NLD,Netherlands,2020,64862.1922496366,-3.86795333823223,1.5200057029724101,0,0.1,0.3,0.1,26,9.2,12.9355688273211
NLD,Netherlands,2021,68573.5648786446,6.2768306708326,1.48990213871002,0.1,0.1,0.3,0.1,25.7,9.4,12.7647392478419
NLD,Netherlands,2022,71324.0360349277,5.00723455159611,1.54713273048401,,,,,,,13.3857369760742
NLD,Netherlands,2023,70198.9297909022,-0.598096167209832,1.55626440048218,,,,,,,13.4632313382952
NLD,Netherlands,2024,70498.8840396071,1.08100584845663,,,,,,,,13.4757578284067
NLD,Netherlands,2025,,,,,,,,,,13.4240422283934
NOR,Norway,1995,66762.1587276864,4.1556430062232,,0.5,0.5,0.7,0.5,26,9.9,8.29979489359719
NOR,Norway,1996,69764.3814246187,5.02791307591366,1.56270956993103,,,,,,,7.2379921501146
NOR,Norway,1997,73053.9655256434,5.28460660979037,,,,,,,,6.78918665678226
NOR,Norway,1998,74558.2948989562,2.66868660973638,1.49381899833679,,,,,,,6.81988118871564
NOR,Norway,1999,75583.834403854,2.0720471690145,,,,,,,,6.01536155863619
NOR,Norway,2000,77587.2073182558,3.31894570142394,1.52600920200348,0.2,0.2,0.5,0.3,27.4,9.9,5.70277032409316
NOR,Norway,2001,78791.3045707129,2.06713043546189,,0.2,0.2,0.4666666666666667,0.26666666666666666,27.466666666666665,9.766666666666667,5.79634610352564
NOR,Norway,2002,79447.0914824426,1.37755702173065,1.48717486858368,0.2,0.2,0.43333333333333335,0.23333333333333334,27.533333333333335,9.633333333333333,5.74975219526842
NOR,Norway,2003,79728.7849973309,0.944909363247831,1.52924609184265,0.2,0.2,0.4,0.2,27.6,9.5,5.85097316947217
NOR,Norway,2004,82440.9558801113,4.01458802387079,1.70420897006989,0.3,0.3,0.6,0.4,31.6,8.8,5.72086833282932
NOR,Norway,2005,84079.996241889,2.68512290339085,1.6405930519104,0.2,0.3,0.5,0.3,30.6,9,5.59523034709074
NOR,Norway,2006,85458.5466934023,2.46147311635166,1.54217982292175,0.2,0.3,0.7,0.3,26.4,9.2,6.49624174500493
NOR,Norway,2007,87043.4979357593,2.91404000653228,1.54985499382019,0.2,0.3,0.5,0.3,27.1,9.4,5.87661370054827
NOR,Norway,2008,86379.6624832291,0.481919549757933,1.54803907871246,0.2,0.3,0.5,0.3,27,9.1,5.94686635531051
NOR,Norway,2009,83642.0695747773,-1.94036472596633,1.54887938499451,0.1,0.1,0.3,0.1,26.2,9.4,6.09759974073882
NOR,Norway,2010,83256.7880722557,0.787051861494078,1.59508776664734,0.2,0.2,0.4,0.2,25.7,9.5,5.46874939400732
NOR,Norway,2011,83092.4342216441,1.10565603382983,1.62635803222656,0.1,0.1,0.3,0.1,25.3,9.5,5.59821343360501
NOR,Norway,2012,84237.1495663816,2.71795924894734,1.7281632423400899,0.1,0.2,0.4,0.2,25.7,9.4,5.04095763981718
NOR,Norway,2013,84070.4583940478,1.01619084044641,1.73790335655212,0.2,0.2,0.4,0.2,26.4,9.3,5.04326868617012
NOR,Norway,2014,84830.2558016961,2.04813200438943,1.68400382995605,0.1,0.1,0.4,0.2,26.8,9.1,5.46793596928682
NOR,Norway,2015,85550.2942614495,1.85733971623901,1.68808364868164,0.2,0.2,0.4,0.2,27.5,9,5.27408187605521
NOR,Norway,2016,85787.6174410424,1.16472423928819,1.66545379161835,0.3,0.4,0.7,0.4,28.5,8.6,5.17861012386918
NOR,Norway,2017,87194.1115421374,2.46374626574153,1.69478344917297,0.3,0.3,0.6,0.3,27,8.9,4.85388171341915
NOR,Norway,2018,87338.4708008985,0.828931500516902,1.70934963226318,0.3,0.3,0.5,0.3,27.6,8.9,4.67151947860452
NOR,Norway,2019,87725.7283254613,1.12374694968757,1.65354299545288,0.2,0.3,0.5,0.3,27.7,8.8,4.55558979363001
NOR,Norway,2020,86096.0508947506,-1.27817177234034,1.72022712230682,0.3,0.4,0.5,0.3,28.4,8.6,4.431540506287
NOR,Norway,2021,88984.1386736515,3.90868676830634,1.73803555965424,0.2,0.2,0.4,0.2,29.1,8.8,4.26890048286429
NOR,Norway,2022,91051.0831968407,3.24622860260932,1.78067529201508,0.3,0.4,0.7,0.4,26.9,9.1,4.25979829162327
NOR,Norway,2023,90085.4382059786,0.0721204806030329,1.77725434303284,0.2,0.2,0.4,0.2,26.5,9.1,4.26317646729594
NOR,Norway,2024,91105.246799623,2.09723059960317,,,,,,,,4.23919482990342
NOR,Norway,2025,,,,,,,,,,4.16604824343573
NPL,Nepal,1995,2043.60517160069,3.46845189309603,,70.7,85.5,97.1,67.7,35.2,7.8,85.193439874117
NPL,Nepal,1996,2105.50832713857,5.32828417508708,-0.0641570091247559,,,,,,,84.9433800746248
NPL,Nepal,1997,2166.3126334505,5.04861254517328,,,,,,,,84.6836382959107
NPL,Nepal,1998,2188.2220157023,3.01638947539399,-0.193280413746834,,,,,,,84.4431140608258
NPL,Nepal,1999,2242.65011822095,4.41257328041399,,,,,,,,84.2109808616855
NPL,Nepal,2000,2340.81563141298,6.19999998192236,-0.280598551034927,,,,,,,83.935079427278
NPL,Nepal,2001,2413.8142127556,4.79989214255407,,,,,,,,83.6360809197943
NPL,Nepal,2002,2380.24424587571,0.120143177369414,-0.798159539699554,,,,,,,83.455179882947
NPL,Nepal,2003,2439.49479601556,3.94503776051116,-0.920003414154053,55.7,73.9,91.7,58.9,43.8,6.5,83.2658184916784
NPL,Nepal,2004,2521.54105171428,4.68260325152944,-1.13482713699341,,,,,,,83.0587795835096
NPL,Nepal,2005,2580.23106308364,3.47918104829496,-1.14681553840637,,,,,,,82.8300008676296
NPL,Nepal,2006,2641.34799494749,3.36461478056277,-0.908803641796112,,,,,,,82.5999977990763
NPL,Nepal,2007,2708.7143922589,3.41156027980276,-0.58556193113327,,,,,,,82.3616150233385
NPL,Nepal,2008,2852.60983167965,6.10463914373472,-0.496126413345337,,,,,,,82.084020314947
NPL,Nepal,2009,2961.83900365912,4.5330787246486,-0.441024661064148,,,,,,,81.7966593200433
NPL,Nepal,2010,3085.31407004502,4.81641464694573,-0.447481632232666,21.5,44.1,84.4,40.6,32.8,8.3,81.4982331912628
NPL,Nepal,2011,3176.65040602417,3.42180870116162,-0.445125788450241,,,,,,,81.2026452218337
NPL,Nepal,2012,3316.50073452021,4.67014192446953,-0.642363488674164,,,,,,,80.8867697812339
NPL,Nepal,2013,3426.5579593796,3.52515317129149,-0.528627395629883,,,,,,,80.5799827653779
NPL,Nepal,2014,3621.73168937112,6.01148284250441,-0.430543005466461,,,,,,,80.2408750238996
NPL,Nepal,2015,3745.26182249477,3.97605327162971,-0.41568249464035,,,,,,,79.9139735678029
NPL,Nepal,2016,3743.7445783578,0.433113719381524,-0.251749128103256,,,,,,,79.6580332172956
NPL,Nepal,2017,4071.70431755798,8.97727935643466,-0.200914815068245,,,,,,,79.323631449029
NPL,Nepal,2018,4371.38571771897,7.62237610397935,-0.130212813615799,,,,,,,78.9444168392601
NPL,Nepal,2019,4607.52454717112,6.65705543110467,-0.150687962770462,,,,,,,78.5461557908431
NPL,Nepal,2020,4412.5420439395,-2.3696206292072,-0.0857139304280281,,,,,,,78.534600878618
NPL,Nepal,2021,4546.22970006289,4.838149614115,-0.0858263298869133,,,,,,,78.0728641357747
NPL,Nepal,2022,4763.38751073946,5.6313145568451,-0.0446578562259674,2.4,9.1,52.6,16.1,30,8.7,77.7965803186827
NPL,Nepal,2023,4861.23030387639,1.98254843628392,-0.0231158602982759,,,,,,,77.5335496980225
NPL,Nepal,2024,5046.81592972946,3.66537430744967,,,,,,,,77.2661661425717
NPL,Nepal,2025,,,,,,,,,,76.9782128968763
NRU,Nauru,1995,14361.7946919817,-7.92349131646668,,,,,,,,
NRU,Nauru,1996,12636.1815903094,-11.8595009473893,0.990575969219208,,,,,,,
NRU,Nauru,1997,11488.9913261969,-8.95361250044344,,,,,,,,
NRU,Nauru,1998,10133.6780606971,-11.7879754358542,1.00561439990997,,,,,,,
NRU,Nauru,1999,9478.30050692905,-6.56820999299312,,,,,,,,
NRU,Nauru,2000,8844.94679373008,-6.85619346501754,0.944821059703827,,,,,,,
NRU,Nauru,2001,8277.86825221942,-6.76108886950998,,,,,,,,
NRU,Nauru,2002,7487.93107727707,-9.97138355338151,0.946030616760254,,,,,,,
NRU,Nauru,2003,7526.41594992197,0.28465686231101,1.11526930332184,,,,,,,
NRU,Nauru,2004,7200.94828845528,-4.3148265049213,1.07239961624146,,,,,,,
NRU,Nauru,2005,7208.83070771819,0,1.0653692483902,,,,,,,
NRU,Nauru,2006,7829.71497360134,8.45070422535204,1.06539523601532,,,,,,,
NRU,Nauru,2007,6109.60106113352,-22.077922077922,1.05695688724518,,,,,,,
NRU,Nauru,2008,7339.57869508137,19.9999999999999,1.08235323429108,,,,,,,
NRU,Nauru,2009,6926.97979734746,-5.55555555555564,1.08709967136383,,,,,,,
NRU,Nauru,2010,6908.3570297951,0,1.06660449504852,,,,,,,
NRU,Nauru,2011,7881.13125592445,14.7058823529412,1.09516870975494,,,,,,,
NRU,Nauru,2012,9639.56633771324,24.3589743589745,1.09553349018097,9.7,21.7,68.5,26,32.4,8,
NRU,Nauru,2013,9798.48256139004,4.12371134020613,1.05532813072205,,,,,,,
NRU,Nauru,2014,11112.9673369473,15.8415841584163,0.807401776313782,,,,,,,
NRU,Nauru,2015,11270.4681981308,3.41880341880281,0.54682469367981,,,,,,,
NRU,Nauru,2016,11529.8856976118,4.13223140495909,0.507835209369659,,,,,,,
NRU,Nauru,2017,10631.9143863208,-6.34920634920697,0.508446276187897,,,,,,,
NRU,Nauru,2018,10401.2803984916,-0.847457627117805,0.469613134860992,,,,,,,
NRU,Nauru,2019,11183.095616258,8.5470085470084,0.466288149356842,,,,,,,
NRU,Nauru,2020,11304.5723318731,1.57480314960559,0.531392514705658,,,,,,,
NRU,Nauru,2021,12112.2358384228,7.75193798449692,0.48003101348877,,,,,,,
NRU,Nauru,2022,12363.6457029853,2.87769784172609,0.62115490436554,,,,,,,
NRU,Nauru,2023,12372.5209531064,0.699300699300778,0.640493810176849,,,,,,,
NRU,Nauru,2024,12468.7614524615,1.38888888888904,,,,,,,,
NRU,Nauru,2025,,,,,,,,,,
NZL,New Zealand,1995,32584.6549851439,4.72208114777668,,,,,,,,15.977078408543
NZL,New Zealand,1996,33231.4477971415,3.61187886151062,1.62955820560455,,,,,,,15.9139670823033
NZL,New Zealand,1997,33480.1450529262,2.07927288651346,,,,,,,,15.8664434401269
NZL,New Zealand,1998,33469.2534254937,0.858406352198429,1.55780613422394,,,,,,,15.8726657424308
NZL,New Zealand,1999,35084.291368526,5.37772890780957,,,,,,,,15.7824325851764
NZL,New Zealand,2000,35879.7911310766,2.87005108790095,1.67868137359619,,,,,,,15.6879177031612
NZL,New Zealand,2001,36885.644684201,3.41099312247906,,,,,,,,15.5688976610607
NZL,New Zealand,2002,37959.0650638123,4.71347767117496,1.50104343891144,,,,,,,15.4125281999409
NZL,New Zealand,2003,38976.9126257578,4.72804204913962,1.61011552810669,,,,,,,15.2324638660697
NZL,New Zealand,2004,39971.7705007585,4.08796484025709,1.65317785739899,,,,,,,15.0148031817876
NZL,New Zealand,2005,40848.2981387428,3.35292760405062,1.62860155105591,,,,,,,14.7749689460245
NZL,New Zealand,2006,41475.1217441795,2.77978059105617,1.49936544895172,,,,,,,14.5446464838658
NZL,New Zealand,2007,42346.0894838728,3.05641638984955,1.47794735431671,,,,,,,14.3022978285179
NZL,New Zealand,2008,41561.1820713151,-1.01703846933975,1.47838854789734,,,,,,,14.1822411256942
NZL,New Zealand,2009,41132.3368456501,-0.0374661120713,1.47848224639893,,,,,,,14.1648353070123
NZL,New Zealand,2010,41270.9285099133,1.45863634911349,1.50750553607941,,,,,,,14.185237188907
NZL,New Zealand,2011,41814.8851834052,2.09349621669912,1.57907593250275,,,,,,,14.2218289866798
NZL,New Zealand,2012,42570.3332823343,2.36630664656174,1.61772203445435,,,,,,,14.2477017860432
NZL,New Zealand,2013,43338.4373782961,2.58954199031598,1.60602045059204,,,,,,,14.2630925913824
NZL,New Zealand,2014,44255.5046637459,3.82638491760299,1.52432608604431,,,,,,,14.2397702184211
NZL,New Zealand,2015,44963.8339159182,3.69036908387233,1.55502474308014,,,,,,,14.1987813500481
NZL,New Zealand,2016,45626.6818435018,3.77911068354334,1.53386211395264,,,,,,,14.1311048976004
NZL,New Zealand,2017,46193.2884771696,3.37873219470765,1.5597071647644,,,,,,,14.0141188150461
NZL,New Zealand,2018,46947.937247914,3.47058203866328,1.6052497625351,,,,,,,13.8434907279273
NZL,New Zealand,2019,47362.3199332352,2.31747144034802,1.5376101732254,,,,,,,13.6452019052875
NZL,New Zealand,2020,46266.3954728951,-0.307246896026541,1.59747445583344,,,,,,,13.8302999961631
NZL,New Zealand,2021,48248.7176729892,4.53540565716095,1.59413957595825,,,,,,,13.5108755976396
NZL,New Zealand,2022,49964.1765523158,3.49638686458842,1.65168607234955,,,,,,,13.2449648914758
NZL,New Zealand,2023,49508.2697230172,1.39425181563566,1.68778347969055,,,,,,,13.0728738907581
NZL,New Zealand,2024,49316.3999433708,1.28862004711685,,,,,,,,12.7136967689846
NZL,New Zealand,2025,,,,,,,,,,12.5741952059551
OMN,Oman,1995,38946.7742715175,4.99681952030654,,,,,,,,11.7171123106975
OMN,Oman,1996,39455.8264119985,3.04593990978547,-0.713683128356934,,,,,,,11.4864342476571
OMN,Oman,1997,41191.0312402444,6.03351250709945,,,,,,,,11.2336764103812
OMN,Oman,1998,40574.674486189,-0.0678740925781511,-0.886453092098236,,,,,,,11.1710927412733
OMN,Oman,1999,40145.9312841691,0.29759569579106,,,,,,,,10.8659165948801
OMN,Oman,2000,42086.0431536301,6.19241063695442,-0.755833327770233,,,,,,,10.6357016994006
OMN,Oman,2001,43492.2863754557,4.61316649389876,,,,,,,,9.92099217487133
OMN,Oman,2002,42654.1482671623,-0.784165786429256,-0.787837088108063,,,,,,,9.19941607420682
OMN,Oman,2003,41247.5873733105,-2.19466567976842,-0.822545170783997,,,,,,,8.52879745998784
OMN,Oman,2004,41351.7687385072,1.99251510973346,-0.656644761562347,,,,,,,7.81664771123304
OMN,Oman,2005,41551.1413844552,2.77944360306151,-0.91963791847229,,,,,,,6.96127605221347
OMN,Oman,2006,42540.4398485334,4.66981481939328,-1.15948677062988,,,,,,,6.2304696634086
OMN,Oman,2007,43696.9691440917,4.98065467051528,-1.06266069412231,,,,,,,5.54751611864787
OMN,Oman,2008,46586.3955926767,8.95005895005896,-1.07074284553528,,,,,,,4.61543083880447
OMN,Oman,2009,48304.1178923167,5.98196694904402,-1.07403683662415,,,,,,,3.9580799274816
OMN,Oman,2010,48191.6145135737,2.47199856582773,-1.04480218887329,,,,,,,3.16099365064327
OMN,Oman,2011,44440.3092616125,2.89460973541192,-1.06049060821533,,,,,,,3.06770078325507
OMN,Oman,2012,41964.0828578552,8.86312225557018,-1.02166974544525,,,,,,,3.12254805243669
OMN,Oman,2013,40854.4853548905,5.22770408145942,-1.03871428966522,,,,,,,3.24775972955777
OMN,Oman,2014,39639.9870514802,1.29225229411081,-1.09078919887543,,,,,,,3.39018173930558
OMN,Oman,2015,39813.7887054675,5.01705799719045,-1.06142914295197,,,,,,,3.63380383644286
OMN,Oman,2016,39860.9893909688,5.04642394571691,-1.05420088768005,,,,,,,3.74932520061168
OMN,Oman,2017,38691.1077105097,0.304057565922449,-1.06159889698029,,,,,,,3.75095656180829
OMN,Oman,2018,38673.6045360857,1.28710391543288,-1.03951370716095,,,,,,,3.6627731756388
OMN,Oman,2019,38292.3859682752,-1.12863801728058,-1.15351963043213,,,,,,,3.72802687603412
OMN,Oman,2020,37560.5998714953,-3.37972052697999,-1.14353907108307,,,,,,,4.09999749454135
OMN,Oman,2021,38719.4587682049,2.5821749892893,-1.19163250923157,,,,,,,3.98988961736054
OMN,Oman,2022,39780.2122774985,7.98570728354278,-1.14781379699707,,,,,,,3.75362846120249
OMN,Oman,2023,37793.6164427762,1.41401395818599,-1.00440359115601,,,,,,,3.80182805139298
OMN,Oman,2024,36721.0804634186,1.63163221127449,,,,,,,,3.80316859061598
OMN,Oman,2025,,,,,,,,,,3.81331441113754
PAK,Pakistan,1995,3462.47336165841,4.96260914623281,,,,,,,,65.0888579760852
PAK,Pakistan,1996,3526.14160875155,4.84658128681654,-0.596835911273956,45.3,73.6,96,56.6,28.7,10,65.0870881066016
PAK,Pakistan,1997,3462.58145605889,1.01439601077892,,47.8,74.25,95.35,57.3,30.9,9.35,62.6835707521573
PAK,Pakistan,1998,3454.17665330544,2.55023429817393,-0.544719040393829,50.3,74.9,94.7,58,33.1,8.7,64.0816613980445
PAK,Pakistan,1999,3484.45678319813,3.66013273943236,,52.266666666666666,76.60000000000001,95.43333333333334,59,31.633333333333333,9.066666666666666,64.0805598851035
PAK,Pakistan,2000,3531.71291531612,4.2600880111325,-1.2202535867691,54.233333333333334,78.3,96.16666666666667,60,30.166666666666668,9.433333333333334,63.8192594144384
PAK,Pakistan,2001,3559.72784658715,3.65135017083765,,56.2,80,96.9,61,28.7,9.8,63.8206691296191
PAK,Pakistan,2002,3563.67846926558,2.59481668445784,-1.10900616645813,51.1,76.16666666666667,95.96666666666667,58.63333333333333,29.433333333333334,9.6,59.5000007982855
PAK,Pakistan,2003,3668.77938852508,5.40131087314342,-1.17076420783997,46,72.33333333333333,95.03333333333333,56.266666666666666,30.166666666666664,9.4,59.4987908445629
PAK,Pakistan,2004,3859.64601808903,7.83125556961251,-1.14213120937347,40.9,68.5,94.1,53.9,30.9,9.2,61.4101033707847
PAK,Pakistan,2005,4042.15457513378,7.2765744364722,-0.976286172866821,40.8,69,94.1,54,31.3,9.3,58.3572959635726
PAK,Pakistan,2006,4185.86655659206,6.05163767569996,-0.886475443840027,37.849999999999994,66.85,93.85,52.7,30.5,9.5,58.0808303918694
PAK,Pakistan,2007,4257.92556870432,4.4448143398844,-0.94987416267395,34.9,64.7,93.6,51.4,29.7,9.7,58.3298467590148
PAK,Pakistan,2008,4233.34830715497,2.1204410433083,-0.838403463363647,32.166666666666664,62.2,93.3,50.233333333333334,29.4,9.766666666666666,59.5460498565565
PAK,Pakistan,2009,4270.43882264229,3.47255059567348,-0.855763971805573,29.433333333333334,59.7,93,49.06666666666666,29.1,9.833333333333334,59.4992070636391
PAK,Pakistan,2010,4228.7817715945,1.50171752152883,-0.798651278018951,26.7,57.2,92.7,47.9,28.8,9.9,59.8114982374454
PAK,Pakistan,2011,4246.06710882497,2.68011685421705,-0.829199433326721,25.9,55.9,91.8,47.2,29.7,9.7,59.2211394049988
PAK,Pakistan,2012,4292.02110293486,3.02758391088629,-0.843582153320312,23.549999999999997,52.599999999999994,90.9,45.6,29.6,9.6,59.0935516553742
PAK,Pakistan,2013,4407.14705841377,4.36686504978387,-0.799566090106964,21.2,49.3,90,44,29.5,9.5,58.9654742909403
PAK,Pakistan,2014,4520.23463399286,4.11642817161422,-0.716101288795471,19.049999999999997,47.05,88.7,42.5,30.4,9.4,59.133872651158
PAK,Pakistan,2015,4645.28631071145,4.21794209572506,-0.722120881080627,16.9,44.8,87.4,41,31.3,9.3,59.1906557434141
PAK,Pakistan,2016,4886.61212115378,6.57383828511043,-0.699556410312653,16.766666666666666,44.766666666666666,87.73333333333333,41.1,30.733333333333334,9.4,58.0468804707195
PAK,Pakistan,2017,5031.56060738433,4.43262590683975,-0.693545937538147,16.633333333333333,44.733333333333334,88.06666666666668,41.199999999999996,30.166666666666668,9.5,56.8594996339353
PAK,Pakistan,2018,5255.06350681272,6.15170261099519,-0.81427401304245,16.5,44.7,88.4,41.3,29.6,9.6,55.633329756432
PAK,Pakistan,2019,5295.95295138203,2.49763692943365,-0.862777709960938,,,,,,,58.2057950582167
PAK,Pakistan,2020,5135.01459288839,-1.27408744338709,-0.877737641334534,,,,,,,57.5946787435974
PAK,Pakistan,2021,5367.27364714762,6.51388575852702,-0.841518759727478,,,,,,,56.3066464581518
PAK,Pakistan,2022,5526.27928310213,4.7781068690358,-0.862116992473602,,,,,,,56.0258160383079
PAK,Pakistan,2023,5418.7693189297,-0.414935997088406,-0.959140300750732,,,,,,,55.8687963776163
PAK,Pakistan,2024,5500.32394824285,3.04898287335465,,,,,,,,55.7211382971002
PAK,Pakistan,2025,,,,,,,,,,55.5130260022914
PAN,Panama,1995,12086.6434128166,1.75167879322248,,21.1,27.9,48.9,27.5,57.6,1.5,33.5101218399379
PAN,Panama,1996,12327.8514997327,4.07970276668888,0.130637660622597,20.5,27.35,49.3,27.05,57.85,1.6,33.4202770940985
PAN,Panama,1997,13013.8909440715,7.70904005690254,,19.9,26.8,49.7,26.6,58.1,1.7,33.2638471168133
PAN,Panama,1998,13826.532301715,8.38747203278514,0.511523187160492,19.8,27.1,50.2,26.9,57.3,1.7,33.6480595446647
PAN,Panama,1999,14261.7409202087,5.21164589070221,,17.7,24.8,47.7,24.9,56.3,2,33.9781128525517
PAN,Panama,2000,14572.9752457781,4.2090057360153,0.631228446960449,16.3,23.5,46.3,23.4,56.6,2.2,34.4057118159452
PAN,Panama,2001,14427.8299350708,0.949907875683692,,20.8,28.2,50.6,27.2,56.7,2,34.8894989704873
PAN,Panama,2002,14507.1438361336,2.50884408826073,0.619423806667328,17.2,25.3,47.9,24,56.1,2.5,35.3216508149564
PAN,Panama,2003,14957.5532657251,5.09686013628365,0.484826952219009,16.8,23.9,46.8,23.3,55.6,2.5,35.7060459548453
PAN,Panama,2004,15875.1127056615,8.1756535098435,0.51607221364975,15.5,22.8,45.3,22.3,54.8,2.6,35.3777012615837
PAN,Panama,2005,16867.960935567,8.27618322400723,0.44353836774826,14.5,22.2,44.5,21.7,53.8,2.7,35.0705652607641
PAN,Panama,2006,18190.2741337857,9.8572387394466,0.601521611213684,15.7,22.1,44.5,22,54.6,2.5,34.733102439688
PAN,Panama,2007,20208.8215796091,13.1530653136012,0.621265113353729,13,19.3,41.2,19.2,52.7,3,32.3873455972921
PAN,Panama,2008,21867.81875743,10.197432548532,0.600690960884094,9,14.2,33.2,14.4,52.7,3.2,27.2710448427256
PAN,Panama,2009,21822.98771721,1.61186417596689,0.591262817382812,6.6,12.3,32.3,13.3,51.8,3.5,32.9903160583164
PAN,Panama,2010,22739.1106156183,6.07339340909564,0.537198603153229,7.7,13.3,30.2,13.3,51.6,3.3,32.6841498302018
PAN,Panama,2011,24999.4605922405,11.9088772241134,0.534638524055481,6.1,10.7,27.1,11.2,51.3,3.4,30.7539452528439
PAN,Panama,2012,26926.8852947452,9.62729355007232,0.469416946172714,7.4,11.9,26.6,11.7,51.7,3.2,30.9959845822266
PAN,Panama,2013,28135.3278787268,6.32435373509259,0.424230694770813,5.9,10.1,26,10.8,51.5,3.3,31.6396947586313
PAN,Panama,2014,28931.8044516019,4.62581384604574,0.505584120750427,6.4,10.4,24.4,10.5,50.5,3.4,31.6596830791414
PAN,Panama,2015,29933.1555965973,5.26691726402875,0.558539509773254,4.8,8.9,22,9,50.8,3.4,32.4542826530367
PAN,Panama,2016,30765.2371534884,4.57196696307969,0.523992538452148,4.8,8.6,20.6,8.7,50.4,3.3,34.0134481828309
PAN,Panama,2017,31979.8122635605,5.74405946988693,0.519523441791534,4.3,7.8,20.7,8.5,49.9,3.4,34.2482889027159
PAN,Panama,2018,32681.4463581168,3.9181980847881,0.557908833026886,3.7,6.7,18.5,7.4,49.2,3.6,36.0547926919118
PAN,Panama,2019,33163.726919217,3.10306793272473,0.598749577999115,2.9,6.4,17.8,7,49.8,3.6,38.0828098845862
PAN,Panama,2020,26881.7987214437,-17.8212299459324,0.573975324630737,3.0999999999999996,6.550000000000001,19.05,7.3,50.349999999999994,3.6500000000000004,38.2001163766001
PAN,Panama,2021,30932.7627809145,16.4671248604202,0.541458606719971,3.3,6.7,20.3,7.6,50.9,3.7,37.7658761702027
PAN,Panama,2022,33915.1526066674,11.0385475261766,0.541374862194061,3.5,6.95,20.05,7.65,49.9,3.7,42.1207766902643
PAN,Panama,2023,35872.9506479276,7.16632946099945,0.547549784183502,3.7,7.2,19.8,7.7,48.9,3.7,36.0676492120657
PAN,Panama,2024,36394.9175291147,2.74788545546916,,3.1,6.8,19.8,7.5,49.7,3.6,37.9242638517097
PAN,Panama,2025,,,,,,,,,,37.8732376561393
PER,Peru,1995,7372.0424545407805,7.41139504735119,,,,,,,,58.8220648296993
PER,Peru,1996,7437.19257195658,2.79897307912609,-0.529502689838409,,,,,,,58.5670269955266
PER,Peru,1997,7773.82700600992,6.47682442079709,,26.9,37.7,65.5,35,53.3,3,58.1021728907656
PER,Peru,1998,7603.80928968867,-0.391537555833821,-0.638316988945007,25.7,37.2,66.3,35,55.1,2.9,60.0765488143544
PER,Peru,1999,7585.32788841374,1.49491064308833,,26.3,38.3,65.9,35.4,54.8,2.9,58.9305254146712
PER,Peru,2000,7669.0953178046,2.69437139806912,-0.370226055383682,25.5,37.2,67.6,34.9,49.1,3.5,59.7778858847694
PER,Peru,2001,7611.6662817532,0.617892325624297,,27.4,39.7,68.4,36.4,51.3,3.4,57.0522115460457
PER,Peru,2002,7931.57975039907,5.45352893818767,0.222937241196632,24.4,36.3,64.5,33.5,53.6,3.2,57.3732762606471
PER,Peru,2003,8174.37942683849,4.16502313666112,0.0786488428711891,22.5,34.6,64,32,53.1,3.6,57.6414554267057
PER,Peru,2004,8495.986392858,4.95820320611745,-0.134529516100883,23.5,34.8,64.3,32.5,49.9,3.7,57.9215993478505
PER,Peru,2005,8949.95442691077,6.28506032509601,-0.013819258660078,25.4,37.1,66.2,34.3,50.4,3.6,56.9553006909315
PER,Peru,2006,9547.91327762554,7.5288990440594,0.0919348746538162,21.8,32.3,60.6,30.6,50.3,3.5,55.5520413210228
PER,Peru,2007,10286.3548193625,8.5183877690955,0.108356989920139,18.9,28,55.2,26.8,50,3.5,54.1375491900549
PER,Peru,2008,11151.530521564,9.1265683014642,0.152134746313095,15.8,24.3,50.9,23.9,47.5,3.8,53.6930190397192
PER,Peru,2009,11204.3768755244,1.0958236592427,0.0834904238581657,13.7,22.1,49.1,22.2,47,4,53.3004061698151
PER,Peru,2010,12059.0180183322,8.33245910749577,0.111124783754349,11.2,19.4,45.7,19.6,45.5,4.3,53.2760827851505
PER,Peru,2011,12726.5999815198,6.32719240161117,0.131239607930183,10.3,17.7,42.4,18.3,44.7,4.4,53.320510988175
PER,Peru,2012,13395.3993805891,6.13972470560435,0.11426293104887,9.5,16.1,39.8,16.8,44.4,4.4,51.8022036170935
PER,Peru,2013,14052.1376191683,5.85251821084928,0.0847504287958145,8.6,15.4,39.3,16.2,43.9,4.5,51.375430231108
PER,Peru,2014,14244.5660212948,2.38215737180541,0.192497372627258,8,14.4,38,15.5,43.1,4.7,51.9023329766588
PER,Peru,2015,14542.7930911313,3.25224477218451,0.227368146181107,8,14,37.5,15.1,43.4,4.7,51.4989695717702
PER,Peru,2016,14917.4489473588,3.95331871520767,0.268895953893661,7.5,13.7,36.4,14.8,43.6,4.6,52.0266397920302
PER,Peru,2017,15069.5221084659,2.51883544233135,0.274388253688812,7.3,13.7,37.3,14.8,43.3,4.7,52.552111160275
PER,Peru,2018,15386.2601642505,3.969351341365,0.215107664465904,6.1,11.8,35.2,13.5,42.4,5,52.9335908481099
PER,Peru,2019,15463.5432397882,2.24063176875049,0.264963299036026,5.4,10.7,33.6,12.5,41.5,5.2,52.6369706122722
PER,Peru,2020,13609.5999609595,-10.9333065010382,0.246405273675919,10.3,18.9,48.1,20,43.7,4.8,53.1628698946316
PER,Peru,2021,15280.5512106486,13.3626240903125,0.174961343407631,5.2,11.2,39.5,13.9,40.1,5.8,49.775440054393
PER,Peru,2022,15559.821643644,2.8090335533015,0.0529896952211857,4.8,10.7,37.8,13.5,40.3,5.7,49.6637299884109
PER,Peru,2023,15327.5819994558,-0.403242151494268,0.060481496155262,5.9,11.7,38.3,14.1,40.7,5.5,48.6156423897245
PER,Peru,2024,15661.7497711956,3.30394098171516,,5.1,10.7,36.2,13.1,40.1,5.6,47.8975550154928
PER,Peru,2025,,,,,,,,,,47.5135268599392
PHL,Philippines,1995,4477.32317711022,4.62522511739661,,,,,,,,43.5694346625563
PHL,Philippines,1996,4631.77197705972,5.8603478716379,0.257727921009064,,,,,,,43.3828513865047
PHL,Philippines,1997,4758.70845808515,5.18641167406165,,30.7,48.2,78,41.4,46,5.4,43.1740749355178
PHL,Philippines,1998,4616.67292900617,-0.514090599541888,0.419711261987686,29.099999999999998,46.4,76.46666666666667,40.13333333333333,46.56666666666667,5.3,43.163415004929
PHL,Philippines,1999,4650.75926947589,3.34645118398267,,27.5,44.6,74.93333333333334,38.86666666666667,47.13333333333333,5.2,43.779987955798
PHL,Philippines,2000,4740.43891694569,4.38250500083399,0.232365354895592,25.9,42.8,73.4,37.6,47.7,5.1,42.705329549964
PHL,Philippines,2001,4778.4008437474,3.04923134463486,,25.366666666666667,42.199999999999996,73.26666666666667,37.300000000000004,47.333333333333336,5.133333333333333,42.6112543896102
PHL,Philippines,2002,4856.49948429567,3.71625500158383,0.164603292942047,24.833333333333332,41.6,73.13333333333334,37,46.96666666666667,5.166666666666667,42.7080021429488
PHL,Philippines,2003,5003.38317718716,5.08691113513073,0.153800815343857,24.3,41,73,36.7,46.6,5.2,42.0798934386479
PHL,Philippines,2004,5229.45080700165,6.56922851180626,0.0255536306649446,24.900000000000002,41.6,72.83333333333333,36.93333333333334,46.800000000000004,5.133333333333334,40.2084288709225
PHL,Philippines,2005,5386.81653712891,4.94250511877678,-0.0072550647892057904,25.5,42.199999999999996,72.66666666666667,37.166666666666664,47,5.066666666666666,42.176860354964
PHL,Philippines,2006,5578.57225112139,5.31641682136939,-0.0911425054073334,26.1,42.8,72.5,37.4,47.2,5,41.9075334179743
PHL,Philippines,2007,5840.06810169965,6.51929155018938,-0.110541515052319,24.733333333333334,41.5,72,36.6,46.9,5.1,41.0035892270681
PHL,Philippines,2008,5987.03757861835,4.34448730509183,-0.138752609491348,23.366666666666667,40.199999999999996,71.5,35.8,46.6,5.2,40.750073252378
PHL,Philippines,2009,5965.30730902221,1.44832306275669,-0.0277492720633745,22,38.9,71,35,46.3,5.3,39.9084008240244
PHL,Philippines,2010,6273.03927731515,7.33449996034538,-0.039045549929142,21.766666666666666,38.63333333333333,70.63333333333334,34.766666666666666,46.36666666666667,5.266666666666667,38.9525651325871
PHL,Philippines,2011,6388.31296959977,3.85823282795663,-0.0199026539921761,21.533333333333335,38.36666666666667,70.26666666666667,34.53333333333333,46.43333333333333,5.233333333333333,38.4180207411066
PHL,Philippines,2012,6697.55620962768,6.89695171050985,-0.0296867359429598,21.3,38.1,69.9,34.3,46.5,5.2,36.5873196677334
PHL,Philippines,2013,7016.53846470436,6.75053130142255,0.00626141391694546,19.066666666666666,35.63333333333333,68.53333333333333,32.733333333333334,45.86666666666667,5.333333333333333,35.6065174792773
PHL,Philippines,2014,7340.361585912,6.34798748260867,0.159192964434624,16.833333333333336,33.166666666666664,67.16666666666667,31.166666666666668,45.233333333333334,5.466666666666667,36.2354532744432
PHL,Philippines,2015,7691.76308685047,6.34830971672761,0.14704766869545,14.6,30.7,65.8,29.6,44.6,5.6,34.8469498091816
PHL,Philippines,2016,8131.82537948653,7.14945675000752,0.163373067975044,12.5,27.733333333333334,63.93333333333333,27.733333333333334,43.833333333333336,5.8,34.5004093033
PHL,Philippines,2017,8584.13622709699,6.9309883258402,0.0839975401759148,10.4,24.766666666666666,62.06666666666667,25.866666666666667,43.06666666666666,6,33.1944885597978
PHL,Philippines,2018,9016.28659637608,6.34148557153473,0.0210947003215551,8.3,21.8,60.2,24,42.3,6.2,31.9891108532916
PHL,Philippines,2019,9452.2939715981,6.11852566221303,0.00574713759124279,8.233333333333334,21.633333333333333,60.9,24.133333333333333,41.766666666666666,6.3,32.2975875342189
PHL,Philippines,2020,8455.18457134106,-9.51829474045297,-0.106204241514206,8.166666666666666,21.46666666666667,61.6,24.266666666666666,41.233333333333334,6.4,33.974824433767
PHL,Philippines,2021,8857.78995115514,5.71473313185116,-0.154726296663284,8.1,21.3,62.3,24.4,40.7,6.5,33.5918236552734
PHL,Philippines,2022,9457.10395402883,7.58098212785563,-0.0548803359270096,6.699999999999999,19.1,60.5,22.95,40,6.7,34.5174061547317
PHL,Philippines,2023,9898.53294588746,5.51894967862863,-0.0168379731476307,5.3,16.9,58.7,21.5,39.3,6.9,34.2583905496603
PHL,Philippines,2024,10375.9404179938,5.69201612823412,,,,,,,,33.9269231826241
PHL,Philippines,2025,,,,,,,,,,33.6220638491652
PLW,Palau,1995,16232.8372963508,10.8999886111129,,,,,,,,
PLW,Palau,1996,17455.115927972,10.4000433504478,1.09829199314117,,,,,,,
PLW,Palau,1997,17408.8855585991,2.29999121249378,,,,,,,,
PLW,Palau,1998,17358.2841361311,1.99998529650165,1.11441886425018,,,,,,,
PLW,Palau,1999,16093.4027866529,-5.40000842150926,,,,,,,,
PLW,Palau,2000,15447.9517644732,-2.60390246523619,1.11794853210449,,,,,,,
PLW,Palau,2001,16433.6411703372,7.34589375241519,,,,,,,,
PLW,Palau,2002,17075.2487452334,4.71497769088471,1.09297561645508,,,,,,,
PLW,Palau,2003,16579.3137978346,-2.12776308332282,1.2243549823761,,,,,,,
PLW,Palau,2004,17015.6800255788,3.47251046466637,1.19513034820557,,,,,,,
PLW,Palau,2005,17507.4363236754,2.88482726313062,1.19432353973389,,,,,,,
PLW,Palau,2006,17749.7742778468,0.228095913166968,1.19149804115295,,,,,,,
PLW,Palau,2007,18255.6693104131,1.32259368182741,1.18671822547913,,,,,,,
PLW,Palau,2008,17574.0751337338,-5.19490494373626,1.21700000762939,,,,,,,
PLW,Palau,2009,16688.7234642116,-6.53652076215215,1.20862829685211,,,,,,,
PLW,Palau,2010,16524.0426937512,-2.64326159533755,1.19297075271606,,,,,,,
PLW,Palau,2011,17670.9138744537,5.09200624133297,1.2062178850174,,,,,,,
PLW,Palau,2012,18279.8892705019,1.65514876664869,1.20560419559479,,,,,,,
PLW,Palau,2013,17931.4312359519,-2.55228103983089,1.20579648017883,,,,,,,
PLW,Palau,2014,18786.8332875028,5.16816298235885,1.17678821086884,,,,,,,
PLW,Palau,2015,20212.0181058882,7.92010724472276,1.20085549354553,,,,,,,
PLW,Palau,2016,20449.1316608307,1.32685546630708,1.21329510211945,,,,,,,
PLW,Palau,2017,19821.0983603983,-2.98950254798218,1.21164643764496,,,,,,,
PLW,Palau,2018,19572.3446450452,-1.24390713667657,1.12325739860535,,,,,,,
PLW,Palau,2019,19519.018546453,-0.362028649856498,1.06357073783875,,,,,,,
PLW,Palau,2020,18183.7369201975,-6.87233152299699,1.07780754566193,,,,,,,
PLW,Palau,2021,15780.550115886601,-13.2600319305925,1.04773616790771,,,,,,,
PLW,Palau,2022,16040.9080564681,1.51267904038146,1.06867122650146,,,,,,,
PLW,Palau,2023,16425.9722714446,2.21599800170485,1.08513557910919,,,,,,,
PLW,Palau,2024,,,,,,,,,,
PLW,Palau,2025,,,,,,,,,,
PNG,Papua New Guinea,1995,4008.72203783633,-3.31244877829666,,,,,,,,74.3357019818896
PNG,Papua New Guinea,1996,4167.03622077872,7.73369579796399,0.0781566128134727,62.8,76.9,92.1,63.7,45.8,4.9,74.2026229069814
PNG,Papua New Guinea,1997,3864.23030411237,-3.90438965639359,,,,,,,,74.3938867512156
PNG,Papua New Guinea,1998,3590.10012280793,-3.76911321783457,0.0751297175884247,,,,,,,74.4947953429433
PNG,Papua New Guinea,1999,3531.659532466,1.85555399408817,,,,,,,,74.4672723291741
PNG,Papua New Guinea,2000,3326.79859970528,-2.49484199260023,-0.0639694631099701,,,,,,,74.3991108969447
PNG,Papua New Guinea,2001,3211.75932963208,-0.121288605564772,,,,,,,,74.5656386951266
PNG,Papua New Guinea,2002,3100.79509952543,-0.158900533082658,-0.160774856805801,,,,,,,74.7315321184782
PNG,Papua New Guinea,2003,3064.44402995345,2.16410250222083,-0.207606077194214,,,,,,,74.714881006765
PNG,Papua New Guinea,2004,3046.33289602666,2.72117574098235,-0.423719346523285,,,,,,,74.6761295874816
PNG,Papua New Guinea,2005,3136.58568251035,6.34479592309654,-0.306904882192612,,,,,,,74.5493121058735
PNG,Papua New Guinea,2006,3202.48730426388,5.40994409107307,0.0122540332376957,,,,,,,74.3711362399369
PNG,Papua New Guinea,2007,3345.85030363442,7.81518922862388,0.0661681815981865,,,,,,,74.2410964520178
PNG,Papua New Guinea,2008,3233.91811872812,-0.296457845880582,0.0103012612089515,,,,,,,74.1262589397487
PNG,Papua New Guinea,2009,3349.64345389883,6.80042148322096,-0.0105109317228198,52.2,69.4,92.1,58.2,41.9,5.1,74.1532867692648
PNG,Papua New Guinea,2010,3579.17141222267,10.1284540720232,-0.0305312536656857,,,,,,,73.80781964147
PNG,Papua New Guinea,2011,3514.83277391807,1.10754362619616,-0.0388280488550663,,,,,,,73.7322586694221
PNG,Papua New Guinea,2012,3577.4517726759,4.65711959686239,-0.0591049715876579,,,,,,,73.7189264479887
PNG,Papua New Guinea,2013,3615.28323843913,3.82494632800675,-0.00446905707940459,,,,,,,73.628363241133
PNG,Papua New Guinea,2014,3998.61805004308,13.5437706216546,0.0124720614403486,,,,,,,73.1220196138816
PNG,Papua New Guinea,2015,4154.52332559184,6.57835632304275,0.0447076447308064,,,,,,,72.8062350605112
PNG,Papua New Guinea,2016,4275.74858615698,5.48957315278187,0.158153399825096,,,,,,,72.5794038796267
PNG,Papua New Guinea,2017,4322.22282084806,3.53461081750459,0.132674783468246,,,,,,,72.293761244485
PNG,Papua New Guinea,2018,4211.1454741469,-0.279252284959952,0.0645985007286072,,,,,,,72.1362684135271
PNG,Papua New Guinea,2019,4301.61139205544,4.48051456942582,0.094288744032383,,,,,,,71.9976496045366
PNG,Papua New Guinea,2020,4077.63132163554,-3.16743204434815,0.0323944874107838,,,,,,,72.2316293320791
PNG,Papua New Guinea,2021,3976.90380116956,-0.511353418578196,0.0295721273869276,,,,,,,71.7132569741121
PNG,Papua New Guinea,2022,4125.49303365201,5.70758404238197,-0.0208922196179628,,,,,,,71.3898208399615
PNG,Papua New Guinea,2023,4205.84773981096,3.81088622906051,0.00501112267374992,,,,,,,71.4787048247142
PNG,Papua New Guinea,2024,4288.52828988176,3.79979560086888,,,,,,,,71.3340167255996
PNG,Papua New Guinea,2025,,,,,,,,,,71.1551094720543
POL,Poland,1995,14227.5663687798,7.92965956313934,,2.5,5.5,25,8,34.6,6.9,28.5962136537738
POL,Poland,1996,15083.09812162,6.09387747385628,1.04270124435425,9,24.3,71.9,27.8,32.6,8.2,28.4128976632885
POL,Poland,1997,16031.7211485265,6.35890635030509,,4.6,12.75,44.800000000000004,15.85,32.45,8.2,28.3174148861459
POL,Poland,1998,16766.6492883267,4.62161133761769,1.08761632442474,0.2,1.2,17.7,3.9,32.3,8.2,28.0978927687203
POL,Poland,1999,17556.0026927987,4.69918479192557,,1,2.2,15,4,32.3,7.7,28.0673867189519
POL,Poland,2000,18566.3546288772,4.65633252988236,1.07567167282104,0.3,1.7,19.7,4.7,33,7.9,28.7226044739642
POL,Poland,2001,18800.6018648402,1.23374464400356,,0.4,1.9,20.2,4.9,32.8,7.8,29.4412029314046
POL,Poland,2002,19166.9137058143,1.90119437968586,1.08781957626343,0.3,2.1,21.4,5.3,34.1,7.6,29.4488635234118
POL,Poland,2003,19855.6317989181,3.52337117234833,1.01259672641754,0.2,1.5,18.4,4.4,34.9,7.3,28.5363762205865
POL,Poland,2004,20878.6545002534,5.09079546409544,1.01662766933441,2.8,5.2,18.6,6.7,38,5.7,27.9513416284819
POL,Poland,2005,21568.9476594356,3.26082274679216,0.944372296333313,1.4,3,14.8,4.5,35.8,6.4,26.9285112325263
POL,Poland,2006,22921.1975887696,6.20210710934373,0.803532481193542,0.9,2,11.1,3.3,34.7,6.8,25.6330414373936
POL,Poland,2007,24484.0656663756,6.7604478527626,0.879502356052399,0.6,1.4,7,2,34,7.2,24.6215526903288
POL,Poland,2008,25553.9058406534,4.38377069274605,0.953482151031494,0.3,0.8,5.9,1.5,33.5,7.3,24.0115444700855
POL,Poland,2009,26204.410367111,2.61512859291683,1.02687239646912,0.6,1.1,5.3,1.6,33.4,7.3,23.7085323613599
POL,Poland,2010,27112.1333797381,3.16892748258036,1.03761112689972,0.6,1.2,5,1.5,33.2,7.3,23.8236299481348
POL,Poland,2011,28521.6612623568,5.25546256612796,1.02762770652771,0.6,1,4.9,1.5,33.2,7.3,23.6040450674272
POL,Poland,2012,28952.9157305301,1.51178167644575,1.06427574157715,0.4,0.8,5.1,1.4,33,7.3,23.0564421667561
POL,Poland,2013,29168.624211075,0.684240607051805,0.998090982437134,0.6,1,4.9,1.4,33.1,7.2,22.4228658424439
POL,Poland,2014,30334.8786569618,3.92050862390032,1.10508847236633,0.6,1.2,4.7,1.4,32.8,7.3,21.8427242667217
POL,Poland,2015,31700.3682364154,4.43176700264478,1.03975915908813,0.5,0.9,3.9,1.3,31.8,7.4,21.6307956742069
POL,Poland,2016,32675.3052259954,3.03117767594847,0.844245731830597,0.4,0.6,2.7,0.9,31.2,8,21.0363269565791
POL,Poland,2017,34354.5987616319,5.15245773325907,0.776027858257294,0.4,0.6,2.1,0.7,29.7,8.3,20.6465800812769
POL,Poland,2018,36500.4114282584,6.2458584723942,0.710338830947876,0.3,0.4,1.8,0.6,30.2,8.2,20.403468622034
POL,Poland,2019,38181.6230334689,4.58045817256199,0.671802282333374,0.1,0.2,1,0.3,28.8,8.6,20.0413694790876
POL,Poland,2020,37852.8021313639,-2.03556882399977,0.615374743938446,0.2,0.3,1.2,0.4,28.5,8.6,20.5919869878213
POL,Poland,2021,41059.5847829682,6.92718266052501,0.579096436500549,0.1,0.2,1.1,0.3,28.5,8.6,19.0588234263225
POL,Poland,2022,43405.0215797441,5.25545697386036,0.603501915931702,0.3,0.5,1.5,0.6,28.9,8.5,17.7973099008004
POL,Poland,2023,43672.7668014946,0.249610834017872,0.626450896263123,0.2,0.4,1.1,0.4,28.5,8.6,16.56065768225
POL,Poland,2024,45153.0439773281,3.02841630700273,,,,,,,,15.1037645349738
POL,Poland,2025,,,,,,,,,,14.978771000446
PRI,Puerto Rico (US),1995,31310.1801642693,4.54898802663489,,,,,,,,12.6197296163178
PRI,Puerto Rico (US),1996,31677.2302541644,2.31370752929453,1.10043299198151,,,,,,,12.2519962249345
PRI,Puerto Rico (US),1997,32915.7905705568,4.88008720859467,,,,,,,,12.2271430095941
PRI,Puerto Rico (US),1998,34537.1851859472,5.53072563643605,1.1276113986969,,,,,,,11.6257241665702
PRI,Puerto Rico (US),1999,36216.8380896225,5.38969990123002,,,,,,,,12.1081756263501
PRI,Puerto Rico (US),2000,37298.5450447133,3.27196451910478,1.11232662200928,,,,,,,11.9693308844221
PRI,Puerto Rico (US),2001,39568.5528383032,6.31347157694064,,,,,,,,11.4907222926604
PRI,Puerto Rico (US),2002,39879.7295566967,0.916459423425337,1.01157546043396,,,,,,,12.2652081892668
PRI,Puerto Rico (US),2003,39876.0670237773,0.0534198017173964,0.963035404682159,,,,,,,11.864633185022
PRI,Puerto Rico (US),2004,43355.8226365269,8.7486769008168,0.871200382709503,,,,,,,11.9425575512535
PRI,Puerto Rico (US),2005,42555.7081189669,-1.98693871772703,0.976367771625519,,,,,,,11.9705496551432
PRI,Puerto Rico (US),2006,42133.9682748773,-1.40941405684823,1.14037656784058,,,,,,,12.4574004970142
PRI,Puerto Rico (US),2007,41888.6232716478,-1.16280665573993,1.12200117111206,,,,,,,12.6407509661364
PRI,Puerto Rico (US),2008,41358.0689136668,-1.84413421831884,1.15002512931824,,,,,,,12.0972139211796
PRI,Puerto Rico (US),2009,40772.3514249612,-1.95242518381124,0.857001900672913,,,,,,,12.0989648470971
PRI,Puerto Rico (US),2010,40777.6892825687,-0.413254119172365,0.838140785694122,,,,,,,12.075009112981
PRI,Puerto Rico (US),2011,40972.5364074959,-0.358510636850312,0.719682574272156,,,,,,,12.5514587039914
PRI,Puerto Rico (US),2012,41347.4542013586,0.0292751500944064,0.685145795345306,,,,,,,12.8281008876069
PRI,Puerto Rico (US),2013,41556.7852350074,-0.306826666941774,0.680230915546417,,,,,,,11.8150194843795
PRI,Puerto Rico (US),2014,41593.6798280708,-1.19036347346942,0.776807487010956,,,,,,,10.7618924498179
PRI,Puerto Rico (US),2015,41737.6068571153,-1.04929003238674,0.404152929782867,,,,,,,9.71392883256154
PRI,Puerto Rico (US),2016,41858.2626698462,-1.26369434781117,0.411561161279678,,,,,,,11.1896743179516
PRI,Puerto Rico (US),2017,41479.9977732034,-2.88521838398481,0.492217898368835,,,,,,,12.6778117248969
PRI,Puerto Rico (US),2018,41119.3088051648,-4.36142703162535,0.472060233354568,,,,,,,13.6608662372666
PRI,Puerto Rico (US),2019,41656.3291581369,1.67546379498209,0.468565702438354,,,,,,,12.2547221392038
PRI,Puerto Rico (US),2020,40171.38668761,-4.1808743093346,0.495715707540512,,,,,,,10.5357456110094
PRI,Puerto Rico (US),2021,40559.474811812,0.385222719529239,0.500617504119873,,,,,,,10.3658723160416
PRI,Puerto Rico (US),2022,42310.9585064702,2.95709565499587,0.445555508136749,,,,,,,10.3750268643886
PRI,Puerto Rico (US),2023,42837.8994791262,0.731492105366186,0.453455924987793,,,,,,,10.3745362640621
PRI,Puerto Rico (US),2024,44205.7494879255,3.17707554784896,,,,,,,,10.3429689839387
PRI,Puerto Rico (US),2025,,,,,,,,,,10.3114038239901
PRK,"Korea, Dem. People's Rep.",1995,,,,,,,,,,56.1842439694022
PRK,"Korea, Dem. People's Rep.",1996,,,-1.92411243915558,,,,,,,56.4650986755594
PRK,"Korea, Dem. People's Rep.",1997,,,,,,,,,,56.7652534233439
PRK,"Korea, Dem. People's Rep.",1998,,,-2.06768083572388,,,,,,,56.9887619921504
PRK,"Korea, Dem. People's Rep.",1999,,,,,,,,,,57.0289619594579
PRK,"Korea, Dem. People's Rep.",2000,,,-2.11682319641113,,,,,,,57.0358976667606
PRK,"Korea, Dem. People's Rep.",2001,,,,,,,,,,56.9678150827107
PRK,"Korea, Dem. People's Rep.",2002,,,-2.13580799102783,,,,,,,56.882006872247
PRK,"Korea, Dem. People's Rep.",2003,,,-2.18969345092773,,,,,,,56.7717352400079
PRK,"Korea, Dem. People's Rep.",2004,,,-2.06829833984375,,,,,,,56.6609920284364
PRK,"Korea, Dem. People's Rep.",2005,,,-2.16315007209778,,,,,,,56.5155364253214
PRK,"Korea, Dem. People's Rep.",2006,,,-2.31339502334595,,,,,,,56.4325320838837
PRK,"Korea, Dem. People's Rep.",2007,,,-2.23763728141785,,,,,,,56.3851677185767
PRK,"Korea, Dem. People's Rep.",2008,,,-2.22634243965149,,,,,,,56.3147288177839
PRK,"Korea, Dem. People's Rep.",2009,,,-2.27049374580383,,,,,,,56.2803329434661
PRK,"Korea, Dem. People's Rep.",2010,,,-2.22747778892517,,,,,,,56.2588672950196
PRK,"Korea, Dem. People's Rep.",2011,,,-2.24172234535217,,,,,,,56.255868287549
PRK,"Korea, Dem. People's Rep.",2012,,,-2.24007630348206,,,,,,,56.2470392309491
PRK,"Korea, Dem. People's Rep.",2013,,,-2.2517991065979,,,,,,,56.2292226995544
PRK,"Korea, Dem. People's Rep.",2014,,,-2.19343256950378,,,,,,,56.2179798939729
PRK,"Korea, Dem. People's Rep.",2015,,,-2.20214128494263,,,,,,,56.2360875771489
PRK,"Korea, Dem. People's Rep.",2016,,,-2.18074584007263,,,,,,,56.1829170991372
PRK,"Korea, Dem. People's Rep.",2017,,,-2.20357131958008,,,,,,,56.2081652504446
PRK,"Korea, Dem. People's Rep.",2018,,,-2.21117949485779,,,,,,,56.2917712332078
PRK,"Korea, Dem. People's Rep.",2019,,,-2.20651888847351,,,,,,,56.3238319137213
PRK,"Korea, Dem. People's Rep.",2020,,,-2.1550018787384,,,,,,,57.5101139677424
PRK,"Korea, Dem. People's Rep.",2021,,,-2.06190371513367,,,,,,,56.9479327117454
PRK,"Korea, Dem. People's Rep.",2022,,,-2.02407073974609,,,,,,,56.9893199981903
PRK,"Korea, Dem. People's Rep.",2023,,,-1.97920870780945,,,,,,,56.892706194559
PRK,"Korea, Dem. People's Rep.",2024,,,,,,,,,,56.8402038678207
PRK,"Korea, Dem. People's Rep.",2025,,,,,,,,,,56.765621444692
PRT,Portugal,1995,29460.8141864852,4.28278017236022,,,,,,,,19.7426425157197
PRT,Portugal,1996,30378.7557756388,3.50424653058748,1.49763286113739,,,,,,,20.0516071013641
PRT,Portugal,1997,31574.4021979121,4.40086766458026,,,,,,,,19.920539126936202
PRT,Portugal,1998,32925.6638725858,4.80796318953165,1.43456733226776,,,,,,,20.6408285459989
PRT,Portugal,1999,34018.9637066505,3.90657779623113,,,,,,,,19.4704828660278
PRT,Portugal,2000,35069.827570513,3.81617714108242,1.35786831378937,,,,,,,19.1137609803942
PRT,Portugal,2001,35500.226680409,1.94367213427915,,,,,,,,19.4397121591536
PRT,Portugal,2002,35578.5200308997,0.770924781247714,1.30454540252686,,,,,,,19.0038558211762
PRT,Portugal,2003,35115.3795144127,-0.930521045062918,1.40957999229431,1.1,1.6,4.9,1.9,38.8,6.2,18.7826463477235
PRT,Portugal,2004,35658.1298257503,1.78873552917291,1.46491122245789,0.7,1.1,4.2,1.4,38.9,6.4,17.9046063967963
PRT,Portugal,2005,35870.3092741499,0.781847569123585,1.43030512332916,0.7,1.1,3.9,1.4,38.5,6.7,17.7114971007845
PRT,Portugal,2006,36387.5367379519,1.62503532956156,1.23266172409058,0.2,0.6,3.7,1,38.1,6.7,16.8416690808892
PRT,Portugal,2007,37226.47026267,2.50657937751231,1.23142063617706,0.6,0.9,3.1,0.9,36.8,6.9,16.8294732930152
PRT,Portugal,2008,37291.504896966,0.319247344434558,1.20186388492584,0.3,0.9,3.7,1.1,36.6,6.9,16.4526387031952
PRT,Portugal,2009,36092.8109314685,-3.12207827545093,1.12824237346649,0.2,0.5,3,0.8,34.9,7.2,16.2580115549484
PRT,Portugal,2010,36703.1141882821,1.73762453640036,1.10720300674438,0.2,0.6,3.1,0.9,35.8,7,15.6375419220633
PRT,Portugal,2011,36127.2949766154,-1.71352745905065,1.10791051387787,0.6,0.9,4.8,1.4,36.3,6.8,14.4764859767598
PRT,Portugal,2012,34804.6333340481,-4.05090267621935,1.02852833271027,0.9,1.6,6.5,2.2,36,6.5,14.8900650058631
PRT,Portugal,2013,34651.7719455055,-0.984106574148328,1.06688857078552,1,2,6.9,2.4,36.2,6.2,14.7978514154899
PRT,Portugal,2014,35097.4098263229,0.741391420706506,1.10743820667267,0.8,1.6,5.9,1.9,35.6,6.5,13.2525160150446
PRT,Portugal,2015,35803.3575649769,1.58979803702681,1.12872004508972,0.7,1.3,4.4,1.5,35.5,6.7,12.3172723968206
PRT,Portugal,2016,36636.2978441633,2.00414129666575,1.15758585929871,0.4,0.8,4.4,1.3,35.2,6.9,11.8962123042733
PRT,Portugal,2017,37943.1150505673,3.31472008175986,1.19824862480164,0.4,0.7,3,1,33.8,7.4,11.3126137171573
PRT,Portugal,2018,39123.6151282571,2.94628343449202,1.17852699756622,0.4,0.7,2.7,0.9,33.5,7.4,11.0039773190079
PRT,Portugal,2019,40188.2868799219,2.74568432648596,1.19454848766327,0.2,0.3,1.9,0.5,32.8,7.6,11.0767436055774
PRT,Portugal,2020,36852.22873381,-8.20463159324387,1.25530016422272,0.6,1,2.9,1.1,34.7,6.9,11.10059702799
PRT,Portugal,2021,38657.6677223425,5.55875672070374,1.24631035327911,0.3,0.4,1.9,0.6,34.6,7.4,10.9255508514694
PRT,Portugal,2022,41070.861152974,6.98584137580278,1.25769352912903,0.2,0.4,2.8,0.8,36.3,6.9,10.5043536639948
PRT,Portugal,2023,41768.2549192626,3.09997909018263,1.21128296852112,0.4,0.7,2.2,0.8,33.9,7.4,10.2186690811122
PRT,Portugal,2024,42197.2025135828,2.13967177177636,,,,,,,,9.78146212627527
PRT,Portugal,2025,,,,,,,,,,9.6569612303387
PRY,Paraguay,1995,10908.2726627911,6.82281030358578,,18.3,25.9,49.3,24.9,58.1,2.4,53.2126402408166
PRY,Paraguay,1996,10825.2874881089,1.57378513175006,-0.122391536831856,16.6,24.35,46.15,23.299999999999997,56.5,2.45,53.1007934452476
PRY,Paraguay,1997,11033.0157241318,4.24251610269859,,14.9,22.8,43,21.7,54.9,2.5,53.0031645552938
PRY,Paraguay,1998,10802.5597410663,0.0680377558080636,-0.251117050647736,14.95,22.55,44.95,22,54.75,2.65,52.9199190885097
PRY,Paraguay,1999,10435.3986807111,-1.36607971240079,,15,22.3,46.9,22.3,54.6,2.8,52.7543368561172
PRY,Paraguay,2000,9998.5928544516,-2.31414056819045,-0.506525874137878,14.25,21.950000000000003,46.099999999999994,21.8,54.6,2.95,52.7977253709246
PRY,Paraguay,2001,9749.25865842257,-0.834054716746095,,13.5,21.6,45.3,21.3,54.6,3.1,52.788742004595
PRY,Paraguay,2002,9610.74777842153,-0.0214043949985694,-0.456348478794098,19.6,30.4,57.5,28.7,57.3,2.9,52.7184907292074
PRY,Paraguay,2003,9903.45028992176,4.32074548551591,-0.400354266166687,13.8,22.9,51.4,23.2,54.9,3.4,50.4159941692873
PRY,Paraguay,2004,10187.194394255,4.05741836363771,-0.474593609571457,10.7,20.1,50.3,21.1,52.3,4,51.7453760959427
PRY,Paraguay,2005,10290.100822296,2.13349066459601,-0.395821034908295,10.1,17.7,46.5,19.4,51.4,3.9,48.0515886289771
PRY,Paraguay,2006,10672.9933252383,4.80711719268376,-0.256909370422363,14.1,22.4,50.4,22.6,53,3.6,47.9147693419074
PRY,Paraguay,2007,11141.8704701878,5.42162287218235,-0.164958506822586,12.6,18.9,47,20.4,53,3.6,45.556373923451
PRY,Paraguay,2008,11751.1391651711,6.49629211973152,-0.11573669314384499,7.9,16.5,43.9,17.8,50.7,4.1,42.7392799589328
PRY,Paraguay,2009,11601.2854565092,-0.261137328115808,-0.134577691555023,9.1,17.5,42.1,17.8,49.1,4,44.904289614289
PRY,Paraguay,2010,12738.5765601697,11.0952312685449,-0.0789327323436737,9.4,16,39.8,16.8,51,3.8,42.0789657330733
PRY,Paraguay,2011,13109.4665717904,4.28637120706239,-0.0832900106906891,8.9,14.8,38,15.9,52.3,3.5,41.4641621582157
PRY,Paraguay,2012,12834.8015915131,-0.708043112304196,-0.113736905157566,6.4,11.9,33.3,13,47.6,4.2,42.1117817855873
PRY,Paraguay,2013,13700.7030515391,8.29307648937821,-0.104953654110432,4.1,8.5,28.8,10.4,47.9,4.4,38.2344501560093
PRY,Paraguay,2014,14219.3544308099,5.30123864475758,-0.102871343493462,4.3,9.3,28.3,10.5,50.7,4,37.2446361233513
PRY,Paraguay,2015,14427.6002349811,2.95715168364671,-0.069938525557518,4.2,8.8,27.5,10.4,47.6,4.3,38.7850907937032
PRY,Paraguay,2016,14826.6636909978,4.26802583314358,-0.0631013736128807,4.2,8.6,29.7,10.6,47.9,4.5,39.1281703163587
PRY,Paraguay,2017,15320.3366476954,4.81007885552178,-0.0437242053449154,2.4,6.6,26.9,9,48.5,4.7,36.7942385474886
PRY,Paraguay,2018,15592.9841390322,3.20425034080199,0.031965795904398,3.1,6.9,25.3,8.7,46,4.8,37.6361397115738
PRY,Paraguay,2019,15321.3245528947,-0.401855100701937,0.0527994334697723,2.4,6.5,25,8.4,45.7,4.8,36.8985214007282
PRY,Paraguay,2020,14991.6606201148,-0.819785390945569,0.0462461747229099,2.6,6.5,27.9,9.3,43.5,5.3,40.7229513773516
PRY,Paraguay,2021,15406.1670646576,4.01673731776404,0.00361733860336244,1.9,5.6,27,8.5,42.9,5.5,39.6540635501631
PRY,Paraguay,2022,15259.1456311862,0.176038366149214,0.00371037004515529,3.2,7.2,25.8,8.8,44.6,5,37.3347799949593
PRY,Paraguay,2023,15826.087501295,4.9992279112746,0.042024303227663,2.4,5.8,22.8,7.5,44.2,5.2,36.2303155998669
PRY,Paraguay,2024,16296.2836189263,4.24996010464072,,2.1,4.5,20.5,6.4,44.2,5.3,36.4327335054968
PRY,Paraguay,2025,,,,,,,,,,36.0858156250046
PSE,West Bank and Gaza,1995,4062.96290335877,7.11785989679103,,,,,,,,30.8203028557321
PSE,West Bank and Gaza,1996,3932.22694732854,1.21453753437805,-0.758760750293732,,,,,,,31.2646793845379
PSE,West Bank and Gaza,1997,4311.53876740636,14.6676392814808,,,,,,,,31.2730868356395
PSE,West Bank and Gaza,1998,4805.19156878644,14.3341073189351,-0.717875599861145,,,,,,,30.637658004793
PSE,West Bank and Gaza,1999,5071.82121719043,8.28059145094657,,,,,,,,29.7762538461271
PSE,West Bank and Gaza,2000,4520.88992531975,-8.5555726838292,-0.767446219921112,,,,,,,29.8161150229227
PSE,West Bank and Gaza,2001,3996.50878001821,-9.31108114182962,,,,,,,,33.987036729267
PSE,West Bank and Gaza,2002,3409.17287422698,-12.4883821798129,-0.80527251958847,,,,,,,37.6619072785715
PSE,West Bank and Gaza,2003,3788.92652721128,14.0156476793996,-0.850594282150269,,,,,,,39.9587308736641
PSE,West Bank and Gaza,2004,4503.08034061409,21.9244861205987,-0.682446479797363,1.8,4.6,31.5,8.9,34,7.5,38.1892842470937
PSE,West Bank and Gaza,2005,4885.07252184444,11.2906511829271,-0.653496861457825,1.3,4.7,30,8.4,34.7,7.3,36.7958011323718
PSE,West Bank and Gaza,2006,4714.37331793342,-0.996556103477076,-0.434554874897003,0.5,3.5,29,7.4,34,7.8,36.8655731092649
PSE,West Bank and Gaza,2007,4769.52328096801,3.78828152085981,-0.677934110164642,2.9,7.2,35.6,10.9,35.6,7.1,36.6471164099785
PSE,West Bank and Gaza,2008,4984.80579890695,7.42918225547835,-0.862080752849579,1.75,4.75,30.75,8.7,35.05,7.4,31.0360815478321
PSE,West Bank and Gaza,2009,5270.66331643219,8.59349087893864,-0.953719019889832,0.6,2.3,25.9,6.5,34.5,7.7,27.2084611549156
PSE,West Bank and Gaza,2010,5432.24363072522,5.77736205629419,-0.823600351810455,0.6,3,27,6.9,35.3,7.5,26.0296401116242
PSE,West Bank and Gaza,2011,5805.32115329251,9.60080848913594,-1.00567626953125,0.4,2.9,25.7,6.4,34.4,7.7,27.0181903200902
PSE,West Bank and Gaza,2012,6009.10925822042,6.09645656326154,-0.935010075569153,,,,,,,26.737225675254
PSE,West Bank and Gaza,2013,6142.20204342591,4.69856986552234,-0.928333759307861,,,,,,,25.6779538332936
PSE,West Bank and Gaza,2014,5990.42661523778,-0.157866650855297,-0.881909608840942,,,,,,,25.9240931583965
PSE,West Bank and Gaza,2015,6072.65031768549,3.72129967114788,-0.985731303691864,,,,,,,25.0347192297077
PSE,West Bank and Gaza,2016,6464.13352537371,8.86461881995935,-1.094198346138,1.4,4.4,27.7,7.8,33.7,7.3,24.06788543847
PSE,West Bank and Gaza,2017,6426.79521615335,1.41936756294787,-1.03121793270111,,,,,,,23.0469330760583
PSE,West Bank and Gaza,2018,6342.9374800852,1.22707737782703,-0.91521155834198,,,,,,,23.1817605161571
PSE,West Bank and Gaza,2019,6269.89134527985,1.36268746558062,-1.02601778507233,,,,,,,22.0358377513315
PSE,West Bank and Gaza,2020,5423.68254653126,-11.3184661065134,-1.12838053703308,,,,,,,21.8491707314983
PSE,West Bank and Gaza,2021,5663.12160743584,7.01198227592003,-1.10911190509796,,,,,,,21.654658153701
PSE,West Bank and Gaza,2022,5753.08395899307,4.08276027347105,-1.0356137752533,,,,,,,18.3805287331381
PSE,West Bank and Gaza,2023,5361.13098084938,-4.55580428525744,-1.11806666851044,2.1,6.1,28.6,8.9,36.4,6.6,
PSE,West Bank and Gaza,2024,3845.50297375419,-26.5575264529877,,,,,,,,
PSE,West Bank and Gaza,2025,,,,,,,,,,
PYF,French Polynesia,1995,,-0.388969416903137,,,,,,,,23.0861861345261
PYF,French Polynesia,1996,,-0.668536562658289,,,,,,,,23.16555880299
PYF,French Polynesia,1997,,-0.122814651501315,,,,,,,,22.6270167668459
PYF,French Polynesia,1998,,1.73337439996173,,,,,,,,22.0630088845992
PYF,French Polynesia,1999,,1.89053278745592,,,,,,,,21.4766318948617
PYF,French Polynesia,2000,,3.24541101308193,,,,,,,,20.862662518189
PYF,French Polynesia,2001,,-0.341595578089056,,,,,,,,20.2588006122165
PYF,French Polynesia,2002,,0.846181482808589,,,,,,,,19.6823267236675
PYF,French Polynesia,2003,,2.1269288487261,,,,,,,,18.8206541753619
PYF,French Polynesia,2004,,0.971259129987544,,,,,,,,17.9542540249663
PYF,French Polynesia,2005,,0.309973476180005,,,,,,,,17.1016054304493
PYF,French Polynesia,2006,,0.889584117597607,,,,,,,,16.2622387996439
PYF,French Polynesia,2007,,1.70497563803002,,,,,,,,15.3772254999217
PYF,French Polynesia,2008,,0.00676755066312751,,,,,,,,15.3619758168253
PYF,French Polynesia,2009,,-4.23139183069446,,,,,,,,15.3944993422461
PYF,French Polynesia,2010,,-2.4660641898174,,,,,,,,15.4674404262418
PYF,French Polynesia,2011,,-2.96195745427229,,,,,,,,15.5551100195479
PYF,French Polynesia,2012,,-0.927537712532072,,,,,,,,15.6170710434507
PYF,French Polynesia,2013,,0.398801414346934,,,,,,,,15.6855432328983
PYF,French Polynesia,2014,,0.593554452942286,,,,,,,,15.7201126541711
PYF,French Polynesia,2015,,1.80334081452726,,,,,,,,15.7204652504085
PYF,French Polynesia,2016,,2.30219823670438,,,,,,,,15.6889066605735
PYF,French Polynesia,2017,,4.29263363103487,,,,,,,,15.6027299121451
PYF,French Polynesia,2018,,1.80687498305207,,,,,,,,15.4885537756577
PYF,French Polynesia,2019,,2.68946658143334,,,,,,,,15.3314050901875
PYF,French Polynesia,2020,,-10.5738138632489,,,,,,,,15.6213392737119
PYF,French Polynesia,2021,,3.36590242421546,,,,,,,,15.3794895715333
PYF,French Polynesia,2022,,2.9373470716322,,,,,,,,15.266350086981
PYF,French Polynesia,2023,,2.77284077155413,,,,,,,,15.1268243630588
PYF,French Polynesia,2024,,1.12638897730247,,,,,,,,14.9655515974095
PYF,French Polynesia,2025,,,,,,,,,,14.7812051313333
QAT,Qatar,1995,68732.4655730397,2.39923621838123,,,,,,,,1.25639037052278
QAT,Qatar,1996,69746.1505971988,4.37391057029394,-0.710006773471832,,,,,,,1.17586362561534
QAT,Qatar,1997,87140.0414805606,30.012039826432,,,,,,,,0.819966465359904
QAT,Qatar,1998,91901.0695568133,11.2186524439444,-0.776588618755341,,,,,,,0.953758923998735
QAT,Qatar,1999,90837.3739354159,4.28406439626644,,,,,,,,0.714925212469052
QAT,Qatar,2000,93186.9710440179,8.02812545191884,-0.651787340641022,,,,,,,0.367535213880266
QAT,Qatar,2001,92115.7349961796,3.89818666233907,,,,,,,,0.490506919318139
QAT,Qatar,2002,94111.5966588338,7.18215168021513,-0.695015847682953,,,,,,,0.533977903601426
QAT,Qatar,2003,93224.3623187548,3.71995867654906,-0.687298893928528,,,,,,,0.588590874958951
QAT,Qatar,2004,107023.577147067,19.2189153397893,-0.429903537034988,,,,,,,0.534729968490218
QAT,Qatar,2005,107784.417294658,7.49275848279068,-0.513849496841431,,,,,,,0.399138670595001
QAT,Qatar,2006,115383.630413612,26.1702456703032,-0.865734755992889,,,,,,,0.514339780676583
QAT,Qatar,2007,109579.67852883,17.9856568160263,-1.04032266139984,,,,,,,0.554757217962479
QAT,Qatar,2008,109206.297312914,17.6635563626089,-1.02059841156006,,,,,,,0.469974938493212
QAT,Qatar,2009,108435.74676157,11.9565611289086,-1.00349426269531,,,,,,,0.893069798776463
QAT,Qatar,2010,129044.708988673,19.5921744776308,-1.01213717460632,,,,,,,0.668225728622296
QAT,Qatar,2011,145590.759374614,13.3752345495477,-1.08491718769073,,,,,,,0.39742106578587
QAT,Qatar,2012,143830.55475292,4.73008513739958,-0.921773374080658,,,,,,,0.308349874610098
QAT,Qatar,2013,136453.930654184,5.55610364218512,-0.978522300720215,,,,,,,0.240931252541097
QAT,Qatar,2014,128013.946689103,5.33434159770252,-1.13359522819519,,,,,,,0.200008151183776
QAT,Qatar,2015,123070.823231761,4.75332372902957,-1.14474833011627,,,,,,,0.242165743136165
QAT,Qatar,2016,120054.244506415,3.06410503214877,-1.15098774433136,,,,,,,0.236309247653622
QAT,Qatar,2017,115064.83603436,-1.49756209084892,-1.17646372318268,0,0,0,0,35.1,6.5,0.23131094337514
QAT,Qatar,2018,114909.792335472,1.23483197031548,-1.20641469955444,,,,,,,0.283198812693433
QAT,Qatar,2019,113160.839750596,0.688255893930972,-1.30725455284119,,,,,,,0.486942862752798
QAT,Qatar,2020,103061.899444607,-3.55750284254954,-1.28702902793884,,,,,,,0.595151824791335
QAT,Qatar,2021,116832.656941972,1.62693587314129,-1.17346358299255,,,,,,,0.406365085767321
QAT,Qatar,2022,114740.16518158,4.18497018544697,-1.04835486412048,,,,,,,0.470141578845495
QAT,Qatar,2023,116563.992526162,1.53979117720789,-0.970600128173828,,,,,,,0.443272761169379
QAT,Qatar,2024,110889.792701691,2.35970586926597,,,,,,,,0.451537435526326
QAT,Qatar,2025,,,,,,,,,,0.455955577569801
ROU,Romania,1995,14863.2472312959,6.23351148371351,,3.5,9.5,44.5,14.1,31.2,8.1,29.5367357299076
ROU,Romania,1996,15488.6217092877,3.90770208816159,0.286023378372192,3.85,10.25,47.85,15.2,30.85,8.2,29.6932348575365
ROU,Romania,1997,14780.0590188185,-4.8490627379703,,4.2,11,51.2,16.3,30.5,8.3,29.8496097865974
ROU,Romania,1998,14510.0533572297,-2.02981290571721,0.389990568161011,3.6,11.3,49.9,16.2,31.1,8,31.4051550492324
ROU,Romania,1999,14478.109394247,-0.376660705758994,,10.9,26.9,77.2,30.8,29.4,8.5,33.5113000599863
ROU,Romania,2000,14853.6679659943,2.4612634592269,0.469307065010071,11.9,29.4,79.5,32.4,29.3,8.5,35.3207059255578
ROU,Romania,2001,15848.3696371638,5.21813625673708,,9.5,23.3,73.2,27.9,29.4,8.4,35.2674856585843
ROU,Romania,2002,17061.7001240442,5.70299165043771,0.386146128177643,9.1,22.7,70.9,26.9,30.2,8.2,29.1503648602844
ROU,Romania,2003,17587.5355528951,2.34114732919521,0.29921892285347,7,19.1,66.9,24.2,29.9,8.4,29.0318113560378
ROU,Romania,2004,19532.5610216283,10.4281130180976,0.367766201496124,5.3,15,58.5,20,30,8.3,24.476454832139
ROU,Romania,2005,20571.0108222199,4.6681480508487,0.408908843994141,4.2,12.1,54.3,17.7,29.8,8.4,25.1304884584466
ROU,Romania,2006,22354.6564902844,8.02881107599163,0.51797342300415,11.1,18.3,46.1,19.4,39.6,5,23.6757686325431
ROU,Romania,2007,24328.4940230196,7.23380774362805,0.498997658491135,8.1,14.3,39.9,15.7,37.5,5.5,23.4858279957386
ROU,Romania,2008,27039.7122195334,9.30746717077338,0.514151155948639,6,10.7,32.7,12.3,36.4,5.8,22.3211624174582
ROU,Romania,2009,25761.7373850906,-5.51670615843011,0.464297264814377,5.3,10.1,31.3,11.4,35.6,6,22.5075303071175
ROU,Romania,2010,24903.0077613835,-3.90581157302972,0.432130426168442,6.3,11.5,33.6,12.7,35.5,5.7,24.6799144310149
ROU,Romania,2011,26150.8560702105,4.49558909946313,0.376137167215347,7.1,13,36.8,14.7,35.9,5.6,22.8908665796654
ROU,Romania,2012,26767.5666532405,1.90361696799603,0.318529605865479,8.4,13.6,36.9,15,36.5,5.3,23.0182362820783
ROU,Romania,2013,26942.0436130341,0.278771877470234,0.311483293771744,8.7,15.5,36.4,15.6,36.9,5,22.5151997072202
ROU,Romania,2014,28156.2475476815,4.11600109267832,0.428103059530258,8.9,14.1,32.7,14.6,36,4.9,21.8640122839819
ROU,Romania,2015,29181.9991893663,3.1570360543854,0.486170291900635,7.6,12.9,30.9,12.8,35.9,5.1,18.9147162638236
ROU,Romania,2016,30189.2729172886,2.85993252302089,0.541079998016357,5.2,9.1,24,9.6,34.4,5.6,16.7289025303272
ROU,Romania,2017,32852.7718069627,8.19547826641261,0.598848581314087,4.9,6.8,17.9,7.5,36,5.3,16.4436686192616
ROU,Romania,2018,34829.0402990684,5.39452228185675,0.533204734325409,3.7,5.9,14.3,6.1,35.8,5.4,15.4700537924496
ROU,Romania,2019,36399.6255565426,3.96028958497598,0.515233874320984,3.1,4.8,11.9,5.1,34.8,5.7,14.5542901236642
ROU,Romania,2020,35283.7523567852,-3.59802546034757,0.585118234157562,2.4,4.1,10.8,4.5,34.6,5.6,14.1588337143858
ROU,Romania,2021,37534.1559176911,5.58735072538869,0.593723952770233,2,3,7.7,3.4,33.9,6,13.6964450746488
ROU,Romania,2022,39256.9888833852,4.18771305104109,0.566261529922485,1.5,2.8,8.6,3.2,32.3,5.9,13.4197241244954
ROU,Romania,2023,40116.8555054263,2.25773416555121,0.503180325031281,0.7,1.3,5.1,1.8,29.8,7,13.3227318239018
ROU,Romania,2024,40504.0002945958,0.916003764382594,,,,,,,,13.2477609866641
ROU,Romania,2025,,,,,,,,,,13.0457748763805
RUS,Russian Federation,1995,18363.712890625,-4.1435284052602,,,,,,,,5.25038946330765
RUS,Russian Federation,1996,17699.869140625,-3.7550694383594,-0.219651892781258,7.1,13.3,35.5,14.1,46.1,4.5,5.46548363996919
RUS,Russian Federation,1997,17977.3515625,1.3999158052963,,2.7,7.3,32.2,10.4,38.4,6.3,6.19121786068651
RUS,Russian Federation,1998,17052.755859375,-5.2999616266239,-0.406413346529007,4,9.9,38.3,13.1,38.1,6.2,6.20310811336081
RUS,Russian Federation,1999,18200.3203125,6.39991469144101,,7.2,16.3,50.7,19.2,37.4,6.3,6.20596788191039
RUS,Russian Federation,2000,20104.75,10.0000668136515,-0.346270352602005,5.1,12.6,45,16.1,37.1,6.4,6.07445240892216
RUS,Russian Federation,2001,21219.904296875,5.10005122572568,,3.2,8.6,38.4,12.5,36.9,6.6,5.90759443901757
RUS,Russian Federation,2002,22319.677734375,4.69999190914258,-0.444490075111389,2,6.3,33.1,10.1,37.3,6.6,5.86572488740826
RUS,Russian Federation,2003,24057.927734375,7.29995234528189,-0.535602867603302,2.1,6.3,31.1,9.6,40,6.1,5.8220193457994
RUS,Russian Federation,2004,25894.146484375,7.19994786954857,-0.571611404418945,1.8,5.4,27.8,8.4,40.3,6,5.74027939387648
RUS,Russian Federation,2005,27656.658203125,6.39996544799469,-0.651503562927246,1.4,4.3,23.9,7.1,41.3,5.8,5.71389861135257
RUS,Russian Federation,2006,30022.671875,8.20006825456321,-0.920553743839264,0.9,3.1,20.1,5.6,41,5.9,5.63966112998212
RUS,Russian Federation,2007,32630.369140625,8.49997776916511,-0.916404008865356,0.4,1.9,15.2,4,42.3,5.8,5.58612099260047
RUS,Russian Federation,2008,34342.2265625,5.19996926404957,-0.870993554592133,0.2,0.9,10.6,2.5,41.6,6.1,5.52142394718722
RUS,Russian Federation,2009,31654.00390625,-7.7999939127127504,-0.89992368221283,0.2,0.8,10.3,2.3,39.8,6.4,5.74654318030858
RUS,Russian Federation,2010,33063.5859375,4.49999999920672,-0.889000535011292,0.2,0.7,8.1,1.9,39.5,6.4,5.56526473166804
RUS,Russian Federation,2011,34444.64453125,4.30002918567749,-0.883593857288361,0.1,0.5,7.1,1.6,39.7,6.5,5.86016336019545
RUS,Russian Federation,2012,35740.69921875,4.02408615746921,-0.97881817817688,0.1,0.5,6.4,1.4,40.7,6.3,5.76468174442149
RUS,Russian Federation,2013,36260.06640625,1.75542214874298,-1.02226948738098,0.1,0.4,5.7,1.2,40.9,6.4,6.03779355387631
RUS,Russian Federation,2014,35853.24609375,0.736267221765672,-1.0445214509964,0.4,0.8,3.2,1,36.9,6.2,5.91978405720421
RUS,Russian Federation,2015,35037.15234375,-1.97271922580408,-1.08769965171814,0.4,0.8,3.9,1.2,36.5,6.2,5.96823571957404
RUS,Russian Federation,2016,35005.44921875,0.193690071260534,-1.13120901584625,0.4,0.8,4,1.1,36.7,6.2,6.24503027870332
RUS,Russian Federation,2017,35570.390625,1.82579006401834,-1.08964121341705,0.4,0.8,3.7,1.1,35.5,6.5,5.32470688314795
RUS,Russian Federation,2018,36536.6953125,2.80724541059601,-1.07006502151489,0.2,0.4,2.8,0.8,35.3,6.7,5.43634022949716
RUS,Russian Federation,2019,37319.3203125,2.19807571335009,-1.11707234382629,0.3,0.5,3,0.8,35.7,6.7,5.3105572874315
RUS,Russian Federation,2020,36376.3359375,-2.65365450102773,-1.07110822200775,0.1,0.3,2,0.5,33.7,7.4,5.44976455181605
RUS,Russian Federation,2021,38638.4296875,5.86649177292595,-1.10062623023987,0.2,0.4,2.2,0.6,35.1,6.9,5.43356978174351
RUS,Russian Federation,2022,38214.49609375,-1.43588213859842,-1.26177060604095,0.1,0.3,1.4,0.4,33.9,7.5,5.26163184409599
RUS,Russian Federation,2023,39887.33984375,4.08252481259281,-1.2855396270752,0.1,0.2,0.9,0.3,33,7.7,5.19803885060721
RUS,Russian Federation,2024,41704.7109375,4.34437475491529,,,,,,,,5.0115954043712
RUS,Russian Federation,2025,,,,,,,,,,4.93107623266865
RWA,Rwanda,1995,931.367790069386,35.2240783089712,,,,,,,,48.0830867809474
RWA,Rwanda,1996,888.131009878549,12.7456957645316,-1.57920348644257,,,,,,,47.9797392313469
RWA,Rwanda,1997,874.694728296322,13.8497524857822,,,,,,,,47.9578216269992
RWA,Rwanda,1998,913.71963460585,8.85866949392693,-1.41147303581238,,,,,,,47.8374322750939
RWA,Rwanda,1999,945.733218859969,4.35188831936337,,,,,,,,47.6967210011693
RWA,Rwanda,2000,1016.66199090104,8.37089593548548,-1.56632399559021,82.3,89.7,96.3,74.9,48.5,5.2,47.442825306718
RWA,Rwanda,2001,1093.18409838429,8.4845603416011,,,,,,,,47.0479605681158
RWA,Rwanda,2002,1220.7394919553,13.1920736254262,-1.50847780704498,,,,,,,46.5516855902596
RWA,Rwanda,2003,1220.49916686742,2.20238751139603,-1.30690324306488,,,,,,,46.2242548953821
RWA,Rwanda,2004,1277.19280440829,7.44766737034072,-1.34934079647064,,,,,,,45.8795037169426
RWA,Rwanda,2005,1360.29587570276,9.3778991673686,-1.19444441795349,74.2,84.2,94.4,69.8,52,4.6,45.5393579294088
RWA,Rwanda,2006,1446.71094686551,9.22707576798881,-1.22213447093964,,,,,,,45.2143037906732
RWA,Rwanda,2007,1516.26750609323,7.63329819125276,-1.24603569507599,,,,,,,44.9385974221122
RWA,Rwanda,2008,1641.77767401672,11.1612473247323,-1.31189203262329,,,,,,,44.6033603090321
RWA,Rwanda,2009,1699.94452992694,6.24825750620508,-1.29202568531036,,,,,,,44.3284520863695
RWA,Rwanda,2010,1779.15851051568,7.33465645006753,-1.3271712064743,70.2,82.7,94.1,66.7,47.2,5.6,44.0471833510497
RWA,Rwanda,2011,1874.21498172873,7.95838869847094,-1.32878935337067,68.53333333333333,81.83333333333333,93.93333333333332,65.83333333333333,46.5,5.733333333333333,43.7475934033246
RWA,Rwanda,2012,1988.01219478847,8.64150815836322,-1.27765655517578,66.86666666666667,80.96666666666667,93.76666666666667,64.96666666666667,45.800000000000004,5.866666666666666,43.4673043639227
RWA,Rwanda,2013,2032.40480194092,4.71984856978263,-1.21126425266266,65.2,80.1,93.6,64.1,45.1,6,43.2402384640715
RWA,Rwanda,2014,2106.21454365589,6.16716615166932,-1.11238169670105,64.73333333333333,79.6,93.46666666666667,63.766666666666666,44.63333333333333,6,43.0313030635298
RWA,Rwanda,2015,2238.53941469642,8.8568555974538,-1.13544893264771,64.26666666666667,79.1,93.33333333333333,63.43333333333333,44.16666666666667,6,42.7975632384509
RWA,Rwanda,2016,2316.63731573814,5.97074525431094,-1.15404415130615,63.8,78.6,93.2,63.1,43.7,6,42.5794939471748
RWA,Rwanda,2017,2351.59686866227,3.91817093628465,-1.1209123134613,,,,,,,42.1539814844502
RWA,Rwanda,2018,2493.44001744938,8.51646722592409,-1.14153528213501,,,,,,,42.1391018853725
RWA,Rwanda,2019,2667.46458436613,9.44738518613097,-1.09761416912079,,,,,,,41.8773612031353
RWA,Rwanda,2020,2520.31739425373,-3.37368746369782,-1.09181523323059,,,,,,,42.4925911556522
RWA,Rwanda,2021,2733.43566762447,10.8584320184896,-0.95794290304184,,,,,,,37.0760418523457
RWA,Rwanda,2022,2892.45964942821,8.16120720872912,-0.93596738576889,,,,,,,37.9814501939121
RWA,Rwanda,2023,3062.99909649442,8.24990302014558,-0.902328312397003,38.6,62.2,89.8,50.7,39.4,7.4,40.1715872855134
RWA,Rwanda,2024,3264.64451474392,8.89065529573114,,,,,,,,39.8379854447349
RWA,Rwanda,2025,,,,,,,,,,39.3559318826905
SAU,Saudi Arabia,1995,60058.3174503511,0.311708028499027,,,,,,,,5.67855853024903
SAU,Saudi Arabia,1996,59612.8125993665,3.30468254228352,-1.49902832508087,,,,,,,5.51480066745271
SAU,Saudi Arabia,1997,58875.5473738828,2.64731939948642,,,,,,,,5.45072643090924
SAU,Saudi Arabia,1998,58306.622809723,2.80381183998992,-1.61756873130798,,,,,,,5.51170962649226
SAU,Saudi Arabia,1999,55878.1736494426,-0.633393640920247,,,,,,,,5.35818514606597
SAU,Saudi Arabia,2000,55962.2661342789,4.71813422138024,-1.60267579555511,,,,,,,5.10343350167899
SAU,Saudi Arabia,2001,53309.111388544,0.344593196175438,,,,,,,,5.09556038081694
SAU,Saudi Arabia,2002,50371.9783079834,-0.688390130317757,-1.7028511762619,,,,,,,5.05346203975553
SAU,Saudi Arabia,2003,52234.649280791,8.76873381743964,-1.64427065849304,,,,,,,4.86643331146696
SAU,Saudi Arabia,2004,54196.5514152953,8.63100545880309,-1.32374036312103,,,,,,,4.61537059789981
SAU,Saudi Arabia,2005,54931.7942450845,5.94489623934835,-1.53631925582886,,,,,,,4.27471479902367
SAU,Saudi Arabia,2006,54373.737695386,3.31348473625901,-1.78146910667419,,,,,,,4.03576955670424
SAU,Saudi Arabia,2007,53318.4191601834,2.21365396372528,-1.70514690876007,,,,,,,3.83336588875602
SAU,Saudi Arabia,2008,54407.7081673247,6.2379875365458,-1.72997355461121,,,,,,,3.51779952857788
SAU,Saudi Arabia,2009,51760.7643987566,-1.06671711240203,-1.82226276397705,,,,,,,3.62880743227026
SAU,Saudi Arabia,2010,54911.547517012,5.0395150823517,-1.78806269168854,,,,,,,3.31607854559994
SAU,Saudi Arabia,2011,58645.4459416531,11.758820686671,-1.90719747543335,,,,,,,2.89900839820271
SAU,Saudi Arabia,2012,59471.7001909394,5.76157382270968,-1.86564028263092,,,,,,,2.62560543280954
SAU,Saudi Arabia,2013,57998.4644619155,2.94563789152025,-1.87657868862152,,,,,,,2.45594682538784
SAU,Saudi Arabia,2014,58872.2671400126,4.02467158380668,-1.88217794895172,,,,,,,2.28462722889923
SAU,Saudi Arabia,2015,58498.5399040699,4.65512316652699,-1.84278297424316,,,,,,,2.3663067286073
SAU,Saudi Arabia,2016,57308.4484127497,1.70404739202878,-1.72739458084106,,,,,,,2.28744215208108
SAU,Saudi Arabia,2017,57942.5484983044,1.18210705878283,-1.68651461601257,,,,,,,2.17086355589604
SAU,Saudi Arabia,2018,61359.4653740388,3.2269508901591,-1.69039928913116,,,,,,,1.69420116807041
SAU,Saudi Arabia,2019,62647.7299487842,1.65158925617395,-1.65836346149445,,,,,,,3.24079973092822
SAU,Saudi Arabia,2020,57420.7335736424,-3.80478901996312,-1.60906326770782,,,,,,,2.50862661157698
SAU,Saudi Arabia,2021,62690.4966645929,6.51959698325419,-1.60110425949097,,,,,,,2.24482025584916
SAU,Saudi Arabia,2022,67178.5902274906,12.0005874752929,-1.48439347743988,,,,,,,1.79501458482731
SAU,Saudi Arabia,2023,64481.8441927288,0.542592439393161,-1.41669249534607,,,,,,,1.57374630001703
SAU,Saudi Arabia,2024,62792.7741476371,1.99650173436159,,,,,,,,1.69797108537072
SAU,Saudi Arabia,2025,,,,,,,,,,1.66172984324461
SDN,Sudan,1995,2824.63208007813,5.99709226051246,,,,,,,,43.3642053436675
SDN,Sudan,1996,2924.29077148438,5.9191237633176,-1.85870087146759,,,,,,,43.0574266911697
SDN,Sudan,1997,3380.18676757813,18.3126571850273,,,,,,,,42.3049170749166
SDN,Sudan,1998,3441.17919921875,4.30850425525036,-1.81138920783997,,,,,,,41.7389534657944
SDN,Sudan,1999,3459.22998046875,3.10409561549652,,,,,,,,41.3740000747593
SDN,Sudan,2000,3575.85205078125,6.34586743997545,-1.75222194194794,,,,,,,41.0405632061464
SDN,Sudan,2001,3701.548828125,6.50036053396883,,,,,,,,40.6139144393946
SDN,Sudan,2002,3814.31323242188,6.0064715363132,-1.54347372055054,,,,,,,40.1943214902781
SDN,Sudan,2003,3946.92260742188,6.28880816146516,-1.65719187259674,,,,,,,39.9630135208813
SDN,Sudan,2004,4041.05712890625,5.14088851762675,-1.66658997535706,,,,,,,39.763734484743
SDN,Sudan,2005,4152.32275390625,5.64351551343631,-1.71884191036224,,,,,,,39.5097498793217
SDN,Sudan,2006,4299.97412109375,6.5314117467792,-1.7393399477005,,,,,,,39.3118871873968
SDN,Sudan,2007,4415.78515625,5.73527423664484,-1.64922380447388,,,,,,,38.6326185176938
SDN,Sudan,2008,4446.40966796875,3.84674473121058,-1.64158809185028,,,,,,,38.5266121027067
SDN,Sudan,2009,4188.0546875,-2.76770436599138,-1.68687272071838,13.1,27.6,68.4,29,35.4,6.8,38.8352286479497
SDN,Sudan,2010,4219.8369140625,3.85824195230107,-1.72558903694153,,,,,,,39.0368588684501
SDN,Sudan,2011,4467.6259765625,-3.21353209253371,-1.7713150978088399,,,,,,,39.2664544230272
SDN,Sudan,2012,4145.931640625,-17.0046884048945,-1.77434039115906,,,,,,,39.5815031602764
SDN,Sudan,2013,4130.48583984375,1.95514463302422,-1.775998711586,,,,,,,39.8679665673917
SDN,Sudan,2014,4207.50048828125,4.66137954229873,-1.73649609088898,10.1,26,73.2,29.3,34.2,7.8,39.8119648926251
SDN,Sudan,2015,4159.1943359375,1.91017689052751,-1.7833217382431,,,,,,,40.165761583908
SDN,Sudan,2016,4174.56103515625,3.46764218409288,-1.83439075946808,,,,,,,40.3143813505549
SDN,Sudan,2017,4061.01831054688,0.70925628476644,-1.83928656578064,,,,,,,40.7288036338678
SDN,Sudan,2018,3816.65991210938,-2.6809305497999,-1.84891426563263,,,,,,,40.994427491401
SDN,Sudan,2019,3625.52319335938,-2.17825104530091,-1.65164256095886,,,,,,,41.2571477085569
SDN,Sudan,2020,3401.24975585938,-3.62980082410752,-1.42654263973236,,,,,,,40.977793682228
SDN,Sudan,2021,3248.9755859375,-1.8685204827207,-1.45132303237915,,,,,,,40.0867048815628
SDN,Sudan,2022,3132.0771484375,-0.957816591119183,-1.49446225166321,,,,,,,39.6653000762195
SDN,Sudan,2023,2181.0791015625,-29.4332718325149,-1.60484826564789,,,,,,,
SDN,Sudan,2024,1861.39794921875,-13.9643375197179,,,,,,,,
SDN,Sudan,2025,,,,,,,,,,
SEN,Senegal,1995,2835.03272874496,5.46858485819628,,,,,,,,67.9171440558821
SEN,Senegal,1996,2822.46837323856,2.01997720854131,0.108496256172657,,,,,,,67.8919465069152
SEN,Senegal,1997,2840.60808859832,3.04560103485423,,,,,,,,67.8647481638576
SEN,Senegal,1998,2938.69162551525,5.89847931769205,0.0291250683367252,,,,,,,67.7758757527529
SEN,Senegal,1999,3050.17800998696,6.28330825030987,,,,,,,,67.6713333740906
SEN,Senegal,2000,3093.28791602615,3.88721095816793,0.199801683425903,,,,,,,67.5439772101079
SEN,Senegal,2001,3149.33113703503,4.31085146618369,,63.9,79.8,95.2,64.3,41.2,6.6,67.4094487544746
SEN,Senegal,2002,3075.23157503112,0.0686965747419066,0.380685329437256,,,,,,,67.3361989620528
SEN,Senegal,2003,3170.03494688479,5.59395094456143,0.26668593287468,,,,,,,67.227671629351
SEN,Senegal,2004,3240.3020166984,4.64329393683312,0.172796905040741,,,,,,,67.0814908817138
SEN,Senegal,2005,3301.82076160815,4.31023852639633,0.056197814643383,53.6,71.3,93.4,58.7,39.2,6.2,66.9621776295009
SEN,Senegal,2006,3301.03152414193,2.33077098330239,0.0617268159985542,,,,,,,66.8579411986447
SEN,Senegal,2007,3316.42037834774,2.82711920133374,-0.181714087724686,,,,,,,66.7621788877072
SEN,Senegal,2008,3359.70567090311,3.70316906391386,-0.213503494858742,,,,,,,66.7007723663536
SEN,Senegal,2009,3371.46166688616,2.75210448455053,-0.269090443849564,,,,,,,66.6382087725508
SEN,Senegal,2010,3403.56707165919,3.39088925336209,-0.267737418413162,,,,,,,66.51743911433
SEN,Senegal,2011,3362.87940537332,1.33409107961258,-0.220193043351173,53.3,71.7,92,58.6,40.3,6.1,66.4020296201262
SEN,Senegal,2012,3405.10864460824,4.00299555090457,-0.00418913504108787,,,,,,,66.7561475391985
SEN,Senegal,2013,3385.42590686562,2.41238527605579,0.0599607788026333,,,,,,,66.6762819884755
SEN,Senegal,2014,3484.01219749797,6.22407443790986,0.291608184576035,,,,,,,66.1968320905702
SEN,Senegal,2015,3593.79477120389,6.36704365066983,0.282860070466995,,,,,,,65.7912294059009
SEN,Senegal,2016,3710.05531589724,6.35606857181878,0.369231224060059,,,,,,,70.608725190609
SEN,Senegal,2017,3871.4514678592,7.4074861863013,0.316642314195633,,,,,,,68.292316198573
SEN,Senegal,2018,3998.28635303406,6.20924103389086,0.22047683596611,19.1,38.5,78.2,36.1,38.3,7.1,66.0701706723963
SEN,Senegal,2019,4070.61227058594,4.61362809749708,0.234765261411667,18.7,38.1,78.33333333333333,36.06666666666667,37.6,7.166666666666666,63.8569357989007
SEN,Senegal,2020,4018.04129277358,1.3420737726679,0.239433467388153,18.3,37.699999999999996,78.46666666666667,36.03333333333333,36.9,7.233333333333333,64.9042299744272
SEN,Senegal,2021,4173.67741399619,6.54400109964304,0.195669069886208,17.9,37.3,78.6,36,36.2,7.3,64.1867782898778
SEN,Senegal,2022,4228.73382642974,3.85043193735768,0.176930591464043,,,,,,,63.7301648214595
SEN,Senegal,2023,4304.76148720232,4.2574308328029,0.133976578712463,,,,,,,63.5514222455658
SEN,Senegal,2024,4460.92372176318,6.06055141198976,,,,,,,,63.3288036973486
SEN,Senegal,2025,,,,,,,,,,62.98155937176
SGP,Singapore,1995,59483.6383121123,7.17540112091071,,,,,,,,6.5493777083616
SGP,Singapore,1996,61381.7523709208,7.47139086002002,0.139815583825111,,,,,,,9.04904673411797
SGP,Singapore,1997,64291.2024694333,8.31620911124497,,,,,,,,8.21438852279182
SGP,Singapore,1998,60782.1972058002,-2.19101500611274,0.11250077188015,,,,,,,9.29782404543963
SGP,Singapore,1999,63746.4792227046,5.71837175710837,,,,,,,,9.51661131566914
SGP,Singapore,2000,68314.5444027166,9.03831632555163,0.130497083067894,,,,,,,9.79140548721663
SGP,Singapore,2001,65784.4018813783,-1.07086275100448,,,,,,,,10.1990563339464
SGP,Singapore,2002,67744.2702679808,3.92336076702013,0.0586192682385445,,,,,,,9.94411234950248
SGP,Singapore,2003,71877.5348633552,4.54825542643229,-0.0210195183753967,,,,,,,9.7115845076237
SGP,Singapore,2004,78039.024710382,9.93998268434957,0.0775112137198448,,,,,,,10.1457977343586
SGP,Singapore,2005,81841.1587801054,7.36632239250758,0.132438689470291,,,,,,,10.0905427691334
SGP,Singapore,2006,86463.8283836607,9.00676607871758,-0.387192517518997,,,,,,,10.0122430035824
SGP,Singapore,2007,90417.8073849967,9.02151951268893,-0.363209664821625,,,,,,,10.2761624744053
SGP,Singapore,2008,87329.5937792686,1.86348345462035,-0.33483549952507,,,,,,,9.98327191788534
SGP,Singapore,2009,84843.5194001734,0.127953382778088,-0.234220430254936,,,,,,,9.83740075740833
SGP,Singapore,2010,95456.1893079996,14.5197497108994,-0.208965808153152,,,,,,,9.1798497996429
SGP,Singapore,2011,99296.7561111269,6.21493416858989,-0.10202718526125,,,,,,,9.58980117120697
SGP,Singapore,2012,101187.825333454,4.43549759378537,0.0530913695693016,,,,,,,9.28157431368887
SGP,Singapore,2013,104359.030680724,4.81763099120676,0.0366793386638165,,,,,,,8.65673903410736
SGP,Singapore,2014,107066.858613992,3.93554027709007,-0.0988200157880783,,,,,,,9.2849592525659
SGP,Singapore,2015,108953.724294287,2.97679931634806,-0.161713510751724,,,,,,,8.27319995699337
SGP,Singapore,2016,111579.742684331,3.74757848792792,-0.149904429912567,,,,,,,8.52429617566227
SGP,Singapore,2017,116471.820764776,4.47689915845876,-0.168806582689285,,,,,,,8.72759985450916
SGP,Singapore,2018,119927.769127927,3.4519759658687,-0.0758845582604408,,,,,,,8.89357181335446
SGP,Singapore,2019,120114.133894235,1.30804118153127,-0.206006988883018,,,,,,,9.16541056209865
SGP,Singapore,2020,115893.042395938,-3.81470885510713,-0.203881621360779,,,,,,,9.68474174390962
SGP,Singapore,2021,132617.354020876,9.7568044629903,-0.13955394923687,,,,,,,9.71401945721408
SGP,Singapore,2022,133571.962410322,4.10800021897151,-0.0601325668394566,,,,,,,9.19152251402134
SGP,Singapore,2023,129555.245509242,1.82140694115385,-0.0654119327664375,,,,,,,9.06840038273305
SGP,Singapore,2024,132569.525225795,4.38802362461865,,,,,,,,9.42642739829392
SGP,Singapore,2025,,,,,,,,,,9.29636187949808
SLB,Solomon Islands,1995,2996.27162353451,10.0886153892407,,,,,,,,72.5629378882345
SLB,Solomon Islands,1996,2957.81917928087,1.60990763464251,0.807382106781006,,,,,,,72.2607844445927
SLB,Solomon Islands,1997,2848.31969373436,-0.914077188158032,,,,,,,,72.1672917987684
SLB,Solomon Islands,1998,2805.2662186594,1.29151224937236,0.777904450893402,,,,,,,72.1106298455155
SLB,Solomon Islands,1999,2717.52715749125,-0.485730727999837,,,,,,,,72.0225769485937
SLB,Solomon Islands,2000,2276.82191920056,-14.2769995911797,0.221702694892883,,,,,,,72.3321155311024
SLB,Solomon Islands,2001,2055.27436724543,-7.95660610016238,,,,,,,,72.7515621024061
SLB,Solomon Islands,2002,1960.42387516654,-2.79998288464981,0.38613349199295,,,,,,,73.0036278911908
SLB,Solomon Islands,2003,2050.30870033396,6.52346685055134,0.322486877441406,,,,,,,73.0860955545432
SLB,Solomon Islands,2004,2168.50586845628,7.68364102152745,-0.354120701551437,,,,,,,72.9782667492606
SLB,Solomon Islands,2005,2287.27362263512,7.35907917681935,-0.0981996729969978,62.2,75.9,92.6,62.7,46.1,5,72.8473767138788
SLB,Solomon Islands,2006,2340.65153178621,4.13726239664898,0.0451032482087612,,,,,,,72.4985663037427
SLB,Solomon Islands,2007,2384.31783066088,3.63973499569106,0.0634725987911224,,,,,,,72.160082809952
SLB,Solomon Islands,2008,2489.78306207696,6.22590636247851,0.0204279962927103,,,,,,,71.7620418097933
SLB,Solomon Islands,2009,2514.89101043351,2.86486309630651,0.137840136885643,,,,,,,71.3523462703109
SLB,Solomon Islands,2010,2682.28532344354,9.70817235491481,0.0658942386507988,,,,,,,70.8827859048671
SLB,Solomon Islands,2011,2777.47851512924,7.43023752099302,-0.00426660990342498,,,,,,,70.2439562459785
SLB,Solomon Islands,2012,2743.45849913875,2.46591837712438,-0.0285495333373547,40.3,62.9,90.7,52.1,37.1,7,69.9696645504582
SLB,Solomon Islands,2013,2783.59190841229,5.23744704670068,0.00157698034308851,,,,,,,69.7947965670157
SLB,Solomon Islands,2014,2716.42200217839,1.18945509547778,0.226576805114746,,,,,,,69.5520436108431
SLB,Solomon Islands,2015,2664.72477884762,1.67578612030815,0.284463554620743,,,,,,,69.4972619173416
SLB,Solomon Islands,2016,2715.23362293936,5.55494348257992,0.46720814704895,,,,,,,69.336087553099
SLB,Solomon Islands,2017,2703.66346303885,3.07546176144591,0.489896327257156,,,,,,,69.1362991144034
SLB,Solomon Islands,2018,2686.11900111375,2.74585244829055,0.375564604997635,,,,,,,68.9842290817059
SLB,Solomon Islands,2019,2661.61667922254,1.74925244485951,0.492837101221085,,,,,,,68.84400849407
SLB,Solomon Islands,2020,2515.14143211528,-3.38125925839405,0.450046628713608,,,,,,,69.7755727926143
SLB,Solomon Islands,2021,2449.87009821452,-0.227975292792024,0.41220411658287,,,,,,,69.1414556873371
SLB,Solomon Islands,2022,2330.10309195408,-2.58448361755723,0.336979955434799,,,,,,,69.0424833768775
SLB,Solomon Islands,2023,2339.57493302805,2.84111851154807,0.340079069137573,,,,,,,68.9487909474215
SLB,Solomon Islands,2024,2353.24808229243,2.99755987604104,,,,,,,,68.7991269939351
SLB,Solomon Islands,2025,,,,,,,,,,68.6533267583842
SLE,Sierra Leone,1995,2058.07683318146,-7.99975272721831,,,,,,,,90.0971159707145
SLE,Sierra Leone,1996,2084.1822265,1.75382062624389,-0.587721765041351,,,,,,,90.2154502085717
SLE,Sierra Leone,1997,1936.55653107258,-5.87708084575527,,,,,,,,90.3763149567197
SLE,Sierra Leone,1998,1951.82091117813,1.78501237019348,-1.13270461559296,,,,,,,90.4474168016118
SLE,Sierra Leone,1999,1903.3269610781,-1.97928670052485,,,,,,,,90.4932607016328
SLE,Sierra Leone,2000,1981.50608696758,6.65273028404766,-1.33518970012665,,,,,,,90.4080480198692
SLE,Sierra Leone,2001,1749.35086324104,-6.34545563328469,,,,,,,,90.5342525091019
SLE,Sierra Leone,2002,2089.26152736756,26.5241350674409,-0.554964661598206,,,,,,,90.3074383486426
SLE,Sierra Leone,2003,2196.28134548105,9.48363126885343,-0.346790134906769,72.4,83.9,95.7,68.2,40.2,6.6,89.9871973929236
SLE,Sierra Leone,2004,2260.83818961545,6.47884588417347,-0.311112105846405,,,,,,,89.6496758033007
SLE,Sierra Leone,2005,2296.65767887048,4.3534998069981,-0.530995607376099,,,,,,,89.3575283011578
SLE,Sierra Leone,2006,2342.75461136539,4.28311062264335,-0.326508969068527,,,,,,,89.0796114838197
SLE,Sierra Leone,2007,2377.80530113361,3.74975804751641,-0.218499302864075,,,,,,,88.7643250144391
SLE,Sierra Leone,2008,2404.65198784353,3.68605969932123,-0.141638219356537,,,,,,,88.4825838383909
SLE,Sierra Leone,2009,2376.58254518958,1.53080323958716,-0.241323813796043,,,,,,,88.2571295293364
SLE,Sierra Leone,2010,2459.76814418708,6.35566595800495,-0.157845288515091,,,,,,,88.024088919116707
SLE,Sierra Leone,2011,2590.52839483651,8.10065518714917,-0.203812569379807,53.7,73.3,94.3,58.6,34,7.9,87.8205294606846
SLE,Sierra Leone,2012,2792.92626544926,10.578331663387,-0.320652544498444,,,,,,,87.4295836435811
SLE,Sierra Leone,2013,3124.72832450941,14.6633238075229,-0.342688739299774,,,,,,,86.8263262841576
SLE,Sierra Leone,2014,2812.52832195116,-7.81501512457241,-0.287209033966064,,,,,,,86.4174200982451
SLE,Sierra Leone,2015,2628.17058146385,-4.36333262093788,-0.271190404891968,,,,,,,86.5360546223957
SLE,Sierra Leone,2016,2732.26093997048,6.43743652764257,-0.198737993836403,,,,,,,86.453582297112
SLE,Sierra Leone,2017,2753.42719846704,3.20786087715987,-0.194816008210182,,,,,,,86.4075251683012
SLE,Sierra Leone,2018,2767.38003381598,2.8938564123677,-0.183088049292564,41.5,65,91.5,52.5,35.7,7.9,86.3202964836759
SLE,Sierra Leone,2019,2852.66269917494,5.50270937378153,-0.130791753530502,,,,,,,86.2210676719891
SLE,Sierra Leone,2020,2752.62615440121,-1.2533490322766,-0.0947539657354355,,,,,,,87.4636319615755
SLE,Sierra Leone,2021,2849.38865926436,5.8968527047094,-0.066451832652092,,,,,,,86.9520389016352
SLE,Sierra Leone,2022,2934.73326430435,5.3135546141915,-0.14665475487709,,,,,,,86.766097222455
SLE,Sierra Leone,2023,3034.94608285625,5.7100218981806,-0.296392291784286,,,,,,,86.4983984141748
SLE,Sierra Leone,2024,3098.76290609663,4.29322336690163,,,,,,,,86.274163949486
SLE,Sierra Leone,2025,,,,,,,,,,86.0383924506902
SLV,El Salvador,1995,7057.92025248354,4.73408140229732,,19.3,31.7,63.2,30.8,49.8,3.7,38.6189332532773
SLV,El Salvador,1996,7062.30007824136,0.811461899328009,-0.102704912424088,21.2,33.3,64.3,32,51,3.5,39.0882849408196
SLV,El Salvador,1997,7234.94456228435,3.13797006665828,,23.75,34.75,63.599999999999994,33.25,52.7,2.8,38.6973940283857
SLV,El Salvador,1998,7381.114604175,2.65227730016461,0.0431398078799248,26.3,36.2,62.9,34.5,54.4,2.1,38.4564751336962
SLV,El Salvador,1999,7498.46741097206,2.16203373722973,,22.4,32.6,60,31.5,52.1,2.6,38.3640187668857
SLV,El Salvador,2000,7545.44796218991,1.12790697674419,-0.043113961815834,18.4,27.7,56,27.2,51.5,3.2,38.2865693033068
SLV,El Salvador,2001,7580.32338410159,0.879613659882722,,19.4,29.6,57.2,28.5,51.3,3.1,38.7887876437926
SLV,El Salvador,2002,7675.67106195114,1.57291844759789,0.122130692005157,19.5,29.6,56.8,28.7,51.9,3,39.2920381041332
SLV,El Salvador,2003,7780.27177685599,1.56539303147618,0.10748229175806,20.9,29.9,58.4,29.8,50.4,2.9,37.5642014340618
SLV,El Salvador,2004,7841.53237886842,0.889404485692197,0.0246405247598886,16.3,25.9,56.9,26.7,47.8,3.7,36.8247979600149
SLV,El Salvador,2005,8050.5345128919,2.68083009363194,-0.0750127732753754,16.4,26.1,57.1,26.5,48.5,3.9,38.7306991213477
SLV,El Salvador,2006,8404.24674903143,4.3369986028604,0.0966298580169678,12.6,23,56.2,23.9,45.7,4.8,36.5260765952962
SLV,El Salvador,2007,8548.83476118605,1.84760220587859,0.0945089384913445,9.2,18.9,53.1,21.2,45.2,5.2,37.1484872463127
SLV,El Salvador,2008,8704.80584632591,2.15440298282768,0.112083874642849,12.6,23.5,56,24.3,46.9,4.6,37.4422270229547
SLV,El Salvador,2009,8494.49847423621,-2.10876837627522,0.057646669447422,12.4,22.9,56.6,24,45.8,4.9,37.9118651741787
SLV,El Salvador,2010,8648.92982717672,2.15419536693635,0.0715445652604103,11.4,22.1,54.8,23,43.5,5.1,37.6719454250784
SLV,El Salvador,2011,8943.06191543327,3.77358499834686,0.0439497753977776,10.1,20.7,56,22.6,42.3,5.6,37.9353765092752
SLV,El Salvador,2012,9165.42034804478,2.88770010188691,-0.0401937253773212,8.5,18,53.5,20.9,41.8,5.7,37.5444353072407
SLV,El Salvador,2013,9327.56424468351,2.18295232499635,-0.0131475701928139,7.1,16.2,49.1,18.7,43.4,5.5,37.6423762611436
SLV,El Salvador,2014,9451.744607867,1.7293998423459,0.152574792504311,7,15.6,49.3,18.5,41.6,5.8,35.3900603003827
SLV,El Salvador,2015,9646.15432339854,2.40000008852115,0.152256041765213,5.3,13,46.6,16.6,40.6,6.1,36.0008841199992
SLV,El Salvador,2016,9863.76121214453,2.53906241135864,0.188607335090637,5.8,13.5,44.9,16.4,40,5.9,35.9847365975662
SLV,El Salvador,2017,10064.7934942601,2.24761908134138,0.154201969504356,4.5,11.1,42.4,14.8,38,6.4,36.3573999140128
SLV,El Salvador,2018,10297.203612692,2.4124442237792,0.0289855431765318,4.1,10.2,39.1,13.4,38.6,6.2,34.309632917246
SLV,El Salvador,2019,10543.9383291317,2.43747159065784,0.117883883416653,3,7.7,34.7,11.2,38.8,6.3,34.6109339052804
SLV,El Salvador,2020,9692.44931605799,-7.893101359867,0.0697045996785164,4.05,8.75,34.1,11.75,38.9,5.949999999999999,34.9186374995032
SLV,El Salvador,2021,10809.713399518,11.9047617015957,-0.060513261705637,5.1,9.8,33.5,12.3,39,5.6,33.112479940051
SLV,El Salvador,2022,11085.6178074688,2.95461516549889,-0.371244877576828,5.2,9.6,32.7,11.9,38.8,5.6,32.0681011931043
SLV,El Salvador,2023,11424.6459176917,3.5391566928735,-0.474436670541763,4.6,8.6,29.9,10.6,39.8,5.6,31.5097717413482
SLV,El Salvador,2024,11669.0817135644,2.60202016121069,,,,,,,,31.1743630629028
SLV,El Salvador,2025,,,,,,,,,,30.8230989807564
SMR,San Marino,1995,,,,,,,,,,
SMR,San Marino,1996,,,1.28616893291473,,,,,,,
SMR,San Marino,1997,66923.030342425,,,,,,,,,
SMR,San Marino,1998,71024.5594991968,7.4656188605108,1.30419409275055,,,,,,,
SMR,San Marino,1999,76474.1297159699,9.04936014625228,,,,,,,,
SMR,San Marino,2000,77149.4159964233,2.17937971500419,1.32083249092102,,,,,,,
SMR,San Marino,2001,80420.7698522018,5.57834290401968,,,,,,,,
SMR,San Marino,2002,79649.5323827509,0.310800310800303,1.23703944683075,,,,,,,
SMR,San Marino,2003,81688.3786834342,3.87296669248644,1.20097935199738,,,,,,,
SMR,San Marino,2004,80724.8087680421,4.5488441461596,1.17211830615997,,,,,,,
SMR,San Marino,2005,81632.1748989576,2.42510699001426,1.17014455795288,,,,,,,
SMR,San Marino,2006,83781.547393613,3.83008356545962,1.16447603702545,,,,,,,
SMR,San Marino,2007,86785.0181147659,7.10932260228034,1.15891206264496,,,,,,,
SMR,San Marino,2008,85120.2868772716,-0.500939261114581,1.18814706802368,,,,,,,
SMR,San Marino,2009,73093.8317013426,-10.3209565764632,1.1825864315033,,,,,,,
SMR,San Marino,2010,68669.2526491343,-5.47368421052632,1.1658923625946,,,,,,,
SMR,San Marino,2011,64214.1187563371,-8.3147735708983,1.19696378707886,,,,,,,
SMR,San Marino,2012,58176.3777973964,-7.04453441295546,1.20560419559479,,,,,,,
SMR,San Marino,2013,58467.9769550045,-0.78397212543554,1.19639229774475,,,,,,,
SMR,San Marino,2014,58743.5844219421,-0.702370500438988,1.16581618785858,,,,,,,
SMR,San Marino,2015,59647.6594557072,2.29150556129265,1.18983244895935,,,,,,,
SMR,San Marino,2016,60669.8186167521,2.34440586055426,1.19136381149292,,,,,,,
SMR,San Marino,2017,59524.5597904018,0.258265466328027,1.18978536128998,,,,,,,
SMR,San Marino,2018,59194.0442905609,1.49390531817373,1.12325739860535,,,,,,,
SMR,San Marino,2019,60171.0471344217,2.06568514732739,1.16181337833405,,,,,,,
SMR,San Marino,2020,55998.071099456,-6.64791081780605,1.11969041824341,,,,,,,
SMR,San Marino,2021,64745.1316780701,13.8977895076234,1.08734107017517,,,,,,,
SMR,San Marino,2022,70887.573899815,7.89844145767604,1.23140454292297,,,,,,,
SMR,San Marino,2023,70951.7895931976,0.401934896977224,1.24682343006134,,,,,,,
SMR,San Marino,2024,,,,,,,,,,
SMR,San Marino,2025,,,,,,,,,,
SOM,"Somalia, Fed. Rep.",1995,636.662071307674,3.99059641876714,,,,,,,,51.7707761720407
SOM,"Somalia, Fed. Rep.",1996,663.351131548354,8.04601505007427,-1.8921879529953,,,,,,,51.8525198697365
SOM,"Somalia, Fed. Rep.",1997,648.017163551169,1.18049184636855,,,,,,,,51.9181467113924
SOM,"Somalia, Fed. Rep.",1998,662.674857185695,6.58649325359919,-1.81796133518219,,,,,,,51.9040630310521
SOM,"Somalia, Fed. Rep.",1999,682.979123343567,7.3182955039069,,,,,,,,51.8145306206838
SOM,"Somalia, Fed. Rep.",2000,702.850071117611,7.11031431133226,-1.71313965320587,,,,,,,51.6651781007139
SOM,"Somalia, Fed. Rep.",2001,723.37973295051,7.1103143114281,,,,,,,,51.4634906619974
SOM,"Somalia, Fed. Rep.",2002,749.913550912115,7.63026729326369,-1.50747609138489,,,,,,,51.2275695833699
SOM,"Somalia, Fed. Rep.",2003,777.884552733299,7.63026729340694,-1.75101411342621,,,,,,,50.9177097262866
SOM,"Somalia, Fed. Rep.",2004,803.059780580571,7.11031431127853,-1.8110157251358,,,,,,,50.5876430733592
SOM,"Somalia, Fed. Rep.",2005,830.807245939909,7.11031431132103,-1.75917434692383,,,,,,,50.2436190523226
SOM,"Somalia, Fed. Rep.",2006,857.993655901941,6.48637073266447,-1.7624146938324,,,,,,,49.9059986064484
SOM,"Somalia, Fed. Rep.",2007,887.36935223579,6.69435192557005,-1.84848654270172,,,,,,,50.0089018011208
SOM,"Somalia, Fed. Rep.",2008,919.132083452828,6.69435192576573,-1.89333081245422,,,,,,,49.5539869431271
SOM,"Somalia, Fed. Rep.",2009,956.220325392405,6.69435192557317,-2.03949332237244,,,,,,,49.0923328451083
SOM,"Somalia, Fed. Rep.",2010,995.225555512318,6.69435192555878,-2.01058864593506,,,,,,,48.6246895852882
SOM,"Somalia, Fed. Rep.",2011,1054.36214979106,6.69435192565855,-2.01552939414978,,,,,,,48.1335077945999
SOM,"Somalia, Fed. Rep.",2012,1114.80414892809,6.69435192553358,-2.19676351547241,,,,,,,47.7763994563787
SOM,"Somalia, Fed. Rep.",2013,1197.72166459747,10.9592986164747,-2.17499041557312,,,,,,,47.3947902223592
SOM,"Somalia, Fed. Rep.",2014,1259.27432882615,8.97800590573206,-2.1144742965698202,,,,,,,47.0298985999989
SOM,"Somalia, Fed. Rep.",2015,1343.92517439606,10.4621881235166,-2.00183415412903,,,,,,,46.6641931415805
SOM,"Somalia, Fed. Rep.",2016,1384.15517410135,7.03487260042048,-1.91040074825287,,,,,,,46.3520544663466
SOM,"Somalia, Fed. Rep.",2017,1527.66029071672,14.7357956045282,-1.77893698215485,,,,,,,45.9863129751675
SOM,"Somalia, Fed. Rep.",2018,1504.97908203481,2.05431507259452,-1.84680211544037,,,,,,,45.7263116662369
SOM,"Somalia, Fed. Rep.",2019,1491.29493918405,2.80033312513012,-1.85257065296173,,,,,,,45.5444702850766
SOM,"Somalia, Fed. Rep.",2020,1396.05544674978,-2.76455696202532,-1.83582139015198,,,,,,,46.6617912364141
SOM,"Somalia, Fed. Rep.",2021,1392.31782053371,3.44719850031242,-1.74371564388275,,,,,,,46.1279568402807
SOM,"Somalia, Fed. Rep.",2022,1387.54753732191,2.71821202053759,-1.66894209384918,,,,,,,46.1199827529124
SOM,"Somalia, Fed. Rep.",2023,1401.64735228455,4.17524257571303,-1.66268134117126,,,,,,,46.0895176612681
SOM,"Somalia, Fed. Rep.",2024,1409.33492233283,4.11139335779471,,,,,,,,46.041100924009
SOM,"Somalia, Fed. Rep.",2025,,,,,,,,,,45.9730220795318
SRB,Serbia,1995,9444.79079229147,,,,,,,,,35.928479664352
SRB,Serbia,1996,10035.0555901615,6.16496253825672,-1.21580410003662,,,,,,,35.7621490219441
SRB,Serbia,1997,10965.5278855606,8.93321347004755,,,,,,,,35.5282245389099
SRB,Serbia,1998,11598.3788474662,5.34263970320437,-0.973842918872833,,,,,,,35.2354029608596
SRB,Serbia,1999,10438.5043036479,-10.3255055897713,,,,,,,,35.0853124142947
SRB,Serbia,2000,11105.9948800547,6.0550897288645,-0.63773787021637,,,,,,,34.9126074439141
SRB,Serbia,2001,11879.225653864,6.77852279368084,,,,,,,,34.6834069636284
SRB,Serbia,2002,12661.9921205411,6.54104600309256,0.00340562732890248,0.4,1.2,13.7,3.3,32.7,8,34.4177727528783
SRB,Serbia,2003,13273.7451115678,4.55968997935088,-0.120493672788143,0.9,2.2,19.7,4.9,32.8,7.8,34.0836199534882
SRB,Serbia,2004,14194.4239957638,6.68686836863701,-0.176049947738647,1.2,3.6,26.8,7.3,35.5,7.3,33.6622095977583
SRB,Serbia,2005,15077.621172828,5.90349622935489,-0.206954583525658,1.6,4.2,24.7,7,36.5,6.9,33.2135317523254
SRB,Serbia,2006,15727.468589842,3.90066644620993,0.214458927512169,0.9,2.1,19.4,4.6,29.7,8.5,32.7543685474221
SRB,Serbia,2007,17028.1573139848,7.83207023027602,0.305300176143646,0.6,1.6,16.7,4,28.7,8.9,32.2538867524581
SRB,Serbia,2008,17983.3557621585,5.16089327231823,0.281703680753708,0.3,1.1,14.6,3,27.6,9.3,31.7641142566824
SRB,Serbia,2009,17488.1952473271,-3.14261075416574,0.334455043077469,0.6,1.6,16.1,3.7,28,9,30.8923244429888
SRB,Serbia,2010,17841.5052482398,1.61097281449412,0.285615712404251,0.3,2.2,19.8,4.7,29,8.6,31.1314554545562
SRB,Serbia,2011,17986.6586186398,0.0542724836581954,0.278624475002289,3.6999999999999997,6.500000000000001,24.5,8.45,34.45,6.65,28.5643429811022
SRB,Serbia,2012,17993.8893372708,-0.443956070983248,0.198943495750427,7.1,10.8,29.2,12.2,39.9,4.7,28.4204058344184
SRB,Serbia,2013,18163.2800557557,0.451578805330726,0.285443067550659,7.8,12.8,33,13.8,39.4,4.7,28.2572842221001
SRB,Serbia,2014,17922.510092839,-1.80427041681132,0.212573081254959,8.9,13.2,32.9,14.5,40.4,4.3,28.1396206590348
SRB,Serbia,2015,18247.884779382,1.2957386351958,0.231089726090431,8.4,12.3,31.8,13.8,40.5,4.4,26.384807886842
SRB,Serbia,2016,18889.4599757385,2.97519807160826,0.200037345290184,8.1,11.8,29,12.8,38.8,4.5,28.0683656013172
SRB,Serbia,2017,19439.0723263919,2.3634031250553,0.117261581122875,6.6,10,26.2,11,36.1,5.2,27.2580928231229
SRB,Serbia,2018,20454.310707953,4.64935035491007,-0.0147228334099054,4.2,6.4,20.7,7.8,35,5.9,24.6704834461949
SRB,Serbia,2019,21541.2157346761,4.75020793899014,-0.0468242391943932,2.7,4.2,15.1,5.4,34.5,6.4,24.3366747982905
SRB,Serbia,2020,21479.1679289814,-0.950023991851594,-0.120949499309063,2,3.2,12.6,4.4,35,6.6,23.9035890568031
SRB,Serbia,2021,23406.4036315634,7.94905650472278,-0.128316611051559,1.7,2.7,9.4,3.4,33.1,7.1,24.3037407198294
SRB,Serbia,2022,24651.9500494588,2.70347705543654,-0.0982479974627495,2,3.2,10.3,3.8,32.8,6.9,24.0710644765474
SRB,Serbia,2023,25735.2402009063,3.74793303561771,-0.0550001598894596,,,,,,,24.0494455233662
SRB,Serbia,2024,26900.853091323,3.94992622592932,,,,,,,,24.1105838439042
SRB,Serbia,2025,,,,,,,,,,23.894407855894
SSD,South Sudan,1995,,,,,,,,,,82.1377385409644
SSD,South Sudan,1996,,,,,,,,,,82.1067120799658
SSD,South Sudan,1997,,,,,,,,,,81.5155351598713
SSD,South Sudan,1998,,,,,,,,,,81.0205609878268
SSD,South Sudan,1999,,,,,,,,,,80.7063537944466
SSD,South Sudan,2000,,,,,,,,,,80.4746794864322
SSD,South Sudan,2001,,,,,,,,,,80.3094331948779
SSD,South Sudan,2002,,,,,,,,,,80.1949136199655
SSD,South Sudan,2003,,,,,,,,,,80.0935975289859
SSD,South Sudan,2004,,,,,,,,,,80.0582405861693
SSD,South Sudan,2005,,,,,,,,,,80.0456942029499
SSD,South Sudan,2006,,,,,,,,,,79.995692277832
SSD,South Sudan,2007,,,,,,,,,,79.924407430712
SSD,South Sudan,2008,,,,,,,,,,79.8830403536594
SSD,South Sudan,2009,,5.04164187983342,,44.9,59.2,84.9,51.6,46.3,3.9,80.332793435217
SSD,South Sudan,2010,,5.49341639529945,,,,,,,,80.4532176615233
SSD,South Sudan,2011,,-4.64031673600859,-1.11408913135529,,,,,,,80.7741314107578
SSD,South Sudan,2012,,-46.0821223743007,-1.33308959007263,,,,,,,82.2352754484683
SSD,South Sudan,2013,,13.1297311406943,-1.44244801998138,,,,,,,82.8148364133026
SSD,South Sudan,2014,,3.37364847715736,-1.61885190010071,,,,,,,82.7410626395525
SSD,South Sudan,2015,,-10.7933646271143,-1.59575200080872,,,,,,,82.8557631732366
SSD,South Sudan,2016,,,-1.79887795448303,76.5,88,97.6,73.2,44,4.9,82.985290998798
SSD,South Sudan,2017,,,-1.82432925701141,,,,,,,82.6444067150927
SSD,South Sudan,2018,,,-1.98890864849091,,,,,,,82.0676985980013
SSD,South Sudan,2019,,,-1.98758935928345,,,,,,,81.4697594840917
SSD,South Sudan,2020,,,-1.81119692325592,,,,,,,81.7321582386401
SSD,South Sudan,2021,,,-1.71924078464508,,,,,,,81.1156511767052
SSD,South Sudan,2022,,,-1.69699263572693,,,,,,,80.5251263012678
SSD,South Sudan,2023,,,-1.68417978286743,,,,,,,80.2629920494231
SSD,South Sudan,2024,,,,,,,,,,
SSD,South Sudan,2025,,,,,,,,,,
STP,Sao Tome and Principe,1995,3802.29132302174,2.00000170678776,,,,,,,,41.5211016192784
STP,Sao Tome and Principe,1996,3801.08164933857,1.50000107570656,0.325054943561554,,,,,,,41.3190529875986
STP,Sao Tome and Principe,1997,3784.7902343178,0.996320930540918,,,,,,,,41.1793702631093
STP,Sao Tome and Principe,1998,3828.99823839083,2.49998790327494,0.514014363288879,,,,,,,40.9399224806202
STP,Sao Tome and Principe,1999,3878.13108525246,2.50000625631461,,,,,,,,40.6441626480919
STP,Sao Tome and Principe,2000,3852.89042721453,0.448368261692949,0.477989196777344,17.3,36.3,78.2,35.3,32.1,8,40.3881104531864
STP,Sao Tome and Principe,2001,3907.0192818698,3.06448295788719,,,,,,,,40.0035054919374
STP,Sao Tome and Principe,2002,3942.76040695115,3.360188168222,0.555894732475281,,,,,,,39.75397889582
STP,Sao Tome and Principe,2003,4161.63833167542,8.29151946119818,0.244709223508835,,,,,,,39.4633873672443
STP,Sao Tome and Principe,2004,4202.56186898775,3.5379059435684,0.109614260494709,,,,,,,39.1417707767518
STP,Sao Tome and Principe,2005,4371.49721644128,6.61462475033599,0.0617349781095982,,,,,,,38.761833847463
STP,Sao Tome and Principe,2006,4644.18044669991,8.86610935944026,0.272127598524094,,,,,,,38.2299412407051
STP,Sao Tome and Principe,2007,4698.08416961839,3.64147185166024,0.191135600209236,,,,,,,37.727959697733
STP,Sao Tome and Principe,2008,4873.1813112046,6.2287850696102,0.18475578725338,,,,,,,37.44258770644
STP,Sao Tome and Principe,2009,4919.19529822865,3.30239966645061,0.156031414866447,,,,,,,36.7509162739778
STP,Sao Tome and Principe,2010,4882.04796466341,1.44845522890635,0.123737595975399,18.9,39.8,83,38.5,30.8,8.4,36.4738546968996
STP,Sao Tome and Principe,2011,4876.47315792145,1.99943210333259,0.248113557696342,,,,,,,36.2136578769438
STP,Sao Tome and Principe,2012,4919.55294386577,2.94294277416023,0.180133849382401,,,,,,,36.1001490835745
STP,Sao Tome and Principe,2013,5072.11200195866,5.11967735428513,0.135052412748337,,,,,,,35.8708581138488
STP,Sao Tome and Principe,2014,5223.09572886388,4.90621048664867,0.32161557674408,,,,,,,35.5418211784095
STP,Sao Tome and Principe,2015,5210.2037755431,1.5397042826735,0.279920190572739,,,,,,,35.3311165418052
STP,Sao Tome and Principe,2016,5388.5091334891,5.17682468684113,0.36065188050270103,,,,,,,35.0550776536531
STP,Sao Tome and Principe,2017,5521.20249597413,4.11297966281954,0.297468543052673,13,30.5,70,30.1,40.7,6.4,34.7584276039499
STP,Sao Tome and Principe,2018,5674.72379094011,4.37812808264972,0.138965800404549,,,,,,,34.5227938721762
STP,Sao Tome and Principe,2019,5702.08347071236,2.01431672129407,0.368671476840973,,,,,,,34.282173707038
STP,Sao Tome and Principe,2020,5742.94724858826,2.62485949543812,0.36712634563446,,,,,,,35.9070244903945
STP,Sao Tome and Principe,2021,5732.69456061536,1.89929891337832,0.339944750070572,,,,,,,35.3679165491965
STP,Sao Tome and Principe,2022,5632.13890715047,0.168698492216564,0.276601284742355,,,,,,,35.2300323799244
STP,Sao Tome and Principe,2023,5541.3016760535,0.372252775001456,0.252305746078491,,,,,,,35.1354019282024
STP,Sao Tome and Principe,2024,5491.29829852275,1.09999940100751,,,,,,,,35.0775256011042
STP,Sao Tome and Principe,2025,,,,,,,,,,34.9899598393575
SUR,Suriname,1995,16368.311360582,0,,,,,,,,13.7467367293661
SUR,Suriname,1996,16184.4999295065,1.00000122281456,-0.0914219319820404,,,,,,,17.0561316595995
SUR,Suriname,1997,16754.3511427064,5.6999976832949,,,,,,,,18.2327744462122
SUR,Suriname,1998,16789.7549005356,2.30000165105389,0.17081980407238,,,,,,,17.1564064004329
SUR,Suriname,1999,16217.5173031438,-1.4000004700581,,20.6,28.5,46.9,27.6,57.5,1.2,17.4384931935409
SUR,Suriname,2000,16220.1790603262,2.09999886750489,0.442086488008499,,,,,,,17.6527022705469
SUR,Suriname,2001,16556.9440609927,4.20000042083539,,,,,,,,17.8227130386988
SUR,Suriname,2002,16678.0718706582,2.80000068850687,0.494850069284439,,,,,,,18.1865096020862
SUR,Suriname,2003,17383.5015505612,6.29999943314137,0.326033353805542,,,,,,,18.2345994882898
SUR,Suriname,2004,18585.5170864176,8.50000018479413,0.114305287599564,,,,,,,18.2271136198796
SUR,Suriname,2005,19220.2839696605,4.50000021086888,0.129616141319275,,,,,,,18.150061500615
SUR,Suriname,2006,20113.6707547695,5.79354358463304,0.511488795280457,,,,,,,18.0113346727038
SUR,Suriname,2007,20902.1391589279,5.11148777773458,0.556039929389954,,,,,,,17.8930069071194
SUR,Suriname,2008,21515.8119551093,4.14340681165626,0.60561341047287,,,,,,,17.858832245747
SUR,Suriname,2009,21906.4105447498,3.01369898266211,0.44483208656311,,,,,,,17.8791765927555
SUR,Suriname,2010,22772.4754543689,5.16882515225814,0.383502691984177,,,,,,,17.968417241673
SUR,Suriname,2011,23829.5332856393,5.84936767173009,0.380300343036652,,,,,,,18.0644656955989
SUR,Suriname,2012,24193.8412373922,2.69034974668847,0.340863466262817,,,,,,,18.2186483020757
SUR,Suriname,2013,24624.0219854601,2.9334416518612,0.356965273618698,,,,,,,18.4271478588742
SUR,Suriname,2014,24414.3554759734,0.255503031645475,0.516815304756165,,,,,,,18.6571629623602
SUR,Suriname,2015,23327.5252497447,-3.41304268067621,0.411247223615646,,,,,,,19.0979286218718
SUR,Suriname,2016,21950.4122148625,-4.91166050905851,0.414863556623459,,,,,,,19.3036260295482
SUR,Suriname,2017,22070.5137570835,1.56603782534897,0.430003643035889,,,,,,,19.4536674391395
SUR,Suriname,2018,22938.5353715545,4.94827108468886,0.296294182538986,,,,,,,19.5492755422349
SUR,Suriname,2019,22966.7405999124,1.16758977233877,0.362840116024017,,,,,,,19.6085019483268
SUR,Suriname,2020,19091.3617184226,-15.9751917148622,0.414326220750809,,,,,,,19.3949498430558
SUR,Suriname,2021,18458.234999681,-2.43538583612838,0.3690465092659,,,,,,,18.7338249491236
SUR,Suriname,2022,18742.5873760369,2.40622235601218,0.369401544332504,2.2,4.6,20.9,6.6,39.2,5.9,18.8820662207092
SUR,Suriname,2023,19020.8663908707,2.41659223498058,0.353224784135818,,,,,,,18.853572870583
SUR,Suriname,2024,19179.1018321639,1.72095737011739,,,,,,,,18.6672861106731
SUR,Suriname,2025,,,,,,,,,,18.376346082436
SVK,Slovak Republic,1995,15811.9246441708,5.8434942995335,,,,,,,,8.20005865650574
SVK,Slovak Republic,1996,16744.0673884448,6.11957878556568,0.644221544265747,1.7,2.7,9.5,3.3,26.3,8.9,8.10708655196314
SVK,Slovak Republic,1997,17630.0397577195,5.48584018546269,,,,,,,,7.69041561678173
SVK,Slovak Republic,1998,18280.0501282626,3.82610773560614,0.710790991783142,,,,,,,7.27160288925215
SVK,Slovak Republic,1999,18174.9801324587,-0.473261209621114,,,,,,,,7.89246684056345
SVK,Slovak Republic,2000,18343.237153675,0.78922447792516,0.848681509494781,,,,,,,8.13619492995794
SVK,Slovak Republic,2001,18914.3903304531,2.92516077248489,,,,,,,,8.52939455815691
SVK,Slovak Republic,2002,19757.0677888993,4.41725348271514,0.976482391357422,,,,,,,8.78663686620708
SVK,Slovak Republic,2003,20730.249479935,4.85669851591319,0.931504726409912,,,,,,,9.33801495568854
SVK,Slovak Republic,2004,21851.9549601873,5.38949856996771,0.947524964809418,0.2,1.1,10.2,2.6,27.1,8.7,9.99217776084283
SVK,Slovak Republic,2005,23266.7570493442,6.48493222274386,0.89995676279068,0.3,1,6.4,1.7,29.3,8.7,10.4643862108391
SVK,Slovak Republic,2006,25342.3099268358,8.92568704770216,0.93112325668335,0.3,0.8,4.2,1.3,25.8,9.3,10.9316069138003
SVK,Slovak Republic,2007,28075.8072794998,10.8186295074904,0.947436213493347,0.6,1,3.8,1.3,24.7,9.5,11.4091987641676
SVK,Slovak Republic,2008,29556.2617975695,5.36337721231949,0.935453057289124,0.5,1.2,4.6,1.4,26,9.2,11.5648430550915
SVK,Slovak Republic,2009,27891.8969419417,-5.50533790972226,0.876306593418121,0.6,1.1,4.6,1.5,27.2,8.6,12.4085689546104
SVK,Slovak Republic,2010,29758.1740140117,6.79058159142423,0.910946249961853,0.6,1.2,4.6,1.4,27.3,8.5,12.8425346650569
SVK,Slovak Republic,2011,30481.377866428,2.56242473215553,0.965979039669037,0.6,0.9,3.5,1.3,26.5,8.7,12.8677089021333
SVK,Slovak Republic,2012,30907.039248956,1.56917104702706,0.973016917705536,0.5,1.1,5,1.7,26.1,8.6,12.8711021710862
SVK,Slovak Republic,2013,31090.9880191144,0.703323545247201,0.959501922130585,0.4,1.4,5,1.7,28.1,8.3,12.8696196859551
SVK,Slovak Republic,2014,31901.9424982702,2.70795151449488,0.959563910961151,0.9,1.9,5.2,2.1,26.1,8.4,12.4795729988755
SVK,Slovak Republic,2015,33521.5954764975,5.17687909722133,0.965466558933258,0.8,1.3,5,1.7,26.5,8.5,12.4714316446743
SVK,Slovak Republic,2016,34130.5050676203,1.94781841524558,0.961435556411743,1.5,2.2,4.8,2.3,25.2,8.7,12.6787550670292
SVK,Slovak Republic,2017,35057.2223763167,2.87473327453695,0.912068963050842,0.6,1.3,3,1.2,23.2,9.4,12.4594216744778
SVK,Slovak Republic,2018,36430.794170419496,4.06211981896483,0.847067475318909,0.5,1.3,3.8,1.4,25,8.8,12.3161043536917
SVK,Slovak Republic,2019,37209.5332553073,2.27589910019393,0.861327171325684,0.2,0.5,2.5,0.8,23.2,9.5,12.4733257375334
SVK,Slovak Republic,2020,36216.4002110814,-2.58551241733207,0.879534602165222,0.3,0.5,2.3,0.7,24.2,9.1,12.4747441106597
SVK,Slovak Republic,2021,38346.0935768177,5.6558588065555,0.904362618923187,0.3,0.8,2.8,1,24.1,9.1,12.0801465035228
SVK,Slovak Republic,2022,38664.9076949851,0.544591632137454,0.889783501625061,0.7,1.7,6.6,2.3,24.1,8.4,12.3414458607171
SVK,Slovak Republic,2023,39518.2209359245,2.11263633214959,0.912476003170013,0.5,0.8,4.1,1.3,23.8,9.1,12.4017512016968
SVK,Slovak Republic,2024,40319.0547230873,1.93867445549446,,,,,,,,11.8354436540986
SVK,Slovak Republic,2025,,,,,,,,,,11.7598145050877
SVN,Slovenia,1995,24718.0238296539,4.10715835567808,,,,,,,,16.4086203588714
SVN,Slovenia,1996,25454.1256098664,2.91361775262531,1.27535271644592,,,,,,,16.2664456030492
SVN,Slovenia,1997,26806.4627835709,5.17133827310541,,0.2,0.2,1,0.3,24.1,10.1,18.4874868230976
SVN,Slovenia,1998,27688.0929526812,3.06382595802013,1.20461094379425,0,0,0,0,28.4,9.1,18.4277371216174
SVN,Slovenia,1999,29125.8913263147,5.26800700427259,,0.2,0.2,1.2,0.3,24,10.1,17.4815446055225
SVN,Slovenia,2000,30055.5726465546,3.49791942086068,1.10754191875458,0.16666666666666669,0.16666666666666669,1.2,0.3,25.7,9.633333333333333,16.2282211660981
SVN,Slovenia,2001,30857.1122043437,2.82868479430465,,0.13333333333333336,0.13333333333333336,1.2,0.3,27.400000000000002,9.166666666666666,16.6381755800986
SVN,Slovenia,2002,31830.5553226686,3.28258371393918,1.13046002388,0.1,0.1,1.2,0.3,29.1,8.7,15.8983742774177
SVN,Slovenia,2003,32827.7514419462,3.19503117236037,1.12496137619019,0,0,1.9,0.2,30.9,8.2,15.2110034871927
SVN,Slovenia,2004,34298.1277435263,4.54602214352336,1.11238861083984,0.1,0.2,0.6,0.2,24.8,9.8,16.3620249072764
SVN,Slovenia,2005,35558.3777419198,3.8541277114569,1.09229040145874,0.1,0.2,0.6,0.2,24.6,9.9,15.8202440249268
SVN,Slovenia,2006,37539.459301666,5.90878130011174,1.06961452960968,0.1,0.1,0.5,0.1,24.4,10,15.7383953970157
SVN,Slovenia,2007,39995.2052938397,7.1392312914716,1.06297087669373,0,0.1,0.3,0.1,24.4,10,15.3531864493792
SVN,Slovenia,2008,41278.6090856341,3.37223866114127,1.0173647403717,0,0,0.2,0,23.7,10.2,14.4092832298573
SVN,Slovenia,2009,37802.0880186755,-7.59058614046387,1.05512344837189,0,0,0.3,0.1,24.8,9.9,15.7939838161255
SVN,Slovenia,2010,38056.1815241775,1.11213719306735,1.04863810539246,0,0,0.2,0,24.9,9.7,15.4826470098405
SVN,Slovenia,2011,38226.1255489903,0.655438128379743,1.05691814422607,0,0,0.3,0.1,24.9,9.7,14.8156992766563
SVN,Slovenia,2012,37033.7667541886,-2.91553782040462,0.999778091907501,0,0,0.5,0.1,25.6,9.4,14.5430835611988
SVN,Slovenia,2013,36678.8746642096,-0.823776417691676,1.00185775756836,0,0.1,0.6,0.1,26.2,9.2,15.3233834125503
SVN,Slovenia,2014,37655.1979898073,2.76283327639742,0.956069827079773,0,0,0.3,0.1,25.7,9.4,16.4774622190543
SVN,Slovenia,2015,38527.4222549683,2.39330621338168,0.986833035945892,0,0,0.4,0.1,25.4,9.6,14.5917012980378
SVN,Slovenia,2016,39667.4579830072,3.03441486663654,1.01090347766876,0,0,0.3,0.1,24.8,9.7,12.7815368110266
SVN,Slovenia,2017,41692.836279788,5.17440215579958,1.00673377513885,0,0,0.1,0,24.2,10,13.0605447220858
SVN,Slovenia,2018,43361.094447431,4.37908347331195,0.970165312290192,0,0,0.2,0,24.6,10.1,12.8872104569205
SVN,Slovenia,2019,44569.5878416535,3.50525332381912,0.977372527122498,0,0,0.1,0,24.4,10.1,11.5474620778702
SVN,Slovenia,2020,42463.5635346194,-4.08500094942896,0.932139754295349,0,0,0.1,0,24,10.3,11.5403921376583
SVN,Slovenia,2021,45914.0572392406,8.41686457725321,0.904861509799957,0,0,0.1,0,24.3,10.2,11.2005471802566
SVN,Slovenia,2022,47050.0676441642,2.66850555542486,0.976333498954773,0,0.1,0.2,0.1,24.3,10.2,11.1881036393213
SVN,Slovenia,2023,47977.4268117652,2.3758326648385,1.07909941673279,0,0,0.1,0,24.7,10,10.9647991555924
SVN,Slovenia,2024,48648.9078834081,1.73139722479493,,,,,,,,10.7672749413442
SVN,Slovenia,2025,,,,,,,,,,10.6054014521866
SWE,Sweden,1995,40736.4273400135,4.09438992772475,,0.5,0.7,1.7,0.7,25.2,9.5,10.0049597066258
SWE,Sweden,1996,41364.9857254278,1.70471985374236,1.51839065551758,,,,,,,9.95644821009307
SWE,Sweden,1997,42608.4136690457,3.06499186399252,,,,,,,,9.55783879600798
SWE,Sweden,1998,44392.8449919299,4.24583179417877,1.53684067726135,,,,,,,9.24652409084755
SWE,Sweden,1999,46221.8079937232,4.20111929805536,,,,,,,,9.21693305330817
SWE,Sweden,2000,48284.8001841043,4.63112136551369,1.57328855991364,0.2,0.2,0.7,0.2,27,9.6,8.83491288401708
SWE,Sweden,2001,48810.644590655,1.36080642694121,,0.2,0.2,0.5,0.3,26.5,9.8,8.46955963411775
SWE,Sweden,2002,49760.2161636006,2.27772867861897,1.50778388977051,0,0.2,0.5,0.2,26.2,9.7,8.42356267468423
SWE,Sweden,2003,50507.9330738641,1.88102769675844,1.54860532283783,0.4,0.6,1.1,0.6,25.3,9.4,8.14186259716065
SWE,Sweden,2004,52412.411275873,4.17958419343711,1.73924720287323,0.5,0.6,1.1,0.6,26.1,9.3,8.17640395509125
SWE,Sweden,2005,53661.3178643623,2.79313782840156,1.58447277545929,1.1,1.3,1.9,1.3,26.8,8.7,8.13942977275786
SWE,Sweden,2006,55855.4978279347,4.67607488877992,1.48571825027466,0.4,0.6,1.1,0.6,26.4,9.2,8.14175862455872
SWE,Sweden,2007,57230.7901610156,3.22486814096095,1.51013612747192,0.5,0.6,1,0.6,27.1,8.9,7.99765084972964
SWE,Sweden,2008,56262.4700751994,-0.923113250067971,1.52016663551331,0.7,0.8,1.2,0.8,28.1,8.6,7.83128232566435
SWE,Sweden,2009,53411.2005853182,-4.25561384207619,1.54603838920593,0.5,0.8,1.2,0.7,27.3,8.6,8.06355847588136
SWE,Sweden,2010,56003.2704715511,5.75076477579255,1.54272592067719,0.6,0.9,1.4,0.8,27.7,8.6,8.2208205677918
SWE,Sweden,2011,57340.5039813247,3.16388567406926,1.61295545101166,0.7,0.9,1.5,0.8,27.6,8.5,7.81902514980134
SWE,Sweden,2012,56682.0187013753,-0.414397702454409,1.69035804271698,0.5,0.6,1.2,0.7,27.6,8.5,7.85516991332714
SWE,Sweden,2013,56843.1649263734,1.13766671801426,1.65803611278534,0.7,0.8,1.4,0.8,28.8,8.1,7.95406884459979
SWE,Sweden,2014,57574.0500485264,2.29577238758284,1.61101567745209,0.5,0.7,1.2,0.7,28.4,8.4,7.77281432725019
SWE,Sweden,2015,59468.3538687625,4.38824673608589,1.56545448303223,0.6,0.8,1.2,0.7,29.2,8.2,7.68505802669591
SWE,Sweden,2016,59977.3886010694,2.13117914731151,1.56508469581604,0.4,0.5,1,0.5,29.6,8.1,7.48049551789
SWE,Sweden,2017,60288.7998168676,1.88282184966646,1.56944692134857,0.3,0.3,0.8,0.4,28.8,8.3,7.36701250653476
SWE,Sweden,2018,60647.449528586,1.7702553546772,1.58079731464386,0.9,0.9,1.5,1,30,7.8,7.22337017397752
SWE,Sweden,2019,61601.6292338778,2.60823012869524,1.5590580701828,0.4,0.4,1,0.5,29.3,8.1,7.29201365305831
SWE,Sweden,2020,59975.3644061895,-1.93379704032216,1.49804127216339,0.5,0.5,1,0.5,28.9,8.2,7.45304045903179
SWE,Sweden,2021,62731.700616293,5.2258643028773,1.49274754524231,0.6,0.9,1.5,0.9,29.8,7.8,7.27547146058212
SWE,Sweden,2022,63088.4236678734,1.25543620445816,1.52612793445587,1.3,1.4,1.7,1.3,31.6,7.4,7.08441503324903
SWE,Sweden,2023,62662.7652797761,-0.204061304891439,1.57483160495758,0.8,0.9,1.5,0.9,29.3,7.9,7.03710979747757
SWE,Sweden,2024,62978.9390459835,0.820071806703865,,,,,,,,6.94901143325659
SWE,Sweden,2025,,,,,,,,,,6.8744609748154
SWZ,Eswatini,1995,5693.82195381247,4.82565115428272,,,,,,,,37.225568202748
SWZ,Eswatini,1996,5796.65255180591,3.84205386908532,-1.32670652866364,,,,,,,37.0267433637089
SWZ,Eswatini,1997,5876.80341246512,3.10280509010417,,,,,,,,36.7890940374561
SWZ,Eswatini,1998,5952.85422728074,2.60403956156969,-1.23620164394379,,,,,,,36.6596830419626
SWZ,Eswatini,1999,6062.34805111048,2.95087531226599,,,,,,,,36.563007807643
SWZ,Eswatini,2000,6106.07478740465,1.76017342169806,-1.46237552165985,65,76.7,90.4,62.8,53.1,4.5,36.4636270774082
SWZ,Eswatini,2001,6135.45299954297,1.41221393287066,,,,,,,,36.3882387053667
SWZ,Eswatini,2002,6335.81351839193,4.0886479398829,-1.4021463394165,,,,,,,36.2433035248994
SWZ,Eswatini,2003,6578.30152863605,4.53865525672528,-1.53022968769073,,,,,,,36.1711297313874
SWZ,Eswatini,2004,6775.2217412302,3.61711931922247,-1.46496891975403,,,,,,,36.012061910105
SWZ,Eswatini,2005,7142.1921864324,5.99228289096037,-1.49486601352692,,,,,,,35.7778042969249
SWZ,Eswatini,2006,7584.72030617794,6.72880946564094,-1.25129222869873,,,,,,,35.530909837749
SWZ,Eswatini,2007,7866.73073455273,4.31772144872362,-1.35168290138245,,,,,,,35.2247209428117
SWZ,Eswatini,2008,7926.37961138221,1.44055358727118,-1.31965696811676,,,,,,,35.0311879613261
SWZ,Eswatini,2009,7988.59750005303,1.43311134247756,-1.27179145812988,58.2,69.8,88.1,59.2,51.4,4,34.8254928714085
SWZ,Eswatini,2010,8245.64153332215,3.82443487429767,-1.32532727718353,,,,,,,34.6041578639294
SWZ,Eswatini,2011,8350.89190932865,1.83973625916165,-1.31542539596558,,,,,,,34.5359121687053
SWZ,Eswatini,2012,8645.84478287802,4.09048190124592,-1.28168439865112,,,,,,,34.2915566791835
SWZ,Eswatini,2013,8951.05749805891,4.09458522119226,-1.2620735168457,,,,,,,34.0973155342642
SWZ,Eswatini,2014,9084.49405780635,2.05738179246586,-1.33563554286957,,,,,,,33.8887494172076
SWZ,Eswatini,2015,9186.65344720515,1.70425806017289,-1.39337575435638,,,,,,,33.7458734234361
SWZ,Eswatini,2016,9402.50834103681,2.94916821059911,-1.43275570869446,44.5,58.3,79.3,49.1,54.6,3.7,33.5794506992548
SWZ,Eswatini,2017,9660.55161538086,3.52095345987983,-1.45139133930206,,,,,,,32.9339506888999
SWZ,Eswatini,2018,9578.10061089805,0.0653956557843571,-1.36871898174286,,,,,,,32.249732047159704
SWZ,Eswatini,2019,10099.5863118406,6.43186888691574,-1.34368431568146,,,,,,,31.4191919008918
SWZ,Eswatini,2020,9695.82498058755,-2.9518345340928702,-1.32920229434967,,,,,,,31.0914093549374
SWZ,Eswatini,2021,9990.43491951205,4.23621913615419,-1.28953385353088,,,,,,,30.0613307737083
SWZ,Eswatini,2022,9927.60567008139,0.386070835562705,-1.22105753421783,,,,,,,29.3830998910646
SWZ,Eswatini,2023,10181.5040730397,3.53257662836211,-1.16463816165924,,,,,,,28.7408919322272
SWZ,Eswatini,2024,10380.3966630516,2.97391075973985,,,,,,,,28.5935386113967
SWZ,Eswatini,2025,,,,,,,,,,28.3769245692316
SXM,Sint Maarten (Dutch part),1995,,,,,,,,,,
SXM,Sint Maarten (Dutch part),1996,,,,,,,,,,
SXM,Sint Maarten (Dutch part),1997,,,,,,,,,,
SXM,Sint Maarten (Dutch part),1998,,,,,,,,,,
SXM,Sint Maarten (Dutch part),1999,,,,,,,,,,
SXM,Sint Maarten (Dutch part),2000,,,,,,,,,,
SXM,Sint Maarten (Dutch part),2001,,,,,,,,,,
SXM,Sint Maarten (Dutch part),2002,,,,,,,,,,
SXM,Sint Maarten (Dutch part),2003,,,,,,,,,,
SXM,Sint Maarten (Dutch part),2004,,,,,,,,,,
SXM,Sint Maarten (Dutch part),2005,,,,,,,,,,
SXM,Sint Maarten (Dutch part),2006,,,,,,,,,,
SXM,Sint Maarten (Dutch part),2007,,,,,,,,,,
SXM,Sint Maarten (Dutch part),2008,,,,,,,,,,
SXM,Sint Maarten (Dutch part),2009,50980.9400838983,,,,,,,,,
SXM,Sint Maarten (Dutch part),2010,52140.59965779,3.19999269219366,,,,,,,,
SXM,Sint Maarten (Dutch part),2011,53786.2462000327,4.60000341415395,,,,,,,,
SXM,Sint Maarten (Dutch part),2012,53357.003462797,1.39054456773131,,,,,,,,
SXM,Sint Maarten (Dutch part),2013,52801.4031054792,1.30673103459678,,,,,,,,
SXM,Sint Maarten (Dutch part),2014,52439.4736756048,1.58038221539113,,,,,,,,
SXM,Sint Maarten (Dutch part),2015,51375.6032503737,0.105813149997005,,,,,,,,
SXM,Sint Maarten (Dutch part),2016,50817.6814942681,0.96775836306881,,,,,,,,
SXM,Sint Maarten (Dutch part),2017,46088.3583839152,-7.53521399882428,,,,,,,,
SXM,Sint Maarten (Dutch part),2018,42154.1020267504,-6.85698299227944,,,,,,,,
SXM,Sint Maarten (Dutch part),2019,45996.7912346922,10.9650009352392,,,,,,,,
SXM,Sint Maarten (Dutch part),2020,39265.7616790568,-13.3167887221567,,,,,,,,
SXM,Sint Maarten (Dutch part),2021,40507.0672411717,4.57759677933345,,,,,,,,
SXM,Sint Maarten (Dutch part),2022,45515.6523389272,13.9,,,,,,,,
SXM,Sint Maarten (Dutch part),2023,46571.0886504628,3.8,,,,,,,,
SXM,Sint Maarten (Dutch part),2024,47303.194758482,3.00000000000014,,,,,,,,
SXM,Sint Maarten (Dutch part),2025,,,,,,,,,,
SYC,Seychelles,1995,16552.4547815231,0.485036699253456,,,,,,,,
SYC,Seychelles,1996,17942.1733036627,9.99794595219808,0.122146733105183,,,,,,,
SYC,Seychelles,1997,19895.1422188431,12.193641751411,,,,,,,,
SYC,Seychelles,1998,19991.2293154949,2.4674409352512,0.129361435770988,,,,,,,
SYC,Seychelles,1999,19969.3513746174,1.87200510893879,,1.8,3.5,17.7,5.2,42.8,5.7,
SYC,Seychelles,2000,20633.6746950761,4.25319834931828,0.0441329218447208,,,,,,,
SYC,Seychelles,2001,20147.4187656167,-2.27116288552982,,,,,,,,
SYC,Seychelles,2002,19777.7525249721,1.21283290259314,0.113340295851231,,,,,,,
SYC,Seychelles,2003,18825.2206936189,-5.88712848764477,0.0756622776389122,,,,,,,
SYC,Seychelles,2004,18356.4711447212,-2.8504539768538,0.32329398393631,,,,,,,
SYC,Seychelles,2005,19917.1194534221,9.0057617374238,0.174468666315079,,,,,,,
SYC,Seychelles,2006,21341.8597526003,9.40612855732827,0.0870519354939461,0.6,3.3,22.8,6.3,42.8,5.8,
SYC,Seychelles,2007,23117.8555224771,8.87606645570879,0.0640959367156029,,,,,,,
SYC,Seychelles,2008,21990.3685269705,-2.72594626154864,-0.00513157015666366,,,,,,,
SYC,Seychelles,2009,21361.1307875284,-2.47937594726137,0.0398970805108547,,,,,,,
SYC,Seychelles,2010,21708.7554506566,4.50513204312067,0.10165674239397,,,,,,,
SYC,Seychelles,2011,24406.4129764105,9.5097833517957,0.0178980901837349,,,,,,,
SYC,Seychelles,2012,24919.955210328,3.1106784939243,0.0508295893669128,,,,,,,
SYC,Seychelles,2013,24770.6514591794,1.25373496242949,0.0200760662555695,1.6,3.6,12,4.2,46.8,5.4,
SYC,Seychelles,2014,25379.4180707013,4.0636918123521,-0.0498686283826828,,,,,,,
SYC,Seychelles,2015,27032.2083880002,8.9140088750469,0.0784763544797897,,,,,,,
SYC,Seychelles,2016,29905.1347389952,12.1175272453913,0.157837554812431,,,,,,,
SYC,Seychelles,2017,31595.6680570505,6.95416218794271,0.187435284256935,,,,,,,
SYC,Seychelles,2018,32841.4242467381,4.93947272254312,0.192306637763977,0.7,1.4,8.4,2.6,32.1,7.1,
SYC,Seychelles,2019,34346.0708923483,5.5142920737342,0.312127530574799,,,,,,,
SYC,Seychelles,2020,30056.1994300968,-11.7398608281732,0.48148387670517,,,,,,,
SYC,Seychelles,2021,29979.8272686091,0.552281631207279,0.630645036697388,,,,,,,
SYC,Seychelles,2022,27978.1770550937,12.7104688902836,0.596247971057892,,,,,,,
SYC,Seychelles,2023,28635.3563581744,2.25925322283285,0.556410670280457,,,,,,,
SYC,Seychelles,2024,29241.7758048825,3.46568066415341,,,,,,,,
SYC,Seychelles,2025,,,,,,,,,,
SYR,Syrian Arab Republic,1995,7431.354210148,7.02658954303115,,,,,,,,45.3559339708901
SYR,Syrian Arab Republic,1996,7943.44060493443,9.82556940470964,-1.40375399589539,1.2,6,41.8,11.8,35.2,7.8,44.5693257830317
SYR,Syrian Arab Republic,1997,8126.36577647131,5.0238045081104,,,,,,,,43.9350632223124
SYR,Syrian Arab Republic,1998,8456.78287525056,6.78530452433867,-1.55923461914062,,,,,,,43.1488292542645
SYR,Syrian Arab Republic,1999,7951.39014713749,-3.55344987109004,,,,,,,,42.773383227858
SYR,Syrian Arab Republic,2000,7807.92995548742,0.675642589410501,-1.62586569786072,,,,,,,42.5309221610693
SYR,Syrian Arab Republic,2001,7698.3969367866,1.04728710191981,,,,,,,,42.4189686563884
SYR,Syrian Arab Republic,2002,7811.81601910972,3.95483192702744,-1.62320375442505,,,,,,,41.1990031658493
SYR,Syrian Arab Republic,2003,8177.54506854394,7.20443505274413,-1.62107467651367,0.5,3.1,29.7,7.7,37.5,7.2,39.8437351045261
SYR,Syrian Arab Republic,2004,8528.65604597154,6.90295943489203,-1.50578105449677,0.33333333333333337,4.166666666666666,30.366666666666667,8.4,38.36666666666667,6.833333333333333,38.4084757213544
SYR,Syrian Arab Republic,2005,8828.94590461523,6.21507783539282,-1.50819897651672,0.16666666666666669,5.2333333333333325,31.03333333333333,9.100000000000001,39.233333333333334,6.466666666666667,36.6554056829291
SYR,Syrian Arab Republic,2006,8885.80539630373,5.04619555585526,-1.75781285762787,0,6.3,31.7,9.8,40.1,6.1,35.0018185488859
SYR,Syrian Arab Republic,2007,8829.30906367425,5.67459177685805,-1.78191101551056,0,6.133333333333333,31.8,9.766666666666667,40.2,6.166666666666666,37.7678985103848
SYR,Syrian Arab Republic,2008,8903.77225264131,4.47667273608019,-1.72432065010071,0,5.966666666666667,31.9,9.733333333333333,40.3,6.233333333333333,31.0351737584413
SYR,Syrian Arab Republic,2009,9284.10162126587,5.91204279337705,-1.69282829761505,0,5.8,32,9.7,40.4,6.3,34.1909418556565
SYR,Syrian Arab Republic,2010,9546.56048805399,5.19190584075331,-1.6966712474823,,,,,,,32.5970492709212
SYR,Syrian Arab Republic,2011,9648.82426718361,2.8500028435797,-1.80628085136414,,,,,,,32.9356533716409
SYR,Syrian Arab Republic,2012,7144.37244952745,-26.3390170772532,-1.8442211151123,,,,,,,33.9368816533561
SYR,Syrian Arab Republic,2013,5530.97472757035,-26.3000876615061,-1.83504939079285,,,,,,,35.9569747846481
SYR,Syrian Arab Republic,2014,5301.62535257941,-10.310339909053,-1.8783552646637,,,,,,,37.4914907363948
SYR,Syrian Arab Republic,2015,5302.07413721497,-4.179791613232,-1.92252731323242,,,,,,,38.1040881240954
SYR,Syrian Arab Republic,2016,5022.1127178437,-6.4055907393619,-1.98698210716248,,,,,,,38.7448700749437
SYR,Syrian Arab Republic,2017,4977.79210063798,-0.723281777470547,-1.9697140455246,,,,,,,38.9692717078294
SYR,Syrian Arab Republic,2018,4956.09296464777,1.39317607830837,-1.96841883659363,,,,,,,39.0509739373421
SYR,Syrian Arab Republic,2019,4825.40602053761,1.22070522070523,-1.99274742603302,,,,,,,39.0248302528256
SYR,Syrian Arab Republic,2020,4633.34951847728,-0.697154504235129,-1.93074858188629,,,,,,,39.5129176419703
SYR,Syrian Arab Republic,2021,4592.83860100874,1.85421590064124,-1.91174566745758,,,,,,,38.870032035463304
SYR,Syrian Arab Republic,2022,4454.85373271464,0.732781301861365,-1.89541697502136,16.5,39.3,87.9,39.3,26.6,9.2,39.105087522778
SYR,Syrian Arab Republic,2023,,,-1.85418260097504,,,,,,,38.8330069583425
SYR,Syrian Arab Republic,2024,,,,,,,,,,38.8423845666035
SYR,Syrian Arab Republic,2025,,,,,,,,,,38.864117664967
TCA,Turks and Caicos Islands,1995,,,,,,,,,,
TCA,Turks and Caicos Islands,1996,,,,,,,,,,
TCA,Turks and Caicos Islands,1997,,,,,,,,,,
TCA,Turks and Caicos Islands,1998,,,,,,,,,,
TCA,Turks and Caicos Islands,1999,,,,,,,,,,
TCA,Turks and Caicos Islands,2000,,,,,,,,,,
TCA,Turks and Caicos Islands,2001,,,,,,,,,,
TCA,Turks and Caicos Islands,2002,,,,,,,,,,
TCA,Turks and Caicos Islands,2003,,,,,,,,,,
TCA,Turks and Caicos Islands,2004,,,,,,,,,,
TCA,Turks and Caicos Islands,2005,,,,,,,,,,
TCA,Turks and Caicos Islands,2006,,,,,,,,,,
TCA,Turks and Caicos Islands,2007,21878.8206013071,,,,,,,,,
TCA,Turks and Caicos Islands,2008,22689.3160133769,8.27189312486149,,,,,,,,
TCA,Turks and Caicos Islands,2009,17512.1977777876,-19.5502467595022,,,,,,,,
TCA,Turks and Caicos Islands,2010,17000.2227766463,0.984924853810682,,,,,,,,
TCA,Turks and Caicos Islands,2011,17147.424764127,4.62049892978239,,,,,,,,
TCA,Turks and Caicos Islands,2012,16024.6915652254,-2.66655562053364,,,,,,,,
TCA,Turks and Caicos Islands,2013,15461.873511271,1.07088049554032,,,,,,,,
TCA,Turks and Caicos Islands,2014,16138.8487604249,8.71129580824217,,,,,,,,
TCA,Turks and Caicos Islands,2015,17201.7720345933,11.3148293929929,,,,,,,,
TCA,Turks and Caicos Islands,2016,17625.7202843515,7.25118627570265,,,,,,,,
TCA,Turks and Caicos Islands,2017,29540.3537473151,74.5879880544188,,,,,,,,
TCA,Turks and Caicos Islands,2018,30286.1196112151,6.75264845178367,,,,,,,,
TCA,Turks and Caicos Islands,2019,30611.2130237381,4.98170549382992,,,,,,,,
TCA,Turks and Caicos Islands,2020,19702.5368196855,-33.8170973434652,,,,,,,,
TCA,Turks and Caicos Islands,2021,25056.4880515569,29.6293781722414,,,,,,,,
TCA,Turks and Caicos Islands,2022,28209.6242536079,14.0871234168153,,,,,,,,
TCA,Turks and Caicos Islands,2023,31839.3705381969,13.7311481139228,,,,,,,,
TCA,Turks and Caicos Islands,2024,33390.5267148059,5.63682517443362,,,,,,,,
TCA,Turks and Caicos Islands,2025,,,,,,,,,,
TCD,Chad,1995,1591.14154056727,1.23654931823651,,,,,,,,94.8225736857413
TCD,Chad,1996,1555.91392488298,2.21447303231241,-0.99362987279892,,,,,,,94.8455099493355
TCD,Chad,1997,1588.09860417439,5.65339233100983,,,,,,,,94.7800034320781
TCD,Chad,1998,1641.05715328512,6.95157991199449,-0.97202205657959,,,,,,,94.6180566544783
TCD,Chad,1999,1573.58531389989,-0.682850218939151,,,,,,,,94.5056726371722
TCD,Chad,2000,1506.71577205515,-0.879681024403922,-0.978057503700256,,,,,,,94.468900635742
TCD,Chad,2001,1626.56683129334,11.6581346546737,,,,,,,,94.2626901912917
TCD,Chad,2002,1704.27295147382,8.49120981920397,-0.940512537956238,,,,,,,94.0136655133053
TCD,Chad,2003,1878.58578619738,14.7216670128899,-1.10341620445251,66.7,81.8,96.2,66.6,39.8,6.3,93.6480237407132
TCD,Chad,2004,2400.97004980577,33.6293718505196,-1.23052859306335,,,,,,,92.8530016680432
TCD,Chad,2005,2705.816508357,17.3325337353466,-1.3077164888382,,,,,,,92.1121987363261
TCD,Chad,2006,2596.03235458563,-0.542829570704413,-1.4184205532074,,,,,,,91.536749069184
TCD,Chad,2007,2613.47387385213,4.20017418206496,-1.45132219791412,,,,,,,91.1208137619633
TCD,Chad,2008,2601.36125803518,3.08119033861925,-1.44590663909912,,,,,,,90.8353423881989
TCD,Chad,2009,2474.70758351267,-1.40828262674047,-1.39856195449829,,,,,,,90.7542098533414
TCD,Chad,2010,2717.40540184377,13.6738272741836,-1.36032783985138,,,,,,,90.4538375496253
TCD,Chad,2011,2741.07083398912,4.49542966941512,-1.35003161430359,45.2,63.7,88.5,53.5,43.3,4.9,90.2648038182054
TCD,Chad,2012,2886.27474563711,9.0618039227671,-1.34274756908417,,,,,,,90.0903958186481
TCD,Chad,2013,2864.1130140853,2.83821524768997,-1.37478041648865,,,,,,,90.0592776652026
TCD,Chad,2014,2820.67795067436,2.06283074347695,-1.33087944984436,,,,,,,89.8914112441496
TCD,Chad,2015,2822.57929900236,3.30415979759636,-1.33516001701355,,,,,,,89.7647452724175
TCD,Chad,2016,2622.59780843796,-4.12250332670322,-1.36306011676788,,,,,,,89.9028795974783
TCD,Chad,2017,2496.26213644007,-1.61746922760291,-1.37168288230896,,,,,,,90.1058284991472
TCD,Chad,2018,2552.37036388576,5.74111580758154,-1.46530628204346,41.9,63.2,90.1,51.9,37.5,7.1,89.959194458676
TCD,Chad,2019,2604.53153663392,5.3828220290379,-1.4343535900116,,,,,,,90.0631793376349
TCD,Chad,2020,2513.02922729008,-0.393646583111035,-1.40327632427216,,,,,,,90.5674811443671
TCD,Chad,2021,2435.07274651099,0.29344264815208,-1.41166150569916,,,,,,,89.9933634890617
TCD,Chad,2022,2449.48251052484,4.12969897676332,-1.47125339508057,39.5,61.4,89.5,51.2,37.4,6.9,89.9818572181358
TCD,Chad,2023,2433.09879153397,3.98004368401293,-1.43493866920471,,,,,,,90.1074267881898
TCD,Chad,2024,2412.865855392,4.19925854085865,,,,,,,,90.175386856805
TCD,Chad,2025,,,,,,,,,,90.224285798179
TGO,Togo,1995,2036.38159822696,7.84583232329818,,,,,,,,82.5307494151073
TGO,Togo,1996,2135.45581609458,8.83621162979911,-0.986241638660431,,,,,,,82.3970168385481
TGO,Togo,1997,2366.40275146203,14.3773775724317,,,,,,,,82.121129508047
TGO,Togo,1998,2247.34887088094,-2.29987657013699,-1.12488889694214,,,,,,,82.0046160272521
TGO,Togo,1999,2238.93514971661,2.48175143834959,,,,,,,,81.8693755350707
TGO,Togo,2000,2160.98936671986,-0.783479610048047,-1.12596011161804,,,,,,,81.7839571545281
TGO,Togo,2001,2122.08047449583,0.823438752111855,,,,,,,,81.7712793500423
TGO,Togo,2002,2147.97438337226,3.82662257675142,-1.38355255126953,,,,,,,81.7196325603711
TGO,Togo,2003,2234.9772223053,6.72017142336034,-1.18086850643158,,,,,,,81.6210233501365
TGO,Togo,2004,2157.02751991461,-0.978665332738743,-1.231241106987,,,,,,,81.5844561564686
TGO,Togo,2005,2004.25858232153,-4.66629938413338,-1.22173345088959,,,,,,,81.6294315580731
TGO,Togo,2006,2000.54176015054,2.65013209943473,-1.19514667987823,67.2,79.8,94.8,65.7,42.2,6.1,81.6256359546877
TGO,Togo,2007,1920.26928670654,-1.1751368996605,-1.0676943063736,,,,,,,81.6427331685432
TGO,Togo,2008,1941.15486668393,4.03561315398862,-0.988219559192657,,,,,,,81.6641933300631
TGO,Togo,2009,1989.82990346963,5.45381096920332,-0.978557884693146,,,,,,,81.6064649324821
TGO,Togo,2010,2049.78055930203,5.85433399076879,-0.952039062976837,,,,,,,81.4795363739095
TGO,Togo,2011,2111.47483429916,5.82325622135289,-0.903721451759338,65.2,77.5,93.6,65,46,4.8,81.2913168903166
TGO,Togo,2012,2186.30951971437,6.30271426865185,-0.995809435844421,,,,,,,81.1038035673548
TGO,Togo,2013,2254.98838359616,5.82425069283059,-0.904566287994385,,,,,,,80.8185915014099
TGO,Togo,2014,2322.40408294543,5.63323739145223,-0.766875028610229,,,,,,,80.5090782429062
TGO,Togo,2015,2388.42609861568,5.4680413807304,-0.70099675655365,61.5,76,94.2,63.3,43,5.1,80.2507813639408
TGO,Togo,2016,2427.30036226403,4.21490387414525,-0.545822978019714,52.7,68.76666666666667,90.83333333333333,57.699999999999996,42.833333333333336,5.333333333333333,79.9173963692734
TGO,Togo,2017,2462.27744935268,4.00791259566937,-0.625110149383545,43.900000000000006,61.53333333333333,87.46666666666667,52.1,42.666666666666664,5.566666666666666,79.5206668772319
TGO,Togo,2018,2517.34898693009,4.79518333086139,-0.759019196033478,35.1,54.3,84.1,46.5,42.5,5.8,79.0881662731161
TGO,Togo,2019,2577.51616831372,4.92283321360694,-0.730398118495941,34.86666666666667,54.63333333333333,85,46.766666666666666,40.96666666666667,6.133333333333333,78.7441430230892
TGO,Togo,2020,2570.48315208534,2.16228657424364,-0.75061160326004,34.63333333333333,54.96666666666666,85.89999999999999,47.03333333333333,39.43333333333333,6.466666666666667,79.0328036929024
TGO,Togo,2021,2638.81095267963,5.12890113701732,-0.793219268321991,34.4,55.3,86.8,47.3,37.9,6.8,77.3754575438599
TGO,Togo,2022,2739.68813234711,6.29443692019429,-0.755017638206482,,,,,,,75.9643653484896
TGO,Togo,2023,2842.23076240747,6.19211576941919,-0.782707870006561,,,,,,,75.7108704513656
TGO,Togo,2024,2960.77542569109,6.53204505563791,,,,,,,,75.4593427790663
TGO,Togo,2025,,,,,,,,,,75.0281718322232
THA,Thailand,1995,11953.920382867,8.12031534625378,,,,,,,,62.0213008293855
THA,Thailand,1996,12456.3290857417,5.65194446499471,0.310659021139145,6.4,19.4,58.6,22.4,42.9,6.2,60.3650537874618
THA,Thailand,1997,11952.8491238372,-2.75357515314082,,6.050000000000001,19.1,57.45,22.049999999999997,42.2,6.300000000000001,60.6790997192261
THA,Thailand,1998,10897.1533831339,-7.63403528600102,0.382473677396774,5.7,18.8,56.3,21.7,41.5,6.4,61.5251314157212
THA,Thailand,1999,11253.3874955905,4.57230775115542,,8.3,22.6,60.6,24.5,43.1,6.1,59.4171308338833
THA,Thailand,2000,11622.5250278537,4.45524704335014,0.467802941799164,8.4,23.1,61.2,24.8,42.8,6.2,59.548129013531
THA,Thailand,2001,11901.3182104659,3.44424900968372,,6.550000000000001,19.6,57.25,22.200000000000003,42.349999999999994,6.25,57.2372741975669
THA,Thailand,2002,12512.1831324963,6.14903605210036,0.321516633033752,4.7,16.1,53.3,19.6,41.9,6.3,57.3295406513314
THA,Thailand,2003,13287.3048987459,7.18924330340971,0.218241095542908,3.9000000000000004,14,50,17.9,42.2,6.199999999999999,56.6771886572708
THA,Thailand,2004,13997.0013867292,6.28934214285795,0.126583278179169,3.1,11.9,46.7,16.2,42.5,6.1,53.583412836229
THA,Thailand,2005,14458.2551810694,4.18763842884337,-0.0982957854866982,2.6500000000000004,10.15,43.1,14.5,42.15,6.05,53.6765006109511
THA,Thailand,2006,15051.0606748719,4.96781089246107,-0.739193975925446,2.2,8.4,39.5,12.8,41.8,6,53.8176024608438
THA,Thailand,2007,15742.6552891781,5.43515169050809,-0.562502324581146,1.3,6.5,37.4,11.4,39.8,6.5,55.4387969757383
THA,Thailand,2008,15891.7823409885,1.72569884866334,-0.529666900634766,1,5.2,35.2,10.4,40.3,6.4,54.6707750689738
THA,Thailand,2009,15665.9031153449,-0.690618232300579,-0.455878525972366,0.8,4.4,32.2,9.2,39.6,6.5,53.0593254359251
THA,Thailand,2010,16730.3697884488,7.51339053261624,-0.495821505784988,0.7,3.8,30,8.1,39.4,6.6,52.7124341125342
THA,Thailand,2011,16766.3477057883,0.840132083053334,-0.405181705951691,0.3,2,25.5,6.2,37.5,7.2,55.3811294752686
THA,Thailand,2012,17869.6376607459,7.24279620249642,-0.32114115357399,0.4,2.3,24.9,6.2,39.3,6.7,55.9679533802875
THA,Thailand,2013,18242.4256715363,2.68749556320556,-0.429994702339172,0.2,1.7,21.8,5.2,37.8,6.9,54.8578460659682
THA,Thailand,2014,18324.6144674875,0.984468863619426,-0.874908924102783,0.2,1.4,20.9,4.8,37,7.1,49.6768223947998
THA,Thailand,2015,18811.9975100064,3.13404724911635,-0.969038724899292,0.1,0.8,16.9,3.4,36,7.5,48.7320077388859
THA,Thailand,2016,19370.6087810117,3.43515771692182,-1.022944688797,0.1,1,17.9,3.8,36.7,7.3,48.1136717457096
THA,Thailand,2017,20094.6778762603,4.1776810321001,-1.04547691345215,0.1,0.8,17.2,3.6,36.4,7.3,47.8973036683746
THA,Thailand,2018,20879.9027821449,4.22287028746071,-1.017458319664,0.1,0.9,17.8,3.9,36.4,7.2,48.7818153109021
THA,Thailand,2019,21277.8392684764,2.11455779628278,-0.846085667610168,0.1,0.6,15.2,3,34.9,7.7,47.7419198534858
THA,Thailand,2020,19957.257140917,-6.05003846851622,-0.809261918067932,0.1,0.6,15.1,3.1,35,7.5,48.0926725618564
THA,Thailand,2021,20242.7700035656,1.55216608426647,-0.789397776126862,0,0.5,14.1,2.8,34.9,7.6,50.3658119706045
THA,Thailand,2022,20762.7952598527,2.58037874709827,-0.620351493358612,0,0.2,9.9,1.7,34.3,7.7,49.729756400914
THA,Thailand,2023,21191.4540309274,2.01775095328327,-0.450371354818344,0,0.1,9.9,1.7,33.5,7.9,49.7201215492207
THA,Thailand,2024,21740.5403219261,2.54182067735289,,,,,,,,48.1425368175888
THA,Thailand,2025,,,,,,,,,,47.9825312969094
TJK,Tajikistan,1995,1439.50277584065,-12.416322231899,,,,,,,,25.9045249947577
TJK,Tajikistan,1996,1175.79407235242,-16.6999984353389,-1.64583265781403,,,,,,,26.5514767934875
TJK,Tajikistan,1997,1181.28110133633,1.68067413588066,,,,,,,,27.1428000741259
TJK,Tajikistan,1998,1236.67552895556,5.31286765940042,-1.50525808334351,,,,,,,27.6153825892847
TJK,Tajikistan,1999,1275.82249026045,3.69955071665851,,79.4,92.6,99.4,72.8,29.5,8.3,27.6342491666255
TJK,Tajikistan,2000,1365.23327447129,8.32432449473859,-1.38280534744263,,,,,,,27.7225378045299
TJK,Tajikistan,2001,1467.39882474638,9.58083617842951,,,,,,,,27.5097344098287
TJK,Tajikistan,2002,1594.93890470219,10.8000037591665,-1.1117959022522,,,,,,,27.2979880662076
TJK,Tajikistan,2003,1736.64039749855,10.9999990780572,-1.14990878105164,56,76.2,96.4,61,32.7,7.9,27.033785908314
TJK,Tajikistan,2004,1878.28696227255,10.2999989410117,-1.22227311134338,37.2,59.7,90.5,50.7,33.6,7.8,26.9152506991871
TJK,Tajikistan,2005,1965.30020458256,6.69999851655409,-1.26609790325165,32.86666666666667,55.86666666666667,90.23333333333333,48.63333333333333,33.13333333333333,7.666666666666667,26.9187889082958
TJK,Tajikistan,2006,2063.288508243,7.00000321108996,-1.35194134712219,28.533333333333335,52.03333333333334,89.96666666666667,46.56666666666667,32.66666666666667,7.533333333333333,26.7504588853347
TJK,Tajikistan,2007,2181.89798056536,7.80000011872161,-1.29212081432343,24.2,48.2,89.7,44.5,32.2,7.4,26.6184289029488
TJK,Tajikistan,2008,2308.09430040334,7.89999827154939,-1.35568141937256,19.95,42.650000000000006,85.85,40.55,31.5,7.9,29.0270039148294
TJK,Tajikistan,2009,2349.50030269416,3.90000114826496,-1.33212602138519,15.7,37.1,82,36.6,30.8,8.4,31.5734738131595
TJK,Tajikistan,2010,2449.27358745359,6.49999908585235,-1.43107783794403,,,,,,,31.2997948760221
TJK,Tajikistan,2011,2572.48074895498,7.40000059956709,-1.38084805011749,,,,,,,31.1958457916342
TJK,Tajikistan,2012,2700.09546037358,7.49999946321525,-1.42240357398987,,,,,,,30.9649507973375
TJK,Tajikistan,2013,2828.38542075147,7.39999974700379,-1.5042804479599,,,,,,,30.7529508062865
TJK,Tajikistan,2014,2943.08867917317,6.70000069016253,-1.49567449092865,,,,,,,30.4690108291947
TJK,Tajikistan,2015,3041.44479553257,6.01930331771186,-1.56938183307648,13.3,29.8,74.1,31.5,34,7.4,30.2575356134657
TJK,Tajikistan,2016,3169.9667820524,6.89999999999999,-1.68984246253967,,,,,,,29.907070862064
TJK,Tajikistan,2017,3312.71202243506,7.10000041864309,-1.72194194793701,,,,,,,29.7177066416321
TJK,Tajikistan,2018,3479.69235966041,7.5999988895536,-1.6990247964859,,,,,,,29.398749476801
TJK,Tajikistan,2019,3649.88375518646,7.40000016310556,-1.79590904712677,,,,,,,29.1702576642148
TJK,Tajikistan,2020,3724.7489591466,4.40000111553493,-1.77792489528656,,,,,,,28.9916333364029
TJK,Tajikistan,2021,3985.91247611219,9.39999955037523,-1.70138382911682,9.1,22.6,64.9,25.5,32.4,7.6,28.7102798037506
TJK,Tajikistan,2022,4213.75618362687,8.00000033846364,-1.6736581325531,8.9,18.9,59.7,22.8,39.5,6.4,28.466627579727
TJK,Tajikistan,2023,4472.3241378777,8.29999921651935,-1.63467013835907,7.3,18.1,55.7,20.8,38,6.6,28.5289289452113
TJK,Tajikistan,2024,4755.93296704719,8.39999980983981,,6.1,16.9,55.4,20.5,36.1,7.1,28.2506304116917
TJK,Tajikistan,2025,,,,,,,,,,27.9775370719876
TKM,Turkmenistan,1995,4493.42793310683,-7.2000409344549,,,,,,,,38.2541850077449
TKM,Turkmenistan,1996,4712.83357844039,6.69999216064754,-1.57728278636932,,,,,,,38.5317135371766
TKM,Turkmenistan,1997,4105.36902304428,-11.4000002276613,,,,,,,,38.8371573414011
TKM,Turkmenistan,1998,4323.30168204311,7.10000034386493,-1.65626657009125,35.1,55.6,84.6,46.7,40.8,6.1,38.9879607989474
TKM,Turkmenistan,1999,4945.08541988288,16.4999994972271,,,,,,,,38.9120522070397
TKM,Turkmenistan,2000,5112.52948147352,5.46906413252854,-1.69253444671631,,,,,,,38.7202840987633
TKM,Turkmenistan,2001,5228.80329286491,4.34384571432727,,,,,,,,38.3977935988712
TKM,Turkmenistan,2002,5138.87117760604,0.257179925006284,-1.93202567100525,,,,,,,38.1164586036316
TKM,Turkmenistan,2003,5203.8543813176,3.26882855955344,-1.9572502374649,,,,,,,37.79674817518
TKM,Turkmenistan,2004,5360.22429910532,5.00040743766748,-1.98201262950897,,,,,,,37.4227304293229
TKM,Turkmenistan,2005,5945.95239804804,13.034034870022,-2.0011305809021,,,,,,,36.9107285515124
TKM,Turkmenistan,2006,6476.82805700551,10.9733083254017,-2.08871555328369,,,,,,,36.3171235709096
TKM,Turkmenistan,2007,7060.14844993043,11.05929947045,-2.15612840652466,,,,,,,35.6280210076927
TKM,Turkmenistan,2008,7944.99590073106,14.7,-2.10970687866211,,,,,,,34.9556307638715
TKM,Turkmenistan,2009,8264.86534322735,6.10000011485643,-2.08251118659973,,,,,,,34.2871349259306
TKM,Turkmenistan,2010,8842.33283585112,9.19999998805483,-2.04029369354248,,,,,,,33.6545435765934
TKM,Turkmenistan,2011,9929.68934634645,14.6999999278723,-2.16572093963623,,,,,,,33.039984078613
TKM,Turkmenistan,2012,10794.2335233663,11.0999999615545,-2.25042843818665,,,,,,,32.4505207829223
TKM,Turkmenistan,2013,11633.2905987757,10.200000101399,-2.21650719642639,,,,,,,31.9180930780941
TKM,Turkmenistan,2014,12544.3983464061,10.2999999705459,-2.25926470756531,,,,,,,31.4381369547712
TKM,Turkmenistan,2015,13057.8303253557,6.49999990951666,-2.23770475387573,,,,,,,31.0326920548666
TKM,Turkmenistan,2016,13552.8477118745,6.1999999664301,-2.17106986045837,,,,,,,30.689600297774
TKM,Turkmenistan,2017,14107.6671199289,6.50000004682975,-2.16016387939453,,,,,,,30.3998710659558
TKM,Turkmenistan,2018,14648.135352725,6.19999994137119,-2.15293836593628,,,,,,,30.1461192725785
TKM,Turkmenistan,2019,15231.3056176565,6.30000004226711,-2.18394660949707,,,,,,,29.9088611766437
TKM,Turkmenistan,2020,15791.1775857601,5.900000048526,-2.02786159515381,,,,,,,29.415563976255
TKM,Turkmenistan,2021,16434.1399060353,6.20000001747076,-1.90989995002747,,,,,,,29.02926029527
TKM,Turkmenistan,2022,17119.5744946142,6.19999993621698,-1.94626450538635,,,,,,,28.7938838195637
TKM,Turkmenistan,2023,17866.4041809169,6.30015758549871,-1.88326275348663,,,,,,,28.552110037468
TKM,Turkmenistan,2024,18662.298799056,6.2994265836889,,,,,,,,28.4015745226903
TKM,Turkmenistan,2025,,,,,,,,,,28.2736092398179
TLS,Timor-Leste,1995,2891.86465034636,6.68126470624202,,,,,,,,62.1864035666236
TLS,Timor-Leste,1996,3038.23043686518,7.9821850008766,-1.72341060638428,,,,,,,61.93634597391
TLS,Timor-Leste,1997,3073.97043709665,3.99999400523568,,,,,,,,61.7417320377964
TLS,Timor-Leste,1998,2931.48088622558,-1.99999615720213,-1.70044696331024,,,,,,,61.923939778901
TLS,Timor-Leste,1999,2136.64950009543,-35.4524312251332,,,,,,,,61.6915749908872
TLS,Timor-Leste,2000,3783.78349040621,58.078100510636,-0.130789056420326,,,,,,,61.3208203472841
TLS,Timor-Leste,2001,4038.33583266948,16.3476915812463,,55.7,74.3,95.1,60.1,35.9,7.3,60.9616868418778
TLS,Timor-Leste,2002,3480.98860481918,-6.7006946888999,0.267976731061935,,,,,,,60.7939151546428
TLS,Timor-Leste,2003,3264.94649227443,-2.18226723759027,0.165442883968353,,,,,,,60.846624665496
TLS,Timor-Leste,2004,3234.97572893373,0.400000000000006,-0.0935148894786835,,,,,,,60.9809590270163
TLS,Timor-Leste,2005,3263.94469592966,2.9845905125044,-0.210176095366478,,,,,,,60.9652401547298
TLS,Timor-Leste,2006,3038.95253397881,-4.11609279328982,0.057441633194685,,,,,,,61.0141765191672
TLS,Timor-Leste,2007,3256.56973696199,10.2653784307473,0.148541197180748,60.1,81.9,98.5,63.3,27.8,9.5,60.9268703093869
TLS,Timor-Leste,2008,3530.88221940661,11.3948084309167,0.217161998152733,,,,,,,60.627460089428
TLS,Timor-Leste,2009,3792.3582606223,10.146951414355,0.097796842455864,,,,,,,60.3086757720594
TLS,Timor-Leste,2010,4047.24946392086,9.33149806305823,0.0616596676409245,,,,,,,59.9809475575493
TLS,Timor-Leste,2011,4189.79980348341,5.95855501570803,0.132830247282982,,,,,,,59.4351995968739
TLS,Timor-Leste,2012,4297.91482204398,4.86062134121768,0.0963445156812668,,,,,,,59.0717880892024
TLS,Timor-Leste,2013,4340.27851790544,3.10436980963603,0.0911240950226784,,,,,,,58.5247470298645
TLS,Timor-Leste,2014,4445.3594272103,4.47249922937381,0.148768439888954,43.9,71.3,96,56,28.7,9.4,58.3563134583365
TLS,Timor-Leste,2015,4467.80011988177,2.48003785368208,0.186081275343895,,,,,,,58.0281785501947
TLS,Timor-Leste,2016,4515.4226379882,3.00993358093274,0.220640152692795,,,,,,,57.7844485410127
TLS,Timor-Leste,2017,4290.02726532164,-3.18241515376397,0.342965990304947,,,,,,,57.8885788857889
TLS,Timor-Leste,2018,4188.84115175127,-0.466502371512661,0.321408063173294,,,,,,,57.9307817668103
TLS,Timor-Leste,2019,5103.14962872555,24.2128789232326,0.356010109186172,,,,,,,57.0387833472251
TLS,Timor-Leste,2020,6594.88175503901,31.7257429812373,0.36991474032402,,,,,,,57.6282097263376
TLS,Timor-Leste,2021,6825.04588630745,5.36980163959615,0.450999140739441,,,,,,,57.1812068676051
TLS,Timor-Leste,2022,5348.49200064987,-20.5224785561874,0.489791989326477,,,,,,,57.3174735632498
TLS,Timor-Leste,2023,4331.07806144305,-18.135905003556,0.433426916599274,,,,,,,58.8010507517096
TLS,Timor-Leste,2024,3890.95763434187,-9.10069369772735,,,,,,,,58.7958082616923
TLS,Timor-Leste,2025,,,,,,,,,,58.6305321515206
TON,Tonga,1995,5508.33934627723,6.22816022763234,,,,,,,,40.6261531038006
TON,Tonga,1996,5510.7084261902,0.0929181768768501,0.226543545722961,,,,,,,40.4348198236755
TON,Tonga,1997,5455.90517573817,-0.600537843483892,,,,,,,,40.4129709380258
TON,Tonga,1998,5541.68325773841,2.2925765040134,0.249043971300125,,,,,,,40.3107368659806
TON,Tonga,1999,5632.72252396599,2.30246259770198,,,,,,,,40.1804850535815
TON,Tonga,2000,5808.26509143352,3.75409745006452,0.217144221067429,4.6,9.7,40.5,13.9,37.7,6.3,40.0477393990452
TON,Tonga,2001,5860.08077786935,1.49248125545273,,,,,,,,39.9584876023785
TON,Tonga,2002,6085.11323193626,4.4292235994526,-0.0244121737778187,,,,,,,39.828963970279
TON,Tonga,2003,6053.8798660639,0.0518054450729011,0.0618866458535194,,,,,,,39.6985631133481
TON,Tonga,2004,5900.45741291394,-1.96794740326561,-0.189794227480888,,,,,,,39.6798138710392
TON,Tonga,2005,5828.37054398018,-0.657650703495165,-0.0545144379138947,,,,,,,39.6969696969697
TON,Tonga,2006,5670.9141842869,-2.16566342680382,-0.0254304427653551,,,,,,,39.8950907868191
TON,Tonga,2007,5506.65177833752,-2.46430779100223,-0.171447739005089,,,,,,,39.908589864229
TON,Tonga,2008,5758.56828665219,4.86284132376997,-0.0302958749234676,,,,,,,39.873417721519
TON,Tonga,2009,5453.87514548883,-5.12917819150532,-0.0469018258154392,3.6,10.8,45.4,15.2,37.5,6.7,39.8852762216207
TON,Tonga,2010,5488.75040326595,0.824396914081831,0.29281359910965,,,,,,,39.8354152147108
TON,Tonga,2011,5847.44389420769,6.70369746238768,0.321024298667908,,,,,,,39.6486892995273
TON,Tonga,2012,5907.26711603507,0.919761024923076,0.336211621761322,,,,,,,39.4978154161497
TON,Tonga,2013,5951.69432111238,0.393922530137331,0.458553701639175,,,,,,,39.4541751527495
TON,Tonga,2014,6096.86914784745,1.99053625497055,0.663710832595825,,,,,,,39.321718167872
TON,Tonga,2015,6194.63923003718,1.11374405685874,0.661607205867767,4,15.1,55.3,19,33.5,7.7,39.1226276968977
TON,Tonga,2016,6639.13678737964,6.59870436118344,0.642538845539093,,,,,,,38.7427552385199
TON,Tonga,2017,6862.66870605024,3.2023165092282,0.60276859998703,,,,,,,38.3036014809828
TON,Tonga,2018,6885.10271620406,0.527827266310538,0.65431421995163,,,,,,,37.9293852862568
TON,Tonga,2019,6858.83871210154,-0.285208794735084,0.632581472396851,,,,,,,37.0820496876855
TON,Tonga,2020,6980.41011734068,1.80618735341196,0.689357697963715,,,,,,,36.5055053030084
TON,Tonga,2021,6929.17669288438,-0.934926303735025,0.787848353385925,0.4,1.8,26.7,6.2,27.1,9.3,35.3781512605042
TON,Tonga,2022,6810.60970632543,-2.12854452405193,0.850071787834167,,,,,,,34.7327907864971
TON,Tonga,2023,7030.41917439715,2.79014366862668,0.870985329151154,,,,,,,34.0405849000298
TON,Tonga,2024,,,,,,,,,,33.9423222104787
TON,Tonga,2025,,,,,,,,,,33.6964768002913
TTO,Trinidad and Tobago,1995,13912.3133299045,3.80991314364765,,,,,,,,21.466092088336
TTO,Trinidad and Tobago,1996,14838.9026529676,7.13447746480871,0.687231183052063,,,,,,,20.1125196407238
TTO,Trinidad and Tobago,1997,15895.2438763164,7.52285462627518,,,,,,,,19.4064309369519
TTO,Trinidad and Tobago,1998,17129.0911444686,8.1245639965458,0.839022397994995,,,,,,,18.4204653566521
TTO,Trinidad and Tobago,1999,18440.5741312908,8.02481764350063,,,,,,,,19.0852534518469
TTO,Trinidad and Tobago,2000,19637.5545410721,6.90135959072803,0.566399753093719,,,,,,,18.2772670963406
TTO,Trinidad and Tobago,2001,20366.753132212,4.16852398185424,,,,,,,,18.12886857282
TTO,Trinidad and Tobago,2002,21876.8529070403,7.93670968715332,0.566648781299591,,,,,,,17.4398474898199
TTO,Trinidad and Tobago,2003,24910.823196152,14.4409895389734,0.613744556903839,,,,,,,17.0497811259289
TTO,Trinidad and Tobago,2004,26757.9075601429,7.95005151069972,0.574701726436615,,,,,,,16.5143624092115
TTO,Trinidad and Tobago,2005,29536.4394101096,6.20893787954175,0.613131701946259,,,,,,,16.2394568380214
TTO,Trinidad and Tobago,2006,33348.7507470886,13.2080586051735,0.608323812484741,,,,,,,16.1874640598045
TTO,Trinidad and Tobago,2007,34793.6457521105,4.75420970092722,0.545622229576111,,,,,,,16.3361229789479
TTO,Trinidad and Tobago,2008,35825.3333456362,3.39173707807387,0.533641874790192,,,,,,,16.4063519622953
TTO,Trinidad and Tobago,2009,34212.2683057008,-4.3917292474614,0.554204344749451,,,,,,,16.6512621560875
TTO,Trinidad and Tobago,2010,35145.1253639062,3.32322471027371,0.523346245288849,,,,,,,16.5562121259138
TTO,Trinidad and Tobago,2011,34769.7620251376,-0.294354409043763,0.520742893218994,,,,,,,17.3327096966136
TTO,Trinidad and Tobago,2012,36903.6898574094,6.71074625448722,0.501116394996643,,,,,,,15.8997311632638
TTO,Trinidad and Tobago,2013,37994.0686480473,3.36819291689019,0.4822678565979,,,,,,,16.231676235981
TTO,Trinidad and Tobago,2014,39248.6570516023,3.67086851032413,0.473095655441284,,,,,,,16.7910122348162
TTO,Trinidad and Tobago,2015,38963.9641783011,-0.406283288730492,0.48047286272049,,,,,,,16.7595473252775
TTO,Trinidad and Tobago,2016,35914.9901970983,-7.53636305379372,0.558126986026764,,,,,,,18.1835188476288
TTO,Trinidad and Tobago,2017,34095.9899256152,-4.87274946918724,0.554587185382843,,,,,,,18.8501540165438
TTO,Trinidad and Tobago,2018,33710.0178540008,-0.945449700943314,0.546069979667664,,,,,,,19.4956959199856
TTO,Trinidad and Tobago,2019,33748.7060849924,0.467734528855885,0.596668660640717,,,,,,,20.1536588580605
TTO,Trinidad and Tobago,2020,30720.8876936042,-8.78879817831519,0.641143441200256,,,,,,,21.6414454851151
TTO,Trinidad and Tobago,2021,30482.1201798631,-0.716740625909793,0.663207054138184,,,,,,,20.7055131985903
TTO,Trinidad and Tobago,2022,30784.1112580356,0.86126082651883,0.649312376976013,,,,,,,21.2792385868688
TTO,Trinidad and Tobago,2023,31196.603554718,1.46645947294053,0.620708882808685,,,,,,,21.1489353259776
TTO,Trinidad and Tobago,2024,31960.1568888983,2.50920813979569,,,,,,,,21.2151464426744
TTO,Trinidad and Tobago,2025,,,,,,,,,,21.2482939934202
TUN,Tunisia,1995,7406.23900930842,2.35166985086541,,17.4,30.9,66.3,30,41.7,5.7,27.2893464002326
TUN,Tunisia,1996,7821.79219107359,7.14608096782061,-0.599355578422546,,,,,,,26.986770305814
TUN,Tunisia,1997,8136.3376111408,5.44094350107467,,,,,,,,26.5738849308873
TUN,Tunisia,1998,8417.98493264685,4.78376247825665,-0.823301255702972,,,,,,,26.3049008730346
TUN,Tunisia,1999,8821.98791288257,6.05463447898158,,,,,,,,25.8683494326051
TUN,Tunisia,2000,9134.41506327005,4.7099729138049,-0.813736259937286,10.5,22.1,57.3,23.2,40.8,6,25.4214858562806
TUN,Tunisia,2001,9380.56317617024,3.79627166202512,,,,,,,,25.0720735905403
TUN,Tunisia,2002,9407.55676671593,1.32255714828946,-0.959111213684082,,,,,,,25.0755391995885
TUN,Tunisia,2003,9752.02442335824,4.70239953285241,-0.920870661735535,,,,,,,24.8274722747475
TUN,Tunisia,2004,10263.8055422408,6.23579072222647,-0.866649389266968,,,,,,,24.3582883731475
TUN,Tunisia,2005,10529.1598956845,3.4865455430439,-0.950093030929565,5.9,14.5,49,17.6,37.7,6.4,24.1439265750956
TUN,Tunisia,2006,10983.9221903991,5.24409983246916,-1.29791927337646,,,,,,,24.7427422277601
TUN,Tunisia,2007,11613.9247511428,6.70952097453554,-1.37891387939453,,,,,,,23.479364674802
TUN,Tunisia,2008,11990.1962371716,4.23778147502819,-1.35054492950439,,,,,,,22.5159692675783
TUN,Tunisia,2009,12229.7752536693,3.04345012371552,-1.35833787918091,,,,,,,22.1157592803221
TUN,Tunisia,2010,12458.2710366551,2.97113275066512,-1.41616463661194,3.1,8.2,34.6,11.3,38.5,6.3,23.1626532694612
TUN,Tunisia,2011,12068.7136257667,-2.04663389535644,-0.370504289865494,,,,,,,21.3459053035976
TUN,Tunisia,2012,12436.3958115735,4.21667711535632,-0.171652227640152,,,,,,,20.0137669158038
TUN,Tunisia,2013,12587.9950645596,2.42993096446429,-0.0844910442829132,,,,,,,19.1390552570924
TUN,Tunisia,2014,12824.0028914441,3.09032803070775,0.192878887057304,,,,,,,19.1905762370604
TUN,Tunisia,2015,12802.7917211433,0.967834205635981,0.241306498646736,0.7,2.8,23.7,6,32.8,7.8,19.6584141515955
TUN,Tunisia,2016,12803.8797371543,1.117231963992,0.303652375936508,,,,,,,20.4302187304746
TUN,Tunisia,2017,12955.4014814241,2.25261437620587,0.161945834755898,,,,,,,18.313333870308
TUN,Tunisia,2018,13163.1952230357,2.60696965356362,0.191409721970558,,,,,,,18.6910929000217
TUN,Tunisia,2019,13243.9024233246,1.55009304966742,0.266348570585251,,,,,,,19.102588165739
TUN,Tunisia,2020,11955.5983698479,-8.97512622934723,0.283747613430023,,,,,,,18.6691920536578
TUN,Tunisia,2021,12444.326402688701,4.73603648206102,0.109903484582901,0.7,2.4,20.7,5.3,33.7,7.7,18.1254623760128
TUN,Tunisia,2022,12712.22345453,2.75228761004381,-0.248100206255913,,,,,,,17.9540685936227
TUN,Tunisia,2023,12650.9615158166,0.184015548469745,-0.21289698779583,,,,,,,18.1042841059229
TUN,Tunisia,2024,12774.9158568021,1.61444564976986,,,,,,,,18.02527625894
TUN,Tunisia,2025,,,,,,,,,,17.9408256523733
TUR,Turkiye,1995,13099.2575267612,7.87826687618991,,,,,,,,46.5489259191743
TUR,Turkiye,1996,13826.9201097072,7.15779847930847,-0.129760310053825,,,,,,,46.2861478949
TUR,Turkiye,1997,14631.2958814739,7.3578623747848,,,,,,,,46.1099612816426
TUR,Turkiye,1998,14704.3385744207,1.90857064345151,-0.615934073925018,,,,,,,45.7475143048701
TUR,Turkiye,1999,14066.1896257233,-3.05277055759434,,,,,,,,45.4360590284753
TUR,Turkiye,2000,14856.914625257,6.98528697817062,-0.289199769496918,,,,,,,44.9542249430927
TUR,Turkiye,2001,13872.1287284566,-5.45940838563062,,,,,,,,46.2065788421652
TUR,Turkiye,2002,14587.894621656,6.43550883793114,-0.219570532441139,7.6,17.7,50.5,19.5,41.4,5.8,43.3661355141527
TUR,Turkiye,2003,15255.7177960689,5.79909321038525,-0.0332707948982716,10,19.8,54.3,21.8,42.2,5.5,43.0664758628225
TUR,Turkiye,2004,16583.8837094062,9.92540551918624,0.0132019305601716,6.6,13.9,41,15.7,41.3,5.4,39.1052860097717
TUR,Turkiye,2005,17902.5966004487,9.11157745861635,2.33756712987088e-4,6.5,13.2,38.9,14.7,42.6,5.2,36.5951513610048
TUR,Turkiye,2006,18972.0089563632,7.06762607623939,-0.0640953183174133,4.8,11.2,35.9,13,39.6,5.6,34.0668497411817
TUR,Turkiye,2007,19909.083519675,5.10818513903604,-0.0533245801925659,4,9.5,31.5,11.2,38.4,5.8,32.4511473807858
TUR,Turkiye,2008,19839.5845462269,0.920118221365883,-0.0412864089012146,3.3,8.2,26.9,9.4,39,5.7,31.7572930531861
TUR,Turkiye,2009,18612.1925231905,-4.88269401706633,-0.0555260591208935,3,7,28,9.3,39,5.9,32.9455526193671
TUR,Turkiye,2010,19897.4464836887,8.54219848467686,-0.0848165079951286,2.8,6.5,26.3,8.8,38.8,5.9,32.4345095590541
TUR,Turkiye,2011,21760.4291923634,10.9799625273598,-0.136850699782372,2,5.7,23.8,7.7,40,5.8,31.7790811091608
TUR,Turkiye,2012,22517.7148287875,4.80762696633448,-0.206933528184891,1.7,5,22.3,7.1,40.2,5.8,30.727703994997
TUR,Turkiye,2013,24117.3121099839,8.48825689298511,-0.251418113708496,1.5,4.2,20.6,6.4,40.2,5.8,29.9417878200711
TUR,Turkiye,2014,24888.8521742576,4.60079447270559,-0.338507890701294,1,4,20.3,5.9,41.2,5.8,29.5939640712044
TUR,Turkiye,2015,25984.8027306177,5.80557386628684,-0.367835342884064,1.3,4.1,21,6.4,42.9,5.6,28.8142296804772
TUR,Turkiye,2016,26489.6436816046,3.32366508200445,-0.607129514217377,0.9,3,18.6,5.4,41.9,5.7,28.0716480856355
TUR,Turkiye,2017,28194.688309381,7.82585730002594,-0.705634355545044,1.1,2.8,16.7,4.8,43.5,5.4,28.3715601440239
TUR,Turkiye,2018,28780.3036458151,3.46815306092219,-0.84590607881546,1,2.6,15.6,4.5,42.4,5.4,27.7291319199479
TUR,Turkiye,2019,28741.0535082701,1.30162365464503,-0.834213256835938,1.3,3,15.9,4.8,43.8,5.2,27.2453632622777
TUR,Turkiye,2020,28976.7179161611,1.80306247087255,-0.860594511032104,1.1,3,15,4.6,43,5.3,25.8718429248838
TUR,Turkiye,2021,32105.5474400506,11.811094450607,-0.85993480682373,0.9,2.3,12.9,3.6,44.4,5.2,25.5227753796423
TUR,Turkiye,2022,33520.8111384208,5.44122511322401,-0.926404356956482,0.5,1.2,10.8,2.7,44.5,5.4,24.8219911815549
TUR,Turkiye,2023,35069.1701714685,5.04512369812289,-0.860576987266541,,,,,,,23.9397520247123
TUR,Turkiye,2024,36154.490436557,3.3276230893799,,,,,,,,24.2129995221766
TUR,Turkiye,2025,,,,,,,,,,23.9069908746299
TUV,Tuvalu,1995,3286.4690577009,-5.00445203133808,,,,,,,,
TUV,Tuvalu,1996,3070.03942239319,-5.96137047461905,1.28616893291473,,,,,,,
TUV,Tuvalu,1997,3356.30705964116,10.0033027825943,,,,,,,,
TUV,Tuvalu,1998,3855.65481440805,15.5011661260488,1.30419409275055,,,,,,,
TUV,Tuvalu,1999,3777.37177229784,-1.56387082399142,,,,,,,,
TUV,Tuvalu,2000,3721.89947875243,-0.970489205783323,1.32083249092102,,,,,,,
TUV,Tuvalu,2001,3705.59238735794,0,,,,,,,,
TUV,Tuvalu,2002,4042.90117614992,9.52380952380953,1.17653274536133,,,,,,,
TUV,Tuvalu,2003,3838.4036432854,-4.34782608695652,1.03586626052856,,,,,,,
TUV,Tuvalu,2004,3704.92725890715,-2.27272727272727,0.46060311794281,,,,,,,
TUV,Tuvalu,2005,3488.53634577403,-4.65116279069767,0.587014853954315,,,,,,,
TUV,Tuvalu,2006,3532.39942573719,2.4390243902439,0.783710896968842,,,,,,,
TUV,Tuvalu,2007,3737.8786751003,7.14285714285714,0.746574640274048,,,,,,,
TUV,Tuvalu,2008,3933.37396710875,6.66666666666667,0.801951885223389,,,,,,,
TUV,Tuvalu,2009,3638.18761780626,-6.25,0.741995573043823,,,,,,,
TUV,Tuvalu,2010,3506.0602338093,-2.22222222222223,0.721381723880768,9,21.2,60.6,23.9,39.1,6.6,
TUV,Tuvalu,2011,3687.43927331262,6.81818181818181,0.715651512145996,,,,,,,
TUV,Tuvalu,2012,3558.15237041254,-2.12765957446808,0.661697506904602,,,,,,,
TUV,Tuvalu,2013,3690.24204295331,4.34782608695652,0.712050259113312,,,,,,,
TUV,Tuvalu,2014,3695.95345179619,0,1.04512572288513,,,,,,,
TUV,Tuvalu,2015,4088.76579910847,10.4166666666667,1.0685795545578,,,,,,,
TUV,Tuvalu,2016,4333.24899362162,5.66037735849056,1.08170676231384,,,,,,,
TUV,Tuvalu,2017,4464.25884629937,2.44839285714286,1.08047962188721,,,,,,,
TUV,Tuvalu,2018,4575.86900510424,1.38728384151602,1.12325739860535,,,,,,,
TUV,Tuvalu,2019,5292.03025969421,13.8220984406966,1.18834114074707,,,,,,,
TUV,Tuvalu,2020,5154.45957834015,-4.27493206901397,1.17396020889282,,,,,,,
TUV,Tuvalu,2021,5352.97862537897,1.8041359113616,1.18511700630188,,,,,,,
TUV,Tuvalu,2022,5498.18455447209,0.677309361438304,1.20671474933624,,,,,,,
TUV,Tuvalu,2023,5812.39924537753,3.85280919517032,1.22353219985962,,,,,,,
TUV,Tuvalu,2024,,,,,,,,,,
TUV,Tuvalu,2025,,,,,,,,,,
TZA,Tanzania,1995,1685.85107421875,3.56991186849247,,,,,,,,90.6225570263724
TZA,Tanzania,1996,1730.55456542969,4.54436680394173,-0.641581654548645,,,,,,,90.536351264206
TZA,Tanzania,1997,1755.8037109375,3.52527818941036,,,,,,,,90.433565511906
TZA,Tanzania,1998,1773.72424316406,3.70851159859504,-0.516356766223907,,,,,,,90.297970880026
TZA,Tanzania,1999,1810.97155761719,4.86386375362282,,,,,,,,90.1514005857639
TZA,Tanzania,2000,1839.93664550781,4.52078463603256,-0.47222051024437,86.9,94,99.4,78.5,37.3,6.8,89.9955580460784
TZA,Tanzania,2001,1899.74536132813,6.07080828734129,,,,,,,,89.8016290840253
TZA,Tanzania,2002,1982.64428710938,7.09319498355502,-0.399259209632874,,,,,,,89.5547444186093
TZA,Tanzania,2003,2059.83740234375,6.67278983053497,-0.42732772231102,,,,,,,89.2518310979655
TZA,Tanzania,2004,2155.24145507813,7.50381465859829,-0.533582329750061,,,,,,,88.9324839718789
TZA,Tanzania,2005,2253.09326171875,7.47631925974784,-0.363443344831467,,,,,,,88.5909245012855
TZA,Tanzania,2006,2334.1044921875,6.53222138847813,-0.200293675065041,,,,,,,88.2460846158209
TZA,Tanzania,2007,2423.61596679688,6.76853520293716,-0.142469882965088,61.9,77.9,94.7,63,40.3,6.3,87.9144926831319
TZA,Tanzania,2008,2493.25927734375,5.68641685905224,-0.166212573647499,,,,,,,87.5768212890047
TZA,Tanzania,2009,2560.81103515625,5.26910524873463,-0.160290315747261,,,,,,,87.2922376235665
TZA,Tanzania,2010,2654.80346679688,6.33652342666889,-0.130868017673492,,,,,,,86.9696338449131
TZA,Tanzania,2011,2779.70776367188,7.67215543486064,-0.141483932733536,51.5,72,92.9,57.3,37.8,7.4,86.7450956484371
TZA,Tanzania,2012,2822.4853515625,4.50015356010131,-0.176013678312302,,,,,,,86.4700209879858
TZA,Tanzania,2013,2924.86328125,6.78158560065316,-0.203858226537704,,,,,,,86.1759635426955
TZA,Tanzania,2014,3027.56909179688,6.73246186832483,-0.193490132689476,,,,,,,85.884077776924
TZA,Tanzania,2015,3111.44458007813,6.16062877406682,-0.222135826945305,,,,,,,85.6128898007495
TZA,Tanzania,2016,3214.24682617188,6.86711619644551,-0.223375126719475,,,,,,,85.3318381384013
TZA,Tanzania,2017,3318.28833007813,6.72726996832338,-0.278485029935837,,,,,,,85.0445977607583
TZA,Tanzania,2018,3392.68872070313,5.50267599385063,-0.380523890256882,51.3,70,91.5,56.4,40.5,6.9,84.7572091184033
TZA,Tanzania,2019,3484.63256835938,5.79999999996723,-0.521158754825592,,,,,,,84.4781408794749
TZA,Tanzania,2020,3449.82153320313,1.99196460647855,-0.735241413116455,,,,,,,84.9585748486221
TZA,Tanzania,2021,3493.0830078125,4.32138429480482,-0.714553892612457,,,,,,,84.4659525129507
TZA,Tanzania,2022,3546.98095703125,4.56600576430955,-0.65319699048996,,,,,,,84.2489653322953
TZA,Tanzania,2023,3620.79345703125,5.06952353203394,-0.533726751804352,,,,,,,84.0442207117152
TZA,Tanzania,2024,3713.26293945313,5.5263138305945,,,,,,,,83.863066555607
TZA,Tanzania,2025,,,,,,,,,,83.6544962782452
UGA,Uganda,1995,1288.50886674348,11.5232438119529,,,,,,,,81.3224018503388
UGA,Uganda,1996,1367.94573764936,9.07211457909349,-0.891807198524475,78.5,89.3,97.6,72.6,39,6.8,80.9945213901407
UGA,Uganda,1997,1396.63106915218,5.10000186476283,,79.2,89.56666666666666,97.46666666666667,73.06666666666666,40.333333333333336,6.533333333333333,80.6943162033357
UGA,Uganda,1998,1422.20789184705,4.90526548451564,-0.855878174304962,79.89999999999999,89.83333333333333,97.33333333333333,73.53333333333333,41.666666666666664,6.266666666666667,80.4381505449212
UGA,Uganda,1999,1487.75796178874,8.05394837724197,,80.6,90.1,97.2,74,43,6,80.1649633317562
UGA,Uganda,2000,1487.00498853512,3.141907338187,-0.993294954299927,79.93333333333332,89.39999999999999,96.93333333333334,73.5,43.733333333333334,5.966666666666667,79.94927276175
UGA,Uganda,2001,1516.96423755695,5.18366112490236,,79.26666666666667,88.7,96.66666666666667,73,44.46666666666667,5.933333333333334,79.7481274819067
UGA,Uganda,2002,1598.5828380849,8.73268576440127,-0.930503964424133,78.6,88,96.4,72.5,45.2,5.9,79.5113857909941
UGA,Uganda,2003,1649.1482601448,6.47325867166543,-0.702457308769226,76.53333333333333,86.73333333333333,96.2,71.23333333333333,44.43333333333334,5.966666666666667,79.279778193052607
UGA,Uganda,2004,1709.36159216857,6.80723334361883,-0.724424123764038,74.46666666666667,85.46666666666667,96,69.96666666666667,43.666666666666664,6.033333333333333,79.0320476423724
UGA,Uganda,2005,1765.03788457066,6.33256511623156,-0.597283959388733,72.4,84.2,95.8,68.7,42.9,6.1,78.7834671263834
UGA,Uganda,2006,1898.97915280479,10.7847443857453,-0.445383280515671,,,,,,,78.4883843441147
UGA,Uganda,2007,1999.0624896434,8.41242596551071,-0.486063897609711,,,,,,,78.1600307425228
UGA,Uganda,2008,2110.10049271503,8.70875190154499,-0.509934663772583,,,,,,,77.831343116626
UGA,Uganda,2009,2188.29916246327,6.80151734860395,-0.509125173091888,63.5,78.7,93.2,63.2,44.2,5.9,77.595356172073
UGA,Uganda,2010,2244.60595194584,5.63761163749757,-0.518370270729065,61.06666666666667,77,92.93333333333334,61.9,43.13333333333333,6.066666666666667,77.2775570574165
UGA,Uganda,2011,2384.4653273154,9.3916554927176,-0.525404512882233,58.63333333333333,75.3,92.66666666666667,60.6,42.06666666666667,6.233333333333333,76.9780082339159
UGA,Uganda,2012,2405.09455932767,3.83745560605229,-0.49354612827301,56.2,73.6,92.4,59.3,41,6.4,76.7731763399305
UGA,Uganda,2013,2420.88808087266,3.58690582623025,-0.552047431468964,,,,,,,76.4810896288308
UGA,Uganda,2014,2470.50380909598,5.10630732539796,-0.585888147354126,,,,,,,76.5624107661674
UGA,Uganda,2015,2520.0201028843,5.18785986002466,-0.567825973033905,,,,,,,76.4542928752145
UGA,Uganda,2016,2554.22769062073,4.78100029254482,-0.647819936275482,60.1,75.6,92.9,61.2,42.8,6.1,76.4551633742365
UGA,Uganda,2017,2543.84754394956,3.13140551723596,-0.588559865951538,60,75.83333333333333,93.13333333333334,61.333333333333336,42.766666666666666,6.1,76.475481890777
UGA,Uganda,2018,2613.87976413963,6.30392378262997,-0.680526971817017,59.9,76.06666666666666,93.36666666666666,61.46666666666667,42.733333333333334,6.1,76.190708921356
UGA,Uganda,2019,2689.41009144919,6.43874503276439,-0.645140945911407,59.8,76.3,93.6,61.6,42.7,6.1,75.8851730697807
UGA,Uganda,2020,2678.00907202293,2.95130642218098,-0.71228814125061,,,,,,,75.8178590037174
UGA,Uganda,2021,2684.92035939744,3.53658034070898,-0.820718884468079,,,,,,,75.2097418736505
UGA,Uganda,2022,2724.90609568409,4.58802192181773,-0.799532294273376,,,,,,,75.0346602818732
UGA,Uganda,2023,2791.05576885861,5.33697295511469,-0.695845246315002,,,,,,,74.8270512389391
UGA,Uganda,2024,2879.67009290376,6.05558075875589,,,,,,,,74.5763543770105
UGA,Uganda,2025,,,,,,,,,,74.3929848931282
UKR,Ukraine,1995,10983.0087890625,-12.2000000007385,,14.5,27.5,66.6,28.3,39.2,6.2,19.8247903159649
UKR,Ukraine,1996,9969.5009765625,-10,-0.324850231409073,15.2,31.2,75.7,32.8,35.2,7.1,20.2111502926906
UKR,Ukraine,1997,9754.0498046875,-2.99999999842365,,18.4,37.233333333333334,80.56666666666666,36.8,33.1,7.666666666666667,20.5330621064293
UKR,Ukraine,1998,9646.0546875,-1.90000000214164,-0.240636587142944,21.6,43.266666666666666,85.43333333333334,40.8,31,8.233333333333334,20.6573407402375
UKR,Ukraine,1999,9704.4453125,-0.200000000106499,,24.8,49.3,90.3,44.8,28.9,8.8,20.583330855602
UKR,Ukraine,2000,10364.0625,5.90000000024899,-0.610850632190704,18.633333333333333,39.53333333333333,83.53333333333333,38.36666666666667,28.933333333333334,8.8,20.559267083412202
UKR,Ukraine,2001,11379.3857421875,8.80000000367222,,12.466666666666669,29.766666666666666,76.76666666666667,31.933333333333334,28.966666666666665,8.8,20.4739771426765
UKR,Ukraine,2002,12092.7890625,5.33964720719075,-0.519448935985565,6.3,20,70,25.5,29,8.8,20.2534218787565
UKR,Ukraine,2003,13342.8798828125,9.51660986436364,-0.589256763458252,3.2,12.9,62.7,20.4,28.7,9.1,19.9544473819449
UKR,Ukraine,2004,15021.06640625,11.7953525281136,-0.671051442623138,2.8,9.7,53.3,16.1,28.9,8.8,19.6987642133937
UKR,Ukraine,2005,15610.5732421875,3.07123039245209,-0.28532487154007,1.1,4.9,39.2,10.6,29,8.8,19.32881128767
UKR,Ukraine,2006,16901.5078125,7.57142076322967,0.0496412701904774,0.7,3.7,34.2,8.7,29.8,8.8,19.0411919830848
UKR,Ukraine,2007,18374.013671875,8.21584445165715,0.0641184598207474,0.5,2.8,34.6,8.4,27,9.5,18.8203886534046
UKR,Ukraine,2008,18883.986328125,2.24349159628288,0.0906661003828049,0.1,1.3,23.6,5,26.6,9.6,18.6972651620485
UKR,Ukraine,2009,16092.7958984375,-15.1364679101502,0.0590889118611813,0.3,1.4,27.5,5.9,25.3,10,18.7349629798453
UKR,Ukraine,2010,16811.794921875,4.09200436668087,-0.0839820206165314,0.1,0.7,22,4.2,24.8,10.2,18.6236082464782
UKR,Ukraine,2011,17783.95703125,5.44528081048476,-0.132440626621246,0.1,0.6,18.5,3.6,24.6,10.2,18.5191088469257
UKR,Ukraine,2012,17848.740234375,0.152314967200653,-0.2795430123806,0.1,0.5,16.5,3,24.7,10.2,18.5913837161919
UKR,Ukraine,2013,17889.091796875,0.045439094492707,-0.315425783395767,0.1,0.3,12.5,2.3,24.6,10.3,18.6742154644083
UKR,Ukraine,2014,16978.8125,-10.0788949840953,-0.142272517085075,0,0.3,13.8,2.5,24,10.5,18.6469462945905
UKR,Ukraine,2015,15403.7099609375,-9.7729872128676,-0.0868236571550369,0.3,1.2,22.7,4.7,25.5,10,18.6692410664742
UKR,Ukraine,2016,15856.8125,2.44098194492067,0.00176708493381739,0.2,1.1,21.6,4.4,25,10.1,18.6679680431147
UKR,Ukraine,2017,16310.3603515625,2.35997228099491,0.0149604445323348,0.1,0.7,17,3.3,26,9.8,18.7291267988014
UKR,Ukraine,2018,16978.984375,3.48836234022659,-0.0306271463632584,0.2,0.6,14.7,2.7,26.1,9.9,18.7433625894139
UKR,Ukraine,2019,17636.5546875,3.19950386354134,0.0230735149234533,0.2,0.3,10.6,2.1,26.6,9.7,19.4069037716991
UKR,Ukraine,2020,17092.5390625,-3.75281793983162,0.0889049544930458,0,0.2,11.3,2,25.6,10,19.3383591675666
UKR,Ukraine,2021,17846.408203125,3.44562065945944,0.070615366101265,,,,,,,19.0171916537024
UKR,Ukraine,2022,13787.12109375,-28.7585842155085,-0.0233073923736811,,,,,,,
UKR,Ukraine,2023,15916.9580078125,5.53473354963334,-0.100543133914471,,,,,,,
UKR,Ukraine,2024,16319.8447265625,2.9138222142611,,,,,,,,
UKR,Ukraine,2025,,,,,,,,,,
URY,Uruguay,1995,16600.0391885928,-1.44759896894408,,0.8,2,10.9,3.2,40.9,5.4,22.8865397749205
URY,Uruguay,1996,17433.6932851628,5.57795776385868,0.829836368560791,0.9,2.3,11.5,3.5,40.8,5.4,22.7262246761097
URY,Uruguay,1997,18823.9419170645,8.54768320111596,,0.7,2.1,11.8,3.4,41.5,5.4,22.5431268806995
URY,Uruguay,1998,19577.7899664694,4.51889009679091,0.974659562110901,0.9,2.1,11.7,3.4,42.5,5.1,22.3833622788773
URY,Uruguay,1999,19192.7175685083,-1.52094591992036,,0.8500000000000001,2.05,11.7,3.4,42.95,5.05,23.2104498921411
URY,Uruguay,2000,18752.0578112966,-1.92993063549235,0.989812433719635,0.8,2,11.7,3.4,43.4,5,23.0614809578592
URY,Uruguay,2001,17986.9007596433,-3.84412995940374,,0.7,2.4,14,4.1,45,4.8,24.6314458425858
URY,Uruguay,2002,16572.7881760134,-7.73200721540044,1.05434656143188,1.1,3.3,18.3,5.4,45.5,4.7,25.9841557476818
URY,Uruguay,2003,16694.4389231595,0.805283915893824,0.992518246173859,1.5,4.4,24.3,7.2,45,5.1,26.1216791270569
URY,Uruguay,2004,17519.3796251133,5.00416035564457,0.842710494995117,1.7,5.7,25,8,45.9,4.7,25.7577370729894
URY,Uruguay,2005,18811.3195971021,7.4601321302473,0.885737657546997,1.5,4.7,22.5,7.2,44.7,4.8,24.4916802441516
URY,Uruguay,2006,19560.0817556405,4.09857735445401,1.03071081638336,1,3.6,22.1,6.5,45.9,4.9,24.8383220645995
URY,Uruguay,2007,20803.893182056,6.54151084504817,1.04552268981934,0.7,2.9,19.4,5.5,46.4,4.8,24.8699115364326
URY,Uruguay,2008,22249.3835165533,7.17614466455107,1.06214451789856,0.4,1.8,14.6,3.8,45.1,5,24.4136262968489
URY,Uruguay,2009,23138.0820687014,4.24349419462426,1.10579407215118,0.4,1.8,13.4,3.6,45.5,4.8,24.2101790794214
URY,Uruguay,2010,24879.8350192618,7.8034096507169,1.14654517173767,0.3,1.3,11.9,3,44.5,5,23.4553647884633
URY,Uruguay,2011,26099.3215293803,5.16213302463606,1.1214314699173,0.2,1,8.4,2.2,42.2,5.4,22.7099811007196
URY,Uruguay,2012,26953.2811065384,3.53817872056869,1.0609667301178,0.3,1.1,7.8,2,39.9,5.6,22.1969091385186
URY,Uruguay,2013,28119.4833341404,4.63753862902416,1.08520102500916,0.3,0.8,7.2,1.9,40.5,5.5,22.2516841544129
URY,Uruguay,2014,28935.0974409271,3.23879122952364,1.10781645774841,0.2,0.7,6.2,1.5,40.1,5.6,22.1586155648075
URY,Uruguay,2015,28941.6294107011,0.370741257681345,1.14334154129028,0.2,0.7,5.9,1.5,40.1,5.6,22.9432755029576
URY,Uruguay,2016,29332.5672615246,1.68979822971775,1.16300630569458,0.1,0.6,5.6,1.3,39.7,5.7,23.5246135675554
URY,Uruguay,2017,29762.4333171685,1.74037643374211,1.1673538684845,0.1,0.4,4.5,1,39.5,5.9,23.7814238806987
URY,Uruguay,2018,29757.9388543783,0.164777608940113,1.19108092784882,0.1,0.4,4.9,1,39.7,5.9,24.234206784481
URY,Uruguay,2019,30010.5742615797,0.928351141267498,1.22502756118774,0.1,0.4,5,1.1,39.7,5.8,24.1972772950566
URY,Uruguay,2020,27788.1854968153,-7.35732706484723,1.30677044391632,0.3,0.7,7.1,1.7,40.2,5.7,24.9050144463828
URY,Uruguay,2021,29431.8850087471,5.84427312558179,1.28641426563263,0.2,0.5,6.7,1.6,40.8,5.7,24.8228741047581
URY,Uruguay,2022,30804.7032775797,4.48622703072073,1.28492343425751,0.2,0.7,6.3,1.5,40.6,5.6,24.733243350178
URY,Uruguay,2023,31059.2537072459,0.742128785315927,1.28379380702972,0.2,0.7,6.6,1.6,40.9,5.6,24.6242542732107
URY,Uruguay,2024,32038.7727288227,3.10825478066172,,0.2,0.5,5.9,1.4,40,5.7,24.5006103852694
URY,Uruguay,2025,,,,,,,,,,24.3650488598959
USA,United States,1995,47220.9579604358,2.6844307317787,,0.7,0.7,1.7,0.9,39.9,5.6,4.71167487708139
USA,United States,1996,48435.70010416,3.77277269119453,1.34866082668304,0.7,0.7,1.5,0.9,40.3,5.5,4.73121347143798
USA,United States,1997,49984.2696497419,4.44712793566428,,0.7,1,1.7,1,40.5,5.5,4.69367143387487
USA,United States,1998,51619.8698375216,4.48313335374613,1.33687722682953,0.7,1,1.7,1,40,5.5,4.54621854029418
USA,United States,1999,53474.045430104,4.78842504725272,,0.7,0.7,1.5,0.9,40,5.6,4.40967910627149
USA,United States,2000,55038.6224959451,4.07758575682804,1.31016671657562,0.7,1,1.7,0.9,40.1,5.6,4.36890669699113
USA,United States,2001,55017.3049786608,0.955538348341605,,1,1,2,1.1,40.6,5.5,4.34815620378764
USA,United States,2002,55436.1169813778,1.70044732643726,1.34456813335419,1,1,2,1.1,40.4,5.4,4.31130371223034
USA,United States,2003,56498.2078314911,2.79560596320081,1.33822762966156,1,1.2,2,1.2,40.8,5.3,4.44578958506753
USA,United States,2004,58131.6336853496,3.84777169556921,1.327751994133,1,1.2,2,1.3,40.5,5.4,4.45408259671141
USA,United States,2005,59604.7536374577,3.48354993555606,1.29452359676361,1,1.2,2,1.2,41.3,5.3,4.38411289340762
USA,United States,2006,60676.5655690664,2.78453963650701,1.1016218662262,1,1.2,2,1.2,41.7,5.3,4.32202395887688
USA,United States,2007,61306.596938633,2.00385829784946,1.10981047153473,1,1.2,2,1.2,41.1,5.3,4.19449703914943
USA,United States,2008,60798.4338401606,0.113587249881704,1.14426684379578,1,1.2,2,1.3,41.1,5.3,4.07416655287361
USA,United States,2009,58714.9736915861,-2.57650022958367,1.09722805023193,1,1.2,2,1.1,40.8,5.5,4.15705280173176
USA,United States,2010,59789.4129069749,2.69519257744442,1.1336270570755,1.2,1.2,2.2,1.3,40.2,5.4,4.15926584168371
USA,United States,2011,60245.4843994565,1.56440685763506,1.12696576118469,1,1.2,2.2,1.3,41.2,5.3,4.07259887669515
USA,United States,2012,61134.530608776,2.28911338669843,1.16158699989319,1,1.2,2.2,1.3,41.2,5.3,4.07535743103086
USA,United States,2013,61958.7234416953,2.11783009790057,1.10298919677734,1,1.2,2,1.3,40.9,5.4,4.0277050197679
USA,United States,2014,63018.8033942192,2.52381981363968,1.0712331533432,1.2,1.5,2.2,1.5,41.7,5.3,3.98332916779183
USA,United States,2015,64359.4725899466,2.94555045484053,1.10990250110626,1.2,1.5,2.2,1.4,41.5,5.4,4.01903097374602
USA,United States,2016,65017.654963867,1.81945147788167,1.11048436164856,1.2,1.2,2,1.3,41.3,5.3,4.02570619192093
USA,United States,2017,66155.5555676249,2.45762229852507,1.0074782371521,1.2,1.5,2.2,1.5,41.4,5.2,3.98095082402989
USA,United States,2018,67719.7656392064,2.96650506901305,0.995457410812378,1,1.2,2,1.3,41.8,5.2,4.02366659006327
USA,United States,2019,69112.602688656,2.58382533412825,0.905181586742401,1,1.2,1.7,1.2,41.9,5.2,3.93462654039839
USA,United States,2020,67342.0709287722,-2.16302914036166,0.856265664100647,0.5,0.5,1.5,0.7,40,5.7,3.95644039443845
USA,United States,2021,71307.4017277218,6.05505293244555,0.87688934803009,0.5,0.5,1,0.6,39.7,6.1,4.02475791685968
USA,United States,2022,72679.2575396348,2.51237531986017,0.860348105430603,1.2,1.5,2.2,1.5,41.7,5.2,3.86455082663516
USA,United States,2023,74158.7164155605,2.88755600749487,0.877519071102142,1.2,1.5,2,1.4,41.8,5.1,3.75894143719088
USA,United States,2024,75489.2664334817,2.79300127716779,,,,,,,,3.85135079514778
USA,United States,2025,,,,,,,,,,3.80976956797991
UZB,Uzbekistan,1995,3052.41881077596,-0.90000000546145,,,,,,,,40.4244223205988
UZB,Uzbekistan,1996,3046.56376344753,1.70000000306203,-1.60037040710449,,,,,,,40.3506675122475
UZB,Uzbekistan,1997,3150.0853013379,5.19999999656402,,,,,,,,40.339084983268
UZB,Uzbekistan,1998,3234.35751357407,4.30000000106287,-1.75848841667175,79.8,89.8,97.6,75,44.1,4.4,40.3360482503133
UZB,Uzbekistan,1999,3326.4252682467,4.30000000179396,,86.8,93.6,98.6,79.15,40,5.800000000000001,40.1525187195411
UZB,Uzbekistan,2000,3410.65044991898,3.83500000014033,-1.83338677883148,93.8,97.4,99.6,83.3,35.9,7.2,39.8781797952587
UZB,Uzbekistan,2001,3509.72863761694,4.1638382499889,,93.44999999999999,97.30000000000001,99.6,82.8,34.45,7.699999999999999,39.6041851940602
UZB,Uzbekistan,2002,3604.69346202514,3.97348819235724,-1.8093113899231,93.1,97.2,99.6,82.3,33,8.2,39.3010634398523
UZB,Uzbekistan,2003,3711.77853054423,4.23262738154364,-1.76460289955139,93.3,97.2,99.7,83.1,35.2,7.5,38.9380557567654
UZB,Uzbekistan,2004,3939.53039814876,7.44900060559664,-1.78085947036743,,,,,,,38.5264060050159
UZB,Uzbekistan,2005,4160.95512970703,6.95000719569097,-1.93023896217346,,,,,,,38.0810304453204
UZB,Uzbekistan,2006,4413.72281227266,7.45141847621768,-2.07179737091064,,,,,,,37.7025594928673
UZB,Uzbekistan,2007,4764.56391427529,9.4730053054454,-2.11763787269592,,,,,,,37.3451821478749
UZB,Uzbekistan,2008,5115.64391465594,9.02916101784777,-2.10014271736145,,,,,,,36.9466549954345
UZB,Uzbekistan,2009,5439.55068123847,8.05093332733966,-2.10261058807373,,,,,,,36.5646254898557
UZB,Uzbekistan,2010,5760.80511957791,7.5971679610016,-2.08567190170288,,,,,,,36.2545791487383
UZB,Uzbekistan,2011,6100.25100998284,7.52513989422977,-2.12443065643311,,,,,,,35.9569096826787
UZB,Uzbekistan,2012,6435.56467226429,7.10244488706317,-2.0335488319397,,,,,,,35.6919366152334
UZB,Uzbekistan,2013,6797.77494784494,7.29655036969899,-1.9666668176651,,,,,,,35.4441276833098
UZB,Uzbekistan,2014,7145.10980664151,6.8738384408164,-1.91344571113586,,,,,,,35.1726595527331
UZB,Uzbekistan,2015,7529.76364274179,7.21877350820803,-1.95627927780151,,,,,,,34.9526574951007
UZB,Uzbekistan,2016,7839.97820100236,5.93215079993293,-1.88692986965179,,,,,,,34.7450577614768
UZB,Uzbekistan,2017,8047.05375469466,4.39527463349263,-1.79745352268219,,,,,,,34.5170415189751
UZB,Uzbekistan,2018,8348.96057873127,5.55919572919288,-1.62735140323639,,,,,,,34.2025804450226
UZB,Uzbekistan,2019,8755.12593984949,6.77992399655236,-1.65221631526947,,,,,,,33.9563961320338
UZB,Uzbekistan,2020,8727.41104939223,1.56334277260515,-1.53147614002228,,,,,,,34.3792121975206
UZB,Uzbekistan,2021,9247.64382703929,8.03468312640049,-1.39758455753326,4.4,9.1,38.1,12.8,32.9,7,34.0098950743511
UZB,Uzbekistan,2022,9607.56167273449,6.00134232203442,-1.33092367649078,4.4,8.3,32.4,11,31.2,7.2,33.8797391600532
UZB,Uzbekistan,2023,10007.685502618,6.29141635082311,-1.30965662002563,4.1,7.3,24.6,8.7,34.5,6.4,33.7413811548802
UZB,Uzbekistan,2024,10450.2051402852,6.49999999997677,,2.7,5.1,20.7,6.9,34.6,6.6,33.5316704367198
UZB,Uzbekistan,2025,,,,,,,,,,33.3153752367206
VCT,St. Vincent and the Grenadines,1995,8815.84871825748,7.76665024455248,,,,,,,,20.2631647788213
VCT,St. Vincent and the Grenadines,1996,8923.70555514296,1.28791200314089,1.04067647457123,,,,,,,20.3240860772621
VCT,St. Vincent and the Grenadines,1997,9234.69888368764,3.50515087270627,,,,,,,,20.291113381001
VCT,St. Vincent and the Grenadines,1998,9609.10378620502,4.0901949332585,1.05622112751007,,,,,,,20.246644167576
VCT,St. Vincent and the Grenadines,1999,9853.34736551962,2.71031071289156,,,,,,,,20.4105247270715
VCT,St. Vincent and the Grenadines,2000,9999.05879203685,1.63903190394467,1.05573093891144,,,,,,,20.4912896352926
VCT,St. Vincent and the Grenadines,2001,10177.8094583896,1.74823102028898,,,,,,,,20.6289779108948
VCT,St. Vincent and the Grenadines,2002,10736.0878714164,5.34212707436718,1.02382504940033,,,,,,,20.6369051996764
VCT,St. Vincent and the Grenadines,2003,11475.3312414531,6.69133665352797,1.07111537456512,,,,,,,20.630344960123
VCT,St. Vincent and the Grenadines,2004,11979.907294501,4.11469880444737,0.679108440876007,,,,,,,20.5364745955152
VCT,St. Vincent and the Grenadines,2005,12320.0710011077,2.48855733938132,1.08610773086548,,,,,,,20.5843760251184
VCT,St. Vincent and the Grenadines,2006,13233.4068930431,6.99692626758825,1.06227540969849,,,,,,,20.6048405756861
VCT,St. Vincent and the Grenadines,2007,13732.3622591495,3.3229685982929,1.04314303398132,,,,,,,20.4834459846489
VCT,St. Vincent and the Grenadines,2008,13850.3936790063,0.404640808638888,1.06916379928589,,,,,,,20.6633001228334
VCT,St. Vincent and the Grenadines,2009,13723.7838252622,-1.3781936056056,1.03036606311798,,,,,,,20.893615079184
VCT,St. Vincent and the Grenadines,2010,13175.7230154228,-4.47046793507802,1.13384974002838,,,,,,,21.1672134156133
VCT,St. Vincent and the Grenadines,2011,13168.8964291743,-0.60627665148327,1.02087604999542,,,,,,,21.4007067786498
VCT,St. Vincent and the Grenadines,2012,13397.9632982701,1.16911218376478,1.01553082466125,,,,,,,21.5725760314882
VCT,St. Vincent and the Grenadines,2013,13804.1837951887,2.4624841721544,1.02640640735626,,,,,,,21.6853779373665
VCT,St. Vincent and the Grenadines,2014,14040.2460690452,1.1457271877622,1.1548445224762,,,,,,,21.8589772675711
VCT,St. Vincent and the Grenadines,2015,14508.8609465459,2.78509791763551,0.968534409999847,,,,,,,21.9522137923225
VCT,St. Vincent and the Grenadines,2016,15197.7482513352,4.1496810046981,0.954605221748352,,,,,,,22.0315608609151
VCT,St. Vincent and the Grenadines,2017,15533.2212821544,1.54810173239956,0.94376927614212,,,,,,,22.0196353436185
VCT,St. Vincent and the Grenadines,2018,16139.0661084965,3.1756114423991,0.85429936647415206,,,,,,,22.0032134694155
VCT,St. Vincent and the Grenadines,2019,16365.3255785124,0.668428481084234,0.897467851638794,,,,,,,22.1396089131424
VCT,St. Vincent and the Grenadines,2020,15763.7054382539,-4.26892434422649,0.906195104122162,,,,,,,22.7824572961272
VCT,St. Vincent and the Grenadines,2021,16200.8994597845,2.09340124465459,0.867416083812714,,,,,,,22.6465134836999
VCT,St. Vincent and the Grenadines,2022,16835.023514541,3.1108330034352,0.849572598934174,,,,,,,22.3766568483063
VCT,St. Vincent and the Grenadines,2023,17858.2446468702,5.32636472098717,0.831284880638123,,,,,,,22.2095930893385
VCT,St. Vincent and the Grenadines,2024,18714.198849353,4.06183490050209,,,,,,,,22.176651862594
VCT,St. Vincent and the Grenadines,2025,,,,,,,,,,21.9612475297004
VEN,"Venezuela, RB",1995,,3.95160929610903,,15.1,25.3,55.8,25.5,47.2,4.1,31.0319060921066
VEN,"Venezuela, RB",1996,,-0.197928583722387,-0.093646302819252,15.033333333333333,24.933333333333334,54.733333333333334,25.233333333333334,47.46666666666667,3.9666666666666663,32.5931605143551
VEN,"Venezuela, RB",1997,,6.37100504679063,,14.966666666666667,24.566666666666666,53.666666666666664,24.966666666666665,47.733333333333334,3.8333333333333335,29.8604194411182
VEN,"Venezuela, RB",1998,,0.294055160519548,0.114986144006252,14.9,24.2,52.6,24.7,48,3.7,33.3735749467083
VEN,"Venezuela, RB",1999,,-5.97045814641012,,16.7,27.5,58.1,27.3,47.7,3.8,34.3715637778508
VEN,"Venezuela, RB",2000,,3.6869441668769,-0.0687929019331932,15.7,26.2,56.7,26.4,47.45,3.9,35.6667263116986
VEN,"Venezuela, RB",2001,,3.39423610779077,,14.7,24.9,55.3,25.5,47.2,4,33.1353493744267
VEN,"Venezuela, RB",2002,,-8.85564735286771,-0.462428361177444,22.1,34,64.7,32.9,48.9,3.4,33.191600616621
VEN,"Venezuela, RB",2003,,-7.75530004959877,-0.439825713634491,27.1,39.8,70.8,37.4,47.9,3.4,34.1316483380809
VEN,"Venezuela, RB",2004,,18.2866066891244,-0.598475635051727,22.8,34.2,65.7,33.2,47.3,3.5,31.8818208881813
VEN,"Venezuela, RB",2005,,10.3179138043147,-0.637349963188171,18.1,27.2,55.7,27.7,49.3,2.9,31.6041142059648
VEN,"Venezuela, RB",2006,,9.87214910851037,-0.622201085090637,9.7,16.4,43.3,18.4,44.7,4.3,30.8503427965398
VEN,"Venezuela, RB",2007,,8.75357880785845,-0.745731115341187,,,,,,,29.8437198709779
VEN,"Venezuela, RB",2008,,5.27785412398785,-0.752219378948212,,,,,,,30.8072221804533
VEN,"Venezuela, RB",2009,,-3.20230265749002,-0.853539109230042,,,,,,,31.442102537858
VEN,"Venezuela, RB",2010,,-1.48879125078356,-0.870534300804138,,,,,,,33.2372653674385
VEN,"Venezuela, RB",2011,,4.17642535923936,-0.934033572673798,,,,,,,33.0050022270892
VEN,"Venezuela, RB",2012,,5.62595697508632,-0.906963706016541,,,,,,,31.9133506676327
VEN,"Venezuela, RB",2013,,1.34309403607486,-0.951655030250549,,,,,,,31.6305026619978
VEN,"Venezuela, RB",2014,,-3.89438647450667,-1.08385908603668,,,,,,,31.5481065954497
VEN,"Venezuela, RB",2015,,-6.22137102671199,-1.09116637706757,,,,,,,31.5630160708166
VEN,"Venezuela, RB",2016,,-17.0403345996548,-1.13540399074554,,,,,,,31.6476039220393
VEN,"Venezuela, RB",2017,,-15.6714088720003,-1.21793925762177,,,,,,,32.7077374692705
VEN,"Venezuela, RB",2018,,-19.6553415972227,-1.43971180915833,,,,,,,34.2473622164599
VEN,"Venezuela, RB",2019,,-27.6579678662627,-1.42963433265686,,,,,,,35.9011127644403
VEN,"Venezuela, RB",2020,,-29.9985699155957,-1.51546669006348,,,,,,,36.4487179024554
VEN,"Venezuela, RB",2021,,0.955433428579269,-1.61773121356964,,,,,,,35.423798561623
VEN,"Venezuela, RB",2022,,8.00091310654791,-1.54475474357605,,,,,,,36.4255333224353
VEN,"Venezuela, RB",2023,,4.00168591128376,-1.5313206911087,,,,,,,36.9972192900539
VEN,"Venezuela, RB",2024,,5.29999999999984,,,,,,,,37.1648454487586
VEN,"Venezuela, RB",2025,,,,,,,,,,37.2977434036572
VGB,British Virgin Islands,1995,,,,,,,,,,
VGB,British Virgin Islands,1996,,,,,,,,,,
VGB,British Virgin Islands,1997,,,,,,,,,,
VGB,British Virgin Islands,1998,,,,,,,,,,
VGB,British Virgin Islands,1999,,,,,,,,,,
VGB,British Virgin Islands,2000,,,,,,,,,,
VGB,British Virgin Islands,2001,,,,,,,,,,
VGB,British Virgin Islands,2002,,,,,,,,,,
VGB,British Virgin Islands,2003,,,,,,,,,,
VGB,British Virgin Islands,2004,,,,,,,,,,
VGB,British Virgin Islands,2005,,,,,,,,,,
VGB,British Virgin Islands,2006,,,,,,,,,,
VGB,British Virgin Islands,2007,,,,,,,,,,
VGB,British Virgin Islands,2008,,,,,,,,,,
VGB,British Virgin Islands,2009,,,,,,,,,,
VGB,British Virgin Islands,2010,,,,,,,,,,
VGB,British Virgin Islands,2011,,,,,,,,,,
VGB,British Virgin Islands,2012,,,,,,,,,,
VGB,British Virgin Islands,2013,,,,,,,,,,
VGB,British Virgin Islands,2014,,,,,,,,,,
VGB,British Virgin Islands,2015,,,,,,,,,,
VGB,British Virgin Islands,2016,,,,,,,,,,
VGB,British Virgin Islands,2017,,,,,,,,,,
VGB,British Virgin Islands,2018,,,,,,,,,,
VGB,British Virgin Islands,2019,,,,,,,,,,
VGB,British Virgin Islands,2020,,,,,,,,,,
VGB,British Virgin Islands,2021,,,,,,,,,,
VGB,British Virgin Islands,2022,,,,,,,,,,
VGB,British Virgin Islands,2023,,,,,,,,,,
VGB,British Virgin Islands,2024,,,,,,,,,,
VGB,British Virgin Islands,2025,,,,,,,,,,
VIR,Virgin Islands (U.S.),1995,,,,,,,,,,4.67408445768354
VIR,Virgin Islands (U.S.),1996,,,,,,,,,,4.6112052752559904
VIR,Virgin Islands (U.S.),1997,,,,,,,,,,4.53698961776619
VIR,Virgin Islands (U.S.),1998,,,,,,,,,,4.46388986115973
VIR,Virgin Islands (U.S.),1999,,,,,,,,,,4.40002841783693
VIR,Virgin Islands (U.S.),2000,,,,,,,,,,4.31614866734298
VIR,Virgin Islands (U.S.),2001,,,,,,,,,,4.26292447209903
VIR,Virgin Islands (U.S.),2002,54299.2298699394,,,,,,,,,4.22478540772533
VIR,Virgin Islands (U.S.),2003,54086.1547945673,-0.396080883885759,,,,,,,,4.19306874070685
VIR,Virgin Islands (U.S.),2004,55883.4545510864,3.28589367936377,0.7609001994133,,,,,,,4.1516165976566
VIR,Virgin Islands (U.S.),2005,57838.0977142823,3.4853090172239,1.15323007106781,,,,,,,4.09118357487923
VIR,Virgin Islands (U.S.),2006,59911.7224453162,3.50499314666143,0.782868325710297,,,,,,,4.0574666298835
VIR,Virgin Islands (U.S.),2007,62332.9445371347,4.01059402194477,0.744717001914978,,,,,,,3.97302601361226
VIR,Virgin Islands (U.S.),2008,63057.6263123638,1.21862495452891,0.746175408363342,,,,,,,3.9226762066152
VIR,Virgin Islands (U.S.),2009,58895.3056899496,-6.59478885893981,0.743839979171753,,,,,,,3.94887447539108
VIR,Virgin Islands (U.S.),2010,59272.2456856343,0.596383224317051,0.767428874969482,,,,,,,3.95397260273973
VIR,Virgin Islands (U.S.),2011,54443.0686942498,-8.20424555364315,0.784417808055878,,,,,,,4.00944943893957
VIR,Virgin Islands (U.S.),2012,46422.4151236223,-14.8125,0.800454020500183,,,,,,,4.2162040678728
VIR,Virgin Islands (U.S.),2013,43563.8864931407,-6.28515529469308,0.783408939838409,,,,,,,4.46900412634831
VIR,Virgin Islands (U.S.),2014,42853.8986599185,-1.77453027139875,,,,,,,,4.66074512706637
VIR,Virgin Islands (U.S.),2015,42739.0835022993,-0.425079702444208,,,,,,,,4.78993205091396
VIR,Virgin Islands (U.S.),2016,43502.4336941564,1.6008537886873,,,,,,,,4.87912519001619
VIR,Virgin Islands (U.S.),2017,43277.1546523522,-0.735294117647058,,,,,,,,4.93374960053099
VIR,Virgin Islands (U.S.),2018,44205.4071324394,1.87830687830687,,,,,,,,4.94969165855242
VIR,Virgin Islands (U.S.),2019,45632.6364715693,2.90833549727343,,,,,,,,4.87591496310986
VIR,Virgin Islands (U.S.),2020,45055.7829303523,-1.61493817814787,,,,,,,,5.68806781927016
VIR,Virgin Islands (U.S.),2021,46893.5496988741,3.66760707873814,,,,,,,,5.63342717439621
VIR,Virgin Islands (U.S.),2022,46479.2996685326,-1.31123206333498,,,,,,,,5.56935698191692
VIR,Virgin Islands (U.S.),2023,,,,,,,,,,5.51397277692686
VIR,Virgin Islands (U.S.),2024,,,,,,,,,,5.48409728718428
VIR,Virgin Islands (U.S.),2025,,,,,,,,,,5.47362198906458
VNM,Viet Nam,1995,3328.21486039558,9.54048017491264,,,,,,,,75.665812634031
VNM,Viet Nam,1996,3584.02898335147,9.34001749939179,-1.08749449253082,,,,,,,75.1278778546265
VNM,Viet Nam,1997,3820.30249485434,8.1520841433542,,38.1,62.7,89.9,50.6,35.4,8,73.9797868816179
VNM,Viet Nam,1998,3982.95805965603,5.76445545848843,-1.34771287441254,,,,,,,71.3345757534309
VNM,Viet Nam,1999,4119.05367208231,4.77358688344989,,,,,,,,74.1768908222811
VNM,Viet Nam,2000,4349.22348751462,6.78731640463151,-1.23829925060272,,,,,,,73.70664518933
VNM,Viet Nam,2001,4570.26846577385,6.19289331233377,,,,,,,,71.1782737736455
VNM,Viet Nam,2002,4809.62151118535,6.32082099160833,-1.44881856441498,43.3,65,89.6,52.3,37,7.5,71.5681356554883
VNM,Viet Nam,2003,5090.28990869885,6.89906349055258,-1.47438275814056,37.099999999999994,59.2,87.5,48.75,36.9,7.35,70.1144154890187
VNM,Viet Nam,2004,5421.09702829121,7.53641060890386,-1.33793187141418,30.9,53.4,85.4,45.2,36.8,7.2,66.3661740691316
VNM,Viet Nam,2005,5776.36304451268,7.54724772895918,-1.40304481983185,27.299999999999997,48.65,83.6,42.5,36.3,7.2,65.8285706078261
VNM,Viet Nam,2006,6098.24495436514,6.97795481056711,-1.53845131397247,23.7,43.9,81.8,39.8,35.8,7.2,65.300594645645
VNM,Viet Nam,2007,6418.54381402878,7.12950448605439,-1.52694940567017,20.65,41.349999999999994,80.4,38.3,35.7,7.300000000000001,64.7793179025819
VNM,Viet Nam,2008,6659.13561432065,5.66177120891362,-1.49671363830566,17.6,38.8,79,36.8,35.6,7.4,63.173844109489
VNM,Viet Nam,2009,6914.33863589545,5.39789754014181,-1.4826385974884,11.4,26.25,64.3,27.049999999999997,37.45,6.95,61.6216866277286
VNM,Viet Nam,2010,7274.73310698016,6.42324482239482,-1.49696779251099,5.2,13.7,49.6,17.3,39.3,6.5,62.7268053732437
VNM,Viet Nam,2011,7652.61895672271,6.41316889681683,-1.45916306972504,4.45,11.8,46.400000000000006,15.75,37.45,6.8,62.4408821880805
VNM,Viet Nam,2012,7979.86828926858,5.5045447041189,-1.42006897926331,3.7,9.9,43.2,14.2,35.6,7.1,62.5350197705013
VNM,Viet Nam,2013,8324.19871250047,5.55351081026072,-1.36654543876648,3.55,9.25,40.55,13.1,35.2,7.1,62.6538750141381
VNM,Viet Nam,2014,8751.88280634375,6.42224312118567,-1.37489593029022,3.4,8.6,37.9,12,34.8,7.1,62.2488274046861
VNM,Viet Nam,2015,9248.02396069622,6.98715430598611,-1.35883224010468,2.95,7.4,33.85,10.55,35.05,7,57.7628165781259
VNM,Viet Nam,2016,9743.1882231455,6.69000892660424,-1.37323105335236,2.5,6.2,29.8,9.1,35.3,6.9,55.9228443604091
VNM,Viet Nam,2017,10290.5487142244,6.94019037359206,-1.41349077224731,2.35,5.7,27,8.35,35.5,6.800000000000001,55.116987476102
VNM,Viet Nam,2018,10936.8937859558,7.46500685572751,-1.47091710567474,2.2,5.2,24.2,7.6,35.7,6.7,53.9142551765669
VNM,Viet Nam,2019,11628.6139147451,7.35926270105006,-1.40485322475433,1.75,4.45,22.299999999999997,6.8,36.25,6.65,53.2337599957737
VNM,Viet Nam,2020,11851.3965685649,2.86541320912272,-1.37661600112915,1.3,3.7,20.4,6,36.8,6.6,53.1302143969625
VNM,Viet Nam,2021,12048.9019935536,2.55372852648131,-1.30874562263489,1.4500000000000002,3.95,20.95,6.25,36.45,6.699999999999999,53.1544201035082
VNM,Viet Nam,2022,12979.7639049934,8.53750046755788,-1.28640735149384,1.6,4.2,21.5,6.5,36.1,6.8,52.7993697102954
VNM,Viet Nam,2023,13545.9346616752,5.06502391455075,-1.24185371398926,,,,,,,52.3405074390883
VNM,Viet Nam,2024,14415.2159532813,7.09118746633975,,,,,,,,51.8648185778417
VNM,Viet Nam,2025,,,,,,,,,,51.3971215315183
VUT,Vanuatu,1995,3226.91509128028,1.00394504149095,,,,,,,,75.0874489560059
VUT,Vanuatu,1996,3229.10220217595,2.3273354164422,0.628802180290222,,,,,,,74.9378053532356
VUT,Vanuatu,1997,3315.48137240776,4.90681267768768,,,,,,,,74.7627113694109
VUT,Vanuatu,1998,3285.13835226801,1.17685436113621,0.639759063720703,,,,,,,74.635800104969
VUT,Vanuatu,1999,3228.59180513043,0.337293221894313,,,,,,,,74.5083989031129
VUT,Vanuatu,2000,3342.16726611558,5.92480905652914,0.639512836933136,,,,,,,74.2168932090688
VUT,Vanuatu,2001,3148.33464010842,-3.39758248938256,,,,,,,,74.2564684345551
VUT,Vanuatu,2002,2911.04134701793,-5.19831875936035,0.810420453548431,,,,,,,74.2975587286964
VUT,Vanuatu,2003,2962.03107292132,4.28833511695458,0.73251885175705,,,,,,,74.3189536816243
VUT,Vanuatu,2004,3005.79726389788,3.98739280216962,0.27673327922821,,,,,,,74.2643043857101
VUT,Vanuatu,2005,3089.43704035765,5.30532647259227,0.195848137140274,,,,,,,74.148287609826
VUT,Vanuatu,2006,3270.70237527622,8.46069747205426,0.454070419073105,,,,,,,73.6407029724452
VUT,Vanuatu,2007,3283.36553319499,2.8758922877538,0.392457008361816,,,,,,,72.9658425223983
VUT,Vanuatu,2008,3381.38564426088,5.60099182147214,0.478367477655411,,,,,,,72.2142849469874
VUT,Vanuatu,2009,3396.73599458141,3.03730354099602,0.505319178104401,,,,,,,71.4837554085696
VUT,Vanuatu,2010,3359.84954476432,1.25886720329326,0.496133357286453,25.7,44.4,82,40.9,37.4,6.8,69.5082112443661
VUT,Vanuatu,2011,3390.96103912602,3.13980290023412,0.427274107933044,,,,,,,68.3341539471525
VUT,Vanuatu,2012,3350.77088958974,1.01004768692042,0.395672678947449,,,,,,,67.1776384874368
VUT,Vanuatu,2013,3292.23424552549,0.463390415135095,0.437832355499268,,,,,,,65.98085149725
VUT,Vanuatu,2014,3302.29177948687,2.5750403162878,0.591267049312592,,,,,,,64.8168418367889
VUT,Vanuatu,2015,3357.63888534014,3.96591946444873,0.592905163764954,,,,,,,63.5840889703327
VUT,Vanuatu,2016,3397.76730446483,3.47154471544715,0.663929641246796,,,,,,,62.4078829251998
VUT,Vanuatu,2017,3465.91968561101,4.41266598569969,0.694491624832153,,,,,,,61.1323641928079
VUT,Vanuatu,2018,3482.02272525905,2.90023027256446,0.51628303527832,,,,,,,59.8761134432272
VUT,Vanuatu,2019,3512.07197251664,3.24118765540442,0.641337275505066,19.5,36.9,81.3,36.5,32.3,7.6,58.5595719453987
VUT,Vanuatu,2020,3259.99543753198,-4.99249142889525,0.648328363895416,,,,,,,58.5314919521661
VUT,Vanuatu,2021,3135.83664945678,-1.55229489129462,0.719443202018738,,,,,,,57.9555872957662
VUT,Vanuatu,2022,3222.83595459346,5.18622862422562,0.585711419582367,,,,,,,57.9372628049986
VUT,Vanuatu,2023,3214.70244012121,2.093743250054,0.627497434616089,,,,,,,57.9761151896762
VUT,Vanuatu,2024,3172.04772751391,0.942185362275907,,,,,,,,57.99170272561
VUT,Vanuatu,2025,,,,,,,,,,57.9911422643023
WSM,Samoa,1995,4077.99085675777,6.6736431464967,,,,,,,,45.8523452387196
WSM,Samoa,1996,4333.51287211017,7.17896881783187,0.736145615577698,,,,,,,45.6165434509694
WSM,Samoa,1997,4325.13822221329,0.643425004323134,,,,,,,,45.4383167527471
WSM,Samoa,1998,4386.51915961412,2.19488971786478,0.674378454685211,,,,,,,45.2211028357152
WSM,Samoa,1999,4448.31977912795,2.18543437397388,,,,,,,,45.0463034818149
WSM,Samoa,2000,4638.59446502597,5.09304469244418,0.796699821949005,,,,,,,44.7686047313608
WSM,Samoa,2001,4941.1152254089,7.39012906172989,,,,,,,,44.4281322325468
WSM,Samoa,2002,5183.45456244226,5.65195919890348,0.758520305156708,5.9,15,51.8,18.3,40.7,6.3,44.1317941317942
WSM,Samoa,2003,5425.44383557984,5.21262892634149,0.75319230556488,,,,,,,43.8174471930034
WSM,Samoa,2004,5568.34734622238,3.0872602379675,0.683035671710968,,,,,,,43.5664193515601
WSM,Samoa,2005,5914.889706043,6.63920361300734,0.637201309204102,,,,,,,43.2718256645527
WSM,Samoa,2006,6017.47704264273,2.13212714677351,0.637410521507263,,,,,,,43.1098368626662
WSM,Samoa,2007,6013.27628827659,0.485982550017255,0.608309805393219,,,,,,,42.8887226792986
WSM,Samoa,2008,6182.76327854773,3.55610467395,0.575985312461853,3.7,12.3,49.6,17.2,42,6.4,42.8218148245845
WSM,Samoa,2009,6104.12751491364,-0.541677601834593,0.539696216583252,,,,,,,42.933912645781
WSM,Samoa,2010,6427.31156227699,6.1247199226125,0.434222996234894,,,,,,,42.8455456154308
WSM,Samoa,2011,6616.7710962495,3.84907794660396,0.402175754308701,,,,,,,42.7139652361969
WSM,Samoa,2012,6311.96070235073,-3.73213020890266,0.349973142147064,,,,,,,42.752453725051
WSM,Samoa,2013,6262.32372017912,0.107293276488932,0.402454197406769,4.5,11.5,49.4,16.3,38.7,6.8,42.8259736876384
WSM,Samoa,2014,6247.90480904724,0.659923768782861,0.665026843547821,,,,,,,42.9156653710304
WSM,Samoa,2015,6432.35979168526,3.8503618166494,0.735857427120209,,,,,,,42.9280118160801
WSM,Samoa,2016,6887.30523545286,7.9838628784713,0.774500846862793,,,,,,,42.8294511550415
WSM,Samoa,2017,6919.01572858501,1.40628239971301,0.776602804660797,,,,,,,42.7455303647606
WSM,Samoa,2018,6805.0451717529,-0.609647103380141,0.783751666545868,,,,,,,42.7301981411
WSM,Samoa,2019,7033.52113384547,4.45185891688691,0.786802053451538,,,,,,,42.5386394877125
WSM,Samoa,2020,6745.29241350438,-3.10864485863991,0.778863787651062,,,,,,,42.1858362281146
WSM,Samoa,2021,6350.11428353253,-5.04350521486909,0.74893718957901,,,,,,,41.6500762263474
WSM,Samoa,2022,6449.36505263744,2.26705055249026,1.00208926200867,,,,,,,42.0245623012537
WSM,Samoa,2023,7383.74570300182,15.2336106467304,1.01960289478302,,,,,,,42.0022616181513
WSM,Samoa,2024,7686.24942571869,4.74838445564714,,,,,,,,41.8674424947722
WSM,Samoa,2025,,,,,,,,,,41.6432865731463
XKX,Kosovo,1995,,,,,,,,,,
XKX,Kosovo,1996,,,-1.69988143444061,,,,,,,
XKX,Kosovo,1997,,,,,,,,,,
XKX,Kosovo,1998,,,-1.26876902580261,,,,,,,
XKX,Kosovo,1999,,,,,,,,,,
XKX,Kosovo,2000,,,-0.738669097423553,,,,,,,
XKX,Kosovo,2001,,,,,,,,,,
XKX,Kosovo,2002,,,-0.390101492404938,,,,,,,
XKX,Kosovo,2003,,,-0.321591943502426,11.7,33.5,81.3,34.1,29,9.1,
XKX,Kosovo,2004,,,-0.361318320035934,13,33.15,79.69999999999999,34.05,30.1,8.649999999999999,
XKX,Kosovo,2005,,,-0.372446328401566,14.3,32.8,78.1,34,31.2,8.2,
XKX,Kosovo,2006,,,-0.505195736885071,13.5,32.5,79.6,34.4,30.3,8.5,
XKX,Kosovo,2007,,,-0.31247279047966,12.5,30.333333333333332,77.6,32.666666666666664,30.8,8.333333333333334,
XKX,Kosovo,2008,7098.40301909042,,-0.313796252012253,11.5,28.166666666666668,75.6,30.933333333333334,31.3,8.166666666666666,
XKX,Kosovo,2009,7481.45889832785,5.03485413839893,-0.116848014295101,10.5,26,73.6,29.2,31.8,8,
XKX,Kosovo,2010,7877.10199850556,4.93995095961395,-0.180995032191277,10.6,26.1,71.1,28.9,33.3,7.8,
XKX,Kosovo,2011,8359.93621479336,6.31981022896761,-0.236089617013931,6.6,20,72.2,26.5,27.8,9,
XKX,Kosovo,2012,8431.66232694657,1.71219595890548,-0.223774790763855,3.9,12.4,59.4,19.3,29,8.8,
XKX,Kosovo,2013,8828.27683251638,5.34079911900278,-0.250489383935928,2.2,8,58.5,17,26.3,9.7,
XKX,Kosovo,2014,9150.74997293883,3.34880478431623,-0.201402097940445,3.3,11,57.5,17.8,27.3,9.1,
XKX,Kosovo,2015,9824.99105955319,5.91623128345211,-0.150895148515701,2.4,7.6,54.1,15.8,26.5,9.5,
XKX,Kosovo,2016,10434.8888259268,5.57177504731632,-0.148736447095871,2,8.5,53.4,15.3,26.7,9.4,
XKX,Kosovo,2017,10856.2902074239,4.82565565298054,-0.115523867309093,15.2,22.2,49.5,23.4,44.2,3.5,
XKX,Kosovo,2018,11188.2244627966,3.40663227056285,-0.137849971652031,20.7,28.1,54.7,28.1,44.6,3,
XKX,Kosovo,2019,11774.1178510908,4.75680057007834,-0.116050012409687,11.3,15.7,38.3,16.5,40.2,4.3,
XKX,Kosovo,2020,11137.5028560404,-5.34027547826166,-0.160262569785118,16.8,21.6,38.9,20.7,57.4,1.7,
XKX,Kosovo,2021,12362.4210181213,10.7456560819583,-0.0842717438936234,25,28.4,47,27.2,49.4,1.9,
XKX,Kosovo,2022,13022.4627441502,4.27849895827543,-0.0566455610096455,10,14.9,38.2,17,38.3,4.5,
XKX,Kosovo,2023,14240.2030320365,4.06762701436438,-0.0888094082474709,,,,,,,
XKX,Kosovo,2024,15716.2925564586,4.5730971681166,,,,,,,,
XKX,Kosovo,2025,,,,,,,,,,
YEM,"Yemen, Rep.",1995,,5.66937132228433,,,,,,,,43.5314676905576
YEM,"Yemen, Rep.",1996,,4.63496731668951,-0.681765139102936,,,,,,,43.2299234061804
YEM,"Yemen, Rep.",1997,,5.23111204040379,,,,,,,,43.0147838474595
YEM,"Yemen, Rep.",1998,,6.00669459871877,-0.777622282505035,15.4,31.9,73.9,32.3,35,7.1,42.9455416883938
YEM,"Yemen, Rep.",1999,,3.77553049612634,,,,,,,,42.6882021804465
YEM,"Yemen, Rep.",2000,,6.1819155928913,-0.801567316055298,,,,,,,42.3812845283479
YEM,"Yemen, Rep.",2001,,3.80364587188127,,,,,,,,42.2513879651037
YEM,"Yemen, Rep.",2002,,3.9352315052778,-1.16135859489441,,,,,,,42.1083800841767
YEM,"Yemen, Rep.",2003,,3.74739818489111,-0.892346799373627,,,,,,,41.9674854171372
YEM,"Yemen, Rep.",2004,,3.972696401183,-0.965285062789917,,,,,,,41.8289954498753
YEM,"Yemen, Rep.",2005,,5.59174807563268,-1.04973876476288,21.4,43.8,85.1,40.9,34.7,7.9,41.6853968704709
YEM,"Yemen, Rep.",2006,,3.17040935922364,-1.18712043762207,,,,,,,41.6267369663244
YEM,"Yemen, Rep.",2007,,3.33842795605096,-1.11243689060211,,,,,,,41.6181031923617
YEM,"Yemen, Rep.",2008,,3.64756947012633,-1.2209724187851,,,,,,,41.5759822407333
YEM,"Yemen, Rep.",2009,,3.86622951587742,-1.27136433124542,,,,,,,41.6480117140611
YEM,"Yemen, Rep.",2010,,7.70128607527964,-1.3312314748764,,,,,,,41.5814916665313
YEM,"Yemen, Rep.",2011,,-12.7148969035133,-1.39367055892944,,,,,,,41.8553555288121
YEM,"Yemen, Rep.",2012,,2.39299021364694,-1.35484611988068,,,,,,,42.145823842685
YEM,"Yemen, Rep.",2013,,4.82351908493912,-1.33372068405151,,,,,,,42.3445271975473
YEM,"Yemen, Rep.",2014,,-0.188690241954504,-1.30112385749817,33.3,57.7,88,47.9,36.7,7.3,42.5288486679773
YEM,"Yemen, Rep.",2015,,-27.9945462502541,-1.52349162101746,,,,,,,43.3313819649546
YEM,"Yemen, Rep.",2016,,-9.37512379736752,-1.69030523300171,,,,,,,43.9335072313411
YEM,"Yemen, Rep.",2017,,-5.07179568062152,-1.69112706184387,,,,,,,44.5528772190593
YEM,"Yemen, Rep.",2018,,0.752447592962554,-1.75979864597321,,,,,,,45.027139345149
YEM,"Yemen, Rep.",2019,,,-1.78001618385315,,,,,,,45.3462580031923
YEM,"Yemen, Rep.",2020,,,-1.76369047164917,,,,,,,45.9149186078608
YEM,"Yemen, Rep.",2021,,,-1.68072128295898,,,,,,,45.1400931896088
YEM,"Yemen, Rep.",2022,,,-1.61970317363739,,,,,,,45.2981754410567
YEM,"Yemen, Rep.",2023,,,-1.55021691322327,,,,,,,45.4223570511076
YEM,"Yemen, Rep.",2024,,,,,,,,,,45.5155998717321
YEM,"Yemen, Rep.",2025,,,,,,,,,,45.5903738313045
ZAF,South Africa,1995,10318.8385984353,3.10000000054411,,,,,,,,11.7558557809675
ZAF,South Africa,1996,10623.8603593151,4.29999999726792,0.841138541698456,,,,,,,11.6015790891841
ZAF,South Africa,1997,10770.2779624828,2.60000000146347,,,,,,,,11.444540797025
ZAF,South Africa,1998,10693.6882326622,0.50000000034143,0.846977770328522,,,,,,,11.2664588984351
ZAF,South Africa,1999,10831.6589617949,2.39999999746338,,,,,,,,11.0618955034736
ZAF,South Africa,2000,11183.825503143,4.20000000067826,0.746240437030792,47.9,59.3,78.5,50.6,57.8,3.1,10.8542944515209
ZAF,South Africa,2001,11387.492366782,2.70000000019104,,,,,,,,11.1841653983179
ZAF,South Africa,2002,11697.5657261687,3.70037440406668,0.659822225570679,,,,,,,11.0764812594225
ZAF,South Africa,2003,11923.1211013633,2.94907546754213,0.700217008590698,,,,,,,10.933164213919
ZAF,South Africa,2004,12341.2102655828,4.55455990721774,0.715736925601959,,,,,,,10.6926506633968
ZAF,South Africa,2005,12861.5633089114,5.27705197295467,0.649010360240936,42.1,56.2,75.6,46.6,64.8,2.6,11.493206122415
ZAF,South Africa,2006,13444.2332126058,5.60380645895889,0.651613116264343,38.16666666666667,52.13333333333333,72.76666666666667,43.666666666666664,64.2,2.6,11.4051682676142
ZAF,South Africa,2007,14016.2444716386,5.36047405394162,0.578765213489532,34.233333333333334,48.06666666666667,69.93333333333332,40.733333333333334,63.6,2.6,10.39877248942
ZAF,South Africa,2008,14297.6887802632,3.1910438863288,0.575648128986359,30.3,44,67.1,37.8,63,2.6,10.1976394135865
ZAF,South Africa,2009,13910.7017093394,-1.53808913525583,0.570525586605072,29.9,43.4,66.44999999999999,37.3,63.2,2.55,10.0888738153306
ZAF,South Africa,2010,14164.9958363115,3.03973288127956,0.602090120315552,29.5,42.8,65.8,36.8,63.4,2.5,10.1545710040399
ZAF,South Africa,2011,14434.2611456048,3.16855627858818,0.590838611125946,,,,,,,10.1369711997726
ZAF,South Africa,2012,14563.7624041032,2.39623238465745,0.5821533203125,,,,,,,10.0906489938623
ZAF,South Africa,2013,14681.096638957,2.48546800826588,0.600654542446136,,,,,,,9.52926646479828
ZAF,South Africa,2014,14643.3384782936,1.41382645223793,0.640296518802643,31.2,44.5,66.2,38.1,63,2.4,8.82636479182335
ZAF,South Africa,2015,14541.6748613669,1.32186223678229,0.648553431034088,,,,,,,9.42880408267633
ZAF,South Africa,2016,14501.2807823402,0.664552307858116,0.648330509662628,,,,,,,9.58536150079461
ZAF,South Africa,2017,14573.5980840004,1.15794695181735,0.630274713039398,,,,,,,9.92107982241673
ZAF,South Africa,2018,14553.5615668957,1.55678384721676,0.63723361492157,,,,,,,10.324177271824
ZAF,South Africa,2019,14352.6698709871,0.25993557687633,0.643925607204437,,,,,,,10.668395469952
ZAF,South Africa,2020,13250.5666594456,-6.1689177146757,0.690293967723846,,,,,,,10.682084671115
ZAF,South Africa,2021,13681.9548144813,4.85864865060148,0.783295750617981,,,,,,,11.0435630477309
ZAF,South Africa,2022,13767.4967589936,2.05813661692193,0.723274409770966,,,,,,,11.2608247273771
ZAF,South Africa,2023,13695.3755694076,0.80610455095804,0.744892179965973,,,,,,,10.9086745806021
ZAF,South Africa,2024,13597.6538495998,0.534843531905139,,,,,,,,11.6964885512944
ZAF,South Africa,2025,,,,,,,,,,11.6616912240674
ZMB,Zambia,1995,2119.95642928697,2.89766889341698,,,,,,,,81.3751505808419
ZMB,Zambia,1996,2197.19564925242,6.21854648894293,-0.334019482135773,56.1,70.3,90.2,59.1,48.3,4.5,81.4794400625553
ZMB,Zambia,1997,2223.45745445731,3.81400749718355,,56.35,70.69999999999999,90.4,59.45,48.7,4.4,81.5920993662602
ZMB,Zambia,1998,2157.57339335667,-0.38574614579035,-0.483754485845566,56.6,71.1,90.6,59.8,49.1,4.3,81.9295769345852
ZMB,Zambia,1999,2198.18912998648,4.6501897463741,,,,,,,,82.2160709621378
ZMB,Zambia,2000,2220.5653712714,3.89732294341896,-0.413114339113235,,,,,,,82.3000596311757
ZMB,Zambia,2001,2268.96965564597,5.31686827418419,,,,,,,,82.5314066821256
ZMB,Zambia,2002,2299.33289188114,4.50601428032604,-0.317013323307037,68,81.9,95.7,66.5,42.1,6.1,82.6845233014119
ZMB,Zambia,2003,2383.87611741089,6.94497398221223,-0.366780430078506,68.45,80.55000000000001,94.2,67,48.2,4.85,82.8174099769878
ZMB,Zambia,2004,2471.72073328685,7.03239511515218,-0.444224864244461,68.9,79.2,92.7,67.5,54.3,3.6,82.8720037658289
ZMB,Zambia,2005,2564.47560965912,7.23559900655543,-0.430345922708511,70.45,80.35,93,68.6,54.45,3.6,82.9977607644914
ZMB,Zambia,2006,2673.46151928529,7.90369444480079,-0.207338288426399,72,81.5,93.3,69.7,54.6,3.6,82.8973147923693
ZMB,Zambia,2007,2796.3529332184,8.35243624447406,-0.206985205411911,,,,,,,82.8638949113129
ZMB,Zambia,2008,2908.14362510668,7.77389581542363,-0.161100178956985,,,,,,,82.8442693062049
ZMB,Zambia,2009,3065.84420108998,9.2203484058663,-0.300323873758316,,,,,,,81.4209063694042
ZMB,Zambia,2010,3266.50749293828,10.2982233241213,-0.243015319108963,71.4,81.4,93.5,68.9,52,4.1,79.8929400787164
ZMB,Zambia,2011,3335.64339500657,5.56925219263019,-0.170420810580254,,,,,,,80.0728210869618
ZMB,Zambia,2012,3474.55252844092,7.59738104901994,-0.132826566696167,,,,,,,80.3499046032117
ZMB,Zambia,2013,3535.22449043144,5.05753695047252,-0.106101609766483,,,,,,,77.7627371499541
ZMB,Zambia,2014,3585.57748507131,4.69328316376705,-0.109524846076965,,,,,,,75.4257354059882
ZMB,Zambia,2015,3576.92544834125,2.92037511217961,-0.0665627419948578,67.9,78.4,92,67.2,55.8,3.1,73.3670077243661
ZMB,Zambia,2016,3598.17166023389,3.75510031678988,-0.300710409879684,,,,,,,73.0561645772012
ZMB,Zambia,2017,3612.50597664593,3.52586277149926,-0.335766673088074,,,,,,,72.8150326235867
ZMB,Zambia,2018,3646.95966481655,4.03449389667165,-0.336247116327286,,,,,,,72.5424232879474
ZMB,Zambia,2019,3591.56418883108,1.44130602603785,-0.30962148308754,,,,,,,73.1409816315656
ZMB,Zambia,2020,3391.59541156095,-2.78505506545167,-0.429177761077881,,,,,,,73.2657081622874
ZMB,Zambia,2021,3503.03491418372,6.23492204726448,-0.372968107461929,,,,,,,69.676612598137993
ZMB,Zambia,2022,3585.12379084347,5.21122360356247,-0.0794507637619972,71.7,81.4,94,69.6,51.5,3.9,70.8828492060876
ZMB,Zambia,2023,3673.4841969922,5.36794285493059,-0.0479462631046772,,,,,,,70.7345316379205
ZMB,Zambia,2024,3708.06904295647,3.82004825518591,,,,,,,,70.5071363665442
ZMB,Zambia,2025,,,,,,,,,,70.1693727926212
ZWE,Zimbabwe,1995,5964.5893804643,0.158034828064515,,,,,,,,65.6978488187114
ZWE,Zimbabwe,1996,6474.16018296527,10.3607384594087,-0.611550152301788,,,,,,,65.5821421694861
ZWE,Zimbabwe,1997,6524.06265782805,2.68054632259202,,,,,,,,65.5224440816768
ZWE,Zimbabwe,1998,6582.34841934183,2.88529516415583,-0.789812207221985,,,,,,,65.4670352401092
ZWE,Zimbabwe,1999,6423.70886833195,-0.817895267295725,,,,,,,,65.4558374526873
ZWE,Zimbabwe,2000,6170.33390832202,-3.05911780575599,-1.08538794517517,,,,,,,65.526625244323
ZWE,Zimbabwe,2001,6217.41179425199,1.43951727721958,,,,,,,,65.5333111275263
ZWE,Zimbabwe,2002,5610.19146861437,-8.89401285792752,-1.36336076259613,,,,,,,65.7251908223746
ZWE,Zimbabwe,2003,4601.6607468251,-16.9950733355763,-1.43119192123413,,,,,,,66.2434637344019
ZWE,Zimbabwe,2004,4287.59829196083,-5.80753964196205,-1.55357718467712,,,,,,,66.6492443522726
ZWE,Zimbabwe,2005,4004.66443720945,-5.71112541241364,-1.67494142055511,,,,,,,66.9351051344227
ZWE,Zimbabwe,2006,3819.2334285389,-3.46140290336963,-1.53924381732941,,,,,,,66.992796973406
ZWE,Zimbabwe,2007,3631.53761566256,-3.653250914872,-1.57152092456818,,,,,,,67.4371451919137
ZWE,Zimbabwe,2008,2954.09932377926,-17.6689987958491,-1.54903090000153,,,,,,,67.9678369055516
ZWE,Zimbabwe,2009,3299.41379594873,13.2720546167979,-1.53921008110046,,,,,,,68.4032749811382
ZWE,Zimbabwe,2010,3885.39378454343,19.6754077019323,-1.47518157958984,,,,,,,68.4340049602712
ZWE,Zimbabwe,2011,4358.92582649309,14.1939156801139,-1.46376252174377,35.7,53.5,83.2,45.9,43.2,5.8,68.243605592332
ZWE,Zimbabwe,2012,5003.48706186748,16.6654290410337,-1.47196817398071,,,,,,,68.3949814360478
ZWE,Zimbabwe,2013,5031.68744400391,1.98948554025198,-1.38633239269257,,,,,,,68.5723087765262
ZWE,Zimbabwe,2014,5081.11240399225,2.37698561663417,-1.25700736045837,,,,,,,68.8290755215442
ZWE,Zimbabwe,2015,5102.71432347607,1.77985356392176,-1.16633772850037,,,,,,,68.6252400493398
ZWE,Zimbabwe,2016,5070.40217016051,0.75579405855224,-1.1791604757309,,,,,,,68.4947893474576
ZWE,Zimbabwe,2017,5234.3838655748,4.73441117758482,-1.1963711977005,44.7,61.8,85.5,50.7,44.3,6,68.2286336799727
ZWE,Zimbabwe,2018,5415.46976371689,5.00992154297603,-1.13737499713898,46.95,63.199999999999996,85.85,52.150000000000006,47.3,5.4,68.1111849759016
ZWE,Zimbabwe,2019,4993.8438389475205,-6.33244976028571,-1.1648313999176,49.2,64.6,86.2,53.6,50.3,4.8,68.0433028047227
ZWE,Zimbabwe,2020,4527.71988082724,-7.81695060188729,-1.11459863185883,,,,,,,68.4628079855452
ZWE,Zimbabwe,2021,4827.0886936086,8.46801676808001,-1.14104509353638,,,,,,,68.4521889791146
ZWE,Zimbabwe,2022,5036.76136109489,6.13926327570213,-1.10950314998627,,,,,,,68.9300947854376
ZWE,Zimbabwe,2023,5218.02266462129,5.3508687909833,-1.09263300895691,,,,,,,68.4333523425461
ZWE,Zimbabwe,2024,5215.25301075742,1.74239524880791,,,,,,,,68.3413361041055
ZWE,Zimbabwe,2025,,,,,,,,,,68.2138898342322
