ISO3,Year,WID_income_share_bottom50
AND,1995,19.56
AND,1996,19.5
AND,1997,19.18
AND,1998,19.259999999999998
AND,1999,19.25
AND,2000,18.93
AND,2001,18.92
AND,2002,19.189999999999998
AND,2003,18.96
AND,2004,18.21
AND,2005,18.44
AND,2006,18.2
AND,2007,18.4
AND,2008,19.16
AND,2009,19.54
AND,2010,18.4
AND,2011,18.33
AND,2012,18.459999999999997
AND,2013,18.16
AND,2014,18.05
AND,2015,18.08
AND,2016,18.14
AND,2017,18.26
AND,2018,18.42
AND,2019,18.6
AND,2020,18.52
AND,2021,18.34
AND,2022,18.4
ARE,1995,10.08
ARE,1996,10.08
ARE,1997,10.08
ARE,1998,10.08
ARE,1999,10.01
ARE,2000,9.93
ARE,2001,9.84
ARE,2002,9.75
ARE,2003,9.66
ARE,2004,9.56
ARE,2005,9.45
ARE,2006,9.34
ARE,2007,9.21
ARE,2008,9.08
ARE,2009,8.94
ARE,2010,9.520000000000001
ARE,2011,10.100000000000001
ARE,2012,10.67
ARE,2013,11.23
ARE,2014,11.06
ARE,2015,11.51
ARE,2016,11.97
ARE,2017,12.44
ARE,2018,12.91
ARE,2019,12.91
ARE,2020,12.91
ARE,2021,12.91
ARE,2022,12.91
AFG,1995,17.169999999999998
AFG,1996,17.169999999999998
AFG,1997,17.169999999999998
AFG,1998,17.169999999999998
AFG,1999,17.169999999999998
AFG,2000,17.169999999999998
AFG,2001,17.169999999999998
AFG,2002,17.169999999999998
AFG,2003,17.169999999999998
AFG,2004,17.169999999999998
AFG,2005,17.169999999999998
AFG,2006,17.169999999999998
AFG,2007,17.169999999999998
AFG,2008,17.169999999999998
AFG,2009,17.849999999999998
AFG,2010,17.919999999999998
AFG,2011,18.6
AFG,2012,19
AFG,2013,18.73
AFG,2014,18.55
AFG,2015,18.48
AFG,2016,18.16
AFG,2017,17.79
AFG,2018,17.79
AFG,2019,17.79
AFG,2020,17.79
AFG,2021,17.79
AFG,2022,17.79
ATG,1995,8.04
ATG,1996,8.07
ATG,1997,8.110000000000001
ATG,1998,8.14
ATG,1999,8.18
ATG,2000,8.21
ATG,2001,8.260000000000002
ATG,2002,8.3
ATG,2003,8.35
ATG,2004,8.39
ATG,2005,8.43
ATG,2006,8.459999999999999
ATG,2007,8.5
ATG,2008,8.53
ATG,2009,8.57
ATG,2010,8.6
ATG,2011,9.17
ATG,2012,9.74
ATG,2013,10.299999999999999
ATG,2014,10.86
ATG,2015,11.41
ATG,2016,11.97
ATG,2017,12.509999999999998
ATG,2018,13.059999999999999
ATG,2019,13.600000000000001
ATG,2020,14.13
ATG,2021,14.13
ATG,2022,14.13
ALB,1995,18.91
ALB,1996,18.91
ALB,1997,18.63
ALB,1998,18.67
ALB,1999,18.490000000000002
ALB,2000,18.490000000000002
ALB,2001,18.3
ALB,2002,18.08
ALB,2003,18.16
ALB,2004,18.35
ALB,2005,18.52
ALB,2006,18.55
ALB,2007,18.89
ALB,2008,18.68
ALB,2009,19.11
ALB,2010,19.13
ALB,2011,19.040000000000003
ALB,2012,19.11
ALB,2013,17.97
ALB,2014,17.24
ALB,2015,17.65
ALB,2016,16.49
ALB,2017,17.06
ALB,2018,17.49
ALB,2019,18.32
ALB,2020,18.34
ALB,2021,17.94
ALB,2022,17.23
ARM,1995,16.07
ARM,1996,13.48
ARM,1997,14.23
ARM,1998,15.120000000000001
ARM,1999,15.68
ARM,2000,16.48
ARM,2001,17.02
ARM,2002,16.84
ARM,2003,17.53
ARM,2004,16.14
ARM,2005,16.48
ARM,2006,19.32
ARM,2007,18.56
ARM,2008,19.33
ARM,2009,19.74
ARM,2010,18.78
ARM,2011,19.48
ARM,2012,19.63
ARM,2013,19.06
ARM,2014,18.57
ARM,2015,18.029999999999998
ARM,2016,17.36
ARM,2017,16.830000000000002
ARM,2018,16.74
ARM,2019,18.59
ARM,2020,18.59
ARM,2021,18.59
ARM,2022,18.59
AGO,1995,9.15
AGO,1996,9.15
AGO,1997,9.15
AGO,1998,9.15
AGO,1999,9.15
AGO,2000,9.15
AGO,2001,9.53
AGO,2002,9.92
AGO,2003,10.299999999999999
AGO,2004,10.69
AGO,2005,11.07
AGO,2006,11.459999999999999
AGO,2007,11.85
AGO,2008,12.23
AGO,2009,11.91
AGO,2010,11.59
AGO,2011,11.27
AGO,2012,10.95
AGO,2013,10.63
AGO,2014,10.31
AGO,2015,9.99
AGO,2016,9.67
AGO,2017,9.36
AGO,2018,9.04
AGO,2019,9.04
AGO,2020,9.04
AGO,2021,9.04
AGO,2022,9.04
ARG,1995,8.17
ARG,1996,8.17
ARG,1997,8.17
ARG,1998,8.17
ARG,1999,8.17
ARG,2000,8.17
ARG,2001,7.03
ARG,2002,7.000000000000001
ARG,2003,9.65
ARG,2004,10.280000000000001
ARG,2005,10.92
ARG,2006,11.62
ARG,2007,11.450000000000001
ARG,2008,12.839999999999998
ARG,2009,12.21
ARG,2010,12.82
ARG,2011,13.66
ARG,2012,14.04
ARG,2013,13.969999999999999
ARG,2014,12.94
ARG,2015,13.120000000000001
ARG,2016,13.309999999999999
ARG,2017,13.459999999999999
ARG,2018,13.469999999999999
ARG,2019,12.659999999999998
ARG,2020,10.63
ARG,2021,13.22
ARG,2022,13.26
AUT,1995,22.99
AUT,1996,22.97
AUT,1997,22.79
AUT,1998,22.8
AUT,1999,23.44
AUT,2000,22.91
AUT,2001,23.31
AUT,2002,22.919999999999998
AUT,2003,22.869999999999997
AUT,2004,22.900000000000002
AUT,2005,23.03
AUT,2006,22.650000000000002
AUT,2007,22.6
AUT,2008,22.52
AUT,2009,22.8
AUT,2010,22.37
AUT,2011,22.439999999999998
AUT,2012,22.8
AUT,2013,23.04
AUT,2014,23.18
AUT,2015,23.06
AUT,2016,22.6
AUT,2017,23.02
AUT,2018,22.939999999999998
AUT,2019,23.26
AUT,2020,23.26
AUT,2021,23.32
AUT,2022,23.34
AUS,1995,18.47
AUS,1996,18.68
AUS,1997,18.54
AUS,1998,18.2
AUS,1999,17.990000000000002
AUS,2000,17.96
AUS,2001,18.63
AUS,2002,17.68
AUS,2003,18.13
AUS,2004,18.07
AUS,2005,17.59
AUS,2006,17.580000000000002
AUS,2007,17.88
AUS,2008,17.28
AUS,2009,17.66
AUS,2010,17.65
AUS,2011,17.76
AUS,2012,17.65
AUS,2013,17.52
AUS,2014,17.5
AUS,2015,17.169999999999998
AUS,2016,17.43
AUS,2017,17.299999999999997
AUS,2018,17.82
AUS,2019,17.23
AUS,2020,17.73
AUS,2021,17.380000000000003
AUS,2022,17.23
ABW,1995,8.04
ABW,1996,8.07
ABW,1997,8.110000000000001
ABW,1998,8.14
ABW,1999,8.18
ABW,2000,8.21
ABW,2001,8.260000000000002
ABW,2002,8.3
ABW,2003,8.35
ABW,2004,8.39
ABW,2005,8.43
ABW,2006,8.459999999999999
ABW,2007,8.5
ABW,2008,8.53
ABW,2009,8.57
ABW,2010,8.6
ABW,2011,9.17
ABW,2012,9.74
ABW,2013,10.299999999999999
ABW,2014,10.86
ABW,2015,11.41
ABW,2016,11.97
ABW,2017,12.509999999999998
ABW,2018,13.059999999999999
ABW,2019,13.600000000000001
ABW,2020,14.13
ABW,2021,14.13
ABW,2022,14.13
AZE,1995,14.82
AZE,1996,14.649999999999999
AZE,1997,14.610000000000001
AZE,1998,15
AZE,1999,14.93
AZE,2000,15.39
AZE,2001,15.629999999999999
AZE,2002,20.200000000000003
AZE,2003,20.26
AZE,2004,20.53
AZE,2005,19.49
AZE,2006,16.14
AZE,2007,15.379999999999999
AZE,2008,19.74
AZE,2009,20.01
AZE,2010,20.53
AZE,2011,20.080000000000002
AZE,2012,19.56
AZE,2013,19.939999999999998
AZE,2014,19.939999999999998
AZE,2015,20.41
AZE,2016,21.099999999999998
AZE,2017,20.330000000000002
AZE,2018,20.330000000000002
AZE,2019,20.330000000000002
AZE,2020,20.330000000000002
AZE,2021,20.330000000000002
AZE,2022,20.330000000000002
BIH,1995,20.68
BIH,1996,20.380000000000003
BIH,1997,20.05
BIH,1998,19.650000000000002
BIH,1999,19.5
BIH,2000,19.259999999999998
BIH,2001,18.9
BIH,2002,18.52
BIH,2003,17.98
BIH,2004,17.83
BIH,2005,17.93
BIH,2006,18.060000000000002
BIH,2007,17.97
BIH,2008,17.77
BIH,2009,17.87
BIH,2010,17.83
BIH,2011,17.79
BIH,2012,17.849999999999998
BIH,2013,18.18
BIH,2014,18.2
BIH,2015,18.22
BIH,2016,18.26
BIH,2017,18.18
BIH,2018,18.22
BIH,2019,18.34
BIH,2020,18.34
BIH,2021,18.310000000000002
BIH,2022,18.22
BRB,1995,8.04
BRB,1996,8.07
BRB,1997,8.110000000000001
BRB,1998,8.14
BRB,1999,8.18
BRB,2000,8.21
BRB,2001,8.260000000000002
BRB,2002,8.3
BRB,2003,8.35
BRB,2004,8.39
BRB,2005,8.43
BRB,2006,8.459999999999999
BRB,2007,8.5
BRB,2008,8.53
BRB,2009,8.57
BRB,2010,8.6
BRB,2011,9.17
BRB,2012,9.74
BRB,2013,10.299999999999999
BRB,2014,10.86
BRB,2015,11.41
BRB,2016,11.97
BRB,2017,12.509999999999998
BRB,2018,13.059999999999999
BRB,2019,13.600000000000001
BRB,2020,14.13
BRB,2021,14.13
BRB,2022,14.13
BGD,1995,16.25
BGD,1996,16.189999999999998
BGD,1997,16.11
BGD,1998,16.08
BGD,1999,15.920000000000002
BGD,2000,15.85
BGD,2001,15.82
BGD,2002,15.6
BGD,2003,15.299999999999999
BGD,2004,15.260000000000002
BGD,2005,15.160000000000002
BGD,2006,15.28
BGD,2007,15.329999999999998
BGD,2008,15.950000000000001
BGD,2009,16.220000000000002
BGD,2010,16.06
BGD,2011,16.35
BGD,2012,16.439999999999998
BGD,2013,16.56
BGD,2014,16.74
BGD,2015,17.02
BGD,2016,17.09
BGD,2017,17.080000000000002
BGD,2018,17.080000000000002
BGD,2019,17.080000000000002
BGD,2020,17.080000000000002
BGD,2021,17.080000000000002
BGD,2022,17.080000000000002
BEL,1995,20.78
BEL,1996,20.549999999999997
BEL,1997,20.49
BEL,1998,20.150000000000002
BEL,1999,19.93
BEL,2000,20
BEL,2001,20.29
BEL,2002,20.49
BEL,2003,20.14
BEL,2004,20.080000000000002
BEL,2005,20.23
BEL,2006,20.169999999999998
BEL,2007,20.03
BEL,2008,21
BEL,2009,21.09
BEL,2010,20.599999999999998
BEL,2011,21.15
BEL,2012,21.16
BEL,2013,21.07
BEL,2014,20.97
BEL,2015,20.96
BEL,2016,21.11
BEL,2017,21.15
BEL,2018,20.43
BEL,2019,20.380000000000003
BEL,2020,20.380000000000003
BEL,2021,20.330000000000002
BEL,2022,20.32
BFA,1995,10
BFA,1996,9.91
BFA,1997,9.81
BFA,1998,9.719999999999999
BFA,1999,10.17
BFA,2000,10.61
BFA,2001,11.05
BFA,2002,11.49
BFA,2003,11.940000000000001
BFA,2004,12.17
BFA,2005,12.41
BFA,2006,12.65
BFA,2007,12.889999999999999
BFA,2008,13.13
BFA,2009,13.370000000000001
BFA,2010,13.700000000000001
BFA,2011,14.030000000000001
BFA,2012,14.37
BFA,2013,14.7
BFA,2014,15.040000000000001
BFA,2015,14.280000000000001
BFA,2016,13.52
BFA,2017,12.770000000000001
BFA,2018,12.01
BFA,2019,12.8
BFA,2020,13.59
BFA,2021,14.38
BFA,2022,14.38
BGR,1995,17.78
BGR,1996,18.56
BGR,1997,18.58
BGR,1998,19.53
BGR,1999,19.81
BGR,2000,20.19
BGR,2001,19.67
BGR,2002,18.7
BGR,2003,19.34
BGR,2004,19.37
BGR,2005,19.07
BGR,2006,18.35
BGR,2007,18.87
BGR,2008,19.25
BGR,2009,19.689999999999998
BGR,2010,19.45
BGR,2011,19.48
BGR,2012,18.39
BGR,2013,19.63
BGR,2014,18.33
BGR,2015,17.94
BGR,2016,16.81
BGR,2017,16.16
BGR,2018,16.23
BGR,2019,16.76
BGR,2020,16.76
BGR,2021,16.17
BGR,2022,15.659999999999998
BHR,1995,10.89
BHR,1996,10.75
BHR,1997,10.61
BHR,1998,10.459999999999999
BHR,1999,10.31
BHR,2000,10.16
BHR,2001,10.01
BHR,2002,9.86
BHR,2003,9.700000000000001
BHR,2004,9.54
BHR,2005,9.379999999999999
BHR,2006,10.27
BHR,2007,11.25
BHR,2008,12.34
BHR,2009,13.54
BHR,2010,12.950000000000001
BHR,2011,12.389999999999999
BHR,2012,11.86
BHR,2013,11.35
BHR,2014,10.86
BHR,2015,10.38
BHR,2016,10.38
BHR,2017,10.38
BHR,2018,10.38
BHR,2019,10.38
BHR,2020,10.38
BHR,2021,10.38
BHR,2022,10.38
BDI,1995,14.499999999999998
BDI,1996,13.94
BDI,1997,13.38
BDI,1998,12.82
BDI,1999,13.18
BDI,2000,13.54
BDI,2001,13.900000000000002
BDI,2002,14.26
BDI,2003,14.62
BDI,2004,14.99
BDI,2005,15.35
BDI,2006,15.72
BDI,2007,15.47
BDI,2008,15.229999999999999
BDI,2009,14.99
BDI,2010,14.74
BDI,2011,14.499999999999998
BDI,2012,14.26
BDI,2013,14.02
BDI,2014,14.069999999999999
BDI,2015,14.13
BDI,2016,14.180000000000001
BDI,2017,14.24
BDI,2018,14.29
BDI,2019,14.35
BDI,2020,14.399999999999999
BDI,2021,14.399999999999999
BDI,2022,14.399999999999999
BEN,1995,13.88
BEN,1996,13.88
BEN,1997,13.88
BEN,1998,13.88
BEN,1999,13.88
BEN,2000,13.88
BEN,2001,13.88
BEN,2002,13.88
BEN,2003,13.88
BEN,2004,13.63
BEN,2005,13.38
BEN,2006,13.13
BEN,2007,12.889999999999999
BEN,2008,12.64
BEN,2009,12.389999999999999
BEN,2010,12.139999999999999
BEN,2011,11.899999999999999
BEN,2012,11.78
BEN,2013,11.66
BEN,2014,11.540000000000001
BEN,2015,11.42
BEN,2016,12.31
BEN,2017,13.22
BEN,2018,14.13
BEN,2019,14.67
BEN,2020,15.22
BEN,2021,15.76
BEN,2022,15.76
BMU,1995,20.74
BMU,1996,20.73
BMU,1997,20.73
BMU,1998,20.73
BMU,1999,20.72
BMU,2000,20.72
BMU,2001,20.27
BMU,2002,19.830000000000002
BMU,2003,19.400000000000002
BMU,2004,18.98
BMU,2005,18.57
BMU,2006,18.17
BMU,2007,17.78
BMU,2008,17.39
BMU,2009,17.02
BMU,2010,16.650000000000002
BMU,2011,16.55
BMU,2012,16.45
BMU,2013,16.36
BMU,2014,16.27
BMU,2015,16.189999999999998
BMU,2016,16.11
BMU,2017,16.03
BMU,2018,15.959999999999999
BMU,2019,15.89
BMU,2020,15.82
BMU,2021,15.82
BMU,2022,15.82
BRN,1995,18.6
BRN,1996,18.6
BRN,1997,18.6
BRN,1998,18.6
BRN,1999,18.6
BRN,2000,18.6
BRN,2001,18.6
BRN,2002,18.6
BRN,2003,18.6
BRN,2004,18.6
BRN,2005,18.6
BRN,2006,18.970000000000002
BRN,2007,19.220000000000002
BRN,2008,19.45
BRN,2009,19.470000000000002
BRN,2010,19.7
BRN,2011,20.07
BRN,2012,20.07
BRN,2013,19.89
BRN,2014,19.55
BRN,2015,19.38
BRN,2016,19.139999999999997
BRN,2017,19.189999999999998
BRN,2018,19.259999999999998
BRN,2019,19.259999999999998
BRN,2020,19.259999999999998
BRN,2021,19.259999999999998
BRN,2022,19.259999999999998
BOL,1995,8.39
BOL,1996,8.39
BOL,1997,8.39
BOL,1998,8.39
BOL,1999,8.39
BOL,2000,8.39
BOL,2001,8.02
BOL,2002,8.1
BOL,2003,8.48
BOL,2004,8.72
BOL,2005,8.7
BOL,2006,9.04
BOL,2007,8.92
BOL,2008,9.16
BOL,2009,9.33
BOL,2010,9.47
BOL,2011,9.78
BOL,2012,10.03
BOL,2013,10.09
BOL,2014,10.25
BOL,2015,10.31
BOL,2016,10.280000000000001
BOL,2017,10.2
BOL,2018,10.11
BOL,2019,10.15
BOL,2020,8.690000000000001
BOL,2021,9.49
BOL,2022,10.14
BRA,1995,9.120000000000001
BRA,1996,9.120000000000001
BRA,1997,9.120000000000001
BRA,1998,9.120000000000001
BRA,1999,9.120000000000001
BRA,2000,9.120000000000001
BRA,2001,9.120000000000001
BRA,2002,9.06
BRA,2003,9.370000000000001
BRA,2004,9.56
BRA,2005,9.07
BRA,2006,9.32
BRA,2007,9.969999999999999
BRA,2008,10.18
BRA,2009,10.35
BRA,2010,10.27
BRA,2011,10.2
BRA,2012,10.59
BRA,2013,10.82
BRA,2014,10.72
BRA,2015,10.33
BRA,2016,9.629999999999999
BRA,2017,9.64
BRA,2018,9.64
BRA,2019,10.03
BRA,2020,8.19
BRA,2021,8.23
BRA,2022,9.06
BHS,1995,8.39
BHS,1996,8.39
BHS,1997,8.39
BHS,1998,8.39
BHS,1999,8.39
BHS,2000,8.39
BHS,2001,8.02
BHS,2002,8.1
BHS,2003,8.48
BHS,2004,8.72
BHS,2005,8.7
BHS,2006,9.04
BHS,2007,8.92
BHS,2008,9.16
BHS,2009,9.33
BHS,2010,9.47
BHS,2011,9.78
BHS,2012,10.03
BHS,2013,10.09
BHS,2014,10.25
BHS,2015,10.31
BHS,2016,10.280000000000001
BHS,2017,10.2
BHS,2018,10.11
BHS,2019,10.15
BHS,2020,8.690000000000001
BHS,2021,9.49
BHS,2022,10.14
BTN,1995,12.25
BTN,1996,12.25
BTN,1997,12.25
BTN,1998,12.25
BTN,1999,12.25
BTN,2000,12.25
BTN,2001,12.25
BTN,2002,12.25
BTN,2003,12.25
BTN,2004,12.83
BTN,2005,13.29
BTN,2006,13.62
BTN,2007,13.850000000000001
BTN,2008,14.17
BTN,2009,14.219999999999999
BTN,2010,13.919999999999998
BTN,2011,14.099999999999998
BTN,2012,14.14
BTN,2013,14.299999999999999
BTN,2014,14.530000000000001
BTN,2015,14.829999999999998
BTN,2016,14.95
BTN,2017,15.040000000000001
BTN,2018,15.040000000000001
BTN,2019,15.040000000000001
BTN,2020,15.040000000000001
BTN,2021,15.040000000000001
BTN,2022,15.040000000000001
BWA,1995,6.16
BWA,1996,6.11
BWA,1997,6.05
BWA,1998,6
BWA,1999,5.949999999999999
BWA,2000,5.8999999999999995
BWA,2001,5.84
BWA,2002,5.79
BWA,2003,6
BWA,2004,6.2
BWA,2005,6.41
BWA,2006,6.619999999999999
BWA,2007,6.819999999999999
BWA,2008,7.03
BWA,2009,7.24
BWA,2010,7.3
BWA,2011,7.359999999999999
BWA,2012,7.430000000000001
BWA,2013,7.489999999999999
BWA,2014,7.55
BWA,2015,7.62
BWA,2016,7.62
BWA,2017,7.62
BWA,2018,7.62
BWA,2019,7.62
BWA,2020,7.62
BWA,2021,7.62
BWA,2022,7.62
BLR,1995,20.65
BLR,1996,20.04
BLR,1997,18.65
BLR,1998,18.56
BLR,1999,18.48
BLR,2000,18.89
BLR,2001,19.86
BLR,2002,20.01
BLR,2003,20.57
BLR,2004,21.34
BLR,2005,21.14
BLR,2006,21.14
BLR,2007,19.91
BLR,2008,20.169999999999998
BLR,2009,20.9
BLR,2010,20.8
BLR,2011,19.27
BLR,2012,20.69
BLR,2013,22.75
BLR,2014,22.1
BLR,2015,22.78
BLR,2016,22.770000000000003
BLR,2017,22.29
BLR,2018,22.650000000000002
BLR,2019,22.58
BLR,2020,22.58
BLR,2021,22.58
BLR,2022,22.58
BLZ,1995,8.39
BLZ,1996,8.39
BLZ,1997,8.39
BLZ,1998,8.39
BLZ,1999,8.39
BLZ,2000,8.39
BLZ,2001,8.02
BLZ,2002,8.1
BLZ,2003,8.48
BLZ,2004,8.72
BLZ,2005,8.7
BLZ,2006,9.04
BLZ,2007,8.92
BLZ,2008,9.16
BLZ,2009,9.33
BLZ,2010,9.47
BLZ,2011,9.78
BLZ,2012,10.03
BLZ,2013,10.09
BLZ,2014,10.25
BLZ,2015,10.31
BLZ,2016,10.280000000000001
BLZ,2017,10.2
BLZ,2018,10.11
BLZ,2019,10.15
BLZ,2020,8.690000000000001
BLZ,2021,9.49
BLZ,2022,10.14
CAN,1995,17.71
CAN,1996,17.52
CAN,1997,17.29
CAN,1998,17.21
CAN,1999,17.380000000000003
CAN,2000,17.02
CAN,2001,17.37
CAN,2002,17.24
CAN,2003,17.130000000000003
CAN,2004,17.01
CAN,2005,16.950000000000003
CAN,2006,16.75
CAN,2007,16.75
CAN,2008,17.03
CAN,2009,17.23
CAN,2010,17.05
CAN,2011,17.07
CAN,2012,17.21
CAN,2013,17.16
CAN,2014,17.349999999999998
CAN,2015,17.34
CAN,2016,17.8
CAN,2017,17.62
CAN,2018,17.849999999999998
CAN,2019,17.91
CAN,2020,16.91
CAN,2021,17.43
CAN,2022,16.919999999999998
COD,1995,12.520000000000001
COD,1996,12.520000000000001
COD,1997,12.520000000000001
COD,1998,12.520000000000001
COD,1999,12.520000000000001
COD,2000,12.520000000000001
COD,2001,12.520000000000001
COD,2002,12.520000000000001
COD,2003,12.520000000000001
COD,2004,12.520000000000001
COD,2005,12.53
COD,2006,12.55
COD,2007,12.559999999999999
COD,2008,12.58
COD,2009,12.590000000000002
COD,2010,12.61
COD,2011,12.620000000000001
COD,2012,12.64
COD,2013,12.5
COD,2014,12.370000000000001
COD,2015,12.23
COD,2016,12.1
COD,2017,11.959999999999999
COD,2018,11.83
COD,2019,11.690000000000001
COD,2020,11.559999999999999
COD,2021,11.559999999999999
COD,2022,11.559999999999999
CAF,1995,6.05
CAF,1996,6.17
CAF,1997,6.29
CAF,1998,6.41
CAF,1999,6.54
CAF,2000,6.660000000000001
CAF,2001,6.78
CAF,2002,6.9
CAF,2003,7.02
CAF,2004,7.1499999999999995
CAF,2005,7.2700000000000005
CAF,2006,7.39
CAF,2007,7.51
CAF,2008,7.630000000000001
CAF,2009,7.9799999999999995
CAF,2010,8.32
CAF,2011,8.66
CAF,2012,9.01
CAF,2013,9.35
CAF,2014,9.700000000000001
CAF,2015,10.05
CAF,2016,10.39
CAF,2017,10.74
CAF,2018,11.08
CAF,2019,11.43
CAF,2020,11.78
CAF,2021,12.13
CAF,2022,12.13
COG,1995,10.39
COG,1996,10.39
COG,1997,10.39
COG,1998,10.39
COG,1999,10.39
COG,2000,10.39
COG,2001,10.39
COG,2002,10.39
COG,2003,10.39
COG,2004,10.39
COG,2005,10.39
COG,2006,10.31
COG,2007,10.23
COG,2008,10.15
COG,2009,10.07
COG,2010,9.99
COG,2011,9.92
COG,2012,9.92
COG,2013,9.92
COG,2014,9.92
COG,2015,9.92
COG,2016,9.92
COG,2017,9.92
COG,2018,9.92
COG,2019,9.92
COG,2020,9.92
COG,2021,9.92
COG,2022,9.92
CHE,1995,24.19
CHE,1996,23.48
CHE,1997,23.27
CHE,1998,23
CHE,1999,23.23
CHE,2000,22.84
CHE,2001,22.95
CHE,2002,23.28
CHE,2003,22.52
CHE,2004,22.41
CHE,2005,21.88
CHE,2006,21.78
CHE,2007,22.220000000000002
CHE,2008,23.14
CHE,2009,22.91
CHE,2010,22
CHE,2011,22.189999999999998
CHE,2012,22.5
CHE,2013,22.35
CHE,2014,22.39
CHE,2015,22.5
CHE,2016,22.35
CHE,2017,22.59
CHE,2018,23.119999999999997
CHE,2019,23.31
CHE,2020,23.31
CHE,2021,23.24
CHE,2022,22.8
CIV,1995,12.879999999999999
CIV,1996,13.25
CIV,1997,13.63
CIV,1998,14.000000000000002
CIV,1999,13.77
CIV,2000,13.54
CIV,2001,13.309999999999999
CIV,2002,13.08
CIV,2003,12.950000000000001
CIV,2004,12.82
CIV,2005,12.690000000000001
CIV,2006,12.55
CIV,2007,12.42
CIV,2008,12.29
CIV,2009,12.379999999999999
CIV,2010,12.47
CIV,2011,12.559999999999999
CIV,2012,12.65
CIV,2013,12.740000000000002
CIV,2014,12.83
CIV,2015,12.920000000000002
CIV,2016,13.44
CIV,2017,13.96
CIV,2018,14.48
CIV,2019,14.760000000000002
CIV,2020,15.049999999999999
CIV,2021,15.329999999999998
CIV,2022,15.329999999999998
CHL,1995,7.5200000000000005
CHL,1996,7.5200000000000005
CHL,1997,7.5200000000000005
CHL,1998,7.5200000000000005
CHL,1999,7.5200000000000005
CHL,2000,7.5200000000000005
CHL,2001,7.779999999999999
CHL,2002,8.03
CHL,2003,8.28
CHL,2004,7.920000000000001
CHL,2005,7.5600000000000005
CHL,2006,7.199999999999999
CHL,2007,7.19
CHL,2008,7.180000000000001
CHL,2009,7.17
CHL,2010,6.83
CHL,2011,6.49
CHL,2012,6.819999999999999
CHL,2013,7.1499999999999995
CHL,2014,7.2700000000000005
CHL,2015,7.3999999999999995
CHL,2016,7.7
CHL,2017,8
CHL,2018,7.59
CHL,2019,7.180000000000001
CHL,2020,6.77
CHL,2021,7.48
CHL,2022,8.18
CMR,1995,11.51
CMR,1996,11.51
CMR,1997,11.68
CMR,1998,11.86
CMR,1999,12.030000000000001
CMR,2000,12.2
CMR,2001,12.379999999999999
CMR,2002,12.3
CMR,2003,12.23
CMR,2004,12.16
CMR,2005,12.08
CMR,2006,12.01
CMR,2007,11.940000000000001
CMR,2008,11.75
CMR,2009,11.559999999999999
CMR,2010,11.379999999999999
CMR,2011,11.19
CMR,2012,11
CMR,2013,10.82
CMR,2014,10.63
CMR,2015,10.879999999999999
CMR,2016,11.129999999999999
CMR,2017,11.379999999999999
CMR,2018,11.62
CMR,2019,11.87
CMR,2020,12.120000000000001
CMR,2021,12.370000000000001
CMR,2022,12.370000000000001
CHN,1995,18.17
CHN,1996,18.73
CHN,1997,18.759999999999998
CHN,1998,18.82
CHN,1999,18.18
CHN,2000,17.07
CHN,2001,16.520000000000003
CHN,2002,15.299999999999999
CHN,2003,14.89
CHN,2004,14.89
CHN,2005,14.17
CHN,2006,14.16
CHN,2007,14.01
CHN,2008,13.969999999999999
CHN,2009,13.900000000000002
CHN,2010,13.600000000000001
CHN,2011,13.850000000000001
CHN,2012,14.29
CHN,2013,13.79
CHN,2014,14.14
CHN,2015,14.12
CHN,2016,14.11
CHN,2017,13.86
CHN,2018,13.930000000000001
CHN,2019,13.98
CHN,2020,13.77
CHN,2021,13.74
CHN,2022,13.51
COL,1995,6.35
COL,1996,6.35
COL,1997,6.35
COL,1998,6.35
COL,1999,6.35
COL,2000,6.35
COL,2001,6.35
COL,2002,6.35
COL,2003,7.51
COL,2004,7.16
COL,2005,7.76
COL,2006,7.59
COL,2007,7.42
COL,2008,7.24
COL,2009,7.76
COL,2010,7.739999999999999
COL,2011,7.9
COL,2012,8.6
COL,2013,8.559999999999999
COL,2014,9.370000000000001
COL,2015,9.44
COL,2016,9.5
COL,2017,8.41
COL,2018,8.07
COL,2019,7.62
COL,2020,5.609999999999999
COL,2021,6.36
COL,2022,5.84
CRI,1995,9.71
CRI,1996,9.71
CRI,1997,9.71
CRI,1998,9.71
CRI,1999,9.71
CRI,2000,9.71
CRI,2001,9.71
CRI,2002,9.71
CRI,2003,9.71
CRI,2004,9.71
CRI,2005,9.71
CRI,2006,9.71
CRI,2007,9.71
CRI,2008,9.71
CRI,2009,9.71
CRI,2010,9.71
CRI,2011,9.45
CRI,2012,9.35
CRI,2013,8.35
CRI,2014,8.459999999999999
CRI,2015,8.32
CRI,2016,8.15
CRI,2017,8.36
CRI,2018,8.260000000000002
CRI,2019,7.470000000000001
CRI,2020,5.07
CRI,2021,6.76
CRI,2022,8.62
CUB,1995,10.23
CUB,1996,10.23
CUB,1997,10.23
CUB,1998,10.23
CUB,1999,10.23
CUB,2000,10.23
CUB,2001,9.65
CUB,2002,9.69
CUB,2003,10.45
CUB,2004,10.85
CUB,2005,11.31
CUB,2006,11.85
CUB,2007,11.21
CUB,2008,12.120000000000001
CUB,2009,12.13
CUB,2010,12.46
CUB,2011,13.52
CUB,2012,13.65
CUB,2013,14.17
CUB,2014,14.21
CUB,2015,14.249999999999998
CUB,2016,14.149999999999999
CUB,2017,13.950000000000001
CUB,2018,13.700000000000001
CUB,2019,13.320000000000002
CUB,2020,11.940000000000001
CUB,2021,12.53
CUB,2022,13.08
CPV,1995,8.67
CPV,1996,8.67
CPV,1997,8.67
CPV,1998,8.67
CPV,1999,8.67
CPV,2000,8.67
CPV,2001,8.67
CPV,2002,8.98
CPV,2003,9.29
CPV,2004,9.6
CPV,2005,9.91
CPV,2006,10.22
CPV,2007,10.530000000000001
CPV,2008,10.76
CPV,2009,10.99
CPV,2010,11.219999999999999
CPV,2011,11.450000000000001
CPV,2012,11.68
CPV,2013,11.91
CPV,2014,12.15
CPV,2015,12.379999999999999
CPV,2016,12.379999999999999
CPV,2017,12.379999999999999
CPV,2018,12.379999999999999
CPV,2019,12.379999999999999
CPV,2020,12.379999999999999
CPV,2021,12.379999999999999
CPV,2022,12.379999999999999
CUW,1995,8.04
CUW,1996,8.07
CUW,1997,8.110000000000001
CUW,1998,8.14
CUW,1999,8.18
CUW,2000,8.21
CUW,2001,8.260000000000002
CUW,2002,8.3
CUW,2003,8.35
CUW,2004,8.39
CUW,2005,8.43
CUW,2006,8.459999999999999
CUW,2007,8.5
CUW,2008,8.53
CUW,2009,8.57
CUW,2010,8.6
CUW,2011,9.17
CUW,2012,9.74
CUW,2013,10.299999999999999
CUW,2014,10.86
CUW,2015,11.41
CUW,2016,11.97
CUW,2017,12.509999999999998
CUW,2018,13.059999999999999
CUW,2019,13.600000000000001
CUW,2020,14.13
CUW,2021,14.13
CUW,2022,14.13
CYP,1995,18.68
CYP,1996,18.85
CYP,1997,19.23
CYP,1998,17.53
CYP,1999,18.970000000000002
CYP,2000,19.46
CYP,2001,19.02
CYP,2002,18.37
CYP,2003,18.89
CYP,2004,20.979999999999997
CYP,2005,21.45
CYP,2006,20.84
CYP,2007,21.04
CYP,2008,19.71
CYP,2009,19.27
CYP,2010,19.919999999999998
CYP,2011,18.16
CYP,2012,17.919999999999998
CYP,2013,16.91
CYP,2014,17.75
CYP,2015,17.54
CYP,2016,18.65
CYP,2017,19.39
CYP,2018,18.92
CYP,2019,20.34
CYP,2020,20.34
CYP,2021,20.62
CYP,2022,20.830000000000002
CZE,1995,25.35
CZE,1996,24.97
CZE,1997,25.5
CZE,1998,25.21
CZE,1999,25.3
CZE,2000,25.28
CZE,2001,25.230000000000004
CZE,2002,25.900000000000002
CZE,2003,25.790000000000003
CZE,2004,25.11
CZE,2005,25.2
CZE,2006,24.62
CZE,2007,24.86
CZE,2008,24.169999999999998
CZE,2009,25.44
CZE,2010,25.040000000000003
CZE,2011,26.009999999999998
CZE,2012,25.290000000000003
CZE,2013,26.08
CZE,2014,25.03
CZE,2015,24.51
CZE,2016,25.36
CZE,2017,25.130000000000003
CZE,2018,25.34
CZE,2019,25.319999999999997
CZE,2020,25.319999999999997
CZE,2021,25.31
CZE,2022,25.3
DEU,1995,23.09
DEU,1996,22.48
DEU,1997,22.009999999999998
DEU,1998,21.51
DEU,1999,21.55
DEU,2000,21.62
DEU,2001,21.529999999999998
DEU,2002,20.96
DEU,2003,21.490000000000002
DEU,2004,21.05
DEU,2005,19.8
DEU,2006,19.72
DEU,2007,19.1
DEU,2008,19.09
DEU,2009,19.11
DEU,2010,19.31
DEU,2011,19.08
DEU,2012,18.970000000000002
DEU,2013,18.27
DEU,2014,18.14
DEU,2015,18.240000000000002
DEU,2016,18.43
DEU,2017,18.58
DEU,2018,18.85
DEU,2019,18.8
DEU,2020,18.8
DEU,2021,18.82
DEU,2022,18.78
DJI,1995,13.469999999999999
DJI,1996,13.469999999999999
DJI,1997,13.469999999999999
DJI,1998,13.469999999999999
DJI,1999,13.469999999999999
DJI,2000,13.469999999999999
DJI,2001,13.469999999999999
DJI,2002,13.469999999999999
DJI,2003,13.320000000000002
DJI,2004,13.170000000000002
DJI,2005,13.01
DJI,2006,12.86
DJI,2007,12.709999999999999
DJI,2008,12.559999999999999
DJI,2009,12.4
DJI,2010,12.25
DJI,2011,12.1
DJI,2012,11.95
DJI,2013,12.04
DJI,2014,12.31
DJI,2015,12.57
DJI,2016,12.83
DJI,2017,13.089999999999998
DJI,2018,13.089999999999998
DJI,2019,13.089999999999998
DJI,2020,13.089999999999998
DJI,2021,13.089999999999998
DJI,2022,13.089999999999998
DNK,1995,24.82
DNK,1996,24.740000000000002
DNK,1997,24.240000000000002
DNK,1998,24.32
DNK,1999,23.75
DNK,2000,23.51
DNK,2001,24.2
DNK,2002,24.37
DNK,2003,25.19
DNK,2004,24.6
DNK,2005,24.060000000000002
DNK,2006,23.86
DNK,2007,24.19
DNK,2008,23.65
DNK,2009,24.060000000000002
DNK,2010,22.98
DNK,2011,22.79
DNK,2012,22.71
DNK,2013,22.13
DNK,2014,21.89
DNK,2015,21.95
DNK,2016,21.81
DNK,2017,21.66
DNK,2018,21.5
DNK,2019,21.62
DNK,2020,21.62
DNK,2021,21.560000000000002
DNK,2022,21.560000000000002
DMA,1995,8.04
DMA,1996,8.07
DMA,1997,8.110000000000001
DMA,1998,8.14
DMA,1999,8.18
DMA,2000,8.21
DMA,2001,8.260000000000002
DMA,2002,8.3
DMA,2003,8.35
DMA,2004,8.39
DMA,2005,8.43
DMA,2006,8.459999999999999
DMA,2007,8.5
DMA,2008,8.53
DMA,2009,8.57
DMA,2010,8.6
DMA,2011,9.17
DMA,2012,9.74
DMA,2013,10.299999999999999
DMA,2014,10.86
DMA,2015,11.41
DMA,2016,11.97
DMA,2017,12.509999999999998
DMA,2018,13.059999999999999
DMA,2019,13.600000000000001
DMA,2020,14.13
DMA,2021,14.13
DMA,2022,14.13
DOM,1995,8.36
DOM,1996,8.36
DOM,1997,8.36
DOM,1998,8.36
DOM,1999,8.36
DOM,2000,8.36
DOM,2001,8.36
DOM,2002,8.36
DOM,2003,8.36
DOM,2004,8.36
DOM,2005,8.36
DOM,2006,8.36
DOM,2007,8.36
DOM,2008,8.36
DOM,2009,8.36
DOM,2010,8.36
DOM,2011,8.36
DOM,2012,8.36
DOM,2013,7.86
DOM,2014,8.27
DOM,2015,8.260000000000002
DOM,2016,8.77
DOM,2017,9.719999999999999
DOM,2018,9.5
DOM,2019,10.6
DOM,2020,9.76
DOM,2021,10.73
DOM,2022,11.52
DZA,1995,15.079999999999998
DZA,1996,15.079999999999998
DZA,1997,15.079999999999998
DZA,1998,15.079999999999998
DZA,1999,15.079999999999998
DZA,2000,15.079999999999998
DZA,2001,15.079999999999998
DZA,2002,15.079999999999998
DZA,2003,15.079999999999998
DZA,2004,15.079999999999998
DZA,2005,15.079999999999998
DZA,2006,15.079999999999998
DZA,2007,15.790000000000001
DZA,2008,16.5
DZA,2009,17.19
DZA,2010,17.88
DZA,2011,18.55
DZA,2012,17.18
DZA,2013,15.78
DZA,2014,15.78
DZA,2015,15.78
DZA,2016,15.78
DZA,2017,15.78
DZA,2018,15.78
DZA,2019,15.78
DZA,2020,15.78
DZA,2021,15.78
DZA,2022,15.78
ECU,1995,8.9
ECU,1996,8.9
ECU,1997,8.9
ECU,1998,8.9
ECU,1999,8.9
ECU,2000,8.9
ECU,2001,8.9
ECU,2002,9.120000000000001
ECU,2003,9.34
ECU,2004,9.69
ECU,2005,10.040000000000001
ECU,2006,10.979999999999999
ECU,2007,9.21
ECU,2008,10.13
ECU,2009,10.17
ECU,2010,9.92
ECU,2011,11.31
ECU,2012,10.81
ECU,2013,12.09
ECU,2014,13.51
ECU,2015,13.66
ECU,2016,13.63
ECU,2017,13.120000000000001
ECU,2018,12.6
ECU,2019,12.22
ECU,2020,10.51
ECU,2021,9.91
ECU,2022,10.73
EST,1995,14.799999999999999
EST,1996,15.049999999999999
EST,1997,15.22
EST,1998,15.89
EST,1999,15.920000000000002
EST,2000,15.190000000000001
EST,2001,15.540000000000001
EST,2002,14.91
EST,2003,13.930000000000001
EST,2004,15.129999999999999
EST,2005,14.77
EST,2006,15.8
EST,2007,16.509999999999998
EST,2008,17.64
EST,2009,18.990000000000002
EST,2010,18.05
EST,2011,17.380000000000003
EST,2012,16.82
EST,2013,15.85
EST,2014,16.150000000000002
EST,2015,17.26
EST,2016,17.79
EST,2017,18
EST,2018,18.12
EST,2019,16.619999999999997
EST,2020,16.619999999999997
EST,2021,16.24
EST,2022,15.840000000000002
EGY,1995,17.57
EGY,1996,16.81
EGY,1997,16.09
EGY,1998,15.409999999999998
EGY,1999,14.760000000000002
EGY,2000,14.78
EGY,2001,14.799999999999999
EGY,2002,14.829999999999998
EGY,2003,14.85
EGY,2004,14.87
EGY,2005,14.85
EGY,2006,14.829999999999998
EGY,2007,14.81
EGY,2008,14.790000000000001
EGY,2009,15.39
EGY,2010,15.98
EGY,2011,15.45
EGY,2012,14.93
EGY,2013,14.78
EGY,2014,14.64
EGY,2015,14.510000000000002
EGY,2016,14.75
EGY,2017,14.979999999999999
EGY,2018,14.99
EGY,2019,15
EGY,2020,15.57
EGY,2021,15.57
EGY,2022,15.57
ERI,1995,11.360000000000001
ERI,1996,12.93
ERI,1997,14.510000000000002
ERI,1998,16.1
ERI,1999,17.69
ERI,2000,17.66
ERI,2001,17.62
ERI,2002,17.59
ERI,2003,17.549999999999997
ERI,2004,17.52
ERI,2005,17.349999999999998
ERI,2006,17.169999999999998
ERI,2007,17
ERI,2008,16.830000000000002
ERI,2009,16.66
ERI,2010,16.49
ERI,2011,16.36
ERI,2012,16.23
ERI,2013,16.1
ERI,2014,15.97
ERI,2015,15.83
ERI,2016,16.09
ERI,2017,16.34
ERI,2018,16.59
ERI,2019,16.84
ERI,2020,17.09
ERI,2021,17.34
ERI,2022,17.34
ESP,1995,19.31
ESP,1996,19.52
ESP,1997,20.119999999999997
ESP,1998,19.900000000000002
ESP,1999,19.71
ESP,2000,20.24
ESP,2001,20.36
ESP,2002,20.46
ESP,2003,20.34
ESP,2004,20.45
ESP,2005,20.61
ESP,2006,20.59
ESP,2007,20.46
ESP,2008,20.36
ESP,2009,19.950000000000003
ESP,2010,20.62
ESP,2011,20.65
ESP,2012,20.87
ESP,2013,20.62
ESP,2014,20.54
ESP,2015,20.369999999999997
ESP,2016,20.23
ESP,2017,20.630000000000003
ESP,2018,21.07
ESP,2019,21.22
ESP,2020,21.22
ESP,2021,21.22
ESP,2022,21.33
ETH,1995,11.360000000000001
ETH,1996,12.93
ETH,1997,14.510000000000002
ETH,1998,16.1
ETH,1999,17.69
ETH,2000,17.66
ETH,2001,17.62
ETH,2002,17.59
ETH,2003,17.549999999999997
ETH,2004,17.52
ETH,2005,17.349999999999998
ETH,2006,17.169999999999998
ETH,2007,17
ETH,2008,16.830000000000002
ETH,2009,16.66
ETH,2010,16.49
ETH,2011,16.36
ETH,2012,16.23
ETH,2013,16.1
ETH,2014,15.97
ETH,2015,15.83
ETH,2016,16.09
ETH,2017,16.34
ETH,2018,16.59
ETH,2019,16.84
ETH,2020,17.09
ETH,2021,17.34
ETH,2022,17.34
FIN,1995,23.549999999999997
FIN,1996,23.34
FIN,1997,22.93
FIN,1998,22.919999999999998
FIN,1999,23.06
FIN,2000,22.470000000000002
FIN,2001,22.73
FIN,2002,22.98
FIN,2003,22.89
FIN,2004,22.71
FIN,2005,22.770000000000003
FIN,2006,22.220000000000002
FIN,2007,22.29
FIN,2008,21.38
FIN,2009,21.66
FIN,2010,21.21
FIN,2011,21.279999999999998
FIN,2012,21.52
FIN,2013,21.85
FIN,2014,21.759999999999998
FIN,2015,21.37
FIN,2016,21.59
FIN,2017,21.55
FIN,2018,21.66
FIN,2019,21.8
FIN,2020,21.8
FIN,2021,21.88
FIN,2022,21.87
FJI,1995,20.74
FJI,1996,20.73
FJI,1997,20.73
FJI,1998,20.73
FJI,1999,20.72
FJI,2000,20.72
FJI,2001,20.27
FJI,2002,19.830000000000002
FJI,2003,19.400000000000002
FJI,2004,18.98
FJI,2005,18.57
FJI,2006,18.17
FJI,2007,17.78
FJI,2008,17.39
FJI,2009,17.02
FJI,2010,16.650000000000002
FJI,2011,16.55
FJI,2012,16.45
FJI,2013,16.36
FJI,2014,16.27
FJI,2015,16.189999999999998
FJI,2016,16.11
FJI,2017,16.03
FJI,2018,15.959999999999999
FJI,2019,15.89
FJI,2020,15.82
FJI,2021,15.82
FJI,2022,15.82
FSM,1995,20.74
FSM,1996,20.73
FSM,1997,20.73
FSM,1998,20.73
FSM,1999,20.72
FSM,2000,20.72
FSM,2001,20.27
FSM,2002,19.830000000000002
FSM,2003,19.400000000000002
FSM,2004,18.98
FSM,2005,18.57
FSM,2006,18.17
FSM,2007,17.78
FSM,2008,17.39
FSM,2009,17.02
FSM,2010,16.650000000000002
FSM,2011,16.55
FSM,2012,16.45
FSM,2013,16.36
FSM,2014,16.27
FSM,2015,16.189999999999998
FSM,2016,16.11
FSM,2017,16.03
FSM,2018,15.959999999999999
FSM,2019,15.89
FSM,2020,15.82
FSM,2021,15.82
FSM,2022,15.82
FRA,1995,21.310000000000002
FRA,1996,21.05
FRA,1997,20.73
FRA,1998,20.54
FRA,1999,20.61
FRA,2000,20.54
FRA,2001,20.669999999999998
FRA,2002,20.369999999999997
FRA,2003,20.19
FRA,2004,19.939999999999998
FRA,2005,20
FRA,2006,20.21
FRA,2007,19.85
FRA,2008,19.79
FRA,2009,20.32
FRA,2010,20.23
FRA,2011,20.43
FRA,2012,20.82
FRA,2013,20.919999999999998
FRA,2014,21.12
FRA,2015,20.549999999999997
FRA,2016,20.65
FRA,2017,20.59
FRA,2018,20.34
FRA,2019,20.48
FRA,2020,20.549999999999997
FRA,2021,20.26
FRA,2022,20.34
GAB,1995,12.509999999999998
GAB,1996,12.509999999999998
GAB,1997,12.509999999999998
GAB,1998,12.509999999999998
GAB,1999,12.509999999999998
GAB,2000,12.509999999999998
GAB,2001,12.509999999999998
GAB,2002,12.509999999999998
GAB,2003,12.509999999999998
GAB,2004,12.509999999999998
GAB,2005,12.509999999999998
GAB,2006,12.67
GAB,2007,12.83
GAB,2008,12.989999999999998
GAB,2009,13.15
GAB,2010,13.309999999999999
GAB,2011,13.459999999999999
GAB,2012,13.62
GAB,2013,13.780000000000001
GAB,2014,13.94
GAB,2015,14.099999999999998
GAB,2016,14.26
GAB,2017,14.42
GAB,2018,14.42
GAB,2019,14.42
GAB,2020,14.42
GAB,2021,14.42
GAB,2022,14.42
GBR,1995,18.709999999999997
GBR,1996,18.7
GBR,1997,18.709999999999997
GBR,1998,18.59
GBR,1999,18.240000000000002
GBR,2000,18.75
GBR,2001,18.509999999999998
GBR,2002,18.459999999999997
GBR,2003,18.04
GBR,2004,18.490000000000002
GBR,2005,18.15
GBR,2006,17.990000000000002
GBR,2007,18.35
GBR,2008,18.61
GBR,2009,17.630000000000003
GBR,2010,19.759999999999998
GBR,2011,19.439999999999998
GBR,2012,18.78
GBR,2013,18.29
GBR,2014,19.31
GBR,2015,19.86
GBR,2016,20.02
GBR,2017,20.34
GBR,2018,20.19
GBR,2019,20.29
GBR,2020,20.29
GBR,2021,20.169999999999998
GBR,2022,20.200000000000003
GRD,1995,8.04
GRD,1996,8.07
GRD,1997,8.110000000000001
GRD,1998,8.14
GRD,1999,8.18
GRD,2000,8.21
GRD,2001,8.260000000000002
GRD,2002,8.3
GRD,2003,8.35
GRD,2004,8.39
GRD,2005,8.43
GRD,2006,8.459999999999999
GRD,2007,8.5
GRD,2008,8.53
GRD,2009,8.57
GRD,2010,8.6
GRD,2011,9.17
GRD,2012,9.74
GRD,2013,10.299999999999999
GRD,2014,10.86
GRD,2015,11.41
GRD,2016,11.97
GRD,2017,12.509999999999998
GRD,2018,13.059999999999999
GRD,2019,13.600000000000001
GRD,2020,14.13
GRD,2021,14.13
GRD,2022,14.13
GEO,1995,16.89
GEO,1996,14.499999999999998
GEO,1997,13.270000000000001
GEO,1998,12.620000000000001
GEO,1999,13.36
GEO,2000,13.320000000000002
GEO,2001,13.59
GEO,2002,14.6
GEO,2003,14.74
GEO,2004,14.93
GEO,2005,14.29
GEO,2006,14.31
GEO,2007,13.56
GEO,2008,13.79
GEO,2009,14.799999999999999
GEO,2010,14.19
GEO,2011,12.76
GEO,2012,14.32
GEO,2013,12.620000000000001
GEO,2014,14.729999999999999
GEO,2015,14.469999999999999
GEO,2016,13.77
GEO,2017,13.71
GEO,2018,13.819999999999999
GEO,2019,13.900000000000002
GEO,2020,13.900000000000002
GEO,2021,13.900000000000002
GEO,2022,13.900000000000002
GHA,1995,13.700000000000001
GHA,1996,13.600000000000001
GHA,1997,13.51
GHA,1998,13.41
GHA,1999,13.270000000000001
GHA,2000,13.13
GHA,2001,12.989999999999998
GHA,2002,12.86
GHA,2003,12.72
GHA,2004,12.58
GHA,2005,12.44
GHA,2006,12.45
GHA,2007,12.46
GHA,2008,12.47
GHA,2009,12.47
GHA,2010,12.479999999999999
GHA,2011,12.49
GHA,2012,12.5
GHA,2013,12.43
GHA,2014,12.35
GHA,2015,12.280000000000001
GHA,2016,12.21
GHA,2017,12.21
GHA,2018,12.21
GHA,2019,12.21
GHA,2020,12.21
GHA,2021,12.21
GHA,2022,12.21
GIB,1995,19.56
GIB,1996,19.5
GIB,1997,19.18
GIB,1998,19.259999999999998
GIB,1999,19.25
GIB,2000,18.93
GIB,2001,18.92
GIB,2002,19.189999999999998
GIB,2003,18.96
GIB,2004,18.21
GIB,2005,18.44
GIB,2006,18.2
GIB,2007,18.4
GIB,2008,19.16
GIB,2009,19.54
GIB,2010,18.4
GIB,2011,18.33
GIB,2012,18.459999999999997
GIB,2013,18.16
GIB,2014,18.05
GIB,2015,18.08
GIB,2016,18.14
GIB,2017,18.26
GIB,2018,18.42
GIB,2019,18.6
GIB,2020,18.52
GIB,2021,18.34
GIB,2022,18.4
GRL,1995,20.74
GRL,1996,20.73
GRL,1997,20.73
GRL,1998,20.73
GRL,1999,20.72
GRL,2000,20.72
GRL,2001,20.27
GRL,2002,19.830000000000002
GRL,2003,19.400000000000002
GRL,2004,18.98
GRL,2005,18.57
GRL,2006,18.17
GRL,2007,17.78
GRL,2008,17.39
GRL,2009,17.02
GRL,2010,16.650000000000002
GRL,2011,16.55
GRL,2012,16.45
GRL,2013,16.36
GRL,2014,16.27
GRL,2015,16.189999999999998
GRL,2016,16.11
GRL,2017,16.03
GRL,2018,15.959999999999999
GRL,2019,15.89
GRL,2020,15.82
GRL,2021,15.82
GRL,2022,15.82
GMB,1995,10.209999999999999
GMB,1996,10.209999999999999
GMB,1997,10.209999999999999
GMB,1998,10.209999999999999
GMB,1999,10.26
GMB,2000,10.299999999999999
GMB,2001,10.35
GMB,2002,10.4
GMB,2003,10.440000000000001
GMB,2004,10.65
GMB,2005,10.86
GMB,2006,11.06
GMB,2007,11.27
GMB,2008,11.48
GMB,2009,11.68
GMB,2010,11.89
GMB,2011,12.520000000000001
GMB,2012,13.139999999999999
GMB,2013,13.77
GMB,2014,14.39
GMB,2015,15.02
GMB,2016,14.790000000000001
GMB,2017,14.57
GMB,2018,14.34
GMB,2019,14.11
GMB,2020,13.889999999999999
GMB,2021,13.889999999999999
GMB,2022,13.889999999999999
GIN,1995,10.94
GIN,1996,11.1
GIN,1997,11.25
GIN,1998,11.41
GIN,1999,11.57
GIN,2000,11.73
GIN,2001,11.89
GIN,2002,12.04
GIN,2003,12.379999999999999
GIN,2004,12.72
GIN,2005,13.059999999999999
GIN,2006,13.4
GIN,2007,13.74
GIN,2008,14.23
GIN,2009,14.719999999999999
GIN,2010,15.21
GIN,2011,15.7
GIN,2012,16.189999999999998
GIN,2013,16.53
GIN,2014,16.86
GIN,2015,17.2
GIN,2016,17.53
GIN,2017,17.87
GIN,2018,18.2
GIN,2019,18.2
GIN,2020,18.2
GIN,2021,18.2
GIN,2022,18.2
GNQ,1995,13.94
GNQ,1996,13.94
GNQ,1997,13.94
GNQ,1998,13.94
GNQ,1999,13.94
GNQ,2000,13.94
GNQ,2001,13.94
GNQ,2002,13.94
GNQ,2003,13.94
GNQ,2004,13.94
GNQ,2005,13.94
GNQ,2006,13.94
GNQ,2007,13.94
GNQ,2008,13.94
GNQ,2009,13.94
GNQ,2010,13.94
GNQ,2011,13.94
GNQ,2012,13.94
GNQ,2013,13.94
GNQ,2014,13.94
GNQ,2015,13.94
GNQ,2016,13.94
GNQ,2017,13.94
GNQ,2018,13.94
GNQ,2019,13.94
GNQ,2020,13.94
GNQ,2021,13.94
GNQ,2022,13.94
GRC,1995,17.119999999999997
GRC,1996,17.03
GRC,1997,15.989999999999998
GRC,1998,15.659999999999998
GRC,1999,15.78
GRC,2000,15.15
GRC,2001,15.35
GRC,2002,16.830000000000002
GRC,2003,17.76
GRC,2004,17.73
GRC,2005,17.37
GRC,2006,18
GRC,2007,18.59
GRC,2008,19.86
GRC,2009,20.150000000000002
GRC,2010,19.39
GRC,2011,19.62
GRC,2012,19.580000000000002
GRC,2013,19.75
GRC,2014,18.6
GRC,2015,18.709999999999997
GRC,2016,19.43
GRC,2017,20.05
GRC,2018,20.9
GRC,2019,21.060000000000002
GRC,2020,21.060000000000002
GRC,2021,20.95
GRC,2022,20.53
GTM,1995,8.39
GTM,1996,8.39
GTM,1997,8.39
GTM,1998,8.39
GTM,1999,8.39
GTM,2000,8.39
GTM,2001,8.02
GTM,2002,8.1
GTM,2003,8.48
GTM,2004,8.72
GTM,2005,8.7
GTM,2006,9.04
GTM,2007,8.92
GTM,2008,9.16
GTM,2009,9.33
GTM,2010,9.47
GTM,2011,9.78
GTM,2012,10.03
GTM,2013,10.09
GTM,2014,10.25
GTM,2015,10.31
GTM,2016,10.280000000000001
GTM,2017,10.2
GTM,2018,10.11
GTM,2019,10.15
GTM,2020,8.690000000000001
GTM,2021,9.49
GTM,2022,10.14
GNB,1995,12.520000000000001
GNB,1996,12.920000000000002
GNB,1997,13.309999999999999
GNB,1998,13.71
GNB,1999,14.099999999999998
GNB,2000,14.499999999999998
GNB,2001,14.89
GNB,2002,15.290000000000001
GNB,2003,14.57
GNB,2004,13.86
GNB,2005,13.139999999999999
GNB,2006,12.43
GNB,2007,11.72
GNB,2008,11.01
GNB,2009,10.299999999999999
GNB,2010,9.59
GNB,2011,10.31
GNB,2012,11.03
GNB,2013,11.76
GNB,2014,12.479999999999999
GNB,2015,13.209999999999999
GNB,2016,13.94
GNB,2017,14.67
GNB,2018,15.4
GNB,2019,15.620000000000001
GNB,2020,15.83
GNB,2021,16.05
GNB,2022,16.05
GUY,1995,8.39
GUY,1996,8.39
GUY,1997,8.39
GUY,1998,8.39
GUY,1999,8.39
GUY,2000,8.39
GUY,2001,8.02
GUY,2002,8.1
GUY,2003,8.48
GUY,2004,8.72
GUY,2005,8.7
GUY,2006,9.04
GUY,2007,8.92
GUY,2008,9.16
GUY,2009,9.33
GUY,2010,9.47
GUY,2011,9.78
GUY,2012,10.03
GUY,2013,10.09
GUY,2014,10.25
GUY,2015,10.31
GUY,2016,10.280000000000001
GUY,2017,10.2
GUY,2018,10.11
GUY,2019,10.15
GUY,2020,8.690000000000001
GUY,2021,9.49
GUY,2022,10.14
HKG,1995,16.72
HKG,1996,16.78
HKG,1997,16.46
HKG,1998,16.150000000000002
HKG,1999,15.85
HKG,2000,15.559999999999999
HKG,2001,15.299999999999999
HKG,2002,14.74
HKG,2003,14.23
HKG,2004,13.76
HKG,2005,13.309999999999999
HKG,2006,12.889999999999999
HKG,2007,12.85
HKG,2008,12.809999999999999
HKG,2009,12.770000000000001
HKG,2010,12.73
HKG,2011,12.690000000000001
HKG,2012,12.889999999999999
HKG,2013,13.07
HKG,2014,13.25
HKG,2015,13.43
HKG,2016,13.59
HKG,2017,13.59
HKG,2018,13.59
HKG,2019,13.59
HKG,2020,13.59
HKG,2021,13.59
HKG,2022,13.59
HND,1995,8.39
HND,1996,8.39
HND,1997,8.39
HND,1998,8.39
HND,1999,8.39
HND,2000,8.39
HND,2001,8.02
HND,2002,8.1
HND,2003,8.48
HND,2004,8.72
HND,2005,8.7
HND,2006,9.04
HND,2007,8.92
HND,2008,9.16
HND,2009,9.33
HND,2010,9.47
HND,2011,9.78
HND,2012,10.03
HND,2013,10.09
HND,2014,10.25
HND,2015,10.31
HND,2016,10.280000000000001
HND,2017,10.2
HND,2018,10.11
HND,2019,10.15
HND,2020,8.690000000000001
HND,2021,9.49
HND,2022,10.14
HRV,1995,19.59
HRV,1996,19.67
HRV,1997,19.55
HRV,1998,18.77
HRV,1999,18.09
HRV,2000,19.16
HRV,2001,19.139999999999997
HRV,2002,19.86
HRV,2003,20.330000000000002
HRV,2004,19.939999999999998
HRV,2005,19.16
HRV,2006,19.45
HRV,2007,18.68
HRV,2008,18.82
HRV,2009,19.08
HRV,2010,19.220000000000002
HRV,2011,18.9
HRV,2012,18.84
HRV,2013,19.46
HRV,2014,19.02
HRV,2015,19.12
HRV,2016,19.43
HRV,2017,19.16
HRV,2018,18.990000000000002
HRV,2019,19.040000000000003
HRV,2020,19.040000000000003
HRV,2021,18.970000000000002
HRV,2022,18.98
HTI,1995,8.39
HTI,1996,8.39
HTI,1997,8.39
HTI,1998,8.39
HTI,1999,8.39
HTI,2000,8.39
HTI,2001,8.02
HTI,2002,8.1
HTI,2003,8.48
HTI,2004,8.72
HTI,2005,8.7
HTI,2006,9.04
HTI,2007,8.92
HTI,2008,9.16
HTI,2009,9.33
HTI,2010,9.47
HTI,2011,9.78
HTI,2012,10.03
HTI,2013,10.09
HTI,2014,10.25
HTI,2015,10.31
HTI,2016,10.280000000000001
HTI,2017,10.2
HTI,2018,10.11
HTI,2019,10.15
HTI,2020,8.690000000000001
HTI,2021,9.49
HTI,2022,10.14
HUN,1995,28.04
HUN,1996,27.93
HUN,1997,27.47
HUN,1998,27.49
HUN,1999,26.200000000000003
HUN,2000,26.44
HUN,2001,25.44
HUN,2002,24.55
HUN,2003,24.13
HUN,2004,24.91
HUN,2005,24.27
HUN,2006,23.05
HUN,2007,22.49
HUN,2008,23.13
HUN,2009,23.45
HUN,2010,23.04
HUN,2011,23.32
HUN,2012,23.65
HUN,2013,23.1
HUN,2014,23.02
HUN,2015,23.02
HUN,2016,23.21
HUN,2017,23.169999999999998
HUN,2018,22.45
HUN,2019,22.36
HUN,2020,22.36
HUN,2021,22.41
HUN,2022,22.23
IDN,1995,13.209999999999999
IDN,1996,12.989999999999998
IDN,1997,15.28
IDN,1998,17.8
IDN,1999,18.18
IDN,2000,18.01
IDN,2001,17.52
IDN,2002,17.349999999999998
IDN,2003,17.19
IDN,2004,16.49
IDN,2005,16.04
IDN,2006,16.55
IDN,2007,15.870000000000001
IDN,2008,13.420000000000002
IDN,2009,12.989999999999998
IDN,2010,14.91
IDN,2011,14.280000000000001
IDN,2012,14.790000000000001
IDN,2013,15.18
IDN,2014,15.14
IDN,2015,14.75
IDN,2016,15.14
IDN,2017,15.35
IDN,2018,12.45
IDN,2019,12.45
IDN,2020,12.45
IDN,2021,12.45
IDN,2022,12.45
IRL,1995,21.01
IRL,1996,22.49
IRL,1997,22.61
IRL,1998,21.83
IRL,1999,21.15
IRL,2000,20.64
IRL,2001,20.96
IRL,2002,21.3
IRL,2003,20.560000000000002
IRL,2004,19.91
IRL,2005,20.27
IRL,2006,19.57
IRL,2007,18.66
IRL,2008,19.91
IRL,2009,21.5
IRL,2010,20.830000000000002
IRL,2011,21.060000000000002
IRL,2012,20.78
IRL,2013,19.939999999999998
IRL,2014,19.46
IRL,2015,18.89
IRL,2016,19.02
IRL,2017,19.67
IRL,2018,19.900000000000002
IRL,2019,19.67
IRL,2020,19.67
IRL,2021,19.57
IRL,2022,19.54
ISR,1995,13.05
ISR,1996,12.950000000000001
ISR,1997,12.85
ISR,1998,12.78
ISR,1999,12.709999999999999
ISR,2000,12.64
ISR,2001,12.57
ISR,2002,12.36
ISR,2003,12.15
ISR,2004,11.95
ISR,2005,11.75
ISR,2006,11.700000000000001
ISR,2007,11.66
ISR,2008,11.690000000000001
ISR,2009,11.72
ISR,2010,11.76
ISR,2011,11.85
ISR,2012,11.95
ISR,2013,12.47
ISR,2014,12.959999999999999
ISR,2015,13.120000000000001
ISR,2016,13.28
ISR,2017,13.28
ISR,2018,13.28
ISR,2019,13.28
ISR,2020,13.28
ISR,2021,13.28
ISR,2022,13.28
IMN,1995,19.56
IMN,1996,19.5
IMN,1997,19.18
IMN,1998,19.259999999999998
IMN,1999,19.25
IMN,2000,18.93
IMN,2001,18.92
IMN,2002,19.189999999999998
IMN,2003,18.96
IMN,2004,18.21
IMN,2005,18.44
IMN,2006,18.2
IMN,2007,18.4
IMN,2008,19.16
IMN,2009,19.54
IMN,2010,18.4
IMN,2011,18.33
IMN,2012,18.459999999999997
IMN,2013,18.16
IMN,2014,18.05
IMN,2015,18.08
IMN,2016,18.14
IMN,2017,18.26
IMN,2018,18.42
IMN,2019,18.6
IMN,2020,18.52
IMN,2021,18.34
IMN,2022,18.4
IND,1995,18.9
IND,1996,19.05
IND,1997,18.83
IND,1998,18.7
IND,1999,18.64
IND,2000,18.54
IND,2001,18.14
IND,2002,17.73
IND,2003,17.32
IND,2004,16.900000000000002
IND,2005,16.48
IND,2006,16.07
IND,2007,15.64
IND,2008,15.21
IND,2009,14.77
IND,2010,14.330000000000002
IND,2011,13.73
IND,2012,13.459999999999999
IND,2013,13.389999999999999
IND,2014,13.13
IND,2015,12.97
IND,2016,12.559999999999999
IND,2017,12.389999999999999
IND,2018,12.809999999999999
IND,2019,13.07
IND,2020,13.719999999999999
IND,2021,13.639999999999999
IND,2022,13.25
IRQ,1995,11.83
IRQ,1996,11.83
IRQ,1997,11.83
IRQ,1998,11.83
IRQ,1999,11.83
IRQ,2000,11.83
IRQ,2001,11.83
IRQ,2002,11.83
IRQ,2003,11.83
IRQ,2004,11.83
IRQ,2005,11.83
IRQ,2006,11.83
IRQ,2007,11.83
IRQ,2008,12.35
IRQ,2009,12.83
IRQ,2010,13.28
IRQ,2011,13.69
IRQ,2012,12.97
IRQ,2013,16.520000000000003
IRQ,2014,15.690000000000001
IRQ,2015,14.829999999999998
IRQ,2016,13.950000000000001
IRQ,2017,13.04
IRQ,2018,12.11
IRQ,2019,11.15
IRQ,2020,10.17
IRQ,2021,9.15
IRQ,2022,8.110000000000001
IRN,1995,12.920000000000002
IRN,1996,13.03
IRN,1997,13.139999999999999
IRN,1998,12.659999999999998
IRN,1999,11.88
IRN,2000,11.68
IRN,2001,12.29
IRN,2002,12.15
IRN,2003,11.84
IRN,2004,11.93
IRN,2005,12.09
IRN,2006,12.15
IRN,2007,11.75
IRN,2008,14.27
IRN,2009,13.489999999999998
IRN,2010,12.98
IRN,2011,15.14
IRN,2012,13.91
IRN,2013,14.93
IRN,2014,15.07
IRN,2015,15.920000000000002
IRN,2016,16.1
IRN,2017,14.71
IRN,2018,14.77
IRN,2019,15.24
IRN,2020,16.21
IRN,2021,16.68
IRN,2022,17.37
ISL,1995,22.5
ISL,1996,22.32
ISL,1997,22.15
ISL,1998,21.93
ISL,1999,21.75
ISL,2000,21.85
ISL,2001,21.37
ISL,2002,21.21
ISL,2003,21.66
ISL,2004,22.3
ISL,2005,22.29
ISL,2006,21.86
ISL,2007,21.25
ISL,2008,23.68
ISL,2009,24.38
ISL,2010,24.55
ISL,2011,24.490000000000002
ISL,2012,24.51
ISL,2013,23.75
ISL,2014,23.919999999999998
ISL,2015,23.849999999999998
ISL,2016,24.13
ISL,2017,24.91
ISL,2018,25.490000000000002
ISL,2019,25.669999999999998
ISL,2020,25.669999999999998
ISL,2021,25.230000000000004
ISL,2022,25.69
ITA,1995,22.59
ITA,1996,22.17
ITA,1997,22.17
ITA,1998,21.54
ITA,1999,21.64
ITA,2000,21.23
ITA,2001,21.16
ITA,2002,21.81
ITA,2003,21.62
ITA,2004,22.34
ITA,2005,21.59
ITA,2006,21.68
ITA,2007,21.64
ITA,2008,21.68
ITA,2009,21.82
ITA,2010,21.490000000000002
ITA,2011,21.529999999999998
ITA,2012,21.240000000000002
ITA,2013,21.36
ITA,2014,21.2
ITA,2015,20.96
ITA,2016,20.68
ITA,2017,20.51
ITA,2018,20.43
ITA,2019,20.5
ITA,2020,20.5
ITA,2021,21.45
ITA,2022,21.68
JAM,1995,8.39
JAM,1996,8.39
JAM,1997,8.39
JAM,1998,8.39
JAM,1999,8.39
JAM,2000,8.39
JAM,2001,8.02
JAM,2002,8.1
JAM,2003,8.48
JAM,2004,8.72
JAM,2005,8.7
JAM,2006,9.04
JAM,2007,8.92
JAM,2008,9.16
JAM,2009,9.33
JAM,2010,9.47
JAM,2011,9.78
JAM,2012,10.03
JAM,2013,10.09
JAM,2014,10.25
JAM,2015,10.31
JAM,2016,10.280000000000001
JAM,2017,10.2
JAM,2018,10.11
JAM,2019,10.15
JAM,2020,8.690000000000001
JAM,2021,9.49
JAM,2022,10.14
JOR,1995,13.74
JOR,1996,14.430000000000001
JOR,1997,15.120000000000001
JOR,1998,14.78
JOR,1999,14.469999999999999
JOR,2000,14.17
JOR,2001,13.889999999999999
JOR,2002,13.63
JOR,2003,13.44
JOR,2004,13.26
JOR,2005,13.089999999999998
JOR,2006,12.94
JOR,2007,13.04
JOR,2008,13.139999999999999
JOR,2009,13.33
JOR,2010,13.530000000000001
JOR,2011,14.069999999999999
JOR,2012,14.23
JOR,2013,14.399999999999999
JOR,2014,14.399999999999999
JOR,2015,14.399999999999999
JOR,2016,14.399999999999999
JOR,2017,14.399999999999999
JOR,2018,14.399999999999999
JOR,2019,14.399999999999999
JOR,2020,14.399999999999999
JOR,2021,14.399999999999999
JOR,2022,14.399999999999999
JPN,1995,19.59
JPN,1996,18.970000000000002
JPN,1997,18.98
JPN,1998,18.88
JPN,1999,18.6
JPN,2000,18
JPN,2001,17.51
JPN,2002,17.03
JPN,2003,16.71
JPN,2004,16.3
JPN,2005,16.31
JPN,2006,16.33
JPN,2007,16.259999999999998
JPN,2008,16.71
JPN,2009,18.060000000000002
JPN,2010,18.26
JPN,2011,18.42
JPN,2012,18.35
JPN,2013,18.19
JPN,2014,18.21
JPN,2015,18.13
JPN,2016,18.18
JPN,2017,18.21
JPN,2018,18.21
JPN,2019,18.21
JPN,2020,18.21
JPN,2021,18.21
JPN,2022,18.21
KEN,1995,11.99
KEN,1996,11.63
KEN,1997,11.26
KEN,1998,11.219999999999999
KEN,1999,11.17
KEN,2000,11.12
KEN,2001,11.07
KEN,2002,11.020000000000001
KEN,2003,10.97
KEN,2004,10.93
KEN,2005,10.879999999999999
KEN,2006,11.09
KEN,2007,11.3
KEN,2008,11.52
KEN,2009,11.73
KEN,2010,11.940000000000001
KEN,2011,12.16
KEN,2012,12.370000000000001
KEN,2013,12.590000000000002
KEN,2014,12.8
KEN,2015,13.01
KEN,2016,13.4
KEN,2017,13.79
KEN,2018,14.180000000000001
KEN,2019,14.57
KEN,2020,14.96
KEN,2021,13.819999999999999
KEN,2022,14.23
KGZ,1995,20.69
KGZ,1996,19.15
KGZ,1997,17.599999999999998
KGZ,1998,16.05
KGZ,1999,17.48
KGZ,2000,18.63
KGZ,2001,18.07
KGZ,2002,18.060000000000002
KGZ,2003,18.87
KGZ,2004,15.22
KGZ,2005,16.1
KGZ,2006,14.879999999999999
KGZ,2007,16.61
KGZ,2008,17.22
KGZ,2009,17.25
KGZ,2010,17.630000000000003
KGZ,2011,18.77
KGZ,2012,19.189999999999998
KGZ,2013,18.85
KGZ,2014,20.01
KGZ,2015,19.09
KGZ,2016,19.2
KGZ,2017,18.32
KGZ,2018,17.94
KGZ,2019,16.869999999999997
KGZ,2020,16.869999999999997
KGZ,2021,16.869999999999997
KGZ,2022,16.869999999999997
KHM,1995,8.780000000000001
KHM,1996,8.780000000000001
KHM,1997,8.780000000000001
KHM,1998,8.780000000000001
KHM,1999,8.780000000000001
KHM,2000,8.780000000000001
KHM,2001,8.780000000000001
KHM,2002,8.780000000000001
KHM,2003,8.780000000000001
KHM,2004,8.780000000000001
KHM,2005,8.780000000000001
KHM,2006,8.780000000000001
KHM,2007,8.780000000000001
KHM,2008,8.780000000000001
KHM,2009,8.780000000000001
KHM,2010,9.8
KHM,2011,13.13
KHM,2012,13.68
KHM,2013,13.459999999999999
KHM,2014,13.84
KHM,2015,13.86
KHM,2016,13.84
KHM,2017,13.87
KHM,2018,13.91
KHM,2019,13.91
KHM,2020,13.91
KHM,2021,13.91
KHM,2022,13.91
KIR,1995,20.74
KIR,1996,20.73
KIR,1997,20.73
KIR,1998,20.73
KIR,1999,20.72
KIR,2000,20.72
KIR,2001,20.27
KIR,2002,19.830000000000002
KIR,2003,19.400000000000002
KIR,2004,18.98
KIR,2005,18.57
KIR,2006,18.17
KIR,2007,17.78
KIR,2008,17.39
KIR,2009,17.02
KIR,2010,16.650000000000002
KIR,2011,16.55
KIR,2012,16.45
KIR,2013,16.36
KIR,2014,16.27
KIR,2015,16.189999999999998
KIR,2016,16.11
KIR,2017,16.03
KIR,2018,15.959999999999999
KIR,2019,15.89
KIR,2020,15.82
KIR,2021,15.82
KIR,2022,15.82
COM,1995,7.7299999999999995
COM,1996,7.7299999999999995
COM,1997,7.7299999999999995
COM,1998,7.7299999999999995
COM,1999,7.7299999999999995
COM,2000,7.7299999999999995
COM,2001,7.7299999999999995
COM,2002,7.7299999999999995
COM,2003,7.7299999999999995
COM,2004,7.7299999999999995
COM,2005,8.09
COM,2006,8.459999999999999
COM,2007,8.83
COM,2008,9.19
COM,2009,9.56
COM,2010,9.93
COM,2011,10.290000000000001
COM,2012,10.66
COM,2013,11.03
COM,2014,11.39
COM,2015,11.39
COM,2016,11.39
COM,2017,11.39
COM,2018,11.39
COM,2019,11.39
COM,2020,11.39
COM,2021,11.39
COM,2022,11.39
KNA,1995,8.04
KNA,1996,8.07
KNA,1997,8.110000000000001
KNA,1998,8.14
KNA,1999,8.18
KNA,2000,8.21
KNA,2001,8.260000000000002
KNA,2002,8.3
KNA,2003,8.35
KNA,2004,8.39
KNA,2005,8.43
KNA,2006,8.459999999999999
KNA,2007,8.5
KNA,2008,8.53
KNA,2009,8.57
KNA,2010,8.6
KNA,2011,9.17
KNA,2012,9.74
KNA,2013,10.299999999999999
KNA,2014,10.86
KNA,2015,11.41
KNA,2016,11.97
KNA,2017,12.509999999999998
KNA,2018,13.059999999999999
KNA,2019,13.600000000000001
KNA,2020,14.13
KNA,2021,14.13
KNA,2022,14.13
PRK,1995,16.84
PRK,1996,17.14
PRK,1997,17.16
PRK,1998,17.2
PRK,1999,16.78
PRK,2000,16.07
PRK,2001,15.67
PRK,2002,14.97
PRK,2003,14.82
PRK,2004,14.84
PRK,2005,14.729999999999999
PRK,2006,14.93
PRK,2007,14.89
PRK,2008,14.87
PRK,2009,14.399999999999999
PRK,2010,14.030000000000001
PRK,2011,14.57
PRK,2012,15.110000000000001
PRK,2013,14.979999999999999
PRK,2014,15.24
PRK,2015,15.18
PRK,2016,15.120000000000001
PRK,2017,15.120000000000001
PRK,2018,15.120000000000001
PRK,2019,15.120000000000001
PRK,2020,15.120000000000001
PRK,2021,15.120000000000001
PRK,2022,15.120000000000001
KOR,1995,27.47
KOR,1996,25.83
KOR,1997,26.68
KOR,1998,25.96
KOR,1999,25.27
KOR,2000,22.98
KOR,2001,23.95
KOR,2002,23.31
KOR,2003,22.7
KOR,2004,22.1
KOR,2005,21.52
KOR,2006,20.380000000000003
KOR,2007,19.689999999999998
KOR,2008,19.39
KOR,2009,19.919999999999998
KOR,2010,19.470000000000002
KOR,2011,19.8
KOR,2012,20.19
KOR,2013,20.48
KOR,2014,20.32
KOR,2015,20.19
KOR,2016,18.099999999999998
KOR,2017,17.599999999999998
KOR,2018,17.72
KOR,2019,17.7
KOR,2020,17.54
KOR,2021,17.49
KOR,2022,17.630000000000003
KWT,1995,11.06
KWT,1996,11.06
KWT,1997,11.06
KWT,1998,11.06
KWT,1999,11.06
KWT,2000,11.06
KWT,2001,11.06
KWT,2002,11.06
KWT,2003,11.06
KWT,2004,11.06
KWT,2005,11.06
KWT,2006,11.06
KWT,2007,11.06
KWT,2008,11.18
KWT,2009,11.3
KWT,2010,11.44
KWT,2011,11.600000000000001
KWT,2012,11.77
KWT,2013,11.97
KWT,2014,16.32
KWT,2015,16.32
KWT,2016,16.32
KWT,2017,16.32
KWT,2018,16.32
KWT,2019,16.32
KWT,2020,16.32
KWT,2021,16.32
KWT,2022,16.32
CYM,1995,8.04
CYM,1996,8.07
CYM,1997,8.110000000000001
CYM,1998,8.14
CYM,1999,8.18
CYM,2000,8.21
CYM,2001,8.260000000000002
CYM,2002,8.3
CYM,2003,8.35
CYM,2004,8.39
CYM,2005,8.43
CYM,2006,8.459999999999999
CYM,2007,8.5
CYM,2008,8.53
CYM,2009,8.57
CYM,2010,8.6
CYM,2011,9.17
CYM,2012,9.74
CYM,2013,10.299999999999999
CYM,2014,10.86
CYM,2015,11.41
CYM,2016,11.97
CYM,2017,12.509999999999998
CYM,2018,13.059999999999999
CYM,2019,13.600000000000001
CYM,2020,14.13
CYM,2021,14.13
CYM,2022,14.13
KAZ,1995,17.2
KAZ,1996,15.620000000000001
KAZ,1997,15.379999999999999
KAZ,1998,14.66
KAZ,1999,14.67
KAZ,2000,14.499999999999998
KAZ,2001,14.219999999999999
KAZ,2002,13.94
KAZ,2003,14.64
KAZ,2004,17.54
KAZ,2005,16.14
KAZ,2006,16.05
KAZ,2007,17.1
KAZ,2008,16.509999999999998
KAZ,2009,15.65
KAZ,2010,16.009999999999998
KAZ,2011,17.29
KAZ,2012,16.98
KAZ,2013,17.150000000000002
KAZ,2014,18.15
KAZ,2015,19.43
KAZ,2016,16.71
KAZ,2017,16.56
KAZ,2018,16.439999999999998
KAZ,2019,16.439999999999998
KAZ,2020,16.439999999999998
KAZ,2021,16.439999999999998
KAZ,2022,16.439999999999998
LAO,1995,14.069999999999999
LAO,1996,14.08
LAO,1997,14.05
LAO,1998,14.17
LAO,1999,14.299999999999999
LAO,2000,14.11
LAO,2001,14.06
LAO,2002,14.24
LAO,2003,14.26
LAO,2004,14.069999999999999
LAO,2005,14.02
LAO,2006,14.02
LAO,2007,13.96
LAO,2008,13.98
LAO,2009,13.87
LAO,2010,13.87
LAO,2011,13.950000000000001
LAO,2012,14.099999999999998
LAO,2013,13.850000000000001
LAO,2014,13.54
LAO,2015,13.36
LAO,2016,13.15
LAO,2017,13
LAO,2018,12.889999999999999
LAO,2019,12.889999999999999
LAO,2020,12.889999999999999
LAO,2021,12.889999999999999
LAO,2022,12.889999999999999
LBN,1995,12.18
LBN,1996,12.18
LBN,1997,12.18
LBN,1998,12.18
LBN,1999,12.18
LBN,2000,12.18
LBN,2001,12.18
LBN,2002,12.18
LBN,2003,12.18
LBN,2004,12.18
LBN,2005,12.18
LBN,2006,12.21
LBN,2007,10.34
LBN,2008,10.33
LBN,2009,10.96
LBN,2010,10.639999999999999
LBN,2011,10.41
LBN,2012,10.16
LBN,2013,10.52
LBN,2014,10.549999999999999
LBN,2015,10.61
LBN,2016,10.68
LBN,2017,10.75
LBN,2018,10.83
LBN,2019,10.91
LBN,2020,10.99
LBN,2021,11.08
LBN,2022,11.18
LCA,1995,8.04
LCA,1996,8.07
LCA,1997,8.110000000000001
LCA,1998,8.14
LCA,1999,8.18
LCA,2000,8.21
LCA,2001,8.260000000000002
LCA,2002,8.3
LCA,2003,8.35
LCA,2004,8.39
LCA,2005,8.43
LCA,2006,8.459999999999999
LCA,2007,8.5
LCA,2008,8.53
LCA,2009,8.57
LCA,2010,8.6
LCA,2011,9.17
LCA,2012,9.74
LCA,2013,10.299999999999999
LCA,2014,10.86
LCA,2015,11.41
LCA,2016,11.97
LCA,2017,12.509999999999998
LCA,2018,13.059999999999999
LCA,2019,13.600000000000001
LCA,2020,14.13
LCA,2021,14.13
LCA,2022,14.13
LIE,1995,19.56
LIE,1996,19.5
LIE,1997,19.18
LIE,1998,19.259999999999998
LIE,1999,19.25
LIE,2000,18.93
LIE,2001,18.92
LIE,2002,19.189999999999998
LIE,2003,18.96
LIE,2004,18.21
LIE,2005,18.44
LIE,2006,18.2
LIE,2007,18.4
LIE,2008,19.16
LIE,2009,19.54
LIE,2010,18.4
LIE,2011,18.33
LIE,2012,18.459999999999997
LIE,2013,18.16
LIE,2014,18.05
LIE,2015,18.08
LIE,2016,18.14
LIE,2017,18.26
LIE,2018,18.42
LIE,2019,18.6
LIE,2020,18.52
LIE,2021,18.34
LIE,2022,18.4
LKA,1995,15.229999999999999
LKA,1996,14.82
LKA,1997,14.430000000000001
LKA,1998,14.09
LKA,1999,13.68
LKA,2000,13.34
LKA,2001,13.05
LKA,2002,12.64
LKA,2003,12.67
LKA,2004,12.879999999999999
LKA,2005,13.01
LKA,2006,13.07
LKA,2007,13.459999999999999
LKA,2008,14.299999999999999
LKA,2009,14.84
LKA,2010,14.21
LKA,2011,14.14
LKA,2012,13.96
LKA,2013,13.96
LKA,2014,14.02
LKA,2015,14.16
LKA,2016,14.14
LKA,2017,14.13
LKA,2018,14.13
LKA,2019,14.13
LKA,2020,14.13
LKA,2021,14.13
LKA,2022,14.13
LBR,1995,15.39
LBR,1996,15.39
LBR,1997,15.39
LBR,1998,15.39
LBR,1999,15.39
LBR,2000,15.39
LBR,2001,15.39
LBR,2002,15.39
LBR,2003,15.39
LBR,2004,15.39
LBR,2005,15.39
LBR,2006,15.39
LBR,2007,15.39
LBR,2008,15.540000000000001
LBR,2009,15.690000000000001
LBR,2010,15.840000000000002
LBR,2011,15.989999999999998
LBR,2012,16.14
LBR,2013,16.29
LBR,2014,16.439999999999998
LBR,2015,15.93
LBR,2016,15.43
LBR,2017,15.43
LBR,2018,15.43
LBR,2019,15.43
LBR,2020,15.43
LBR,2021,15.43
LBR,2022,15.43
LSO,1995,5.510000000000001
LSO,1996,6.03
LSO,1997,6.54
LSO,1998,7.049999999999999
LSO,1999,7.5600000000000005
LSO,2000,8.07
LSO,2001,8.59
LSO,2002,9.1
LSO,2003,9.25
LSO,2004,9.39
LSO,2005,9.54
LSO,2006,9.68
LSO,2007,9.83
LSO,2008,9.969999999999999
LSO,2009,10.12
LSO,2010,10.26
LSO,2011,10.41
LSO,2012,10.549999999999999
LSO,2013,10.7
LSO,2014,10.84
LSO,2015,10.99
LSO,2016,11.14
LSO,2017,11.28
LSO,2018,11.28
LSO,2019,11.28
LSO,2020,11.28
LSO,2021,11.28
LSO,2022,11.28
LTU,1995,18.48
LTU,1996,19.27
LTU,1997,20.34
LTU,1998,20.14
LTU,1999,20.630000000000003
LTU,2000,19.38
LTU,2001,19.15
LTU,2002,19.6
LTU,2003,20.03
LTU,2004,17.95
LTU,2005,17.69
LTU,2006,18.61
LTU,2007,18.07
LTU,2008,18.04
LTU,2009,18.33
LTU,2010,19.6
LTU,2011,19.56
LTU,2012,18.509999999999998
LTU,2013,17.98
LTU,2014,16.220000000000002
LTU,2015,17.26
LTU,2016,17.37
LTU,2017,16.96
LTU,2018,17.740000000000002
LTU,2019,17.330000000000002
LTU,2020,17.06
LTU,2021,16.78
LTU,2022,16.81
LUX,1995,21.060000000000002
LUX,1996,20.73
LUX,1997,19.96
LUX,1998,18.87
LUX,1999,19.220000000000002
LUX,2000,18.82
LUX,2001,19.17
LUX,2002,20.07
LUX,2003,20.18
LUX,2004,18.43
LUX,2005,18.3
LUX,2006,19.41
LUX,2007,18.32
LUX,2008,18.48
LUX,2009,20
LUX,2010,20.26
LUX,2011,19.950000000000003
LUX,2012,18.65
LUX,2013,19.580000000000002
LUX,2014,19.81
LUX,2015,20.69
LUX,2016,19.61
LUX,2017,18.7
LUX,2018,19.08
LUX,2019,19.689999999999998
LUX,2020,19.689999999999998
LUX,2021,20.25
LUX,2022,19.97
LVA,1995,19.61
LVA,1996,18.35
LVA,1997,18.02
LVA,1998,17.580000000000002
LVA,1999,17.45
LVA,2000,17.599999999999998
LVA,2001,17.54
LVA,2002,17.03
LVA,2003,16.72
LVA,2004,17
LVA,2005,15.89
LVA,2006,16.79
LVA,2007,14.879999999999999
LVA,2008,15.8
LVA,2009,18.029999999999998
LVA,2010,19.06
LVA,2011,18.459999999999997
LVA,2012,17.9
LVA,2013,17.73
LVA,2014,17.83
LVA,2015,18.029999999999998
LVA,2016,18.279999999999998
LVA,2017,17.24
LVA,2018,17.26
LVA,2019,17.419999999999998
LVA,2020,17.419999999999998
LVA,2021,17.37
LVA,2022,17.37
LBY,1995,15.040000000000001
LBY,1996,15.049999999999999
LBY,1997,15.049999999999999
LBY,1998,15.049999999999999
LBY,1999,14.99
LBY,2000,14.940000000000001
LBY,2001,14.940000000000001
LBY,2002,14.940000000000001
LBY,2003,14.940000000000001
LBY,2004,14.940000000000001
LBY,2005,14.979999999999999
LBY,2006,15.03
LBY,2007,15.079999999999998
LBY,2008,15.14
LBY,2009,15.25
LBY,2010,15.36
LBY,2011,15.58
LBY,2012,15.809999999999999
LBY,2013,15.61
LBY,2014,15.4
LBY,2015,15.190000000000001
LBY,2016,15.25
LBY,2017,15.310000000000002
LBY,2018,15.27
LBY,2019,15.22
LBY,2020,15.22
LBY,2021,15.22
LBY,2022,15.22
MAR,1995,14.39
MAR,1996,14.39
MAR,1997,14.39
MAR,1998,14.39
MAR,1999,14.39
MAR,2000,14.39
MAR,2001,14.39
MAR,2002,14.39
MAR,2003,14.39
MAR,2004,14.39
MAR,2005,14.39
MAR,2006,14.39
MAR,2007,14.39
MAR,2008,14.39
MAR,2009,14.39
MAR,2010,14.39
MAR,2011,14.39
MAR,2012,14.39
MAR,2013,14.39
MAR,2014,14.39
MAR,2015,14.39
MAR,2016,14.39
MAR,2017,14.39
MAR,2018,14.39
MAR,2019,14.39
MAR,2020,14.39
MAR,2021,14.39
MAR,2022,14.39
MCO,1995,19.56
MCO,1996,19.5
MCO,1997,19.18
MCO,1998,19.259999999999998
MCO,1999,19.25
MCO,2000,18.93
MCO,2001,18.92
MCO,2002,19.189999999999998
MCO,2003,18.96
MCO,2004,18.21
MCO,2005,18.44
MCO,2006,18.2
MCO,2007,18.4
MCO,2008,19.16
MCO,2009,19.54
MCO,2010,18.4
MCO,2011,18.33
MCO,2012,18.459999999999997
MCO,2013,18.16
MCO,2014,18.05
MCO,2015,18.08
MCO,2016,18.14
MCO,2017,18.26
MCO,2018,18.42
MCO,2019,18.6
MCO,2020,18.52
MCO,2021,18.34
MCO,2022,18.4
MDA,1995,16.54
MDA,1996,15.920000000000002
MDA,1997,15.32
MDA,1998,15.809999999999999
MDA,1999,16.04
MDA,2000,16.259999999999998
MDA,2001,16.06
MDA,2002,16.189999999999998
MDA,2003,16.14
MDA,2004,16.32
MDA,2005,16.07
MDA,2006,15.920000000000002
MDA,2007,16.189999999999998
MDA,2008,16.05
MDA,2009,16.14
MDA,2010,16.57
MDA,2011,16.919999999999998
MDA,2012,17.22
MDA,2013,17.4
MDA,2014,17.75
MDA,2015,17.630000000000003
MDA,2016,18.07
MDA,2017,18.060000000000002
MDA,2018,18.09
MDA,2019,17.93
MDA,2020,17.93
MDA,2021,17.68
MDA,2022,17.68
MNE,1995,21.07
MNE,1996,21.060000000000002
MNE,1997,21.02
MNE,1998,21.2
MNE,1999,22.189999999999998
MNE,2000,19.13
MNE,2001,21.029999999999998
MNE,2002,20.41
MNE,2003,19.74
MNE,2004,19.25
MNE,2005,18.65
MNE,2006,17.98
MNE,2007,17.91
MNE,2008,17.31
MNE,2009,16.97
MNE,2010,16.619999999999997
MNE,2011,16.2
MNE,2012,15.76
MNE,2013,16.25
MNE,2014,16.36
MNE,2015,14.430000000000001
MNE,2016,16.009999999999998
MNE,2017,16.75
MNE,2018,15.840000000000002
MNE,2019,15.939999999999998
MNE,2020,15.97
MNE,2021,15.98
MNE,2022,15.93
MDG,1995,12.540000000000001
MDG,1996,13.120000000000001
MDG,1997,13.71
MDG,1998,13.81
MDG,1999,13.91
MDG,2000,12.13
MDG,2001,10.36
MDG,2002,11.110000000000001
MDG,2003,11.87
MDG,2004,12.629999999999999
MDG,2005,13.389999999999999
MDG,2006,13.200000000000001
MDG,2007,13.01
MDG,2008,12.82
MDG,2009,12.629999999999999
MDG,2010,12.44
MDG,2011,12.46
MDG,2012,12.479999999999999
MDG,2013,12.73
MDG,2014,12.989999999999998
MDG,2015,13.25
MDG,2016,13.5
MDG,2017,13.76
MDG,2018,14.01
MDG,2019,14.27
MDG,2020,14.530000000000001
MDG,2021,14.790000000000001
MDG,2022,14.790000000000001
MHL,1995,20.74
MHL,1996,20.73
MHL,1997,20.73
MHL,1998,20.73
MHL,1999,20.72
MHL,2000,20.72
MHL,2001,20.27
MHL,2002,19.830000000000002
MHL,2003,19.400000000000002
MHL,2004,18.98
MHL,2005,18.57
MHL,2006,18.17
MHL,2007,17.78
MHL,2008,17.39
MHL,2009,17.02
MHL,2010,16.650000000000002
MHL,2011,16.55
MHL,2012,16.45
MHL,2013,16.36
MHL,2014,16.27
MHL,2015,16.189999999999998
MHL,2016,16.11
MHL,2017,16.03
MHL,2018,15.959999999999999
MHL,2019,15.89
MHL,2020,15.82
MHL,2021,15.82
MHL,2022,15.82
MKD,1995,17.78
MKD,1996,14.91
MKD,1997,17.45
MKD,1998,17.26
MKD,1999,17.27
MKD,2000,17.96
MKD,2001,17.44
MKD,2002,17.53
MKD,2003,17.39
MKD,2004,17.599999999999998
MKD,2005,17.66
MKD,2006,17.65
MKD,2007,17.57
MKD,2008,17.080000000000002
MKD,2009,17.119999999999997
MKD,2010,17.169999999999998
MKD,2011,17.150000000000002
MKD,2012,17.88
MKD,2013,18.29
MKD,2014,19.46
MKD,2015,19.59
MKD,2016,19.939999999999998
MKD,2017,20.04
MKD,2018,20.599999999999998
MKD,2019,20.74
MKD,2020,20.74
MKD,2021,20.77
MKD,2022,20.71
MLI,1995,9.87
MLI,1996,10.440000000000001
MLI,1997,11.01
MLI,1998,11.58
MLI,1999,12.15
MLI,2000,12.72
MLI,2001,13.29
MLI,2002,13.43
MLI,2003,13.58
MLI,2004,13.719999999999999
MLI,2005,13.87
MLI,2006,14.01
MLI,2007,14.78
MLI,2008,15.559999999999999
MLI,2009,16.34
MLI,2010,16.17
MLI,2011,16
MLI,2012,15.83
MLI,2013,15.67
MLI,2014,15.5
MLI,2015,15.329999999999998
MLI,2016,15.160000000000002
MLI,2017,15
MLI,2018,14.829999999999998
MLI,2019,14.91
MLI,2020,14.99
MLI,2021,15.07
MLI,2022,15.07
MMR,1995,12.709999999999999
MMR,1996,12.709999999999999
MMR,1997,12.709999999999999
MMR,1998,12.709999999999999
MMR,1999,12.709999999999999
MMR,2000,12.709999999999999
MMR,2001,12.709999999999999
MMR,2002,12.709999999999999
MMR,2003,12.709999999999999
MMR,2004,12.709999999999999
MMR,2005,12.709999999999999
MMR,2006,12.709999999999999
MMR,2007,12.709999999999999
MMR,2008,12.709999999999999
MMR,2009,12.709999999999999
MMR,2010,12.709999999999999
MMR,2011,12.709999999999999
MMR,2012,12.709999999999999
MMR,2013,12.709999999999999
MMR,2014,12.709999999999999
MMR,2015,12.709999999999999
MMR,2016,14.299999999999999
MMR,2017,15.920000000000002
MMR,2018,15.98
MMR,2019,15.98
MMR,2020,15.98
MMR,2021,15.98
MMR,2022,15.98
MNG,1995,13.900000000000002
MNG,1996,14.299999999999999
MNG,1997,14.69
MNG,1998,15.079999999999998
MNG,1999,14.74
MNG,2000,14.41
MNG,2001,14.08
MNG,2002,13.750000000000002
MNG,2003,13.569999999999999
MNG,2004,13.43
MNG,2005,13.3
MNG,2006,13.34
MNG,2007,13.77
MNG,2008,14.330000000000002
MNG,2009,14.92
MNG,2010,14.14
MNG,2011,14.37
MNG,2012,13.370000000000001
MNG,2013,14.2
MNG,2014,14.069999999999999
MNG,2015,14.760000000000002
MNG,2016,14.799999999999999
MNG,2017,14.81
MNG,2018,14.63
MNG,2019,14.95
MNG,2020,14.95
MNG,2021,14.95
MNG,2022,14.95
MAC,1995,18.490000000000002
MAC,1996,19.06
MAC,1997,19.09
MAC,1998,19.15
MAC,1999,18.5
MAC,2000,17.37
MAC,2001,16.81
MAC,2002,15.57
MAC,2003,15.15
MAC,2004,15.15
MAC,2005,14.42
MAC,2006,14.41
MAC,2007,14.249999999999998
MAC,2008,14.21
MAC,2009,14.14
MAC,2010,13.83
MAC,2011,14.09
MAC,2012,14.540000000000001
MAC,2013,14.030000000000001
MAC,2014,14.38
MAC,2015,14.360000000000001
MAC,2016,14.360000000000001
MAC,2017,14.360000000000001
MAC,2018,14.360000000000001
MAC,2019,14.360000000000001
MAC,2020,14.360000000000001
MAC,2021,14.360000000000001
MAC,2022,14.360000000000001
MRT,1995,14.530000000000001
MRT,1996,14.39
MRT,1997,14.26
MRT,1998,14.13
MRT,1999,14.000000000000002
MRT,2000,13.86
MRT,2001,13.73
MRT,2002,13.600000000000001
MRT,2003,13.469999999999999
MRT,2004,13.34
MRT,2005,13.819999999999999
MRT,2006,14.299999999999999
MRT,2007,14.78
MRT,2008,15.25
MRT,2009,15.509999999999998
MRT,2010,15.76
MRT,2011,16.02
MRT,2012,16.27
MRT,2013,16.53
MRT,2014,16.78
MRT,2015,16.84
MRT,2016,16.89
MRT,2017,16.939999999999998
MRT,2018,16.99
MRT,2019,17.04
MRT,2020,17.04
MRT,2021,17.04
MRT,2022,17.04
MLT,1995,21.8
MLT,1996,21.85
MLT,1997,21.81
MLT,1998,21.5
MLT,1999,21.7
MLT,2000,21.9
MLT,2001,21.83
MLT,2002,21.84
MLT,2003,21.94
MLT,2004,22.15
MLT,2005,22.2
MLT,2006,22.11
MLT,2007,21.32
MLT,2008,21.84
MLT,2009,21.279999999999998
MLT,2010,21.45
MLT,2011,21.2
MLT,2012,20.66
MLT,2013,20.61
MLT,2014,20.380000000000003
MLT,2015,19.900000000000002
MLT,2016,20.369999999999997
MLT,2017,20.01
MLT,2018,20.44
MLT,2019,19.64
MLT,2020,19.64
MLT,2021,19.57
MLT,2022,19.57
MUS,1995,15.2
MUS,1996,15.2
MUS,1997,15.2
MUS,1998,15.2
MUS,1999,15.2
MUS,2000,15.2
MUS,2001,15.2
MUS,2002,15.2
MUS,2003,15.2
MUS,2004,15.2
MUS,2005,15.2
MUS,2006,15.2
MUS,2007,15.010000000000002
MUS,2008,14.81
MUS,2009,14.610000000000001
MUS,2010,14.41
MUS,2011,14.21
MUS,2012,14.02
MUS,2013,14.17
MUS,2014,14.330000000000002
MUS,2015,14.49
MUS,2016,14.649999999999999
MUS,2017,14.799999999999999
MUS,2018,14.799999999999999
MUS,2019,14.799999999999999
MUS,2020,14.799999999999999
MUS,2021,14.799999999999999
MUS,2022,14.799999999999999
MDV,1995,11.37
MDV,1996,11.37
MDV,1997,11.37
MDV,1998,11.37
MDV,1999,11.37
MDV,2000,11.37
MDV,2001,11.37
MDV,2002,11.37
MDV,2003,11.59
MDV,2004,11.98
MDV,2005,12.33
MDV,2006,12.64
MDV,2007,12.91
MDV,2008,13.639999999999999
MDV,2009,14.149999999999999
MDV,2010,14.41
MDV,2011,15.14
MDV,2012,15.690000000000001
MDV,2013,16.259999999999998
MDV,2014,16.88
MDV,2015,17.599999999999998
MDV,2016,18.09
MDV,2017,18.08
MDV,2018,18.08
MDV,2019,18.08
MDV,2020,18.08
MDV,2021,18.08
MDV,2022,18.08
MWI,1995,5.2
MWI,1996,5.2
MWI,1997,5.2
MWI,1998,6.34
MWI,1999,7.48
MWI,2000,8.63
MWI,2001,9.77
MWI,2002,10.92
MWI,2003,12.08
MWI,2004,13.23
MWI,2005,12.870000000000001
MWI,2006,12.520000000000001
MWI,2007,12.16
MWI,2008,11.799999999999999
MWI,2009,11.450000000000001
MWI,2010,11.09
MWI,2011,11.12
MWI,2012,11.14
MWI,2013,11.16
MWI,2014,11.19
MWI,2015,11.21
MWI,2016,11.23
MWI,2017,12.13
MWI,2018,13.020000000000001
MWI,2019,13.91
MWI,2020,13.91
MWI,2021,13.91
MWI,2022,13.91
MEX,1995,6.29
MEX,1996,6.29
MEX,1997,6.29
MEX,1998,6.29
MEX,1999,6.29
MEX,2000,6.29
MEX,2001,6.29
MEX,2002,6.29
MEX,2003,6.08
MEX,2004,5.87
MEX,2005,5.99
MEX,2006,6.12
MEX,2007,5.7
MEX,2008,5.28
MEX,2009,5.52
MEX,2010,5.7700000000000005
MEX,2011,5.609999999999999
MEX,2012,5.45
MEX,2013,5.56
MEX,2014,5.67
MEX,2015,5.96
MEX,2016,6.239999999999999
MEX,2017,6.21
MEX,2018,6.18
MEX,2019,6.370000000000001
MEX,2020,6.569999999999999
MEX,2021,7.13
MEX,2022,7.6899999999999995
MYS,1995,13.71
MYS,1996,13.63
MYS,1997,13.569999999999999
MYS,1998,13.819999999999999
MYS,1999,14.04
MYS,2000,14.23
MYS,2001,14.41
MYS,2002,14.57
MYS,2003,14.46
MYS,2004,14.34
MYS,2005,14.19
MYS,2006,14.05
MYS,2007,13.900000000000002
MYS,2008,14.19
MYS,2009,14.48
MYS,2010,14.860000000000001
MYS,2011,15.229999999999999
MYS,2012,15.61
MYS,2013,16.45
MYS,2014,17.299999999999997
MYS,2015,17.299999999999997
MYS,2016,19.139999999999997
MYS,2017,19.21
MYS,2018,19.259999999999998
MYS,2019,19.31
MYS,2020,19.27
MYS,2021,19.24
MYS,2022,19.21
MOZ,1995,8.37
MOZ,1996,8.37
MOZ,1997,8.75
MOZ,1998,9.139999999999999
MOZ,1999,9.53
MOZ,2000,9.91
MOZ,2001,10.299999999999999
MOZ,2002,10.69
MOZ,2003,10.780000000000001
MOZ,2004,10.870000000000001
MOZ,2005,10.96
MOZ,2006,11.05
MOZ,2007,11.14
MOZ,2008,11.23
MOZ,2009,10.74
MOZ,2010,10.25
MOZ,2011,9.76
MOZ,2012,9.27
MOZ,2013,8.780000000000001
MOZ,2014,8.3
MOZ,2015,8.51
MOZ,2016,8.72
MOZ,2017,8.94
MOZ,2018,9.15
MOZ,2019,9.36
MOZ,2020,9.54
MOZ,2021,9.71
MOZ,2022,9.89
NAM,1995,3.7199999999999998
NAM,1996,3.94
NAM,1997,4.17
NAM,1998,4.3999999999999995
NAM,1999,4.62
NAM,2000,4.8500000000000005
NAM,2001,5.07
NAM,2002,5.3
NAM,2003,5.53
NAM,2004,5.62
NAM,2005,5.71
NAM,2006,5.800000000000001
NAM,2007,5.89
NAM,2008,5.9799999999999995
NAM,2009,6.069999999999999
NAM,2010,6.15
NAM,2011,6.23
NAM,2012,6.3100000000000005
NAM,2013,6.39
NAM,2014,6.47
NAM,2015,6.550000000000001
NAM,2016,6.550000000000001
NAM,2017,6.550000000000001
NAM,2018,6.550000000000001
NAM,2019,6.550000000000001
NAM,2020,6.550000000000001
NAM,2021,6.550000000000001
NAM,2022,6.550000000000001
NCL,1995,20.74
NCL,1996,20.73
NCL,1997,20.73
NCL,1998,20.73
NCL,1999,20.72
NCL,2000,20.72
NCL,2001,20.27
NCL,2002,19.830000000000002
NCL,2003,19.400000000000002
NCL,2004,18.98
NCL,2005,18.57
NCL,2006,18.17
NCL,2007,17.78
NCL,2008,17.39
NCL,2009,17.02
NCL,2010,16.650000000000002
NCL,2011,16.55
NCL,2012,16.45
NCL,2013,16.36
NCL,2014,16.27
NCL,2015,16.189999999999998
NCL,2016,16.11
NCL,2017,16.03
NCL,2018,15.959999999999999
NCL,2019,15.89
NCL,2020,15.82
NCL,2021,15.82
NCL,2022,15.82
NER,1995,12.7
NER,1996,12.58
NER,1997,12.46
NER,1998,12.34
NER,1999,12.22
NER,2000,12.1
NER,2001,11.98
NER,2002,11.86
NER,2003,11.74
NER,2004,11.62
NER,2005,11.5
NER,2006,12.9
NER,2007,14.31
NER,2008,14.95
NER,2009,15.6
NER,2010,16.25
NER,2011,16.900000000000002
NER,2012,16.5
NER,2013,16.11
NER,2014,15.72
NER,2015,15.379999999999999
NER,2016,15.049999999999999
NER,2017,14.71
NER,2018,14.38
NER,2019,15
NER,2020,15.61
NER,2021,16.23
NER,2022,16.23
NGA,1995,12.07
NGA,1996,12.25
NGA,1997,12.42
NGA,1998,12.6
NGA,1999,12.770000000000001
NGA,2000,12.950000000000001
NGA,2001,13.13
NGA,2002,13.3
NGA,2003,13.48
NGA,2004,13.719999999999999
NGA,2005,13.969999999999999
NGA,2006,14.21
NGA,2007,14.46
NGA,2008,14.7
NGA,2009,14.95
NGA,2010,15.2
NGA,2011,15.229999999999999
NGA,2012,15.260000000000002
NGA,2013,15.2
NGA,2014,15.15
NGA,2015,15.09
NGA,2016,15.229999999999999
NGA,2017,15.36
NGA,2018,15.49
NGA,2019,15.64
NGA,2020,15.78
NGA,2021,15.93
NGA,2022,16.07
NIC,1995,8.39
NIC,1996,8.39
NIC,1997,8.39
NIC,1998,8.39
NIC,1999,8.39
NIC,2000,8.39
NIC,2001,8.02
NIC,2002,8.1
NIC,2003,8.48
NIC,2004,8.72
NIC,2005,8.7
NIC,2006,9.04
NIC,2007,8.92
NIC,2008,9.16
NIC,2009,9.33
NIC,2010,9.47
NIC,2011,9.78
NIC,2012,10.03
NIC,2013,10.09
NIC,2014,10.25
NIC,2015,10.31
NIC,2016,10.280000000000001
NIC,2017,10.2
NIC,2018,10.11
NIC,2019,10.15
NIC,2020,8.690000000000001
NIC,2021,9.49
NIC,2022,10.14
NLD,1995,24.27
NLD,1996,24.560000000000002
NLD,1997,24.43
NLD,1998,24.6
NLD,1999,24.59
NLD,2000,24.610000000000003
NLD,2001,24.05
NLD,2002,23.96
NLD,2003,23.69
NLD,2004,23.66
NLD,2005,23.18
NLD,2006,22.79
NLD,2007,22.23
NLD,2008,23.580000000000002
NLD,2009,23.53
NLD,2010,23.05
NLD,2011,23.06
NLD,2012,22.900000000000002
NLD,2013,22.869999999999997
NLD,2014,22.46
NLD,2015,22.62
NLD,2016,22.56
NLD,2017,22.12
NLD,2018,22.43
NLD,2019,22.54
NLD,2020,22.54
NLD,2021,22.400000000000002
NLD,2022,21.62
NOR,1995,26.35
NOR,1996,25.46
NOR,1997,24.66
NOR,1998,25.94
NOR,1999,25.45
NOR,2000,24.060000000000002
NOR,2001,25.27
NOR,2002,25.19
NOR,2003,24.990000000000002
NOR,2004,23.9
NOR,2005,21.95
NOR,2006,23.59
NOR,2007,23.599999999999998
NOR,2008,23.71
NOR,2009,24.94
NOR,2010,24.11
NOR,2011,23.84
NOR,2012,23.630000000000003
NOR,2013,23.849999999999998
NOR,2014,23.810000000000002
NOR,2015,24.54
NOR,2016,24.46
NOR,2017,24.25
NOR,2018,23.799999999999997
NOR,2019,24.59
NOR,2020,24.59
NOR,2021,24.39
NOR,2022,24.01
NPL,1995,15.379999999999999
NPL,1996,15.5
NPL,1997,15.6
NPL,1998,15.740000000000002
NPL,1999,15.75
NPL,2000,15.840000000000002
NPL,2001,15.950000000000001
NPL,2002,15.870000000000001
NPL,2003,15.690000000000001
NPL,2004,15.78
NPL,2005,15.8
NPL,2006,15.740000000000002
NPL,2007,15.61
NPL,2008,16.09
NPL,2009,16.23
NPL,2010,15.939999999999998
NPL,2011,16.17
NPL,2012,16.220000000000002
NPL,2013,16.29
NPL,2014,16.43
NPL,2015,16.669999999999998
NPL,2016,16.71
NPL,2017,16.7
NPL,2018,16.7
NPL,2019,16.7
NPL,2020,16.7
NPL,2021,16.7
NPL,2022,16.7
NRU,1995,20.74
NRU,1996,20.73
NRU,1997,20.73
NRU,1998,20.73
NRU,1999,20.72
NRU,2000,20.72
NRU,2001,20.27
NRU,2002,19.830000000000002
NRU,2003,19.400000000000002
NRU,2004,18.98
NRU,2005,18.57
NRU,2006,18.17
NRU,2007,17.78
NRU,2008,17.39
NRU,2009,17.02
NRU,2010,16.650000000000002
NRU,2011,16.55
NRU,2012,16.45
NRU,2013,16.36
NRU,2014,16.27
NRU,2015,16.189999999999998
NRU,2016,16.11
NRU,2017,16.03
NRU,2018,15.959999999999999
NRU,2019,15.89
NRU,2020,15.82
NRU,2021,15.82
NRU,2022,15.82
NZL,1995,13.88
NZL,1996,14.32
NZL,1997,13.950000000000001
NZL,1998,13.23
NZL,1999,16.25
NZL,2000,18.08
NZL,2001,17.61
NZL,2002,19.43
NZL,2003,19.81
NZL,2004,20.39
NZL,2005,21.55
NZL,2006,24.12
NZL,2007,23.46
NZL,2008,23.189999999999998
NZL,2009,21.98
NZL,2010,19.67
NZL,2011,22.009999999999998
NZL,2012,22.919999999999998
NZL,2013,23.27
NZL,2014,23.25
NZL,2015,23.22
NZL,2016,23.189999999999998
NZL,2017,23.86
NZL,2018,24.43
NZL,2019,21.93
NZL,2020,19.37
NZL,2021,18.54
NZL,2022,20.44
OMN,1995,9.06
OMN,1996,9.06
OMN,1997,9.06
OMN,1998,9.06
OMN,1999,9.06
OMN,2000,9.06
OMN,2001,9.06
OMN,2002,9.06
OMN,2003,9.06
OMN,2004,9.06
OMN,2005,9.06
OMN,2006,9.06
OMN,2007,9.06
OMN,2008,9.06
OMN,2009,9.06
OMN,2010,9.06
OMN,2011,9.06
OMN,2012,9.06
OMN,2013,9.06
OMN,2014,9.06
OMN,2015,9.06
OMN,2016,9.06
OMN,2017,9.06
OMN,2018,9.06
OMN,2019,9.06
OMN,2020,9.06
OMN,2021,9.06
OMN,2022,9.06
PAN,1995,8.39
PAN,1996,8.39
PAN,1997,8.39
PAN,1998,8.39
PAN,1999,8.39
PAN,2000,8.39
PAN,2001,8.02
PAN,2002,8.1
PAN,2003,8.48
PAN,2004,8.72
PAN,2005,8.7
PAN,2006,9.04
PAN,2007,8.92
PAN,2008,9.16
PAN,2009,9.33
PAN,2010,9.47
PAN,2011,9.78
PAN,2012,10.03
PAN,2013,10.09
PAN,2014,10.25
PAN,2015,10.31
PAN,2016,10.280000000000001
PAN,2017,10.2
PAN,2018,10.11
PAN,2019,10.15
PAN,2020,8.690000000000001
PAN,2021,9.49
PAN,2022,10.14
PER,1995,8.469999999999999
PER,1996,8.469999999999999
PER,1997,8.469999999999999
PER,1998,8.469999999999999
PER,1999,8.469999999999999
PER,2000,8.469999999999999
PER,2001,6.3
PER,2002,6.959999999999999
PER,2003,5.779999999999999
PER,2004,7.57
PER,2005,7.430000000000001
PER,2006,7.9
PER,2007,8.649999999999999
PER,2008,8.58
PER,2009,9.32
PER,2010,9.62
PER,2011,9.520000000000001
PER,2012,9.87
PER,2013,9.77
PER,2014,10.13
PER,2015,10.02
PER,2016,9.91
PER,2017,8.74
PER,2018,9.47
PER,2019,9.94
PER,2020,5.45
PER,2021,7.359999999999999
PER,2022,9.28
PYF,1995,20.74
PYF,1996,20.73
PYF,1997,20.73
PYF,1998,20.73
PYF,1999,20.72
PYF,2000,20.72
PYF,2001,20.27
PYF,2002,19.830000000000002
PYF,2003,19.400000000000002
PYF,2004,18.98
PYF,2005,18.57
PYF,2006,18.17
PYF,2007,17.78
PYF,2008,17.39
PYF,2009,17.02
PYF,2010,16.650000000000002
PYF,2011,16.55
PYF,2012,16.45
PYF,2013,16.36
PYF,2014,16.27
PYF,2015,16.189999999999998
PYF,2016,16.11
PYF,2017,16.03
PYF,2018,15.959999999999999
PYF,2019,15.89
PYF,2020,15.82
PYF,2021,15.82
PYF,2022,15.82
PNG,1995,10.91
PNG,1996,10.91
PNG,1997,11.09
PNG,1998,11.24
PNG,1999,11.37
PNG,2000,11.49
PNG,2001,11.65
PNG,2002,11.78
PNG,2003,11.91
PNG,2004,12.08
PNG,2005,12.21
PNG,2006,12.33
PNG,2007,12.5
PNG,2008,12.740000000000002
PNG,2009,13.03
PNG,2010,12.9
PNG,2011,12.889999999999999
PNG,2012,12.879999999999999
PNG,2013,12.9
PNG,2014,12.91
PNG,2015,12.97
PNG,2016,12.920000000000002
PNG,2017,12.879999999999999
PNG,2018,12.889999999999999
PNG,2019,12.91
PNG,2020,12.91
PNG,2021,12.91
PNG,2022,12.91
PHL,1995,11.600000000000001
PHL,1996,11.17
PHL,1997,10.75
PHL,1998,11.18
PHL,1999,11.64
PHL,2000,11.74
PHL,2001,11.700000000000001
PHL,2002,11.97
PHL,2003,12.27
PHL,2004,12.1
PHL,2005,12.1
PHL,2006,12.18
PHL,2007,12.32
PHL,2008,12.44
PHL,2009,12.36
PHL,2010,12.36
PHL,2011,12.49
PHL,2012,12.6
PHL,2013,12.770000000000001
PHL,2014,13.03
PHL,2015,13.23
PHL,2016,13.569999999999999
PHL,2017,13.950000000000001
PHL,2018,14.35
PHL,2019,14.35
PHL,2020,14.35
PHL,2021,14.35
PHL,2022,14.35
PAK,1995,17.62
PAK,1996,17.87
PAK,1997,16.93
PAK,1998,16.05
PAK,1999,16.23
PAK,2000,16.5
PAK,2001,16.81
PAK,2002,16.32
PAK,2003,15.790000000000001
PAK,2004,15.55
PAK,2005,15.190000000000001
PAK,2006,15.690000000000001
PAK,2007,16.14
PAK,2008,16.81
PAK,2009,17.119999999999997
PAK,2010,16.96
PAK,2011,17.06
PAK,2012,17.19
PAK,2013,17.349999999999998
PAK,2014,17.02
PAK,2015,16.82
PAK,2016,17.01
PAK,2017,17.150000000000002
PAK,2018,17.299999999999997
PAK,2019,17.299999999999997
PAK,2020,17.299999999999997
PAK,2021,17.299999999999997
PAK,2022,17.299999999999997
POL,1995,23.14
POL,1996,22.85
POL,1997,23.14
POL,1998,22.7
POL,1999,22.88
POL,2000,21.77
POL,2001,21.62
POL,2002,21.029999999999998
POL,2003,20.369999999999997
POL,2004,20.06
POL,2005,19.509999999999998
POL,2006,19.77
POL,2007,19.900000000000002
POL,2008,19.55
POL,2009,19.89
POL,2010,20.02
POL,2011,19.89
POL,2012,20.18
POL,2013,20.19
POL,2014,20.04
POL,2015,19.84
POL,2016,19.78
POL,2017,20.03
POL,2018,19.6
POL,2019,19.49
POL,2020,19.49
POL,2021,19.45
POL,2022,19.39
PRI,1995,8.04
PRI,1996,8.07
PRI,1997,8.110000000000001
PRI,1998,8.14
PRI,1999,8.18
PRI,2000,8.21
PRI,2001,8.260000000000002
PRI,2002,8.3
PRI,2003,8.35
PRI,2004,8.39
PRI,2005,8.43
PRI,2006,8.459999999999999
PRI,2007,8.5
PRI,2008,8.53
PRI,2009,8.57
PRI,2010,8.6
PRI,2011,9.17
PRI,2012,9.74
PRI,2013,10.299999999999999
PRI,2014,10.86
PRI,2015,11.41
PRI,2016,11.97
PRI,2017,12.509999999999998
PRI,2018,13.059999999999999
PRI,2019,13.600000000000001
PRI,2020,14.13
PRI,2021,14.13
PRI,2022,14.13
PSE,1995,11.75
PSE,1996,11.75
PSE,1997,11.899999999999999
PSE,1998,11.59
PSE,1999,11.55
PSE,2000,11.51
PSE,2001,11.469999999999999
PSE,2002,11.42
PSE,2003,11.37
PSE,2004,11.31
PSE,2005,10.54
PSE,2006,10.57
PSE,2007,9.66
PSE,2008,10.280000000000001
PSE,2009,10.879999999999999
PSE,2010,10.72
PSE,2011,12.17
PSE,2012,12.24
PSE,2013,12.26
PSE,2014,12.280000000000001
PSE,2015,12.3
PSE,2016,12.33
PSE,2017,12.06
PSE,2018,11.78
PSE,2019,11.5
PSE,2020,11.200000000000001
PSE,2021,10.879999999999999
PSE,2022,10.549999999999999
PRT,1995,17.94
PRT,1996,18.509999999999998
PRT,1997,18.360000000000003
PRT,1998,18.75
PRT,1999,18.65
PRT,2000,18.6
PRT,2001,17.39
PRT,2002,17.810000000000002
PRT,2003,18
PRT,2004,17.28
PRT,2005,17.79
PRT,2006,17.25
PRT,2007,17.51
PRT,2008,18.45
PRT,2009,18.81
PRT,2010,18.64
PRT,2011,18.459999999999997
PRT,2012,19.09
PRT,2013,18.33
PRT,2014,18.490000000000002
PRT,2015,18.62
PRT,2016,18.78
PRT,2017,18.94
PRT,2018,19.46
PRT,2019,19.64
PRT,2020,19.64
PRT,2021,20.4
PRT,2022,20.4
PLW,1995,20.74
PLW,1996,20.73
PLW,1997,20.73
PLW,1998,20.73
PLW,1999,20.72
PLW,2000,20.72
PLW,2001,20.27
PLW,2002,19.830000000000002
PLW,2003,19.400000000000002
PLW,2004,18.98
PLW,2005,18.57
PLW,2006,18.17
PLW,2007,17.78
PLW,2008,17.39
PLW,2009,17.02
PLW,2010,16.650000000000002
PLW,2011,16.55
PLW,2012,16.45
PLW,2013,16.36
PLW,2014,16.27
PLW,2015,16.189999999999998
PLW,2016,16.11
PLW,2017,16.03
PLW,2018,15.959999999999999
PLW,2019,15.89
PLW,2020,15.82
PLW,2021,15.82
PLW,2022,15.82
PRY,1995,8.39
PRY,1996,8.39
PRY,1997,8.39
PRY,1998,8.39
PRY,1999,8.39
PRY,2000,8.39
PRY,2001,8.02
PRY,2002,8.1
PRY,2003,8.48
PRY,2004,8.72
PRY,2005,8.7
PRY,2006,9.04
PRY,2007,8.92
PRY,2008,9.16
PRY,2009,9.33
PRY,2010,9.47
PRY,2011,9.78
PRY,2012,10.03
PRY,2013,10.09
PRY,2014,10.25
PRY,2015,10.31
PRY,2016,10.280000000000001
PRY,2017,10.2
PRY,2018,10.11
PRY,2019,10.15
PRY,2020,8.690000000000001
PRY,2021,9.49
PRY,2022,10.14
QAT,1995,9.5
QAT,1996,9.5
QAT,1997,9.5
QAT,1998,9.5
QAT,1999,9.5
QAT,2000,9.5
QAT,2001,9.5
QAT,2002,9.5
QAT,2003,9.5
QAT,2004,9.5
QAT,2005,9.5
QAT,2006,9.5
QAT,2007,9.5
QAT,2008,9.54
QAT,2009,9.58
QAT,2010,9.62
QAT,2011,9.66
QAT,2012,9.700000000000001
QAT,2013,9.700000000000001
QAT,2014,9.700000000000001
QAT,2015,9.700000000000001
QAT,2016,9.700000000000001
QAT,2017,9.700000000000001
QAT,2018,9.700000000000001
QAT,2019,9.700000000000001
QAT,2020,9.700000000000001
QAT,2021,9.700000000000001
QAT,2022,9.700000000000001
ROU,1995,19.580000000000002
ROU,1996,19.99
ROU,1997,19.5
ROU,1998,19.3
ROU,1999,19.8
ROU,2000,19.78
ROU,2001,19.59
ROU,2002,18.6
ROU,2003,16.97
ROU,2004,17.119999999999997
ROU,2005,16.470000000000002
ROU,2006,16.35
ROU,2007,14.66
ROU,2008,15.079999999999998
ROU,2009,15.27
ROU,2010,17.080000000000002
ROU,2011,16.36
ROU,2012,16
ROU,2013,16.17
ROU,2014,15.58
ROU,2015,15.740000000000002
ROU,2016,17.24
ROU,2017,16.63
ROU,2018,15.2
ROU,2019,15.440000000000001
ROU,2020,15.440000000000001
ROU,2021,15.42
ROU,2022,15.340000000000002
SRB,1995,20.14
SRB,1996,20.080000000000002
SRB,1997,19.98
SRB,1998,19.650000000000002
SRB,1999,20.68
SRB,2000,17.080000000000002
SRB,2001,19.03
SRB,2002,18.41
SRB,2003,17.69
SRB,2004,16.63
SRB,2005,15.809999999999999
SRB,2006,14.66
SRB,2007,14.45
SRB,2008,14.649999999999999
SRB,2009,15.15
SRB,2010,15.010000000000002
SRB,2011,15
SRB,2012,14.06
SRB,2013,13.389999999999999
SRB,2014,12.7
SRB,2015,13.700000000000001
SRB,2016,13.19
SRB,2017,15.6
SRB,2018,17.18
SRB,2019,17.080000000000002
SRB,2020,17.080000000000002
SRB,2021,17.580000000000002
SRB,2022,17.09
RUS,1995,14.17
RUS,1996,9.9
RUS,1997,12.620000000000001
RUS,1998,14.56
RUS,1999,14.12
RUS,2000,13.43
RUS,2001,13.270000000000001
RUS,2002,13.750000000000002
RUS,2003,13.41
RUS,2004,13.889999999999999
RUS,2005,14.35
RUS,2006,13.76
RUS,2007,13.54
RUS,2008,13.11
RUS,2009,14.530000000000001
RUS,2010,16.46
RUS,2011,15.989999999999998
RUS,2012,16.63
RUS,2013,16
RUS,2014,16.85
RUS,2015,17.080000000000002
RUS,2016,17.02
RUS,2017,17.34
RUS,2018,17.03
RUS,2019,16.99
RUS,2020,15.68
RUS,2021,15.68
RUS,2022,15.68
RWA,1995,10.13
RWA,1996,10.13
RWA,1997,10.13
RWA,1998,10.13
RWA,1999,10.13
RWA,2000,10.13
RWA,2001,9.91
RWA,2002,9.68
RWA,2003,9.46
RWA,2004,9.229999999999999
RWA,2005,9.01
RWA,2006,9.31
RWA,2007,9.610000000000001
RWA,2008,9.91
RWA,2009,10.209999999999999
RWA,2010,10.51
RWA,2011,10.780000000000001
RWA,2012,11.05
RWA,2013,11.33
RWA,2014,11.5
RWA,2015,11.67
RWA,2016,11.84
RWA,2017,12.07
RWA,2018,12.29
RWA,2019,12.520000000000001
RWA,2020,12.740000000000002
RWA,2021,12.97
RWA,2022,13.19
SAU,1995,10.65
SAU,1996,10.65
SAU,1997,10.65
SAU,1998,10.65
SAU,1999,10.65
SAU,2000,10.65
SAU,2001,10.65
SAU,2002,10.65
SAU,2003,10.65
SAU,2004,10.65
SAU,2005,10.65
SAU,2006,10.65
SAU,2007,10.65
SAU,2008,10.65
SAU,2009,10.65
SAU,2010,10.65
SAU,2011,10.65
SAU,2012,10.65
SAU,2013,10.65
SAU,2014,10.65
SAU,2015,10.65
SAU,2016,10.65
SAU,2017,10.65
SAU,2018,10.65
SAU,2019,10.65
SAU,2020,10.65
SAU,2021,10.65
SAU,2022,10.65
SLB,1995,20.74
SLB,1996,20.73
SLB,1997,20.73
SLB,1998,20.73
SLB,1999,20.72
SLB,2000,20.72
SLB,2001,20.27
SLB,2002,19.830000000000002
SLB,2003,19.400000000000002
SLB,2004,18.98
SLB,2005,18.57
SLB,2006,18.17
SLB,2007,17.78
SLB,2008,17.39
SLB,2009,17.02
SLB,2010,16.650000000000002
SLB,2011,16.55
SLB,2012,16.45
SLB,2013,16.36
SLB,2014,16.27
SLB,2015,16.189999999999998
SLB,2016,16.11
SLB,2017,16.03
SLB,2018,15.959999999999999
SLB,2019,15.89
SLB,2020,15.82
SLB,2021,15.82
SLB,2022,15.82
SYC,1995,12.280000000000001
SYC,1996,12.280000000000001
SYC,1997,12.280000000000001
SYC,1998,12.280000000000001
SYC,1999,12.280000000000001
SYC,2000,12.25
SYC,2001,12.23
SYC,2002,12.21
SYC,2003,12.19
SYC,2004,12.17
SYC,2005,12.15
SYC,2006,12.13
SYC,2007,11.95
SYC,2008,11.78
SYC,2009,11.600000000000001
SYC,2010,11.42
SYC,2011,11.25
SYC,2012,11.07
SYC,2013,10.9
SYC,2014,12.19
SYC,2015,13.48
SYC,2016,14.78
SYC,2017,16.08
SYC,2018,17.380000000000003
SYC,2019,17.380000000000003
SYC,2020,17.380000000000003
SYC,2021,17.380000000000003
SYC,2022,17.380000000000003
SDN,1995,15.540000000000001
SDN,1996,15.540000000000001
SDN,1997,15.540000000000001
SDN,1998,15.540000000000001
SDN,1999,15.540000000000001
SDN,2000,15.540000000000001
SDN,2001,15.540000000000001
SDN,2002,15.540000000000001
SDN,2003,15.540000000000001
SDN,2004,15.540000000000001
SDN,2005,15.540000000000001
SDN,2006,15.540000000000001
SDN,2007,15.540000000000001
SDN,2008,15.540000000000001
SDN,2009,15.540000000000001
SDN,2010,15.590000000000002
SDN,2011,15.629999999999999
SDN,2012,15.68
SDN,2013,15.72
SDN,2014,15.770000000000001
SDN,2015,15.770000000000001
SDN,2016,15.770000000000001
SDN,2017,15.770000000000001
SDN,2018,15.770000000000001
SDN,2019,15.770000000000001
SDN,2020,15.770000000000001
SDN,2021,15.770000000000001
SDN,2022,15.770000000000001
SWE,1995,24.79
SWE,1996,24.98
SWE,1997,24.4
SWE,1998,24.32
SWE,1999,24.169999999999998
SWE,2000,25.290000000000003
SWE,2001,25.53
SWE,2002,25.5
SWE,2003,25.03
SWE,2004,24.86
SWE,2005,24.2
SWE,2006,23.82
SWE,2007,23.549999999999997
SWE,2008,23.74
SWE,2009,23.78
SWE,2010,22.78
SWE,2011,23.14
SWE,2012,24.55
SWE,2013,24.43
SWE,2014,23.990000000000002
SWE,2015,23.53
SWE,2016,24.3
SWE,2017,24.08
SWE,2018,24.240000000000002
SWE,2019,23.9
SWE,2020,23.9
SWE,2021,23.98
SWE,2022,24.169999999999998
SGP,1995,22.05
SGP,1996,20.51
SGP,1997,20.5
SGP,1998,19.67
SGP,1999,18.360000000000003
SGP,2000,17.87
SGP,2001,16.37
SGP,2002,16.56
SGP,2003,17.14
SGP,2004,18.08
SGP,2005,18.69
SGP,2006,18.04
SGP,2007,18.34
SGP,2008,16.580000000000002
SGP,2009,17.28
SGP,2010,17.73
SGP,2011,17.130000000000003
SGP,2012,17.150000000000002
SGP,2013,17.02
SGP,2014,16.7
SGP,2015,16.669999999999998
SGP,2016,16.650000000000002
SGP,2017,16.650000000000002
SGP,2018,16.650000000000002
SGP,2019,16.650000000000002
SGP,2020,16.650000000000002
SGP,2021,16.650000000000002
SGP,2022,16.650000000000002
SVN,1995,23.26
SVN,1996,23.02
SVN,1997,23.599999999999998
SVN,1998,23.11
SVN,1999,22.86
SVN,2000,23.21
SVN,2001,23.31
SVN,2002,23.09
SVN,2003,22.650000000000002
SVN,2004,22.67
SVN,2005,22.32
SVN,2006,22.189999999999998
SVN,2007,22.400000000000002
SVN,2008,22.470000000000002
SVN,2009,22.720000000000002
SVN,2010,22.56
SVN,2011,22.91
SVN,2012,22.36
SVN,2013,22.400000000000002
SVN,2014,22.23
SVN,2015,22.55
SVN,2016,22.49
SVN,2017,22.85
SVN,2018,23.07
SVN,2019,23.07
SVN,2020,23.07
SVN,2021,23.07
SVN,2022,23.09
SVK,1995,25.840000000000003
SVK,1996,25.629999999999995
SVK,1997,25.44
SVK,1998,24.82
SVK,1999,24.55
SVK,2000,24.37
SVK,2001,23.7
SVK,2002,23.57
SVK,2003,23.84
SVK,2004,22.33
SVK,2005,22.74
SVK,2006,22.63
SVK,2007,22.8
SVK,2008,23.31
SVK,2009,23.97
SVK,2010,23.05
SVK,2011,23.48
SVK,2012,23.880000000000003
SVK,2013,23.169999999999998
SVK,2014,24.6
SVK,2015,23.89
SVK,2016,24.490000000000002
SVK,2017,24.95
SVK,2018,24.15
SVK,2019,24.48
SVK,2020,24.48
SVK,2021,24.48
SVK,2022,24.48
SLE,1995,13.309999999999999
SLE,1996,13.309999999999999
SLE,1997,13.309999999999999
SLE,1998,13.309999999999999
SLE,1999,13.309999999999999
SLE,2000,13.309999999999999
SLE,2001,13.309999999999999
SLE,2002,13.309999999999999
SLE,2003,13.309999999999999
SLE,2004,13.639999999999999
SLE,2005,13.96
SLE,2006,14.29
SLE,2007,14.610000000000001
SLE,2008,14.940000000000001
SLE,2009,15.260000000000002
SLE,2010,15.590000000000002
SLE,2011,15.920000000000002
SLE,2012,15.78
SLE,2013,15.65
SLE,2014,15.52
SLE,2015,15.39
SLE,2016,15.260000000000002
SLE,2017,15.129999999999999
SLE,2018,14.99
SLE,2019,14.99
SLE,2020,14.99
SLE,2021,14.99
SLE,2022,14.99
SMR,1995,19.56
SMR,1996,19.5
SMR,1997,19.18
SMR,1998,19.259999999999998
SMR,1999,19.25
SMR,2000,18.93
SMR,2001,18.92
SMR,2002,19.189999999999998
SMR,2003,18.96
SMR,2004,18.21
SMR,2005,18.44
SMR,2006,18.2
SMR,2007,18.4
SMR,2008,19.16
SMR,2009,19.54
SMR,2010,18.4
SMR,2011,18.33
SMR,2012,18.459999999999997
SMR,2013,18.16
SMR,2014,18.05
SMR,2015,18.08
SMR,2016,18.14
SMR,2017,18.26
SMR,2018,18.42
SMR,2019,18.6
SMR,2020,18.52
SMR,2021,18.34
SMR,2022,18.4
SEN,1995,13.36
SEN,1996,13.239999999999998
SEN,1997,13.120000000000001
SEN,1998,13
SEN,1999,12.879999999999999
SEN,2000,12.76
SEN,2001,12.64
SEN,2002,12.920000000000002
SEN,2003,13.200000000000001
SEN,2004,13.469999999999999
SEN,2005,13.750000000000002
SEN,2006,13.69
SEN,2007,13.63
SEN,2008,13.569999999999999
SEN,2009,13.5
SEN,2010,13.44
SEN,2011,13.38
SEN,2012,13.450000000000001
SEN,2013,13.52
SEN,2014,13.59
SEN,2015,13.66
SEN,2016,13.73
SEN,2017,13.81
SEN,2018,13.88
SEN,2019,14.26
SEN,2020,14.64
SEN,2021,15.010000000000002
SEN,2022,15.010000000000002
SOM,1995,11.81
SOM,1996,12.25
SOM,1997,12.629999999999999
SOM,1998,13.08
SOM,1999,13.59
SOM,2000,13.52
SOM,2001,13.44
SOM,2002,13.530000000000001
SOM,2003,13.530000000000001
SOM,2004,13.530000000000001
SOM,2005,13.51
SOM,2006,13.450000000000001
SOM,2007,13.38
SOM,2008,13.370000000000001
SOM,2009,13.33
SOM,2010,13.33
SOM,2011,13.350000000000001
SOM,2012,13.309999999999999
SOM,2013,13.23
SOM,2014,13.16
SOM,2015,13.13
SOM,2016,13.26
SOM,2017,13.450000000000001
SOM,2018,13.63
SOM,2019,13.81
SOM,2020,13.98
SOM,2021,13.96
SOM,2022,14.04
SUR,1995,8.39
SUR,1996,8.39
SUR,1997,8.39
SUR,1998,8.39
SUR,1999,8.39
SUR,2000,8.39
SUR,2001,8.02
SUR,2002,8.1
SUR,2003,8.48
SUR,2004,8.72
SUR,2005,8.7
SUR,2006,9.04
SUR,2007,8.92
SUR,2008,9.16
SUR,2009,9.33
SUR,2010,9.47
SUR,2011,9.78
SUR,2012,10.03
SUR,2013,10.09
SUR,2014,10.25
SUR,2015,10.31
SUR,2016,10.280000000000001
SUR,2017,10.2
SUR,2018,10.11
SUR,2019,10.15
SUR,2020,8.690000000000001
SUR,2021,9.49
SUR,2022,10.14
SSD,1995,10.97
SSD,1996,10.97
SSD,1997,10.97
SSD,1998,10.97
SSD,1999,10.97
SSD,2000,10.97
SSD,2001,10.97
SSD,2002,10.97
SSD,2003,10.97
SSD,2004,10.97
SSD,2005,10.97
SSD,2006,10.97
SSD,2007,10.97
SSD,2008,10.97
SSD,2009,10.97
SSD,2010,11.1
SSD,2011,11.24
SSD,2012,11.37
SSD,2013,11.51
SSD,2014,11.64
SSD,2015,11.78
SSD,2016,11.91
SSD,2017,11.91
SSD,2018,11.91
SSD,2019,11.91
SSD,2020,11.91
SSD,2021,11.91
SSD,2022,11.91
STP,1995,16.84
STP,1996,16.84
STP,1997,16.84
STP,1998,16.84
STP,1999,16.84
STP,2000,16.84
STP,2001,16.91
STP,2002,16.97
STP,2003,17.04
STP,2004,17.1
STP,2005,17.169999999999998
STP,2006,17.23
STP,2007,17.299999999999997
STP,2008,17.37
STP,2009,17.43
STP,2010,17.5
STP,2011,16.86
STP,2012,16.220000000000002
STP,2013,15.58
STP,2014,14.940000000000001
STP,2015,14.31
STP,2016,13.669999999999998
STP,2017,13.04
STP,2018,13.04
STP,2019,13.04
STP,2020,13.04
STP,2021,13.04
STP,2022,13.04
SLV,1995,7.08
SLV,1996,7.08
SLV,1997,7.08
SLV,1998,7.08
SLV,1999,7.08
SLV,2000,7.08
SLV,2001,7.08
SLV,2002,6.92
SLV,2003,8.07
SLV,2004,8.23
SLV,2005,6.959999999999999
SLV,2006,8.4
SLV,2007,8.3
SLV,2008,8.36
SLV,2009,8.43
SLV,2010,8.73
SLV,2011,9.180000000000001
SLV,2012,9.629999999999999
SLV,2013,8.63
SLV,2014,8.38
SLV,2015,8.98
SLV,2016,8.57
SLV,2017,9.47
SLV,2018,9.59
SLV,2019,9.74
SLV,2020,8.72
SLV,2021,10.03
SLV,2022,10.54
SXM,1995,8.04
SXM,1996,8.07
SXM,1997,8.110000000000001
SXM,1998,8.14
SXM,1999,8.18
SXM,2000,8.21
SXM,2001,8.260000000000002
SXM,2002,8.3
SXM,2003,8.35
SXM,2004,8.39
SXM,2005,8.43
SXM,2006,8.459999999999999
SXM,2007,8.5
SXM,2008,8.53
SXM,2009,8.57
SXM,2010,8.6
SXM,2011,9.17
SXM,2012,9.74
SXM,2013,10.299999999999999
SXM,2014,10.86
SXM,2015,11.41
SXM,2016,11.97
SXM,2017,12.509999999999998
SXM,2018,13.059999999999999
SXM,2019,13.600000000000001
SXM,2020,14.13
SXM,2021,14.13
SXM,2022,14.13
SYR,1995,11.92
SYR,1996,11.92
SYR,1997,11.83
SYR,1998,11.74
SYR,1999,11.64
SYR,2000,11.55
SYR,2001,11.450000000000001
SYR,2002,11.35
SYR,2003,11.25
SYR,2004,10.65
SYR,2005,10.65
SYR,2006,10.65
SYR,2007,10.65
SYR,2008,10.65
SYR,2009,10.65
SYR,2010,10.65
SYR,2011,10.65
SYR,2012,10.65
SYR,2013,10.65
SYR,2014,10.65
SYR,2015,10.65
SYR,2016,10.65
SYR,2017,10.65
SYR,2018,10.65
SYR,2019,10.65
SYR,2020,10.65
SYR,2021,10.65
SYR,2022,10.65
SWZ,1995,6.710000000000001
SWZ,1996,7.06
SWZ,1997,7.41
SWZ,1998,7.76
SWZ,1999,8.110000000000001
SWZ,2000,8.459999999999999
SWZ,2001,8.52
SWZ,2002,8.57
SWZ,2003,8.63
SWZ,2004,8.68
SWZ,2005,8.74
SWZ,2006,8.790000000000001
SWZ,2007,8.85
SWZ,2008,8.9
SWZ,2009,8.959999999999999
SWZ,2010,8.799999999999999
SWZ,2011,8.64
SWZ,2012,8.49
SWZ,2013,8.33
SWZ,2014,8.17
SWZ,2015,8.01
SWZ,2016,7.86
SWZ,2017,7.86
SWZ,2018,7.86
SWZ,2019,7.86
SWZ,2020,7.86
SWZ,2021,7.86
SWZ,2022,7.86
TCA,1995,8.04
TCA,1996,8.07
TCA,1997,8.110000000000001
TCA,1998,8.14
TCA,1999,8.18
TCA,2000,8.21
TCA,2001,8.260000000000002
TCA,2002,8.3
TCA,2003,8.35
TCA,2004,8.39
TCA,2005,8.43
TCA,2006,8.459999999999999
TCA,2007,8.5
TCA,2008,8.53
TCA,2009,8.57
TCA,2010,8.6
TCA,2011,9.17
TCA,2012,9.74
TCA,2013,10.299999999999999
TCA,2014,10.86
TCA,2015,11.41
TCA,2016,11.97
TCA,2017,12.509999999999998
TCA,2018,13.059999999999999
TCA,2019,13.600000000000001
TCA,2020,14.13
TCA,2021,14.13
TCA,2022,14.13
TCD,1995,13.320000000000002
TCD,1996,13.320000000000002
TCD,1997,13.320000000000002
TCD,1998,13.320000000000002
TCD,1999,13.320000000000002
TCD,2000,13.320000000000002
TCD,2001,13.320000000000002
TCD,2002,13.320000000000002
TCD,2003,13.320000000000002
TCD,2004,13.19
TCD,2005,13.059999999999999
TCD,2006,12.93
TCD,2007,12.809999999999999
TCD,2008,12.68
TCD,2009,12.55
TCD,2010,12.42
TCD,2011,12.29
TCD,2012,12.590000000000002
TCD,2013,12.879999999999999
TCD,2014,13.170000000000002
TCD,2015,13.459999999999999
TCD,2016,13.76
TCD,2017,14.05
TCD,2018,14.34
TCD,2019,14.41
TCD,2020,14.469999999999999
TCD,2021,14.530000000000001
TCD,2022,14.59
TGO,1995,12.35
TGO,1996,12.35
TGO,1997,12.35
TGO,1998,12.35
TGO,1999,12.35
TGO,2000,12.35
TGO,2001,12.35
TGO,2002,12.35
TGO,2003,12.35
TGO,2004,12.35
TGO,2005,12.35
TGO,2006,12.35
TGO,2007,12.049999999999999
TGO,2008,11.75
TGO,2009,11.450000000000001
TGO,2010,11.15
TGO,2011,10.85
TGO,2012,11.19
TGO,2013,11.53
TGO,2014,11.87
TGO,2015,12.22
TGO,2016,12.25
TGO,2017,12.29
TGO,2018,12.33
TGO,2019,12.98
TGO,2020,13.63
TGO,2021,14.280000000000001
TGO,2022,14.280000000000001
THA,1995,10.2
THA,1996,10.32
THA,1997,10.549999999999999
THA,1998,10.76
THA,1999,10.280000000000001
THA,2000,10.12
THA,2001,8.6
THA,2002,10.16
THA,2003,9.55
THA,2004,10.6
THA,2005,10.58
THA,2006,10.639999999999999
THA,2007,11
THA,2008,11.34
THA,2009,11.61
THA,2010,11.469999999999999
THA,2011,11.82
THA,2012,11.64
THA,2013,12.520000000000001
THA,2014,12.479999999999999
THA,2015,13.38
THA,2016,13.07
THA,2017,10.54
THA,2018,11.24
THA,2019,11.700000000000001
THA,2020,11.43
THA,2021,10.65
THA,2022,10.65
TJK,1995,22.82
TJK,1996,21.709999999999997
TJK,1997,20.59
TJK,1998,19.46
TJK,1999,18.34
TJK,2000,17.66
TJK,2001,16.88
TJK,2002,16.17
TJK,2003,15.870000000000001
TJK,2004,15.989999999999998
TJK,2005,16.02
TJK,2006,16.46
TJK,2007,16.99
TJK,2008,16.64
TJK,2009,16.32
TJK,2010,16.28
TJK,2011,16.439999999999998
TJK,2012,16.23
TJK,2013,16.18
TJK,2014,16.45
TJK,2015,16.7
TJK,2016,15.78
TJK,2017,15.53
TJK,2018,15.479999999999999
TJK,2019,15.479999999999999
TJK,2020,15.479999999999999
TJK,2021,15.479999999999999
TJK,2022,15.479999999999999
TLS,1995,13.139999999999999
TLS,1996,13.139999999999999
TLS,1997,13.139999999999999
TLS,1998,13.139999999999999
TLS,1999,13.139999999999999
TLS,2000,13.139999999999999
TLS,2001,13.139999999999999
TLS,2002,13.889999999999999
TLS,2003,14.63
TLS,2004,15.120000000000001
TLS,2005,15.709999999999999
TLS,2006,16.33
TLS,2007,16.84
TLS,2008,16.81
TLS,2009,16.61
TLS,2010,16.57
TLS,2011,16.63
TLS,2012,16.79
TLS,2013,16.81
TLS,2014,16.71
TLS,2015,16.73
TLS,2016,16.7
TLS,2017,16.73
TLS,2018,16.8
TLS,2019,16.8
TLS,2020,16.8
TLS,2021,16.8
TLS,2022,16.8
TKM,1995,18.83
TKM,1996,16.919999999999998
TKM,1997,15.010000000000002
TKM,1998,13.089999999999998
TKM,1999,13.059999999999999
TKM,2000,13
TKM,2001,12.83
TKM,2002,12.67
TKM,2003,12.75
TKM,2004,13.120000000000001
TKM,2005,12.64
TKM,2006,12.61
TKM,2007,12.73
TKM,2008,12.41
TKM,2009,12.1
TKM,2010,12.18
TKM,2011,12.379999999999999
TKM,2012,12.33
TKM,2013,12.379999999999999
TKM,2014,12.629999999999999
TKM,2015,12.870000000000001
TKM,2016,12.26
TKM,2017,12.09
TKM,2018,12.06
TKM,2019,12.06
TKM,2020,12.06
TKM,2021,12.06
TKM,2022,12.06
TUN,1995,11.12
TUN,1996,11.12
TUN,1997,11.12
TUN,1998,11.12
TUN,1999,11.12
TUN,2000,11.12
TUN,2001,11.12
TUN,2002,11.12
TUN,2003,11.12
TUN,2004,11.12
TUN,2005,11.12
TUN,2006,11.35
TUN,2007,11.559999999999999
TUN,2008,11.76
TUN,2009,11.940000000000001
TUN,2010,12.120000000000001
TUN,2011,12.26
TUN,2012,12.32
TUN,2013,12.379999999999999
TUN,2014,12.379999999999999
TUN,2015,12.379999999999999
TUN,2016,12.379999999999999
TUN,2017,12.379999999999999
TUN,2018,12.379999999999999
TUN,2019,12.379999999999999
TUN,2020,12.379999999999999
TUN,2021,12.379999999999999
TUN,2022,12.379999999999999
TON,1995,20.74
TON,1996,20.73
TON,1997,20.73
TON,1998,20.73
TON,1999,20.72
TON,2000,20.72
TON,2001,20.27
TON,2002,19.830000000000002
TON,2003,19.400000000000002
TON,2004,18.98
TON,2005,18.57
TON,2006,18.17
TON,2007,17.78
TON,2008,17.39
TON,2009,17.02
TON,2010,16.650000000000002
TON,2011,16.55
TON,2012,16.45
TON,2013,16.36
TON,2014,16.27
TON,2015,16.189999999999998
TON,2016,16.11
TON,2017,16.03
TON,2018,15.959999999999999
TON,2019,15.89
TON,2020,15.82
TON,2021,15.82
TON,2022,15.82
TUR,1995,12.22
TUR,1996,12.25
TUR,1997,12.280000000000001
TUR,1998,12.3
TUR,1999,12.33
TUR,2000,12.36
TUR,2001,12.389999999999999
TUR,2002,12.42
TUR,2003,12.78
TUR,2004,13.3
TUR,2005,14.219999999999999
TUR,2006,14.85
TUR,2007,15.079999999999998
TUR,2008,14.799999999999999
TUR,2009,14.030000000000001
TUR,2010,14.649999999999999
TUR,2011,14.56
TUR,2012,14.56
TUR,2013,15.160000000000002
TUR,2014,14.46
TUR,2015,14.21
TUR,2016,13.950000000000001
TUR,2017,12.01
TUR,2018,11.88
TUR,2019,11.98
TUR,2020,13.74
TUR,2021,14.21
TUR,2022,13.33
TTO,1995,8.39
TTO,1996,8.39
TTO,1997,8.39
TTO,1998,8.39
TTO,1999,8.39
TTO,2000,8.39
TTO,2001,8.02
TTO,2002,8.1
TTO,2003,8.48
TTO,2004,8.72
TTO,2005,8.7
TTO,2006,9.04
TTO,2007,8.92
TTO,2008,9.16
TTO,2009,9.33
TTO,2010,9.47
TTO,2011,9.78
TTO,2012,10.03
TTO,2013,10.09
TTO,2014,10.25
TTO,2015,10.31
TTO,2016,10.280000000000001
TTO,2017,10.2
TTO,2018,10.11
TTO,2019,10.15
TTO,2020,8.690000000000001
TTO,2021,9.49
TTO,2022,10.14
TUV,1995,20.74
TUV,1996,20.73
TUV,1997,20.73
TUV,1998,20.73
TUV,1999,20.72
TUV,2000,20.72
TUV,2001,20.27
TUV,2002,19.830000000000002
TUV,2003,19.400000000000002
TUV,2004,18.98
TUV,2005,18.57
TUV,2006,18.17
TUV,2007,17.78
TUV,2008,17.39
TUV,2009,17.02
TUV,2010,16.650000000000002
TUV,2011,16.55
TUV,2012,16.45
TUV,2013,16.36
TUV,2014,16.27
TUV,2015,16.189999999999998
TUV,2016,16.11
TUV,2017,16.03
TUV,2018,15.959999999999999
TUV,2019,15.89
TUV,2020,15.82
TUV,2021,15.82
TUV,2022,15.82
TZA,1995,15.27
TZA,1996,15.15
TZA,1997,15.02
TZA,1998,14.899999999999999
TZA,1999,14.77
TZA,2000,14.649999999999999
TZA,2001,14.46
TZA,2002,14.27
TZA,2003,14.08
TZA,2004,13.900000000000002
TZA,2005,13.71
TZA,2006,13.52
TZA,2007,13.33
TZA,2008,13.530000000000001
TZA,2009,13.73
TZA,2010,13.930000000000001
TZA,2011,14.13
TZA,2012,13.94
TZA,2013,13.74
TZA,2014,13.54
TZA,2015,13.34
TZA,2016,13.15
TZA,2017,12.950000000000001
TZA,2018,12.950000000000001
TZA,2019,12.950000000000001
TZA,2020,12.950000000000001
TZA,2021,12.950000000000001
TZA,2022,12.950000000000001
UKR,1995,16.54
UKR,1996,19.72
UKR,1997,21.04
UKR,1998,23.01
UKR,1999,23.7
UKR,2000,22.55
UKR,2001,21.099999999999998
UKR,2002,21.13
UKR,2003,20.66
UKR,2004,19.919999999999998
UKR,2005,20.919999999999998
UKR,2006,20.380000000000003
UKR,2007,21.240000000000002
UKR,2008,21.75
UKR,2009,23.18
UKR,2010,24.19
UKR,2011,24.37
UKR,2012,25.47
UKR,2013,25.97
UKR,2014,24.5
UKR,2015,23.28
UKR,2016,22.220000000000002
UKR,2017,22.27
UKR,2018,22.74
UKR,2019,22.59
UKR,2020,22.59
UKR,2021,22.59
UKR,2022,22.59
UGA,1995,13.459999999999999
UGA,1996,13.69
UGA,1997,13.18
UGA,1998,12.68
UGA,1999,12.17
UGA,2000,11.88
UGA,2001,11.58
UGA,2002,11.29
UGA,2003,11.559999999999999
UGA,2004,11.82
UGA,2005,12.09
UGA,2006,12
UGA,2007,11.92
UGA,2008,11.83
UGA,2009,11.75
UGA,2010,12.17
UGA,2011,12.58
UGA,2012,13
UGA,2013,12.78
UGA,2014,12.559999999999999
UGA,2015,12.35
UGA,2016,12.13
UGA,2017,12.15
UGA,2018,12.17
UGA,2019,12.2
UGA,2020,12.2
UGA,2021,12.2
UGA,2022,12.2
USA,1995,15.740000000000002
USA,1996,15.47
USA,1997,15.24
USA,1998,15.28
USA,1999,15.14
USA,2000,15.06
USA,2001,15.310000000000002
USA,2002,15.4
USA,2003,15.09
USA,2004,14.78
USA,2005,14.32
USA,2006,14.08
USA,2007,14.31
USA,2008,14.29
USA,2009,14.249999999999998
USA,2010,13.87
USA,2011,13.56
USA,2012,13.15
USA,2013,13.450000000000001
USA,2014,13.139999999999999
USA,2015,13.209999999999999
USA,2016,12.950000000000001
USA,2017,13.48
USA,2018,13.34
USA,2019,13.58
USA,2020,13.700000000000001
USA,2021,13.459999999999999
USA,2022,13.34
URY,1995,13.61
URY,1996,13.61
URY,1997,13.61
URY,1998,13.61
URY,1999,13.61
URY,2000,13.61
URY,2001,13.03
URY,2002,12.94
URY,2003,12.370000000000001
URY,2004,12.590000000000002
URY,2005,12.959999999999999
URY,2006,12.959999999999999
URY,2007,12.959999999999999
URY,2008,13.4
URY,2009,14.000000000000002
URY,2010,14.63
URY,2011,15.590000000000002
URY,2012,16.09
URY,2013,16.470000000000002
URY,2014,16.189999999999998
URY,2015,15.97
URY,2016,15.509999999999998
URY,2017,15.260000000000002
URY,2018,15.03
URY,2019,15.09
URY,2020,14.69
URY,2021,14.469999999999999
URY,2022,15.25
UZB,1995,18.01
UZB,1996,15.950000000000001
UZB,1997,13.88
UZB,1998,11.799999999999999
UZB,1999,13.15
UZB,2000,14.499999999999998
UZB,2001,14.96
UZB,2002,15.45
UZB,2003,14.67
UZB,2004,14.67
UZB,2005,14.67
UZB,2006,14.67
UZB,2007,14.67
UZB,2008,14.67
UZB,2009,14.67
UZB,2010,14.67
UZB,2011,14.67
UZB,2012,14.67
UZB,2013,14.67
UZB,2014,14.67
UZB,2015,14.67
UZB,2016,14.95
UZB,2017,14.62
UZB,2018,14.62
UZB,2019,14.62
UZB,2020,14.62
UZB,2021,14.62
UZB,2022,14.62
VCT,1995,8.04
VCT,1996,8.07
VCT,1997,8.110000000000001
VCT,1998,8.14
VCT,1999,8.18
VCT,2000,8.21
VCT,2001,8.260000000000002
VCT,2002,8.3
VCT,2003,8.35
VCT,2004,8.39
VCT,2005,8.43
VCT,2006,8.459999999999999
VCT,2007,8.5
VCT,2008,8.53
VCT,2009,8.57
VCT,2010,8.6
VCT,2011,9.17
VCT,2012,9.74
VCT,2013,10.299999999999999
VCT,2014,10.86
VCT,2015,11.41
VCT,2016,11.97
VCT,2017,12.509999999999998
VCT,2018,13.059999999999999
VCT,2019,13.600000000000001
VCT,2020,14.13
VCT,2021,14.13
VCT,2022,14.13
VEN,1995,8.39
VEN,1996,8.39
VEN,1997,8.39
VEN,1998,8.39
VEN,1999,8.39
VEN,2000,8.39
VEN,2001,8.02
VEN,2002,8.1
VEN,2003,8.48
VEN,2004,8.72
VEN,2005,8.7
VEN,2006,9.04
VEN,2007,8.92
VEN,2008,9.16
VEN,2009,9.33
VEN,2010,9.47
VEN,2011,9.78
VEN,2012,10.03
VEN,2013,10.09
VEN,2014,10.25
VEN,2015,10.31
VEN,2016,10.280000000000001
VEN,2017,10.2
VEN,2018,10.11
VEN,2019,10.15
VEN,2020,8.690000000000001
VEN,2021,9.49
VEN,2022,10.14
VGB,1995,8.04
VGB,1996,8.07
VGB,1997,8.110000000000001
VGB,1998,8.14
VGB,1999,8.18
VGB,2000,8.21
VGB,2001,8.260000000000002
VGB,2002,8.3
VGB,2003,8.35
VGB,2004,8.39
VGB,2005,8.43
VGB,2006,8.459999999999999
VGB,2007,8.5
VGB,2008,8.53
VGB,2009,8.57
VGB,2010,8.6
VGB,2011,9.17
VGB,2012,9.74
VGB,2013,10.299999999999999
VGB,2014,10.86
VGB,2015,11.41
VGB,2016,11.97
VGB,2017,12.509999999999998
VGB,2018,13.059999999999999
VGB,2019,13.600000000000001
VGB,2020,14.13
VGB,2021,14.13
VGB,2022,14.13
VNM,1995,13.889999999999999
VNM,1996,13.94
VNM,1997,13.950000000000001
VNM,1998,13.96
VNM,1999,13.750000000000002
VNM,2000,13.28
VNM,2001,12.959999999999999
VNM,2002,12.870000000000001
VNM,2003,13.05
VNM,2004,13.03
VNM,2005,13.52
VNM,2006,14.030000000000001
VNM,2007,14.06
VNM,2008,14.08
VNM,2009,13.23
VNM,2010,12.6
VNM,2011,13.48
VNM,2012,14.35
VNM,2013,14.610000000000001
VNM,2014,14.75
VNM,2015,14.66
VNM,2016,14.540000000000001
VNM,2017,14.57
VNM,2018,14.63
VNM,2019,14.63
VNM,2020,14.63
VNM,2021,14.63
VNM,2022,14.63
VUT,1995,20.74
VUT,1996,20.73
VUT,1997,20.73
VUT,1998,20.73
VUT,1999,20.72
VUT,2000,20.72
VUT,2001,20.27
VUT,2002,19.830000000000002
VUT,2003,19.400000000000002
VUT,2004,18.98
VUT,2005,18.57
VUT,2006,18.17
VUT,2007,17.78
VUT,2008,17.39
VUT,2009,17.02
VUT,2010,16.650000000000002
VUT,2011,16.55
VUT,2012,16.45
VUT,2013,16.36
VUT,2014,16.27
VUT,2015,16.189999999999998
VUT,2016,16.11
VUT,2017,16.03
VUT,2018,15.959999999999999
VUT,2019,15.89
VUT,2020,15.82
VUT,2021,15.82
VUT,2022,15.82
WSM,1995,20.74
WSM,1996,20.73
WSM,1997,20.73
WSM,1998,20.73
WSM,1999,20.72
WSM,2000,20.72
WSM,2001,20.27
WSM,2002,19.830000000000002
WSM,2003,19.400000000000002
WSM,2004,18.98
WSM,2005,18.57
WSM,2006,18.17
WSM,2007,17.78
WSM,2008,17.39
WSM,2009,17.02
WSM,2010,16.650000000000002
WSM,2011,16.55
WSM,2012,16.45
WSM,2013,16.36
WSM,2014,16.27
WSM,2015,16.189999999999998
WSM,2016,16.11
WSM,2017,16.03
WSM,2018,15.959999999999999
WSM,2019,15.89
WSM,2020,15.82
WSM,2021,15.82
WSM,2022,15.82
YEM,1995,9.99
YEM,1996,9.99
YEM,1997,9.99
YEM,1998,9.99
YEM,1999,9.879999999999999
YEM,2000,9.77
YEM,2001,9.66
YEM,2002,9.56
YEM,2003,9.45
YEM,2004,9.35
YEM,2005,9.26
YEM,2006,9.16
YEM,2007,9.370000000000001
YEM,2008,9.59
YEM,2009,9.84
YEM,2010,10.12
YEM,2011,10.440000000000001
YEM,2012,9.82
YEM,2013,9.180000000000001
YEM,2014,9.44
YEM,2015,9.44
YEM,2016,9.44
YEM,2017,9.44
YEM,2018,9.44
YEM,2019,9.44
YEM,2020,9.44
YEM,2021,9.44
YEM,2022,9.44
ZAF,1995,12.839999999999998
ZAF,1996,12.32
ZAF,1997,11.799999999999999
ZAF,1998,11.28
ZAF,1999,10.76
ZAF,2000,10.25
ZAF,2001,10.2
ZAF,2002,10.16
ZAF,2003,10.08
ZAF,2004,10.459999999999999
ZAF,2005,10.16
ZAF,2006,9.370000000000001
ZAF,2007,8.16
ZAF,2008,8.74
ZAF,2009,8.99
ZAF,2010,7.89
ZAF,2011,7.359999999999999
ZAF,2012,5.8999999999999995
ZAF,2013,5.8500000000000005
ZAF,2014,5.81
ZAF,2015,5.81
ZAF,2016,5.81
ZAF,2017,5.81
ZAF,2018,5.81
ZAF,2019,5.81
ZAF,2020,5.81
ZAF,2021,5.81
ZAF,2022,5.81
ZMB,1995,9.54
ZMB,1996,10.02
ZMB,1997,9.9
ZMB,1998,9.77
ZMB,1999,10.45
ZMB,2000,11.12
ZMB,2001,11.799999999999999
ZMB,2002,12.479999999999999
ZMB,2003,10.190000000000001
ZMB,2004,7.920000000000001
ZMB,2005,7.88
ZMB,2006,7.84
ZMB,2007,8.07
ZMB,2008,8.309999999999999
ZMB,2009,8.540000000000001
ZMB,2010,8.77
ZMB,2011,8.49
ZMB,2012,8.219999999999999
ZMB,2013,7.9399999999999995
ZMB,2014,7.66
ZMB,2015,7.380000000000001
ZMB,2016,7.580000000000001
ZMB,2017,7.79
ZMB,2018,7.99
ZMB,2019,8.200000000000001
ZMB,2020,8.4
ZMB,2021,8.61
ZMB,2022,8.81
ZWE,1995,11.88
ZWE,1996,11.88
ZWE,1997,11.88
ZWE,1998,11.88
ZWE,1999,11.88
ZWE,2000,11.88
ZWE,2001,11.88
ZWE,2002,11.88
ZWE,2003,11.88
ZWE,2004,11.88
ZWE,2005,11.88
ZWE,2006,11.88
ZWE,2007,11.88
ZWE,2008,11.88
ZWE,2009,11.88
ZWE,2010,11.88
ZWE,2011,11.88
ZWE,2012,11.77
ZWE,2013,11.67
ZWE,2014,11.559999999999999
ZWE,2015,11.459999999999999
ZWE,2016,11.35
ZWE,2017,11.25
ZWE,2018,10.24
ZWE,2019,9.229999999999999
ZWE,2020,9.229999999999999
ZWE,2021,9.229999999999999
ZWE,2022,9.229999999999999
