outcome,component,event_time,att,se,ci_lower,ci_upper,ci_crosses_zero,period
GDP_per_capita_growth,fraser_FreeTrade,0,0.07156124707743682,0.8315314918466477,-1.5582404769419926,1.701362971096866,TRUE,post_treatment
GDP_per_capita_growth,fraser_FreeTrade,1,2.3082614365198584,1.444747793427854,-0.5234442385987355,5.139967111638452,TRUE,post_treatment
GDP_per_capita_growth,fraser_FreeTrade,2,1.2332607070794501,1.1706267636680139,-1.061167749709857,3.5276891638687573,TRUE,post_treatment
GDP_per_capita_growth,fraser_FreeTrade,3,1.5899589932675444,1.463213729114351,-1.2779399157965834,4.457857902331672,TRUE,post_treatment
GDP_per_capita_growth,fraser_FreeTrade,4,0.4282804194448844,1.5615300419813989,-2.632318462838658,3.488879301728426,TRUE,post_treatment
GDP_per_capita_growth,fraser_FreeTrade,5,1.0653811821695867,1.2967016573015222,-1.4761540661413968,3.6069164304805703,TRUE,post_treatment
GDP_per_capita_growth,fraser_FreeTrade,6,1.0391670291648756,1.8131526359823082,-2.514612137360449,4.5929461956902,TRUE,post_treatment
GDP_per_capita_growth,fraser_FreeTrade,7,0.8212850618252268,1.7026339166458018,-2.5158774148005447,4.158447538450998,TRUE,post_treatment
GDP_per_capita_growth,fraser_FreeTrade,8,0.05245362347453993,1.8637338822618121,-3.600464785758612,3.7053720327076918,TRUE,post_treatment
GDP_per_capita_growth,fraser_FreeTrade,9,-0.5032081875343938,1.808092276761119,-4.047069049986187,3.0406526749173994,TRUE,post_treatment
GDP_per_capita_growth,fraser_FreeTrade,10,0.8878559336039199,1.3741739227601506,-1.8055249550059753,3.5812368222138153,TRUE,post_treatment
GDP_per_capita_growth,fraser_FreeTrade,11,1.2121676904006413,1.233586680052137,-1.205662202501547,3.6299975833028295,TRUE,post_treatment
GDP_per_capita_growth,fraser_FreeTrade,12,0.4765478919970402,1.136294101268493,-1.750588546489206,2.7036843304832865,TRUE,post_treatment
GDP_per_capita_growth,fraser_FreeTrade,13,0.8995534242862768,1.3858150440516182,-1.8166440620548947,3.6157509106274484,TRUE,post_treatment
GDP_per_capita_growth,fraser_FreeTrade,14,1.086416974254687,1.1904836447505647,-1.24693096945642,3.419764917965794,TRUE,post_treatment
GDP_per_capita_growth,fraser_FreeTrade,15,0.29893158434232237,1.293004003526587,-2.2353562625697885,2.8332194312544328,TRUE,post_treatment
GDP_per_capita_growth,fraser_FreeTrade,16,0.2350616242172449,1.1539298250569276,-2.026640832894333,2.496764081328823,TRUE,post_treatment
GDP_per_capita_growth,fraser_FreeTrade,17,1.01419196679155,1.5343946523345169,-1.9932215517841032,4.021605485367203,TRUE,post_treatment
GDP_per_capita_growth,fraser_FreeTrade,18,-0.006423210499218679,1.987376224057123,-3.90168060965118,3.8888341886527424,TRUE,post_treatment
GDP_per_capita_growth,fraser_FreeTrade,19,-0.8545791254089001,2.1008279322135395,-4.972201872547438,3.2630436217296372,TRUE,post_treatment
GDP_per_capita_growth,fraser_FreeTrade,20,-3.0124388182274084,5.451809841991088,-13.697986108529943,7.673108472075125,TRUE,post_treatment
GDP_per_capita_growth,fraser_FreeTrade,21,-3.65982869210984,1.6173802592507576,-6.829894000241325,-0.4897633839783553,FALSE,post_treatment
GDP_per_capita_growth,fraser_LegalSystem,0,-0.3096858978135088,0.5482896951004769,-1.3843337002104434,0.7649619045834257,TRUE,post_treatment
GDP_per_capita_growth,fraser_LegalSystem,1,0.4107441768399777,0.5990231473280992,-0.7633411919230968,1.5848295456030523,TRUE,post_treatment
GDP_per_capita_growth,fraser_LegalSystem,2,0.6930929668806067,0.6478139109699277,-0.5766222986204514,1.962808232381665,TRUE,post_treatment
GDP_per_capita_growth,fraser_LegalSystem,3,0.9473055381186551,0.5939104389447456,-0.21675892221304627,2.1113699984503564,TRUE,post_treatment
GDP_per_capita_growth,fraser_LegalSystem,4,-0.1025423954182454,0.8357108580850747,-1.7405356772649918,1.535450886428501,TRUE,post_treatment
GDP_per_capita_growth,fraser_LegalSystem,5,0.0900619218273695,0.8957567193644824,-1.665621248127016,1.845745091781755,TRUE,post_treatment
GDP_per_capita_growth,fraser_LegalSystem,6,-0.29754544017008405,0.8510206407630906,-1.9655458960657417,1.3704550157255735,TRUE,post_treatment
GDP_per_capita_growth,fraser_LegalSystem,7,-0.1250120859108678,0.6807467304309961,-1.4592756775556202,1.2092515057338844,TRUE,post_treatment
GDP_per_capita_growth,fraser_LegalSystem,8,0.6988346884132863,0.8261968386409047,-0.9205111153228867,2.3181804921494593,TRUE,post_treatment
GDP_per_capita_growth,fraser_LegalSystem,9,0.21805936406829082,0.8872825785916145,-1.5210144899712736,1.9571332181078553,TRUE,post_treatment
GDP_per_capita_growth,fraser_LegalSystem,10,-0.99574419048811,1.2055371121316036,-3.358596930266053,1.3671085492898332,TRUE,post_treatment
GDP_per_capita_growth,fraser_LegalSystem,11,0.19701724513250832,1.2050547033335541,-2.164889973401258,2.5589244636662745,TRUE,post_treatment
GDP_per_capita_growth,fraser_LegalSystem,12,-0.3439651582850057,0.8816012049532581,-2.0719035199933917,1.3839732034233803,TRUE,post_treatment
GDP_per_capita_growth,fraser_LegalSystem,13,-0.19940392378930985,0.9524492759300067,-2.066204504612123,1.6673966570335033,TRUE,post_treatment
GDP_per_capita_growth,fraser_LegalSystem,14,-0.11308820277381876,1.084940612158472,-2.239571802604424,2.013395397056786,TRUE,post_treatment
GDP_per_capita_growth,fraser_LegalSystem,15,-0.14166956089803673,0.9790819170597214,-2.0606701183350906,1.7773309965390172,TRUE,post_treatment
GDP_per_capita_growth,fraser_LegalSystem,16,1.1098362016590966,1.1607592441581496,-1.1652519168908766,3.3849243202090697,TRUE,post_treatment
GDP_per_capita_growth,fraser_LegalSystem,17,1.0289630889272094,1.2030477169197813,-1.329010436235562,3.386936614089981,TRUE,post_treatment
GDP_per_capita_growth,fraser_LegalSystem,18,0.18725091777140812,1.6462277972748744,-3.0393555648873454,3.413857400430162,TRUE,post_treatment
GDP_per_capita_growth,fraser_LegalSystem,19,-2.2912655171626866,2.41751895174383,-7.029602662580594,2.44707162825522,TRUE,post_treatment
GDP_per_capita_growth,fraser_LegalSystem,20,3.0460529105975103,2.359209916435963,-1.577998525616977,7.670104346811998,TRUE,post_treatment
GDP_per_capita_growth,fraser_LegalSystem,21,-1.8561725297683296,2.4570713333115717,-6.67203234305901,2.959687283522351,TRUE,post_treatment
GDP_per_capita_growth,fraser_Regulation,0,0.8580666118114386,0.5007923272573515,-0.12348634961297023,1.8396195732358476,TRUE,post_treatment
GDP_per_capita_growth,fraser_Regulation,1,1.0795194338415859,0.7006251926396447,-0.29370594373211767,2.4527448114152897,TRUE,post_treatment
GDP_per_capita_growth,fraser_Regulation,2,0.16204829921009856,0.5721275207474013,-0.9593216414548079,1.283418239875005,TRUE,post_treatment
GDP_per_capita_growth,fraser_Regulation,3,1.493612011725611,0.5787295917524552,0.359302011890799,2.627922011560423,FALSE,post_treatment
GDP_per_capita_growth,fraser_Regulation,4,1.2164018928193518,0.5882108921270182,0.0635085442503962,2.3692952413883077,FALSE,post_treatment
GDP_per_capita_growth,fraser_Regulation,5,1.1783475701474784,0.6360582735088862,-0.06832664592993853,2.425021786224895,TRUE,post_treatment
GDP_per_capita_growth,fraser_Regulation,6,1.5153070386696013,0.6565849177449117,0.2284005998895744,2.8022134774496283,FALSE,post_treatment
GDP_per_capita_growth,fraser_Regulation,7,0.9632690333428322,0.721603726490585,-0.4510742705787143,2.3776123372643787,TRUE,post_treatment
GDP_per_capita_growth,fraser_Regulation,8,1.7571198635070053,0.6673988941145444,0.44901803104249827,3.0652216959715126,FALSE,post_treatment
GDP_per_capita_growth,fraser_Regulation,9,1.7071549039248266,0.8051874037615607,0.12898759255216752,3.2853222152974855,FALSE,post_treatment
GDP_per_capita_growth,fraser_Regulation,10,1.7786176962500961,0.9431186662424675,-0.06989488958514012,3.627130282085332,TRUE,post_treatment
GDP_per_capita_growth,fraser_Regulation,11,1.4299443945473542,0.9134873503766,-0.3604908121907817,3.22037960128549,TRUE,post_treatment
GDP_per_capita_growth,fraser_Regulation,12,1.1425686538885549,0.8065334072137185,-0.4382368242503334,2.723374132027443,TRUE,post_treatment
GDP_per_capita_growth,fraser_Regulation,13,1.2172242545686727,1.3550469995615029,-1.438667864571873,3.8731163737092182,TRUE,post_treatment
GDP_per_capita_growth,fraser_Regulation,14,0.6117657024418459,0.9632318513981971,-1.2761687262986203,2.499700131182312,TRUE,post_treatment
GDP_per_capita_growth,fraser_Regulation,15,1.8129846223611075,1.3719285392543754,-0.8759953145774684,4.501964559299683,TRUE,post_treatment
GDP_per_capita_growth,fraser_Regulation,16,-0.5629722095772383,0.8553398059473319,-2.239438229234009,1.1134938100795324,TRUE,post_treatment
GDP_per_capita_growth,fraser_Regulation,17,1.035230677895658,0.977312031561299,-0.880300903964488,2.9507622597558036,TRUE,post_treatment
GDP_per_capita_growth,fraser_Regulation,18,0.9285939808305057,1.0912921265611097,-1.2103385872292696,3.0675265488902808,TRUE,post_treatment
GDP_per_capita_growth,fraser_Regulation,19,1.6114022606533103,1.7696061997544803,-1.857025890865471,5.079830412172091,TRUE,post_treatment
GDP_per_capita_growth,fraser_Regulation,20,-3.834116878865352,4.202576400412328,-12.071166623673514,4.402932865942811,TRUE,post_treatment
GDP_per_capita_growth,fraser_Regulation,21,1.6017713000041993,1.617273778156184,-1.5680853051819212,4.77162790519032,TRUE,post_treatment
GDP_per_capita_growth,fraser_SizeGov,0,-1.1793610828457897,1.419222390774427,-3.9610369687636666,1.602314803072087,TRUE,post_treatment
GDP_per_capita_growth,fraser_SizeGov,1,0.8154307264272593,1.2901464412685446,-1.713256298459088,3.3441177513136067,TRUE,post_treatment
GDP_per_capita_growth,fraser_SizeGov,2,0.8396783030810548,0.8007058173104072,-0.7297050988473432,2.409061705009453,TRUE,post_treatment
GDP_per_capita_growth,fraser_SizeGov,3,0.7076298189525936,0.8089199949191179,-0.8778533710888776,2.293113008994065,TRUE,post_treatment
GDP_per_capita_growth,fraser_SizeGov,4,0.33918151915921324,0.92159061720008,-1.4671360905529434,2.14549912887137,TRUE,post_treatment
GDP_per_capita_growth,fraser_SizeGov,5,0.29543907251998286,1.0571010334442759,-1.7764789530307978,2.3673570980707637,TRUE,post_treatment
GDP_per_capita_growth,fraser_SizeGov,6,1.5919120738322374,0.890471981715811,-0.15341301033075205,3.3372371579952267,TRUE,post_treatment
GDP_per_capita_growth,fraser_SizeGov,7,1.0575603713731614,0.862778787278677,-0.6334860516930454,2.748606794439368,TRUE,post_treatment
GDP_per_capita_growth,fraser_SizeGov,8,0.7894039226161683,0.7761271481814441,-0.7318052878194622,2.310613133051799,TRUE,post_treatment
GDP_per_capita_growth,fraser_SizeGov,9,0.49411035078180376,0.8254076826008824,-1.1236887071159258,2.111909408679533,TRUE,post_treatment
GDP_per_capita_growth,fraser_SizeGov,10,0.0486951630564195,1.1312185498155085,-2.1684931945819774,2.2658835206948162,TRUE,post_treatment
GDP_per_capita_growth,fraser_SizeGov,11,0.13838813999421787,0.832955719204789,-1.4942050696471683,1.7709813496356042,TRUE,post_treatment
GDP_per_capita_growth,fraser_SizeGov,12,-0.18074825634282185,0.6983975939302577,-1.549607540446127,1.1881110277604834,TRUE,post_treatment
GDP_per_capita_growth,fraser_SizeGov,13,-0.13033189063164688,1.0274779868679211,-2.1441887448927726,1.8835249636294786,TRUE,post_treatment
GDP_per_capita_growth,fraser_SizeGov,14,0.7645585672441555,0.8597269728542917,-0.9205062995502562,2.449623434038567,TRUE,post_treatment
GDP_per_capita_growth,fraser_SizeGov,15,2.5114815479928523,1.3815006448343052,-0.19625971588238578,5.21922281186809,TRUE,post_treatment
GDP_per_capita_growth,fraser_SizeGov,16,0.4080582249995468,0.9562804715916854,-1.4662514993201565,2.28236794931925,TRUE,post_treatment
GDP_per_capita_growth,fraser_SizeGov,17,1.4262288428635372,1.8015985419444889,-2.1049042993476608,4.957361985074735,TRUE,post_treatment
GDP_per_capita_growth,fraser_SizeGov,18,-1.4908605554102432,1.5885547834175209,-4.604427930908584,1.6227068200880979,TRUE,post_treatment
GDP_per_capita_growth,fraser_SizeGov,19,-0.36274483109566746,1.4500026867933733,-3.2047500972106793,2.479260435019344,TRUE,post_treatment
GDP_per_capita_growth,fraser_SizeGov,20,-0.42246653318066507,1.291261626609818,-2.9533393213359083,2.1084062549745783,TRUE,post_treatment
GDP_per_capita_growth,fraser_SizeGov,21,1.1986789004757323,0.8274682654278892,-0.42315889976293053,2.8205167007143954,TRUE,post_treatment
GDP_per_capita_growth,fraser_SoundMoney,0,0.5069555915021439,0.687437658003178,-0.8404222181840851,1.8543334011883728,TRUE,post_treatment
GDP_per_capita_growth,fraser_SoundMoney,1,0.4920578702214068,0.6872411421783213,-0.8549347684481029,1.8390505088909164,TRUE,post_treatment
GDP_per_capita_growth,fraser_SoundMoney,2,1.202243868357846,0.8156297426432761,-0.39639042722297524,2.800878163938667,TRUE,post_treatment
GDP_per_capita_growth,fraser_SoundMoney,3,1.4385826108073618,0.6844049863143284,0.09714883763127813,2.7800163839834457,FALSE,post_treatment
GDP_per_capita_growth,fraser_SoundMoney,4,1.2102707934561174,0.7057939932935059,-0.17308543339915405,2.5936270203113887,TRUE,post_treatment
GDP_per_capita_growth,fraser_SoundMoney,5,0.6153252607870779,0.7394442273667284,-0.8339854248517097,2.0646359464258657,TRUE,post_treatment
GDP_per_capita_growth,fraser_SoundMoney,6,0.7824446540628427,0.7098438293239046,-0.6088492514120103,2.1737385595376955,TRUE,post_treatment
GDP_per_capita_growth,fraser_SoundMoney,7,0.304469199825382,0.7941916376250399,-1.2521464099196962,1.86108480957046,TRUE,post_treatment
GDP_per_capita_growth,fraser_SoundMoney,8,-1.4007693365422427,1.155931161548187,-3.6663944131766897,0.8648557400922041,TRUE,post_treatment
GDP_per_capita_growth,fraser_SoundMoney,9,0.9524706810685146,1.2466916013885014,-1.491044857652948,3.395986219789977,TRUE,post_treatment
GDP_per_capita_growth,fraser_SoundMoney,10,-0.5077934449089315,0.8668009777283806,-2.2067233612565573,1.1911364714386945,TRUE,post_treatment
GDP_per_capita_growth,fraser_SoundMoney,11,-1.2644632712437873,1.090625610059446,-3.4020894669603017,0.8731629244727268,TRUE,post_treatment
GDP_per_capita_growth,fraser_SoundMoney,12,-1.5001525550783683,1.0631436023857521,-3.5839140157544422,0.5836089055977058,TRUE,post_treatment
GDP_per_capita_growth,fraser_SoundMoney,13,-0.57381678720016,0.8470861556673601,-2.2341056523081857,1.0864720779078658,TRUE,post_treatment
GDP_per_capita_growth,fraser_SoundMoney,14,0.2807274009417493,1.3303788528436793,-2.326815150631862,2.8882699525153606,TRUE,post_treatment
GDP_per_capita_growth,fraser_SoundMoney,15,-1.1474354143544458,1.0825053262078344,-3.2691458537218008,0.9742750250129093,TRUE,post_treatment
GDP_per_capita_growth,fraser_SoundMoney,16,-0.052719708297994466,1.2595328547909763,-2.521404103688308,2.415964687092319,TRUE,post_treatment
GDP_per_capita_growth,fraser_SoundMoney,17,-0.9190363499124112,1.3347393033808697,-3.5351253845389157,1.6970526847140932,TRUE,post_treatment
GDP_per_capita_growth,fraser_SoundMoney,18,-0.08813204137675296,1.2671199078594586,-2.571687060781292,2.395422978027786,TRUE,post_treatment
GDP_per_capita_growth,fraser_SoundMoney,19,1.127828107511815,1.4131130808979475,-1.6418735310481618,3.897529746071792,TRUE,post_treatment
GDP_per_capita_growth,fraser_SoundMoney,20,-0.6343911478607982,1.6082355723314525,-3.786532869630445,2.517750573908849,TRUE,post_treatment
GDP_per_capita_growth,fraser_SoundMoney,21,-0.44169256448700767,2.641107097911118,-5.6182624763927995,4.7348773474187835,TRUE,post_treatment
GDP_per_capita_growth,heritage_Business.Freedom,0,-0.3216773540173551,0.3580294946339317,-1.0234151634998612,0.380060455465151,TRUE,post_treatment
GDP_per_capita_growth,heritage_Business.Freedom,1,0.43059361250863565,0.4334006403581002,-0.4188716425932408,1.280058867610512,TRUE,post_treatment
GDP_per_capita_growth,heritage_Business.Freedom,2,-0.25964462987456727,0.49841334550925326,-1.2365347870727037,0.717245527323569,TRUE,post_treatment
GDP_per_capita_growth,heritage_Business.Freedom,3,-1.8519330458977503,0.6110632532322248,-3.049617022232911,-0.6542490695625898,FALSE,post_treatment
GDP_per_capita_growth,heritage_Business.Freedom,4,-1.243424173727322,0.522719410511178,-2.2679542183292307,-0.21889412912541317,FALSE,post_treatment
GDP_per_capita_growth,heritage_Business.Freedom,5,0.6118000813245982,0.5172024382479871,-0.40191669764145643,1.6255168602906527,TRUE,post_treatment
GDP_per_capita_growth,heritage_Business.Freedom,6,-0.5222466326287359,0.5483145659575476,-1.5969431819055293,0.5524499166480573,TRUE,post_treatment
GDP_per_capita_growth,heritage_Business.Freedom,7,-0.32375005593441264,0.5903431773065303,-1.480822683455212,0.8333225715863868,TRUE,post_treatment
GDP_per_capita_growth,heritage_Business.Freedom,8,-0.1913486787092694,0.6478826825050061,-1.4611987364190813,1.0785013790005427,TRUE,post_treatment
GDP_per_capita_growth,heritage_Business.Freedom,9,0.5433740597669735,0.6823376731510037,-0.7940077796089936,1.8807558991429407,TRUE,post_treatment
GDP_per_capita_growth,heritage_Business.Freedom,10,0.5002084678115631,0.6650677771267552,-0.8033243753568772,1.8037413109800036,TRUE,post_treatment
GDP_per_capita_growth,heritage_Business.Freedom,11,0.3025431731306601,0.6895467224179498,-1.0489684028085215,1.6540547490698416,TRUE,post_treatment
GDP_per_capita_growth,heritage_Business.Freedom,12,0.10617913992495943,0.6308683224921207,-1.130322772159597,1.3426810520095158,TRUE,post_treatment
GDP_per_capita_growth,heritage_Business.Freedom,13,0.5418133858856722,0.6904846100702066,-0.8115364498519326,1.895163221623277,TRUE,post_treatment
GDP_per_capita_growth,heritage_Business.Freedom,14,2.052957172501499,1.3260400002096622,-0.5460812279094389,4.651995572912437,TRUE,post_treatment
GDP_per_capita_growth,heritage_Business.Freedom,15,0.5941996078137992,0.8951801733179959,-1.1603535318894729,2.3487527475170715,TRUE,post_treatment
GDP_per_capita_growth,heritage_Business.Freedom,16,-0.25625943095749815,0.8339574249580592,-1.8908159838752943,1.378297121960298,TRUE,post_treatment
GDP_per_capita_growth,heritage_Business.Freedom,17,1.021341917417625,1.0510937613696263,-1.0388018548668425,3.0814856897020926,TRUE,post_treatment
GDP_per_capita_growth,heritage_Business.Freedom,18,1.0586358383481043,0.8815560303285516,-0.6692139810958568,2.786485657792065,TRUE,post_treatment
GDP_per_capita_growth,heritage_Business.Freedom,19,-1.5411677731962707,1.5287647492397556,-4.537546681706192,1.4552111353136503,TRUE,post_treatment
GDP_per_capita_growth,heritage_Business.Freedom,20,-0.375891238624649,0.8728463058199389,-2.0866699980317294,1.3348875207824311,TRUE,post_treatment
GDP_per_capita_growth,heritage_Business.Freedom,21,0.7970599934608734,1.1216606337031119,-1.4013948485972256,2.9955148355189727,TRUE,post_treatment
GDP_per_capita_growth,heritage_Business.Freedom,22,0.7442665567688757,1.6333993273078438,-2.457196124754498,3.945729238292249,TRUE,post_treatment
GDP_per_capita_growth,heritage_Business.Freedom,23,2.8592022936515686,2.093093837107633,-1.2432616270793924,6.96166621438253,TRUE,post_treatment
GDP_per_capita_growth,heritage_Business.Freedom,24,-0.18446461405122827,1.439251971600093,-3.0053984783874106,2.636469250284954,TRUE,post_treatment
GDP_per_capita_growth,heritage_Business.Freedom,25,-2.8187396233417146,2.4749214356564426,-7.669585637228343,2.032106390544913,TRUE,post_treatment
GDP_per_capita_growth,heritage_Financial.Freedom,0,-0.48040803311439234,0.4148227115354267,-1.2934605477238288,0.33264448149504405,TRUE,post_treatment
GDP_per_capita_growth,heritage_Financial.Freedom,1,-0.5927573350246127,0.5050057044782112,-1.5825685158019067,0.3970538457526813,TRUE,post_treatment
GDP_per_capita_growth,heritage_Financial.Freedom,2,-0.15697715655869476,0.5169623622025579,-1.1702233864757081,0.8562690733583185,TRUE,post_treatment
GDP_per_capita_growth,heritage_Financial.Freedom,3,-0.5957808702378791,0.5586336271932194,-1.690702779536589,0.49914103906083085,TRUE,post_treatment
GDP_per_capita_growth,heritage_Financial.Freedom,4,-0.6084009788687461,0.4908803219326049,-1.5705264098566518,0.3537244521191595,TRUE,post_treatment
GDP_per_capita_growth,heritage_Financial.Freedom,5,-1.1520308431894675,0.9871712477759059,-3.0868864888302427,0.782824802451308,TRUE,post_treatment
GDP_per_capita_growth,heritage_Financial.Freedom,6,-0.193129037264504,0.7832066855239056,-1.728214140891359,1.3419560663623509,TRUE,post_treatment
GDP_per_capita_growth,heritage_Financial.Freedom,7,-1.5780017088990477,0.709554092927784,-2.9687277310375046,-0.18727568676059092,FALSE,post_treatment
GDP_per_capita_growth,heritage_Financial.Freedom,8,-0.8685791072260913,0.6639083060838668,-2.1698393871504704,0.43268117269828754,TRUE,post_treatment
GDP_per_capita_growth,heritage_Financial.Freedom,9,-0.9056192791176209,0.6187818208380328,-2.1184316479601653,0.30719308972492343,TRUE,post_treatment
GDP_per_capita_growth,heritage_Financial.Freedom,10,-1.0101481720126775,0.5337846347152784,-2.056366056054623,0.03606971202926812,TRUE,post_treatment
GDP_per_capita_growth,heritage_Financial.Freedom,11,-0.3630872931986792,0.5894879945409396,-1.518483762498921,0.7923091761015624,TRUE,post_treatment
GDP_per_capita_growth,heritage_Financial.Freedom,12,-0.8195187809789415,0.7675749437369032,-2.323965670703272,0.6849281087453887,TRUE,post_treatment
GDP_per_capita_growth,heritage_Financial.Freedom,13,-0.08283886679609384,0.7608692130858618,-1.5741425244443827,1.4084647908521952,TRUE,post_treatment
GDP_per_capita_growth,heritage_Financial.Freedom,14,-0.033753907961262035,0.7108634108613288,-1.4270461932494665,1.3595383773269423,TRUE,post_treatment
GDP_per_capita_growth,heritage_Financial.Freedom,15,-0.353659737784679,0.696533809914383,-1.7188660052168696,1.0115465296475115,TRUE,post_treatment
GDP_per_capita_growth,heritage_Financial.Freedom,16,-0.9154391005169057,0.6933222267482667,-2.2743506649435083,0.4434724639096971,TRUE,post_treatment
GDP_per_capita_growth,heritage_Financial.Freedom,17,-0.0716025077382426,0.9214444062357925,-1.8776335439603957,1.7344285284839107,TRUE,post_treatment
GDP_per_capita_growth,heritage_Financial.Freedom,18,-0.25988854268331046,1.1166220595579068,-2.448467779416808,1.9286906940501871,TRUE,post_treatment
GDP_per_capita_growth,heritage_Financial.Freedom,19,0.1633497586379593,1.3770837713975665,-2.535734433301271,2.8624339505771896,TRUE,post_treatment
GDP_per_capita_growth,heritage_Financial.Freedom,20,-0.33587229981740624,1.2266274803382218,-2.7400621612803207,2.0683175616455083,TRUE,post_treatment
GDP_per_capita_growth,heritage_Financial.Freedom,21,0.8098611252939364,1.334267243542986,-1.8053026720503165,3.425024922638189,TRUE,post_treatment
GDP_per_capita_growth,heritage_Financial.Freedom,22,0.908963369301877,1.3652630523294482,-1.7669522132638416,3.5848789518675956,TRUE,post_treatment
GDP_per_capita_growth,heritage_Financial.Freedom,23,3.645201188560006,2.1415346486358073,-0.5522067227661767,7.842609099886189,TRUE,post_treatment
GDP_per_capita_growth,heritage_Financial.Freedom,24,1.5854892087229115,1.623790505232655,-1.597140181533092,4.768118598978915,TRUE,post_treatment
GDP_per_capita_growth,heritage_Financial.Freedom,25,0.23361327177539387,1.2388354604193947,-2.19450423064662,2.6617307741974074,TRUE,post_treatment
GDP_per_capita_growth,heritage_Fiscal.Health,0,-3.530830586976008,2.1057105329867407,-7.65802323163002,0.5963620576780038,TRUE,post_treatment
GDP_per_capita_growth,heritage_Fiscal.Health,1,-0.18611361128537462,1.125454655763831,-2.392004736582483,2.019777514011734,TRUE,post_treatment
GDP_per_capita_growth,heritage_Fiscal.Health,2,-0.17717170438852536,1.7052399580322044,-3.519442022131646,3.1650986133545955,TRUE,post_treatment
GDP_per_capita_growth,heritage_Fiscal.Health,3,0.8384659713420044,2.080512329831834,-3.23933819512839,4.916270137812399,TRUE,post_treatment
GDP_per_capita_growth,heritage_Fiscal.Health,4,0.4262812705160503,2.2248572308081354,-3.9344389018678947,4.787001442899995,TRUE,post_treatment
GDP_per_capita_growth,heritage_Government.Integrity,0,0.06776298470040203,0.4008611684195033,-0.7179249054018245,0.8534508748026285,TRUE,post_treatment
GDP_per_capita_growth,heritage_Government.Integrity,1,-0.18878095607362635,0.46116254511714116,-1.092659544503223,0.7150976323559703,TRUE,post_treatment
GDP_per_capita_growth,heritage_Government.Integrity,2,-0.5908482901381498,0.5181843149135759,-1.6064895473687584,0.42479296709245884,TRUE,post_treatment
GDP_per_capita_growth,heritage_Government.Integrity,3,0.03657313575431458,0.7766363012186627,-1.4856340146342641,1.5587802861428934,TRUE,post_treatment
GDP_per_capita_growth,heritage_Government.Integrity,4,0.41268026586713286,0.7737566298051539,-1.1038827285509687,1.9292432602852345,TRUE,post_treatment
GDP_per_capita_growth,heritage_Government.Integrity,5,-0.1312502098656458,0.625428478954887,-1.3570900286172243,1.0945896088859326,TRUE,post_treatment
GDP_per_capita_growth,heritage_Government.Integrity,6,-1.797599218389967,1.478306416081758,-4.695079793910213,1.099881357130279,TRUE,post_treatment
GDP_per_capita_growth,heritage_Government.Integrity,7,-0.006034993517452987,1.4248355325919553,-2.798712637397685,2.7866426503627792,TRUE,post_treatment
GDP_per_capita_growth,heritage_Government.Integrity,8,-0.6862089812527703,1.112119790666087,-2.8659637709583006,1.49354580845276,TRUE,post_treatment
GDP_per_capita_growth,heritage_Government.Integrity,9,-0.635720051259648,0.8781886160988448,-2.3569697388133837,1.0855296362940878,TRUE,post_treatment
GDP_per_capita_growth,heritage_Government.Integrity,10,-0.38169365267093674,0.7886774613620144,-1.927501476940485,1.1641141715986116,TRUE,post_treatment
GDP_per_capita_growth,heritage_Government.Integrity,11,-0.35517199791159737,0.868880128198642,-2.058177049180936,1.347833053357741,TRUE,post_treatment
GDP_per_capita_growth,heritage_Government.Integrity,12,-0.8613423656008725,0.8787716491975871,-2.583734798028143,0.8610500668263981,TRUE,post_treatment
GDP_per_capita_growth,heritage_Government.Integrity,13,-0.8894106921823413,0.7990655333717475,-2.4555791375909664,0.6767577532262838,TRUE,post_treatment
GDP_per_capita_growth,heritage_Government.Integrity,14,-0.8249778753868322,0.7678813460232391,-2.3300253135923805,0.6800695628187163,TRUE,post_treatment
GDP_per_capita_growth,heritage_Government.Integrity,15,-0.7941369476826664,1.0411468394893029,-2.8347847530817,1.246510857716367,TRUE,post_treatment
GDP_per_capita_growth,heritage_Government.Integrity,16,0.14713980138787447,0.9402898196488194,-1.6958282451238116,1.9901078478995604,TRUE,post_treatment
GDP_per_capita_growth,heritage_Government.Integrity,17,-0.4434083454635577,0.8123485183131138,-2.035611441357261,1.1487947504301452,TRUE,post_treatment
GDP_per_capita_growth,heritage_Government.Integrity,18,0.5287909968925631,0.9832122298245511,-1.3983049735635569,2.4558869673486834,TRUE,post_treatment
GDP_per_capita_growth,heritage_Government.Integrity,19,-0.2839807973346079,1.007216033066082,-2.2581242221441284,1.6901626274749129,TRUE,post_treatment
GDP_per_capita_growth,heritage_Government.Integrity,20,0.5658668554468261,0.8907621724198013,-1.1800270024959842,2.3117607133896367,TRUE,post_treatment
GDP_per_capita_growth,heritage_Government.Integrity,21,0.13058774933387218,1.0760159627718564,-1.9784035376989664,2.2395790363667105,TRUE,post_treatment
GDP_per_capita_growth,heritage_Government.Integrity,22,-0.5342535364404465,1.0164823827058727,-2.5265590065439567,1.458051933663064,TRUE,post_treatment
GDP_per_capita_growth,heritage_Government.Integrity,23,0.35230444988944465,1.2494071317190405,-2.096533528279875,2.801142428058764,TRUE,post_treatment
GDP_per_capita_growth,heritage_Government.Integrity,24,1.7039356418853684,1.4976229398305825,-1.2314053201825734,4.63927660395331,TRUE,post_treatment
GDP_per_capita_growth,heritage_Government.Integrity,25,0.3704020623776949,1.888793147215189,-3.3316325061640755,4.072436630919466,TRUE,post_treatment
GDP_per_capita_growth,heritage_Government.Spending,0,0.33149429501994876,0.5329503583819896,-0.7130884074087508,1.3760769974486484,TRUE,post_treatment
GDP_per_capita_growth,heritage_Government.Spending,1,0.08906680887421844,0.48191298694188117,-0.8554826455318686,1.0336162632803054,TRUE,post_treatment
GDP_per_capita_growth,heritage_Government.Spending,2,0.14781314933612122,0.573537324146754,-0.9763200059915165,1.271946304663759,TRUE,post_treatment
GDP_per_capita_growth,heritage_Government.Spending,3,-0.6878474104783109,1.1677490744789156,-2.9766355964569855,1.6009407755003635,TRUE,post_treatment
GDP_per_capita_growth,heritage_Government.Spending,4,1.2568989055999957,0.978104978608713,-0.6601868524730818,3.1739846636730733,TRUE,post_treatment
GDP_per_capita_growth,heritage_Government.Spending,5,0.452784809567478,0.7837543397703604,-1.0833736963824283,1.9889433155173843,TRUE,post_treatment
GDP_per_capita_growth,heritage_Government.Spending,6,0.43865050036108166,0.8836821973763535,-1.293366606496571,2.1706676072187343,TRUE,post_treatment
GDP_per_capita_growth,heritage_Government.Spending,7,-0.19786071396954125,0.8269195396405107,-1.818623011664942,1.4229015837258596,TRUE,post_treatment
GDP_per_capita_growth,heritage_Government.Spending,8,0.9434259665571451,0.8736236104823083,-0.7688763099881791,2.655728243102469,TRUE,post_treatment
GDP_per_capita_growth,heritage_Government.Spending,9,0.7169126673632985,0.8718849922833289,-0.9919819175120262,2.425807252238623,TRUE,post_treatment
GDP_per_capita_growth,heritage_Government.Spending,10,0.590850699651135,0.7672042726943153,-0.912869674829723,2.094571074131993,TRUE,post_treatment
GDP_per_capita_growth,heritage_Government.Spending,11,-1.117219327063467,0.7544146580524038,-2.5958720568461784,0.3614334027192445,TRUE,post_treatment
GDP_per_capita_growth,heritage_Government.Spending,12,-0.960158814748907,1.0276877206633384,-2.97442674724905,1.0541091177512363,TRUE,post_treatment
GDP_per_capita_growth,heritage_Government.Spending,13,0.101333875115268,0.7581253859636476,-1.3845918813734814,1.5872596316040173,TRUE,post_treatment
GDP_per_capita_growth,heritage_Government.Spending,14,-0.17652351930524643,0.8350518742550306,-1.8132251928451062,1.4601781542346135,TRUE,post_treatment
GDP_per_capita_growth,heritage_Government.Spending,15,0.0646012943414698,0.7863398236724018,-1.4766247600564377,1.6058273487393773,TRUE,post_treatment
GDP_per_capita_growth,heritage_Government.Spending,16,0.3635174996855062,0.7676609450787089,-1.1410979526687632,1.8681329520397756,TRUE,post_treatment
GDP_per_capita_growth,heritage_Government.Spending,17,-0.2567862786037621,0.8361214141182066,-1.895584250275447,1.382011693067923,TRUE,post_treatment
GDP_per_capita_growth,heritage_Government.Spending,18,0.386637682776434,0.9469823707938995,-1.4694477639796089,2.242723129532477,TRUE,post_treatment
GDP_per_capita_growth,heritage_Government.Spending,19,-0.5703886414485827,1.0045141094682852,-2.539236296006422,1.3984590131092562,TRUE,post_treatment
GDP_per_capita_growth,heritage_Government.Spending,20,0.6319236198481653,1.060174198318367,-1.4460178088558342,2.7098650485521647,TRUE,post_treatment
GDP_per_capita_growth,heritage_Government.Spending,21,0.2223801332693705,1.5048691880380234,-2.7271634752851552,3.171923741823896,TRUE,post_treatment
GDP_per_capita_growth,heritage_Government.Spending,22,0.8602271087613191,1.0266800983445352,-1.15206588399397,2.872520101516608,TRUE,post_treatment
GDP_per_capita_growth,heritage_Government.Spending,23,2.265320311860533,2.9275708307929436,-3.4727185164936367,8.003359140214702,TRUE,post_treatment
GDP_per_capita_growth,heritage_Government.Spending,24,-0.014070962389616248,2.7220552944803864,-5.349299339571173,5.321157414791941,TRUE,post_treatment
GDP_per_capita_growth,heritage_Government.Spending,25,3.2392169429717343,5.389350623235505,-7.323910278569856,13.802344164513325,TRUE,post_treatment
GDP_per_capita_growth,heritage_Investment.Freedom,0,-0.24180881111450056,0.304477674254376,-0.8385850526530775,0.3549674304240763,TRUE,post_treatment
GDP_per_capita_growth,heritage_Investment.Freedom,1,0.25082843429391755,0.42521456391532325,-0.582592110980116,1.084248979567951,TRUE,post_treatment
GDP_per_capita_growth,heritage_Investment.Freedom,2,-0.5282277857558769,0.38362959481922354,-1.280141791601555,0.2236862200898012,TRUE,post_treatment
GDP_per_capita_growth,heritage_Investment.Freedom,3,-1.0405902221132461,0.4342478233090774,-1.8917159557990377,-0.18946448842745445,FALSE,post_treatment
GDP_per_capita_growth,heritage_Investment.Freedom,4,-1.593882986080819,0.5906778151837239,-2.751611503840918,-0.43615446832072036,FALSE,post_treatment
GDP_per_capita_growth,heritage_Investment.Freedom,5,-1.0548130336497925,0.8052871555019439,-2.6331758584336025,0.5235497911340175,TRUE,post_treatment
GDP_per_capita_growth,heritage_Investment.Freedom,6,0.6807943356843553,0.708860445990896,-0.708572138457801,2.0701608098265116,TRUE,post_treatment
GDP_per_capita_growth,heritage_Investment.Freedom,7,-0.7970444876724615,0.5885375350013247,-1.9505780562750576,0.35648908093013476,TRUE,post_treatment
GDP_per_capita_growth,heritage_Investment.Freedom,8,-0.2059076713174839,0.7453276807403271,-1.666749925568525,1.2549345829335572,TRUE,post_treatment
GDP_per_capita_growth,heritage_Investment.Freedom,9,0.25949716350519225,0.5990763600887162,-0.9146925022686915,1.4336868292790759,TRUE,post_treatment
GDP_per_capita_growth,heritage_Investment.Freedom,10,-1.6233232478629573,0.9506085969662066,-3.4865160979167222,0.23986960219080755,TRUE,post_treatment
GDP_per_capita_growth,heritage_Investment.Freedom,11,-0.29576909628749987,0.877509613824314,-2.0156879393831555,1.4241497468081556,TRUE,post_treatment
GDP_per_capita_growth,heritage_Investment.Freedom,12,0.014309532444468226,0.7035188827981261,-1.364587477839859,1.3932065427287954,TRUE,post_treatment
GDP_per_capita_growth,heritage_Investment.Freedom,13,-0.8579680573217058,0.7951460275018819,-2.4164542712253945,0.7005181565819828,TRUE,post_treatment
GDP_per_capita_growth,heritage_Investment.Freedom,14,-0.005500335340239113,0.774666978279247,-1.5238476127675633,1.512846942087085,TRUE,post_treatment
GDP_per_capita_growth,heritage_Investment.Freedom,15,-0.040745624058059135,0.9674928613679334,-1.9370316323392085,1.8555403842230904,TRUE,post_treatment
GDP_per_capita_growth,heritage_Investment.Freedom,16,-0.47134424460777746,0.7539660149158062,-1.9491176338427576,1.0064291446272025,TRUE,post_treatment
GDP_per_capita_growth,heritage_Investment.Freedom,17,0.05272942626140118,0.9452444390823878,-1.799949674340079,1.905408526862881,TRUE,post_treatment
GDP_per_capita_growth,heritage_Investment.Freedom,18,-1.2272359499781136,1.0531118329652587,-3.291335142590021,0.8368632426337934,TRUE,post_treatment
GDP_per_capita_growth,heritage_Investment.Freedom,19,0.3918702293173298,1.079773140427978,-1.7244851259215073,2.508225584556167,TRUE,post_treatment
GDP_per_capita_growth,heritage_Investment.Freedom,20,1.0888689683358561,0.9489950507139059,-0.7711613310633993,2.9488992677351114,TRUE,post_treatment
GDP_per_capita_growth,heritage_Investment.Freedom,21,0.03322433828631994,1.2802036899145934,-2.475974893946283,2.542423570518923,TRUE,post_treatment
GDP_per_capita_growth,heritage_Investment.Freedom,22,0.9775218526222067,1.4302572678750247,-1.8257823924128418,3.780826097657255,TRUE,post_treatment
GDP_per_capita_growth,heritage_Investment.Freedom,23,1.7739558209484847,1.6894641776832935,-1.5373939673107704,5.08530560920774,TRUE,post_treatment
GDP_per_capita_growth,heritage_Investment.Freedom,24,-0.20810360915652093,2.185811967769363,-4.4922950659844725,4.07608784767143,TRUE,post_treatment
GDP_per_capita_growth,heritage_Investment.Freedom,25,-1.3632618934804914,1.7927732343211553,-4.877097432749956,2.150573645788973,TRUE,post_treatment
GDP_per_capita_growth,heritage_Judicial.Effectiveness,0,-1.9921011159788395,0.9263905112665011,-3.807826518061182,-0.17637571389649742,FALSE,post_treatment
GDP_per_capita_growth,heritage_Judicial.Effectiveness,1,1.1267819428794745,1.1767310056877196,-1.1796108282684556,3.4331747140274045,TRUE,post_treatment
GDP_per_capita_growth,heritage_Judicial.Effectiveness,2,2.043801541427162,1.7369581709755084,-1.3606364736848344,5.448239556539159,TRUE,post_treatment
GDP_per_capita_growth,heritage_Judicial.Effectiveness,3,-2.7284646060900335,1.3968811062869386,-5.466351574412434,0.009422362232366144,TRUE,post_treatment
GDP_per_capita_growth,heritage_Judicial.Effectiveness,4,-0.2463355964459928,3.8102128132838664,-7.7143527104823715,7.221681517590385,TRUE,post_treatment
GDP_per_capita_growth,heritage_Labor.Freedom,0,-0.41446508029341994,0.5985396758682566,-1.5876028449952029,0.7586726844083629,TRUE,post_treatment
GDP_per_capita_growth,heritage_Labor.Freedom,1,0.72336299863338,0.6627681297487202,-0.5756625356741116,2.0223885329408717,TRUE,post_treatment
GDP_per_capita_growth,heritage_Labor.Freedom,2,-0.058129459118713825,1.0029148376811234,-2.0238425409737157,1.9075836227362881,TRUE,post_treatment
GDP_per_capita_growth,heritage_Labor.Freedom,3,0.3120436955019494,0.7442413792594882,-1.1466694078466473,1.7707567988505462,TRUE,post_treatment
GDP_per_capita_growth,heritage_Labor.Freedom,4,0.6487070919569138,0.6336085445530217,-0.5931656553670088,1.8905798392808364,TRUE,post_treatment
GDP_per_capita_growth,heritage_Labor.Freedom,5,0.784700735174973,0.9232665125714692,-1.0249016294651065,2.5943030998150527,TRUE,post_treatment
GDP_per_capita_growth,heritage_Labor.Freedom,6,-1.5399837062581354,0.9876429088415222,-3.475763807587519,0.395796395071248,TRUE,post_treatment
GDP_per_capita_growth,heritage_Labor.Freedom,7,1.1801221234412533,1.270200984339608,-1.3094718058643784,3.6697160527468853,TRUE,post_treatment
GDP_per_capita_growth,heritage_Labor.Freedom,8,1.2781805855545705,0.9693150855383883,-0.6216769821006705,3.1780381532098114,TRUE,post_treatment
GDP_per_capita_growth,heritage_Labor.Freedom,9,2.4270632265878382,1.7098659056039915,-0.9242739483959852,5.778400401571662,TRUE,post_treatment
GDP_per_capita_growth,heritage_Labor.Freedom,10,0.5558099486411935,1.148697035227371,-1.6956362404044536,2.807256137686841,TRUE,post_treatment
GDP_per_capita_growth,heritage_Labor.Freedom,11,-1.1027710908658006,1.4321470575908373,-3.909779323743842,1.7042371420122404,TRUE,post_treatment
GDP_per_capita_growth,heritage_Labor.Freedom,12,-1.1111149207451916,1.1353673719889783,-3.336434969843589,1.1142051283532057,TRUE,post_treatment
GDP_per_capita_growth,heritage_Labor.Freedom,13,-1.118958406552982,1.8814286452319062,-4.806558551207518,2.568641738101554,TRUE,post_treatment
GDP_per_capita_growth,heritage_Labor.Freedom,14,1.7407967755530998,5.654880696258983,-9.342769389114506,12.824362940220707,TRUE,post_treatment
GDP_per_capita_growth,heritage_Labor.Freedom,15,0.9327939755116459,0.8947380187715037,-0.8208925412805013,2.686480492303793,TRUE,post_treatment
GDP_per_capita_growth,heritage_Monetary.Freedom,0,0.26665651052356326,0.775972771217539,-1.2542501210628132,1.7875631421099396,TRUE,post_treatment
GDP_per_capita_growth,heritage_Monetary.Freedom,1,-0.804176018353654,0.8356013334450527,-2.4419546319059573,0.8336025951986493,TRUE,post_treatment
GDP_per_capita_growth,heritage_Monetary.Freedom,2,-0.04142054037891614,0.7515119264642891,-1.5143839162489228,1.4315428354910906,TRUE,post_treatment
GDP_per_capita_growth,heritage_Monetary.Freedom,3,0.14833235931847333,1.042375312363314,-1.8947232529136218,2.1913879715505686,TRUE,post_treatment
GDP_per_capita_growth,heritage_Monetary.Freedom,4,0.25281356972131347,1.6052132137891253,-2.893404329305372,3.399031468747999,TRUE,post_treatment
GDP_per_capita_growth,heritage_Monetary.Freedom,5,1.5824430486122547,1.2841566672731555,-0.9345040192431298,4.099390116467639,TRUE,post_treatment
GDP_per_capita_growth,heritage_Monetary.Freedom,6,0.7140985060505294,0.9157925156935068,-1.080854824708744,2.5090518368098027,TRUE,post_treatment
GDP_per_capita_growth,heritage_Monetary.Freedom,7,0.08814501001820088,1.0624769202781268,-1.9943097537269274,2.170599773763329,TRUE,post_treatment
GDP_per_capita_growth,heritage_Monetary.Freedom,8,0.8931169795125833,0.9655243591508975,-0.9993107644231758,2.7855447234483424,TRUE,post_treatment
GDP_per_capita_growth,heritage_Monetary.Freedom,9,0.3886634533667264,1.1328192689279486,-1.8316623137320527,2.6089892204655056,TRUE,post_treatment
GDP_per_capita_growth,heritage_Monetary.Freedom,10,-0.4685489724891409,1.0916970803562742,-2.608275249987438,1.6711773050091563,TRUE,post_treatment
GDP_per_capita_growth,heritage_Monetary.Freedom,11,0.03869145887102903,1.0587374127050369,-2.036433870030843,2.1138167877729015,TRUE,post_treatment
GDP_per_capita_growth,heritage_Monetary.Freedom,12,-1.3824465608704795,1.220819137167861,-3.775252069719487,1.010358947978528,TRUE,post_treatment
GDP_per_capita_growth,heritage_Monetary.Freedom,13,-0.8190440271819148,1.041651568075562,-2.8606811006100163,1.2225930462461867,TRUE,post_treatment
GDP_per_capita_growth,heritage_Monetary.Freedom,14,0.5596523534197372,1.0871563981350982,-1.571174186925055,2.6904788937645296,TRUE,post_treatment
GDP_per_capita_growth,heritage_Monetary.Freedom,15,-0.6641047078826672,0.9768580915165916,-2.5787465672551866,1.2505371514898524,TRUE,post_treatment
GDP_per_capita_growth,heritage_Monetary.Freedom,16,-1.0148664567485577,1.1684234160499998,-3.304976352206557,1.2752434387094418,TRUE,post_treatment
GDP_per_capita_growth,heritage_Monetary.Freedom,17,-1.138260051407389,1.0164709619516559,-3.1305431368326344,0.8540230340178565,TRUE,post_treatment
GDP_per_capita_growth,heritage_Monetary.Freedom,18,-0.7074266692628334,0.8660373567388244,-2.4048598884709294,0.9900065499452625,TRUE,post_treatment
GDP_per_capita_growth,heritage_Monetary.Freedom,19,0.11330843084391375,0.9831490841595032,-1.8136637741087125,2.04028063579654,TRUE,post_treatment
GDP_per_capita_growth,heritage_Monetary.Freedom,20,0.035258801342543986,1.001944667726683,-1.9285527474017548,1.9990703500868425,TRUE,post_treatment
GDP_per_capita_growth,heritage_Monetary.Freedom,21,0.33095281425544354,1.1486463284910982,-1.920393989587109,2.582299618097996,TRUE,post_treatment
GDP_per_capita_growth,heritage_Monetary.Freedom,22,-1.0100044704112423,1.0477752713331165,-3.0636440022241507,1.043635061401666,TRUE,post_treatment
GDP_per_capita_growth,heritage_Monetary.Freedom,23,-0.9651515114729883,1.5212881095421638,-3.946876206175629,2.016573183229653,TRUE,post_treatment
GDP_per_capita_growth,heritage_Monetary.Freedom,24,1.192756437295933,2.0758621821744665,-2.8759334397660217,5.261446314357888,TRUE,post_treatment
GDP_per_capita_growth,heritage_Monetary.Freedom,25,-2.860594942098253,1.737390270060467,-6.265879871416768,0.5446899872202624,TRUE,post_treatment
GDP_per_capita_growth,heritage_Property.Rights,0,0.283671155067964,0.6080808215344065,-0.9081672551394726,1.4755095652754007,TRUE,post_treatment
GDP_per_capita_growth,heritage_Property.Rights,1,0.7410026227815819,0.6516229362257894,-0.5361783322209653,2.018183577784129,TRUE,post_treatment
GDP_per_capita_growth,heritage_Property.Rights,2,1.2754727375601582,0.7764422364722624,-0.24635404592547605,2.7972995210457925,TRUE,post_treatment
GDP_per_capita_growth,heritage_Property.Rights,3,0.9168406664723904,2.0491807532284794,-3.099553609855429,4.93323494280021,TRUE,post_treatment
GDP_per_capita_growth,heritage_Property.Rights,4,-0.3459168906592867,0.9934687977977067,-2.2931157343427917,1.6012819530242184,TRUE,post_treatment
GDP_per_capita_growth,heritage_Property.Rights,5,0.2770952352009502,0.5644780779961395,-0.8292817976714832,1.3834722680733835,TRUE,post_treatment
GDP_per_capita_growth,heritage_Property.Rights,6,1.1187444821604937,1.1897783824879915,-1.2132211475159695,3.450710111836957,TRUE,post_treatment
GDP_per_capita_growth,heritage_Property.Rights,7,-0.4300905701305967,1.3787523966096247,-3.132445267485461,2.2722641272242674,TRUE,post_treatment
GDP_per_capita_growth,heritage_Property.Rights,8,0.5530980321308522,0.9859179374428197,-1.3793011252570744,2.485497189518779,TRUE,post_treatment
GDP_per_capita_growth,heritage_Property.Rights,9,1.4721199241669571,1.0981277624134507,-0.6802104901634063,3.6244503384973203,TRUE,post_treatment
GDP_per_capita_growth,heritage_Property.Rights,10,0.8324966682739914,1.2022219200078714,-1.5238582949414365,3.1888516314894195,TRUE,post_treatment
GDP_per_capita_growth,heritage_Property.Rights,11,2.1931359750214785,1.2284954017615586,-0.21471501243117608,4.600986962474133,TRUE,post_treatment
GDP_per_capita_growth,heritage_Property.Rights,12,-0.14219006746767898,1.2699524482418598,-2.631296866021724,2.3469167310863663,TRUE,post_treatment
GDP_per_capita_growth,heritage_Property.Rights,13,0.43368365317121993,1.3718648818198855,-2.2551715151957556,3.1225388215381957,TRUE,post_treatment
GDP_per_capita_growth,heritage_Property.Rights,14,-1.2316439587291963,1.8248365606213985,-4.8083236175471376,2.3450357000887445,TRUE,post_treatment
GDP_per_capita_growth,heritage_Property.Rights,15,-0.39967358135458314,1.5117639721318756,-3.3627309667330594,2.563383804023893,TRUE,post_treatment
GDP_per_capita_growth,heritage_Property.Rights,16,0.681132658143888,1.2776982085577198,-1.8231558306292426,3.185421146917019,TRUE,post_treatment
GDP_per_capita_growth,heritage_Property.Rights,17,0.5992181672875359,1.4143507705364928,-2.17290934296399,3.3713456775390616,TRUE,post_treatment
GDP_per_capita_growth,heritage_Property.Rights,18,-0.5634890330303247,1.3508784389891326,-3.2112107734490247,2.084232707388375,TRUE,post_treatment
GDP_per_capita_growth,heritage_Property.Rights,19,0.962246450086719,1.5998690306059824,-2.1734968499010066,4.097989750074444,TRUE,post_treatment
GDP_per_capita_growth,heritage_Property.Rights,20,1.900759517906301,1.2301480574348704,-0.5103306746660448,4.311849710478647,TRUE,post_treatment
GDP_per_capita_growth,heritage_Property.Rights,21,0.9990308689826913,1.4698736549973985,-1.8819214948122096,3.8799832327775925,TRUE,post_treatment
GDP_per_capita_growth,heritage_Property.Rights,22,2.40962550693062,2.0233404291817263,-1.5561217342655635,6.375372748126804,TRUE,post_treatment
GDP_per_capita_growth,heritage_Property.Rights,23,3.9842257000863737,2.0786066931422726,-0.08984341847248034,8.058294818645228,TRUE,post_treatment
GDP_per_capita_growth,heritage_Property.Rights,24,2.203395525341397,2.2968827766164,-2.2984947168267476,6.705285767509542,TRUE,post_treatment
GDP_per_capita_growth,heritage_Property.Rights,25,-2.132658458323365,3.0664601829984925,-8.142920417000411,3.87760350035368,TRUE,post_treatment
GDP_per_capita_growth,heritage_Tax.Burden,0,-0.8495508190557883,0.44776026998111085,-1.7271609482187655,0.028059310107188873,TRUE,post_treatment
GDP_per_capita_growth,heritage_Tax.Burden,1,-0.22203085600511527,0.530354663602499,-1.2615259966660133,0.8174642846557828,TRUE,post_treatment
GDP_per_capita_growth,heritage_Tax.Burden,2,-0.004786071246508546,0.7789170952337959,-1.5314635779047487,1.5218914354117314,TRUE,post_treatment
GDP_per_capita_growth,heritage_Tax.Burden,3,-0.2571793439752617,0.49032010161627226,-1.2182067431431554,0.7038480551926318,TRUE,post_treatment
GDP_per_capita_growth,heritage_Tax.Burden,4,-1.4189385538169623,0.6027279233799793,-2.6002852836417216,-0.23759182399220302,FALSE,post_treatment
GDP_per_capita_growth,heritage_Tax.Burden,5,-0.19987152276682305,0.5393890062267478,-1.2570739749712487,0.8573309294376026,TRUE,post_treatment
GDP_per_capita_growth,heritage_Tax.Burden,6,-1.318371705443591,0.8986945517548277,-3.0798130268830533,0.44306961599587114,TRUE,post_treatment
GDP_per_capita_growth,heritage_Tax.Burden,7,-1.6066853819831914,0.7026021363170015,-2.9837855691645143,-0.22958519480186856,FALSE,post_treatment
GDP_per_capita_growth,heritage_Tax.Burden,8,-1.0397273556466624,0.734882004427071,-2.4800960843237214,0.4006413730303966,TRUE,post_treatment
GDP_per_capita_growth,heritage_Tax.Burden,9,-1.4126126534657568,0.987178692108815,-3.3474828899990343,0.5222575830675207,TRUE,post_treatment
GDP_per_capita_growth,heritage_Tax.Burden,10,-1.1034524035619044,0.7349853945756388,-2.544023776930157,0.3371189698063477,TRUE,post_treatment
GDP_per_capita_growth,heritage_Tax.Burden,11,-1.9187725238076756,1.364515590840446,-4.5932230818549495,0.7556780342395988,TRUE,post_treatment
GDP_per_capita_growth,heritage_Tax.Burden,12,-0.7123468080979486,1.3691242909665744,-3.3958304183924346,1.9711368021965372,TRUE,post_treatment
GDP_per_capita_growth,heritage_Tax.Burden,13,-0.42389827913410233,1.115486353269806,-2.610251531542922,1.7624549732747172,TRUE,post_treatment
GDP_per_capita_growth,heritage_Tax.Burden,14,-1.1419817911092416,1.055904419173006,-3.2115544526883335,0.9275908704698503,TRUE,post_treatment
GDP_per_capita_growth,heritage_Tax.Burden,15,-0.7358596863501149,1.0920234663680608,-2.876225680431514,1.404506307731284,TRUE,post_treatment
GDP_per_capita_growth,heritage_Tax.Burden,16,-0.7629017111588218,0.7804949011795392,-2.2926717174707187,0.7668682951530751,TRUE,post_treatment
GDP_per_capita_growth,heritage_Tax.Burden,17,-0.6091235763251034,1.3001166937507982,-3.157352296076668,1.939105143426461,TRUE,post_treatment
GDP_per_capita_growth,heritage_Tax.Burden,18,-2.0667747140053634,1.0524963269636984,-4.129667514854212,-0.003881913156514649,FALSE,post_treatment
GDP_per_capita_growth,heritage_Tax.Burden,19,-1.7547542298376917,0.9049975531229463,-3.5285494339586663,0.019040974283282885,TRUE,post_treatment
GDP_per_capita_growth,heritage_Tax.Burden,20,-0.2837059067150885,1.2216586785164947,-2.6781569166074184,2.110745103177241,TRUE,post_treatment
GDP_per_capita_growth,heritage_Tax.Burden,21,-1.0926958810354055,1.1061992440283377,-3.2608463993309473,1.0754546372601363,TRUE,post_treatment
GDP_per_capita_growth,heritage_Tax.Burden,22,-2.078014977984814,1.1572064835436493,-4.346139685730367,0.1901097297607386,TRUE,post_treatment
GDP_per_capita_growth,heritage_Tax.Burden,23,2.5516391312891358,2.0231519101510473,-1.4137386126069171,6.517016875185188,TRUE,post_treatment
GDP_per_capita_growth,heritage_Tax.Burden,24,0.6670306983448127,1.4202034007243314,-2.116567967074877,3.4506293637645022,TRUE,post_treatment
GDP_per_capita_growth,heritage_Tax.Burden,25,1.0821168393254532,1.4673847852718658,-1.7939573398074038,3.9581910184583102,TRUE,post_treatment
GDP_per_capita_growth,heritage_Trade.Freedom,0,-0.10218869331075797,0.46455024177338144,-1.0127071671865857,0.8083297805650697,TRUE,post_treatment
GDP_per_capita_growth,heritage_Trade.Freedom,1,0.22384458630436674,0.6892078549949285,-1.1270028094856932,1.5746919820944267,TRUE,post_treatment
GDP_per_capita_growth,heritage_Trade.Freedom,2,0.9458663291655383,0.5418618005311937,-0.11618279987560132,2.0079154582066776,TRUE,post_treatment
GDP_per_capita_growth,heritage_Trade.Freedom,3,-0.0019877009777523645,0.6068027055914131,-1.1913210039369222,1.1873456019814173,TRUE,post_treatment
GDP_per_capita_growth,heritage_Trade.Freedom,4,0.688803919706387,0.7610087720110822,-0.802773273435334,2.180381112848108,TRUE,post_treatment
GDP_per_capita_growth,heritage_Trade.Freedom,5,0.8332461192168629,0.8638835397222911,-0.8599656186388277,2.5264578570725535,TRUE,post_treatment
GDP_per_capita_growth,heritage_Trade.Freedom,6,0.1916871408596112,0.7931341028534336,-1.3628557007331186,1.746229982452341,TRUE,post_treatment
GDP_per_capita_growth,heritage_Trade.Freedom,7,-0.032739720849533804,0.8448148402274163,-1.6885768076952696,1.6230973659962022,TRUE,post_treatment
GDP_per_capita_growth,heritage_Trade.Freedom,8,0.8057247214989341,0.8556767531151347,-0.8714017146067298,2.482851157604598,TRUE,post_treatment
GDP_per_capita_growth,heritage_Trade.Freedom,9,0.7316509683804584,0.8531604454396933,-0.9405435046813404,2.4038454414422574,TRUE,post_treatment
GDP_per_capita_growth,heritage_Trade.Freedom,10,0.5254050055396001,0.9570821667201491,-1.3504760412318921,2.401286052311092,TRUE,post_treatment
GDP_per_capita_growth,heritage_Trade.Freedom,11,0.4448512851503727,0.9562003340704952,-1.4293013696277979,2.3190039399285434,TRUE,post_treatment
GDP_per_capita_growth,heritage_Trade.Freedom,12,0.399780565800448,0.976878959458214,-1.5149021947376513,2.3144633263385472,TRUE,post_treatment
GDP_per_capita_growth,heritage_Trade.Freedom,13,-0.4873945981285021,1.2411539891264207,-2.9200564168162866,1.9452672205592825,TRUE,post_treatment
GDP_per_capita_growth,heritage_Trade.Freedom,14,1.4977625773366998,1.2632433314335232,-0.9781943522730054,3.973719506946405,TRUE,post_treatment
GDP_per_capita_growth,heritage_Trade.Freedom,15,0.6601140608518593,0.9803568584219674,-1.261385381655197,2.5816135033589154,TRUE,post_treatment
GDP_per_capita_growth,heritage_Trade.Freedom,16,0.16156472243470144,1.1045143342454065,-2.003283372686295,2.326412817555698,TRUE,post_treatment
GDP_per_capita_growth,heritage_Trade.Freedom,17,0.42013355819266457,1.2714207574215846,-2.0718511263536414,2.9121182427389702,TRUE,post_treatment
GDP_per_capita_growth,heritage_Trade.Freedom,18,1.1865007498375324,1.2314830918429942,-1.227206110174736,3.600207609849801,TRUE,post_treatment
GDP_per_capita_growth,heritage_Trade.Freedom,19,0.7826062836177051,1.3477642541116839,-1.8590116544411952,3.4242242216766057,TRUE,post_treatment
GDP_per_capita_growth,heritage_Trade.Freedom,20,0.7840384039292019,1.4370506633187912,-2.0325808961756286,3.6006577040340324,TRUE,post_treatment
GDP_per_capita_growth,heritage_Trade.Freedom,21,0.11326986004423747,1.402582636716816,-2.6357921079207216,2.8623318280091965,TRUE,post_treatment
GDP_per_capita_growth,heritage_Trade.Freedom,22,0.3766074350856946,1.634800714564498,-2.8276019654607216,3.5808168356321106,TRUE,post_treatment
GDP_per_capita_growth,heritage_Trade.Freedom,23,2.0141652523259084,1.579503322931463,-1.081661260619759,5.109991765271576,TRUE,post_treatment
GDP_per_capita_growth,heritage_Trade.Freedom,24,-0.24722111864978302,1.70434268115216,-3.5877327737080167,3.0932905364084506,TRUE,post_treatment
GDP_per_capita_growth,heritage_Trade.Freedom,25,-0.9265808388014368,1.469574068426317,-3.806946012917018,1.9537843353141446,TRUE,post_treatment
Gini_SWIID,fraser_FreeTrade,0,0.10862754475766172,0.30433224110195795,-0.4878636478021758,0.7051187373174992,TRUE,post_treatment
Gini_SWIID,fraser_FreeTrade,1,-0.0125519101466343,0.4330897436240475,-0.8614078076497673,0.8363039873564988,TRUE,post_treatment
Gini_SWIID,fraser_FreeTrade,2,-0.11411307064566571,0.5840092703538173,-1.2587712405391476,1.0305450992478162,TRUE,post_treatment
Gini_SWIID,fraser_FreeTrade,3,-0.5599909963700004,0.9145259353314865,-2.3524618296197137,1.2324798368797132,TRUE,post_treatment
Gini_SWIID,fraser_FreeTrade,4,-0.5462315702921858,0.817723693203958,-2.1489700089719435,1.0565068683875718,TRUE,post_treatment
Gini_SWIID,fraser_FreeTrade,5,-1.165088182742808,1.0242778721306904,-3.172672812118961,0.8424964466333451,TRUE,post_treatment
Gini_SWIID,fraser_FreeTrade,6,-1.6656612343135775,0.9132539155840862,-3.4556389088583863,0.12431644023123134,TRUE,post_treatment
Gini_SWIID,fraser_FreeTrade,7,-1.7052446319817998,1.1743162903182351,-4.006904561005541,0.5964152970419412,TRUE,post_treatment
Gini_SWIID,fraser_FreeTrade,8,-2.1349091990994875,1.0154321067022882,-4.1251561282359726,-0.1446622699630027,FALSE,post_treatment
Gini_SWIID,fraser_FreeTrade,9,-0.5060775917289017,0.9037803418603115,-2.2774870617751124,1.2653318783173089,TRUE,post_treatment
Gini_SWIID,fraser_FreeTrade,10,-0.09523696611553228,0.7370767251551553,-1.5399073474196368,1.349433415188572,TRUE,post_treatment
Gini_SWIID,fraser_FreeTrade,11,0.07094550869361446,0.9700070690172611,-1.8302683465802172,1.972159363967446,TRUE,post_treatment
Gini_SWIID,fraser_FreeTrade,12,0.035515910689981015,1.0522303926468435,-2.026855658897832,2.097887480277794,TRUE,post_treatment
Gini_SWIID,fraser_FreeTrade,13,0.1885376029461709,1.1781398644112284,-2.1206165312998366,2.4976917371921785,TRUE,post_treatment
Gini_SWIID,fraser_FreeTrade,14,0.04251390255841638,1.0645026190187143,-2.0439112307182636,2.1289390358350966,TRUE,post_treatment
Gini_SWIID,fraser_FreeTrade,15,0.1309963523749675,1.224215276355568,-2.268465589281946,2.530458294031881,TRUE,post_treatment
Gini_SWIID,fraser_FreeTrade,16,0.3881098043897382,1.3149842175963005,-2.189259262099011,2.9654788708784867,TRUE,post_treatment
Gini_SWIID,fraser_FreeTrade,17,-1.191640045302996,1.2835481924265513,-3.7073945024590365,1.3241144118530443,TRUE,post_treatment
Gini_SWIID,fraser_FreeTrade,18,-0.8864966080426225,1.433585852307147,-3.6963248785646305,1.9233316624793853,TRUE,post_treatment
Gini_SWIID,fraser_FreeTrade,19,-1.1805527947979835,1.6653362757691057,-4.444611895305431,2.083506305709464,TRUE,post_treatment
Gini_SWIID,fraser_FreeTrade,20,-0.9136948131983592,1.7990451449252907,-4.4398232972519285,2.6124336708552103,TRUE,post_treatment
Gini_SWIID,fraser_FreeTrade,21,-2.9005698005697997,1.384771724148079,-5.6147223799000345,-0.18641722123956495,FALSE,post_treatment
Gini_SWIID,fraser_LegalSystem,0,0.0946949321934876,0.11610703890266127,-0.1328748640557285,0.3222647284427037,TRUE,post_treatment
Gini_SWIID,fraser_LegalSystem,1,0.0037274621139385456,0.23564630146676777,-0.4581392887609263,0.4655942129888034,TRUE,post_treatment
Gini_SWIID,fraser_LegalSystem,2,0.172701897531346,0.33949141220631507,-0.49270127039303147,0.8381050654557235,TRUE,post_treatment
Gini_SWIID,fraser_LegalSystem,3,0.32201437252927667,0.30222572692227456,-0.27034805223838143,0.9143767972969348,TRUE,post_treatment
Gini_SWIID,fraser_LegalSystem,4,0.3657395704529635,0.31738291257992035,-0.2563309382036804,0.9878100791096074,TRUE,post_treatment
Gini_SWIID,fraser_LegalSystem,5,0.25809938275841443,0.513868234853151,-0.7490823575537615,1.2652811230705903,TRUE,post_treatment
Gini_SWIID,fraser_LegalSystem,6,0.40261101649108827,0.4668351097538997,-0.5123857986265552,1.3176078316087316,TRUE,post_treatment
Gini_SWIID,fraser_LegalSystem,7,0.4560706319197359,0.6061180804924192,-0.7319208058454059,1.6440620696848776,TRUE,post_treatment
Gini_SWIID,fraser_LegalSystem,8,0.9867284241865263,0.5077531627663203,-0.008467774835461572,1.9819246232085141,TRUE,post_treatment
Gini_SWIID,fraser_LegalSystem,9,1.037804072238825,0.5343192444730225,-0.009461646928298872,2.085069791405949,TRUE,post_treatment
Gini_SWIID,fraser_LegalSystem,10,1.2429025964276441,0.5824987483741492,0.10120504961431176,2.3846001432409762,FALSE,post_treatment
Gini_SWIID,fraser_LegalSystem,11,0.94188846933894,0.6637700018395977,-0.35910073426667144,2.2428776729445516,TRUE,post_treatment
Gini_SWIID,fraser_LegalSystem,12,0.709960614652743,0.9026489172587516,-1.0592312631744103,2.479152492479896,TRUE,post_treatment
Gini_SWIID,fraser_LegalSystem,13,0.9682143040435456,0.947098917260511,-0.8880995737870558,2.824528181874147,TRUE,post_treatment
Gini_SWIID,fraser_LegalSystem,14,0.9461048824860167,1.0027664749502483,-1.01931740841647,2.911527173388503,TRUE,post_treatment
Gini_SWIID,fraser_LegalSystem,15,0.7372318383343821,1.1901869483695495,-1.5955345804699348,3.069998257138699,TRUE,post_treatment
Gini_SWIID,fraser_LegalSystem,16,0.30802228416973254,1.1190111616294904,-1.8852395926240688,2.5012841609635337,TRUE,post_treatment
Gini_SWIID,fraser_LegalSystem,17,0.6109812219401959,1.4138588260140819,-2.1601820770474047,3.3821445209277963,TRUE,post_treatment
Gini_SWIID,fraser_LegalSystem,18,0.7224212097013603,1.0840792186619088,-1.4023740588759808,2.8472164782787015,TRUE,post_treatment
Gini_SWIID,fraser_LegalSystem,19,1.1391583947000554,1.374776705862624,-1.5554039487906874,3.8337207381907983,TRUE,post_treatment
Gini_SWIID,fraser_LegalSystem,20,1.0101018422621846,1.452028344273484,-1.8358737125138442,3.8560773970382134,TRUE,post_treatment
Gini_SWIID,fraser_LegalSystem,21,1.6714912280701726,1.9624515145565595,-2.174913740460684,5.517896196601029,TRUE,post_treatment
Gini_SWIID,fraser_Regulation,0,0.10781494053127882,0.21795553691938946,-0.3193779118307245,0.5350077928932822,TRUE,post_treatment
Gini_SWIID,fraser_Regulation,1,0.12445904245013625,0.23299319144878813,-0.3322076127894885,0.581125697689761,TRUE,post_treatment
Gini_SWIID,fraser_Regulation,2,0.11935358745917989,0.33170396930264345,-0.5307861923740013,0.7694933672923611,TRUE,post_treatment
Gini_SWIID,fraser_Regulation,3,0.20641018210759732,0.34835367866868683,-0.4763630280830289,0.8891833922982235,TRUE,post_treatment
Gini_SWIID,fraser_Regulation,4,0.400283152858175,0.362036174224016,-0.30930774862089633,1.1098740543372463,TRUE,post_treatment
Gini_SWIID,fraser_Regulation,5,-0.03669215619523861,0.42938170268159864,-0.8782802934511719,0.8048959810606947,TRUE,post_treatment
Gini_SWIID,fraser_Regulation,6,0.43449861587426397,0.5563779750993793,-0.6560022153205193,1.5249994470690473,TRUE,post_treatment
Gini_SWIID,fraser_Regulation,7,0.11902463517080519,0.6397363263604284,-1.1348585644956346,1.3729078348372448,TRUE,post_treatment
Gini_SWIID,fraser_Regulation,8,0.19434209120334717,0.7483476777718033,-1.2724193572293874,1.6611035396360816,TRUE,post_treatment
Gini_SWIID,fraser_Regulation,9,0.3721791187069632,0.8390109296008457,-1.2722823033106943,2.0166405407246204,TRUE,post_treatment
Gini_SWIID,fraser_Regulation,10,0.1425958542483307,0.7565836263929712,-1.3403080534818927,1.6254997619785543,TRUE,post_treatment
Gini_SWIID,fraser_Regulation,11,0.44342288391225876,0.8735948556798266,-1.2688230332202015,2.155668801044719,TRUE,post_treatment
Gini_SWIID,fraser_Regulation,12,0.3241442203792079,0.7682760389118664,-1.18167681588805,1.829965256646466,TRUE,post_treatment
Gini_SWIID,fraser_Regulation,13,0.10084238361710234,0.9663087094198141,-1.793122686845733,1.9948074540799379,TRUE,post_treatment
Gini_SWIID,fraser_Regulation,14,0.8613236584950474,0.955270118353642,-1.0110057734780908,2.7336530904681857,TRUE,post_treatment
Gini_SWIID,fraser_Regulation,15,0.32179898719418704,1.1067257979121892,-1.8473835767137037,2.490981551102078,TRUE,post_treatment
Gini_SWIID,fraser_Regulation,16,-0.564780776843004,1.027313559453614,-2.5783153533720875,1.4487537996860795,TRUE,post_treatment
Gini_SWIID,fraser_Regulation,17,0.148610453599164,1.4609061353258639,-2.714765571639529,3.011986478837857,TRUE,post_treatment
Gini_SWIID,fraser_Regulation,18,-0.45117554585986125,2.001337027610385,-4.373796119976216,3.4714450282564933,TRUE,post_treatment
Gini_SWIID,fraser_Regulation,19,4.202625691242439,2.083185456449159,0.11958219660208691,8.28566918588279,FALSE,post_treatment
Gini_SWIID,fraser_Regulation,20,2.5381095500861335,1.621851689713262,-0.6407197617518601,5.7169388619241275,TRUE,post_treatment
Gini_SWIID,fraser_Regulation,21,-0.35548608463591586,1.9095865744460552,-4.098275770550184,3.387303601278352,TRUE,post_treatment
Gini_SWIID,fraser_SizeGov,0,-0.26353439775118115,0.144568069422212,-0.5468878138187168,0.01981901831635441,TRUE,post_treatment
Gini_SWIID,fraser_SizeGov,1,-0.3187697116781233,0.19331693479770534,-0.6976709038816258,0.0601314805253792,TRUE,post_treatment
Gini_SWIID,fraser_SizeGov,2,-0.46652283471245204,0.1979632167048155,-0.8545307394538904,-0.07851492997101367,FALSE,post_treatment
Gini_SWIID,fraser_SizeGov,3,-0.5716187286537787,0.2527872934452721,-1.067081823806512,-0.07615563350104537,FALSE,post_treatment
Gini_SWIID,fraser_SizeGov,4,-0.6084039322241911,0.37773358294606313,-1.348761754798475,0.13195389035009264,TRUE,post_treatment
Gini_SWIID,fraser_SizeGov,5,-0.5748895268321322,0.3603820184803141,-1.2812382830535478,0.13145922938928334,TRUE,post_treatment
Gini_SWIID,fraser_SizeGov,6,-0.9073264051732735,0.49251836623733497,-1.87266240299845,0.058009592651903086,TRUE,post_treatment
Gini_SWIID,fraser_SizeGov,7,-1.0492306885306877,0.45923571096030513,-1.9493326820128858,-0.1491286950484897,FALSE,post_treatment
Gini_SWIID,fraser_SizeGov,8,-0.7848510810477061,0.6062571946163762,-1.9731151824958033,0.4034130204003912,TRUE,post_treatment
Gini_SWIID,fraser_SizeGov,9,-0.8333679504613073,0.5632602429761888,-1.9373580266946373,0.2706221257720228,TRUE,post_treatment
Gini_SWIID,fraser_SizeGov,10,-1.2249218809251166,0.8082609265037589,-2.809113296872484,0.3592695350222508,TRUE,post_treatment
Gini_SWIID,fraser_SizeGov,11,-1.4180356843108168,0.7981015957569622,-2.9823148119944625,0.14624344337282902,TRUE,post_treatment
Gini_SWIID,fraser_SizeGov,12,-1.92812638803357,0.7749684404671714,-3.447064531349226,-0.40918824471791404,FALSE,post_treatment
Gini_SWIID,fraser_SizeGov,13,-2.0516127295435225,0.8110174244276726,-3.641206881421761,-0.4620185776652843,FALSE,post_treatment
Gini_SWIID,fraser_SizeGov,14,-1.6373612563666444,0.8824678313511708,-3.366998205814939,0.0922756930816504,TRUE,post_treatment
Gini_SWIID,fraser_SizeGov,15,-2.6039725558697926,1.2442292207802308,-5.042661828599044,-0.16528328314054042,FALSE,post_treatment
Gini_SWIID,fraser_SizeGov,16,-2.487870516879445,1.113814934749905,-4.670947788989259,-0.3047932447696313,FALSE,post_treatment
Gini_SWIID,fraser_SizeGov,17,-1.5286383600988707,1.3149296026505333,-4.105900381293916,1.0486236610961743,TRUE,post_treatment
Gini_SWIID,fraser_SizeGov,18,-0.7531127771336507,1.4810433647557157,-3.6559577720548533,2.149732217787552,TRUE,post_treatment
Gini_SWIID,fraser_SizeGov,19,-0.7537213935824447,2.0152221025644086,-4.703556714608686,3.196113927443796,TRUE,post_treatment
Gini_SWIID,fraser_SizeGov,20,-0.9934632627280086,1.6896788865011305,-4.305233880270224,2.3183073548142072,TRUE,post_treatment
Gini_SWIID,fraser_SizeGov,21,-0.70849104232532,2.9934653426757047,-6.575683113969701,5.158701029319062,TRUE,post_treatment
Gini_SWIID,fraser_SoundMoney,0,-0.1354708832994923,0.15504527553812741,-0.439359623354222,0.1684178567552374,TRUE,post_treatment
Gini_SWIID,fraser_SoundMoney,1,-0.2742200182155532,0.18819601691959068,-0.6430842113779509,0.09464417494684452,TRUE,post_treatment
Gini_SWIID,fraser_SoundMoney,2,-0.3956606813359654,0.23340791354634224,-0.8531401918867962,0.06181882921486542,TRUE,post_treatment
Gini_SWIID,fraser_SoundMoney,3,-0.3415341265588194,0.3240334519731396,-0.9766396924261729,0.2935714393085342,TRUE,post_treatment
Gini_SWIID,fraser_SoundMoney,4,-0.1858575587680755,0.4227610677800806,-1.0144692516170335,0.6427541340808824,TRUE,post_treatment
Gini_SWIID,fraser_SoundMoney,5,-0.1210263017465396,0.4331396787920886,-0.9699800721790333,0.727927468685954,TRUE,post_treatment
Gini_SWIID,fraser_SoundMoney,6,-0.3694304705767966,0.520376963627274,-1.3893693192862537,0.6505083781326606,TRUE,post_treatment
Gini_SWIID,fraser_SoundMoney,7,-0.10370277370568422,0.44278111708487594,-0.9715537631920411,0.7641482157806726,TRUE,post_treatment
Gini_SWIID,fraser_SoundMoney,8,0.021741591201851488,0.45584133530640686,-0.871707425998706,0.915190608402409,TRUE,post_treatment
Gini_SWIID,fraser_SoundMoney,9,0.2689256354331157,0.5251706482555422,-0.7604088351477469,1.2982601060139785,TRUE,post_treatment
Gini_SWIID,fraser_SoundMoney,10,0.35819057463317294,0.6866075518255964,-0.987560226944996,1.703941376211342,TRUE,post_treatment
Gini_SWIID,fraser_SoundMoney,11,0.33512340161428095,0.5893400568746089,-0.8199831098599524,1.4902299130885144,TRUE,post_treatment
Gini_SWIID,fraser_SoundMoney,12,0.46375261523026645,0.6636446447440756,-0.8369908884681216,1.7644961189286545,TRUE,post_treatment
Gini_SWIID,fraser_SoundMoney,13,0.23481323447642016,0.7547641939456878,-1.2445245856571279,1.7141510546099683,TRUE,post_treatment
Gini_SWIID,fraser_SoundMoney,14,0.5087436648309794,0.8628943197046819,-1.1825292017901972,2.200016531452156,TRUE,post_treatment
Gini_SWIID,fraser_SoundMoney,15,0.5718225219331174,0.9652496554816293,-1.320066802810876,2.4637118466771106,TRUE,post_treatment
Gini_SWIID,fraser_SoundMoney,16,0.6752100628472534,1.0421453535444969,-1.3673948300999603,2.7178149557944673,TRUE,post_treatment
Gini_SWIID,fraser_SoundMoney,17,0.733937979127079,1.069421938597638,-1.3621290205242915,2.8300049787784496,TRUE,post_treatment
Gini_SWIID,fraser_SoundMoney,18,1.350803393098604,1.0852312856476112,-0.7762499267707137,3.477856712967922,TRUE,post_treatment
Gini_SWIID,fraser_SoundMoney,19,1.2606426458148723,1.138088801419256,-0.9700114049668696,3.4912966965966143,TRUE,post_treatment
Gini_SWIID,fraser_SoundMoney,20,2.1873304107863474,1.0771602694412314,0.0760962826815339,4.298564538891161,FALSE,post_treatment
Gini_SWIID,fraser_SoundMoney,21,2.3683267484909067,1.573942854035805,-0.716601245419271,5.453254742401084,TRUE,post_treatment
Gini_SWIID,heritage_Business.Freedom,0,0.04399376086305979,0.2011169431039637,-0.35019544762070903,0.4381829693468286,TRUE,post_treatment
Gini_SWIID,heritage_Business.Freedom,1,0.44045682460169566,0.18758497813213185,0.07279026746271727,0.8081233817406741,FALSE,post_treatment
Gini_SWIID,heritage_Business.Freedom,2,0.587448898971802,0.2213455750827742,0.15361157180956458,1.0212862261340394,FALSE,post_treatment
Gini_SWIID,heritage_Business.Freedom,3,0.6450050343259051,0.28873459363256443,0.07908523080607877,1.2109248378457313,FALSE,post_treatment
Gini_SWIID,heritage_Business.Freedom,4,0.7791931505010307,0.33373759061607744,0.12506747289351894,1.4333188281085425,FALSE,post_treatment
Gini_SWIID,heritage_Business.Freedom,5,0.9263165457350506,0.42415830368106694,0.09496627052015949,1.7576668209499418,FALSE,post_treatment
Gini_SWIID,heritage_Business.Freedom,6,0.9189673683570456,0.41793060671644466,0.09982337919281414,1.738111357521277,FALSE,post_treatment
Gini_SWIID,heritage_Business.Freedom,7,0.8183221041125621,0.5104056001603968,-0.18207287220181567,1.81871708042694,TRUE,post_treatment
Gini_SWIID,heritage_Business.Freedom,8,0.9376904638283836,0.4879147390126473,-0.018622424636405066,1.8940033522931723,TRUE,post_treatment
Gini_SWIID,heritage_Business.Freedom,9,1.3371709800926341,0.5053646185107594,0.34665632781154565,2.3276856323737225,FALSE,post_treatment
Gini_SWIID,heritage_Business.Freedom,10,1.5956374236128201,0.6870580545719926,0.24900363665171454,2.9422712105739257,FALSE,post_treatment
Gini_SWIID,heritage_Business.Freedom,11,1.8374183391893226,0.7814279593317077,0.30581953889917557,3.3690171394794697,FALSE,post_treatment
Gini_SWIID,heritage_Business.Freedom,12,1.8093464214832888,0.7251983189595571,0.38795771632255693,3.2307351266440207,FALSE,post_treatment
Gini_SWIID,heritage_Business.Freedom,13,1.4647975455779927,1.000932497358956,-0.4970301492455609,3.4266252404015463,TRUE,post_treatment
Gini_SWIID,heritage_Business.Freedom,14,1.704209112470255,0.9156645200370803,-0.09049334680242249,3.4989115717429327,TRUE,post_treatment
Gini_SWIID,heritage_Business.Freedom,15,1.6341718567910932,0.9236709503777193,-0.17622320594923657,3.444566919531423,TRUE,post_treatment
Gini_SWIID,heritage_Business.Freedom,16,1.5715947238381995,1.2006332086503577,-0.7816463651165015,3.9248358127929004,TRUE,post_treatment
Gini_SWIID,heritage_Business.Freedom,17,0.02882400359839253,1.7661708617616425,-3.432870885454427,3.490518892651212,TRUE,post_treatment
Gini_SWIID,heritage_Business.Freedom,18,0.6511451931148173,1.797977745600659,-2.872891188262474,4.175181574492108,TRUE,post_treatment
Gini_SWIID,heritage_Business.Freedom,19,-0.6533394539846389,2.2908352386613133,-5.143376521760813,3.836697613791535,TRUE,post_treatment
Gini_SWIID,heritage_Business.Freedom,20,0.6762582677989986,2.5133206912207564,-4.249850286993683,5.602366822591681,TRUE,post_treatment
Gini_SWIID,heritage_Business.Freedom,21,0.7853500763758346,2.5827861715495897,-4.276910819861361,5.8476109726130305,TRUE,post_treatment
Gini_SWIID,heritage_Business.Freedom,22,2.3878664073605758,2.24073877932062,-2.003981600107839,6.779714414828991,TRUE,post_treatment
Gini_SWIID,heritage_Business.Freedom,23,1.7711128087598673,1.7297695919285594,-1.6192355914201089,5.161461208939843,TRUE,post_treatment
Gini_SWIID,heritage_Business.Freedom,24,2.085473484848486,2.1257853836569396,-2.081065867119116,6.252012836816088,TRUE,post_treatment
Gini_SWIID,heritage_Business.Freedom,25,0.777531751336898,1.907710593316818,-2.961581011564065,4.516644514237861,TRUE,post_treatment
Gini_SWIID,heritage_Business.Freedom,26,-1.916911764705881,1.5235168615300787,-4.903004813304835,1.069181283893073,TRUE,post_treatment
Gini_SWIID,heritage_Financial.Freedom,0,0.1371424176195326,0.13042063145298738,-0.11848202002832264,0.39276685526738786,TRUE,post_treatment
Gini_SWIID,heritage_Financial.Freedom,1,0.2138638380773529,0.24323596906003217,-0.2628786612803101,0.690606337435016,TRUE,post_treatment
Gini_SWIID,heritage_Financial.Freedom,2,0.21312194352790645,0.22329024639369904,-0.22452693940374366,0.6507708264595565,TRUE,post_treatment
Gini_SWIID,heritage_Financial.Freedom,3,0.3210296425195857,0.29987450717720476,-0.2667243915477356,0.9087836765869071,TRUE,post_treatment
Gini_SWIID,heritage_Financial.Freedom,4,0.4826994553041007,0.3849127993765038,-0.2717296314738467,1.2371285420820481,TRUE,post_treatment
Gini_SWIID,heritage_Financial.Freedom,5,0.4278257404066942,0.4378466428006429,-0.43035367948256587,1.2860051602959541,TRUE,post_treatment
Gini_SWIID,heritage_Financial.Freedom,6,0.48069431385395195,0.46679304177119135,-0.4342200480175831,1.395608675725487,TRUE,post_treatment
Gini_SWIID,heritage_Financial.Freedom,7,0.5343771381066813,0.485981912793094,-0.41814741096778296,1.4869016871811456,TRUE,post_treatment
Gini_SWIID,heritage_Financial.Freedom,8,0.6950996412203164,0.5278656357152094,-0.33951700478149405,1.7297162872221268,TRUE,post_treatment
Gini_SWIID,heritage_Financial.Freedom,9,0.7962596592681391,0.5047019659609359,-0.19295619401529518,1.7854755125515736,TRUE,post_treatment
Gini_SWIID,heritage_Financial.Freedom,10,1.046438019597845,0.5760274377798739,-0.08257575845070764,2.1754517976463976,TRUE,post_treatment
Gini_SWIID,heritage_Financial.Freedom,11,1.2380163160485604,0.6375082018123607,-0.011499759503666551,2.487532391600787,TRUE,post_treatment
Gini_SWIID,heritage_Financial.Freedom,12,1.4913399518695571,0.7975101264668761,-0.07177989600552004,3.0544597997446346,TRUE,post_treatment
Gini_SWIID,heritage_Financial.Freedom,13,1.4904667801210925,0.8112924037108784,-0.09966633115222923,3.080599891394414,TRUE,post_treatment
Gini_SWIID,heritage_Financial.Freedom,14,1.018117647598214,0.8383638120386983,-0.6250754239976344,2.661310719194063,TRUE,post_treatment
Gini_SWIID,heritage_Financial.Freedom,15,0.9207088084473218,0.9187784032619639,-0.8800968619461274,2.721514478840771,TRUE,post_treatment
Gini_SWIID,heritage_Financial.Freedom,16,1.2158840685577794,0.8946413975452485,-0.5376130706309077,2.9693812077464665,TRUE,post_treatment
Gini_SWIID,heritage_Financial.Freedom,17,0.7520903823117066,1.1996100539871104,-1.5991453235030297,3.103326088126443,TRUE,post_treatment
Gini_SWIID,heritage_Financial.Freedom,18,1.1687009766077996,1.279642126014155,-1.3393975903799442,3.6767995435955436,TRUE,post_treatment
Gini_SWIID,heritage_Financial.Freedom,19,1.2569448988136434,1.447281915799461,-1.5797276561533002,4.0936174537805865,TRUE,post_treatment
Gini_SWIID,heritage_Financial.Freedom,20,-0.0463017508664057,1.461575579935144,-2.9109898875392877,2.8183863858064764,TRUE,post_treatment
Gini_SWIID,heritage_Financial.Freedom,21,-1.531534893267652,1.3863768827139493,-4.248833583386993,1.1857637968516888,TRUE,post_treatment
Gini_SWIID,heritage_Financial.Freedom,22,0.12291179187192135,1.959869600407352,-3.7184326249264887,3.964256208670331,TRUE,post_treatment
Gini_SWIID,heritage_Financial.Freedom,23,0.7798607427055693,2.063534145689926,-3.2646661828466854,4.824387668257824,TRUE,post_treatment
Gini_SWIID,heritage_Financial.Freedom,24,1.0095733863837304,2.047248297199811,-3.003033276127899,5.022180048895359,TRUE,post_treatment
Gini_SWIID,heritage_Financial.Freedom,25,0.8966916541729127,2.0571450867620675,-3.1353127158807395,4.928696024226565,TRUE,post_treatment
Gini_SWIID,heritage_Financial.Freedom,26,-2.3005570291777193,2.430074023662261,-7.0635021155557505,2.462388057200312,TRUE,post_treatment
Gini_SWIID,heritage_Fiscal.Health,0,0.3374099740009342,0.2726682765481797,-0.19701984803349804,0.8718397960353664,TRUE,post_treatment
Gini_SWIID,heritage_Fiscal.Health,1,0.03130603362248788,0.9624497917146769,-1.8550955581382789,1.9177076253832548,TRUE,post_treatment
Gini_SWIID,heritage_Fiscal.Health,2,-0.43601275650623317,1.2483909533274273,-2.8828590250279906,2.0108335120155245,TRUE,post_treatment
Gini_SWIID,heritage_Fiscal.Health,3,-0.5749540441176472,1.7781474066383918,-4.0601229611288945,2.9102148728936004,TRUE,post_treatment
Gini_SWIID,heritage_Fiscal.Health,4,-5.407173295454546,2.1985784515207003,-9.71638706043512,-1.0979595304739735,FALSE,post_treatment
Gini_SWIID,heritage_Government.Integrity,0,0.19394349883384165,0.1323962398151712,-0.06555313120389389,0.4534401288715772,TRUE,post_treatment
Gini_SWIID,heritage_Government.Integrity,1,0.26326413003349436,0.18950993793648357,-0.10817534832201342,0.6347036083890021,TRUE,post_treatment
Gini_SWIID,heritage_Government.Integrity,2,0.1823642023821813,0.3109078800372358,-0.4270152424908008,0.7917436472551634,TRUE,post_treatment
Gini_SWIID,heritage_Government.Integrity,3,-0.1141590528741788,0.3483025655617528,-0.7968320813752143,0.5685139756268567,TRUE,post_treatment
Gini_SWIID,heritage_Government.Integrity,4,-0.07641196394349326,0.3908127921225121,-0.8424050365036169,0.6895811086166304,TRUE,post_treatment
Gini_SWIID,heritage_Government.Integrity,5,0.1717426689147981,0.418239136056525,-0.6480060377559909,0.9914913755855872,TRUE,post_treatment
Gini_SWIID,heritage_Government.Integrity,6,-0.48257878778892266,0.4437240267532188,-1.3522778802252315,0.38712030464738617,TRUE,post_treatment
Gini_SWIID,heritage_Government.Integrity,7,-0.73874033776259,0.4524611968295773,-1.6255642835485613,0.1480836080233815,TRUE,post_treatment
Gini_SWIID,heritage_Government.Integrity,8,-1.0514270926610816,0.5113758828364701,-2.053723823020563,-0.04913036230160017,FALSE,post_treatment
Gini_SWIID,heritage_Government.Integrity,9,-1.2637800117762368,0.6036101604254922,-2.446855926210201,-0.08070409734227213,FALSE,post_treatment
Gini_SWIID,heritage_Government.Integrity,10,-1.136470330139308,0.5706050516736842,-2.254856231419729,-0.018084428858886836,FALSE,post_treatment
Gini_SWIID,heritage_Government.Integrity,11,-1.0433847747580876,0.5867061483350914,-2.1933288254948664,0.10655927597869153,TRUE,post_treatment
Gini_SWIID,heritage_Government.Integrity,12,-0.9483969745628896,0.6729521453908631,-2.267383179528981,0.370589230403202,TRUE,post_treatment
Gini_SWIID,heritage_Government.Integrity,13,-0.6422817378370312,0.6480157002596645,-1.9123925103459736,0.6278290346719112,TRUE,post_treatment
Gini_SWIID,heritage_Government.Integrity,14,-0.5248883000108712,0.729131846243808,-1.9539867186487347,0.9042101186269925,TRUE,post_treatment
Gini_SWIID,heritage_Government.Integrity,15,-0.4746684655113044,0.7473305540973655,-1.939436351542141,0.9900994205195319,TRUE,post_treatment
Gini_SWIID,heritage_Government.Integrity,16,-0.8865730209370173,0.8824820623105978,-2.616237863065789,0.8430918211917544,TRUE,post_treatment
Gini_SWIID,heritage_Government.Integrity,17,-1.2225554858367746,0.8470924981616852,-2.8828567822336777,0.4377458105601284,TRUE,post_treatment
Gini_SWIID,heritage_Government.Integrity,18,-1.655670210442371,1.0440652976172864,-3.7020381937722524,0.39069777288751006,TRUE,post_treatment
Gini_SWIID,heritage_Government.Integrity,19,-1.4813224805577634,0.9301068926945834,-3.304331990239147,0.34168702912362003,TRUE,post_treatment
Gini_SWIID,heritage_Government.Integrity,20,-2.888212773372384,1.4235427559737102,-5.678356575080856,-0.09806897166391249,FALSE,post_treatment
Gini_SWIID,heritage_Government.Integrity,21,-2.328814401399515,1.349616456617158,-4.974062656369144,0.31643385357011455,TRUE,post_treatment
Gini_SWIID,heritage_Government.Integrity,22,-2.3063798775429225,1.5693956292684776,-5.382395310909139,0.7696355558232937,TRUE,post_treatment
Gini_SWIID,heritage_Government.Integrity,23,-0.9719965133937106,1.3793641623700355,-3.67555027163898,1.731557244851559,TRUE,post_treatment
Gini_SWIID,heritage_Government.Integrity,24,-1.2649963373259803,1.4212666891897026,-4.0506790481377974,1.5206863734858367,TRUE,post_treatment
Gini_SWIID,heritage_Government.Integrity,25,-0.5237279633191493,1.4817790591111246,-3.428014919176954,2.380558992538655,TRUE,post_treatment
Gini_SWIID,heritage_Government.Integrity,26,-1.4692640920411102,1.845155279572361,-5.085768440002937,2.147240255920717,TRUE,post_treatment
Gini_SWIID,heritage_Government.Spending,0,0.10603177282276814,0.23543636510882496,-0.35542350279052876,0.567487048436065,TRUE,post_treatment
Gini_SWIID,heritage_Government.Spending,1,-0.26061447050638215,0.26965918831104385,-0.7891464795960281,0.2679175385832638,TRUE,post_treatment
Gini_SWIID,heritage_Government.Spending,2,-0.287222063165762,0.37031363906596926,-1.0130367957350617,0.43859266940353775,TRUE,post_treatment
Gini_SWIID,heritage_Government.Spending,3,-0.4226537464315567,0.414550767354169,-1.235173250445728,0.3898657575826146,TRUE,post_treatment
Gini_SWIID,heritage_Government.Spending,4,-0.3685185110043572,0.4657766402830525,-1.28144072595914,0.5444037039504257,TRUE,post_treatment
Gini_SWIID,heritage_Government.Spending,5,-0.41538122297047175,0.44021666787794705,-1.278205892011248,0.4474434460703045,TRUE,post_treatment
Gini_SWIID,heritage_Government.Spending,6,-0.18664850864189889,0.5324546465728813,-1.2302596159247463,0.8569625986409485,TRUE,post_treatment
Gini_SWIID,heritage_Government.Spending,7,-0.21681900048766028,0.5618137869962302,-1.3179740230002714,0.884336022024951,TRUE,post_treatment
Gini_SWIID,heritage_Government.Spending,8,-0.029266654759249743,0.6980402203769169,-1.397425486698007,1.3388921771795075,TRUE,post_treatment
Gini_SWIID,heritage_Government.Spending,9,0.5260423988863533,0.6600218881384669,-0.7676005018650417,1.8196852996377482,TRUE,post_treatment
Gini_SWIID,heritage_Government.Spending,10,0.6163373405247596,0.6597587535013376,-0.6767898163378621,1.9094644973873813,TRUE,post_treatment
Gini_SWIID,heritage_Government.Spending,11,0.4478534804670103,0.7473129127333483,-1.0168798284903524,1.9125867894243729,TRUE,post_treatment
Gini_SWIID,heritage_Government.Spending,12,0.16799818051071966,0.6651790580062119,-1.1357527731814558,1.471749134202895,TRUE,post_treatment
Gini_SWIID,heritage_Government.Spending,13,0.30810117286581373,0.7757348101744972,-1.2123390550762005,1.8285414008078282,TRUE,post_treatment
Gini_SWIID,heritage_Government.Spending,14,0.3839393631417076,0.7769634824099703,-1.138909062381834,1.9067877886652493,TRUE,post_treatment
Gini_SWIID,heritage_Government.Spending,15,0.3993631307477663,0.8839605858726168,-1.3331996175625627,2.1319258790580955,TRUE,post_treatment
Gini_SWIID,heritage_Government.Spending,16,0.36329313192543156,0.9189269650221642,-1.4378037195180102,2.1643899833688733,TRUE,post_treatment
Gini_SWIID,heritage_Government.Spending,17,0.026762088283237374,0.9633353907279529,-1.8613752775435504,1.914899454110025,TRUE,post_treatment
Gini_SWIID,heritage_Government.Spending,18,-0.4769876574257669,1.0766469452933274,-2.5872156702006888,1.6332403553491548,TRUE,post_treatment
Gini_SWIID,heritage_Government.Spending,19,-0.49212458439549256,0.9417301594245361,-2.3379156968675834,1.353666528076598,TRUE,post_treatment
Gini_SWIID,heritage_Government.Spending,20,0.363701105152917,1.279159105828436,-2.1434507422708173,2.870852952576651,TRUE,post_treatment
Gini_SWIID,heritage_Government.Spending,21,-0.13324538317052076,1.4069408760294715,-2.890849500188285,2.6243587338472434,TRUE,post_treatment
Gini_SWIID,heritage_Government.Spending,22,-1.181765145633536,1.5156686838681233,-4.1524757660150575,1.7889454747479856,TRUE,post_treatment
Gini_SWIID,heritage_Government.Spending,23,-1.907445592622778,1.9489371000803188,-5.727362308780203,1.912471123534647,TRUE,post_treatment
Gini_SWIID,heritage_Government.Spending,24,-2.140353403890924,2.288913182802862,-6.626623242184534,2.3459164344026857,TRUE,post_treatment
Gini_SWIID,heritage_Government.Spending,25,-1.001471362072455,2.3320805862313385,-5.572349311085879,3.5694065869409686,TRUE,post_treatment
Gini_SWIID,heritage_Government.Spending,26,-0.2239393939393927,4.0868440691060925,-8.234153769387333,7.786274981508548,TRUE,post_treatment
Gini_SWIID,heritage_Investment.Freedom,0,0.05241780743402664,0.08920526090414083,-0.12242450393808937,0.22726011880614264,TRUE,post_treatment
Gini_SWIID,heritage_Investment.Freedom,1,0.07052057934000788,0.14966839550988498,-0.2228294758593667,0.36387063453938245,TRUE,post_treatment
Gini_SWIID,heritage_Investment.Freedom,2,0.13419086440756306,0.2000142211621554,-0.2578370090702615,0.5262187378853876,TRUE,post_treatment
Gini_SWIID,heritage_Investment.Freedom,3,0.36096801656021604,0.2772793569182241,-0.18249952299950312,0.9044355561199352,TRUE,post_treatment
Gini_SWIID,heritage_Investment.Freedom,4,0.45015846123981473,0.3794585459140456,-0.2935802887517146,1.1938972112313442,TRUE,post_treatment
Gini_SWIID,heritage_Investment.Freedom,5,0.6302720971224589,0.3788043765923503,-0.11218448099854761,1.3727286752434655,TRUE,post_treatment
Gini_SWIID,heritage_Investment.Freedom,6,0.7781759709153905,0.4990025703920773,-0.19986906705308105,1.7562210088838621,TRUE,post_treatment
Gini_SWIID,heritage_Investment.Freedom,7,0.7185483082463701,0.5428540567096076,-0.3454456429044609,1.782542259397201,TRUE,post_treatment
Gini_SWIID,heritage_Investment.Freedom,8,0.29831869476706324,0.6337027568640553,-0.943738708686485,1.5403760982206116,TRUE,post_treatment
Gini_SWIID,heritage_Investment.Freedom,9,-0.17824536590689086,0.7555551432828482,-1.6591334467412733,1.3026427149274917,TRUE,post_treatment
Gini_SWIID,heritage_Investment.Freedom,10,0.11606630760731809,0.8688906748499248,-1.5869594150985344,1.8190920303131706,TRUE,post_treatment
Gini_SWIID,heritage_Investment.Freedom,11,0.12235269359013949,0.8744098454399383,-1.5914906034721394,1.8361959906524186,TRUE,post_treatment
Gini_SWIID,heritage_Investment.Freedom,12,0.633722395459316,0.908847782876623,-1.1476192589788652,2.415064049897497,TRUE,post_treatment
Gini_SWIID,heritage_Investment.Freedom,13,0.8726677901062447,0.9983662338005431,-1.0841300281428197,2.829465608355309,TRUE,post_treatment
Gini_SWIID,heritage_Investment.Freedom,14,1.2252255291165852,0.9082187785161426,-0.5548832767750542,3.0053343350082247,TRUE,post_treatment
Gini_SWIID,heritage_Investment.Freedom,15,1.7766451599161397,0.9228071019752668,-0.03205675995538315,3.5853470797876623,TRUE,post_treatment
Gini_SWIID,heritage_Investment.Freedom,16,1.550631625444332,1.1192717084349397,-0.6431409230881497,3.7444041739768137,TRUE,post_treatment
Gini_SWIID,heritage_Investment.Freedom,17,1.4138567545066814,1.1551298234855651,-0.8501976995250262,3.677911208538389,TRUE,post_treatment
Gini_SWIID,heritage_Investment.Freedom,18,1.4666603079153386,1.1536166258201166,-0.7944282786920898,3.727748894522767,TRUE,post_treatment
Gini_SWIID,heritage_Investment.Freedom,19,1.5844427477950889,1.608822708398844,-1.5688497606666452,4.737735256256823,TRUE,post_treatment
Gini_SWIID,heritage_Investment.Freedom,20,-0.38533547877090585,2.0057468181449436,-4.316599242334995,3.5459282847931832,TRUE,post_treatment
Gini_SWIID,heritage_Investment.Freedom,21,-0.677627868602738,1.9059110778502104,-4.413213581189151,3.0579578439836745,TRUE,post_treatment
Gini_SWIID,heritage_Investment.Freedom,22,-0.7560705079377682,2.2858986734711917,-5.236431907941304,3.7242908920657674,TRUE,post_treatment
Gini_SWIID,heritage_Investment.Freedom,23,-1.3430273866181652,2.79619129205076,-6.823562319037655,4.137507545801324,TRUE,post_treatment
Gini_SWIID,heritage_Investment.Freedom,24,-1.841897442234813,3.190196683313058,-8.094682941528406,4.410888057058781,TRUE,post_treatment
Gini_SWIID,heritage_Investment.Freedom,25,-2.2005514513497717,3.436732899250248,-8.936547933880258,4.535445031180714,TRUE,post_treatment
Gini_SWIID,heritage_Investment.Freedom,26,-0.9236630036630054,3.1877203540268075,-7.171594897555548,5.324268890229537,TRUE,post_treatment
Gini_SWIID,heritage_Judicial.Effectiveness,0,0.3587227103349832,0.4778974926658401,-0.5779563752900634,1.2954017959600297,TRUE,post_treatment
Gini_SWIID,heritage_Judicial.Effectiveness,1,0.05334863077326102,0.44937565932872786,-0.8274276615110455,0.9341249230575676,TRUE,post_treatment
Gini_SWIID,heritage_Judicial.Effectiveness,2,0.17755775577557723,0.6789987906033005,-1.1532798738068917,1.508395385358046,TRUE,post_treatment
Gini_SWIID,heritage_Judicial.Effectiveness,3,0.15533553355336005,0.6378531908350636,-1.0948567204833646,1.405527787590085,TRUE,post_treatment
Gini_SWIID,heritage_Labor.Freedom,0,0.4921247551891912,0.2707737760244825,-0.03859184581879449,1.0228413561971768,TRUE,post_treatment
Gini_SWIID,heritage_Labor.Freedom,1,0.2793572398743827,0.45214281614654145,-0.6068426797728386,1.1655571595216039,TRUE,post_treatment
Gini_SWIID,heritage_Labor.Freedom,2,-0.43739814730968235,0.8337288661700369,-2.071506725002955,1.19671043038359,TRUE,post_treatment
Gini_SWIID,heritage_Labor.Freedom,3,-1.1291077134144416,0.8243757290892316,-2.7448841424293358,0.48666871560045233,TRUE,post_treatment
Gini_SWIID,heritage_Labor.Freedom,4,-1.041184039068242,1.0119159515067488,-3.02453930402147,0.9421712258849857,TRUE,post_treatment
Gini_SWIID,heritage_Labor.Freedom,5,-0.16155060547180286,0.9700319664952497,-2.062813259802492,1.7397120488588866,TRUE,post_treatment
Gini_SWIID,heritage_Labor.Freedom,6,-0.16775372744410472,0.949280407452864,-2.028343326051718,1.6928358711635088,TRUE,post_treatment
Gini_SWIID,heritage_Labor.Freedom,7,-0.09470129450733047,1.0275739029000777,-2.1087461441914828,1.9193435551768216,TRUE,post_treatment
Gini_SWIID,heritage_Labor.Freedom,8,0.11723860965111514,1.1921015518323377,-2.2192804319402666,2.4537576512424972,TRUE,post_treatment
Gini_SWIID,heritage_Labor.Freedom,9,0.5685119787643219,1.0548678542890668,-1.499029015642249,2.636052973170893,TRUE,post_treatment
Gini_SWIID,heritage_Labor.Freedom,10,0.7274956010127934,1.0007598774931936,-1.2339937588738659,2.688984960899453,TRUE,post_treatment
Gini_SWIID,heritage_Labor.Freedom,11,0.7104195877712872,1.2425105763430346,-1.7249011418610607,3.145740317403635,TRUE,post_treatment
Gini_SWIID,heritage_Labor.Freedom,12,0.8591597765647301,1.707250673915881,-2.487051544310397,4.205371097439857,TRUE,post_treatment
Gini_SWIID,heritage_Labor.Freedom,13,5.384558301369067,3.941889956821381,-2.3415460140008397,13.110662616738974,TRUE,post_treatment
Gini_SWIID,heritage_Labor.Freedom,14,-0.41159638554216477,0.6681315303661425,-1.7211341850598039,0.8979414139754744,TRUE,post_treatment
Gini_SWIID,heritage_Labor.Freedom,15,0.46757028112449883,0.9296058159831708,-1.354457118202516,2.2895976804515135,TRUE,post_treatment
Gini_SWIID,heritage_Monetary.Freedom,0,-0.1266752053265767,0.128592601589251,-0.3787167044415086,0.12536629378835526,TRUE,post_treatment
Gini_SWIID,heritage_Monetary.Freedom,1,-0.22008384846946502,0.17315453491608582,-0.5594667369049933,0.1192990399660632,TRUE,post_treatment
Gini_SWIID,heritage_Monetary.Freedom,2,-0.10363827619755138,0.34933308911734,-0.7883311308675378,0.581054578472435,TRUE,post_treatment
Gini_SWIID,heritage_Monetary.Freedom,3,-0.24659195867826741,0.33943861256645375,-0.9118916393085168,0.4187077219519819,TRUE,post_treatment
Gini_SWIID,heritage_Monetary.Freedom,4,-0.33932335602177016,0.31983586037658307,-0.9662016423598729,0.28755493031633267,TRUE,post_treatment
Gini_SWIID,heritage_Monetary.Freedom,5,-0.2531758862893032,0.3851006008281752,-1.0079730639125266,0.5016212913339202,TRUE,post_treatment
Gini_SWIID,heritage_Monetary.Freedom,6,0.011634416813210494,0.5199086488835704,-1.0073865349985873,1.0306553686250084,TRUE,post_treatment
Gini_SWIID,heritage_Monetary.Freedom,7,0.18185621074978275,0.6172639270343934,-1.0279810862376282,1.3916935077371937,TRUE,post_treatment
Gini_SWIID,heritage_Monetary.Freedom,8,0.36223495410261464,0.6043698877778617,-0.8223300259419943,1.5467999341472236,TRUE,post_treatment
Gini_SWIID,heritage_Monetary.Freedom,9,-0.05017208406640986,0.7392009615830338,-1.4990059687691561,1.3986618006363363,TRUE,post_treatment
Gini_SWIID,heritage_Monetary.Freedom,10,0.17419109135826982,0.646072992734284,-1.0921119744009267,1.4404941571174663,TRUE,post_treatment
Gini_SWIID,heritage_Monetary.Freedom,11,0.16700150410011305,0.7104251755856872,-1.225431840047834,1.5594348482480598,TRUE,post_treatment
Gini_SWIID,heritage_Monetary.Freedom,12,0.22997162130803483,0.7212745339910217,-1.1837264653143675,1.6436697079304374,TRUE,post_treatment
Gini_SWIID,heritage_Monetary.Freedom,13,0.1403731246726097,0.6890482025842022,-1.2101613523924266,1.490907601737646,TRUE,post_treatment
Gini_SWIID,heritage_Monetary.Freedom,14,0.13266017798915053,0.7224178817047817,-1.2832788701522215,1.5485992261305226,TRUE,post_treatment
Gini_SWIID,heritage_Monetary.Freedom,15,0.33293149586230175,0.8343138252963065,-1.302323601718459,1.9681865934430625,TRUE,post_treatment
Gini_SWIID,heritage_Monetary.Freedom,16,0.41582036780615217,0.8225793142147495,-1.196435088054757,2.028075823667061,TRUE,post_treatment
Gini_SWIID,heritage_Monetary.Freedom,17,0.8483639738738852,0.8518454672230871,-0.8212531418833654,2.5179810896311356,TRUE,post_treatment
Gini_SWIID,heritage_Monetary.Freedom,18,0.8962040944000232,0.9553806292281078,-0.9763419388870681,2.7687501276871145,TRUE,post_treatment
Gini_SWIID,heritage_Monetary.Freedom,19,1.2241416181867268,0.9213946864117065,-0.5817919671802179,3.0300752035536718,TRUE,post_treatment
Gini_SWIID,heritage_Monetary.Freedom,20,1.5566506324633576,0.9301051009805862,-0.2663553654585913,3.3796566303853064,TRUE,post_treatment
Gini_SWIID,heritage_Monetary.Freedom,21,1.260255693707513,1.069321373334154,-0.835614198027429,3.356125585442455,TRUE,post_treatment
Gini_SWIID,heritage_Monetary.Freedom,22,1.8389225412429944,1.2009461207750043,-0.51493185547601406,4.192776937962003,TRUE,post_treatment
Gini_SWIID,heritage_Monetary.Freedom,23,0.8597679886818993,1.3526987912611763,-1.7915216421900064,3.511057619553805,TRUE,post_treatment
Gini_SWIID,heritage_Monetary.Freedom,24,1.39819828598689,1.5595323217957842,-1.6584850647328468,4.454881636706627,TRUE,post_treatment
Gini_SWIID,heritage_Monetary.Freedom,25,-0.1385986411736405,1.7401655395528148,-3.5493230986971573,3.2721258163498765,TRUE,post_treatment
Gini_SWIID,heritage_Monetary.Freedom,26,-0.7280661375661365,2.4551177805507614,-5.5400969874456285,4.083964712313356,TRUE,post_treatment
Gini_SWIID,heritage_Property.Rights,0,-0.27331074477823236,0.34810563824268254,-0.9555977957338901,0.4089763061774254,TRUE,post_treatment
Gini_SWIID,heritage_Property.Rights,1,-0.3518041527710575,0.346120898192406,-1.0302011132281732,0.32659280768605825,TRUE,post_treatment
Gini_SWIID,heritage_Property.Rights,2,-0.42222549012748356,0.46034233195714147,-1.3244964607634808,0.4800454805085137,TRUE,post_treatment
Gini_SWIID,heritage_Property.Rights,3,-0.5299842447943464,0.572708556898525,-1.6524930163154552,0.5925245267267625,TRUE,post_treatment
Gini_SWIID,heritage_Property.Rights,4,-0.6321327152543901,0.5751208543249451,-1.7593695897312824,0.4951041592225023,TRUE,post_treatment
Gini_SWIID,heritage_Property.Rights,5,-0.1667799255902788,0.5883715860858195,-1.3199882343184852,0.9864283831379276,TRUE,post_treatment
Gini_SWIID,heritage_Property.Rights,6,-0.217440549566123,0.4226092150798387,-1.0457546111226068,0.6108735119903608,TRUE,post_treatment
Gini_SWIID,heritage_Property.Rights,7,-0.3758405591667368,0.5198286986812056,-1.3947048085818998,0.6430236902484261,TRUE,post_treatment
Gini_SWIID,heritage_Property.Rights,8,-1.0690234595996377,0.8518863734464748,-2.7387207515547285,0.6006738323554528,TRUE,post_treatment
Gini_SWIID,heritage_Property.Rights,9,-0.9380435696978731,0.9394391788883019,-2.7793443603189445,0.9032572209231986,TRUE,post_treatment
Gini_SWIID,heritage_Property.Rights,10,-0.9902830829510613,0.9472416550515218,-2.846876726852044,0.8663105609499214,TRUE,post_treatment
Gini_SWIID,heritage_Property.Rights,11,-1.138060937785075,0.9883069670896507,-3.0751425932807903,0.7990207177106403,TRUE,post_treatment
Gini_SWIID,heritage_Property.Rights,12,-0.918353285077423,0.9362928837878409,-2.753487337301591,0.9167807671467452,TRUE,post_treatment
Gini_SWIID,heritage_Property.Rights,13,-2.2949221096485464,1.23313083893802,-4.711858553967065,0.12201433466997269,TRUE,post_treatment
Gini_SWIID,heritage_Property.Rights,14,-2.265066101767539,1.1947692673636947,-4.6068138658003805,0.07668166226530282,TRUE,post_treatment
Gini_SWIID,heritage_Property.Rights,15,-2.6861646437008906,1.0617630090675088,-4.767220141473208,-0.6051091459285733,FALSE,post_treatment
Gini_SWIID,heritage_Property.Rights,16,-2.6963998815224444,1.3622335792991302,-5.36637769694874,-0.026422066096149166,FALSE,post_treatment
Gini_SWIID,heritage_Property.Rights,17,-2.6447579501762135,1.2461561765709526,-5.08722405625528,-0.20229184409714662,FALSE,post_treatment
Gini_SWIID,heritage_Property.Rights,18,-2.9605645054787355,1.2527817148923086,-5.416016666667661,-0.5051123442898109,FALSE,post_treatment
Gini_SWIID,heritage_Property.Rights,19,-3.6153706748171635,1.4733156687259112,-6.503069385519949,-0.7276719641143776,FALSE,post_treatment
Gini_SWIID,heritage_Property.Rights,20,-3.723587198237987,1.287063340799599,-6.246231346205201,-1.200943050270773,FALSE,post_treatment
Gini_SWIID,heritage_Property.Rights,21,-3.543114812596459,1.44309156730578,-6.371574284515788,-0.7146553406771301,FALSE,post_treatment
Gini_SWIID,heritage_Property.Rights,22,-3.0210023063356393,1.3902073244258615,-5.745808662210328,-0.2961959504609508,FALSE,post_treatment
Gini_SWIID,heritage_Property.Rights,23,-2.643434540767874,1.4680683554961307,-5.520848517540291,0.23397943600454196,TRUE,post_treatment
Gini_SWIID,heritage_Property.Rights,24,-2.06820065120065,1.582736614222641,-5.170364415077026,1.033963112675726,TRUE,post_treatment
Gini_SWIID,heritage_Property.Rights,25,-0.560457671957671,1.5140011307112877,-3.5278998881517953,2.406984544236453,TRUE,post_treatment
Gini_SWIID,heritage_Property.Rights,26,-2.9014550264550243,1.5239481057707307,-5.888393313765656,0.08548326085560776,TRUE,post_treatment
Gini_SWIID,heritage_Tax.Burden,0,0.08069579126430643,0.10428493792794284,-0.12370268707446153,0.2850942696030744,TRUE,post_treatment
Gini_SWIID,heritage_Tax.Burden,1,0.1238210824963556,0.1578608837399733,-0.18558624963399212,0.4332284146267033,TRUE,post_treatment
Gini_SWIID,heritage_Tax.Burden,2,0.1971012282511551,0.21828958761740375,-0.23074636347895625,0.6249488199812664,TRUE,post_treatment
Gini_SWIID,heritage_Tax.Burden,3,0.2772816696356911,0.20892836566750542,-0.13221792707261948,0.6867812663440017,TRUE,post_treatment
Gini_SWIID,heritage_Tax.Burden,4,0.2969351436310257,0.30950898266913274,-0.3097024624004745,0.9035727496625259,TRUE,post_treatment
Gini_SWIID,heritage_Tax.Burden,5,0.2813601095495882,0.3944084691539451,-0.49168048999214425,1.0544007090913206,TRUE,post_treatment
Gini_SWIID,heritage_Tax.Burden,6,0.39001872795898973,0.40200221938287395,-0.3979056220314432,1.1779430779494227,TRUE,post_treatment
Gini_SWIID,heritage_Tax.Burden,7,0.24761224852451486,0.405391995714214,-0.5469560630753447,1.0421805601243743,TRUE,post_treatment
Gini_SWIID,heritage_Tax.Burden,8,0.5336238452954937,0.46738330886404367,-0.3824474400780319,1.4496951306690193,TRUE,post_treatment
Gini_SWIID,heritage_Tax.Burden,9,0.7072046320196985,0.5961287391392551,-0.46120769669324146,1.8756169607326385,TRUE,post_treatment
Gini_SWIID,heritage_Tax.Burden,10,0.6949437727130492,0.5937587609900236,-0.4688233988273969,1.8587109442534953,TRUE,post_treatment
Gini_SWIID,heritage_Tax.Burden,11,0.32761873364636784,0.6476488649807619,-0.9417730417159256,1.5970105090086613,TRUE,post_treatment
Gini_SWIID,heritage_Tax.Burden,12,0.4744219696087984,0.7289215052870702,-0.9542641807538592,1.903108119971456,TRUE,post_treatment
Gini_SWIID,heritage_Tax.Burden,13,0.9704714214520009,0.7330896807608093,-0.4663843528391851,2.407327195743187,TRUE,post_treatment
Gini_SWIID,heritage_Tax.Burden,14,1.0967196237401697,0.6485684474477169,-0.1744745332573554,2.3679137807376947,TRUE,post_treatment
Gini_SWIID,heritage_Tax.Burden,15,0.8125757351769805,0.7752165125052302,-0.7068486293332705,2.3320000996872317,TRUE,post_treatment
Gini_SWIID,heritage_Tax.Burden,16,0.4467975439616116,1.031102877232309,-1.5741640954137137,2.467759183336937,TRUE,post_treatment
Gini_SWIID,heritage_Tax.Burden,17,0.6590530332879417,0.9996812097755392,-1.300322137872115,2.6184282044479987,TRUE,post_treatment
Gini_SWIID,heritage_Tax.Burden,18,0.2718330411488257,1.2265513770383263,-2.1322076578462936,2.675873740143945,TRUE,post_treatment
Gini_SWIID,heritage_Tax.Burden,19,0.11327351205829601,1.2718338320411575,-2.3795207987423725,2.606067822858965,TRUE,post_treatment
Gini_SWIID,heritage_Tax.Burden,20,-0.3739548202395684,1.316180992994495,-2.953669566508778,2.205759926029642,TRUE,post_treatment
Gini_SWIID,heritage_Tax.Burden,21,-0.7077676756195435,1.3964500782937248,-3.4448098290752442,2.0292744778361573,TRUE,post_treatment
Gini_SWIID,heritage_Tax.Burden,22,1.208975922854708,1.2902220949935648,-1.319859383332679,3.737811229042095,TRUE,post_treatment
Gini_SWIID,heritage_Tax.Burden,23,1.506181033170103,1.3812649336646166,-1.2010982368125454,4.213460303152751,TRUE,post_treatment
Gini_SWIID,heritage_Tax.Burden,24,0.024892849143737683,1.3153142262828523,-2.5531230343706532,2.602908732658128,TRUE,post_treatment
Gini_SWIID,heritage_Tax.Burden,25,0.6898019171644326,1.6335907978289828,-2.5120360465803735,3.8916398809092385,TRUE,post_treatment
Gini_SWIID,heritage_Tax.Burden,26,0.816183771380892,2.2478126276888526,-3.589528978889259,5.221896521651043,TRUE,post_treatment
Gini_SWIID,heritage_Trade.Freedom,0,-0.11110300589810178,0.13666398299922103,-0.378964412576575,0.1567584007803714,TRUE,post_treatment
Gini_SWIID,heritage_Trade.Freedom,1,-0.16724966028351737,0.16264288552320275,-0.4860297159089948,0.15153039534196003,TRUE,post_treatment
Gini_SWIID,heritage_Trade.Freedom,2,-0.19688926897735812,0.1921341182593256,-0.5734721407656364,0.1796936028109201,TRUE,post_treatment
Gini_SWIID,heritage_Trade.Freedom,3,-0.08927057140003804,0.27264210256683646,-0.6236490924310375,0.44510794963096145,TRUE,post_treatment
Gini_SWIID,heritage_Trade.Freedom,4,-0.08257422967907202,0.288619451664796,-0.6482683549420722,0.4831198955839282,TRUE,post_treatment
Gini_SWIID,heritage_Trade.Freedom,5,-0.3476810749415386,0.34191702108587474,-1.0178384362698532,0.3224762863867759,TRUE,post_treatment
Gini_SWIID,heritage_Trade.Freedom,6,-0.39480409359152824,0.4721096330241069,-1.3201389743187777,0.5305307871357213,TRUE,post_treatment
Gini_SWIID,heritage_Trade.Freedom,7,-0.48800320620900495,0.5954261429683535,-1.6550384464269778,0.6790320340089679,TRUE,post_treatment
Gini_SWIID,heritage_Trade.Freedom,8,-0.46543910397657134,0.617055632460817,-1.6748681435997725,0.74398993564663,TRUE,post_treatment
Gini_SWIID,heritage_Trade.Freedom,9,-0.48389880772888416,0.5783319872242447,-1.6174295026884038,0.6496318872306355,TRUE,post_treatment
Gini_SWIID,heritage_Trade.Freedom,10,-0.42714142903784164,0.5748315785713298,-1.5538113230376482,0.6995284649619649,TRUE,post_treatment
Gini_SWIID,heritage_Trade.Freedom,11,-0.19563737189631597,0.717515786581045,-1.6019683135951641,1.210693569802532,TRUE,post_treatment
Gini_SWIID,heritage_Trade.Freedom,12,-0.07800626289130765,0.7318120154598352,-1.5123578131925846,1.3563452874099693,TRUE,post_treatment
Gini_SWIID,heritage_Trade.Freedom,13,-0.09163463118083556,0.8112555450804062,-1.6816954995384317,1.4984262371767605,TRUE,post_treatment
Gini_SWIID,heritage_Trade.Freedom,14,0.01467451969083695,0.8737227035981076,-1.697821979361454,1.7271710187431277,TRUE,post_treatment
Gini_SWIID,heritage_Trade.Freedom,15,0.025600632086038865,0.734220245856081,-1.4134710497918799,1.4646723139639577,TRUE,post_treatment
Gini_SWIID,heritage_Trade.Freedom,16,0.2573578538987148,0.8223763591024286,-1.354499809942045,1.869215517739475,TRUE,post_treatment
Gini_SWIID,heritage_Trade.Freedom,17,0.5910902247161957,0.8148175817438873,-1.0059522355018236,2.1881326849342146,TRUE,post_treatment
Gini_SWIID,heritage_Trade.Freedom,18,0.42885514930169116,0.9827713872643354,-1.4973767697364062,2.3550870683397886,TRUE,post_treatment
Gini_SWIID,heritage_Trade.Freedom,19,-0.6873725777387559,1.1313720534256009,-2.9048618024529334,1.5301166469754217,TRUE,post_treatment
Gini_SWIID,heritage_Trade.Freedom,20,-1.3168033494606537,1.0747015283031733,-3.423218344934873,0.7896116460135658,TRUE,post_treatment
Gini_SWIID,heritage_Trade.Freedom,21,-1.5881549131567074,1.2642540140154916,-4.066092780627071,0.889782954313656,TRUE,post_treatment
Gini_SWIID,heritage_Trade.Freedom,22,-2.1399414036363176,1.3282748606098755,-4.7433601304316735,0.46347732315903833,TRUE,post_treatment
Gini_SWIID,heritage_Trade.Freedom,23,-1.222853262505123,1.3371329707724127,-3.8436338852190515,1.3979273602088058,TRUE,post_treatment
Gini_SWIID,heritage_Trade.Freedom,24,-2.294405078084147,1.372597700216389,-4.9846965705082695,0.3958864143399752,TRUE,post_treatment
Gini_SWIID,heritage_Trade.Freedom,25,0.4343356985012247,1.289648794123244,-2.0933759379803334,2.962047334982783,TRUE,post_treatment
Gini_SWIID,heritage_Trade.Freedom,26,0.7508321933424538,1.956278085925788,-3.083472855072091,4.585137241756998,TRUE,post_treatment
Income_share_bottom50_WID,fraser_FreeTrade,0,0.050466638846385796,0.049740596673960566,-0.04702493063457692,0.14795820832734852,TRUE,post_treatment
Income_share_bottom50_WID,fraser_FreeTrade,1,0.09375335180885332,0.09245656989154029,-0.08746152517856563,0.27496822879627225,TRUE,post_treatment
Income_share_bottom50_WID,fraser_FreeTrade,2,-0.007461949969861231,0.12102885047782692,-0.244678496906402,0.22975459696667952,TRUE,post_treatment
Income_share_bottom50_WID,fraser_FreeTrade,3,0.02548235380573596,0.15428254781249792,-0.27691143990676,0.32787614751823185,TRUE,post_treatment
Income_share_bottom50_WID,fraser_FreeTrade,4,-0.10169564612602583,0.15800747594206505,-0.4113902989724733,0.20799900672042165,TRUE,post_treatment
Income_share_bottom50_WID,fraser_FreeTrade,5,-0.0055247329203700095,0.16352041329531117,-0.32602474297917994,0.31497527713843987,TRUE,post_treatment
Income_share_bottom50_WID,fraser_FreeTrade,6,-0.04386158978887897,0.21234206162852443,-0.4600520305807868,0.3723288510030289,TRUE,post_treatment
Income_share_bottom50_WID,fraser_FreeTrade,7,-0.05100856246425881,0.2340799990237087,-0.5098053605507279,0.4077882356222102,TRUE,post_treatment
Income_share_bottom50_WID,fraser_FreeTrade,8,-0.03345891099055671,0.24761446843723003,-0.5187832691275276,0.45186544714641413,TRUE,post_treatment
Income_share_bottom50_WID,fraser_FreeTrade,9,0.02008276533593008,0.34987519009908774,-0.6656726072582818,0.705838137930142,TRUE,post_treatment
Income_share_bottom50_WID,fraser_FreeTrade,10,-0.06840184802012314,0.3614520991591613,-0.7768479623720793,0.640044266331833,TRUE,post_treatment
Income_share_bottom50_WID,fraser_FreeTrade,11,-0.12004486394237321,0.3764661355572171,-0.8579184896345187,0.6178287617497722,TRUE,post_treatment
Income_share_bottom50_WID,fraser_FreeTrade,12,-0.14425646435140127,0.3670076529964079,-0.8635914642243607,0.5750785355215582,TRUE,post_treatment
Income_share_bottom50_WID,fraser_FreeTrade,13,-0.2982558282689226,0.35662676376964464,-0.997244285257426,0.4007326287195808,TRUE,post_treatment
Income_share_bottom50_WID,fraser_FreeTrade,14,-0.45059261995097843,0.4126775517769904,-1.2594406214338796,0.3582553815319227,TRUE,post_treatment
Income_share_bottom50_WID,fraser_FreeTrade,15,-0.2258904035486312,0.44788499522057124,-1.1037449941809507,0.6519641870836884,TRUE,post_treatment
Income_share_bottom50_WID,fraser_FreeTrade,16,-0.12877250143559785,0.4127672384851828,-0.9377962888665561,0.6802512859953604,TRUE,post_treatment
Income_share_bottom50_WID,fraser_FreeTrade,17,-0.09764677774171439,0.5322399418496494,-1.1408370637670273,0.9455435082835985,TRUE,post_treatment
Income_share_bottom50_WID,fraser_FreeTrade,18,0.03169522882181074,0.626098425614745,-1.1954576853830896,1.2588481430267109,TRUE,post_treatment
Income_share_bottom50_WID,fraser_FreeTrade,19,0.08550616682895132,0.7376530484162993,-1.3602938080669953,1.531306141724898,TRUE,post_treatment
Income_share_bottom50_WID,fraser_FreeTrade,20,0.04015038407443461,0.6680196703413689,-1.2691681697946484,1.3494689379435176,TRUE,post_treatment
Income_share_bottom50_WID,fraser_FreeTrade,21,-1.0689597533268425,1.8046170578752974,-4.606009186762425,2.46808968010874,TRUE,post_treatment
Income_share_bottom50_WID,fraser_LegalSystem,0,1.5015015014989446e-4,0.05436054377831299,-0.10639651565534355,0.10669681595564334,TRUE,post_treatment
Income_share_bottom50_WID,fraser_LegalSystem,1,0.014474474474474225,0.10038217707926918,-0.18227459260089335,0.2112235415498418,TRUE,post_treatment
Income_share_bottom50_WID,fraser_LegalSystem,2,-0.015656924530163912,0.1166753707507921,-0.2443406512017164,0.2130268021413886,TRUE,post_treatment
Income_share_bottom50_WID,fraser_LegalSystem,3,-0.030333432023572998,0.14165700860955488,-0.3079811688983005,0.24731430485115455,TRUE,post_treatment
Income_share_bottom50_WID,fraser_LegalSystem,4,-0.007267570066866066,0.16153800741753677,-0.3238820646052381,0.30934692447150597,TRUE,post_treatment
Income_share_bottom50_WID,fraser_LegalSystem,5,-0.14514847055584568,0.2062393472890476,-0.5493775912423791,0.25908065013068765,TRUE,post_treatment
Income_share_bottom50_WID,fraser_LegalSystem,6,-0.19059456949380607,0.2255221775619511,-0.6326180375152302,0.25142889852761807,TRUE,post_treatment
Income_share_bottom50_WID,fraser_LegalSystem,7,-0.24501663668407134,0.22708658417349809,-0.6901063416641275,0.2000730682959849,TRUE,post_treatment
Income_share_bottom50_WID,fraser_LegalSystem,8,-0.22343507376513677,0.26438305378158755,-0.7416258591770484,0.2947557116467748,TRUE,post_treatment
Income_share_bottom50_WID,fraser_LegalSystem,9,-0.356884589125165,0.2729158284329418,-0.8917996128537309,0.1780304346034009,TRUE,post_treatment
Income_share_bottom50_WID,fraser_LegalSystem,10,-0.3411674759888306,0.2696264995948681,-0.869635415194772,0.18730046321711086,TRUE,post_treatment
Income_share_bottom50_WID,fraser_LegalSystem,11,-0.41071463856088286,0.2788676949940683,-0.9572953207492567,0.135866043627491,TRUE,post_treatment
Income_share_bottom50_WID,fraser_LegalSystem,12,-0.3429982761150235,0.30958640426293693,-0.9497876284703799,0.2637910762403329,TRUE,post_treatment
Income_share_bottom50_WID,fraser_LegalSystem,13,-0.30666792871926896,0.3071885267203308,-0.9087574410911173,0.2954215836525794,TRUE,post_treatment
Income_share_bottom50_WID,fraser_LegalSystem,14,-0.21685320725853235,0.2796267807206475,-0.7649216974710014,0.3312152829539367,TRUE,post_treatment
Income_share_bottom50_WID,fraser_LegalSystem,15,-0.23473034265021658,0.35727960264845343,-0.9349983638411854,0.4655376785407522,TRUE,post_treatment
Income_share_bottom50_WID,fraser_LegalSystem,16,-0.29744064462880754,0.35337731340445255,-0.9900601789015346,0.3951788896439195,TRUE,post_treatment
Income_share_bottom50_WID,fraser_LegalSystem,17,-0.09772040714230727,0.3533719891355599,-0.7903295058480047,0.5948886915633902,TRUE,post_treatment
Income_share_bottom50_WID,fraser_LegalSystem,18,-0.08178433394982686,0.5586719554725006,-1.176781366675928,1.0132126987762744,TRUE,post_treatment
Income_share_bottom50_WID,fraser_LegalSystem,19,-0.4317309272300467,0.6661329120766901,-1.7373514349003594,0.873889580440266,TRUE,post_treatment
Income_share_bottom50_WID,fraser_LegalSystem,20,-0.32410512218610765,0.6955053284263085,-1.6872955659016724,1.0390853215294569,TRUE,post_treatment
Income_share_bottom50_WID,fraser_LegalSystem,21,-0.17797926447574397,0.4868196872058386,-1.1321458513991876,0.7761873224476997,TRUE,post_treatment
Income_share_bottom50_WID,fraser_Regulation,0,0.15500473450797078,0.057815652602415064,0.04168605540723726,0.2683234136087043,FALSE,post_treatment
Income_share_bottom50_WID,fraser_Regulation,1,0.2184047446138948,0.08287804046457548,0.05596378530332688,0.3808457039244627,FALSE,post_treatment
Income_share_bottom50_WID,fraser_Regulation,2,0.21560396998305492,0.11799940711816866,-0.015674867968555634,0.4468828079346655,TRUE,post_treatment
Income_share_bottom50_WID,fraser_Regulation,3,0.17355513192931477,0.1403077786592335,-0.10144811424278288,0.4485583781014124,TRUE,post_treatment
Income_share_bottom50_WID,fraser_Regulation,4,0.18711413701282978,0.1561187537532389,-0.11887862034351845,0.493106894369178,TRUE,post_treatment
Income_share_bottom50_WID,fraser_Regulation,5,0.18129574624129097,0.2006763283741221,-0.21202985737198837,0.5746213498545703,TRUE,post_treatment
Income_share_bottom50_WID,fraser_Regulation,6,0.2971820669466717,0.19602457787706376,-0.08702610569237323,0.6813902395857167,TRUE,post_treatment
Income_share_bottom50_WID,fraser_Regulation,7,0.4246842206790123,0.21986285307316594,-0.006246971344392949,0.8556154127024176,TRUE,post_treatment
Income_share_bottom50_WID,fraser_Regulation,8,0.47322625081221575,0.21866275801134552,0.04464724510997853,0.901805256514453,FALSE,post_treatment
Income_share_bottom50_WID,fraser_Regulation,9,0.5300776972624797,0.27165976570078665,-0.002375443511062114,1.0625308380360214,TRUE,post_treatment
Income_share_bottom50_WID,fraser_Regulation,10,0.4989707133058982,0.281790195945932,-0.05333807074812852,1.0512794973599249,TRUE,post_treatment
Income_share_bottom50_WID,fraser_Regulation,11,0.5488635662177326,0.23465293051309608,0.08894382241206428,1.008783310023401,FALSE,post_treatment
Income_share_bottom50_WID,fraser_Regulation,12,0.45669270611607765,0.2692853521644742,-0.07110658412629173,0.9844919963584471,TRUE,post_treatment
Income_share_bottom50_WID,fraser_Regulation,13,0.770347508001829,0.38935696728001806,0.007207852132993686,1.5334871638706644,FALSE,post_treatment
Income_share_bottom50_WID,fraser_Regulation,14,0.7583916603678508,0.4058569841689468,-0.03708802860328486,1.5538713493389864,TRUE,post_treatment
Income_share_bottom50_WID,fraser_Regulation,15,0.7529504859469397,0.4202339321406672,-0.07070802104876794,1.5766089929426474,TRUE,post_treatment
Income_share_bottom50_WID,fraser_Regulation,16,0.6390537918871254,0.4230171421325373,-0.19005980669264777,1.4681673904668986,TRUE,post_treatment
Income_share_bottom50_WID,fraser_Regulation,17,0.7037510288065846,0.47572576419251134,-0.22867146901073765,1.6361735266239068,TRUE,post_treatment
Income_share_bottom50_WID,fraser_Regulation,18,0.9042869028448739,0.5893243079264677,-0.25078874069100277,2.0593625463807506,TRUE,post_treatment
Income_share_bottom50_WID,fraser_Regulation,19,1.0362449845679016,0.6663760667388912,-0.26985210624032496,2.342342075376128,TRUE,post_treatment
Income_share_bottom50_WID,fraser_Regulation,20,0.4636324786324788,0.8668458653038676,-1.2353854173631018,2.1626503746280594,TRUE,post_treatment
Income_share_bottom50_WID,fraser_Regulation,21,1.269592592592593,0.7043865172389027,-0.11100498119565616,2.6501901663808423,TRUE,post_treatment
Income_share_bottom50_WID,fraser_SizeGov,0,0.012396613433004772,0.058837197762236775,-0.1029242941809793,0.12771752104698886,TRUE,post_treatment
Income_share_bottom50_WID,fraser_SizeGov,1,0.09521250424736667,0.09541717180713195,-0.09180515249461195,0.2822301609893453,TRUE,post_treatment
Income_share_bottom50_WID,fraser_SizeGov,2,0.23311678651128184,0.1282028939363009,-0.018160885603867943,0.4843944586264316,TRUE,post_treatment
Income_share_bottom50_WID,fraser_SizeGov,3,0.27967918606680053,0.1373707205646857,0.010432573760016606,0.5489257983735845,FALSE,post_treatment
Income_share_bottom50_WID,fraser_SizeGov,4,0.43211933263538743,0.15849960470003852,0.12146010742331192,0.7427785578474629,FALSE,post_treatment
Income_share_bottom50_WID,fraser_SizeGov,5,0.5159025828643776,0.17683229066995212,0.16931129315127147,0.8624938725774838,FALSE,post_treatment
Income_share_bottom50_WID,fraser_SizeGov,6,0.5135778636689694,0.21904826806988514,0.08424325825199452,0.9429124690859443,FALSE,post_treatment
Income_share_bottom50_WID,fraser_SizeGov,7,0.7361922358137953,0.24610536614747677,0.25382571816474087,1.2185587534628497,FALSE,post_treatment
Income_share_bottom50_WID,fraser_SizeGov,8,0.8362498376006874,0.24767705897562134,0.3508028020084696,1.3216968731929053,FALSE,post_treatment
Income_share_bottom50_WID,fraser_SizeGov,9,0.8779282993797575,0.24280157167310623,0.4020372189004693,1.3538193798590457,FALSE,post_treatment
Income_share_bottom50_WID,fraser_SizeGov,10,1.0079732936547083,0.2678319394845058,0.483022692265077,1.5329238950443398,FALSE,post_treatment
Income_share_bottom50_WID,fraser_SizeGov,11,0.9109958903066304,0.29084301318057915,0.34094358447269535,1.4810481961405655,FALSE,post_treatment
Income_share_bottom50_WID,fraser_SizeGov,12,0.9157263148633558,0.33134935196709997,0.2662815850078398,1.5651710447188716,FALSE,post_treatment
Income_share_bottom50_WID,fraser_SizeGov,13,1.0167754159088027,0.3728603366353,0.28596915610361473,1.7475816757139908,FALSE,post_treatment
Income_share_bottom50_WID,fraser_SizeGov,14,1.0127837580699963,0.35869265560519775,0.3097461530838087,1.7158213630561838,FALSE,post_treatment
Income_share_bottom50_WID,fraser_SizeGov,15,0.9659278155706724,0.35578484827968376,0.2685895129424922,1.6632661181988526,FALSE,post_treatment
Income_share_bottom50_WID,fraser_SizeGov,16,1.1010693170234453,0.4208415167892724,0.27621994411647144,1.9259186899304193,FALSE,post_treatment
Income_share_bottom50_WID,fraser_SizeGov,17,1.4608954510703362,0.39404130362351997,0.6885744959682372,2.2332164061724353,FALSE,post_treatment
Income_share_bottom50_WID,fraser_SizeGov,18,1.7824455337690635,0.4077971193505534,0.9831631798419788,2.581727887696148,FALSE,post_treatment
Income_share_bottom50_WID,fraser_SizeGov,19,2.271404077471968,0.5437452039683467,1.2056634776940085,3.3371446772499276,FALSE,post_treatment
Income_share_bottom50_WID,fraser_SizeGov,20,1.7309505606523956,0.6709981984496308,0.41579409169111914,3.046107029613672,FALSE,post_treatment
Income_share_bottom50_WID,fraser_SizeGov,21,1.23914373088685,0.9213447436141713,-0.5666919665969257,3.0449794283706257,TRUE,post_treatment
Income_share_bottom50_WID,fraser_SoundMoney,0,0.1111505681818181,0.05860776283385898,-0.0037206469725455105,0.2260217833361817,TRUE,post_treatment
Income_share_bottom50_WID,fraser_SoundMoney,1,0.18451662367206523,0.09599218474974097,-0.003628058437427084,0.37266130578155754,TRUE,post_treatment
Income_share_bottom50_WID,fraser_SoundMoney,2,0.19554367761668381,0.11750116866103825,-0.03475861295895116,0.4258459681923188,TRUE,post_treatment
Income_share_bottom50_WID,fraser_SoundMoney,3,0.19689184952978042,0.14232393409956734,-0.08206306130537158,0.47584676036493245,TRUE,post_treatment
Income_share_bottom50_WID,fraser_SoundMoney,4,0.3132792664354475,0.1588390371680697,0.0019547535860308662,0.6246037792848642,FALSE,post_treatment
Income_share_bottom50_WID,fraser_SoundMoney,5,0.2986233593992215,0.20130628647116702,-0.09593696208426583,0.6931836808827089,TRUE,post_treatment
Income_share_bottom50_WID,fraser_SoundMoney,6,0.36445567746429786,0.20122154394808617,-0.029938548673951015,0.7588499036025467,TRUE,post_treatment
Income_share_bottom50_WID,fraser_SoundMoney,7,0.37314781284906107,0.2475207111749338,-0.11199278105380917,0.8582884067519313,TRUE,post_treatment
Income_share_bottom50_WID,fraser_SoundMoney,8,0.5079923309449171,0.25393445193921027,0.010280805144065042,1.0057038567457692,FALSE,post_treatment
Income_share_bottom50_WID,fraser_SoundMoney,9,0.4759929187192118,0.32466791846794313,-0.1603562014779567,1.1123420389163803,TRUE,post_treatment
Income_share_bottom50_WID,fraser_SoundMoney,10,0.45647487002850967,0.3136786313342665,-0.15833524738665267,1.071284987443672,TRUE,post_treatment
Income_share_bottom50_WID,fraser_SoundMoney,11,0.4202046647832087,0.26977407016079824,-0.10855251273195576,0.9489618422983732,TRUE,post_treatment
Income_share_bottom50_WID,fraser_SoundMoney,12,0.43650941430895607,0.33697949770083035,-0.22397040118467137,1.0969892298025834,TRUE,post_treatment
Income_share_bottom50_WID,fraser_SoundMoney,13,0.28439167537443394,0.29345446543937476,-0.2907790768867406,0.8595624276356084,TRUE,post_treatment
Income_share_bottom50_WID,fraser_SoundMoney,14,0.21546281783350746,0.3366873120844676,-0.444444313852049,0.8753699495190639,TRUE,post_treatment
Income_share_bottom50_WID,fraser_SoundMoney,15,0.22316513297603363,0.37609279882688007,-0.5139767527246513,0.9603070186767186,TRUE,post_treatment
Income_share_bottom50_WID,fraser_SoundMoney,16,0.09182307440270639,0.38458633936763803,-0.6619661507578641,0.845612299563277,TRUE,post_treatment
Income_share_bottom50_WID,fraser_SoundMoney,17,0.08866547245857578,0.3590883878823359,-0.6151477677908025,0.7924787127079541,TRUE,post_treatment
Income_share_bottom50_WID,fraser_SoundMoney,18,-0.015869730126196052,0.35856473977070785,-0.7186566200767834,0.6869171598243913,TRUE,post_treatment
Income_share_bottom50_WID,fraser_SoundMoney,19,-0.29182213296760734,0.4434819454908835,-1.161046746129739,0.5774024801945243,TRUE,post_treatment
Income_share_bottom50_WID,fraser_SoundMoney,20,-0.475466096852142,0.3839205803608697,-1.2279504343594465,0.2770182406551626,TRUE,post_treatment
Income_share_bottom50_WID,fraser_SoundMoney,21,-0.7668872710773802,0.5931448552595895,-1.9294511873861755,0.3956766452314151,TRUE,post_treatment
Income_share_bottom50_WID,heritage_Business.Freedom,0,0.07295475684446251,0.05768824261059805,-0.04011419867230967,0.1860237123612347,TRUE,post_treatment
Income_share_bottom50_WID,heritage_Business.Freedom,1,0.07980769230769205,0.08931238082999557,-0.09524457411909926,0.25485995873448336,TRUE,post_treatment
Income_share_bottom50_WID,heritage_Business.Freedom,2,0.1898009708860915,0.10713469337268464,-0.020183028124370395,0.3997849698965534,TRUE,post_treatment
Income_share_bottom50_WID,heritage_Business.Freedom,3,0.25972435961892953,0.1412457018498891,-0.01711721600685312,0.5365659352447122,TRUE,post_treatment
Income_share_bottom50_WID,heritage_Business.Freedom,4,0.2304167121755861,0.17785719045742635,-0.11818338112096952,0.5790168054721417,TRUE,post_treatment
Income_share_bottom50_WID,heritage_Business.Freedom,5,0.2797880910798866,0.20660578227771842,-0.12515924218444147,0.6847354243442147,TRUE,post_treatment
Income_share_bottom50_WID,heritage_Business.Freedom,6,0.26466191486805735,0.21570198617997258,-0.1581139780446889,0.6874378077808037,TRUE,post_treatment
Income_share_bottom50_WID,heritage_Business.Freedom,7,0.3055250034279443,0.24528827211888904,-0.1752400099250782,0.7862900167809668,TRUE,post_treatment
Income_share_bottom50_WID,heritage_Business.Freedom,8,0.1439437764849527,0.30200270544997865,-0.4479815261970054,0.7358690791669108,TRUE,post_treatment
Income_share_bottom50_WID,heritage_Business.Freedom,9,0.11361034690799378,0.2797762927979501,-0.43475118697598836,0.6619718807919759,TRUE,post_treatment
Income_share_bottom50_WID,heritage_Business.Freedom,10,0.0649072702896229,0.27511943753967466,-0.4743268272881394,0.6041413678673853,TRUE,post_treatment
Income_share_bottom50_WID,heritage_Business.Freedom,11,-0.03130146239097662,0.3275652073520064,-0.6733292688009092,0.6107263440189559,TRUE,post_treatment
Income_share_bottom50_WID,heritage_Business.Freedom,12,0.01546551638406801,0.33121709539818145,-0.6337199905963676,0.6646510233645037,TRUE,post_treatment
Income_share_bottom50_WID,heritage_Business.Freedom,13,0.12033304054653483,0.41567824051452157,-0.6943963108619274,0.9350623919549971,TRUE,post_treatment
Income_share_bottom50_WID,heritage_Business.Freedom,14,0.21332646556058296,0.439849441618619,-0.6487784400119102,1.075431371133076,TRUE,post_treatment
Income_share_bottom50_WID,heritage_Business.Freedom,15,0.09843240286363705,0.3861212837650191,-0.6583653133158003,0.8552301190430744,TRUE,post_treatment
Income_share_bottom50_WID,heritage_Business.Freedom,16,0.08163526778232635,0.42268001839880215,-0.7468175682793259,0.9100881038439785,TRUE,post_treatment
Income_share_bottom50_WID,heritage_Business.Freedom,17,0.6642403846153846,0.6722000894661451,-0.6532717907382597,1.9817525599690289,TRUE,post_treatment
Income_share_bottom50_WID,heritage_Business.Freedom,18,0.6050575576384398,0.736058728834343,-0.8376175508768724,2.047732666153752,TRUE,post_treatment
Income_share_bottom50_WID,heritage_Business.Freedom,19,0.554802441204402,0.7739570715749844,-0.9621534190825672,2.0717583014913714,TRUE,post_treatment
Income_share_bottom50_WID,heritage_Business.Freedom,20,0.7217053921568629,0.7968236330731414,-0.8400689286664943,2.28347971298022,TRUE,post_treatment
Income_share_bottom50_WID,heritage_Business.Freedom,21,0.5225354868443104,0.8760557979931123,-1.1945338772221896,2.23960485091081,TRUE,post_treatment
Income_share_bottom50_WID,heritage_Business.Freedom,22,0.41218929110105545,0.9171681530420789,-1.3854602888614191,2.20983887106353,TRUE,post_treatment
Income_share_bottom50_WID,heritage_Business.Freedom,23,0.4089387747998606,0.9589854537173902,-1.470672714486224,2.2885502640859454,TRUE,post_treatment
Income_share_bottom50_WID,heritage_Business.Freedom,24,1.2896615535444946,1.0633488933147406,-0.7945022773523969,3.3738253844413864,TRUE,post_treatment
Income_share_bottom50_WID,heritage_Business.Freedom,25,1.5029390082956262,1.1537978100792836,-0.7585046994597697,3.7643827160510224,TRUE,post_treatment
Income_share_bottom50_WID,heritage_Business.Freedom,26,4.852688536953243,0.47061041639335843,3.9302921208222608,5.775084953084226,FALSE,post_treatment
Income_share_bottom50_WID,heritage_Financial.Freedom,0,0.036419190039654596,0.04633285780357672,-0.05439321125535577,0.12723159133466497,TRUE,post_treatment
Income_share_bottom50_WID,heritage_Financial.Freedom,1,0.10574604592311423,0.08738132872972267,-0.06552135838714218,0.27701345023337065,TRUE,post_treatment
Income_share_bottom50_WID,heritage_Financial.Freedom,2,0.09715591112877937,0.10802332145125826,-0.11456979891568682,0.3088816211732456,TRUE,post_treatment
Income_share_bottom50_WID,heritage_Financial.Freedom,3,0.09877907601799668,0.1441849302082793,-0.18382338719023072,0.3813815392262241,TRUE,post_treatment
Income_share_bottom50_WID,heritage_Financial.Freedom,4,0.07724418146277144,0.15321673728742408,-0.2230606236205797,0.3775489865461226,TRUE,post_treatment
Income_share_bottom50_WID,heritage_Financial.Freedom,5,0.12257632542545625,0.1800532685201312,-0.23032808087400086,0.4754807317249134,TRUE,post_treatment
Income_share_bottom50_WID,heritage_Financial.Freedom,6,0.17698619931586396,0.1991469232692045,-0.21334177029177687,0.5673141689235048,TRUE,post_treatment
Income_share_bottom50_WID,heritage_Financial.Freedom,7,0.25156006206942005,0.24278986277236372,-0.22430806896441285,0.7274281931032529,TRUE,post_treatment
Income_share_bottom50_WID,heritage_Financial.Freedom,8,0.22641122638041397,0.28135674913644165,-0.32504800192701166,0.7778704546878397,TRUE,post_treatment
Income_share_bottom50_WID,heritage_Financial.Freedom,9,0.28576644142106644,0.283969343499272,-0.2708134718375067,0.8423463546796396,TRUE,post_treatment
Income_share_bottom50_WID,heritage_Financial.Freedom,10,0.2336758007918696,0.3016649512231593,-0.3575875036055226,0.8249391051892617,TRUE,post_treatment
Income_share_bottom50_WID,heritage_Financial.Freedom,11,0.14642087187594457,0.2803536121367316,-0.40307220791204934,0.6959139516639384,TRUE,post_treatment
Income_share_bottom50_WID,heritage_Financial.Freedom,12,0.23607734667340158,0.31240043474776974,-0.3762275054322271,0.8483821987790303,TRUE,post_treatment
Income_share_bottom50_WID,heritage_Financial.Freedom,13,0.2940913922174642,0.33851122126162464,-0.36939060145532004,0.9575733858902484,TRUE,post_treatment
Income_share_bottom50_WID,heritage_Financial.Freedom,14,0.3786879415317846,0.3364056662365586,-0.2806671642918703,1.0380430473554394,TRUE,post_treatment
Income_share_bottom50_WID,heritage_Financial.Freedom,15,0.4052829121119546,0.35370138194791584,-0.28797179650596044,1.0985376207298696,TRUE,post_treatment
Income_share_bottom50_WID,heritage_Financial.Freedom,16,0.4391444824862823,0.4592562564764696,-0.46099778020759813,1.3392867451801627,TRUE,post_treatment
Income_share_bottom50_WID,heritage_Financial.Freedom,17,0.4793471500776615,0.5040116002375681,-0.5085155863879719,1.4672098865432948,TRUE,post_treatment
Income_share_bottom50_WID,heritage_Financial.Freedom,18,0.4649475763862558,0.5394820095362488,-0.5924371623047917,1.5223323150773034,TRUE,post_treatment
Income_share_bottom50_WID,heritage_Financial.Freedom,19,0.7055573631543602,0.5925432155703451,-0.45582733936351605,1.8669420656722364,TRUE,post_treatment
Income_share_bottom50_WID,heritage_Financial.Freedom,20,0.7234133679475659,0.5572674079912329,-0.36883075171525037,1.8156574876103821,TRUE,post_treatment
Income_share_bottom50_WID,heritage_Financial.Freedom,21,0.8491999917030678,0.5740984780749233,-0.2760330253237818,1.9744330087299176,TRUE,post_treatment
Income_share_bottom50_WID,heritage_Financial.Freedom,22,0.6328946156255845,0.6888735394604495,-0.7172975217168965,1.9830867529680654,TRUE,post_treatment
Income_share_bottom50_WID,heritage_Financial.Freedom,23,0.5350709612746646,0.6897043728714365,-0.816749609553351,1.88689153210268,TRUE,post_treatment
Income_share_bottom50_WID,heritage_Financial.Freedom,24,0.4350723363477355,0.6558163603824672,-0.8503277300019001,1.7204724026973712,TRUE,post_treatment
Income_share_bottom50_WID,heritage_Financial.Freedom,25,0.6028068988405328,0.6820390520276388,-0.7339896431336392,1.939603440814705,TRUE,post_treatment
Income_share_bottom50_WID,heritage_Financial.Freedom,26,0.7927694457883139,1.0089499067154195,-1.1847723713739082,2.770311262950536,TRUE,post_treatment
Income_share_bottom50_WID,heritage_Fiscal.Health,0,-0.03680226636108996,0.07772325648787257,-0.1891398490773202,0.11553531635514028,TRUE,post_treatment
Income_share_bottom50_WID,heritage_Fiscal.Health,1,-0.11802181478652096,0.15541661360361966,-0.4226383774496155,0.1865947478765736,TRUE,post_treatment
Income_share_bottom50_WID,heritage_Fiscal.Health,2,-0.1991160387600017,0.19983894303909172,-0.5908003671166214,0.19256828959661806,TRUE,post_treatment
Income_share_bottom50_WID,heritage_Fiscal.Health,3,-0.04147058823529437,0.17528092618174265,-0.38502120355151,0.30208002708092124,TRUE,post_treatment
Income_share_bottom50_WID,heritage_Fiscal.Health,4,-0.17965495289024744,0.17261497529960432,-0.5179803044774719,0.158670398696977,TRUE,post_treatment
Income_share_bottom50_WID,heritage_Government.Integrity,0,0.040029159832331046,0.06254937149236747,-0.0825676082927092,0.1626259279573713,TRUE,post_treatment
Income_share_bottom50_WID,heritage_Government.Integrity,1,0.11377507062146906,0.08973216274442584,-0.0620999683576056,0.2896501096005437,TRUE,post_treatment
Income_share_bottom50_WID,heritage_Government.Integrity,2,0.15817948535346343,0.12145912479438643,-0.07988039924353396,0.39623936995046083,TRUE,post_treatment
Income_share_bottom50_WID,heritage_Government.Integrity,3,0.2896688114668342,0.18531451493714285,-0.07354763780996576,0.6528852607436342,TRUE,post_treatment
Income_share_bottom50_WID,heritage_Government.Integrity,4,0.40892778300899785,0.1648498848467128,0.08582200870944073,0.732033557308555,FALSE,post_treatment
Income_share_bottom50_WID,heritage_Government.Integrity,5,0.39057149065623653,0.17939978456698383,0.038947912904948256,0.7421950684075248,FALSE,post_treatment
Income_share_bottom50_WID,heritage_Government.Integrity,6,0.6029090332000255,0.21353807988477094,0.18437439662587451,1.0214436697741767,FALSE,post_treatment
Income_share_bottom50_WID,heritage_Government.Integrity,7,0.530501990241397,0.21271168295945975,0.1135870916408559,0.9474168888419381,FALSE,post_treatment
Income_share_bottom50_WID,heritage_Government.Integrity,8,0.6088104903396806,0.2540245671415807,0.11092233874218238,1.1066986419371787,FALSE,post_treatment
Income_share_bottom50_WID,heritage_Government.Integrity,9,0.6378497244890842,0.3035910081165956,0.042811348580556796,1.2328881003976115,FALSE,post_treatment
Income_share_bottom50_WID,heritage_Government.Integrity,10,0.7053314971751412,0.35024534822747394,0.018850614649292274,1.39181237970099,FALSE,post_treatment
Income_share_bottom50_WID,heritage_Government.Integrity,11,0.6517752471751413,0.3137280822028433,0.036868206057568464,1.2666822882927142,FALSE,post_treatment
Income_share_bottom50_WID,heritage_Government.Integrity,12,0.6340935381355932,0.3452913297200128,-0.04267746811563189,1.3108645443868183,TRUE,post_treatment
Income_share_bottom50_WID,heritage_Government.Integrity,13,0.7335260946327683,0.2929262756583801,0.15939059434234337,1.3076615949231933,FALSE,post_treatment
Income_share_bottom50_WID,heritage_Government.Integrity,14,0.7533491382392906,0.38952363600326967,-0.010117188327117943,1.516815464805699,TRUE,post_treatment
Income_share_bottom50_WID,heritage_Government.Integrity,15,0.7302253283439724,0.4318838036056381,-0.11626692672307837,1.576717583411023,TRUE,post_treatment
Income_share_bottom50_WID,heritage_Government.Integrity,16,0.736544441791995,0.365358625328568,0.020441536148001704,1.4526473474359882,FALSE,post_treatment
Income_share_bottom50_WID,heritage_Government.Integrity,17,0.7554020715630886,0.4115786309995357,-0.05129204519600128,1.5620961883221784,TRUE,post_treatment
Income_share_bottom50_WID,heritage_Government.Integrity,18,0.8452901386748846,0.4898079009733536,-0.11473334723288842,1.8053136245826575,TRUE,post_treatment
Income_share_bottom50_WID,heritage_Government.Integrity,19,0.8839121155053363,0.48815990889619165,-0.07288130593119935,1.8407055369418721,TRUE,post_treatment
Income_share_bottom50_WID,heritage_Government.Integrity,20,0.8244023025263834,0.4999437346187936,-0.1554874173264521,1.8042920223792187,TRUE,post_treatment
Income_share_bottom50_WID,heritage_Government.Integrity,21,0.6351654481001442,0.5744699601612218,-0.49079567381585043,1.7611265700161387,TRUE,post_treatment
Income_share_bottom50_WID,heritage_Government.Integrity,22,0.6984135713427096,0.47417877489095606,-0.23097682744356418,1.6278039701289835,TRUE,post_treatment
Income_share_bottom50_WID,heritage_Government.Integrity,23,0.6275108395743003,0.5830180580398201,-0.5152045541837471,1.7702262333323477,TRUE,post_treatment
Income_share_bottom50_WID,heritage_Government.Integrity,24,0.3932752426481241,0.5567636833082577,-0.6979815766360609,1.484532061932309,TRUE,post_treatment
Income_share_bottom50_WID,heritage_Government.Integrity,25,0.031362241054613715,0.6148611365443153,-1.1737655865722443,1.2364900686814717,TRUE,post_treatment
Income_share_bottom50_WID,heritage_Government.Integrity,26,0.7160530076437356,0.7292076001917375,-0.7131938887320698,2.145299904019541,TRUE,post_treatment
Income_share_bottom50_WID,heritage_Government.Spending,0,0.031036664310413686,0.05071466661525786,-0.06836408225549172,0.1304374108763191,TRUE,post_treatment
Income_share_bottom50_WID,heritage_Government.Spending,1,0.04227094295371128,0.07734314097610054,-0.10932161335944576,0.19386349926686833,TRUE,post_treatment
Income_share_bottom50_WID,heritage_Government.Spending,2,0.06598037982638703,0.1009419155222424,-0.13186577459720805,0.26382653424998215,TRUE,post_treatment
Income_share_bottom50_WID,heritage_Government.Spending,3,0.10436842103148974,0.13452896871079562,-0.15930835764166967,0.36804519970464916,TRUE,post_treatment
Income_share_bottom50_WID,heritage_Government.Spending,4,0.08193431837098022,0.1432109471387733,-0.19875913802101544,0.3626277747629759,TRUE,post_treatment
Income_share_bottom50_WID,heritage_Government.Spending,5,0.12155187012940182,0.21447152466702732,-0.2988123182179717,0.5419160584767754,TRUE,post_treatment
Income_share_bottom50_WID,heritage_Government.Spending,6,0.14433790562790766,0.20260632797722278,-0.252770497207449,0.5414463084632644,TRUE,post_treatment
Income_share_bottom50_WID,heritage_Government.Spending,7,0.0827303865798869,0.25343120983552736,-0.4139947846977467,0.5794555578575205,TRUE,post_treatment
Income_share_bottom50_WID,heritage_Government.Spending,8,0.09239189015379101,0.26607689129202355,-0.4291188167785751,0.6139025970861571,TRUE,post_treatment
Income_share_bottom50_WID,heritage_Government.Spending,9,0.03869836756070965,0.2890302029286864,-0.5278008301795157,0.605197565300935,TRUE,post_treatment
Income_share_bottom50_WID,heritage_Government.Spending,10,-0.05911376372090094,0.2947583705337325,-0.6368401699670166,0.5186126425252148,TRUE,post_treatment
Income_share_bottom50_WID,heritage_Government.Spending,11,-0.00886661758535774,0.3298991783248263,-0.6554690071020173,0.6377357719313017,TRUE,post_treatment
Income_share_bottom50_WID,heritage_Government.Spending,12,-0.06597102381011798,0.3588838900223231,-0.7693834482538713,0.6374414006336353,TRUE,post_treatment
Income_share_bottom50_WID,heritage_Government.Spending,13,0.033627519203722055,0.3726265108250998,-0.6967204420134735,0.7639754804209177,TRUE,post_treatment
Income_share_bottom50_WID,heritage_Government.Spending,14,0.05645570497469258,0.3928497739685413,-0.7135298520036484,0.8264412619530335,TRUE,post_treatment
Income_share_bottom50_WID,heritage_Government.Spending,15,0.16639666226496497,0.41469326758150693,-0.6464021421947886,0.9791954667247186,TRUE,post_treatment
Income_share_bottom50_WID,heritage_Government.Spending,16,0.24160813966531092,0.39188418714467316,-0.5264848671382485,1.0097011464688703,TRUE,post_treatment
Income_share_bottom50_WID,heritage_Government.Spending,17,0.1748227236504916,0.424456903149009,-0.6571128065215661,1.0067582538225492,TRUE,post_treatment
Income_share_bottom50_WID,heritage_Government.Spending,18,0.18199988827303795,0.39908003678023846,-0.6001969838162294,0.9641967603623053,TRUE,post_treatment
Income_share_bottom50_WID,heritage_Government.Spending,19,0.1582171229371084,0.46082700718744996,-0.7450038111502935,1.0614380570245103,TRUE,post_treatment
Income_share_bottom50_WID,heritage_Government.Spending,20,0.29315515795737307,0.38861175265877346,-0.4685238772538229,1.054834193168569,TRUE,post_treatment
Income_share_bottom50_WID,heritage_Government.Spending,21,0.45297975981824096,0.37948596569575166,-0.29081273294543225,1.1967722525819142,TRUE,post_treatment
Income_share_bottom50_WID,heritage_Government.Spending,22,0.5606453153078267,0.5716324990811162,-0.5597543828911612,1.6810450135068145,TRUE,post_treatment
Income_share_bottom50_WID,heritage_Government.Spending,23,0.5990065454938872,0.6472990248246775,-0.6696995431624807,1.867712634150255,TRUE,post_treatment
Income_share_bottom50_WID,heritage_Government.Spending,24,0.5264581657564597,0.6734846442692899,-0.7935717370113485,1.846488068524268,TRUE,post_treatment
Income_share_bottom50_WID,heritage_Government.Spending,25,0.6129765092502435,0.9380606562181042,-1.2256223769372407,2.451575395437728,TRUE,post_treatment
Income_share_bottom50_WID,heritage_Government.Spending,26,-0.23125904159131966,1.7886252308150141,-3.7369644939887476,3.274446410806108,TRUE,post_treatment
Income_share_bottom50_WID,heritage_Investment.Freedom,0,0.017811807357969694,0.052393011645384395,-0.08487849546698371,0.1205021101829231,TRUE,post_treatment
Income_share_bottom50_WID,heritage_Investment.Freedom,1,0.11190829316524542,0.09910863515997226,-0.0823446317483002,0.30616121807879104,TRUE,post_treatment
Income_share_bottom50_WID,heritage_Investment.Freedom,2,0.1800092283607299,0.12757093909816758,-0.07002981227167854,0.43004826899313836,TRUE,post_treatment
Income_share_bottom50_WID,heritage_Investment.Freedom,3,0.2251439684198305,0.15195659794317737,-0.07269096354879714,0.5229789003884582,TRUE,post_treatment
Income_share_bottom50_WID,heritage_Investment.Freedom,4,0.34066982590576056,0.20439447214411874,-0.059943339496712156,0.7412829913082333,TRUE,post_treatment
Income_share_bottom50_WID,heritage_Investment.Freedom,5,0.3415581098339719,0.22326378050497192,-0.09603889995577308,0.7791551196237169,TRUE,post_treatment
Income_share_bottom50_WID,heritage_Investment.Freedom,6,0.4503032119616685,0.24717994923156641,-0.03416948853220164,0.9347759124555386,TRUE,post_treatment
Income_share_bottom50_WID,heritage_Investment.Freedom,7,0.52796300761818,0.28496120684576837,-0.030560957799525945,1.086486973035886,TRUE,post_treatment
Income_share_bottom50_WID,heritage_Investment.Freedom,8,0.6161176766859138,0.32133283677882624,-0.013694683400585661,1.245930036772413,TRUE,post_treatment
Income_share_bottom50_WID,heritage_Investment.Freedom,9,0.772308379998035,0.3708568370380547,0.04542897940344781,1.4991877805926221,FALSE,post_treatment
Income_share_bottom50_WID,heritage_Investment.Freedom,10,0.8315023894862604,0.3898925052312454,0.06731307923301943,1.5956916997395014,FALSE,post_treatment
Income_share_bottom50_WID,heritage_Investment.Freedom,11,0.8511861546524317,0.3516929501540253,0.16186797235054218,1.5405043369543212,FALSE,post_treatment
Income_share_bottom50_WID,heritage_Investment.Freedom,12,0.8457794489526763,0.41660884484296634,0.0292261130604623,1.6623327848448903,FALSE,post_treatment
Income_share_bottom50_WID,heritage_Investment.Freedom,13,0.8726877128565349,0.4432318461870469,0.003953294329922974,1.7414221313831468,FALSE,post_treatment
Income_share_bottom50_WID,heritage_Investment.Freedom,14,0.9137663862832313,0.46811108697035675,-0.003731344178667939,1.8312641167451305,TRUE,post_treatment
Income_share_bottom50_WID,heritage_Investment.Freedom,15,0.899158329785724,0.5879478062040411,-0.2532193703741965,2.0515360299456447,TRUE,post_treatment
Income_share_bottom50_WID,heritage_Investment.Freedom,16,0.9098707380316573,0.534889719469271,-0.1385131121281138,1.9582545881914284,TRUE,post_treatment
Income_share_bottom50_WID,heritage_Investment.Freedom,17,0.9497298359367323,0.602113862099092,-0.23041333377748807,2.1298730056509525,TRUE,post_treatment
Income_share_bottom50_WID,heritage_Investment.Freedom,18,0.9999611849848496,0.6631274212488983,-0.29976856066299107,2.2996909306326905,TRUE,post_treatment
Income_share_bottom50_WID,heritage_Investment.Freedom,19,0.9741397190293742,0.7303794326883962,-0.45740396903988223,2.4056834070986306,TRUE,post_treatment
Income_share_bottom50_WID,heritage_Investment.Freedom,20,0.9967061688793845,0.7012408252177519,-0.3777258485474092,2.3711381863061782,TRUE,post_treatment
Income_share_bottom50_WID,heritage_Investment.Freedom,21,1.0268261155617473,0.8368733443874783,-0.6134456394377101,2.6670978705612045,TRUE,post_treatment
Income_share_bottom50_WID,heritage_Investment.Freedom,22,1.0820863346104723,0.9698042264644287,-0.8187299492598079,2.9829026184807526,TRUE,post_treatment
Income_share_bottom50_WID,heritage_Investment.Freedom,23,0.9380915891260715,1.1623973707776736,-1.3402072575981685,3.2163904358503115,TRUE,post_treatment
Income_share_bottom50_WID,heritage_Investment.Freedom,24,0.6683840432724817,1.0141597363003663,-1.319369039876236,2.6561371264211995,TRUE,post_treatment
Income_share_bottom50_WID,heritage_Investment.Freedom,25,1.1751833607006017,0.9641111292437471,-0.7144744526171425,3.064841174018346,TRUE,post_treatment
Income_share_bottom50_WID,heritage_Investment.Freedom,26,1.9537499999999997,1.092125054470091,-0.18681510676137836,4.0943151067613774,TRUE,post_treatment
Income_share_bottom50_WID,heritage_Judicial.Effectiveness,0,0.09858075005135246,0.06956572917184488,-0.0377680791254635,0.23492957922816843,TRUE,post_treatment
Income_share_bottom50_WID,heritage_Judicial.Effectiveness,1,0.010774470076733302,0.15209265837546335,-0.28732714033917484,0.3088760804926415,TRUE,post_treatment
Income_share_bottom50_WID,heritage_Judicial.Effectiveness,2,0.06946738246850066,0.32178443632748366,-0.5612301127333672,0.7001648776703686,TRUE,post_treatment
Income_share_bottom50_WID,heritage_Judicial.Effectiveness,3,0.1893784717517958,0.33960277067642725,-0.4762429587740016,0.8549999022775931,TRUE,post_treatment
Income_share_bottom50_WID,heritage_Judicial.Effectiveness,4,0.35013480558190013,0.3488143162808924,-0.3335412543286489,1.0338108654924492,TRUE,post_treatment
Income_share_bottom50_WID,heritage_Labor.Freedom,0,-0.06995728208210658,0.05191756161829887,-0.17171570285397236,0.0318011386897592,TRUE,post_treatment
Income_share_bottom50_WID,heritage_Labor.Freedom,1,-0.08229304532195514,0.08581042366821023,-0.2504814757116472,0.08589538506773692,TRUE,post_treatment
Income_share_bottom50_WID,heritage_Labor.Freedom,2,-0.04477757267002176,0.1219225273607072,-0.2837457262970079,0.19419058095696434,TRUE,post_treatment
Income_share_bottom50_WID,heritage_Labor.Freedom,3,0.09695528319133644,0.1689108703919232,-0.23411002277683302,0.4280205891595059,TRUE,post_treatment
Income_share_bottom50_WID,heritage_Labor.Freedom,4,0.18487166546247913,0.19281088832955262,-0.19303767566344399,0.5627810065884022,TRUE,post_treatment
Income_share_bottom50_WID,heritage_Labor.Freedom,5,0.3091474681749554,0.24272994626550734,-0.16660322650543896,0.7848981628553497,TRUE,post_treatment
Income_share_bottom50_WID,heritage_Labor.Freedom,6,0.48508052425400217,0.22297815015543312,0.048043349949353276,0.922117698558651,FALSE,post_treatment
Income_share_bottom50_WID,heritage_Labor.Freedom,7,0.46351803936741337,0.2742611931501691,-0.07403389920691811,1.001069977941745,TRUE,post_treatment
Income_share_bottom50_WID,heritage_Labor.Freedom,8,0.3933879246532645,0.29739756752513313,-0.1895113076959964,0.9762871570025253,TRUE,post_treatment
Income_share_bottom50_WID,heritage_Labor.Freedom,9,0.23436492704411743,0.358673478712626,-0.46863509123262953,0.9373649453208643,TRUE,post_treatment
Income_share_bottom50_WID,heritage_Labor.Freedom,10,0.1392980502158784,0.3619544606577119,-0.570132692673237,0.8487287931049937,TRUE,post_treatment
Income_share_bottom50_WID,heritage_Labor.Freedom,11,0.23272020365825108,0.4162799398891363,-0.5831884785244561,1.0486288858409583,TRUE,post_treatment
Income_share_bottom50_WID,heritage_Labor.Freedom,12,0.10935128564749856,0.43780260176436675,-0.7487418138106603,0.9674443851056573,TRUE,post_treatment
Income_share_bottom50_WID,heritage_Labor.Freedom,13,-0.7127686873409173,0.5767330918834965,-1.8431655474325703,0.41762817275073594,TRUE,post_treatment
Income_share_bottom50_WID,heritage_Labor.Freedom,14,-0.9196700171419668,1.2359834776528962,-3.342197633341643,1.5028575990577093,TRUE,post_treatment
Income_share_bottom50_WID,heritage_Labor.Freedom,15,0.20124941561477383,0.6417657310620505,-1.0566114172668453,1.4591102484963927,TRUE,post_treatment
Income_share_bottom50_WID,heritage_Monetary.Freedom,0,0.11918159912172964,0.06595698936228372,-0.010094100028346445,0.24845729827180574,TRUE,post_treatment
Income_share_bottom50_WID,heritage_Monetary.Freedom,1,0.16368415963571986,0.11277597120399512,-0.057356743924110554,0.3847250631955503,TRUE,post_treatment
Income_share_bottom50_WID,heritage_Monetary.Freedom,2,0.17051317516139705,0.15958165797041224,-0.14226687446061095,0.4832932247834051,TRUE,post_treatment
Income_share_bottom50_WID,heritage_Monetary.Freedom,3,0.28690955944325197,0.19123482694867677,-0.08791070137615448,0.6617298202626585,TRUE,post_treatment
Income_share_bottom50_WID,heritage_Monetary.Freedom,4,0.3628105746454802,0.1929569695949117,-0.015385085760546702,0.7410062350515072,TRUE,post_treatment
Income_share_bottom50_WID,heritage_Monetary.Freedom,5,0.34886915469915725,0.23971852206722882,-0.12097914855261122,0.8187174579509258,TRUE,post_treatment
Income_share_bottom50_WID,heritage_Monetary.Freedom,6,0.34705731126316036,0.2402009450270195,-0.12373654098979786,0.8178511635161185,TRUE,post_treatment
Income_share_bottom50_WID,heritage_Monetary.Freedom,7,0.26191035984668076,0.25265284258086695,-0.23328921161181848,0.75710993130518,TRUE,post_treatment
Income_share_bottom50_WID,heritage_Monetary.Freedom,8,0.32939898324096456,0.2413900786891006,-0.1437255709896726,0.8025235374716018,TRUE,post_treatment
Income_share_bottom50_WID,heritage_Monetary.Freedom,9,0.45834645420488035,0.31404646491164495,-0.1571846170219437,1.0738775254317043,TRUE,post_treatment
Income_share_bottom50_WID,heritage_Monetary.Freedom,10,0.5480051946201471,0.2859145507606952,-0.012387324870815508,1.1083977141111097,TRUE,post_treatment
Income_share_bottom50_WID,heritage_Monetary.Freedom,11,0.5027503501259398,0.3168379978294136,-0.11825212561971077,1.1237528258715903,TRUE,post_treatment
Income_share_bottom50_WID,heritage_Monetary.Freedom,12,0.6520917219572878,0.3683909763495305,-0.06995459168779194,1.3741380356023676,TRUE,post_treatment
Income_share_bottom50_WID,heritage_Monetary.Freedom,13,0.7362055070939841,0.3529106332763236,0.04450066587238988,1.4279103483155784,FALSE,post_treatment
Income_share_bottom50_WID,heritage_Monetary.Freedom,14,0.7853428835540024,0.32587933921238554,0.1466193786977268,1.424066388410278,FALSE,post_treatment
Income_share_bottom50_WID,heritage_Monetary.Freedom,15,0.8393080726811245,0.3731533399704557,0.10792752633903135,1.5706886190232177,FALSE,post_treatment
Income_share_bottom50_WID,heritage_Monetary.Freedom,16,0.6887869554879554,0.4018222868244193,-0.09878472668790639,1.4763586376638171,TRUE,post_treatment
Income_share_bottom50_WID,heritage_Monetary.Freedom,17,0.5019535428528901,0.3061853479161407,-0.09816973906274573,1.1020768247685258,TRUE,post_treatment
Income_share_bottom50_WID,heritage_Monetary.Freedom,18,0.4570371329977022,0.39860373553568546,-0.3242261886522413,1.2383004546476457,TRUE,post_treatment
Income_share_bottom50_WID,heritage_Monetary.Freedom,19,0.557932429978926,0.4351144593287031,-0.294891910305332,1.410756770263184,TRUE,post_treatment
Income_share_bottom50_WID,heritage_Monetary.Freedom,20,0.5220631982391721,0.4286331230063431,-0.3180577228532603,1.3621841193316047,TRUE,post_treatment
Income_share_bottom50_WID,heritage_Monetary.Freedom,21,0.5956148814588145,0.4366867639911401,-0.2602911759638201,1.451520938881449,TRUE,post_treatment
Income_share_bottom50_WID,heritage_Monetary.Freedom,22,0.6056226058949393,0.5000857603044634,-0.3745454843018089,1.5857906960916877,TRUE,post_treatment
Income_share_bottom50_WID,heritage_Monetary.Freedom,23,0.967822833593772,0.4718422246662945,0.04301207324783474,1.8926335939397092,FALSE,post_treatment
Income_share_bottom50_WID,heritage_Monetary.Freedom,24,0.2441292439871445,0.5905504720476819,-0.9133496812263118,1.4016081692006008,TRUE,post_treatment
Income_share_bottom50_WID,heritage_Monetary.Freedom,25,-0.4921211832192969,0.7688607300222405,-1.9990882140628883,1.0148458476242945,TRUE,post_treatment
Income_share_bottom50_WID,heritage_Monetary.Freedom,26,-0.07605300988319837,0.9396153554003018,-1.91769910646779,1.7655930867013931,TRUE,post_treatment
Income_share_bottom50_WID,heritage_Property.Rights,0,-0.10004627915586815,0.06337018851001604,-0.22425184863549957,0.02415929032376328,TRUE,post_treatment
Income_share_bottom50_WID,heritage_Property.Rights,1,-0.14018525515647198,0.09968405484866062,-0.3355660026598468,0.055195492346902825,TRUE,post_treatment
Income_share_bottom50_WID,heritage_Property.Rights,2,-0.0724126511379802,0.14319095780820487,-0.3530669284420618,0.20824162616610134,TRUE,post_treatment
Income_share_bottom50_WID,heritage_Property.Rights,3,-0.03228104043893528,0.1625190564992722,-0.3508183911775088,0.2862563102996383,TRUE,post_treatment
Income_share_bottom50_WID,heritage_Property.Rights,4,-0.08775140439279594,0.1823536271534196,-0.44516451361349835,0.26966170482790647,TRUE,post_treatment
Income_share_bottom50_WID,heritage_Property.Rights,5,-0.08655255671183662,0.17039895660725216,-0.4205345116620508,0.2474293982383776,TRUE,post_treatment
Income_share_bottom50_WID,heritage_Property.Rights,6,0.36028822055137816,0.2932230481193603,-0.21442895376256804,0.9350053948653243,TRUE,post_treatment
Income_share_bottom50_WID,heritage_Property.Rights,7,0.4737844611528821,0.2546532586414774,-0.025335925784413627,0.9729048480901779,TRUE,post_treatment
Income_share_bottom50_WID,heritage_Property.Rights,8,0.6574686716791981,0.38949673643476285,-0.10594493173293706,1.4208822750913332,TRUE,post_treatment
Income_share_bottom50_WID,heritage_Property.Rights,9,0.6328947368421054,0.3557951972173928,-0.06446384970398444,1.3302533233881952,TRUE,post_treatment
Income_share_bottom50_WID,heritage_Property.Rights,10,0.7348836618573459,0.3515422580495905,0.04586083608014857,1.423906487634543,FALSE,post_treatment
Income_share_bottom50_WID,heritage_Property.Rights,11,0.8933948045790151,0.32429362011400975,0.257779309155556,1.5290103000024742,FALSE,post_treatment
Income_share_bottom50_WID,heritage_Property.Rights,12,0.7963216875411997,0.39183300595723125,0.028328995865026463,1.564314379217373,FALSE,post_treatment
Income_share_bottom50_WID,heritage_Property.Rights,13,1.0811162245837165,0.4612276715851182,0.17710998827688484,1.985122460890548,FALSE,post_treatment
Income_share_bottom50_WID,heritage_Property.Rights,14,1.0585617914565286,0.46688393297185043,0.1434692828317018,1.9736543000813556,FALSE,post_treatment
Income_share_bottom50_WID,heritage_Property.Rights,15,1.1755345394736842,0.6199791322796264,-0.03962455979438362,2.390693638741752,TRUE,post_treatment
Income_share_bottom50_WID,heritage_Property.Rights,16,1.1745068752963488,0.6049737449461504,-0.011241664798105955,2.3602554153908035,TRUE,post_treatment
Income_share_bottom50_WID,heritage_Property.Rights,17,1.0997277676950994,0.561223059375595,-2.6942868106694107e-4,2.1997249640712657,TRUE,post_treatment
Income_share_bottom50_WID,heritage_Property.Rights,18,1.0093363417864323,0.6057255498744815,-0.17788573596755142,2.196558419540416,TRUE,post_treatment
Income_share_bottom50_WID,heritage_Property.Rights,19,0.8822543777897678,0.550124747432905,-0.19599012717872588,1.9604988827582615,TRUE,post_treatment
Income_share_bottom50_WID,heritage_Property.Rights,20,1.0424492913966599,0.6002470955728512,-0.13403501592612832,2.218933598719448,TRUE,post_treatment
Income_share_bottom50_WID,heritage_Property.Rights,21,0.7460645803698432,0.5635568768474661,-0.3585068982511904,1.8506360589908768,TRUE,post_treatment
Income_share_bottom50_WID,heritage_Property.Rights,22,1.0482296958612745,0.7266431556870716,-0.3759908892853858,2.4724502810079345,TRUE,post_treatment
Income_share_bottom50_WID,heritage_Property.Rights,23,1.3191532886269721,0.5403256514213954,0.26011501184103714,2.378191565412907,FALSE,post_treatment
Income_share_bottom50_WID,heritage_Property.Rights,24,1.35751359718852,0.7007439758881419,-0.01594459555223815,2.730971789929278,TRUE,post_treatment
Income_share_bottom50_WID,heritage_Property.Rights,25,1.2552916073968707,0.7853152324912904,-0.2839262482860585,2.7945094630798,TRUE,post_treatment
Income_share_bottom50_WID,heritage_Property.Rights,26,0.6403942288152811,1.0545143732214153,-1.4264539426986929,2.707242400329255,TRUE,post_treatment
Income_share_bottom50_WID,heritage_Tax.Burden,0,0.06508913225180327,0.06022830206216883,-0.05295833979004763,0.18313660429365416,TRUE,post_treatment
Income_share_bottom50_WID,heritage_Tax.Burden,1,0.08041469582907938,0.08003695790956114,-0.07645774167366044,0.23728713333181922,TRUE,post_treatment
Income_share_bottom50_WID,heritage_Tax.Burden,2,0.011115171488078663,0.13063844358902774,-0.2449361779464157,0.26716652092257304,TRUE,post_treatment
Income_share_bottom50_WID,heritage_Tax.Burden,3,0.07975948775558311,0.14181800945720094,-0.19820381078053073,0.35772278629169696,TRUE,post_treatment
Income_share_bottom50_WID,heritage_Tax.Burden,4,0.19067088125307294,0.18634686839023157,-0.17456898079178093,0.5559107432979268,TRUE,post_treatment
Income_share_bottom50_WID,heritage_Tax.Burden,5,0.27532370588449356,0.18211435507792248,-0.0816204300682345,0.6322678418372216,TRUE,post_treatment
Income_share_bottom50_WID,heritage_Tax.Burden,6,0.24395713581073153,0.24120706934339464,-0.22880872010232195,0.716722991723785,TRUE,post_treatment
Income_share_bottom50_WID,heritage_Tax.Burden,7,0.19748958594184002,0.23316982242461448,-0.2595232660104044,0.6545024378940845,TRUE,post_treatment
Income_share_bottom50_WID,heritage_Tax.Burden,8,0.20233245214562173,0.2557993799215028,-0.29903433250052375,0.7036992367917672,TRUE,post_treatment
Income_share_bottom50_WID,heritage_Tax.Burden,9,0.06791512505656333,0.2615536675719766,-0.4447300633845109,0.5805603134976376,TRUE,post_treatment
Income_share_bottom50_WID,heritage_Tax.Burden,10,0.1470700491587477,0.28594320215507946,-0.4133786270652081,0.7075187253827034,TRUE,post_treatment
Income_share_bottom50_WID,heritage_Tax.Burden,11,0.1753564449968558,0.2833826090900676,-0.38007346881967674,0.7307863588133883,TRUE,post_treatment
Income_share_bottom50_WID,heritage_Tax.Burden,12,0.18986663751688063,0.2787135023564729,-0.3564118271018063,0.7361451021355675,TRUE,post_treatment
Income_share_bottom50_WID,heritage_Tax.Burden,13,0.14088822438565604,0.35591718334352,-0.5567094549676431,0.8384859037389553,TRUE,post_treatment
Income_share_bottom50_WID,heritage_Tax.Burden,14,0.12533246638230103,0.3663249894433581,-0.5926645129266809,0.8433294456912829,TRUE,post_treatment
Income_share_bottom50_WID,heritage_Tax.Burden,15,0.10427994110145591,0.4464395651628536,-0.7707416066177372,0.9793014888206489,TRUE,post_treatment
Income_share_bottom50_WID,heritage_Tax.Burden,16,0.11591483807237227,0.3680351337311952,-0.6054340240407703,0.8372637001855148,TRUE,post_treatment
Income_share_bottom50_WID,heritage_Tax.Burden,17,0.03997844673346626,0.3782153226795414,-0.7013235857184348,0.7812804791853674,TRUE,post_treatment
Income_share_bottom50_WID,heritage_Tax.Burden,18,-0.1478188890945739,0.49776860269207845,-1.1234453503710478,0.8278075721818998,TRUE,post_treatment
Income_share_bottom50_WID,heritage_Tax.Burden,19,-0.16151761297651715,0.44132412298402257,-1.0265128940252013,0.703477668072167,TRUE,post_treatment
Income_share_bottom50_WID,heritage_Tax.Burden,20,-0.5027189421264118,0.3623704043842635,-1.2129649347195683,0.2075270504667447,TRUE,post_treatment
Income_share_bottom50_WID,heritage_Tax.Burden,21,-0.47365030484251364,0.4778631420524634,-1.4102620632653418,0.46296145358031454,TRUE,post_treatment
Income_share_bottom50_WID,heritage_Tax.Burden,22,-0.6445556272945184,0.5876249995800193,-1.7963006264713561,0.5071893718823194,TRUE,post_treatment
Income_share_bottom50_WID,heritage_Tax.Burden,23,-0.8570113417621688,0.6098696338105954,-2.052355824030936,0.33833314050659835,TRUE,post_treatment
Income_share_bottom50_WID,heritage_Tax.Burden,24,-0.4668181423432566,0.6029310348459199,-1.6485629706412595,0.7149266859547464,TRUE,post_treatment
Income_share_bottom50_WID,heritage_Tax.Burden,25,-0.7417583636718911,0.6967014572860412,-2.1072932199525316,0.6237764926087496,TRUE,post_treatment
Income_share_bottom50_WID,heritage_Tax.Burden,26,-1.3563367477066108,0.8853150291280166,-3.0915542047975233,0.37888070938430163,TRUE,post_treatment
Income_share_bottom50_WID,heritage_Trade.Freedom,0,0.14007491789263207,0.06733828952831021,0.00809187041714407,0.2720579653681201,FALSE,post_treatment
Income_share_bottom50_WID,heritage_Trade.Freedom,1,0.24759187370600408,0.10113788623922708,0.049361616677119,0.4458221307348892,FALSE,post_treatment
Income_share_bottom50_WID,heritage_Trade.Freedom,2,0.32049243494090834,0.14588164579597754,0.0345644091807924,0.6064204607010243,FALSE,post_treatment
Income_share_bottom50_WID,heritage_Trade.Freedom,3,0.3524179130164005,0.1680489873250667,0.0230418978592698,0.6817939281735312,FALSE,post_treatment
Income_share_bottom50_WID,heritage_Trade.Freedom,4,0.34033060590990777,0.20632501981550638,-0.06406643292848474,0.7447276447483002,TRUE,post_treatment
Income_share_bottom50_WID,heritage_Trade.Freedom,5,0.2449242827187101,0.18543596898285195,-0.11853021648767967,0.6083787819250999,TRUE,post_treatment
Income_share_bottom50_WID,heritage_Trade.Freedom,6,0.17925737057633653,0.21647590676906425,-0.24503540669102938,0.6035501478437024,TRUE,post_treatment
Income_share_bottom50_WID,heritage_Trade.Freedom,7,0.18756756200010863,0.23096523456976353,-0.26512429775662794,0.6402594217568451,TRUE,post_treatment
Income_share_bottom50_WID,heritage_Trade.Freedom,8,0.14321426724598804,0.261925494275099,-0.3701597015332059,0.656588236025182,TRUE,post_treatment
Income_share_bottom50_WID,heritage_Trade.Freedom,9,0.2036979480001524,0.2554090723518041,-0.2969038338093837,0.7042997298096885,TRUE,post_treatment
Income_share_bottom50_WID,heritage_Trade.Freedom,10,0.17471770892476182,0.31374414769274056,-0.4402208205530097,0.7896562384025333,TRUE,post_treatment
Income_share_bottom50_WID,heritage_Trade.Freedom,11,0.15914445746945413,0.3703811989662389,-0.5668026925043741,0.8850916074432824,TRUE,post_treatment
Income_share_bottom50_WID,heritage_Trade.Freedom,12,0.18020058178113327,0.26915344282859266,-0.3473401661629083,0.7077413297251749,TRUE,post_treatment
Income_share_bottom50_WID,heritage_Trade.Freedom,13,0.2002022873958728,0.3509737491420676,-0.4877062609225797,0.8881108357143253,TRUE,post_treatment
Income_share_bottom50_WID,heritage_Trade.Freedom,14,0.18175650790341794,0.3512287057015222,-0.5066517552715656,0.8701647710784014,TRUE,post_treatment
Income_share_bottom50_WID,heritage_Trade.Freedom,15,0.21968894087604943,0.42472330078446013,-0.6127687286614925,1.0521466104135913,TRUE,post_treatment
Income_share_bottom50_WID,heritage_Trade.Freedom,16,0.2514504421124903,0.3862409017535486,-0.505581725324465,1.0084826095494455,TRUE,post_treatment
Income_share_bottom50_WID,heritage_Trade.Freedom,17,0.23674627369595594,0.36550343044221417,-0.4796404499707838,0.9531329973626956,TRUE,post_treatment
Income_share_bottom50_WID,heritage_Trade.Freedom,18,0.3410327096637798,0.41840466269565196,-0.4790404292196981,1.1611058485472576,TRUE,post_treatment
Income_share_bottom50_WID,heritage_Trade.Freedom,19,0.46028583282113167,0.4557865367448854,-0.43305577919884364,1.353627444841107,TRUE,post_treatment
Income_share_bottom50_WID,heritage_Trade.Freedom,20,0.4094284500579662,0.4783062448714215,-0.5280517898900199,1.3469086900059524,TRUE,post_treatment
Income_share_bottom50_WID,heritage_Trade.Freedom,21,0.48056877080287086,0.44804689944756143,-0.3976031521143495,1.3587406937200912,TRUE,post_treatment
Income_share_bottom50_WID,heritage_Trade.Freedom,22,0.5171343908863807,0.526757898004299,-0.5153110892020453,1.5495798709748065,TRUE,post_treatment
Income_share_bottom50_WID,heritage_Trade.Freedom,23,0.590856284956113,0.5688865814951327,-0.5241614147743472,1.7058739846865731,TRUE,post_treatment
Income_share_bottom50_WID,heritage_Trade.Freedom,24,0.8141561063644346,0.5962114762188458,-0.35441838702450335,1.9827305997533724,TRUE,post_treatment
Income_share_bottom50_WID,heritage_Trade.Freedom,25,-0.004307911652107588,0.7677161602258715,-1.5090315856948158,1.5004157623906005,TRUE,post_treatment
Income_share_bottom50_WID,heritage_Trade.Freedom,26,0.3248702213279675,1.084397828058971,-1.8005495216676157,2.4502899643235505,TRUE,post_treatment
log_under5_mort,fraser_FreeTrade,0,0.017113476846991556,0.005961179075706886,0.00542956585860606,0.028797387835377053,FALSE,post_treatment
log_under5_mort,fraser_FreeTrade,1,0.011933334462952248,0.010666230254066031,-0.008972476835017172,0.032839145760921666,TRUE,post_treatment
log_under5_mort,fraser_FreeTrade,2,0.01890775478687046,0.015533077004905438,-0.011537076142744199,0.04935258571648512,TRUE,post_treatment
log_under5_mort,fraser_FreeTrade,3,0.02099536952829565,0.02307825914730551,-0.024238018400423146,0.06622875745701445,TRUE,post_treatment
log_under5_mort,fraser_FreeTrade,4,0.005055556004966632,0.024470554213274875,-0.04290673025305212,0.053017842262985386,TRUE,post_treatment
log_under5_mort,fraser_FreeTrade,5,0.01766833151169997,0.031414778875033834,-0.043904635083366346,0.07924129810676628,TRUE,post_treatment
log_under5_mort,fraser_FreeTrade,6,0.0029360141011920394,0.038953358782211366,-0.07341256911194223,0.07928459731432631,TRUE,post_treatment
log_under5_mort,fraser_FreeTrade,7,0.03720875530302141,0.04932303343993301,-0.05946439023924728,0.1338819008452901,TRUE,post_treatment
log_under5_mort,fraser_FreeTrade,8,0.06162373546042506,0.061498872364503826,-0.058914054374002434,0.18216152529485255,TRUE,post_treatment
log_under5_mort,fraser_FreeTrade,9,0.03158039970165646,0.06283833652907983,-0.09158273989534002,0.15474353929865292,TRUE,post_treatment
log_under5_mort,fraser_FreeTrade,10,0.04045027625205051,0.07121894268197282,-0.09913885140461622,0.18003940390871725,TRUE,post_treatment
log_under5_mort,fraser_FreeTrade,11,0.053030414176719866,0.06907490795111401,-0.08235640540746361,0.18841723376090333,TRUE,post_treatment
log_under5_mort,fraser_FreeTrade,12,0.06974729682483131,0.059133076502847305,-0.04615353312074941,0.18564812677041204,TRUE,post_treatment
log_under5_mort,fraser_FreeTrade,13,0.08341253953652765,0.06488727558452444,-0.043766520609140255,0.21059159968219554,TRUE,post_treatment
log_under5_mort,fraser_FreeTrade,14,0.08785736590931674,0.07391083665265985,-0.05700787392989658,0.23272260574853004,TRUE,post_treatment
log_under5_mort,fraser_FreeTrade,15,0.08184744208743938,0.07826199408132002,-0.07154606631194785,0.2352409504868266,TRUE,post_treatment
log_under5_mort,fraser_FreeTrade,16,0.08631143189087327,0.0857114977439915,-0.08168310368735009,0.2543059674690966,TRUE,post_treatment
log_under5_mort,fraser_FreeTrade,17,0.15299570011050512,0.09694774564856395,-0.03702188136068024,0.3430132815816905,TRUE,post_treatment
log_under5_mort,fraser_FreeTrade,18,0.2173539888560504,0.09653293870730625,0.028149428989730135,0.4065585487223706,FALSE,post_treatment
log_under5_mort,fraser_FreeTrade,19,0.11137425565958792,0.12909897650599889,-0.14165973829216988,0.3644082496113457,TRUE,post_treatment
log_under5_mort,fraser_FreeTrade,20,0.10582096856268852,0.1468059691150457,-0.18191873090280103,0.3935606680281781,TRUE,post_treatment
log_under5_mort,fraser_FreeTrade,21,-0.021734014346963326,0.13171946827461534,-0.27990417216520935,0.23643614347128272,TRUE,post_treatment
log_under5_mort,fraser_LegalSystem,0,-0.0035200533603734984,0.0042244408877229935,-0.011799957500310565,0.004759850779563568,TRUE,post_treatment
log_under5_mort,fraser_LegalSystem,1,-0.006201219518131313,0.009028687177471205,-0.023897446385974873,0.011495007349712247,TRUE,post_treatment
log_under5_mort,fraser_LegalSystem,2,-0.016195108489336887,0.014407159044321756,-0.04443314021620753,0.012042923237533754,TRUE,post_treatment
log_under5_mort,fraser_LegalSystem,3,-0.02385669968833738,0.015395497412341051,-0.05403187461652584,0.0063184752398510804,TRUE,post_treatment
log_under5_mort,fraser_LegalSystem,4,-0.029954435407607182,0.01952542795549692,-0.06822427420038114,0.008315403385166776,TRUE,post_treatment
log_under5_mort,fraser_LegalSystem,5,-0.03571105171921348,0.023614620849480034,-0.08199570858419435,0.010573605145767384,TRUE,post_treatment
log_under5_mort,fraser_LegalSystem,6,-0.04196894137803353,0.032136861916171607,-0.10495719073372987,0.021019307977662813,TRUE,post_treatment
log_under5_mort,fraser_LegalSystem,7,-0.042663366707019625,0.034674532537016814,-0.11062545047957259,0.025298717065533334,TRUE,post_treatment
log_under5_mort,fraser_LegalSystem,8,-0.03947882966580378,0.039389215257565495,-0.11668169157063214,0.03772403223902458,TRUE,post_treatment
log_under5_mort,fraser_LegalSystem,9,-0.041233939111655446,0.03556649738710595,-0.1109442739903831,0.028476395767072213,TRUE,post_treatment
log_under5_mort,fraser_LegalSystem,10,-0.03817958840365348,0.04362484989347388,-0.1236842941948623,0.04732511738755533,TRUE,post_treatment
log_under5_mort,fraser_LegalSystem,11,-0.03347893801381581,0.04333886597154566,-0.11842311531804531,0.05146523929041369,TRUE,post_treatment
log_under5_mort,fraser_LegalSystem,12,-0.026227911268136395,0.06609257127346818,-0.15576935096413402,0.10331352842786123,TRUE,post_treatment
log_under5_mort,fraser_LegalSystem,13,-0.03651705869185002,0.06158385180071722,-0.15722140822125577,0.08418729083755572,TRUE,post_treatment
log_under5_mort,fraser_LegalSystem,14,-0.03168652329224514,0.06665991531582097,-0.16233995731125422,0.09896691072676395,TRUE,post_treatment
log_under5_mort,fraser_LegalSystem,15,-0.04845228824854603,0.08000973723786789,-0.20527137323476707,0.10836679673767502,TRUE,post_treatment
log_under5_mort,fraser_LegalSystem,16,-0.077984681194203,0.06377210632765513,-0.20297800959640705,0.04700864720800106,TRUE,post_treatment
log_under5_mort,fraser_LegalSystem,17,-0.09568335275386668,0.06612331216847857,-0.22528504460408466,0.03391833909635132,TRUE,post_treatment
log_under5_mort,fraser_LegalSystem,18,-0.16186214529095913,0.10070700091170198,-0.359247867077895,0.03552357649597676,TRUE,post_treatment
log_under5_mort,fraser_LegalSystem,19,-0.2066002350904838,0.11646133155460116,-0.4348644449375021,0.02166397475653445,TRUE,post_treatment
log_under5_mort,fraser_LegalSystem,20,-0.2768212617925803,0.15037062268686285,-0.5715476822588315,0.017905158673670873,TRUE,post_treatment
log_under5_mort,fraser_LegalSystem,21,-0.03306899044981855,0.17399285971900286,-0.3740949954990641,0.30795701459942704,TRUE,post_treatment
log_under5_mort,fraser_Regulation,0,-0.005566295946970009,0.009540109158561154,-0.02426490989774987,0.013132318003809852,TRUE,post_treatment
log_under5_mort,fraser_Regulation,1,-0.011496485560173793,0.013902412542492927,-0.038745214143459925,0.01575224302311234,TRUE,post_treatment
log_under5_mort,fraser_Regulation,2,-3.714847117597278e-4,0.01610677344772665,-0.03194076066930396,0.031197791245784503,TRUE,post_treatment
log_under5_mort,fraser_Regulation,3,-0.007958322408874103,0.020021829431886736,-0.047201108095372105,0.031284463277623895,TRUE,post_treatment
log_under5_mort,fraser_Regulation,4,-0.013128728433153122,0.0204878532176574,-0.053284920739761626,0.02702746387345538,TRUE,post_treatment
log_under5_mort,fraser_Regulation,5,-0.008604188879485355,0.024065940908171855,-0.05577343305950219,0.038565055300531476,TRUE,post_treatment
log_under5_mort,fraser_Regulation,6,-0.01092630164333247,0.0268268874001245,-0.0635070009475765,0.04165439766091155,TRUE,post_treatment
log_under5_mort,fraser_Regulation,7,-0.012813132081369367,0.03893862616838129,-0.08913283937139671,0.06350657520865796,TRUE,post_treatment
log_under5_mort,fraser_Regulation,8,-0.014985738679236641,0.038621948116354284,-0.09068475698729103,0.06071327962881776,TRUE,post_treatment
log_under5_mort,fraser_Regulation,9,-0.006742067866451179,0.04844349283196561,-0.10169131381710378,0.08820717808420142,TRUE,post_treatment
log_under5_mort,fraser_Regulation,10,0.0023130480500744887,0.04841400724804777,-0.09257840615609915,0.09720450225624812,TRUE,post_treatment
log_under5_mort,fraser_Regulation,11,0.003249806576762076,0.048759513553616386,-0.09231883998832603,0.09881845314185018,TRUE,post_treatment
log_under5_mort,fraser_Regulation,12,-5.689676730918378e-4,0.056353708908394876,-0.1110222371335458,0.10988430178736212,TRUE,post_treatment
log_under5_mort,fraser_Regulation,13,0.008228014879600723,0.06660745359720245,-0.12232259417091608,0.13877862393011753,TRUE,post_treatment
log_under5_mort,fraser_Regulation,14,-0.019182166340004612,0.06954886860801968,-0.15549794881172316,0.11713361613171394,TRUE,post_treatment
log_under5_mort,fraser_Regulation,15,-0.025224078053428432,0.07972575890648449,-0.18148656551013803,0.13103840940328115,TRUE,post_treatment
log_under5_mort,fraser_Regulation,16,-0.01616598991971001,0.07924315113224427,-0.17148256613890878,0.13915058629948873,TRUE,post_treatment
log_under5_mort,fraser_Regulation,17,-0.007889863882177741,0.08614871791357671,-0.1767413509927881,0.1609616232284326,TRUE,post_treatment
log_under5_mort,fraser_Regulation,18,-0.0051932963330121006,0.11750478180932993,-0.23550266867929875,0.22511607601327455,TRUE,post_treatment
log_under5_mort,fraser_Regulation,19,0.01571718289690708,0.09633546283770454,-0.17310032426499383,0.20453469005880798,TRUE,post_treatment
log_under5_mort,fraser_Regulation,20,0.012980776717380654,0.12434925977934515,-0.23074377245013583,0.25670532588489714,TRUE,post_treatment
log_under5_mort,fraser_Regulation,21,0.18847127655863427,0.12913731586713184,-0.06463786254094411,0.44158041565821265,TRUE,post_treatment
log_under5_mort,fraser_SizeGov,0,-2.3308413705670558e-4,0.015314948218594287,-0.030250382645501506,0.029784214371388097,TRUE,post_treatment
log_under5_mort,fraser_SizeGov,1,-0.010893413295414581,0.015360315467491288,-0.04099963161169751,0.01921280502086834,TRUE,post_treatment
log_under5_mort,fraser_SizeGov,2,-0.012072550867943345,0.017164846358787393,-0.04571564973116663,0.021570547995279944,TRUE,post_treatment
log_under5_mort,fraser_SizeGov,3,-0.016976925331690616,0.021176565441542484,-0.05848299359711388,0.02452914293373265,TRUE,post_treatment
log_under5_mort,fraser_SizeGov,4,-0.018492916919023848,0.021117188846561136,-0.059882607058283674,0.022896773220235977,TRUE,post_treatment
log_under5_mort,fraser_SizeGov,5,-0.018236913438032902,0.02791153033659709,-0.0729435128977632,0.036469686021697395,TRUE,post_treatment
log_under5_mort,fraser_SizeGov,6,1.9757223338623978e-4,0.03539972635639311,-0.06918589142514425,0.06958103589191672,TRUE,post_treatment
log_under5_mort,fraser_SizeGov,7,-0.006343981300588065,0.03415502944873021,-0.07328783902009928,0.06059987641892314,TRUE,post_treatment
log_under5_mort,fraser_SizeGov,8,-0.017695880714091877,0.03435063122289209,-0.08502311791096039,0.049631356482776626,TRUE,post_treatment
log_under5_mort,fraser_SizeGov,9,-0.015243160829225813,0.04364028124175178,-0.10077811206305931,0.07029179040460767,TRUE,post_treatment
log_under5_mort,fraser_SizeGov,10,-0.007671121303583356,0.050079541356464446,-0.10582702236225366,0.09048477975508695,TRUE,post_treatment
log_under5_mort,fraser_SizeGov,11,-0.006812262197687771,0.06273472853270752,-0.1297723301217945,0.11614780572641897,TRUE,post_treatment
log_under5_mort,fraser_SizeGov,12,-0.023602245650326547,0.05501854518217685,-0.13143859420739318,0.08423410290674008,TRUE,post_treatment
log_under5_mort,fraser_SizeGov,13,-0.005841311430828453,0.06329777563095615,-0.1299049516675025,0.11822232880584559,TRUE,post_treatment
log_under5_mort,fraser_SizeGov,14,-0.002254807091129085,0.07040068296790308,-0.1402401457082191,0.13573053152596096,TRUE,post_treatment
log_under5_mort,fraser_SizeGov,15,-2.770971999650762e-4,0.06279552099686526,-0.12335631835382099,0.12280212395389084,TRUE,post_treatment
log_under5_mort,fraser_SizeGov,16,0.0028805949650635024,0.07034005129408757,-0.13498590557134812,0.14074709550147516,TRUE,post_treatment
log_under5_mort,fraser_SizeGov,17,0.011144161394816348,0.07485907668856752,-0.13557962891477598,0.1578679517044087,TRUE,post_treatment
log_under5_mort,fraser_SizeGov,18,0.012279327774395978,0.09071157307788198,-0.16551535545825272,0.19007401100704466,TRUE,post_treatment
log_under5_mort,fraser_SizeGov,19,0.06700373508031979,0.14370089613659806,-0.21465002134741243,0.34865749150805203,TRUE,post_treatment
log_under5_mort,fraser_SizeGov,20,-0.0974199178121673,0.13914906921634068,-0.37015209347619504,0.17531225785186044,TRUE,post_treatment
log_under5_mort,fraser_SizeGov,21,-0.2585489029090499,0.17556422648430647,-0.6026547868182905,0.08555698100019077,TRUE,post_treatment
log_under5_mort,fraser_SoundMoney,0,-0.0012025112727788055,0.00900970197043348,-0.018861527134828426,0.016456504589270813,TRUE,post_treatment
log_under5_mort,fraser_SoundMoney,1,2.3241750899182098e-4,0.014836846064400515,-0.02884780077723319,0.02931263579521683,TRUE,post_treatment
log_under5_mort,fraser_SoundMoney,2,-0.02260258489668827,0.01255644060274794,-0.04721320847807423,0.002008038684697691,TRUE,post_treatment
log_under5_mort,fraser_SoundMoney,3,-0.016681344421828486,0.020068897628212377,-0.05601638377312475,0.022653694929467772,TRUE,post_treatment
log_under5_mort,fraser_SoundMoney,4,-0.03363941018859156,0.021059277229381244,-0.0749155935581788,0.007636773180995676,TRUE,post_treatment
log_under5_mort,fraser_SoundMoney,5,-0.040656361500839906,0.030300027581310715,-0.1000444155602089,0.018731692558529092,TRUE,post_treatment
log_under5_mort,fraser_SoundMoney,6,-0.03679105798287437,0.036518605229206885,-0.10836752423211986,0.03478540826637112,TRUE,post_treatment
log_under5_mort,fraser_SoundMoney,7,-0.06371873009157597,0.029342200991151833,-0.12122944403423355,-0.006208016148918381,FALSE,post_treatment
log_under5_mort,fraser_SoundMoney,8,-0.05153269057775072,0.03369150283550934,-0.11756803613534902,0.014502654979847589,TRUE,post_treatment
log_under5_mort,fraser_SoundMoney,9,-0.05795748639967811,0.045152275997554045,-0.14645594735488404,0.030540974555527817,TRUE,post_treatment
log_under5_mort,fraser_SoundMoney,10,-0.07250423485824635,0.03836024770682992,-0.147690320363633,0.002681850647140299,TRUE,post_treatment
log_under5_mort,fraser_SoundMoney,11,-0.06527398538884277,0.052179236449190064,-0.1675452888292553,0.03699731805156975,TRUE,post_treatment
log_under5_mort,fraser_SoundMoney,12,-0.07011270402559698,0.04961016706501585,-0.16734863147302803,0.027123223421834083,TRUE,post_treatment
log_under5_mort,fraser_SoundMoney,13,-0.09353482380514908,0.06071518281447811,-0.21253658212152615,0.025466934511228015,TRUE,post_treatment
log_under5_mort,fraser_SoundMoney,14,-0.0835473278476286,0.06213908344205922,-0.20533993139406467,0.03824527569880748,TRUE,post_treatment
log_under5_mort,fraser_SoundMoney,15,-0.09643869930423687,0.07215976765381635,-0.23787184390571692,0.04499444529724317,TRUE,post_treatment
log_under5_mort,fraser_SoundMoney,16,-0.10274072587284297,0.08049070067255988,-0.26050249919106033,0.055021047445374394,TRUE,post_treatment
log_under5_mort,fraser_SoundMoney,17,-0.12001887392949198,0.08851809529234853,-0.29351434070249505,0.05347659284351111,TRUE,post_treatment
log_under5_mort,fraser_SoundMoney,18,-0.1332134747875096,0.08442263517930992,-0.29868183973895707,0.032254890163937844,TRUE,post_treatment
log_under5_mort,fraser_SoundMoney,19,-0.12680007622317452,0.10642643795578521,-0.33539589461651353,0.0817957421701645,TRUE,post_treatment
log_under5_mort,fraser_SoundMoney,20,-0.09394322107329722,0.09234655760155451,-0.27494247397234406,0.08705603182574961,TRUE,post_treatment
log_under5_mort,fraser_SoundMoney,21,-0.12696901642616817,0.09691057369784528,-0.3169137408739449,0.06297570802160857,TRUE,post_treatment
log_under5_mort,heritage_Business.Freedom,0,-0.010951406160734835,0.005973114721580758,-0.02265871101503312,7.558986935634494e-4,TRUE,post_treatment
log_under5_mort,heritage_Business.Freedom,1,-0.013464965001040089,0.010809869883834608,-0.03465230997335592,0.0077223799712757436,TRUE,post_treatment
log_under5_mort,heritage_Business.Freedom,2,-0.018068824182279064,0.01571144355613598,-0.048863253552305586,0.012725605187747454,TRUE,post_treatment
log_under5_mort,heritage_Business.Freedom,3,-0.018953289686367284,0.025475493552536005,-0.06888525704933786,0.030978677676603287,TRUE,post_treatment
log_under5_mort,heritage_Business.Freedom,4,-0.018866927732296743,0.02663483406807574,-0.07107120250572518,0.033337347041131705,TRUE,post_treatment
log_under5_mort,heritage_Business.Freedom,5,-0.02760490512809726,0.029245780976056193,-0.0849266358411674,0.029716825584972878,TRUE,post_treatment
log_under5_mort,heritage_Business.Freedom,6,-0.02757621670254717,0.031163439024591386,-0.08865655719074629,0.03350412378565194,TRUE,post_treatment
log_under5_mort,heritage_Business.Freedom,7,-0.0279810653215837,0.03910010551203393,-0.1046172721251702,0.0486551414820028,TRUE,post_treatment
log_under5_mort,heritage_Business.Freedom,8,-0.04126814491268046,0.041868763741939735,-0.12333092184688232,0.040794632021521414,TRUE,post_treatment
log_under5_mort,heritage_Business.Freedom,9,-0.03432979723790274,0.04667421046274584,-0.12581124974488458,0.05715165526907911,TRUE,post_treatment
log_under5_mort,heritage_Business.Freedom,10,-0.05056654251792466,0.05326885791616106,-0.15497350403360033,0.053840418997751015,TRUE,post_treatment
log_under5_mort,heritage_Business.Freedom,11,-0.029227019989402345,0.04762746099255933,-0.12257684353481862,0.06412280355601394,TRUE,post_treatment
log_under5_mort,heritage_Business.Freedom,12,-0.025367261850340463,0.06350439988907215,-0.14983588563292188,0.09910136193224095,TRUE,post_treatment
log_under5_mort,heritage_Business.Freedom,13,-0.05919489348819102,0.06281297298012674,-0.18230832052923943,0.06391853355285737,TRUE,post_treatment
log_under5_mort,heritage_Business.Freedom,14,-0.09135359226532286,0.06698466116412757,-0.2226435281470129,0.03993634361636719,TRUE,post_treatment
log_under5_mort,heritage_Business.Freedom,15,-0.10120349907345348,0.0628635652227143,-0.2244160869099735,0.02200908876306655,TRUE,post_treatment
log_under5_mort,heritage_Business.Freedom,16,-0.14697265371936946,0.07608548868823163,-0.29610021154830346,0.002154904109564537,TRUE,post_treatment
log_under5_mort,heritage_Business.Freedom,17,-0.07966877603404829,0.09795712552254099,-0.27166474205822866,0.11232718999013205,TRUE,post_treatment
log_under5_mort,heritage_Business.Freedom,18,-0.0843391292907874,0.12870177907074437,-0.33659461626944637,0.16791635768787155,TRUE,post_treatment
log_under5_mort,heritage_Business.Freedom,19,-0.06704790002316167,0.13052754019109322,-0.3228818787977044,0.18878607875138104,TRUE,post_treatment
log_under5_mort,heritage_Business.Freedom,20,-0.13248054847528618,0.1524823366980002,-0.4313459284033666,0.16638483145279426,TRUE,post_treatment
log_under5_mort,heritage_Business.Freedom,21,-0.19309400031786736,0.16460143593239415,-0.5157128147453599,0.12952481410962516,TRUE,post_treatment
log_under5_mort,heritage_Business.Freedom,22,-0.18569568497125072,0.20852161931610189,-0.5943980588308104,0.223006688888309,TRUE,post_treatment
log_under5_mort,heritage_Business.Freedom,23,-0.12408453290963252,0.21021017868980474,-0.5360964831416498,0.28792741732238475,TRUE,post_treatment
log_under5_mort,heritage_Business.Freedom,24,-0.19720921820050677,0.23431220092822616,-0.65646113201983,0.26204269561881655,TRUE,post_treatment
log_under5_mort,heritage_Business.Freedom,25,-0.3518888540020371,0.2498523822111226,-0.8415995231358374,0.13782181513176317,TRUE,post_treatment
log_under5_mort,heritage_Business.Freedom,26,0.4456572321498778,0.0844443980495294,0.2801462119728002,0.6111682523269554,FALSE,post_treatment
log_under5_mort,heritage_Financial.Freedom,0,-0.003652590460235422,0.009351770153736469,-0.0219820599615589,0.014676879041088055,TRUE,post_treatment
log_under5_mort,heritage_Financial.Freedom,1,-0.0029536561150868964,0.011495674579000166,-0.025485178289927222,0.019577866059753427,TRUE,post_treatment
log_under5_mort,heritage_Financial.Freedom,2,0.005446434120156642,0.014754843547188744,-0.023473059232333296,0.03436592747264658,TRUE,post_treatment
log_under5_mort,heritage_Financial.Freedom,3,0.002873380712524668,0.02089507147388931,-0.038080959376298386,0.04382772080134772,TRUE,post_treatment
log_under5_mort,heritage_Financial.Freedom,4,0.007535420698785233,0.030158062117434603,-0.05157438105138659,0.06664522244895706,TRUE,post_treatment
log_under5_mort,heritage_Financial.Freedom,5,0.005405475711072432,0.0365505672385106,-0.06623363607640834,0.0770445874985532,TRUE,post_treatment
log_under5_mort,heritage_Financial.Freedom,6,0.007098780826899836,0.037408168490310686,-0.0662212294141091,0.08041879106790878,TRUE,post_treatment
log_under5_mort,heritage_Financial.Freedom,7,0.010482179921183396,0.045317302646720216,-0.07833973326638823,0.09930409310875503,TRUE,post_treatment
log_under5_mort,heritage_Financial.Freedom,8,0.003726540587838149,0.046600766077151114,-0.08761096092337803,0.09506404209905434,TRUE,post_treatment
log_under5_mort,heritage_Financial.Freedom,9,0.010302616185625387,0.04265586078163773,-0.07330287094638456,0.09390810331763534,TRUE,post_treatment
log_under5_mort,heritage_Financial.Freedom,10,0.006497780084720656,0.05377038694318678,-0.09889217832392544,0.11188773849336675,TRUE,post_treatment
log_under5_mort,heritage_Financial.Freedom,11,0.0074307597743328724,0.057929417966294555,-0.10611089943960446,0.1209724189882702,TRUE,post_treatment
log_under5_mort,heritage_Financial.Freedom,12,0.0018132872885851512,0.06733318090959957,-0.13015974729423,0.1337863218714003,TRUE,post_treatment
log_under5_mort,heritage_Financial.Freedom,13,0.0029069045006678684,0.06675006022023879,-0.12792321353100017,0.13373702253233588,TRUE,post_treatment
log_under5_mort,heritage_Financial.Freedom,14,0.018918658970338162,0.07014419436024757,-0.11856396197574708,0.15640127991642339,TRUE,post_treatment
log_under5_mort,heritage_Financial.Freedom,15,0.010379278790060164,0.06336692750444048,-0.11381989911864318,0.1345784566987635,TRUE,post_treatment
log_under5_mort,heritage_Financial.Freedom,16,-0.004691860794903538,0.08733729413552063,-0.175872957300524,0.1664892357107169,TRUE,post_treatment
log_under5_mort,heritage_Financial.Freedom,17,0.016962106987884983,0.09281427660528789,-0.16495387515847929,0.19887808913424923,TRUE,post_treatment
log_under5_mort,heritage_Financial.Freedom,18,0.009756189539310359,0.09152931277743402,-0.1696412635044603,0.18915364258308104,TRUE,post_treatment
log_under5_mort,heritage_Financial.Freedom,19,0.022360365726505863,0.10038801229806507,-0.17440013837770169,0.21912086983071338,TRUE,post_treatment
log_under5_mort,heritage_Financial.Freedom,20,-7.987673844396231e-4,0.10224348442910161,-0.2011959968654788,0.19959846209659954,TRUE,post_treatment
log_under5_mort,heritage_Financial.Freedom,21,0.006658035770487079,0.11059017859737683,-0.2100987142803715,0.22341478582134564,TRUE,post_treatment
log_under5_mort,heritage_Financial.Freedom,22,-0.13386098212099942,0.14365706466142417,-0.41542882885739074,0.14770686461539193,TRUE,post_treatment
log_under5_mort,heritage_Financial.Freedom,23,-0.13385181508770935,0.16104499448982088,-0.44950000428775827,0.18179637411233954,TRUE,post_treatment
log_under5_mort,heritage_Financial.Freedom,24,-0.1578493741295568,0.14552676959201744,-0.44308184252991095,0.12738309427079736,TRUE,post_treatment
log_under5_mort,heritage_Financial.Freedom,25,-0.24091128990132435,0.14754482551835352,-0.5300991479172973,0.04827656811464856,TRUE,post_treatment
log_under5_mort,heritage_Financial.Freedom,26,-0.354985418809906,0.19081244773690076,-0.7289778163742315,0.019006978754419535,TRUE,post_treatment
log_under5_mort,heritage_Fiscal.Health,0,0.0024583361216334496,0.00648169231651293,-0.010245780818731893,0.015162453061998793,TRUE,post_treatment
log_under5_mort,heritage_Fiscal.Health,1,-0.0021415341427616706,0.012571196997909536,-0.02678108025866436,0.022498011973141017,TRUE,post_treatment
log_under5_mort,heritage_Fiscal.Health,2,-0.004139621360679095,0.024502531075439354,-0.052164582268540226,0.04388533954718204,TRUE,post_treatment
log_under5_mort,heritage_Fiscal.Health,3,-0.032303377199601246,0.04454842634220058,-0.11961829283031439,0.055011538431111895,TRUE,post_treatment
log_under5_mort,heritage_Fiscal.Health,4,-0.07963850698956565,0.06689853248423902,-0.21075963065867412,0.05148261667954282,TRUE,post_treatment
log_under5_mort,heritage_Government.Integrity,0,-0.009033068045270213,0.005813024730290866,-0.020426596516640312,0.0023604604260998845,TRUE,post_treatment
log_under5_mort,heritage_Government.Integrity,1,-0.018896867134788765,0.010794658635911857,-0.040054398061176,0.002260663791598474,TRUE,post_treatment
log_under5_mort,heritage_Government.Integrity,2,-0.043655874931845196,0.013217851201485947,-0.06956286328675765,-0.01774888657693274,FALSE,post_treatment
log_under5_mort,heritage_Government.Integrity,3,-0.057794107137199756,0.018982442305825263,-0.09499969405661726,-0.020588520217782243,FALSE,post_treatment
log_under5_mort,heritage_Government.Integrity,4,-0.08181030545090416,0.02722698314953265,-0.13517519242398815,-0.028445418477820165,FALSE,post_treatment
log_under5_mort,heritage_Government.Integrity,5,-0.09868159258628022,0.032035424713115074,-0.16147102502398575,-0.03589216014857467,FALSE,post_treatment
log_under5_mort,heritage_Government.Integrity,6,-0.08841574014048138,0.0410023422549355,-0.16878033096015496,-0.008051149320807804,FALSE,post_treatment
log_under5_mort,heritage_Government.Integrity,7,-0.10146440042720849,0.03877347406669516,-0.177460409597931,-0.025468391256485978,FALSE,post_treatment
log_under5_mort,heritage_Government.Integrity,8,-0.09941744078562516,0.0460187161645164,-0.1896141244680773,-0.009220757103173008,FALSE,post_treatment
log_under5_mort,heritage_Government.Integrity,9,-0.10316676588879889,0.05339086837993024,-0.20781286791346215,0.001479336135864387,TRUE,post_treatment
log_under5_mort,heritage_Government.Integrity,10,-0.10643810977987886,0.04765149374924138,-0.19983503752839196,-0.013041182031365756,FALSE,post_treatment
log_under5_mort,heritage_Government.Integrity,11,-0.11657925285942647,0.04764108257320162,-0.20995577470290164,-0.0232027310159513,FALSE,post_treatment
log_under5_mort,heritage_Government.Integrity,12,-0.11573665121612307,0.06553495406184948,-0.24418516117734806,0.012711858745101903,TRUE,post_treatment
log_under5_mort,heritage_Government.Integrity,13,-0.13000863079118385,0.05567005181718871,-0.2391219323528737,-0.020895329229493984,FALSE,post_treatment
log_under5_mort,heritage_Government.Integrity,14,-0.13836166650043188,0.05389641570109675,-0.2439986412745815,-0.03272469172628226,FALSE,post_treatment
log_under5_mort,heritage_Government.Integrity,15,-0.1412030428349053,0.07226891137067393,-0.2828501091214262,4.4402345161559387e-4,TRUE,post_treatment
log_under5_mort,heritage_Government.Integrity,16,-0.15179196466881492,0.06916582934539933,-0.28735699018579763,-0.016226939151832237,FALSE,post_treatment
log_under5_mort,heritage_Government.Integrity,17,-0.18272433713581793,0.07354157202225729,-0.3268658182994422,-0.03858285597219363,FALSE,post_treatment
log_under5_mort,heritage_Government.Integrity,18,-0.2344459258849855,0.07431825019306966,-0.380109696263402,-0.08878215550656898,FALSE,post_treatment
log_under5_mort,heritage_Government.Integrity,19,-0.23840411494579525,0.07848385860352615,-0.3922324778087065,-0.08457575208288401,FALSE,post_treatment
log_under5_mort,heritage_Government.Integrity,20,-0.24755083087644406,0.09083129256514072,-0.4255801643041198,-0.06952149744876826,FALSE,post_treatment
log_under5_mort,heritage_Government.Integrity,21,-0.2803753120462094,0.09430868927458018,-0.46522034302438653,-0.09553028106803227,FALSE,post_treatment
log_under5_mort,heritage_Government.Integrity,22,-0.26262111857860204,0.11085420072628921,-0.47989535200212885,-0.045346885155075206,FALSE,post_treatment
log_under5_mort,heritage_Government.Integrity,23,-0.26117417232893664,0.10936170646009338,-0.4755231169907197,-0.04682522766715361,FALSE,post_treatment
log_under5_mort,heritage_Government.Integrity,24,-0.30885743541196375,0.09971521002382992,-0.5042992470586705,-0.1134156237652571,FALSE,post_treatment
log_under5_mort,heritage_Government.Integrity,25,-0.3398617827813486,0.1147108694000418,-0.5646950868054306,-0.11502847875726668,FALSE,post_treatment
log_under5_mort,heritage_Government.Integrity,26,-0.39670434311978164,0.13419094887378297,-0.6597186029123963,-0.13369008332716703,FALSE,post_treatment
log_under5_mort,heritage_Government.Spending,0,-0.005348796587152447,0.006929575992726274,-0.018930765532895945,0.00823317235859105,TRUE,post_treatment
log_under5_mort,heritage_Government.Spending,1,-0.011243735601395601,0.01216220026091861,-0.03508164811279607,0.012594176910004872,TRUE,post_treatment
log_under5_mort,heritage_Government.Spending,2,-0.022030551240573147,0.016173000127436075,-0.05372963149034785,0.009668529009201558,TRUE,post_treatment
log_under5_mort,heritage_Government.Spending,3,-0.02074512967205399,0.02993846262344086,-0.07942451641399807,0.03793425706989009,TRUE,post_treatment
log_under5_mort,heritage_Government.Spending,4,-0.033371809283497894,0.03407972697608657,-0.10016807415662757,0.03342445558963178,TRUE,post_treatment
log_under5_mort,heritage_Government.Spending,5,-0.036358475594465055,0.0322768227543376,-0.09962104819296674,0.02690409700403664,TRUE,post_treatment
log_under5_mort,heritage_Government.Spending,6,-0.04925430103267713,0.037121318069349096,-0.12201208444860137,0.0235034823832471,TRUE,post_treatment
log_under5_mort,heritage_Government.Spending,7,-0.059039529570652845,0.04335648695903753,-0.1440182440103664,0.02593918486906071,TRUE,post_treatment
log_under5_mort,heritage_Government.Spending,8,-0.07013567343716641,0.04596248844137134,-0.1602221507822542,0.019950803907921408,TRUE,post_treatment
log_under5_mort,heritage_Government.Spending,9,-0.08238393108870455,0.05274049800178289,-0.185755307172199,0.02098744499478991,TRUE,post_treatment
log_under5_mort,heritage_Government.Spending,10,-0.07813904523219506,0.05463710760393531,-0.18522777613590827,0.02894968567151815,TRUE,post_treatment
log_under5_mort,heritage_Government.Spending,11,-0.0810174608869789,0.06352434335414221,-0.20552517386109764,0.04349025208713983,TRUE,post_treatment
log_under5_mort,heritage_Government.Spending,12,-0.08863144057277027,0.06336516681096248,-0.21282716752225672,0.035564286376716187,TRUE,post_treatment
log_under5_mort,heritage_Government.Spending,13,-0.08289728309873483,0.06416228686227225,-0.20865536534878842,0.04286079915131878,TRUE,post_treatment
log_under5_mort,heritage_Government.Spending,14,-0.08503199668229651,0.06730049094551209,-0.2169409589355002,0.04687696557090719,TRUE,post_treatment
log_under5_mort,heritage_Government.Spending,15,-0.07964523905847967,0.07729177726953423,-0.23113712250676677,0.07184664438980742,TRUE,post_treatment
log_under5_mort,heritage_Government.Spending,16,-0.07993281813728158,0.08206542524512074,-0.24078105161771823,0.08091541534315506,TRUE,post_treatment
log_under5_mort,heritage_Government.Spending,17,-0.0947235749159876,0.09351860903346848,-0.2780200486215858,0.08857289878961061,TRUE,post_treatment
log_under5_mort,heritage_Government.Spending,18,-0.10333543450204818,0.10428322148146887,-0.3077305486057272,0.10105967960163081,TRUE,post_treatment
log_under5_mort,heritage_Government.Spending,19,-0.11416782677430658,0.10218312549239147,-0.3144467527393939,0.08611109919078071,TRUE,post_treatment
log_under5_mort,heritage_Government.Spending,20,-0.10448790847223317,0.11189803627793975,-0.3238080595769951,0.11483224263252874,TRUE,post_treatment
log_under5_mort,heritage_Government.Spending,21,-0.1761001495666827,0.10751345444452849,-0.38682652027795855,0.03462622114459313,TRUE,post_treatment
log_under5_mort,heritage_Government.Spending,22,-0.2084315889347446,0.12050329965787274,-0.44461805626417517,0.02775487839468596,TRUE,post_treatment
log_under5_mort,heritage_Government.Spending,23,-0.251191499720516,0.14087513804271115,-0.5273067702842299,0.024923770843197857,TRUE,post_treatment
log_under5_mort,heritage_Government.Spending,24,-0.2457342201277154,0.16303791429232523,-0.5652885321406729,0.07382009188524202,TRUE,post_treatment
log_under5_mort,heritage_Government.Spending,25,-0.3931138510036788,0.20004884722377983,-0.7852095915622872,-0.0010181104450703304,FALSE,post_treatment
log_under5_mort,heritage_Government.Spending,26,-0.6011728725606242,0.20891669170774987,-1.010649588307814,-0.1916961568134345,FALSE,post_treatment
log_under5_mort,heritage_Investment.Freedom,0,0.009917730708522917,0.013636291848337562,-0.016809401314218705,0.036644862731264535,TRUE,post_treatment
log_under5_mort,heritage_Investment.Freedom,1,0.005469591207456049,0.014792197740065738,-0.023523116363072798,0.034462298777984894,TRUE,post_treatment
log_under5_mort,heritage_Investment.Freedom,2,0.0206068933486451,0.023180702569282043,-0.024827283687147705,0.0660410703844379,TRUE,post_treatment
log_under5_mort,heritage_Investment.Freedom,3,0.030998044903796415,0.03130420204431991,-0.030358191103070614,0.09235428091066344,TRUE,post_treatment
log_under5_mort,heritage_Investment.Freedom,4,0.04158451781651658,0.042499569516835985,-0.041714638436481946,0.1248836740695151,TRUE,post_treatment
log_under5_mort,heritage_Investment.Freedom,5,0.0532220146718745,0.05947045072460435,-0.06334006874835002,0.16978409809209902,TRUE,post_treatment
log_under5_mort,heritage_Investment.Freedom,6,0.059338527275255,0.06153297985255662,-0.06126611323575597,0.17994316778626596,TRUE,post_treatment
log_under5_mort,heritage_Investment.Freedom,7,0.06350101340416006,0.06838660981007899,-0.07053674182359476,0.19753876863191488,TRUE,post_treatment
log_under5_mort,heritage_Investment.Freedom,8,0.0685197697590676,0.07398825713031738,-0.07649721421635447,0.21353675373448966,TRUE,post_treatment
log_under5_mort,heritage_Investment.Freedom,9,0.07390125619879195,0.09277756939046604,-0.10794277980652148,0.25574529220410536,TRUE,post_treatment
log_under5_mort,heritage_Investment.Freedom,10,0.0771424649336018,0.08055092443344813,-0.08073734695595655,0.23502227682316015,TRUE,post_treatment
log_under5_mort,heritage_Investment.Freedom,11,0.08007427994641227,0.0890188897276564,-0.09440274391979427,0.2545513038126188,TRUE,post_treatment
log_under5_mort,heritage_Investment.Freedom,12,0.08819573637167469,0.11450662279565307,-0.13623724430780534,0.3126287170511547,TRUE,post_treatment
log_under5_mort,heritage_Investment.Freedom,13,0.12301168487848425,0.11291310298299796,-0.09829799696819176,0.3443213667251603,TRUE,post_treatment
log_under5_mort,heritage_Investment.Freedom,14,0.0957864392481715,0.1107328500083257,-0.12124994676814686,0.31282282526448985,TRUE,post_treatment
log_under5_mort,heritage_Investment.Freedom,15,0.1109648681440339,0.12372237540656084,-0.13153098765282534,0.3534607239408931,TRUE,post_treatment
log_under5_mort,heritage_Investment.Freedom,16,0.09317699541959676,0.13898327447608586,-0.17923022255353152,0.36558421339272507,TRUE,post_treatment
log_under5_mort,heritage_Investment.Freedom,17,0.1268329901716372,0.14865045997108245,-0.1645219113716844,0.41818789171495885,TRUE,post_treatment
log_under5_mort,heritage_Investment.Freedom,18,0.12855322108897854,0.1603255492332141,-0.18568485540812107,0.44279129758607816,TRUE,post_treatment
log_under5_mort,heritage_Investment.Freedom,19,0.12583229592818435,0.16926156304507303,-0.2059203676401588,0.4575849594965275,TRUE,post_treatment
log_under5_mort,heritage_Investment.Freedom,20,0.07331130147829219,0.16038718617338757,-0.24104758342154747,0.38767018637813183,TRUE,post_treatment
log_under5_mort,heritage_Investment.Freedom,21,0.049620149522179864,0.18881146973639223,-0.3204503311611489,0.4196906302055086,TRUE,post_treatment
log_under5_mort,heritage_Investment.Freedom,22,-0.018072855988030198,0.22869832379287194,-0.4663215706220592,0.4301758586459988,TRUE,post_treatment
log_under5_mort,heritage_Investment.Freedom,23,-0.06197830933288155,0.23702493067561917,-0.5265471734570951,0.402590554791332,TRUE,post_treatment
log_under5_mort,heritage_Investment.Freedom,24,-0.12689616515464006,0.2361089755665574,-0.5896697572650925,0.33587742695581246,TRUE,post_treatment
log_under5_mort,heritage_Investment.Freedom,25,0.007563298037594431,0.2756249101748149,-0.5326615259050427,0.5477881219802316,TRUE,post_treatment
log_under5_mort,heritage_Investment.Freedom,26,0.09263293456855656,0.234329477711511,-0.366652841746005,0.5519187108831181,TRUE,post_treatment
log_under5_mort,heritage_Judicial.Effectiveness,0,0.0017197888592414938,0.010453893194974938,-0.018769841802909384,0.02220941952139237,TRUE,post_treatment
log_under5_mort,heritage_Judicial.Effectiveness,1,0.04187575448033111,0.028051961053035562,-0.013106089183618594,0.09685759814428081,TRUE,post_treatment
log_under5_mort,heritage_Judicial.Effectiveness,2,0.006477786558290004,0.03221925372977234,-0.05667195075206379,0.06962752386864379,TRUE,post_treatment
log_under5_mort,heritage_Judicial.Effectiveness,3,-0.006673953608593439,0.04426703706259536,-0.09343734625128035,0.08008943903409348,TRUE,post_treatment
log_under5_mort,heritage_Judicial.Effectiveness,4,0.018337198494614005,0.025989952177134585,-0.03260310777256978,0.0692775047617978,TRUE,post_treatment
log_under5_mort,heritage_Labor.Freedom,0,0.0033073946951998933,0.010192941363366594,-0.01667077037699863,0.023285559767398416,TRUE,post_treatment
log_under5_mort,heritage_Labor.Freedom,1,-0.00399814102931267,0.012451980717315294,-0.028404023235250646,0.020407741176625305,TRUE,post_treatment
log_under5_mort,heritage_Labor.Freedom,2,0.00608970639904103,0.02049195373463998,-0.034074522920853334,0.04625393571893539,TRUE,post_treatment
log_under5_mort,heritage_Labor.Freedom,3,0.009519203637135655,0.024653210023326242,-0.03880108800858378,0.057839495282855084,TRUE,post_treatment
log_under5_mort,heritage_Labor.Freedom,4,0.0015253713849666878,0.03004749049228552,-0.05736770997991293,0.06041845274984631,TRUE,post_treatment
log_under5_mort,heritage_Labor.Freedom,5,-0.01834861988703879,0.035321814330264684,-0.08757937597435757,0.050882136200279995,TRUE,post_treatment
log_under5_mort,heritage_Labor.Freedom,6,-0.017929149488319873,0.04030693402747603,-0.09693074018217289,0.06107244120553314,TRUE,post_treatment
log_under5_mort,heritage_Labor.Freedom,7,-0.019560289875571207,0.045437276104013304,-0.10861735103943729,0.06949677128829487,TRUE,post_treatment
log_under5_mort,heritage_Labor.Freedom,8,-0.021968968656033264,0.0469401307568392,-0.11397162493943809,0.07003368762737157,TRUE,post_treatment
log_under5_mort,heritage_Labor.Freedom,9,-0.017472207608165022,0.05761146070318597,-0.13039067058640952,0.09544625537007947,TRUE,post_treatment
log_under5_mort,heritage_Labor.Freedom,10,-0.03062758017727313,0.06609274608990776,-0.1601693625134923,0.09891420215894606,TRUE,post_treatment
log_under5_mort,heritage_Labor.Freedom,11,-0.03164771616309481,0.06194990017495785,-0.1530695205060122,0.08977408817982258,TRUE,post_treatment
log_under5_mort,heritage_Labor.Freedom,12,-0.0626627594382456,0.08837287531191117,-0.2358735950495915,0.1105480761731003,TRUE,post_treatment
log_under5_mort,heritage_Labor.Freedom,13,-0.024767832346109013,0.13041433635171643,-0.2803799315954732,0.23084426690325516,TRUE,post_treatment
log_under5_mort,heritage_Labor.Freedom,14,0.07020866240610985,0.17744849280210837,-0.27759038348602255,0.41800770829824224,TRUE,post_treatment
log_under5_mort,heritage_Labor.Freedom,15,-0.006678273342232432,0.32578750115244237,-0.6452217756010196,0.6318652289165546,TRUE,post_treatment
log_under5_mort,heritage_Monetary.Freedom,0,-0.008970544327016512,0.005860747689528079,-0.020457609798491545,0.002516521144458524,TRUE,post_treatment
log_under5_mort,heritage_Monetary.Freedom,1,-0.014034494433505514,0.01685961380221945,-0.04707933748585563,0.019010348618844607,TRUE,post_treatment
log_under5_mort,heritage_Monetary.Freedom,2,-0.01718618727052721,0.022484909536792663,-0.06125660996264083,0.02688423542158641,TRUE,post_treatment
log_under5_mort,heritage_Monetary.Freedom,3,-0.018530499813283245,0.032335911204536924,-0.08190888577417563,0.04484788614760913,TRUE,post_treatment
log_under5_mort,heritage_Monetary.Freedom,4,-0.038304004480934295,0.03211108274614361,-0.10124172666337578,0.024633717701507185,TRUE,post_treatment
log_under5_mort,heritage_Monetary.Freedom,5,-0.04761760961223076,0.03880037281460836,-0.12366634032886314,0.02843112110440163,TRUE,post_treatment
log_under5_mort,heritage_Monetary.Freedom,6,-0.054660539389863795,0.042237379625495376,-0.13744580345583474,0.02812472467610714,TRUE,post_treatment
log_under5_mort,heritage_Monetary.Freedom,7,-0.051676181885950974,0.04362766268318207,-0.13718640074498784,0.03383403697308588,TRUE,post_treatment
log_under5_mort,heritage_Monetary.Freedom,8,-0.056289463356774004,0.0522052877986839,-0.15861182744219446,0.04603290072864644,TRUE,post_treatment
log_under5_mort,heritage_Monetary.Freedom,9,-0.07361152415975843,0.05523011939907463,-0.1818625581819447,0.03463950986242785,TRUE,post_treatment
log_under5_mort,heritage_Monetary.Freedom,10,-0.07829325423637541,0.04555095690498323,-0.16757312977014255,0.010986621297391724,TRUE,post_treatment
log_under5_mort,heritage_Monetary.Freedom,11,-0.08983690614247186,0.05584837855763753,-0.19929972811544142,0.019625915830497692,TRUE,post_treatment
log_under5_mort,heritage_Monetary.Freedom,12,-0.0983663481531267,0.0624150155639037,-0.22069977865837795,0.023967082352124552,TRUE,post_treatment
log_under5_mort,heritage_Monetary.Freedom,13,-0.09432752143362616,0.06590758850923285,-0.22350639491172256,0.034851352044470235,TRUE,post_treatment
log_under5_mort,heritage_Monetary.Freedom,14,-0.1103297938962091,0.07540951733946813,-0.25813244788156664,0.03747286008914842,TRUE,post_treatment
log_under5_mort,heritage_Monetary.Freedom,15,-0.11523868377835622,0.07165892240015197,-0.25569017168265407,0.025212804125941624,TRUE,post_treatment
log_under5_mort,heritage_Monetary.Freedom,16,-0.11006706799937786,0.09341167900757726,-0.2931539588542293,0.07301982285547355,TRUE,post_treatment
log_under5_mort,heritage_Monetary.Freedom,17,-0.13719560859155894,0.060804802192644405,-0.256373020889142,-0.0180181962939759,FALSE,post_treatment
log_under5_mort,heritage_Monetary.Freedom,18,-0.1563229431961009,0.08031889619527433,-0.3137479797388386,0.0011020933466367733,TRUE,post_treatment
log_under5_mort,heritage_Monetary.Freedom,19,-0.16955737903253626,0.09116810859604028,-0.3482468718807752,0.009132113815702697,TRUE,post_treatment
log_under5_mort,heritage_Monetary.Freedom,20,-0.17475916605428538,0.08687450404242673,-0.3450331939774418,-0.004485138131128968,FALSE,post_treatment
log_under5_mort,heritage_Monetary.Freedom,21,-0.16767001191602143,0.08836297007980226,-0.3408614332724339,0.005521409440391006,TRUE,post_treatment
log_under5_mort,heritage_Monetary.Freedom,22,-0.23285766643894518,0.090129009184689,-0.4095105244409356,-0.056204808436954745,FALSE,post_treatment
log_under5_mort,heritage_Monetary.Freedom,23,-0.24707519897464184,0.12004287739053508,-0.48235923866009056,-0.011791159289193082,FALSE,post_treatment
log_under5_mort,heritage_Monetary.Freedom,24,-0.31294291072700875,0.14413286146349064,-0.5954433191954505,-0.030442502258567095,FALSE,post_treatment
log_under5_mort,heritage_Monetary.Freedom,25,-0.4998343274667222,0.1845665982608548,-0.8615848600579976,-0.13808379487544675,FALSE,post_treatment
log_under5_mort,heritage_Monetary.Freedom,26,-0.6160226248629836,0.1932014044418699,-0.9946973775690486,-0.23734787215691866,FALSE,post_treatment
log_under5_mort,heritage_Property.Rights,0,-0.021918066227542367,0.009141623718342751,-0.03983564871549416,-0.004000483739590575,FALSE,post_treatment
log_under5_mort,heritage_Property.Rights,1,-0.03517308976104181,0.010832228866532248,-0.05640425833944501,-0.013941921182638605,FALSE,post_treatment
log_under5_mort,heritage_Property.Rights,2,-0.0412175151155404,0.018799633857086336,-0.07806479747542962,-0.004370232755651182,FALSE,post_treatment
log_under5_mort,heritage_Property.Rights,3,-0.051044235945629686,0.020168324619701375,-0.09057415220024438,-0.01151431969101499,FALSE,post_treatment
log_under5_mort,heritage_Property.Rights,4,-0.07103017654921251,0.02240680568297376,-0.11494751568784108,-0.027112837410583943,FALSE,post_treatment
log_under5_mort,heritage_Property.Rights,5,-0.08863949552751767,0.02626405869631882,-0.14011705057230256,-0.03716194048273278,FALSE,post_treatment
log_under5_mort,heritage_Property.Rights,6,-0.0731614748000333,0.042657607381763704,-0.15677038526829015,0.010447435668223565,TRUE,post_treatment
log_under5_mort,heritage_Property.Rights,7,-0.08728937845055545,0.04249308571161729,-0.17057582644532535,-0.004002930455785564,FALSE,post_treatment
log_under5_mort,heritage_Property.Rights,8,-0.08674177988545613,0.05661299742951761,-0.19770325484731063,0.024219695076398373,TRUE,post_treatment
log_under5_mort,heritage_Property.Rights,9,-0.1166985818006156,0.05514603875583436,-0.22478481776205095,-0.008612345839180247,FALSE,post_treatment
log_under5_mort,heritage_Property.Rights,10,-0.12910037056408016,0.054677831317180736,-0.23626891994575439,-0.021931821182405928,FALSE,post_treatment
log_under5_mort,heritage_Property.Rights,11,-0.14026726775996473,0.06607661137782542,-0.26977742606050253,-0.010757109459426928,FALSE,post_treatment
log_under5_mort,heritage_Property.Rights,12,-0.1484195911826811,0.059454086627415206,-0.26494960097241493,-0.031889581392947314,FALSE,post_treatment
log_under5_mort,heritage_Property.Rights,13,-0.1930835068195116,0.07525461193406245,-0.340582546210274,-0.04558446742874922,FALSE,post_treatment
log_under5_mort,heritage_Property.Rights,14,-0.20448565020400716,0.08011374150623723,-0.36150858355623217,-0.04746271685178219,FALSE,post_treatment
log_under5_mort,heritage_Property.Rights,15,-0.21435228165259876,0.07427694548452381,-0.3599350948022654,-0.06876946850293211,FALSE,post_treatment
log_under5_mort,heritage_Property.Rights,16,-0.20269048092995437,0.09049736646807552,-0.3800653192073824,-0.025315642652526366,FALSE,post_treatment
log_under5_mort,heritage_Property.Rights,17,-0.179540142475209,0.08678672715504092,-0.3496421276990892,-0.009438157251328794,FALSE,post_treatment
log_under5_mort,heritage_Property.Rights,18,-0.1854397264796339,0.0916330235927511,-0.36504045272142605,-0.005839000237841729,FALSE,post_treatment
log_under5_mort,heritage_Property.Rights,19,-0.19168306269410298,0.10294943211365286,-0.3934639496368626,0.0100978242486566,TRUE,post_treatment
log_under5_mort,heritage_Property.Rights,20,-0.2414211807691715,0.10105197284675214,-0.4394830475488057,-0.043359313989537296,FALSE,post_treatment
log_under5_mort,heritage_Property.Rights,21,-0.22830818793832733,0.1088435545087791,-0.44164155477553435,-0.014974821101120306,FALSE,post_treatment
log_under5_mort,heritage_Property.Rights,22,-0.2042126250319891,0.140411046387494,-0.47941827595147735,0.07099302588749914,TRUE,post_treatment
log_under5_mort,heritage_Property.Rights,23,-0.20764045348674876,0.1251906968018328,-0.45301421921834106,0.03773331224484355,TRUE,post_treatment
log_under5_mort,heritage_Property.Rights,24,-0.16293115410636083,0.14316722904243248,-0.44353892302952846,0.1176766148168068,TRUE,post_treatment
log_under5_mort,heritage_Property.Rights,25,-0.15317087363592585,0.1807820138909375,-0.5075036208621634,0.20116187359031168,TRUE,post_treatment
log_under5_mort,heritage_Property.Rights,26,-0.023726102789324213,0.20604328832749236,-0.4275709479112092,0.3801187423325608,TRUE,post_treatment
log_under5_mort,heritage_Tax.Burden,0,3.738614086970946e-4,0.006041236963763754,-0.011466963040279863,0.012214685857674053,TRUE,post_treatment
log_under5_mort,heritage_Tax.Burden,1,0.001919882767878547,0.009290741159169176,-0.016289969904093038,0.02012973543985013,TRUE,post_treatment
log_under5_mort,heritage_Tax.Burden,2,0.021057561284157037,0.022809453059478624,-0.023648966712421064,0.06576408928073514,TRUE,post_treatment
log_under5_mort,heritage_Tax.Burden,3,0.013244841756648067,0.016848663358819835,-0.01977853842663881,0.04626822193993495,TRUE,post_treatment
log_under5_mort,heritage_Tax.Burden,4,0.01641523902156751,0.028356766439235157,-0.039164023199333396,0.07199450124246842,TRUE,post_treatment
log_under5_mort,heritage_Tax.Burden,5,0.026046060000198552,0.02783409338592625,-0.028508763036216897,0.080600883036614,TRUE,post_treatment
log_under5_mort,heritage_Tax.Burden,6,0.025262211829778315,0.037026682348041004,-0.04731008557238205,0.09783450923193868,TRUE,post_treatment
log_under5_mort,heritage_Tax.Burden,7,0.03402496894947524,0.03689053190671975,-0.03828047358769547,0.10633041148664595,TRUE,post_treatment
log_under5_mort,heritage_Tax.Burden,8,0.039063185705599586,0.04272228822514439,-0.04467249921568343,0.1227988706268826,TRUE,post_treatment
log_under5_mort,heritage_Tax.Burden,9,0.03794114551462719,0.04857429452535688,-0.05726447175507229,0.13314676278432666,TRUE,post_treatment
log_under5_mort,heritage_Tax.Burden,10,0.042831713732118616,0.05703863118785671,-0.06896400339608053,0.15462743086031777,TRUE,post_treatment
log_under5_mort,heritage_Tax.Burden,11,0.04853896084747948,0.05246285015744781,-0.05428822546111822,0.15136614715607719,TRUE,post_treatment
log_under5_mort,heritage_Tax.Burden,12,0.04451486732405477,0.06477676783307947,-0.08244759762878098,0.17147733227689052,TRUE,post_treatment
log_under5_mort,heritage_Tax.Burden,13,0.05658097279297359,0.06096087160022624,-0.06290233554346983,0.17606428112941702,TRUE,post_treatment
log_under5_mort,heritage_Tax.Burden,14,0.05324771519573969,0.07506424999189092,-0.09387821478836651,0.2003736451798459,TRUE,post_treatment
log_under5_mort,heritage_Tax.Burden,15,0.06719175380337487,0.07935404214517565,-0.0883421688011694,0.22272567640791913,TRUE,post_treatment
log_under5_mort,heritage_Tax.Burden,16,0.04068028614545604,0.07506081638389654,-0.10643891396698119,0.18779948625789328,TRUE,post_treatment
log_under5_mort,heritage_Tax.Burden,17,0.032892811119356505,0.08158381293394723,-0.12701146223118004,0.19279708446989308,TRUE,post_treatment
log_under5_mort,heritage_Tax.Burden,18,0.03777642690015527,0.07519447345249336,-0.10960474106673172,0.18515759486704225,TRUE,post_treatment
log_under5_mort,heritage_Tax.Burden,19,0.024925090022956176,0.07115938770202136,-0.11454730987300568,0.16439748991891803,TRUE,post_treatment
log_under5_mort,heritage_Tax.Burden,20,-0.010013167453180203,0.08374508037810037,-0.17415352499425693,0.15412719008789652,TRUE,post_treatment
log_under5_mort,heritage_Tax.Burden,21,-0.012780951050389828,0.09644315620402485,-0.20180953721027853,0.1762476351094989,TRUE,post_treatment
log_under5_mort,heritage_Tax.Burden,22,-0.013223109047010953,0.12198640315521878,-0.25231645923123974,0.22587024113721785,TRUE,post_treatment
log_under5_mort,heritage_Tax.Burden,23,-0.012343402994778003,0.11731024167488883,-0.24227147667756013,0.2175846706880041,TRUE,post_treatment
log_under5_mort,heritage_Tax.Burden,24,-0.009828079689729095,0.12291076157932632,-0.25073317238520865,0.23107701300575048,TRUE,post_treatment
log_under5_mort,heritage_Tax.Burden,25,5.620224042219568e-4,0.1481757942631891,-0.2898625343516287,0.29098657916007264,TRUE,post_treatment
log_under5_mort,heritage_Tax.Burden,26,0.12730804487707478,0.1524700177054115,-0.17153318982553176,0.4261492795796813,TRUE,post_treatment
log_under5_mort,heritage_Trade.Freedom,0,0.0021334494448151794,0.005941593840181724,-0.009512074481941,0.013778973371571357,TRUE,post_treatment
log_under5_mort,heritage_Trade.Freedom,1,0.0083773551161226,0.010354301335766258,-0.011917075501979266,0.028671785734224468,TRUE,post_treatment
log_under5_mort,heritage_Trade.Freedom,2,0.00874459848091498,0.02058096740947935,-0.03159409764166454,0.049083294603494504,TRUE,post_treatment
log_under5_mort,heritage_Trade.Freedom,3,0.011695978288159993,0.0348681166081585,-0.056645530263830665,0.08003748684015065,TRUE,post_treatment
log_under5_mort,heritage_Trade.Freedom,4,0.019315411926658133,0.042705019038729544,-0.06438642538925178,0.10301724924256804,TRUE,post_treatment
log_under5_mort,heritage_Trade.Freedom,5,0.020575921897140807,0.04359109959545749,-0.06486263330995587,0.10601447710423748,TRUE,post_treatment
log_under5_mort,heritage_Trade.Freedom,6,0.030467262884716146,0.043935343950468594,-0.0556460112582023,0.11658053702763459,TRUE,post_treatment
log_under5_mort,heritage_Trade.Freedom,7,0.03113504392534851,0.05093755169939744,-0.06870255740547047,0.1309726452561675,TRUE,post_treatment
log_under5_mort,heritage_Trade.Freedom,8,0.029067168491752015,0.055375338459139105,-0.07946849488816063,0.13760283187166467,TRUE,post_treatment
log_under5_mort,heritage_Trade.Freedom,9,0.026292417362268544,0.06209567086970118,-0.09541509754234576,0.14799993226688285,TRUE,post_treatment
log_under5_mort,heritage_Trade.Freedom,10,0.025121587876507166,0.06280217377034136,-0.0979706727133619,0.14821384846637622,TRUE,post_treatment
log_under5_mort,heritage_Trade.Freedom,11,0.01876765045433157,0.0646645937108779,-0.10797495321898912,0.14551025412765226,TRUE,post_treatment
log_under5_mort,heritage_Trade.Freedom,12,0.025489922229815817,0.06298193207666028,-0.09795466464043832,0.14893450910006995,TRUE,post_treatment
log_under5_mort,heritage_Trade.Freedom,13,0.02004675425862597,0.07338449966041638,-0.12378686507579013,0.16388037359304208,TRUE,post_treatment
log_under5_mort,heritage_Trade.Freedom,14,0.01208430516140424,0.0697201877945133,-0.12456726291584183,0.1487358732386503,TRUE,post_treatment
log_under5_mort,heritage_Trade.Freedom,15,0.013797761282293985,0.06974473261361049,-0.12290191464038255,0.15049743720497052,TRUE,post_treatment
log_under5_mort,heritage_Trade.Freedom,16,0.008102701875385133,0.0842836260472366,-0.1570932051771986,0.1732986089279689,TRUE,post_treatment
log_under5_mort,heritage_Trade.Freedom,17,0.020910910019457777,0.09147866607598093,-0.15838727548946485,0.2002090955283804,TRUE,post_treatment
log_under5_mort,heritage_Trade.Freedom,18,0.02312572630755631,0.08167753413648789,-0.13696224059995996,0.18321369321507255,TRUE,post_treatment
log_under5_mort,heritage_Trade.Freedom,19,0.012900361668911908,0.0915962101870442,-0.16662821029769473,0.19242893363551852,TRUE,post_treatment
log_under5_mort,heritage_Trade.Freedom,20,0.012548179621656518,0.10555395562223607,-0.19433757339792618,0.21943393264123923,TRUE,post_treatment
log_under5_mort,heritage_Trade.Freedom,21,-0.012970823275883454,0.09420764066240946,-0.19761779897420598,0.17167615242243908,TRUE,post_treatment
log_under5_mort,heritage_Trade.Freedom,22,-0.046936232342496886,0.11089993373393446,-0.26430010246100843,0.17042763777601466,TRUE,post_treatment
log_under5_mort,heritage_Trade.Freedom,23,-0.06629176581413129,0.13265062790737156,-0.32628699651257953,0.19370346488431697,TRUE,post_treatment
log_under5_mort,heritage_Trade.Freedom,24,-0.12483894006543751,0.1152272000068644,-0.35068425207889176,0.10100637194801672,TRUE,post_treatment
log_under5_mort,heritage_Trade.Freedom,25,-0.24659410015057343,0.16834661721955954,-0.57655346990091,0.08336526959976326,TRUE,post_treatment
log_under5_mort,heritage_Trade.Freedom,26,-0.2098861484105826,0.14915731381986252,-0.5022344834975131,0.08246218667634794,TRUE,post_treatment
