outcome,component,event_time,att,se,ci_lower,ci_upper,ci_crosses_zero,period
GDP_per_capita_growth,fraser_FreeTrade,-25,-0.29245019286700885,1.4730876992167963,-3.179702083331929,2.594801697597912,TRUE,pre_treatment
GDP_per_capita_growth,fraser_FreeTrade,-24,-0.3292162112762446,1.1964112750438873,-2.674182310362264,2.0157498878097746,TRUE,pre_treatment
GDP_per_capita_growth,fraser_FreeTrade,-23,1.808391397020799,0.9622624720039903,-0.07764304810702205,3.69442584214862,TRUE,pre_treatment
GDP_per_capita_growth,fraser_FreeTrade,-22,1.017713104852371,2.347309301324245,-3.5830131257431495,5.618439335447891,TRUE,pre_treatment
GDP_per_capita_growth,fraser_FreeTrade,-21,-1.655178970029824,1.3058271724298258,-4.214600227992283,0.9042422879326344,TRUE,pre_treatment
GDP_per_capita_growth,fraser_FreeTrade,-20,0.36368846086535533,1.091462518291298,-1.7755780749855887,2.5029549967162996,TRUE,pre_treatment
GDP_per_capita_growth,fraser_FreeTrade,-19,0.24083053138645302,0.8099187786496745,-1.346610274766909,1.828271337539815,TRUE,pre_treatment
GDP_per_capita_growth,fraser_FreeTrade,-18,0.16704304335275433,0.9097623052589588,-1.616091074954805,1.9501771616603136,TRUE,pre_treatment
GDP_per_capita_growth,fraser_FreeTrade,-17,-0.8166225340219572,0.6571310797132476,-2.1045994502599226,0.4713543822160081,TRUE,pre_treatment
GDP_per_capita_growth,fraser_FreeTrade,-16,-0.00544014561165701,0.6449392675499216,-1.2695211100095034,1.2586408187861893,TRUE,pre_treatment
GDP_per_capita_growth,fraser_FreeTrade,-15,0.7389688616041928,0.5787849088422569,-0.39544955972663065,1.8733872829350164,TRUE,pre_treatment
GDP_per_capita_growth,fraser_FreeTrade,-14,-0.5579905768790764,0.40361177658820124,-1.3490696589919509,0.2330885052337981,TRUE,pre_treatment
GDP_per_capita_growth,fraser_FreeTrade,-13,0.6836776668927865,0.5148043809862534,-0.32533891984026997,1.692694253625843,TRUE,pre_treatment
GDP_per_capita_growth,fraser_FreeTrade,-12,0.06102373825102439,0.6204845088605867,-1.1551258991157256,1.2771733756177743,TRUE,pre_treatment
GDP_per_capita_growth,fraser_FreeTrade,-11,-0.10253471526562767,0.4847458819950855,-1.0526366439759953,0.84756721344474,TRUE,pre_treatment
GDP_per_capita_growth,fraser_FreeTrade,-10,-0.3309531140860166,0.48846355642044786,-1.2883416846700944,0.6264354564980612,TRUE,pre_treatment
GDP_per_capita_growth,fraser_FreeTrade,-9,-1.3637180107686162,1.2515514990482042,-3.816758948903096,1.0893229273658638,TRUE,pre_treatment
GDP_per_capita_growth,fraser_FreeTrade,-8,2.2177707473828834,2.1142272463623404,-1.9261146554873037,6.36165615025307,TRUE,pre_treatment
GDP_per_capita_growth,fraser_FreeTrade,-7,-1.1204413316734698,1.3885463283271329,-3.8419921351946504,1.6011094718477106,TRUE,pre_treatment
GDP_per_capita_growth,fraser_FreeTrade,-6,0.21688890864244198,0.39707386442031356,-0.5613758656213725,0.9951536829062566,TRUE,pre_treatment
GDP_per_capita_growth,fraser_FreeTrade,-5,-0.15211500785439402,0.48779987971544725,-1.1082027720966705,0.8039727563878826,TRUE,pre_treatment
GDP_per_capita_growth,fraser_FreeTrade,-4,0.41059824243247206,0.42170376059421527,-0.4159411283321898,1.237137613197134,TRUE,pre_treatment
GDP_per_capita_growth,fraser_FreeTrade,-3,0.1673420273759602,0.5172704249020967,-0.8465080054321492,1.1811920601840697,TRUE,pre_treatment
GDP_per_capita_growth,fraser_FreeTrade,-2,-0.6341474647197028,0.6660274990799515,-1.939561362916408,0.6712664334770021,TRUE,pre_treatment
GDP_per_capita_growth,fraser_FreeTrade,-1,0.5088511938040193,1.0291729622877759,-1.5083278122800214,2.5260301998880603,TRUE,pre_treatment
GDP_per_capita_growth,fraser_FreeTrade,0,0.07156124707743682,0.8315314918466477,-1.5582404769419926,1.701362971096866,TRUE,post_treatment
GDP_per_capita_growth,fraser_FreeTrade,1,2.3082614365198584,1.444747793427854,-0.5234442385987355,5.139967111638452,TRUE,post_treatment
GDP_per_capita_growth,fraser_FreeTrade,2,1.2332607070794501,1.1706267636680139,-1.061167749709857,3.5276891638687573,TRUE,post_treatment
GDP_per_capita_growth,fraser_FreeTrade,3,1.5899589932675444,1.463213729114351,-1.2779399157965834,4.457857902331672,TRUE,post_treatment
GDP_per_capita_growth,fraser_FreeTrade,4,0.4282804194448844,1.5615300419813989,-2.632318462838658,3.488879301728426,TRUE,post_treatment
GDP_per_capita_growth,fraser_FreeTrade,5,1.0653811821695867,1.2967016573015222,-1.4761540661413968,3.6069164304805703,TRUE,post_treatment
GDP_per_capita_growth,fraser_FreeTrade,6,1.0391670291648756,1.8131526359823082,-2.514612137360449,4.5929461956902,TRUE,post_treatment
GDP_per_capita_growth,fraser_FreeTrade,7,0.8212850618252268,1.7026339166458018,-2.5158774148005447,4.158447538450998,TRUE,post_treatment
GDP_per_capita_growth,fraser_FreeTrade,8,0.05245362347453993,1.8637338822618121,-3.600464785758612,3.7053720327076918,TRUE,post_treatment
GDP_per_capita_growth,fraser_FreeTrade,9,-0.5032081875343938,1.808092276761119,-4.047069049986187,3.0406526749173994,TRUE,post_treatment
GDP_per_capita_growth,fraser_FreeTrade,10,0.8878559336039199,1.3741739227601506,-1.8055249550059753,3.5812368222138153,TRUE,post_treatment
GDP_per_capita_growth,fraser_FreeTrade,11,1.2121676904006413,1.233586680052137,-1.205662202501547,3.6299975833028295,TRUE,post_treatment
GDP_per_capita_growth,fraser_FreeTrade,12,0.4765478919970402,1.136294101268493,-1.750588546489206,2.7036843304832865,TRUE,post_treatment
GDP_per_capita_growth,fraser_FreeTrade,13,0.8995534242862768,1.3858150440516182,-1.8166440620548947,3.6157509106274484,TRUE,post_treatment
GDP_per_capita_growth,fraser_FreeTrade,14,1.086416974254687,1.1904836447505647,-1.24693096945642,3.419764917965794,TRUE,post_treatment
GDP_per_capita_growth,fraser_FreeTrade,15,0.29893158434232237,1.293004003526587,-2.2353562625697885,2.8332194312544328,TRUE,post_treatment
GDP_per_capita_growth,fraser_FreeTrade,16,0.2350616242172449,1.1539298250569276,-2.026640832894333,2.496764081328823,TRUE,post_treatment
GDP_per_capita_growth,fraser_FreeTrade,17,1.01419196679155,1.5343946523345169,-1.9932215517841032,4.021605485367203,TRUE,post_treatment
GDP_per_capita_growth,fraser_FreeTrade,18,-0.006423210499218679,1.987376224057123,-3.90168060965118,3.8888341886527424,TRUE,post_treatment
GDP_per_capita_growth,fraser_FreeTrade,19,-0.8545791254089001,2.1008279322135395,-4.972201872547438,3.2630436217296372,TRUE,post_treatment
GDP_per_capita_growth,fraser_FreeTrade,20,-3.0124388182274084,5.451809841991088,-13.697986108529943,7.673108472075125,TRUE,post_treatment
GDP_per_capita_growth,fraser_FreeTrade,21,-3.65982869210984,1.6173802592507576,-6.829894000241325,-0.4897633839783553,FALSE,post_treatment
GDP_per_capita_growth,fraser_LegalSystem,-22,-1.078770117553151,1.044240311329284,-3.1254811277585475,0.9679408926522457,TRUE,pre_treatment
GDP_per_capita_growth,fraser_LegalSystem,-21,2.932395805498018,1.932891100833679,-0.8560707521359929,6.72086236313203,TRUE,pre_treatment
GDP_per_capita_growth,fraser_LegalSystem,-20,-3.3375804465913923,2.5511794718800935,-8.337892211476376,1.6627313182935906,TRUE,pre_treatment
GDP_per_capita_growth,fraser_LegalSystem,-19,3.0769265605652985,0.5618395586005673,1.9757210257081865,4.17813209542241,FALSE,pre_treatment
GDP_per_capita_growth,fraser_LegalSystem,-18,-2.173794397186147,3.0758455767807766,-8.202451727676468,3.854862933304175,TRUE,pre_treatment
GDP_per_capita_growth,fraser_LegalSystem,-17,2.227769714731491,3.2781471187520936,-4.197398638022612,8.652938067485595,TRUE,pre_treatment
GDP_per_capita_growth,fraser_LegalSystem,-16,4.032599590617346,1.6319136228762017,0.8340488897799911,7.231150291454702,FALSE,pre_treatment
GDP_per_capita_growth,fraser_LegalSystem,-15,-0.6395174281369098,1.1857397202401503,-2.963567279807604,1.6845324235337846,TRUE,pre_treatment
GDP_per_capita_growth,fraser_LegalSystem,-14,0.08842900365239596,1.1653702157897246,-2.195696619295464,2.3725546266002557,TRUE,pre_treatment
GDP_per_capita_growth,fraser_LegalSystem,-13,-0.7341554161462311,2.4170528990141653,-5.471579098213995,4.003268265921532,TRUE,pre_treatment
GDP_per_capita_growth,fraser_LegalSystem,-12,3.5030914040327175,5.798357656159364,-7.861689602039636,14.867872410105072,TRUE,pre_treatment
GDP_per_capita_growth,fraser_LegalSystem,-11,-4.192050578927066,2.3765957017393684,-8.850178154336227,0.4660769964820952,TRUE,pre_treatment
GDP_per_capita_growth,fraser_LegalSystem,-10,-0.3702777034343196,0.9952007880309177,-2.3208712479749183,1.580315841106279,TRUE,pre_treatment
GDP_per_capita_growth,fraser_LegalSystem,-9,-0.8023557014897637,0.787271703327786,-2.3454082400122243,0.7406968370326968,TRUE,pre_treatment
GDP_per_capita_growth,fraser_LegalSystem,-8,-0.13836155843840442,0.7365951886601144,-1.5820881282122286,1.3053650113354198,TRUE,pre_treatment
GDP_per_capita_growth,fraser_LegalSystem,-7,1.481839337102046,1.3075911202550774,-1.0810392585979056,4.044717932801998,TRUE,pre_treatment
GDP_per_capita_growth,fraser_LegalSystem,-6,-1.4669634300217198,0.9614134948342334,-3.351333879896817,0.4174070198533777,TRUE,pre_treatment
GDP_per_capita_growth,fraser_LegalSystem,-5,0.6047479861411895,0.6736909015005421,-0.7156861807998729,1.925182153082252,TRUE,pre_treatment
GDP_per_capita_growth,fraser_LegalSystem,-4,-0.5711313368953453,0.4203720061043532,-1.3950604688598776,0.252797795069187,TRUE,pre_treatment
GDP_per_capita_growth,fraser_LegalSystem,-3,0.2278701926524997,0.41294671762857077,-0.5815053738994991,1.0372457592044984,TRUE,pre_treatment
GDP_per_capita_growth,fraser_LegalSystem,-2,-0.12094583462583315,0.4725545088470516,-1.0471526719660542,0.8052610027143879,TRUE,pre_treatment
GDP_per_capita_growth,fraser_LegalSystem,-1,-0.14081032572025187,0.6897910827638316,-1.492800847937362,1.211180196496858,TRUE,pre_treatment
GDP_per_capita_growth,fraser_LegalSystem,0,-0.3096858978135088,0.5482896951004769,-1.3843337002104434,0.7649619045834257,TRUE,post_treatment
GDP_per_capita_growth,fraser_LegalSystem,1,0.4107441768399777,0.5990231473280992,-0.7633411919230968,1.5848295456030523,TRUE,post_treatment
GDP_per_capita_growth,fraser_LegalSystem,2,0.6930929668806067,0.6478139109699277,-0.5766222986204514,1.962808232381665,TRUE,post_treatment
GDP_per_capita_growth,fraser_LegalSystem,3,0.9473055381186551,0.5939104389447456,-0.21675892221304627,2.1113699984503564,TRUE,post_treatment
GDP_per_capita_growth,fraser_LegalSystem,4,-0.1025423954182454,0.8357108580850747,-1.7405356772649918,1.535450886428501,TRUE,post_treatment
GDP_per_capita_growth,fraser_LegalSystem,5,0.0900619218273695,0.8957567193644824,-1.665621248127016,1.845745091781755,TRUE,post_treatment
GDP_per_capita_growth,fraser_LegalSystem,6,-0.29754544017008405,0.8510206407630906,-1.9655458960657417,1.3704550157255735,TRUE,post_treatment
GDP_per_capita_growth,fraser_LegalSystem,7,-0.1250120859108678,0.6807467304309961,-1.4592756775556202,1.2092515057338844,TRUE,post_treatment
GDP_per_capita_growth,fraser_LegalSystem,8,0.6988346884132863,0.8261968386409047,-0.9205111153228867,2.3181804921494593,TRUE,post_treatment
GDP_per_capita_growth,fraser_LegalSystem,9,0.21805936406829082,0.8872825785916145,-1.5210144899712736,1.9571332181078553,TRUE,post_treatment
GDP_per_capita_growth,fraser_LegalSystem,10,-0.99574419048811,1.2055371121316036,-3.358596930266053,1.3671085492898332,TRUE,post_treatment
GDP_per_capita_growth,fraser_LegalSystem,11,0.19701724513250832,1.2050547033335541,-2.164889973401258,2.5589244636662745,TRUE,post_treatment
GDP_per_capita_growth,fraser_LegalSystem,12,-0.3439651582850057,0.8816012049532581,-2.0719035199933917,1.3839732034233803,TRUE,post_treatment
GDP_per_capita_growth,fraser_LegalSystem,13,-0.19940392378930985,0.9524492759300067,-2.066204504612123,1.6673966570335033,TRUE,post_treatment
GDP_per_capita_growth,fraser_LegalSystem,14,-0.11308820277381876,1.084940612158472,-2.239571802604424,2.013395397056786,TRUE,post_treatment
GDP_per_capita_growth,fraser_LegalSystem,15,-0.14166956089803673,0.9790819170597214,-2.0606701183350906,1.7773309965390172,TRUE,post_treatment
GDP_per_capita_growth,fraser_LegalSystem,16,1.1098362016590966,1.1607592441581496,-1.1652519168908766,3.3849243202090697,TRUE,post_treatment
GDP_per_capita_growth,fraser_LegalSystem,17,1.0289630889272094,1.2030477169197813,-1.329010436235562,3.386936614089981,TRUE,post_treatment
GDP_per_capita_growth,fraser_LegalSystem,18,0.18725091777140812,1.6462277972748744,-3.0393555648873454,3.413857400430162,TRUE,post_treatment
GDP_per_capita_growth,fraser_LegalSystem,19,-2.2912655171626866,2.41751895174383,-7.029602662580594,2.44707162825522,TRUE,post_treatment
GDP_per_capita_growth,fraser_LegalSystem,20,3.0460529105975103,2.359209916435963,-1.577998525616977,7.670104346811998,TRUE,post_treatment
GDP_per_capita_growth,fraser_LegalSystem,21,-1.8561725297683296,2.4570713333115717,-6.67203234305901,2.959687283522351,TRUE,post_treatment
GDP_per_capita_growth,fraser_Regulation,-25,-4.031780415956484,1.1273919985300558,-6.2414687330753935,-1.8220920988375746,FALSE,pre_treatment
GDP_per_capita_growth,fraser_Regulation,-24,6.108945543236456,1.3995894163266038,3.3657502872363128,8.852140799236599,FALSE,pre_treatment
GDP_per_capita_growth,fraser_Regulation,-23,2.3707704683274042,0.5092026061499205,1.37273336027356,3.3688075763812484,FALSE,pre_treatment
GDP_per_capita_growth,fraser_Regulation,-22,-3.3370825917184783,0.6225868536221985,-4.557352824817987,-2.1168123586189695,FALSE,pre_treatment
GDP_per_capita_growth,fraser_Regulation,-21,-0.6180792546434863,1.03978115092039,-2.6560503104474504,1.419891801160478,TRUE,pre_treatment
GDP_per_capita_growth,fraser_Regulation,-20,0.34301089730908724,1.0243527151622147,-1.6647204244088536,2.350742219027028,TRUE,pre_treatment
GDP_per_capita_growth,fraser_Regulation,-19,1.1873013674464183,1.8643403196714017,-2.466805659109529,4.841408394002366,TRUE,pre_treatment
GDP_per_capita_growth,fraser_Regulation,-18,1.6787572861611733,2.175736345796278,-2.5856859515995314,5.9432005239218775,TRUE,pre_treatment
GDP_per_capita_growth,fraser_Regulation,-17,-1.112298590825636,2.046845053550477,-5.124114895784571,2.899517714133299,TRUE,pre_treatment
GDP_per_capita_growth,fraser_Regulation,-16,-0.3066028755656195,0.6598041101387776,-1.5998189314376234,0.9866131803063846,TRUE,pre_treatment
GDP_per_capita_growth,fraser_Regulation,-15,-1.7188388166263586,1.3396789302033745,-4.344609519824973,0.9069318865722551,TRUE,pre_treatment
GDP_per_capita_growth,fraser_Regulation,-14,-0.20060537540272078,1.7921014860687383,-3.7131242880974478,3.311913537292006,TRUE,pre_treatment
GDP_per_capita_growth,fraser_Regulation,-13,-0.9994004212313871,1.1831845085686161,-3.318442058025875,1.3196412155631005,TRUE,pre_treatment
GDP_per_capita_growth,fraser_Regulation,-12,2.1806400186459225,2.4915093421729435,-2.7027182920130466,7.063998329304892,TRUE,pre_treatment
GDP_per_capita_growth,fraser_Regulation,-11,0.3271024432518398,1.0119793438702693,-1.656377070733888,2.3105819572375674,TRUE,pre_treatment
GDP_per_capita_growth,fraser_Regulation,-10,0.12054275306220753,0.638849267121735,-1.1316018104963927,1.372687316620808,TRUE,pre_treatment
GDP_per_capita_growth,fraser_Regulation,-9,-0.10761347700462902,0.7452260823294043,-1.5682565983702617,1.3530296443610035,TRUE,pre_treatment
GDP_per_capita_growth,fraser_Regulation,-8,-0.46369648597303964,0.61897125267193,-1.6768801412100225,0.7494871692639431,TRUE,pre_treatment
GDP_per_capita_growth,fraser_Regulation,-7,0.8548178005858607,1.5196989338350975,-2.12379210973093,3.8334277109026518,TRUE,pre_treatment
GDP_per_capita_growth,fraser_Regulation,-6,-0.24943538370440177,0.9698146862532431,-2.150272168760758,1.6514014013519547,TRUE,pre_treatment
GDP_per_capita_growth,fraser_Regulation,-5,0.040624465834790006,0.4661261826690894,-0.8729828521966252,0.9542317838662051,TRUE,pre_treatment
GDP_per_capita_growth,fraser_Regulation,-4,-0.36659158471310155,0.5760956071713624,-1.495738974768972,0.7625558053427688,TRUE,pre_treatment
GDP_per_capita_growth,fraser_Regulation,-3,0.6512993500465933,0.65326208500369,-0.629094336560639,1.9316930366538256,TRUE,pre_treatment
GDP_per_capita_growth,fraser_Regulation,-2,0.1782867093025097,0.7113647735862724,-1.2159882469265841,1.5725616655316037,TRUE,pre_treatment
GDP_per_capita_growth,fraser_Regulation,-1,-0.1892510985977683,0.4939557881930086,-1.157404443456065,0.7789022462605285,TRUE,pre_treatment
GDP_per_capita_growth,fraser_Regulation,0,0.8580666118114386,0.5007923272573515,-0.12348634961297023,1.8396195732358476,TRUE,post_treatment
GDP_per_capita_growth,fraser_Regulation,1,1.0795194338415859,0.7006251926396447,-0.29370594373211767,2.4527448114152897,TRUE,post_treatment
GDP_per_capita_growth,fraser_Regulation,2,0.16204829921009856,0.5721275207474013,-0.9593216414548079,1.283418239875005,TRUE,post_treatment
GDP_per_capita_growth,fraser_Regulation,3,1.493612011725611,0.5787295917524552,0.359302011890799,2.627922011560423,FALSE,post_treatment
GDP_per_capita_growth,fraser_Regulation,4,1.2164018928193518,0.5882108921270182,0.0635085442503962,2.3692952413883077,FALSE,post_treatment
GDP_per_capita_growth,fraser_Regulation,5,1.1783475701474784,0.6360582735088862,-0.06832664592993853,2.425021786224895,TRUE,post_treatment
GDP_per_capita_growth,fraser_Regulation,6,1.5153070386696013,0.6565849177449117,0.2284005998895744,2.8022134774496283,FALSE,post_treatment
GDP_per_capita_growth,fraser_Regulation,7,0.9632690333428322,0.721603726490585,-0.4510742705787143,2.3776123372643787,TRUE,post_treatment
GDP_per_capita_growth,fraser_Regulation,8,1.7571198635070053,0.6673988941145444,0.44901803104249827,3.0652216959715126,FALSE,post_treatment
GDP_per_capita_growth,fraser_Regulation,9,1.7071549039248266,0.8051874037615607,0.12898759255216752,3.2853222152974855,FALSE,post_treatment
GDP_per_capita_growth,fraser_Regulation,10,1.7786176962500961,0.9431186662424675,-0.06989488958514012,3.627130282085332,TRUE,post_treatment
GDP_per_capita_growth,fraser_Regulation,11,1.4299443945473542,0.9134873503766,-0.3604908121907817,3.22037960128549,TRUE,post_treatment
GDP_per_capita_growth,fraser_Regulation,12,1.1425686538885549,0.8065334072137185,-0.4382368242503334,2.723374132027443,TRUE,post_treatment
GDP_per_capita_growth,fraser_Regulation,13,1.2172242545686727,1.3550469995615029,-1.438667864571873,3.8731163737092182,TRUE,post_treatment
GDP_per_capita_growth,fraser_Regulation,14,0.6117657024418459,0.9632318513981971,-1.2761687262986203,2.499700131182312,TRUE,post_treatment
GDP_per_capita_growth,fraser_Regulation,15,1.8129846223611075,1.3719285392543754,-0.8759953145774684,4.501964559299683,TRUE,post_treatment
GDP_per_capita_growth,fraser_Regulation,16,-0.5629722095772383,0.8553398059473319,-2.239438229234009,1.1134938100795324,TRUE,post_treatment
GDP_per_capita_growth,fraser_Regulation,17,1.035230677895658,0.977312031561299,-0.880300903964488,2.9507622597558036,TRUE,post_treatment
GDP_per_capita_growth,fraser_Regulation,18,0.9285939808305057,1.0912921265611097,-1.2103385872292696,3.0675265488902808,TRUE,post_treatment
GDP_per_capita_growth,fraser_Regulation,19,1.6114022606533103,1.7696061997544803,-1.857025890865471,5.079830412172091,TRUE,post_treatment
GDP_per_capita_growth,fraser_Regulation,20,-3.834116878865352,4.202576400412328,-12.071166623673514,4.402932865942811,TRUE,post_treatment
GDP_per_capita_growth,fraser_Regulation,21,1.6017713000041993,1.617273778156184,-1.5680853051819212,4.77162790519032,TRUE,post_treatment
GDP_per_capita_growth,fraser_SizeGov,-24,1.064132542929394,0.6811861192237438,-0.270992250749144,2.399257336607932,TRUE,pre_treatment
GDP_per_capita_growth,fraser_SizeGov,-23,1.959450002702026,1.0822800652140956,-0.16181892511760143,4.080718930521654,TRUE,pre_treatment
GDP_per_capita_growth,fraser_SizeGov,-22,0.7028212381539823,0.4912310986389783,-0.25999171517841513,1.66563419148638,TRUE,pre_treatment
GDP_per_capita_growth,fraser_SizeGov,-21,0.14857256602290636,1.6040947674408288,-2.995453178161118,3.2925983102069307,TRUE,pre_treatment
GDP_per_capita_growth,fraser_SizeGov,-20,2.0250793724510316,0.5673166362982518,0.9131387653064582,3.137019979595605,FALSE,pre_treatment
GDP_per_capita_growth,fraser_SizeGov,-19,-7.399342131507724,4.143288548479994,-15.520187686528512,0.721503423513064,TRUE,pre_treatment
GDP_per_capita_growth,fraser_SizeGov,-18,7.158678420162174,3.4205240400824257,0.45445130160061886,13.862905538723728,FALSE,pre_treatment
GDP_per_capita_growth,fraser_SizeGov,-17,-2.3303884257658694,2.083897755443968,-6.414828026436046,1.754051174904308,TRUE,pre_treatment
GDP_per_capita_growth,fraser_SizeGov,-16,0.27053976167720606,1.4757177124895275,-2.6218669548022677,3.16294647815668,TRUE,pre_treatment
GDP_per_capita_growth,fraser_SizeGov,-15,-1.0320325706050948,1.438948399042573,-3.852371432728538,1.7883062915183485,TRUE,pre_treatment
GDP_per_capita_growth,fraser_SizeGov,-14,-0.2195002478419442,2.52497708488293,-5.168455334212487,4.729454838528598,TRUE,pre_treatment
GDP_per_capita_growth,fraser_SizeGov,-13,0.684240197007203,2.484001755886501,-4.184403244530339,5.5528836385447455,TRUE,pre_treatment
GDP_per_capita_growth,fraser_SizeGov,-12,-0.5258919153044014,1.2090622843677459,-2.895653992665183,1.8438701620563807,TRUE,pre_treatment
GDP_per_capita_growth,fraser_SizeGov,-11,1.4258199549266481,0.8480397222557012,-0.23633790069452631,3.0879778105478226,TRUE,pre_treatment
GDP_per_capita_growth,fraser_SizeGov,-10,-1.1189458619852595,0.654467814112006,-2.4017027776447915,0.1638110536742723,TRUE,pre_treatment
GDP_per_capita_growth,fraser_SizeGov,-9,-0.900006626615317,1.0028868303402956,-2.8656648140822965,1.0656515608516623,TRUE,pre_treatment
GDP_per_capita_growth,fraser_SizeGov,-8,1.3271586199915484,0.8059928770386109,-0.25258741900412884,2.9069046589872256,TRUE,pre_treatment
GDP_per_capita_growth,fraser_SizeGov,-7,-1.1977231141372433,0.8715845641063302,-2.9060288597856507,0.5105826315111639,TRUE,pre_treatment
GDP_per_capita_growth,fraser_SizeGov,-6,1.2951222003464276,1.3390825670297726,-1.3294796310319268,3.919724031724782,TRUE,pre_treatment
GDP_per_capita_growth,fraser_SizeGov,-5,0.3450442344780366,1.9281515066867188,-3.4341327186279322,4.124221187584006,TRUE,pre_treatment
GDP_per_capita_growth,fraser_SizeGov,-4,-0.30379046862837406,1.2077150291409733,-2.6709119257446816,2.0633309884879334,TRUE,pre_treatment
GDP_per_capita_growth,fraser_SizeGov,-3,-0.9191152934276098,1.0399824794433032,-2.9574809531364843,1.1192503662812645,TRUE,pre_treatment
GDP_per_capita_growth,fraser_SizeGov,-2,1.3280675927393573,2.0005253013044957,-2.5929619978174543,5.249097183296168,TRUE,pre_treatment
GDP_per_capita_growth,fraser_SizeGov,-1,-1.2649347734415042,1.019917904366177,-3.263973865999211,0.7341043191162027,TRUE,pre_treatment
GDP_per_capita_growth,fraser_SizeGov,0,-1.1793610828457897,1.419222390774427,-3.9610369687636666,1.602314803072087,TRUE,post_treatment
GDP_per_capita_growth,fraser_SizeGov,1,0.8154307264272593,1.2901464412685446,-1.713256298459088,3.3441177513136067,TRUE,post_treatment
GDP_per_capita_growth,fraser_SizeGov,2,0.8396783030810548,0.8007058173104072,-0.7297050988473432,2.409061705009453,TRUE,post_treatment
GDP_per_capita_growth,fraser_SizeGov,3,0.7076298189525936,0.8089199949191179,-0.8778533710888776,2.293113008994065,TRUE,post_treatment
GDP_per_capita_growth,fraser_SizeGov,4,0.33918151915921324,0.92159061720008,-1.4671360905529434,2.14549912887137,TRUE,post_treatment
GDP_per_capita_growth,fraser_SizeGov,5,0.29543907251998286,1.0571010334442759,-1.7764789530307978,2.3673570980707637,TRUE,post_treatment
GDP_per_capita_growth,fraser_SizeGov,6,1.5919120738322374,0.890471981715811,-0.15341301033075205,3.3372371579952267,TRUE,post_treatment
GDP_per_capita_growth,fraser_SizeGov,7,1.0575603713731614,0.862778787278677,-0.6334860516930454,2.748606794439368,TRUE,post_treatment
GDP_per_capita_growth,fraser_SizeGov,8,0.7894039226161683,0.7761271481814441,-0.7318052878194622,2.310613133051799,TRUE,post_treatment
GDP_per_capita_growth,fraser_SizeGov,9,0.49411035078180376,0.8254076826008824,-1.1236887071159258,2.111909408679533,TRUE,post_treatment
GDP_per_capita_growth,fraser_SizeGov,10,0.0486951630564195,1.1312185498155085,-2.1684931945819774,2.2658835206948162,TRUE,post_treatment
GDP_per_capita_growth,fraser_SizeGov,11,0.13838813999421787,0.832955719204789,-1.4942050696471683,1.7709813496356042,TRUE,post_treatment
GDP_per_capita_growth,fraser_SizeGov,12,-0.18074825634282185,0.6983975939302577,-1.549607540446127,1.1881110277604834,TRUE,post_treatment
GDP_per_capita_growth,fraser_SizeGov,13,-0.13033189063164688,1.0274779868679211,-2.1441887448927726,1.8835249636294786,TRUE,post_treatment
GDP_per_capita_growth,fraser_SizeGov,14,0.7645585672441555,0.8597269728542917,-0.9205062995502562,2.449623434038567,TRUE,post_treatment
GDP_per_capita_growth,fraser_SizeGov,15,2.5114815479928523,1.3815006448343052,-0.19625971588238578,5.21922281186809,TRUE,post_treatment
GDP_per_capita_growth,fraser_SizeGov,16,0.4080582249995468,0.9562804715916854,-1.4662514993201565,2.28236794931925,TRUE,post_treatment
GDP_per_capita_growth,fraser_SizeGov,17,1.4262288428635372,1.8015985419444889,-2.1049042993476608,4.957361985074735,TRUE,post_treatment
GDP_per_capita_growth,fraser_SizeGov,18,-1.4908605554102432,1.5885547834175209,-4.604427930908584,1.6227068200880979,TRUE,post_treatment
GDP_per_capita_growth,fraser_SizeGov,19,-0.36274483109566746,1.4500026867933733,-3.2047500972106793,2.479260435019344,TRUE,post_treatment
GDP_per_capita_growth,fraser_SizeGov,20,-0.42246653318066507,1.291261626609818,-2.9533393213359083,2.1084062549745783,TRUE,post_treatment
GDP_per_capita_growth,fraser_SizeGov,21,1.1986789004757323,0.8274682654278892,-0.42315889976293053,2.8205167007143954,TRUE,post_treatment
GDP_per_capita_growth,fraser_SoundMoney,-23,-1.7601694383963051,0.7946004216425919,-3.3175862648157852,-0.20275261197682504,FALSE,pre_treatment
GDP_per_capita_growth,fraser_SoundMoney,-22,0.6418031716372825,0.3034215510781468,0.04709693152411487,1.23650941175045,FALSE,pre_treatment
GDP_per_capita_growth,fraser_SoundMoney,-21,0.14519894163916142,1.0695646949992155,-1.951147860559301,2.241545743837624,TRUE,pre_treatment
GDP_per_capita_growth,fraser_SoundMoney,-20,-0.1416995550190217,1.2979216185184668,-2.6856259273152165,2.402226817277173,TRUE,pre_treatment
GDP_per_capita_growth,fraser_SoundMoney,-19,1.2935640286960894,1.3676079949028344,-1.386947641313466,3.974075698705645,TRUE,pre_treatment
GDP_per_capita_growth,fraser_SoundMoney,-18,-1.1276204472990887,1.2634916505071392,-3.6040640822930814,1.348823187694904,TRUE,pre_treatment
GDP_per_capita_growth,fraser_SoundMoney,-17,-0.32845369621108966,0.7266718747339402,-1.7527305706896126,1.095823178267433,TRUE,pre_treatment
GDP_per_capita_growth,fraser_SoundMoney,-16,3.425380524444288,5.174474802817561,-6.716590089078132,13.567351137966707,TRUE,pre_treatment
GDP_per_capita_growth,fraser_SoundMoney,-15,-4.150142151965017,4.315319168164576,-12.608167721567586,4.307883417637552,TRUE,pre_treatment
GDP_per_capita_growth,fraser_SoundMoney,-14,1.0180135521415952,1.0721884595991371,-1.0834758286727137,3.1195029329559043,TRUE,pre_treatment
GDP_per_capita_growth,fraser_SoundMoney,-13,-0.15140346054737028,0.9529277161454778,-2.019141784192507,1.7163348630977662,TRUE,pre_treatment
GDP_per_capita_growth,fraser_SoundMoney,-12,0.2897095372908784,1.1891159637371,-2.040957751633838,2.6203768262155944,TRUE,pre_treatment
GDP_per_capita_growth,fraser_SoundMoney,-11,-0.07432104055415684,0.606237693782337,-1.2625469203675375,1.113904839259224,TRUE,pre_treatment
GDP_per_capita_growth,fraser_SoundMoney,-10,-0.9125853521253199,1.5670937174144877,-3.9840890382577157,2.1589183340070757,TRUE,pre_treatment
GDP_per_capita_growth,fraser_SoundMoney,-9,0.7816200913836764,1.5070967273360454,-2.1722894941949726,3.7355296769623254,TRUE,pre_treatment
GDP_per_capita_growth,fraser_SoundMoney,-8,0.26305844120117455,0.5092718458860713,-0.7351143767355253,1.2612312591378743,TRUE,pre_treatment
GDP_per_capita_growth,fraser_SoundMoney,-7,0.3772133811622676,0.6774821186999388,-0.9506515714896124,1.7050783338141475,TRUE,pre_treatment
GDP_per_capita_growth,fraser_SoundMoney,-6,-0.7331451175216871,0.7531214599767481,-2.2092631790761135,0.7429729440327392,TRUE,pre_treatment
GDP_per_capita_growth,fraser_SoundMoney,-5,1.0379216632101498,0.7853785954721092,-0.5014203839151843,2.577263710335484,TRUE,pre_treatment
GDP_per_capita_growth,fraser_SoundMoney,-4,-0.20240467615408436,0.6459349062786363,-1.4684370924602113,1.0636277401520426,TRUE,pre_treatment
GDP_per_capita_growth,fraser_SoundMoney,-3,-1.5641427309619331,0.849193448436684,-3.2285618898978337,0.10027642797396741,TRUE,pre_treatment
GDP_per_capita_growth,fraser_SoundMoney,-2,1.081005241914421,1.3277631446785911,-1.5214105216556175,3.683421005484459,TRUE,pre_treatment
GDP_per_capita_growth,fraser_SoundMoney,-1,0.41467693195808464,1.5238148148242336,-2.5720001050974135,3.4013539690135826,TRUE,pre_treatment
GDP_per_capita_growth,fraser_SoundMoney,0,0.5069555915021439,0.687437658003178,-0.8404222181840851,1.8543334011883728,TRUE,post_treatment
GDP_per_capita_growth,fraser_SoundMoney,1,0.4920578702214068,0.6872411421783213,-0.8549347684481029,1.8390505088909164,TRUE,post_treatment
GDP_per_capita_growth,fraser_SoundMoney,2,1.202243868357846,0.8156297426432761,-0.39639042722297524,2.800878163938667,TRUE,post_treatment
GDP_per_capita_growth,fraser_SoundMoney,3,1.4385826108073618,0.6844049863143284,0.09714883763127813,2.7800163839834457,FALSE,post_treatment
GDP_per_capita_growth,fraser_SoundMoney,4,1.2102707934561174,0.7057939932935059,-0.17308543339915405,2.5936270203113887,TRUE,post_treatment
GDP_per_capita_growth,fraser_SoundMoney,5,0.6153252607870779,0.7394442273667284,-0.8339854248517097,2.0646359464258657,TRUE,post_treatment
GDP_per_capita_growth,fraser_SoundMoney,6,0.7824446540628427,0.7098438293239046,-0.6088492514120103,2.1737385595376955,TRUE,post_treatment
GDP_per_capita_growth,fraser_SoundMoney,7,0.304469199825382,0.7941916376250399,-1.2521464099196962,1.86108480957046,TRUE,post_treatment
GDP_per_capita_growth,fraser_SoundMoney,8,-1.4007693365422427,1.155931161548187,-3.6663944131766897,0.8648557400922041,TRUE,post_treatment
GDP_per_capita_growth,fraser_SoundMoney,9,0.9524706810685146,1.2466916013885014,-1.491044857652948,3.395986219789977,TRUE,post_treatment
GDP_per_capita_growth,fraser_SoundMoney,10,-0.5077934449089315,0.8668009777283806,-2.2067233612565573,1.1911364714386945,TRUE,post_treatment
GDP_per_capita_growth,fraser_SoundMoney,11,-1.2644632712437873,1.090625610059446,-3.4020894669603017,0.8731629244727268,TRUE,post_treatment
GDP_per_capita_growth,fraser_SoundMoney,12,-1.5001525550783683,1.0631436023857521,-3.5839140157544422,0.5836089055977058,TRUE,post_treatment
GDP_per_capita_growth,fraser_SoundMoney,13,-0.57381678720016,0.8470861556673601,-2.2341056523081857,1.0864720779078658,TRUE,post_treatment
GDP_per_capita_growth,fraser_SoundMoney,14,0.2807274009417493,1.3303788528436793,-2.326815150631862,2.8882699525153606,TRUE,post_treatment
GDP_per_capita_growth,fraser_SoundMoney,15,-1.1474354143544458,1.0825053262078344,-3.2691458537218008,0.9742750250129093,TRUE,post_treatment
GDP_per_capita_growth,fraser_SoundMoney,16,-0.052719708297994466,1.2595328547909763,-2.521404103688308,2.415964687092319,TRUE,post_treatment
GDP_per_capita_growth,fraser_SoundMoney,17,-0.9190363499124112,1.3347393033808697,-3.5351253845389157,1.6970526847140932,TRUE,post_treatment
GDP_per_capita_growth,fraser_SoundMoney,18,-0.08813204137675296,1.2671199078594586,-2.571687060781292,2.395422978027786,TRUE,post_treatment
GDP_per_capita_growth,fraser_SoundMoney,19,1.127828107511815,1.4131130808979475,-1.6418735310481618,3.897529746071792,TRUE,post_treatment
GDP_per_capita_growth,fraser_SoundMoney,20,-0.6343911478607982,1.6082355723314525,-3.786532869630445,2.517750573908849,TRUE,post_treatment
GDP_per_capita_growth,fraser_SoundMoney,21,-0.44169256448700767,2.641107097911118,-5.6182624763927995,4.7348773474187835,TRUE,post_treatment
GDP_per_capita_growth,heritage_Business.Freedom,-25,-0.05867074529118974,2.180298678894957,-4.332056155925306,4.214714665342926,TRUE,pre_treatment
GDP_per_capita_growth,heritage_Business.Freedom,-24,0.9265663380328791,2.2618667881519494,-3.506692566744942,5.3598252428107,TRUE,pre_treatment
GDP_per_capita_growth,heritage_Business.Freedom,-23,0.16874387752993167,1.5131263836157471,-2.796983834356933,3.134471589416796,TRUE,pre_treatment
GDP_per_capita_growth,heritage_Business.Freedom,-22,-0.5374891823136633,1.429681414832052,-3.339664755384485,2.264686390757159,TRUE,pre_treatment
GDP_per_capita_growth,heritage_Business.Freedom,-21,-0.2826273018518937,1.0304583651474966,-2.302325697540987,1.7370710938371994,TRUE,pre_treatment
GDP_per_capita_growth,heritage_Business.Freedom,-20,-0.8837629550506445,1.5689683335368816,-3.9589408887829327,2.1914149786816433,TRUE,pre_treatment
GDP_per_capita_growth,heritage_Business.Freedom,-19,2.0691490785726385,2.738430258335822,-3.298174227765573,7.43647238491085,TRUE,pre_treatment
GDP_per_capita_growth,heritage_Business.Freedom,-18,-2.6870116351698843,3.6392339756958823,-9.819910227533814,4.445886957194045,TRUE,pre_treatment
GDP_per_capita_growth,heritage_Business.Freedom,-17,0.5714613277396398,0.9547111278555803,-1.2997724828572976,2.4426951383365774,TRUE,pre_treatment
GDP_per_capita_growth,heritage_Business.Freedom,-16,-0.5676631704742796,1.3002842702289608,-3.116220340123043,1.9808939991744836,TRUE,pre_treatment
GDP_per_capita_growth,heritage_Business.Freedom,-15,2.7559410564524103,3.5363158153365224,-4.175237941607174,9.687120054511993,TRUE,pre_treatment
GDP_per_capita_growth,heritage_Business.Freedom,-14,-3.641691973200909,1.942765806940705,-7.449512954804691,0.1661290084028728,TRUE,pre_treatment
GDP_per_capita_growth,heritage_Business.Freedom,-13,1.439786249707818,1.9888156708467288,-2.4582924651517706,5.337864964567406,TRUE,pre_treatment
GDP_per_capita_growth,heritage_Business.Freedom,-12,0.04671255369484502,1.414432650026453,-2.725575440357003,2.819000547746693,TRUE,pre_treatment
GDP_per_capita_growth,heritage_Business.Freedom,-11,-1.1960251893547365,1.2333513253023052,-3.6133937869472548,1.2213434082377819,TRUE,pre_treatment
GDP_per_capita_growth,heritage_Business.Freedom,-10,1.6322221189366184,2.2067492493295076,-2.6930064097492163,5.957450647622453,TRUE,pre_treatment
GDP_per_capita_growth,heritage_Business.Freedom,-9,-0.09275634197604915,0.805532181220023,-1.671599417167294,1.486086733215196,TRUE,pre_treatment
GDP_per_capita_growth,heritage_Business.Freedom,-8,-0.006546556260423037,0.5343235198625659,-1.053820655191052,1.040727542670206,TRUE,pre_treatment
GDP_per_capita_growth,heritage_Business.Freedom,-7,-0.28092519512762976,0.6647352601923896,-1.5838063051047133,1.021955914849454,TRUE,pre_treatment
GDP_per_capita_growth,heritage_Business.Freedom,-6,0.8902240270920098,0.6010918136856146,-0.28791592773179475,2.068363981915814,TRUE,pre_treatment
GDP_per_capita_growth,heritage_Business.Freedom,-5,-0.8124437556322338,0.9343076142562102,-2.643686679574406,1.018799168309938,TRUE,pre_treatment
GDP_per_capita_growth,heritage_Business.Freedom,-4,1.511392653358637,1.7542251867815504,-1.9268887127332015,4.949674019450476,TRUE,pre_treatment
GDP_per_capita_growth,heritage_Business.Freedom,-3,-1.6489130970301036,1.1165616646906378,-3.8373739598237533,0.5395477657635463,TRUE,pre_treatment
GDP_per_capita_growth,heritage_Business.Freedom,-2,0.23891176680307114,0.4798531672169955,-0.7016004409422401,1.1794239745483823,TRUE,pre_treatment
GDP_per_capita_growth,heritage_Business.Freedom,-1,0.05688699212111227,0.4736700793707251,-0.8715063634455089,0.9852803476877334,TRUE,pre_treatment
GDP_per_capita_growth,heritage_Business.Freedom,0,-0.3216773540173551,0.3580294946339317,-1.0234151634998612,0.380060455465151,TRUE,post_treatment
GDP_per_capita_growth,heritage_Business.Freedom,1,0.43059361250863565,0.4334006403581002,-0.4188716425932408,1.280058867610512,TRUE,post_treatment
GDP_per_capita_growth,heritage_Business.Freedom,2,-0.25964462987456727,0.49841334550925326,-1.2365347870727037,0.717245527323569,TRUE,post_treatment
GDP_per_capita_growth,heritage_Business.Freedom,3,-1.8519330458977503,0.6110632532322248,-3.049617022232911,-0.6542490695625898,FALSE,post_treatment
GDP_per_capita_growth,heritage_Business.Freedom,4,-1.243424173727322,0.522719410511178,-2.2679542183292307,-0.21889412912541317,FALSE,post_treatment
GDP_per_capita_growth,heritage_Business.Freedom,5,0.6118000813245982,0.5172024382479871,-0.40191669764145643,1.6255168602906527,TRUE,post_treatment
GDP_per_capita_growth,heritage_Business.Freedom,6,-0.5222466326287359,0.5483145659575476,-1.5969431819055293,0.5524499166480573,TRUE,post_treatment
GDP_per_capita_growth,heritage_Business.Freedom,7,-0.32375005593441264,0.5903431773065303,-1.480822683455212,0.8333225715863868,TRUE,post_treatment
GDP_per_capita_growth,heritage_Business.Freedom,8,-0.1913486787092694,0.6478826825050061,-1.4611987364190813,1.0785013790005427,TRUE,post_treatment
GDP_per_capita_growth,heritage_Business.Freedom,9,0.5433740597669735,0.6823376731510037,-0.7940077796089936,1.8807558991429407,TRUE,post_treatment
GDP_per_capita_growth,heritage_Business.Freedom,10,0.5002084678115631,0.6650677771267552,-0.8033243753568772,1.8037413109800036,TRUE,post_treatment
GDP_per_capita_growth,heritage_Business.Freedom,11,0.3025431731306601,0.6895467224179498,-1.0489684028085215,1.6540547490698416,TRUE,post_treatment
GDP_per_capita_growth,heritage_Business.Freedom,12,0.10617913992495943,0.6308683224921207,-1.130322772159597,1.3426810520095158,TRUE,post_treatment
GDP_per_capita_growth,heritage_Business.Freedom,13,0.5418133858856722,0.6904846100702066,-0.8115364498519326,1.895163221623277,TRUE,post_treatment
GDP_per_capita_growth,heritage_Business.Freedom,14,2.052957172501499,1.3260400002096622,-0.5460812279094389,4.651995572912437,TRUE,post_treatment
GDP_per_capita_growth,heritage_Business.Freedom,15,0.5941996078137992,0.8951801733179959,-1.1603535318894729,2.3487527475170715,TRUE,post_treatment
GDP_per_capita_growth,heritage_Business.Freedom,16,-0.25625943095749815,0.8339574249580592,-1.8908159838752943,1.378297121960298,TRUE,post_treatment
GDP_per_capita_growth,heritage_Business.Freedom,17,1.021341917417625,1.0510937613696263,-1.0388018548668425,3.0814856897020926,TRUE,post_treatment
GDP_per_capita_growth,heritage_Business.Freedom,18,1.0586358383481043,0.8815560303285516,-0.6692139810958568,2.786485657792065,TRUE,post_treatment
GDP_per_capita_growth,heritage_Business.Freedom,19,-1.5411677731962707,1.5287647492397556,-4.537546681706192,1.4552111353136503,TRUE,post_treatment
GDP_per_capita_growth,heritage_Business.Freedom,20,-0.375891238624649,0.8728463058199389,-2.0866699980317294,1.3348875207824311,TRUE,post_treatment
GDP_per_capita_growth,heritage_Business.Freedom,21,0.7970599934608734,1.1216606337031119,-1.4013948485972256,2.9955148355189727,TRUE,post_treatment
GDP_per_capita_growth,heritage_Business.Freedom,22,0.7442665567688757,1.6333993273078438,-2.457196124754498,3.945729238292249,TRUE,post_treatment
GDP_per_capita_growth,heritage_Business.Freedom,23,2.8592022936515686,2.093093837107633,-1.2432616270793924,6.96166621438253,TRUE,post_treatment
GDP_per_capita_growth,heritage_Business.Freedom,24,-0.18446461405122827,1.439251971600093,-3.0053984783874106,2.636469250284954,TRUE,post_treatment
GDP_per_capita_growth,heritage_Business.Freedom,25,-2.8187396233417146,2.4749214356564426,-7.669585637228343,2.032106390544913,TRUE,post_treatment
GDP_per_capita_growth,heritage_Financial.Freedom,-24,-1.7632824240417624,1.9154354459458613,-5.51753589809565,1.9909710500121256,TRUE,pre_treatment
GDP_per_capita_growth,heritage_Financial.Freedom,-23,2.7523641237713345,1.5269016521922867,-0.24036311452554715,5.745091362068216,TRUE,pre_treatment
GDP_per_capita_growth,heritage_Financial.Freedom,-22,-1.746525398405888,0.8396193765978114,-3.392179376537598,-0.10087142027417761,FALSE,pre_treatment
GDP_per_capita_growth,heritage_Financial.Freedom,-21,0.16807919092571033,1.2377991422396342,-2.2580071278639724,2.5941655097153933,TRUE,pre_treatment
GDP_per_capita_growth,heritage_Financial.Freedom,-20,2.478279401665991,1.2156976580197891,0.09551199194720406,4.861046811384778,FALSE,pre_treatment
GDP_per_capita_growth,heritage_Financial.Freedom,-19,-0.709689440386525,1.1028420141646134,-2.871259788149167,1.451880907376117,TRUE,pre_treatment
GDP_per_capita_growth,heritage_Financial.Freedom,-18,0.3828332528230255,2.41131446938607,-4.343343107173672,5.109009612819722,TRUE,pre_treatment
GDP_per_capita_growth,heritage_Financial.Freedom,-17,-0.33625444834774487,2.4761799058991434,-5.189567063910066,4.517058167214576,TRUE,pre_treatment
GDP_per_capita_growth,heritage_Financial.Freedom,-16,2.7558245059726794,5.133342098921401,-7.305526007913265,12.817175019858624,TRUE,pre_treatment
GDP_per_capita_growth,heritage_Financial.Freedom,-15,-0.921533370117966,3.028711968958807,-6.857808829277227,5.014742089041295,TRUE,pre_treatment
GDP_per_capita_growth,heritage_Financial.Freedom,-14,-0.4162598049773917,2.048227429187559,-4.4307855661850075,3.5982659562302244,TRUE,pre_treatment
GDP_per_capita_growth,heritage_Financial.Freedom,-13,1.4597133805679805,2.3211632790455017,-3.089766646361203,6.009193407497164,TRUE,pre_treatment
GDP_per_capita_growth,heritage_Financial.Freedom,-12,-0.9789714393500869,1.246131645328865,-3.4213894641946623,1.4634465854944883,TRUE,pre_treatment
GDP_per_capita_growth,heritage_Financial.Freedom,-11,0.10010180551098045,0.7901781617488687,-1.4486473915168023,1.648851002538763,TRUE,pre_treatment
GDP_per_capita_growth,heritage_Financial.Freedom,-10,-0.9433770468293015,0.9769133314559407,-2.8581271764829452,0.9713730828243423,TRUE,pre_treatment
GDP_per_capita_growth,heritage_Financial.Freedom,-9,0.21173047574229636,0.8724466168506838,-1.4982648932850438,1.9217258447696366,TRUE,pre_treatment
GDP_per_capita_growth,heritage_Financial.Freedom,-8,-0.469986126635353,0.9163902606530766,-2.2661110375153832,1.326138784244677,TRUE,pre_treatment
GDP_per_capita_growth,heritage_Financial.Freedom,-7,0.11486232191820668,1.0846335032374042,-2.011019344427105,2.2407439882635187,TRUE,pre_treatment
GDP_per_capita_growth,heritage_Financial.Freedom,-6,0.7673284267045376,0.9664637126261393,-1.1269404500426954,2.6615973034517704,TRUE,pre_treatment
GDP_per_capita_growth,heritage_Financial.Freedom,-5,-1.0501382921760394,1.376092075175888,-3.7472787595207797,1.647002175168701,TRUE,pre_treatment
GDP_per_capita_growth,heritage_Financial.Freedom,-4,0.4634942949672109,0.570645293005138,-0.6549704793228595,1.5819590692572814,TRUE,pre_treatment
GDP_per_capita_growth,heritage_Financial.Freedom,-3,-0.1833050479828918,0.49282747459595105,-1.1492468981909558,0.7826368022251722,TRUE,pre_treatment
GDP_per_capita_growth,heritage_Financial.Freedom,-2,0.6527213751364841,0.4820385684578319,-0.2920742190408664,1.5975169693138347,TRUE,pre_treatment
GDP_per_capita_growth,heritage_Financial.Freedom,-1,-0.3251094684368923,0.6145008056541588,-1.5295310475190433,0.8793121106452588,TRUE,pre_treatment
GDP_per_capita_growth,heritage_Financial.Freedom,0,-0.48040803311439234,0.4148227115354267,-1.2934605477238288,0.33264448149504405,TRUE,post_treatment
GDP_per_capita_growth,heritage_Financial.Freedom,1,-0.5927573350246127,0.5050057044782112,-1.5825685158019067,0.3970538457526813,TRUE,post_treatment
GDP_per_capita_growth,heritage_Financial.Freedom,2,-0.15697715655869476,0.5169623622025579,-1.1702233864757081,0.8562690733583185,TRUE,post_treatment
GDP_per_capita_growth,heritage_Financial.Freedom,3,-0.5957808702378791,0.5586336271932194,-1.690702779536589,0.49914103906083085,TRUE,post_treatment
GDP_per_capita_growth,heritage_Financial.Freedom,4,-0.6084009788687461,0.4908803219326049,-1.5705264098566518,0.3537244521191595,TRUE,post_treatment
GDP_per_capita_growth,heritage_Financial.Freedom,5,-1.1520308431894675,0.9871712477759059,-3.0868864888302427,0.782824802451308,TRUE,post_treatment
GDP_per_capita_growth,heritage_Financial.Freedom,6,-0.193129037264504,0.7832066855239056,-1.728214140891359,1.3419560663623509,TRUE,post_treatment
GDP_per_capita_growth,heritage_Financial.Freedom,7,-1.5780017088990477,0.709554092927784,-2.9687277310375046,-0.18727568676059092,FALSE,post_treatment
GDP_per_capita_growth,heritage_Financial.Freedom,8,-0.8685791072260913,0.6639083060838668,-2.1698393871504704,0.43268117269828754,TRUE,post_treatment
GDP_per_capita_growth,heritage_Financial.Freedom,9,-0.9056192791176209,0.6187818208380328,-2.1184316479601653,0.30719308972492343,TRUE,post_treatment
GDP_per_capita_growth,heritage_Financial.Freedom,10,-1.0101481720126775,0.5337846347152784,-2.056366056054623,0.03606971202926812,TRUE,post_treatment
GDP_per_capita_growth,heritage_Financial.Freedom,11,-0.3630872931986792,0.5894879945409396,-1.518483762498921,0.7923091761015624,TRUE,post_treatment
GDP_per_capita_growth,heritage_Financial.Freedom,12,-0.8195187809789415,0.7675749437369032,-2.323965670703272,0.6849281087453887,TRUE,post_treatment
GDP_per_capita_growth,heritage_Financial.Freedom,13,-0.08283886679609384,0.7608692130858618,-1.5741425244443827,1.4084647908521952,TRUE,post_treatment
GDP_per_capita_growth,heritage_Financial.Freedom,14,-0.033753907961262035,0.7108634108613288,-1.4270461932494665,1.3595383773269423,TRUE,post_treatment
GDP_per_capita_growth,heritage_Financial.Freedom,15,-0.353659737784679,0.696533809914383,-1.7188660052168696,1.0115465296475115,TRUE,post_treatment
GDP_per_capita_growth,heritage_Financial.Freedom,16,-0.9154391005169057,0.6933222267482667,-2.2743506649435083,0.4434724639096971,TRUE,post_treatment
GDP_per_capita_growth,heritage_Financial.Freedom,17,-0.0716025077382426,0.9214444062357925,-1.8776335439603957,1.7344285284839107,TRUE,post_treatment
GDP_per_capita_growth,heritage_Financial.Freedom,18,-0.25988854268331046,1.1166220595579068,-2.448467779416808,1.9286906940501871,TRUE,post_treatment
GDP_per_capita_growth,heritage_Financial.Freedom,19,0.1633497586379593,1.3770837713975665,-2.535734433301271,2.8624339505771896,TRUE,post_treatment
GDP_per_capita_growth,heritage_Financial.Freedom,20,-0.33587229981740624,1.2266274803382218,-2.7400621612803207,2.0683175616455083,TRUE,post_treatment
GDP_per_capita_growth,heritage_Financial.Freedom,21,0.8098611252939364,1.334267243542986,-1.8053026720503165,3.425024922638189,TRUE,post_treatment
GDP_per_capita_growth,heritage_Financial.Freedom,22,0.908963369301877,1.3652630523294482,-1.7669522132638416,3.5848789518675956,TRUE,post_treatment
GDP_per_capita_growth,heritage_Financial.Freedom,23,3.645201188560006,2.1415346486358073,-0.5522067227661767,7.842609099886189,TRUE,post_treatment
GDP_per_capita_growth,heritage_Financial.Freedom,24,1.5854892087229115,1.623790505232655,-1.597140181533092,4.768118598978915,TRUE,post_treatment
GDP_per_capita_growth,heritage_Financial.Freedom,25,0.23361327177539387,1.2388354604193947,-2.19450423064662,2.6617307741974074,TRUE,post_treatment
GDP_per_capita_growth,heritage_Fiscal.Health,-24,1.240175503910697,3.2335230981528156,-5.097529768468822,7.577880776290216,TRUE,pre_treatment
GDP_per_capita_growth,heritage_Fiscal.Health,-23,5.8204657540077775,3.057107796568942,-0.17146552726734932,11.812397035282904,TRUE,pre_treatment
GDP_per_capita_growth,heritage_Fiscal.Health,-22,-1.9538616387329681,4.852292570474236,-11.464355076862471,7.556631799396534,TRUE,pre_treatment
GDP_per_capita_growth,heritage_Fiscal.Health,-21,-2.17242516137296,2.4769791780652053,-7.027304350380763,2.6824540276348428,TRUE,pre_treatment
GDP_per_capita_growth,heritage_Fiscal.Health,-20,-0.2970931493643427,0.995742979044042,-2.2487493882906646,1.6545630895619794,TRUE,pre_treatment
GDP_per_capita_growth,heritage_Fiscal.Health,-19,2.1455301879798205,1.8635836709434612,-1.5070938070693636,5.798154183029005,TRUE,pre_treatment
GDP_per_capita_growth,heritage_Fiscal.Health,-18,-3.4140328332224805,1.641842701732505,-6.63204452861819,-0.19602113782677089,FALSE,pre_treatment
GDP_per_capita_growth,heritage_Fiscal.Health,-17,-0.9619299062081896,1.8634565207813316,-4.614304686939599,2.6904448745232203,TRUE,pre_treatment
GDP_per_capita_growth,heritage_Fiscal.Health,-16,1.6121996893515276,4.5043834699908,-7.21639191183044,10.440791290533495,TRUE,pre_treatment
GDP_per_capita_growth,heritage_Fiscal.Health,-15,-1.925232674520396,2.2376633109323634,-6.311052763947829,2.460587414907036,TRUE,pre_treatment
GDP_per_capita_growth,heritage_Fiscal.Health,-14,0.8849823321967655,1.6339318296768433,-2.317524053969847,4.087488718363378,TRUE,pre_treatment
GDP_per_capita_growth,heritage_Fiscal.Health,-13,0.5631986663725451,0.9494962018292892,-1.2978138892128617,2.4242112219579517,TRUE,pre_treatment
GDP_per_capita_growth,heritage_Fiscal.Health,-12,1.426033205117508,0.7965754685313742,-0.1352547132039854,2.9873211234390014,TRUE,pre_treatment
GDP_per_capita_growth,heritage_Fiscal.Health,-11,-0.40787356548247744,0.9173544693070445,-2.2058883253242847,1.3901411943593296,TRUE,pre_treatment
GDP_per_capita_growth,heritage_Fiscal.Health,-10,-0.9527196488412639,1.0377998298669013,-2.9868073153803905,1.0813680176978626,TRUE,pre_treatment
GDP_per_capita_growth,heritage_Fiscal.Health,-9,0.5781903779665242,1.2258330714464158,-1.824442442068451,2.980823198001499,TRUE,pre_treatment
GDP_per_capita_growth,heritage_Fiscal.Health,-8,0.33698054304520936,1.0998322990516463,-1.8186907630960172,2.492651849186436,TRUE,pre_treatment
GDP_per_capita_growth,heritage_Fiscal.Health,-7,-0.6331682547879228,1.1961946360706626,-2.977709741486421,1.7113732319105757,TRUE,pre_treatment
GDP_per_capita_growth,heritage_Fiscal.Health,-6,-1.1062540605212678,0.5844948071098344,-2.251863882456543,0.03935576141400743,TRUE,pre_treatment
GDP_per_capita_growth,heritage_Fiscal.Health,-5,-0.33936599889493557,0.9044329585488871,-2.1120545976507543,1.433322599860883,TRUE,pre_treatment
GDP_per_capita_growth,heritage_Fiscal.Health,-4,0.2649576054235404,0.6443953346084145,-0.9980572504089519,1.5279724612560326,TRUE,pre_treatment
GDP_per_capita_growth,heritage_Fiscal.Health,-3,0.3000868433264443,0.7285199592506106,-1.1278122768047525,1.727985963457641,TRUE,pre_treatment
GDP_per_capita_growth,heritage_Fiscal.Health,-2,0.8672656944058377,0.4606931177305248,-0.03569281634599086,1.7702242051576662,TRUE,pre_treatment
GDP_per_capita_growth,heritage_Fiscal.Health,-1,0.7399739139060926,0.46541573101187417,-0.17224091887718074,1.6521887466893659,TRUE,pre_treatment
GDP_per_capita_growth,heritage_Fiscal.Health,0,-3.530830586976008,2.1057105329867407,-7.65802323163002,0.5963620576780038,TRUE,post_treatment
GDP_per_capita_growth,heritage_Fiscal.Health,1,-0.18611361128537462,1.125454655763831,-2.392004736582483,2.019777514011734,TRUE,post_treatment
GDP_per_capita_growth,heritage_Fiscal.Health,2,-0.17717170438852536,1.7052399580322044,-3.519442022131646,3.1650986133545955,TRUE,post_treatment
GDP_per_capita_growth,heritage_Fiscal.Health,3,0.8384659713420044,2.080512329831834,-3.23933819512839,4.916270137812399,TRUE,post_treatment
GDP_per_capita_growth,heritage_Fiscal.Health,4,0.4262812705160503,2.2248572308081354,-3.9344389018678947,4.787001442899995,TRUE,post_treatment
GDP_per_capita_growth,heritage_Government.Integrity,-25,-1.1800995476961051,1.4853806119546538,-4.091445547127226,1.7312464517350161,TRUE,pre_treatment
GDP_per_capita_growth,heritage_Government.Integrity,-24,1.5405655696093477,1.1849927279547132,-0.7820201771818902,3.8631513164005855,TRUE,pre_treatment
GDP_per_capita_growth,heritage_Government.Integrity,-23,-1.0154888143243743,1.816426091689272,-4.575683954035347,2.544706325386599,TRUE,pre_treatment
GDP_per_capita_growth,heritage_Government.Integrity,-22,-0.04364347674474429,1.7666987204375229,-3.5063729688022893,3.4190860153128004,TRUE,pre_treatment
GDP_per_capita_growth,heritage_Government.Integrity,-21,0.7051367373642611,1.4309950936041667,-2.0996136460999053,3.5098871208284277,TRUE,pre_treatment
GDP_per_capita_growth,heritage_Government.Integrity,-20,0.9576462179730424,1.0715438774765698,-1.1425797818810346,3.057872217827119,TRUE,pre_treatment
GDP_per_capita_growth,heritage_Government.Integrity,-19,0.3822907292206203,0.8461823534931285,-1.2762266836259115,2.040808142067152,TRUE,pre_treatment
GDP_per_capita_growth,heritage_Government.Integrity,-18,-0.2992605817966852,0.8403624489762404,-1.9463709817901163,1.347849818196746,TRUE,pre_treatment
GDP_per_capita_growth,heritage_Government.Integrity,-17,0.33569605979473416,1.0193860897525795,-1.6623006761203216,2.3336927957097897,TRUE,pre_treatment
GDP_per_capita_growth,heritage_Government.Integrity,-16,-0.9466571674836242,0.8444673065156775,-2.601813088254352,0.7084987532871037,TRUE,pre_treatment
GDP_per_capita_growth,heritage_Government.Integrity,-15,2.088241985875467,0.8744429891443671,0.37433372715250757,3.8021502445984265,FALSE,pre_treatment
GDP_per_capita_growth,heritage_Government.Integrity,-14,1.15645675289457,0.8622648689795327,-0.5335823903053141,2.8464958960944537,TRUE,pre_treatment
GDP_per_capita_growth,heritage_Government.Integrity,-13,-2.505125867374677,0.9483996631554844,-4.363989207159427,-0.6462625275899276,FALSE,pre_treatment
GDP_per_capita_growth,heritage_Government.Integrity,-12,0.7307644210158319,0.8305435424392363,-0.8971009221650712,2.358629764196735,TRUE,pre_treatment
GDP_per_capita_growth,heritage_Government.Integrity,-11,-1.6222676847768704,1.2963463137863231,-4.163106459798064,0.9185710902443229,TRUE,pre_treatment
GDP_per_capita_growth,heritage_Government.Integrity,-10,2.0792740560779226,1.306361537006921,-0.4811945564556428,4.639742668611488,TRUE,pre_treatment
GDP_per_capita_growth,heritage_Government.Integrity,-9,-1.6456211450546894,1.8668587948949895,-5.304664383048869,2.01342209293949,TRUE,pre_treatment
GDP_per_capita_growth,heritage_Government.Integrity,-8,-0.018919174033110775,0.9310782583118158,-1.8438325603242696,1.8059942122580481,TRUE,pre_treatment
GDP_per_capita_growth,heritage_Government.Integrity,-7,-0.40914988446444156,0.648714380585244,-1.6806300704115196,0.8623303014826366,TRUE,pre_treatment
GDP_per_capita_growth,heritage_Government.Integrity,-6,-0.3605005032968412,0.8273813394199768,-1.9821679285599956,1.2611669219663133,TRUE,pre_treatment
GDP_per_capita_growth,heritage_Government.Integrity,-5,-0.11592299774563036,0.6854041604072509,-1.4593151521438423,1.2274691566525815,TRUE,pre_treatment
GDP_per_capita_growth,heritage_Government.Integrity,-4,0.08696925657930053,0.6731973064635559,-1.232497464089269,1.40643597724787,TRUE,pre_treatment
GDP_per_capita_growth,heritage_Government.Integrity,-3,0.33378079771394853,0.7564266423760518,-1.1488154213431132,1.81637701677101,TRUE,pre_treatment
GDP_per_capita_growth,heritage_Government.Integrity,-2,0.45682926615114594,0.5289079899192091,-0.5798303940905039,1.4934889263927957,TRUE,pre_treatment
GDP_per_capita_growth,heritage_Government.Integrity,-1,-0.6416137185678888,0.5284664608724485,-1.677407981877888,0.3941805447421102,TRUE,pre_treatment
GDP_per_capita_growth,heritage_Government.Integrity,0,0.06776298470040203,0.4008611684195033,-0.7179249054018245,0.8534508748026285,TRUE,post_treatment
GDP_per_capita_growth,heritage_Government.Integrity,1,-0.18878095607362635,0.46116254511714116,-1.092659544503223,0.7150976323559703,TRUE,post_treatment
GDP_per_capita_growth,heritage_Government.Integrity,2,-0.5908482901381498,0.5181843149135759,-1.6064895473687584,0.42479296709245884,TRUE,post_treatment
GDP_per_capita_growth,heritage_Government.Integrity,3,0.03657313575431458,0.7766363012186627,-1.4856340146342641,1.5587802861428934,TRUE,post_treatment
GDP_per_capita_growth,heritage_Government.Integrity,4,0.41268026586713286,0.7737566298051539,-1.1038827285509687,1.9292432602852345,TRUE,post_treatment
GDP_per_capita_growth,heritage_Government.Integrity,5,-0.1312502098656458,0.625428478954887,-1.3570900286172243,1.0945896088859326,TRUE,post_treatment
GDP_per_capita_growth,heritage_Government.Integrity,6,-1.797599218389967,1.478306416081758,-4.695079793910213,1.099881357130279,TRUE,post_treatment
GDP_per_capita_growth,heritage_Government.Integrity,7,-0.006034993517452987,1.4248355325919553,-2.798712637397685,2.7866426503627792,TRUE,post_treatment
GDP_per_capita_growth,heritage_Government.Integrity,8,-0.6862089812527703,1.112119790666087,-2.8659637709583006,1.49354580845276,TRUE,post_treatment
GDP_per_capita_growth,heritage_Government.Integrity,9,-0.635720051259648,0.8781886160988448,-2.3569697388133837,1.0855296362940878,TRUE,post_treatment
GDP_per_capita_growth,heritage_Government.Integrity,10,-0.38169365267093674,0.7886774613620144,-1.927501476940485,1.1641141715986116,TRUE,post_treatment
GDP_per_capita_growth,heritage_Government.Integrity,11,-0.35517199791159737,0.868880128198642,-2.058177049180936,1.347833053357741,TRUE,post_treatment
GDP_per_capita_growth,heritage_Government.Integrity,12,-0.8613423656008725,0.8787716491975871,-2.583734798028143,0.8610500668263981,TRUE,post_treatment
GDP_per_capita_growth,heritage_Government.Integrity,13,-0.8894106921823413,0.7990655333717475,-2.4555791375909664,0.6767577532262838,TRUE,post_treatment
GDP_per_capita_growth,heritage_Government.Integrity,14,-0.8249778753868322,0.7678813460232391,-2.3300253135923805,0.6800695628187163,TRUE,post_treatment
GDP_per_capita_growth,heritage_Government.Integrity,15,-0.7941369476826664,1.0411468394893029,-2.8347847530817,1.246510857716367,TRUE,post_treatment
GDP_per_capita_growth,heritage_Government.Integrity,16,0.14713980138787447,0.9402898196488194,-1.6958282451238116,1.9901078478995604,TRUE,post_treatment
GDP_per_capita_growth,heritage_Government.Integrity,17,-0.4434083454635577,0.8123485183131138,-2.035611441357261,1.1487947504301452,TRUE,post_treatment
GDP_per_capita_growth,heritage_Government.Integrity,18,0.5287909968925631,0.9832122298245511,-1.3983049735635569,2.4558869673486834,TRUE,post_treatment
GDP_per_capita_growth,heritage_Government.Integrity,19,-0.2839807973346079,1.007216033066082,-2.2581242221441284,1.6901626274749129,TRUE,post_treatment
GDP_per_capita_growth,heritage_Government.Integrity,20,0.5658668554468261,0.8907621724198013,-1.1800270024959842,2.3117607133896367,TRUE,post_treatment
GDP_per_capita_growth,heritage_Government.Integrity,21,0.13058774933387218,1.0760159627718564,-1.9784035376989664,2.2395790363667105,TRUE,post_treatment
GDP_per_capita_growth,heritage_Government.Integrity,22,-0.5342535364404465,1.0164823827058727,-2.5265590065439567,1.458051933663064,TRUE,post_treatment
GDP_per_capita_growth,heritage_Government.Integrity,23,0.35230444988944465,1.2494071317190405,-2.096533528279875,2.801142428058764,TRUE,post_treatment
GDP_per_capita_growth,heritage_Government.Integrity,24,1.7039356418853684,1.4976229398305825,-1.2314053201825734,4.63927660395331,TRUE,post_treatment
GDP_per_capita_growth,heritage_Government.Integrity,25,0.3704020623776949,1.888793147215189,-3.3316325061640755,4.072436630919466,TRUE,post_treatment
GDP_per_capita_growth,heritage_Government.Spending,-24,0.3226814316297239,2.882779014344363,-5.3275654364852265,5.972928299744675,TRUE,pre_treatment
GDP_per_capita_growth,heritage_Government.Spending,-23,-4.223964689580527,3.136761211748806,-10.372016664608186,1.9240872854471318,TRUE,pre_treatment
GDP_per_capita_growth,heritage_Government.Spending,-22,7.1104658565450904,4.312237457458285,-1.3415195600731487,15.56245127316333,TRUE,pre_treatment
GDP_per_capita_growth,heritage_Government.Spending,-21,-3.898743089752976,2.5822162029884606,-8.959886847610358,1.1624006681044068,TRUE,pre_treatment
GDP_per_capita_growth,heritage_Government.Spending,-20,0.1950084416335387,1.3662856144018949,-2.482911362594175,2.8729282458612526,TRUE,pre_treatment
GDP_per_capita_growth,heritage_Government.Spending,-19,-0.8302950726171386,1.878075011349514,-4.511322094862186,2.850731949627909,TRUE,pre_treatment
GDP_per_capita_growth,heritage_Government.Spending,-18,-3.2554536017597093,3.802457558522601,-10.708270416464007,4.197363212944589,TRUE,pre_treatment
GDP_per_capita_growth,heritage_Government.Spending,-17,5.424333813247581,7.497858873517041,-9.271469578845817,20.12013720534098,TRUE,pre_treatment
GDP_per_capita_growth,heritage_Government.Spending,-16,0.34066184023774587,3.022391391959665,-5.583225288003197,6.264548968478689,TRUE,pre_treatment
GDP_per_capita_growth,heritage_Government.Spending,-15,-4.666894912748933,4.514464055062555,-13.515244460671541,4.181454635173674,TRUE,pre_treatment
GDP_per_capita_growth,heritage_Government.Spending,-14,-1.0667863631220802,0.6474449581318247,-2.3357784810604567,0.2022057548162961,TRUE,pre_treatment
GDP_per_capita_growth,heritage_Government.Spending,-13,0.14853693303716717,0.779416983440183,-1.3791203545055915,1.6761942205799256,TRUE,pre_treatment
GDP_per_capita_growth,heritage_Government.Spending,-12,1.2990525250675553,1.4483440374394612,-1.5397017883137885,4.137806838448899,TRUE,pre_treatment
GDP_per_capita_growth,heritage_Government.Spending,-11,-1.0490525632026104,1.5624457054458691,-4.1114461458765135,2.013341019471293,TRUE,pre_treatment
GDP_per_capita_growth,heritage_Government.Spending,-10,-0.9824321847511429,1.0751969934489765,-3.0898182919111368,1.1249539224088507,TRUE,pre_treatment
GDP_per_capita_growth,heritage_Government.Spending,-9,0.0737359821165064,1.1510266865393586,-2.1822763235006364,2.3297482877336493,TRUE,pre_treatment
GDP_per_capita_growth,heritage_Government.Spending,-8,-0.3849252719241893,0.868358971317276,-2.0869088557060502,1.3170583118576715,TRUE,pre_treatment
GDP_per_capita_growth,heritage_Government.Spending,-7,0.3868384109703051,1.1014900975364907,-1.7720821802012166,2.5457590021418266,TRUE,pre_treatment
GDP_per_capita_growth,heritage_Government.Spending,-6,-0.21805819465730408,0.9986654741066381,-2.1754425239063147,1.7393261345917064,TRUE,pre_treatment
GDP_per_capita_growth,heritage_Government.Spending,-5,0.8194579685142506,0.9077343152932533,-0.959701289460526,2.598617226489027,TRUE,pre_treatment
GDP_per_capita_growth,heritage_Government.Spending,-4,-2.23188155562784,0.8072233331633669,-3.8140392886280394,-0.649723822627641,FALSE,pre_treatment
GDP_per_capita_growth,heritage_Government.Spending,-3,0.15379738589393047,0.774778061697237,-1.3647676150326538,1.6723623868205149,TRUE,pre_treatment
GDP_per_capita_growth,heritage_Government.Spending,-2,0.38920610947282946,0.8016419707347558,-1.182012153167292,1.9604243721129508,TRUE,pre_treatment
GDP_per_capita_growth,heritage_Government.Spending,-1,-0.3415933483804038,0.5266054062842181,-1.3737399446974714,0.6905532479366637,TRUE,pre_treatment
GDP_per_capita_growth,heritage_Government.Spending,0,0.33149429501994876,0.5329503583819896,-0.7130884074087508,1.3760769974486484,TRUE,post_treatment
GDP_per_capita_growth,heritage_Government.Spending,1,0.08906680887421844,0.48191298694188117,-0.8554826455318686,1.0336162632803054,TRUE,post_treatment
GDP_per_capita_growth,heritage_Government.Spending,2,0.14781314933612122,0.573537324146754,-0.9763200059915165,1.271946304663759,TRUE,post_treatment
GDP_per_capita_growth,heritage_Government.Spending,3,-0.6878474104783109,1.1677490744789156,-2.9766355964569855,1.6009407755003635,TRUE,post_treatment
GDP_per_capita_growth,heritage_Government.Spending,4,1.2568989055999957,0.978104978608713,-0.6601868524730818,3.1739846636730733,TRUE,post_treatment
GDP_per_capita_growth,heritage_Government.Spending,5,0.452784809567478,0.7837543397703604,-1.0833736963824283,1.9889433155173843,TRUE,post_treatment
GDP_per_capita_growth,heritage_Government.Spending,6,0.43865050036108166,0.8836821973763535,-1.293366606496571,2.1706676072187343,TRUE,post_treatment
GDP_per_capita_growth,heritage_Government.Spending,7,-0.19786071396954125,0.8269195396405107,-1.818623011664942,1.4229015837258596,TRUE,post_treatment
GDP_per_capita_growth,heritage_Government.Spending,8,0.9434259665571451,0.8736236104823083,-0.7688763099881791,2.655728243102469,TRUE,post_treatment
GDP_per_capita_growth,heritage_Government.Spending,9,0.7169126673632985,0.8718849922833289,-0.9919819175120262,2.425807252238623,TRUE,post_treatment
GDP_per_capita_growth,heritage_Government.Spending,10,0.590850699651135,0.7672042726943153,-0.912869674829723,2.094571074131993,TRUE,post_treatment
GDP_per_capita_growth,heritage_Government.Spending,11,-1.117219327063467,0.7544146580524038,-2.5958720568461784,0.3614334027192445,TRUE,post_treatment
GDP_per_capita_growth,heritage_Government.Spending,12,-0.960158814748907,1.0276877206633384,-2.97442674724905,1.0541091177512363,TRUE,post_treatment
GDP_per_capita_growth,heritage_Government.Spending,13,0.101333875115268,0.7581253859636476,-1.3845918813734814,1.5872596316040173,TRUE,post_treatment
GDP_per_capita_growth,heritage_Government.Spending,14,-0.17652351930524643,0.8350518742550306,-1.8132251928451062,1.4601781542346135,TRUE,post_treatment
GDP_per_capita_growth,heritage_Government.Spending,15,0.0646012943414698,0.7863398236724018,-1.4766247600564377,1.6058273487393773,TRUE,post_treatment
GDP_per_capita_growth,heritage_Government.Spending,16,0.3635174996855062,0.7676609450787089,-1.1410979526687632,1.8681329520397756,TRUE,post_treatment
GDP_per_capita_growth,heritage_Government.Spending,17,-0.2567862786037621,0.8361214141182066,-1.895584250275447,1.382011693067923,TRUE,post_treatment
GDP_per_capita_growth,heritage_Government.Spending,18,0.386637682776434,0.9469823707938995,-1.4694477639796089,2.242723129532477,TRUE,post_treatment
GDP_per_capita_growth,heritage_Government.Spending,19,-0.5703886414485827,1.0045141094682852,-2.539236296006422,1.3984590131092562,TRUE,post_treatment
GDP_per_capita_growth,heritage_Government.Spending,20,0.6319236198481653,1.060174198318367,-1.4460178088558342,2.7098650485521647,TRUE,post_treatment
GDP_per_capita_growth,heritage_Government.Spending,21,0.2223801332693705,1.5048691880380234,-2.7271634752851552,3.171923741823896,TRUE,post_treatment
GDP_per_capita_growth,heritage_Government.Spending,22,0.8602271087613191,1.0266800983445352,-1.15206588399397,2.872520101516608,TRUE,post_treatment
GDP_per_capita_growth,heritage_Government.Spending,23,2.265320311860533,2.9275708307929436,-3.4727185164936367,8.003359140214702,TRUE,post_treatment
GDP_per_capita_growth,heritage_Government.Spending,24,-0.014070962389616248,2.7220552944803864,-5.349299339571173,5.321157414791941,TRUE,post_treatment
GDP_per_capita_growth,heritage_Government.Spending,25,3.2392169429717343,5.389350623235505,-7.323910278569856,13.802344164513325,TRUE,post_treatment
GDP_per_capita_growth,heritage_Investment.Freedom,-23,0.04122613508039658,1.4036357566321775,-2.709899947918671,2.7923522180794644,TRUE,pre_treatment
GDP_per_capita_growth,heritage_Investment.Freedom,-22,-6.609149658668564,6.285155836715439,-18.92805509863082,5.709755781293696,TRUE,pre_treatment
GDP_per_capita_growth,heritage_Investment.Freedom,-21,4.2356765641284415,3.8675944067975774,-3.34480847319481,11.816161601451693,TRUE,pre_treatment
GDP_per_capita_growth,heritage_Investment.Freedom,-20,1.3187522246975614,1.2817390077293322,-1.1934562304519298,3.8309606798470526,TRUE,pre_treatment
GDP_per_capita_growth,heritage_Investment.Freedom,-19,-1.9769548779121002,1.3170237950377608,-4.558321516186111,0.6044117603619108,TRUE,pre_treatment
GDP_per_capita_growth,heritage_Investment.Freedom,-18,0.4028417659607263,0.9143168553194396,-1.3892192704653752,2.194902802386828,TRUE,pre_treatment
GDP_per_capita_growth,heritage_Investment.Freedom,-17,1.0026730972678985,3.0921638689241537,-5.057968085823443,7.06331428035924,TRUE,pre_treatment
GDP_per_capita_growth,heritage_Investment.Freedom,-16,-1.4635463235526396,1.8364758353148947,-5.063038960769833,2.1359463136645536,TRUE,pre_treatment
GDP_per_capita_growth,heritage_Investment.Freedom,-15,0.4116563099912087,1.0605050370170208,-1.666933562562152,2.4902461825445696,TRUE,pre_treatment
GDP_per_capita_growth,heritage_Investment.Freedom,-14,-0.20843709631063817,1.0946646372624371,-2.3539797853450146,1.9371055927237384,TRUE,pre_treatment
GDP_per_capita_growth,heritage_Investment.Freedom,-13,-1.06811084308399,0.9115735450419744,-2.85479499136626,0.7185733051982797,TRUE,pre_treatment
GDP_per_capita_growth,heritage_Investment.Freedom,-12,0.4335460290686076,0.7852949826172925,-1.1056321368612858,1.9727241949985008,TRUE,pre_treatment
GDP_per_capita_growth,heritage_Investment.Freedom,-11,0.02923425674020071,1.5408501816225217,-2.9908320992399418,3.0493006127203435,TRUE,pre_treatment
GDP_per_capita_growth,heritage_Investment.Freedom,-10,-0.04711757991768236,0.9333810548969311,-1.8765444475156674,1.7823092876803026,TRUE,pre_treatment
GDP_per_capita_growth,heritage_Investment.Freedom,-9,-1.1567505682690584,0.5869914457398626,-2.307253801919189,-0.006247334618927791,FALSE,pre_treatment
GDP_per_capita_growth,heritage_Investment.Freedom,-8,0.6764279071636201,0.670070696699625,-0.6369106583676449,1.9897664726948852,TRUE,pre_treatment
GDP_per_capita_growth,heritage_Investment.Freedom,-7,0.18282955624598501,0.6392260818918967,-1.0700535642621325,1.4357126767541024,TRUE,pre_treatment
GDP_per_capita_growth,heritage_Investment.Freedom,-6,0.5112172236575335,0.6673668587443523,-0.7968218194813971,1.8192562667964642,TRUE,pre_treatment
GDP_per_capita_growth,heritage_Investment.Freedom,-5,-0.8673389183235194,0.8929233553709642,-2.617468694850609,0.8827908582035704,TRUE,pre_treatment
GDP_per_capita_growth,heritage_Investment.Freedom,-4,-0.08399982974043942,0.5585456456663288,-1.1787492952464438,1.010749635765565,TRUE,pre_treatment
GDP_per_capita_growth,heritage_Investment.Freedom,-3,0.12376128943675299,0.47862865724712295,-0.8143508787676079,1.061873457641114,TRUE,pre_treatment
GDP_per_capita_growth,heritage_Investment.Freedom,-2,0.10368565346615471,0.5673017348744263,-1.0082257468877207,1.2155970538200302,TRUE,pre_treatment
GDP_per_capita_growth,heritage_Investment.Freedom,-1,-0.2113761093978643,0.5152946728384392,-1.2213536681612052,0.7986014493654765,TRUE,pre_treatment
GDP_per_capita_growth,heritage_Investment.Freedom,0,-0.24180881111450056,0.304477674254376,-0.8385850526530775,0.3549674304240763,TRUE,post_treatment
GDP_per_capita_growth,heritage_Investment.Freedom,1,0.25082843429391755,0.42521456391532325,-0.582592110980116,1.084248979567951,TRUE,post_treatment
GDP_per_capita_growth,heritage_Investment.Freedom,2,-0.5282277857558769,0.38362959481922354,-1.280141791601555,0.2236862200898012,TRUE,post_treatment
GDP_per_capita_growth,heritage_Investment.Freedom,3,-1.0405902221132461,0.4342478233090774,-1.8917159557990377,-0.18946448842745445,FALSE,post_treatment
GDP_per_capita_growth,heritage_Investment.Freedom,4,-1.593882986080819,0.5906778151837239,-2.751611503840918,-0.43615446832072036,FALSE,post_treatment
GDP_per_capita_growth,heritage_Investment.Freedom,5,-1.0548130336497925,0.8052871555019439,-2.6331758584336025,0.5235497911340175,TRUE,post_treatment
GDP_per_capita_growth,heritage_Investment.Freedom,6,0.6807943356843553,0.708860445990896,-0.708572138457801,2.0701608098265116,TRUE,post_treatment
GDP_per_capita_growth,heritage_Investment.Freedom,7,-0.7970444876724615,0.5885375350013247,-1.9505780562750576,0.35648908093013476,TRUE,post_treatment
GDP_per_capita_growth,heritage_Investment.Freedom,8,-0.2059076713174839,0.7453276807403271,-1.666749925568525,1.2549345829335572,TRUE,post_treatment
GDP_per_capita_growth,heritage_Investment.Freedom,9,0.25949716350519225,0.5990763600887162,-0.9146925022686915,1.4336868292790759,TRUE,post_treatment
GDP_per_capita_growth,heritage_Investment.Freedom,10,-1.6233232478629573,0.9506085969662066,-3.4865160979167222,0.23986960219080755,TRUE,post_treatment
GDP_per_capita_growth,heritage_Investment.Freedom,11,-0.29576909628749987,0.877509613824314,-2.0156879393831555,1.4241497468081556,TRUE,post_treatment
GDP_per_capita_growth,heritage_Investment.Freedom,12,0.014309532444468226,0.7035188827981261,-1.364587477839859,1.3932065427287954,TRUE,post_treatment
GDP_per_capita_growth,heritage_Investment.Freedom,13,-0.8579680573217058,0.7951460275018819,-2.4164542712253945,0.7005181565819828,TRUE,post_treatment
GDP_per_capita_growth,heritage_Investment.Freedom,14,-0.005500335340239113,0.774666978279247,-1.5238476127675633,1.512846942087085,TRUE,post_treatment
GDP_per_capita_growth,heritage_Investment.Freedom,15,-0.040745624058059135,0.9674928613679334,-1.9370316323392085,1.8555403842230904,TRUE,post_treatment
GDP_per_capita_growth,heritage_Investment.Freedom,16,-0.47134424460777746,0.7539660149158062,-1.9491176338427576,1.0064291446272025,TRUE,post_treatment
GDP_per_capita_growth,heritage_Investment.Freedom,17,0.05272942626140118,0.9452444390823878,-1.799949674340079,1.905408526862881,TRUE,post_treatment
GDP_per_capita_growth,heritage_Investment.Freedom,18,-1.2272359499781136,1.0531118329652587,-3.291335142590021,0.8368632426337934,TRUE,post_treatment
GDP_per_capita_growth,heritage_Investment.Freedom,19,0.3918702293173298,1.079773140427978,-1.7244851259215073,2.508225584556167,TRUE,post_treatment
GDP_per_capita_growth,heritage_Investment.Freedom,20,1.0888689683358561,0.9489950507139059,-0.7711613310633993,2.9488992677351114,TRUE,post_treatment
GDP_per_capita_growth,heritage_Investment.Freedom,21,0.03322433828631994,1.2802036899145934,-2.475974893946283,2.542423570518923,TRUE,post_treatment
GDP_per_capita_growth,heritage_Investment.Freedom,22,0.9775218526222067,1.4302572678750247,-1.8257823924128418,3.780826097657255,TRUE,post_treatment
GDP_per_capita_growth,heritage_Investment.Freedom,23,1.7739558209484847,1.6894641776832935,-1.5373939673107704,5.08530560920774,TRUE,post_treatment
GDP_per_capita_growth,heritage_Investment.Freedom,24,-0.20810360915652093,2.185811967769363,-4.4922950659844725,4.07608784767143,TRUE,post_treatment
GDP_per_capita_growth,heritage_Investment.Freedom,25,-1.3632618934804914,1.7927732343211553,-4.877097432749956,2.150573645788973,TRUE,post_treatment
GDP_per_capita_growth,heritage_Judicial.Effectiveness,-25,-0.8630049457006237,1.0921461580503111,-3.0036114154792335,1.277601524077986,TRUE,pre_treatment
GDP_per_capita_growth,heritage_Judicial.Effectiveness,-24,3.0171280061158394,1.0276724882398889,1.0028899291656574,5.031366083066022,FALSE,pre_treatment
GDP_per_capita_growth,heritage_Judicial.Effectiveness,-23,-1.009942582460721,0.8855643600005971,-2.7456487280618918,0.7257635631404493,TRUE,pre_treatment
GDP_per_capita_growth,heritage_Judicial.Effectiveness,-22,1.5190684373693397,2.211477336732635,-2.815427142626625,5.853564017365304,TRUE,pre_treatment
GDP_per_capita_growth,heritage_Judicial.Effectiveness,-21,-1.3229618979776625,1.388052570187079,-4.043544935544337,1.3976211395890121,TRUE,pre_treatment
GDP_per_capita_growth,heritage_Judicial.Effectiveness,-20,-0.25839047483405037,0.7341815306579853,-1.6973862749237016,1.1806053252556008,TRUE,pre_treatment
GDP_per_capita_growth,heritage_Judicial.Effectiveness,-19,-0.08275277975392527,0.6299984639130286,-1.3175497690234614,1.1520442095156107,TRUE,pre_treatment
GDP_per_capita_growth,heritage_Judicial.Effectiveness,-18,-1.5844394345788015,0.9442575871887833,-3.435184305468817,0.2663054363112136,TRUE,pre_treatment
GDP_per_capita_growth,heritage_Judicial.Effectiveness,-17,1.2173744351741815,0.5496749205109902,0.1400115909726407,2.294737279375722,FALSE,pre_treatment
GDP_per_capita_growth,heritage_Judicial.Effectiveness,-16,0.3902833922795706,0.5077613257986532,-0.6049288062857896,1.385495590844931,TRUE,pre_treatment
GDP_per_capita_growth,heritage_Judicial.Effectiveness,-15,0.4239495634122186,0.47904248255565257,-0.5149737023968604,1.3628728292212977,TRUE,pre_treatment
GDP_per_capita_growth,heritage_Judicial.Effectiveness,-14,-0.450296320990272,0.6196896998333505,-1.6648881326636389,0.764295490683095,TRUE,pre_treatment
GDP_per_capita_growth,heritage_Judicial.Effectiveness,-13,-0.9556417376736194,0.7225041786782258,-2.371749927882942,0.4604664525357033,TRUE,pre_treatment
GDP_per_capita_growth,heritage_Judicial.Effectiveness,-12,0.24040603395227592,0.7394386440708471,-1.2088937084265843,1.6897057763311363,TRUE,pre_treatment
GDP_per_capita_growth,heritage_Judicial.Effectiveness,-11,0.8324104798667528,0.722036229645819,-0.5827805302390526,2.247601489972558,TRUE,pre_treatment
GDP_per_capita_growth,heritage_Judicial.Effectiveness,-10,-0.840238899023694,1.4727645663811424,-3.726857449130733,2.046379651083345,TRUE,pre_treatment
GDP_per_capita_growth,heritage_Judicial.Effectiveness,-9,1.3276291140768657,0.8610799524568288,-0.36008759273851876,3.01534582089225,TRUE,pre_treatment
GDP_per_capita_growth,heritage_Judicial.Effectiveness,-8,-0.07711426414515776,0.6105202519100499,-1.2737339578888554,1.11950542959854,TRUE,pre_treatment
GDP_per_capita_growth,heritage_Judicial.Effectiveness,-7,0.5361961563180471,0.5585647592053964,-0.5585907717245298,1.630983084360624,TRUE,pre_treatment
GDP_per_capita_growth,heritage_Judicial.Effectiveness,-6,-0.7007497993824972,0.5671808523631262,-1.8124242700142246,0.41092467124923027,TRUE,pre_treatment
GDP_per_capita_growth,heritage_Judicial.Effectiveness,-5,-0.1347407444804184,0.4205047110499027,-0.9589299781382277,0.6894484891773909,TRUE,pre_treatment
GDP_per_capita_growth,heritage_Judicial.Effectiveness,-4,0.01409769017571668,0.3187382252531468,-0.610629231320451,0.6388246116718844,TRUE,pre_treatment
GDP_per_capita_growth,heritage_Judicial.Effectiveness,-3,0.4266035072955529,0.5723205878204635,-0.6951448448325555,1.5483518594236614,TRUE,pre_treatment
GDP_per_capita_growth,heritage_Judicial.Effectiveness,-2,-0.41745068329850804,1.1528715339251066,-2.677078889791717,1.8421775231947008,TRUE,pre_treatment
GDP_per_capita_growth,heritage_Judicial.Effectiveness,-1,2.054504608242659,1.703935058217379,-1.2852081058634037,5.394217322348721,TRUE,pre_treatment
GDP_per_capita_growth,heritage_Judicial.Effectiveness,0,-1.9921011159788395,0.9263905112665011,-3.807826518061182,-0.17637571389649742,FALSE,post_treatment
GDP_per_capita_growth,heritage_Judicial.Effectiveness,1,1.1267819428794745,1.1767310056877196,-1.1796108282684556,3.4331747140274045,TRUE,post_treatment
GDP_per_capita_growth,heritage_Judicial.Effectiveness,2,2.043801541427162,1.7369581709755084,-1.3606364736848344,5.448239556539159,TRUE,post_treatment
GDP_per_capita_growth,heritage_Judicial.Effectiveness,3,-2.7284646060900335,1.3968811062869386,-5.466351574412434,0.009422362232366144,TRUE,post_treatment
GDP_per_capita_growth,heritage_Judicial.Effectiveness,4,-0.2463355964459928,3.8102128132838664,-7.7143527104823715,7.221681517590385,TRUE,post_treatment
GDP_per_capita_growth,heritage_Labor.Freedom,-25,1.4813583951184899,2.977611665604449,-4.35476046946623,7.31747725970321,TRUE,pre_treatment
GDP_per_capita_growth,heritage_Labor.Freedom,-24,-2.3721049588993015,4.16957666790379,-10.54447522799073,5.8002653101921275,TRUE,pre_treatment
GDP_per_capita_growth,heritage_Labor.Freedom,-23,-0.15660936411518675,1.256817739740598,-2.6199721340067588,2.306753405776385,TRUE,pre_treatment
GDP_per_capita_growth,heritage_Labor.Freedom,-22,-0.48795040423451896,0.964277707339178,-2.3779347106193076,1.40203390215027,TRUE,pre_treatment
GDP_per_capita_growth,heritage_Labor.Freedom,-21,4.268408395201125,2.780307601295413,-1.1809945033378844,9.717811293740134,TRUE,pre_treatment
GDP_per_capita_growth,heritage_Labor.Freedom,-20,-4.239136520445417,2.068439062681747,-8.293277083301641,-0.18499595758919263,FALSE,pre_treatment
GDP_per_capita_growth,heritage_Labor.Freedom,-19,0.38131610834669866,1.0443414020176156,-1.665593039607828,2.4282252563012254,TRUE,pre_treatment
GDP_per_capita_growth,heritage_Labor.Freedom,-18,0.16081554422996397,0.8907766034244985,-1.5851065984820532,1.906737686941981,TRUE,pre_treatment
GDP_per_capita_growth,heritage_Labor.Freedom,-17,-0.6429725850781965,0.8663489431658671,-2.341016513683296,1.0550713435269028,TRUE,pre_treatment
GDP_per_capita_growth,heritage_Labor.Freedom,-16,0.13185590214738754,0.6525336346291268,-1.147110021725701,1.4108218260204761,TRUE,pre_treatment
GDP_per_capita_growth,heritage_Labor.Freedom,-15,-0.14815948855149308,1.0863461160467915,-2.2773978760032048,1.9810788989002184,TRUE,pre_treatment
GDP_per_capita_growth,heritage_Labor.Freedom,-14,0.6827891518569629,0.8357341195522818,-0.9552497224655094,2.320828026179435,TRUE,pre_treatment
GDP_per_capita_growth,heritage_Labor.Freedom,-13,-1.8853619115585467,0.8017898790963646,-3.456870074587421,-0.3138537485296722,FALSE,pre_treatment
GDP_per_capita_growth,heritage_Labor.Freedom,-12,0.6827224618210795,0.848730194563919,-0.9807887195242017,2.346233643166361,TRUE,pre_treatment
GDP_per_capita_growth,heritage_Labor.Freedom,-11,1.4853133456400844,1.6325741786510501,-1.714532044515974,4.685158735796143,TRUE,pre_treatment
GDP_per_capita_growth,heritage_Labor.Freedom,-10,-1.0150329955961708,0.9427654889259162,-2.8628533538909666,0.8327873626986249,TRUE,pre_treatment
GDP_per_capita_growth,heritage_Labor.Freedom,-9,-0.9360918051436723,0.5247418693899538,-1.9645858691479816,0.09240225886063713,TRUE,pre_treatment
GDP_per_capita_growth,heritage_Labor.Freedom,-8,0.45240483953289606,0.5723646781274733,-0.6694299295969515,1.5742396086627437,TRUE,pre_treatment
GDP_per_capita_growth,heritage_Labor.Freedom,-7,0.027545771141687964,0.43510477256562463,-0.8252595830869363,0.8803511253703122,TRUE,pre_treatment
GDP_per_capita_growth,heritage_Labor.Freedom,-6,-0.05385088450394898,0.44311724755007625,-0.9223606897020984,0.8146589206942005,TRUE,pre_treatment
GDP_per_capita_growth,heritage_Labor.Freedom,-5,-0.22655232331879036,0.4204892612824108,-1.0507112754323156,0.5976066287947348,TRUE,pre_treatment
GDP_per_capita_growth,heritage_Labor.Freedom,-4,0.23286363038116187,0.47658089294587674,-0.7012349197927565,1.1669621805550803,TRUE,pre_treatment
GDP_per_capita_growth,heritage_Labor.Freedom,-3,-0.1326938681894144,0.3739293920559346,-0.8655954766190462,0.6002077402402174,TRUE,pre_treatment
GDP_per_capita_growth,heritage_Labor.Freedom,-2,0.4750317237699334,0.5350534516984855,-0.5736730415590982,1.5237364890989649,TRUE,pre_treatment
GDP_per_capita_growth,heritage_Labor.Freedom,-1,-0.7264903453155265,0.8636563833640264,-2.4192568567090182,0.9662761660779653,TRUE,pre_treatment
GDP_per_capita_growth,heritage_Labor.Freedom,0,-0.41446508029341994,0.5985396758682566,-1.5876028449952029,0.7586726844083629,TRUE,post_treatment
GDP_per_capita_growth,heritage_Labor.Freedom,1,0.72336299863338,0.6627681297487202,-0.5756625356741116,2.0223885329408717,TRUE,post_treatment
GDP_per_capita_growth,heritage_Labor.Freedom,2,-0.058129459118713825,1.0029148376811234,-2.0238425409737157,1.9075836227362881,TRUE,post_treatment
GDP_per_capita_growth,heritage_Labor.Freedom,3,0.3120436955019494,0.7442413792594882,-1.1466694078466473,1.7707567988505462,TRUE,post_treatment
GDP_per_capita_growth,heritage_Labor.Freedom,4,0.6487070919569138,0.6336085445530217,-0.5931656553670088,1.8905798392808364,TRUE,post_treatment
GDP_per_capita_growth,heritage_Labor.Freedom,5,0.784700735174973,0.9232665125714692,-1.0249016294651065,2.5943030998150527,TRUE,post_treatment
GDP_per_capita_growth,heritage_Labor.Freedom,6,-1.5399837062581354,0.9876429088415222,-3.475763807587519,0.395796395071248,TRUE,post_treatment
GDP_per_capita_growth,heritage_Labor.Freedom,7,1.1801221234412533,1.270200984339608,-1.3094718058643784,3.6697160527468853,TRUE,post_treatment
GDP_per_capita_growth,heritage_Labor.Freedom,8,1.2781805855545705,0.9693150855383883,-0.6216769821006705,3.1780381532098114,TRUE,post_treatment
GDP_per_capita_growth,heritage_Labor.Freedom,9,2.4270632265878382,1.7098659056039915,-0.9242739483959852,5.778400401571662,TRUE,post_treatment
GDP_per_capita_growth,heritage_Labor.Freedom,10,0.5558099486411935,1.148697035227371,-1.6956362404044536,2.807256137686841,TRUE,post_treatment
GDP_per_capita_growth,heritage_Labor.Freedom,11,-1.1027710908658006,1.4321470575908373,-3.909779323743842,1.7042371420122404,TRUE,post_treatment
GDP_per_capita_growth,heritage_Labor.Freedom,12,-1.1111149207451916,1.1353673719889783,-3.336434969843589,1.1142051283532057,TRUE,post_treatment
GDP_per_capita_growth,heritage_Labor.Freedom,13,-1.118958406552982,1.8814286452319062,-4.806558551207518,2.568641738101554,TRUE,post_treatment
GDP_per_capita_growth,heritage_Labor.Freedom,14,1.7407967755530998,5.654880696258983,-9.342769389114506,12.824362940220707,TRUE,post_treatment
GDP_per_capita_growth,heritage_Labor.Freedom,15,0.9327939755116459,0.8947380187715037,-0.8208925412805013,2.686480492303793,TRUE,post_treatment
GDP_per_capita_growth,heritage_Monetary.Freedom,-23,-5.159128460362007,0.8523511700236946,-6.829736753608449,-3.4885201671155657,FALSE,pre_treatment
GDP_per_capita_growth,heritage_Monetary.Freedom,-22,2.9262800696539135,0.827516147066126,1.3043484214043066,4.54821171790352,FALSE,pre_treatment
GDP_per_capita_growth,heritage_Monetary.Freedom,-21,-9.665287957618037,0.44474803361131754,-10.53699410349622,-8.793581811739855,FALSE,pre_treatment
GDP_per_capita_growth,heritage_Monetary.Freedom,-20,1.9940229573844188,0.8130493195399942,0.40044629108603025,3.5875996236828076,FALSE,pre_treatment
GDP_per_capita_growth,heritage_Monetary.Freedom,-19,1.6725355860228974,0.9047006720718002,-0.10067773123783086,3.4457489032836257,TRUE,pre_treatment
GDP_per_capita_growth,heritage_Monetary.Freedom,-18,1.505790781514654,0.7057110744777982,0.12259707553816956,2.888984487491139,FALSE,pre_treatment
GDP_per_capita_growth,heritage_Monetary.Freedom,-17,-1.5273694879776445,2.963551285688408,-7.335930007926923,4.281191031971635,TRUE,pre_treatment
GDP_per_capita_growth,heritage_Monetary.Freedom,-16,5.853102101662588,6.948534670872595,-7.766025853247698,19.472230056572876,TRUE,pre_treatment
GDP_per_capita_growth,heritage_Monetary.Freedom,-15,-2.9226319254783966,3.7825407866375826,-10.336411867288058,4.491148016331266,TRUE,pre_treatment
GDP_per_capita_growth,heritage_Monetary.Freedom,-14,-2.4050472940318954,1.3749930148937226,-5.100033603223592,0.2899390151598009,TRUE,pre_treatment
GDP_per_capita_growth,heritage_Monetary.Freedom,-13,1.616679458459124,1.8842806542041433,-2.076510623780997,5.309869540699244,TRUE,pre_treatment
GDP_per_capita_growth,heritage_Monetary.Freedom,-12,-1.6699697346989668,1.8231096681091545,-5.243264684192909,1.903325214794976,TRUE,pre_treatment
GDP_per_capita_growth,heritage_Monetary.Freedom,-11,-0.6890530596899505,1.8871276918235425,-4.387823335664094,3.0097172162841925,TRUE,pre_treatment
GDP_per_capita_growth,heritage_Monetary.Freedom,-10,-0.0013171350580030473,1.4928849861844977,-2.927371707979619,2.9247374378636124,TRUE,pre_treatment
GDP_per_capita_growth,heritage_Monetary.Freedom,-9,1.0297445082957857,1.7653570279703732,-2.4303552665261456,4.489844283117717,TRUE,pre_treatment
GDP_per_capita_growth,heritage_Monetary.Freedom,-8,-2.6604661201609225,2.873304687518733,-8.29214330769764,2.971211067375794,TRUE,pre_treatment
GDP_per_capita_growth,heritage_Monetary.Freedom,-7,-0.2818955565761344,1.4414674377526113,-3.107171734571253,2.543380621418984,TRUE,pre_treatment
GDP_per_capita_growth,heritage_Monetary.Freedom,-6,1.5677408051726518,2.364445605150614,-3.0665725809225517,6.202054191267855,TRUE,pre_treatment
GDP_per_capita_growth,heritage_Monetary.Freedom,-5,0.7322689388308661,2.4817079777264817,-4.131878697513038,5.59641657517477,TRUE,pre_treatment
GDP_per_capita_growth,heritage_Monetary.Freedom,-4,-0.12126170478909272,2.320222107994336,-4.668897036457991,4.426373626879806,TRUE,pre_treatment
GDP_per_capita_growth,heritage_Monetary.Freedom,-3,-1.3895564230517286,2.5405764320348116,-6.369086229839959,3.5899733837365018,TRUE,pre_treatment
GDP_per_capita_growth,heritage_Monetary.Freedom,-2,0.6695605443230169,1.0425220083092341,-1.373782591963082,2.712903680609116,TRUE,pre_treatment
GDP_per_capita_growth,heritage_Monetary.Freedom,-1,0.6623955068957347,1.0148763627273711,-1.3267621640499128,2.651553177841382,TRUE,pre_treatment
GDP_per_capita_growth,heritage_Monetary.Freedom,0,0.26665651052356326,0.775972771217539,-1.2542501210628132,1.7875631421099396,TRUE,post_treatment
GDP_per_capita_growth,heritage_Monetary.Freedom,1,-0.804176018353654,0.8356013334450527,-2.4419546319059573,0.8336025951986493,TRUE,post_treatment
GDP_per_capita_growth,heritage_Monetary.Freedom,2,-0.04142054037891614,0.7515119264642891,-1.5143839162489228,1.4315428354910906,TRUE,post_treatment
GDP_per_capita_growth,heritage_Monetary.Freedom,3,0.14833235931847333,1.042375312363314,-1.8947232529136218,2.1913879715505686,TRUE,post_treatment
GDP_per_capita_growth,heritage_Monetary.Freedom,4,0.25281356972131347,1.6052132137891253,-2.893404329305372,3.399031468747999,TRUE,post_treatment
GDP_per_capita_growth,heritage_Monetary.Freedom,5,1.5824430486122547,1.2841566672731555,-0.9345040192431298,4.099390116467639,TRUE,post_treatment
GDP_per_capita_growth,heritage_Monetary.Freedom,6,0.7140985060505294,0.9157925156935068,-1.080854824708744,2.5090518368098027,TRUE,post_treatment
GDP_per_capita_growth,heritage_Monetary.Freedom,7,0.08814501001820088,1.0624769202781268,-1.9943097537269274,2.170599773763329,TRUE,post_treatment
GDP_per_capita_growth,heritage_Monetary.Freedom,8,0.8931169795125833,0.9655243591508975,-0.9993107644231758,2.7855447234483424,TRUE,post_treatment
GDP_per_capita_growth,heritage_Monetary.Freedom,9,0.3886634533667264,1.1328192689279486,-1.8316623137320527,2.6089892204655056,TRUE,post_treatment
GDP_per_capita_growth,heritage_Monetary.Freedom,10,-0.4685489724891409,1.0916970803562742,-2.608275249987438,1.6711773050091563,TRUE,post_treatment
GDP_per_capita_growth,heritage_Monetary.Freedom,11,0.03869145887102903,1.0587374127050369,-2.036433870030843,2.1138167877729015,TRUE,post_treatment
GDP_per_capita_growth,heritage_Monetary.Freedom,12,-1.3824465608704795,1.220819137167861,-3.775252069719487,1.010358947978528,TRUE,post_treatment
GDP_per_capita_growth,heritage_Monetary.Freedom,13,-0.8190440271819148,1.041651568075562,-2.8606811006100163,1.2225930462461867,TRUE,post_treatment
GDP_per_capita_growth,heritage_Monetary.Freedom,14,0.5596523534197372,1.0871563981350982,-1.571174186925055,2.6904788937645296,TRUE,post_treatment
GDP_per_capita_growth,heritage_Monetary.Freedom,15,-0.6641047078826672,0.9768580915165916,-2.5787465672551866,1.2505371514898524,TRUE,post_treatment
GDP_per_capita_growth,heritage_Monetary.Freedom,16,-1.0148664567485577,1.1684234160499998,-3.304976352206557,1.2752434387094418,TRUE,post_treatment
GDP_per_capita_growth,heritage_Monetary.Freedom,17,-1.138260051407389,1.0164709619516559,-3.1305431368326344,0.8540230340178565,TRUE,post_treatment
GDP_per_capita_growth,heritage_Monetary.Freedom,18,-0.7074266692628334,0.8660373567388244,-2.4048598884709294,0.9900065499452625,TRUE,post_treatment
GDP_per_capita_growth,heritage_Monetary.Freedom,19,0.11330843084391375,0.9831490841595032,-1.8136637741087125,2.04028063579654,TRUE,post_treatment
GDP_per_capita_growth,heritage_Monetary.Freedom,20,0.035258801342543986,1.001944667726683,-1.9285527474017548,1.9990703500868425,TRUE,post_treatment
GDP_per_capita_growth,heritage_Monetary.Freedom,21,0.33095281425544354,1.1486463284910982,-1.920393989587109,2.582299618097996,TRUE,post_treatment
GDP_per_capita_growth,heritage_Monetary.Freedom,22,-1.0100044704112423,1.0477752713331165,-3.0636440022241507,1.043635061401666,TRUE,post_treatment
GDP_per_capita_growth,heritage_Monetary.Freedom,23,-0.9651515114729883,1.5212881095421638,-3.946876206175629,2.016573183229653,TRUE,post_treatment
GDP_per_capita_growth,heritage_Monetary.Freedom,24,1.192756437295933,2.0758621821744665,-2.8759334397660217,5.261446314357888,TRUE,post_treatment
GDP_per_capita_growth,heritage_Monetary.Freedom,25,-2.860594942098253,1.737390270060467,-6.265879871416768,0.5446899872202624,TRUE,post_treatment
GDP_per_capita_growth,heritage_Property.Rights,-25,-4.341749129759462,2.3421702566057663,-8.932402832706764,0.24890457318783987,TRUE,pre_treatment
GDP_per_capita_growth,heritage_Property.Rights,-24,2.2315035420046683,1.9399953086379493,-1.5708872629257122,6.033894346935049,TRUE,pre_treatment
GDP_per_capita_growth,heritage_Property.Rights,-23,0.7422861893249546,1.2543256258704225,-1.7161920373810735,3.2007644160309825,TRUE,pre_treatment
GDP_per_capita_growth,heritage_Property.Rights,-22,-0.7851151834710519,1.1258787311246834,-2.9918374964754313,1.4216071295333275,TRUE,pre_treatment
GDP_per_capita_growth,heritage_Property.Rights,-21,0.5037058400213346,0.8327182827504268,-1.128421994169502,2.1358336742121713,TRUE,pre_treatment
GDP_per_capita_growth,heritage_Property.Rights,-20,-3.412140497682466,1.553510485591589,-6.45702104944198,-0.3672599459229513,FALSE,pre_treatment
GDP_per_capita_growth,heritage_Property.Rights,-19,2.119361634268083,1.7338175201628587,-1.27892070525112,5.517643973787286,TRUE,pre_treatment
GDP_per_capita_growth,heritage_Property.Rights,-18,1.0658834573351852,1.338838644023855,-1.5582402849515709,3.6900071996219412,TRUE,pre_treatment
GDP_per_capita_growth,heritage_Property.Rights,-17,-0.3735539417000858,0.8405739307314752,-2.0210788459337774,1.2739709625336055,TRUE,pre_treatment
GDP_per_capita_growth,heritage_Property.Rights,-16,0.5560482690441034,0.6417314833934169,-0.7017454384069938,1.8138419764952007,TRUE,pre_treatment
GDP_per_capita_growth,heritage_Property.Rights,-15,0.7314428401072373,0.7223014648981346,-0.6842680310931066,2.147153711307581,TRUE,pre_treatment
GDP_per_capita_growth,heritage_Property.Rights,-14,1.4502547421513483,1.0659875741394702,-0.6390809031620133,3.5395903874647097,TRUE,pre_treatment
GDP_per_capita_growth,heritage_Property.Rights,-13,-2.6681591382248544,2.323070354655585,-7.2213770333498015,1.8850587569000923,TRUE,pre_treatment
GDP_per_capita_growth,heritage_Property.Rights,-12,1.0102177476754717,0.9731533133341721,-0.8971627464595056,2.917598241810449,TRUE,pre_treatment
GDP_per_capita_growth,heritage_Property.Rights,-11,0.6569890355922665,0.5234448047442922,-0.3689627817065462,1.6829408528910792,TRUE,pre_treatment
GDP_per_capita_growth,heritage_Property.Rights,-10,-0.8220791061158594,0.42941564747581124,-1.6637337751684496,0.019575562936730573,TRUE,pre_treatment
GDP_per_capita_growth,heritage_Property.Rights,-9,-0.4699068611881743,0.8417746941963249,-2.119785261812971,1.1799715394366226,TRUE,pre_treatment
GDP_per_capita_growth,heritage_Property.Rights,-8,0.6482996042767812,1.4788619803044958,-2.2502698771200302,3.5468690856735927,TRUE,pre_treatment
GDP_per_capita_growth,heritage_Property.Rights,-7,-0.9611188677042407,1.3466365170169343,-3.6005264410574322,1.6782887056489506,TRUE,pre_treatment
GDP_per_capita_growth,heritage_Property.Rights,-6,0.9182923088374149,0.6674590936602434,-0.3899275147366621,2.226512132411492,TRUE,pre_treatment
GDP_per_capita_growth,heritage_Property.Rights,-5,-0.2365362262517197,0.9259850873533358,-2.051466997464258,1.5783945449608185,TRUE,pre_treatment
GDP_per_capita_growth,heritage_Property.Rights,-4,-0.19867758916160308,0.3299147850142784,-0.8453105677895887,0.4479553894663826,TRUE,pre_treatment
GDP_per_capita_growth,heritage_Property.Rights,-3,0.024574232207120614,0.5737249871922748,-1.0999267426897381,1.1490752071039791,TRUE,pre_treatment
GDP_per_capita_growth,heritage_Property.Rights,-2,0.7984124749257291,0.9077092127686482,-0.9806975821008215,2.5775225319522796,TRUE,pre_treatment
GDP_per_capita_growth,heritage_Property.Rights,-1,-1.5972317914980798,0.9921034080032202,-3.541754471184391,0.34729088818823173,TRUE,pre_treatment
GDP_per_capita_growth,heritage_Property.Rights,0,0.283671155067964,0.6080808215344065,-0.9081672551394726,1.4755095652754007,TRUE,post_treatment
GDP_per_capita_growth,heritage_Property.Rights,1,0.7410026227815819,0.6516229362257894,-0.5361783322209653,2.018183577784129,TRUE,post_treatment
GDP_per_capita_growth,heritage_Property.Rights,2,1.2754727375601582,0.7764422364722624,-0.24635404592547605,2.7972995210457925,TRUE,post_treatment
GDP_per_capita_growth,heritage_Property.Rights,3,0.9168406664723904,2.0491807532284794,-3.099553609855429,4.93323494280021,TRUE,post_treatment
GDP_per_capita_growth,heritage_Property.Rights,4,-0.3459168906592867,0.9934687977977067,-2.2931157343427917,1.6012819530242184,TRUE,post_treatment
GDP_per_capita_growth,heritage_Property.Rights,5,0.2770952352009502,0.5644780779961395,-0.8292817976714832,1.3834722680733835,TRUE,post_treatment
GDP_per_capita_growth,heritage_Property.Rights,6,1.1187444821604937,1.1897783824879915,-1.2132211475159695,3.450710111836957,TRUE,post_treatment
GDP_per_capita_growth,heritage_Property.Rights,7,-0.4300905701305967,1.3787523966096247,-3.132445267485461,2.2722641272242674,TRUE,post_treatment
GDP_per_capita_growth,heritage_Property.Rights,8,0.5530980321308522,0.9859179374428197,-1.3793011252570744,2.485497189518779,TRUE,post_treatment
GDP_per_capita_growth,heritage_Property.Rights,9,1.4721199241669571,1.0981277624134507,-0.6802104901634063,3.6244503384973203,TRUE,post_treatment
GDP_per_capita_growth,heritage_Property.Rights,10,0.8324966682739914,1.2022219200078714,-1.5238582949414365,3.1888516314894195,TRUE,post_treatment
GDP_per_capita_growth,heritage_Property.Rights,11,2.1931359750214785,1.2284954017615586,-0.21471501243117608,4.600986962474133,TRUE,post_treatment
GDP_per_capita_growth,heritage_Property.Rights,12,-0.14219006746767898,1.2699524482418598,-2.631296866021724,2.3469167310863663,TRUE,post_treatment
GDP_per_capita_growth,heritage_Property.Rights,13,0.43368365317121993,1.3718648818198855,-2.2551715151957556,3.1225388215381957,TRUE,post_treatment
GDP_per_capita_growth,heritage_Property.Rights,14,-1.2316439587291963,1.8248365606213985,-4.8083236175471376,2.3450357000887445,TRUE,post_treatment
GDP_per_capita_growth,heritage_Property.Rights,15,-0.39967358135458314,1.5117639721318756,-3.3627309667330594,2.563383804023893,TRUE,post_treatment
GDP_per_capita_growth,heritage_Property.Rights,16,0.681132658143888,1.2776982085577198,-1.8231558306292426,3.185421146917019,TRUE,post_treatment
GDP_per_capita_growth,heritage_Property.Rights,17,0.5992181672875359,1.4143507705364928,-2.17290934296399,3.3713456775390616,TRUE,post_treatment
GDP_per_capita_growth,heritage_Property.Rights,18,-0.5634890330303247,1.3508784389891326,-3.2112107734490247,2.084232707388375,TRUE,post_treatment
GDP_per_capita_growth,heritage_Property.Rights,19,0.962246450086719,1.5998690306059824,-2.1734968499010066,4.097989750074444,TRUE,post_treatment
GDP_per_capita_growth,heritage_Property.Rights,20,1.900759517906301,1.2301480574348704,-0.5103306746660448,4.311849710478647,TRUE,post_treatment
GDP_per_capita_growth,heritage_Property.Rights,21,0.9990308689826913,1.4698736549973985,-1.8819214948122096,3.8799832327775925,TRUE,post_treatment
GDP_per_capita_growth,heritage_Property.Rights,22,2.40962550693062,2.0233404291817263,-1.5561217342655635,6.375372748126804,TRUE,post_treatment
GDP_per_capita_growth,heritage_Property.Rights,23,3.9842257000863737,2.0786066931422726,-0.08984341847248034,8.058294818645228,TRUE,post_treatment
GDP_per_capita_growth,heritage_Property.Rights,24,2.203395525341397,2.2968827766164,-2.2984947168267476,6.705285767509542,TRUE,post_treatment
GDP_per_capita_growth,heritage_Property.Rights,25,-2.132658458323365,3.0664601829984925,-8.142920417000411,3.87760350035368,TRUE,post_treatment
GDP_per_capita_growth,heritage_Tax.Burden,-24,1.3625719896405142,0.9999806255232937,-0.5973900363851414,3.32253401566617,TRUE,pre_treatment
GDP_per_capita_growth,heritage_Tax.Burden,-23,-1.2193149196698427,1.7795012101115648,-4.707137291488509,2.268507452148824,TRUE,pre_treatment
GDP_per_capita_growth,heritage_Tax.Burden,-22,-3.1489510016270064,3.963762326773537,-10.917925162103138,4.6200231588491265,TRUE,pre_treatment
GDP_per_capita_growth,heritage_Tax.Burden,-21,2.8590346950074834,3.086914512352391,-3.1913177492032028,8.90938713921817,TRUE,pre_treatment
GDP_per_capita_growth,heritage_Tax.Burden,-20,-1.0285345774957593,1.2525937310517088,-3.4836182903571085,1.42654913536559,TRUE,pre_treatment
GDP_per_capita_growth,heritage_Tax.Burden,-19,-4.346498098686837,5.334387507052273,-14.801897612509292,6.108901415135618,TRUE,pre_treatment
GDP_per_capita_growth,heritage_Tax.Burden,-18,10.707868993010848,14.31192097698385,-17.343496121877497,38.75923410789919,TRUE,pre_treatment
GDP_per_capita_growth,heritage_Tax.Burden,-17,-5.6869621552760705,7.008858376014972,-19.424324572265416,8.050400261713275,TRUE,pre_treatment
GDP_per_capita_growth,heritage_Tax.Burden,-16,-2.266836662373224,3.2794413810212006,-8.694541769174776,4.1608684444283295,TRUE,pre_treatment
GDP_per_capita_growth,heritage_Tax.Burden,-15,0.20726773354116126,1.0028083827928707,-1.7582366967328653,2.172772163815188,TRUE,pre_treatment
GDP_per_capita_growth,heritage_Tax.Burden,-14,5.034893920600343,4.623409693456672,-4.026989078574735,14.09677691977542,TRUE,pre_treatment
GDP_per_capita_growth,heritage_Tax.Burden,-13,-3.901911598587489,3.3103987581739243,-10.39029316460838,2.586469967433402,TRUE,pre_treatment
GDP_per_capita_growth,heritage_Tax.Burden,-12,-1.371276834684967,1.1957022630702525,-3.7148532703026618,0.9722996009327278,TRUE,pre_treatment
GDP_per_capita_growth,heritage_Tax.Burden,-11,0.668201655968051,1.071423002232941,-1.4317874284085133,2.7681907403446155,TRUE,pre_treatment
GDP_per_capita_growth,heritage_Tax.Burden,-10,-1.4179829829270534,1.1623495111190185,-3.6961880247203296,0.8602220588662228,TRUE,pre_treatment
GDP_per_capita_growth,heritage_Tax.Burden,-9,0.8313321921033056,0.9794081313540309,-1.088307745350595,2.7509721295572063,TRUE,pre_treatment
GDP_per_capita_growth,heritage_Tax.Burden,-8,-0.24413080936036644,1.4620494053021602,-3.1097476437526006,2.6214860250318677,TRUE,pre_treatment
GDP_per_capita_growth,heritage_Tax.Burden,-7,0.04889150117281372,1.4157671745621723,-2.7260121609690438,2.823795163314671,TRUE,pre_treatment
GDP_per_capita_growth,heritage_Tax.Burden,-6,0.44456686818383684,0.8647918029562797,-1.2504250656104712,2.139558801978145,TRUE,pre_treatment
GDP_per_capita_growth,heritage_Tax.Burden,-5,0.21152146220769943,0.8094935282443461,-1.3750858531512187,1.7981287775666177,TRUE,pre_treatment
GDP_per_capita_growth,heritage_Tax.Burden,-4,0.15232039514139623,0.9091320972131571,-1.6295785153963918,1.9342193056791843,TRUE,pre_treatment
GDP_per_capita_growth,heritage_Tax.Burden,-3,-0.8039630062712187,0.5853806186553729,-1.9513090188357496,0.3433830062933122,TRUE,pre_treatment
GDP_per_capita_growth,heritage_Tax.Burden,-2,0.9651583551197174,0.5753907166506075,-0.16260744951547323,2.092924159754908,TRUE,pre_treatment
GDP_per_capita_growth,heritage_Tax.Burden,-1,0.9311228148662856,0.5476081525119649,-0.14218916405716575,2.004434793789737,TRUE,pre_treatment
GDP_per_capita_growth,heritage_Tax.Burden,0,-0.8495508190557883,0.44776026998111085,-1.7271609482187655,0.028059310107188873,TRUE,post_treatment
GDP_per_capita_growth,heritage_Tax.Burden,1,-0.22203085600511527,0.530354663602499,-1.2615259966660133,0.8174642846557828,TRUE,post_treatment
GDP_per_capita_growth,heritage_Tax.Burden,2,-0.004786071246508546,0.7789170952337959,-1.5314635779047487,1.5218914354117314,TRUE,post_treatment
GDP_per_capita_growth,heritage_Tax.Burden,3,-0.2571793439752617,0.49032010161627226,-1.2182067431431554,0.7038480551926318,TRUE,post_treatment
GDP_per_capita_growth,heritage_Tax.Burden,4,-1.4189385538169623,0.6027279233799793,-2.6002852836417216,-0.23759182399220302,FALSE,post_treatment
GDP_per_capita_growth,heritage_Tax.Burden,5,-0.19987152276682305,0.5393890062267478,-1.2570739749712487,0.8573309294376026,TRUE,post_treatment
GDP_per_capita_growth,heritage_Tax.Burden,6,-1.318371705443591,0.8986945517548277,-3.0798130268830533,0.44306961599587114,TRUE,post_treatment
GDP_per_capita_growth,heritage_Tax.Burden,7,-1.6066853819831914,0.7026021363170015,-2.9837855691645143,-0.22958519480186856,FALSE,post_treatment
GDP_per_capita_growth,heritage_Tax.Burden,8,-1.0397273556466624,0.734882004427071,-2.4800960843237214,0.4006413730303966,TRUE,post_treatment
GDP_per_capita_growth,heritage_Tax.Burden,9,-1.4126126534657568,0.987178692108815,-3.3474828899990343,0.5222575830675207,TRUE,post_treatment
GDP_per_capita_growth,heritage_Tax.Burden,10,-1.1034524035619044,0.7349853945756388,-2.544023776930157,0.3371189698063477,TRUE,post_treatment
GDP_per_capita_growth,heritage_Tax.Burden,11,-1.9187725238076756,1.364515590840446,-4.5932230818549495,0.7556780342395988,TRUE,post_treatment
GDP_per_capita_growth,heritage_Tax.Burden,12,-0.7123468080979486,1.3691242909665744,-3.3958304183924346,1.9711368021965372,TRUE,post_treatment
GDP_per_capita_growth,heritage_Tax.Burden,13,-0.42389827913410233,1.115486353269806,-2.610251531542922,1.7624549732747172,TRUE,post_treatment
GDP_per_capita_growth,heritage_Tax.Burden,14,-1.1419817911092416,1.055904419173006,-3.2115544526883335,0.9275908704698503,TRUE,post_treatment
GDP_per_capita_growth,heritage_Tax.Burden,15,-0.7358596863501149,1.0920234663680608,-2.876225680431514,1.404506307731284,TRUE,post_treatment
GDP_per_capita_growth,heritage_Tax.Burden,16,-0.7629017111588218,0.7804949011795392,-2.2926717174707187,0.7668682951530751,TRUE,post_treatment
GDP_per_capita_growth,heritage_Tax.Burden,17,-0.6091235763251034,1.3001166937507982,-3.157352296076668,1.939105143426461,TRUE,post_treatment
GDP_per_capita_growth,heritage_Tax.Burden,18,-2.0667747140053634,1.0524963269636984,-4.129667514854212,-0.003881913156514649,FALSE,post_treatment
GDP_per_capita_growth,heritage_Tax.Burden,19,-1.7547542298376917,0.9049975531229463,-3.5285494339586663,0.019040974283282885,TRUE,post_treatment
GDP_per_capita_growth,heritage_Tax.Burden,20,-0.2837059067150885,1.2216586785164947,-2.6781569166074184,2.110745103177241,TRUE,post_treatment
GDP_per_capita_growth,heritage_Tax.Burden,21,-1.0926958810354055,1.1061992440283377,-3.2608463993309473,1.0754546372601363,TRUE,post_treatment
GDP_per_capita_growth,heritage_Tax.Burden,22,-2.078014977984814,1.1572064835436493,-4.346139685730367,0.1901097297607386,TRUE,post_treatment
GDP_per_capita_growth,heritage_Tax.Burden,23,2.5516391312891358,2.0231519101510473,-1.4137386126069171,6.517016875185188,TRUE,post_treatment
GDP_per_capita_growth,heritage_Tax.Burden,24,0.6670306983448127,1.4202034007243314,-2.116567967074877,3.4506293637645022,TRUE,post_treatment
GDP_per_capita_growth,heritage_Tax.Burden,25,1.0821168393254532,1.4673847852718658,-1.7939573398074038,3.9581910184583102,TRUE,post_treatment
GDP_per_capita_growth,heritage_Trade.Freedom,-25,-0.3047726496430623,0.8244377558531412,-1.920670651115219,1.3111253518290944,TRUE,pre_treatment
GDP_per_capita_growth,heritage_Trade.Freedom,-24,5.703125461035112,1.4621259648032618,2.837358570020719,8.568892352049506,FALSE,pre_treatment
GDP_per_capita_growth,heritage_Trade.Freedom,-23,-7.581583673462202,0.6547448534768119,-8.864883586276752,-6.29828376064765,FALSE,pre_treatment
GDP_per_capita_growth,heritage_Trade.Freedom,-22,4.136330005377121,6.241023897226583,-8.09607683318698,16.368736843941225,TRUE,pre_treatment
GDP_per_capita_growth,heritage_Trade.Freedom,-21,-1.967974278415105,3.1360612058601625,-8.114654241901023,4.178705685070813,TRUE,pre_treatment
GDP_per_capita_growth,heritage_Trade.Freedom,-20,1.3770474991133987,1.401649918721801,-1.3701863415813311,4.124281339808128,TRUE,pre_treatment
GDP_per_capita_growth,heritage_Trade.Freedom,-19,-1.8764880383334337,0.9032707946266866,-3.6468987958017394,-0.10607728086512802,FALSE,pre_treatment
GDP_per_capita_growth,heritage_Trade.Freedom,-18,5.593496828452816,9.05361968454683,-12.15159775325897,23.338591410164604,TRUE,pre_treatment
GDP_per_capita_growth,heritage_Trade.Freedom,-17,-5.1597506614511754,6.652306248235314,-18.19827090799239,7.8787695850900406,TRUE,pre_treatment
GDP_per_capita_growth,heritage_Trade.Freedom,-16,-1.0891881216877661,3.4671451023658655,-7.884792522324862,5.70641627894933,TRUE,pre_treatment
GDP_per_capita_growth,heritage_Trade.Freedom,-15,6.378886346570663,9.351723454911854,-11.950491625056571,24.708264318197898,TRUE,pre_treatment
GDP_per_capita_growth,heritage_Trade.Freedom,-14,-6.727711603849871,4.008488716855784,-14.584349488887208,1.128926281187466,TRUE,pre_treatment
GDP_per_capita_growth,heritage_Trade.Freedom,-13,0.26662149304806465,2.8534306512547736,-5.326102583411291,5.85934556950742,TRUE,pre_treatment
GDP_per_capita_growth,heritage_Trade.Freedom,-12,-0.012042979453022427,2.978261999172985,-5.849436497832073,5.825350538926028,TRUE,pre_treatment
GDP_per_capita_growth,heritage_Trade.Freedom,-11,2.0614218548396526,2.126188452612267,-2.1059075122803907,6.228751221959696,TRUE,pre_treatment
GDP_per_capita_growth,heritage_Trade.Freedom,-10,-1.486090057857907,1.408284704773156,-4.246328079213293,1.2741479634974786,TRUE,pre_treatment
GDP_per_capita_growth,heritage_Trade.Freedom,-9,1.4311652824219445,1.2001097709614388,-0.9210498686624753,3.7833804335063643,TRUE,pre_treatment
GDP_per_capita_growth,heritage_Trade.Freedom,-8,0.10326252519814588,1.1326586501679068,-2.1167484291309515,2.323273479527243,TRUE,pre_treatment
GDP_per_capita_growth,heritage_Trade.Freedom,-7,-0.1882632513711099,1.0672202045563366,-2.2800148523015293,1.9034883495593096,TRUE,pre_treatment
GDP_per_capita_growth,heritage_Trade.Freedom,-6,-0.4278927611730821,0.9214489168490229,-2.233932638197167,1.3781471158510028,TRUE,pre_treatment
GDP_per_capita_growth,heritage_Trade.Freedom,-5,0.8443276130504208,0.8480780040618539,-0.8179052749108128,2.5065605010116543,TRUE,pre_treatment
GDP_per_capita_growth,heritage_Trade.Freedom,-4,-0.7145184537749819,0.5855122041809047,-1.8621223739695552,0.4330854664195912,TRUE,pre_treatment
GDP_per_capita_growth,heritage_Trade.Freedom,-3,-0.27625848665412095,0.8324825622694553,-1.9079243087022533,1.3554073353940115,TRUE,pre_treatment
GDP_per_capita_growth,heritage_Trade.Freedom,-2,0.2623174232771526,0.9994622750087233,-1.6966286357399452,2.2212634822942503,TRUE,pre_treatment
GDP_per_capita_growth,heritage_Trade.Freedom,-1,0.3993704319098476,0.4449009289566441,-0.4726353888451748,1.27137625266487,TRUE,pre_treatment
GDP_per_capita_growth,heritage_Trade.Freedom,0,-0.10218869331075797,0.46455024177338144,-1.0127071671865857,0.8083297805650697,TRUE,post_treatment
GDP_per_capita_growth,heritage_Trade.Freedom,1,0.22384458630436674,0.6892078549949285,-1.1270028094856932,1.5746919820944267,TRUE,post_treatment
GDP_per_capita_growth,heritage_Trade.Freedom,2,0.9458663291655383,0.5418618005311937,-0.11618279987560132,2.0079154582066776,TRUE,post_treatment
GDP_per_capita_growth,heritage_Trade.Freedom,3,-0.0019877009777523645,0.6068027055914131,-1.1913210039369222,1.1873456019814173,TRUE,post_treatment
GDP_per_capita_growth,heritage_Trade.Freedom,4,0.688803919706387,0.7610087720110822,-0.802773273435334,2.180381112848108,TRUE,post_treatment
GDP_per_capita_growth,heritage_Trade.Freedom,5,0.8332461192168629,0.8638835397222911,-0.8599656186388277,2.5264578570725535,TRUE,post_treatment
GDP_per_capita_growth,heritage_Trade.Freedom,6,0.1916871408596112,0.7931341028534336,-1.3628557007331186,1.746229982452341,TRUE,post_treatment
GDP_per_capita_growth,heritage_Trade.Freedom,7,-0.032739720849533804,0.8448148402274163,-1.6885768076952696,1.6230973659962022,TRUE,post_treatment
GDP_per_capita_growth,heritage_Trade.Freedom,8,0.8057247214989341,0.8556767531151347,-0.8714017146067298,2.482851157604598,TRUE,post_treatment
GDP_per_capita_growth,heritage_Trade.Freedom,9,0.7316509683804584,0.8531604454396933,-0.9405435046813404,2.4038454414422574,TRUE,post_treatment
GDP_per_capita_growth,heritage_Trade.Freedom,10,0.5254050055396001,0.9570821667201491,-1.3504760412318921,2.401286052311092,TRUE,post_treatment
GDP_per_capita_growth,heritage_Trade.Freedom,11,0.4448512851503727,0.9562003340704952,-1.4293013696277979,2.3190039399285434,TRUE,post_treatment
GDP_per_capita_growth,heritage_Trade.Freedom,12,0.399780565800448,0.976878959458214,-1.5149021947376513,2.3144633263385472,TRUE,post_treatment
GDP_per_capita_growth,heritage_Trade.Freedom,13,-0.4873945981285021,1.2411539891264207,-2.9200564168162866,1.9452672205592825,TRUE,post_treatment
GDP_per_capita_growth,heritage_Trade.Freedom,14,1.4977625773366998,1.2632433314335232,-0.9781943522730054,3.973719506946405,TRUE,post_treatment
GDP_per_capita_growth,heritage_Trade.Freedom,15,0.6601140608518593,0.9803568584219674,-1.261385381655197,2.5816135033589154,TRUE,post_treatment
GDP_per_capita_growth,heritage_Trade.Freedom,16,0.16156472243470144,1.1045143342454065,-2.003283372686295,2.326412817555698,TRUE,post_treatment
GDP_per_capita_growth,heritage_Trade.Freedom,17,0.42013355819266457,1.2714207574215846,-2.0718511263536414,2.9121182427389702,TRUE,post_treatment
GDP_per_capita_growth,heritage_Trade.Freedom,18,1.1865007498375324,1.2314830918429942,-1.227206110174736,3.600207609849801,TRUE,post_treatment
GDP_per_capita_growth,heritage_Trade.Freedom,19,0.7826062836177051,1.3477642541116839,-1.8590116544411952,3.4242242216766057,TRUE,post_treatment
GDP_per_capita_growth,heritage_Trade.Freedom,20,0.7840384039292019,1.4370506633187912,-2.0325808961756286,3.6006577040340324,TRUE,post_treatment
GDP_per_capita_growth,heritage_Trade.Freedom,21,0.11326986004423747,1.402582636716816,-2.6357921079207216,2.8623318280091965,TRUE,post_treatment
GDP_per_capita_growth,heritage_Trade.Freedom,22,0.3766074350856946,1.634800714564498,-2.8276019654607216,3.5808168356321106,TRUE,post_treatment
GDP_per_capita_growth,heritage_Trade.Freedom,23,2.0141652523259084,1.579503322931463,-1.081661260619759,5.109991765271576,TRUE,post_treatment
GDP_per_capita_growth,heritage_Trade.Freedom,24,-0.24722111864978302,1.70434268115216,-3.5877327737080167,3.0932905364084506,TRUE,post_treatment
GDP_per_capita_growth,heritage_Trade.Freedom,25,-0.9265808388014368,1.469574068426317,-3.806946012917018,1.9537843353141446,TRUE,post_treatment
Gini_SWIID,fraser_FreeTrade,-26,-0.29013053613053646,0.2042184406771895,-0.6903986798578279,0.11013760759675495,TRUE,pre_treatment
Gini_SWIID,fraser_FreeTrade,-25,-0.19619311700704328,0.12487870254348023,-0.44095537399226453,0.048569139978177966,TRUE,pre_treatment
Gini_SWIID,fraser_FreeTrade,-24,-0.29665714471006666,0.16910487268436303,-0.6281026951714181,0.03478840575128489,TRUE,pre_treatment
Gini_SWIID,fraser_FreeTrade,-23,0.09531426826899214,0.30862339909358877,-0.5095875939544419,0.7002161304924261,TRUE,pre_treatment
Gini_SWIID,fraser_FreeTrade,-22,-0.04700130209678083,0.10093558305119636,-0.2448350448771257,0.15083244068356405,TRUE,pre_treatment
Gini_SWIID,fraser_FreeTrade,-21,-0.03353927173982024,0.18729568186840437,-0.4006388082018928,0.3335602647222523,TRUE,pre_treatment
Gini_SWIID,fraser_FreeTrade,-20,-0.36914524688372624,0.14731929045005496,-0.657891056165834,-0.08039943760161855,FALSE,pre_treatment
Gini_SWIID,fraser_FreeTrade,-19,0.08063691731246823,0.2746984622385752,-0.4577720686751391,0.6190459033000756,TRUE,pre_treatment
Gini_SWIID,fraser_FreeTrade,-18,0.015009880521893023,0.24255541936931535,-0.4603987414419651,0.4904185024857511,TRUE,pre_treatment
Gini_SWIID,fraser_FreeTrade,-17,-0.4183864363714089,0.20595937570443323,-0.822066812752098,-0.014706059990719722,FALSE,pre_treatment
Gini_SWIID,fraser_FreeTrade,-16,-0.1984656988507801,0.1330419560363963,-0.4592279326821168,0.06229653498055662,TRUE,pre_treatment
Gini_SWIID,fraser_FreeTrade,-15,-0.11624040840391286,0.11268870331076321,-0.3371102668930087,0.10462945008518301,TRUE,pre_treatment
Gini_SWIID,fraser_FreeTrade,-14,-0.18982427523354706,0.17066401608880066,-0.5243257467675964,0.14467719630050224,TRUE,pre_treatment
Gini_SWIID,fraser_FreeTrade,-13,-0.06694422459180958,0.1380585932085078,-0.3375390672804849,0.2036506180968657,TRUE,pre_treatment
Gini_SWIID,fraser_FreeTrade,-12,-0.06758074398233342,0.06489018306822389,-0.19476550279605226,0.0596040148313854,TRUE,pre_treatment
Gini_SWIID,fraser_FreeTrade,-11,0.15671027280139788,0.1970639691520425,-0.22953510673660543,0.5429556523394012,TRUE,pre_treatment
Gini_SWIID,fraser_FreeTrade,-10,0.06586546098748568,0.11220142047994859,-0.15404932315321357,0.2857802451281849,TRUE,pre_treatment
Gini_SWIID,fraser_FreeTrade,-9,0.04812261812658312,0.08108844012921645,-0.11081072452668114,0.20705596077984736,TRUE,pre_treatment
Gini_SWIID,fraser_FreeTrade,-8,0.1418301899412872,0.27655735307801355,-0.40022222209161934,0.6838826019741937,TRUE,pre_treatment
Gini_SWIID,fraser_FreeTrade,-7,0.09830352185205557,0.13103835335166072,-0.15853165071719946,0.35513869442131063,TRUE,pre_treatment
Gini_SWIID,fraser_FreeTrade,-6,-0.0015505087295072484,0.14995615134294232,-0.2954645653616742,0.2923635479026597,TRUE,pre_treatment
Gini_SWIID,fraser_FreeTrade,-5,-0.3286750605817347,0.4348289466412508,-1.1809397959985861,0.5235896748351169,TRUE,pre_treatment
Gini_SWIID,fraser_FreeTrade,-4,-0.017991634796796566,0.11985589517183605,-0.25290918933359524,0.21692591974000208,TRUE,pre_treatment
Gini_SWIID,fraser_FreeTrade,-3,0.12838315252466942,0.23432337764805092,-0.3308906676655104,0.5876569727148493,TRUE,pre_treatment
Gini_SWIID,fraser_FreeTrade,-2,-0.19786686543401916,0.2153864630586068,-0.6200243330288884,0.22429060216085012,TRUE,pre_treatment
Gini_SWIID,fraser_FreeTrade,-1,-0.052094709297233026,0.0895727346708596,-0.22765726925211785,0.12346785065765178,TRUE,pre_treatment
Gini_SWIID,fraser_FreeTrade,0,0.10862754475766172,0.30433224110195795,-0.4878636478021758,0.7051187373174992,TRUE,post_treatment
Gini_SWIID,fraser_FreeTrade,1,-0.0125519101466343,0.4330897436240475,-0.8614078076497673,0.8363039873564988,TRUE,post_treatment
Gini_SWIID,fraser_FreeTrade,2,-0.11411307064566571,0.5840092703538173,-1.2587712405391476,1.0305450992478162,TRUE,post_treatment
Gini_SWIID,fraser_FreeTrade,3,-0.5599909963700004,0.9145259353314865,-2.3524618296197137,1.2324798368797132,TRUE,post_treatment
Gini_SWIID,fraser_FreeTrade,4,-0.5462315702921858,0.817723693203958,-2.1489700089719435,1.0565068683875718,TRUE,post_treatment
Gini_SWIID,fraser_FreeTrade,5,-1.165088182742808,1.0242778721306904,-3.172672812118961,0.8424964466333451,TRUE,post_treatment
Gini_SWIID,fraser_FreeTrade,6,-1.6656612343135775,0.9132539155840862,-3.4556389088583863,0.12431644023123134,TRUE,post_treatment
Gini_SWIID,fraser_FreeTrade,7,-1.7052446319817998,1.1743162903182351,-4.006904561005541,0.5964152970419412,TRUE,post_treatment
Gini_SWIID,fraser_FreeTrade,8,-2.1349091990994875,1.0154321067022882,-4.1251561282359726,-0.1446622699630027,FALSE,post_treatment
Gini_SWIID,fraser_FreeTrade,9,-0.5060775917289017,0.9037803418603115,-2.2774870617751124,1.2653318783173089,TRUE,post_treatment
Gini_SWIID,fraser_FreeTrade,10,-0.09523696611553228,0.7370767251551553,-1.5399073474196368,1.349433415188572,TRUE,post_treatment
Gini_SWIID,fraser_FreeTrade,11,0.07094550869361446,0.9700070690172611,-1.8302683465802172,1.972159363967446,TRUE,post_treatment
Gini_SWIID,fraser_FreeTrade,12,0.035515910689981015,1.0522303926468435,-2.026855658897832,2.097887480277794,TRUE,post_treatment
Gini_SWIID,fraser_FreeTrade,13,0.1885376029461709,1.1781398644112284,-2.1206165312998366,2.4976917371921785,TRUE,post_treatment
Gini_SWIID,fraser_FreeTrade,14,0.04251390255841638,1.0645026190187143,-2.0439112307182636,2.1289390358350966,TRUE,post_treatment
Gini_SWIID,fraser_FreeTrade,15,0.1309963523749675,1.224215276355568,-2.268465589281946,2.530458294031881,TRUE,post_treatment
Gini_SWIID,fraser_FreeTrade,16,0.3881098043897382,1.3149842175963005,-2.189259262099011,2.9654788708784867,TRUE,post_treatment
Gini_SWIID,fraser_FreeTrade,17,-1.191640045302996,1.2835481924265513,-3.7073945024590365,1.3241144118530443,TRUE,post_treatment
Gini_SWIID,fraser_FreeTrade,18,-0.8864966080426225,1.433585852307147,-3.6963248785646305,1.9233316624793853,TRUE,post_treatment
Gini_SWIID,fraser_FreeTrade,19,-1.1805527947979835,1.6653362757691057,-4.444611895305431,2.083506305709464,TRUE,post_treatment
Gini_SWIID,fraser_FreeTrade,20,-0.9136948131983592,1.7990451449252907,-4.4398232972519285,2.6124336708552103,TRUE,post_treatment
Gini_SWIID,fraser_FreeTrade,21,-2.9005698005697997,1.384771724148079,-5.6147223799000345,-0.18641722123956495,FALSE,post_treatment
Gini_SWIID,fraser_LegalSystem,-22,0.546836847946725,0.1739797529951352,0.20583653207626001,0.88783716381719,FALSE,pre_treatment
Gini_SWIID,fraser_LegalSystem,-21,0.8128581411600266,0.05880105289014405,0.6976080774953443,0.928108204824709,FALSE,pre_treatment
Gini_SWIID,fraser_LegalSystem,-20,0.4523905723905731,0.119216452988477,0.2187263245331582,0.686054820247988,FALSE,pre_treatment
Gini_SWIID,fraser_LegalSystem,-19,-3.0735625919893437,3.310328291648505,-9.561806043620415,3.4146808596417264,TRUE,pre_treatment
Gini_SWIID,fraser_LegalSystem,-18,-0.039210706902201325,0.10560166920524469,-0.2461899785444809,0.16776856474007826,TRUE,pre_treatment
Gini_SWIID,fraser_LegalSystem,-17,-0.08251136703966988,0.1374935931047632,-0.35199880952500573,0.18697607544566597,TRUE,pre_treatment
Gini_SWIID,fraser_LegalSystem,-16,-0.2183584172998256,0.13036343171514422,-0.47387074346150826,0.03715390886185707,TRUE,pre_treatment
Gini_SWIID,fraser_LegalSystem,-15,-0.07298025910940295,0.09923954903116847,-0.2674897752104931,0.12152925699168723,TRUE,pre_treatment
Gini_SWIID,fraser_LegalSystem,-14,-0.13086787423515045,0.07905303440102704,-0.2858118216611635,0.02407607319086255,TRUE,pre_treatment
Gini_SWIID,fraser_LegalSystem,-13,-0.10365855248098453,0.10862723993859302,-0.31656794276062683,0.10925083779865778,TRUE,pre_treatment
Gini_SWIID,fraser_LegalSystem,-12,-0.29672309540765013,0.25242514091867724,-0.7914763716082576,0.19803018079295726,TRUE,pre_treatment
Gini_SWIID,fraser_LegalSystem,-11,-0.4642341026241013,0.3850272351913415,-1.2188874835991306,0.290419278350928,TRUE,pre_treatment
Gini_SWIID,fraser_LegalSystem,-10,-0.07317901287852331,0.34815774341392103,-0.7555681899698086,0.6092101642127619,TRUE,pre_treatment
Gini_SWIID,fraser_LegalSystem,-9,-0.08734818724268147,0.08612198033980713,-0.2561472687087034,0.0814508942233405,TRUE,pre_treatment
Gini_SWIID,fraser_LegalSystem,-8,0.015618980379409312,0.1626725093455243,-0.30321913793781835,0.3344570986966369,TRUE,pre_treatment
Gini_SWIID,fraser_LegalSystem,-7,0.015093274735968098,0.1454940533875626,-0.2700750699036546,0.3002616193755908,TRUE,pre_treatment
Gini_SWIID,fraser_LegalSystem,-6,0.0798005667363632,0.1686364901559522,-0.2507269539693031,0.41032808744202953,TRUE,pre_treatment
Gini_SWIID,fraser_LegalSystem,-5,0.023505209562550724,0.27624545670361206,-0.5179358855765289,0.5649463047016304,TRUE,pre_treatment
Gini_SWIID,fraser_LegalSystem,-4,-0.09032055804518054,0.22442021362586972,-0.5301841767518852,0.34954306066152413,TRUE,pre_treatment
Gini_SWIID,fraser_LegalSystem,-3,-0.042310380004006,0.07059365183538688,-0.18067393760136427,0.09605317759335227,TRUE,pre_treatment
Gini_SWIID,fraser_LegalSystem,-2,0.09972132442281993,0.13762606760944918,-0.17002576809170045,0.36946841693734034,TRUE,pre_treatment
Gini_SWIID,fraser_LegalSystem,-1,-0.14929612735613243,0.17706425998006226,-0.49634207691705445,0.19774982220478957,TRUE,pre_treatment
Gini_SWIID,fraser_LegalSystem,0,0.0946949321934876,0.11610703890266127,-0.1328748640557285,0.3222647284427037,TRUE,post_treatment
Gini_SWIID,fraser_LegalSystem,1,0.0037274621139385456,0.23564630146676777,-0.4581392887609263,0.4655942129888034,TRUE,post_treatment
Gini_SWIID,fraser_LegalSystem,2,0.172701897531346,0.33949141220631507,-0.49270127039303147,0.8381050654557235,TRUE,post_treatment
Gini_SWIID,fraser_LegalSystem,3,0.32201437252927667,0.30222572692227456,-0.27034805223838143,0.9143767972969348,TRUE,post_treatment
Gini_SWIID,fraser_LegalSystem,4,0.3657395704529635,0.31738291257992035,-0.2563309382036804,0.9878100791096074,TRUE,post_treatment
Gini_SWIID,fraser_LegalSystem,5,0.25809938275841443,0.513868234853151,-0.7490823575537615,1.2652811230705903,TRUE,post_treatment
Gini_SWIID,fraser_LegalSystem,6,0.40261101649108827,0.4668351097538997,-0.5123857986265552,1.3176078316087316,TRUE,post_treatment
Gini_SWIID,fraser_LegalSystem,7,0.4560706319197359,0.6061180804924192,-0.7319208058454059,1.6440620696848776,TRUE,post_treatment
Gini_SWIID,fraser_LegalSystem,8,0.9867284241865263,0.5077531627663203,-0.008467774835461572,1.9819246232085141,TRUE,post_treatment
Gini_SWIID,fraser_LegalSystem,9,1.037804072238825,0.5343192444730225,-0.009461646928298872,2.085069791405949,TRUE,post_treatment
Gini_SWIID,fraser_LegalSystem,10,1.2429025964276441,0.5824987483741492,0.10120504961431176,2.3846001432409762,FALSE,post_treatment
Gini_SWIID,fraser_LegalSystem,11,0.94188846933894,0.6637700018395977,-0.35910073426667144,2.2428776729445516,TRUE,post_treatment
Gini_SWIID,fraser_LegalSystem,12,0.709960614652743,0.9026489172587516,-1.0592312631744103,2.479152492479896,TRUE,post_treatment
Gini_SWIID,fraser_LegalSystem,13,0.9682143040435456,0.947098917260511,-0.8880995737870558,2.824528181874147,TRUE,post_treatment
Gini_SWIID,fraser_LegalSystem,14,0.9461048824860167,1.0027664749502483,-1.01931740841647,2.911527173388503,TRUE,post_treatment
Gini_SWIID,fraser_LegalSystem,15,0.7372318383343821,1.1901869483695495,-1.5955345804699348,3.069998257138699,TRUE,post_treatment
Gini_SWIID,fraser_LegalSystem,16,0.30802228416973254,1.1190111616294904,-1.8852395926240688,2.5012841609635337,TRUE,post_treatment
Gini_SWIID,fraser_LegalSystem,17,0.6109812219401959,1.4138588260140819,-2.1601820770474047,3.3821445209277963,TRUE,post_treatment
Gini_SWIID,fraser_LegalSystem,18,0.7224212097013603,1.0840792186619088,-1.4023740588759808,2.8472164782787015,TRUE,post_treatment
Gini_SWIID,fraser_LegalSystem,19,1.1391583947000554,1.374776705862624,-1.5554039487906874,3.8337207381907983,TRUE,post_treatment
Gini_SWIID,fraser_LegalSystem,20,1.0101018422621846,1.452028344273484,-1.8358737125138442,3.8560773970382134,TRUE,post_treatment
Gini_SWIID,fraser_LegalSystem,21,1.6714912280701726,1.9624515145565595,-2.174913740460684,5.517896196601029,TRUE,post_treatment
Gini_SWIID,fraser_Regulation,-22,-0.43333333333333257,0.2401260170414876,-0.9039803267346482,0.03731366006798309,TRUE,pre_treatment
Gini_SWIID,fraser_Regulation,-21,-0.37459770114942464,0.1950506307481059,-0.7568969374157122,0.007701535116862945,TRUE,pre_treatment
Gini_SWIID,fraser_Regulation,-20,-0.19885777326059312,0.04552755780121145,-0.28809178655096757,-0.10962375997021868,FALSE,pre_treatment
Gini_SWIID,fraser_Regulation,-19,-0.23878763748413245,0.08898904421336734,-0.41320616414233247,-0.06436911082593247,FALSE,pre_treatment
Gini_SWIID,fraser_Regulation,-18,-0.27841672051923805,0.13063200246419934,-0.5344554453490687,-0.02237799568940735,FALSE,pre_treatment
Gini_SWIID,fraser_Regulation,-17,-0.12006681475125522,0.09732307380307567,-0.3108200394052835,0.07068640990277308,TRUE,pre_treatment
Gini_SWIID,fraser_Regulation,-16,-0.1122795182535429,0.08396790313368573,-0.2768566083955669,0.05229757188848111,TRUE,pre_treatment
Gini_SWIID,fraser_Regulation,-15,0.21156293759740585,0.5844964473028226,-0.9340500991161264,1.357175974310938,TRUE,pre_treatment
Gini_SWIID,fraser_Regulation,-14,-0.1226712036550642,0.2092300935493899,-0.5327621870118684,0.28741977970174004,TRUE,pre_treatment
Gini_SWIID,fraser_Regulation,-13,-0.10342578041523126,0.06174328654006858,-0.2244426220337657,0.017591061203303157,TRUE,pre_treatment
Gini_SWIID,fraser_Regulation,-12,-0.41887865491537196,0.4096356958474084,-1.2217646187762923,0.3840073089455484,TRUE,pre_treatment
Gini_SWIID,fraser_Regulation,-11,-0.1725579351273086,0.14197327872938797,-0.45082556143690905,0.10570969118229184,TRUE,pre_treatment
Gini_SWIID,fraser_Regulation,-10,-0.09162614679849508,0.17616228446516058,-0.4369042243502098,0.2536519307532197,TRUE,pre_treatment
Gini_SWIID,fraser_Regulation,-9,-0.08879424518069778,0.09397171786843622,-0.27297881220283277,0.0953903218414372,TRUE,pre_treatment
Gini_SWIID,fraser_Regulation,-8,-0.25701578409811004,0.23327208913453348,-0.7142290788017956,0.20019751060557556,TRUE,pre_treatment
Gini_SWIID,fraser_Regulation,-7,0.14628477539868773,0.18951516213638114,-0.22516494238861928,0.5177344931859947,TRUE,pre_treatment
Gini_SWIID,fraser_Regulation,-6,0.18042660519242065,0.2217531940171519,-0.2542096550811971,0.6150628654660384,TRUE,pre_treatment
Gini_SWIID,fraser_Regulation,-5,-0.17970151946651552,0.1747610612222873,-0.5222331994621986,0.16283016052916754,TRUE,pre_treatment
Gini_SWIID,fraser_Regulation,-4,0.03676785402067884,0.111628103247311,-0.1820232283440507,0.2555589363854084,TRUE,pre_treatment
Gini_SWIID,fraser_Regulation,-3,0.08994422785022418,0.12414285320125971,-0.15337576442424486,0.33326422012469326,TRUE,pre_treatment
Gini_SWIID,fraser_Regulation,-2,-0.03552878179905251,0.11030516656924833,-0.2517269082747792,0.18066934467667423,TRUE,pre_treatment
Gini_SWIID,fraser_Regulation,-1,-0.023357543557818647,0.13040667782721432,-0.2789546320991587,0.2322395449835214,TRUE,pre_treatment
Gini_SWIID,fraser_Regulation,0,0.10781494053127882,0.21795553691938946,-0.3193779118307245,0.5350077928932822,TRUE,post_treatment
Gini_SWIID,fraser_Regulation,1,0.12445904245013625,0.23299319144878813,-0.3322076127894885,0.581125697689761,TRUE,post_treatment
Gini_SWIID,fraser_Regulation,2,0.11935358745917989,0.33170396930264345,-0.5307861923740013,0.7694933672923611,TRUE,post_treatment
Gini_SWIID,fraser_Regulation,3,0.20641018210759732,0.34835367866868683,-0.4763630280830289,0.8891833922982235,TRUE,post_treatment
Gini_SWIID,fraser_Regulation,4,0.400283152858175,0.362036174224016,-0.30930774862089633,1.1098740543372463,TRUE,post_treatment
Gini_SWIID,fraser_Regulation,5,-0.03669215619523861,0.42938170268159864,-0.8782802934511719,0.8048959810606947,TRUE,post_treatment
Gini_SWIID,fraser_Regulation,6,0.43449861587426397,0.5563779750993793,-0.6560022153205193,1.5249994470690473,TRUE,post_treatment
Gini_SWIID,fraser_Regulation,7,0.11902463517080519,0.6397363263604284,-1.1348585644956346,1.3729078348372448,TRUE,post_treatment
Gini_SWIID,fraser_Regulation,8,0.19434209120334717,0.7483476777718033,-1.2724193572293874,1.6611035396360816,TRUE,post_treatment
Gini_SWIID,fraser_Regulation,9,0.3721791187069632,0.8390109296008457,-1.2722823033106943,2.0166405407246204,TRUE,post_treatment
Gini_SWIID,fraser_Regulation,10,0.1425958542483307,0.7565836263929712,-1.3403080534818927,1.6254997619785543,TRUE,post_treatment
Gini_SWIID,fraser_Regulation,11,0.44342288391225876,0.8735948556798266,-1.2688230332202015,2.155668801044719,TRUE,post_treatment
Gini_SWIID,fraser_Regulation,12,0.3241442203792079,0.7682760389118664,-1.18167681588805,1.829965256646466,TRUE,post_treatment
Gini_SWIID,fraser_Regulation,13,0.10084238361710234,0.9663087094198141,-1.793122686845733,1.9948074540799379,TRUE,post_treatment
Gini_SWIID,fraser_Regulation,14,0.8613236584950474,0.955270118353642,-1.0110057734780908,2.7336530904681857,TRUE,post_treatment
Gini_SWIID,fraser_Regulation,15,0.32179898719418704,1.1067257979121892,-1.8473835767137037,2.490981551102078,TRUE,post_treatment
Gini_SWIID,fraser_Regulation,16,-0.564780776843004,1.027313559453614,-2.5783153533720875,1.4487537996860795,TRUE,post_treatment
Gini_SWIID,fraser_Regulation,17,0.148610453599164,1.4609061353258639,-2.714765571639529,3.011986478837857,TRUE,post_treatment
Gini_SWIID,fraser_Regulation,18,-0.45117554585986125,2.001337027610385,-4.373796119976216,3.4714450282564933,TRUE,post_treatment
Gini_SWIID,fraser_Regulation,19,4.202625691242439,2.083185456449159,0.11958219660208691,8.28566918588279,FALSE,post_treatment
Gini_SWIID,fraser_Regulation,20,2.5381095500861335,1.621851689713262,-0.6407197617518601,5.7169388619241275,TRUE,post_treatment
Gini_SWIID,fraser_Regulation,21,-0.35548608463591586,1.9095865744460552,-4.098275770550184,3.387303601278352,TRUE,post_treatment
Gini_SWIID,fraser_SizeGov,-25,-0.33792102206736546,0.17119455647167245,-0.6734623527518435,-0.002379691382887461,FALSE,pre_treatment
Gini_SWIID,fraser_SizeGov,-24,-0.15535014005602354,0.13219079325722027,-0.4144440948401753,0.10374381472812821,TRUE,pre_treatment
Gini_SWIID,fraser_SizeGov,-23,-0.17615595075239374,0.08293244166294403,-0.33870353641176404,-0.013608365093023433,FALSE,pre_treatment
Gini_SWIID,fraser_SizeGov,-22,-0.10733260405693681,0.11767159586952142,-0.3379689319611988,0.12330372384732516,TRUE,pre_treatment
Gini_SWIID,fraser_SizeGov,-21,-0.11421878441624843,0.08952203733791968,-0.289681977598571,0.061244408766074135,TRUE,pre_treatment
Gini_SWIID,fraser_SizeGov,-20,-0.04703127798131376,0.10913658413425206,-0.26093898288444783,0.16687642692182028,TRUE,pre_treatment
Gini_SWIID,fraser_SizeGov,-19,-0.11284906265182593,0.09606179257844004,-0.30113017610556836,0.07543205080191653,TRUE,pre_treatment
Gini_SWIID,fraser_SizeGov,-18,-0.034056220814070254,0.09058379036923907,-0.21160044993777882,0.14348800830963832,TRUE,pre_treatment
Gini_SWIID,fraser_SizeGov,-17,-0.8634599071770322,0.9212647259352049,-2.6691387700100337,0.9422189556559694,TRUE,pre_treatment
Gini_SWIID,fraser_SizeGov,-16,0.5380263899234009,1.028727626316908,-1.478279757657739,2.554332537504541,TRUE,pre_treatment
Gini_SWIID,fraser_SizeGov,-15,-0.06477181930723278,0.10848816784398657,-0.2774086282814464,0.1478649896669809,TRUE,pre_treatment
Gini_SWIID,fraser_SizeGov,-14,-0.055080508551108756,0.24412136634206585,-0.5335583865815579,0.4233973694793403,TRUE,pre_treatment
Gini_SWIID,fraser_SizeGov,-13,0.08725888277102234,0.0944057784348652,-0.09777644296131344,0.2722942085033581,TRUE,pre_treatment
Gini_SWIID,fraser_SizeGov,-12,-0.5155419836107188,0.7367546617918624,-1.9595811207227691,0.9284971535013317,TRUE,pre_treatment
Gini_SWIID,fraser_SizeGov,-11,-0.046043889673204004,0.09012117259169042,-0.22268138795291723,0.13059360860650923,TRUE,pre_treatment
Gini_SWIID,fraser_SizeGov,-10,-0.19054684273166914,0.16344658245191118,-0.5109021443374151,0.1298084588740768,TRUE,pre_treatment
Gini_SWIID,fraser_SizeGov,-9,-0.08218209456331217,0.06854343814627976,-0.2165272333300205,0.05216304420339617,TRUE,pre_treatment
Gini_SWIID,fraser_SizeGov,-8,0.039185397851642,0.09341182450637715,-0.14390177818085723,0.2222725738841412,TRUE,pre_treatment
Gini_SWIID,fraser_SizeGov,-7,0.09021872502632616,0.20393180362804453,-0.3094876100846411,0.4899250601372934,TRUE,pre_treatment
Gini_SWIID,fraser_SizeGov,-6,-0.19150234034778232,0.21053328166980007,-0.6041475724205905,0.2211428917250258,TRUE,pre_treatment
Gini_SWIID,fraser_SizeGov,-5,-0.025637026865953438,0.05105868809560299,-0.12571205553333528,0.07443800180142841,TRUE,pre_treatment
Gini_SWIID,fraser_SizeGov,-4,0.02829393565396721,0.2159084141673157,-0.39488655611397155,0.45147442742190597,TRUE,pre_treatment
Gini_SWIID,fraser_SizeGov,-3,-0.10020156635049142,0.0941212692756327,-0.28467925413073153,0.08427612142974868,TRUE,pre_treatment
Gini_SWIID,fraser_SizeGov,-2,0.3282340942776594,0.3360747115288811,-0.3304723403189475,0.9869405288742663,TRUE,pre_treatment
Gini_SWIID,fraser_SizeGov,-1,-0.1440983236782308,0.2882259411217698,-0.7090211682768996,0.420824520920438,TRUE,pre_treatment
Gini_SWIID,fraser_SizeGov,0,-0.26353439775118115,0.144568069422212,-0.5468878138187168,0.01981901831635441,TRUE,post_treatment
Gini_SWIID,fraser_SizeGov,1,-0.3187697116781233,0.19331693479770534,-0.6976709038816258,0.0601314805253792,TRUE,post_treatment
Gini_SWIID,fraser_SizeGov,2,-0.46652283471245204,0.1979632167048155,-0.8545307394538904,-0.07851492997101367,FALSE,post_treatment
Gini_SWIID,fraser_SizeGov,3,-0.5716187286537787,0.2527872934452721,-1.067081823806512,-0.07615563350104537,FALSE,post_treatment
Gini_SWIID,fraser_SizeGov,4,-0.6084039322241911,0.37773358294606313,-1.348761754798475,0.13195389035009264,TRUE,post_treatment
Gini_SWIID,fraser_SizeGov,5,-0.5748895268321322,0.3603820184803141,-1.2812382830535478,0.13145922938928334,TRUE,post_treatment
Gini_SWIID,fraser_SizeGov,6,-0.9073264051732735,0.49251836623733497,-1.87266240299845,0.058009592651903086,TRUE,post_treatment
Gini_SWIID,fraser_SizeGov,7,-1.0492306885306877,0.45923571096030513,-1.9493326820128858,-0.1491286950484897,FALSE,post_treatment
Gini_SWIID,fraser_SizeGov,8,-0.7848510810477061,0.6062571946163762,-1.9731151824958033,0.4034130204003912,TRUE,post_treatment
Gini_SWIID,fraser_SizeGov,9,-0.8333679504613073,0.5632602429761888,-1.9373580266946373,0.2706221257720228,TRUE,post_treatment
Gini_SWIID,fraser_SizeGov,10,-1.2249218809251166,0.8082609265037589,-2.809113296872484,0.3592695350222508,TRUE,post_treatment
Gini_SWIID,fraser_SizeGov,11,-1.4180356843108168,0.7981015957569622,-2.9823148119944625,0.14624344337282902,TRUE,post_treatment
Gini_SWIID,fraser_SizeGov,12,-1.92812638803357,0.7749684404671714,-3.447064531349226,-0.40918824471791404,FALSE,post_treatment
Gini_SWIID,fraser_SizeGov,13,-2.0516127295435225,0.8110174244276726,-3.641206881421761,-0.4620185776652843,FALSE,post_treatment
Gini_SWIID,fraser_SizeGov,14,-1.6373612563666444,0.8824678313511708,-3.366998205814939,0.0922756930816504,TRUE,post_treatment
Gini_SWIID,fraser_SizeGov,15,-2.6039725558697926,1.2442292207802308,-5.042661828599044,-0.16528328314054042,FALSE,post_treatment
Gini_SWIID,fraser_SizeGov,16,-2.487870516879445,1.113814934749905,-4.670947788989259,-0.3047932447696313,FALSE,post_treatment
Gini_SWIID,fraser_SizeGov,17,-1.5286383600988707,1.3149296026505333,-4.105900381293916,1.0486236610961743,TRUE,post_treatment
Gini_SWIID,fraser_SizeGov,18,-0.7531127771336507,1.4810433647557157,-3.6559577720548533,2.149732217787552,TRUE,post_treatment
Gini_SWIID,fraser_SizeGov,19,-0.7537213935824447,2.0152221025644086,-4.703556714608686,3.196113927443796,TRUE,post_treatment
Gini_SWIID,fraser_SizeGov,20,-0.9934632627280086,1.6896788865011305,-4.305233880270224,2.3183073548142072,TRUE,post_treatment
Gini_SWIID,fraser_SizeGov,21,-0.70849104232532,2.9934653426757047,-6.575683113969701,5.158701029319062,TRUE,post_treatment
Gini_SWIID,fraser_SoundMoney,-24,-0.40897177419354935,0.2392529322311612,-0.8779075213666253,0.0599639729795266,TRUE,pre_treatment
Gini_SWIID,fraser_SoundMoney,-23,-0.24745463709677457,0.1066938629683977,-0.45657460851483406,-0.038334665678715074,FALSE,pre_treatment
Gini_SWIID,fraser_SoundMoney,-22,-0.21131575682381948,0.1264452628681988,-0.45914847204548914,0.03651695839785016,TRUE,pre_treatment
Gini_SWIID,fraser_SoundMoney,-21,-0.16175170595533364,0.07691431704669428,-0.3125037673668544,-0.010999644543812859,FALSE,pre_treatment
Gini_SWIID,fraser_SoundMoney,-20,-0.07037792628518354,0.08437252537218641,-0.2357480760146689,0.09499222344430182,TRUE,pre_treatment
Gini_SWIID,fraser_SoundMoney,-19,-0.06312678193222483,0.087321947284194,-0.23427779860924508,0.1080242347447954,TRUE,pre_treatment
Gini_SWIID,fraser_SoundMoney,-18,-9.356327358205508e-5,0.09672551636097063,-0.18967557534108448,0.18948844879392035,TRUE,pre_treatment
Gini_SWIID,fraser_SoundMoney,-17,0.7116034209965677,1.0580864804327954,-1.3622460806517114,2.7854529226448466,TRUE,pre_treatment
Gini_SWIID,fraser_SoundMoney,-16,-0.029863203013731826,0.08041747887862057,-0.18748146161582813,0.12775505558836447,TRUE,pre_treatment
Gini_SWIID,fraser_SoundMoney,-15,-0.11819838401077384,0.07343517689724538,-0.2621313307293748,0.02573456270782709,TRUE,pre_treatment
Gini_SWIID,fraser_SoundMoney,-14,0.08294609170406765,0.10096912547565458,-0.11495339422821531,0.2808455776363506,TRUE,pre_treatment
Gini_SWIID,fraser_SoundMoney,-13,-0.0767302232313239,0.13890822618257448,-0.3489903465491699,0.1955299000865221,TRUE,pre_treatment
Gini_SWIID,fraser_SoundMoney,-12,-0.1243558158739374,0.24063951418056514,-0.5960092636678451,0.34729763191997026,TRUE,pre_treatment
Gini_SWIID,fraser_SoundMoney,-11,-0.23993469997678518,0.28800781713662893,-0.8044300215645779,0.3245606216110075,TRUE,pre_treatment
Gini_SWIID,fraser_SoundMoney,-10,-0.05810455703413454,0.08944498252326434,-0.23341672277973263,0.11720760871146357,TRUE,pre_treatment
Gini_SWIID,fraser_SoundMoney,-9,-0.07264461967736004,0.06950384418887218,-0.20887215428754952,0.06358291493282943,TRUE,pre_treatment
Gini_SWIID,fraser_SoundMoney,-8,0.05730515214270489,0.36217382480814114,-0.6525555444812517,0.7671658487666616,TRUE,pre_treatment
Gini_SWIID,fraser_SoundMoney,-7,-0.3859660725890772,0.3350410202919684,-1.0426464723613353,0.2707143271831809,TRUE,pre_treatment
Gini_SWIID,fraser_SoundMoney,-6,-0.31056457225835676,0.3119719720788176,-0.9220296375328393,0.30090049301612576,TRUE,pre_treatment
Gini_SWIID,fraser_SoundMoney,-5,0.12947682337810915,0.18824295427323792,-0.2394793669974372,0.49843301375365545,TRUE,pre_treatment
Gini_SWIID,fraser_SoundMoney,-4,-0.05785671638950605,0.2338324413378979,-0.5161683014117859,0.4004548686327738,TRUE,pre_treatment
Gini_SWIID,fraser_SoundMoney,-3,0.001544169449189752,0.060055474477297824,-0.11616456052631398,0.11925289942469348,TRUE,pre_treatment
Gini_SWIID,fraser_SoundMoney,-2,-0.10903514997026885,0.11028939461968162,-0.3252023634248448,0.10713206348430714,TRUE,pre_treatment
Gini_SWIID,fraser_SoundMoney,-1,-0.07378927093792043,0.10236431644546998,-0.27442333117104156,0.12684478929520074,TRUE,pre_treatment
Gini_SWIID,fraser_SoundMoney,0,-0.1354708832994923,0.15504527553812741,-0.439359623354222,0.1684178567552374,TRUE,post_treatment
Gini_SWIID,fraser_SoundMoney,1,-0.2742200182155532,0.18819601691959068,-0.6430842113779509,0.09464417494684452,TRUE,post_treatment
Gini_SWIID,fraser_SoundMoney,2,-0.3956606813359654,0.23340791354634224,-0.8531401918867962,0.06181882921486542,TRUE,post_treatment
Gini_SWIID,fraser_SoundMoney,3,-0.3415341265588194,0.3240334519731396,-0.9766396924261729,0.2935714393085342,TRUE,post_treatment
Gini_SWIID,fraser_SoundMoney,4,-0.1858575587680755,0.4227610677800806,-1.0144692516170335,0.6427541340808824,TRUE,post_treatment
Gini_SWIID,fraser_SoundMoney,5,-0.1210263017465396,0.4331396787920886,-0.9699800721790333,0.727927468685954,TRUE,post_treatment
Gini_SWIID,fraser_SoundMoney,6,-0.3694304705767966,0.520376963627274,-1.3893693192862537,0.6505083781326606,TRUE,post_treatment
Gini_SWIID,fraser_SoundMoney,7,-0.10370277370568422,0.44278111708487594,-0.9715537631920411,0.7641482157806726,TRUE,post_treatment
Gini_SWIID,fraser_SoundMoney,8,0.021741591201851488,0.45584133530640686,-0.871707425998706,0.915190608402409,TRUE,post_treatment
Gini_SWIID,fraser_SoundMoney,9,0.2689256354331157,0.5251706482555422,-0.7604088351477469,1.2982601060139785,TRUE,post_treatment
Gini_SWIID,fraser_SoundMoney,10,0.35819057463317294,0.6866075518255964,-0.987560226944996,1.703941376211342,TRUE,post_treatment
Gini_SWIID,fraser_SoundMoney,11,0.33512340161428095,0.5893400568746089,-0.8199831098599524,1.4902299130885144,TRUE,post_treatment
Gini_SWIID,fraser_SoundMoney,12,0.46375261523026645,0.6636446447440756,-0.8369908884681216,1.7644961189286545,TRUE,post_treatment
Gini_SWIID,fraser_SoundMoney,13,0.23481323447642016,0.7547641939456878,-1.2445245856571279,1.7141510546099683,TRUE,post_treatment
Gini_SWIID,fraser_SoundMoney,14,0.5087436648309794,0.8628943197046819,-1.1825292017901972,2.200016531452156,TRUE,post_treatment
Gini_SWIID,fraser_SoundMoney,15,0.5718225219331174,0.9652496554816293,-1.320066802810876,2.4637118466771106,TRUE,post_treatment
Gini_SWIID,fraser_SoundMoney,16,0.6752100628472534,1.0421453535444969,-1.3673948300999603,2.7178149557944673,TRUE,post_treatment
Gini_SWIID,fraser_SoundMoney,17,0.733937979127079,1.069421938597638,-1.3621290205242915,2.8300049787784496,TRUE,post_treatment
Gini_SWIID,fraser_SoundMoney,18,1.350803393098604,1.0852312856476112,-0.7762499267707137,3.477856712967922,TRUE,post_treatment
Gini_SWIID,fraser_SoundMoney,19,1.2606426458148723,1.138088801419256,-0.9700114049668696,3.4912966965966143,TRUE,post_treatment
Gini_SWIID,fraser_SoundMoney,20,2.1873304107863474,1.0771602694412314,0.0760962826815339,4.298564538891161,FALSE,post_treatment
Gini_SWIID,fraser_SoundMoney,21,2.3683267484909067,1.573942854035805,-0.716601245419271,5.453254742401084,TRUE,post_treatment
Gini_SWIID,heritage_Business.Freedom,-26,1.1134090909090915,1.238731320400133,-1.314504297075169,3.5413224788933517,TRUE,pre_treatment
Gini_SWIID,heritage_Business.Freedom,-25,0.6708556149732625,0.6062818393982514,-0.5174567902473102,1.8591680201938352,TRUE,pre_treatment
Gini_SWIID,heritage_Business.Freedom,-24,0.13696265172735927,0.10041860217204295,-0.0598578085298449,0.33378311198456345,TRUE,pre_treatment
Gini_SWIID,heritage_Business.Freedom,-23,0.16394330648926214,0.16641913456302798,-0.1622381972542727,0.49012481023279697,TRUE,pre_treatment
Gini_SWIID,heritage_Business.Freedom,-22,-0.15822855067953162,0.23891767200018071,-0.6265071877998858,0.31005008644082255,TRUE,pre_treatment
Gini_SWIID,heritage_Business.Freedom,-21,-0.03471236642805389,0.09907027760019291,-0.22889011052443198,0.1594653776683242,TRUE,pre_treatment
Gini_SWIID,heritage_Business.Freedom,-20,0.1539708202969319,0.25845815631486607,-0.3526071660802056,0.6605488066740693,TRUE,pre_treatment
Gini_SWIID,heritage_Business.Freedom,-19,0.029793581175160372,0.20357008843521576,-0.3692037921578625,0.4287909545081833,TRUE,pre_treatment
Gini_SWIID,heritage_Business.Freedom,-18,-0.3899416179054799,0.6315611883996604,-1.627801547168814,0.8479183113578544,TRUE,pre_treatment
Gini_SWIID,heritage_Business.Freedom,-17,0.08758341676123713,0.19463202665673707,-0.29389535548596757,0.46906218900844177,TRUE,pre_treatment
Gini_SWIID,heritage_Business.Freedom,-16,-0.0012057181534817006,0.11286820758725087,-0.2224274050244934,0.22001596871753001,TRUE,pre_treatment
Gini_SWIID,heritage_Business.Freedom,-15,-0.02569744689479261,0.16545324710478812,-0.3499858112201773,0.29859091743059213,TRUE,pre_treatment
Gini_SWIID,heritage_Business.Freedom,-14,-0.35234144757302366,0.7851054936074553,-1.891148215043636,1.1864653198975885,TRUE,pre_treatment
Gini_SWIID,heritage_Business.Freedom,-13,0.10348183886967542,0.14207864829623165,-0.1749923117909386,0.3819559895302895,TRUE,pre_treatment
Gini_SWIID,heritage_Business.Freedom,-12,0.019328381030273196,0.17145667272909476,-0.31672669751875254,0.3553834595792989,TRUE,pre_treatment
Gini_SWIID,heritage_Business.Freedom,-11,-0.12775270370440817,0.22603968367869215,-0.5707904837146447,0.3152850763058284,TRUE,pre_treatment
Gini_SWIID,heritage_Business.Freedom,-10,0.16544310145427488,0.18417454292773547,-0.19553900268408664,0.5264252055926364,TRUE,pre_treatment
Gini_SWIID,heritage_Business.Freedom,-9,0.19300431507618454,0.17232692803664384,-0.1447564638756374,0.5307650940280064,TRUE,pre_treatment
Gini_SWIID,heritage_Business.Freedom,-8,-0.01196712027522344,0.21307168661853515,-0.42958762604755235,0.40565338549710545,TRUE,pre_treatment
Gini_SWIID,heritage_Business.Freedom,-7,0.297261938512454,0.19236895958804565,-0.07978122228011542,0.6743050993050235,TRUE,pre_treatment
Gini_SWIID,heritage_Business.Freedom,-6,-0.011949040719127597,0.10872569708525973,-0.22505140700623663,0.20115332556798146,TRUE,pre_treatment
Gini_SWIID,heritage_Business.Freedom,-5,0.31444206612849934,0.19505709857480485,-0.06786984707811816,0.6967539793351168,TRUE,pre_treatment
Gini_SWIID,heritage_Business.Freedom,-4,-0.010219488683305519,0.15347881719389447,-0.3110379703833387,0.29059899301672765,TRUE,pre_treatment
Gini_SWIID,heritage_Business.Freedom,-3,-0.029834797304947706,0.13474726688701325,-0.2939394404034937,0.23426984579359827,TRUE,pre_treatment
Gini_SWIID,heritage_Business.Freedom,-2,0.06825619334445356,0.18390831376316424,-0.29220410163134836,0.42871648832025544,TRUE,pre_treatment
Gini_SWIID,heritage_Business.Freedom,-1,0.1971986427785865,0.14711086815087207,-0.09113865879712274,0.48553594435429576,TRUE,pre_treatment
Gini_SWIID,heritage_Business.Freedom,0,0.04399376086305979,0.2011169431039637,-0.35019544762070903,0.4381829693468286,TRUE,post_treatment
Gini_SWIID,heritage_Business.Freedom,1,0.44045682460169566,0.18758497813213185,0.07279026746271727,0.8081233817406741,FALSE,post_treatment
Gini_SWIID,heritage_Business.Freedom,2,0.587448898971802,0.2213455750827742,0.15361157180956458,1.0212862261340394,FALSE,post_treatment
Gini_SWIID,heritage_Business.Freedom,3,0.6450050343259051,0.28873459363256443,0.07908523080607877,1.2109248378457313,FALSE,post_treatment
Gini_SWIID,heritage_Business.Freedom,4,0.7791931505010307,0.33373759061607744,0.12506747289351894,1.4333188281085425,FALSE,post_treatment
Gini_SWIID,heritage_Business.Freedom,5,0.9263165457350506,0.42415830368106694,0.09496627052015949,1.7576668209499418,FALSE,post_treatment
Gini_SWIID,heritage_Business.Freedom,6,0.9189673683570456,0.41793060671644466,0.09982337919281414,1.738111357521277,FALSE,post_treatment
Gini_SWIID,heritage_Business.Freedom,7,0.8183221041125621,0.5104056001603968,-0.18207287220181567,1.81871708042694,TRUE,post_treatment
Gini_SWIID,heritage_Business.Freedom,8,0.9376904638283836,0.4879147390126473,-0.018622424636405066,1.8940033522931723,TRUE,post_treatment
Gini_SWIID,heritage_Business.Freedom,9,1.3371709800926341,0.5053646185107594,0.34665632781154565,2.3276856323737225,FALSE,post_treatment
Gini_SWIID,heritage_Business.Freedom,10,1.5956374236128201,0.6870580545719926,0.24900363665171454,2.9422712105739257,FALSE,post_treatment
Gini_SWIID,heritage_Business.Freedom,11,1.8374183391893226,0.7814279593317077,0.30581953889917557,3.3690171394794697,FALSE,post_treatment
Gini_SWIID,heritage_Business.Freedom,12,1.8093464214832888,0.7251983189595571,0.38795771632255693,3.2307351266440207,FALSE,post_treatment
Gini_SWIID,heritage_Business.Freedom,13,1.4647975455779927,1.000932497358956,-0.4970301492455609,3.4266252404015463,TRUE,post_treatment
Gini_SWIID,heritage_Business.Freedom,14,1.704209112470255,0.9156645200370803,-0.09049334680242249,3.4989115717429327,TRUE,post_treatment
Gini_SWIID,heritage_Business.Freedom,15,1.6341718567910932,0.9236709503777193,-0.17622320594923657,3.444566919531423,TRUE,post_treatment
Gini_SWIID,heritage_Business.Freedom,16,1.5715947238381995,1.2006332086503577,-0.7816463651165015,3.9248358127929004,TRUE,post_treatment
Gini_SWIID,heritage_Business.Freedom,17,0.02882400359839253,1.7661708617616425,-3.432870885454427,3.490518892651212,TRUE,post_treatment
Gini_SWIID,heritage_Business.Freedom,18,0.6511451931148173,1.797977745600659,-2.872891188262474,4.175181574492108,TRUE,post_treatment
Gini_SWIID,heritage_Business.Freedom,19,-0.6533394539846389,2.2908352386613133,-5.143376521760813,3.836697613791535,TRUE,post_treatment
Gini_SWIID,heritage_Business.Freedom,20,0.6762582677989986,2.5133206912207564,-4.249850286993683,5.602366822591681,TRUE,post_treatment
Gini_SWIID,heritage_Business.Freedom,21,0.7853500763758346,2.5827861715495897,-4.276910819861361,5.8476109726130305,TRUE,post_treatment
Gini_SWIID,heritage_Business.Freedom,22,2.3878664073605758,2.24073877932062,-2.003981600107839,6.779714414828991,TRUE,post_treatment
Gini_SWIID,heritage_Business.Freedom,23,1.7711128087598673,1.7297695919285594,-1.6192355914201089,5.161461208939843,TRUE,post_treatment
Gini_SWIID,heritage_Business.Freedom,24,2.085473484848486,2.1257853836569396,-2.081065867119116,6.252012836816088,TRUE,post_treatment
Gini_SWIID,heritage_Business.Freedom,25,0.777531751336898,1.907710593316818,-2.961581011564065,4.516644514237861,TRUE,post_treatment
Gini_SWIID,heritage_Business.Freedom,26,-1.916911764705881,1.5235168615300787,-4.903004813304835,1.069181283893073,TRUE,post_treatment
Gini_SWIID,heritage_Financial.Freedom,-22,-0.058620689655171546,0.08990810124112462,-0.23484056808777581,0.11759918877743271,TRUE,pre_treatment
Gini_SWIID,heritage_Financial.Freedom,-21,0.09831417624521124,0.2648707026966059,-0.4208324010401363,0.6174607535305587,TRUE,pre_treatment
Gini_SWIID,heritage_Financial.Freedom,-20,-0.04968335187244848,0.1261598460945814,-0.296956650217828,0.19758994647293104,TRUE,pre_treatment
Gini_SWIID,heritage_Financial.Freedom,-19,0.03967500926956083,0.2115440980807856,-0.3749514229687789,0.4543014415079005,TRUE,pre_treatment
Gini_SWIID,heritage_Financial.Freedom,-18,-0.10341603618287729,0.1578908261334802,-0.4128820554044985,0.20604998303874392,TRUE,pre_treatment
Gini_SWIID,heritage_Financial.Freedom,-17,0.046184003677622494,0.09173442483429617,-0.133615468997598,0.22598347635284297,TRUE,pre_treatment
Gini_SWIID,heritage_Financial.Freedom,-16,0.11782515827647863,0.19424337342421671,-0.26289185363498613,0.49854217018794333,TRUE,pre_treatment
Gini_SWIID,heritage_Financial.Freedom,-15,0.0532675001283936,0.1408750637999388,-0.22284762491948645,0.32938262517627365,TRUE,pre_treatment
Gini_SWIID,heritage_Financial.Freedom,-14,0.10936224926352531,0.11931286876850189,-0.12449097352273839,0.34321547204978897,TRUE,pre_treatment
Gini_SWIID,heritage_Financial.Freedom,-13,-0.049094455272274316,0.09731041651486168,-0.2398228716414032,0.14163396109685455,TRUE,pre_treatment
Gini_SWIID,heritage_Financial.Freedom,-12,0.18364420121102404,0.1451596536390888,-0.10086871992159002,0.4681571223436381,TRUE,pre_treatment
Gini_SWIID,heritage_Financial.Freedom,-11,0.1414860624921642,0.11811484614903,-0.0900190359599346,0.372991160944263,TRUE,pre_treatment
Gini_SWIID,heritage_Financial.Freedom,-10,0.04917450160992139,0.1340274415670024,-0.2135192838614033,0.31186828708124603,TRUE,pre_treatment
Gini_SWIID,heritage_Financial.Freedom,-9,0.10405702714704364,0.124516379158737,-0.1399950760040809,0.34810913029816815,TRUE,pre_treatment
Gini_SWIID,heritage_Financial.Freedom,-8,0.04159033590821885,0.09514084786318243,-0.1448857259036187,0.22806639772005644,TRUE,pre_treatment
Gini_SWIID,heritage_Financial.Freedom,-7,0.04590149882073063,0.12023106336055729,-0.18975138536596164,0.2815543830074229,TRUE,pre_treatment
Gini_SWIID,heritage_Financial.Freedom,-6,-0.027291873403825686,0.1696247073626241,-0.3597562998345689,0.3051725530269176,TRUE,pre_treatment
Gini_SWIID,heritage_Financial.Freedom,-5,0.16462674925450674,0.15257708135733397,-0.13442433020586783,0.4636778287148813,TRUE,pre_treatment
Gini_SWIID,heritage_Financial.Freedom,-4,0.03896566832895615,0.0916841413983118,-0.14073524881173496,0.21866658546964726,TRUE,pre_treatment
Gini_SWIID,heritage_Financial.Freedom,-3,-0.09062602547648009,0.11750160049201731,-0.320929162440834,0.13967711148787382,TRUE,pre_treatment
Gini_SWIID,heritage_Financial.Freedom,-2,0.2374617724407224,0.1926083621211791,-0.1400506173167886,0.6149741621982334,TRUE,pre_treatment
Gini_SWIID,heritage_Financial.Freedom,-1,0.01606662148104379,0.11594128196075298,-0.21117829116203204,0.24331153412411963,TRUE,pre_treatment
Gini_SWIID,heritage_Financial.Freedom,0,0.1371424176195326,0.13042063145298738,-0.11848202002832264,0.39276685526738786,TRUE,post_treatment
Gini_SWIID,heritage_Financial.Freedom,1,0.2138638380773529,0.24323596906003217,-0.2628786612803101,0.690606337435016,TRUE,post_treatment
Gini_SWIID,heritage_Financial.Freedom,2,0.21312194352790645,0.22329024639369904,-0.22452693940374366,0.6507708264595565,TRUE,post_treatment
Gini_SWIID,heritage_Financial.Freedom,3,0.3210296425195857,0.29987450717720476,-0.2667243915477356,0.9087836765869071,TRUE,post_treatment
Gini_SWIID,heritage_Financial.Freedom,4,0.4826994553041007,0.3849127993765038,-0.2717296314738467,1.2371285420820481,TRUE,post_treatment
Gini_SWIID,heritage_Financial.Freedom,5,0.4278257404066942,0.4378466428006429,-0.43035367948256587,1.2860051602959541,TRUE,post_treatment
Gini_SWIID,heritage_Financial.Freedom,6,0.48069431385395195,0.46679304177119135,-0.4342200480175831,1.395608675725487,TRUE,post_treatment
Gini_SWIID,heritage_Financial.Freedom,7,0.5343771381066813,0.485981912793094,-0.41814741096778296,1.4869016871811456,TRUE,post_treatment
Gini_SWIID,heritage_Financial.Freedom,8,0.6950996412203164,0.5278656357152094,-0.33951700478149405,1.7297162872221268,TRUE,post_treatment
Gini_SWIID,heritage_Financial.Freedom,9,0.7962596592681391,0.5047019659609359,-0.19295619401529518,1.7854755125515736,TRUE,post_treatment
Gini_SWIID,heritage_Financial.Freedom,10,1.046438019597845,0.5760274377798739,-0.08257575845070764,2.1754517976463976,TRUE,post_treatment
Gini_SWIID,heritage_Financial.Freedom,11,1.2380163160485604,0.6375082018123607,-0.011499759503666551,2.487532391600787,TRUE,post_treatment
Gini_SWIID,heritage_Financial.Freedom,12,1.4913399518695571,0.7975101264668761,-0.07177989600552004,3.0544597997446346,TRUE,post_treatment
Gini_SWIID,heritage_Financial.Freedom,13,1.4904667801210925,0.8112924037108784,-0.09966633115222923,3.080599891394414,TRUE,post_treatment
Gini_SWIID,heritage_Financial.Freedom,14,1.018117647598214,0.8383638120386983,-0.6250754239976344,2.661310719194063,TRUE,post_treatment
Gini_SWIID,heritage_Financial.Freedom,15,0.9207088084473218,0.9187784032619639,-0.8800968619461274,2.721514478840771,TRUE,post_treatment
Gini_SWIID,heritage_Financial.Freedom,16,1.2158840685577794,0.8946413975452485,-0.5376130706309077,2.9693812077464665,TRUE,post_treatment
Gini_SWIID,heritage_Financial.Freedom,17,0.7520903823117066,1.1996100539871104,-1.5991453235030297,3.103326088126443,TRUE,post_treatment
Gini_SWIID,heritage_Financial.Freedom,18,1.1687009766077996,1.279642126014155,-1.3393975903799442,3.6767995435955436,TRUE,post_treatment
Gini_SWIID,heritage_Financial.Freedom,19,1.2569448988136434,1.447281915799461,-1.5797276561533002,4.0936174537805865,TRUE,post_treatment
Gini_SWIID,heritage_Financial.Freedom,20,-0.0463017508664057,1.461575579935144,-2.9109898875392877,2.8183863858064764,TRUE,post_treatment
Gini_SWIID,heritage_Financial.Freedom,21,-1.531534893267652,1.3863768827139493,-4.248833583386993,1.1857637968516888,TRUE,post_treatment
Gini_SWIID,heritage_Financial.Freedom,22,0.12291179187192135,1.959869600407352,-3.7184326249264887,3.964256208670331,TRUE,post_treatment
Gini_SWIID,heritage_Financial.Freedom,23,0.7798607427055693,2.063534145689926,-3.2646661828466854,4.824387668257824,TRUE,post_treatment
Gini_SWIID,heritage_Financial.Freedom,24,1.0095733863837304,2.047248297199811,-3.003033276127899,5.022180048895359,TRUE,post_treatment
Gini_SWIID,heritage_Financial.Freedom,25,0.8966916541729127,2.0571450867620675,-3.1353127158807395,4.928696024226565,TRUE,post_treatment
Gini_SWIID,heritage_Financial.Freedom,26,-2.3005570291777193,2.430074023662261,-7.0635021155557505,2.462388057200312,TRUE,post_treatment
Gini_SWIID,heritage_Fiscal.Health,-25,-0.24086393404575074,0.5700345072184761,-1.358131568193964,0.8764037001024625,TRUE,pre_treatment
Gini_SWIID,heritage_Fiscal.Health,-24,0.019801489404125835,0.10012874518067162,-0.17645085114999054,0.21605382995824218,TRUE,pre_treatment
Gini_SWIID,heritage_Fiscal.Health,-23,-0.04257663493574547,0.07296783516860479,-0.18559359186621088,0.10044032199471993,TRUE,pre_treatment
Gini_SWIID,heritage_Fiscal.Health,-22,0.8613180576462711,1.2572079542128944,-1.6028095326110021,3.3254456479035444,TRUE,pre_treatment
Gini_SWIID,heritage_Fiscal.Health,-21,-0.013461812904554444,0.0743566365884232,-0.15920082061786392,0.13227719480875502,TRUE,pre_treatment
Gini_SWIID,heritage_Fiscal.Health,-20,-0.07720896524785445,0.07036177335767535,-0.21511804102889814,0.060700110533189244,TRUE,pre_treatment
Gini_SWIID,heritage_Fiscal.Health,-19,0.6746988786227298,0.9460717388723262,-1.1796017295670294,2.528999486812489,TRUE,pre_treatment
Gini_SWIID,heritage_Fiscal.Health,-18,-0.21661463887003388,0.26880107240535567,-0.743464740784531,0.31023546304446326,TRUE,pre_treatment
Gini_SWIID,heritage_Fiscal.Health,-17,0.5119763893211406,0.9026140876103212,-1.257147222395089,2.2811000010373705,TRUE,pre_treatment
Gini_SWIID,heritage_Fiscal.Health,-16,0.03139199266664836,0.24387218760116205,-0.4465974950316292,0.5093814803649259,TRUE,pre_treatment
Gini_SWIID,heritage_Fiscal.Health,-15,0.09413700512432739,0.25392749822109284,-0.4035608913890146,0.5918349016376694,TRUE,pre_treatment
Gini_SWIID,heritage_Fiscal.Health,-14,-0.14749439266880943,0.35441917483072366,-0.8421559753370278,0.5471671899994088,TRUE,pre_treatment
Gini_SWIID,heritage_Fiscal.Health,-13,-0.3461774877809523,0.5587823083671334,-1.4413908121805337,0.7490358366186292,TRUE,pre_treatment
Gini_SWIID,heritage_Fiscal.Health,-12,0.022497969708600678,0.07452637237871902,-0.12357372015368859,0.16856965957088996,TRUE,pre_treatment
Gini_SWIID,heritage_Fiscal.Health,-11,-0.020427414399569046,0.08208783260436771,-0.18131956630412976,0.14046473750499167,TRUE,pre_treatment
Gini_SWIID,heritage_Fiscal.Health,-10,0.08041225272747889,0.0664657837665604,-0.0498606834549795,0.21068518890993726,TRUE,pre_treatment
Gini_SWIID,heritage_Fiscal.Health,-9,0.2202788399960663,0.5634730307712338,-0.884128300315552,1.3246859803076845,TRUE,pre_treatment
Gini_SWIID,heritage_Fiscal.Health,-8,-0.2628014204614029,0.4062336939647623,-1.0590194606323369,0.5334166197095311,TRUE,pre_treatment
Gini_SWIID,heritage_Fiscal.Health,-7,0.028816773071659113,0.0726186759925217,-0.11351583187368341,0.17114937801700164,TRUE,pre_treatment
Gini_SWIID,heritage_Fiscal.Health,-6,0.10101947246364489,0.08145031722155954,-0.05862314929061181,0.2606620942179016,TRUE,pre_treatment
Gini_SWIID,heritage_Fiscal.Health,-5,-0.6141714765817412,1.1154358197186964,-2.8004256832303858,1.5720827300669036,TRUE,pre_treatment
Gini_SWIID,heritage_Fiscal.Health,-4,-0.8325008239566674,1.4666966861463315,-3.7072263288034772,2.0422246808901425,TRUE,pre_treatment
Gini_SWIID,heritage_Fiscal.Health,-3,0.02307970669881058,0.2634120003706963,-0.4932078140277541,0.5393672274253752,TRUE,pre_treatment
Gini_SWIID,heritage_Fiscal.Health,-2,-0.45144729536455497,1.1089144540241582,-2.624919625251905,1.7220250345227952,TRUE,pre_treatment
Gini_SWIID,heritage_Fiscal.Health,-1,0.28122669464996103,0.13532167771713757,0.015996206324371376,0.5464571829755507,FALSE,pre_treatment
Gini_SWIID,heritage_Fiscal.Health,0,0.3374099740009342,0.2726682765481797,-0.19701984803349804,0.8718397960353664,TRUE,post_treatment
Gini_SWIID,heritage_Fiscal.Health,1,0.03130603362248788,0.9624497917146769,-1.8550955581382789,1.9177076253832548,TRUE,post_treatment
Gini_SWIID,heritage_Fiscal.Health,2,-0.43601275650623317,1.2483909533274273,-2.8828590250279906,2.0108335120155245,TRUE,post_treatment
Gini_SWIID,heritage_Fiscal.Health,3,-0.5749540441176472,1.7781474066383918,-4.0601229611288945,2.9102148728936004,TRUE,post_treatment
Gini_SWIID,heritage_Fiscal.Health,4,-5.407173295454546,2.1985784515207003,-9.71638706043512,-1.0979595304739735,FALSE,post_treatment
Gini_SWIID,heritage_Government.Integrity,-26,-0.3284496124030996,0.3054671371919508,-0.9271652012993232,0.27026597649312395,TRUE,pre_treatment
Gini_SWIID,heritage_Government.Integrity,-25,0.10028985507246144,0.2277208705989113,-0.34604305130140467,0.5466227614463276,TRUE,pre_treatment
Gini_SWIID,heritage_Government.Integrity,-24,-0.05011379138780524,0.2565371346754838,-0.5529265753517535,0.452698992576143,TRUE,pre_treatment
Gini_SWIID,heritage_Government.Integrity,-23,0.016687370600414347,0.22528821639918084,-0.4248775335419801,0.45825227474280883,TRUE,pre_treatment
Gini_SWIID,heritage_Government.Integrity,-22,-0.19203659669520076,0.10093550309511669,-0.38987018276162944,0.00579698937122794,TRUE,pre_treatment
Gini_SWIID,heritage_Government.Integrity,-21,0.10019471285574526,0.2632878259955977,-0.4158494260956262,0.6162388518071167,TRUE,pre_treatment
Gini_SWIID,heritage_Government.Integrity,-20,0.08876360863783575,0.16699500387162652,-0.23854659895055222,0.41607381622622375,TRUE,pre_treatment
Gini_SWIID,heritage_Government.Integrity,-19,0.07230055345111945,0.34842464167751497,-0.6106117442368099,0.7552128511390487,TRUE,pre_treatment
Gini_SWIID,heritage_Government.Integrity,-18,-0.09076582166657207,0.09096616892605283,-0.26905951276163564,0.08752786942849147,TRUE,pre_treatment
Gini_SWIID,heritage_Government.Integrity,-17,-0.20835561111998582,0.1426165924619061,-0.4878841323453218,0.07117291010535012,TRUE,pre_treatment
Gini_SWIID,heritage_Government.Integrity,-16,-0.09159671342991586,0.14641918744952886,-0.37857832083099247,0.1953848939711607,TRUE,pre_treatment
Gini_SWIID,heritage_Government.Integrity,-15,-0.36880398457184577,0.25916515912432486,-0.8767676964555224,0.13915972731183096,TRUE,pre_treatment
Gini_SWIID,heritage_Government.Integrity,-14,-0.1489185281439779,0.08663718937192139,-0.3187274193129438,0.020890363024988007,TRUE,pre_treatment
Gini_SWIID,heritage_Government.Integrity,-13,-0.45242392108742036,0.23138533143300033,-0.905939170696101,0.0010913285212602597,TRUE,pre_treatment
Gini_SWIID,heritage_Government.Integrity,-12,0.1033514436159935,0.18171570446582164,-0.25281133713701687,0.4595142243690039,TRUE,pre_treatment
Gini_SWIID,heritage_Government.Integrity,-11,-0.2136635193572866,0.17185958406789,-0.550508304130351,0.12318126541577779,TRUE,pre_treatment
Gini_SWIID,heritage_Government.Integrity,-10,-0.2733285177875304,0.21482531946177275,-0.694386143932605,0.14772910835754416,TRUE,pre_treatment
Gini_SWIID,heritage_Government.Integrity,-9,0.017187674083409366,0.2689867218745403,-0.5100263007906897,0.5444016489575084,TRUE,pre_treatment
Gini_SWIID,heritage_Government.Integrity,-8,-0.0252599299695124,0.05479162582323813,-0.13265151658305913,0.08213165664403432,TRUE,pre_treatment
Gini_SWIID,heritage_Government.Integrity,-7,-0.08085816521915244,0.10995051131413454,-0.29636116739485613,0.13464483695655127,TRUE,pre_treatment
Gini_SWIID,heritage_Government.Integrity,-6,-0.05127007645855868,0.04698415932796831,-0.14335902874137657,0.0408188758242592,TRUE,pre_treatment
Gini_SWIID,heritage_Government.Integrity,-5,-0.12233466817722324,0.2419777863255773,-0.5966111293753548,0.3519417930209082,TRUE,pre_treatment
Gini_SWIID,heritage_Government.Integrity,-4,-0.12780053616671166,0.11386345882796005,-0.35097291546951337,0.09537184313609004,TRUE,pre_treatment
Gini_SWIID,heritage_Government.Integrity,-3,0.039890418357760936,0.15445544860233212,-0.26284226090281004,0.3426230976183319,TRUE,pre_treatment
Gini_SWIID,heritage_Government.Integrity,-2,-0.16958098999811747,0.2123116540129073,-0.5857118318634158,0.24654985186718084,TRUE,pre_treatment
Gini_SWIID,heritage_Government.Integrity,-1,0.17343478715440463,0.18152790351773718,-0.1823599037403602,0.5292294780491695,TRUE,pre_treatment
Gini_SWIID,heritage_Government.Integrity,0,0.19394349883384165,0.1323962398151712,-0.06555313120389389,0.4534401288715772,TRUE,post_treatment
Gini_SWIID,heritage_Government.Integrity,1,0.26326413003349436,0.18950993793648357,-0.10817534832201342,0.6347036083890021,TRUE,post_treatment
Gini_SWIID,heritage_Government.Integrity,2,0.1823642023821813,0.3109078800372358,-0.4270152424908008,0.7917436472551634,TRUE,post_treatment
Gini_SWIID,heritage_Government.Integrity,3,-0.1141590528741788,0.3483025655617528,-0.7968320813752143,0.5685139756268567,TRUE,post_treatment
Gini_SWIID,heritage_Government.Integrity,4,-0.07641196394349326,0.3908127921225121,-0.8424050365036169,0.6895811086166304,TRUE,post_treatment
Gini_SWIID,heritage_Government.Integrity,5,0.1717426689147981,0.418239136056525,-0.6480060377559909,0.9914913755855872,TRUE,post_treatment
Gini_SWIID,heritage_Government.Integrity,6,-0.48257878778892266,0.4437240267532188,-1.3522778802252315,0.38712030464738617,TRUE,post_treatment
Gini_SWIID,heritage_Government.Integrity,7,-0.73874033776259,0.4524611968295773,-1.6255642835485613,0.1480836080233815,TRUE,post_treatment
Gini_SWIID,heritage_Government.Integrity,8,-1.0514270926610816,0.5113758828364701,-2.053723823020563,-0.04913036230160017,FALSE,post_treatment
Gini_SWIID,heritage_Government.Integrity,9,-1.2637800117762368,0.6036101604254922,-2.446855926210201,-0.08070409734227213,FALSE,post_treatment
Gini_SWIID,heritage_Government.Integrity,10,-1.136470330139308,0.5706050516736842,-2.254856231419729,-0.018084428858886836,FALSE,post_treatment
Gini_SWIID,heritage_Government.Integrity,11,-1.0433847747580876,0.5867061483350914,-2.1933288254948664,0.10655927597869153,TRUE,post_treatment
Gini_SWIID,heritage_Government.Integrity,12,-0.9483969745628896,0.6729521453908631,-2.267383179528981,0.370589230403202,TRUE,post_treatment
Gini_SWIID,heritage_Government.Integrity,13,-0.6422817378370312,0.6480157002596645,-1.9123925103459736,0.6278290346719112,TRUE,post_treatment
Gini_SWIID,heritage_Government.Integrity,14,-0.5248883000108712,0.729131846243808,-1.9539867186487347,0.9042101186269925,TRUE,post_treatment
Gini_SWIID,heritage_Government.Integrity,15,-0.4746684655113044,0.7473305540973655,-1.939436351542141,0.9900994205195319,TRUE,post_treatment
Gini_SWIID,heritage_Government.Integrity,16,-0.8865730209370173,0.8824820623105978,-2.616237863065789,0.8430918211917544,TRUE,post_treatment
Gini_SWIID,heritage_Government.Integrity,17,-1.2225554858367746,0.8470924981616852,-2.8828567822336777,0.4377458105601284,TRUE,post_treatment
Gini_SWIID,heritage_Government.Integrity,18,-1.655670210442371,1.0440652976172864,-3.7020381937722524,0.39069777288751006,TRUE,post_treatment
Gini_SWIID,heritage_Government.Integrity,19,-1.4813224805577634,0.9301068926945834,-3.304331990239147,0.34168702912362003,TRUE,post_treatment
Gini_SWIID,heritage_Government.Integrity,20,-2.888212773372384,1.4235427559737102,-5.678356575080856,-0.09806897166391249,FALSE,post_treatment
Gini_SWIID,heritage_Government.Integrity,21,-2.328814401399515,1.349616456617158,-4.974062656369144,0.31643385357011455,TRUE,post_treatment
Gini_SWIID,heritage_Government.Integrity,22,-2.3063798775429225,1.5693956292684776,-5.382395310909139,0.7696355558232937,TRUE,post_treatment
Gini_SWIID,heritage_Government.Integrity,23,-0.9719965133937106,1.3793641623700355,-3.67555027163898,1.731557244851559,TRUE,post_treatment
Gini_SWIID,heritage_Government.Integrity,24,-1.2649963373259803,1.4212666891897026,-4.0506790481377974,1.5206863734858367,TRUE,post_treatment
Gini_SWIID,heritage_Government.Integrity,25,-0.5237279633191493,1.4817790591111246,-3.428014919176954,2.380558992538655,TRUE,post_treatment
Gini_SWIID,heritage_Government.Integrity,26,-1.4692640920411102,1.845155279572361,-5.085768440002937,2.147240255920717,TRUE,post_treatment
Gini_SWIID,heritage_Government.Spending,-25,0.23644808743169324,0.08095530957323892,0.07777568066814497,0.39512049419524153,FALSE,pre_treatment
Gini_SWIID,heritage_Government.Spending,-24,0.20018038662671095,0.15645488493381224,-0.10647118784356102,0.5068319610969829,TRUE,pre_treatment
Gini_SWIID,heritage_Government.Spending,-23,0.29724131852635394,0.2100116478008605,-0.11438151116333267,0.7088641482160405,TRUE,pre_treatment
Gini_SWIID,heritage_Government.Spending,-22,2.5450707864319715,3.144598109548436,-3.618341508282963,8.708483081146905,TRUE,pre_treatment
Gini_SWIID,heritage_Government.Spending,-21,-0.2519314442681718,0.07074745046432394,-0.3905964471782467,-0.11326644135809691,FALSE,pre_treatment
Gini_SWIID,heritage_Government.Spending,-20,-0.23604326013280558,0.08516200430991945,-0.4029607885802477,-0.06912573168536346,FALSE,pre_treatment
Gini_SWIID,heritage_Government.Spending,-19,-0.22088397019981224,0.06790863126514264,-0.3539848874794918,-0.08778305292013266,FALSE,pre_treatment
Gini_SWIID,heritage_Government.Spending,-18,-1.0649405337003195,1.0451252340656003,-3.113385992468896,0.983504925068257,TRUE,pre_treatment
Gini_SWIID,heritage_Government.Spending,-17,0.8744815964809787,1.174670570936057,-1.4278727225536931,3.1768359155156505,TRUE,pre_treatment
Gini_SWIID,heritage_Government.Spending,-16,0.16232898440949545,0.3225632906556779,-0.46989506527563324,0.7945530340946241,TRUE,pre_treatment
Gini_SWIID,heritage_Government.Spending,-15,-0.0902817754844409,0.06066630908973248,-0.20918774130031656,0.028624190331434762,TRUE,pre_treatment
Gini_SWIID,heritage_Government.Spending,-14,-0.024945872126806226,0.05557604444744814,-0.13387491924380457,0.08398317499019213,TRUE,pre_treatment
Gini_SWIID,heritage_Government.Spending,-13,-0.06592234654589928,0.07425879666829724,-0.21146958801576188,0.07962489492396331,TRUE,pre_treatment
Gini_SWIID,heritage_Government.Spending,-12,-0.722563455785477,0.767317207363464,-2.226505182217866,0.7813782706469123,TRUE,pre_treatment
Gini_SWIID,heritage_Government.Spending,-11,-0.11150535436386289,0.34792033555211194,-0.7934292120460023,0.5704185033182765,TRUE,pre_treatment
Gini_SWIID,heritage_Government.Spending,-10,-0.04870058394058879,0.14128430440848166,-0.32561782058121286,0.22821665270003527,TRUE,pre_treatment
Gini_SWIID,heritage_Government.Spending,-9,-0.0330298528911353,0.054566918880309824,-0.13998101389654255,0.07392130811427194,TRUE,pre_treatment
Gini_SWIID,heritage_Government.Spending,-8,-0.30871513814267815,0.5406867566682005,-1.3684611812123513,0.7510309049269949,TRUE,pre_treatment
Gini_SWIID,heritage_Government.Spending,-7,0.44780706834559875,0.3449313808602037,-0.22825843814040053,1.123872574831598,TRUE,pre_treatment
Gini_SWIID,heritage_Government.Spending,-6,-0.29835928397925665,0.30919100471848,-0.9043736532274773,0.30765508526896407,TRUE,pre_treatment
Gini_SWIID,heritage_Government.Spending,-5,0.09837445012502108,0.0622526360822017,-0.02364071659609425,0.2203896168461364,TRUE,pre_treatment
Gini_SWIID,heritage_Government.Spending,-4,0.03208730121210291,0.06385021246997379,-0.09305911522904572,0.15723371765325153,TRUE,pre_treatment
Gini_SWIID,heritage_Government.Spending,-3,0.06112179287806134,0.07365998831083807,-0.08325178421118128,0.20549536996730394,TRUE,pre_treatment
Gini_SWIID,heritage_Government.Spending,-2,0.034427311855274256,0.07965830025668194,-0.12170295664782235,0.19055758035837086,TRUE,pre_treatment
Gini_SWIID,heritage_Government.Spending,-1,0.033157825820037984,0.05759985703645102,-0.07973789397140602,0.14605354561148198,TRUE,pre_treatment
Gini_SWIID,heritage_Government.Spending,0,0.10603177282276814,0.23543636510882496,-0.35542350279052876,0.567487048436065,TRUE,post_treatment
Gini_SWIID,heritage_Government.Spending,1,-0.26061447050638215,0.26965918831104385,-0.7891464795960281,0.2679175385832638,TRUE,post_treatment
Gini_SWIID,heritage_Government.Spending,2,-0.287222063165762,0.37031363906596926,-1.0130367957350617,0.43859266940353775,TRUE,post_treatment
Gini_SWIID,heritage_Government.Spending,3,-0.4226537464315567,0.414550767354169,-1.235173250445728,0.3898657575826146,TRUE,post_treatment
Gini_SWIID,heritage_Government.Spending,4,-0.3685185110043572,0.4657766402830525,-1.28144072595914,0.5444037039504257,TRUE,post_treatment
Gini_SWIID,heritage_Government.Spending,5,-0.41538122297047175,0.44021666787794705,-1.278205892011248,0.4474434460703045,TRUE,post_treatment
Gini_SWIID,heritage_Government.Spending,6,-0.18664850864189889,0.5324546465728813,-1.2302596159247463,0.8569625986409485,TRUE,post_treatment
Gini_SWIID,heritage_Government.Spending,7,-0.21681900048766028,0.5618137869962302,-1.3179740230002714,0.884336022024951,TRUE,post_treatment
Gini_SWIID,heritage_Government.Spending,8,-0.029266654759249743,0.6980402203769169,-1.397425486698007,1.3388921771795075,TRUE,post_treatment
Gini_SWIID,heritage_Government.Spending,9,0.5260423988863533,0.6600218881384669,-0.7676005018650417,1.8196852996377482,TRUE,post_treatment
Gini_SWIID,heritage_Government.Spending,10,0.6163373405247596,0.6597587535013376,-0.6767898163378621,1.9094644973873813,TRUE,post_treatment
Gini_SWIID,heritage_Government.Spending,11,0.4478534804670103,0.7473129127333483,-1.0168798284903524,1.9125867894243729,TRUE,post_treatment
Gini_SWIID,heritage_Government.Spending,12,0.16799818051071966,0.6651790580062119,-1.1357527731814558,1.471749134202895,TRUE,post_treatment
Gini_SWIID,heritage_Government.Spending,13,0.30810117286581373,0.7757348101744972,-1.2123390550762005,1.8285414008078282,TRUE,post_treatment
Gini_SWIID,heritage_Government.Spending,14,0.3839393631417076,0.7769634824099703,-1.138909062381834,1.9067877886652493,TRUE,post_treatment
Gini_SWIID,heritage_Government.Spending,15,0.3993631307477663,0.8839605858726168,-1.3331996175625627,2.1319258790580955,TRUE,post_treatment
Gini_SWIID,heritage_Government.Spending,16,0.36329313192543156,0.9189269650221642,-1.4378037195180102,2.1643899833688733,TRUE,post_treatment
Gini_SWIID,heritage_Government.Spending,17,0.026762088283237374,0.9633353907279529,-1.8613752775435504,1.914899454110025,TRUE,post_treatment
Gini_SWIID,heritage_Government.Spending,18,-0.4769876574257669,1.0766469452933274,-2.5872156702006888,1.6332403553491548,TRUE,post_treatment
Gini_SWIID,heritage_Government.Spending,19,-0.49212458439549256,0.9417301594245361,-2.3379156968675834,1.353666528076598,TRUE,post_treatment
Gini_SWIID,heritage_Government.Spending,20,0.363701105152917,1.279159105828436,-2.1434507422708173,2.870852952576651,TRUE,post_treatment
Gini_SWIID,heritage_Government.Spending,21,-0.13324538317052076,1.4069408760294715,-2.890849500188285,2.6243587338472434,TRUE,post_treatment
Gini_SWIID,heritage_Government.Spending,22,-1.181765145633536,1.5156686838681233,-4.1524757660150575,1.7889454747479856,TRUE,post_treatment
Gini_SWIID,heritage_Government.Spending,23,-1.907445592622778,1.9489371000803188,-5.727362308780203,1.912471123534647,TRUE,post_treatment
Gini_SWIID,heritage_Government.Spending,24,-2.140353403890924,2.288913182802862,-6.626623242184534,2.3459164344026857,TRUE,post_treatment
Gini_SWIID,heritage_Government.Spending,25,-1.001471362072455,2.3320805862313385,-5.572349311085879,3.5694065869409686,TRUE,post_treatment
Gini_SWIID,heritage_Government.Spending,26,-0.2239393939393927,4.0868440691060925,-8.234153769387333,7.786274981508548,TRUE,post_treatment
Gini_SWIID,heritage_Investment.Freedom,-24,-1.1003921568627497,0.61161189096968,-2.2991514631633225,0.0983671494378231,TRUE,pre_treatment
Gini_SWIID,heritage_Investment.Freedom,-23,-0.33947712418300646,0.40821703098544393,-1.1395825049144765,0.4606282565484636,TRUE,pre_treatment
Gini_SWIID,heritage_Investment.Freedom,-22,-0.41288671023965057,0.3799594163622004,-1.1576071663095633,0.3318337458302622,TRUE,pre_treatment
Gini_SWIID,heritage_Investment.Freedom,-21,-0.28662839697282416,0.19534278994946036,-0.6695002652737665,0.09624347132811811,TRUE,pre_treatment
Gini_SWIID,heritage_Investment.Freedom,-20,-0.45826482054810264,0.24996820221083776,-0.9482024968813447,0.0316728557851394,TRUE,pre_treatment
Gini_SWIID,heritage_Investment.Freedom,-19,-0.25823582334418116,0.15583592434109975,-0.5636742350527366,0.047202588364374354,TRUE,pre_treatment
Gini_SWIID,heritage_Investment.Freedom,-18,-0.3327750945992435,0.28996863008647583,-0.9011136095687361,0.23556342037024913,TRUE,pre_treatment
Gini_SWIID,heritage_Investment.Freedom,-17,-0.23636230043800308,0.16959779387528776,-0.5687739764335671,0.0960493755575609,TRUE,pre_treatment
Gini_SWIID,heritage_Investment.Freedom,-16,-0.46372128930802553,0.4581684890254998,-1.361731527798005,0.434288949181954,TRUE,pre_treatment
Gini_SWIID,heritage_Investment.Freedom,-15,-0.21824647461603683,0.12857207510182328,-0.47024774181561046,0.03375479258353678,TRUE,pre_treatment
Gini_SWIID,heritage_Investment.Freedom,-14,-0.26287378350785645,0.243852666838945,-0.7408250105121886,0.21507744349647573,TRUE,pre_treatment
Gini_SWIID,heritage_Investment.Freedom,-13,-0.6149647472974895,0.24426111957495458,-1.0937165416644006,-0.13621295293057856,FALSE,pre_treatment
Gini_SWIID,heritage_Investment.Freedom,-12,-0.26005411717628124,0.19082119657256447,-0.6340636624585076,0.11395542810594511,TRUE,pre_treatment
Gini_SWIID,heritage_Investment.Freedom,-11,-0.16662024228706027,0.09628432565766282,-0.35533752057607937,0.022097036001958864,TRUE,pre_treatment
Gini_SWIID,heritage_Investment.Freedom,-10,-0.011310701842543677,0.1924221230551194,-0.3884580630305777,0.36583665934549037,TRUE,pre_treatment
Gini_SWIID,heritage_Investment.Freedom,-9,-0.0032530701733073614,0.19352085670301533,-0.3825539493112174,0.3760478089646027,TRUE,pre_treatment
Gini_SWIID,heritage_Investment.Freedom,-8,-0.03475864190665964,0.12244600746140753,-0.2747528165310184,0.20523553271769912,TRUE,pre_treatment
Gini_SWIID,heritage_Investment.Freedom,-7,-0.08801286535621888,0.06947854115768688,-0.22419080602528518,0.048165075312847416,TRUE,pre_treatment
Gini_SWIID,heritage_Investment.Freedom,-6,-0.05566647801047514,0.1175420448444065,-0.2860488859055119,0.1747159298845616,TRUE,pre_treatment
Gini_SWIID,heritage_Investment.Freedom,-5,-0.10456424996068474,0.10640754414621824,-0.31312303648727247,0.103994536565903,TRUE,pre_treatment
Gini_SWIID,heritage_Investment.Freedom,-4,-0.015937897676737436,0.16822836057927412,-0.3456654844121147,0.31378968905863985,TRUE,pre_treatment
Gini_SWIID,heritage_Investment.Freedom,-3,-0.06272102802345461,0.08010768258894062,-0.2197320858977782,0.09429002985086898,TRUE,pre_treatment
Gini_SWIID,heritage_Investment.Freedom,-2,0.019492373825232907,0.06845566158106822,-0.11468072287366081,0.15366547052412663,TRUE,pre_treatment
Gini_SWIID,heritage_Investment.Freedom,-1,-0.026133396605679225,0.12355804873428004,-0.2683071721248681,0.21604037891350966,TRUE,pre_treatment
Gini_SWIID,heritage_Investment.Freedom,0,0.05241780743402664,0.08920526090414083,-0.12242450393808937,0.22726011880614264,TRUE,post_treatment
Gini_SWIID,heritage_Investment.Freedom,1,0.07052057934000788,0.14966839550988498,-0.2228294758593667,0.36387063453938245,TRUE,post_treatment
Gini_SWIID,heritage_Investment.Freedom,2,0.13419086440756306,0.2000142211621554,-0.2578370090702615,0.5262187378853876,TRUE,post_treatment
Gini_SWIID,heritage_Investment.Freedom,3,0.36096801656021604,0.2772793569182241,-0.18249952299950312,0.9044355561199352,TRUE,post_treatment
Gini_SWIID,heritage_Investment.Freedom,4,0.45015846123981473,0.3794585459140456,-0.2935802887517146,1.1938972112313442,TRUE,post_treatment
Gini_SWIID,heritage_Investment.Freedom,5,0.6302720971224589,0.3788043765923503,-0.11218448099854761,1.3727286752434655,TRUE,post_treatment
Gini_SWIID,heritage_Investment.Freedom,6,0.7781759709153905,0.4990025703920773,-0.19986906705308105,1.7562210088838621,TRUE,post_treatment
Gini_SWIID,heritage_Investment.Freedom,7,0.7185483082463701,0.5428540567096076,-0.3454456429044609,1.782542259397201,TRUE,post_treatment
Gini_SWIID,heritage_Investment.Freedom,8,0.29831869476706324,0.6337027568640553,-0.943738708686485,1.5403760982206116,TRUE,post_treatment
Gini_SWIID,heritage_Investment.Freedom,9,-0.17824536590689086,0.7555551432828482,-1.6591334467412733,1.3026427149274917,TRUE,post_treatment
Gini_SWIID,heritage_Investment.Freedom,10,0.11606630760731809,0.8688906748499248,-1.5869594150985344,1.8190920303131706,TRUE,post_treatment
Gini_SWIID,heritage_Investment.Freedom,11,0.12235269359013949,0.8744098454399383,-1.5914906034721394,1.8361959906524186,TRUE,post_treatment
Gini_SWIID,heritage_Investment.Freedom,12,0.633722395459316,0.908847782876623,-1.1476192589788652,2.415064049897497,TRUE,post_treatment
Gini_SWIID,heritage_Investment.Freedom,13,0.8726677901062447,0.9983662338005431,-1.0841300281428197,2.829465608355309,TRUE,post_treatment
Gini_SWIID,heritage_Investment.Freedom,14,1.2252255291165852,0.9082187785161426,-0.5548832767750542,3.0053343350082247,TRUE,post_treatment
Gini_SWIID,heritage_Investment.Freedom,15,1.7766451599161397,0.9228071019752668,-0.03205675995538315,3.5853470797876623,TRUE,post_treatment
Gini_SWIID,heritage_Investment.Freedom,16,1.550631625444332,1.1192717084349397,-0.6431409230881497,3.7444041739768137,TRUE,post_treatment
Gini_SWIID,heritage_Investment.Freedom,17,1.4138567545066814,1.1551298234855651,-0.8501976995250262,3.677911208538389,TRUE,post_treatment
Gini_SWIID,heritage_Investment.Freedom,18,1.4666603079153386,1.1536166258201166,-0.7944282786920898,3.727748894522767,TRUE,post_treatment
Gini_SWIID,heritage_Investment.Freedom,19,1.5844427477950889,1.608822708398844,-1.5688497606666452,4.737735256256823,TRUE,post_treatment
Gini_SWIID,heritage_Investment.Freedom,20,-0.38533547877090585,2.0057468181449436,-4.316599242334995,3.5459282847931832,TRUE,post_treatment
Gini_SWIID,heritage_Investment.Freedom,21,-0.677627868602738,1.9059110778502104,-4.413213581189151,3.0579578439836745,TRUE,post_treatment
Gini_SWIID,heritage_Investment.Freedom,22,-0.7560705079377682,2.2858986734711917,-5.236431907941304,3.7242908920657674,TRUE,post_treatment
Gini_SWIID,heritage_Investment.Freedom,23,-1.3430273866181652,2.79619129205076,-6.823562319037655,4.137507545801324,TRUE,post_treatment
Gini_SWIID,heritage_Investment.Freedom,24,-1.841897442234813,3.190196683313058,-8.094682941528406,4.410888057058781,TRUE,post_treatment
Gini_SWIID,heritage_Investment.Freedom,25,-2.2005514513497717,3.436732899250248,-8.936547933880258,4.535445031180714,TRUE,post_treatment
Gini_SWIID,heritage_Investment.Freedom,26,-0.9236630036630054,3.1877203540268075,-7.171594897555548,5.324268890229537,TRUE,post_treatment
Gini_SWIID,heritage_Judicial.Effectiveness,-26,0.33439812606906855,0.34460794321229105,-0.3410334426270219,1.009829694765159,TRUE,pre_treatment
Gini_SWIID,heritage_Judicial.Effectiveness,-25,0.17637769567893036,0.1473105523039914,-0.11235098683689276,0.4651063781947535,TRUE,pre_treatment
Gini_SWIID,heritage_Judicial.Effectiveness,-24,0.2502179428486412,0.22523943303945881,-0.19125134590869808,0.6916872316059804,TRUE,pre_treatment
Gini_SWIID,heritage_Judicial.Effectiveness,-23,0.3810565889775912,0.4529362936594427,-0.5066985465949165,1.268811724550099,TRUE,pre_treatment
Gini_SWIID,heritage_Judicial.Effectiveness,-22,-0.12516890382465062,0.1507602703509504,-0.4206590337125134,0.17032122606321215,TRUE,pre_treatment
Gini_SWIID,heritage_Judicial.Effectiveness,-21,0.15850884890638994,0.21350326852977822,-0.25995755741197535,0.5769752552247552,TRUE,pre_treatment
Gini_SWIID,heritage_Judicial.Effectiveness,-20,0.3385254258527539,0.19494621340139923,-0.043569152413988566,0.7206200041194963,TRUE,pre_treatment
Gini_SWIID,heritage_Judicial.Effectiveness,-19,-0.018791330565699028,0.09569203122510755,-0.20634771176690983,0.16876505063551175,TRUE,pre_treatment
Gini_SWIID,heritage_Judicial.Effectiveness,-18,-0.06037477211615644,0.12717305272528184,-0.3096339554577089,0.18888441122539598,TRUE,pre_treatment
Gini_SWIID,heritage_Judicial.Effectiveness,-17,0.47827056531443235,0.26049827693690636,-0.03230605748190407,0.9888471881107688,TRUE,pre_treatment
Gini_SWIID,heritage_Judicial.Effectiveness,-16,-0.18664685960426788,0.26841004183835415,-0.712730541607442,0.33943682239890627,TRUE,pre_treatment
Gini_SWIID,heritage_Judicial.Effectiveness,-15,0.060241951313043676,0.11822119280364908,-0.17147158658210854,0.29195548920819586,TRUE,pre_treatment
Gini_SWIID,heritage_Judicial.Effectiveness,-14,0.08708528330227261,0.09400981867456285,-0.09717396129987058,0.27134452790441577,TRUE,pre_treatment
Gini_SWIID,heritage_Judicial.Effectiveness,-13,-0.12669563986171736,0.1971718902941387,-0.5131525448382293,0.25976126511479447,TRUE,pre_treatment
Gini_SWIID,heritage_Judicial.Effectiveness,-12,0.1782595468901685,0.08808353107118294,0.005615825990649942,0.35090326778968706,FALSE,pre_treatment
Gini_SWIID,heritage_Judicial.Effectiveness,-11,-0.08693905684479401,0.20982514054800439,-0.4981963323188826,0.32431821862929455,TRUE,pre_treatment
Gini_SWIID,heritage_Judicial.Effectiveness,-10,0.20193025412621898,0.10001482916728101,0.005901188958348208,0.3979593192940898,FALSE,pre_treatment
Gini_SWIID,heritage_Judicial.Effectiveness,-9,0.0713632043158559,0.05992595795603445,-0.04609167327797162,0.1888180819096834,TRUE,pre_treatment
Gini_SWIID,heritage_Judicial.Effectiveness,-8,-0.24132230012769593,0.21729544047600377,-0.6672213634606633,0.18457676320527147,TRUE,pre_treatment
Gini_SWIID,heritage_Judicial.Effectiveness,-7,0.19127693528973666,0.25752722504910547,-0.31347642580651003,0.6960302963859833,TRUE,pre_treatment
Gini_SWIID,heritage_Judicial.Effectiveness,-6,-0.5873885339573143,0.5185671403954313,-1.6037801291323595,0.429003061217731,TRUE,pre_treatment
Gini_SWIID,heritage_Judicial.Effectiveness,-5,-0.017331558446916733,0.47685094901780345,-0.9519594185218114,0.917296301627978,TRUE,pre_treatment
Gini_SWIID,heritage_Judicial.Effectiveness,-4,0.05660074964103311,0.13315056527138305,-0.20437435829087763,0.3175758575729439,TRUE,pre_treatment
Gini_SWIID,heritage_Judicial.Effectiveness,-3,-0.02688301178398595,0.4470067116206222,-0.9030161665604055,0.8492501429924335,TRUE,pre_treatment
Gini_SWIID,heritage_Judicial.Effectiveness,-2,0.5479933272571266,0.2660997220150194,0.026437872107688554,1.0695487824065646,FALSE,pre_treatment
Gini_SWIID,heritage_Judicial.Effectiveness,-1,0.037627984979451135,0.19155121230329247,-0.3378123911350021,0.4130683610939044,TRUE,pre_treatment
Gini_SWIID,heritage_Judicial.Effectiveness,0,0.3587227103349832,0.4778974926658401,-0.5779563752900634,1.2954017959600297,TRUE,post_treatment
Gini_SWIID,heritage_Judicial.Effectiveness,1,0.05334863077326102,0.44937565932872786,-0.8274276615110455,0.9341249230575676,TRUE,post_treatment
Gini_SWIID,heritage_Judicial.Effectiveness,2,0.17755775577557723,0.6789987906033005,-1.1532798738068917,1.508395385358046,TRUE,post_treatment
Gini_SWIID,heritage_Judicial.Effectiveness,3,0.15533553355336005,0.6378531908350636,-1.0948567204833646,1.405527787590085,TRUE,post_treatment
Gini_SWIID,heritage_Labor.Freedom,-26,-0.04639517345399687,0.19211425863188789,-0.4229391203724971,0.3301487734645034,TRUE,pre_treatment
Gini_SWIID,heritage_Labor.Freedom,-25,0.038792593669720335,0.1834428905993044,-0.3207554719049163,0.39834065924435696,TRUE,pre_treatment
Gini_SWIID,heritage_Labor.Freedom,-24,-0.10909110966377686,0.08923277940908235,-0.2839873573055782,0.06580513797802454,TRUE,pre_treatment
Gini_SWIID,heritage_Labor.Freedom,-23,-0.0749573443275491,0.06523647812009407,-0.2028208414429335,0.052906152787835295,TRUE,pre_treatment
Gini_SWIID,heritage_Labor.Freedom,-22,0.1019588446351491,0.17423367287129277,-0.2395391541925847,0.4434568434628829,TRUE,pre_treatment
Gini_SWIID,heritage_Labor.Freedom,-21,0.0319601564069966,0.09818870864407515,-0.1604897125353907,0.2244100253493839,TRUE,pre_treatment
Gini_SWIID,heritage_Labor.Freedom,-20,0.06206723234188828,0.11871563116838237,-0.17061540474814113,0.2947498694319177,TRUE,pre_treatment
Gini_SWIID,heritage_Labor.Freedom,-19,0.1472447359881015,0.15785243962248843,-0.16214604567197582,0.45663551764817883,TRUE,pre_treatment
Gini_SWIID,heritage_Labor.Freedom,-18,0.46124360902026496,0.6147332691644768,-0.7436335985421096,1.6661208165826396,TRUE,pre_treatment
Gini_SWIID,heritage_Labor.Freedom,-17,-0.024996043114456173,0.08465410442160026,-0.19091808778079267,0.14092600155188034,TRUE,pre_treatment
Gini_SWIID,heritage_Labor.Freedom,-16,0.2624665418158892,0.1991197624237842,-0.12780819253472786,0.6527412761665062,TRUE,pre_treatment
Gini_SWIID,heritage_Labor.Freedom,-15,0.36348185617919876,0.382832997103742,-0.38687081814413554,1.113834530502533,TRUE,pre_treatment
Gini_SWIID,heritage_Labor.Freedom,-14,0.07646033813720417,0.1483951286335468,-0.2143941139845476,0.3673147902589559,TRUE,pre_treatment
Gini_SWIID,heritage_Labor.Freedom,-13,0.04795265323428484,0.14677472576560854,-0.23972580926630793,0.3356311157348776,TRUE,pre_treatment
Gini_SWIID,heritage_Labor.Freedom,-12,0.06660393413913143,0.055188095390008234,-0.04156473282528471,0.1747726011035476,TRUE,pre_treatment
Gini_SWIID,heritage_Labor.Freedom,-11,0.1108613381949505,0.05460431380083712,0.0038368831453097496,0.21788579324459126,FALSE,pre_treatment
Gini_SWIID,heritage_Labor.Freedom,-10,0.017573165252744462,0.08921414503997092,-0.15728655902559854,0.19243288953108748,TRUE,pre_treatment
Gini_SWIID,heritage_Labor.Freedom,-9,0.4039542146599189,0.28285093440670606,-0.150433616777225,0.9583420460970627,TRUE,pre_treatment
Gini_SWIID,heritage_Labor.Freedom,-8,0.06261138811963446,0.060222483732666546,-0.05542467999639197,0.1806474562356609,TRUE,pre_treatment
Gini_SWIID,heritage_Labor.Freedom,-7,0.02262668078826532,0.06477804052089461,-0.10433827863268813,0.14959164020921878,TRUE,pre_treatment
Gini_SWIID,heritage_Labor.Freedom,-6,0.07802129323033817,0.07965155711432184,-0.07809575871373263,0.23413834517440896,TRUE,pre_treatment
Gini_SWIID,heritage_Labor.Freedom,-5,-0.14508546657488208,0.20348665102350688,-0.5439193025809556,0.2537483694311914,TRUE,pre_treatment
Gini_SWIID,heritage_Labor.Freedom,-4,0.09207456408970575,0.08439937380214314,-0.07334820856249481,0.25749733674190634,TRUE,pre_treatment
Gini_SWIID,heritage_Labor.Freedom,-3,0.02040137857462065,0.14361664485055486,-0.26108724533246686,0.30189000248170816,TRUE,pre_treatment
Gini_SWIID,heritage_Labor.Freedom,-2,0.18293647516315903,0.09859464723411646,-0.010309033415709212,0.37618198374202727,TRUE,pre_treatment
Gini_SWIID,heritage_Labor.Freedom,-1,0.3415920320007889,0.17821975436529983,-0.0077186865551987505,0.6909027505567766,TRUE,pre_treatment
Gini_SWIID,heritage_Labor.Freedom,0,0.4921247551891912,0.2707737760244825,-0.03859184581879449,1.0228413561971768,TRUE,post_treatment
Gini_SWIID,heritage_Labor.Freedom,1,0.2793572398743827,0.45214281614654145,-0.6068426797728386,1.1655571595216039,TRUE,post_treatment
Gini_SWIID,heritage_Labor.Freedom,2,-0.43739814730968235,0.8337288661700369,-2.071506725002955,1.19671043038359,TRUE,post_treatment
Gini_SWIID,heritage_Labor.Freedom,3,-1.1291077134144416,0.8243757290892316,-2.7448841424293358,0.48666871560045233,TRUE,post_treatment
Gini_SWIID,heritage_Labor.Freedom,4,-1.041184039068242,1.0119159515067488,-3.02453930402147,0.9421712258849857,TRUE,post_treatment
Gini_SWIID,heritage_Labor.Freedom,5,-0.16155060547180286,0.9700319664952497,-2.062813259802492,1.7397120488588866,TRUE,post_treatment
Gini_SWIID,heritage_Labor.Freedom,6,-0.16775372744410472,0.949280407452864,-2.028343326051718,1.6928358711635088,TRUE,post_treatment
Gini_SWIID,heritage_Labor.Freedom,7,-0.09470129450733047,1.0275739029000777,-2.1087461441914828,1.9193435551768216,TRUE,post_treatment
Gini_SWIID,heritage_Labor.Freedom,8,0.11723860965111514,1.1921015518323377,-2.2192804319402666,2.4537576512424972,TRUE,post_treatment
Gini_SWIID,heritage_Labor.Freedom,9,0.5685119787643219,1.0548678542890668,-1.499029015642249,2.636052973170893,TRUE,post_treatment
Gini_SWIID,heritage_Labor.Freedom,10,0.7274956010127934,1.0007598774931936,-1.2339937588738659,2.688984960899453,TRUE,post_treatment
Gini_SWIID,heritage_Labor.Freedom,11,0.7104195877712872,1.2425105763430346,-1.7249011418610607,3.145740317403635,TRUE,post_treatment
Gini_SWIID,heritage_Labor.Freedom,12,0.8591597765647301,1.707250673915881,-2.487051544310397,4.205371097439857,TRUE,post_treatment
Gini_SWIID,heritage_Labor.Freedom,13,5.384558301369067,3.941889956821381,-2.3415460140008397,13.110662616738974,TRUE,post_treatment
Gini_SWIID,heritage_Labor.Freedom,14,-0.41159638554216477,0.6681315303661425,-1.7211341850598039,0.8979414139754744,TRUE,post_treatment
Gini_SWIID,heritage_Labor.Freedom,15,0.46757028112449883,0.9296058159831708,-1.354457118202516,2.2895976804515135,TRUE,post_treatment
Gini_SWIID,heritage_Monetary.Freedom,-23,0.036280386280386726,0.1474733937355506,-0.25276746544129247,0.3253282380020659,TRUE,pre_treatment
Gini_SWIID,heritage_Monetary.Freedom,-22,0.10118468029860697,0.0810884803030109,-0.057748741095294376,0.2601181016925083,TRUE,pre_treatment
Gini_SWIID,heritage_Monetary.Freedom,-21,-0.1253485670447737,0.12406785270221242,-0.36852155834111006,0.11782442425156264,TRUE,pre_treatment
Gini_SWIID,heritage_Monetary.Freedom,-20,0.0989918857513798,0.15978528265470904,-0.21418726825184992,0.4121710397546095,TRUE,pre_treatment
Gini_SWIID,heritage_Monetary.Freedom,-19,0.06330136365641194,0.17421896020365865,-0.278167798342759,0.40477052565558286,TRUE,pre_treatment
Gini_SWIID,heritage_Monetary.Freedom,-18,-0.013278567219714689,0.13165769964768237,-0.2713276585291721,0.24477052408974273,TRUE,pre_treatment
Gini_SWIID,heritage_Monetary.Freedom,-17,0.09467136239288156,0.05778129523517883,-0.018579976268068954,0.20792270105383207,TRUE,pre_treatment
Gini_SWIID,heritage_Monetary.Freedom,-16,-0.2612597270918225,0.16155571051977302,-0.5779089197105776,0.055389465526932635,TRUE,pre_treatment
Gini_SWIID,heritage_Monetary.Freedom,-15,-0.2915052596253262,0.17899134382484252,-0.6423282935220176,0.05931777427136514,TRUE,pre_treatment
Gini_SWIID,heritage_Monetary.Freedom,-14,-0.07130549656350389,0.1801246541398005,-0.42434981867751287,0.2817388255505051,TRUE,pre_treatment
Gini_SWIID,heritage_Monetary.Freedom,-13,-0.047614295499365834,0.19596789468148101,-0.43171136907506863,0.3364827780763369,TRUE,pre_treatment
Gini_SWIID,heritage_Monetary.Freedom,-12,0.026712940948330176,0.1323137512604001,-0.232622011522054,0.28604789341871434,TRUE,pre_treatment
Gini_SWIID,heritage_Monetary.Freedom,-11,-0.032009523713820924,0.10403421347617468,-0.2359165821271233,0.17189753469948144,TRUE,pre_treatment
Gini_SWIID,heritage_Monetary.Freedom,-10,-0.07655421715260498,0.14201282038742757,-0.354899345111963,0.2017909108067531,TRUE,pre_treatment
Gini_SWIID,heritage_Monetary.Freedom,-9,0.04225092798193478,0.09552377604603561,-0.144975673068295,0.22947752903216456,TRUE,pre_treatment
Gini_SWIID,heritage_Monetary.Freedom,-8,0.1054296360730261,0.15278928397737135,-0.19403736052262174,0.40489663266867393,TRUE,pre_treatment
Gini_SWIID,heritage_Monetary.Freedom,-7,0.055048471319118136,0.10095889809268363,-0.14283096894254177,0.25292791158077804,TRUE,pre_treatment
Gini_SWIID,heritage_Monetary.Freedom,-6,-0.037102531792517386,0.07476477498703281,-0.18364149076710168,0.10943642718206692,TRUE,pre_treatment
Gini_SWIID,heritage_Monetary.Freedom,-5,0.3427856049930782,0.46358749476290695,-0.5658458847422194,1.2514170947283758,TRUE,pre_treatment
Gini_SWIID,heritage_Monetary.Freedom,-4,-0.44653280427851055,0.6344056119494964,-1.6899678036995236,0.7969021951425024,TRUE,pre_treatment
Gini_SWIID,heritage_Monetary.Freedom,-3,0.4676211408959349,0.3089436435582859,-0.13790840047830555,1.0731506822701753,TRUE,pre_treatment
Gini_SWIID,heritage_Monetary.Freedom,-2,0.058345075872258456,0.0640105307394764,-0.0671155643771153,0.1838057161216322,TRUE,pre_treatment
Gini_SWIID,heritage_Monetary.Freedom,-1,-0.054159422439380774,0.1219968969121277,-0.2932733403871511,0.18495449550838952,TRUE,pre_treatment
Gini_SWIID,heritage_Monetary.Freedom,0,-0.1266752053265767,0.128592601589251,-0.3787167044415086,0.12536629378835526,TRUE,post_treatment
Gini_SWIID,heritage_Monetary.Freedom,1,-0.22008384846946502,0.17315453491608582,-0.5594667369049933,0.1192990399660632,TRUE,post_treatment
Gini_SWIID,heritage_Monetary.Freedom,2,-0.10363827619755138,0.34933308911734,-0.7883311308675378,0.581054578472435,TRUE,post_treatment
Gini_SWIID,heritage_Monetary.Freedom,3,-0.24659195867826741,0.33943861256645375,-0.9118916393085168,0.4187077219519819,TRUE,post_treatment
Gini_SWIID,heritage_Monetary.Freedom,4,-0.33932335602177016,0.31983586037658307,-0.9662016423598729,0.28755493031633267,TRUE,post_treatment
Gini_SWIID,heritage_Monetary.Freedom,5,-0.2531758862893032,0.3851006008281752,-1.0079730639125266,0.5016212913339202,TRUE,post_treatment
Gini_SWIID,heritage_Monetary.Freedom,6,0.011634416813210494,0.5199086488835704,-1.0073865349985873,1.0306553686250084,TRUE,post_treatment
Gini_SWIID,heritage_Monetary.Freedom,7,0.18185621074978275,0.6172639270343934,-1.0279810862376282,1.3916935077371937,TRUE,post_treatment
Gini_SWIID,heritage_Monetary.Freedom,8,0.36223495410261464,0.6043698877778617,-0.8223300259419943,1.5467999341472236,TRUE,post_treatment
Gini_SWIID,heritage_Monetary.Freedom,9,-0.05017208406640986,0.7392009615830338,-1.4990059687691561,1.3986618006363363,TRUE,post_treatment
Gini_SWIID,heritage_Monetary.Freedom,10,0.17419109135826982,0.646072992734284,-1.0921119744009267,1.4404941571174663,TRUE,post_treatment
Gini_SWIID,heritage_Monetary.Freedom,11,0.16700150410011305,0.7104251755856872,-1.225431840047834,1.5594348482480598,TRUE,post_treatment
Gini_SWIID,heritage_Monetary.Freedom,12,0.22997162130803483,0.7212745339910217,-1.1837264653143675,1.6436697079304374,TRUE,post_treatment
Gini_SWIID,heritage_Monetary.Freedom,13,0.1403731246726097,0.6890482025842022,-1.2101613523924266,1.490907601737646,TRUE,post_treatment
Gini_SWIID,heritage_Monetary.Freedom,14,0.13266017798915053,0.7224178817047817,-1.2832788701522215,1.5485992261305226,TRUE,post_treatment
Gini_SWIID,heritage_Monetary.Freedom,15,0.33293149586230175,0.8343138252963065,-1.302323601718459,1.9681865934430625,TRUE,post_treatment
Gini_SWIID,heritage_Monetary.Freedom,16,0.41582036780615217,0.8225793142147495,-1.196435088054757,2.028075823667061,TRUE,post_treatment
Gini_SWIID,heritage_Monetary.Freedom,17,0.8483639738738852,0.8518454672230871,-0.8212531418833654,2.5179810896311356,TRUE,post_treatment
Gini_SWIID,heritage_Monetary.Freedom,18,0.8962040944000232,0.9553806292281078,-0.9763419388870681,2.7687501276871145,TRUE,post_treatment
Gini_SWIID,heritage_Monetary.Freedom,19,1.2241416181867268,0.9213946864117065,-0.5817919671802179,3.0300752035536718,TRUE,post_treatment
Gini_SWIID,heritage_Monetary.Freedom,20,1.5566506324633576,0.9301051009805862,-0.2663553654585913,3.3796566303853064,TRUE,post_treatment
Gini_SWIID,heritage_Monetary.Freedom,21,1.260255693707513,1.069321373334154,-0.835614198027429,3.356125585442455,TRUE,post_treatment
Gini_SWIID,heritage_Monetary.Freedom,22,1.8389225412429944,1.2009461207750043,-0.51493185547601406,4.192776937962003,TRUE,post_treatment
Gini_SWIID,heritage_Monetary.Freedom,23,0.8597679886818993,1.3526987912611763,-1.7915216421900064,3.511057619553805,TRUE,post_treatment
Gini_SWIID,heritage_Monetary.Freedom,24,1.39819828598689,1.5595323217957842,-1.6584850647328468,4.454881636706627,TRUE,post_treatment
Gini_SWIID,heritage_Monetary.Freedom,25,-0.1385986411736405,1.7401655395528148,-3.5493230986971573,3.2721258163498765,TRUE,post_treatment
Gini_SWIID,heritage_Monetary.Freedom,26,-0.7280661375661365,2.4551177805507614,-5.5400969874456285,4.083964712313356,TRUE,post_treatment
Gini_SWIID,heritage_Property.Rights,-26,-0.024400871459694273,0.16072449271227596,-0.33942087717575514,0.2906191342563666,TRUE,pre_treatment
Gini_SWIID,heritage_Property.Rights,-25,0.22861811391223108,0.42812977649946365,-0.6105162480267177,1.0677524758511798,TRUE,pre_treatment
Gini_SWIID,heritage_Property.Rights,-24,-0.06597676107480172,0.07108369463526741,-0.20530080255992583,0.0733472804103224,TRUE,pre_treatment
Gini_SWIID,heritage_Property.Rights,-23,0.06822284469343295,0.12339740963562185,-0.17363607819238586,0.31008176757925177,TRUE,pre_treatment
Gini_SWIID,heritage_Property.Rights,-22,-0.5376887452778054,0.5114631709762305,-1.5401565603912173,0.46477906983560646,TRUE,pre_treatment
Gini_SWIID,heritage_Property.Rights,-21,0.004367760102582656,0.2475154169900476,-0.4807624571979106,0.48949797740307593,TRUE,pre_treatment
Gini_SWIID,heritage_Property.Rights,-20,0.2440171089696626,0.2542230141995668,-0.25425999886148826,0.7422942168008135,TRUE,pre_treatment
Gini_SWIID,heritage_Property.Rights,-19,-7.091094458247199e-4,0.07523453243637228,-0.14816879302111438,0.14675057412946493,TRUE,pre_treatment
Gini_SWIID,heritage_Property.Rights,-18,-0.09546267029372589,0.08758982572846027,-0.267138728721508,0.07621338813405625,TRUE,pre_treatment
Gini_SWIID,heritage_Property.Rights,-17,-0.04954365071314343,0.27169316494809365,-0.5820622540114069,0.4829749525851201,TRUE,pre_treatment
Gini_SWIID,heritage_Property.Rights,-16,-0.09703598526487295,0.13340416551032497,-0.35850814966510985,0.16443617913536396,TRUE,pre_treatment
Gini_SWIID,heritage_Property.Rights,-15,-0.09918045735214967,0.17625434276283672,-0.4446389691673096,0.2462780544630103,TRUE,pre_treatment
Gini_SWIID,heritage_Property.Rights,-14,-0.027947695509956242,0.08222240229767022,-0.18910360401338988,0.1332082129934774,TRUE,pre_treatment
Gini_SWIID,heritage_Property.Rights,-13,-0.3380129803080628,0.3052146138592469,-0.9362336234721867,0.2602076628560611,TRUE,pre_treatment
Gini_SWIID,heritage_Property.Rights,-12,-0.12376647426647455,0.18482117426731062,-0.48601597583040335,0.23848302729745427,TRUE,pre_treatment
Gini_SWIID,heritage_Property.Rights,-11,0.15786521813586538,0.17552546323428392,-0.1861646898033311,0.5018951260750618,TRUE,pre_treatment
Gini_SWIID,heritage_Property.Rights,-10,0.02470699624207532,0.1164730710083476,-0.203580222934286,0.25299421541843664,TRUE,pre_treatment
Gini_SWIID,heritage_Property.Rights,-9,-0.08409670128467822,0.08293760302020575,-0.2466544032042815,0.07846100063492506,TRUE,pre_treatment
Gini_SWIID,heritage_Property.Rights,-8,0.008986097077247707,0.1730723814964948,-0.33023577065588205,0.3482079648103775,TRUE,pre_treatment
Gini_SWIID,heritage_Property.Rights,-7,-0.1039267522580014,0.1331565304829534,-0.3649135520045901,0.15706004748858726,TRUE,pre_treatment
Gini_SWIID,heritage_Property.Rights,-6,-0.29848194159704117,0.3425322037423438,-0.969845060932035,0.37288117773795265,TRUE,pre_treatment
Gini_SWIID,heritage_Property.Rights,-5,-0.3396268114778289,0.29212926327194205,-0.9122001674908353,0.2329465445351775,TRUE,pre_treatment
Gini_SWIID,heritage_Property.Rights,-4,0.12435882131775149,0.0641766522226902,-0.0014274170387213042,0.2501450596742243,TRUE,pre_treatment
Gini_SWIID,heritage_Property.Rights,-3,0.1249147663143497,0.09894381263432489,-0.06901510644892708,0.3188446390776265,TRUE,pre_treatment
Gini_SWIID,heritage_Property.Rights,-2,0.43778744568358957,0.3699989674905058,-0.2874105305978018,1.162985421964981,TRUE,pre_treatment
Gini_SWIID,heritage_Property.Rights,-1,0.7230849603997721,0.40832423689472225,-0.07723054391388351,1.5234004647134278,TRUE,pre_treatment
Gini_SWIID,heritage_Property.Rights,0,-0.27331074477823236,0.34810563824268254,-0.9555977957338901,0.4089763061774254,TRUE,post_treatment
Gini_SWIID,heritage_Property.Rights,1,-0.3518041527710575,0.346120898192406,-1.0302011132281732,0.32659280768605825,TRUE,post_treatment
Gini_SWIID,heritage_Property.Rights,2,-0.42222549012748356,0.46034233195714147,-1.3244964607634808,0.4800454805085137,TRUE,post_treatment
Gini_SWIID,heritage_Property.Rights,3,-0.5299842447943464,0.572708556898525,-1.6524930163154552,0.5925245267267625,TRUE,post_treatment
Gini_SWIID,heritage_Property.Rights,4,-0.6321327152543901,0.5751208543249451,-1.7593695897312824,0.4951041592225023,TRUE,post_treatment
Gini_SWIID,heritage_Property.Rights,5,-0.1667799255902788,0.5883715860858195,-1.3199882343184852,0.9864283831379276,TRUE,post_treatment
Gini_SWIID,heritage_Property.Rights,6,-0.217440549566123,0.4226092150798387,-1.0457546111226068,0.6108735119903608,TRUE,post_treatment
Gini_SWIID,heritage_Property.Rights,7,-0.3758405591667368,0.5198286986812056,-1.3947048085818998,0.6430236902484261,TRUE,post_treatment
Gini_SWIID,heritage_Property.Rights,8,-1.0690234595996377,0.8518863734464748,-2.7387207515547285,0.6006738323554528,TRUE,post_treatment
Gini_SWIID,heritage_Property.Rights,9,-0.9380435696978731,0.9394391788883019,-2.7793443603189445,0.9032572209231986,TRUE,post_treatment
Gini_SWIID,heritage_Property.Rights,10,-0.9902830829510613,0.9472416550515218,-2.846876726852044,0.8663105609499214,TRUE,post_treatment
Gini_SWIID,heritage_Property.Rights,11,-1.138060937785075,0.9883069670896507,-3.0751425932807903,0.7990207177106403,TRUE,post_treatment
Gini_SWIID,heritage_Property.Rights,12,-0.918353285077423,0.9362928837878409,-2.753487337301591,0.9167807671467452,TRUE,post_treatment
Gini_SWIID,heritage_Property.Rights,13,-2.2949221096485464,1.23313083893802,-4.711858553967065,0.12201433466997269,TRUE,post_treatment
Gini_SWIID,heritage_Property.Rights,14,-2.265066101767539,1.1947692673636947,-4.6068138658003805,0.07668166226530282,TRUE,post_treatment
Gini_SWIID,heritage_Property.Rights,15,-2.6861646437008906,1.0617630090675088,-4.767220141473208,-0.6051091459285733,FALSE,post_treatment
Gini_SWIID,heritage_Property.Rights,16,-2.6963998815224444,1.3622335792991302,-5.36637769694874,-0.026422066096149166,FALSE,post_treatment
Gini_SWIID,heritage_Property.Rights,17,-2.6447579501762135,1.2461561765709526,-5.08722405625528,-0.20229184409714662,FALSE,post_treatment
Gini_SWIID,heritage_Property.Rights,18,-2.9605645054787355,1.2527817148923086,-5.416016666667661,-0.5051123442898109,FALSE,post_treatment
Gini_SWIID,heritage_Property.Rights,19,-3.6153706748171635,1.4733156687259112,-6.503069385519949,-0.7276719641143776,FALSE,post_treatment
Gini_SWIID,heritage_Property.Rights,20,-3.723587198237987,1.287063340799599,-6.246231346205201,-1.200943050270773,FALSE,post_treatment
Gini_SWIID,heritage_Property.Rights,21,-3.543114812596459,1.44309156730578,-6.371574284515788,-0.7146553406771301,FALSE,post_treatment
Gini_SWIID,heritage_Property.Rights,22,-3.0210023063356393,1.3902073244258615,-5.745808662210328,-0.2961959504609508,FALSE,post_treatment
Gini_SWIID,heritage_Property.Rights,23,-2.643434540767874,1.4680683554961307,-5.520848517540291,0.23397943600454196,TRUE,post_treatment
Gini_SWIID,heritage_Property.Rights,24,-2.06820065120065,1.582736614222641,-5.170364415077026,1.033963112675726,TRUE,post_treatment
Gini_SWIID,heritage_Property.Rights,25,-0.560457671957671,1.5140011307112877,-3.5278998881517953,2.406984544236453,TRUE,post_treatment
Gini_SWIID,heritage_Property.Rights,26,-2.9014550264550243,1.5239481057707307,-5.888393313765656,0.08548326085560776,TRUE,post_treatment
Gini_SWIID,heritage_Tax.Burden,-25,-0.2859485815602832,0.20913509752278697,-0.6958533727049456,0.12395620958437925,TRUE,pre_treatment
Gini_SWIID,heritage_Tax.Burden,-24,-6.710140456891977,6.449210436664717,-19.35059291275482,5.9303119989708675,TRUE,pre_treatment
Gini_SWIID,heritage_Tax.Burden,-23,0.669034512954117,0.89051855209385,-1.0763818491498292,2.414450875058063,TRUE,pre_treatment
Gini_SWIID,heritage_Tax.Burden,-22,0.11798115246098402,0.1082990901129246,-0.0942850641603482,0.3302473690823162,TRUE,pre_treatment
Gini_SWIID,heritage_Tax.Burden,-21,0.1200886754701878,0.22662612920552655,-0.3240985377726442,0.5642758887130198,TRUE,pre_treatment
Gini_SWIID,heritage_Tax.Burden,-20,0.017034087481147993,0.18148598827857024,-0.33867844954484966,0.37274662450714563,TRUE,pre_treatment
Gini_SWIID,heritage_Tax.Burden,-19,-0.012266772651629192,0.14674212851658017,-0.2998813445441263,0.27534779924086794,TRUE,pre_treatment
Gini_SWIID,heritage_Tax.Burden,-18,-0.09969740160422366,0.1941624693121628,-0.4802558414560627,0.28086103824761544,TRUE,pre_treatment
Gini_SWIID,heritage_Tax.Burden,-17,-0.1149236662865049,0.21224239469440306,-0.5309187598875349,0.3010714273145251,TRUE,pre_treatment
Gini_SWIID,heritage_Tax.Burden,-16,0.03726924242203241,0.10241607535173367,-0.16346626526736557,0.2380047501114304,TRUE,pre_treatment
Gini_SWIID,heritage_Tax.Burden,-15,-0.07746854108877345,0.08669239273769595,-0.24738563085465753,0.09244854867711062,TRUE,pre_treatment
Gini_SWIID,heritage_Tax.Burden,-14,-0.1827035879337561,0.12943874120809992,-0.4364035207016319,0.07099634483411973,TRUE,pre_treatment
Gini_SWIID,heritage_Tax.Burden,-13,-0.04657802620498191,0.08818275749921291,-0.2194162309034392,0.12626017849347537,TRUE,pre_treatment
Gini_SWIID,heritage_Tax.Burden,-12,-0.18882735187995875,0.07953567653774567,-0.34471727789394024,-0.032937425865977255,FALSE,pre_treatment
Gini_SWIID,heritage_Tax.Burden,-11,-0.5470071368222569,0.5107292905666616,-1.5480365463329135,0.4540222726883998,TRUE,pre_treatment
Gini_SWIID,heritage_Tax.Burden,-10,-0.44204316608257527,0.37489327044728,-1.1768339761592441,0.29274764399409353,TRUE,pre_treatment
Gini_SWIID,heritage_Tax.Burden,-9,0.07841200238890009,0.2901069520806813,-0.49019762368923525,0.6470216284670355,TRUE,pre_treatment
Gini_SWIID,heritage_Tax.Burden,-8,0.035970447504291465,0.05827859104929842,-0.07825559095233342,0.15019648596091636,TRUE,pre_treatment
Gini_SWIID,heritage_Tax.Burden,-7,-0.07242280411942442,0.08556895663480656,-0.24013795912364527,0.09529235088479643,TRUE,pre_treatment
Gini_SWIID,heritage_Tax.Burden,-6,1.2744150891406456,0.599542283199022,0.09931221407056245,2.4495179642107288,FALSE,pre_treatment
Gini_SWIID,heritage_Tax.Burden,-5,0.020266933816405437,0.10299551974512137,-0.18160428488403246,0.22213815251684332,TRUE,pre_treatment
Gini_SWIID,heritage_Tax.Burden,-4,0.1551284752281844,0.21355450525100944,-0.2634383550637941,0.5736953055201629,TRUE,pre_treatment
Gini_SWIID,heritage_Tax.Burden,-3,0.00794602490143804,0.05735843049988079,-0.1044764988783283,0.12036854868120439,TRUE,pre_treatment
Gini_SWIID,heritage_Tax.Burden,-2,0.00879038508730739,0.08332033332746488,-0.15451746823452378,0.17209823840913857,TRUE,pre_treatment
Gini_SWIID,heritage_Tax.Burden,-1,-0.11937360037158598,0.1932821873474729,-0.49820668757263287,0.25945948682946096,TRUE,pre_treatment
Gini_SWIID,heritage_Tax.Burden,0,0.08069579126430643,0.10428493792794284,-0.12370268707446153,0.2850942696030744,TRUE,post_treatment
Gini_SWIID,heritage_Tax.Burden,1,0.1238210824963556,0.1578608837399733,-0.18558624963399212,0.4332284146267033,TRUE,post_treatment
Gini_SWIID,heritage_Tax.Burden,2,0.1971012282511551,0.21828958761740375,-0.23074636347895625,0.6249488199812664,TRUE,post_treatment
Gini_SWIID,heritage_Tax.Burden,3,0.2772816696356911,0.20892836566750542,-0.13221792707261948,0.6867812663440017,TRUE,post_treatment
Gini_SWIID,heritage_Tax.Burden,4,0.2969351436310257,0.30950898266913274,-0.3097024624004745,0.9035727496625259,TRUE,post_treatment
Gini_SWIID,heritage_Tax.Burden,5,0.2813601095495882,0.3944084691539451,-0.49168048999214425,1.0544007090913206,TRUE,post_treatment
Gini_SWIID,heritage_Tax.Burden,6,0.39001872795898973,0.40200221938287395,-0.3979056220314432,1.1779430779494227,TRUE,post_treatment
Gini_SWIID,heritage_Tax.Burden,7,0.24761224852451486,0.405391995714214,-0.5469560630753447,1.0421805601243743,TRUE,post_treatment
Gini_SWIID,heritage_Tax.Burden,8,0.5336238452954937,0.46738330886404367,-0.3824474400780319,1.4496951306690193,TRUE,post_treatment
Gini_SWIID,heritage_Tax.Burden,9,0.7072046320196985,0.5961287391392551,-0.46120769669324146,1.8756169607326385,TRUE,post_treatment
Gini_SWIID,heritage_Tax.Burden,10,0.6949437727130492,0.5937587609900236,-0.4688233988273969,1.8587109442534953,TRUE,post_treatment
Gini_SWIID,heritage_Tax.Burden,11,0.32761873364636784,0.6476488649807619,-0.9417730417159256,1.5970105090086613,TRUE,post_treatment
Gini_SWIID,heritage_Tax.Burden,12,0.4744219696087984,0.7289215052870702,-0.9542641807538592,1.903108119971456,TRUE,post_treatment
Gini_SWIID,heritage_Tax.Burden,13,0.9704714214520009,0.7330896807608093,-0.4663843528391851,2.407327195743187,TRUE,post_treatment
Gini_SWIID,heritage_Tax.Burden,14,1.0967196237401697,0.6485684474477169,-0.1744745332573554,2.3679137807376947,TRUE,post_treatment
Gini_SWIID,heritage_Tax.Burden,15,0.8125757351769805,0.7752165125052302,-0.7068486293332705,2.3320000996872317,TRUE,post_treatment
Gini_SWIID,heritage_Tax.Burden,16,0.4467975439616116,1.031102877232309,-1.5741640954137137,2.467759183336937,TRUE,post_treatment
Gini_SWIID,heritage_Tax.Burden,17,0.6590530332879417,0.9996812097755392,-1.300322137872115,2.6184282044479987,TRUE,post_treatment
Gini_SWIID,heritage_Tax.Burden,18,0.2718330411488257,1.2265513770383263,-2.1322076578462936,2.675873740143945,TRUE,post_treatment
Gini_SWIID,heritage_Tax.Burden,19,0.11327351205829601,1.2718338320411575,-2.3795207987423725,2.606067822858965,TRUE,post_treatment
Gini_SWIID,heritage_Tax.Burden,20,-0.3739548202395684,1.316180992994495,-2.953669566508778,2.205759926029642,TRUE,post_treatment
Gini_SWIID,heritage_Tax.Burden,21,-0.7077676756195435,1.3964500782937248,-3.4448098290752442,2.0292744778361573,TRUE,post_treatment
Gini_SWIID,heritage_Tax.Burden,22,1.208975922854708,1.2902220949935648,-1.319859383332679,3.737811229042095,TRUE,post_treatment
Gini_SWIID,heritage_Tax.Burden,23,1.506181033170103,1.3812649336646166,-1.2010982368125454,4.213460303152751,TRUE,post_treatment
Gini_SWIID,heritage_Tax.Burden,24,0.024892849143737683,1.3153142262828523,-2.5531230343706532,2.602908732658128,TRUE,post_treatment
Gini_SWIID,heritage_Tax.Burden,25,0.6898019171644326,1.6335907978289828,-2.5120360465803735,3.8916398809092385,TRUE,post_treatment
Gini_SWIID,heritage_Tax.Burden,26,0.816183771380892,2.2478126276888526,-3.589528978889259,5.221896521651043,TRUE,post_treatment
Gini_SWIID,heritage_Trade.Freedom,-22,-0.5226621417797898,0.28413424739107707,-1.0795652666663007,0.0342409831067213,TRUE,pre_treatment
Gini_SWIID,heritage_Trade.Freedom,-21,-0.21751757306696476,0.1624100037596521,-0.5358411804358828,0.10080603430195331,TRUE,pre_treatment
Gini_SWIID,heritage_Trade.Freedom,-20,-0.06399572649572227,0.20934051404594997,-0.4743031340257842,0.3463116810343397,TRUE,pre_treatment
Gini_SWIID,heritage_Trade.Freedom,-19,-0.19206848357791922,0.07989630026752953,-0.34866523210227707,-0.035471735053561354,FALSE,pre_treatment
Gini_SWIID,heritage_Trade.Freedom,-18,-0.2435185185185194,0.1865455260527109,-0.6091477495818327,0.12211071254479394,TRUE,pre_treatment
Gini_SWIID,heritage_Trade.Freedom,-17,0.4102177506589266,0.3569212305551014,-0.2893478612290721,1.1097833625469253,TRUE,pre_treatment
Gini_SWIID,heritage_Trade.Freedom,-16,0.15049638303958998,0.23106415838391675,-0.3023893673928868,0.6033821334720668,TRUE,pre_treatment
Gini_SWIID,heritage_Trade.Freedom,-15,-0.4366240955060483,0.3616495874441366,-1.145457286896556,0.2722090958844594,TRUE,pre_treatment
Gini_SWIID,heritage_Trade.Freedom,-14,-0.8503118681926397,0.8619851984959465,-2.5398028572446947,0.8391791208594154,TRUE,pre_treatment
Gini_SWIID,heritage_Trade.Freedom,-13,-0.2047232954700066,0.09960603584730576,-0.3999511257307259,-0.00949546520928729,FALSE,pre_treatment
Gini_SWIID,heritage_Trade.Freedom,-12,-0.093224163188704,0.08070245972476425,-0.25140098424924195,0.06495265787183394,TRUE,pre_treatment
Gini_SWIID,heritage_Trade.Freedom,-11,-0.10338964621295386,0.07833438043618307,-0.2569250318678727,0.050145739441964945,TRUE,pre_treatment
Gini_SWIID,heritage_Trade.Freedom,-10,0.07664488007994555,0.20873515287924208,-0.3324760195633689,0.48576577972325996,TRUE,pre_treatment
Gini_SWIID,heritage_Trade.Freedom,-9,0.12448022681800926,0.12230691556261115,-0.11524132768470861,0.3642017813207271,TRUE,pre_treatment
Gini_SWIID,heritage_Trade.Freedom,-8,0.2385398864374044,0.3708336668722368,-0.4882941006321797,0.9653738735069886,TRUE,pre_treatment
Gini_SWIID,heritage_Trade.Freedom,-7,0.14944718785871908,0.1272648507498005,-0.09999191961088993,0.3988862953283281,TRUE,pre_treatment
Gini_SWIID,heritage_Trade.Freedom,-6,0.4435633665689022,0.34287726931528817,-0.22847608128906255,1.115602814426867,TRUE,pre_treatment
Gini_SWIID,heritage_Trade.Freedom,-5,0.2366753231197065,0.5344553469172197,-0.8108571568380443,1.2842078030774573,TRUE,pre_treatment
Gini_SWIID,heritage_Trade.Freedom,-4,0.014121599465391937,0.2344406068907315,-0.4453819900404418,0.4736251889712257,TRUE,pre_treatment
Gini_SWIID,heritage_Trade.Freedom,-3,-0.08909448945326881,0.11692801495008998,-0.31827339875544514,0.14008441984890754,TRUE,pre_treatment
Gini_SWIID,heritage_Trade.Freedom,-2,-0.14503772764446954,0.08671147009331626,-0.3149922090273694,0.02491675373843033,TRUE,pre_treatment
Gini_SWIID,heritage_Trade.Freedom,-1,-0.17351928494911778,0.1185615302782108,-0.40589988429441093,0.058861314396175396,TRUE,pre_treatment
Gini_SWIID,heritage_Trade.Freedom,0,-0.11110300589810178,0.13666398299922103,-0.378964412576575,0.1567584007803714,TRUE,post_treatment
Gini_SWIID,heritage_Trade.Freedom,1,-0.16724966028351737,0.16264288552320275,-0.4860297159089948,0.15153039534196003,TRUE,post_treatment
Gini_SWIID,heritage_Trade.Freedom,2,-0.19688926897735812,0.1921341182593256,-0.5734721407656364,0.1796936028109201,TRUE,post_treatment
Gini_SWIID,heritage_Trade.Freedom,3,-0.08927057140003804,0.27264210256683646,-0.6236490924310375,0.44510794963096145,TRUE,post_treatment
Gini_SWIID,heritage_Trade.Freedom,4,-0.08257422967907202,0.288619451664796,-0.6482683549420722,0.4831198955839282,TRUE,post_treatment
Gini_SWIID,heritage_Trade.Freedom,5,-0.3476810749415386,0.34191702108587474,-1.0178384362698532,0.3224762863867759,TRUE,post_treatment
Gini_SWIID,heritage_Trade.Freedom,6,-0.39480409359152824,0.4721096330241069,-1.3201389743187777,0.5305307871357213,TRUE,post_treatment
Gini_SWIID,heritage_Trade.Freedom,7,-0.48800320620900495,0.5954261429683535,-1.6550384464269778,0.6790320340089679,TRUE,post_treatment
Gini_SWIID,heritage_Trade.Freedom,8,-0.46543910397657134,0.617055632460817,-1.6748681435997725,0.74398993564663,TRUE,post_treatment
Gini_SWIID,heritage_Trade.Freedom,9,-0.48389880772888416,0.5783319872242447,-1.6174295026884038,0.6496318872306355,TRUE,post_treatment
Gini_SWIID,heritage_Trade.Freedom,10,-0.42714142903784164,0.5748315785713298,-1.5538113230376482,0.6995284649619649,TRUE,post_treatment
Gini_SWIID,heritage_Trade.Freedom,11,-0.19563737189631597,0.717515786581045,-1.6019683135951641,1.210693569802532,TRUE,post_treatment
Gini_SWIID,heritage_Trade.Freedom,12,-0.07800626289130765,0.7318120154598352,-1.5123578131925846,1.3563452874099693,TRUE,post_treatment
Gini_SWIID,heritage_Trade.Freedom,13,-0.09163463118083556,0.8112555450804062,-1.6816954995384317,1.4984262371767605,TRUE,post_treatment
Gini_SWIID,heritage_Trade.Freedom,14,0.01467451969083695,0.8737227035981076,-1.697821979361454,1.7271710187431277,TRUE,post_treatment
Gini_SWIID,heritage_Trade.Freedom,15,0.025600632086038865,0.734220245856081,-1.4134710497918799,1.4646723139639577,TRUE,post_treatment
Gini_SWIID,heritage_Trade.Freedom,16,0.2573578538987148,0.8223763591024286,-1.354499809942045,1.869215517739475,TRUE,post_treatment
Gini_SWIID,heritage_Trade.Freedom,17,0.5910902247161957,0.8148175817438873,-1.0059522355018236,2.1881326849342146,TRUE,post_treatment
Gini_SWIID,heritage_Trade.Freedom,18,0.42885514930169116,0.9827713872643354,-1.4973767697364062,2.3550870683397886,TRUE,post_treatment
Gini_SWIID,heritage_Trade.Freedom,19,-0.6873725777387559,1.1313720534256009,-2.9048618024529334,1.5301166469754217,TRUE,post_treatment
Gini_SWIID,heritage_Trade.Freedom,20,-1.3168033494606537,1.0747015283031733,-3.423218344934873,0.7896116460135658,TRUE,post_treatment
Gini_SWIID,heritage_Trade.Freedom,21,-1.5881549131567074,1.2642540140154916,-4.066092780627071,0.889782954313656,TRUE,post_treatment
Gini_SWIID,heritage_Trade.Freedom,22,-2.1399414036363176,1.3282748606098755,-4.7433601304316735,0.46347732315903833,TRUE,post_treatment
Gini_SWIID,heritage_Trade.Freedom,23,-1.222853262505123,1.3371329707724127,-3.8436338852190515,1.3979273602088058,TRUE,post_treatment
Gini_SWIID,heritage_Trade.Freedom,24,-2.294405078084147,1.372597700216389,-4.9846965705082695,0.3958864143399752,TRUE,post_treatment
Gini_SWIID,heritage_Trade.Freedom,25,0.4343356985012247,1.289648794123244,-2.0933759379803334,2.962047334982783,TRUE,post_treatment
Gini_SWIID,heritage_Trade.Freedom,26,0.7508321933424538,1.956278085925788,-3.083472855072091,4.585137241756998,TRUE,post_treatment
Income_share_bottom50_WID,fraser_FreeTrade,-26,0.14630566374553716,0.11027114420450536,-0.06982577889529334,0.36243710638636767,TRUE,pre_treatment
Income_share_bottom50_WID,fraser_FreeTrade,-25,0.038057581357762105,0.09329972642578557,-0.14480988243677761,0.22092504515230182,TRUE,pre_treatment
Income_share_bottom50_WID,fraser_FreeTrade,-24,-0.03964693655905923,0.07766060763402718,-0.1918617275217525,0.11256785440363404,TRUE,pre_treatment
Income_share_bottom50_WID,fraser_FreeTrade,-23,-0.043047306069458106,0.07307182242942417,-0.1862680780311295,0.10017346589221326,TRUE,pre_treatment
Income_share_bottom50_WID,fraser_FreeTrade,-22,-0.0949007263651522,0.10788018122104032,-0.3063458815583912,0.1165444288280868,TRUE,pre_treatment
Income_share_bottom50_WID,fraser_FreeTrade,-21,-0.05654183811288753,0.0948242303578021,-0.24239732961417965,0.12931365338840461,TRUE,pre_treatment
Income_share_bottom50_WID,fraser_FreeTrade,-20,0.09935204504824748,0.08126021333086603,-0.059917973080249945,0.2586220631767449,TRUE,pre_treatment
Income_share_bottom50_WID,fraser_FreeTrade,-19,0.022449369664559394,0.06836807726402999,-0.1115520617729394,0.1564508011020582,TRUE,pre_treatment
Income_share_bottom50_WID,fraser_FreeTrade,-18,-0.08012338229310939,0.08210291643764896,-0.24104509851090133,0.08079833392468255,TRUE,pre_treatment
Income_share_bottom50_WID,fraser_FreeTrade,-17,0.050871314686122736,0.06757880794153015,-0.08158314887927634,0.18332577825152183,TRUE,pre_treatment
Income_share_bottom50_WID,fraser_FreeTrade,-16,-0.07849746045948555,0.05875364760055039,-0.19365460975656432,0.03665968883759321,TRUE,pre_treatment
Income_share_bottom50_WID,fraser_FreeTrade,-15,-0.04865816293411207,0.07943467501900352,-0.20435012597135896,0.10703380010313482,TRUE,pre_treatment
Income_share_bottom50_WID,fraser_FreeTrade,-14,0.010827204940295758,0.07654039178640913,-0.13919196296106612,0.16084637284165765,TRUE,pre_treatment
Income_share_bottom50_WID,fraser_FreeTrade,-13,0.08961346281965912,0.06728762667136168,-0.042270285456209755,0.221497211095528,TRUE,pre_treatment
Income_share_bottom50_WID,fraser_FreeTrade,-12,0.047953856972844176,0.05341867837003747,-0.056746752632429266,0.15265446657811763,TRUE,pre_treatment
Income_share_bottom50_WID,fraser_FreeTrade,-11,0.125543449233563,0.06253057235208836,0.0029835274234698145,0.2481033710436562,FALSE,pre_treatment
Income_share_bottom50_WID,fraser_FreeTrade,-10,-0.01098275675534526,0.08213372558932529,-0.17196485891042282,0.14999934539973228,TRUE,pre_treatment
Income_share_bottom50_WID,fraser_FreeTrade,-9,-0.013991831656388594,0.06219810305373381,-0.13590011364170687,0.10791645032892967,TRUE,pre_treatment
Income_share_bottom50_WID,fraser_FreeTrade,-8,-1.8570525632488605e-4,0.06376645293692179,-0.1251679530126916,0.12479654250004182,TRUE,pre_treatment
Income_share_bottom50_WID,fraser_FreeTrade,-7,0.03710798036351843,0.05027055245511097,-0.061422302448499076,0.13563826317553593,TRUE,pre_treatment
Income_share_bottom50_WID,fraser_FreeTrade,-6,-0.039653855700021064,0.07886977686769236,-0.19423861836069808,0.11493090696065597,TRUE,pre_treatment
Income_share_bottom50_WID,fraser_FreeTrade,-5,0.10574850465989706,0.05520636784810705,-0.00245597632239275,0.21395298564218687,TRUE,pre_treatment
Income_share_bottom50_WID,fraser_FreeTrade,-4,0.09879595369468806,0.05348883228959919,-0.006042157592926353,0.20363406498230247,TRUE,pre_treatment
Income_share_bottom50_WID,fraser_FreeTrade,-3,0.03831197353982157,0.05023943674436381,-0.060157322479131504,0.13678126955877465,TRUE,pre_treatment
Income_share_bottom50_WID,fraser_FreeTrade,-2,-0.08162683729772333,0.07158083611727584,-0.22192527608758397,0.05867160149213732,TRUE,pre_treatment
Income_share_bottom50_WID,fraser_FreeTrade,-1,0.021965858332946807,0.04662703734053789,-0.06942313485450746,0.11335485152040106,TRUE,pre_treatment
Income_share_bottom50_WID,fraser_FreeTrade,0,0.050466638846385796,0.049740596673960566,-0.04702493063457692,0.14795820832734852,TRUE,post_treatment
Income_share_bottom50_WID,fraser_FreeTrade,1,0.09375335180885332,0.09245656989154029,-0.08746152517856563,0.27496822879627225,TRUE,post_treatment
Income_share_bottom50_WID,fraser_FreeTrade,2,-0.007461949969861231,0.12102885047782692,-0.244678496906402,0.22975459696667952,TRUE,post_treatment
Income_share_bottom50_WID,fraser_FreeTrade,3,0.02548235380573596,0.15428254781249792,-0.27691143990676,0.32787614751823185,TRUE,post_treatment
Income_share_bottom50_WID,fraser_FreeTrade,4,-0.10169564612602583,0.15800747594206505,-0.4113902989724733,0.20799900672042165,TRUE,post_treatment
Income_share_bottom50_WID,fraser_FreeTrade,5,-0.0055247329203700095,0.16352041329531117,-0.32602474297917994,0.31497527713843987,TRUE,post_treatment
Income_share_bottom50_WID,fraser_FreeTrade,6,-0.04386158978887897,0.21234206162852443,-0.4600520305807868,0.3723288510030289,TRUE,post_treatment
Income_share_bottom50_WID,fraser_FreeTrade,7,-0.05100856246425881,0.2340799990237087,-0.5098053605507279,0.4077882356222102,TRUE,post_treatment
Income_share_bottom50_WID,fraser_FreeTrade,8,-0.03345891099055671,0.24761446843723003,-0.5187832691275276,0.45186544714641413,TRUE,post_treatment
Income_share_bottom50_WID,fraser_FreeTrade,9,0.02008276533593008,0.34987519009908774,-0.6656726072582818,0.705838137930142,TRUE,post_treatment
Income_share_bottom50_WID,fraser_FreeTrade,10,-0.06840184802012314,0.3614520991591613,-0.7768479623720793,0.640044266331833,TRUE,post_treatment
Income_share_bottom50_WID,fraser_FreeTrade,11,-0.12004486394237321,0.3764661355572171,-0.8579184896345187,0.6178287617497722,TRUE,post_treatment
Income_share_bottom50_WID,fraser_FreeTrade,12,-0.14425646435140127,0.3670076529964079,-0.8635914642243607,0.5750785355215582,TRUE,post_treatment
Income_share_bottom50_WID,fraser_FreeTrade,13,-0.2982558282689226,0.35662676376964464,-0.997244285257426,0.4007326287195808,TRUE,post_treatment
Income_share_bottom50_WID,fraser_FreeTrade,14,-0.45059261995097843,0.4126775517769904,-1.2594406214338796,0.3582553815319227,TRUE,post_treatment
Income_share_bottom50_WID,fraser_FreeTrade,15,-0.2258904035486312,0.44788499522057124,-1.1037449941809507,0.6519641870836884,TRUE,post_treatment
Income_share_bottom50_WID,fraser_FreeTrade,16,-0.12877250143559785,0.4127672384851828,-0.9377962888665561,0.6802512859953604,TRUE,post_treatment
Income_share_bottom50_WID,fraser_FreeTrade,17,-0.09764677774171439,0.5322399418496494,-1.1408370637670273,0.9455435082835985,TRUE,post_treatment
Income_share_bottom50_WID,fraser_FreeTrade,18,0.03169522882181074,0.626098425614745,-1.1954576853830896,1.2588481430267109,TRUE,post_treatment
Income_share_bottom50_WID,fraser_FreeTrade,19,0.08550616682895132,0.7376530484162993,-1.3602938080669953,1.531306141724898,TRUE,post_treatment
Income_share_bottom50_WID,fraser_FreeTrade,20,0.04015038407443461,0.6680196703413689,-1.2691681697946484,1.3494689379435176,TRUE,post_treatment
Income_share_bottom50_WID,fraser_FreeTrade,21,-1.0689597533268425,1.8046170578752974,-4.606009186762425,2.46808968010874,TRUE,post_treatment
Income_share_bottom50_WID,fraser_LegalSystem,-23,0.04718701095461645,0.11278964317310826,-0.17388068966467574,0.2682547115739086,TRUE,pre_treatment
Income_share_bottom50_WID,fraser_LegalSystem,-22,-0.18309598330725013,0.19285069801129862,-0.5610833514093954,0.19489138479489515,TRUE,pre_treatment
Income_share_bottom50_WID,fraser_LegalSystem,-21,-0.12992859937402212,0.19387826192771565,-0.5099299927523449,0.25007279400430055,TRUE,pre_treatment
Income_share_bottom50_WID,fraser_LegalSystem,-20,0.14859154929577453,0.13914799744372613,-0.12413852569392866,0.4213216242854777,TRUE,pre_treatment
Income_share_bottom50_WID,fraser_LegalSystem,-19,-0.0015915982003134477,0.08816999996125582,-0.17440479812437487,0.17122160172374795,TRUE,pre_treatment
Income_share_bottom50_WID,fraser_LegalSystem,-18,-0.053738914971309976,0.0691005146458018,-0.1891759236770815,0.08169809373446155,TRUE,pre_treatment
Income_share_bottom50_WID,fraser_LegalSystem,-17,1.1824030603428638e-4,0.05795264288742712,-0.11346893975332285,0.11370542036539143,TRUE,pre_treatment
Income_share_bottom50_WID,fraser_LegalSystem,-16,-0.06404913275952022,0.0659165326234279,-0.1932455367014389,0.06514727118239848,TRUE,pre_treatment
Income_share_bottom50_WID,fraser_LegalSystem,-15,-0.10760837245696393,0.06228398772191546,-0.22968498839191823,0.014468243477990361,TRUE,pre_treatment
Income_share_bottom50_WID,fraser_LegalSystem,-14,-0.02823204660059116,0.112125917962399,-0.24799884580689321,0.19153475260571087,TRUE,pre_treatment
Income_share_bottom50_WID,fraser_LegalSystem,-13,-0.07297873097168898,0.06742126900313274,-0.20512441821782912,0.05916695627445116,TRUE,pre_treatment
Income_share_bottom50_WID,fraser_LegalSystem,-12,0.02490907668231659,0.06225929725224925,-0.09711914593209194,0.1469372992967251,TRUE,pre_treatment
Income_share_bottom50_WID,fraser_LegalSystem,-11,0.0522460052713941,0.07219042814304408,-0.08924723388897228,0.1937392444317605,TRUE,pre_treatment
Income_share_bottom50_WID,fraser_LegalSystem,-10,0.040216040688575955,0.051221058305050075,-0.060177233589322185,0.1406093149664741,TRUE,pre_treatment
Income_share_bottom50_WID,fraser_LegalSystem,-9,-0.0273403705710045,0.07222965635220802,-0.1689104970213322,0.11422975587932321,TRUE,pre_treatment
Income_share_bottom50_WID,fraser_LegalSystem,-8,0.015691198472888322,0.061338158191088746,-0.10453159158164563,0.13591398852742226,TRUE,pre_treatment
Income_share_bottom50_WID,fraser_LegalSystem,-7,0.021844439653795827,0.04955418305400757,-0.075281759132059,0.11897063843965067,TRUE,pre_treatment
Income_share_bottom50_WID,fraser_LegalSystem,-6,-0.028918473805797786,0.060322199267639244,-0.1471499843703707,0.08931303675877512,TRUE,pre_treatment
Income_share_bottom50_WID,fraser_LegalSystem,-5,0.14770346050275632,0.07270704991741503,0.005197642664622859,0.2902092783408898,FALSE,pre_treatment
Income_share_bottom50_WID,fraser_LegalSystem,-4,0.06667954926757745,0.05645052061654426,-0.043963471140849295,0.17732256967600418,TRUE,pre_treatment
Income_share_bottom50_WID,fraser_LegalSystem,-3,0.018386255974284147,0.06784327018179344,-0.11458655358203099,0.15135906553059927,TRUE,pre_treatment
Income_share_bottom50_WID,fraser_LegalSystem,-2,0.10353143636594338,0.04892833155958214,0.007631906509162373,0.19943096622272438,FALSE,pre_treatment
Income_share_bottom50_WID,fraser_LegalSystem,-1,-0.014113920258286472,0.05662563056443605,-0.12510015616458112,0.09687231564800818,TRUE,pre_treatment
Income_share_bottom50_WID,fraser_LegalSystem,0,1.5015015014989446e-4,0.05436054377831299,-0.10639651565534355,0.10669681595564334,TRUE,post_treatment
Income_share_bottom50_WID,fraser_LegalSystem,1,0.014474474474474225,0.10038217707926918,-0.18227459260089335,0.2112235415498418,TRUE,post_treatment
Income_share_bottom50_WID,fraser_LegalSystem,2,-0.015656924530163912,0.1166753707507921,-0.2443406512017164,0.2130268021413886,TRUE,post_treatment
Income_share_bottom50_WID,fraser_LegalSystem,3,-0.030333432023572998,0.14165700860955488,-0.3079811688983005,0.24731430485115455,TRUE,post_treatment
Income_share_bottom50_WID,fraser_LegalSystem,4,-0.007267570066866066,0.16153800741753677,-0.3238820646052381,0.30934692447150597,TRUE,post_treatment
Income_share_bottom50_WID,fraser_LegalSystem,5,-0.14514847055584568,0.2062393472890476,-0.5493775912423791,0.25908065013068765,TRUE,post_treatment
Income_share_bottom50_WID,fraser_LegalSystem,6,-0.19059456949380607,0.2255221775619511,-0.6326180375152302,0.25142889852761807,TRUE,post_treatment
Income_share_bottom50_WID,fraser_LegalSystem,7,-0.24501663668407134,0.22708658417349809,-0.6901063416641275,0.2000730682959849,TRUE,post_treatment
Income_share_bottom50_WID,fraser_LegalSystem,8,-0.22343507376513677,0.26438305378158755,-0.7416258591770484,0.2947557116467748,TRUE,post_treatment
Income_share_bottom50_WID,fraser_LegalSystem,9,-0.356884589125165,0.2729158284329418,-0.8917996128537309,0.1780304346034009,TRUE,post_treatment
Income_share_bottom50_WID,fraser_LegalSystem,10,-0.3411674759888306,0.2696264995948681,-0.869635415194772,0.18730046321711086,TRUE,post_treatment
Income_share_bottom50_WID,fraser_LegalSystem,11,-0.41071463856088286,0.2788676949940683,-0.9572953207492567,0.135866043627491,TRUE,post_treatment
Income_share_bottom50_WID,fraser_LegalSystem,12,-0.3429982761150235,0.30958640426293693,-0.9497876284703799,0.2637910762403329,TRUE,post_treatment
Income_share_bottom50_WID,fraser_LegalSystem,13,-0.30666792871926896,0.3071885267203308,-0.9087574410911173,0.2954215836525794,TRUE,post_treatment
Income_share_bottom50_WID,fraser_LegalSystem,14,-0.21685320725853235,0.2796267807206475,-0.7649216974710014,0.3312152829539367,TRUE,post_treatment
Income_share_bottom50_WID,fraser_LegalSystem,15,-0.23473034265021658,0.35727960264845343,-0.9349983638411854,0.4655376785407522,TRUE,post_treatment
Income_share_bottom50_WID,fraser_LegalSystem,16,-0.29744064462880754,0.35337731340445255,-0.9900601789015346,0.3951788896439195,TRUE,post_treatment
Income_share_bottom50_WID,fraser_LegalSystem,17,-0.09772040714230727,0.3533719891355599,-0.7903295058480047,0.5948886915633902,TRUE,post_treatment
Income_share_bottom50_WID,fraser_LegalSystem,18,-0.08178433394982686,0.5586719554725006,-1.176781366675928,1.0132126987762744,TRUE,post_treatment
Income_share_bottom50_WID,fraser_LegalSystem,19,-0.4317309272300467,0.6661329120766901,-1.7373514349003594,0.873889580440266,TRUE,post_treatment
Income_share_bottom50_WID,fraser_LegalSystem,20,-0.32410512218610765,0.6955053284263085,-1.6872955659016724,1.0390853215294569,TRUE,post_treatment
Income_share_bottom50_WID,fraser_LegalSystem,21,-0.17797926447574397,0.4868196872058386,-1.1321458513991876,0.7761873224476997,TRUE,post_treatment
Income_share_bottom50_WID,fraser_Regulation,-26,0.07445833333333313,0.0731706903538394,-0.06895621976019209,0.21787288642685834,TRUE,pre_treatment
Income_share_bottom50_WID,fraser_Regulation,-25,0.07037499999999997,0.055996032540183635,-0.03937722377875996,0.1801272237787599,TRUE,pre_treatment
Income_share_bottom50_WID,fraser_Regulation,-24,0.098875,0.06257971301673473,-0.023781237512800077,0.22153123751280007,TRUE,pre_treatment
Income_share_bottom50_WID,fraser_Regulation,-23,-0.008250000000000689,0.0659433667999695,-0.1374989989279409,0.12099899892793951,TRUE,pre_treatment
Income_share_bottom50_WID,fraser_Regulation,-22,0.09487037037037031,0.05218991995358169,-0.00742187273864979,0.1971626134793904,TRUE,pre_treatment
Income_share_bottom50_WID,fraser_Regulation,-21,0.06075077160493769,0.09427772419170337,-0.12403356781080091,0.2455351110206763,TRUE,pre_treatment
Income_share_bottom50_WID,fraser_Regulation,-20,0.120655202821869,0.08488646083278083,-0.04572226041038141,0.2870326660541194,TRUE,pre_treatment
Income_share_bottom50_WID,fraser_Regulation,-19,0.1452141203703704,0.08832564742860526,-0.027904148589695893,0.3183323893304367,TRUE,pre_treatment
Income_share_bottom50_WID,fraser_Regulation,-18,-0.024817620650953838,0.07586123365877827,-0.17350563862215923,0.12387039732025157,TRUE,pre_treatment
Income_share_bottom50_WID,fraser_Regulation,-17,-0.11120085470085515,0.14038241550105246,-0.38635038908291797,0.16394867968120763,TRUE,pre_treatment
Income_share_bottom50_WID,fraser_Regulation,-16,-0.7874327160493831,1.176883540370979,-3.094124455176502,1.5192590230777356,TRUE,pre_treatment
Income_share_bottom50_WID,fraser_Regulation,-15,0.06346662808642055,0.08112073451431859,-0.09553001156164388,0.222463267734485,TRUE,pre_treatment
Income_share_bottom50_WID,fraser_Regulation,-14,-0.03209564751826705,0.14865174315904317,-0.32345306410999164,0.25926176907345755,TRUE,pre_treatment
Income_share_bottom50_WID,fraser_Regulation,-13,0.11437725765889321,0.13113285992838994,-0.14264314780075105,0.3713976631185375,TRUE,pre_treatment
Income_share_bottom50_WID,fraser_Regulation,-12,0.299313161375662,0.287991783600544,-0.26515073448140425,0.8637770572327282,TRUE,pre_treatment
Income_share_bottom50_WID,fraser_Regulation,-11,0.009934502125075897,0.06867374915815727,-0.12466604622491236,0.14453505047506415,TRUE,pre_treatment
Income_share_bottom50_WID,fraser_Regulation,-10,0.13003117766203695,0.07006142996975645,-0.007289225078685679,0.2673515804027596,TRUE,pre_treatment
Income_share_bottom50_WID,fraser_Regulation,-9,-0.09074901620370379,0.07777676133775142,-0.24319146842569658,0.061693436018289,TRUE,pre_treatment
Income_share_bottom50_WID,fraser_Regulation,-8,0.08979069107421597,0.0515251216040394,-0.01119854726970125,0.1907799294181332,TRUE,pre_treatment
Income_share_bottom50_WID,fraser_Regulation,-7,-0.018300051440329174,0.05755306908440438,-0.13110406684576176,0.09450396396510341,TRUE,pre_treatment
Income_share_bottom50_WID,fraser_Regulation,-6,0.10876809616634142,0.0713241447571824,-0.031027227557736098,0.24856341989041894,TRUE,pre_treatment
Income_share_bottom50_WID,fraser_Regulation,-5,0.09870019777058628,0.0688859550890642,-0.03631627420397954,0.2337166697451521,TRUE,pre_treatment
Income_share_bottom50_WID,fraser_Regulation,-4,0.06228428023492771,0.05652287358737198,-0.04850055199632137,0.1730691124661768,TRUE,pre_treatment
Income_share_bottom50_WID,fraser_Regulation,-3,0.08335651144672168,0.06705599463943653,-0.0480732380465739,0.21478626094001727,TRUE,pre_treatment
Income_share_bottom50_WID,fraser_Regulation,-2,0.09605817751408367,0.04897149381120607,7.404964411977799e-5,0.19204230538404757,FALSE,pre_treatment
Income_share_bottom50_WID,fraser_Regulation,-1,0.07955118063046877,0.06966920831585066,-0.05700046766859852,0.21610282892953608,TRUE,pre_treatment
Income_share_bottom50_WID,fraser_Regulation,0,0.15500473450797078,0.057815652602415064,0.04168605540723726,0.2683234136087043,FALSE,post_treatment
Income_share_bottom50_WID,fraser_Regulation,1,0.2184047446138948,0.08287804046457548,0.05596378530332688,0.3808457039244627,FALSE,post_treatment
Income_share_bottom50_WID,fraser_Regulation,2,0.21560396998305492,0.11799940711816866,-0.015674867968555634,0.4468828079346655,TRUE,post_treatment
Income_share_bottom50_WID,fraser_Regulation,3,0.17355513192931477,0.1403077786592335,-0.10144811424278288,0.4485583781014124,TRUE,post_treatment
Income_share_bottom50_WID,fraser_Regulation,4,0.18711413701282978,0.1561187537532389,-0.11887862034351845,0.493106894369178,TRUE,post_treatment
Income_share_bottom50_WID,fraser_Regulation,5,0.18129574624129097,0.2006763283741221,-0.21202985737198837,0.5746213498545703,TRUE,post_treatment
Income_share_bottom50_WID,fraser_Regulation,6,0.2971820669466717,0.19602457787706376,-0.08702610569237323,0.6813902395857167,TRUE,post_treatment
Income_share_bottom50_WID,fraser_Regulation,7,0.4246842206790123,0.21986285307316594,-0.006246971344392949,0.8556154127024176,TRUE,post_treatment
Income_share_bottom50_WID,fraser_Regulation,8,0.47322625081221575,0.21866275801134552,0.04464724510997853,0.901805256514453,FALSE,post_treatment
Income_share_bottom50_WID,fraser_Regulation,9,0.5300776972624797,0.27165976570078665,-0.002375443511062114,1.0625308380360214,TRUE,post_treatment
Income_share_bottom50_WID,fraser_Regulation,10,0.4989707133058982,0.281790195945932,-0.05333807074812852,1.0512794973599249,TRUE,post_treatment
Income_share_bottom50_WID,fraser_Regulation,11,0.5488635662177326,0.23465293051309608,0.08894382241206428,1.008783310023401,FALSE,post_treatment
Income_share_bottom50_WID,fraser_Regulation,12,0.45669270611607765,0.2692853521644742,-0.07110658412629173,0.9844919963584471,TRUE,post_treatment
Income_share_bottom50_WID,fraser_Regulation,13,0.770347508001829,0.38935696728001806,0.007207852132993686,1.5334871638706644,FALSE,post_treatment
Income_share_bottom50_WID,fraser_Regulation,14,0.7583916603678508,0.4058569841689468,-0.03708802860328486,1.5538713493389864,TRUE,post_treatment
Income_share_bottom50_WID,fraser_Regulation,15,0.7529504859469397,0.4202339321406672,-0.07070802104876794,1.5766089929426474,TRUE,post_treatment
Income_share_bottom50_WID,fraser_Regulation,16,0.6390537918871254,0.4230171421325373,-0.19005980669264777,1.4681673904668986,TRUE,post_treatment
Income_share_bottom50_WID,fraser_Regulation,17,0.7037510288065846,0.47572576419251134,-0.22867146901073765,1.6361735266239068,TRUE,post_treatment
Income_share_bottom50_WID,fraser_Regulation,18,0.9042869028448739,0.5893243079264677,-0.25078874069100277,2.0593625463807506,TRUE,post_treatment
Income_share_bottom50_WID,fraser_Regulation,19,1.0362449845679016,0.6663760667388912,-0.26985210624032496,2.342342075376128,TRUE,post_treatment
Income_share_bottom50_WID,fraser_Regulation,20,0.4636324786324788,0.8668458653038676,-1.2353854173631018,2.1626503746280594,TRUE,post_treatment
Income_share_bottom50_WID,fraser_Regulation,21,1.269592592592593,0.7043865172389027,-0.11100498119565616,2.6501901663808423,TRUE,post_treatment
Income_share_bottom50_WID,fraser_SizeGov,-25,0.6575942915392462,0.06322796232667068,0.5336674853789717,0.7815210976995207,FALSE,pre_treatment
Income_share_bottom50_WID,fraser_SizeGov,-24,0.6456481481481501,0.053425286219142935,0.54093458715863,0.7503617091376702,FALSE,pre_treatment
Income_share_bottom50_WID,fraser_SizeGov,-23,0.1882407407407399,0.0636321584881763,0.06352171010391436,0.3129597713775655,FALSE,pre_treatment
Income_share_bottom50_WID,fraser_SizeGov,-22,0.01472307169555054,0.051846320558323784,-0.08689571659876408,0.11634185998986515,TRUE,pre_treatment
Income_share_bottom50_WID,fraser_SizeGov,-21,-0.7342510476837706,0.32423833860755846,-1.369758191354585,-0.09874390401295596,FALSE,pre_treatment
Income_share_bottom50_WID,fraser_SizeGov,-20,-0.12761569826707567,0.4615237238491872,-1.0322021970114825,0.7769708004773312,TRUE,pre_treatment
Income_share_bottom50_WID,fraser_SizeGov,-19,0.21214540556283637,0.12752346261749847,-0.03780058116746063,0.46209139229313334,TRUE,pre_treatment
Income_share_bottom50_WID,fraser_SizeGov,-18,0.1959677624872587,0.1943799724511154,-0.1850169835169275,0.5769525084914449,TRUE,pre_treatment
Income_share_bottom50_WID,fraser_SizeGov,-17,0.04441157636111775,0.1711924244586903,-0.2911255755779152,0.3799487283001507,TRUE,pre_treatment
Income_share_bottom50_WID,fraser_SizeGov,-16,0.186893825827987,0.11846058977185289,-0.04528893012484467,0.41907658178081864,TRUE,pre_treatment
Income_share_bottom50_WID,fraser_SizeGov,-15,-0.15095887654917106,0.2719468844967602,-0.683974770162821,0.3820570170644789,TRUE,pre_treatment
Income_share_bottom50_WID,fraser_SizeGov,-14,-0.1457037886510365,0.12717932455837141,-0.3949752647854445,0.10356768748337147,TRUE,pre_treatment
Income_share_bottom50_WID,fraser_SizeGov,-13,0.005593510023784901,0.08035785057454194,-0.1519078771023173,0.16309489714988712,TRUE,pre_treatment
Income_share_bottom50_WID,fraser_SizeGov,-12,0.006197692046315952,0.07897878172301384,-0.14860072013079118,0.1609961042234231,TRUE,pre_treatment
Income_share_bottom50_WID,fraser_SizeGov,-11,0.14692881413523606,0.1962892119766607,-0.23779804133901888,0.531655669609491,TRUE,pre_treatment
Income_share_bottom50_WID,fraser_SizeGov,-10,0.04187260327168578,0.07565903202388852,-0.10641909949513571,0.19016430603850726,TRUE,pre_treatment
Income_share_bottom50_WID,fraser_SizeGov,-9,-0.11061172438941504,0.14850644158698864,-0.40168434989991275,0.1804609011210827,TRUE,pre_treatment
Income_share_bottom50_WID,fraser_SizeGov,-8,0.10259063880394151,0.10269932671827063,-0.09870004156386891,0.30388131917175193,TRUE,pre_treatment
Income_share_bottom50_WID,fraser_SizeGov,-7,0.10827266677992989,0.05849414574720469,-0.006375858884591301,0.22292119244445108,TRUE,pre_treatment
Income_share_bottom50_WID,fraser_SizeGov,-6,0.046808567324622345,0.06307204142245094,-0.0768126338633815,0.1704297685126262,TRUE,pre_treatment
Income_share_bottom50_WID,fraser_SizeGov,-5,0.06640511949258109,0.04304941492124726,-0.017971733753063546,0.15078197273822572,TRUE,pre_treatment
Income_share_bottom50_WID,fraser_SizeGov,-4,-0.017512277721145993,0.051256358274420946,-0.11797473993901104,0.08295018449671905,TRUE,pre_treatment
Income_share_bottom50_WID,fraser_SizeGov,-3,0.010030592366066283,0.049037067646605634,-0.08608206022128076,0.10614324495341332,TRUE,pre_treatment
Income_share_bottom50_WID,fraser_SizeGov,-2,0.027753584777437994,0.05321287110039793,-0.07654364257934193,0.13205081213421793,TRUE,pre_treatment
Income_share_bottom50_WID,fraser_SizeGov,-1,0.11500897043832829,0.056367177505454405,0.004529302527637655,0.22548863834901894,FALSE,pre_treatment
Income_share_bottom50_WID,fraser_SizeGov,0,0.012396613433004772,0.058837197762236775,-0.1029242941809793,0.12771752104698886,TRUE,post_treatment
Income_share_bottom50_WID,fraser_SizeGov,1,0.09521250424736667,0.09541717180713195,-0.09180515249461195,0.2822301609893453,TRUE,post_treatment
Income_share_bottom50_WID,fraser_SizeGov,2,0.23311678651128184,0.1282028939363009,-0.018160885603867943,0.4843944586264316,TRUE,post_treatment
Income_share_bottom50_WID,fraser_SizeGov,3,0.27967918606680053,0.1373707205646857,0.010432573760016606,0.5489257983735845,FALSE,post_treatment
Income_share_bottom50_WID,fraser_SizeGov,4,0.43211933263538743,0.15849960470003852,0.12146010742331192,0.7427785578474629,FALSE,post_treatment
Income_share_bottom50_WID,fraser_SizeGov,5,0.5159025828643776,0.17683229066995212,0.16931129315127147,0.8624938725774838,FALSE,post_treatment
Income_share_bottom50_WID,fraser_SizeGov,6,0.5135778636689694,0.21904826806988514,0.08424325825199452,0.9429124690859443,FALSE,post_treatment
Income_share_bottom50_WID,fraser_SizeGov,7,0.7361922358137953,0.24610536614747677,0.25382571816474087,1.2185587534628497,FALSE,post_treatment
Income_share_bottom50_WID,fraser_SizeGov,8,0.8362498376006874,0.24767705897562134,0.3508028020084696,1.3216968731929053,FALSE,post_treatment
Income_share_bottom50_WID,fraser_SizeGov,9,0.8779282993797575,0.24280157167310623,0.4020372189004693,1.3538193798590457,FALSE,post_treatment
Income_share_bottom50_WID,fraser_SizeGov,10,1.0079732936547083,0.2678319394845058,0.483022692265077,1.5329238950443398,FALSE,post_treatment
Income_share_bottom50_WID,fraser_SizeGov,11,0.9109958903066304,0.29084301318057915,0.34094358447269535,1.4810481961405655,FALSE,post_treatment
Income_share_bottom50_WID,fraser_SizeGov,12,0.9157263148633558,0.33134935196709997,0.2662815850078398,1.5651710447188716,FALSE,post_treatment
Income_share_bottom50_WID,fraser_SizeGov,13,1.0167754159088027,0.3728603366353,0.28596915610361473,1.7475816757139908,FALSE,post_treatment
Income_share_bottom50_WID,fraser_SizeGov,14,1.0127837580699963,0.35869265560519775,0.3097461530838087,1.7158213630561838,FALSE,post_treatment
Income_share_bottom50_WID,fraser_SizeGov,15,0.9659278155706724,0.35578484827968376,0.2685895129424922,1.6632661181988526,FALSE,post_treatment
Income_share_bottom50_WID,fraser_SizeGov,16,1.1010693170234453,0.4208415167892724,0.27621994411647144,1.9259186899304193,FALSE,post_treatment
Income_share_bottom50_WID,fraser_SizeGov,17,1.4608954510703362,0.39404130362351997,0.6885744959682372,2.2332164061724353,FALSE,post_treatment
Income_share_bottom50_WID,fraser_SizeGov,18,1.7824455337690635,0.4077971193505534,0.9831631798419788,2.581727887696148,FALSE,post_treatment
Income_share_bottom50_WID,fraser_SizeGov,19,2.271404077471968,0.5437452039683467,1.2056634776940085,3.3371446772499276,FALSE,post_treatment
Income_share_bottom50_WID,fraser_SizeGov,20,1.7309505606523956,0.6709981984496308,0.41579409169111914,3.046107029613672,FALSE,post_treatment
Income_share_bottom50_WID,fraser_SizeGov,21,1.23914373088685,0.9213447436141713,-0.5666919665969257,3.0449794283706257,TRUE,post_treatment
Income_share_bottom50_WID,fraser_SoundMoney,-24,0.036447230929989284,0.07549873913732331,-0.11153029777916443,0.18442475963914298,TRUE,pre_treatment
Income_share_bottom50_WID,fraser_SoundMoney,-23,0.04966039707419018,0.051329046791103936,-0.05094453463637354,0.1502653287847539,TRUE,pre_treatment
Income_share_bottom50_WID,fraser_SoundMoney,-22,-0.11291327063740816,0.18781529091065222,-0.48103124082228654,0.25520469954747016,TRUE,pre_treatment
Income_share_bottom50_WID,fraser_SoundMoney,-21,-0.1695576454197145,0.2333085899435696,-0.6268424817091109,0.2877271908696819,TRUE,pre_treatment
Income_share_bottom50_WID,fraser_SoundMoney,-20,-0.16768794264483924,0.126699553091776,-0.4160190667047202,0.0806431814150417,TRUE,pre_treatment
Income_share_bottom50_WID,fraser_SoundMoney,-19,-0.061979928596307396,0.10199540301646709,-0.26189091850858287,0.1379310613159681,TRUE,pre_treatment
Income_share_bottom50_WID,fraser_SoundMoney,-18,0.17575681382793415,0.164589552875759,-0.14683870980855349,0.49835233746442176,TRUE,pre_treatment
Income_share_bottom50_WID,fraser_SoundMoney,-17,0.07528561476837317,0.07458903321560882,-0.07090889033422013,0.22148011987096647,TRUE,pre_treatment
Income_share_bottom50_WID,fraser_SoundMoney,-16,0.04827142110762794,0.17435754332484682,-0.2934693638090718,0.3900122060243277,TRUE,pre_treatment
Income_share_bottom50_WID,fraser_SoundMoney,-15,0.22260088204560832,0.1289543308435428,-0.030149606407735535,0.47535137049895215,TRUE,pre_treatment
Income_share_bottom50_WID,fraser_SoundMoney,-14,-0.23681911479325277,0.1682438869601968,-0.5665771332352385,0.09293890364873295,TRUE,pre_treatment
Income_share_bottom50_WID,fraser_SoundMoney,-13,-0.052368196067255735,0.10825536953361131,-0.2645487203531339,0.15981232821862243,TRUE,pre_treatment
Income_share_bottom50_WID,fraser_SoundMoney,-12,0.08745436105476646,0.12288173821640534,-0.15339384584938798,0.32830256795892093,TRUE,pre_treatment
Income_share_bottom50_WID,fraser_SoundMoney,-11,0.06855202773306218,0.08987133567830051,-0.1075957901964068,0.24469984566253117,TRUE,pre_treatment
Income_share_bottom50_WID,fraser_SoundMoney,-10,-0.16025992685475435,0.3649135857603285,-0.8754905549449982,0.5549707012354895,TRUE,pre_treatment
Income_share_bottom50_WID,fraser_SoundMoney,-9,0.08236267455115394,0.05678625249139542,-0.02893838033198108,0.19366372943428894,TRUE,pre_treatment
Income_share_bottom50_WID,fraser_SoundMoney,-8,-0.015518524220032859,0.11702282866837344,-0.2448832684100448,0.21384621996997907,TRUE,pre_treatment
Income_share_bottom50_WID,fraser_SoundMoney,-7,0.12073079937304075,0.08091270458456755,-0.03785810161271165,0.27931970035879317,TRUE,pre_treatment
Income_share_bottom50_WID,fraser_SoundMoney,-6,0.23840632591024444,0.20721204876135377,-0.16772928966200892,0.6445419414824978,TRUE,pre_treatment
Income_share_bottom50_WID,fraser_SoundMoney,-5,0.07229806143329827,0.07517329153896116,-0.075041589983065607,0.21963771284966216,TRUE,pre_treatment
Income_share_bottom50_WID,fraser_SoundMoney,-4,0.03975350215517243,0.05035443349621691,-0.058941187497412714,0.13844819180775758,TRUE,pre_treatment
Income_share_bottom50_WID,fraser_SoundMoney,-3,0.07801792167363292,0.07385882264166926,-0.06674537070403883,0.22278121405130466,TRUE,pre_treatment
Income_share_bottom50_WID,fraser_SoundMoney,-2,0.07723501175548596,0.08373906634182747,-0.0868935582744959,0.2413635817854678,TRUE,pre_treatment
Income_share_bottom50_WID,fraser_SoundMoney,-1,0.14832285680076623,0.04701576696789001,0.056171953543701816,0.24047376005783067,FALSE,pre_treatment
Income_share_bottom50_WID,fraser_SoundMoney,0,0.1111505681818181,0.05860776283385898,-0.0037206469725455105,0.2260217833361817,TRUE,post_treatment
Income_share_bottom50_WID,fraser_SoundMoney,1,0.18451662367206523,0.09599218474974097,-0.003628058437427084,0.37266130578155754,TRUE,post_treatment
Income_share_bottom50_WID,fraser_SoundMoney,2,0.19554367761668381,0.11750116866103825,-0.03475861295895116,0.4258459681923188,TRUE,post_treatment
Income_share_bottom50_WID,fraser_SoundMoney,3,0.19689184952978042,0.14232393409956734,-0.08206306130537158,0.47584676036493245,TRUE,post_treatment
Income_share_bottom50_WID,fraser_SoundMoney,4,0.3132792664354475,0.1588390371680697,0.0019547535860308662,0.6246037792848642,FALSE,post_treatment
Income_share_bottom50_WID,fraser_SoundMoney,5,0.2986233593992215,0.20130628647116702,-0.09593696208426583,0.6931836808827089,TRUE,post_treatment
Income_share_bottom50_WID,fraser_SoundMoney,6,0.36445567746429786,0.20122154394808617,-0.029938548673951015,0.7588499036025467,TRUE,post_treatment
Income_share_bottom50_WID,fraser_SoundMoney,7,0.37314781284906107,0.2475207111749338,-0.11199278105380917,0.8582884067519313,TRUE,post_treatment
Income_share_bottom50_WID,fraser_SoundMoney,8,0.5079923309449171,0.25393445193921027,0.010280805144065042,1.0057038567457692,FALSE,post_treatment
Income_share_bottom50_WID,fraser_SoundMoney,9,0.4759929187192118,0.32466791846794313,-0.1603562014779567,1.1123420389163803,TRUE,post_treatment
Income_share_bottom50_WID,fraser_SoundMoney,10,0.45647487002850967,0.3136786313342665,-0.15833524738665267,1.071284987443672,TRUE,post_treatment
Income_share_bottom50_WID,fraser_SoundMoney,11,0.4202046647832087,0.26977407016079824,-0.10855251273195576,0.9489618422983732,TRUE,post_treatment
Income_share_bottom50_WID,fraser_SoundMoney,12,0.43650941430895607,0.33697949770083035,-0.22397040118467137,1.0969892298025834,TRUE,post_treatment
Income_share_bottom50_WID,fraser_SoundMoney,13,0.28439167537443394,0.29345446543937476,-0.2907790768867406,0.8595624276356084,TRUE,post_treatment
Income_share_bottom50_WID,fraser_SoundMoney,14,0.21546281783350746,0.3366873120844676,-0.444444313852049,0.8753699495190639,TRUE,post_treatment
Income_share_bottom50_WID,fraser_SoundMoney,15,0.22316513297603363,0.37609279882688007,-0.5139767527246513,0.9603070186767186,TRUE,post_treatment
Income_share_bottom50_WID,fraser_SoundMoney,16,0.09182307440270639,0.38458633936763803,-0.6619661507578641,0.845612299563277,TRUE,post_treatment
Income_share_bottom50_WID,fraser_SoundMoney,17,0.08866547245857578,0.3590883878823359,-0.6151477677908025,0.7924787127079541,TRUE,post_treatment
Income_share_bottom50_WID,fraser_SoundMoney,18,-0.015869730126196052,0.35856473977070785,-0.7186566200767834,0.6869171598243913,TRUE,post_treatment
Income_share_bottom50_WID,fraser_SoundMoney,19,-0.29182213296760734,0.4434819454908835,-1.161046746129739,0.5774024801945243,TRUE,post_treatment
Income_share_bottom50_WID,fraser_SoundMoney,20,-0.475466096852142,0.3839205803608697,-1.2279504343594465,0.2770182406551626,TRUE,post_treatment
Income_share_bottom50_WID,fraser_SoundMoney,21,-0.7668872710773802,0.5931448552595895,-1.9294511873861755,0.3956766452314151,TRUE,post_treatment
Income_share_bottom50_WID,heritage_Business.Freedom,-26,-0.10465384615384783,0.18931062612286675,-0.47570267335466665,0.266394981046971,TRUE,pre_treatment
Income_share_bottom50_WID,heritage_Business.Freedom,-25,-0.1850615384615377,0.19694168501504675,-0.5710672410910294,0.20094416416795394,TRUE,pre_treatment
Income_share_bottom50_WID,heritage_Business.Freedom,-24,-0.1839887179487183,0.17315282223240433,-0.5233682495242308,0.1553908136267942,TRUE,pre_treatment
Income_share_bottom50_WID,heritage_Business.Freedom,-23,0.019430288461538697,0.14871727072049015,-0.272055562150622,0.3109161390736994,TRUE,pre_treatment
Income_share_bottom50_WID,heritage_Business.Freedom,-22,0.12849829059829043,0.16599405013804364,-0.1968500476722751,0.45384662886885596,TRUE,pre_treatment
Income_share_bottom50_WID,heritage_Business.Freedom,-21,0.18304129554655887,0.1938341155766767,-0.19687357098372746,0.5629561620768452,TRUE,pre_treatment
Income_share_bottom50_WID,heritage_Business.Freedom,-20,0.26303531468531444,0.20187914630219617,-0.13264781206699006,0.6587184414376189,TRUE,pre_treatment
Income_share_bottom50_WID,heritage_Business.Freedom,-19,0.03125669515669558,0.09497425221221786,-0.15489283917925142,0.21740622949264257,TRUE,pre_treatment
Income_share_bottom50_WID,heritage_Business.Freedom,-18,-0.028911538461538794,0.1064506928926987,-0.23755489653122824,0.17973181960815066,TRUE,pre_treatment
Income_share_bottom50_WID,heritage_Business.Freedom,-17,0.0321487179487179,0.09057378159590082,-0.1453758939792477,0.2096733298766835,TRUE,pre_treatment
Income_share_bottom50_WID,heritage_Business.Freedom,-16,-0.07752538461538455,0.15380240080631397,-0.3789780901957599,0.2239273209649908,TRUE,pre_treatment
Income_share_bottom50_WID,heritage_Business.Freedom,-15,0.1652013133208255,0.14148499627759425,-0.11210927938325926,0.44251190602491025,TRUE,pre_treatment
Income_share_bottom50_WID,heritage_Business.Freedom,-14,0.053378396072013036,0.08821675169019913,-0.11952643724077727,0.22628322938480333,TRUE,pre_treatment
Income_share_bottom50_WID,heritage_Business.Freedom,-13,0.1074928475033737,0.08909478351244272,-0.06713292818101402,0.28211862318776143,TRUE,pre_treatment
Income_share_bottom50_WID,heritage_Business.Freedom,-12,-0.06636254728877668,0.06219693531926827,-0.1882685405145425,0.055543445936989136,TRUE,pre_treatment
Income_share_bottom50_WID,heritage_Business.Freedom,-11,0.03762006688963228,0.08229406127144122,-0.1236762932023925,0.19891642698165707,TRUE,pre_treatment
Income_share_bottom50_WID,heritage_Business.Freedom,-10,-0.10389245562130205,0.06788903969461098,-0.23695497342273958,0.029170062180135473,TRUE,pre_treatment
Income_share_bottom50_WID,heritage_Business.Freedom,-9,-0.07781508875739655,0.05680310429974195,-0.18914917318489077,0.033518995670097654,TRUE,pre_treatment
Income_share_bottom50_WID,heritage_Business.Freedom,-8,-0.02072571428571408,0.050466514301971487,-0.1196400823175782,0.07818865374615003,TRUE,pre_treatment
Income_share_bottom50_WID,heritage_Business.Freedom,-7,0.04604690934065941,0.04968857581433004,-0.05134269925542747,0.14343651793674628,TRUE,pre_treatment
Income_share_bottom50_WID,heritage_Business.Freedom,-6,0.03869048582995915,0.07937077384177375,-0.11687623089991739,0.1942572025598357,TRUE,pre_treatment
Income_share_bottom50_WID,heritage_Business.Freedom,-5,0.013398565840939172,0.0622789707688417,-0.10866821686599057,0.1354653485478689,TRUE,pre_treatment
Income_share_bottom50_WID,heritage_Business.Freedom,-4,0.028149450549450356,0.04983167802845813,-0.06952063838632758,0.12581953948522828,TRUE,pre_treatment
Income_share_bottom50_WID,heritage_Business.Freedom,-3,-0.02663360655737691,0.054329591883859205,-0.13311960664974096,0.07985239353498713,TRUE,pre_treatment
Income_share_bottom50_WID,heritage_Business.Freedom,-2,0.02662202233250578,0.056976179069373536,-0.08505128864346635,0.1382953333084779,TRUE,pre_treatment
Income_share_bottom50_WID,heritage_Business.Freedom,-1,0.02067064004697632,0.056020527266854914,-0.08912959339605932,0.13047087349001196,TRUE,pre_treatment
Income_share_bottom50_WID,heritage_Business.Freedom,0,0.07295475684446251,0.05768824261059805,-0.04011419867230967,0.1860237123612347,TRUE,post_treatment
Income_share_bottom50_WID,heritage_Business.Freedom,1,0.07980769230769205,0.08931238082999557,-0.09524457411909926,0.25485995873448336,TRUE,post_treatment
Income_share_bottom50_WID,heritage_Business.Freedom,2,0.1898009708860915,0.10713469337268464,-0.020183028124370395,0.3997849698965534,TRUE,post_treatment
Income_share_bottom50_WID,heritage_Business.Freedom,3,0.25972435961892953,0.1412457018498891,-0.01711721600685312,0.5365659352447122,TRUE,post_treatment
Income_share_bottom50_WID,heritage_Business.Freedom,4,0.2304167121755861,0.17785719045742635,-0.11818338112096952,0.5790168054721417,TRUE,post_treatment
Income_share_bottom50_WID,heritage_Business.Freedom,5,0.2797880910798866,0.20660578227771842,-0.12515924218444147,0.6847354243442147,TRUE,post_treatment
Income_share_bottom50_WID,heritage_Business.Freedom,6,0.26466191486805735,0.21570198617997258,-0.1581139780446889,0.6874378077808037,TRUE,post_treatment
Income_share_bottom50_WID,heritage_Business.Freedom,7,0.3055250034279443,0.24528827211888904,-0.1752400099250782,0.7862900167809668,TRUE,post_treatment
Income_share_bottom50_WID,heritage_Business.Freedom,8,0.1439437764849527,0.30200270544997865,-0.4479815261970054,0.7358690791669108,TRUE,post_treatment
Income_share_bottom50_WID,heritage_Business.Freedom,9,0.11361034690799378,0.2797762927979501,-0.43475118697598836,0.6619718807919759,TRUE,post_treatment
Income_share_bottom50_WID,heritage_Business.Freedom,10,0.0649072702896229,0.27511943753967466,-0.4743268272881394,0.6041413678673853,TRUE,post_treatment
Income_share_bottom50_WID,heritage_Business.Freedom,11,-0.03130146239097662,0.3275652073520064,-0.6733292688009092,0.6107263440189559,TRUE,post_treatment
Income_share_bottom50_WID,heritage_Business.Freedom,12,0.01546551638406801,0.33121709539818145,-0.6337199905963676,0.6646510233645037,TRUE,post_treatment
Income_share_bottom50_WID,heritage_Business.Freedom,13,0.12033304054653483,0.41567824051452157,-0.6943963108619274,0.9350623919549971,TRUE,post_treatment
Income_share_bottom50_WID,heritage_Business.Freedom,14,0.21332646556058296,0.439849441618619,-0.6487784400119102,1.075431371133076,TRUE,post_treatment
Income_share_bottom50_WID,heritage_Business.Freedom,15,0.09843240286363705,0.3861212837650191,-0.6583653133158003,0.8552301190430744,TRUE,post_treatment
Income_share_bottom50_WID,heritage_Business.Freedom,16,0.08163526778232635,0.42268001839880215,-0.7468175682793259,0.9100881038439785,TRUE,post_treatment
Income_share_bottom50_WID,heritage_Business.Freedom,17,0.6642403846153846,0.6722000894661451,-0.6532717907382597,1.9817525599690289,TRUE,post_treatment
Income_share_bottom50_WID,heritage_Business.Freedom,18,0.6050575576384398,0.736058728834343,-0.8376175508768724,2.047732666153752,TRUE,post_treatment
Income_share_bottom50_WID,heritage_Business.Freedom,19,0.554802441204402,0.7739570715749844,-0.9621534190825672,2.0717583014913714,TRUE,post_treatment
Income_share_bottom50_WID,heritage_Business.Freedom,20,0.7217053921568629,0.7968236330731414,-0.8400689286664943,2.28347971298022,TRUE,post_treatment
Income_share_bottom50_WID,heritage_Business.Freedom,21,0.5225354868443104,0.8760557979931123,-1.1945338772221896,2.23960485091081,TRUE,post_treatment
Income_share_bottom50_WID,heritage_Business.Freedom,22,0.41218929110105545,0.9171681530420789,-1.3854602888614191,2.20983887106353,TRUE,post_treatment
Income_share_bottom50_WID,heritage_Business.Freedom,23,0.4089387747998606,0.9589854537173902,-1.470672714486224,2.2885502640859454,TRUE,post_treatment
Income_share_bottom50_WID,heritage_Business.Freedom,24,1.2896615535444946,1.0633488933147406,-0.7945022773523969,3.3738253844413864,TRUE,post_treatment
Income_share_bottom50_WID,heritage_Business.Freedom,25,1.5029390082956262,1.1537978100792836,-0.7585046994597697,3.7643827160510224,TRUE,post_treatment
Income_share_bottom50_WID,heritage_Business.Freedom,26,4.852688536953243,0.47061041639335843,3.9302921208222608,5.775084953084226,FALSE,post_treatment
Income_share_bottom50_WID,heritage_Financial.Freedom,-25,0.06495014245014358,0.1348264294681168,-0.19930965930736533,0.3292099442076525,TRUE,pre_treatment
Income_share_bottom50_WID,heritage_Financial.Freedom,-24,-0.019615384615383064,0.08038072678732272,-0.1771616091185356,0.13793083988776947,TRUE,pre_treatment
Income_share_bottom50_WID,heritage_Financial.Freedom,-23,0.09057692307692247,0.08003529801600026,-0.06629226103443803,0.24744610718828297,TRUE,pre_treatment
Income_share_bottom50_WID,heritage_Financial.Freedom,-22,0.04060778727445449,0.12661722312124146,-0.20756197004317878,0.28877754459208776,TRUE,pre_treatment
Income_share_bottom50_WID,heritage_Financial.Freedom,-21,0.09215633903133881,0.09231557965281632,-0.08878219708818118,0.2730948751508588,TRUE,pre_treatment
Income_share_bottom50_WID,heritage_Financial.Freedom,-20,-0.23405033238366577,0.3463393498545831,-0.9128754580986487,0.4447747933313171,TRUE,pre_treatment
Income_share_bottom50_WID,heritage_Financial.Freedom,-19,0.19558760683760668,0.2617616651252866,-0.317465256807955,0.7086404704831684,TRUE,pre_treatment
Income_share_bottom50_WID,heritage_Financial.Freedom,-18,0.09967541717541767,0.08467192272849479,-0.06628155137243211,0.2656323857232674,TRUE,pre_treatment
Income_share_bottom50_WID,heritage_Financial.Freedom,-17,-0.08795673076923088,0.07262552341438458,-0.23030275666142466,0.054389295122962894,TRUE,pre_treatment
Income_share_bottom50_WID,heritage_Financial.Freedom,-16,-0.09331997863247878,0.11116410030586298,-0.3112016152319702,0.12456165796701264,TRUE,pre_treatment
Income_share_bottom50_WID,heritage_Financial.Freedom,-15,-0.1208594491927824,0.21181599194531875,-0.5360187934056071,0.29429989502004233,TRUE,pre_treatment
Income_share_bottom50_WID,heritage_Financial.Freedom,-14,0.24660810383032525,0.3439728732444076,-0.42757872772871364,0.9207949353893642,TRUE,pre_treatment
Income_share_bottom50_WID,heritage_Financial.Freedom,-13,0.0192930911680918,0.1133236026823247,-0.20282117008926462,0.24140735242544822,TRUE,pre_treatment
Income_share_bottom50_WID,heritage_Financial.Freedom,-12,-0.22532980304719466,0.10350602895025082,-0.4282016197896863,-0.022457986304703054,FALSE,pre_treatment
Income_share_bottom50_WID,heritage_Financial.Freedom,-11,0.0017366133391770464,0.09569469322172411,-0.1858249853754022,0.1892982120537563,TRUE,pre_treatment
Income_share_bottom50_WID,heritage_Financial.Freedom,-10,-0.14060805107101396,0.10157787264297442,-0.3397006814512438,0.05848457930921591,TRUE,pre_treatment
Income_share_bottom50_WID,heritage_Financial.Freedom,-9,-0.0629067460317461,0.10267267418025132,-0.2641451874250387,0.1383316953615465,TRUE,pre_treatment
Income_share_bottom50_WID,heritage_Financial.Freedom,-8,-0.012661403254623586,0.08319123892062041,-0.1757162315390396,0.15039342502979242,TRUE,pre_treatment
Income_share_bottom50_WID,heritage_Financial.Freedom,-7,0.10006824131824132,0.09661345157167443,-0.08929412376224055,0.2894306063987232,TRUE,pre_treatment
Income_share_bottom50_WID,heritage_Financial.Freedom,-6,-0.019660578618912142,0.04549535973809156,-0.1088314837055716,0.06951032646774731,TRUE,pre_treatment
Income_share_bottom50_WID,heritage_Financial.Freedom,-5,0.026073453499196195,0.06096818495460779,-0.09342418901183507,0.14557109601022744,TRUE,pre_treatment
Income_share_bottom50_WID,heritage_Financial.Freedom,-4,-0.037123751832489615,0.07145263434070062,-0.17717091514026284,0.10292341147528361,TRUE,pre_treatment
Income_share_bottom50_WID,heritage_Financial.Freedom,-3,-0.03780969208853832,0.0797073180547323,-0.19403603547581363,0.11841665129873699,TRUE,pre_treatment
Income_share_bottom50_WID,heritage_Financial.Freedom,-2,0.003476915089064463,0.061441031589502385,-0.11694750682636021,0.12390133700448913,TRUE,pre_treatment
Income_share_bottom50_WID,heritage_Financial.Freedom,-1,0.023577385735505402,0.08363181077102264,-0.14034096337569896,0.18749573484670978,TRUE,pre_treatment
Income_share_bottom50_WID,heritage_Financial.Freedom,0,0.036419190039654596,0.04633285780357672,-0.05439321125535577,0.12723159133466497,TRUE,post_treatment
Income_share_bottom50_WID,heritage_Financial.Freedom,1,0.10574604592311423,0.08738132872972267,-0.06552135838714218,0.27701345023337065,TRUE,post_treatment
Income_share_bottom50_WID,heritage_Financial.Freedom,2,0.09715591112877937,0.10802332145125826,-0.11456979891568682,0.3088816211732456,TRUE,post_treatment
Income_share_bottom50_WID,heritage_Financial.Freedom,3,0.09877907601799668,0.1441849302082793,-0.18382338719023072,0.3813815392262241,TRUE,post_treatment
Income_share_bottom50_WID,heritage_Financial.Freedom,4,0.07724418146277144,0.15321673728742408,-0.2230606236205797,0.3775489865461226,TRUE,post_treatment
Income_share_bottom50_WID,heritage_Financial.Freedom,5,0.12257632542545625,0.1800532685201312,-0.23032808087400086,0.4754807317249134,TRUE,post_treatment
Income_share_bottom50_WID,heritage_Financial.Freedom,6,0.17698619931586396,0.1991469232692045,-0.21334177029177687,0.5673141689235048,TRUE,post_treatment
Income_share_bottom50_WID,heritage_Financial.Freedom,7,0.25156006206942005,0.24278986277236372,-0.22430806896441285,0.7274281931032529,TRUE,post_treatment
Income_share_bottom50_WID,heritage_Financial.Freedom,8,0.22641122638041397,0.28135674913644165,-0.32504800192701166,0.7778704546878397,TRUE,post_treatment
Income_share_bottom50_WID,heritage_Financial.Freedom,9,0.28576644142106644,0.283969343499272,-0.2708134718375067,0.8423463546796396,TRUE,post_treatment
Income_share_bottom50_WID,heritage_Financial.Freedom,10,0.2336758007918696,0.3016649512231593,-0.3575875036055226,0.8249391051892617,TRUE,post_treatment
Income_share_bottom50_WID,heritage_Financial.Freedom,11,0.14642087187594457,0.2803536121367316,-0.40307220791204934,0.6959139516639384,TRUE,post_treatment
Income_share_bottom50_WID,heritage_Financial.Freedom,12,0.23607734667340158,0.31240043474776974,-0.3762275054322271,0.8483821987790303,TRUE,post_treatment
Income_share_bottom50_WID,heritage_Financial.Freedom,13,0.2940913922174642,0.33851122126162464,-0.36939060145532004,0.9575733858902484,TRUE,post_treatment
Income_share_bottom50_WID,heritage_Financial.Freedom,14,0.3786879415317846,0.3364056662365586,-0.2806671642918703,1.0380430473554394,TRUE,post_treatment
Income_share_bottom50_WID,heritage_Financial.Freedom,15,0.4052829121119546,0.35370138194791584,-0.28797179650596044,1.0985376207298696,TRUE,post_treatment
Income_share_bottom50_WID,heritage_Financial.Freedom,16,0.4391444824862823,0.4592562564764696,-0.46099778020759813,1.3392867451801627,TRUE,post_treatment
Income_share_bottom50_WID,heritage_Financial.Freedom,17,0.4793471500776615,0.5040116002375681,-0.5085155863879719,1.4672098865432948,TRUE,post_treatment
Income_share_bottom50_WID,heritage_Financial.Freedom,18,0.4649475763862558,0.5394820095362488,-0.5924371623047917,1.5223323150773034,TRUE,post_treatment
Income_share_bottom50_WID,heritage_Financial.Freedom,19,0.7055573631543602,0.5925432155703451,-0.45582733936351605,1.8669420656722364,TRUE,post_treatment
Income_share_bottom50_WID,heritage_Financial.Freedom,20,0.7234133679475659,0.5572674079912329,-0.36883075171525037,1.8156574876103821,TRUE,post_treatment
Income_share_bottom50_WID,heritage_Financial.Freedom,21,0.8491999917030678,0.5740984780749233,-0.2760330253237818,1.9744330087299176,TRUE,post_treatment
Income_share_bottom50_WID,heritage_Financial.Freedom,22,0.6328946156255845,0.6888735394604495,-0.7172975217168965,1.9830867529680654,TRUE,post_treatment
Income_share_bottom50_WID,heritage_Financial.Freedom,23,0.5350709612746646,0.6897043728714365,-0.816749609553351,1.88689153210268,TRUE,post_treatment
Income_share_bottom50_WID,heritage_Financial.Freedom,24,0.4350723363477355,0.6558163603824672,-0.8503277300019001,1.7204724026973712,TRUE,post_treatment
Income_share_bottom50_WID,heritage_Financial.Freedom,25,0.6028068988405328,0.6820390520276388,-0.7339896431336392,1.939603440814705,TRUE,post_treatment
Income_share_bottom50_WID,heritage_Financial.Freedom,26,0.7927694457883139,1.0089499067154195,-1.1847723713739082,2.770311262950536,TRUE,post_treatment
Income_share_bottom50_WID,heritage_Fiscal.Health,-25,0.20906613123718332,0.2010135978212105,-0.18492052049238927,0.6030527829667559,TRUE,pre_treatment
Income_share_bottom50_WID,heritage_Fiscal.Health,-24,0.03949184039644592,0.11957256578124105,-0.19487038853478655,0.27385406932767836,TRUE,pre_treatment
Income_share_bottom50_WID,heritage_Fiscal.Health,-23,0.109609572349847,0.09570196244452397,-0.07796627404141998,0.297185418741114,TRUE,pre_treatment
Income_share_bottom50_WID,heritage_Fiscal.Health,-22,0.0024916267942582753,0.09581724590644408,-0.18531017518237214,0.19029342877088867,TRUE,pre_treatment
Income_share_bottom50_WID,heritage_Fiscal.Health,-21,-0.019507205513784626,0.05058594058881757,-0.11865564906786706,0.07964123804029781,TRUE,pre_treatment
Income_share_bottom50_WID,heritage_Fiscal.Health,-20,-0.018922391205286025,0.04090446496039851,-0.0990951425276671,0.06125036011709506,TRUE,pre_treatment
Income_share_bottom50_WID,heritage_Fiscal.Health,-19,-0.04096964000911344,0.05830287770117244,-0.15524328030341142,0.07330400028518455,TRUE,pre_treatment
Income_share_bottom50_WID,heritage_Fiscal.Health,-18,-0.13776122123490553,0.14022373210327854,-0.4125997361573315,0.13707729368752042,TRUE,pre_treatment
Income_share_bottom50_WID,heritage_Fiscal.Health,-17,0.08379870129870107,0.08783167847615436,-0.08835138851456148,0.2559487911119636,TRUE,pre_treatment
Income_share_bottom50_WID,heritage_Fiscal.Health,-16,0.11675541125541126,0.14063776516717635,-0.1588946084722544,0.39240543098307695,TRUE,pre_treatment
Income_share_bottom50_WID,heritage_Fiscal.Health,-15,0.03808225108225111,0.09793687220006672,-0.15387401842987966,0.23003852059438187,TRUE,pre_treatment
Income_share_bottom50_WID,heritage_Fiscal.Health,-14,0.16198484848484884,0.07863297788357222,0.00786421183304728,0.3161054851366504,FALSE,pre_treatment
Income_share_bottom50_WID,heritage_Fiscal.Health,-13,-0.00635064935064933,0.10309621733863972,-0.20841923533438317,0.1957179366330845,TRUE,pre_treatment
Income_share_bottom50_WID,heritage_Fiscal.Health,-12,-0.025380952380952615,0.08718996908223889,-0.19627329178214084,0.1455113870202356,TRUE,pre_treatment
Income_share_bottom50_WID,heritage_Fiscal.Health,-11,-0.0175000000000001,0.08873470550627317,-0.1914200227922955,0.1564200227922953,TRUE,pre_treatment
Income_share_bottom50_WID,heritage_Fiscal.Health,-10,0.07132251082251102,0.06362268136531785,-0.05337794465351195,0.196022966298534,TRUE,pre_treatment
Income_share_bottom50_WID,heritage_Fiscal.Health,-9,0.06614718614718577,0.09884835818420523,-0.1275955958938565,0.259889968188228,TRUE,pre_treatment
Income_share_bottom50_WID,heritage_Fiscal.Health,-8,-0.027467532467532245,0.09007619086662853,-0.20401686656612417,0.14908180163105966,TRUE,pre_treatment
Income_share_bottom50_WID,heritage_Fiscal.Health,-7,0.2116233766233767,0.16899698156969586,-0.1196107072532272,0.5428574604999806,TRUE,pre_treatment
Income_share_bottom50_WID,heritage_Fiscal.Health,-6,0.11010822510822496,0.07989435532397836,-0.04648471132677262,0.26670116154322254,TRUE,pre_treatment
Income_share_bottom50_WID,heritage_Fiscal.Health,-5,0.09575108225108207,0.10016790083167909,-0.10057800337900895,0.2920801678811731,TRUE,pre_treatment
Income_share_bottom50_WID,heritage_Fiscal.Health,-4,-0.09769480519480495,0.15426762818336387,-0.4000593564341981,0.2046697460445882,TRUE,pre_treatment
Income_share_bottom50_WID,heritage_Fiscal.Health,-3,-0.10795887445887437,0.09561002080405412,-0.2953545152348204,0.0794367663170717,TRUE,pre_treatment
Income_share_bottom50_WID,heritage_Fiscal.Health,-2,0.029326839826839434,0.09617128608704123,-0.15916888090376138,0.21782256055744023,TRUE,pre_treatment
Income_share_bottom50_WID,heritage_Fiscal.Health,-1,0.12987878787878818,0.07928714718200408,-0.025524020597939817,0.2852815963555162,TRUE,pre_treatment
Income_share_bottom50_WID,heritage_Fiscal.Health,0,-0.03680226636108996,0.07772325648787257,-0.1891398490773202,0.11553531635514028,TRUE,post_treatment
Income_share_bottom50_WID,heritage_Fiscal.Health,1,-0.11802181478652096,0.15541661360361966,-0.4226383774496155,0.1865947478765736,TRUE,post_treatment
Income_share_bottom50_WID,heritage_Fiscal.Health,2,-0.1991160387600017,0.19983894303909172,-0.5908003671166214,0.19256828959661806,TRUE,post_treatment
Income_share_bottom50_WID,heritage_Fiscal.Health,3,-0.04147058823529437,0.17528092618174265,-0.38502120355151,0.30208002708092124,TRUE,post_treatment
Income_share_bottom50_WID,heritage_Fiscal.Health,4,-0.17965495289024744,0.17261497529960432,-0.5179803044774719,0.158670398696977,TRUE,post_treatment
Income_share_bottom50_WID,heritage_Government.Integrity,-26,-1.7887683615819208,1.8911340394717373,-5.4953910789465255,1.9178543557826842,TRUE,pre_treatment
Income_share_bottom50_WID,heritage_Government.Integrity,-25,0.023994915254237383,0.06646748231875661,-0.10628135009052558,0.15427118059900036,TRUE,pre_treatment
Income_share_bottom50_WID,heritage_Government.Integrity,-24,0.028149894067795774,0.09082670520691824,-0.14987044813776396,0.2061702362733555,TRUE,pre_treatment
Income_share_bottom50_WID,heritage_Government.Integrity,-23,-0.010155367231638034,0.07288673412758259,-0.1530133661216999,0.13270263165842383,TRUE,pre_treatment
Income_share_bottom50_WID,heritage_Government.Integrity,-22,0.4384141242937855,0.5183275053177654,-0.5775077861290345,1.4543360347166057,TRUE,pre_treatment
Income_share_bottom50_WID,heritage_Government.Integrity,-21,-0.10948555286521362,0.11008164957684487,-0.32524558603582954,0.1062744803054023,TRUE,pre_treatment
Income_share_bottom50_WID,heritage_Government.Integrity,-20,0.09911966415568157,0.11890194350225815,-0.1339281451087444,0.33216747342010755,TRUE,pre_treatment
Income_share_bottom50_WID,heritage_Government.Integrity,-19,-0.16757751937984508,0.11293498711013528,-0.3889300941157102,0.05377505535602006,TRUE,pre_treatment
Income_share_bottom50_WID,heritage_Government.Integrity,-18,0.012729273420049555,0.09245875505614279,-0.1684898864899903,0.19394843333008943,TRUE,pre_treatment
Income_share_bottom50_WID,heritage_Government.Integrity,-17,0.05847932717000503,0.0936661087980038,-0.1251062460740824,0.24206490041409248,TRUE,pre_treatment
Income_share_bottom50_WID,heritage_Government.Integrity,-16,-0.07476296866974828,0.06898613577162868,-0.2099757947821405,0.06044985744264393,TRUE,pre_treatment
Income_share_bottom50_WID,heritage_Government.Integrity,-15,-0.02856786081150495,0.08964356639843128,-0.20426925095243026,0.14713352932942036,TRUE,pre_treatment
Income_share_bottom50_WID,heritage_Government.Integrity,-14,-0.03778691576784781,0.08667309858546479,-0.2076661889953588,0.13209235745966316,TRUE,pre_treatment
Income_share_bottom50_WID,heritage_Government.Integrity,-13,-0.049869177652228175,0.06950282229603613,-0.186094709352459,0.08635635404800265,TRUE,pre_treatment
Income_share_bottom50_WID,heritage_Government.Integrity,-12,-0.005391333092920305,0.06448264987873695,-0.13177732685524474,0.12099466066940412,TRUE,pre_treatment
Income_share_bottom50_WID,heritage_Government.Integrity,-11,0.035816437480013244,0.06585432425290227,-0.09325803805567522,0.1648909130157017,TRUE,pre_treatment
Income_share_bottom50_WID,heritage_Government.Integrity,-10,-0.08285486070524069,0.05731413308894239,-0.19519056155956777,0.029480840149086404,TRUE,pre_treatment
Income_share_bottom50_WID,heritage_Government.Integrity,-9,0.00727392941947116,0.08235997953348602,-0.15415163046616143,0.16869948930510376,TRUE,pre_treatment
Income_share_bottom50_WID,heritage_Government.Integrity,-8,-0.05268551251008904,0.05754822519643191,-0.16548003389509558,0.0601090088749175,TRUE,pre_treatment
Income_share_bottom50_WID,heritage_Government.Integrity,-7,0.05771190419352285,0.05941189829069197,-0.058735416456233404,0.17415922484327911,TRUE,pre_treatment
Income_share_bottom50_WID,heritage_Government.Integrity,-6,0.08385767355467848,0.10070130838528638,-0.11351689088048282,0.28123223798983976,TRUE,pre_treatment
Income_share_bottom50_WID,heritage_Government.Integrity,-5,-0.03505550664025254,0.07160829804524527,-0.17540777080893324,0.10529675752842818,TRUE,pre_treatment
Income_share_bottom50_WID,heritage_Government.Integrity,-4,-0.05731209458045624,0.05275037217636799,-0.1607028240461375,0.04607863488522503,TRUE,pre_treatment
Income_share_bottom50_WID,heritage_Government.Integrity,-3,-0.031065304087736577,0.04628709510720661,-0.12178801049786153,0.059657402322388385,TRUE,pre_treatment
Income_share_bottom50_WID,heritage_Government.Integrity,-2,0.08383702969106843,0.044406095308547576,-0.003198917113684821,0.17087297649582167,TRUE,pre_treatment
Income_share_bottom50_WID,heritage_Government.Integrity,-1,0.017288082792122163,0.04710196457708066,-0.07503176777895593,0.10960793336320024,TRUE,pre_treatment
Income_share_bottom50_WID,heritage_Government.Integrity,0,0.040029159832331046,0.06254937149236747,-0.0825676082927092,0.1626259279573713,TRUE,post_treatment
Income_share_bottom50_WID,heritage_Government.Integrity,1,0.11377507062146906,0.08973216274442584,-0.0620999683576056,0.2896501096005437,TRUE,post_treatment
Income_share_bottom50_WID,heritage_Government.Integrity,2,0.15817948535346343,0.12145912479438643,-0.07988039924353396,0.39623936995046083,TRUE,post_treatment
Income_share_bottom50_WID,heritage_Government.Integrity,3,0.2896688114668342,0.18531451493714285,-0.07354763780996576,0.6528852607436342,TRUE,post_treatment
Income_share_bottom50_WID,heritage_Government.Integrity,4,0.40892778300899785,0.1648498848467128,0.08582200870944073,0.732033557308555,FALSE,post_treatment
Income_share_bottom50_WID,heritage_Government.Integrity,5,0.39057149065623653,0.17939978456698383,0.038947912904948256,0.7421950684075248,FALSE,post_treatment
Income_share_bottom50_WID,heritage_Government.Integrity,6,0.6029090332000255,0.21353807988477094,0.18437439662587451,1.0214436697741767,FALSE,post_treatment
Income_share_bottom50_WID,heritage_Government.Integrity,7,0.530501990241397,0.21271168295945975,0.1135870916408559,0.9474168888419381,FALSE,post_treatment
Income_share_bottom50_WID,heritage_Government.Integrity,8,0.6088104903396806,0.2540245671415807,0.11092233874218238,1.1066986419371787,FALSE,post_treatment
Income_share_bottom50_WID,heritage_Government.Integrity,9,0.6378497244890842,0.3035910081165956,0.042811348580556796,1.2328881003976115,FALSE,post_treatment
Income_share_bottom50_WID,heritage_Government.Integrity,10,0.7053314971751412,0.35024534822747394,0.018850614649292274,1.39181237970099,FALSE,post_treatment
Income_share_bottom50_WID,heritage_Government.Integrity,11,0.6517752471751413,0.3137280822028433,0.036868206057568464,1.2666822882927142,FALSE,post_treatment
Income_share_bottom50_WID,heritage_Government.Integrity,12,0.6340935381355932,0.3452913297200128,-0.04267746811563189,1.3108645443868183,TRUE,post_treatment
Income_share_bottom50_WID,heritage_Government.Integrity,13,0.7335260946327683,0.2929262756583801,0.15939059434234337,1.3076615949231933,FALSE,post_treatment
Income_share_bottom50_WID,heritage_Government.Integrity,14,0.7533491382392906,0.38952363600326967,-0.010117188327117943,1.516815464805699,TRUE,post_treatment
Income_share_bottom50_WID,heritage_Government.Integrity,15,0.7302253283439724,0.4318838036056381,-0.11626692672307837,1.576717583411023,TRUE,post_treatment
Income_share_bottom50_WID,heritage_Government.Integrity,16,0.736544441791995,0.365358625328568,0.020441536148001704,1.4526473474359882,FALSE,post_treatment
Income_share_bottom50_WID,heritage_Government.Integrity,17,0.7554020715630886,0.4115786309995357,-0.05129204519600128,1.5620961883221784,TRUE,post_treatment
Income_share_bottom50_WID,heritage_Government.Integrity,18,0.8452901386748846,0.4898079009733536,-0.11473334723288842,1.8053136245826575,TRUE,post_treatment
Income_share_bottom50_WID,heritage_Government.Integrity,19,0.8839121155053363,0.48815990889619165,-0.07288130593119935,1.8407055369418721,TRUE,post_treatment
Income_share_bottom50_WID,heritage_Government.Integrity,20,0.8244023025263834,0.4999437346187936,-0.1554874173264521,1.8042920223792187,TRUE,post_treatment
Income_share_bottom50_WID,heritage_Government.Integrity,21,0.6351654481001442,0.5744699601612218,-0.49079567381585043,1.7611265700161387,TRUE,post_treatment
Income_share_bottom50_WID,heritage_Government.Integrity,22,0.6984135713427096,0.47417877489095606,-0.23097682744356418,1.6278039701289835,TRUE,post_treatment
Income_share_bottom50_WID,heritage_Government.Integrity,23,0.6275108395743003,0.5830180580398201,-0.5152045541837471,1.7702262333323477,TRUE,post_treatment
Income_share_bottom50_WID,heritage_Government.Integrity,24,0.3932752426481241,0.5567636833082577,-0.6979815766360609,1.484532061932309,TRUE,post_treatment
Income_share_bottom50_WID,heritage_Government.Integrity,25,0.031362241054613715,0.6148611365443153,-1.1737655865722443,1.2364900686814717,TRUE,post_treatment
Income_share_bottom50_WID,heritage_Government.Integrity,26,0.7160530076437356,0.7292076001917375,-0.7131938887320698,2.145299904019541,TRUE,post_treatment
Income_share_bottom50_WID,heritage_Government.Spending,-25,-0.7143269230769242,1.0031475865166957,-2.680496192649648,1.2518423464957993,TRUE,pre_treatment
Income_share_bottom50_WID,heritage_Government.Spending,-24,0.27385683760683754,0.2731813487388241,-0.2615786059212577,0.8092922811349328,TRUE,pre_treatment
Income_share_bottom50_WID,heritage_Government.Spending,-23,-0.2620940170940168,0.2530674943932425,-0.7581063061047721,0.23391827191673847,TRUE,pre_treatment
Income_share_bottom50_WID,heritage_Government.Spending,-22,-0.12385897435897363,0.15584640424511415,-0.42931792667939733,0.18159997796145005,TRUE,pre_treatment
Income_share_bottom50_WID,heritage_Government.Spending,-21,-0.3023229166666672,0.31617888189124405,-0.9220335251735056,0.3173876918401711,TRUE,pre_treatment
Income_share_bottom50_WID,heritage_Government.Spending,-20,0.258838319088319,0.17089915419665863,-0.0761240231371319,0.5938006613137699,TRUE,pre_treatment
Income_share_bottom50_WID,heritage_Government.Spending,-19,0.04656249999999945,0.22996862194020248,-0.4041759990027974,0.4973009990027963,TRUE,pre_treatment
Income_share_bottom50_WID,heritage_Government.Spending,-18,-0.05116586538461497,0.08361407830411065,-0.21504945886067184,0.11271772809144188,TRUE,pre_treatment
Income_share_bottom50_WID,heritage_Government.Spending,-17,0.04363446275946299,0.10853036443271115,-0.16908505152865083,0.25635397704757684,TRUE,pre_treatment
Income_share_bottom50_WID,heritage_Government.Spending,-16,0.08992467948717922,0.12540557996327933,-0.15587025724084827,0.33571961621520674,TRUE,pre_treatment
Income_share_bottom50_WID,heritage_Government.Spending,-15,0.12063436883629243,0.10385211493149266,-0.08291577642943317,0.32418451410201804,TRUE,pre_treatment
Income_share_bottom50_WID,heritage_Government.Spending,-14,0.11909648541114046,0.07525494534876431,-0.028403207472437603,0.2665961782947185,TRUE,pre_treatment
Income_share_bottom50_WID,heritage_Government.Spending,-13,0.11547339743589766,0.08464656573927631,-0.05043387141308392,0.28138066628487923,TRUE,pre_treatment
Income_share_bottom50_WID,heritage_Government.Spending,-12,0.10162841191066974,0.07649398204671222,-0.04829979290088621,0.2515566167222257,TRUE,pre_treatment
Income_share_bottom50_WID,heritage_Government.Spending,-11,0.08096696937321925,0.07157069138697914,-0.05931158574525987,0.22124552449169838,TRUE,pre_treatment
Income_share_bottom50_WID,heritage_Government.Spending,-10,0.1854035862785863,0.06666553739511964,0.05473913298415181,0.31606803957302076,FALSE,pre_treatment
Income_share_bottom50_WID,heritage_Government.Spending,-9,0.035678500986193025,0.08797925810814614,-0.1367608449057734,0.20811784687815943,TRUE,pre_treatment
Income_share_bottom50_WID,heritage_Government.Spending,-8,0.03655382971729117,0.07061274942271142,-0.10184715915122323,0.17495481858580558,TRUE,pre_treatment
Income_share_bottom50_WID,heritage_Government.Spending,-7,-0.004201104746317654,0.0920274578828839,-0.1845749221967701,0.1761727127041348,TRUE,pre_treatment
Income_share_bottom50_WID,heritage_Government.Spending,-6,0.03521587132003816,0.07980501518948886,-0.12120195845136002,0.19163370109143635,TRUE,pre_treatment
Income_share_bottom50_WID,heritage_Government.Spending,-5,-0.09993589743589729,0.06948477424867772,-0.2361260549633056,0.03625426009151103,TRUE,pre_treatment
Income_share_bottom50_WID,heritage_Government.Spending,-4,-0.0721892690642692,0.0628093259315699,-0.1952955478901462,0.050917009761607804,TRUE,pre_treatment
Income_share_bottom50_WID,heritage_Government.Spending,-3,-0.15340250079138953,0.06977861996624247,-0.2901685959252248,-0.016636405657554282,FALSE,pre_treatment
Income_share_bottom50_WID,heritage_Government.Spending,-2,0.04136452742993435,0.07425630440221177,-0.10417782919840071,0.1869068840582694,TRUE,pre_treatment
Income_share_bottom50_WID,heritage_Government.Spending,-1,-0.028599854612741456,0.06445978039394279,-0.15494102418486932,0.09774131495938643,TRUE,pre_treatment
Income_share_bottom50_WID,heritage_Government.Spending,0,0.031036664310413686,0.05071466661525786,-0.06836408225549172,0.1304374108763191,TRUE,post_treatment
Income_share_bottom50_WID,heritage_Government.Spending,1,0.04227094295371128,0.07734314097610054,-0.10932161335944576,0.19386349926686833,TRUE,post_treatment
Income_share_bottom50_WID,heritage_Government.Spending,2,0.06598037982638703,0.1009419155222424,-0.13186577459720805,0.26382653424998215,TRUE,post_treatment
Income_share_bottom50_WID,heritage_Government.Spending,3,0.10436842103148974,0.13452896871079562,-0.15930835764166967,0.36804519970464916,TRUE,post_treatment
Income_share_bottom50_WID,heritage_Government.Spending,4,0.08193431837098022,0.1432109471387733,-0.19875913802101544,0.3626277747629759,TRUE,post_treatment
Income_share_bottom50_WID,heritage_Government.Spending,5,0.12155187012940182,0.21447152466702732,-0.2988123182179717,0.5419160584767754,TRUE,post_treatment
Income_share_bottom50_WID,heritage_Government.Spending,6,0.14433790562790766,0.20260632797722278,-0.252770497207449,0.5414463084632644,TRUE,post_treatment
Income_share_bottom50_WID,heritage_Government.Spending,7,0.0827303865798869,0.25343120983552736,-0.4139947846977467,0.5794555578575205,TRUE,post_treatment
Income_share_bottom50_WID,heritage_Government.Spending,8,0.09239189015379101,0.26607689129202355,-0.4291188167785751,0.6139025970861571,TRUE,post_treatment
Income_share_bottom50_WID,heritage_Government.Spending,9,0.03869836756070965,0.2890302029286864,-0.5278008301795157,0.605197565300935,TRUE,post_treatment
Income_share_bottom50_WID,heritage_Government.Spending,10,-0.05911376372090094,0.2947583705337325,-0.6368401699670166,0.5186126425252148,TRUE,post_treatment
Income_share_bottom50_WID,heritage_Government.Spending,11,-0.00886661758535774,0.3298991783248263,-0.6554690071020173,0.6377357719313017,TRUE,post_treatment
Income_share_bottom50_WID,heritage_Government.Spending,12,-0.06597102381011798,0.3588838900223231,-0.7693834482538713,0.6374414006336353,TRUE,post_treatment
Income_share_bottom50_WID,heritage_Government.Spending,13,0.033627519203722055,0.3726265108250998,-0.6967204420134735,0.7639754804209177,TRUE,post_treatment
Income_share_bottom50_WID,heritage_Government.Spending,14,0.05645570497469258,0.3928497739685413,-0.7135298520036484,0.8264412619530335,TRUE,post_treatment
Income_share_bottom50_WID,heritage_Government.Spending,15,0.16639666226496497,0.41469326758150693,-0.6464021421947886,0.9791954667247186,TRUE,post_treatment
Income_share_bottom50_WID,heritage_Government.Spending,16,0.24160813966531092,0.39188418714467316,-0.5264848671382485,1.0097011464688703,TRUE,post_treatment
Income_share_bottom50_WID,heritage_Government.Spending,17,0.1748227236504916,0.424456903149009,-0.6571128065215661,1.0067582538225492,TRUE,post_treatment
Income_share_bottom50_WID,heritage_Government.Spending,18,0.18199988827303795,0.39908003678023846,-0.6001969838162294,0.9641967603623053,TRUE,post_treatment
Income_share_bottom50_WID,heritage_Government.Spending,19,0.1582171229371084,0.46082700718744996,-0.7450038111502935,1.0614380570245103,TRUE,post_treatment
Income_share_bottom50_WID,heritage_Government.Spending,20,0.29315515795737307,0.38861175265877346,-0.4685238772538229,1.054834193168569,TRUE,post_treatment
Income_share_bottom50_WID,heritage_Government.Spending,21,0.45297975981824096,0.37948596569575166,-0.29081273294543225,1.1967722525819142,TRUE,post_treatment
Income_share_bottom50_WID,heritage_Government.Spending,22,0.5606453153078267,0.5716324990811162,-0.5597543828911612,1.6810450135068145,TRUE,post_treatment
Income_share_bottom50_WID,heritage_Government.Spending,23,0.5990065454938872,0.6472990248246775,-0.6696995431624807,1.867712634150255,TRUE,post_treatment
Income_share_bottom50_WID,heritage_Government.Spending,24,0.5264581657564597,0.6734846442692899,-0.7935717370113485,1.846488068524268,TRUE,post_treatment
Income_share_bottom50_WID,heritage_Government.Spending,25,0.6129765092502435,0.9380606562181042,-1.2256223769372407,2.451575395437728,TRUE,post_treatment
Income_share_bottom50_WID,heritage_Government.Spending,26,-0.23125904159131966,1.7886252308150141,-3.7369644939887476,3.274446410806108,TRUE,post_treatment
Income_share_bottom50_WID,heritage_Investment.Freedom,-24,0.09365261813537651,0.2481676158393371,-0.3927559089097242,0.5800611451804772,TRUE,pre_treatment
Income_share_bottom50_WID,heritage_Investment.Freedom,-23,-1.2968241805023428,0.5881559426365469,-2.449609828069975,-0.14403853293471092,FALSE,pre_treatment
Income_share_bottom50_WID,heritage_Investment.Freedom,-22,-0.14588974031502672,0.7870606143227576,-1.6885285443876317,1.3967490637575781,TRUE,pre_treatment
Income_share_bottom50_WID,heritage_Investment.Freedom,-21,-0.39422573435504554,0.4167326778694062,-1.2110217829790817,0.42257031426899067,TRUE,pre_treatment
Income_share_bottom50_WID,heritage_Investment.Freedom,-20,0.22303639846743328,0.20411376164880615,-0.17702657436422675,0.6230993712990933,TRUE,pre_treatment
Income_share_bottom50_WID,heritage_Investment.Freedom,-19,0.07915217604872721,0.15111046610798431,-0.21702433752292205,0.37532868962037647,TRUE,pre_treatment
Income_share_bottom50_WID,heritage_Investment.Freedom,-18,-0.09266819923371594,0.14075545925415361,-0.36854889937185703,0.18321250090442515,TRUE,pre_treatment
Income_share_bottom50_WID,heritage_Investment.Freedom,-17,-0.05419972809294275,0.1071384920299591,-0.26419117247166257,0.1557917162857771,TRUE,pre_treatment
Income_share_bottom50_WID,heritage_Investment.Freedom,-16,-0.1450462962962963,0.09693630345671067,-0.3350414510714492,0.0449488584788566,TRUE,pre_treatment
Income_share_bottom50_WID,heritage_Investment.Freedom,-15,-0.09465107901889484,0.09054786047251351,-0.2721248855450213,0.08282272750723162,TRUE,pre_treatment
Income_share_bottom50_WID,heritage_Investment.Freedom,-14,-0.0086516440461504,0.10392166812224435,-0.21233811356574933,0.19503482547344853,TRUE,pre_treatment
Income_share_bottom50_WID,heritage_Investment.Freedom,-13,0.019204605213732844,0.09386677348101385,-0.1647742708090543,0.20318348123652,TRUE,pre_treatment
Income_share_bottom50_WID,heritage_Investment.Freedom,-12,-0.048199079844281345,0.07653129079376675,-0.19820040980006418,0.10180225011150149,TRUE,pre_treatment
Income_share_bottom50_WID,heritage_Investment.Freedom,-11,0.016165425402155292,0.07242503124079655,-0.12578763582980595,0.15811848663411654,TRUE,pre_treatment
Income_share_bottom50_WID,heritage_Investment.Freedom,-10,-0.0790163548215105,0.09450022990408503,-0.2642368054335172,0.10620409579049618,TRUE,pre_treatment
Income_share_bottom50_WID,heritage_Investment.Freedom,-9,0.05100255427841632,0.07207903498895236,-0.0902723542999303,0.19227746285676295,TRUE,pre_treatment
Income_share_bottom50_WID,heritage_Investment.Freedom,-8,-0.04135644347138591,0.07883454507907736,-0.19587215182637752,0.11315926488360571,TRUE,pre_treatment
Income_share_bottom50_WID,heritage_Investment.Freedom,-7,0.06934432585294674,0.06353176614837903,-0.055177935797876165,0.19386658750376964,TRUE,pre_treatment
Income_share_bottom50_WID,heritage_Investment.Freedom,-6,0.05415719280614688,0.05984114397986789,-0.06313144939439418,0.17144583500668792,TRUE,pre_treatment
Income_share_bottom50_WID,heritage_Investment.Freedom,-5,0.03557363198742475,0.04845825777413915,-0.059404553249887984,0.13055181722473747,TRUE,pre_treatment
Income_share_bottom50_WID,heritage_Investment.Freedom,-4,-0.02356664951106504,0.06174692478079799,-0.1445906220814291,0.09745732305929902,TRUE,pre_treatment
Income_share_bottom50_WID,heritage_Investment.Freedom,-3,-0.045962111536824286,0.04305162856874241,-0.1303433035315594,0.038419080457910836,TRUE,pre_treatment
Income_share_bottom50_WID,heritage_Investment.Freedom,-2,0.022050850067480022,0.05885839631426339,-0.09331160670847623,0.13741330684343628,TRUE,pre_treatment
Income_share_bottom50_WID,heritage_Investment.Freedom,-1,0.03704720202257146,0.048252855188078765,-0.05752839414606292,0.13162279819120584,TRUE,pre_treatment
Income_share_bottom50_WID,heritage_Investment.Freedom,0,0.017811807357969694,0.052393011645384395,-0.08487849546698371,0.1205021101829231,TRUE,post_treatment
Income_share_bottom50_WID,heritage_Investment.Freedom,1,0.11190829316524542,0.09910863515997226,-0.0823446317483002,0.30616121807879104,TRUE,post_treatment
Income_share_bottom50_WID,heritage_Investment.Freedom,2,0.1800092283607299,0.12757093909816758,-0.07002981227167854,0.43004826899313836,TRUE,post_treatment
Income_share_bottom50_WID,heritage_Investment.Freedom,3,0.2251439684198305,0.15195659794317737,-0.07269096354879714,0.5229789003884582,TRUE,post_treatment
Income_share_bottom50_WID,heritage_Investment.Freedom,4,0.34066982590576056,0.20439447214411874,-0.059943339496712156,0.7412829913082333,TRUE,post_treatment
Income_share_bottom50_WID,heritage_Investment.Freedom,5,0.3415581098339719,0.22326378050497192,-0.09603889995577308,0.7791551196237169,TRUE,post_treatment
Income_share_bottom50_WID,heritage_Investment.Freedom,6,0.4503032119616685,0.24717994923156641,-0.03416948853220164,0.9347759124555386,TRUE,post_treatment
Income_share_bottom50_WID,heritage_Investment.Freedom,7,0.52796300761818,0.28496120684576837,-0.030560957799525945,1.086486973035886,TRUE,post_treatment
Income_share_bottom50_WID,heritage_Investment.Freedom,8,0.6161176766859138,0.32133283677882624,-0.013694683400585661,1.245930036772413,TRUE,post_treatment
Income_share_bottom50_WID,heritage_Investment.Freedom,9,0.772308379998035,0.3708568370380547,0.04542897940344781,1.4991877805926221,FALSE,post_treatment
Income_share_bottom50_WID,heritage_Investment.Freedom,10,0.8315023894862604,0.3898925052312454,0.06731307923301943,1.5956916997395014,FALSE,post_treatment
Income_share_bottom50_WID,heritage_Investment.Freedom,11,0.8511861546524317,0.3516929501540253,0.16186797235054218,1.5405043369543212,FALSE,post_treatment
Income_share_bottom50_WID,heritage_Investment.Freedom,12,0.8457794489526763,0.41660884484296634,0.0292261130604623,1.6623327848448903,FALSE,post_treatment
Income_share_bottom50_WID,heritage_Investment.Freedom,13,0.8726877128565349,0.4432318461870469,0.003953294329922974,1.7414221313831468,FALSE,post_treatment
Income_share_bottom50_WID,heritage_Investment.Freedom,14,0.9137663862832313,0.46811108697035675,-0.003731344178667939,1.8312641167451305,TRUE,post_treatment
Income_share_bottom50_WID,heritage_Investment.Freedom,15,0.899158329785724,0.5879478062040411,-0.2532193703741965,2.0515360299456447,TRUE,post_treatment
Income_share_bottom50_WID,heritage_Investment.Freedom,16,0.9098707380316573,0.534889719469271,-0.1385131121281138,1.9582545881914284,TRUE,post_treatment
Income_share_bottom50_WID,heritage_Investment.Freedom,17,0.9497298359367323,0.602113862099092,-0.23041333377748807,2.1298730056509525,TRUE,post_treatment
Income_share_bottom50_WID,heritage_Investment.Freedom,18,0.9999611849848496,0.6631274212488983,-0.29976856066299107,2.2996909306326905,TRUE,post_treatment
Income_share_bottom50_WID,heritage_Investment.Freedom,19,0.9741397190293742,0.7303794326883962,-0.45740396903988223,2.4056834070986306,TRUE,post_treatment
Income_share_bottom50_WID,heritage_Investment.Freedom,20,0.9967061688793845,0.7012408252177519,-0.3777258485474092,2.3711381863061782,TRUE,post_treatment
Income_share_bottom50_WID,heritage_Investment.Freedom,21,1.0268261155617473,0.8368733443874783,-0.6134456394377101,2.6670978705612045,TRUE,post_treatment
Income_share_bottom50_WID,heritage_Investment.Freedom,22,1.0820863346104723,0.9698042264644287,-0.8187299492598079,2.9829026184807526,TRUE,post_treatment
Income_share_bottom50_WID,heritage_Investment.Freedom,23,0.9380915891260715,1.1623973707776736,-1.3402072575981685,3.2163904358503115,TRUE,post_treatment
Income_share_bottom50_WID,heritage_Investment.Freedom,24,0.6683840432724817,1.0141597363003663,-1.319369039876236,2.6561371264211995,TRUE,post_treatment
Income_share_bottom50_WID,heritage_Investment.Freedom,25,1.1751833607006017,0.9641111292437471,-0.7144744526171425,3.064841174018346,TRUE,post_treatment
Income_share_bottom50_WID,heritage_Investment.Freedom,26,1.9537499999999997,1.092125054470091,-0.18681510676137836,4.0943151067613774,TRUE,post_treatment
Income_share_bottom50_WID,heritage_Judicial.Effectiveness,-26,0.054494807813384165,0.10289146127227111,-0.1471724562802672,0.25616207190703555,TRUE,pre_treatment
Income_share_bottom50_WID,heritage_Judicial.Effectiveness,-25,-0.16021896812135297,0.07992145562025908,-0.3168650211370608,-0.003572915105645169,FALSE,pre_treatment
Income_share_bottom50_WID,heritage_Judicial.Effectiveness,-24,-0.2472865013774102,0.08980762978172936,-0.4233094557495998,-0.07126354700522067,FALSE,pre_treatment
Income_share_bottom50_WID,heritage_Judicial.Effectiveness,-23,-0.042145881316895215,0.09377579717079737,-0.22594644377165807,0.1416546811378676,TRUE,pre_treatment
Income_share_bottom50_WID,heritage_Judicial.Effectiveness,-22,0.054331852489609735,0.12641724831203804,-0.19344595420198482,0.3021096591812043,TRUE,pre_treatment
Income_share_bottom50_WID,heritage_Judicial.Effectiveness,-21,-0.10975809073864472,0.06774234573694846,-0.2425330883830637,0.02301690690577425,TRUE,pre_treatment
Income_share_bottom50_WID,heritage_Judicial.Effectiveness,-20,0.1150746642425406,0.06856418229712895,-0.019311133059832133,0.24946046154491336,TRUE,pre_treatment
Income_share_bottom50_WID,heritage_Judicial.Effectiveness,-19,0.01603894480597553,0.07554960091919607,-0.13203827299564877,0.16411616260759984,TRUE,pre_treatment
Income_share_bottom50_WID,heritage_Judicial.Effectiveness,-18,0.03281342243161392,0.1317238301561262,-0.22536528467439346,0.2909921295376213,TRUE,pre_treatment
Income_share_bottom50_WID,heritage_Judicial.Effectiveness,-17,0.05173188789000532,0.09513394951230181,-0.1347306531541062,0.23819442893411685,TRUE,pre_treatment
Income_share_bottom50_WID,heritage_Judicial.Effectiveness,-16,-0.020352987837123172,0.060627146912720205,-0.13918219578605479,0.09847622011180843,TRUE,pre_treatment
Income_share_bottom50_WID,heritage_Judicial.Effectiveness,-15,-0.11230962453728201,0.08374606143616238,-0.27645190495216027,0.051832655877596265,TRUE,pre_treatment
Income_share_bottom50_WID,heritage_Judicial.Effectiveness,-14,0.07138683236382871,0.0954898133540812,-0.11577320181017044,0.2585468665378279,TRUE,pre_treatment
Income_share_bottom50_WID,heritage_Judicial.Effectiveness,-13,0.048361977789529206,0.09805315350310427,-0.14382220307655513,0.24054615865561357,TRUE,pre_treatment
Income_share_bottom50_WID,heritage_Judicial.Effectiveness,-12,-0.19720650449497573,0.0741844468294223,-0.3426080202806434,-0.051804988709308025,FALSE,pre_treatment
Income_share_bottom50_WID,heritage_Judicial.Effectiveness,-11,-0.030876520359598474,0.12532151520728965,-0.2765066901658862,0.21475364944668923,TRUE,pre_treatment
Income_share_bottom50_WID,heritage_Judicial.Effectiveness,-10,-0.13128239026969857,0.0749206334956426,-0.27812683192115806,0.015562051381760922,TRUE,pre_treatment
Income_share_bottom50_WID,heritage_Judicial.Effectiveness,-9,-0.1300555261766263,0.07325813269731804,-0.27364146626336966,0.013530413910117056,TRUE,pre_treatment
Income_share_bottom50_WID,heritage_Judicial.Effectiveness,-8,-0.1206702802749865,0.07634682167234667,-0.27031005075278597,0.028969490202812975,TRUE,pre_treatment
Income_share_bottom50_WID,heritage_Judicial.Effectiveness,-7,-0.09847038603913279,0.05109895985869041,-0.198624347362166,0.0016835752839004098,TRUE,pre_treatment
Income_share_bottom50_WID,heritage_Judicial.Effectiveness,-6,0.04860259122157561,0.06637663156114895,-0.08149560663827632,0.17870078908142756,TRUE,pre_treatment
Income_share_bottom50_WID,heritage_Judicial.Effectiveness,-5,-0.01640401903754591,0.06532351309487999,-0.14443810470351068,0.11163006662841887,TRUE,pre_treatment
Income_share_bottom50_WID,heritage_Judicial.Effectiveness,-4,0.04400846113167617,0.05467106382904702,-0.06314682397325598,0.15116374623660833,TRUE,pre_treatment
Income_share_bottom50_WID,heritage_Judicial.Effectiveness,-3,-0.013631676361713158,0.07615054758752018,-0.16288674963325273,0.1356233969098264,TRUE,pre_treatment
Income_share_bottom50_WID,heritage_Judicial.Effectiveness,-2,-0.3322369116869383,0.1308302306762329,-0.5886641638123548,-0.07580965956152186,FALSE,pre_treatment
Income_share_bottom50_WID,heritage_Judicial.Effectiveness,-1,0.09922715691116242,0.07586844366047896,-0.049474992663376335,0.24792930648570116,TRUE,pre_treatment
Income_share_bottom50_WID,heritage_Judicial.Effectiveness,0,0.09858075005135246,0.06956572917184488,-0.0377680791254635,0.23492957922816843,TRUE,post_treatment
Income_share_bottom50_WID,heritage_Judicial.Effectiveness,1,0.010774470076733302,0.15209265837546335,-0.28732714033917484,0.3088760804926415,TRUE,post_treatment
Income_share_bottom50_WID,heritage_Judicial.Effectiveness,2,0.06946738246850066,0.32178443632748366,-0.5612301127333672,0.7001648776703686,TRUE,post_treatment
Income_share_bottom50_WID,heritage_Judicial.Effectiveness,3,0.1893784717517958,0.33960277067642725,-0.4762429587740016,0.8549999022775931,TRUE,post_treatment
Income_share_bottom50_WID,heritage_Judicial.Effectiveness,4,0.35013480558190013,0.3488143162808924,-0.3335412543286489,1.0338108654924492,TRUE,post_treatment
Income_share_bottom50_WID,heritage_Labor.Freedom,-26,0.10129404466501261,0.2193302401214899,-0.3285932259731076,0.5311813153031328,TRUE,pre_treatment
Income_share_bottom50_WID,heritage_Labor.Freedom,-25,-0.062275788727401554,0.1711903996068783,-0.39780897195688303,0.27325739450207986,TRUE,pre_treatment
Income_share_bottom50_WID,heritage_Labor.Freedom,-24,0.05164938556067598,0.20025916870371316,-0.3408585850986018,0.4441573562199538,TRUE,pre_treatment
Income_share_bottom50_WID,heritage_Labor.Freedom,-23,0.033842750797589416,0.07068329380666732,-0.10469650506347855,0.17238200665865738,TRUE,pre_treatment
Income_share_bottom50_WID,heritage_Labor.Freedom,-22,-0.10590933081255635,0.11906105545664371,-0.33926899950757805,0.12745033788246532,TRUE,pre_treatment
Income_share_bottom50_WID,heritage_Labor.Freedom,-21,-0.14062324772002222,0.13061565972026282,-0.39662994077173735,0.11538344533169292,TRUE,pre_treatment
Income_share_bottom50_WID,heritage_Labor.Freedom,-20,0.08569606021218926,0.05994704643993255,-0.031800150810078545,0.20319227123445704,TRUE,pre_treatment
Income_share_bottom50_WID,heritage_Labor.Freedom,-19,0.02565333641102582,0.06444806403484901,-0.10066486909727823,0.15197154191932988,TRUE,pre_treatment
Income_share_bottom50_WID,heritage_Labor.Freedom,-18,-0.021699317116237318,0.0790017877924303,-0.1765428211894007,0.13314418695692606,TRUE,pre_treatment
Income_share_bottom50_WID,heritage_Labor.Freedom,-17,0.04303618848610348,0.07701531522725391,-0.10791382935931419,0.19398620633152114,TRUE,pre_treatment
Income_share_bottom50_WID,heritage_Labor.Freedom,-16,0.08800743816052732,0.0798576390232082,-0.06851353432496073,0.24452841064601538,TRUE,pre_treatment
Income_share_bottom50_WID,heritage_Labor.Freedom,-15,-0.022147565695952668,0.06847650039229093,-0.1563615064648429,0.11206637507293757,TRUE,pre_treatment
Income_share_bottom50_WID,heritage_Labor.Freedom,-14,-0.06708076476369157,0.06469404322634963,-0.19388108948733684,0.059719559959953705,TRUE,pre_treatment
Income_share_bottom50_WID,heritage_Labor.Freedom,-13,0.0215689418108773,0.06494615834129844,-0.10572552853806765,0.14886341215982224,TRUE,pre_treatment
Income_share_bottom50_WID,heritage_Labor.Freedom,-12,-0.026270294885735332,0.05583023769275682,-0.1356975607635387,0.08315697099206804,TRUE,pre_treatment
Income_share_bottom50_WID,heritage_Labor.Freedom,-11,0.018684357117536805,0.06393533546454915,-0.10662890039297954,0.14399761462805313,TRUE,pre_treatment
Income_share_bottom50_WID,heritage_Labor.Freedom,-10,-0.005457395021379273,0.06150836749563061,-0.12601379531281526,0.11509900527005672,TRUE,pre_treatment
Income_share_bottom50_WID,heritage_Labor.Freedom,-9,0.061125753603598086,0.05883073814823887,-0.0541824931669501,0.17643400037414628,TRUE,pre_treatment
Income_share_bottom50_WID,heritage_Labor.Freedom,-8,0.04622740487681991,0.05554689978193802,-0.06264451869577861,0.15509932844941843,TRUE,pre_treatment
Income_share_bottom50_WID,heritage_Labor.Freedom,-7,0.12431046325764528,0.09270803399413412,-0.05739728337085759,0.30601820988614814,TRUE,pre_treatment
Income_share_bottom50_WID,heritage_Labor.Freedom,-6,0.020498641143802447,0.06240713982093674,-0.10181935290523356,0.14281663519283846,TRUE,pre_treatment
Income_share_bottom50_WID,heritage_Labor.Freedom,-5,0.006450431289140703,0.04633605842173435,-0.08436824321745862,0.09726910579574002,TRUE,pre_treatment
Income_share_bottom50_WID,heritage_Labor.Freedom,-4,-7.60959470636924e-4,0.06878219570509182,-0.1355740630526169,0.13405214411134306,TRUE,pre_treatment
Income_share_bottom50_WID,heritage_Labor.Freedom,-3,-0.018506439796762208,0.06851129606150358,-0.15278858007730922,0.11577570048378481,TRUE,pre_treatment
Income_share_bottom50_WID,heritage_Labor.Freedom,-2,-0.01616448068060965,0.058749066535983815,-0.13131265109113793,0.09898368972991863,TRUE,pre_treatment
Income_share_bottom50_WID,heritage_Labor.Freedom,-1,0.1051138716356107,0.07698585559632207,-0.04577840533318056,0.25600614860440196,TRUE,pre_treatment
Income_share_bottom50_WID,heritage_Labor.Freedom,0,-0.06995728208210658,0.05191756161829887,-0.17171570285397236,0.0318011386897592,TRUE,post_treatment
Income_share_bottom50_WID,heritage_Labor.Freedom,1,-0.08229304532195514,0.08581042366821023,-0.2504814757116472,0.08589538506773692,TRUE,post_treatment
Income_share_bottom50_WID,heritage_Labor.Freedom,2,-0.04477757267002176,0.1219225273607072,-0.2837457262970079,0.19419058095696434,TRUE,post_treatment
Income_share_bottom50_WID,heritage_Labor.Freedom,3,0.09695528319133644,0.1689108703919232,-0.23411002277683302,0.4280205891595059,TRUE,post_treatment
Income_share_bottom50_WID,heritage_Labor.Freedom,4,0.18487166546247913,0.19281088832955262,-0.19303767566344399,0.5627810065884022,TRUE,post_treatment
Income_share_bottom50_WID,heritage_Labor.Freedom,5,0.3091474681749554,0.24272994626550734,-0.16660322650543896,0.7848981628553497,TRUE,post_treatment
Income_share_bottom50_WID,heritage_Labor.Freedom,6,0.48508052425400217,0.22297815015543312,0.048043349949353276,0.922117698558651,FALSE,post_treatment
Income_share_bottom50_WID,heritage_Labor.Freedom,7,0.46351803936741337,0.2742611931501691,-0.07403389920691811,1.001069977941745,TRUE,post_treatment
Income_share_bottom50_WID,heritage_Labor.Freedom,8,0.3933879246532645,0.29739756752513313,-0.1895113076959964,0.9762871570025253,TRUE,post_treatment
Income_share_bottom50_WID,heritage_Labor.Freedom,9,0.23436492704411743,0.358673478712626,-0.46863509123262953,0.9373649453208643,TRUE,post_treatment
Income_share_bottom50_WID,heritage_Labor.Freedom,10,0.1392980502158784,0.3619544606577119,-0.570132692673237,0.8487287931049937,TRUE,post_treatment
Income_share_bottom50_WID,heritage_Labor.Freedom,11,0.23272020365825108,0.4162799398891363,-0.5831884785244561,1.0486288858409583,TRUE,post_treatment
Income_share_bottom50_WID,heritage_Labor.Freedom,12,0.10935128564749856,0.43780260176436675,-0.7487418138106603,0.9674443851056573,TRUE,post_treatment
Income_share_bottom50_WID,heritage_Labor.Freedom,13,-0.7127686873409173,0.5767330918834965,-1.8431655474325703,0.41762817275073594,TRUE,post_treatment
Income_share_bottom50_WID,heritage_Labor.Freedom,14,-0.9196700171419668,1.2359834776528962,-3.342197633341643,1.5028575990577093,TRUE,post_treatment
Income_share_bottom50_WID,heritage_Labor.Freedom,15,0.20124941561477383,0.6417657310620505,-1.0566114172668453,1.4591102484963927,TRUE,post_treatment
Income_share_bottom50_WID,heritage_Monetary.Freedom,-24,0.07402757619738753,0.06275931338413024,-0.048980678035507735,0.1970358304302828,TRUE,pre_treatment
Income_share_bottom50_WID,heritage_Monetary.Freedom,-23,-0.06375000000000028,0.04020132938640177,-0.14254460559734775,0.015044605597347188,TRUE,pre_treatment
Income_share_bottom50_WID,heritage_Monetary.Freedom,-22,0.03715801886792458,0.05071461332960406,-0.06224262325809937,0.13655866099394853,TRUE,pre_treatment
Income_share_bottom50_WID,heritage_Monetary.Freedom,-21,-0.015260038703434252,0.07108345203459358,-0.1545836046912377,0.12406352728436917,TRUE,pre_treatment
Income_share_bottom50_WID,heritage_Monetary.Freedom,-20,0.02453329100145152,0.03897269035149382,-0.05185318208747636,0.1009197640903794,TRUE,pre_treatment
Income_share_bottom50_WID,heritage_Monetary.Freedom,-19,-0.1445967888243834,0.10591280932925777,-0.35218589510972864,0.06299231746096182,TRUE,pre_treatment
Income_share_bottom50_WID,heritage_Monetary.Freedom,-18,-0.03760849056603782,0.09213220652172736,-0.21818761534862346,0.14297063421654782,TRUE,pre_treatment
Income_share_bottom50_WID,heritage_Monetary.Freedom,-17,-0.15531603773584748,0.24561381771249105,-0.6367191204523299,0.326087044980635,TRUE,pre_treatment
Income_share_bottom50_WID,heritage_Monetary.Freedom,-16,-0.04397859216255492,0.10361886666001711,-0.24707157081618847,0.15911438649107862,TRUE,pre_treatment
Income_share_bottom50_WID,heritage_Monetary.Freedom,-15,-0.13096199201741718,0.1591558541474218,-0.4429074661463639,0.18098348211152956,TRUE,pre_treatment
Income_share_bottom50_WID,heritage_Monetary.Freedom,-14,-0.16112300435413643,0.13450653829095807,-0.4247558194044142,0.10250981069614137,TRUE,pre_treatment
Income_share_bottom50_WID,heritage_Monetary.Freedom,-13,0.02699179063860669,0.10805371470223328,-0.18479349017777055,0.23877707145498392,TRUE,pre_treatment
Income_share_bottom50_WID,heritage_Monetary.Freedom,-12,0.026210490243509434,0.13134561469838954,-0.23122691456533404,0.2836478950523529,TRUE,pre_treatment
Income_share_bottom50_WID,heritage_Monetary.Freedom,-11,-0.05458784140387875,0.07340371899232584,-0.1984591306288374,0.0892834478210799,TRUE,pre_treatment
Income_share_bottom50_WID,heritage_Monetary.Freedom,-10,-0.03379577425477258,0.13920124762735722,-0.30663021960439274,0.23903867109484755,TRUE,pre_treatment
Income_share_bottom50_WID,heritage_Monetary.Freedom,-9,0.02327558055152345,0.06127797583380921,-0.0968292520827426,0.1433804131857895,TRUE,pre_treatment
Income_share_bottom50_WID,heritage_Monetary.Freedom,-8,0.003168843734881413,0.11950419698792104,-0.23105938236144383,0.23739706983120665,TRUE,pre_treatment
Income_share_bottom50_WID,heritage_Monetary.Freedom,-7,0.2698172169811326,0.1925066254652852,-0.10749576893082641,0.6471302028930916,TRUE,pre_treatment
Income_share_bottom50_WID,heritage_Monetary.Freedom,-6,0.01939287010159614,0.06260089089990091,-0.10330487606220964,0.14209061626540193,TRUE,pre_treatment
Income_share_bottom50_WID,heritage_Monetary.Freedom,-5,0.1580458310394874,0.10609217480282136,-0.04989483157404245,0.3659864936530173,TRUE,pre_treatment
Income_share_bottom50_WID,heritage_Monetary.Freedom,-4,0.09172365943592367,0.11417873980965423,-0.13206667059099864,0.315513989462846,TRUE,pre_treatment
Income_share_bottom50_WID,heritage_Monetary.Freedom,-3,-0.08681227490189768,0.14266536075026556,-0.3664363819724182,0.1928118321686228,TRUE,pre_treatment
Income_share_bottom50_WID,heritage_Monetary.Freedom,-2,-0.10190343723362609,0.10958397977039677,-0.31668803758360375,0.11288116311635159,TRUE,pre_treatment
Income_share_bottom50_WID,heritage_Monetary.Freedom,-1,0.06688624029784834,0.09343069542333197,-0.11623792273188233,0.250010403327579,TRUE,pre_treatment
Income_share_bottom50_WID,heritage_Monetary.Freedom,0,0.11918159912172964,0.06595698936228372,-0.010094100028346445,0.24845729827180574,TRUE,post_treatment
Income_share_bottom50_WID,heritage_Monetary.Freedom,1,0.16368415963571986,0.11277597120399512,-0.057356743924110554,0.3847250631955503,TRUE,post_treatment
Income_share_bottom50_WID,heritage_Monetary.Freedom,2,0.17051317516139705,0.15958165797041224,-0.14226687446061095,0.4832932247834051,TRUE,post_treatment
Income_share_bottom50_WID,heritage_Monetary.Freedom,3,0.28690955944325197,0.19123482694867677,-0.08791070137615448,0.6617298202626585,TRUE,post_treatment
Income_share_bottom50_WID,heritage_Monetary.Freedom,4,0.3628105746454802,0.1929569695949117,-0.015385085760546702,0.7410062350515072,TRUE,post_treatment
Income_share_bottom50_WID,heritage_Monetary.Freedom,5,0.34886915469915725,0.23971852206722882,-0.12097914855261122,0.8187174579509258,TRUE,post_treatment
Income_share_bottom50_WID,heritage_Monetary.Freedom,6,0.34705731126316036,0.2402009450270195,-0.12373654098979786,0.8178511635161185,TRUE,post_treatment
Income_share_bottom50_WID,heritage_Monetary.Freedom,7,0.26191035984668076,0.25265284258086695,-0.23328921161181848,0.75710993130518,TRUE,post_treatment
Income_share_bottom50_WID,heritage_Monetary.Freedom,8,0.32939898324096456,0.2413900786891006,-0.1437255709896726,0.8025235374716018,TRUE,post_treatment
Income_share_bottom50_WID,heritage_Monetary.Freedom,9,0.45834645420488035,0.31404646491164495,-0.1571846170219437,1.0738775254317043,TRUE,post_treatment
Income_share_bottom50_WID,heritage_Monetary.Freedom,10,0.5480051946201471,0.2859145507606952,-0.012387324870815508,1.1083977141111097,TRUE,post_treatment
Income_share_bottom50_WID,heritage_Monetary.Freedom,11,0.5027503501259398,0.3168379978294136,-0.11825212561971077,1.1237528258715903,TRUE,post_treatment
Income_share_bottom50_WID,heritage_Monetary.Freedom,12,0.6520917219572878,0.3683909763495305,-0.06995459168779194,1.3741380356023676,TRUE,post_treatment
Income_share_bottom50_WID,heritage_Monetary.Freedom,13,0.7362055070939841,0.3529106332763236,0.04450066587238988,1.4279103483155784,FALSE,post_treatment
Income_share_bottom50_WID,heritage_Monetary.Freedom,14,0.7853428835540024,0.32587933921238554,0.1466193786977268,1.424066388410278,FALSE,post_treatment
Income_share_bottom50_WID,heritage_Monetary.Freedom,15,0.8393080726811245,0.3731533399704557,0.10792752633903135,1.5706886190232177,FALSE,post_treatment
Income_share_bottom50_WID,heritage_Monetary.Freedom,16,0.6887869554879554,0.4018222868244193,-0.09878472668790639,1.4763586376638171,TRUE,post_treatment
Income_share_bottom50_WID,heritage_Monetary.Freedom,17,0.5019535428528901,0.3061853479161407,-0.09816973906274573,1.1020768247685258,TRUE,post_treatment
Income_share_bottom50_WID,heritage_Monetary.Freedom,18,0.4570371329977022,0.39860373553568546,-0.3242261886522413,1.2383004546476457,TRUE,post_treatment
Income_share_bottom50_WID,heritage_Monetary.Freedom,19,0.557932429978926,0.4351144593287031,-0.294891910305332,1.410756770263184,TRUE,post_treatment
Income_share_bottom50_WID,heritage_Monetary.Freedom,20,0.5220631982391721,0.4286331230063431,-0.3180577228532603,1.3621841193316047,TRUE,post_treatment
Income_share_bottom50_WID,heritage_Monetary.Freedom,21,0.5956148814588145,0.4366867639911401,-0.2602911759638201,1.451520938881449,TRUE,post_treatment
Income_share_bottom50_WID,heritage_Monetary.Freedom,22,0.6056226058949393,0.5000857603044634,-0.3745454843018089,1.5857906960916877,TRUE,post_treatment
Income_share_bottom50_WID,heritage_Monetary.Freedom,23,0.967822833593772,0.4718422246662945,0.04301207324783474,1.8926335939397092,FALSE,post_treatment
Income_share_bottom50_WID,heritage_Monetary.Freedom,24,0.2441292439871445,0.5905504720476819,-0.9133496812263118,1.4016081692006008,TRUE,post_treatment
Income_share_bottom50_WID,heritage_Monetary.Freedom,25,-0.4921211832192969,0.7688607300222405,-1.9990882140628883,1.0148458476242945,TRUE,post_treatment
Income_share_bottom50_WID,heritage_Monetary.Freedom,26,-0.07605300988319837,0.9396153554003018,-1.91769910646779,1.7655930867013931,TRUE,post_treatment
Income_share_bottom50_WID,heritage_Property.Rights,-26,-0.09973684210526329,0.18583408047529207,-0.46397163983683576,0.2644979556263092,TRUE,pre_treatment
Income_share_bottom50_WID,heritage_Property.Rights,-25,0.13011695906432763,0.13169407764029611,-0.12800343311065276,0.388237351239308,TRUE,pre_treatment
Income_share_bottom50_WID,heritage_Property.Rights,-24,0.07259259259259278,0.10272300079736937,-0.1287444889702512,0.27392967415543673,TRUE,pre_treatment
Income_share_bottom50_WID,heritage_Property.Rights,-23,0.02881578947368412,0.09565849840264003,-0.15867486739549033,0.2163064463428586,TRUE,pre_treatment
Income_share_bottom50_WID,heritage_Property.Rights,-22,-0.0945449561403509,0.13493215563974378,-0.3590119811942487,0.1699220689135469,TRUE,pre_treatment
Income_share_bottom50_WID,heritage_Property.Rights,-21,-0.18837849974339993,0.10892142779397666,-0.4018644982195942,0.02510749873279433,TRUE,pre_treatment
Income_share_bottom50_WID,heritage_Property.Rights,-20,0.07453688392161364,0.07220613059365569,-0.0669871320419515,0.2160608998851788,TRUE,pre_treatment
Income_share_bottom50_WID,heritage_Property.Rights,-19,0.12697925576400332,0.06768205538125084,-0.005677572783248319,0.25963608431125496,TRUE,pre_treatment
Income_share_bottom50_WID,heritage_Property.Rights,-18,-0.029762371462241782,0.1011285842303154,-0.22797439655365997,0.1684496536291764,TRUE,pre_treatment
Income_share_bottom50_WID,heritage_Property.Rights,-17,0.08725647915835066,0.09927773671787005,-0.10732788480867461,0.28184084312537594,TRUE,pre_treatment
Income_share_bottom50_WID,heritage_Property.Rights,-16,-0.02070344129554646,0.06841174820257075,-0.15479046777258512,0.11338358518149219,TRUE,pre_treatment
Income_share_bottom50_WID,heritage_Property.Rights,-15,0.0010100250626568314,0.07899036244806171,-0.15381108533554413,0.15583113546085778,TRUE,pre_treatment
Income_share_bottom50_WID,heritage_Property.Rights,-14,0.031625939849623995,0.06189482773388702,-0.08968792250879457,0.15293980220804254,TRUE,pre_treatment
Income_share_bottom50_WID,heritage_Property.Rights,-13,0.06295062878435008,0.06649541189813098,-0.06738037853598662,0.1932816361046868,TRUE,pre_treatment
Income_share_bottom50_WID,heritage_Property.Rights,-12,-0.03906971375807934,0.04723781634737822,-0.13165583379894064,0.05351640628278197,TRUE,pre_treatment
Income_share_bottom50_WID,heritage_Property.Rights,-11,0.011467785843920462,0.0903282376326922,-0.16557555991615625,0.18851113160399718,TRUE,pre_treatment
Income_share_bottom50_WID,heritage_Property.Rights,-10,-0.017485380116959295,0.05940643050537899,-0.13392198390750212,0.09895122367358353,TRUE,pre_treatment
Income_share_bottom50_WID,heritage_Property.Rights,-9,0.06772829509671623,0.08319466705326424,-0.09533325232768168,0.23078984252111412,TRUE,pre_treatment
Income_share_bottom50_WID,heritage_Property.Rights,-8,0.004266756635177598,0.06225604203076633,-0.1177550857451244,0.1262885990154796,TRUE,pre_treatment
Income_share_bottom50_WID,heritage_Property.Rights,-7,0.11109022556390966,0.07024760636103156,-0.02659508290371218,0.2487755340315315,TRUE,pre_treatment
Income_share_bottom50_WID,heritage_Property.Rights,-6,0.04983688560243599,0.07392049290777551,-0.09504728049680403,0.194721051701676,TRUE,pre_treatment
Income_share_bottom50_WID,heritage_Property.Rights,-5,-0.023785263157894882,0.0640679398625405,-0.14935842528847426,0.10178789897268449,TRUE,pre_treatment
Income_share_bottom50_WID,heritage_Property.Rights,-4,0.015324210526315945,0.08440633853569363,-0.15011221300364355,0.18076063405627543,TRUE,pre_treatment
Income_share_bottom50_WID,heritage_Property.Rights,-3,0.07316197470420246,0.06535648416170087,-0.05493673425273124,0.20126068366113617,TRUE,pre_treatment
Income_share_bottom50_WID,heritage_Property.Rights,-2,0.053963317384370074,0.04799143978897869,-0.040099904602028155,0.14802653937076832,TRUE,pre_treatment
Income_share_bottom50_WID,heritage_Property.Rights,-1,0.010453963998075855,0.06647399594681858,-0.11983506805768857,0.14074299605384027,TRUE,pre_treatment
Income_share_bottom50_WID,heritage_Property.Rights,0,-0.10004627915586815,0.06337018851001604,-0.22425184863549957,0.02415929032376328,TRUE,post_treatment
Income_share_bottom50_WID,heritage_Property.Rights,1,-0.14018525515647198,0.09968405484866062,-0.3355660026598468,0.055195492346902825,TRUE,post_treatment
Income_share_bottom50_WID,heritage_Property.Rights,2,-0.0724126511379802,0.14319095780820487,-0.3530669284420618,0.20824162616610134,TRUE,post_treatment
Income_share_bottom50_WID,heritage_Property.Rights,3,-0.03228104043893528,0.1625190564992722,-0.3508183911775088,0.2862563102996383,TRUE,post_treatment
Income_share_bottom50_WID,heritage_Property.Rights,4,-0.08775140439279594,0.1823536271534196,-0.44516451361349835,0.26966170482790647,TRUE,post_treatment
Income_share_bottom50_WID,heritage_Property.Rights,5,-0.08655255671183662,0.17039895660725216,-0.4205345116620508,0.2474293982383776,TRUE,post_treatment
Income_share_bottom50_WID,heritage_Property.Rights,6,0.36028822055137816,0.2932230481193603,-0.21442895376256804,0.9350053948653243,TRUE,post_treatment
Income_share_bottom50_WID,heritage_Property.Rights,7,0.4737844611528821,0.2546532586414774,-0.025335925784413627,0.9729048480901779,TRUE,post_treatment
Income_share_bottom50_WID,heritage_Property.Rights,8,0.6574686716791981,0.38949673643476285,-0.10594493173293706,1.4208822750913332,TRUE,post_treatment
Income_share_bottom50_WID,heritage_Property.Rights,9,0.6328947368421054,0.3557951972173928,-0.06446384970398444,1.3302533233881952,TRUE,post_treatment
Income_share_bottom50_WID,heritage_Property.Rights,10,0.7348836618573459,0.3515422580495905,0.04586083608014857,1.423906487634543,FALSE,post_treatment
Income_share_bottom50_WID,heritage_Property.Rights,11,0.8933948045790151,0.32429362011400975,0.257779309155556,1.5290103000024742,FALSE,post_treatment
Income_share_bottom50_WID,heritage_Property.Rights,12,0.7963216875411997,0.39183300595723125,0.028328995865026463,1.564314379217373,FALSE,post_treatment
Income_share_bottom50_WID,heritage_Property.Rights,13,1.0811162245837165,0.4612276715851182,0.17710998827688484,1.985122460890548,FALSE,post_treatment
Income_share_bottom50_WID,heritage_Property.Rights,14,1.0585617914565286,0.46688393297185043,0.1434692828317018,1.9736543000813556,FALSE,post_treatment
Income_share_bottom50_WID,heritage_Property.Rights,15,1.1755345394736842,0.6199791322796264,-0.03962455979438362,2.390693638741752,TRUE,post_treatment
Income_share_bottom50_WID,heritage_Property.Rights,16,1.1745068752963488,0.6049737449461504,-0.011241664798105955,2.3602554153908035,TRUE,post_treatment
Income_share_bottom50_WID,heritage_Property.Rights,17,1.0997277676950994,0.561223059375595,-2.6942868106694107e-4,2.1997249640712657,TRUE,post_treatment
Income_share_bottom50_WID,heritage_Property.Rights,18,1.0093363417864323,0.6057255498744815,-0.17788573596755142,2.196558419540416,TRUE,post_treatment
Income_share_bottom50_WID,heritage_Property.Rights,19,0.8822543777897678,0.550124747432905,-0.19599012717872588,1.9604988827582615,TRUE,post_treatment
Income_share_bottom50_WID,heritage_Property.Rights,20,1.0424492913966599,0.6002470955728512,-0.13403501592612832,2.218933598719448,TRUE,post_treatment
Income_share_bottom50_WID,heritage_Property.Rights,21,0.7460645803698432,0.5635568768474661,-0.3585068982511904,1.8506360589908768,TRUE,post_treatment
Income_share_bottom50_WID,heritage_Property.Rights,22,1.0482296958612745,0.7266431556870716,-0.3759908892853858,2.4724502810079345,TRUE,post_treatment
Income_share_bottom50_WID,heritage_Property.Rights,23,1.3191532886269721,0.5403256514213954,0.26011501184103714,2.378191565412907,FALSE,post_treatment
Income_share_bottom50_WID,heritage_Property.Rights,24,1.35751359718852,0.7007439758881419,-0.01594459555223815,2.730971789929278,TRUE,post_treatment
Income_share_bottom50_WID,heritage_Property.Rights,25,1.2552916073968707,0.7853152324912904,-0.2839262482860585,2.7945094630798,TRUE,post_treatment
Income_share_bottom50_WID,heritage_Property.Rights,26,0.6403942288152811,1.0545143732214153,-1.4264539426986929,2.707242400329255,TRUE,post_treatment
Income_share_bottom50_WID,heritage_Tax.Burden,-25,0.12772147147146964,0.09994801498437886,-0.06817663789791292,0.3236195808408522,TRUE,pre_treatment
Income_share_bottom50_WID,heritage_Tax.Burden,-24,0.1215553053053056,0.12653184392440028,-0.12644710878651894,0.36955771939713017,TRUE,pre_treatment
Income_share_bottom50_WID,heritage_Tax.Burden,-23,-0.1279391891891899,0.11148470235044985,-0.34644920579607164,0.09057082741769182,TRUE,pre_treatment
Income_share_bottom50_WID,heritage_Tax.Burden,-22,0.11256006006006,0.22635168167817368,-0.3310892360291604,0.5562093561492805,TRUE,pre_treatment
Income_share_bottom50_WID,heritage_Tax.Burden,-21,-0.6184734734734733,0.6785572187568518,-1.9484456222369029,0.7114986752899563,TRUE,pre_treatment
Income_share_bottom50_WID,heritage_Tax.Burden,-20,0.4780609180609181,0.3963687989066641,-0.29882192779614347,1.2549437639179797,TRUE,pre_treatment
Income_share_bottom50_WID,heritage_Tax.Burden,-19,0.1378495161828496,0.21625641856727085,-0.2860130642090013,0.5617120965747004,TRUE,pre_treatment
Income_share_bottom50_WID,heritage_Tax.Burden,-18,0.2271951951951954,0.22437241209519082,-0.21257473251137862,0.6669651229017695,TRUE,pre_treatment
Income_share_bottom50_WID,heritage_Tax.Burden,-17,0.17386786786786798,0.2371527446486705,-0.2909515116435262,0.6386872473792622,TRUE,pre_treatment
Income_share_bottom50_WID,heritage_Tax.Burden,-16,0.14463619869869823,0.13710776503463828,-0.1240950207691928,0.4133674181665893,TRUE,pre_treatment
Income_share_bottom50_WID,heritage_Tax.Burden,-15,0.13950627097685925,0.13153232521396815,-0.11829708644251835,0.39730962839623685,TRUE,pre_treatment
Income_share_bottom50_WID,heritage_Tax.Burden,-14,-0.02688745563745549,0.05769385427077669,-0.1399674100081778,0.08619249873326681,TRUE,pre_treatment
Income_share_bottom50_WID,heritage_Tax.Burden,-13,0.2563472711842277,0.184528068372371,-0.10532774282561952,0.6180222851940749,TRUE,pre_treatment
Income_share_bottom50_WID,heritage_Tax.Burden,-12,0.10721606606606585,0.1403417359463363,-0.1678537363887533,0.382285868520885,TRUE,pre_treatment
Income_share_bottom50_WID,heritage_Tax.Burden,-11,0.10345527345527347,0.045426257759387766,0.014419808246873458,0.1924907386636735,FALSE,pre_treatment
Income_share_bottom50_WID,heritage_Tax.Burden,-10,0.09104465952438905,0.10327706050600058,-0.1113783790673721,0.2934676981161502,TRUE,pre_treatment
Income_share_bottom50_WID,heritage_Tax.Burden,-9,0.14456679894179916,0.11488975912335729,-0.08061712893998113,0.36975072682357946,TRUE,pre_treatment
Income_share_bottom50_WID,heritage_Tax.Burden,-8,-0.01204504504504504,0.08787566713962236,-0.18428135263870485,0.1601912625486148,TRUE,pre_treatment
Income_share_bottom50_WID,heritage_Tax.Burden,-7,-0.009243322269638098,0.08085795150274762,-0.16772490721502342,0.14923826267574725,TRUE,pre_treatment
Income_share_bottom50_WID,heritage_Tax.Burden,-6,-0.16364580306112567,0.1170884122928056,-0.39313909115502466,0.06584748503277332,TRUE,pre_treatment
Income_share_bottom50_WID,heritage_Tax.Burden,-5,0.012035350567959294,0.08975352867086651,-0.16388156562693906,0.18795226676285764,TRUE,pre_treatment
Income_share_bottom50_WID,heritage_Tax.Burden,-4,0.04998758017276556,0.08513839146100864,-0.11688366709081138,0.2168588274363425,TRUE,pre_treatment
Income_share_bottom50_WID,heritage_Tax.Burden,-3,0.03274286334527278,0.05943887862719514,-0.08375733876402969,0.14924306545457525,TRUE,pre_treatment
Income_share_bottom50_WID,heritage_Tax.Burden,-2,0.007120696277673013,0.04812686911627186,-0.08720796719021982,0.10144935974556586,TRUE,pre_treatment
Income_share_bottom50_WID,heritage_Tax.Burden,-1,0.10907629096487804,0.058522148170677996,-0.00562711944965083,0.22377970137940692,TRUE,pre_treatment
Income_share_bottom50_WID,heritage_Tax.Burden,0,0.06508913225180327,0.06022830206216883,-0.05295833979004763,0.18313660429365416,TRUE,post_treatment
Income_share_bottom50_WID,heritage_Tax.Burden,1,0.08041469582907938,0.08003695790956114,-0.07645774167366044,0.23728713333181922,TRUE,post_treatment
Income_share_bottom50_WID,heritage_Tax.Burden,2,0.011115171488078663,0.13063844358902774,-0.2449361779464157,0.26716652092257304,TRUE,post_treatment
Income_share_bottom50_WID,heritage_Tax.Burden,3,0.07975948775558311,0.14181800945720094,-0.19820381078053073,0.35772278629169696,TRUE,post_treatment
Income_share_bottom50_WID,heritage_Tax.Burden,4,0.19067088125307294,0.18634686839023157,-0.17456898079178093,0.5559107432979268,TRUE,post_treatment
Income_share_bottom50_WID,heritage_Tax.Burden,5,0.27532370588449356,0.18211435507792248,-0.0816204300682345,0.6322678418372216,TRUE,post_treatment
Income_share_bottom50_WID,heritage_Tax.Burden,6,0.24395713581073153,0.24120706934339464,-0.22880872010232195,0.716722991723785,TRUE,post_treatment
Income_share_bottom50_WID,heritage_Tax.Burden,7,0.19748958594184002,0.23316982242461448,-0.2595232660104044,0.6545024378940845,TRUE,post_treatment
Income_share_bottom50_WID,heritage_Tax.Burden,8,0.20233245214562173,0.2557993799215028,-0.29903433250052375,0.7036992367917672,TRUE,post_treatment
Income_share_bottom50_WID,heritage_Tax.Burden,9,0.06791512505656333,0.2615536675719766,-0.4447300633845109,0.5805603134976376,TRUE,post_treatment
Income_share_bottom50_WID,heritage_Tax.Burden,10,0.1470700491587477,0.28594320215507946,-0.4133786270652081,0.7075187253827034,TRUE,post_treatment
Income_share_bottom50_WID,heritage_Tax.Burden,11,0.1753564449968558,0.2833826090900676,-0.38007346881967674,0.7307863588133883,TRUE,post_treatment
Income_share_bottom50_WID,heritage_Tax.Burden,12,0.18986663751688063,0.2787135023564729,-0.3564118271018063,0.7361451021355675,TRUE,post_treatment
Income_share_bottom50_WID,heritage_Tax.Burden,13,0.14088822438565604,0.35591718334352,-0.5567094549676431,0.8384859037389553,TRUE,post_treatment
Income_share_bottom50_WID,heritage_Tax.Burden,14,0.12533246638230103,0.3663249894433581,-0.5926645129266809,0.8433294456912829,TRUE,post_treatment
Income_share_bottom50_WID,heritage_Tax.Burden,15,0.10427994110145591,0.4464395651628536,-0.7707416066177372,0.9793014888206489,TRUE,post_treatment
Income_share_bottom50_WID,heritage_Tax.Burden,16,0.11591483807237227,0.3680351337311952,-0.6054340240407703,0.8372637001855148,TRUE,post_treatment
Income_share_bottom50_WID,heritage_Tax.Burden,17,0.03997844673346626,0.3782153226795414,-0.7013235857184348,0.7812804791853674,TRUE,post_treatment
Income_share_bottom50_WID,heritage_Tax.Burden,18,-0.1478188890945739,0.49776860269207845,-1.1234453503710478,0.8278075721818998,TRUE,post_treatment
Income_share_bottom50_WID,heritage_Tax.Burden,19,-0.16151761297651715,0.44132412298402257,-1.0265128940252013,0.703477668072167,TRUE,post_treatment
Income_share_bottom50_WID,heritage_Tax.Burden,20,-0.5027189421264118,0.3623704043842635,-1.2129649347195683,0.2075270504667447,TRUE,post_treatment
Income_share_bottom50_WID,heritage_Tax.Burden,21,-0.47365030484251364,0.4778631420524634,-1.4102620632653418,0.46296145358031454,TRUE,post_treatment
Income_share_bottom50_WID,heritage_Tax.Burden,22,-0.6445556272945184,0.5876249995800193,-1.7963006264713561,0.5071893718823194,TRUE,post_treatment
Income_share_bottom50_WID,heritage_Tax.Burden,23,-0.8570113417621688,0.6098696338105954,-2.052355824030936,0.33833314050659835,TRUE,post_treatment
Income_share_bottom50_WID,heritage_Tax.Burden,24,-0.4668181423432566,0.6029310348459199,-1.6485629706412595,0.7149266859547464,TRUE,post_treatment
Income_share_bottom50_WID,heritage_Tax.Burden,25,-0.7417583636718911,0.6967014572860412,-2.1072932199525316,0.6237764926087496,TRUE,post_treatment
Income_share_bottom50_WID,heritage_Tax.Burden,26,-1.3563367477066108,0.8853150291280166,-3.0915542047975233,0.37888070938430163,TRUE,post_treatment
Income_share_bottom50_WID,heritage_Trade.Freedom,-26,0.0524903041437049,0.09445196007258647,-0.13263553759856458,0.23761614588597438,TRUE,pre_treatment
Income_share_bottom50_WID,heritage_Trade.Freedom,-25,0.06594202898550698,0.052347286899977176,-0.03665865333844828,0.16854271130946225,TRUE,pre_treatment
Income_share_bottom50_WID,heritage_Trade.Freedom,-24,0.12028985507246365,0.05527761390609717,0.011945731816513191,0.2286339783284141,FALSE,pre_treatment
Income_share_bottom50_WID,heritage_Trade.Freedom,-23,0.0014625433761985412,0.07337515040731088,-0.14235275142213077,0.14527783817452788,TRUE,pre_treatment
Income_share_bottom50_WID,heritage_Trade.Freedom,-22,0.10525141185275902,0.04617938653692032,0.014739814240395194,0.19576300946512284,FALSE,pre_treatment
Income_share_bottom50_WID,heritage_Trade.Freedom,-21,-0.025037762808736118,0.14855182193700142,-0.3161993338052589,0.2661238081877867,TRUE,pre_treatment
Income_share_bottom50_WID,heritage_Trade.Freedom,-20,-0.086572769953052,0.14736557357470081,-0.3754092941594656,0.20226375425336157,TRUE,pre_treatment
Income_share_bottom50_WID,heritage_Trade.Freedom,-19,0.023624209022249553,0.09056779158197693,-0.15388866247842525,0.20113708052292434,TRUE,pre_treatment
Income_share_bottom50_WID,heritage_Trade.Freedom,-18,0.024061146265678086,0.08304477670042343,-0.13870661606715182,0.186828908598508,TRUE,pre_treatment
Income_share_bottom50_WID,heritage_Trade.Freedom,-17,-0.10765981925810493,0.17263646853725148,-0.4460272975911178,0.23070765907490798,TRUE,pre_treatment
Income_share_bottom50_WID,heritage_Trade.Freedom,-16,-0.12099517954998662,0.14049071199359275,-0.3963569750574284,0.15436661595745516,TRUE,pre_treatment
Income_share_bottom50_WID,heritage_Trade.Freedom,-15,-0.04684615908008426,0.12401013428586909,-0.28990602228038764,0.19621370412021916,TRUE,pre_treatment
Income_share_bottom50_WID,heritage_Trade.Freedom,-14,0.07409291211891979,0.1225660520251588,-0.16613654985039145,0.31432237408823105,TRUE,pre_treatment
Income_share_bottom50_WID,heritage_Trade.Freedom,-13,0.03200889547813186,0.09839708827932613,-0.16084939754934735,0.22486718850561105,TRUE,pre_treatment
Income_share_bottom50_WID,heritage_Trade.Freedom,-12,-0.14750479689732604,0.11159724544640301,-0.36623539797227594,0.07122580417762386,TRUE,pre_treatment
Income_share_bottom50_WID,heritage_Trade.Freedom,-11,-0.04753884466217593,0.055634449257393095,-0.1565823652066664,0.06150467588231454,TRUE,pre_treatment
Income_share_bottom50_WID,heritage_Trade.Freedom,-10,-0.0844575083350342,0.13271024149845495,-0.34456958167200585,0.1756545650019375,TRUE,pre_treatment
Income_share_bottom50_WID,heritage_Trade.Freedom,-9,-0.05777493242281989,0.18941269059331825,-0.42902380598572365,0.31347394114008387,TRUE,pre_treatment
Income_share_bottom50_WID,heritage_Trade.Freedom,-8,-0.03682582613231721,0.0800443326001408,-0.19371271802859316,0.12006106576395872,TRUE,pre_treatment
Income_share_bottom50_WID,heritage_Trade.Freedom,-7,-0.08680337693197476,0.10319534007193899,-0.28906624347297516,0.11545948960902566,TRUE,pre_treatment
Income_share_bottom50_WID,heritage_Trade.Freedom,-6,0.08839715746450402,0.08346141712623323,-0.0751872201029131,0.2519815350319211,TRUE,pre_treatment
Income_share_bottom50_WID,heritage_Trade.Freedom,-5,0.029449791447619156,0.07164687334529013,-0.1109780803091495,0.16987766320438782,TRUE,pre_treatment
Income_share_bottom50_WID,heritage_Trade.Freedom,-4,0.08839290169357526,0.06650235070783572,-0.041951705693782745,0.21873750908093326,TRUE,pre_treatment
Income_share_bottom50_WID,heritage_Trade.Freedom,-3,0.017579067756925353,0.057210058082473654,-0.094552646084723,0.12971078159857372,TRUE,pre_treatment
Income_share_bottom50_WID,heritage_Trade.Freedom,-2,-0.031198155686034536,0.07514557390534707,-0.1784834805405148,0.11608716916844572,TRUE,pre_treatment
Income_share_bottom50_WID,heritage_Trade.Freedom,-1,0.07894826615020883,0.07593299642739137,-0.06988040684747826,0.22777693914789593,TRUE,pre_treatment
Income_share_bottom50_WID,heritage_Trade.Freedom,0,0.14007491789263207,0.06733828952831021,0.00809187041714407,0.2720579653681201,FALSE,post_treatment
Income_share_bottom50_WID,heritage_Trade.Freedom,1,0.24759187370600408,0.10113788623922708,0.049361616677119,0.4458221307348892,FALSE,post_treatment
Income_share_bottom50_WID,heritage_Trade.Freedom,2,0.32049243494090834,0.14588164579597754,0.0345644091807924,0.6064204607010243,FALSE,post_treatment
Income_share_bottom50_WID,heritage_Trade.Freedom,3,0.3524179130164005,0.1680489873250667,0.0230418978592698,0.6817939281735312,FALSE,post_treatment
Income_share_bottom50_WID,heritage_Trade.Freedom,4,0.34033060590990777,0.20632501981550638,-0.06406643292848474,0.7447276447483002,TRUE,post_treatment
Income_share_bottom50_WID,heritage_Trade.Freedom,5,0.2449242827187101,0.18543596898285195,-0.11853021648767967,0.6083787819250999,TRUE,post_treatment
Income_share_bottom50_WID,heritage_Trade.Freedom,6,0.17925737057633653,0.21647590676906425,-0.24503540669102938,0.6035501478437024,TRUE,post_treatment
Income_share_bottom50_WID,heritage_Trade.Freedom,7,0.18756756200010863,0.23096523456976353,-0.26512429775662794,0.6402594217568451,TRUE,post_treatment
Income_share_bottom50_WID,heritage_Trade.Freedom,8,0.14321426724598804,0.261925494275099,-0.3701597015332059,0.656588236025182,TRUE,post_treatment
Income_share_bottom50_WID,heritage_Trade.Freedom,9,0.2036979480001524,0.2554090723518041,-0.2969038338093837,0.7042997298096885,TRUE,post_treatment
Income_share_bottom50_WID,heritage_Trade.Freedom,10,0.17471770892476182,0.31374414769274056,-0.4402208205530097,0.7896562384025333,TRUE,post_treatment
Income_share_bottom50_WID,heritage_Trade.Freedom,11,0.15914445746945413,0.3703811989662389,-0.5668026925043741,0.8850916074432824,TRUE,post_treatment
Income_share_bottom50_WID,heritage_Trade.Freedom,12,0.18020058178113327,0.26915344282859266,-0.3473401661629083,0.7077413297251749,TRUE,post_treatment
Income_share_bottom50_WID,heritage_Trade.Freedom,13,0.2002022873958728,0.3509737491420676,-0.4877062609225797,0.8881108357143253,TRUE,post_treatment
Income_share_bottom50_WID,heritage_Trade.Freedom,14,0.18175650790341794,0.3512287057015222,-0.5066517552715656,0.8701647710784014,TRUE,post_treatment
Income_share_bottom50_WID,heritage_Trade.Freedom,15,0.21968894087604943,0.42472330078446013,-0.6127687286614925,1.0521466104135913,TRUE,post_treatment
Income_share_bottom50_WID,heritage_Trade.Freedom,16,0.2514504421124903,0.3862409017535486,-0.505581725324465,1.0084826095494455,TRUE,post_treatment
Income_share_bottom50_WID,heritage_Trade.Freedom,17,0.23674627369595594,0.36550343044221417,-0.4796404499707838,0.9531329973626956,TRUE,post_treatment
Income_share_bottom50_WID,heritage_Trade.Freedom,18,0.3410327096637798,0.41840466269565196,-0.4790404292196981,1.1611058485472576,TRUE,post_treatment
Income_share_bottom50_WID,heritage_Trade.Freedom,19,0.46028583282113167,0.4557865367448854,-0.43305577919884364,1.353627444841107,TRUE,post_treatment
Income_share_bottom50_WID,heritage_Trade.Freedom,20,0.4094284500579662,0.4783062448714215,-0.5280517898900199,1.3469086900059524,TRUE,post_treatment
Income_share_bottom50_WID,heritage_Trade.Freedom,21,0.48056877080287086,0.44804689944756143,-0.3976031521143495,1.3587406937200912,TRUE,post_treatment
Income_share_bottom50_WID,heritage_Trade.Freedom,22,0.5171343908863807,0.526757898004299,-0.5153110892020453,1.5495798709748065,TRUE,post_treatment
Income_share_bottom50_WID,heritage_Trade.Freedom,23,0.590856284956113,0.5688865814951327,-0.5241614147743472,1.7058739846865731,TRUE,post_treatment
Income_share_bottom50_WID,heritage_Trade.Freedom,24,0.8141561063644346,0.5962114762188458,-0.35441838702450335,1.9827305997533724,TRUE,post_treatment
Income_share_bottom50_WID,heritage_Trade.Freedom,25,-0.004307911652107588,0.7677161602258715,-1.5090315856948158,1.5004157623906005,TRUE,post_treatment
Income_share_bottom50_WID,heritage_Trade.Freedom,26,0.3248702213279675,1.084397828058971,-1.8005495216676157,2.4502899643235505,TRUE,post_treatment
log_under5_mort,fraser_FreeTrade,-26,-0.12907565083355185,0.07954174850549772,-0.28497747790432737,0.026826176237223692,TRUE,pre_treatment
log_under5_mort,fraser_FreeTrade,-25,-0.009602280550142943,0.013943229207366814,-0.0369310097965819,0.017726448696296013,TRUE,pre_treatment
log_under5_mort,fraser_FreeTrade,-24,-0.0020146372071582356,0.009670957147750786,-0.020969713216749775,0.016940438802433306,TRUE,pre_treatment
log_under5_mort,fraser_FreeTrade,-23,0.0038821643885232258,0.009456249887189225,-0.014652085390367655,0.022416414167414106,TRUE,pre_treatment
log_under5_mort,fraser_FreeTrade,-22,0.09819853111619693,0.10776878871261253,-0.11302829476052363,0.3094253569929175,TRUE,pre_treatment
log_under5_mort,fraser_FreeTrade,-21,0.003865849471686147,0.009187307353397706,-0.014141272940973358,0.02187297188434565,TRUE,pre_treatment
log_under5_mort,fraser_FreeTrade,-20,0.0058723407650952,0.007701945841127227,-0.009223473083514164,0.020968154613704566,TRUE,pre_treatment
log_under5_mort,fraser_FreeTrade,-19,0.015319939268324242,0.012172713597606698,-0.008538579382984884,0.03917845791963337,TRUE,pre_treatment
log_under5_mort,fraser_FreeTrade,-18,0.00632367415746252,0.013404889958829035,-0.019949910161842388,0.03259725847676743,TRUE,pre_treatment
log_under5_mort,fraser_FreeTrade,-17,-0.008425827493548223,0.013749068525315699,-0.03537400180316699,0.018522346816070547,TRUE,pre_treatment
log_under5_mort,fraser_FreeTrade,-16,-0.003024343774770822,0.005832515072865759,-0.01445607331758771,0.008407385768046068,TRUE,pre_treatment
log_under5_mort,fraser_FreeTrade,-15,-0.0042496493614617,0.005837271634552095,-0.015690701765183807,0.007191403042260404,TRUE,pre_treatment
log_under5_mort,fraser_FreeTrade,-14,0.001938474769851006,0.0071003854485519,-0.011978280709310717,0.01585523024901273,TRUE,pre_treatment
log_under5_mort,fraser_FreeTrade,-13,0.009035305015690777,0.012332939100937015,-0.015137255622145773,0.033207865653527326,TRUE,pre_treatment
log_under5_mort,fraser_FreeTrade,-12,-0.0033997794176167735,0.013463452704814149,-0.029788146719052503,0.022988587883818957,TRUE,pre_treatment
log_under5_mort,fraser_FreeTrade,-11,0.013856219463328262,0.013093818520591445,-0.01180766483703097,0.039520103763687496,TRUE,pre_treatment
log_under5_mort,fraser_FreeTrade,-10,-0.004803634345866314,0.022082703746120886,-0.04808573368826325,0.03847846499653062,TRUE,pre_treatment
log_under5_mort,fraser_FreeTrade,-9,-0.002584514203032506,0.006933912725825543,-0.016174983145650572,0.011005954739585558,TRUE,pre_treatment
log_under5_mort,fraser_FreeTrade,-8,-0.005554279586976751,0.005003958061041952,-0.015362037386618977,0.004253478212665475,TRUE,pre_treatment
log_under5_mort,fraser_FreeTrade,-7,0.0073214578539373115,0.007088837126040705,-0.00657266291310247,0.021215578620977095,TRUE,pre_treatment
log_under5_mort,fraser_FreeTrade,-6,0.0033377444138856394,0.009027842508248046,-0.01435682690228053,0.021032315730051807,TRUE,pre_treatment
log_under5_mort,fraser_FreeTrade,-5,0.015850295823388823,0.021864694714546065,-0.027004505817121466,0.05870509746389911,TRUE,pre_treatment
log_under5_mort,fraser_FreeTrade,-4,-0.008199333331209958,0.020117470315432897,-0.04762957514945844,0.031230908487038522,TRUE,pre_treatment
log_under5_mort,fraser_FreeTrade,-3,4.4565683148007924e-4,0.010180724023216509,-0.019508562254024277,0.020399875916984434,TRUE,pre_treatment
log_under5_mort,fraser_FreeTrade,-2,0.002859609682828329,0.007991072250736633,-0.012802891928615471,0.01852211129427213,TRUE,pre_treatment
log_under5_mort,fraser_FreeTrade,-1,0.009681323953211755,0.004988982461063259,-9.708167047223215e-5,0.01945972957689574,TRUE,pre_treatment
log_under5_mort,fraser_FreeTrade,0,0.017113476846991556,0.005961179075706886,0.00542956585860606,0.028797387835377053,FALSE,post_treatment
log_under5_mort,fraser_FreeTrade,1,0.011933334462952248,0.010666230254066031,-0.008972476835017172,0.032839145760921666,TRUE,post_treatment
log_under5_mort,fraser_FreeTrade,2,0.01890775478687046,0.015533077004905438,-0.011537076142744199,0.04935258571648512,TRUE,post_treatment
log_under5_mort,fraser_FreeTrade,3,0.02099536952829565,0.02307825914730551,-0.024238018400423146,0.06622875745701445,TRUE,post_treatment
log_under5_mort,fraser_FreeTrade,4,0.005055556004966632,0.024470554213274875,-0.04290673025305212,0.053017842262985386,TRUE,post_treatment
log_under5_mort,fraser_FreeTrade,5,0.01766833151169997,0.031414778875033834,-0.043904635083366346,0.07924129810676628,TRUE,post_treatment
log_under5_mort,fraser_FreeTrade,6,0.0029360141011920394,0.038953358782211366,-0.07341256911194223,0.07928459731432631,TRUE,post_treatment
log_under5_mort,fraser_FreeTrade,7,0.03720875530302141,0.04932303343993301,-0.05946439023924728,0.1338819008452901,TRUE,post_treatment
log_under5_mort,fraser_FreeTrade,8,0.06162373546042506,0.061498872364503826,-0.058914054374002434,0.18216152529485255,TRUE,post_treatment
log_under5_mort,fraser_FreeTrade,9,0.03158039970165646,0.06283833652907983,-0.09158273989534002,0.15474353929865292,TRUE,post_treatment
log_under5_mort,fraser_FreeTrade,10,0.04045027625205051,0.07121894268197282,-0.09913885140461622,0.18003940390871725,TRUE,post_treatment
log_under5_mort,fraser_FreeTrade,11,0.053030414176719866,0.06907490795111401,-0.08235640540746361,0.18841723376090333,TRUE,post_treatment
log_under5_mort,fraser_FreeTrade,12,0.06974729682483131,0.059133076502847305,-0.04615353312074941,0.18564812677041204,TRUE,post_treatment
log_under5_mort,fraser_FreeTrade,13,0.08341253953652765,0.06488727558452444,-0.043766520609140255,0.21059159968219554,TRUE,post_treatment
log_under5_mort,fraser_FreeTrade,14,0.08785736590931674,0.07391083665265985,-0.05700787392989658,0.23272260574853004,TRUE,post_treatment
log_under5_mort,fraser_FreeTrade,15,0.08184744208743938,0.07826199408132002,-0.07154606631194785,0.2352409504868266,TRUE,post_treatment
log_under5_mort,fraser_FreeTrade,16,0.08631143189087327,0.0857114977439915,-0.08168310368735009,0.2543059674690966,TRUE,post_treatment
log_under5_mort,fraser_FreeTrade,17,0.15299570011050512,0.09694774564856395,-0.03702188136068024,0.3430132815816905,TRUE,post_treatment
log_under5_mort,fraser_FreeTrade,18,0.2173539888560504,0.09653293870730625,0.028149428989730135,0.4065585487223706,FALSE,post_treatment
log_under5_mort,fraser_FreeTrade,19,0.11137425565958792,0.12909897650599889,-0.14165973829216988,0.3644082496113457,TRUE,post_treatment
log_under5_mort,fraser_FreeTrade,20,0.10582096856268852,0.1468059691150457,-0.18191873090280103,0.3935606680281781,TRUE,post_treatment
log_under5_mort,fraser_FreeTrade,21,-0.021734014346963326,0.13171946827461534,-0.27990417216520935,0.23643614347128272,TRUE,post_treatment
log_under5_mort,fraser_LegalSystem,-23,0.02173644230619527,0.061319058191588574,-0.09844891174931833,0.14192179636170887,TRUE,pre_treatment
log_under5_mort,fraser_LegalSystem,-22,0.003129020626404932,0.04133117408575316,-0.07788008058167126,0.08413812183448113,TRUE,pre_treatment
log_under5_mort,fraser_LegalSystem,-21,0.02964108548387104,0.030499628137107788,-0.030138185664860224,0.08942035663260231,TRUE,pre_treatment
log_under5_mort,fraser_LegalSystem,-20,0.018111564058134178,0.02542595107793268,-0.03172330005461388,0.06794642817088223,TRUE,pre_treatment
log_under5_mort,fraser_LegalSystem,-19,0.005514138372503465,0.02990070970816416,-0.053091252655498286,0.06411952940050522,TRUE,pre_treatment
log_under5_mort,fraser_LegalSystem,-18,-0.007487608703121968,0.024772432090067208,-0.0560415755996537,0.04106635819340976,TRUE,pre_treatment
log_under5_mort,fraser_LegalSystem,-17,-0.0073506081880477135,0.019451428185384964,-0.04547540743140224,0.030774191055306818,TRUE,pre_treatment
log_under5_mort,fraser_LegalSystem,-16,0.012460584802087199,0.018298122642981172,-0.0234037355781559,0.0483249051823303,TRUE,pre_treatment
log_under5_mort,fraser_LegalSystem,-15,-2.8942757200142765e-4,0.014039293657355918,-0.027806443140419024,0.02722758799641617,TRUE,pre_treatment
log_under5_mort,fraser_LegalSystem,-14,0.03437032007675593,0.028112904635770486,-0.02073097300935422,0.08947161316286609,TRUE,pre_treatment
log_under5_mort,fraser_LegalSystem,-13,0.016069399958440762,0.012943763477539906,-0.009300376457537451,0.041439176374418976,TRUE,pre_treatment
log_under5_mort,fraser_LegalSystem,-12,-0.02625127843576622,0.04088623593689152,-0.1063883008720736,0.053885744000541164,TRUE,pre_treatment
log_under5_mort,fraser_LegalSystem,-11,0.012842917611766525,0.028218998677336276,-0.04246631979581257,0.06815215501934563,TRUE,pre_treatment
log_under5_mort,fraser_LegalSystem,-10,0.0013303051809182265,0.022169543368162563,-0.04212199982068039,0.04478261018251685,TRUE,pre_treatment
log_under5_mort,fraser_LegalSystem,-9,0.018186472981521176,0.018941491986271076,-0.018938851311570134,0.05531179727461248,TRUE,pre_treatment
log_under5_mort,fraser_LegalSystem,-8,0.006186088353893862,0.008402373783892449,-0.010282564262535338,0.02265474097032306,TRUE,pre_treatment
log_under5_mort,fraser_LegalSystem,-7,-0.005953943852608566,0.010081839102787028,-0.02571434849407114,0.013806460788854006,TRUE,pre_treatment
log_under5_mort,fraser_LegalSystem,-6,-0.004859843733526127,0.008719314490758247,-0.02194970013541229,0.012230012668360036,TRUE,pre_treatment
log_under5_mort,fraser_LegalSystem,-5,-0.01776851357343591,0.015296415876949706,-0.047749488692257334,0.012212461545385515,TRUE,pre_treatment
log_under5_mort,fraser_LegalSystem,-4,-0.0013349951387777216,0.010791449342670028,-0.022486235850410975,0.019816245572855534,TRUE,pre_treatment
log_under5_mort,fraser_LegalSystem,-3,-0.007516572150820055,0.007565253143142958,-0.022344468311380254,0.007311324009740142,TRUE,pre_treatment
log_under5_mort,fraser_LegalSystem,-2,-0.001808010080494519,0.008892596692283986,-0.019237499597371133,0.015621479436382094,TRUE,pre_treatment
log_under5_mort,fraser_LegalSystem,-1,-0.003117120754468949,0.006604935931406239,-0.016062795180025177,0.00982855367108728,TRUE,pre_treatment
log_under5_mort,fraser_LegalSystem,0,-0.0035200533603734984,0.0042244408877229935,-0.011799957500310565,0.004759850779563568,TRUE,post_treatment
log_under5_mort,fraser_LegalSystem,1,-0.006201219518131313,0.009028687177471205,-0.023897446385974873,0.011495007349712247,TRUE,post_treatment
log_under5_mort,fraser_LegalSystem,2,-0.016195108489336887,0.014407159044321756,-0.04443314021620753,0.012042923237533754,TRUE,post_treatment
log_under5_mort,fraser_LegalSystem,3,-0.02385669968833738,0.015395497412341051,-0.05403187461652584,0.0063184752398510804,TRUE,post_treatment
log_under5_mort,fraser_LegalSystem,4,-0.029954435407607182,0.01952542795549692,-0.06822427420038114,0.008315403385166776,TRUE,post_treatment
log_under5_mort,fraser_LegalSystem,5,-0.03571105171921348,0.023614620849480034,-0.08199570858419435,0.010573605145767384,TRUE,post_treatment
log_under5_mort,fraser_LegalSystem,6,-0.04196894137803353,0.032136861916171607,-0.10495719073372987,0.021019307977662813,TRUE,post_treatment
log_under5_mort,fraser_LegalSystem,7,-0.042663366707019625,0.034674532537016814,-0.11062545047957259,0.025298717065533334,TRUE,post_treatment
log_under5_mort,fraser_LegalSystem,8,-0.03947882966580378,0.039389215257565495,-0.11668169157063214,0.03772403223902458,TRUE,post_treatment
log_under5_mort,fraser_LegalSystem,9,-0.041233939111655446,0.03556649738710595,-0.1109442739903831,0.028476395767072213,TRUE,post_treatment
log_under5_mort,fraser_LegalSystem,10,-0.03817958840365348,0.04362484989347388,-0.1236842941948623,0.04732511738755533,TRUE,post_treatment
log_under5_mort,fraser_LegalSystem,11,-0.03347893801381581,0.04333886597154566,-0.11842311531804531,0.05146523929041369,TRUE,post_treatment
log_under5_mort,fraser_LegalSystem,12,-0.026227911268136395,0.06609257127346818,-0.15576935096413402,0.10331352842786123,TRUE,post_treatment
log_under5_mort,fraser_LegalSystem,13,-0.03651705869185002,0.06158385180071722,-0.15722140822125577,0.08418729083755572,TRUE,post_treatment
log_under5_mort,fraser_LegalSystem,14,-0.03168652329224514,0.06665991531582097,-0.16233995731125422,0.09896691072676395,TRUE,post_treatment
log_under5_mort,fraser_LegalSystem,15,-0.04845228824854603,0.08000973723786789,-0.20527137323476707,0.10836679673767502,TRUE,post_treatment
log_under5_mort,fraser_LegalSystem,16,-0.077984681194203,0.06377210632765513,-0.20297800959640705,0.04700864720800106,TRUE,post_treatment
log_under5_mort,fraser_LegalSystem,17,-0.09568335275386668,0.06612331216847857,-0.22528504460408466,0.03391833909635132,TRUE,post_treatment
log_under5_mort,fraser_LegalSystem,18,-0.16186214529095913,0.10070700091170198,-0.359247867077895,0.03552357649597676,TRUE,post_treatment
log_under5_mort,fraser_LegalSystem,19,-0.2066002350904838,0.11646133155460116,-0.4348644449375021,0.02166397475653445,TRUE,post_treatment
log_under5_mort,fraser_LegalSystem,20,-0.2768212617925803,0.15037062268686285,-0.5715476822588315,0.017905158673670873,TRUE,post_treatment
log_under5_mort,fraser_LegalSystem,21,-0.03306899044981855,0.17399285971900286,-0.3740949954990641,0.30795701459942704,TRUE,post_treatment
log_under5_mort,fraser_Regulation,-26,0.03617687390744748,0.0595290147543051,-0.08049999501099052,0.15285374282588549,TRUE,pre_treatment
log_under5_mort,fraser_Regulation,-25,-0.013093425449852019,0.005315121508823379,-0.023511063607145843,-0.0026757872925581953,FALSE,pre_treatment
log_under5_mort,fraser_Regulation,-24,-0.010480152692449498,0.009446737403180739,-0.028995758002683746,0.00803545261778475,TRUE,pre_treatment
log_under5_mort,fraser_Regulation,-23,-0.00472296646218406,0.009549363291710104,-0.023439718513935864,0.013993785589567743,TRUE,pre_treatment
log_under5_mort,fraser_Regulation,-22,0.021854559528939783,0.07188453059495226,-0.11903912043716663,0.1627482394950462,TRUE,pre_treatment
log_under5_mort,fraser_Regulation,-21,0.029017586353146985,0.039154501178990504,-0.0477252359576744,0.10576040866396837,TRUE,pre_treatment
log_under5_mort,fraser_Regulation,-20,0.0055691274335649835,0.022772973515657925,-0.03906590065712455,0.050204155524254515,TRUE,pre_treatment
log_under5_mort,fraser_Regulation,-19,0.021208944407858317,0.023396200318329678,-0.024647608216067853,0.0670654970317845,TRUE,pre_treatment
log_under5_mort,fraser_Regulation,-18,0.001064844648793573,0.015310034513428794,-0.028942822997526863,0.03107251229511401,TRUE,pre_treatment
log_under5_mort,fraser_Regulation,-17,-0.006313800220238749,0.019846946312229632,-0.04521381499220882,0.03258621455173133,TRUE,pre_treatment
log_under5_mort,fraser_Regulation,-16,0.3002088125701309,0.3745945769112924,-0.43399655817600213,1.034414183316264,TRUE,pre_treatment
log_under5_mort,fraser_Regulation,-15,0.020746033746035536,0.013261660013564084,-0.005246819880550067,0.046738887372621135,TRUE,pre_treatment
log_under5_mort,fraser_Regulation,-14,0.02122291822685578,0.03326924374698456,-0.043984799517233955,0.08643063597094551,TRUE,pre_treatment
log_under5_mort,fraser_Regulation,-13,-2.9814545982751204e-4,0.007758180179278225,-0.015504178611212832,0.014907887691557807,TRUE,pre_treatment
log_under5_mort,fraser_Regulation,-12,-0.0773045435827855,0.11649599176191316,-0.3056366874361353,0.15102760027056428,TRUE,pre_treatment
log_under5_mort,fraser_Regulation,-11,-0.0028257601674489983,0.0097790640395711715,-0.021992725685008496,0.016341205350110497,TRUE,pre_treatment
log_under5_mort,fraser_Regulation,-10,-0.021308767289082067,0.031607600623006465,-0.08325966451017473,0.04064212993201061,TRUE,pre_treatment
log_under5_mort,fraser_Regulation,-9,0.010718245824232947,0.008860948850870912,-0.006649213923474041,0.028085705571939935,TRUE,pre_treatment
log_under5_mort,fraser_Regulation,-8,0.005022801191349948,0.005807350679836197,-0.006359606141128998,0.016405208523828894,TRUE,pre_treatment
log_under5_mort,fraser_Regulation,-7,-0.0034815995976439306,0.010713357348446247,-0.024479780000598573,0.017516580805310714,TRUE,pre_treatment
log_under5_mort,fraser_Regulation,-6,0.00688659299180709,0.012137567295692044,-0.016903038907749315,0.0306762248913635,TRUE,pre_treatment
log_under5_mort,fraser_Regulation,-5,-0.011714126167882723,0.01164287947335186,-0.034534169935652365,0.011105917599886921,TRUE,pre_treatment
log_under5_mort,fraser_Regulation,-4,-0.005671442135550475,0.006539643118791895,-0.01848914264838259,0.00714625837728164,TRUE,pre_treatment
log_under5_mort,fraser_Regulation,-3,-0.007594245185224051,0.009537733784059643,-0.02628820340198095,0.01109971303153285,TRUE,pre_treatment
log_under5_mort,fraser_Regulation,-2,-0.00807777527932145,0.010025806225490083,-0.027728355481282014,0.011572804922639113,TRUE,pre_treatment
log_under5_mort,fraser_Regulation,-1,-0.011162793617631728,0.011687211957802215,-0.03406972905492407,0.011744141819660613,TRUE,pre_treatment
log_under5_mort,fraser_Regulation,0,-0.005566295946970009,0.009540109158561154,-0.02426490989774987,0.013132318003809852,TRUE,post_treatment
log_under5_mort,fraser_Regulation,1,-0.011496485560173793,0.013902412542492927,-0.038745214143459925,0.01575224302311234,TRUE,post_treatment
log_under5_mort,fraser_Regulation,2,-3.714847117597278e-4,0.01610677344772665,-0.03194076066930396,0.031197791245784503,TRUE,post_treatment
log_under5_mort,fraser_Regulation,3,-0.007958322408874103,0.020021829431886736,-0.047201108095372105,0.031284463277623895,TRUE,post_treatment
log_under5_mort,fraser_Regulation,4,-0.013128728433153122,0.0204878532176574,-0.053284920739761626,0.02702746387345538,TRUE,post_treatment
log_under5_mort,fraser_Regulation,5,-0.008604188879485355,0.024065940908171855,-0.05577343305950219,0.038565055300531476,TRUE,post_treatment
log_under5_mort,fraser_Regulation,6,-0.01092630164333247,0.0268268874001245,-0.0635070009475765,0.04165439766091155,TRUE,post_treatment
log_under5_mort,fraser_Regulation,7,-0.012813132081369367,0.03893862616838129,-0.08913283937139671,0.06350657520865796,TRUE,post_treatment
log_under5_mort,fraser_Regulation,8,-0.014985738679236641,0.038621948116354284,-0.09068475698729103,0.06071327962881776,TRUE,post_treatment
log_under5_mort,fraser_Regulation,9,-0.006742067866451179,0.04844349283196561,-0.10169131381710378,0.08820717808420142,TRUE,post_treatment
log_under5_mort,fraser_Regulation,10,0.0023130480500744887,0.04841400724804777,-0.09257840615609915,0.09720450225624812,TRUE,post_treatment
log_under5_mort,fraser_Regulation,11,0.003249806576762076,0.048759513553616386,-0.09231883998832603,0.09881845314185018,TRUE,post_treatment
log_under5_mort,fraser_Regulation,12,-5.689676730918378e-4,0.056353708908394876,-0.1110222371335458,0.10988430178736212,TRUE,post_treatment
log_under5_mort,fraser_Regulation,13,0.008228014879600723,0.06660745359720245,-0.12232259417091608,0.13877862393011753,TRUE,post_treatment
log_under5_mort,fraser_Regulation,14,-0.019182166340004612,0.06954886860801968,-0.15549794881172316,0.11713361613171394,TRUE,post_treatment
log_under5_mort,fraser_Regulation,15,-0.025224078053428432,0.07972575890648449,-0.18148656551013803,0.13103840940328115,TRUE,post_treatment
log_under5_mort,fraser_Regulation,16,-0.01616598991971001,0.07924315113224427,-0.17148256613890878,0.13915058629948873,TRUE,post_treatment
log_under5_mort,fraser_Regulation,17,-0.007889863882177741,0.08614871791357671,-0.1767413509927881,0.1609616232284326,TRUE,post_treatment
log_under5_mort,fraser_Regulation,18,-0.0051932963330121006,0.11750478180932993,-0.23550266867929875,0.22511607601327455,TRUE,post_treatment
log_under5_mort,fraser_Regulation,19,0.01571718289690708,0.09633546283770454,-0.17310032426499383,0.20453469005880798,TRUE,post_treatment
log_under5_mort,fraser_Regulation,20,0.012980776717380654,0.12434925977934515,-0.23074377245013583,0.25670532588489714,TRUE,post_treatment
log_under5_mort,fraser_Regulation,21,0.18847127655863427,0.12913731586713184,-0.06463786254094411,0.44158041565821265,TRUE,post_treatment
log_under5_mort,fraser_SizeGov,-25,0.06925398131859332,0.039761670394927326,-0.008678892655464232,0.14718685529265088,TRUE,pre_treatment
log_under5_mort,fraser_SizeGov,-24,0.03782495040168197,0.004419886505909375,0.029161972850099596,0.04648792795326434,FALSE,pre_treatment
log_under5_mort,fraser_SizeGov,-23,0.031426399006926016,0.0066295370621318305,0.01843250636514763,0.0444202916487044,FALSE,pre_treatment
log_under5_mort,fraser_SizeGov,-22,0.02406097795583801,0.020586545227597588,-0.01628865069025326,0.06441060660192928,TRUE,pre_treatment
log_under5_mort,fraser_SizeGov,-21,-0.00848022067977208,0.00520137782538024,-0.01867492121751735,0.0017144798579731887,TRUE,pre_treatment
log_under5_mort,fraser_SizeGov,-20,-0.008468134556922484,0.01775257001207778,-0.043263171780594925,0.02632690266674996,TRUE,pre_treatment
log_under5_mort,fraser_SizeGov,-19,0.012513110681219696,0.025531501259706883,-0.0375286317878058,0.06255485315024518,TRUE,pre_treatment
log_under5_mort,fraser_SizeGov,-18,0.010828392526853563,0.01688037438873642,-0.022257141275069826,0.043913926328776956,TRUE,pre_treatment
log_under5_mort,fraser_SizeGov,-17,0.025559912748871188,0.013755489608128155,-0.001400846883059994,0.052520672380802366,TRUE,pre_treatment
log_under5_mort,fraser_SizeGov,-16,0.022170678513688213,0.011139057710831027,3.381254004593999e-4,0.04400323162691702,FALSE,pre_treatment
log_under5_mort,fraser_SizeGov,-15,0.20937127428972266,0.2938060005992578,-0.3664884868848226,0.785231035464268,TRUE,pre_treatment
log_under5_mort,fraser_SizeGov,-14,0.01874412003985254,0.011642785433033152,-0.004075739408892436,0.04156397948859752,TRUE,pre_treatment
log_under5_mort,fraser_SizeGov,-13,0.007717454679247353,0.010597069557682918,-0.013052801653811166,0.02848771101230587,TRUE,pre_treatment
log_under5_mort,fraser_SizeGov,-12,0.008982816061584445,0.009115239250453568,-0.00888305286930455,0.02684868499247344,TRUE,pre_treatment
log_under5_mort,fraser_SizeGov,-11,-0.1141358294534095,0.18822013378678076,-0.4830472916754998,0.2547756327686808,TRUE,pre_treatment
log_under5_mort,fraser_SizeGov,-10,0.01453562634427138,0.00695986424423409,8.94292425572563e-4,0.028176960262970195,FALSE,pre_treatment
log_under5_mort,fraser_SizeGov,-9,0.023831907423174366,0.008450807143278827,0.007268325422347864,0.04039548942400087,FALSE,pre_treatment
log_under5_mort,fraser_SizeGov,-8,0.015113683650736018,0.006552125262630744,0.0022715181359797606,0.027955849165492277,FALSE,pre_treatment
log_under5_mort,fraser_SizeGov,-7,0.025961771416952682,0.0077814890227388845,0.01071005293238447,0.04121348990152089,FALSE,pre_treatment
log_under5_mort,fraser_SizeGov,-6,0.022460967317170823,0.014201246784161535,-0.005373476379785785,0.050295411014127434,TRUE,pre_treatment
log_under5_mort,fraser_SizeGov,-5,-0.014615763693150367,0.016824788466891658,-0.04759234908825802,0.018360821701957283,TRUE,pre_treatment
log_under5_mort,fraser_SizeGov,-4,0.00826600089598657,0.007422043130463456,-0.006281203639721802,0.022813205431694943,TRUE,pre_treatment
log_under5_mort,fraser_SizeGov,-3,0.006289539036230669,0.008259229383609953,-0.009898550555644838,0.022477628628106174,TRUE,pre_treatment
log_under5_mort,fraser_SizeGov,-2,0.009097015793954694,0.006338578964371188,-0.0033265989762128346,0.02152063056412222,TRUE,pre_treatment
log_under5_mort,fraser_SizeGov,-1,0.023601275264633802,0.012145472055709709,-2.0384996455722476e-4,0.04740640049382483,TRUE,pre_treatment
log_under5_mort,fraser_SizeGov,0,-2.3308413705670558e-4,0.015314948218594287,-0.030250382645501506,0.029784214371388097,TRUE,post_treatment
log_under5_mort,fraser_SizeGov,1,-0.010893413295414581,0.015360315467491288,-0.04099963161169751,0.01921280502086834,TRUE,post_treatment
log_under5_mort,fraser_SizeGov,2,-0.012072550867943345,0.017164846358787393,-0.04571564973116663,0.021570547995279944,TRUE,post_treatment
log_under5_mort,fraser_SizeGov,3,-0.016976925331690616,0.021176565441542484,-0.05848299359711388,0.02452914293373265,TRUE,post_treatment
log_under5_mort,fraser_SizeGov,4,-0.018492916919023848,0.021117188846561136,-0.059882607058283674,0.022896773220235977,TRUE,post_treatment
log_under5_mort,fraser_SizeGov,5,-0.018236913438032902,0.02791153033659709,-0.0729435128977632,0.036469686021697395,TRUE,post_treatment
log_under5_mort,fraser_SizeGov,6,1.9757223338623978e-4,0.03539972635639311,-0.06918589142514425,0.06958103589191672,TRUE,post_treatment
log_under5_mort,fraser_SizeGov,7,-0.006343981300588065,0.03415502944873021,-0.07328783902009928,0.06059987641892314,TRUE,post_treatment
log_under5_mort,fraser_SizeGov,8,-0.017695880714091877,0.03435063122289209,-0.08502311791096039,0.049631356482776626,TRUE,post_treatment
log_under5_mort,fraser_SizeGov,9,-0.015243160829225813,0.04364028124175178,-0.10077811206305931,0.07029179040460767,TRUE,post_treatment
log_under5_mort,fraser_SizeGov,10,-0.007671121303583356,0.050079541356464446,-0.10582702236225366,0.09048477975508695,TRUE,post_treatment
log_under5_mort,fraser_SizeGov,11,-0.006812262197687771,0.06273472853270752,-0.1297723301217945,0.11614780572641897,TRUE,post_treatment
log_under5_mort,fraser_SizeGov,12,-0.023602245650326547,0.05501854518217685,-0.13143859420739318,0.08423410290674008,TRUE,post_treatment
log_under5_mort,fraser_SizeGov,13,-0.005841311430828453,0.06329777563095615,-0.1299049516675025,0.11822232880584559,TRUE,post_treatment
log_under5_mort,fraser_SizeGov,14,-0.002254807091129085,0.07040068296790308,-0.1402401457082191,0.13573053152596096,TRUE,post_treatment
log_under5_mort,fraser_SizeGov,15,-2.770971999650762e-4,0.06279552099686526,-0.12335631835382099,0.12280212395389084,TRUE,post_treatment
log_under5_mort,fraser_SizeGov,16,0.0028805949650635024,0.07034005129408757,-0.13498590557134812,0.14074709550147516,TRUE,post_treatment
log_under5_mort,fraser_SizeGov,17,0.011144161394816348,0.07485907668856752,-0.13557962891477598,0.1578679517044087,TRUE,post_treatment
log_under5_mort,fraser_SizeGov,18,0.012279327774395978,0.09071157307788198,-0.16551535545825272,0.19007401100704466,TRUE,post_treatment
log_under5_mort,fraser_SizeGov,19,0.06700373508031979,0.14370089613659806,-0.21465002134741243,0.34865749150805203,TRUE,post_treatment
log_under5_mort,fraser_SizeGov,20,-0.0974199178121673,0.13914906921634068,-0.37015209347619504,0.17531225785186044,TRUE,post_treatment
log_under5_mort,fraser_SizeGov,21,-0.2585489029090499,0.17556422648430647,-0.6026547868182905,0.08555698100019077,TRUE,post_treatment
log_under5_mort,fraser_SoundMoney,-24,-0.04106488851167562,0.045823771158766215,-0.1308794799828574,0.048749702959506154,TRUE,pre_treatment
log_under5_mort,fraser_SoundMoney,-23,-0.031219296822425843,0.04075015008683197,-0.1110895909926165,0.04865099734776482,TRUE,pre_treatment
log_under5_mort,fraser_SoundMoney,-22,-0.012226766684061662,0.03462701215431236,-0.08009571050651387,0.05564217713839056,TRUE,pre_treatment
log_under5_mort,fraser_SoundMoney,-21,-0.010298752387226537,0.022114156272757913,-0.053642498681832046,0.03304499390737897,TRUE,pre_treatment
log_under5_mort,fraser_SoundMoney,-20,0.0035122139796182556,0.020278043708482067,-0.036232751689006595,0.043257179648243105,TRUE,pre_treatment
log_under5_mort,fraser_SoundMoney,-19,0.00812845367663723,0.01219889381793524,-0.015781378206515838,0.0320382855597903,TRUE,pre_treatment
log_under5_mort,fraser_SoundMoney,-18,-0.014690990037363075,0.015649978504234063,-0.04536494790566184,0.015982967830935686,TRUE,pre_treatment
log_under5_mort,fraser_SoundMoney,-17,0.006939292140670444,0.010423264773178667,-0.013490306814759743,0.02736889109610063,TRUE,pre_treatment
log_under5_mort,fraser_SoundMoney,-16,-0.002947543694598952,0.012271358288660173,-0.02699940594037289,0.021104318551174988,TRUE,pre_treatment
log_under5_mort,fraser_SoundMoney,-15,0.001744826676426079,0.011216589487864276,-0.0202396887197879,0.02372934207264006,TRUE,pre_treatment
log_under5_mort,fraser_SoundMoney,-14,0.005931026849230328,0.009848676522133445,-0.013372379134151225,0.02523443283261188,TRUE,pre_treatment
log_under5_mort,fraser_SoundMoney,-13,0.006573304764568139,0.012965894360892946,-0.018839848182782035,0.03198645771191831,TRUE,pre_treatment
log_under5_mort,fraser_SoundMoney,-12,-0.0033590777494873353,0.00802520982327119,-0.019088489003098865,0.012370333504124194,TRUE,pre_treatment
log_under5_mort,fraser_SoundMoney,-11,-0.0011629065255461396,0.007605676526133895,-0.016070032516768574,0.013744219465676295,TRUE,pre_treatment
log_under5_mort,fraser_SoundMoney,-10,0.12612213879359602,0.188190472504306,-0.24273118731484378,0.4949754649020358,TRUE,pre_treatment
log_under5_mort,fraser_SoundMoney,-9,-0.007922849877553137,0.011479926413619572,-0.030423505648247497,0.014577805893141223,TRUE,pre_treatment
log_under5_mort,fraser_SoundMoney,-8,0.00546389525732692,0.007845272125261317,-0.009912838108185261,0.0208406286228391,TRUE,pre_treatment
log_under5_mort,fraser_SoundMoney,-7,0.019058510043192776,0.03337309272874065,-0.046352751705138896,0.08446977179152446,TRUE,pre_treatment
log_under5_mort,fraser_SoundMoney,-6,-0.08094986042828929,0.1031622763970983,-0.28314792216660195,0.12124820131002335,TRUE,pre_treatment
log_under5_mort,fraser_SoundMoney,-5,-0.006511546315138758,0.013342946309923635,-0.03266372108258908,0.019640628452311567,TRUE,pre_treatment
log_under5_mort,fraser_SoundMoney,-4,-0.018844801160440357,0.011899734171867822,-0.042168280137301284,0.004478677816420574,TRUE,pre_treatment
log_under5_mort,fraser_SoundMoney,-3,-0.01263791584384188,0.006672384460994383,-0.025715789387390872,4.399576997071112e-4,TRUE,pre_treatment
log_under5_mort,fraser_SoundMoney,-2,-0.01886150818475346,0.012658486001223997,-0.04367214074715249,0.005949124377645571,TRUE,pre_treatment
log_under5_mort,fraser_SoundMoney,-1,-0.02121686897157453,0.011882169257670652,-0.044505920716609006,0.0020721827734599477,TRUE,pre_treatment
log_under5_mort,fraser_SoundMoney,0,-0.0012025112727788055,0.00900970197043348,-0.018861527134828426,0.016456504589270813,TRUE,post_treatment
log_under5_mort,fraser_SoundMoney,1,2.3241750899182098e-4,0.014836846064400515,-0.02884780077723319,0.02931263579521683,TRUE,post_treatment
log_under5_mort,fraser_SoundMoney,2,-0.02260258489668827,0.01255644060274794,-0.04721320847807423,0.002008038684697691,TRUE,post_treatment
log_under5_mort,fraser_SoundMoney,3,-0.016681344421828486,0.020068897628212377,-0.05601638377312475,0.022653694929467772,TRUE,post_treatment
log_under5_mort,fraser_SoundMoney,4,-0.03363941018859156,0.021059277229381244,-0.0749155935581788,0.007636773180995676,TRUE,post_treatment
log_under5_mort,fraser_SoundMoney,5,-0.040656361500839906,0.030300027581310715,-0.1000444155602089,0.018731692558529092,TRUE,post_treatment
log_under5_mort,fraser_SoundMoney,6,-0.03679105798287437,0.036518605229206885,-0.10836752423211986,0.03478540826637112,TRUE,post_treatment
log_under5_mort,fraser_SoundMoney,7,-0.06371873009157597,0.029342200991151833,-0.12122944403423355,-0.006208016148918381,FALSE,post_treatment
log_under5_mort,fraser_SoundMoney,8,-0.05153269057775072,0.03369150283550934,-0.11756803613534902,0.014502654979847589,TRUE,post_treatment
log_under5_mort,fraser_SoundMoney,9,-0.05795748639967811,0.045152275997554045,-0.14645594735488404,0.030540974555527817,TRUE,post_treatment
log_under5_mort,fraser_SoundMoney,10,-0.07250423485824635,0.03836024770682992,-0.147690320363633,0.002681850647140299,TRUE,post_treatment
log_under5_mort,fraser_SoundMoney,11,-0.06527398538884277,0.052179236449190064,-0.1675452888292553,0.03699731805156975,TRUE,post_treatment
log_under5_mort,fraser_SoundMoney,12,-0.07011270402559698,0.04961016706501585,-0.16734863147302803,0.027123223421834083,TRUE,post_treatment
log_under5_mort,fraser_SoundMoney,13,-0.09353482380514908,0.06071518281447811,-0.21253658212152615,0.025466934511228015,TRUE,post_treatment
log_under5_mort,fraser_SoundMoney,14,-0.0835473278476286,0.06213908344205922,-0.20533993139406467,0.03824527569880748,TRUE,post_treatment
log_under5_mort,fraser_SoundMoney,15,-0.09643869930423687,0.07215976765381635,-0.23787184390571692,0.04499444529724317,TRUE,post_treatment
log_under5_mort,fraser_SoundMoney,16,-0.10274072587284297,0.08049070067255988,-0.26050249919106033,0.055021047445374394,TRUE,post_treatment
log_under5_mort,fraser_SoundMoney,17,-0.12001887392949198,0.08851809529234853,-0.29351434070249505,0.05347659284351111,TRUE,post_treatment
log_under5_mort,fraser_SoundMoney,18,-0.1332134747875096,0.08442263517930992,-0.29868183973895707,0.032254890163937844,TRUE,post_treatment
log_under5_mort,fraser_SoundMoney,19,-0.12680007622317452,0.10642643795578521,-0.33539589461651353,0.0817957421701645,TRUE,post_treatment
log_under5_mort,fraser_SoundMoney,20,-0.09394322107329722,0.09234655760155451,-0.27494247397234406,0.08705603182574961,TRUE,post_treatment
log_under5_mort,fraser_SoundMoney,21,-0.12696901642616817,0.09691057369784528,-0.3169137408739449,0.06297570802160857,TRUE,post_treatment
log_under5_mort,heritage_Business.Freedom,-26,-0.02668954550626739,0.15463348358062182,-0.3297711733242861,0.27639208231175133,TRUE,pre_treatment
log_under5_mort,heritage_Business.Freedom,-25,-0.023425910674218276,0.01458662658527963,-0.05201569878136635,0.0051638774329298,TRUE,pre_treatment
log_under5_mort,heritage_Business.Freedom,-24,-0.0032949843495201675,0.04692862238464695,-0.09527508422342819,0.08868511552438786,TRUE,pre_treatment
log_under5_mort,heritage_Business.Freedom,-23,-0.05054075364609525,0.03732884758723403,-0.12370529491707394,0.02262378762488345,TRUE,pre_treatment
log_under5_mort,heritage_Business.Freedom,-22,-0.01866593332918029,0.10774946353104431,-0.22985488185002714,0.19252301519166656,TRUE,pre_treatment
log_under5_mort,heritage_Business.Freedom,-21,-0.016853124248749362,0.008948227080486539,-0.034391649326502974,6.854008290042533e-4,TRUE,pre_treatment
log_under5_mort,heritage_Business.Freedom,-20,-0.017183521263679995,0.008278021842220281,-0.03340844407443175,-9.58598452928245e-4,FALSE,pre_treatment
log_under5_mort,heritage_Business.Freedom,-19,0.019735849607767482,0.01960715781049975,-0.01869417970081203,0.058165878916346996,TRUE,pre_treatment
log_under5_mort,heritage_Business.Freedom,-18,-0.007677311532962905,0.010976261447372022,-0.02919078396981207,0.013836160903886258,TRUE,pre_treatment
log_under5_mort,heritage_Business.Freedom,-17,0.00937809822707225,0.0078526961405469,-0.0060131862083996745,0.024769382662544172,TRUE,pre_treatment
log_under5_mort,heritage_Business.Freedom,-16,-0.0034804858310003633,0.013801099460673264,-0.03053064077391996,0.023569669111919232,TRUE,pre_treatment
log_under5_mort,heritage_Business.Freedom,-15,-0.024850850149681476,0.023214010385945505,-0.07035031050613466,0.020648610206771716,TRUE,pre_treatment
log_under5_mort,heritage_Business.Freedom,-14,-0.0015875300460771403,0.015362337349671061,-0.03169771125143242,0.028522651159278142,TRUE,pre_treatment
log_under5_mort,heritage_Business.Freedom,-13,-0.027050969917647508,0.020478286188866917,-0.06718841084782667,0.013086471012531652,TRUE,pre_treatment
log_under5_mort,heritage_Business.Freedom,-12,-0.0029531093455025677,0.010530806447537976,-0.023593489982676998,0.017687271291671865,TRUE,pre_treatment
log_under5_mort,heritage_Business.Freedom,-11,-0.006948378746292568,0.013927928436189407,-0.034247118481223804,0.02035036098863867,TRUE,pre_treatment
log_under5_mort,heritage_Business.Freedom,-10,-0.024793086511606895,0.04109333224138876,-0.10533601770472886,0.055749844681515066,TRUE,pre_treatment
log_under5_mort,heritage_Business.Freedom,-9,-0.012148341684362645,0.012322836592444165,-0.036301101405553204,0.012004418036827917,TRUE,pre_treatment
log_under5_mort,heritage_Business.Freedom,-8,-0.01513329385174626,0.006260081491507458,-0.027403053575100877,-0.002863534128391642,FALSE,pre_treatment
log_under5_mort,heritage_Business.Freedom,-7,-0.009412779561564288,0.006382223511480474,-0.021921937644066018,0.003096378520937441,TRUE,pre_treatment
log_under5_mort,heritage_Business.Freedom,-6,-0.005713002507403356,0.03400628181066085,-0.07236531485629862,0.06093930984149191,TRUE,pre_treatment
log_under5_mort,heritage_Business.Freedom,-5,-0.005705193025457553,0.009478577234397819,-0.02428320440487728,0.012872818353962173,TRUE,pre_treatment
log_under5_mort,heritage_Business.Freedom,-4,-0.01460033032253677,0.008035485682079449,-0.03034988225941249,0.0011492216143389501,TRUE,pre_treatment
log_under5_mort,heritage_Business.Freedom,-3,-0.036884488349596754,0.04814827551119365,-0.1312551083515363,0.057486131652342794,TRUE,pre_treatment
log_under5_mort,heritage_Business.Freedom,-2,-0.0023661589107068616,0.005328717109451462,-0.012810444445231727,0.008078126623818002,TRUE,pre_treatment
log_under5_mort,heritage_Business.Freedom,-1,-0.008492979876985798,0.005524044801952737,-0.019320107688813162,0.002334147934841567,TRUE,pre_treatment
log_under5_mort,heritage_Business.Freedom,0,-0.010951406160734835,0.005973114721580758,-0.02265871101503312,7.558986935634494e-4,TRUE,post_treatment
log_under5_mort,heritage_Business.Freedom,1,-0.013464965001040089,0.010809869883834608,-0.03465230997335592,0.0077223799712757436,TRUE,post_treatment
log_under5_mort,heritage_Business.Freedom,2,-0.018068824182279064,0.01571144355613598,-0.048863253552305586,0.012725605187747454,TRUE,post_treatment
log_under5_mort,heritage_Business.Freedom,3,-0.018953289686367284,0.025475493552536005,-0.06888525704933786,0.030978677676603287,TRUE,post_treatment
log_under5_mort,heritage_Business.Freedom,4,-0.018866927732296743,0.02663483406807574,-0.07107120250572518,0.033337347041131705,TRUE,post_treatment
log_under5_mort,heritage_Business.Freedom,5,-0.02760490512809726,0.029245780976056193,-0.0849266358411674,0.029716825584972878,TRUE,post_treatment
log_under5_mort,heritage_Business.Freedom,6,-0.02757621670254717,0.031163439024591386,-0.08865655719074629,0.03350412378565194,TRUE,post_treatment
log_under5_mort,heritage_Business.Freedom,7,-0.0279810653215837,0.03910010551203393,-0.1046172721251702,0.0486551414820028,TRUE,post_treatment
log_under5_mort,heritage_Business.Freedom,8,-0.04126814491268046,0.041868763741939735,-0.12333092184688232,0.040794632021521414,TRUE,post_treatment
log_under5_mort,heritage_Business.Freedom,9,-0.03432979723790274,0.04667421046274584,-0.12581124974488458,0.05715165526907911,TRUE,post_treatment
log_under5_mort,heritage_Business.Freedom,10,-0.05056654251792466,0.05326885791616106,-0.15497350403360033,0.053840418997751015,TRUE,post_treatment
log_under5_mort,heritage_Business.Freedom,11,-0.029227019989402345,0.04762746099255933,-0.12257684353481862,0.06412280355601394,TRUE,post_treatment
log_under5_mort,heritage_Business.Freedom,12,-0.025367261850340463,0.06350439988907215,-0.14983588563292188,0.09910136193224095,TRUE,post_treatment
log_under5_mort,heritage_Business.Freedom,13,-0.05919489348819102,0.06281297298012674,-0.18230832052923943,0.06391853355285737,TRUE,post_treatment
log_under5_mort,heritage_Business.Freedom,14,-0.09135359226532286,0.06698466116412757,-0.2226435281470129,0.03993634361636719,TRUE,post_treatment
log_under5_mort,heritage_Business.Freedom,15,-0.10120349907345348,0.0628635652227143,-0.2244160869099735,0.02200908876306655,TRUE,post_treatment
log_under5_mort,heritage_Business.Freedom,16,-0.14697265371936946,0.07608548868823163,-0.29610021154830346,0.002154904109564537,TRUE,post_treatment
log_under5_mort,heritage_Business.Freedom,17,-0.07966877603404829,0.09795712552254099,-0.27166474205822866,0.11232718999013205,TRUE,post_treatment
log_under5_mort,heritage_Business.Freedom,18,-0.0843391292907874,0.12870177907074437,-0.33659461626944637,0.16791635768787155,TRUE,post_treatment
log_under5_mort,heritage_Business.Freedom,19,-0.06704790002316167,0.13052754019109322,-0.3228818787977044,0.18878607875138104,TRUE,post_treatment
log_under5_mort,heritage_Business.Freedom,20,-0.13248054847528618,0.1524823366980002,-0.4313459284033666,0.16638483145279426,TRUE,post_treatment
log_under5_mort,heritage_Business.Freedom,21,-0.19309400031786736,0.16460143593239415,-0.5157128147453599,0.12952481410962516,TRUE,post_treatment
log_under5_mort,heritage_Business.Freedom,22,-0.18569568497125072,0.20852161931610189,-0.5943980588308104,0.223006688888309,TRUE,post_treatment
log_under5_mort,heritage_Business.Freedom,23,-0.12408453290963252,0.21021017868980474,-0.5360964831416498,0.28792741732238475,TRUE,post_treatment
log_under5_mort,heritage_Business.Freedom,24,-0.19720921820050677,0.23431220092822616,-0.65646113201983,0.26204269561881655,TRUE,post_treatment
log_under5_mort,heritage_Business.Freedom,25,-0.3518888540020371,0.2498523822111226,-0.8415995231358374,0.13782181513176317,TRUE,post_treatment
log_under5_mort,heritage_Business.Freedom,26,0.4456572321498778,0.0844443980495294,0.2801462119728002,0.6111682523269554,FALSE,post_treatment
log_under5_mort,heritage_Financial.Freedom,-25,-0.04078386128459485,0.11353606875888751,-0.26331455605201437,0.18174683348282467,TRUE,pre_treatment
log_under5_mort,heritage_Financial.Freedom,-24,-0.02465463446080873,0.006135986707252956,-0.036681168407024525,-0.012628100514592936,FALSE,pre_treatment
log_under5_mort,heritage_Financial.Freedom,-23,-0.002883313423586848,0.010438917375594207,-0.023343591479751496,0.0175769646325778,TRUE,pre_treatment
log_under5_mort,heritage_Financial.Freedom,-22,0.004480793604490273,0.07772449664887515,-0.14785921982730502,0.15682080703628556,TRUE,pre_treatment
log_under5_mort,heritage_Financial.Freedom,-21,0.026772367790210076,0.02478375398073408,-0.021803790012028722,0.07534852559244887,TRUE,pre_treatment
log_under5_mort,heritage_Financial.Freedom,-20,-0.011336666166963503,0.03793403978799242,-0.08568738415142864,0.06301405181750162,TRUE,pre_treatment
log_under5_mort,heritage_Financial.Freedom,-19,-0.004036405250319692,0.01942933116223781,-0.0421178943283058,0.03404508382766641,TRUE,pre_treatment
log_under5_mort,heritage_Financial.Freedom,-18,-0.005728049552621638,0.020847294924896793,-0.04658874760541935,0.03513264850017607,TRUE,pre_treatment
log_under5_mort,heritage_Financial.Freedom,-17,-0.002840274181167368,0.01231604497743994,-0.026979722336949646,0.021299173974614914,TRUE,pre_treatment
log_under5_mort,heritage_Financial.Freedom,-16,0.004770905293755647,0.026325351768860385,-0.046826784173210706,0.05636859476072201,TRUE,pre_treatment
log_under5_mort,heritage_Financial.Freedom,-15,0.012900541527191464,0.015640919429817584,-0.017755660555250997,0.04355674360963393,TRUE,pre_treatment
log_under5_mort,heritage_Financial.Freedom,-14,0.018239082756743158,0.015367861555533264,-0.01188192589210204,0.048360091405588355,TRUE,pre_treatment
log_under5_mort,heritage_Financial.Freedom,-13,-0.007174179701479187,0.03381940914298605,-0.07346022162173184,0.059111862218773466,TRUE,pre_treatment
log_under5_mort,heritage_Financial.Freedom,-12,-0.008038770655145253,0.03775224465663669,-0.08203317018215316,0.06595562887186264,TRUE,pre_treatment
log_under5_mort,heritage_Financial.Freedom,-11,0.0021090935548458167,0.0367747969884249,-0.06996950854246699,0.07418769565215862,TRUE,pre_treatment
log_under5_mort,heritage_Financial.Freedom,-10,-0.0037188700367541566,0.03337371283449971,-0.06913134719237359,0.061693607118865276,TRUE,pre_treatment
log_under5_mort,heritage_Financial.Freedom,-9,-0.002834604595139496,0.011166559379093803,-0.024721060978163352,0.019051851787884357,TRUE,pre_treatment
log_under5_mort,heritage_Financial.Freedom,-8,0.0074470482552184995,0.011510330173618409,-0.015113198885073582,0.030007295395510582,TRUE,pre_treatment
log_under5_mort,heritage_Financial.Freedom,-7,2.9596719340323164e-4,0.012314033574059169,-0.02383953861175274,0.024431472998559203,TRUE,pre_treatment
log_under5_mort,heritage_Financial.Freedom,-6,-0.00487072249585251,0.011677508472521095,-0.027758639101993856,0.018017194110288837,TRUE,pre_treatment
log_under5_mort,heritage_Financial.Freedom,-5,0.006090643750175246,0.014115717816935007,-0.02157616317101737,0.03375745067136786,TRUE,pre_treatment
log_under5_mort,heritage_Financial.Freedom,-4,-0.002627552132287502,0.00938104546643384,-0.021014401246497828,0.015759296981922823,TRUE,pre_treatment
log_under5_mort,heritage_Financial.Freedom,-3,0.010705356797917927,0.016818383415663937,-0.022258674696783387,0.04366938829261924,TRUE,pre_treatment
log_under5_mort,heritage_Financial.Freedom,-2,-0.006748580133626442,0.011622141918342701,-0.029527978293578137,0.01603081802632525,TRUE,pre_treatment
log_under5_mort,heritage_Financial.Freedom,-1,5.997270896875848e-4,0.007435048621192261,-0.013972968207849247,0.015172422387224417,TRUE,pre_treatment
log_under5_mort,heritage_Financial.Freedom,0,-0.003652590460235422,0.009351770153736469,-0.0219820599615589,0.014676879041088055,TRUE,post_treatment
log_under5_mort,heritage_Financial.Freedom,1,-0.0029536561150868964,0.011495674579000166,-0.025485178289927222,0.019577866059753427,TRUE,post_treatment
log_under5_mort,heritage_Financial.Freedom,2,0.005446434120156642,0.014754843547188744,-0.023473059232333296,0.03436592747264658,TRUE,post_treatment
log_under5_mort,heritage_Financial.Freedom,3,0.002873380712524668,0.02089507147388931,-0.038080959376298386,0.04382772080134772,TRUE,post_treatment
log_under5_mort,heritage_Financial.Freedom,4,0.007535420698785233,0.030158062117434603,-0.05157438105138659,0.06664522244895706,TRUE,post_treatment
log_under5_mort,heritage_Financial.Freedom,5,0.005405475711072432,0.0365505672385106,-0.06623363607640834,0.0770445874985532,TRUE,post_treatment
log_under5_mort,heritage_Financial.Freedom,6,0.007098780826899836,0.037408168490310686,-0.0662212294141091,0.08041879106790878,TRUE,post_treatment
log_under5_mort,heritage_Financial.Freedom,7,0.010482179921183396,0.045317302646720216,-0.07833973326638823,0.09930409310875503,TRUE,post_treatment
log_under5_mort,heritage_Financial.Freedom,8,0.003726540587838149,0.046600766077151114,-0.08761096092337803,0.09506404209905434,TRUE,post_treatment
log_under5_mort,heritage_Financial.Freedom,9,0.010302616185625387,0.04265586078163773,-0.07330287094638456,0.09390810331763534,TRUE,post_treatment
log_under5_mort,heritage_Financial.Freedom,10,0.006497780084720656,0.05377038694318678,-0.09889217832392544,0.11188773849336675,TRUE,post_treatment
log_under5_mort,heritage_Financial.Freedom,11,0.0074307597743328724,0.057929417966294555,-0.10611089943960446,0.1209724189882702,TRUE,post_treatment
log_under5_mort,heritage_Financial.Freedom,12,0.0018132872885851512,0.06733318090959957,-0.13015974729423,0.1337863218714003,TRUE,post_treatment
log_under5_mort,heritage_Financial.Freedom,13,0.0029069045006678684,0.06675006022023879,-0.12792321353100017,0.13373702253233588,TRUE,post_treatment
log_under5_mort,heritage_Financial.Freedom,14,0.018918658970338162,0.07014419436024757,-0.11856396197574708,0.15640127991642339,TRUE,post_treatment
log_under5_mort,heritage_Financial.Freedom,15,0.010379278790060164,0.06336692750444048,-0.11381989911864318,0.1345784566987635,TRUE,post_treatment
log_under5_mort,heritage_Financial.Freedom,16,-0.004691860794903538,0.08733729413552063,-0.175872957300524,0.1664892357107169,TRUE,post_treatment
log_under5_mort,heritage_Financial.Freedom,17,0.016962106987884983,0.09281427660528789,-0.16495387515847929,0.19887808913424923,TRUE,post_treatment
log_under5_mort,heritage_Financial.Freedom,18,0.009756189539310359,0.09152931277743402,-0.1696412635044603,0.18915364258308104,TRUE,post_treatment
log_under5_mort,heritage_Financial.Freedom,19,0.022360365726505863,0.10038801229806507,-0.17440013837770169,0.21912086983071338,TRUE,post_treatment
log_under5_mort,heritage_Financial.Freedom,20,-7.987673844396231e-4,0.10224348442910161,-0.2011959968654788,0.19959846209659954,TRUE,post_treatment
log_under5_mort,heritage_Financial.Freedom,21,0.006658035770487079,0.11059017859737683,-0.2100987142803715,0.22341478582134564,TRUE,post_treatment
log_under5_mort,heritage_Financial.Freedom,22,-0.13386098212099942,0.14365706466142417,-0.41542882885739074,0.14770686461539193,TRUE,post_treatment
log_under5_mort,heritage_Financial.Freedom,23,-0.13385181508770935,0.16104499448982088,-0.44950000428775827,0.18179637411233954,TRUE,post_treatment
log_under5_mort,heritage_Financial.Freedom,24,-0.1578493741295568,0.14552676959201744,-0.44308184252991095,0.12738309427079736,TRUE,post_treatment
log_under5_mort,heritage_Financial.Freedom,25,-0.24091128990132435,0.14754482551835352,-0.5300991479172973,0.04827656811464856,TRUE,post_treatment
log_under5_mort,heritage_Financial.Freedom,26,-0.354985418809906,0.19081244773690076,-0.7289778163742315,0.019006978754419535,TRUE,post_treatment
log_under5_mort,heritage_Fiscal.Health,-25,-0.0044874303401977,0.042527936775644225,-0.08784218642046038,0.07886732574006497,TRUE,pre_treatment
log_under5_mort,heritage_Fiscal.Health,-24,0.0015358416693646566,0.018573395121131316,-0.03486801276805272,0.037939696106782037,TRUE,pre_treatment
log_under5_mort,heritage_Fiscal.Health,-23,0.0017618795842952383,0.010481967304026563,-0.018782776331596824,0.0223065355001873,TRUE,pre_treatment
log_under5_mort,heritage_Fiscal.Health,-22,0.01111535148143224,0.012265535497632063,-0.012925098093926602,0.035155801056791086,TRUE,pre_treatment
log_under5_mort,heritage_Fiscal.Health,-21,0.007024230341944328,0.020481419873596505,-0.033119352610304825,0.04716781329419348,TRUE,pre_treatment
log_under5_mort,heritage_Fiscal.Health,-20,0.0038840857953096023,0.014472502627030495,-0.024482019353670167,0.032250190944289374,TRUE,pre_treatment
log_under5_mort,heritage_Fiscal.Health,-19,0.0116198207487639,0.00938842335861293,-0.006781489034117441,0.030021130531645242,TRUE,pre_treatment
log_under5_mort,heritage_Fiscal.Health,-18,0.012558214312901182,0.011845064962623017,-0.01065811301383993,0.03577454163964229,TRUE,pre_treatment
log_under5_mort,heritage_Fiscal.Health,-17,0.004576124489177246,0.008067683578317483,-0.01123653532432502,0.02038878430267951,TRUE,pre_treatment
log_under5_mort,heritage_Fiscal.Health,-16,0.00973149482471049,0.0065928375393077,-0.003190466752332602,0.02265345640175358,TRUE,pre_treatment
log_under5_mort,heritage_Fiscal.Health,-15,0.003433892965237636,0.009676422429762343,-0.015531894997096554,0.022399680927571827,TRUE,pre_treatment
log_under5_mort,heritage_Fiscal.Health,-14,0.005833224775265941,0.005366132596314586,-0.004684395113510648,0.016350844664042533,TRUE,pre_treatment
log_under5_mort,heritage_Fiscal.Health,-13,0.006674754419851381,0.00483588953093769,-0.002803589060786491,0.01615309790048925,TRUE,pre_treatment
log_under5_mort,heritage_Fiscal.Health,-12,0.0046760318252961515,0.006598614999540362,-0.008257253573802957,0.01760931722439526,TRUE,pre_treatment
log_under5_mort,heritage_Fiscal.Health,-11,0.013244270141902775,0.00523658440118555,0.0029805647155790975,0.023507975568226452,FALSE,pre_treatment
log_under5_mort,heritage_Fiscal.Health,-10,0.013171680174177558,0.005797893051079012,0.0018078097940626946,0.02453555055429242,FALSE,pre_treatment
log_under5_mort,heritage_Fiscal.Health,-9,0.01721339931251232,0.007645949397648127,0.00222733849312199,0.03219946013190265,FALSE,pre_treatment
log_under5_mort,heritage_Fiscal.Health,-8,0.035427660956337564,0.02749753263264142,-0.01846750300363962,0.08932282491631474,TRUE,pre_treatment
log_under5_mort,heritage_Fiscal.Health,-7,-0.013265419944934433,0.02680723421401843,-0.06580759900441055,0.03927675911454169,TRUE,pre_treatment
log_under5_mort,heritage_Fiscal.Health,-6,0.007829535104336711,0.006724830535110817,-0.005351132744480489,0.021010202953153912,TRUE,pre_treatment
log_under5_mort,heritage_Fiscal.Health,-5,-0.004197155095261947,0.006467911901936969,-0.01687426242305841,0.008479952232534513,TRUE,pre_treatment
log_under5_mort,heritage_Fiscal.Health,-4,-0.0049821495935283115,0.007109755941690133,-0.018917271239240974,0.008952972052184349,TRUE,pre_treatment
log_under5_mort,heritage_Fiscal.Health,-3,0.004422057528822586,0.007436501703044044,-0.010153485809143738,0.01899760086678891,TRUE,pre_treatment
log_under5_mort,heritage_Fiscal.Health,-2,0.0015700765332514657,0.009015604208360978,-0.016100507715136048,0.019240660781638982,TRUE,pre_treatment
log_under5_mort,heritage_Fiscal.Health,-1,-1.2367139298705116e-4,0.0077711295073948855,-0.015355085227481026,0.015107742441506923,TRUE,pre_treatment
log_under5_mort,heritage_Fiscal.Health,0,0.0024583361216334496,0.00648169231651293,-0.010245780818731893,0.015162453061998793,TRUE,post_treatment
log_under5_mort,heritage_Fiscal.Health,1,-0.0021415341427616706,0.012571196997909536,-0.02678108025866436,0.022498011973141017,TRUE,post_treatment
log_under5_mort,heritage_Fiscal.Health,2,-0.004139621360679095,0.024502531075439354,-0.052164582268540226,0.04388533954718204,TRUE,post_treatment
log_under5_mort,heritage_Fiscal.Health,3,-0.032303377199601246,0.04454842634220058,-0.11961829283031439,0.055011538431111895,TRUE,post_treatment
log_under5_mort,heritage_Fiscal.Health,4,-0.07963850698956565,0.06689853248423902,-0.21075963065867412,0.05148261667954282,TRUE,post_treatment
log_under5_mort,heritage_Government.Integrity,-26,0.8101284600930461,1.0437870006201568,-1.2356940611224614,2.8559509813085535,TRUE,pre_treatment
log_under5_mort,heritage_Government.Integrity,-25,-0.020641343972203546,0.019074703547072247,-0.05802776292446515,0.016745074980058054,TRUE,pre_treatment
log_under5_mort,heritage_Government.Integrity,-24,-0.01276923422232423,0.03886442461097223,-0.0889435064598298,0.06340503801518134,TRUE,pre_treatment
log_under5_mort,heritage_Government.Integrity,-23,-0.03090961211215343,0.010353326373902592,-0.05120213180500251,-0.010617092419304346,FALSE,pre_treatment
log_under5_mort,heritage_Government.Integrity,-22,-0.1838720630797072,0.22058184993086993,-0.6162124889442122,0.24846836278479786,TRUE,pre_treatment
log_under5_mort,heritage_Government.Integrity,-21,-0.0025176102066988477,0.02218311508521558,-0.04599651577372139,0.04096129536032369,TRUE,pre_treatment
log_under5_mort,heritage_Government.Integrity,-20,-0.02542132538812462,0.019223841283829812,-0.06310005430443105,0.012257403528181807,TRUE,pre_treatment
log_under5_mort,heritage_Government.Integrity,-19,-0.007328818152500339,0.01219529983062373,-0.03123160582052285,0.01657396951552217,TRUE,pre_treatment
log_under5_mort,heritage_Government.Integrity,-18,-0.009632585423616408,0.009674708684766801,-0.028595014445759338,0.009329843598526521,TRUE,pre_treatment
log_under5_mort,heritage_Government.Integrity,-17,-0.03325362451804443,0.02424781929853968,-0.0807793503431822,0.01427210130709334,TRUE,pre_treatment
log_under5_mort,heritage_Government.Integrity,-16,-0.01423267321914091,0.007362004649076011,-0.028662202331329892,1.9685589304807224e-4,TRUE,pre_treatment
log_under5_mort,heritage_Government.Integrity,-15,-0.037207933249308926,0.03424972099955894,-0.10433738640844445,0.02992151990982659,TRUE,pre_treatment
log_under5_mort,heritage_Government.Integrity,-14,-0.013026018571115025,0.007023479902041259,-0.026792039179115892,7.400020368858434e-4,TRUE,pre_treatment
log_under5_mort,heritage_Government.Integrity,-13,-0.004539818493638917,0.006479650902967216,-0.01723993426345466,0.008160297276176825,TRUE,pre_treatment
log_under5_mort,heritage_Government.Integrity,-12,-0.0032257460110344614,0.006292416907543822,-0.015558883149820351,0.009107391127751429,TRUE,pre_treatment
log_under5_mort,heritage_Government.Integrity,-11,-0.002247436699089468,0.008388396002575082,-0.01868869286413663,0.014193819465957692,TRUE,pre_treatment
log_under5_mort,heritage_Government.Integrity,-10,0.008242775286474279,0.00730334152780576,-0.006071774108025009,0.022557324680973566,TRUE,pre_treatment
log_under5_mort,heritage_Government.Integrity,-9,-0.006386763192595358,0.011146832595607503,-0.02823455507998606,0.015461028694795346,TRUE,pre_treatment
log_under5_mort,heritage_Government.Integrity,-8,-0.0022009590670965277,0.008050963923116265,-0.017980848356404407,0.01357893022221135,TRUE,pre_treatment
log_under5_mort,heritage_Government.Integrity,-7,0.010075926799090699,0.011369728296399224,-0.012208740661851781,0.03236059426003318,TRUE,pre_treatment
log_under5_mort,heritage_Government.Integrity,-6,-0.020524686466867358,0.010934281049405995,-0.04195587732370311,9.065043899683933e-4,TRUE,pre_treatment
log_under5_mort,heritage_Government.Integrity,-5,-0.008263869080771561,0.013343848431907186,-0.034417812007309645,0.01789007384576652,TRUE,pre_treatment
log_under5_mort,heritage_Government.Integrity,-4,-0.012978931518503543,0.008612969105604293,-0.029860350965487954,0.00390248792848087,TRUE,pre_treatment
log_under5_mort,heritage_Government.Integrity,-3,-0.009598623291456228,0.004842589593935996,-0.01909009889557078,-1.0714768734167504e-4,FALSE,pre_treatment
log_under5_mort,heritage_Government.Integrity,-2,-0.002848034073615283,0.006635137266271465,-0.015852903115507355,0.010156834968276789,TRUE,pre_treatment
log_under5_mort,heritage_Government.Integrity,-1,-0.01189227092842086,0.00644517884170585,-0.024524821458164325,7.402796013226062e-4,TRUE,pre_treatment
log_under5_mort,heritage_Government.Integrity,0,-0.009033068045270213,0.005813024730290866,-0.020426596516640312,0.0023604604260998845,TRUE,post_treatment
log_under5_mort,heritage_Government.Integrity,1,-0.018896867134788765,0.010794658635911857,-0.040054398061176,0.002260663791598474,TRUE,post_treatment
log_under5_mort,heritage_Government.Integrity,2,-0.043655874931845196,0.013217851201485947,-0.06956286328675765,-0.01774888657693274,FALSE,post_treatment
log_under5_mort,heritage_Government.Integrity,3,-0.057794107137199756,0.018982442305825263,-0.09499969405661726,-0.020588520217782243,FALSE,post_treatment
log_under5_mort,heritage_Government.Integrity,4,-0.08181030545090416,0.02722698314953265,-0.13517519242398815,-0.028445418477820165,FALSE,post_treatment
log_under5_mort,heritage_Government.Integrity,5,-0.09868159258628022,0.032035424713115074,-0.16147102502398575,-0.03589216014857467,FALSE,post_treatment
log_under5_mort,heritage_Government.Integrity,6,-0.08841574014048138,0.0410023422549355,-0.16878033096015496,-0.008051149320807804,FALSE,post_treatment
log_under5_mort,heritage_Government.Integrity,7,-0.10146440042720849,0.03877347406669516,-0.177460409597931,-0.025468391256485978,FALSE,post_treatment
log_under5_mort,heritage_Government.Integrity,8,-0.09941744078562516,0.0460187161645164,-0.1896141244680773,-0.009220757103173008,FALSE,post_treatment
log_under5_mort,heritage_Government.Integrity,9,-0.10316676588879889,0.05339086837993024,-0.20781286791346215,0.001479336135864387,TRUE,post_treatment
log_under5_mort,heritage_Government.Integrity,10,-0.10643810977987886,0.04765149374924138,-0.19983503752839196,-0.013041182031365756,FALSE,post_treatment
log_under5_mort,heritage_Government.Integrity,11,-0.11657925285942647,0.04764108257320162,-0.20995577470290164,-0.0232027310159513,FALSE,post_treatment
log_under5_mort,heritage_Government.Integrity,12,-0.11573665121612307,0.06553495406184948,-0.24418516117734806,0.012711858745101903,TRUE,post_treatment
log_under5_mort,heritage_Government.Integrity,13,-0.13000863079118385,0.05567005181718871,-0.2391219323528737,-0.020895329229493984,FALSE,post_treatment
log_under5_mort,heritage_Government.Integrity,14,-0.13836166650043188,0.05389641570109675,-0.2439986412745815,-0.03272469172628226,FALSE,post_treatment
log_under5_mort,heritage_Government.Integrity,15,-0.1412030428349053,0.07226891137067393,-0.2828501091214262,4.4402345161559387e-4,TRUE,post_treatment
log_under5_mort,heritage_Government.Integrity,16,-0.15179196466881492,0.06916582934539933,-0.28735699018579763,-0.016226939151832237,FALSE,post_treatment
log_under5_mort,heritage_Government.Integrity,17,-0.18272433713581793,0.07354157202225729,-0.3268658182994422,-0.03858285597219363,FALSE,post_treatment
log_under5_mort,heritage_Government.Integrity,18,-0.2344459258849855,0.07431825019306966,-0.380109696263402,-0.08878215550656898,FALSE,post_treatment
log_under5_mort,heritage_Government.Integrity,19,-0.23840411494579525,0.07848385860352615,-0.3922324778087065,-0.08457575208288401,FALSE,post_treatment
log_under5_mort,heritage_Government.Integrity,20,-0.24755083087644406,0.09083129256514072,-0.4255801643041198,-0.06952149744876826,FALSE,post_treatment
log_under5_mort,heritage_Government.Integrity,21,-0.2803753120462094,0.09430868927458018,-0.46522034302438653,-0.09553028106803227,FALSE,post_treatment
log_under5_mort,heritage_Government.Integrity,22,-0.26262111857860204,0.11085420072628921,-0.47989535200212885,-0.045346885155075206,FALSE,post_treatment
log_under5_mort,heritage_Government.Integrity,23,-0.26117417232893664,0.10936170646009338,-0.4755231169907197,-0.04682522766715361,FALSE,post_treatment
log_under5_mort,heritage_Government.Integrity,24,-0.30885743541196375,0.09971521002382992,-0.5042992470586705,-0.1134156237652571,FALSE,post_treatment
log_under5_mort,heritage_Government.Integrity,25,-0.3398617827813486,0.1147108694000418,-0.5646950868054306,-0.11502847875726668,FALSE,post_treatment
log_under5_mort,heritage_Government.Integrity,26,-0.39670434311978164,0.13419094887378297,-0.6597186029123963,-0.13369008332716703,FALSE,post_treatment
log_under5_mort,heritage_Government.Spending,-25,-0.07488776486763882,0.08986166031583119,-0.25101661908666795,0.10124108935139031,TRUE,pre_treatment
log_under5_mort,heritage_Government.Spending,-24,-0.017410130165680195,0.03645976572644362,-0.0888712709895097,0.0540510106581493,TRUE,pre_treatment
log_under5_mort,heritage_Government.Spending,-23,-0.0054714138310259924,0.030455630956017016,-0.06516445050481934,0.05422162284276736,TRUE,pre_treatment
log_under5_mort,heritage_Government.Spending,-22,-0.013566387555226739,0.04137865771262739,-0.09466855667197642,0.06753578156152294,TRUE,pre_treatment
log_under5_mort,heritage_Government.Spending,-21,0.011584499763081678,0.02967540788636211,-0.04657929969418805,0.0697482992203514,TRUE,pre_treatment
log_under5_mort,heritage_Government.Spending,-20,-0.014531669252674337,0.015399588231884986,-0.04471486218716891,0.015651523681820236,TRUE,pre_treatment
log_under5_mort,heritage_Government.Spending,-19,-0.002782301892909606,0.019081834897655473,-0.040182698292314335,0.03461809450649512,TRUE,pre_treatment
log_under5_mort,heritage_Government.Spending,-18,0.0317887097297609,0.027193723576244125,-0.021510988479677584,0.08508840793919939,TRUE,pre_treatment
log_under5_mort,heritage_Government.Spending,-17,-0.05535873663204327,0.04097224613818485,-0.13566433906288558,0.02494686579879904,TRUE,pre_treatment
log_under5_mort,heritage_Government.Spending,-16,-0.017344418537110676,0.011604947103795511,-0.04009011486054988,0.005401277786328526,TRUE,pre_treatment
log_under5_mort,heritage_Government.Spending,-15,-0.004380738695927518,0.014220872100645359,-0.03225364801319242,0.023492170621337384,TRUE,pre_treatment
log_under5_mort,heritage_Government.Spending,-14,0.0072829171296364195,0.012274530435408514,-0.016775162523764268,0.0313409967830371,TRUE,pre_treatment
log_under5_mort,heritage_Government.Spending,-13,0.020869759436641436,0.021377513640487622,-0.021030167298714302,0.06276968617199717,TRUE,pre_treatment
log_under5_mort,heritage_Government.Spending,-12,-0.010816015887937574,0.023668013883012012,-0.05720532309864112,0.03557329132276597,TRUE,pre_treatment
log_under5_mort,heritage_Government.Spending,-11,-0.006494772453332923,0.010060962324064253,-0.026214258608498856,0.013224713701833011,TRUE,pre_treatment
log_under5_mort,heritage_Government.Spending,-10,0.004695659496548097,0.008788699629527783,-0.012530191777326357,0.02192151077042255,TRUE,pre_treatment
log_under5_mort,heritage_Government.Spending,-9,0.002628916173511779,0.008640971782223495,-0.014307388519646271,0.01956522086666983,TRUE,pre_treatment
log_under5_mort,heritage_Government.Spending,-8,0.0020555815874923992,0.008484498856403722,-0.014574036171058895,0.018685199346043693,TRUE,pre_treatment
log_under5_mort,heritage_Government.Spending,-7,-0.005640271915240331,0.009695099629444448,-0.02464266718895145,0.013362123358470788,TRUE,pre_treatment
log_under5_mort,heritage_Government.Spending,-6,-0.011048198860118064,0.010812898015323426,-0.03224147897015198,0.01014508124991585,TRUE,pre_treatment
log_under5_mort,heritage_Government.Spending,-5,-0.007814822619504586,0.01173450602297043,-0.030814454424526627,0.015184809185517456,TRUE,pre_treatment
log_under5_mort,heritage_Government.Spending,-4,-0.020201764146891964,0.01601944287172103,-0.05159987217546519,0.011196343881681257,TRUE,pre_treatment
log_under5_mort,heritage_Government.Spending,-3,-0.0025687440271551275,0.007158904380250103,-0.016600196612445328,0.011462708558135075,TRUE,pre_treatment
log_under5_mort,heritage_Government.Spending,-2,-0.0015645531026434135,0.005993701190981688,-0.01331220743696752,0.010183101231680695,TRUE,pre_treatment
log_under5_mort,heritage_Government.Spending,-1,-0.008757239139214702,0.005789599247451949,-0.02010485366422052,0.0025903753857911167,TRUE,pre_treatment
log_under5_mort,heritage_Government.Spending,0,-0.005348796587152447,0.006929575992726274,-0.018930765532895945,0.00823317235859105,TRUE,post_treatment
log_under5_mort,heritage_Government.Spending,1,-0.011243735601395601,0.01216220026091861,-0.03508164811279607,0.012594176910004872,TRUE,post_treatment
log_under5_mort,heritage_Government.Spending,2,-0.022030551240573147,0.016173000127436075,-0.05372963149034785,0.009668529009201558,TRUE,post_treatment
log_under5_mort,heritage_Government.Spending,3,-0.02074512967205399,0.02993846262344086,-0.07942451641399807,0.03793425706989009,TRUE,post_treatment
log_under5_mort,heritage_Government.Spending,4,-0.033371809283497894,0.03407972697608657,-0.10016807415662757,0.03342445558963178,TRUE,post_treatment
log_under5_mort,heritage_Government.Spending,5,-0.036358475594465055,0.0322768227543376,-0.09962104819296674,0.02690409700403664,TRUE,post_treatment
log_under5_mort,heritage_Government.Spending,6,-0.04925430103267713,0.037121318069349096,-0.12201208444860137,0.0235034823832471,TRUE,post_treatment
log_under5_mort,heritage_Government.Spending,7,-0.059039529570652845,0.04335648695903753,-0.1440182440103664,0.02593918486906071,TRUE,post_treatment
log_under5_mort,heritage_Government.Spending,8,-0.07013567343716641,0.04596248844137134,-0.1602221507822542,0.019950803907921408,TRUE,post_treatment
log_under5_mort,heritage_Government.Spending,9,-0.08238393108870455,0.05274049800178289,-0.185755307172199,0.02098744499478991,TRUE,post_treatment
log_under5_mort,heritage_Government.Spending,10,-0.07813904523219506,0.05463710760393531,-0.18522777613590827,0.02894968567151815,TRUE,post_treatment
log_under5_mort,heritage_Government.Spending,11,-0.0810174608869789,0.06352434335414221,-0.20552517386109764,0.04349025208713983,TRUE,post_treatment
log_under5_mort,heritage_Government.Spending,12,-0.08863144057277027,0.06336516681096248,-0.21282716752225672,0.035564286376716187,TRUE,post_treatment
log_under5_mort,heritage_Government.Spending,13,-0.08289728309873483,0.06416228686227225,-0.20865536534878842,0.04286079915131878,TRUE,post_treatment
log_under5_mort,heritage_Government.Spending,14,-0.08503199668229651,0.06730049094551209,-0.2169409589355002,0.04687696557090719,TRUE,post_treatment
log_under5_mort,heritage_Government.Spending,15,-0.07964523905847967,0.07729177726953423,-0.23113712250676677,0.07184664438980742,TRUE,post_treatment
log_under5_mort,heritage_Government.Spending,16,-0.07993281813728158,0.08206542524512074,-0.24078105161771823,0.08091541534315506,TRUE,post_treatment
log_under5_mort,heritage_Government.Spending,17,-0.0947235749159876,0.09351860903346848,-0.2780200486215858,0.08857289878961061,TRUE,post_treatment
log_under5_mort,heritage_Government.Spending,18,-0.10333543450204818,0.10428322148146887,-0.3077305486057272,0.10105967960163081,TRUE,post_treatment
log_under5_mort,heritage_Government.Spending,19,-0.11416782677430658,0.10218312549239147,-0.3144467527393939,0.08611109919078071,TRUE,post_treatment
log_under5_mort,heritage_Government.Spending,20,-0.10448790847223317,0.11189803627793975,-0.3238080595769951,0.11483224263252874,TRUE,post_treatment
log_under5_mort,heritage_Government.Spending,21,-0.1761001495666827,0.10751345444452849,-0.38682652027795855,0.03462622114459313,TRUE,post_treatment
log_under5_mort,heritage_Government.Spending,22,-0.2084315889347446,0.12050329965787274,-0.44461805626417517,0.02775487839468596,TRUE,post_treatment
log_under5_mort,heritage_Government.Spending,23,-0.251191499720516,0.14087513804271115,-0.5273067702842299,0.024923770843197857,TRUE,post_treatment
log_under5_mort,heritage_Government.Spending,24,-0.2457342201277154,0.16303791429232523,-0.5652885321406729,0.07382009188524202,TRUE,post_treatment
log_under5_mort,heritage_Government.Spending,25,-0.3931138510036788,0.20004884722377983,-0.7852095915622872,-0.0010181104450703304,FALSE,post_treatment
log_under5_mort,heritage_Government.Spending,26,-0.6011728725606242,0.20891669170774987,-1.010649588307814,-0.1916961568134345,FALSE,post_treatment
log_under5_mort,heritage_Investment.Freedom,-24,-0.08164289066872167,0.19810237756214336,-0.4699235506905226,0.3066377693530793,TRUE,pre_treatment
log_under5_mort,heritage_Investment.Freedom,-23,-0.042038444880352396,0.1741192061629223,-0.38331208895968016,0.29923519919897534,TRUE,pre_treatment
log_under5_mort,heritage_Investment.Freedom,-22,-0.04072186319576178,0.08189009237697657,-0.20122644425463587,0.1197827178631123,TRUE,pre_treatment
log_under5_mort,heritage_Investment.Freedom,-21,0.008853297631308259,0.05924229093853179,-0.10726159260821405,0.12496818787083055,TRUE,pre_treatment
log_under5_mort,heritage_Investment.Freedom,-20,-0.01849902746681993,0.05437399899921511,-0.12507206550528155,0.08807401057164169,TRUE,pre_treatment
log_under5_mort,heritage_Investment.Freedom,-19,-0.01288330734421696,0.01959170824715229,-0.05128305550863545,0.02551644082020153,TRUE,pre_treatment
log_under5_mort,heritage_Investment.Freedom,-18,-0.022718563516431662,0.09477978318177846,-0.20848693855271744,0.1630498115198541,TRUE,pre_treatment
log_under5_mort,heritage_Investment.Freedom,-17,8.146747162141857e-4,0.023783182401600978,-0.045800362790923727,0.0474297122233521,TRUE,pre_treatment
log_under5_mort,heritage_Investment.Freedom,-16,0.014224860695714105,0.017293662333861887,-0.019670717478655196,0.0481204388700834,TRUE,pre_treatment
log_under5_mort,heritage_Investment.Freedom,-15,0.006146519994524285,0.032368963264488994,-0.05729664800387414,0.06958968799292271,TRUE,pre_treatment
log_under5_mort,heritage_Investment.Freedom,-14,0.004138241229177547,0.02677553851003019,-0.048341814250481625,0.05661829670883672,TRUE,pre_treatment
log_under5_mort,heritage_Investment.Freedom,-13,0.008387593971966183,0.01348119031295804,-0.018035539041431577,0.03481072698536394,TRUE,pre_treatment
log_under5_mort,heritage_Investment.Freedom,-12,-0.011541701879101276,0.03325847663442492,-0.07672831608257412,0.05364491232437156,TRUE,pre_treatment
log_under5_mort,heritage_Investment.Freedom,-11,0.001648351575992406,0.014175035439649894,-0.026134717885721387,0.0294314210377062,TRUE,pre_treatment
log_under5_mort,heritage_Investment.Freedom,-10,-0.002807538261316778,0.015897707838844973,-0.03396704562545293,0.02835196910281937,TRUE,pre_treatment
log_under5_mort,heritage_Investment.Freedom,-9,0.004240916737663135,0.01770962311122491,-0.030469944560337685,0.03895177803566396,TRUE,pre_treatment
log_under5_mort,heritage_Investment.Freedom,-8,0.017429606948033527,0.03666577636983434,-0.05443531473684178,0.08929452863290883,TRUE,pre_treatment
log_under5_mort,heritage_Investment.Freedom,-7,0.010616092380059719,0.011716366035556893,-0.012347985049631792,0.03358016980975123,TRUE,pre_treatment
log_under5_mort,heritage_Investment.Freedom,-6,7.776402919870579e-4,0.01619888507893299,-0.0309721744627216,0.032527455046695714,TRUE,pre_treatment
log_under5_mort,heritage_Investment.Freedom,-5,-8.391555007284852e-4,0.015474839937754514,-0.03116984177872733,0.02949153077727036,TRUE,pre_treatment
log_under5_mort,heritage_Investment.Freedom,-4,0.002762175807515308,0.009144454070765175,-0.015160954171184434,0.02068530578621505,TRUE,pre_treatment
log_under5_mort,heritage_Investment.Freedom,-3,0.004722463568552192,0.011957727117858983,-0.018714681582451414,0.028159608719555796,TRUE,pre_treatment
log_under5_mort,heritage_Investment.Freedom,-2,0.014249239184262866,0.013113455550605346,-0.011453133694923612,0.03995161206344934,TRUE,pre_treatment
log_under5_mort,heritage_Investment.Freedom,-1,0.002480877432459473,0.009545080884521369,-0.01622748110120241,0.021189235966121357,TRUE,pre_treatment
log_under5_mort,heritage_Investment.Freedom,0,0.009917730708522917,0.013636291848337562,-0.016809401314218705,0.036644862731264535,TRUE,post_treatment
log_under5_mort,heritage_Investment.Freedom,1,0.005469591207456049,0.014792197740065738,-0.023523116363072798,0.034462298777984894,TRUE,post_treatment
log_under5_mort,heritage_Investment.Freedom,2,0.0206068933486451,0.023180702569282043,-0.024827283687147705,0.0660410703844379,TRUE,post_treatment
log_under5_mort,heritage_Investment.Freedom,3,0.030998044903796415,0.03130420204431991,-0.030358191103070614,0.09235428091066344,TRUE,post_treatment
log_under5_mort,heritage_Investment.Freedom,4,0.04158451781651658,0.042499569516835985,-0.041714638436481946,0.1248836740695151,TRUE,post_treatment
log_under5_mort,heritage_Investment.Freedom,5,0.0532220146718745,0.05947045072460435,-0.06334006874835002,0.16978409809209902,TRUE,post_treatment
log_under5_mort,heritage_Investment.Freedom,6,0.059338527275255,0.06153297985255662,-0.06126611323575597,0.17994316778626596,TRUE,post_treatment
log_under5_mort,heritage_Investment.Freedom,7,0.06350101340416006,0.06838660981007899,-0.07053674182359476,0.19753876863191488,TRUE,post_treatment
log_under5_mort,heritage_Investment.Freedom,8,0.0685197697590676,0.07398825713031738,-0.07649721421635447,0.21353675373448966,TRUE,post_treatment
log_under5_mort,heritage_Investment.Freedom,9,0.07390125619879195,0.09277756939046604,-0.10794277980652148,0.25574529220410536,TRUE,post_treatment
log_under5_mort,heritage_Investment.Freedom,10,0.0771424649336018,0.08055092443344813,-0.08073734695595655,0.23502227682316015,TRUE,post_treatment
log_under5_mort,heritage_Investment.Freedom,11,0.08007427994641227,0.0890188897276564,-0.09440274391979427,0.2545513038126188,TRUE,post_treatment
log_under5_mort,heritage_Investment.Freedom,12,0.08819573637167469,0.11450662279565307,-0.13623724430780534,0.3126287170511547,TRUE,post_treatment
log_under5_mort,heritage_Investment.Freedom,13,0.12301168487848425,0.11291310298299796,-0.09829799696819176,0.3443213667251603,TRUE,post_treatment
log_under5_mort,heritage_Investment.Freedom,14,0.0957864392481715,0.1107328500083257,-0.12124994676814686,0.31282282526448985,TRUE,post_treatment
log_under5_mort,heritage_Investment.Freedom,15,0.1109648681440339,0.12372237540656084,-0.13153098765282534,0.3534607239408931,TRUE,post_treatment
log_under5_mort,heritage_Investment.Freedom,16,0.09317699541959676,0.13898327447608586,-0.17923022255353152,0.36558421339272507,TRUE,post_treatment
log_under5_mort,heritage_Investment.Freedom,17,0.1268329901716372,0.14865045997108245,-0.1645219113716844,0.41818789171495885,TRUE,post_treatment
log_under5_mort,heritage_Investment.Freedom,18,0.12855322108897854,0.1603255492332141,-0.18568485540812107,0.44279129758607816,TRUE,post_treatment
log_under5_mort,heritage_Investment.Freedom,19,0.12583229592818435,0.16926156304507303,-0.2059203676401588,0.4575849594965275,TRUE,post_treatment
log_under5_mort,heritage_Investment.Freedom,20,0.07331130147829219,0.16038718617338757,-0.24104758342154747,0.38767018637813183,TRUE,post_treatment
log_under5_mort,heritage_Investment.Freedom,21,0.049620149522179864,0.18881146973639223,-0.3204503311611489,0.4196906302055086,TRUE,post_treatment
log_under5_mort,heritage_Investment.Freedom,22,-0.018072855988030198,0.22869832379287194,-0.4663215706220592,0.4301758586459988,TRUE,post_treatment
log_under5_mort,heritage_Investment.Freedom,23,-0.06197830933288155,0.23702493067561917,-0.5265471734570951,0.402590554791332,TRUE,post_treatment
log_under5_mort,heritage_Investment.Freedom,24,-0.12689616515464006,0.2361089755665574,-0.5896697572650925,0.33587742695581246,TRUE,post_treatment
log_under5_mort,heritage_Investment.Freedom,25,0.007563298037594431,0.2756249101748149,-0.5326615259050427,0.5477881219802316,TRUE,post_treatment
log_under5_mort,heritage_Investment.Freedom,26,0.09263293456855656,0.234329477711511,-0.366652841746005,0.5519187108831181,TRUE,post_treatment
log_under5_mort,heritage_Judicial.Effectiveness,-26,0.005797963450710189,0.01981512230996902,-0.03303967627682909,0.04463560317824947,TRUE,pre_treatment
log_under5_mort,heritage_Judicial.Effectiveness,-25,-0.005680320401368691,0.0065345779360912685,-0.018488093156107575,0.007127452353370195,TRUE,pre_treatment
log_under5_mort,heritage_Judicial.Effectiveness,-24,-0.014409148983781418,0.0073239504469416496,-0.028764091859787053,-5.4206107775784176e-5,FALSE,pre_treatment
log_under5_mort,heritage_Judicial.Effectiveness,-23,0.0023647738352760663,0.008009566373913103,-0.013333976257593616,0.01806352392814575,TRUE,pre_treatment
log_under5_mort,heritage_Judicial.Effectiveness,-22,0.026091540011264847,0.07307480808410838,-0.11713508383358756,0.16931816385611725,TRUE,pre_treatment
log_under5_mort,heritage_Judicial.Effectiveness,-21,-0.008712240820818198,0.00674359148884765,-0.021929680138959594,0.004505198497323197,TRUE,pre_treatment
log_under5_mort,heritage_Judicial.Effectiveness,-20,-7.612450083435496e-4,0.006859683227589364,-0.014206224134418702,0.012683734117731604,TRUE,pre_treatment
log_under5_mort,heritage_Judicial.Effectiveness,-19,0.0079903685034736,0.010431445856772149,-0.012455265375799811,0.028436002382747013,TRUE,pre_treatment
log_under5_mort,heritage_Judicial.Effectiveness,-18,-0.056759004335004845,0.08000373858847781,-0.21356633196842134,0.10004832329841166,TRUE,pre_treatment
log_under5_mort,heritage_Judicial.Effectiveness,-17,0.011829962683663929,0.006170346974952028,-2.639173872420464e-4,0.023923842754569904,TRUE,pre_treatment
log_under5_mort,heritage_Judicial.Effectiveness,-16,0.008574821707004816,0.0046611643152791715,-5.610603509423606e-4,0.017710703764951992,TRUE,pre_treatment
log_under5_mort,heritage_Judicial.Effectiveness,-15,0.006747119271660543,0.004377858771998126,-0.0018334839214557844,0.015327722464776872,TRUE,pre_treatment
log_under5_mort,heritage_Judicial.Effectiveness,-14,0.005420352535490762,0.0060443459531173286,-0.006426565532619202,0.017267270603600726,TRUE,pre_treatment
log_under5_mort,heritage_Judicial.Effectiveness,-13,-0.006672834315858336,0.015922736448448344,-0.03788139775481709,0.024535729123100418,TRUE,pre_treatment
log_under5_mort,heritage_Judicial.Effectiveness,-12,0.013274766556430562,0.013083522941317894,-0.01236893840855251,0.03891847152141363,TRUE,pre_treatment
log_under5_mort,heritage_Judicial.Effectiveness,-11,-0.007926078182824611,0.008757705898178888,-0.025091181743255232,0.009239025377606009,TRUE,pre_treatment
log_under5_mort,heritage_Judicial.Effectiveness,-10,0.013117607726755093,0.02390049424969306,-0.0337273610026433,0.059962576456153494,TRUE,pre_treatment
log_under5_mort,heritage_Judicial.Effectiveness,-9,0.004047789941170309,0.006690968787388013,-0.009066508882110195,0.017162088764450814,TRUE,pre_treatment
log_under5_mort,heritage_Judicial.Effectiveness,-8,0.0037861443190529013,0.014312993691943231,-0.024267323317155833,0.03183961195526164,TRUE,pre_treatment
log_under5_mort,heritage_Judicial.Effectiveness,-7,-0.0028486410257077864,0.014168046039452726,-0.03061801126303513,0.024920729211619558,TRUE,pre_treatment
log_under5_mort,heritage_Judicial.Effectiveness,-6,0.010807221822275549,0.006209672621680552,-0.0013637365162183328,0.02297818016076943,TRUE,pre_treatment
log_under5_mort,heritage_Judicial.Effectiveness,-5,0.003546173474671164,0.005709063953414052,-0.007643591874020378,0.014735938823362705,TRUE,pre_treatment
log_under5_mort,heritage_Judicial.Effectiveness,-4,0.01100847238955634,0.005147380579723339,9.196064532985965e-4,0.021097338325814084,FALSE,pre_treatment
log_under5_mort,heritage_Judicial.Effectiveness,-3,0.01780967391694818,0.014250887328445878,-0.010122065246805742,0.0457414130807021,TRUE,pre_treatment
log_under5_mort,heritage_Judicial.Effectiveness,-2,0.0065482763978518144,0.012458448657170742,-0.017870282970202836,0.03096683576590647,TRUE,pre_treatment
log_under5_mort,heritage_Judicial.Effectiveness,-1,0.009900842303560182,0.006609616247378387,-0.003054005541301457,0.02285569014842182,TRUE,pre_treatment
log_under5_mort,heritage_Judicial.Effectiveness,0,0.0017197888592414938,0.010453893194974938,-0.018769841802909384,0.02220941952139237,TRUE,post_treatment
log_under5_mort,heritage_Judicial.Effectiveness,1,0.04187575448033111,0.028051961053035562,-0.013106089183618594,0.09685759814428081,TRUE,post_treatment
log_under5_mort,heritage_Judicial.Effectiveness,2,0.006477786558290004,0.03221925372977234,-0.05667195075206379,0.06962752386864379,TRUE,post_treatment
log_under5_mort,heritage_Judicial.Effectiveness,3,-0.006673953608593439,0.04426703706259536,-0.09343734625128035,0.08008943903409348,TRUE,post_treatment
log_under5_mort,heritage_Judicial.Effectiveness,4,0.018337198494614005,0.025989952177134585,-0.03260310777256978,0.0692775047617978,TRUE,post_treatment
log_under5_mort,heritage_Labor.Freedom,-26,-0.004706497919199837,0.0664985763583546,-0.13504370758157486,0.1256307117431752,TRUE,pre_treatment
log_under5_mort,heritage_Labor.Freedom,-25,0.0031397720190462688,0.011301298361476888,-0.01901077276944843,0.025290316807540972,TRUE,pre_treatment
log_under5_mort,heritage_Labor.Freedom,-24,-0.005290884610230461,0.010075449273027995,-0.025038765185365332,0.014456995964904408,TRUE,pre_treatment
log_under5_mort,heritage_Labor.Freedom,-23,0.0017967796377981056,0.009803104267986034,-0.017417304727454522,0.02101086400305073,TRUE,pre_treatment
log_under5_mort,heritage_Labor.Freedom,-22,0.018963199758162557,0.034250444326495245,-0.04816767112176812,0.08609407063809324,TRUE,pre_treatment
log_under5_mort,heritage_Labor.Freedom,-21,-0.004052907688630844,0.0077740230099080975,-0.019289992788050714,0.011184177410789028,TRUE,pre_treatment
log_under5_mort,heritage_Labor.Freedom,-20,0.009149166180582613,0.013618072524502317,-0.017542255967441925,0.035840588328607155,TRUE,pre_treatment
log_under5_mort,heritage_Labor.Freedom,-19,-0.0023920279198379373,0.016031399567819907,-0.033813571072764954,0.029029515233089078,TRUE,pre_treatment
log_under5_mort,heritage_Labor.Freedom,-18,-0.00515911065503107,0.008136522442190555,-0.021106694641724558,0.01078847333166242,TRUE,pre_treatment
log_under5_mort,heritage_Labor.Freedom,-17,-0.0033686709774573224,0.00708134002567438,-0.017248097427779108,0.010510755472864463,TRUE,pre_treatment
log_under5_mort,heritage_Labor.Freedom,-16,-0.0044215905817028296,0.005993614056956346,-0.01616907413333727,0.0073258929699316095,TRUE,pre_treatment
log_under5_mort,heritage_Labor.Freedom,-15,-0.0053210051694550795,0.007018295909062812,-0.01907686515121819,0.008434854812308032,TRUE,pre_treatment
log_under5_mort,heritage_Labor.Freedom,-14,-0.023149055513169765,0.010020004748909388,-0.042788264821032165,-0.0035098462053073654,FALSE,pre_treatment
log_under5_mort,heritage_Labor.Freedom,-13,-0.016197877605946733,0.006952533049071072,-0.029824842382126036,-0.0025709128297674317,FALSE,pre_treatment
log_under5_mort,heritage_Labor.Freedom,-12,-0.004495936679089117,0.006845237448263163,-0.017912602077684917,0.008920728719506683,TRUE,pre_treatment
log_under5_mort,heritage_Labor.Freedom,-11,-0.018041859920281286,0.011030411777158815,-0.039661467003512564,0.003577747162949993,TRUE,pre_treatment
log_under5_mort,heritage_Labor.Freedom,-10,3.9164693006000546e-4,0.012025960694790335,-0.02317923603172905,0.023962529891849063,TRUE,pre_treatment
log_under5_mort,heritage_Labor.Freedom,-9,-0.0035339338117277427,0.0056822081644908535,-0.014671061814129815,0.00760319419067433,TRUE,pre_treatment
log_under5_mort,heritage_Labor.Freedom,-8,-0.003649328341830709,0.005208959269004278,-0.013858888509079095,0.006560231825417676,TRUE,pre_treatment
log_under5_mort,heritage_Labor.Freedom,-7,-0.001992827820760226,0.0061851943669801734,-0.014115808780041365,0.010130153138520913,TRUE,pre_treatment
log_under5_mort,heritage_Labor.Freedom,-6,0.0020152884664059556,0.006881040047327179,-0.011471550026355314,0.015502126959167226,TRUE,pre_treatment
log_under5_mort,heritage_Labor.Freedom,-5,-0.0026978585817527792,0.007099526595252512,-0.016612930708447705,0.011217213544942145,TRUE,pre_treatment
log_under5_mort,heritage_Labor.Freedom,-4,0.005428897142113381,0.005111533158587878,-0.004589707848718858,0.015447502132945622,TRUE,pre_treatment
log_under5_mort,heritage_Labor.Freedom,-3,-0.0012643351828387243,0.004796250348548151,-0.010664985865993099,0.008136315500315652,TRUE,pre_treatment
log_under5_mort,heritage_Labor.Freedom,-2,0.001226450467830546,0.004589259210785566,-0.007768497585309163,0.010221398520970254,TRUE,pre_treatment
log_under5_mort,heritage_Labor.Freedom,-1,-0.0048957608395849474,0.006140157594589213,-0.016930469724979805,0.0071389480458099105,TRUE,pre_treatment
log_under5_mort,heritage_Labor.Freedom,0,0.0033073946951998933,0.010192941363366594,-0.01667077037699863,0.023285559767398416,TRUE,post_treatment
log_under5_mort,heritage_Labor.Freedom,1,-0.00399814102931267,0.012451980717315294,-0.028404023235250646,0.020407741176625305,TRUE,post_treatment
log_under5_mort,heritage_Labor.Freedom,2,0.00608970639904103,0.02049195373463998,-0.034074522920853334,0.04625393571893539,TRUE,post_treatment
log_under5_mort,heritage_Labor.Freedom,3,0.009519203637135655,0.024653210023326242,-0.03880108800858378,0.057839495282855084,TRUE,post_treatment
log_under5_mort,heritage_Labor.Freedom,4,0.0015253713849666878,0.03004749049228552,-0.05736770997991293,0.06041845274984631,TRUE,post_treatment
log_under5_mort,heritage_Labor.Freedom,5,-0.01834861988703879,0.035321814330264684,-0.08757937597435757,0.050882136200279995,TRUE,post_treatment
log_under5_mort,heritage_Labor.Freedom,6,-0.017929149488319873,0.04030693402747603,-0.09693074018217289,0.06107244120553314,TRUE,post_treatment
log_under5_mort,heritage_Labor.Freedom,7,-0.019560289875571207,0.045437276104013304,-0.10861735103943729,0.06949677128829487,TRUE,post_treatment
log_under5_mort,heritage_Labor.Freedom,8,-0.021968968656033264,0.0469401307568392,-0.11397162493943809,0.07003368762737157,TRUE,post_treatment
log_under5_mort,heritage_Labor.Freedom,9,-0.017472207608165022,0.05761146070318597,-0.13039067058640952,0.09544625537007947,TRUE,post_treatment
log_under5_mort,heritage_Labor.Freedom,10,-0.03062758017727313,0.06609274608990776,-0.1601693625134923,0.09891420215894606,TRUE,post_treatment
log_under5_mort,heritage_Labor.Freedom,11,-0.03164771616309481,0.06194990017495785,-0.1530695205060122,0.08977408817982258,TRUE,post_treatment
log_under5_mort,heritage_Labor.Freedom,12,-0.0626627594382456,0.08837287531191117,-0.2358735950495915,0.1105480761731003,TRUE,post_treatment
log_under5_mort,heritage_Labor.Freedom,13,-0.024767832346109013,0.13041433635171643,-0.2803799315954732,0.23084426690325516,TRUE,post_treatment
log_under5_mort,heritage_Labor.Freedom,14,0.07020866240610985,0.17744849280210837,-0.27759038348602255,0.41800770829824224,TRUE,post_treatment
log_under5_mort,heritage_Labor.Freedom,15,-0.006678273342232432,0.32578750115244237,-0.6452217756010196,0.6318652289165546,TRUE,post_treatment
log_under5_mort,heritage_Monetary.Freedom,-24,-0.0026647017142131368,0.031058280071319066,-0.0635389306539985,0.05820952722557223,TRUE,pre_treatment
log_under5_mort,heritage_Monetary.Freedom,-23,-0.0013359688226409878,0.00424919068192098,-0.009664382559206108,0.006992444913924131,TRUE,pre_treatment
log_under5_mort,heritage_Monetary.Freedom,-22,0.0275980437201485,0.04157619986755171,-0.053891308020252854,0.10908739546054985,TRUE,pre_treatment
log_under5_mort,heritage_Monetary.Freedom,-21,0.02092865472651546,0.02245452977403839,-0.023082223630599783,0.06493953308363071,TRUE,pre_treatment
log_under5_mort,heritage_Monetary.Freedom,-20,0.004311342104207736,0.020548484514172866,-0.035963687543571085,0.044586371751986556,TRUE,pre_treatment
log_under5_mort,heritage_Monetary.Freedom,-19,0.0016435632750044222,0.02433932840209283,-0.04606152039309753,0.049348646943106374,TRUE,pre_treatment
log_under5_mort,heritage_Monetary.Freedom,-18,0.01795847005060036,0.020933359345020473,-0.023070914265639765,0.05898785436684049,TRUE,pre_treatment
log_under5_mort,heritage_Monetary.Freedom,-17,-0.0024933766714207257,0.014151461956588366,-0.030230242106333925,0.025243488763492472,TRUE,pre_treatment
log_under5_mort,heritage_Monetary.Freedom,-16,0.003700257657002998,0.007164617619550514,-0.01034239287731601,0.017742908191322005,TRUE,pre_treatment
log_under5_mort,heritage_Monetary.Freedom,-15,0.015399246552902838,0.019465764952391763,-0.022753652753785013,0.05355214585959069,TRUE,pre_treatment
log_under5_mort,heritage_Monetary.Freedom,-14,0.017598939528053834,0.013857460002572949,-0.009561682076989146,0.044759561133096815,TRUE,pre_treatment
log_under5_mort,heritage_Monetary.Freedom,-13,0.017085797093537074,0.013205759322190334,-0.00879749117795598,0.04296908536503013,TRUE,pre_treatment
log_under5_mort,heritage_Monetary.Freedom,-12,0.024228008914612614,0.012396751662500078,-6.962434388754074e-5,0.04852564217311277,TRUE,pre_treatment
log_under5_mort,heritage_Monetary.Freedom,-11,0.020402285889710905,0.006555505216575751,0.007553495665222433,0.03325107611419938,FALSE,pre_treatment
log_under5_mort,heritage_Monetary.Freedom,-10,0.01607026129009314,0.009834993841176583,-0.0032063266386129635,0.03534684921879924,TRUE,pre_treatment
log_under5_mort,heritage_Monetary.Freedom,-9,0.028363552962080072,0.015018488819802101,-0.0010726851247320444,0.057799791048892185,TRUE,pre_treatment
log_under5_mort,heritage_Monetary.Freedom,-8,0.040434432876249385,0.04599186805909261,-0.04970962851957213,0.1305784942720709,TRUE,pre_treatment
log_under5_mort,heritage_Monetary.Freedom,-7,0.05955656380762028,0.05746970678360868,-0.05308406148825273,0.1721971891034933,TRUE,pre_treatment
log_under5_mort,heritage_Monetary.Freedom,-6,-0.03933912304758801,0.04843211561235041,-0.1342660696477948,0.05558782355261879,TRUE,pre_treatment
log_under5_mort,heritage_Monetary.Freedom,-5,0.002458819488923044,0.016594294701922335,-0.03006599812684473,0.034983637104690816,TRUE,pre_treatment
log_under5_mort,heritage_Monetary.Freedom,-4,-0.018558061462638553,0.021193606091108205,-0.06009752940121063,0.022981406475933525,TRUE,pre_treatment
log_under5_mort,heritage_Monetary.Freedom,-3,-0.009088309736407816,0.014042478361624469,-0.036611567325191774,0.018434947852376142,TRUE,pre_treatment
log_under5_mort,heritage_Monetary.Freedom,-2,0.011607504422854699,0.01591995992470633,-0.01959561702956971,0.042810625875279104,TRUE,pre_treatment
log_under5_mort,heritage_Monetary.Freedom,-1,-0.01861428755538207,0.012880122592209876,-0.043859327836113425,0.006630752725349284,TRUE,pre_treatment
log_under5_mort,heritage_Monetary.Freedom,0,-0.008970544327016512,0.005860747689528079,-0.020457609798491545,0.002516521144458524,TRUE,post_treatment
log_under5_mort,heritage_Monetary.Freedom,1,-0.014034494433505514,0.01685961380221945,-0.04707933748585563,0.019010348618844607,TRUE,post_treatment
log_under5_mort,heritage_Monetary.Freedom,2,-0.01718618727052721,0.022484909536792663,-0.06125660996264083,0.02688423542158641,TRUE,post_treatment
log_under5_mort,heritage_Monetary.Freedom,3,-0.018530499813283245,0.032335911204536924,-0.08190888577417563,0.04484788614760913,TRUE,post_treatment
log_under5_mort,heritage_Monetary.Freedom,4,-0.038304004480934295,0.03211108274614361,-0.10124172666337578,0.024633717701507185,TRUE,post_treatment
log_under5_mort,heritage_Monetary.Freedom,5,-0.04761760961223076,0.03880037281460836,-0.12366634032886314,0.02843112110440163,TRUE,post_treatment
log_under5_mort,heritage_Monetary.Freedom,6,-0.054660539389863795,0.042237379625495376,-0.13744580345583474,0.02812472467610714,TRUE,post_treatment
log_under5_mort,heritage_Monetary.Freedom,7,-0.051676181885950974,0.04362766268318207,-0.13718640074498784,0.03383403697308588,TRUE,post_treatment
log_under5_mort,heritage_Monetary.Freedom,8,-0.056289463356774004,0.0522052877986839,-0.15861182744219446,0.04603290072864644,TRUE,post_treatment
log_under5_mort,heritage_Monetary.Freedom,9,-0.07361152415975843,0.05523011939907463,-0.1818625581819447,0.03463950986242785,TRUE,post_treatment
log_under5_mort,heritage_Monetary.Freedom,10,-0.07829325423637541,0.04555095690498323,-0.16757312977014255,0.010986621297391724,TRUE,post_treatment
log_under5_mort,heritage_Monetary.Freedom,11,-0.08983690614247186,0.05584837855763753,-0.19929972811544142,0.019625915830497692,TRUE,post_treatment
log_under5_mort,heritage_Monetary.Freedom,12,-0.0983663481531267,0.0624150155639037,-0.22069977865837795,0.023967082352124552,TRUE,post_treatment
log_under5_mort,heritage_Monetary.Freedom,13,-0.09432752143362616,0.06590758850923285,-0.22350639491172256,0.034851352044470235,TRUE,post_treatment
log_under5_mort,heritage_Monetary.Freedom,14,-0.1103297938962091,0.07540951733946813,-0.25813244788156664,0.03747286008914842,TRUE,post_treatment
log_under5_mort,heritage_Monetary.Freedom,15,-0.11523868377835622,0.07165892240015197,-0.25569017168265407,0.025212804125941624,TRUE,post_treatment
log_under5_mort,heritage_Monetary.Freedom,16,-0.11006706799937786,0.09341167900757726,-0.2931539588542293,0.07301982285547355,TRUE,post_treatment
log_under5_mort,heritage_Monetary.Freedom,17,-0.13719560859155894,0.060804802192644405,-0.256373020889142,-0.0180181962939759,FALSE,post_treatment
log_under5_mort,heritage_Monetary.Freedom,18,-0.1563229431961009,0.08031889619527433,-0.3137479797388386,0.0011020933466367733,TRUE,post_treatment
log_under5_mort,heritage_Monetary.Freedom,19,-0.16955737903253626,0.09116810859604028,-0.3482468718807752,0.009132113815702697,TRUE,post_treatment
log_under5_mort,heritage_Monetary.Freedom,20,-0.17475916605428538,0.08687450404242673,-0.3450331939774418,-0.004485138131128968,FALSE,post_treatment
log_under5_mort,heritage_Monetary.Freedom,21,-0.16767001191602143,0.08836297007980226,-0.3408614332724339,0.005521409440391006,TRUE,post_treatment
log_under5_mort,heritage_Monetary.Freedom,22,-0.23285766643894518,0.090129009184689,-0.4095105244409356,-0.056204808436954745,FALSE,post_treatment
log_under5_mort,heritage_Monetary.Freedom,23,-0.24707519897464184,0.12004287739053508,-0.48235923866009056,-0.011791159289193082,FALSE,post_treatment
log_under5_mort,heritage_Monetary.Freedom,24,-0.31294291072700875,0.14413286146349064,-0.5954433191954505,-0.030442502258567095,FALSE,post_treatment
log_under5_mort,heritage_Monetary.Freedom,25,-0.4998343274667222,0.1845665982608548,-0.8615848600579976,-0.13808379487544675,FALSE,post_treatment
log_under5_mort,heritage_Monetary.Freedom,26,-0.6160226248629836,0.1932014044418699,-0.9946973775690486,-0.23734787215691866,FALSE,post_treatment
log_under5_mort,heritage_Property.Rights,-26,-0.02576992949343483,0.015889577622358906,-0.056913501633258284,0.005373642646388625,TRUE,pre_treatment
log_under5_mort,heritage_Property.Rights,-25,-0.01086890279080897,0.012351856868417738,-0.03507854225290774,0.013340736671289797,TRUE,pre_treatment
log_under5_mort,heritage_Property.Rights,-24,-0.014620742777469012,0.011554076954757748,-0.0372667336087942,0.008025248053856175,TRUE,pre_treatment
log_under5_mort,heritage_Property.Rights,-23,-3.805520876133046e-5,0.01026480057114797,-0.02015706432821135,0.02008095391068869,TRUE,pre_treatment
log_under5_mort,heritage_Property.Rights,-22,-0.02940898473289426,0.03961546993739001,-0.10705530581017868,0.04823733634439016,TRUE,pre_treatment
log_under5_mort,heritage_Property.Rights,-21,0.039335291033377226,0.06881275513641089,-0.0955377090339881,0.17420829110074254,TRUE,pre_treatment
log_under5_mort,heritage_Property.Rights,-20,-0.0050362005735824205,0.00681053846097621,-0.01838485595709579,0.00831245480993095,TRUE,pre_treatment
log_under5_mort,heritage_Property.Rights,-19,-0.009859201828442542,0.010692121656050062,-0.030815760274300663,0.01109735661741558,TRUE,pre_treatment
log_under5_mort,heritage_Property.Rights,-18,0.0030800393413246115,0.01856620942660068,-0.03330973113481272,0.03946980981746195,TRUE,pre_treatment
log_under5_mort,heritage_Property.Rights,-17,-0.05948865495508921,0.0679138151706175,-0.19259973268949948,0.07362242277932107,TRUE,pre_treatment
log_under5_mort,heritage_Property.Rights,-16,-0.005932487417769659,0.005710966125798802,-0.01712598102433531,0.005261006188795993,TRUE,pre_treatment
log_under5_mort,heritage_Property.Rights,-15,-0.011790424703936524,0.008916054950122505,-0.029265892406176632,0.005685042998303583,TRUE,pre_treatment
log_under5_mort,heritage_Property.Rights,-14,-0.013949056781101123,0.014285666640154184,-0.041948963395803326,0.014050849833601078,TRUE,pre_treatment
log_under5_mort,heritage_Property.Rights,-13,-0.0025245687143231454,0.006362591777917483,-0.014995248599041411,0.00994611117039512,TRUE,pre_treatment
log_under5_mort,heritage_Property.Rights,-12,-0.014996019047703407,0.005821987072287992,-0.02640711370938787,-0.0035849243860189423,FALSE,pre_treatment
log_under5_mort,heritage_Property.Rights,-11,0.0036551967426835955,0.017826265026110233,-0.03128428270849246,0.03859467619385965,TRUE,pre_treatment
log_under5_mort,heritage_Property.Rights,-10,-0.02311088888806648,0.016632900059467243,-0.05571137300462227,0.00948959522848931,TRUE,pre_treatment
log_under5_mort,heritage_Property.Rights,-9,-0.005952544860108802,0.0066697349065339305,-0.019025225276915306,0.007120135556697702,TRUE,pre_treatment
log_under5_mort,heritage_Property.Rights,-8,-0.006342521447736538,0.008864726866120226,-0.02371738610533218,0.011032343209859102,TRUE,pre_treatment
log_under5_mort,heritage_Property.Rights,-7,-0.01377295863347579,0.011305410886210059,-0.03593156397044751,0.008385646703495927,TRUE,pre_treatment
log_under5_mort,heritage_Property.Rights,-6,-0.015208750510963515,0.009982659434477457,-0.03477476300253933,0.004357261980612301,TRUE,pre_treatment
log_under5_mort,heritage_Property.Rights,-5,-0.029100284532346834,0.025519747548061956,-0.07911898972654827,0.020918420661854596,TRUE,pre_treatment
log_under5_mort,heritage_Property.Rights,-4,-0.003686702559143011,0.006545882915929786,-0.01651663307436539,0.009143227956079369,TRUE,pre_treatment
log_under5_mort,heritage_Property.Rights,-3,-0.008138097068205565,0.006450647536566576,-0.020781366239876052,0.004505172103464924,TRUE,pre_treatment
log_under5_mort,heritage_Property.Rights,-2,-0.011002386302562612,0.00510456298278263,-0.021007329748816566,-9.97442856308657e-4,FALSE,pre_treatment
log_under5_mort,heritage_Property.Rights,-1,-0.00116496628234112,0.011391728112262838,-0.02349275338237628,0.021162820817694043,TRUE,pre_treatment
log_under5_mort,heritage_Property.Rights,0,-0.021918066227542367,0.009141623718342751,-0.03983564871549416,-0.004000483739590575,FALSE,post_treatment
log_under5_mort,heritage_Property.Rights,1,-0.03517308976104181,0.010832228866532248,-0.05640425833944501,-0.013941921182638605,FALSE,post_treatment
log_under5_mort,heritage_Property.Rights,2,-0.0412175151155404,0.018799633857086336,-0.07806479747542962,-0.004370232755651182,FALSE,post_treatment
log_under5_mort,heritage_Property.Rights,3,-0.051044235945629686,0.020168324619701375,-0.09057415220024438,-0.01151431969101499,FALSE,post_treatment
log_under5_mort,heritage_Property.Rights,4,-0.07103017654921251,0.02240680568297376,-0.11494751568784108,-0.027112837410583943,FALSE,post_treatment
log_under5_mort,heritage_Property.Rights,5,-0.08863949552751767,0.02626405869631882,-0.14011705057230256,-0.03716194048273278,FALSE,post_treatment
log_under5_mort,heritage_Property.Rights,6,-0.0731614748000333,0.042657607381763704,-0.15677038526829015,0.010447435668223565,TRUE,post_treatment
log_under5_mort,heritage_Property.Rights,7,-0.08728937845055545,0.04249308571161729,-0.17057582644532535,-0.004002930455785564,FALSE,post_treatment
log_under5_mort,heritage_Property.Rights,8,-0.08674177988545613,0.05661299742951761,-0.19770325484731063,0.024219695076398373,TRUE,post_treatment
log_under5_mort,heritage_Property.Rights,9,-0.1166985818006156,0.05514603875583436,-0.22478481776205095,-0.008612345839180247,FALSE,post_treatment
log_under5_mort,heritage_Property.Rights,10,-0.12910037056408016,0.054677831317180736,-0.23626891994575439,-0.021931821182405928,FALSE,post_treatment
log_under5_mort,heritage_Property.Rights,11,-0.14026726775996473,0.06607661137782542,-0.26977742606050253,-0.010757109459426928,FALSE,post_treatment
log_under5_mort,heritage_Property.Rights,12,-0.1484195911826811,0.059454086627415206,-0.26494960097241493,-0.031889581392947314,FALSE,post_treatment
log_under5_mort,heritage_Property.Rights,13,-0.1930835068195116,0.07525461193406245,-0.340582546210274,-0.04558446742874922,FALSE,post_treatment
log_under5_mort,heritage_Property.Rights,14,-0.20448565020400716,0.08011374150623723,-0.36150858355623217,-0.04746271685178219,FALSE,post_treatment
log_under5_mort,heritage_Property.Rights,15,-0.21435228165259876,0.07427694548452381,-0.3599350948022654,-0.06876946850293211,FALSE,post_treatment
log_under5_mort,heritage_Property.Rights,16,-0.20269048092995437,0.09049736646807552,-0.3800653192073824,-0.025315642652526366,FALSE,post_treatment
log_under5_mort,heritage_Property.Rights,17,-0.179540142475209,0.08678672715504092,-0.3496421276990892,-0.009438157251328794,FALSE,post_treatment
log_under5_mort,heritage_Property.Rights,18,-0.1854397264796339,0.0916330235927511,-0.36504045272142605,-0.005839000237841729,FALSE,post_treatment
log_under5_mort,heritage_Property.Rights,19,-0.19168306269410298,0.10294943211365286,-0.3934639496368626,0.0100978242486566,TRUE,post_treatment
log_under5_mort,heritage_Property.Rights,20,-0.2414211807691715,0.10105197284675214,-0.4394830475488057,-0.043359313989537296,FALSE,post_treatment
log_under5_mort,heritage_Property.Rights,21,-0.22830818793832733,0.1088435545087791,-0.44164155477553435,-0.014974821101120306,FALSE,post_treatment
log_under5_mort,heritage_Property.Rights,22,-0.2042126250319891,0.140411046387494,-0.47941827595147735,0.07099302588749914,TRUE,post_treatment
log_under5_mort,heritage_Property.Rights,23,-0.20764045348674876,0.1251906968018328,-0.45301421921834106,0.03773331224484355,TRUE,post_treatment
log_under5_mort,heritage_Property.Rights,24,-0.16293115410636083,0.14316722904243248,-0.44353892302952846,0.1176766148168068,TRUE,post_treatment
log_under5_mort,heritage_Property.Rights,25,-0.15317087363592585,0.1807820138909375,-0.5075036208621634,0.20116187359031168,TRUE,post_treatment
log_under5_mort,heritage_Property.Rights,26,-0.023726102789324213,0.20604328832749236,-0.4275709479112092,0.3801187423325608,TRUE,post_treatment
log_under5_mort,heritage_Tax.Burden,-25,-0.06690786465069405,0.08717883227236312,-0.23777837590452577,0.10396264660313766,TRUE,pre_treatment
log_under5_mort,heritage_Tax.Burden,-24,-0.020030703017904522,0.04355474114014941,-0.10539799565259736,0.06533658961678832,TRUE,pre_treatment
log_under5_mort,heritage_Tax.Burden,-23,-0.008608695260935356,0.0364646639543107,-0.08007943661138434,0.06286204608951362,TRUE,pre_treatment
log_under5_mort,heritage_Tax.Burden,-22,0.007383557143503716,0.016436035676488624,-0.02483107278241399,0.03959818706942142,TRUE,pre_treatment
log_under5_mort,heritage_Tax.Burden,-21,0.020959908593360548,0.03297117494731005,-0.043663594303367144,0.08558341149008825,TRUE,pre_treatment
log_under5_mort,heritage_Tax.Burden,-20,0.02615453043984923,0.01295844617238972,7.559759419653762e-4,0.051553084937733085,FALSE,pre_treatment
log_under5_mort,heritage_Tax.Burden,-19,0.037879134397473244,0.024045017374903156,-0.009249099657336939,0.08500736845228343,TRUE,pre_treatment
log_under5_mort,heritage_Tax.Burden,-18,-0.04410006693277437,0.09008559466772334,-0.22066783248151212,0.13246769861596336,TRUE,pre_treatment
log_under5_mort,heritage_Tax.Burden,-17,0.02828100452441486,0.02847455958914461,-0.027529132270308575,0.0840911413191383,TRUE,pre_treatment
log_under5_mort,heritage_Tax.Burden,-16,-0.016329057152439052,0.026899989692665188,-0.06905303695006282,0.03639492264518472,TRUE,pre_treatment
log_under5_mort,heritage_Tax.Burden,-15,-0.001401666821867855,0.017264382086758928,-0.035239855711915354,0.032436522068179645,TRUE,pre_treatment
log_under5_mort,heritage_Tax.Burden,-14,-0.026756084435027742,0.03424985039278653,-0.09388579120488935,0.04037362233483386,TRUE,pre_treatment
log_under5_mort,heritage_Tax.Burden,-13,0.010949918449328813,0.009713946506738012,-0.00808941670387769,0.029989253602535317,TRUE,pre_treatment
log_under5_mort,heritage_Tax.Burden,-12,0.010114775499389153,0.007483024679762137,-0.004551952872944635,0.02478150387172294,TRUE,pre_treatment
log_under5_mort,heritage_Tax.Burden,-11,0.001844432900023332,0.009971311210625838,-0.017699337072803308,0.021388202872849975,TRUE,pre_treatment
log_under5_mort,heritage_Tax.Burden,-10,4.6159107375633613e-4,0.007827959078430423,-0.01488120871996729,0.015804390867479964,TRUE,pre_treatment
log_under5_mort,heritage_Tax.Burden,-9,0.013667760616496636,0.015080688226291944,-0.015890388307035572,0.04322590954002885,TRUE,pre_treatment
log_under5_mort,heritage_Tax.Burden,-8,-0.008604960968403736,0.01611956726723306,-0.04019931281218053,0.022989390875373064,TRUE,pre_treatment
log_under5_mort,heritage_Tax.Burden,-7,-0.001850296536977201,0.008869041201127689,-0.019233617291187468,0.015533024217233068,TRUE,pre_treatment
log_under5_mort,heritage_Tax.Burden,-6,0.0011662448812067368,0.007199415251514264,-0.012944609011761221,0.015277098774174694,TRUE,pre_treatment
log_under5_mort,heritage_Tax.Burden,-5,-0.0021637430634994194,0.0059696457600474226,-0.013864248753192369,0.009536762626193528,TRUE,pre_treatment
log_under5_mort,heritage_Tax.Burden,-4,-0.0036186976521086615,0.010014539008369712,-0.023247194108513298,0.016009798804295972,TRUE,pre_treatment
log_under5_mort,heritage_Tax.Burden,-3,5.8564415816203976e-5,0.010999563502182941,-0.02150058004846236,0.02161770888009477,TRUE,pre_treatment
log_under5_mort,heritage_Tax.Burden,-2,0.010485788179972243,0.009851907233913505,-0.008823949998498228,0.029795526358442716,TRUE,pre_treatment
log_under5_mort,heritage_Tax.Burden,-1,-0.011996735354973783,0.008438741959331674,-0.028536669595263867,0.0045431988853162995,TRUE,pre_treatment
log_under5_mort,heritage_Tax.Burden,0,3.738614086970946e-4,0.006041236963763754,-0.011466963040279863,0.012214685857674053,TRUE,post_treatment
log_under5_mort,heritage_Tax.Burden,1,0.001919882767878547,0.009290741159169176,-0.016289969904093038,0.02012973543985013,TRUE,post_treatment
log_under5_mort,heritage_Tax.Burden,2,0.021057561284157037,0.022809453059478624,-0.023648966712421064,0.06576408928073514,TRUE,post_treatment
log_under5_mort,heritage_Tax.Burden,3,0.013244841756648067,0.016848663358819835,-0.01977853842663881,0.04626822193993495,TRUE,post_treatment
log_under5_mort,heritage_Tax.Burden,4,0.01641523902156751,0.028356766439235157,-0.039164023199333396,0.07199450124246842,TRUE,post_treatment
log_under5_mort,heritage_Tax.Burden,5,0.026046060000198552,0.02783409338592625,-0.028508763036216897,0.080600883036614,TRUE,post_treatment
log_under5_mort,heritage_Tax.Burden,6,0.025262211829778315,0.037026682348041004,-0.04731008557238205,0.09783450923193868,TRUE,post_treatment
log_under5_mort,heritage_Tax.Burden,7,0.03402496894947524,0.03689053190671975,-0.03828047358769547,0.10633041148664595,TRUE,post_treatment
log_under5_mort,heritage_Tax.Burden,8,0.039063185705599586,0.04272228822514439,-0.04467249921568343,0.1227988706268826,TRUE,post_treatment
log_under5_mort,heritage_Tax.Burden,9,0.03794114551462719,0.04857429452535688,-0.05726447175507229,0.13314676278432666,TRUE,post_treatment
log_under5_mort,heritage_Tax.Burden,10,0.042831713732118616,0.05703863118785671,-0.06896400339608053,0.15462743086031777,TRUE,post_treatment
log_under5_mort,heritage_Tax.Burden,11,0.04853896084747948,0.05246285015744781,-0.05428822546111822,0.15136614715607719,TRUE,post_treatment
log_under5_mort,heritage_Tax.Burden,12,0.04451486732405477,0.06477676783307947,-0.08244759762878098,0.17147733227689052,TRUE,post_treatment
log_under5_mort,heritage_Tax.Burden,13,0.05658097279297359,0.06096087160022624,-0.06290233554346983,0.17606428112941702,TRUE,post_treatment
log_under5_mort,heritage_Tax.Burden,14,0.05324771519573969,0.07506424999189092,-0.09387821478836651,0.2003736451798459,TRUE,post_treatment
log_under5_mort,heritage_Tax.Burden,15,0.06719175380337487,0.07935404214517565,-0.0883421688011694,0.22272567640791913,TRUE,post_treatment
log_under5_mort,heritage_Tax.Burden,16,0.04068028614545604,0.07506081638389654,-0.10643891396698119,0.18779948625789328,TRUE,post_treatment
log_under5_mort,heritage_Tax.Burden,17,0.032892811119356505,0.08158381293394723,-0.12701146223118004,0.19279708446989308,TRUE,post_treatment
log_under5_mort,heritage_Tax.Burden,18,0.03777642690015527,0.07519447345249336,-0.10960474106673172,0.18515759486704225,TRUE,post_treatment
log_under5_mort,heritage_Tax.Burden,19,0.024925090022956176,0.07115938770202136,-0.11454730987300568,0.16439748991891803,TRUE,post_treatment
log_under5_mort,heritage_Tax.Burden,20,-0.010013167453180203,0.08374508037810037,-0.17415352499425693,0.15412719008789652,TRUE,post_treatment
log_under5_mort,heritage_Tax.Burden,21,-0.012780951050389828,0.09644315620402485,-0.20180953721027853,0.1762476351094989,TRUE,post_treatment
log_under5_mort,heritage_Tax.Burden,22,-0.013223109047010953,0.12198640315521878,-0.25231645923123974,0.22587024113721785,TRUE,post_treatment
log_under5_mort,heritage_Tax.Burden,23,-0.012343402994778003,0.11731024167488883,-0.24227147667756013,0.2175846706880041,TRUE,post_treatment
log_under5_mort,heritage_Tax.Burden,24,-0.009828079689729095,0.12291076157932632,-0.25073317238520865,0.23107701300575048,TRUE,post_treatment
log_under5_mort,heritage_Tax.Burden,25,5.620224042219568e-4,0.1481757942631891,-0.2898625343516287,0.29098657916007264,TRUE,post_treatment
log_under5_mort,heritage_Tax.Burden,26,0.12730804487707478,0.1524700177054115,-0.17153318982553176,0.4261492795796813,TRUE,post_treatment
log_under5_mort,heritage_Trade.Freedom,-26,0.015492033438900054,0.050169718483188123,-0.08284061478814866,0.11382468166594878,TRUE,pre_treatment
log_under5_mort,heritage_Trade.Freedom,-25,0.01731792701417631,0.005950232016773563,0.0056554722613001256,0.028980381767052494,FALSE,pre_treatment
log_under5_mort,heritage_Trade.Freedom,-24,0.011217367394737806,0.007524429348861313,-0.003530514129030368,0.02596524891850598,TRUE,pre_treatment
log_under5_mort,heritage_Trade.Freedom,-23,-0.04652630709922209,0.072014490087332,-0.18767470767039282,0.09462209347194864,TRUE,pre_treatment
log_under5_mort,heritage_Trade.Freedom,-22,-0.02591933243194568,0.04106536704851481,-0.1064074518470347,0.05456878698314335,TRUE,pre_treatment
log_under5_mort,heritage_Trade.Freedom,-21,-0.02863825882060099,0.03646592617641855,-0.10011147412638134,0.04283495648517936,TRUE,pre_treatment
log_under5_mort,heritage_Trade.Freedom,-20,-0.029759413373396628,0.03376610324464305,-0.095940975732897,0.03642214898610374,TRUE,pre_treatment
log_under5_mort,heritage_Trade.Freedom,-19,-0.006549986637427633,0.03253861278159003,-0.07032566768934409,0.057225694414488826,TRUE,pre_treatment
log_under5_mort,heritage_Trade.Freedom,-18,-0.006167715490020844,0.01946474641056058,-0.044318618454719585,0.03198318747467789,TRUE,pre_treatment
log_under5_mort,heritage_Trade.Freedom,-17,0.012189258437399444,0.016878569769298885,-0.020892738310426366,0.045271255185225255,TRUE,pre_treatment
log_under5_mort,heritage_Trade.Freedom,-16,0.018642347640473754,0.02484236109394622,-0.030048680103660838,0.06733337538460835,TRUE,pre_treatment
log_under5_mort,heritage_Trade.Freedom,-15,-0.035309864829828654,0.0608848324941621,-0.15464413651838638,0.08402440685872906,TRUE,pre_treatment
log_under5_mort,heritage_Trade.Freedom,-14,-0.011583062296244012,0.016545117289034184,-0.044011492182751015,0.020845367590262988,TRUE,pre_treatment
log_under5_mort,heritage_Trade.Freedom,-13,0.01110691965777428,0.01729219193270567,-0.022785776530328837,0.044999615845877396,TRUE,pre_treatment
log_under5_mort,heritage_Trade.Freedom,-12,3.750617019513217e-4,0.0105003396104045,-0.0202056039344415,0.020955727338344145,TRUE,pre_treatment
log_under5_mort,heritage_Trade.Freedom,-11,-0.0017679179441901437,0.013834971110972597,-0.028884461321696434,0.025348625433316146,TRUE,pre_treatment
log_under5_mort,heritage_Trade.Freedom,-10,7.698135742479831e-4,0.01267634531670584,-0.024075823246495463,0.02561545039499143,TRUE,pre_treatment
log_under5_mort,heritage_Trade.Freedom,-9,0.0016862499794174273,0.007494160404460129,-0.013002304413324426,0.01637480437215928,TRUE,pre_treatment
log_under5_mort,heritage_Trade.Freedom,-8,-3.296507921657023e-4,0.009740975125594095,-0.019421962038330128,0.018762660453998724,TRUE,pre_treatment
log_under5_mort,heritage_Trade.Freedom,-7,0.014210869662995599,0.025486396525822096,-0.03574246752761571,0.06416420685360691,TRUE,pre_treatment
log_under5_mort,heritage_Trade.Freedom,-6,-0.017193809652648277,0.02339399423110937,-0.06304603834562264,0.028658419040326084,TRUE,pre_treatment
log_under5_mort,heritage_Trade.Freedom,-5,0.0053014694483384415,0.013061357954386517,-0.02029879214225913,0.030901731038936016,TRUE,pre_treatment
log_under5_mort,heritage_Trade.Freedom,-4,0.001419286146414402,0.009636634321476805,-0.01746851712368014,0.02030708941650894,TRUE,pre_treatment
log_under5_mort,heritage_Trade.Freedom,-3,0.01567765922388686,0.009163612455484338,-0.0022830211888624392,0.033638339636636164,TRUE,pre_treatment
log_under5_mort,heritage_Trade.Freedom,-2,0.0028852486404723336,0.013766734402615912,-0.024097550788654852,0.029868048069599522,TRUE,pre_treatment
log_under5_mort,heritage_Trade.Freedom,-1,-0.0024044410731666084,0.010048803075680679,-0.02210009510150074,0.01729121295516752,TRUE,pre_treatment
log_under5_mort,heritage_Trade.Freedom,0,0.0021334494448151794,0.005941593840181724,-0.009512074481941,0.013778973371571357,TRUE,post_treatment
log_under5_mort,heritage_Trade.Freedom,1,0.0083773551161226,0.010354301335766258,-0.011917075501979266,0.028671785734224468,TRUE,post_treatment
log_under5_mort,heritage_Trade.Freedom,2,0.00874459848091498,0.02058096740947935,-0.03159409764166454,0.049083294603494504,TRUE,post_treatment
log_under5_mort,heritage_Trade.Freedom,3,0.011695978288159993,0.0348681166081585,-0.056645530263830665,0.08003748684015065,TRUE,post_treatment
log_under5_mort,heritage_Trade.Freedom,4,0.019315411926658133,0.042705019038729544,-0.06438642538925178,0.10301724924256804,TRUE,post_treatment
log_under5_mort,heritage_Trade.Freedom,5,0.020575921897140807,0.04359109959545749,-0.06486263330995587,0.10601447710423748,TRUE,post_treatment
log_under5_mort,heritage_Trade.Freedom,6,0.030467262884716146,0.043935343950468594,-0.0556460112582023,0.11658053702763459,TRUE,post_treatment
log_under5_mort,heritage_Trade.Freedom,7,0.03113504392534851,0.05093755169939744,-0.06870255740547047,0.1309726452561675,TRUE,post_treatment
log_under5_mort,heritage_Trade.Freedom,8,0.029067168491752015,0.055375338459139105,-0.07946849488816063,0.13760283187166467,TRUE,post_treatment
log_under5_mort,heritage_Trade.Freedom,9,0.026292417362268544,0.06209567086970118,-0.09541509754234576,0.14799993226688285,TRUE,post_treatment
log_under5_mort,heritage_Trade.Freedom,10,0.025121587876507166,0.06280217377034136,-0.0979706727133619,0.14821384846637622,TRUE,post_treatment
log_under5_mort,heritage_Trade.Freedom,11,0.01876765045433157,0.0646645937108779,-0.10797495321898912,0.14551025412765226,TRUE,post_treatment
log_under5_mort,heritage_Trade.Freedom,12,0.025489922229815817,0.06298193207666028,-0.09795466464043832,0.14893450910006995,TRUE,post_treatment
log_under5_mort,heritage_Trade.Freedom,13,0.02004675425862597,0.07338449966041638,-0.12378686507579013,0.16388037359304208,TRUE,post_treatment
log_under5_mort,heritage_Trade.Freedom,14,0.01208430516140424,0.0697201877945133,-0.12456726291584183,0.1487358732386503,TRUE,post_treatment
log_under5_mort,heritage_Trade.Freedom,15,0.013797761282293985,0.06974473261361049,-0.12290191464038255,0.15049743720497052,TRUE,post_treatment
log_under5_mort,heritage_Trade.Freedom,16,0.008102701875385133,0.0842836260472366,-0.1570932051771986,0.1732986089279689,TRUE,post_treatment
log_under5_mort,heritage_Trade.Freedom,17,0.020910910019457777,0.09147866607598093,-0.15838727548946485,0.2002090955283804,TRUE,post_treatment
log_under5_mort,heritage_Trade.Freedom,18,0.02312572630755631,0.08167753413648789,-0.13696224059995996,0.18321369321507255,TRUE,post_treatment
log_under5_mort,heritage_Trade.Freedom,19,0.012900361668911908,0.0915962101870442,-0.16662821029769473,0.19242893363551852,TRUE,post_treatment
log_under5_mort,heritage_Trade.Freedom,20,0.012548179621656518,0.10555395562223607,-0.19433757339792618,0.21943393264123923,TRUE,post_treatment
log_under5_mort,heritage_Trade.Freedom,21,-0.012970823275883454,0.09420764066240946,-0.19761779897420598,0.17167615242243908,TRUE,post_treatment
log_under5_mort,heritage_Trade.Freedom,22,-0.046936232342496886,0.11089993373393446,-0.26430010246100843,0.17042763777601466,TRUE,post_treatment
log_under5_mort,heritage_Trade.Freedom,23,-0.06629176581413129,0.13265062790737156,-0.32628699651257953,0.19370346488431697,TRUE,post_treatment
log_under5_mort,heritage_Trade.Freedom,24,-0.12483894006543751,0.1152272000068644,-0.35068425207889176,0.10100637194801672,TRUE,post_treatment
log_under5_mort,heritage_Trade.Freedom,25,-0.24659410015057343,0.16834661721955954,-0.57655346990091,0.08336526959976326,TRUE,post_treatment
log_under5_mort,heritage_Trade.Freedom,26,-0.2098861484105826,0.14915731381986252,-0.5022344834975131,0.08246218667634794,TRUE,post_treatment
