outcome,component,event_time,att,se,ci_lower,ci_upper,ci_crosses_zero,period
GDP_per_capita_growth,fraser_FreeTrade,-25,-0.29245019286700885,1.4730876992167963,-3.179702083331929,2.594801697597912,TRUE,pre_treatment
GDP_per_capita_growth,fraser_FreeTrade,-24,-0.3292162112762446,1.1964112750438873,-2.674182310362264,2.0157498878097746,TRUE,pre_treatment
GDP_per_capita_growth,fraser_FreeTrade,-23,1.808391397020799,0.9622624720039903,-0.07764304810702205,3.69442584214862,TRUE,pre_treatment
GDP_per_capita_growth,fraser_FreeTrade,-22,1.017713104852371,2.347309301324245,-3.5830131257431495,5.618439335447891,TRUE,pre_treatment
GDP_per_capita_growth,fraser_FreeTrade,-21,-1.655178970029824,1.3058271724298258,-4.214600227992283,0.9042422879326344,TRUE,pre_treatment
GDP_per_capita_growth,fraser_FreeTrade,-20,0.36368846086535533,1.091462518291298,-1.7755780749855887,2.5029549967162996,TRUE,pre_treatment
GDP_per_capita_growth,fraser_FreeTrade,-19,0.24083053138645302,0.8099187786496745,-1.346610274766909,1.828271337539815,TRUE,pre_treatment
GDP_per_capita_growth,fraser_FreeTrade,-18,0.16704304335275433,0.9097623052589588,-1.616091074954805,1.9501771616603136,TRUE,pre_treatment
GDP_per_capita_growth,fraser_FreeTrade,-17,-0.8166225340219572,0.6571310797132476,-2.1045994502599226,0.4713543822160081,TRUE,pre_treatment
GDP_per_capita_growth,fraser_FreeTrade,-16,-0.00544014561165701,0.6449392675499216,-1.2695211100095034,1.2586408187861893,TRUE,pre_treatment
GDP_per_capita_growth,fraser_FreeTrade,-15,0.7389688616041928,0.5787849088422569,-0.39544955972663065,1.8733872829350164,TRUE,pre_treatment
GDP_per_capita_growth,fraser_FreeTrade,-14,-0.5579905768790764,0.40361177658820124,-1.3490696589919509,0.2330885052337981,TRUE,pre_treatment
GDP_per_capita_growth,fraser_FreeTrade,-13,0.6836776668927865,0.5148043809862534,-0.32533891984026997,1.692694253625843,TRUE,pre_treatment
GDP_per_capita_growth,fraser_FreeTrade,-12,0.06102373825102439,0.6204845088605867,-1.1551258991157256,1.2771733756177743,TRUE,pre_treatment
GDP_per_capita_growth,fraser_FreeTrade,-11,-0.10253471526562767,0.4847458819950855,-1.0526366439759953,0.84756721344474,TRUE,pre_treatment
GDP_per_capita_growth,fraser_FreeTrade,-10,-0.3309531140860166,0.48846355642044786,-1.2883416846700944,0.6264354564980612,TRUE,pre_treatment
GDP_per_capita_growth,fraser_FreeTrade,-9,-1.3637180107686162,1.2515514990482042,-3.816758948903096,1.0893229273658638,TRUE,pre_treatment
GDP_per_capita_growth,fraser_FreeTrade,-8,2.2177707473828834,2.1142272463623404,-1.9261146554873037,6.36165615025307,TRUE,pre_treatment
GDP_per_capita_growth,fraser_FreeTrade,-7,-1.1204413316734698,1.3885463283271329,-3.8419921351946504,1.6011094718477106,TRUE,pre_treatment
GDP_per_capita_growth,fraser_FreeTrade,-6,0.21688890864244198,0.39707386442031356,-0.5613758656213725,0.9951536829062566,TRUE,pre_treatment
GDP_per_capita_growth,fraser_FreeTrade,-5,-0.15211500785439402,0.48779987971544725,-1.1082027720966705,0.8039727563878826,TRUE,pre_treatment
GDP_per_capita_growth,fraser_FreeTrade,-4,0.41059824243247206,0.42170376059421527,-0.4159411283321898,1.237137613197134,TRUE,pre_treatment
GDP_per_capita_growth,fraser_FreeTrade,-3,0.1673420273759602,0.5172704249020967,-0.8465080054321492,1.1811920601840697,TRUE,pre_treatment
GDP_per_capita_growth,fraser_FreeTrade,-2,-0.6341474647197028,0.6660274990799515,-1.939561362916408,0.6712664334770021,TRUE,pre_treatment
GDP_per_capita_growth,fraser_FreeTrade,-1,0.5088511938040193,1.0291729622877759,-1.5083278122800214,2.5260301998880603,TRUE,pre_treatment
GDP_per_capita_growth,fraser_LegalSystem,-22,-1.078770117553151,1.044240311329284,-3.1254811277585475,0.9679408926522457,TRUE,pre_treatment
GDP_per_capita_growth,fraser_LegalSystem,-21,2.932395805498018,1.932891100833679,-0.8560707521359929,6.72086236313203,TRUE,pre_treatment
GDP_per_capita_growth,fraser_LegalSystem,-20,-3.3375804465913923,2.5511794718800935,-8.337892211476376,1.6627313182935906,TRUE,pre_treatment
GDP_per_capita_growth,fraser_LegalSystem,-19,3.0769265605652985,0.5618395586005673,1.9757210257081865,4.17813209542241,FALSE,pre_treatment
GDP_per_capita_growth,fraser_LegalSystem,-18,-2.173794397186147,3.0758455767807766,-8.202451727676468,3.854862933304175,TRUE,pre_treatment
GDP_per_capita_growth,fraser_LegalSystem,-17,2.227769714731491,3.2781471187520936,-4.197398638022612,8.652938067485595,TRUE,pre_treatment
GDP_per_capita_growth,fraser_LegalSystem,-16,4.032599590617346,1.6319136228762017,0.8340488897799911,7.231150291454702,FALSE,pre_treatment
GDP_per_capita_growth,fraser_LegalSystem,-15,-0.6395174281369098,1.1857397202401503,-2.963567279807604,1.6845324235337846,TRUE,pre_treatment
GDP_per_capita_growth,fraser_LegalSystem,-14,0.08842900365239596,1.1653702157897246,-2.195696619295464,2.3725546266002557,TRUE,pre_treatment
GDP_per_capita_growth,fraser_LegalSystem,-13,-0.7341554161462311,2.4170528990141653,-5.471579098213995,4.003268265921532,TRUE,pre_treatment
GDP_per_capita_growth,fraser_LegalSystem,-12,3.5030914040327175,5.798357656159364,-7.861689602039636,14.867872410105072,TRUE,pre_treatment
GDP_per_capita_growth,fraser_LegalSystem,-11,-4.192050578927066,2.3765957017393684,-8.850178154336227,0.4660769964820952,TRUE,pre_treatment
GDP_per_capita_growth,fraser_LegalSystem,-10,-0.3702777034343196,0.9952007880309177,-2.3208712479749183,1.580315841106279,TRUE,pre_treatment
GDP_per_capita_growth,fraser_LegalSystem,-9,-0.8023557014897637,0.787271703327786,-2.3454082400122243,0.7406968370326968,TRUE,pre_treatment
GDP_per_capita_growth,fraser_LegalSystem,-8,-0.13836155843840442,0.7365951886601144,-1.5820881282122286,1.3053650113354198,TRUE,pre_treatment
GDP_per_capita_growth,fraser_LegalSystem,-7,1.481839337102046,1.3075911202550774,-1.0810392585979056,4.044717932801998,TRUE,pre_treatment
GDP_per_capita_growth,fraser_LegalSystem,-6,-1.4669634300217198,0.9614134948342334,-3.351333879896817,0.4174070198533777,TRUE,pre_treatment
GDP_per_capita_growth,fraser_LegalSystem,-5,0.6047479861411895,0.6736909015005421,-0.7156861807998729,1.925182153082252,TRUE,pre_treatment
GDP_per_capita_growth,fraser_LegalSystem,-4,-0.5711313368953453,0.4203720061043532,-1.3950604688598776,0.252797795069187,TRUE,pre_treatment
GDP_per_capita_growth,fraser_LegalSystem,-3,0.2278701926524997,0.41294671762857077,-0.5815053738994991,1.0372457592044984,TRUE,pre_treatment
GDP_per_capita_growth,fraser_LegalSystem,-2,-0.12094583462583315,0.4725545088470516,-1.0471526719660542,0.8052610027143879,TRUE,pre_treatment
GDP_per_capita_growth,fraser_LegalSystem,-1,-0.14081032572025187,0.6897910827638316,-1.492800847937362,1.211180196496858,TRUE,pre_treatment
GDP_per_capita_growth,fraser_Regulation,-25,-4.031780415956484,1.1273919985300558,-6.2414687330753935,-1.8220920988375746,FALSE,pre_treatment
GDP_per_capita_growth,fraser_Regulation,-24,6.108945543236456,1.3995894163266038,3.3657502872363128,8.852140799236599,FALSE,pre_treatment
GDP_per_capita_growth,fraser_Regulation,-23,2.3707704683274042,0.5092026061499205,1.37273336027356,3.3688075763812484,FALSE,pre_treatment
GDP_per_capita_growth,fraser_Regulation,-22,-3.3370825917184783,0.6225868536221985,-4.557352824817987,-2.1168123586189695,FALSE,pre_treatment
GDP_per_capita_growth,fraser_Regulation,-21,-0.6180792546434863,1.03978115092039,-2.6560503104474504,1.419891801160478,TRUE,pre_treatment
GDP_per_capita_growth,fraser_Regulation,-20,0.34301089730908724,1.0243527151622147,-1.6647204244088536,2.350742219027028,TRUE,pre_treatment
GDP_per_capita_growth,fraser_Regulation,-19,1.1873013674464183,1.8643403196714017,-2.466805659109529,4.841408394002366,TRUE,pre_treatment
GDP_per_capita_growth,fraser_Regulation,-18,1.6787572861611733,2.175736345796278,-2.5856859515995314,5.9432005239218775,TRUE,pre_treatment
GDP_per_capita_growth,fraser_Regulation,-17,-1.112298590825636,2.046845053550477,-5.124114895784571,2.899517714133299,TRUE,pre_treatment
GDP_per_capita_growth,fraser_Regulation,-16,-0.3066028755656195,0.6598041101387776,-1.5998189314376234,0.9866131803063846,TRUE,pre_treatment
GDP_per_capita_growth,fraser_Regulation,-15,-1.7188388166263586,1.3396789302033745,-4.344609519824973,0.9069318865722551,TRUE,pre_treatment
GDP_per_capita_growth,fraser_Regulation,-14,-0.20060537540272078,1.7921014860687383,-3.7131242880974478,3.311913537292006,TRUE,pre_treatment
GDP_per_capita_growth,fraser_Regulation,-13,-0.9994004212313871,1.1831845085686161,-3.318442058025875,1.3196412155631005,TRUE,pre_treatment
GDP_per_capita_growth,fraser_Regulation,-12,2.1806400186459225,2.4915093421729435,-2.7027182920130466,7.063998329304892,TRUE,pre_treatment
GDP_per_capita_growth,fraser_Regulation,-11,0.3271024432518398,1.0119793438702693,-1.656377070733888,2.3105819572375674,TRUE,pre_treatment
GDP_per_capita_growth,fraser_Regulation,-10,0.12054275306220753,0.638849267121735,-1.1316018104963927,1.372687316620808,TRUE,pre_treatment
GDP_per_capita_growth,fraser_Regulation,-9,-0.10761347700462902,0.7452260823294043,-1.5682565983702617,1.3530296443610035,TRUE,pre_treatment
GDP_per_capita_growth,fraser_Regulation,-8,-0.46369648597303964,0.61897125267193,-1.6768801412100225,0.7494871692639431,TRUE,pre_treatment
GDP_per_capita_growth,fraser_Regulation,-7,0.8548178005858607,1.5196989338350975,-2.12379210973093,3.8334277109026518,TRUE,pre_treatment
GDP_per_capita_growth,fraser_Regulation,-6,-0.24943538370440177,0.9698146862532431,-2.150272168760758,1.6514014013519547,TRUE,pre_treatment
GDP_per_capita_growth,fraser_Regulation,-5,0.040624465834790006,0.4661261826690894,-0.8729828521966252,0.9542317838662051,TRUE,pre_treatment
GDP_per_capita_growth,fraser_Regulation,-4,-0.36659158471310155,0.5760956071713624,-1.495738974768972,0.7625558053427688,TRUE,pre_treatment
GDP_per_capita_growth,fraser_Regulation,-3,0.6512993500465933,0.65326208500369,-0.629094336560639,1.9316930366538256,TRUE,pre_treatment
GDP_per_capita_growth,fraser_Regulation,-2,0.1782867093025097,0.7113647735862724,-1.2159882469265841,1.5725616655316037,TRUE,pre_treatment
GDP_per_capita_growth,fraser_Regulation,-1,-0.1892510985977683,0.4939557881930086,-1.157404443456065,0.7789022462605285,TRUE,pre_treatment
GDP_per_capita_growth,fraser_SizeGov,-24,1.064132542929394,0.6811861192237438,-0.270992250749144,2.399257336607932,TRUE,pre_treatment
GDP_per_capita_growth,fraser_SizeGov,-23,1.959450002702026,1.0822800652140956,-0.16181892511760143,4.080718930521654,TRUE,pre_treatment
GDP_per_capita_growth,fraser_SizeGov,-22,0.7028212381539823,0.4912310986389783,-0.25999171517841513,1.66563419148638,TRUE,pre_treatment
GDP_per_capita_growth,fraser_SizeGov,-21,0.14857256602290636,1.6040947674408288,-2.995453178161118,3.2925983102069307,TRUE,pre_treatment
GDP_per_capita_growth,fraser_SizeGov,-20,2.0250793724510316,0.5673166362982518,0.9131387653064582,3.137019979595605,FALSE,pre_treatment
GDP_per_capita_growth,fraser_SizeGov,-19,-7.399342131507724,4.143288548479994,-15.520187686528512,0.721503423513064,TRUE,pre_treatment
GDP_per_capita_growth,fraser_SizeGov,-18,7.158678420162174,3.4205240400824257,0.45445130160061886,13.862905538723728,FALSE,pre_treatment
GDP_per_capita_growth,fraser_SizeGov,-17,-2.3303884257658694,2.083897755443968,-6.414828026436046,1.754051174904308,TRUE,pre_treatment
GDP_per_capita_growth,fraser_SizeGov,-16,0.27053976167720606,1.4757177124895275,-2.6218669548022677,3.16294647815668,TRUE,pre_treatment
GDP_per_capita_growth,fraser_SizeGov,-15,-1.0320325706050948,1.438948399042573,-3.852371432728538,1.7883062915183485,TRUE,pre_treatment
GDP_per_capita_growth,fraser_SizeGov,-14,-0.2195002478419442,2.52497708488293,-5.168455334212487,4.729454838528598,TRUE,pre_treatment
GDP_per_capita_growth,fraser_SizeGov,-13,0.684240197007203,2.484001755886501,-4.184403244530339,5.5528836385447455,TRUE,pre_treatment
GDP_per_capita_growth,fraser_SizeGov,-12,-0.5258919153044014,1.2090622843677459,-2.895653992665183,1.8438701620563807,TRUE,pre_treatment
GDP_per_capita_growth,fraser_SizeGov,-11,1.4258199549266481,0.8480397222557012,-0.23633790069452631,3.0879778105478226,TRUE,pre_treatment
GDP_per_capita_growth,fraser_SizeGov,-10,-1.1189458619852595,0.654467814112006,-2.4017027776447915,0.1638110536742723,TRUE,pre_treatment
GDP_per_capita_growth,fraser_SizeGov,-9,-0.900006626615317,1.0028868303402956,-2.8656648140822965,1.0656515608516623,TRUE,pre_treatment
GDP_per_capita_growth,fraser_SizeGov,-8,1.3271586199915484,0.8059928770386109,-0.25258741900412884,2.9069046589872256,TRUE,pre_treatment
GDP_per_capita_growth,fraser_SizeGov,-7,-1.1977231141372433,0.8715845641063302,-2.9060288597856507,0.5105826315111639,TRUE,pre_treatment
GDP_per_capita_growth,fraser_SizeGov,-6,1.2951222003464276,1.3390825670297726,-1.3294796310319268,3.919724031724782,TRUE,pre_treatment
GDP_per_capita_growth,fraser_SizeGov,-5,0.3450442344780366,1.9281515066867188,-3.4341327186279322,4.124221187584006,TRUE,pre_treatment
GDP_per_capita_growth,fraser_SizeGov,-4,-0.30379046862837406,1.2077150291409733,-2.6709119257446816,2.0633309884879334,TRUE,pre_treatment
GDP_per_capita_growth,fraser_SizeGov,-3,-0.9191152934276098,1.0399824794433032,-2.9574809531364843,1.1192503662812645,TRUE,pre_treatment
GDP_per_capita_growth,fraser_SizeGov,-2,1.3280675927393573,2.0005253013044957,-2.5929619978174543,5.249097183296168,TRUE,pre_treatment
GDP_per_capita_growth,fraser_SizeGov,-1,-1.2649347734415042,1.019917904366177,-3.263973865999211,0.7341043191162027,TRUE,pre_treatment
GDP_per_capita_growth,fraser_SoundMoney,-23,-1.7601694383963051,0.7946004216425919,-3.3175862648157852,-0.20275261197682504,FALSE,pre_treatment
GDP_per_capita_growth,fraser_SoundMoney,-22,0.6418031716372825,0.3034215510781468,0.04709693152411487,1.23650941175045,FALSE,pre_treatment
GDP_per_capita_growth,fraser_SoundMoney,-21,0.14519894163916142,1.0695646949992155,-1.951147860559301,2.241545743837624,TRUE,pre_treatment
GDP_per_capita_growth,fraser_SoundMoney,-20,-0.1416995550190217,1.2979216185184668,-2.6856259273152165,2.402226817277173,TRUE,pre_treatment
GDP_per_capita_growth,fraser_SoundMoney,-19,1.2935640286960894,1.3676079949028344,-1.386947641313466,3.974075698705645,TRUE,pre_treatment
GDP_per_capita_growth,fraser_SoundMoney,-18,-1.1276204472990887,1.2634916505071392,-3.6040640822930814,1.348823187694904,TRUE,pre_treatment
GDP_per_capita_growth,fraser_SoundMoney,-17,-0.32845369621108966,0.7266718747339402,-1.7527305706896126,1.095823178267433,TRUE,pre_treatment
GDP_per_capita_growth,fraser_SoundMoney,-16,3.425380524444288,5.174474802817561,-6.716590089078132,13.567351137966707,TRUE,pre_treatment
GDP_per_capita_growth,fraser_SoundMoney,-15,-4.150142151965017,4.315319168164576,-12.608167721567586,4.307883417637552,TRUE,pre_treatment
GDP_per_capita_growth,fraser_SoundMoney,-14,1.0180135521415952,1.0721884595991371,-1.0834758286727137,3.1195029329559043,TRUE,pre_treatment
GDP_per_capita_growth,fraser_SoundMoney,-13,-0.15140346054737028,0.9529277161454778,-2.019141784192507,1.7163348630977662,TRUE,pre_treatment
GDP_per_capita_growth,fraser_SoundMoney,-12,0.2897095372908784,1.1891159637371,-2.040957751633838,2.6203768262155944,TRUE,pre_treatment
GDP_per_capita_growth,fraser_SoundMoney,-11,-0.07432104055415684,0.606237693782337,-1.2625469203675375,1.113904839259224,TRUE,pre_treatment
GDP_per_capita_growth,fraser_SoundMoney,-10,-0.9125853521253199,1.5670937174144877,-3.9840890382577157,2.1589183340070757,TRUE,pre_treatment
GDP_per_capita_growth,fraser_SoundMoney,-9,0.7816200913836764,1.5070967273360454,-2.1722894941949726,3.7355296769623254,TRUE,pre_treatment
GDP_per_capita_growth,fraser_SoundMoney,-8,0.26305844120117455,0.5092718458860713,-0.7351143767355253,1.2612312591378743,TRUE,pre_treatment
GDP_per_capita_growth,fraser_SoundMoney,-7,0.3772133811622676,0.6774821186999388,-0.9506515714896124,1.7050783338141475,TRUE,pre_treatment
GDP_per_capita_growth,fraser_SoundMoney,-6,-0.7331451175216871,0.7531214599767481,-2.2092631790761135,0.7429729440327392,TRUE,pre_treatment
GDP_per_capita_growth,fraser_SoundMoney,-5,1.0379216632101498,0.7853785954721092,-0.5014203839151843,2.577263710335484,TRUE,pre_treatment
GDP_per_capita_growth,fraser_SoundMoney,-4,-0.20240467615408436,0.6459349062786363,-1.4684370924602113,1.0636277401520426,TRUE,pre_treatment
GDP_per_capita_growth,fraser_SoundMoney,-3,-1.5641427309619331,0.849193448436684,-3.2285618898978337,0.10027642797396741,TRUE,pre_treatment
GDP_per_capita_growth,fraser_SoundMoney,-2,1.081005241914421,1.3277631446785911,-1.5214105216556175,3.683421005484459,TRUE,pre_treatment
GDP_per_capita_growth,fraser_SoundMoney,-1,0.41467693195808464,1.5238148148242336,-2.5720001050974135,3.4013539690135826,TRUE,pre_treatment
GDP_per_capita_growth,heritage_Business.Freedom,-25,-0.05867074529118974,2.180298678894957,-4.332056155925306,4.214714665342926,TRUE,pre_treatment
GDP_per_capita_growth,heritage_Business.Freedom,-24,0.9265663380328791,2.2618667881519494,-3.506692566744942,5.3598252428107,TRUE,pre_treatment
GDP_per_capita_growth,heritage_Business.Freedom,-23,0.16874387752993167,1.5131263836157471,-2.796983834356933,3.134471589416796,TRUE,pre_treatment
GDP_per_capita_growth,heritage_Business.Freedom,-22,-0.5374891823136633,1.429681414832052,-3.339664755384485,2.264686390757159,TRUE,pre_treatment
GDP_per_capita_growth,heritage_Business.Freedom,-21,-0.2826273018518937,1.0304583651474966,-2.302325697540987,1.7370710938371994,TRUE,pre_treatment
GDP_per_capita_growth,heritage_Business.Freedom,-20,-0.8837629550506445,1.5689683335368816,-3.9589408887829327,2.1914149786816433,TRUE,pre_treatment
GDP_per_capita_growth,heritage_Business.Freedom,-19,2.0691490785726385,2.738430258335822,-3.298174227765573,7.43647238491085,TRUE,pre_treatment
GDP_per_capita_growth,heritage_Business.Freedom,-18,-2.6870116351698843,3.6392339756958823,-9.819910227533814,4.445886957194045,TRUE,pre_treatment
GDP_per_capita_growth,heritage_Business.Freedom,-17,0.5714613277396398,0.9547111278555803,-1.2997724828572976,2.4426951383365774,TRUE,pre_treatment
GDP_per_capita_growth,heritage_Business.Freedom,-16,-0.5676631704742796,1.3002842702289608,-3.116220340123043,1.9808939991744836,TRUE,pre_treatment
GDP_per_capita_growth,heritage_Business.Freedom,-15,2.7559410564524103,3.5363158153365224,-4.175237941607174,9.687120054511993,TRUE,pre_treatment
GDP_per_capita_growth,heritage_Business.Freedom,-14,-3.641691973200909,1.942765806940705,-7.449512954804691,0.1661290084028728,TRUE,pre_treatment
GDP_per_capita_growth,heritage_Business.Freedom,-13,1.439786249707818,1.9888156708467288,-2.4582924651517706,5.337864964567406,TRUE,pre_treatment
GDP_per_capita_growth,heritage_Business.Freedom,-12,0.04671255369484502,1.414432650026453,-2.725575440357003,2.819000547746693,TRUE,pre_treatment
GDP_per_capita_growth,heritage_Business.Freedom,-11,-1.1960251893547365,1.2333513253023052,-3.6133937869472548,1.2213434082377819,TRUE,pre_treatment
GDP_per_capita_growth,heritage_Business.Freedom,-10,1.6322221189366184,2.2067492493295076,-2.6930064097492163,5.957450647622453,TRUE,pre_treatment
GDP_per_capita_growth,heritage_Business.Freedom,-9,-0.09275634197604915,0.805532181220023,-1.671599417167294,1.486086733215196,TRUE,pre_treatment
GDP_per_capita_growth,heritage_Business.Freedom,-8,-0.006546556260423037,0.5343235198625659,-1.053820655191052,1.040727542670206,TRUE,pre_treatment
GDP_per_capita_growth,heritage_Business.Freedom,-7,-0.28092519512762976,0.6647352601923896,-1.5838063051047133,1.021955914849454,TRUE,pre_treatment
GDP_per_capita_growth,heritage_Business.Freedom,-6,0.8902240270920098,0.6010918136856146,-0.28791592773179475,2.068363981915814,TRUE,pre_treatment
GDP_per_capita_growth,heritage_Business.Freedom,-5,-0.8124437556322338,0.9343076142562102,-2.643686679574406,1.018799168309938,TRUE,pre_treatment
GDP_per_capita_growth,heritage_Business.Freedom,-4,1.511392653358637,1.7542251867815504,-1.9268887127332015,4.949674019450476,TRUE,pre_treatment
GDP_per_capita_growth,heritage_Business.Freedom,-3,-1.6489130970301036,1.1165616646906378,-3.8373739598237533,0.5395477657635463,TRUE,pre_treatment
GDP_per_capita_growth,heritage_Business.Freedom,-2,0.23891176680307114,0.4798531672169955,-0.7016004409422401,1.1794239745483823,TRUE,pre_treatment
GDP_per_capita_growth,heritage_Business.Freedom,-1,0.05688699212111227,0.4736700793707251,-0.8715063634455089,0.9852803476877334,TRUE,pre_treatment
GDP_per_capita_growth,heritage_Financial.Freedom,-24,-1.7632824240417624,1.9154354459458613,-5.51753589809565,1.9909710500121256,TRUE,pre_treatment
GDP_per_capita_growth,heritage_Financial.Freedom,-23,2.7523641237713345,1.5269016521922867,-0.24036311452554715,5.745091362068216,TRUE,pre_treatment
GDP_per_capita_growth,heritage_Financial.Freedom,-22,-1.746525398405888,0.8396193765978114,-3.392179376537598,-0.10087142027417761,FALSE,pre_treatment
GDP_per_capita_growth,heritage_Financial.Freedom,-21,0.16807919092571033,1.2377991422396342,-2.2580071278639724,2.5941655097153933,TRUE,pre_treatment
GDP_per_capita_growth,heritage_Financial.Freedom,-20,2.478279401665991,1.2156976580197891,0.09551199194720406,4.861046811384778,FALSE,pre_treatment
GDP_per_capita_growth,heritage_Financial.Freedom,-19,-0.709689440386525,1.1028420141646134,-2.871259788149167,1.451880907376117,TRUE,pre_treatment
GDP_per_capita_growth,heritage_Financial.Freedom,-18,0.3828332528230255,2.41131446938607,-4.343343107173672,5.109009612819722,TRUE,pre_treatment
GDP_per_capita_growth,heritage_Financial.Freedom,-17,-0.33625444834774487,2.4761799058991434,-5.189567063910066,4.517058167214576,TRUE,pre_treatment
GDP_per_capita_growth,heritage_Financial.Freedom,-16,2.7558245059726794,5.133342098921401,-7.305526007913265,12.817175019858624,TRUE,pre_treatment
GDP_per_capita_growth,heritage_Financial.Freedom,-15,-0.921533370117966,3.028711968958807,-6.857808829277227,5.014742089041295,TRUE,pre_treatment
GDP_per_capita_growth,heritage_Financial.Freedom,-14,-0.4162598049773917,2.048227429187559,-4.4307855661850075,3.5982659562302244,TRUE,pre_treatment
GDP_per_capita_growth,heritage_Financial.Freedom,-13,1.4597133805679805,2.3211632790455017,-3.089766646361203,6.009193407497164,TRUE,pre_treatment
GDP_per_capita_growth,heritage_Financial.Freedom,-12,-0.9789714393500869,1.246131645328865,-3.4213894641946623,1.4634465854944883,TRUE,pre_treatment
GDP_per_capita_growth,heritage_Financial.Freedom,-11,0.10010180551098045,0.7901781617488687,-1.4486473915168023,1.648851002538763,TRUE,pre_treatment
GDP_per_capita_growth,heritage_Financial.Freedom,-10,-0.9433770468293015,0.9769133314559407,-2.8581271764829452,0.9713730828243423,TRUE,pre_treatment
GDP_per_capita_growth,heritage_Financial.Freedom,-9,0.21173047574229636,0.8724466168506838,-1.4982648932850438,1.9217258447696366,TRUE,pre_treatment
GDP_per_capita_growth,heritage_Financial.Freedom,-8,-0.469986126635353,0.9163902606530766,-2.2661110375153832,1.326138784244677,TRUE,pre_treatment
GDP_per_capita_growth,heritage_Financial.Freedom,-7,0.11486232191820668,1.0846335032374042,-2.011019344427105,2.2407439882635187,TRUE,pre_treatment
GDP_per_capita_growth,heritage_Financial.Freedom,-6,0.7673284267045376,0.9664637126261393,-1.1269404500426954,2.6615973034517704,TRUE,pre_treatment
GDP_per_capita_growth,heritage_Financial.Freedom,-5,-1.0501382921760394,1.376092075175888,-3.7472787595207797,1.647002175168701,TRUE,pre_treatment
GDP_per_capita_growth,heritage_Financial.Freedom,-4,0.4634942949672109,0.570645293005138,-0.6549704793228595,1.5819590692572814,TRUE,pre_treatment
GDP_per_capita_growth,heritage_Financial.Freedom,-3,-0.1833050479828918,0.49282747459595105,-1.1492468981909558,0.7826368022251722,TRUE,pre_treatment
GDP_per_capita_growth,heritage_Financial.Freedom,-2,0.6527213751364841,0.4820385684578319,-0.2920742190408664,1.5975169693138347,TRUE,pre_treatment
GDP_per_capita_growth,heritage_Financial.Freedom,-1,-0.3251094684368923,0.6145008056541588,-1.5295310475190433,0.8793121106452588,TRUE,pre_treatment
GDP_per_capita_growth,heritage_Fiscal.Health,-24,1.240175503910697,3.2335230981528156,-5.097529768468822,7.577880776290216,TRUE,pre_treatment
GDP_per_capita_growth,heritage_Fiscal.Health,-23,5.8204657540077775,3.057107796568942,-0.17146552726734932,11.812397035282904,TRUE,pre_treatment
GDP_per_capita_growth,heritage_Fiscal.Health,-22,-1.9538616387329681,4.852292570474236,-11.464355076862471,7.556631799396534,TRUE,pre_treatment
GDP_per_capita_growth,heritage_Fiscal.Health,-21,-2.17242516137296,2.4769791780652053,-7.027304350380763,2.6824540276348428,TRUE,pre_treatment
GDP_per_capita_growth,heritage_Fiscal.Health,-20,-0.2970931493643427,0.995742979044042,-2.2487493882906646,1.6545630895619794,TRUE,pre_treatment
GDP_per_capita_growth,heritage_Fiscal.Health,-19,2.1455301879798205,1.8635836709434612,-1.5070938070693636,5.798154183029005,TRUE,pre_treatment
GDP_per_capita_growth,heritage_Fiscal.Health,-18,-3.4140328332224805,1.641842701732505,-6.63204452861819,-0.19602113782677089,FALSE,pre_treatment
GDP_per_capita_growth,heritage_Fiscal.Health,-17,-0.9619299062081896,1.8634565207813316,-4.614304686939599,2.6904448745232203,TRUE,pre_treatment
GDP_per_capita_growth,heritage_Fiscal.Health,-16,1.6121996893515276,4.5043834699908,-7.21639191183044,10.440791290533495,TRUE,pre_treatment
GDP_per_capita_growth,heritage_Fiscal.Health,-15,-1.925232674520396,2.2376633109323634,-6.311052763947829,2.460587414907036,TRUE,pre_treatment
GDP_per_capita_growth,heritage_Fiscal.Health,-14,0.8849823321967655,1.6339318296768433,-2.317524053969847,4.087488718363378,TRUE,pre_treatment
GDP_per_capita_growth,heritage_Fiscal.Health,-13,0.5631986663725451,0.9494962018292892,-1.2978138892128617,2.4242112219579517,TRUE,pre_treatment
GDP_per_capita_growth,heritage_Fiscal.Health,-12,1.426033205117508,0.7965754685313742,-0.1352547132039854,2.9873211234390014,TRUE,pre_treatment
GDP_per_capita_growth,heritage_Fiscal.Health,-11,-0.40787356548247744,0.9173544693070445,-2.2058883253242847,1.3901411943593296,TRUE,pre_treatment
GDP_per_capita_growth,heritage_Fiscal.Health,-10,-0.9527196488412639,1.0377998298669013,-2.9868073153803905,1.0813680176978626,TRUE,pre_treatment
GDP_per_capita_growth,heritage_Fiscal.Health,-9,0.5781903779665242,1.2258330714464158,-1.824442442068451,2.980823198001499,TRUE,pre_treatment
GDP_per_capita_growth,heritage_Fiscal.Health,-8,0.33698054304520936,1.0998322990516463,-1.8186907630960172,2.492651849186436,TRUE,pre_treatment
GDP_per_capita_growth,heritage_Fiscal.Health,-7,-0.6331682547879228,1.1961946360706626,-2.977709741486421,1.7113732319105757,TRUE,pre_treatment
GDP_per_capita_growth,heritage_Fiscal.Health,-6,-1.1062540605212678,0.5844948071098344,-2.251863882456543,0.03935576141400743,TRUE,pre_treatment
GDP_per_capita_growth,heritage_Fiscal.Health,-5,-0.33936599889493557,0.9044329585488871,-2.1120545976507543,1.433322599860883,TRUE,pre_treatment
GDP_per_capita_growth,heritage_Fiscal.Health,-4,0.2649576054235404,0.6443953346084145,-0.9980572504089519,1.5279724612560326,TRUE,pre_treatment
GDP_per_capita_growth,heritage_Fiscal.Health,-3,0.3000868433264443,0.7285199592506106,-1.1278122768047525,1.727985963457641,TRUE,pre_treatment
GDP_per_capita_growth,heritage_Fiscal.Health,-2,0.8672656944058377,0.4606931177305248,-0.03569281634599086,1.7702242051576662,TRUE,pre_treatment
GDP_per_capita_growth,heritage_Fiscal.Health,-1,0.7399739139060926,0.46541573101187417,-0.17224091887718074,1.6521887466893659,TRUE,pre_treatment
GDP_per_capita_growth,heritage_Government.Integrity,-25,-1.1800995476961051,1.4853806119546538,-4.091445547127226,1.7312464517350161,TRUE,pre_treatment
GDP_per_capita_growth,heritage_Government.Integrity,-24,1.5405655696093477,1.1849927279547132,-0.7820201771818902,3.8631513164005855,TRUE,pre_treatment
GDP_per_capita_growth,heritage_Government.Integrity,-23,-1.0154888143243743,1.816426091689272,-4.575683954035347,2.544706325386599,TRUE,pre_treatment
GDP_per_capita_growth,heritage_Government.Integrity,-22,-0.04364347674474429,1.7666987204375229,-3.5063729688022893,3.4190860153128004,TRUE,pre_treatment
GDP_per_capita_growth,heritage_Government.Integrity,-21,0.7051367373642611,1.4309950936041667,-2.0996136460999053,3.5098871208284277,TRUE,pre_treatment
GDP_per_capita_growth,heritage_Government.Integrity,-20,0.9576462179730424,1.0715438774765698,-1.1425797818810346,3.057872217827119,TRUE,pre_treatment
GDP_per_capita_growth,heritage_Government.Integrity,-19,0.3822907292206203,0.8461823534931285,-1.2762266836259115,2.040808142067152,TRUE,pre_treatment
GDP_per_capita_growth,heritage_Government.Integrity,-18,-0.2992605817966852,0.8403624489762404,-1.9463709817901163,1.347849818196746,TRUE,pre_treatment
GDP_per_capita_growth,heritage_Government.Integrity,-17,0.33569605979473416,1.0193860897525795,-1.6623006761203216,2.3336927957097897,TRUE,pre_treatment
GDP_per_capita_growth,heritage_Government.Integrity,-16,-0.9466571674836242,0.8444673065156775,-2.601813088254352,0.7084987532871037,TRUE,pre_treatment
GDP_per_capita_growth,heritage_Government.Integrity,-15,2.088241985875467,0.8744429891443671,0.37433372715250757,3.8021502445984265,FALSE,pre_treatment
GDP_per_capita_growth,heritage_Government.Integrity,-14,1.15645675289457,0.8622648689795327,-0.5335823903053141,2.8464958960944537,TRUE,pre_treatment
GDP_per_capita_growth,heritage_Government.Integrity,-13,-2.505125867374677,0.9483996631554844,-4.363989207159427,-0.6462625275899276,FALSE,pre_treatment
GDP_per_capita_growth,heritage_Government.Integrity,-12,0.7307644210158319,0.8305435424392363,-0.8971009221650712,2.358629764196735,TRUE,pre_treatment
GDP_per_capita_growth,heritage_Government.Integrity,-11,-1.6222676847768704,1.2963463137863231,-4.163106459798064,0.9185710902443229,TRUE,pre_treatment
GDP_per_capita_growth,heritage_Government.Integrity,-10,2.0792740560779226,1.306361537006921,-0.4811945564556428,4.639742668611488,TRUE,pre_treatment
GDP_per_capita_growth,heritage_Government.Integrity,-9,-1.6456211450546894,1.8668587948949895,-5.304664383048869,2.01342209293949,TRUE,pre_treatment
GDP_per_capita_growth,heritage_Government.Integrity,-8,-0.018919174033110775,0.9310782583118158,-1.8438325603242696,1.8059942122580481,TRUE,pre_treatment
GDP_per_capita_growth,heritage_Government.Integrity,-7,-0.40914988446444156,0.648714380585244,-1.6806300704115196,0.8623303014826366,TRUE,pre_treatment
GDP_per_capita_growth,heritage_Government.Integrity,-6,-0.3605005032968412,0.8273813394199768,-1.9821679285599956,1.2611669219663133,TRUE,pre_treatment
GDP_per_capita_growth,heritage_Government.Integrity,-5,-0.11592299774563036,0.6854041604072509,-1.4593151521438423,1.2274691566525815,TRUE,pre_treatment
GDP_per_capita_growth,heritage_Government.Integrity,-4,0.08696925657930053,0.6731973064635559,-1.232497464089269,1.40643597724787,TRUE,pre_treatment
GDP_per_capita_growth,heritage_Government.Integrity,-3,0.33378079771394853,0.7564266423760518,-1.1488154213431132,1.81637701677101,TRUE,pre_treatment
GDP_per_capita_growth,heritage_Government.Integrity,-2,0.45682926615114594,0.5289079899192091,-0.5798303940905039,1.4934889263927957,TRUE,pre_treatment
GDP_per_capita_growth,heritage_Government.Integrity,-1,-0.6416137185678888,0.5284664608724485,-1.677407981877888,0.3941805447421102,TRUE,pre_treatment
GDP_per_capita_growth,heritage_Government.Spending,-24,0.3226814316297239,2.882779014344363,-5.3275654364852265,5.972928299744675,TRUE,pre_treatment
GDP_per_capita_growth,heritage_Government.Spending,-23,-4.223964689580527,3.136761211748806,-10.372016664608186,1.9240872854471318,TRUE,pre_treatment
GDP_per_capita_growth,heritage_Government.Spending,-22,7.1104658565450904,4.312237457458285,-1.3415195600731487,15.56245127316333,TRUE,pre_treatment
GDP_per_capita_growth,heritage_Government.Spending,-21,-3.898743089752976,2.5822162029884606,-8.959886847610358,1.1624006681044068,TRUE,pre_treatment
GDP_per_capita_growth,heritage_Government.Spending,-20,0.1950084416335387,1.3662856144018949,-2.482911362594175,2.8729282458612526,TRUE,pre_treatment
GDP_per_capita_growth,heritage_Government.Spending,-19,-0.8302950726171386,1.878075011349514,-4.511322094862186,2.850731949627909,TRUE,pre_treatment
GDP_per_capita_growth,heritage_Government.Spending,-18,-3.2554536017597093,3.802457558522601,-10.708270416464007,4.197363212944589,TRUE,pre_treatment
GDP_per_capita_growth,heritage_Government.Spending,-17,5.424333813247581,7.497858873517041,-9.271469578845817,20.12013720534098,TRUE,pre_treatment
GDP_per_capita_growth,heritage_Government.Spending,-16,0.34066184023774587,3.022391391959665,-5.583225288003197,6.264548968478689,TRUE,pre_treatment
GDP_per_capita_growth,heritage_Government.Spending,-15,-4.666894912748933,4.514464055062555,-13.515244460671541,4.181454635173674,TRUE,pre_treatment
GDP_per_capita_growth,heritage_Government.Spending,-14,-1.0667863631220802,0.6474449581318247,-2.3357784810604567,0.2022057548162961,TRUE,pre_treatment
GDP_per_capita_growth,heritage_Government.Spending,-13,0.14853693303716717,0.779416983440183,-1.3791203545055915,1.6761942205799256,TRUE,pre_treatment
GDP_per_capita_growth,heritage_Government.Spending,-12,1.2990525250675553,1.4483440374394612,-1.5397017883137885,4.137806838448899,TRUE,pre_treatment
GDP_per_capita_growth,heritage_Government.Spending,-11,-1.0490525632026104,1.5624457054458691,-4.1114461458765135,2.013341019471293,TRUE,pre_treatment
GDP_per_capita_growth,heritage_Government.Spending,-10,-0.9824321847511429,1.0751969934489765,-3.0898182919111368,1.1249539224088507,TRUE,pre_treatment
GDP_per_capita_growth,heritage_Government.Spending,-9,0.0737359821165064,1.1510266865393586,-2.1822763235006364,2.3297482877336493,TRUE,pre_treatment
GDP_per_capita_growth,heritage_Government.Spending,-8,-0.3849252719241893,0.868358971317276,-2.0869088557060502,1.3170583118576715,TRUE,pre_treatment
GDP_per_capita_growth,heritage_Government.Spending,-7,0.3868384109703051,1.1014900975364907,-1.7720821802012166,2.5457590021418266,TRUE,pre_treatment
GDP_per_capita_growth,heritage_Government.Spending,-6,-0.21805819465730408,0.9986654741066381,-2.1754425239063147,1.7393261345917064,TRUE,pre_treatment
GDP_per_capita_growth,heritage_Government.Spending,-5,0.8194579685142506,0.9077343152932533,-0.959701289460526,2.598617226489027,TRUE,pre_treatment
GDP_per_capita_growth,heritage_Government.Spending,-4,-2.23188155562784,0.8072233331633669,-3.8140392886280394,-0.649723822627641,FALSE,pre_treatment
GDP_per_capita_growth,heritage_Government.Spending,-3,0.15379738589393047,0.774778061697237,-1.3647676150326538,1.6723623868205149,TRUE,pre_treatment
GDP_per_capita_growth,heritage_Government.Spending,-2,0.38920610947282946,0.8016419707347558,-1.182012153167292,1.9604243721129508,TRUE,pre_treatment
GDP_per_capita_growth,heritage_Government.Spending,-1,-0.3415933483804038,0.5266054062842181,-1.3737399446974714,0.6905532479366637,TRUE,pre_treatment
GDP_per_capita_growth,heritage_Investment.Freedom,-23,0.04122613508039658,1.4036357566321775,-2.709899947918671,2.7923522180794644,TRUE,pre_treatment
GDP_per_capita_growth,heritage_Investment.Freedom,-22,-6.609149658668564,6.285155836715439,-18.92805509863082,5.709755781293696,TRUE,pre_treatment
GDP_per_capita_growth,heritage_Investment.Freedom,-21,4.2356765641284415,3.8675944067975774,-3.34480847319481,11.816161601451693,TRUE,pre_treatment
GDP_per_capita_growth,heritage_Investment.Freedom,-20,1.3187522246975614,1.2817390077293322,-1.1934562304519298,3.8309606798470526,TRUE,pre_treatment
GDP_per_capita_growth,heritage_Investment.Freedom,-19,-1.9769548779121002,1.3170237950377608,-4.558321516186111,0.6044117603619108,TRUE,pre_treatment
GDP_per_capita_growth,heritage_Investment.Freedom,-18,0.4028417659607263,0.9143168553194396,-1.3892192704653752,2.194902802386828,TRUE,pre_treatment
GDP_per_capita_growth,heritage_Investment.Freedom,-17,1.0026730972678985,3.0921638689241537,-5.057968085823443,7.06331428035924,TRUE,pre_treatment
GDP_per_capita_growth,heritage_Investment.Freedom,-16,-1.4635463235526396,1.8364758353148947,-5.063038960769833,2.1359463136645536,TRUE,pre_treatment
GDP_per_capita_growth,heritage_Investment.Freedom,-15,0.4116563099912087,1.0605050370170208,-1.666933562562152,2.4902461825445696,TRUE,pre_treatment
GDP_per_capita_growth,heritage_Investment.Freedom,-14,-0.20843709631063817,1.0946646372624371,-2.3539797853450146,1.9371055927237384,TRUE,pre_treatment
GDP_per_capita_growth,heritage_Investment.Freedom,-13,-1.06811084308399,0.9115735450419744,-2.85479499136626,0.7185733051982797,TRUE,pre_treatment
GDP_per_capita_growth,heritage_Investment.Freedom,-12,0.4335460290686076,0.7852949826172925,-1.1056321368612858,1.9727241949985008,TRUE,pre_treatment
GDP_per_capita_growth,heritage_Investment.Freedom,-11,0.02923425674020071,1.5408501816225217,-2.9908320992399418,3.0493006127203435,TRUE,pre_treatment
GDP_per_capita_growth,heritage_Investment.Freedom,-10,-0.04711757991768236,0.9333810548969311,-1.8765444475156674,1.7823092876803026,TRUE,pre_treatment
GDP_per_capita_growth,heritage_Investment.Freedom,-9,-1.1567505682690584,0.5869914457398626,-2.307253801919189,-0.006247334618927791,FALSE,pre_treatment
GDP_per_capita_growth,heritage_Investment.Freedom,-8,0.6764279071636201,0.670070696699625,-0.6369106583676449,1.9897664726948852,TRUE,pre_treatment
GDP_per_capita_growth,heritage_Investment.Freedom,-7,0.18282955624598501,0.6392260818918967,-1.0700535642621325,1.4357126767541024,TRUE,pre_treatment
GDP_per_capita_growth,heritage_Investment.Freedom,-6,0.5112172236575335,0.6673668587443523,-0.7968218194813971,1.8192562667964642,TRUE,pre_treatment
GDP_per_capita_growth,heritage_Investment.Freedom,-5,-0.8673389183235194,0.8929233553709642,-2.617468694850609,0.8827908582035704,TRUE,pre_treatment
GDP_per_capita_growth,heritage_Investment.Freedom,-4,-0.08399982974043942,0.5585456456663288,-1.1787492952464438,1.010749635765565,TRUE,pre_treatment
GDP_per_capita_growth,heritage_Investment.Freedom,-3,0.12376128943675299,0.47862865724712295,-0.8143508787676079,1.061873457641114,TRUE,pre_treatment
GDP_per_capita_growth,heritage_Investment.Freedom,-2,0.10368565346615471,0.5673017348744263,-1.0082257468877207,1.2155970538200302,TRUE,pre_treatment
GDP_per_capita_growth,heritage_Investment.Freedom,-1,-0.2113761093978643,0.5152946728384392,-1.2213536681612052,0.7986014493654765,TRUE,pre_treatment
GDP_per_capita_growth,heritage_Judicial.Effectiveness,-25,-0.8630049457006237,1.0921461580503111,-3.0036114154792335,1.277601524077986,TRUE,pre_treatment
GDP_per_capita_growth,heritage_Judicial.Effectiveness,-24,3.0171280061158394,1.0276724882398889,1.0028899291656574,5.031366083066022,FALSE,pre_treatment
GDP_per_capita_growth,heritage_Judicial.Effectiveness,-23,-1.009942582460721,0.8855643600005971,-2.7456487280618918,0.7257635631404493,TRUE,pre_treatment
GDP_per_capita_growth,heritage_Judicial.Effectiveness,-22,1.5190684373693397,2.211477336732635,-2.815427142626625,5.853564017365304,TRUE,pre_treatment
GDP_per_capita_growth,heritage_Judicial.Effectiveness,-21,-1.3229618979776625,1.388052570187079,-4.043544935544337,1.3976211395890121,TRUE,pre_treatment
GDP_per_capita_growth,heritage_Judicial.Effectiveness,-20,-0.25839047483405037,0.7341815306579853,-1.6973862749237016,1.1806053252556008,TRUE,pre_treatment
GDP_per_capita_growth,heritage_Judicial.Effectiveness,-19,-0.08275277975392527,0.6299984639130286,-1.3175497690234614,1.1520442095156107,TRUE,pre_treatment
GDP_per_capita_growth,heritage_Judicial.Effectiveness,-18,-1.5844394345788015,0.9442575871887833,-3.435184305468817,0.2663054363112136,TRUE,pre_treatment
GDP_per_capita_growth,heritage_Judicial.Effectiveness,-17,1.2173744351741815,0.5496749205109902,0.1400115909726407,2.294737279375722,FALSE,pre_treatment
GDP_per_capita_growth,heritage_Judicial.Effectiveness,-16,0.3902833922795706,0.5077613257986532,-0.6049288062857896,1.385495590844931,TRUE,pre_treatment
GDP_per_capita_growth,heritage_Judicial.Effectiveness,-15,0.4239495634122186,0.47904248255565257,-0.5149737023968604,1.3628728292212977,TRUE,pre_treatment
GDP_per_capita_growth,heritage_Judicial.Effectiveness,-14,-0.450296320990272,0.6196896998333505,-1.6648881326636389,0.764295490683095,TRUE,pre_treatment
GDP_per_capita_growth,heritage_Judicial.Effectiveness,-13,-0.9556417376736194,0.7225041786782258,-2.371749927882942,0.4604664525357033,TRUE,pre_treatment
GDP_per_capita_growth,heritage_Judicial.Effectiveness,-12,0.24040603395227592,0.7394386440708471,-1.2088937084265843,1.6897057763311363,TRUE,pre_treatment
GDP_per_capita_growth,heritage_Judicial.Effectiveness,-11,0.8324104798667528,0.722036229645819,-0.5827805302390526,2.247601489972558,TRUE,pre_treatment
GDP_per_capita_growth,heritage_Judicial.Effectiveness,-10,-0.840238899023694,1.4727645663811424,-3.726857449130733,2.046379651083345,TRUE,pre_treatment
GDP_per_capita_growth,heritage_Judicial.Effectiveness,-9,1.3276291140768657,0.8610799524568288,-0.36008759273851876,3.01534582089225,TRUE,pre_treatment
GDP_per_capita_growth,heritage_Judicial.Effectiveness,-8,-0.07711426414515776,0.6105202519100499,-1.2737339578888554,1.11950542959854,TRUE,pre_treatment
GDP_per_capita_growth,heritage_Judicial.Effectiveness,-7,0.5361961563180471,0.5585647592053964,-0.5585907717245298,1.630983084360624,TRUE,pre_treatment
GDP_per_capita_growth,heritage_Judicial.Effectiveness,-6,-0.7007497993824972,0.5671808523631262,-1.8124242700142246,0.41092467124923027,TRUE,pre_treatment
GDP_per_capita_growth,heritage_Judicial.Effectiveness,-5,-0.1347407444804184,0.4205047110499027,-0.9589299781382277,0.6894484891773909,TRUE,pre_treatment
GDP_per_capita_growth,heritage_Judicial.Effectiveness,-4,0.01409769017571668,0.3187382252531468,-0.610629231320451,0.6388246116718844,TRUE,pre_treatment
GDP_per_capita_growth,heritage_Judicial.Effectiveness,-3,0.4266035072955529,0.5723205878204635,-0.6951448448325555,1.5483518594236614,TRUE,pre_treatment
GDP_per_capita_growth,heritage_Judicial.Effectiveness,-2,-0.41745068329850804,1.1528715339251066,-2.677078889791717,1.8421775231947008,TRUE,pre_treatment
GDP_per_capita_growth,heritage_Judicial.Effectiveness,-1,2.054504608242659,1.703935058217379,-1.2852081058634037,5.394217322348721,TRUE,pre_treatment
GDP_per_capita_growth,heritage_Labor.Freedom,-25,1.4813583951184899,2.977611665604449,-4.35476046946623,7.31747725970321,TRUE,pre_treatment
GDP_per_capita_growth,heritage_Labor.Freedom,-24,-2.3721049588993015,4.16957666790379,-10.54447522799073,5.8002653101921275,TRUE,pre_treatment
GDP_per_capita_growth,heritage_Labor.Freedom,-23,-0.15660936411518675,1.256817739740598,-2.6199721340067588,2.306753405776385,TRUE,pre_treatment
GDP_per_capita_growth,heritage_Labor.Freedom,-22,-0.48795040423451896,0.964277707339178,-2.3779347106193076,1.40203390215027,TRUE,pre_treatment
GDP_per_capita_growth,heritage_Labor.Freedom,-21,4.268408395201125,2.780307601295413,-1.1809945033378844,9.717811293740134,TRUE,pre_treatment
GDP_per_capita_growth,heritage_Labor.Freedom,-20,-4.239136520445417,2.068439062681747,-8.293277083301641,-0.18499595758919263,FALSE,pre_treatment
GDP_per_capita_growth,heritage_Labor.Freedom,-19,0.38131610834669866,1.0443414020176156,-1.665593039607828,2.4282252563012254,TRUE,pre_treatment
GDP_per_capita_growth,heritage_Labor.Freedom,-18,0.16081554422996397,0.8907766034244985,-1.5851065984820532,1.906737686941981,TRUE,pre_treatment
GDP_per_capita_growth,heritage_Labor.Freedom,-17,-0.6429725850781965,0.8663489431658671,-2.341016513683296,1.0550713435269028,TRUE,pre_treatment
GDP_per_capita_growth,heritage_Labor.Freedom,-16,0.13185590214738754,0.6525336346291268,-1.147110021725701,1.4108218260204761,TRUE,pre_treatment
GDP_per_capita_growth,heritage_Labor.Freedom,-15,-0.14815948855149308,1.0863461160467915,-2.2773978760032048,1.9810788989002184,TRUE,pre_treatment
GDP_per_capita_growth,heritage_Labor.Freedom,-14,0.6827891518569629,0.8357341195522818,-0.9552497224655094,2.320828026179435,TRUE,pre_treatment
GDP_per_capita_growth,heritage_Labor.Freedom,-13,-1.8853619115585467,0.8017898790963646,-3.456870074587421,-0.3138537485296722,FALSE,pre_treatment
GDP_per_capita_growth,heritage_Labor.Freedom,-12,0.6827224618210795,0.848730194563919,-0.9807887195242017,2.346233643166361,TRUE,pre_treatment
GDP_per_capita_growth,heritage_Labor.Freedom,-11,1.4853133456400844,1.6325741786510501,-1.714532044515974,4.685158735796143,TRUE,pre_treatment
GDP_per_capita_growth,heritage_Labor.Freedom,-10,-1.0150329955961708,0.9427654889259162,-2.8628533538909666,0.8327873626986249,TRUE,pre_treatment
GDP_per_capita_growth,heritage_Labor.Freedom,-9,-0.9360918051436723,0.5247418693899538,-1.9645858691479816,0.09240225886063713,TRUE,pre_treatment
GDP_per_capita_growth,heritage_Labor.Freedom,-8,0.45240483953289606,0.5723646781274733,-0.6694299295969515,1.5742396086627437,TRUE,pre_treatment
GDP_per_capita_growth,heritage_Labor.Freedom,-7,0.027545771141687964,0.43510477256562463,-0.8252595830869363,0.8803511253703122,TRUE,pre_treatment
GDP_per_capita_growth,heritage_Labor.Freedom,-6,-0.05385088450394898,0.44311724755007625,-0.9223606897020984,0.8146589206942005,TRUE,pre_treatment
GDP_per_capita_growth,heritage_Labor.Freedom,-5,-0.22655232331879036,0.4204892612824108,-1.0507112754323156,0.5976066287947348,TRUE,pre_treatment
GDP_per_capita_growth,heritage_Labor.Freedom,-4,0.23286363038116187,0.47658089294587674,-0.7012349197927565,1.1669621805550803,TRUE,pre_treatment
GDP_per_capita_growth,heritage_Labor.Freedom,-3,-0.1326938681894144,0.3739293920559346,-0.8655954766190462,0.6002077402402174,TRUE,pre_treatment
GDP_per_capita_growth,heritage_Labor.Freedom,-2,0.4750317237699334,0.5350534516984855,-0.5736730415590982,1.5237364890989649,TRUE,pre_treatment
GDP_per_capita_growth,heritage_Labor.Freedom,-1,-0.7264903453155265,0.8636563833640264,-2.4192568567090182,0.9662761660779653,TRUE,pre_treatment
GDP_per_capita_growth,heritage_Monetary.Freedom,-23,-5.159128460362007,0.8523511700236946,-6.829736753608449,-3.4885201671155657,FALSE,pre_treatment
GDP_per_capita_growth,heritage_Monetary.Freedom,-22,2.9262800696539135,0.827516147066126,1.3043484214043066,4.54821171790352,FALSE,pre_treatment
GDP_per_capita_growth,heritage_Monetary.Freedom,-21,-9.665287957618037,0.44474803361131754,-10.53699410349622,-8.793581811739855,FALSE,pre_treatment
GDP_per_capita_growth,heritage_Monetary.Freedom,-20,1.9940229573844188,0.8130493195399942,0.40044629108603025,3.5875996236828076,FALSE,pre_treatment
GDP_per_capita_growth,heritage_Monetary.Freedom,-19,1.6725355860228974,0.9047006720718002,-0.10067773123783086,3.4457489032836257,TRUE,pre_treatment
GDP_per_capita_growth,heritage_Monetary.Freedom,-18,1.505790781514654,0.7057110744777982,0.12259707553816956,2.888984487491139,FALSE,pre_treatment
GDP_per_capita_growth,heritage_Monetary.Freedom,-17,-1.5273694879776445,2.963551285688408,-7.335930007926923,4.281191031971635,TRUE,pre_treatment
GDP_per_capita_growth,heritage_Monetary.Freedom,-16,5.853102101662588,6.948534670872595,-7.766025853247698,19.472230056572876,TRUE,pre_treatment
GDP_per_capita_growth,heritage_Monetary.Freedom,-15,-2.9226319254783966,3.7825407866375826,-10.336411867288058,4.491148016331266,TRUE,pre_treatment
GDP_per_capita_growth,heritage_Monetary.Freedom,-14,-2.4050472940318954,1.3749930148937226,-5.100033603223592,0.2899390151598009,TRUE,pre_treatment
GDP_per_capita_growth,heritage_Monetary.Freedom,-13,1.616679458459124,1.8842806542041433,-2.076510623780997,5.309869540699244,TRUE,pre_treatment
GDP_per_capita_growth,heritage_Monetary.Freedom,-12,-1.6699697346989668,1.8231096681091545,-5.243264684192909,1.903325214794976,TRUE,pre_treatment
GDP_per_capita_growth,heritage_Monetary.Freedom,-11,-0.6890530596899505,1.8871276918235425,-4.387823335664094,3.0097172162841925,TRUE,pre_treatment
GDP_per_capita_growth,heritage_Monetary.Freedom,-10,-0.0013171350580030473,1.4928849861844977,-2.927371707979619,2.9247374378636124,TRUE,pre_treatment
GDP_per_capita_growth,heritage_Monetary.Freedom,-9,1.0297445082957857,1.7653570279703732,-2.4303552665261456,4.489844283117717,TRUE,pre_treatment
GDP_per_capita_growth,heritage_Monetary.Freedom,-8,-2.6604661201609225,2.873304687518733,-8.29214330769764,2.971211067375794,TRUE,pre_treatment
GDP_per_capita_growth,heritage_Monetary.Freedom,-7,-0.2818955565761344,1.4414674377526113,-3.107171734571253,2.543380621418984,TRUE,pre_treatment
GDP_per_capita_growth,heritage_Monetary.Freedom,-6,1.5677408051726518,2.364445605150614,-3.0665725809225517,6.202054191267855,TRUE,pre_treatment
GDP_per_capita_growth,heritage_Monetary.Freedom,-5,0.7322689388308661,2.4817079777264817,-4.131878697513038,5.59641657517477,TRUE,pre_treatment
GDP_per_capita_growth,heritage_Monetary.Freedom,-4,-0.12126170478909272,2.320222107994336,-4.668897036457991,4.426373626879806,TRUE,pre_treatment
GDP_per_capita_growth,heritage_Monetary.Freedom,-3,-1.3895564230517286,2.5405764320348116,-6.369086229839959,3.5899733837365018,TRUE,pre_treatment
GDP_per_capita_growth,heritage_Monetary.Freedom,-2,0.6695605443230169,1.0425220083092341,-1.373782591963082,2.712903680609116,TRUE,pre_treatment
GDP_per_capita_growth,heritage_Monetary.Freedom,-1,0.6623955068957347,1.0148763627273711,-1.3267621640499128,2.651553177841382,TRUE,pre_treatment
GDP_per_capita_growth,heritage_Property.Rights,-25,-4.341749129759462,2.3421702566057663,-8.932402832706764,0.24890457318783987,TRUE,pre_treatment
GDP_per_capita_growth,heritage_Property.Rights,-24,2.2315035420046683,1.9399953086379493,-1.5708872629257122,6.033894346935049,TRUE,pre_treatment
GDP_per_capita_growth,heritage_Property.Rights,-23,0.7422861893249546,1.2543256258704225,-1.7161920373810735,3.2007644160309825,TRUE,pre_treatment
GDP_per_capita_growth,heritage_Property.Rights,-22,-0.7851151834710519,1.1258787311246834,-2.9918374964754313,1.4216071295333275,TRUE,pre_treatment
GDP_per_capita_growth,heritage_Property.Rights,-21,0.5037058400213346,0.8327182827504268,-1.128421994169502,2.1358336742121713,TRUE,pre_treatment
GDP_per_capita_growth,heritage_Property.Rights,-20,-3.412140497682466,1.553510485591589,-6.45702104944198,-0.3672599459229513,FALSE,pre_treatment
GDP_per_capita_growth,heritage_Property.Rights,-19,2.119361634268083,1.7338175201628587,-1.27892070525112,5.517643973787286,TRUE,pre_treatment
GDP_per_capita_growth,heritage_Property.Rights,-18,1.0658834573351852,1.338838644023855,-1.5582402849515709,3.6900071996219412,TRUE,pre_treatment
GDP_per_capita_growth,heritage_Property.Rights,-17,-0.3735539417000858,0.8405739307314752,-2.0210788459337774,1.2739709625336055,TRUE,pre_treatment
GDP_per_capita_growth,heritage_Property.Rights,-16,0.5560482690441034,0.6417314833934169,-0.7017454384069938,1.8138419764952007,TRUE,pre_treatment
GDP_per_capita_growth,heritage_Property.Rights,-15,0.7314428401072373,0.7223014648981346,-0.6842680310931066,2.147153711307581,TRUE,pre_treatment
GDP_per_capita_growth,heritage_Property.Rights,-14,1.4502547421513483,1.0659875741394702,-0.6390809031620133,3.5395903874647097,TRUE,pre_treatment
GDP_per_capita_growth,heritage_Property.Rights,-13,-2.6681591382248544,2.323070354655585,-7.2213770333498015,1.8850587569000923,TRUE,pre_treatment
GDP_per_capita_growth,heritage_Property.Rights,-12,1.0102177476754717,0.9731533133341721,-0.8971627464595056,2.917598241810449,TRUE,pre_treatment
GDP_per_capita_growth,heritage_Property.Rights,-11,0.6569890355922665,0.5234448047442922,-0.3689627817065462,1.6829408528910792,TRUE,pre_treatment
GDP_per_capita_growth,heritage_Property.Rights,-10,-0.8220791061158594,0.42941564747581124,-1.6637337751684496,0.019575562936730573,TRUE,pre_treatment
GDP_per_capita_growth,heritage_Property.Rights,-9,-0.4699068611881743,0.8417746941963249,-2.119785261812971,1.1799715394366226,TRUE,pre_treatment
GDP_per_capita_growth,heritage_Property.Rights,-8,0.6482996042767812,1.4788619803044958,-2.2502698771200302,3.5468690856735927,TRUE,pre_treatment
GDP_per_capita_growth,heritage_Property.Rights,-7,-0.9611188677042407,1.3466365170169343,-3.6005264410574322,1.6782887056489506,TRUE,pre_treatment
GDP_per_capita_growth,heritage_Property.Rights,-6,0.9182923088374149,0.6674590936602434,-0.3899275147366621,2.226512132411492,TRUE,pre_treatment
GDP_per_capita_growth,heritage_Property.Rights,-5,-0.2365362262517197,0.9259850873533358,-2.051466997464258,1.5783945449608185,TRUE,pre_treatment
GDP_per_capita_growth,heritage_Property.Rights,-4,-0.19867758916160308,0.3299147850142784,-0.8453105677895887,0.4479553894663826,TRUE,pre_treatment
GDP_per_capita_growth,heritage_Property.Rights,-3,0.024574232207120614,0.5737249871922748,-1.0999267426897381,1.1490752071039791,TRUE,pre_treatment
GDP_per_capita_growth,heritage_Property.Rights,-2,0.7984124749257291,0.9077092127686482,-0.9806975821008215,2.5775225319522796,TRUE,pre_treatment
GDP_per_capita_growth,heritage_Property.Rights,-1,-1.5972317914980798,0.9921034080032202,-3.541754471184391,0.34729088818823173,TRUE,pre_treatment
GDP_per_capita_growth,heritage_Tax.Burden,-24,1.3625719896405142,0.9999806255232937,-0.5973900363851414,3.32253401566617,TRUE,pre_treatment
GDP_per_capita_growth,heritage_Tax.Burden,-23,-1.2193149196698427,1.7795012101115648,-4.707137291488509,2.268507452148824,TRUE,pre_treatment
GDP_per_capita_growth,heritage_Tax.Burden,-22,-3.1489510016270064,3.963762326773537,-10.917925162103138,4.6200231588491265,TRUE,pre_treatment
GDP_per_capita_growth,heritage_Tax.Burden,-21,2.8590346950074834,3.086914512352391,-3.1913177492032028,8.90938713921817,TRUE,pre_treatment
GDP_per_capita_growth,heritage_Tax.Burden,-20,-1.0285345774957593,1.2525937310517088,-3.4836182903571085,1.42654913536559,TRUE,pre_treatment
GDP_per_capita_growth,heritage_Tax.Burden,-19,-4.346498098686837,5.334387507052273,-14.801897612509292,6.108901415135618,TRUE,pre_treatment
GDP_per_capita_growth,heritage_Tax.Burden,-18,10.707868993010848,14.31192097698385,-17.343496121877497,38.75923410789919,TRUE,pre_treatment
GDP_per_capita_growth,heritage_Tax.Burden,-17,-5.6869621552760705,7.008858376014972,-19.424324572265416,8.050400261713275,TRUE,pre_treatment
GDP_per_capita_growth,heritage_Tax.Burden,-16,-2.266836662373224,3.2794413810212006,-8.694541769174776,4.1608684444283295,TRUE,pre_treatment
GDP_per_capita_growth,heritage_Tax.Burden,-15,0.20726773354116126,1.0028083827928707,-1.7582366967328653,2.172772163815188,TRUE,pre_treatment
GDP_per_capita_growth,heritage_Tax.Burden,-14,5.034893920600343,4.623409693456672,-4.026989078574735,14.09677691977542,TRUE,pre_treatment
GDP_per_capita_growth,heritage_Tax.Burden,-13,-3.901911598587489,3.3103987581739243,-10.39029316460838,2.586469967433402,TRUE,pre_treatment
GDP_per_capita_growth,heritage_Tax.Burden,-12,-1.371276834684967,1.1957022630702525,-3.7148532703026618,0.9722996009327278,TRUE,pre_treatment
GDP_per_capita_growth,heritage_Tax.Burden,-11,0.668201655968051,1.071423002232941,-1.4317874284085133,2.7681907403446155,TRUE,pre_treatment
GDP_per_capita_growth,heritage_Tax.Burden,-10,-1.4179829829270534,1.1623495111190185,-3.6961880247203296,0.8602220588662228,TRUE,pre_treatment
GDP_per_capita_growth,heritage_Tax.Burden,-9,0.8313321921033056,0.9794081313540309,-1.088307745350595,2.7509721295572063,TRUE,pre_treatment
GDP_per_capita_growth,heritage_Tax.Burden,-8,-0.24413080936036644,1.4620494053021602,-3.1097476437526006,2.6214860250318677,TRUE,pre_treatment
GDP_per_capita_growth,heritage_Tax.Burden,-7,0.04889150117281372,1.4157671745621723,-2.7260121609690438,2.823795163314671,TRUE,pre_treatment
GDP_per_capita_growth,heritage_Tax.Burden,-6,0.44456686818383684,0.8647918029562797,-1.2504250656104712,2.139558801978145,TRUE,pre_treatment
GDP_per_capita_growth,heritage_Tax.Burden,-5,0.21152146220769943,0.8094935282443461,-1.3750858531512187,1.7981287775666177,TRUE,pre_treatment
GDP_per_capita_growth,heritage_Tax.Burden,-4,0.15232039514139623,0.9091320972131571,-1.6295785153963918,1.9342193056791843,TRUE,pre_treatment
GDP_per_capita_growth,heritage_Tax.Burden,-3,-0.8039630062712187,0.5853806186553729,-1.9513090188357496,0.3433830062933122,TRUE,pre_treatment
GDP_per_capita_growth,heritage_Tax.Burden,-2,0.9651583551197174,0.5753907166506075,-0.16260744951547323,2.092924159754908,TRUE,pre_treatment
GDP_per_capita_growth,heritage_Tax.Burden,-1,0.9311228148662856,0.5476081525119649,-0.14218916405716575,2.004434793789737,TRUE,pre_treatment
GDP_per_capita_growth,heritage_Trade.Freedom,-25,-0.3047726496430623,0.8244377558531412,-1.920670651115219,1.3111253518290944,TRUE,pre_treatment
GDP_per_capita_growth,heritage_Trade.Freedom,-24,5.703125461035112,1.4621259648032618,2.837358570020719,8.568892352049506,FALSE,pre_treatment
GDP_per_capita_growth,heritage_Trade.Freedom,-23,-7.581583673462202,0.6547448534768119,-8.864883586276752,-6.29828376064765,FALSE,pre_treatment
GDP_per_capita_growth,heritage_Trade.Freedom,-22,4.136330005377121,6.241023897226583,-8.09607683318698,16.368736843941225,TRUE,pre_treatment
GDP_per_capita_growth,heritage_Trade.Freedom,-21,-1.967974278415105,3.1360612058601625,-8.114654241901023,4.178705685070813,TRUE,pre_treatment
GDP_per_capita_growth,heritage_Trade.Freedom,-20,1.3770474991133987,1.401649918721801,-1.3701863415813311,4.124281339808128,TRUE,pre_treatment
GDP_per_capita_growth,heritage_Trade.Freedom,-19,-1.8764880383334337,0.9032707946266866,-3.6468987958017394,-0.10607728086512802,FALSE,pre_treatment
GDP_per_capita_growth,heritage_Trade.Freedom,-18,5.593496828452816,9.05361968454683,-12.15159775325897,23.338591410164604,TRUE,pre_treatment
GDP_per_capita_growth,heritage_Trade.Freedom,-17,-5.1597506614511754,6.652306248235314,-18.19827090799239,7.8787695850900406,TRUE,pre_treatment
GDP_per_capita_growth,heritage_Trade.Freedom,-16,-1.0891881216877661,3.4671451023658655,-7.884792522324862,5.70641627894933,TRUE,pre_treatment
GDP_per_capita_growth,heritage_Trade.Freedom,-15,6.378886346570663,9.351723454911854,-11.950491625056571,24.708264318197898,TRUE,pre_treatment
GDP_per_capita_growth,heritage_Trade.Freedom,-14,-6.727711603849871,4.008488716855784,-14.584349488887208,1.128926281187466,TRUE,pre_treatment
GDP_per_capita_growth,heritage_Trade.Freedom,-13,0.26662149304806465,2.8534306512547736,-5.326102583411291,5.85934556950742,TRUE,pre_treatment
GDP_per_capita_growth,heritage_Trade.Freedom,-12,-0.012042979453022427,2.978261999172985,-5.849436497832073,5.825350538926028,TRUE,pre_treatment
GDP_per_capita_growth,heritage_Trade.Freedom,-11,2.0614218548396526,2.126188452612267,-2.1059075122803907,6.228751221959696,TRUE,pre_treatment
GDP_per_capita_growth,heritage_Trade.Freedom,-10,-1.486090057857907,1.408284704773156,-4.246328079213293,1.2741479634974786,TRUE,pre_treatment
GDP_per_capita_growth,heritage_Trade.Freedom,-9,1.4311652824219445,1.2001097709614388,-0.9210498686624753,3.7833804335063643,TRUE,pre_treatment
GDP_per_capita_growth,heritage_Trade.Freedom,-8,0.10326252519814588,1.1326586501679068,-2.1167484291309515,2.323273479527243,TRUE,pre_treatment
GDP_per_capita_growth,heritage_Trade.Freedom,-7,-0.1882632513711099,1.0672202045563366,-2.2800148523015293,1.9034883495593096,TRUE,pre_treatment
GDP_per_capita_growth,heritage_Trade.Freedom,-6,-0.4278927611730821,0.9214489168490229,-2.233932638197167,1.3781471158510028,TRUE,pre_treatment
GDP_per_capita_growth,heritage_Trade.Freedom,-5,0.8443276130504208,0.8480780040618539,-0.8179052749108128,2.5065605010116543,TRUE,pre_treatment
GDP_per_capita_growth,heritage_Trade.Freedom,-4,-0.7145184537749819,0.5855122041809047,-1.8621223739695552,0.4330854664195912,TRUE,pre_treatment
GDP_per_capita_growth,heritage_Trade.Freedom,-3,-0.27625848665412095,0.8324825622694553,-1.9079243087022533,1.3554073353940115,TRUE,pre_treatment
GDP_per_capita_growth,heritage_Trade.Freedom,-2,0.2623174232771526,0.9994622750087233,-1.6966286357399452,2.2212634822942503,TRUE,pre_treatment
GDP_per_capita_growth,heritage_Trade.Freedom,-1,0.3993704319098476,0.4449009289566441,-0.4726353888451748,1.27137625266487,TRUE,pre_treatment
Gini_SWIID,fraser_FreeTrade,-26,-0.29013053613053646,0.2042184406771895,-0.6903986798578279,0.11013760759675495,TRUE,pre_treatment
Gini_SWIID,fraser_FreeTrade,-25,-0.19619311700704328,0.12487870254348023,-0.44095537399226453,0.048569139978177966,TRUE,pre_treatment
Gini_SWIID,fraser_FreeTrade,-24,-0.29665714471006666,0.16910487268436303,-0.6281026951714181,0.03478840575128489,TRUE,pre_treatment
Gini_SWIID,fraser_FreeTrade,-23,0.09531426826899214,0.30862339909358877,-0.5095875939544419,0.7002161304924261,TRUE,pre_treatment
Gini_SWIID,fraser_FreeTrade,-22,-0.04700130209678083,0.10093558305119636,-0.2448350448771257,0.15083244068356405,TRUE,pre_treatment
Gini_SWIID,fraser_FreeTrade,-21,-0.03353927173982024,0.18729568186840437,-0.4006388082018928,0.3335602647222523,TRUE,pre_treatment
Gini_SWIID,fraser_FreeTrade,-20,-0.36914524688372624,0.14731929045005496,-0.657891056165834,-0.08039943760161855,FALSE,pre_treatment
Gini_SWIID,fraser_FreeTrade,-19,0.08063691731246823,0.2746984622385752,-0.4577720686751391,0.6190459033000756,TRUE,pre_treatment
Gini_SWIID,fraser_FreeTrade,-18,0.015009880521893023,0.24255541936931535,-0.4603987414419651,0.4904185024857511,TRUE,pre_treatment
Gini_SWIID,fraser_FreeTrade,-17,-0.4183864363714089,0.20595937570443323,-0.822066812752098,-0.014706059990719722,FALSE,pre_treatment
Gini_SWIID,fraser_FreeTrade,-16,-0.1984656988507801,0.1330419560363963,-0.4592279326821168,0.06229653498055662,TRUE,pre_treatment
Gini_SWIID,fraser_FreeTrade,-15,-0.11624040840391286,0.11268870331076321,-0.3371102668930087,0.10462945008518301,TRUE,pre_treatment
Gini_SWIID,fraser_FreeTrade,-14,-0.18982427523354706,0.17066401608880066,-0.5243257467675964,0.14467719630050224,TRUE,pre_treatment
Gini_SWIID,fraser_FreeTrade,-13,-0.06694422459180958,0.1380585932085078,-0.3375390672804849,0.2036506180968657,TRUE,pre_treatment
Gini_SWIID,fraser_FreeTrade,-12,-0.06758074398233342,0.06489018306822389,-0.19476550279605226,0.0596040148313854,TRUE,pre_treatment
Gini_SWIID,fraser_FreeTrade,-11,0.15671027280139788,0.1970639691520425,-0.22953510673660543,0.5429556523394012,TRUE,pre_treatment
Gini_SWIID,fraser_FreeTrade,-10,0.06586546098748568,0.11220142047994859,-0.15404932315321357,0.2857802451281849,TRUE,pre_treatment
Gini_SWIID,fraser_FreeTrade,-9,0.04812261812658312,0.08108844012921645,-0.11081072452668114,0.20705596077984736,TRUE,pre_treatment
Gini_SWIID,fraser_FreeTrade,-8,0.1418301899412872,0.27655735307801355,-0.40022222209161934,0.6838826019741937,TRUE,pre_treatment
Gini_SWIID,fraser_FreeTrade,-7,0.09830352185205557,0.13103835335166072,-0.15853165071719946,0.35513869442131063,TRUE,pre_treatment
Gini_SWIID,fraser_FreeTrade,-6,-0.0015505087295072484,0.14995615134294232,-0.2954645653616742,0.2923635479026597,TRUE,pre_treatment
Gini_SWIID,fraser_FreeTrade,-5,-0.3286750605817347,0.4348289466412508,-1.1809397959985861,0.5235896748351169,TRUE,pre_treatment
Gini_SWIID,fraser_FreeTrade,-4,-0.017991634796796566,0.11985589517183605,-0.25290918933359524,0.21692591974000208,TRUE,pre_treatment
Gini_SWIID,fraser_FreeTrade,-3,0.12838315252466942,0.23432337764805092,-0.3308906676655104,0.5876569727148493,TRUE,pre_treatment
Gini_SWIID,fraser_FreeTrade,-2,-0.19786686543401916,0.2153864630586068,-0.6200243330288884,0.22429060216085012,TRUE,pre_treatment
Gini_SWIID,fraser_FreeTrade,-1,-0.052094709297233026,0.0895727346708596,-0.22765726925211785,0.12346785065765178,TRUE,pre_treatment
Gini_SWIID,fraser_LegalSystem,-22,0.546836847946725,0.1739797529951352,0.20583653207626001,0.88783716381719,FALSE,pre_treatment
Gini_SWIID,fraser_LegalSystem,-21,0.8128581411600266,0.05880105289014405,0.6976080774953443,0.928108204824709,FALSE,pre_treatment
Gini_SWIID,fraser_LegalSystem,-20,0.4523905723905731,0.119216452988477,0.2187263245331582,0.686054820247988,FALSE,pre_treatment
Gini_SWIID,fraser_LegalSystem,-19,-3.0735625919893437,3.310328291648505,-9.561806043620415,3.4146808596417264,TRUE,pre_treatment
Gini_SWIID,fraser_LegalSystem,-18,-0.039210706902201325,0.10560166920524469,-0.2461899785444809,0.16776856474007826,TRUE,pre_treatment
Gini_SWIID,fraser_LegalSystem,-17,-0.08251136703966988,0.1374935931047632,-0.35199880952500573,0.18697607544566597,TRUE,pre_treatment
Gini_SWIID,fraser_LegalSystem,-16,-0.2183584172998256,0.13036343171514422,-0.47387074346150826,0.03715390886185707,TRUE,pre_treatment
Gini_SWIID,fraser_LegalSystem,-15,-0.07298025910940295,0.09923954903116847,-0.2674897752104931,0.12152925699168723,TRUE,pre_treatment
Gini_SWIID,fraser_LegalSystem,-14,-0.13086787423515045,0.07905303440102704,-0.2858118216611635,0.02407607319086255,TRUE,pre_treatment
Gini_SWIID,fraser_LegalSystem,-13,-0.10365855248098453,0.10862723993859302,-0.31656794276062683,0.10925083779865778,TRUE,pre_treatment
Gini_SWIID,fraser_LegalSystem,-12,-0.29672309540765013,0.25242514091867724,-0.7914763716082576,0.19803018079295726,TRUE,pre_treatment
Gini_SWIID,fraser_LegalSystem,-11,-0.4642341026241013,0.3850272351913415,-1.2188874835991306,0.290419278350928,TRUE,pre_treatment
Gini_SWIID,fraser_LegalSystem,-10,-0.07317901287852331,0.34815774341392103,-0.7555681899698086,0.6092101642127619,TRUE,pre_treatment
Gini_SWIID,fraser_LegalSystem,-9,-0.08734818724268147,0.08612198033980713,-0.2561472687087034,0.0814508942233405,TRUE,pre_treatment
Gini_SWIID,fraser_LegalSystem,-8,0.015618980379409312,0.1626725093455243,-0.30321913793781835,0.3344570986966369,TRUE,pre_treatment
Gini_SWIID,fraser_LegalSystem,-7,0.015093274735968098,0.1454940533875626,-0.2700750699036546,0.3002616193755908,TRUE,pre_treatment
Gini_SWIID,fraser_LegalSystem,-6,0.0798005667363632,0.1686364901559522,-0.2507269539693031,0.41032808744202953,TRUE,pre_treatment
Gini_SWIID,fraser_LegalSystem,-5,0.023505209562550724,0.27624545670361206,-0.5179358855765289,0.5649463047016304,TRUE,pre_treatment
Gini_SWIID,fraser_LegalSystem,-4,-0.09032055804518054,0.22442021362586972,-0.5301841767518852,0.34954306066152413,TRUE,pre_treatment
Gini_SWIID,fraser_LegalSystem,-3,-0.042310380004006,0.07059365183538688,-0.18067393760136427,0.09605317759335227,TRUE,pre_treatment
Gini_SWIID,fraser_LegalSystem,-2,0.09972132442281993,0.13762606760944918,-0.17002576809170045,0.36946841693734034,TRUE,pre_treatment
Gini_SWIID,fraser_LegalSystem,-1,-0.14929612735613243,0.17706425998006226,-0.49634207691705445,0.19774982220478957,TRUE,pre_treatment
Gini_SWIID,fraser_Regulation,-22,-0.43333333333333257,0.2401260170414876,-0.9039803267346482,0.03731366006798309,TRUE,pre_treatment
Gini_SWIID,fraser_Regulation,-21,-0.37459770114942464,0.1950506307481059,-0.7568969374157122,0.007701535116862945,TRUE,pre_treatment
Gini_SWIID,fraser_Regulation,-20,-0.19885777326059312,0.04552755780121145,-0.28809178655096757,-0.10962375997021868,FALSE,pre_treatment
Gini_SWIID,fraser_Regulation,-19,-0.23878763748413245,0.08898904421336734,-0.41320616414233247,-0.06436911082593247,FALSE,pre_treatment
Gini_SWIID,fraser_Regulation,-18,-0.27841672051923805,0.13063200246419934,-0.5344554453490687,-0.02237799568940735,FALSE,pre_treatment
Gini_SWIID,fraser_Regulation,-17,-0.12006681475125522,0.09732307380307567,-0.3108200394052835,0.07068640990277308,TRUE,pre_treatment
Gini_SWIID,fraser_Regulation,-16,-0.1122795182535429,0.08396790313368573,-0.2768566083955669,0.05229757188848111,TRUE,pre_treatment
Gini_SWIID,fraser_Regulation,-15,0.21156293759740585,0.5844964473028226,-0.9340500991161264,1.357175974310938,TRUE,pre_treatment
Gini_SWIID,fraser_Regulation,-14,-0.1226712036550642,0.2092300935493899,-0.5327621870118684,0.28741977970174004,TRUE,pre_treatment
Gini_SWIID,fraser_Regulation,-13,-0.10342578041523126,0.06174328654006858,-0.2244426220337657,0.017591061203303157,TRUE,pre_treatment
Gini_SWIID,fraser_Regulation,-12,-0.41887865491537196,0.4096356958474084,-1.2217646187762923,0.3840073089455484,TRUE,pre_treatment
Gini_SWIID,fraser_Regulation,-11,-0.1725579351273086,0.14197327872938797,-0.45082556143690905,0.10570969118229184,TRUE,pre_treatment
Gini_SWIID,fraser_Regulation,-10,-0.09162614679849508,0.17616228446516058,-0.4369042243502098,0.2536519307532197,TRUE,pre_treatment
Gini_SWIID,fraser_Regulation,-9,-0.08879424518069778,0.09397171786843622,-0.27297881220283277,0.0953903218414372,TRUE,pre_treatment
Gini_SWIID,fraser_Regulation,-8,-0.25701578409811004,0.23327208913453348,-0.7142290788017956,0.20019751060557556,TRUE,pre_treatment
Gini_SWIID,fraser_Regulation,-7,0.14628477539868773,0.18951516213638114,-0.22516494238861928,0.5177344931859947,TRUE,pre_treatment
Gini_SWIID,fraser_Regulation,-6,0.18042660519242065,0.2217531940171519,-0.2542096550811971,0.6150628654660384,TRUE,pre_treatment
Gini_SWIID,fraser_Regulation,-5,-0.17970151946651552,0.1747610612222873,-0.5222331994621986,0.16283016052916754,TRUE,pre_treatment
Gini_SWIID,fraser_Regulation,-4,0.03676785402067884,0.111628103247311,-0.1820232283440507,0.2555589363854084,TRUE,pre_treatment
Gini_SWIID,fraser_Regulation,-3,0.08994422785022418,0.12414285320125971,-0.15337576442424486,0.33326422012469326,TRUE,pre_treatment
Gini_SWIID,fraser_Regulation,-2,-0.03552878179905251,0.11030516656924833,-0.2517269082747792,0.18066934467667423,TRUE,pre_treatment
Gini_SWIID,fraser_Regulation,-1,-0.023357543557818647,0.13040667782721432,-0.2789546320991587,0.2322395449835214,TRUE,pre_treatment
Gini_SWIID,fraser_SizeGov,-25,-0.33792102206736546,0.17119455647167245,-0.6734623527518435,-0.002379691382887461,FALSE,pre_treatment
Gini_SWIID,fraser_SizeGov,-24,-0.15535014005602354,0.13219079325722027,-0.4144440948401753,0.10374381472812821,TRUE,pre_treatment
Gini_SWIID,fraser_SizeGov,-23,-0.17615595075239374,0.08293244166294403,-0.33870353641176404,-0.013608365093023433,FALSE,pre_treatment
Gini_SWIID,fraser_SizeGov,-22,-0.10733260405693681,0.11767159586952142,-0.3379689319611988,0.12330372384732516,TRUE,pre_treatment
Gini_SWIID,fraser_SizeGov,-21,-0.11421878441624843,0.08952203733791968,-0.289681977598571,0.061244408766074135,TRUE,pre_treatment
Gini_SWIID,fraser_SizeGov,-20,-0.04703127798131376,0.10913658413425206,-0.26093898288444783,0.16687642692182028,TRUE,pre_treatment
Gini_SWIID,fraser_SizeGov,-19,-0.11284906265182593,0.09606179257844004,-0.30113017610556836,0.07543205080191653,TRUE,pre_treatment
Gini_SWIID,fraser_SizeGov,-18,-0.034056220814070254,0.09058379036923907,-0.21160044993777882,0.14348800830963832,TRUE,pre_treatment
Gini_SWIID,fraser_SizeGov,-17,-0.8634599071770322,0.9212647259352049,-2.6691387700100337,0.9422189556559694,TRUE,pre_treatment
Gini_SWIID,fraser_SizeGov,-16,0.5380263899234009,1.028727626316908,-1.478279757657739,2.554332537504541,TRUE,pre_treatment
Gini_SWIID,fraser_SizeGov,-15,-0.06477181930723278,0.10848816784398657,-0.2774086282814464,0.1478649896669809,TRUE,pre_treatment
Gini_SWIID,fraser_SizeGov,-14,-0.055080508551108756,0.24412136634206585,-0.5335583865815579,0.4233973694793403,TRUE,pre_treatment
Gini_SWIID,fraser_SizeGov,-13,0.08725888277102234,0.0944057784348652,-0.09777644296131344,0.2722942085033581,TRUE,pre_treatment
Gini_SWIID,fraser_SizeGov,-12,-0.5155419836107188,0.7367546617918624,-1.9595811207227691,0.9284971535013317,TRUE,pre_treatment
Gini_SWIID,fraser_SizeGov,-11,-0.046043889673204004,0.09012117259169042,-0.22268138795291723,0.13059360860650923,TRUE,pre_treatment
Gini_SWIID,fraser_SizeGov,-10,-0.19054684273166914,0.16344658245191118,-0.5109021443374151,0.1298084588740768,TRUE,pre_treatment
Gini_SWIID,fraser_SizeGov,-9,-0.08218209456331217,0.06854343814627976,-0.2165272333300205,0.05216304420339617,TRUE,pre_treatment
Gini_SWIID,fraser_SizeGov,-8,0.039185397851642,0.09341182450637715,-0.14390177818085723,0.2222725738841412,TRUE,pre_treatment
Gini_SWIID,fraser_SizeGov,-7,0.09021872502632616,0.20393180362804453,-0.3094876100846411,0.4899250601372934,TRUE,pre_treatment
Gini_SWIID,fraser_SizeGov,-6,-0.19150234034778232,0.21053328166980007,-0.6041475724205905,0.2211428917250258,TRUE,pre_treatment
Gini_SWIID,fraser_SizeGov,-5,-0.025637026865953438,0.05105868809560299,-0.12571205553333528,0.07443800180142841,TRUE,pre_treatment
Gini_SWIID,fraser_SizeGov,-4,0.02829393565396721,0.2159084141673157,-0.39488655611397155,0.45147442742190597,TRUE,pre_treatment
Gini_SWIID,fraser_SizeGov,-3,-0.10020156635049142,0.0941212692756327,-0.28467925413073153,0.08427612142974868,TRUE,pre_treatment
Gini_SWIID,fraser_SizeGov,-2,0.3282340942776594,0.3360747115288811,-0.3304723403189475,0.9869405288742663,TRUE,pre_treatment
Gini_SWIID,fraser_SizeGov,-1,-0.1440983236782308,0.2882259411217698,-0.7090211682768996,0.420824520920438,TRUE,pre_treatment
Gini_SWIID,fraser_SoundMoney,-24,-0.40897177419354935,0.2392529322311612,-0.8779075213666253,0.0599639729795266,TRUE,pre_treatment
Gini_SWIID,fraser_SoundMoney,-23,-0.24745463709677457,0.1066938629683977,-0.45657460851483406,-0.038334665678715074,FALSE,pre_treatment
Gini_SWIID,fraser_SoundMoney,-22,-0.21131575682381948,0.1264452628681988,-0.45914847204548914,0.03651695839785016,TRUE,pre_treatment
Gini_SWIID,fraser_SoundMoney,-21,-0.16175170595533364,0.07691431704669428,-0.3125037673668544,-0.010999644543812859,FALSE,pre_treatment
Gini_SWIID,fraser_SoundMoney,-20,-0.07037792628518354,0.08437252537218641,-0.2357480760146689,0.09499222344430182,TRUE,pre_treatment
Gini_SWIID,fraser_SoundMoney,-19,-0.06312678193222483,0.087321947284194,-0.23427779860924508,0.1080242347447954,TRUE,pre_treatment
Gini_SWIID,fraser_SoundMoney,-18,-9.356327358205508e-5,0.09672551636097063,-0.18967557534108448,0.18948844879392035,TRUE,pre_treatment
Gini_SWIID,fraser_SoundMoney,-17,0.7116034209965677,1.0580864804327954,-1.3622460806517114,2.7854529226448466,TRUE,pre_treatment
Gini_SWIID,fraser_SoundMoney,-16,-0.029863203013731826,0.08041747887862057,-0.18748146161582813,0.12775505558836447,TRUE,pre_treatment
Gini_SWIID,fraser_SoundMoney,-15,-0.11819838401077384,0.07343517689724538,-0.2621313307293748,0.02573456270782709,TRUE,pre_treatment
Gini_SWIID,fraser_SoundMoney,-14,0.08294609170406765,0.10096912547565458,-0.11495339422821531,0.2808455776363506,TRUE,pre_treatment
Gini_SWIID,fraser_SoundMoney,-13,-0.0767302232313239,0.13890822618257448,-0.3489903465491699,0.1955299000865221,TRUE,pre_treatment
Gini_SWIID,fraser_SoundMoney,-12,-0.1243558158739374,0.24063951418056514,-0.5960092636678451,0.34729763191997026,TRUE,pre_treatment
Gini_SWIID,fraser_SoundMoney,-11,-0.23993469997678518,0.28800781713662893,-0.8044300215645779,0.3245606216110075,TRUE,pre_treatment
Gini_SWIID,fraser_SoundMoney,-10,-0.05810455703413454,0.08944498252326434,-0.23341672277973263,0.11720760871146357,TRUE,pre_treatment
Gini_SWIID,fraser_SoundMoney,-9,-0.07264461967736004,0.06950384418887218,-0.20887215428754952,0.06358291493282943,TRUE,pre_treatment
Gini_SWIID,fraser_SoundMoney,-8,0.05730515214270489,0.36217382480814114,-0.6525555444812517,0.7671658487666616,TRUE,pre_treatment
Gini_SWIID,fraser_SoundMoney,-7,-0.3859660725890772,0.3350410202919684,-1.0426464723613353,0.2707143271831809,TRUE,pre_treatment
Gini_SWIID,fraser_SoundMoney,-6,-0.31056457225835676,0.3119719720788176,-0.9220296375328393,0.30090049301612576,TRUE,pre_treatment
Gini_SWIID,fraser_SoundMoney,-5,0.12947682337810915,0.18824295427323792,-0.2394793669974372,0.49843301375365545,TRUE,pre_treatment
Gini_SWIID,fraser_SoundMoney,-4,-0.05785671638950605,0.2338324413378979,-0.5161683014117859,0.4004548686327738,TRUE,pre_treatment
Gini_SWIID,fraser_SoundMoney,-3,0.001544169449189752,0.060055474477297824,-0.11616456052631398,0.11925289942469348,TRUE,pre_treatment
Gini_SWIID,fraser_SoundMoney,-2,-0.10903514997026885,0.11028939461968162,-0.3252023634248448,0.10713206348430714,TRUE,pre_treatment
Gini_SWIID,fraser_SoundMoney,-1,-0.07378927093792043,0.10236431644546998,-0.27442333117104156,0.12684478929520074,TRUE,pre_treatment
Gini_SWIID,heritage_Business.Freedom,-26,1.1134090909090915,1.238731320400133,-1.314504297075169,3.5413224788933517,TRUE,pre_treatment
Gini_SWIID,heritage_Business.Freedom,-25,0.6708556149732625,0.6062818393982514,-0.5174567902473102,1.8591680201938352,TRUE,pre_treatment
Gini_SWIID,heritage_Business.Freedom,-24,0.13696265172735927,0.10041860217204295,-0.0598578085298449,0.33378311198456345,TRUE,pre_treatment
Gini_SWIID,heritage_Business.Freedom,-23,0.16394330648926214,0.16641913456302798,-0.1622381972542727,0.49012481023279697,TRUE,pre_treatment
Gini_SWIID,heritage_Business.Freedom,-22,-0.15822855067953162,0.23891767200018071,-0.6265071877998858,0.31005008644082255,TRUE,pre_treatment
Gini_SWIID,heritage_Business.Freedom,-21,-0.03471236642805389,0.09907027760019291,-0.22889011052443198,0.1594653776683242,TRUE,pre_treatment
Gini_SWIID,heritage_Business.Freedom,-20,0.1539708202969319,0.25845815631486607,-0.3526071660802056,0.6605488066740693,TRUE,pre_treatment
Gini_SWIID,heritage_Business.Freedom,-19,0.029793581175160372,0.20357008843521576,-0.3692037921578625,0.4287909545081833,TRUE,pre_treatment
Gini_SWIID,heritage_Business.Freedom,-18,-0.3899416179054799,0.6315611883996604,-1.627801547168814,0.8479183113578544,TRUE,pre_treatment
Gini_SWIID,heritage_Business.Freedom,-17,0.08758341676123713,0.19463202665673707,-0.29389535548596757,0.46906218900844177,TRUE,pre_treatment
Gini_SWIID,heritage_Business.Freedom,-16,-0.0012057181534817006,0.11286820758725087,-0.2224274050244934,0.22001596871753001,TRUE,pre_treatment
Gini_SWIID,heritage_Business.Freedom,-15,-0.02569744689479261,0.16545324710478812,-0.3499858112201773,0.29859091743059213,TRUE,pre_treatment
Gini_SWIID,heritage_Business.Freedom,-14,-0.35234144757302366,0.7851054936074553,-1.891148215043636,1.1864653198975885,TRUE,pre_treatment
Gini_SWIID,heritage_Business.Freedom,-13,0.10348183886967542,0.14207864829623165,-0.1749923117909386,0.3819559895302895,TRUE,pre_treatment
Gini_SWIID,heritage_Business.Freedom,-12,0.019328381030273196,0.17145667272909476,-0.31672669751875254,0.3553834595792989,TRUE,pre_treatment
Gini_SWIID,heritage_Business.Freedom,-11,-0.12775270370440817,0.22603968367869215,-0.5707904837146447,0.3152850763058284,TRUE,pre_treatment
Gini_SWIID,heritage_Business.Freedom,-10,0.16544310145427488,0.18417454292773547,-0.19553900268408664,0.5264252055926364,TRUE,pre_treatment
Gini_SWIID,heritage_Business.Freedom,-9,0.19300431507618454,0.17232692803664384,-0.1447564638756374,0.5307650940280064,TRUE,pre_treatment
Gini_SWIID,heritage_Business.Freedom,-8,-0.01196712027522344,0.21307168661853515,-0.42958762604755235,0.40565338549710545,TRUE,pre_treatment
Gini_SWIID,heritage_Business.Freedom,-7,0.297261938512454,0.19236895958804565,-0.07978122228011542,0.6743050993050235,TRUE,pre_treatment
Gini_SWIID,heritage_Business.Freedom,-6,-0.011949040719127597,0.10872569708525973,-0.22505140700623663,0.20115332556798146,TRUE,pre_treatment
Gini_SWIID,heritage_Business.Freedom,-5,0.31444206612849934,0.19505709857480485,-0.06786984707811816,0.6967539793351168,TRUE,pre_treatment
Gini_SWIID,heritage_Business.Freedom,-4,-0.010219488683305519,0.15347881719389447,-0.3110379703833387,0.29059899301672765,TRUE,pre_treatment
Gini_SWIID,heritage_Business.Freedom,-3,-0.029834797304947706,0.13474726688701325,-0.2939394404034937,0.23426984579359827,TRUE,pre_treatment
Gini_SWIID,heritage_Business.Freedom,-2,0.06825619334445356,0.18390831376316424,-0.29220410163134836,0.42871648832025544,TRUE,pre_treatment
Gini_SWIID,heritage_Business.Freedom,-1,0.1971986427785865,0.14711086815087207,-0.09113865879712274,0.48553594435429576,TRUE,pre_treatment
Gini_SWIID,heritage_Financial.Freedom,-22,-0.058620689655171546,0.08990810124112462,-0.23484056808777581,0.11759918877743271,TRUE,pre_treatment
Gini_SWIID,heritage_Financial.Freedom,-21,0.09831417624521124,0.2648707026966059,-0.4208324010401363,0.6174607535305587,TRUE,pre_treatment
Gini_SWIID,heritage_Financial.Freedom,-20,-0.04968335187244848,0.1261598460945814,-0.296956650217828,0.19758994647293104,TRUE,pre_treatment
Gini_SWIID,heritage_Financial.Freedom,-19,0.03967500926956083,0.2115440980807856,-0.3749514229687789,0.4543014415079005,TRUE,pre_treatment
Gini_SWIID,heritage_Financial.Freedom,-18,-0.10341603618287729,0.1578908261334802,-0.4128820554044985,0.20604998303874392,TRUE,pre_treatment
Gini_SWIID,heritage_Financial.Freedom,-17,0.046184003677622494,0.09173442483429617,-0.133615468997598,0.22598347635284297,TRUE,pre_treatment
Gini_SWIID,heritage_Financial.Freedom,-16,0.11782515827647863,0.19424337342421671,-0.26289185363498613,0.49854217018794333,TRUE,pre_treatment
Gini_SWIID,heritage_Financial.Freedom,-15,0.0532675001283936,0.1408750637999388,-0.22284762491948645,0.32938262517627365,TRUE,pre_treatment
Gini_SWIID,heritage_Financial.Freedom,-14,0.10936224926352531,0.11931286876850189,-0.12449097352273839,0.34321547204978897,TRUE,pre_treatment
Gini_SWIID,heritage_Financial.Freedom,-13,-0.049094455272274316,0.09731041651486168,-0.2398228716414032,0.14163396109685455,TRUE,pre_treatment
Gini_SWIID,heritage_Financial.Freedom,-12,0.18364420121102404,0.1451596536390888,-0.10086871992159002,0.4681571223436381,TRUE,pre_treatment
Gini_SWIID,heritage_Financial.Freedom,-11,0.1414860624921642,0.11811484614903,-0.0900190359599346,0.372991160944263,TRUE,pre_treatment
Gini_SWIID,heritage_Financial.Freedom,-10,0.04917450160992139,0.1340274415670024,-0.2135192838614033,0.31186828708124603,TRUE,pre_treatment
Gini_SWIID,heritage_Financial.Freedom,-9,0.10405702714704364,0.124516379158737,-0.1399950760040809,0.34810913029816815,TRUE,pre_treatment
Gini_SWIID,heritage_Financial.Freedom,-8,0.04159033590821885,0.09514084786318243,-0.1448857259036187,0.22806639772005644,TRUE,pre_treatment
Gini_SWIID,heritage_Financial.Freedom,-7,0.04590149882073063,0.12023106336055729,-0.18975138536596164,0.2815543830074229,TRUE,pre_treatment
Gini_SWIID,heritage_Financial.Freedom,-6,-0.027291873403825686,0.1696247073626241,-0.3597562998345689,0.3051725530269176,TRUE,pre_treatment
Gini_SWIID,heritage_Financial.Freedom,-5,0.16462674925450674,0.15257708135733397,-0.13442433020586783,0.4636778287148813,TRUE,pre_treatment
Gini_SWIID,heritage_Financial.Freedom,-4,0.03896566832895615,0.0916841413983118,-0.14073524881173496,0.21866658546964726,TRUE,pre_treatment
Gini_SWIID,heritage_Financial.Freedom,-3,-0.09062602547648009,0.11750160049201731,-0.320929162440834,0.13967711148787382,TRUE,pre_treatment
Gini_SWIID,heritage_Financial.Freedom,-2,0.2374617724407224,0.1926083621211791,-0.1400506173167886,0.6149741621982334,TRUE,pre_treatment
Gini_SWIID,heritage_Financial.Freedom,-1,0.01606662148104379,0.11594128196075298,-0.21117829116203204,0.24331153412411963,TRUE,pre_treatment
Gini_SWIID,heritage_Fiscal.Health,-25,-0.24086393404575074,0.5700345072184761,-1.358131568193964,0.8764037001024625,TRUE,pre_treatment
Gini_SWIID,heritage_Fiscal.Health,-24,0.019801489404125835,0.10012874518067162,-0.17645085114999054,0.21605382995824218,TRUE,pre_treatment
Gini_SWIID,heritage_Fiscal.Health,-23,-0.04257663493574547,0.07296783516860479,-0.18559359186621088,0.10044032199471993,TRUE,pre_treatment
Gini_SWIID,heritage_Fiscal.Health,-22,0.8613180576462711,1.2572079542128944,-1.6028095326110021,3.3254456479035444,TRUE,pre_treatment
Gini_SWIID,heritage_Fiscal.Health,-21,-0.013461812904554444,0.0743566365884232,-0.15920082061786392,0.13227719480875502,TRUE,pre_treatment
Gini_SWIID,heritage_Fiscal.Health,-20,-0.07720896524785445,0.07036177335767535,-0.21511804102889814,0.060700110533189244,TRUE,pre_treatment
Gini_SWIID,heritage_Fiscal.Health,-19,0.6746988786227298,0.9460717388723262,-1.1796017295670294,2.528999486812489,TRUE,pre_treatment
Gini_SWIID,heritage_Fiscal.Health,-18,-0.21661463887003388,0.26880107240535567,-0.743464740784531,0.31023546304446326,TRUE,pre_treatment
Gini_SWIID,heritage_Fiscal.Health,-17,0.5119763893211406,0.9026140876103212,-1.257147222395089,2.2811000010373705,TRUE,pre_treatment
Gini_SWIID,heritage_Fiscal.Health,-16,0.03139199266664836,0.24387218760116205,-0.4465974950316292,0.5093814803649259,TRUE,pre_treatment
Gini_SWIID,heritage_Fiscal.Health,-15,0.09413700512432739,0.25392749822109284,-0.4035608913890146,0.5918349016376694,TRUE,pre_treatment
Gini_SWIID,heritage_Fiscal.Health,-14,-0.14749439266880943,0.35441917483072366,-0.8421559753370278,0.5471671899994088,TRUE,pre_treatment
Gini_SWIID,heritage_Fiscal.Health,-13,-0.3461774877809523,0.5587823083671334,-1.4413908121805337,0.7490358366186292,TRUE,pre_treatment
Gini_SWIID,heritage_Fiscal.Health,-12,0.022497969708600678,0.07452637237871902,-0.12357372015368859,0.16856965957088996,TRUE,pre_treatment
Gini_SWIID,heritage_Fiscal.Health,-11,-0.020427414399569046,0.08208783260436771,-0.18131956630412976,0.14046473750499167,TRUE,pre_treatment
Gini_SWIID,heritage_Fiscal.Health,-10,0.08041225272747889,0.0664657837665604,-0.0498606834549795,0.21068518890993726,TRUE,pre_treatment
Gini_SWIID,heritage_Fiscal.Health,-9,0.2202788399960663,0.5634730307712338,-0.884128300315552,1.3246859803076845,TRUE,pre_treatment
Gini_SWIID,heritage_Fiscal.Health,-8,-0.2628014204614029,0.4062336939647623,-1.0590194606323369,0.5334166197095311,TRUE,pre_treatment
Gini_SWIID,heritage_Fiscal.Health,-7,0.028816773071659113,0.0726186759925217,-0.11351583187368341,0.17114937801700164,TRUE,pre_treatment
Gini_SWIID,heritage_Fiscal.Health,-6,0.10101947246364489,0.08145031722155954,-0.05862314929061181,0.2606620942179016,TRUE,pre_treatment
Gini_SWIID,heritage_Fiscal.Health,-5,-0.6141714765817412,1.1154358197186964,-2.8004256832303858,1.5720827300669036,TRUE,pre_treatment
Gini_SWIID,heritage_Fiscal.Health,-4,-0.8325008239566674,1.4666966861463315,-3.7072263288034772,2.0422246808901425,TRUE,pre_treatment
Gini_SWIID,heritage_Fiscal.Health,-3,0.02307970669881058,0.2634120003706963,-0.4932078140277541,0.5393672274253752,TRUE,pre_treatment
Gini_SWIID,heritage_Fiscal.Health,-2,-0.45144729536455497,1.1089144540241582,-2.624919625251905,1.7220250345227952,TRUE,pre_treatment
Gini_SWIID,heritage_Fiscal.Health,-1,0.28122669464996103,0.13532167771713757,0.015996206324371376,0.5464571829755507,FALSE,pre_treatment
Gini_SWIID,heritage_Government.Integrity,-26,-0.3284496124030996,0.3054671371919508,-0.9271652012993232,0.27026597649312395,TRUE,pre_treatment
Gini_SWIID,heritage_Government.Integrity,-25,0.10028985507246144,0.2277208705989113,-0.34604305130140467,0.5466227614463276,TRUE,pre_treatment
Gini_SWIID,heritage_Government.Integrity,-24,-0.05011379138780524,0.2565371346754838,-0.5529265753517535,0.452698992576143,TRUE,pre_treatment
Gini_SWIID,heritage_Government.Integrity,-23,0.016687370600414347,0.22528821639918084,-0.4248775335419801,0.45825227474280883,TRUE,pre_treatment
Gini_SWIID,heritage_Government.Integrity,-22,-0.19203659669520076,0.10093550309511669,-0.38987018276162944,0.00579698937122794,TRUE,pre_treatment
Gini_SWIID,heritage_Government.Integrity,-21,0.10019471285574526,0.2632878259955977,-0.4158494260956262,0.6162388518071167,TRUE,pre_treatment
Gini_SWIID,heritage_Government.Integrity,-20,0.08876360863783575,0.16699500387162652,-0.23854659895055222,0.41607381622622375,TRUE,pre_treatment
Gini_SWIID,heritage_Government.Integrity,-19,0.07230055345111945,0.34842464167751497,-0.6106117442368099,0.7552128511390487,TRUE,pre_treatment
Gini_SWIID,heritage_Government.Integrity,-18,-0.09076582166657207,0.09096616892605283,-0.26905951276163564,0.08752786942849147,TRUE,pre_treatment
Gini_SWIID,heritage_Government.Integrity,-17,-0.20835561111998582,0.1426165924619061,-0.4878841323453218,0.07117291010535012,TRUE,pre_treatment
Gini_SWIID,heritage_Government.Integrity,-16,-0.09159671342991586,0.14641918744952886,-0.37857832083099247,0.1953848939711607,TRUE,pre_treatment
Gini_SWIID,heritage_Government.Integrity,-15,-0.36880398457184577,0.25916515912432486,-0.8767676964555224,0.13915972731183096,TRUE,pre_treatment
Gini_SWIID,heritage_Government.Integrity,-14,-0.1489185281439779,0.08663718937192139,-0.3187274193129438,0.020890363024988007,TRUE,pre_treatment
Gini_SWIID,heritage_Government.Integrity,-13,-0.45242392108742036,0.23138533143300033,-0.905939170696101,0.0010913285212602597,TRUE,pre_treatment
Gini_SWIID,heritage_Government.Integrity,-12,0.1033514436159935,0.18171570446582164,-0.25281133713701687,0.4595142243690039,TRUE,pre_treatment
Gini_SWIID,heritage_Government.Integrity,-11,-0.2136635193572866,0.17185958406789,-0.550508304130351,0.12318126541577779,TRUE,pre_treatment
Gini_SWIID,heritage_Government.Integrity,-10,-0.2733285177875304,0.21482531946177275,-0.694386143932605,0.14772910835754416,TRUE,pre_treatment
Gini_SWIID,heritage_Government.Integrity,-9,0.017187674083409366,0.2689867218745403,-0.5100263007906897,0.5444016489575084,TRUE,pre_treatment
Gini_SWIID,heritage_Government.Integrity,-8,-0.0252599299695124,0.05479162582323813,-0.13265151658305913,0.08213165664403432,TRUE,pre_treatment
Gini_SWIID,heritage_Government.Integrity,-7,-0.08085816521915244,0.10995051131413454,-0.29636116739485613,0.13464483695655127,TRUE,pre_treatment
Gini_SWIID,heritage_Government.Integrity,-6,-0.05127007645855868,0.04698415932796831,-0.14335902874137657,0.0408188758242592,TRUE,pre_treatment
Gini_SWIID,heritage_Government.Integrity,-5,-0.12233466817722324,0.2419777863255773,-0.5966111293753548,0.3519417930209082,TRUE,pre_treatment
Gini_SWIID,heritage_Government.Integrity,-4,-0.12780053616671166,0.11386345882796005,-0.35097291546951337,0.09537184313609004,TRUE,pre_treatment
Gini_SWIID,heritage_Government.Integrity,-3,0.039890418357760936,0.15445544860233212,-0.26284226090281004,0.3426230976183319,TRUE,pre_treatment
Gini_SWIID,heritage_Government.Integrity,-2,-0.16958098999811747,0.2123116540129073,-0.5857118318634158,0.24654985186718084,TRUE,pre_treatment
Gini_SWIID,heritage_Government.Integrity,-1,0.17343478715440463,0.18152790351773718,-0.1823599037403602,0.5292294780491695,TRUE,pre_treatment
Gini_SWIID,heritage_Government.Spending,-25,0.23644808743169324,0.08095530957323892,0.07777568066814497,0.39512049419524153,FALSE,pre_treatment
Gini_SWIID,heritage_Government.Spending,-24,0.20018038662671095,0.15645488493381224,-0.10647118784356102,0.5068319610969829,TRUE,pre_treatment
Gini_SWIID,heritage_Government.Spending,-23,0.29724131852635394,0.2100116478008605,-0.11438151116333267,0.7088641482160405,TRUE,pre_treatment
Gini_SWIID,heritage_Government.Spending,-22,2.5450707864319715,3.144598109548436,-3.618341508282963,8.708483081146905,TRUE,pre_treatment
Gini_SWIID,heritage_Government.Spending,-21,-0.2519314442681718,0.07074745046432394,-0.3905964471782467,-0.11326644135809691,FALSE,pre_treatment
Gini_SWIID,heritage_Government.Spending,-20,-0.23604326013280558,0.08516200430991945,-0.4029607885802477,-0.06912573168536346,FALSE,pre_treatment
Gini_SWIID,heritage_Government.Spending,-19,-0.22088397019981224,0.06790863126514264,-0.3539848874794918,-0.08778305292013266,FALSE,pre_treatment
Gini_SWIID,heritage_Government.Spending,-18,-1.0649405337003195,1.0451252340656003,-3.113385992468896,0.983504925068257,TRUE,pre_treatment
Gini_SWIID,heritage_Government.Spending,-17,0.8744815964809787,1.174670570936057,-1.4278727225536931,3.1768359155156505,TRUE,pre_treatment
Gini_SWIID,heritage_Government.Spending,-16,0.16232898440949545,0.3225632906556779,-0.46989506527563324,0.7945530340946241,TRUE,pre_treatment
Gini_SWIID,heritage_Government.Spending,-15,-0.0902817754844409,0.06066630908973248,-0.20918774130031656,0.028624190331434762,TRUE,pre_treatment
Gini_SWIID,heritage_Government.Spending,-14,-0.024945872126806226,0.05557604444744814,-0.13387491924380457,0.08398317499019213,TRUE,pre_treatment
Gini_SWIID,heritage_Government.Spending,-13,-0.06592234654589928,0.07425879666829724,-0.21146958801576188,0.07962489492396331,TRUE,pre_treatment
Gini_SWIID,heritage_Government.Spending,-12,-0.722563455785477,0.767317207363464,-2.226505182217866,0.7813782706469123,TRUE,pre_treatment
Gini_SWIID,heritage_Government.Spending,-11,-0.11150535436386289,0.34792033555211194,-0.7934292120460023,0.5704185033182765,TRUE,pre_treatment
Gini_SWIID,heritage_Government.Spending,-10,-0.04870058394058879,0.14128430440848166,-0.32561782058121286,0.22821665270003527,TRUE,pre_treatment
Gini_SWIID,heritage_Government.Spending,-9,-0.0330298528911353,0.054566918880309824,-0.13998101389654255,0.07392130811427194,TRUE,pre_treatment
Gini_SWIID,heritage_Government.Spending,-8,-0.30871513814267815,0.5406867566682005,-1.3684611812123513,0.7510309049269949,TRUE,pre_treatment
Gini_SWIID,heritage_Government.Spending,-7,0.44780706834559875,0.3449313808602037,-0.22825843814040053,1.123872574831598,TRUE,pre_treatment
Gini_SWIID,heritage_Government.Spending,-6,-0.29835928397925665,0.30919100471848,-0.9043736532274773,0.30765508526896407,TRUE,pre_treatment
Gini_SWIID,heritage_Government.Spending,-5,0.09837445012502108,0.0622526360822017,-0.02364071659609425,0.2203896168461364,TRUE,pre_treatment
Gini_SWIID,heritage_Government.Spending,-4,0.03208730121210291,0.06385021246997379,-0.09305911522904572,0.15723371765325153,TRUE,pre_treatment
Gini_SWIID,heritage_Government.Spending,-3,0.06112179287806134,0.07365998831083807,-0.08325178421118128,0.20549536996730394,TRUE,pre_treatment
Gini_SWIID,heritage_Government.Spending,-2,0.034427311855274256,0.07965830025668194,-0.12170295664782235,0.19055758035837086,TRUE,pre_treatment
Gini_SWIID,heritage_Government.Spending,-1,0.033157825820037984,0.05759985703645102,-0.07973789397140602,0.14605354561148198,TRUE,pre_treatment
Gini_SWIID,heritage_Investment.Freedom,-24,-1.1003921568627497,0.61161189096968,-2.2991514631633225,0.0983671494378231,TRUE,pre_treatment
Gini_SWIID,heritage_Investment.Freedom,-23,-0.33947712418300646,0.40821703098544393,-1.1395825049144765,0.4606282565484636,TRUE,pre_treatment
Gini_SWIID,heritage_Investment.Freedom,-22,-0.41288671023965057,0.3799594163622004,-1.1576071663095633,0.3318337458302622,TRUE,pre_treatment
Gini_SWIID,heritage_Investment.Freedom,-21,-0.28662839697282416,0.19534278994946036,-0.6695002652737665,0.09624347132811811,TRUE,pre_treatment
Gini_SWIID,heritage_Investment.Freedom,-20,-0.45826482054810264,0.24996820221083776,-0.9482024968813447,0.0316728557851394,TRUE,pre_treatment
Gini_SWIID,heritage_Investment.Freedom,-19,-0.25823582334418116,0.15583592434109975,-0.5636742350527366,0.047202588364374354,TRUE,pre_treatment
Gini_SWIID,heritage_Investment.Freedom,-18,-0.3327750945992435,0.28996863008647583,-0.9011136095687361,0.23556342037024913,TRUE,pre_treatment
Gini_SWIID,heritage_Investment.Freedom,-17,-0.23636230043800308,0.16959779387528776,-0.5687739764335671,0.0960493755575609,TRUE,pre_treatment
Gini_SWIID,heritage_Investment.Freedom,-16,-0.46372128930802553,0.4581684890254998,-1.361731527798005,0.434288949181954,TRUE,pre_treatment
Gini_SWIID,heritage_Investment.Freedom,-15,-0.21824647461603683,0.12857207510182328,-0.47024774181561046,0.03375479258353678,TRUE,pre_treatment
Gini_SWIID,heritage_Investment.Freedom,-14,-0.26287378350785645,0.243852666838945,-0.7408250105121886,0.21507744349647573,TRUE,pre_treatment
Gini_SWIID,heritage_Investment.Freedom,-13,-0.6149647472974895,0.24426111957495458,-1.0937165416644006,-0.13621295293057856,FALSE,pre_treatment
Gini_SWIID,heritage_Investment.Freedom,-12,-0.26005411717628124,0.19082119657256447,-0.6340636624585076,0.11395542810594511,TRUE,pre_treatment
Gini_SWIID,heritage_Investment.Freedom,-11,-0.16662024228706027,0.09628432565766282,-0.35533752057607937,0.022097036001958864,TRUE,pre_treatment
Gini_SWIID,heritage_Investment.Freedom,-10,-0.011310701842543677,0.1924221230551194,-0.3884580630305777,0.36583665934549037,TRUE,pre_treatment
Gini_SWIID,heritage_Investment.Freedom,-9,-0.0032530701733073614,0.19352085670301533,-0.3825539493112174,0.3760478089646027,TRUE,pre_treatment
Gini_SWIID,heritage_Investment.Freedom,-8,-0.03475864190665964,0.12244600746140753,-0.2747528165310184,0.20523553271769912,TRUE,pre_treatment
Gini_SWIID,heritage_Investment.Freedom,-7,-0.08801286535621888,0.06947854115768688,-0.22419080602528518,0.048165075312847416,TRUE,pre_treatment
Gini_SWIID,heritage_Investment.Freedom,-6,-0.05566647801047514,0.1175420448444065,-0.2860488859055119,0.1747159298845616,TRUE,pre_treatment
Gini_SWIID,heritage_Investment.Freedom,-5,-0.10456424996068474,0.10640754414621824,-0.31312303648727247,0.103994536565903,TRUE,pre_treatment
Gini_SWIID,heritage_Investment.Freedom,-4,-0.015937897676737436,0.16822836057927412,-0.3456654844121147,0.31378968905863985,TRUE,pre_treatment
Gini_SWIID,heritage_Investment.Freedom,-3,-0.06272102802345461,0.08010768258894062,-0.2197320858977782,0.09429002985086898,TRUE,pre_treatment
Gini_SWIID,heritage_Investment.Freedom,-2,0.019492373825232907,0.06845566158106822,-0.11468072287366081,0.15366547052412663,TRUE,pre_treatment
Gini_SWIID,heritage_Investment.Freedom,-1,-0.026133396605679225,0.12355804873428004,-0.2683071721248681,0.21604037891350966,TRUE,pre_treatment
Gini_SWIID,heritage_Judicial.Effectiveness,-26,0.33439812606906855,0.34460794321229105,-0.3410334426270219,1.009829694765159,TRUE,pre_treatment
Gini_SWIID,heritage_Judicial.Effectiveness,-25,0.17637769567893036,0.1473105523039914,-0.11235098683689276,0.4651063781947535,TRUE,pre_treatment
Gini_SWIID,heritage_Judicial.Effectiveness,-24,0.2502179428486412,0.22523943303945881,-0.19125134590869808,0.6916872316059804,TRUE,pre_treatment
Gini_SWIID,heritage_Judicial.Effectiveness,-23,0.3810565889775912,0.4529362936594427,-0.5066985465949165,1.268811724550099,TRUE,pre_treatment
Gini_SWIID,heritage_Judicial.Effectiveness,-22,-0.12516890382465062,0.1507602703509504,-0.4206590337125134,0.17032122606321215,TRUE,pre_treatment
Gini_SWIID,heritage_Judicial.Effectiveness,-21,0.15850884890638994,0.21350326852977822,-0.25995755741197535,0.5769752552247552,TRUE,pre_treatment
Gini_SWIID,heritage_Judicial.Effectiveness,-20,0.3385254258527539,0.19494621340139923,-0.043569152413988566,0.7206200041194963,TRUE,pre_treatment
Gini_SWIID,heritage_Judicial.Effectiveness,-19,-0.018791330565699028,0.09569203122510755,-0.20634771176690983,0.16876505063551175,TRUE,pre_treatment
Gini_SWIID,heritage_Judicial.Effectiveness,-18,-0.06037477211615644,0.12717305272528184,-0.3096339554577089,0.18888441122539598,TRUE,pre_treatment
Gini_SWIID,heritage_Judicial.Effectiveness,-17,0.47827056531443235,0.26049827693690636,-0.03230605748190407,0.9888471881107688,TRUE,pre_treatment
Gini_SWIID,heritage_Judicial.Effectiveness,-16,-0.18664685960426788,0.26841004183835415,-0.712730541607442,0.33943682239890627,TRUE,pre_treatment
Gini_SWIID,heritage_Judicial.Effectiveness,-15,0.060241951313043676,0.11822119280364908,-0.17147158658210854,0.29195548920819586,TRUE,pre_treatment
Gini_SWIID,heritage_Judicial.Effectiveness,-14,0.08708528330227261,0.09400981867456285,-0.09717396129987058,0.27134452790441577,TRUE,pre_treatment
Gini_SWIID,heritage_Judicial.Effectiveness,-13,-0.12669563986171736,0.1971718902941387,-0.5131525448382293,0.25976126511479447,TRUE,pre_treatment
Gini_SWIID,heritage_Judicial.Effectiveness,-12,0.1782595468901685,0.08808353107118294,0.005615825990649942,0.35090326778968706,FALSE,pre_treatment
Gini_SWIID,heritage_Judicial.Effectiveness,-11,-0.08693905684479401,0.20982514054800439,-0.4981963323188826,0.32431821862929455,TRUE,pre_treatment
Gini_SWIID,heritage_Judicial.Effectiveness,-10,0.20193025412621898,0.10001482916728101,0.005901188958348208,0.3979593192940898,FALSE,pre_treatment
Gini_SWIID,heritage_Judicial.Effectiveness,-9,0.0713632043158559,0.05992595795603445,-0.04609167327797162,0.1888180819096834,TRUE,pre_treatment
Gini_SWIID,heritage_Judicial.Effectiveness,-8,-0.24132230012769593,0.21729544047600377,-0.6672213634606633,0.18457676320527147,TRUE,pre_treatment
Gini_SWIID,heritage_Judicial.Effectiveness,-7,0.19127693528973666,0.25752722504910547,-0.31347642580651003,0.6960302963859833,TRUE,pre_treatment
Gini_SWIID,heritage_Judicial.Effectiveness,-6,-0.5873885339573143,0.5185671403954313,-1.6037801291323595,0.429003061217731,TRUE,pre_treatment
Gini_SWIID,heritage_Judicial.Effectiveness,-5,-0.017331558446916733,0.47685094901780345,-0.9519594185218114,0.917296301627978,TRUE,pre_treatment
Gini_SWIID,heritage_Judicial.Effectiveness,-4,0.05660074964103311,0.13315056527138305,-0.20437435829087763,0.3175758575729439,TRUE,pre_treatment
Gini_SWIID,heritage_Judicial.Effectiveness,-3,-0.02688301178398595,0.4470067116206222,-0.9030161665604055,0.8492501429924335,TRUE,pre_treatment
Gini_SWIID,heritage_Judicial.Effectiveness,-2,0.5479933272571266,0.2660997220150194,0.026437872107688554,1.0695487824065646,FALSE,pre_treatment
Gini_SWIID,heritage_Judicial.Effectiveness,-1,0.037627984979451135,0.19155121230329247,-0.3378123911350021,0.4130683610939044,TRUE,pre_treatment
Gini_SWIID,heritage_Labor.Freedom,-26,-0.04639517345399687,0.19211425863188789,-0.4229391203724971,0.3301487734645034,TRUE,pre_treatment
Gini_SWIID,heritage_Labor.Freedom,-25,0.038792593669720335,0.1834428905993044,-0.3207554719049163,0.39834065924435696,TRUE,pre_treatment
Gini_SWIID,heritage_Labor.Freedom,-24,-0.10909110966377686,0.08923277940908235,-0.2839873573055782,0.06580513797802454,TRUE,pre_treatment
Gini_SWIID,heritage_Labor.Freedom,-23,-0.0749573443275491,0.06523647812009407,-0.2028208414429335,0.052906152787835295,TRUE,pre_treatment
Gini_SWIID,heritage_Labor.Freedom,-22,0.1019588446351491,0.17423367287129277,-0.2395391541925847,0.4434568434628829,TRUE,pre_treatment
Gini_SWIID,heritage_Labor.Freedom,-21,0.0319601564069966,0.09818870864407515,-0.1604897125353907,0.2244100253493839,TRUE,pre_treatment
Gini_SWIID,heritage_Labor.Freedom,-20,0.06206723234188828,0.11871563116838237,-0.17061540474814113,0.2947498694319177,TRUE,pre_treatment
Gini_SWIID,heritage_Labor.Freedom,-19,0.1472447359881015,0.15785243962248843,-0.16214604567197582,0.45663551764817883,TRUE,pre_treatment
Gini_SWIID,heritage_Labor.Freedom,-18,0.46124360902026496,0.6147332691644768,-0.7436335985421096,1.6661208165826396,TRUE,pre_treatment
Gini_SWIID,heritage_Labor.Freedom,-17,-0.024996043114456173,0.08465410442160026,-0.19091808778079267,0.14092600155188034,TRUE,pre_treatment
Gini_SWIID,heritage_Labor.Freedom,-16,0.2624665418158892,0.1991197624237842,-0.12780819253472786,0.6527412761665062,TRUE,pre_treatment
Gini_SWIID,heritage_Labor.Freedom,-15,0.36348185617919876,0.382832997103742,-0.38687081814413554,1.113834530502533,TRUE,pre_treatment
Gini_SWIID,heritage_Labor.Freedom,-14,0.07646033813720417,0.1483951286335468,-0.2143941139845476,0.3673147902589559,TRUE,pre_treatment
Gini_SWIID,heritage_Labor.Freedom,-13,0.04795265323428484,0.14677472576560854,-0.23972580926630793,0.3356311157348776,TRUE,pre_treatment
Gini_SWIID,heritage_Labor.Freedom,-12,0.06660393413913143,0.055188095390008234,-0.04156473282528471,0.1747726011035476,TRUE,pre_treatment
Gini_SWIID,heritage_Labor.Freedom,-11,0.1108613381949505,0.05460431380083712,0.0038368831453097496,0.21788579324459126,FALSE,pre_treatment
Gini_SWIID,heritage_Labor.Freedom,-10,0.017573165252744462,0.08921414503997092,-0.15728655902559854,0.19243288953108748,TRUE,pre_treatment
Gini_SWIID,heritage_Labor.Freedom,-9,0.4039542146599189,0.28285093440670606,-0.150433616777225,0.9583420460970627,TRUE,pre_treatment
Gini_SWIID,heritage_Labor.Freedom,-8,0.06261138811963446,0.060222483732666546,-0.05542467999639197,0.1806474562356609,TRUE,pre_treatment
Gini_SWIID,heritage_Labor.Freedom,-7,0.02262668078826532,0.06477804052089461,-0.10433827863268813,0.14959164020921878,TRUE,pre_treatment
Gini_SWIID,heritage_Labor.Freedom,-6,0.07802129323033817,0.07965155711432184,-0.07809575871373263,0.23413834517440896,TRUE,pre_treatment
Gini_SWIID,heritage_Labor.Freedom,-5,-0.14508546657488208,0.20348665102350688,-0.5439193025809556,0.2537483694311914,TRUE,pre_treatment
Gini_SWIID,heritage_Labor.Freedom,-4,0.09207456408970575,0.08439937380214314,-0.07334820856249481,0.25749733674190634,TRUE,pre_treatment
Gini_SWIID,heritage_Labor.Freedom,-3,0.02040137857462065,0.14361664485055486,-0.26108724533246686,0.30189000248170816,TRUE,pre_treatment
Gini_SWIID,heritage_Labor.Freedom,-2,0.18293647516315903,0.09859464723411646,-0.010309033415709212,0.37618198374202727,TRUE,pre_treatment
Gini_SWIID,heritage_Labor.Freedom,-1,0.3415920320007889,0.17821975436529983,-0.0077186865551987505,0.6909027505567766,TRUE,pre_treatment
Gini_SWIID,heritage_Monetary.Freedom,-23,0.036280386280386726,0.1474733937355506,-0.25276746544129247,0.3253282380020659,TRUE,pre_treatment
Gini_SWIID,heritage_Monetary.Freedom,-22,0.10118468029860697,0.0810884803030109,-0.057748741095294376,0.2601181016925083,TRUE,pre_treatment
Gini_SWIID,heritage_Monetary.Freedom,-21,-0.1253485670447737,0.12406785270221242,-0.36852155834111006,0.11782442425156264,TRUE,pre_treatment
Gini_SWIID,heritage_Monetary.Freedom,-20,0.0989918857513798,0.15978528265470904,-0.21418726825184992,0.4121710397546095,TRUE,pre_treatment
Gini_SWIID,heritage_Monetary.Freedom,-19,0.06330136365641194,0.17421896020365865,-0.278167798342759,0.40477052565558286,TRUE,pre_treatment
Gini_SWIID,heritage_Monetary.Freedom,-18,-0.013278567219714689,0.13165769964768237,-0.2713276585291721,0.24477052408974273,TRUE,pre_treatment
Gini_SWIID,heritage_Monetary.Freedom,-17,0.09467136239288156,0.05778129523517883,-0.018579976268068954,0.20792270105383207,TRUE,pre_treatment
Gini_SWIID,heritage_Monetary.Freedom,-16,-0.2612597270918225,0.16155571051977302,-0.5779089197105776,0.055389465526932635,TRUE,pre_treatment
Gini_SWIID,heritage_Monetary.Freedom,-15,-0.2915052596253262,0.17899134382484252,-0.6423282935220176,0.05931777427136514,TRUE,pre_treatment
Gini_SWIID,heritage_Monetary.Freedom,-14,-0.07130549656350389,0.1801246541398005,-0.42434981867751287,0.2817388255505051,TRUE,pre_treatment
Gini_SWIID,heritage_Monetary.Freedom,-13,-0.047614295499365834,0.19596789468148101,-0.43171136907506863,0.3364827780763369,TRUE,pre_treatment
Gini_SWIID,heritage_Monetary.Freedom,-12,0.026712940948330176,0.1323137512604001,-0.232622011522054,0.28604789341871434,TRUE,pre_treatment
Gini_SWIID,heritage_Monetary.Freedom,-11,-0.032009523713820924,0.10403421347617468,-0.2359165821271233,0.17189753469948144,TRUE,pre_treatment
Gini_SWIID,heritage_Monetary.Freedom,-10,-0.07655421715260498,0.14201282038742757,-0.354899345111963,0.2017909108067531,TRUE,pre_treatment
Gini_SWIID,heritage_Monetary.Freedom,-9,0.04225092798193478,0.09552377604603561,-0.144975673068295,0.22947752903216456,TRUE,pre_treatment
Gini_SWIID,heritage_Monetary.Freedom,-8,0.1054296360730261,0.15278928397737135,-0.19403736052262174,0.40489663266867393,TRUE,pre_treatment
Gini_SWIID,heritage_Monetary.Freedom,-7,0.055048471319118136,0.10095889809268363,-0.14283096894254177,0.25292791158077804,TRUE,pre_treatment
Gini_SWIID,heritage_Monetary.Freedom,-6,-0.037102531792517386,0.07476477498703281,-0.18364149076710168,0.10943642718206692,TRUE,pre_treatment
Gini_SWIID,heritage_Monetary.Freedom,-5,0.3427856049930782,0.46358749476290695,-0.5658458847422194,1.2514170947283758,TRUE,pre_treatment
Gini_SWIID,heritage_Monetary.Freedom,-4,-0.44653280427851055,0.6344056119494964,-1.6899678036995236,0.7969021951425024,TRUE,pre_treatment
Gini_SWIID,heritage_Monetary.Freedom,-3,0.4676211408959349,0.3089436435582859,-0.13790840047830555,1.0731506822701753,TRUE,pre_treatment
Gini_SWIID,heritage_Monetary.Freedom,-2,0.058345075872258456,0.0640105307394764,-0.0671155643771153,0.1838057161216322,TRUE,pre_treatment
Gini_SWIID,heritage_Monetary.Freedom,-1,-0.054159422439380774,0.1219968969121277,-0.2932733403871511,0.18495449550838952,TRUE,pre_treatment
Gini_SWIID,heritage_Property.Rights,-26,-0.024400871459694273,0.16072449271227596,-0.33942087717575514,0.2906191342563666,TRUE,pre_treatment
Gini_SWIID,heritage_Property.Rights,-25,0.22861811391223108,0.42812977649946365,-0.6105162480267177,1.0677524758511798,TRUE,pre_treatment
Gini_SWIID,heritage_Property.Rights,-24,-0.06597676107480172,0.07108369463526741,-0.20530080255992583,0.0733472804103224,TRUE,pre_treatment
Gini_SWIID,heritage_Property.Rights,-23,0.06822284469343295,0.12339740963562185,-0.17363607819238586,0.31008176757925177,TRUE,pre_treatment
Gini_SWIID,heritage_Property.Rights,-22,-0.5376887452778054,0.5114631709762305,-1.5401565603912173,0.46477906983560646,TRUE,pre_treatment
Gini_SWIID,heritage_Property.Rights,-21,0.004367760102582656,0.2475154169900476,-0.4807624571979106,0.48949797740307593,TRUE,pre_treatment
Gini_SWIID,heritage_Property.Rights,-20,0.2440171089696626,0.2542230141995668,-0.25425999886148826,0.7422942168008135,TRUE,pre_treatment
Gini_SWIID,heritage_Property.Rights,-19,-7.091094458247199e-4,0.07523453243637228,-0.14816879302111438,0.14675057412946493,TRUE,pre_treatment
Gini_SWIID,heritage_Property.Rights,-18,-0.09546267029372589,0.08758982572846027,-0.267138728721508,0.07621338813405625,TRUE,pre_treatment
Gini_SWIID,heritage_Property.Rights,-17,-0.04954365071314343,0.27169316494809365,-0.5820622540114069,0.4829749525851201,TRUE,pre_treatment
Gini_SWIID,heritage_Property.Rights,-16,-0.09703598526487295,0.13340416551032497,-0.35850814966510985,0.16443617913536396,TRUE,pre_treatment
Gini_SWIID,heritage_Property.Rights,-15,-0.09918045735214967,0.17625434276283672,-0.4446389691673096,0.2462780544630103,TRUE,pre_treatment
Gini_SWIID,heritage_Property.Rights,-14,-0.027947695509956242,0.08222240229767022,-0.18910360401338988,0.1332082129934774,TRUE,pre_treatment
Gini_SWIID,heritage_Property.Rights,-13,-0.3380129803080628,0.3052146138592469,-0.9362336234721867,0.2602076628560611,TRUE,pre_treatment
Gini_SWIID,heritage_Property.Rights,-12,-0.12376647426647455,0.18482117426731062,-0.48601597583040335,0.23848302729745427,TRUE,pre_treatment
Gini_SWIID,heritage_Property.Rights,-11,0.15786521813586538,0.17552546323428392,-0.1861646898033311,0.5018951260750618,TRUE,pre_treatment
Gini_SWIID,heritage_Property.Rights,-10,0.02470699624207532,0.1164730710083476,-0.203580222934286,0.25299421541843664,TRUE,pre_treatment
Gini_SWIID,heritage_Property.Rights,-9,-0.08409670128467822,0.08293760302020575,-0.2466544032042815,0.07846100063492506,TRUE,pre_treatment
Gini_SWIID,heritage_Property.Rights,-8,0.008986097077247707,0.1730723814964948,-0.33023577065588205,0.3482079648103775,TRUE,pre_treatment
Gini_SWIID,heritage_Property.Rights,-7,-0.1039267522580014,0.1331565304829534,-0.3649135520045901,0.15706004748858726,TRUE,pre_treatment
Gini_SWIID,heritage_Property.Rights,-6,-0.29848194159704117,0.3425322037423438,-0.969845060932035,0.37288117773795265,TRUE,pre_treatment
Gini_SWIID,heritage_Property.Rights,-5,-0.3396268114778289,0.29212926327194205,-0.9122001674908353,0.2329465445351775,TRUE,pre_treatment
Gini_SWIID,heritage_Property.Rights,-4,0.12435882131775149,0.0641766522226902,-0.0014274170387213042,0.2501450596742243,TRUE,pre_treatment
Gini_SWIID,heritage_Property.Rights,-3,0.1249147663143497,0.09894381263432489,-0.06901510644892708,0.3188446390776265,TRUE,pre_treatment
Gini_SWIID,heritage_Property.Rights,-2,0.43778744568358957,0.3699989674905058,-0.2874105305978018,1.162985421964981,TRUE,pre_treatment
Gini_SWIID,heritage_Property.Rights,-1,0.7230849603997721,0.40832423689472225,-0.07723054391388351,1.5234004647134278,TRUE,pre_treatment
Gini_SWIID,heritage_Tax.Burden,-25,-0.2859485815602832,0.20913509752278697,-0.6958533727049456,0.12395620958437925,TRUE,pre_treatment
Gini_SWIID,heritage_Tax.Burden,-24,-6.710140456891977,6.449210436664717,-19.35059291275482,5.9303119989708675,TRUE,pre_treatment
Gini_SWIID,heritage_Tax.Burden,-23,0.669034512954117,0.89051855209385,-1.0763818491498292,2.414450875058063,TRUE,pre_treatment
Gini_SWIID,heritage_Tax.Burden,-22,0.11798115246098402,0.1082990901129246,-0.0942850641603482,0.3302473690823162,TRUE,pre_treatment
Gini_SWIID,heritage_Tax.Burden,-21,0.1200886754701878,0.22662612920552655,-0.3240985377726442,0.5642758887130198,TRUE,pre_treatment
Gini_SWIID,heritage_Tax.Burden,-20,0.017034087481147993,0.18148598827857024,-0.33867844954484966,0.37274662450714563,TRUE,pre_treatment
Gini_SWIID,heritage_Tax.Burden,-19,-0.012266772651629192,0.14674212851658017,-0.2998813445441263,0.27534779924086794,TRUE,pre_treatment
Gini_SWIID,heritage_Tax.Burden,-18,-0.09969740160422366,0.1941624693121628,-0.4802558414560627,0.28086103824761544,TRUE,pre_treatment
Gini_SWIID,heritage_Tax.Burden,-17,-0.1149236662865049,0.21224239469440306,-0.5309187598875349,0.3010714273145251,TRUE,pre_treatment
Gini_SWIID,heritage_Tax.Burden,-16,0.03726924242203241,0.10241607535173367,-0.16346626526736557,0.2380047501114304,TRUE,pre_treatment
Gini_SWIID,heritage_Tax.Burden,-15,-0.07746854108877345,0.08669239273769595,-0.24738563085465753,0.09244854867711062,TRUE,pre_treatment
Gini_SWIID,heritage_Tax.Burden,-14,-0.1827035879337561,0.12943874120809992,-0.4364035207016319,0.07099634483411973,TRUE,pre_treatment
Gini_SWIID,heritage_Tax.Burden,-13,-0.04657802620498191,0.08818275749921291,-0.2194162309034392,0.12626017849347537,TRUE,pre_treatment
Gini_SWIID,heritage_Tax.Burden,-12,-0.18882735187995875,0.07953567653774567,-0.34471727789394024,-0.032937425865977255,FALSE,pre_treatment
Gini_SWIID,heritage_Tax.Burden,-11,-0.5470071368222569,0.5107292905666616,-1.5480365463329135,0.4540222726883998,TRUE,pre_treatment
Gini_SWIID,heritage_Tax.Burden,-10,-0.44204316608257527,0.37489327044728,-1.1768339761592441,0.29274764399409353,TRUE,pre_treatment
Gini_SWIID,heritage_Tax.Burden,-9,0.07841200238890009,0.2901069520806813,-0.49019762368923525,0.6470216284670355,TRUE,pre_treatment
Gini_SWIID,heritage_Tax.Burden,-8,0.035970447504291465,0.05827859104929842,-0.07825559095233342,0.15019648596091636,TRUE,pre_treatment
Gini_SWIID,heritage_Tax.Burden,-7,-0.07242280411942442,0.08556895663480656,-0.24013795912364527,0.09529235088479643,TRUE,pre_treatment
Gini_SWIID,heritage_Tax.Burden,-6,1.2744150891406456,0.599542283199022,0.09931221407056245,2.4495179642107288,FALSE,pre_treatment
Gini_SWIID,heritage_Tax.Burden,-5,0.020266933816405437,0.10299551974512137,-0.18160428488403246,0.22213815251684332,TRUE,pre_treatment
Gini_SWIID,heritage_Tax.Burden,-4,0.1551284752281844,0.21355450525100944,-0.2634383550637941,0.5736953055201629,TRUE,pre_treatment
Gini_SWIID,heritage_Tax.Burden,-3,0.00794602490143804,0.05735843049988079,-0.1044764988783283,0.12036854868120439,TRUE,pre_treatment
Gini_SWIID,heritage_Tax.Burden,-2,0.00879038508730739,0.08332033332746488,-0.15451746823452378,0.17209823840913857,TRUE,pre_treatment
Gini_SWIID,heritage_Tax.Burden,-1,-0.11937360037158598,0.1932821873474729,-0.49820668757263287,0.25945948682946096,TRUE,pre_treatment
Gini_SWIID,heritage_Trade.Freedom,-22,-0.5226621417797898,0.28413424739107707,-1.0795652666663007,0.0342409831067213,TRUE,pre_treatment
Gini_SWIID,heritage_Trade.Freedom,-21,-0.21751757306696476,0.1624100037596521,-0.5358411804358828,0.10080603430195331,TRUE,pre_treatment
Gini_SWIID,heritage_Trade.Freedom,-20,-0.06399572649572227,0.20934051404594997,-0.4743031340257842,0.3463116810343397,TRUE,pre_treatment
Gini_SWIID,heritage_Trade.Freedom,-19,-0.19206848357791922,0.07989630026752953,-0.34866523210227707,-0.035471735053561354,FALSE,pre_treatment
Gini_SWIID,heritage_Trade.Freedom,-18,-0.2435185185185194,0.1865455260527109,-0.6091477495818327,0.12211071254479394,TRUE,pre_treatment
Gini_SWIID,heritage_Trade.Freedom,-17,0.4102177506589266,0.3569212305551014,-0.2893478612290721,1.1097833625469253,TRUE,pre_treatment
Gini_SWIID,heritage_Trade.Freedom,-16,0.15049638303958998,0.23106415838391675,-0.3023893673928868,0.6033821334720668,TRUE,pre_treatment
Gini_SWIID,heritage_Trade.Freedom,-15,-0.4366240955060483,0.3616495874441366,-1.145457286896556,0.2722090958844594,TRUE,pre_treatment
Gini_SWIID,heritage_Trade.Freedom,-14,-0.8503118681926397,0.8619851984959465,-2.5398028572446947,0.8391791208594154,TRUE,pre_treatment
Gini_SWIID,heritage_Trade.Freedom,-13,-0.2047232954700066,0.09960603584730576,-0.3999511257307259,-0.00949546520928729,FALSE,pre_treatment
Gini_SWIID,heritage_Trade.Freedom,-12,-0.093224163188704,0.08070245972476425,-0.25140098424924195,0.06495265787183394,TRUE,pre_treatment
Gini_SWIID,heritage_Trade.Freedom,-11,-0.10338964621295386,0.07833438043618307,-0.2569250318678727,0.050145739441964945,TRUE,pre_treatment
Gini_SWIID,heritage_Trade.Freedom,-10,0.07664488007994555,0.20873515287924208,-0.3324760195633689,0.48576577972325996,TRUE,pre_treatment
Gini_SWIID,heritage_Trade.Freedom,-9,0.12448022681800926,0.12230691556261115,-0.11524132768470861,0.3642017813207271,TRUE,pre_treatment
Gini_SWIID,heritage_Trade.Freedom,-8,0.2385398864374044,0.3708336668722368,-0.4882941006321797,0.9653738735069886,TRUE,pre_treatment
Gini_SWIID,heritage_Trade.Freedom,-7,0.14944718785871908,0.1272648507498005,-0.09999191961088993,0.3988862953283281,TRUE,pre_treatment
Gini_SWIID,heritage_Trade.Freedom,-6,0.4435633665689022,0.34287726931528817,-0.22847608128906255,1.115602814426867,TRUE,pre_treatment
Gini_SWIID,heritage_Trade.Freedom,-5,0.2366753231197065,0.5344553469172197,-0.8108571568380443,1.2842078030774573,TRUE,pre_treatment
Gini_SWIID,heritage_Trade.Freedom,-4,0.014121599465391937,0.2344406068907315,-0.4453819900404418,0.4736251889712257,TRUE,pre_treatment
Gini_SWIID,heritage_Trade.Freedom,-3,-0.08909448945326881,0.11692801495008998,-0.31827339875544514,0.14008441984890754,TRUE,pre_treatment
Gini_SWIID,heritage_Trade.Freedom,-2,-0.14503772764446954,0.08671147009331626,-0.3149922090273694,0.02491675373843033,TRUE,pre_treatment
Gini_SWIID,heritage_Trade.Freedom,-1,-0.17351928494911778,0.1185615302782108,-0.40589988429441093,0.058861314396175396,TRUE,pre_treatment
Income_share_bottom50_WID,fraser_FreeTrade,-26,0.14630566374553716,0.11027114420450536,-0.06982577889529334,0.36243710638636767,TRUE,pre_treatment
Income_share_bottom50_WID,fraser_FreeTrade,-25,0.038057581357762105,0.09329972642578557,-0.14480988243677761,0.22092504515230182,TRUE,pre_treatment
Income_share_bottom50_WID,fraser_FreeTrade,-24,-0.03964693655905923,0.07766060763402718,-0.1918617275217525,0.11256785440363404,TRUE,pre_treatment
Income_share_bottom50_WID,fraser_FreeTrade,-23,-0.043047306069458106,0.07307182242942417,-0.1862680780311295,0.10017346589221326,TRUE,pre_treatment
Income_share_bottom50_WID,fraser_FreeTrade,-22,-0.0949007263651522,0.10788018122104032,-0.3063458815583912,0.1165444288280868,TRUE,pre_treatment
Income_share_bottom50_WID,fraser_FreeTrade,-21,-0.05654183811288753,0.0948242303578021,-0.24239732961417965,0.12931365338840461,TRUE,pre_treatment
Income_share_bottom50_WID,fraser_FreeTrade,-20,0.09935204504824748,0.08126021333086603,-0.059917973080249945,0.2586220631767449,TRUE,pre_treatment
Income_share_bottom50_WID,fraser_FreeTrade,-19,0.022449369664559394,0.06836807726402999,-0.1115520617729394,0.1564508011020582,TRUE,pre_treatment
Income_share_bottom50_WID,fraser_FreeTrade,-18,-0.08012338229310939,0.08210291643764896,-0.24104509851090133,0.08079833392468255,TRUE,pre_treatment
Income_share_bottom50_WID,fraser_FreeTrade,-17,0.050871314686122736,0.06757880794153015,-0.08158314887927634,0.18332577825152183,TRUE,pre_treatment
Income_share_bottom50_WID,fraser_FreeTrade,-16,-0.07849746045948555,0.05875364760055039,-0.19365460975656432,0.03665968883759321,TRUE,pre_treatment
Income_share_bottom50_WID,fraser_FreeTrade,-15,-0.04865816293411207,0.07943467501900352,-0.20435012597135896,0.10703380010313482,TRUE,pre_treatment
Income_share_bottom50_WID,fraser_FreeTrade,-14,0.010827204940295758,0.07654039178640913,-0.13919196296106612,0.16084637284165765,TRUE,pre_treatment
Income_share_bottom50_WID,fraser_FreeTrade,-13,0.08961346281965912,0.06728762667136168,-0.042270285456209755,0.221497211095528,TRUE,pre_treatment
Income_share_bottom50_WID,fraser_FreeTrade,-12,0.047953856972844176,0.05341867837003747,-0.056746752632429266,0.15265446657811763,TRUE,pre_treatment
Income_share_bottom50_WID,fraser_FreeTrade,-11,0.125543449233563,0.06253057235208836,0.0029835274234698145,0.2481033710436562,FALSE,pre_treatment
Income_share_bottom50_WID,fraser_FreeTrade,-10,-0.01098275675534526,0.08213372558932529,-0.17196485891042282,0.14999934539973228,TRUE,pre_treatment
Income_share_bottom50_WID,fraser_FreeTrade,-9,-0.013991831656388594,0.06219810305373381,-0.13590011364170687,0.10791645032892967,TRUE,pre_treatment
Income_share_bottom50_WID,fraser_FreeTrade,-8,-1.8570525632488605e-4,0.06376645293692179,-0.1251679530126916,0.12479654250004182,TRUE,pre_treatment
Income_share_bottom50_WID,fraser_FreeTrade,-7,0.03710798036351843,0.05027055245511097,-0.061422302448499076,0.13563826317553593,TRUE,pre_treatment
Income_share_bottom50_WID,fraser_FreeTrade,-6,-0.039653855700021064,0.07886977686769236,-0.19423861836069808,0.11493090696065597,TRUE,pre_treatment
Income_share_bottom50_WID,fraser_FreeTrade,-5,0.10574850465989706,0.05520636784810705,-0.00245597632239275,0.21395298564218687,TRUE,pre_treatment
Income_share_bottom50_WID,fraser_FreeTrade,-4,0.09879595369468806,0.05348883228959919,-0.006042157592926353,0.20363406498230247,TRUE,pre_treatment
Income_share_bottom50_WID,fraser_FreeTrade,-3,0.03831197353982157,0.05023943674436381,-0.060157322479131504,0.13678126955877465,TRUE,pre_treatment
Income_share_bottom50_WID,fraser_FreeTrade,-2,-0.08162683729772333,0.07158083611727584,-0.22192527608758397,0.05867160149213732,TRUE,pre_treatment
Income_share_bottom50_WID,fraser_FreeTrade,-1,0.021965858332946807,0.04662703734053789,-0.06942313485450746,0.11335485152040106,TRUE,pre_treatment
Income_share_bottom50_WID,fraser_LegalSystem,-23,0.04718701095461645,0.11278964317310826,-0.17388068966467574,0.2682547115739086,TRUE,pre_treatment
Income_share_bottom50_WID,fraser_LegalSystem,-22,-0.18309598330725013,0.19285069801129862,-0.5610833514093954,0.19489138479489515,TRUE,pre_treatment
Income_share_bottom50_WID,fraser_LegalSystem,-21,-0.12992859937402212,0.19387826192771565,-0.5099299927523449,0.25007279400430055,TRUE,pre_treatment
Income_share_bottom50_WID,fraser_LegalSystem,-20,0.14859154929577453,0.13914799744372613,-0.12413852569392866,0.4213216242854777,TRUE,pre_treatment
Income_share_bottom50_WID,fraser_LegalSystem,-19,-0.0015915982003134477,0.08816999996125582,-0.17440479812437487,0.17122160172374795,TRUE,pre_treatment
Income_share_bottom50_WID,fraser_LegalSystem,-18,-0.053738914971309976,0.0691005146458018,-0.1891759236770815,0.08169809373446155,TRUE,pre_treatment
Income_share_bottom50_WID,fraser_LegalSystem,-17,1.1824030603428638e-4,0.05795264288742712,-0.11346893975332285,0.11370542036539143,TRUE,pre_treatment
Income_share_bottom50_WID,fraser_LegalSystem,-16,-0.06404913275952022,0.0659165326234279,-0.1932455367014389,0.06514727118239848,TRUE,pre_treatment
Income_share_bottom50_WID,fraser_LegalSystem,-15,-0.10760837245696393,0.06228398772191546,-0.22968498839191823,0.014468243477990361,TRUE,pre_treatment
Income_share_bottom50_WID,fraser_LegalSystem,-14,-0.02823204660059116,0.112125917962399,-0.24799884580689321,0.19153475260571087,TRUE,pre_treatment
Income_share_bottom50_WID,fraser_LegalSystem,-13,-0.07297873097168898,0.06742126900313274,-0.20512441821782912,0.05916695627445116,TRUE,pre_treatment
Income_share_bottom50_WID,fraser_LegalSystem,-12,0.02490907668231659,0.06225929725224925,-0.09711914593209194,0.1469372992967251,TRUE,pre_treatment
Income_share_bottom50_WID,fraser_LegalSystem,-11,0.0522460052713941,0.07219042814304408,-0.08924723388897228,0.1937392444317605,TRUE,pre_treatment
Income_share_bottom50_WID,fraser_LegalSystem,-10,0.040216040688575955,0.051221058305050075,-0.060177233589322185,0.1406093149664741,TRUE,pre_treatment
Income_share_bottom50_WID,fraser_LegalSystem,-9,-0.0273403705710045,0.07222965635220802,-0.1689104970213322,0.11422975587932321,TRUE,pre_treatment
Income_share_bottom50_WID,fraser_LegalSystem,-8,0.015691198472888322,0.061338158191088746,-0.10453159158164563,0.13591398852742226,TRUE,pre_treatment
Income_share_bottom50_WID,fraser_LegalSystem,-7,0.021844439653795827,0.04955418305400757,-0.075281759132059,0.11897063843965067,TRUE,pre_treatment
Income_share_bottom50_WID,fraser_LegalSystem,-6,-0.028918473805797786,0.060322199267639244,-0.1471499843703707,0.08931303675877512,TRUE,pre_treatment
Income_share_bottom50_WID,fraser_LegalSystem,-5,0.14770346050275632,0.07270704991741503,0.005197642664622859,0.2902092783408898,FALSE,pre_treatment
Income_share_bottom50_WID,fraser_LegalSystem,-4,0.06667954926757745,0.05645052061654426,-0.043963471140849295,0.17732256967600418,TRUE,pre_treatment
Income_share_bottom50_WID,fraser_LegalSystem,-3,0.018386255974284147,0.06784327018179344,-0.11458655358203099,0.15135906553059927,TRUE,pre_treatment
Income_share_bottom50_WID,fraser_LegalSystem,-2,0.10353143636594338,0.04892833155958214,0.007631906509162373,0.19943096622272438,FALSE,pre_treatment
Income_share_bottom50_WID,fraser_LegalSystem,-1,-0.014113920258286472,0.05662563056443605,-0.12510015616458112,0.09687231564800818,TRUE,pre_treatment
Income_share_bottom50_WID,fraser_Regulation,-26,0.07445833333333313,0.0731706903538394,-0.06895621976019209,0.21787288642685834,TRUE,pre_treatment
Income_share_bottom50_WID,fraser_Regulation,-25,0.07037499999999997,0.055996032540183635,-0.03937722377875996,0.1801272237787599,TRUE,pre_treatment
Income_share_bottom50_WID,fraser_Regulation,-24,0.098875,0.06257971301673473,-0.023781237512800077,0.22153123751280007,TRUE,pre_treatment
Income_share_bottom50_WID,fraser_Regulation,-23,-0.008250000000000689,0.0659433667999695,-0.1374989989279409,0.12099899892793951,TRUE,pre_treatment
Income_share_bottom50_WID,fraser_Regulation,-22,0.09487037037037031,0.05218991995358169,-0.00742187273864979,0.1971626134793904,TRUE,pre_treatment
Income_share_bottom50_WID,fraser_Regulation,-21,0.06075077160493769,0.09427772419170337,-0.12403356781080091,0.2455351110206763,TRUE,pre_treatment
Income_share_bottom50_WID,fraser_Regulation,-20,0.120655202821869,0.08488646083278083,-0.04572226041038141,0.2870326660541194,TRUE,pre_treatment
Income_share_bottom50_WID,fraser_Regulation,-19,0.1452141203703704,0.08832564742860526,-0.027904148589695893,0.3183323893304367,TRUE,pre_treatment
Income_share_bottom50_WID,fraser_Regulation,-18,-0.024817620650953838,0.07586123365877827,-0.17350563862215923,0.12387039732025157,TRUE,pre_treatment
Income_share_bottom50_WID,fraser_Regulation,-17,-0.11120085470085515,0.14038241550105246,-0.38635038908291797,0.16394867968120763,TRUE,pre_treatment
Income_share_bottom50_WID,fraser_Regulation,-16,-0.7874327160493831,1.176883540370979,-3.094124455176502,1.5192590230777356,TRUE,pre_treatment
Income_share_bottom50_WID,fraser_Regulation,-15,0.06346662808642055,0.08112073451431859,-0.09553001156164388,0.222463267734485,TRUE,pre_treatment
Income_share_bottom50_WID,fraser_Regulation,-14,-0.03209564751826705,0.14865174315904317,-0.32345306410999164,0.25926176907345755,TRUE,pre_treatment
Income_share_bottom50_WID,fraser_Regulation,-13,0.11437725765889321,0.13113285992838994,-0.14264314780075105,0.3713976631185375,TRUE,pre_treatment
Income_share_bottom50_WID,fraser_Regulation,-12,0.299313161375662,0.287991783600544,-0.26515073448140425,0.8637770572327282,TRUE,pre_treatment
Income_share_bottom50_WID,fraser_Regulation,-11,0.009934502125075897,0.06867374915815727,-0.12466604622491236,0.14453505047506415,TRUE,pre_treatment
Income_share_bottom50_WID,fraser_Regulation,-10,0.13003117766203695,0.07006142996975645,-0.007289225078685679,0.2673515804027596,TRUE,pre_treatment
Income_share_bottom50_WID,fraser_Regulation,-9,-0.09074901620370379,0.07777676133775142,-0.24319146842569658,0.061693436018289,TRUE,pre_treatment
Income_share_bottom50_WID,fraser_Regulation,-8,0.08979069107421597,0.0515251216040394,-0.01119854726970125,0.1907799294181332,TRUE,pre_treatment
Income_share_bottom50_WID,fraser_Regulation,-7,-0.018300051440329174,0.05755306908440438,-0.13110406684576176,0.09450396396510341,TRUE,pre_treatment
Income_share_bottom50_WID,fraser_Regulation,-6,0.10876809616634142,0.0713241447571824,-0.031027227557736098,0.24856341989041894,TRUE,pre_treatment
Income_share_bottom50_WID,fraser_Regulation,-5,0.09870019777058628,0.0688859550890642,-0.03631627420397954,0.2337166697451521,TRUE,pre_treatment
Income_share_bottom50_WID,fraser_Regulation,-4,0.06228428023492771,0.05652287358737198,-0.04850055199632137,0.1730691124661768,TRUE,pre_treatment
Income_share_bottom50_WID,fraser_Regulation,-3,0.08335651144672168,0.06705599463943653,-0.0480732380465739,0.21478626094001727,TRUE,pre_treatment
Income_share_bottom50_WID,fraser_Regulation,-2,0.09605817751408367,0.04897149381120607,7.404964411977799e-5,0.19204230538404757,FALSE,pre_treatment
Income_share_bottom50_WID,fraser_Regulation,-1,0.07955118063046877,0.06966920831585066,-0.05700046766859852,0.21610282892953608,TRUE,pre_treatment
Income_share_bottom50_WID,fraser_SizeGov,-25,0.6575942915392462,0.06322796232667068,0.5336674853789717,0.7815210976995207,FALSE,pre_treatment
Income_share_bottom50_WID,fraser_SizeGov,-24,0.6456481481481501,0.053425286219142935,0.54093458715863,0.7503617091376702,FALSE,pre_treatment
Income_share_bottom50_WID,fraser_SizeGov,-23,0.1882407407407399,0.0636321584881763,0.06352171010391436,0.3129597713775655,FALSE,pre_treatment
Income_share_bottom50_WID,fraser_SizeGov,-22,0.01472307169555054,0.051846320558323784,-0.08689571659876408,0.11634185998986515,TRUE,pre_treatment
Income_share_bottom50_WID,fraser_SizeGov,-21,-0.7342510476837706,0.32423833860755846,-1.369758191354585,-0.09874390401295596,FALSE,pre_treatment
Income_share_bottom50_WID,fraser_SizeGov,-20,-0.12761569826707567,0.4615237238491872,-1.0322021970114825,0.7769708004773312,TRUE,pre_treatment
Income_share_bottom50_WID,fraser_SizeGov,-19,0.21214540556283637,0.12752346261749847,-0.03780058116746063,0.46209139229313334,TRUE,pre_treatment
Income_share_bottom50_WID,fraser_SizeGov,-18,0.1959677624872587,0.1943799724511154,-0.1850169835169275,0.5769525084914449,TRUE,pre_treatment
Income_share_bottom50_WID,fraser_SizeGov,-17,0.04441157636111775,0.1711924244586903,-0.2911255755779152,0.3799487283001507,TRUE,pre_treatment
Income_share_bottom50_WID,fraser_SizeGov,-16,0.186893825827987,0.11846058977185289,-0.04528893012484467,0.41907658178081864,TRUE,pre_treatment
Income_share_bottom50_WID,fraser_SizeGov,-15,-0.15095887654917106,0.2719468844967602,-0.683974770162821,0.3820570170644789,TRUE,pre_treatment
Income_share_bottom50_WID,fraser_SizeGov,-14,-0.1457037886510365,0.12717932455837141,-0.3949752647854445,0.10356768748337147,TRUE,pre_treatment
Income_share_bottom50_WID,fraser_SizeGov,-13,0.005593510023784901,0.08035785057454194,-0.1519078771023173,0.16309489714988712,TRUE,pre_treatment
Income_share_bottom50_WID,fraser_SizeGov,-12,0.006197692046315952,0.07897878172301384,-0.14860072013079118,0.1609961042234231,TRUE,pre_treatment
Income_share_bottom50_WID,fraser_SizeGov,-11,0.14692881413523606,0.1962892119766607,-0.23779804133901888,0.531655669609491,TRUE,pre_treatment
Income_share_bottom50_WID,fraser_SizeGov,-10,0.04187260327168578,0.07565903202388852,-0.10641909949513571,0.19016430603850726,TRUE,pre_treatment
Income_share_bottom50_WID,fraser_SizeGov,-9,-0.11061172438941504,0.14850644158698864,-0.40168434989991275,0.1804609011210827,TRUE,pre_treatment
Income_share_bottom50_WID,fraser_SizeGov,-8,0.10259063880394151,0.10269932671827063,-0.09870004156386891,0.30388131917175193,TRUE,pre_treatment
Income_share_bottom50_WID,fraser_SizeGov,-7,0.10827266677992989,0.05849414574720469,-0.006375858884591301,0.22292119244445108,TRUE,pre_treatment
Income_share_bottom50_WID,fraser_SizeGov,-6,0.046808567324622345,0.06307204142245094,-0.0768126338633815,0.1704297685126262,TRUE,pre_treatment
Income_share_bottom50_WID,fraser_SizeGov,-5,0.06640511949258109,0.04304941492124726,-0.017971733753063546,0.15078197273822572,TRUE,pre_treatment
Income_share_bottom50_WID,fraser_SizeGov,-4,-0.017512277721145993,0.051256358274420946,-0.11797473993901104,0.08295018449671905,TRUE,pre_treatment
Income_share_bottom50_WID,fraser_SizeGov,-3,0.010030592366066283,0.049037067646605634,-0.08608206022128076,0.10614324495341332,TRUE,pre_treatment
Income_share_bottom50_WID,fraser_SizeGov,-2,0.027753584777437994,0.05321287110039793,-0.07654364257934193,0.13205081213421793,TRUE,pre_treatment
Income_share_bottom50_WID,fraser_SizeGov,-1,0.11500897043832829,0.056367177505454405,0.004529302527637655,0.22548863834901894,FALSE,pre_treatment
Income_share_bottom50_WID,fraser_SoundMoney,-24,0.036447230929989284,0.07549873913732331,-0.11153029777916443,0.18442475963914298,TRUE,pre_treatment
Income_share_bottom50_WID,fraser_SoundMoney,-23,0.04966039707419018,0.051329046791103936,-0.05094453463637354,0.1502653287847539,TRUE,pre_treatment
Income_share_bottom50_WID,fraser_SoundMoney,-22,-0.11291327063740816,0.18781529091065222,-0.48103124082228654,0.25520469954747016,TRUE,pre_treatment
Income_share_bottom50_WID,fraser_SoundMoney,-21,-0.1695576454197145,0.2333085899435696,-0.6268424817091109,0.2877271908696819,TRUE,pre_treatment
Income_share_bottom50_WID,fraser_SoundMoney,-20,-0.16768794264483924,0.126699553091776,-0.4160190667047202,0.0806431814150417,TRUE,pre_treatment
Income_share_bottom50_WID,fraser_SoundMoney,-19,-0.061979928596307396,0.10199540301646709,-0.26189091850858287,0.1379310613159681,TRUE,pre_treatment
Income_share_bottom50_WID,fraser_SoundMoney,-18,0.17575681382793415,0.164589552875759,-0.14683870980855349,0.49835233746442176,TRUE,pre_treatment
Income_share_bottom50_WID,fraser_SoundMoney,-17,0.07528561476837317,0.07458903321560882,-0.07090889033422013,0.22148011987096647,TRUE,pre_treatment
Income_share_bottom50_WID,fraser_SoundMoney,-16,0.04827142110762794,0.17435754332484682,-0.2934693638090718,0.3900122060243277,TRUE,pre_treatment
Income_share_bottom50_WID,fraser_SoundMoney,-15,0.22260088204560832,0.1289543308435428,-0.030149606407735535,0.47535137049895215,TRUE,pre_treatment
Income_share_bottom50_WID,fraser_SoundMoney,-14,-0.23681911479325277,0.1682438869601968,-0.5665771332352385,0.09293890364873295,TRUE,pre_treatment
Income_share_bottom50_WID,fraser_SoundMoney,-13,-0.052368196067255735,0.10825536953361131,-0.2645487203531339,0.15981232821862243,TRUE,pre_treatment
Income_share_bottom50_WID,fraser_SoundMoney,-12,0.08745436105476646,0.12288173821640534,-0.15339384584938798,0.32830256795892093,TRUE,pre_treatment
Income_share_bottom50_WID,fraser_SoundMoney,-11,0.06855202773306218,0.08987133567830051,-0.1075957901964068,0.24469984566253117,TRUE,pre_treatment
Income_share_bottom50_WID,fraser_SoundMoney,-10,-0.16025992685475435,0.3649135857603285,-0.8754905549449982,0.5549707012354895,TRUE,pre_treatment
Income_share_bottom50_WID,fraser_SoundMoney,-9,0.08236267455115394,0.05678625249139542,-0.02893838033198108,0.19366372943428894,TRUE,pre_treatment
Income_share_bottom50_WID,fraser_SoundMoney,-8,-0.015518524220032859,0.11702282866837344,-0.2448832684100448,0.21384621996997907,TRUE,pre_treatment
Income_share_bottom50_WID,fraser_SoundMoney,-7,0.12073079937304075,0.08091270458456755,-0.03785810161271165,0.27931970035879317,TRUE,pre_treatment
Income_share_bottom50_WID,fraser_SoundMoney,-6,0.23840632591024444,0.20721204876135377,-0.16772928966200892,0.6445419414824978,TRUE,pre_treatment
Income_share_bottom50_WID,fraser_SoundMoney,-5,0.07229806143329827,0.07517329153896116,-0.075041589983065607,0.21963771284966216,TRUE,pre_treatment
Income_share_bottom50_WID,fraser_SoundMoney,-4,0.03975350215517243,0.05035443349621691,-0.058941187497412714,0.13844819180775758,TRUE,pre_treatment
Income_share_bottom50_WID,fraser_SoundMoney,-3,0.07801792167363292,0.07385882264166926,-0.06674537070403883,0.22278121405130466,TRUE,pre_treatment
Income_share_bottom50_WID,fraser_SoundMoney,-2,0.07723501175548596,0.08373906634182747,-0.0868935582744959,0.2413635817854678,TRUE,pre_treatment
Income_share_bottom50_WID,fraser_SoundMoney,-1,0.14832285680076623,0.04701576696789001,0.056171953543701816,0.24047376005783067,FALSE,pre_treatment
Income_share_bottom50_WID,heritage_Business.Freedom,-26,-0.10465384615384783,0.18931062612286675,-0.47570267335466665,0.266394981046971,TRUE,pre_treatment
Income_share_bottom50_WID,heritage_Business.Freedom,-25,-0.1850615384615377,0.19694168501504675,-0.5710672410910294,0.20094416416795394,TRUE,pre_treatment
Income_share_bottom50_WID,heritage_Business.Freedom,-24,-0.1839887179487183,0.17315282223240433,-0.5233682495242308,0.1553908136267942,TRUE,pre_treatment
Income_share_bottom50_WID,heritage_Business.Freedom,-23,0.019430288461538697,0.14871727072049015,-0.272055562150622,0.3109161390736994,TRUE,pre_treatment
Income_share_bottom50_WID,heritage_Business.Freedom,-22,0.12849829059829043,0.16599405013804364,-0.1968500476722751,0.45384662886885596,TRUE,pre_treatment
Income_share_bottom50_WID,heritage_Business.Freedom,-21,0.18304129554655887,0.1938341155766767,-0.19687357098372746,0.5629561620768452,TRUE,pre_treatment
Income_share_bottom50_WID,heritage_Business.Freedom,-20,0.26303531468531444,0.20187914630219617,-0.13264781206699006,0.6587184414376189,TRUE,pre_treatment
Income_share_bottom50_WID,heritage_Business.Freedom,-19,0.03125669515669558,0.09497425221221786,-0.15489283917925142,0.21740622949264257,TRUE,pre_treatment
Income_share_bottom50_WID,heritage_Business.Freedom,-18,-0.028911538461538794,0.1064506928926987,-0.23755489653122824,0.17973181960815066,TRUE,pre_treatment
Income_share_bottom50_WID,heritage_Business.Freedom,-17,0.0321487179487179,0.09057378159590082,-0.1453758939792477,0.2096733298766835,TRUE,pre_treatment
Income_share_bottom50_WID,heritage_Business.Freedom,-16,-0.07752538461538455,0.15380240080631397,-0.3789780901957599,0.2239273209649908,TRUE,pre_treatment
Income_share_bottom50_WID,heritage_Business.Freedom,-15,0.1652013133208255,0.14148499627759425,-0.11210927938325926,0.44251190602491025,TRUE,pre_treatment
Income_share_bottom50_WID,heritage_Business.Freedom,-14,0.053378396072013036,0.08821675169019913,-0.11952643724077727,0.22628322938480333,TRUE,pre_treatment
Income_share_bottom50_WID,heritage_Business.Freedom,-13,0.1074928475033737,0.08909478351244272,-0.06713292818101402,0.28211862318776143,TRUE,pre_treatment
Income_share_bottom50_WID,heritage_Business.Freedom,-12,-0.06636254728877668,0.06219693531926827,-0.1882685405145425,0.055543445936989136,TRUE,pre_treatment
Income_share_bottom50_WID,heritage_Business.Freedom,-11,0.03762006688963228,0.08229406127144122,-0.1236762932023925,0.19891642698165707,TRUE,pre_treatment
Income_share_bottom50_WID,heritage_Business.Freedom,-10,-0.10389245562130205,0.06788903969461098,-0.23695497342273958,0.029170062180135473,TRUE,pre_treatment
Income_share_bottom50_WID,heritage_Business.Freedom,-9,-0.07781508875739655,0.05680310429974195,-0.18914917318489077,0.033518995670097654,TRUE,pre_treatment
Income_share_bottom50_WID,heritage_Business.Freedom,-8,-0.02072571428571408,0.050466514301971487,-0.1196400823175782,0.07818865374615003,TRUE,pre_treatment
Income_share_bottom50_WID,heritage_Business.Freedom,-7,0.04604690934065941,0.04968857581433004,-0.05134269925542747,0.14343651793674628,TRUE,pre_treatment
Income_share_bottom50_WID,heritage_Business.Freedom,-6,0.03869048582995915,0.07937077384177375,-0.11687623089991739,0.1942572025598357,TRUE,pre_treatment
Income_share_bottom50_WID,heritage_Business.Freedom,-5,0.013398565840939172,0.0622789707688417,-0.10866821686599057,0.1354653485478689,TRUE,pre_treatment
Income_share_bottom50_WID,heritage_Business.Freedom,-4,0.028149450549450356,0.04983167802845813,-0.06952063838632758,0.12581953948522828,TRUE,pre_treatment
Income_share_bottom50_WID,heritage_Business.Freedom,-3,-0.02663360655737691,0.054329591883859205,-0.13311960664974096,0.07985239353498713,TRUE,pre_treatment
Income_share_bottom50_WID,heritage_Business.Freedom,-2,0.02662202233250578,0.056976179069373536,-0.08505128864346635,0.1382953333084779,TRUE,pre_treatment
Income_share_bottom50_WID,heritage_Business.Freedom,-1,0.02067064004697632,0.056020527266854914,-0.08912959339605932,0.13047087349001196,TRUE,pre_treatment
Income_share_bottom50_WID,heritage_Financial.Freedom,-25,0.06495014245014358,0.1348264294681168,-0.19930965930736533,0.3292099442076525,TRUE,pre_treatment
Income_share_bottom50_WID,heritage_Financial.Freedom,-24,-0.019615384615383064,0.08038072678732272,-0.1771616091185356,0.13793083988776947,TRUE,pre_treatment
Income_share_bottom50_WID,heritage_Financial.Freedom,-23,0.09057692307692247,0.08003529801600026,-0.06629226103443803,0.24744610718828297,TRUE,pre_treatment
Income_share_bottom50_WID,heritage_Financial.Freedom,-22,0.04060778727445449,0.12661722312124146,-0.20756197004317878,0.28877754459208776,TRUE,pre_treatment
Income_share_bottom50_WID,heritage_Financial.Freedom,-21,0.09215633903133881,0.09231557965281632,-0.08878219708818118,0.2730948751508588,TRUE,pre_treatment
Income_share_bottom50_WID,heritage_Financial.Freedom,-20,-0.23405033238366577,0.3463393498545831,-0.9128754580986487,0.4447747933313171,TRUE,pre_treatment
Income_share_bottom50_WID,heritage_Financial.Freedom,-19,0.19558760683760668,0.2617616651252866,-0.317465256807955,0.7086404704831684,TRUE,pre_treatment
Income_share_bottom50_WID,heritage_Financial.Freedom,-18,0.09967541717541767,0.08467192272849479,-0.06628155137243211,0.2656323857232674,TRUE,pre_treatment
Income_share_bottom50_WID,heritage_Financial.Freedom,-17,-0.08795673076923088,0.07262552341438458,-0.23030275666142466,0.054389295122962894,TRUE,pre_treatment
Income_share_bottom50_WID,heritage_Financial.Freedom,-16,-0.09331997863247878,0.11116410030586298,-0.3112016152319702,0.12456165796701264,TRUE,pre_treatment
Income_share_bottom50_WID,heritage_Financial.Freedom,-15,-0.1208594491927824,0.21181599194531875,-0.5360187934056071,0.29429989502004233,TRUE,pre_treatment
Income_share_bottom50_WID,heritage_Financial.Freedom,-14,0.24660810383032525,0.3439728732444076,-0.42757872772871364,0.9207949353893642,TRUE,pre_treatment
Income_share_bottom50_WID,heritage_Financial.Freedom,-13,0.0192930911680918,0.1133236026823247,-0.20282117008926462,0.24140735242544822,TRUE,pre_treatment
Income_share_bottom50_WID,heritage_Financial.Freedom,-12,-0.22532980304719466,0.10350602895025082,-0.4282016197896863,-0.022457986304703054,FALSE,pre_treatment
Income_share_bottom50_WID,heritage_Financial.Freedom,-11,0.0017366133391770464,0.09569469322172411,-0.1858249853754022,0.1892982120537563,TRUE,pre_treatment
Income_share_bottom50_WID,heritage_Financial.Freedom,-10,-0.14060805107101396,0.10157787264297442,-0.3397006814512438,0.05848457930921591,TRUE,pre_treatment
Income_share_bottom50_WID,heritage_Financial.Freedom,-9,-0.0629067460317461,0.10267267418025132,-0.2641451874250387,0.1383316953615465,TRUE,pre_treatment
Income_share_bottom50_WID,heritage_Financial.Freedom,-8,-0.012661403254623586,0.08319123892062041,-0.1757162315390396,0.15039342502979242,TRUE,pre_treatment
Income_share_bottom50_WID,heritage_Financial.Freedom,-7,0.10006824131824132,0.09661345157167443,-0.08929412376224055,0.2894306063987232,TRUE,pre_treatment
Income_share_bottom50_WID,heritage_Financial.Freedom,-6,-0.019660578618912142,0.04549535973809156,-0.1088314837055716,0.06951032646774731,TRUE,pre_treatment
Income_share_bottom50_WID,heritage_Financial.Freedom,-5,0.026073453499196195,0.06096818495460779,-0.09342418901183507,0.14557109601022744,TRUE,pre_treatment
Income_share_bottom50_WID,heritage_Financial.Freedom,-4,-0.037123751832489615,0.07145263434070062,-0.17717091514026284,0.10292341147528361,TRUE,pre_treatment
Income_share_bottom50_WID,heritage_Financial.Freedom,-3,-0.03780969208853832,0.0797073180547323,-0.19403603547581363,0.11841665129873699,TRUE,pre_treatment
Income_share_bottom50_WID,heritage_Financial.Freedom,-2,0.003476915089064463,0.061441031589502385,-0.11694750682636021,0.12390133700448913,TRUE,pre_treatment
Income_share_bottom50_WID,heritage_Financial.Freedom,-1,0.023577385735505402,0.08363181077102264,-0.14034096337569896,0.18749573484670978,TRUE,pre_treatment
Income_share_bottom50_WID,heritage_Fiscal.Health,-25,0.20906613123718332,0.2010135978212105,-0.18492052049238927,0.6030527829667559,TRUE,pre_treatment
Income_share_bottom50_WID,heritage_Fiscal.Health,-24,0.03949184039644592,0.11957256578124105,-0.19487038853478655,0.27385406932767836,TRUE,pre_treatment
Income_share_bottom50_WID,heritage_Fiscal.Health,-23,0.109609572349847,0.09570196244452397,-0.07796627404141998,0.297185418741114,TRUE,pre_treatment
Income_share_bottom50_WID,heritage_Fiscal.Health,-22,0.0024916267942582753,0.09581724590644408,-0.18531017518237214,0.19029342877088867,TRUE,pre_treatment
Income_share_bottom50_WID,heritage_Fiscal.Health,-21,-0.019507205513784626,0.05058594058881757,-0.11865564906786706,0.07964123804029781,TRUE,pre_treatment
Income_share_bottom50_WID,heritage_Fiscal.Health,-20,-0.018922391205286025,0.04090446496039851,-0.0990951425276671,0.06125036011709506,TRUE,pre_treatment
Income_share_bottom50_WID,heritage_Fiscal.Health,-19,-0.04096964000911344,0.05830287770117244,-0.15524328030341142,0.07330400028518455,TRUE,pre_treatment
Income_share_bottom50_WID,heritage_Fiscal.Health,-18,-0.13776122123490553,0.14022373210327854,-0.4125997361573315,0.13707729368752042,TRUE,pre_treatment
Income_share_bottom50_WID,heritage_Fiscal.Health,-17,0.08379870129870107,0.08783167847615436,-0.08835138851456148,0.2559487911119636,TRUE,pre_treatment
Income_share_bottom50_WID,heritage_Fiscal.Health,-16,0.11675541125541126,0.14063776516717635,-0.1588946084722544,0.39240543098307695,TRUE,pre_treatment
Income_share_bottom50_WID,heritage_Fiscal.Health,-15,0.03808225108225111,0.09793687220006672,-0.15387401842987966,0.23003852059438187,TRUE,pre_treatment
Income_share_bottom50_WID,heritage_Fiscal.Health,-14,0.16198484848484884,0.07863297788357222,0.00786421183304728,0.3161054851366504,FALSE,pre_treatment
Income_share_bottom50_WID,heritage_Fiscal.Health,-13,-0.00635064935064933,0.10309621733863972,-0.20841923533438317,0.1957179366330845,TRUE,pre_treatment
Income_share_bottom50_WID,heritage_Fiscal.Health,-12,-0.025380952380952615,0.08718996908223889,-0.19627329178214084,0.1455113870202356,TRUE,pre_treatment
Income_share_bottom50_WID,heritage_Fiscal.Health,-11,-0.0175000000000001,0.08873470550627317,-0.1914200227922955,0.1564200227922953,TRUE,pre_treatment
Income_share_bottom50_WID,heritage_Fiscal.Health,-10,0.07132251082251102,0.06362268136531785,-0.05337794465351195,0.196022966298534,TRUE,pre_treatment
Income_share_bottom50_WID,heritage_Fiscal.Health,-9,0.06614718614718577,0.09884835818420523,-0.1275955958938565,0.259889968188228,TRUE,pre_treatment
Income_share_bottom50_WID,heritage_Fiscal.Health,-8,-0.027467532467532245,0.09007619086662853,-0.20401686656612417,0.14908180163105966,TRUE,pre_treatment
Income_share_bottom50_WID,heritage_Fiscal.Health,-7,0.2116233766233767,0.16899698156969586,-0.1196107072532272,0.5428574604999806,TRUE,pre_treatment
Income_share_bottom50_WID,heritage_Fiscal.Health,-6,0.11010822510822496,0.07989435532397836,-0.04648471132677262,0.26670116154322254,TRUE,pre_treatment
Income_share_bottom50_WID,heritage_Fiscal.Health,-5,0.09575108225108207,0.10016790083167909,-0.10057800337900895,0.2920801678811731,TRUE,pre_treatment
Income_share_bottom50_WID,heritage_Fiscal.Health,-4,-0.09769480519480495,0.15426762818336387,-0.4000593564341981,0.2046697460445882,TRUE,pre_treatment
Income_share_bottom50_WID,heritage_Fiscal.Health,-3,-0.10795887445887437,0.09561002080405412,-0.2953545152348204,0.0794367663170717,TRUE,pre_treatment
Income_share_bottom50_WID,heritage_Fiscal.Health,-2,0.029326839826839434,0.09617128608704123,-0.15916888090376138,0.21782256055744023,TRUE,pre_treatment
Income_share_bottom50_WID,heritage_Fiscal.Health,-1,0.12987878787878818,0.07928714718200408,-0.025524020597939817,0.2852815963555162,TRUE,pre_treatment
Income_share_bottom50_WID,heritage_Government.Integrity,-26,-1.7887683615819208,1.8911340394717373,-5.4953910789465255,1.9178543557826842,TRUE,pre_treatment
Income_share_bottom50_WID,heritage_Government.Integrity,-25,0.023994915254237383,0.06646748231875661,-0.10628135009052558,0.15427118059900036,TRUE,pre_treatment
Income_share_bottom50_WID,heritage_Government.Integrity,-24,0.028149894067795774,0.09082670520691824,-0.14987044813776396,0.2061702362733555,TRUE,pre_treatment
Income_share_bottom50_WID,heritage_Government.Integrity,-23,-0.010155367231638034,0.07288673412758259,-0.1530133661216999,0.13270263165842383,TRUE,pre_treatment
Income_share_bottom50_WID,heritage_Government.Integrity,-22,0.4384141242937855,0.5183275053177654,-0.5775077861290345,1.4543360347166057,TRUE,pre_treatment
Income_share_bottom50_WID,heritage_Government.Integrity,-21,-0.10948555286521362,0.11008164957684487,-0.32524558603582954,0.1062744803054023,TRUE,pre_treatment
Income_share_bottom50_WID,heritage_Government.Integrity,-20,0.09911966415568157,0.11890194350225815,-0.1339281451087444,0.33216747342010755,TRUE,pre_treatment
Income_share_bottom50_WID,heritage_Government.Integrity,-19,-0.16757751937984508,0.11293498711013528,-0.3889300941157102,0.05377505535602006,TRUE,pre_treatment
Income_share_bottom50_WID,heritage_Government.Integrity,-18,0.012729273420049555,0.09245875505614279,-0.1684898864899903,0.19394843333008943,TRUE,pre_treatment
Income_share_bottom50_WID,heritage_Government.Integrity,-17,0.05847932717000503,0.0936661087980038,-0.1251062460740824,0.24206490041409248,TRUE,pre_treatment
Income_share_bottom50_WID,heritage_Government.Integrity,-16,-0.07476296866974828,0.06898613577162868,-0.2099757947821405,0.06044985744264393,TRUE,pre_treatment
Income_share_bottom50_WID,heritage_Government.Integrity,-15,-0.02856786081150495,0.08964356639843128,-0.20426925095243026,0.14713352932942036,TRUE,pre_treatment
Income_share_bottom50_WID,heritage_Government.Integrity,-14,-0.03778691576784781,0.08667309858546479,-0.2076661889953588,0.13209235745966316,TRUE,pre_treatment
Income_share_bottom50_WID,heritage_Government.Integrity,-13,-0.049869177652228175,0.06950282229603613,-0.186094709352459,0.08635635404800265,TRUE,pre_treatment
Income_share_bottom50_WID,heritage_Government.Integrity,-12,-0.005391333092920305,0.06448264987873695,-0.13177732685524474,0.12099466066940412,TRUE,pre_treatment
Income_share_bottom50_WID,heritage_Government.Integrity,-11,0.035816437480013244,0.06585432425290227,-0.09325803805567522,0.1648909130157017,TRUE,pre_treatment
Income_share_bottom50_WID,heritage_Government.Integrity,-10,-0.08285486070524069,0.05731413308894239,-0.19519056155956777,0.029480840149086404,TRUE,pre_treatment
Income_share_bottom50_WID,heritage_Government.Integrity,-9,0.00727392941947116,0.08235997953348602,-0.15415163046616143,0.16869948930510376,TRUE,pre_treatment
Income_share_bottom50_WID,heritage_Government.Integrity,-8,-0.05268551251008904,0.05754822519643191,-0.16548003389509558,0.0601090088749175,TRUE,pre_treatment
Income_share_bottom50_WID,heritage_Government.Integrity,-7,0.05771190419352285,0.05941189829069197,-0.058735416456233404,0.17415922484327911,TRUE,pre_treatment
Income_share_bottom50_WID,heritage_Government.Integrity,-6,0.08385767355467848,0.10070130838528638,-0.11351689088048282,0.28123223798983976,TRUE,pre_treatment
Income_share_bottom50_WID,heritage_Government.Integrity,-5,-0.03505550664025254,0.07160829804524527,-0.17540777080893324,0.10529675752842818,TRUE,pre_treatment
Income_share_bottom50_WID,heritage_Government.Integrity,-4,-0.05731209458045624,0.05275037217636799,-0.1607028240461375,0.04607863488522503,TRUE,pre_treatment
Income_share_bottom50_WID,heritage_Government.Integrity,-3,-0.031065304087736577,0.04628709510720661,-0.12178801049786153,0.059657402322388385,TRUE,pre_treatment
Income_share_bottom50_WID,heritage_Government.Integrity,-2,0.08383702969106843,0.044406095308547576,-0.003198917113684821,0.17087297649582167,TRUE,pre_treatment
Income_share_bottom50_WID,heritage_Government.Integrity,-1,0.017288082792122163,0.04710196457708066,-0.07503176777895593,0.10960793336320024,TRUE,pre_treatment
Income_share_bottom50_WID,heritage_Government.Spending,-25,-0.7143269230769242,1.0031475865166957,-2.680496192649648,1.2518423464957993,TRUE,pre_treatment
Income_share_bottom50_WID,heritage_Government.Spending,-24,0.27385683760683754,0.2731813487388241,-0.2615786059212577,0.8092922811349328,TRUE,pre_treatment
Income_share_bottom50_WID,heritage_Government.Spending,-23,-0.2620940170940168,0.2530674943932425,-0.7581063061047721,0.23391827191673847,TRUE,pre_treatment
Income_share_bottom50_WID,heritage_Government.Spending,-22,-0.12385897435897363,0.15584640424511415,-0.42931792667939733,0.18159997796145005,TRUE,pre_treatment
Income_share_bottom50_WID,heritage_Government.Spending,-21,-0.3023229166666672,0.31617888189124405,-0.9220335251735056,0.3173876918401711,TRUE,pre_treatment
Income_share_bottom50_WID,heritage_Government.Spending,-20,0.258838319088319,0.17089915419665863,-0.0761240231371319,0.5938006613137699,TRUE,pre_treatment
Income_share_bottom50_WID,heritage_Government.Spending,-19,0.04656249999999945,0.22996862194020248,-0.4041759990027974,0.4973009990027963,TRUE,pre_treatment
Income_share_bottom50_WID,heritage_Government.Spending,-18,-0.05116586538461497,0.08361407830411065,-0.21504945886067184,0.11271772809144188,TRUE,pre_treatment
Income_share_bottom50_WID,heritage_Government.Spending,-17,0.04363446275946299,0.10853036443271115,-0.16908505152865083,0.25635397704757684,TRUE,pre_treatment
Income_share_bottom50_WID,heritage_Government.Spending,-16,0.08992467948717922,0.12540557996327933,-0.15587025724084827,0.33571961621520674,TRUE,pre_treatment
Income_share_bottom50_WID,heritage_Government.Spending,-15,0.12063436883629243,0.10385211493149266,-0.08291577642943317,0.32418451410201804,TRUE,pre_treatment
Income_share_bottom50_WID,heritage_Government.Spending,-14,0.11909648541114046,0.07525494534876431,-0.028403207472437603,0.2665961782947185,TRUE,pre_treatment
Income_share_bottom50_WID,heritage_Government.Spending,-13,0.11547339743589766,0.08464656573927631,-0.05043387141308392,0.28138066628487923,TRUE,pre_treatment
Income_share_bottom50_WID,heritage_Government.Spending,-12,0.10162841191066974,0.07649398204671222,-0.04829979290088621,0.2515566167222257,TRUE,pre_treatment
Income_share_bottom50_WID,heritage_Government.Spending,-11,0.08096696937321925,0.07157069138697914,-0.05931158574525987,0.22124552449169838,TRUE,pre_treatment
Income_share_bottom50_WID,heritage_Government.Spending,-10,0.1854035862785863,0.06666553739511964,0.05473913298415181,0.31606803957302076,FALSE,pre_treatment
Income_share_bottom50_WID,heritage_Government.Spending,-9,0.035678500986193025,0.08797925810814614,-0.1367608449057734,0.20811784687815943,TRUE,pre_treatment
Income_share_bottom50_WID,heritage_Government.Spending,-8,0.03655382971729117,0.07061274942271142,-0.10184715915122323,0.17495481858580558,TRUE,pre_treatment
Income_share_bottom50_WID,heritage_Government.Spending,-7,-0.004201104746317654,0.0920274578828839,-0.1845749221967701,0.1761727127041348,TRUE,pre_treatment
Income_share_bottom50_WID,heritage_Government.Spending,-6,0.03521587132003816,0.07980501518948886,-0.12120195845136002,0.19163370109143635,TRUE,pre_treatment
Income_share_bottom50_WID,heritage_Government.Spending,-5,-0.09993589743589729,0.06948477424867772,-0.2361260549633056,0.03625426009151103,TRUE,pre_treatment
Income_share_bottom50_WID,heritage_Government.Spending,-4,-0.0721892690642692,0.0628093259315699,-0.1952955478901462,0.050917009761607804,TRUE,pre_treatment
Income_share_bottom50_WID,heritage_Government.Spending,-3,-0.15340250079138953,0.06977861996624247,-0.2901685959252248,-0.016636405657554282,FALSE,pre_treatment
Income_share_bottom50_WID,heritage_Government.Spending,-2,0.04136452742993435,0.07425630440221177,-0.10417782919840071,0.1869068840582694,TRUE,pre_treatment
Income_share_bottom50_WID,heritage_Government.Spending,-1,-0.028599854612741456,0.06445978039394279,-0.15494102418486932,0.09774131495938643,TRUE,pre_treatment
Income_share_bottom50_WID,heritage_Investment.Freedom,-24,0.09365261813537651,0.2481676158393371,-0.3927559089097242,0.5800611451804772,TRUE,pre_treatment
Income_share_bottom50_WID,heritage_Investment.Freedom,-23,-1.2968241805023428,0.5881559426365469,-2.449609828069975,-0.14403853293471092,FALSE,pre_treatment
Income_share_bottom50_WID,heritage_Investment.Freedom,-22,-0.14588974031502672,0.7870606143227576,-1.6885285443876317,1.3967490637575781,TRUE,pre_treatment
Income_share_bottom50_WID,heritage_Investment.Freedom,-21,-0.39422573435504554,0.4167326778694062,-1.2110217829790817,0.42257031426899067,TRUE,pre_treatment
Income_share_bottom50_WID,heritage_Investment.Freedom,-20,0.22303639846743328,0.20411376164880615,-0.17702657436422675,0.6230993712990933,TRUE,pre_treatment
Income_share_bottom50_WID,heritage_Investment.Freedom,-19,0.07915217604872721,0.15111046610798431,-0.21702433752292205,0.37532868962037647,TRUE,pre_treatment
Income_share_bottom50_WID,heritage_Investment.Freedom,-18,-0.09266819923371594,0.14075545925415361,-0.36854889937185703,0.18321250090442515,TRUE,pre_treatment
Income_share_bottom50_WID,heritage_Investment.Freedom,-17,-0.05419972809294275,0.1071384920299591,-0.26419117247166257,0.1557917162857771,TRUE,pre_treatment
Income_share_bottom50_WID,heritage_Investment.Freedom,-16,-0.1450462962962963,0.09693630345671067,-0.3350414510714492,0.0449488584788566,TRUE,pre_treatment
Income_share_bottom50_WID,heritage_Investment.Freedom,-15,-0.09465107901889484,0.09054786047251351,-0.2721248855450213,0.08282272750723162,TRUE,pre_treatment
Income_share_bottom50_WID,heritage_Investment.Freedom,-14,-0.0086516440461504,0.10392166812224435,-0.21233811356574933,0.19503482547344853,TRUE,pre_treatment
Income_share_bottom50_WID,heritage_Investment.Freedom,-13,0.019204605213732844,0.09386677348101385,-0.1647742708090543,0.20318348123652,TRUE,pre_treatment
Income_share_bottom50_WID,heritage_Investment.Freedom,-12,-0.048199079844281345,0.07653129079376675,-0.19820040980006418,0.10180225011150149,TRUE,pre_treatment
Income_share_bottom50_WID,heritage_Investment.Freedom,-11,0.016165425402155292,0.07242503124079655,-0.12578763582980595,0.15811848663411654,TRUE,pre_treatment
Income_share_bottom50_WID,heritage_Investment.Freedom,-10,-0.0790163548215105,0.09450022990408503,-0.2642368054335172,0.10620409579049618,TRUE,pre_treatment
Income_share_bottom50_WID,heritage_Investment.Freedom,-9,0.05100255427841632,0.07207903498895236,-0.0902723542999303,0.19227746285676295,TRUE,pre_treatment
Income_share_bottom50_WID,heritage_Investment.Freedom,-8,-0.04135644347138591,0.07883454507907736,-0.19587215182637752,0.11315926488360571,TRUE,pre_treatment
Income_share_bottom50_WID,heritage_Investment.Freedom,-7,0.06934432585294674,0.06353176614837903,-0.055177935797876165,0.19386658750376964,TRUE,pre_treatment
Income_share_bottom50_WID,heritage_Investment.Freedom,-6,0.05415719280614688,0.05984114397986789,-0.06313144939439418,0.17144583500668792,TRUE,pre_treatment
Income_share_bottom50_WID,heritage_Investment.Freedom,-5,0.03557363198742475,0.04845825777413915,-0.059404553249887984,0.13055181722473747,TRUE,pre_treatment
Income_share_bottom50_WID,heritage_Investment.Freedom,-4,-0.02356664951106504,0.06174692478079799,-0.1445906220814291,0.09745732305929902,TRUE,pre_treatment
Income_share_bottom50_WID,heritage_Investment.Freedom,-3,-0.045962111536824286,0.04305162856874241,-0.1303433035315594,0.038419080457910836,TRUE,pre_treatment
Income_share_bottom50_WID,heritage_Investment.Freedom,-2,0.022050850067480022,0.05885839631426339,-0.09331160670847623,0.13741330684343628,TRUE,pre_treatment
Income_share_bottom50_WID,heritage_Investment.Freedom,-1,0.03704720202257146,0.048252855188078765,-0.05752839414606292,0.13162279819120584,TRUE,pre_treatment
Income_share_bottom50_WID,heritage_Judicial.Effectiveness,-26,0.054494807813384165,0.10289146127227111,-0.1471724562802672,0.25616207190703555,TRUE,pre_treatment
Income_share_bottom50_WID,heritage_Judicial.Effectiveness,-25,-0.16021896812135297,0.07992145562025908,-0.3168650211370608,-0.003572915105645169,FALSE,pre_treatment
Income_share_bottom50_WID,heritage_Judicial.Effectiveness,-24,-0.2472865013774102,0.08980762978172936,-0.4233094557495998,-0.07126354700522067,FALSE,pre_treatment
Income_share_bottom50_WID,heritage_Judicial.Effectiveness,-23,-0.042145881316895215,0.09377579717079737,-0.22594644377165807,0.1416546811378676,TRUE,pre_treatment
Income_share_bottom50_WID,heritage_Judicial.Effectiveness,-22,0.054331852489609735,0.12641724831203804,-0.19344595420198482,0.3021096591812043,TRUE,pre_treatment
Income_share_bottom50_WID,heritage_Judicial.Effectiveness,-21,-0.10975809073864472,0.06774234573694846,-0.2425330883830637,0.02301690690577425,TRUE,pre_treatment
Income_share_bottom50_WID,heritage_Judicial.Effectiveness,-20,0.1150746642425406,0.06856418229712895,-0.019311133059832133,0.24946046154491336,TRUE,pre_treatment
Income_share_bottom50_WID,heritage_Judicial.Effectiveness,-19,0.01603894480597553,0.07554960091919607,-0.13203827299564877,0.16411616260759984,TRUE,pre_treatment
Income_share_bottom50_WID,heritage_Judicial.Effectiveness,-18,0.03281342243161392,0.1317238301561262,-0.22536528467439346,0.2909921295376213,TRUE,pre_treatment
Income_share_bottom50_WID,heritage_Judicial.Effectiveness,-17,0.05173188789000532,0.09513394951230181,-0.1347306531541062,0.23819442893411685,TRUE,pre_treatment
Income_share_bottom50_WID,heritage_Judicial.Effectiveness,-16,-0.020352987837123172,0.060627146912720205,-0.13918219578605479,0.09847622011180843,TRUE,pre_treatment
Income_share_bottom50_WID,heritage_Judicial.Effectiveness,-15,-0.11230962453728201,0.08374606143616238,-0.27645190495216027,0.051832655877596265,TRUE,pre_treatment
Income_share_bottom50_WID,heritage_Judicial.Effectiveness,-14,0.07138683236382871,0.0954898133540812,-0.11577320181017044,0.2585468665378279,TRUE,pre_treatment
Income_share_bottom50_WID,heritage_Judicial.Effectiveness,-13,0.048361977789529206,0.09805315350310427,-0.14382220307655513,0.24054615865561357,TRUE,pre_treatment
Income_share_bottom50_WID,heritage_Judicial.Effectiveness,-12,-0.19720650449497573,0.0741844468294223,-0.3426080202806434,-0.051804988709308025,FALSE,pre_treatment
Income_share_bottom50_WID,heritage_Judicial.Effectiveness,-11,-0.030876520359598474,0.12532151520728965,-0.2765066901658862,0.21475364944668923,TRUE,pre_treatment
Income_share_bottom50_WID,heritage_Judicial.Effectiveness,-10,-0.13128239026969857,0.0749206334956426,-0.27812683192115806,0.015562051381760922,TRUE,pre_treatment
Income_share_bottom50_WID,heritage_Judicial.Effectiveness,-9,-0.1300555261766263,0.07325813269731804,-0.27364146626336966,0.013530413910117056,TRUE,pre_treatment
Income_share_bottom50_WID,heritage_Judicial.Effectiveness,-8,-0.1206702802749865,0.07634682167234667,-0.27031005075278597,0.028969490202812975,TRUE,pre_treatment
Income_share_bottom50_WID,heritage_Judicial.Effectiveness,-7,-0.09847038603913279,0.05109895985869041,-0.198624347362166,0.0016835752839004098,TRUE,pre_treatment
Income_share_bottom50_WID,heritage_Judicial.Effectiveness,-6,0.04860259122157561,0.06637663156114895,-0.08149560663827632,0.17870078908142756,TRUE,pre_treatment
Income_share_bottom50_WID,heritage_Judicial.Effectiveness,-5,-0.01640401903754591,0.06532351309487999,-0.14443810470351068,0.11163006662841887,TRUE,pre_treatment
Income_share_bottom50_WID,heritage_Judicial.Effectiveness,-4,0.04400846113167617,0.05467106382904702,-0.06314682397325598,0.15116374623660833,TRUE,pre_treatment
Income_share_bottom50_WID,heritage_Judicial.Effectiveness,-3,-0.013631676361713158,0.07615054758752018,-0.16288674963325273,0.1356233969098264,TRUE,pre_treatment
Income_share_bottom50_WID,heritage_Judicial.Effectiveness,-2,-0.3322369116869383,0.1308302306762329,-0.5886641638123548,-0.07580965956152186,FALSE,pre_treatment
Income_share_bottom50_WID,heritage_Judicial.Effectiveness,-1,0.09922715691116242,0.07586844366047896,-0.049474992663376335,0.24792930648570116,TRUE,pre_treatment
Income_share_bottom50_WID,heritage_Labor.Freedom,-26,0.10129404466501261,0.2193302401214899,-0.3285932259731076,0.5311813153031328,TRUE,pre_treatment
Income_share_bottom50_WID,heritage_Labor.Freedom,-25,-0.062275788727401554,0.1711903996068783,-0.39780897195688303,0.27325739450207986,TRUE,pre_treatment
Income_share_bottom50_WID,heritage_Labor.Freedom,-24,0.05164938556067598,0.20025916870371316,-0.3408585850986018,0.4441573562199538,TRUE,pre_treatment
Income_share_bottom50_WID,heritage_Labor.Freedom,-23,0.033842750797589416,0.07068329380666732,-0.10469650506347855,0.17238200665865738,TRUE,pre_treatment
Income_share_bottom50_WID,heritage_Labor.Freedom,-22,-0.10590933081255635,0.11906105545664371,-0.33926899950757805,0.12745033788246532,TRUE,pre_treatment
Income_share_bottom50_WID,heritage_Labor.Freedom,-21,-0.14062324772002222,0.13061565972026282,-0.39662994077173735,0.11538344533169292,TRUE,pre_treatment
Income_share_bottom50_WID,heritage_Labor.Freedom,-20,0.08569606021218926,0.05994704643993255,-0.031800150810078545,0.20319227123445704,TRUE,pre_treatment
Income_share_bottom50_WID,heritage_Labor.Freedom,-19,0.02565333641102582,0.06444806403484901,-0.10066486909727823,0.15197154191932988,TRUE,pre_treatment
Income_share_bottom50_WID,heritage_Labor.Freedom,-18,-0.021699317116237318,0.0790017877924303,-0.1765428211894007,0.13314418695692606,TRUE,pre_treatment
Income_share_bottom50_WID,heritage_Labor.Freedom,-17,0.04303618848610348,0.07701531522725391,-0.10791382935931419,0.19398620633152114,TRUE,pre_treatment
Income_share_bottom50_WID,heritage_Labor.Freedom,-16,0.08800743816052732,0.0798576390232082,-0.06851353432496073,0.24452841064601538,TRUE,pre_treatment
Income_share_bottom50_WID,heritage_Labor.Freedom,-15,-0.022147565695952668,0.06847650039229093,-0.1563615064648429,0.11206637507293757,TRUE,pre_treatment
Income_share_bottom50_WID,heritage_Labor.Freedom,-14,-0.06708076476369157,0.06469404322634963,-0.19388108948733684,0.059719559959953705,TRUE,pre_treatment
Income_share_bottom50_WID,heritage_Labor.Freedom,-13,0.0215689418108773,0.06494615834129844,-0.10572552853806765,0.14886341215982224,TRUE,pre_treatment
Income_share_bottom50_WID,heritage_Labor.Freedom,-12,-0.026270294885735332,0.05583023769275682,-0.1356975607635387,0.08315697099206804,TRUE,pre_treatment
Income_share_bottom50_WID,heritage_Labor.Freedom,-11,0.018684357117536805,0.06393533546454915,-0.10662890039297954,0.14399761462805313,TRUE,pre_treatment
Income_share_bottom50_WID,heritage_Labor.Freedom,-10,-0.005457395021379273,0.06150836749563061,-0.12601379531281526,0.11509900527005672,TRUE,pre_treatment
Income_share_bottom50_WID,heritage_Labor.Freedom,-9,0.061125753603598086,0.05883073814823887,-0.0541824931669501,0.17643400037414628,TRUE,pre_treatment
Income_share_bottom50_WID,heritage_Labor.Freedom,-8,0.04622740487681991,0.05554689978193802,-0.06264451869577861,0.15509932844941843,TRUE,pre_treatment
Income_share_bottom50_WID,heritage_Labor.Freedom,-7,0.12431046325764528,0.09270803399413412,-0.05739728337085759,0.30601820988614814,TRUE,pre_treatment
Income_share_bottom50_WID,heritage_Labor.Freedom,-6,0.020498641143802447,0.06240713982093674,-0.10181935290523356,0.14281663519283846,TRUE,pre_treatment
Income_share_bottom50_WID,heritage_Labor.Freedom,-5,0.006450431289140703,0.04633605842173435,-0.08436824321745862,0.09726910579574002,TRUE,pre_treatment
Income_share_bottom50_WID,heritage_Labor.Freedom,-4,-7.60959470636924e-4,0.06878219570509182,-0.1355740630526169,0.13405214411134306,TRUE,pre_treatment
Income_share_bottom50_WID,heritage_Labor.Freedom,-3,-0.018506439796762208,0.06851129606150358,-0.15278858007730922,0.11577570048378481,TRUE,pre_treatment
Income_share_bottom50_WID,heritage_Labor.Freedom,-2,-0.01616448068060965,0.058749066535983815,-0.13131265109113793,0.09898368972991863,TRUE,pre_treatment
Income_share_bottom50_WID,heritage_Labor.Freedom,-1,0.1051138716356107,0.07698585559632207,-0.04577840533318056,0.25600614860440196,TRUE,pre_treatment
Income_share_bottom50_WID,heritage_Monetary.Freedom,-24,0.07402757619738753,0.06275931338413024,-0.048980678035507735,0.1970358304302828,TRUE,pre_treatment
Income_share_bottom50_WID,heritage_Monetary.Freedom,-23,-0.06375000000000028,0.04020132938640177,-0.14254460559734775,0.015044605597347188,TRUE,pre_treatment
Income_share_bottom50_WID,heritage_Monetary.Freedom,-22,0.03715801886792458,0.05071461332960406,-0.06224262325809937,0.13655866099394853,TRUE,pre_treatment
Income_share_bottom50_WID,heritage_Monetary.Freedom,-21,-0.015260038703434252,0.07108345203459358,-0.1545836046912377,0.12406352728436917,TRUE,pre_treatment
Income_share_bottom50_WID,heritage_Monetary.Freedom,-20,0.02453329100145152,0.03897269035149382,-0.05185318208747636,0.1009197640903794,TRUE,pre_treatment
Income_share_bottom50_WID,heritage_Monetary.Freedom,-19,-0.1445967888243834,0.10591280932925777,-0.35218589510972864,0.06299231746096182,TRUE,pre_treatment
Income_share_bottom50_WID,heritage_Monetary.Freedom,-18,-0.03760849056603782,0.09213220652172736,-0.21818761534862346,0.14297063421654782,TRUE,pre_treatment
Income_share_bottom50_WID,heritage_Monetary.Freedom,-17,-0.15531603773584748,0.24561381771249105,-0.6367191204523299,0.326087044980635,TRUE,pre_treatment
Income_share_bottom50_WID,heritage_Monetary.Freedom,-16,-0.04397859216255492,0.10361886666001711,-0.24707157081618847,0.15911438649107862,TRUE,pre_treatment
Income_share_bottom50_WID,heritage_Monetary.Freedom,-15,-0.13096199201741718,0.1591558541474218,-0.4429074661463639,0.18098348211152956,TRUE,pre_treatment
Income_share_bottom50_WID,heritage_Monetary.Freedom,-14,-0.16112300435413643,0.13450653829095807,-0.4247558194044142,0.10250981069614137,TRUE,pre_treatment
Income_share_bottom50_WID,heritage_Monetary.Freedom,-13,0.02699179063860669,0.10805371470223328,-0.18479349017777055,0.23877707145498392,TRUE,pre_treatment
Income_share_bottom50_WID,heritage_Monetary.Freedom,-12,0.026210490243509434,0.13134561469838954,-0.23122691456533404,0.2836478950523529,TRUE,pre_treatment
Income_share_bottom50_WID,heritage_Monetary.Freedom,-11,-0.05458784140387875,0.07340371899232584,-0.1984591306288374,0.0892834478210799,TRUE,pre_treatment
Income_share_bottom50_WID,heritage_Monetary.Freedom,-10,-0.03379577425477258,0.13920124762735722,-0.30663021960439274,0.23903867109484755,TRUE,pre_treatment
Income_share_bottom50_WID,heritage_Monetary.Freedom,-9,0.02327558055152345,0.06127797583380921,-0.0968292520827426,0.1433804131857895,TRUE,pre_treatment
Income_share_bottom50_WID,heritage_Monetary.Freedom,-8,0.003168843734881413,0.11950419698792104,-0.23105938236144383,0.23739706983120665,TRUE,pre_treatment
Income_share_bottom50_WID,heritage_Monetary.Freedom,-7,0.2698172169811326,0.1925066254652852,-0.10749576893082641,0.6471302028930916,TRUE,pre_treatment
Income_share_bottom50_WID,heritage_Monetary.Freedom,-6,0.01939287010159614,0.06260089089990091,-0.10330487606220964,0.14209061626540193,TRUE,pre_treatment
Income_share_bottom50_WID,heritage_Monetary.Freedom,-5,0.1580458310394874,0.10609217480282136,-0.04989483157404245,0.3659864936530173,TRUE,pre_treatment
Income_share_bottom50_WID,heritage_Monetary.Freedom,-4,0.09172365943592367,0.11417873980965423,-0.13206667059099864,0.315513989462846,TRUE,pre_treatment
Income_share_bottom50_WID,heritage_Monetary.Freedom,-3,-0.08681227490189768,0.14266536075026556,-0.3664363819724182,0.1928118321686228,TRUE,pre_treatment
Income_share_bottom50_WID,heritage_Monetary.Freedom,-2,-0.10190343723362609,0.10958397977039677,-0.31668803758360375,0.11288116311635159,TRUE,pre_treatment
Income_share_bottom50_WID,heritage_Monetary.Freedom,-1,0.06688624029784834,0.09343069542333197,-0.11623792273188233,0.250010403327579,TRUE,pre_treatment
Income_share_bottom50_WID,heritage_Property.Rights,-26,-0.09973684210526329,0.18583408047529207,-0.46397163983683576,0.2644979556263092,TRUE,pre_treatment
Income_share_bottom50_WID,heritage_Property.Rights,-25,0.13011695906432763,0.13169407764029611,-0.12800343311065276,0.388237351239308,TRUE,pre_treatment
Income_share_bottom50_WID,heritage_Property.Rights,-24,0.07259259259259278,0.10272300079736937,-0.1287444889702512,0.27392967415543673,TRUE,pre_treatment
Income_share_bottom50_WID,heritage_Property.Rights,-23,0.02881578947368412,0.09565849840264003,-0.15867486739549033,0.2163064463428586,TRUE,pre_treatment
Income_share_bottom50_WID,heritage_Property.Rights,-22,-0.0945449561403509,0.13493215563974378,-0.3590119811942487,0.1699220689135469,TRUE,pre_treatment
Income_share_bottom50_WID,heritage_Property.Rights,-21,-0.18837849974339993,0.10892142779397666,-0.4018644982195942,0.02510749873279433,TRUE,pre_treatment
Income_share_bottom50_WID,heritage_Property.Rights,-20,0.07453688392161364,0.07220613059365569,-0.0669871320419515,0.2160608998851788,TRUE,pre_treatment
Income_share_bottom50_WID,heritage_Property.Rights,-19,0.12697925576400332,0.06768205538125084,-0.005677572783248319,0.25963608431125496,TRUE,pre_treatment
Income_share_bottom50_WID,heritage_Property.Rights,-18,-0.029762371462241782,0.1011285842303154,-0.22797439655365997,0.1684496536291764,TRUE,pre_treatment
Income_share_bottom50_WID,heritage_Property.Rights,-17,0.08725647915835066,0.09927773671787005,-0.10732788480867461,0.28184084312537594,TRUE,pre_treatment
Income_share_bottom50_WID,heritage_Property.Rights,-16,-0.02070344129554646,0.06841174820257075,-0.15479046777258512,0.11338358518149219,TRUE,pre_treatment
Income_share_bottom50_WID,heritage_Property.Rights,-15,0.0010100250626568314,0.07899036244806171,-0.15381108533554413,0.15583113546085778,TRUE,pre_treatment
Income_share_bottom50_WID,heritage_Property.Rights,-14,0.031625939849623995,0.06189482773388702,-0.08968792250879457,0.15293980220804254,TRUE,pre_treatment
Income_share_bottom50_WID,heritage_Property.Rights,-13,0.06295062878435008,0.06649541189813098,-0.06738037853598662,0.1932816361046868,TRUE,pre_treatment
Income_share_bottom50_WID,heritage_Property.Rights,-12,-0.03906971375807934,0.04723781634737822,-0.13165583379894064,0.05351640628278197,TRUE,pre_treatment
Income_share_bottom50_WID,heritage_Property.Rights,-11,0.011467785843920462,0.0903282376326922,-0.16557555991615625,0.18851113160399718,TRUE,pre_treatment
Income_share_bottom50_WID,heritage_Property.Rights,-10,-0.017485380116959295,0.05940643050537899,-0.13392198390750212,0.09895122367358353,TRUE,pre_treatment
Income_share_bottom50_WID,heritage_Property.Rights,-9,0.06772829509671623,0.08319466705326424,-0.09533325232768168,0.23078984252111412,TRUE,pre_treatment
Income_share_bottom50_WID,heritage_Property.Rights,-8,0.004266756635177598,0.06225604203076633,-0.1177550857451244,0.1262885990154796,TRUE,pre_treatment
Income_share_bottom50_WID,heritage_Property.Rights,-7,0.11109022556390966,0.07024760636103156,-0.02659508290371218,0.2487755340315315,TRUE,pre_treatment
Income_share_bottom50_WID,heritage_Property.Rights,-6,0.04983688560243599,0.07392049290777551,-0.09504728049680403,0.194721051701676,TRUE,pre_treatment
Income_share_bottom50_WID,heritage_Property.Rights,-5,-0.023785263157894882,0.0640679398625405,-0.14935842528847426,0.10178789897268449,TRUE,pre_treatment
Income_share_bottom50_WID,heritage_Property.Rights,-4,0.015324210526315945,0.08440633853569363,-0.15011221300364355,0.18076063405627543,TRUE,pre_treatment
Income_share_bottom50_WID,heritage_Property.Rights,-3,0.07316197470420246,0.06535648416170087,-0.05493673425273124,0.20126068366113617,TRUE,pre_treatment
Income_share_bottom50_WID,heritage_Property.Rights,-2,0.053963317384370074,0.04799143978897869,-0.040099904602028155,0.14802653937076832,TRUE,pre_treatment
Income_share_bottom50_WID,heritage_Property.Rights,-1,0.010453963998075855,0.06647399594681858,-0.11983506805768857,0.14074299605384027,TRUE,pre_treatment
Income_share_bottom50_WID,heritage_Tax.Burden,-25,0.12772147147146964,0.09994801498437886,-0.06817663789791292,0.3236195808408522,TRUE,pre_treatment
Income_share_bottom50_WID,heritage_Tax.Burden,-24,0.1215553053053056,0.12653184392440028,-0.12644710878651894,0.36955771939713017,TRUE,pre_treatment
Income_share_bottom50_WID,heritage_Tax.Burden,-23,-0.1279391891891899,0.11148470235044985,-0.34644920579607164,0.09057082741769182,TRUE,pre_treatment
Income_share_bottom50_WID,heritage_Tax.Burden,-22,0.11256006006006,0.22635168167817368,-0.3310892360291604,0.5562093561492805,TRUE,pre_treatment
Income_share_bottom50_WID,heritage_Tax.Burden,-21,-0.6184734734734733,0.6785572187568518,-1.9484456222369029,0.7114986752899563,TRUE,pre_treatment
Income_share_bottom50_WID,heritage_Tax.Burden,-20,0.4780609180609181,0.3963687989066641,-0.29882192779614347,1.2549437639179797,TRUE,pre_treatment
Income_share_bottom50_WID,heritage_Tax.Burden,-19,0.1378495161828496,0.21625641856727085,-0.2860130642090013,0.5617120965747004,TRUE,pre_treatment
Income_share_bottom50_WID,heritage_Tax.Burden,-18,0.2271951951951954,0.22437241209519082,-0.21257473251137862,0.6669651229017695,TRUE,pre_treatment
Income_share_bottom50_WID,heritage_Tax.Burden,-17,0.17386786786786798,0.2371527446486705,-0.2909515116435262,0.6386872473792622,TRUE,pre_treatment
Income_share_bottom50_WID,heritage_Tax.Burden,-16,0.14463619869869823,0.13710776503463828,-0.1240950207691928,0.4133674181665893,TRUE,pre_treatment
Income_share_bottom50_WID,heritage_Tax.Burden,-15,0.13950627097685925,0.13153232521396815,-0.11829708644251835,0.39730962839623685,TRUE,pre_treatment
Income_share_bottom50_WID,heritage_Tax.Burden,-14,-0.02688745563745549,0.05769385427077669,-0.1399674100081778,0.08619249873326681,TRUE,pre_treatment
Income_share_bottom50_WID,heritage_Tax.Burden,-13,0.2563472711842277,0.184528068372371,-0.10532774282561952,0.6180222851940749,TRUE,pre_treatment
Income_share_bottom50_WID,heritage_Tax.Burden,-12,0.10721606606606585,0.1403417359463363,-0.1678537363887533,0.382285868520885,TRUE,pre_treatment
Income_share_bottom50_WID,heritage_Tax.Burden,-11,0.10345527345527347,0.045426257759387766,0.014419808246873458,0.1924907386636735,FALSE,pre_treatment
Income_share_bottom50_WID,heritage_Tax.Burden,-10,0.09104465952438905,0.10327706050600058,-0.1113783790673721,0.2934676981161502,TRUE,pre_treatment
Income_share_bottom50_WID,heritage_Tax.Burden,-9,0.14456679894179916,0.11488975912335729,-0.08061712893998113,0.36975072682357946,TRUE,pre_treatment
Income_share_bottom50_WID,heritage_Tax.Burden,-8,-0.01204504504504504,0.08787566713962236,-0.18428135263870485,0.1601912625486148,TRUE,pre_treatment
Income_share_bottom50_WID,heritage_Tax.Burden,-7,-0.009243322269638098,0.08085795150274762,-0.16772490721502342,0.14923826267574725,TRUE,pre_treatment
Income_share_bottom50_WID,heritage_Tax.Burden,-6,-0.16364580306112567,0.1170884122928056,-0.39313909115502466,0.06584748503277332,TRUE,pre_treatment
Income_share_bottom50_WID,heritage_Tax.Burden,-5,0.012035350567959294,0.08975352867086651,-0.16388156562693906,0.18795226676285764,TRUE,pre_treatment
Income_share_bottom50_WID,heritage_Tax.Burden,-4,0.04998758017276556,0.08513839146100864,-0.11688366709081138,0.2168588274363425,TRUE,pre_treatment
Income_share_bottom50_WID,heritage_Tax.Burden,-3,0.03274286334527278,0.05943887862719514,-0.08375733876402969,0.14924306545457525,TRUE,pre_treatment
Income_share_bottom50_WID,heritage_Tax.Burden,-2,0.007120696277673013,0.04812686911627186,-0.08720796719021982,0.10144935974556586,TRUE,pre_treatment
Income_share_bottom50_WID,heritage_Tax.Burden,-1,0.10907629096487804,0.058522148170677996,-0.00562711944965083,0.22377970137940692,TRUE,pre_treatment
Income_share_bottom50_WID,heritage_Trade.Freedom,-26,0.0524903041437049,0.09445196007258647,-0.13263553759856458,0.23761614588597438,TRUE,pre_treatment
Income_share_bottom50_WID,heritage_Trade.Freedom,-25,0.06594202898550698,0.052347286899977176,-0.03665865333844828,0.16854271130946225,TRUE,pre_treatment
Income_share_bottom50_WID,heritage_Trade.Freedom,-24,0.12028985507246365,0.05527761390609717,0.011945731816513191,0.2286339783284141,FALSE,pre_treatment
Income_share_bottom50_WID,heritage_Trade.Freedom,-23,0.0014625433761985412,0.07337515040731088,-0.14235275142213077,0.14527783817452788,TRUE,pre_treatment
Income_share_bottom50_WID,heritage_Trade.Freedom,-22,0.10525141185275902,0.04617938653692032,0.014739814240395194,0.19576300946512284,FALSE,pre_treatment
Income_share_bottom50_WID,heritage_Trade.Freedom,-21,-0.025037762808736118,0.14855182193700142,-0.3161993338052589,0.2661238081877867,TRUE,pre_treatment
Income_share_bottom50_WID,heritage_Trade.Freedom,-20,-0.086572769953052,0.14736557357470081,-0.3754092941594656,0.20226375425336157,TRUE,pre_treatment
Income_share_bottom50_WID,heritage_Trade.Freedom,-19,0.023624209022249553,0.09056779158197693,-0.15388866247842525,0.20113708052292434,TRUE,pre_treatment
Income_share_bottom50_WID,heritage_Trade.Freedom,-18,0.024061146265678086,0.08304477670042343,-0.13870661606715182,0.186828908598508,TRUE,pre_treatment
Income_share_bottom50_WID,heritage_Trade.Freedom,-17,-0.10765981925810493,0.17263646853725148,-0.4460272975911178,0.23070765907490798,TRUE,pre_treatment
Income_share_bottom50_WID,heritage_Trade.Freedom,-16,-0.12099517954998662,0.14049071199359275,-0.3963569750574284,0.15436661595745516,TRUE,pre_treatment
Income_share_bottom50_WID,heritage_Trade.Freedom,-15,-0.04684615908008426,0.12401013428586909,-0.28990602228038764,0.19621370412021916,TRUE,pre_treatment
Income_share_bottom50_WID,heritage_Trade.Freedom,-14,0.07409291211891979,0.1225660520251588,-0.16613654985039145,0.31432237408823105,TRUE,pre_treatment
Income_share_bottom50_WID,heritage_Trade.Freedom,-13,0.03200889547813186,0.09839708827932613,-0.16084939754934735,0.22486718850561105,TRUE,pre_treatment
Income_share_bottom50_WID,heritage_Trade.Freedom,-12,-0.14750479689732604,0.11159724544640301,-0.36623539797227594,0.07122580417762386,TRUE,pre_treatment
Income_share_bottom50_WID,heritage_Trade.Freedom,-11,-0.04753884466217593,0.055634449257393095,-0.1565823652066664,0.06150467588231454,TRUE,pre_treatment
Income_share_bottom50_WID,heritage_Trade.Freedom,-10,-0.0844575083350342,0.13271024149845495,-0.34456958167200585,0.1756545650019375,TRUE,pre_treatment
Income_share_bottom50_WID,heritage_Trade.Freedom,-9,-0.05777493242281989,0.18941269059331825,-0.42902380598572365,0.31347394114008387,TRUE,pre_treatment
Income_share_bottom50_WID,heritage_Trade.Freedom,-8,-0.03682582613231721,0.0800443326001408,-0.19371271802859316,0.12006106576395872,TRUE,pre_treatment
Income_share_bottom50_WID,heritage_Trade.Freedom,-7,-0.08680337693197476,0.10319534007193899,-0.28906624347297516,0.11545948960902566,TRUE,pre_treatment
Income_share_bottom50_WID,heritage_Trade.Freedom,-6,0.08839715746450402,0.08346141712623323,-0.0751872201029131,0.2519815350319211,TRUE,pre_treatment
Income_share_bottom50_WID,heritage_Trade.Freedom,-5,0.029449791447619156,0.07164687334529013,-0.1109780803091495,0.16987766320438782,TRUE,pre_treatment
Income_share_bottom50_WID,heritage_Trade.Freedom,-4,0.08839290169357526,0.06650235070783572,-0.041951705693782745,0.21873750908093326,TRUE,pre_treatment
Income_share_bottom50_WID,heritage_Trade.Freedom,-3,0.017579067756925353,0.057210058082473654,-0.094552646084723,0.12971078159857372,TRUE,pre_treatment
Income_share_bottom50_WID,heritage_Trade.Freedom,-2,-0.031198155686034536,0.07514557390534707,-0.1784834805405148,0.11608716916844572,TRUE,pre_treatment
Income_share_bottom50_WID,heritage_Trade.Freedom,-1,0.07894826615020883,0.07593299642739137,-0.06988040684747826,0.22777693914789593,TRUE,pre_treatment
log_under5_mort,fraser_FreeTrade,-26,-0.12907565083355185,0.07954174850549772,-0.28497747790432737,0.026826176237223692,TRUE,pre_treatment
log_under5_mort,fraser_FreeTrade,-25,-0.009602280550142943,0.013943229207366814,-0.0369310097965819,0.017726448696296013,TRUE,pre_treatment
log_under5_mort,fraser_FreeTrade,-24,-0.0020146372071582356,0.009670957147750786,-0.020969713216749775,0.016940438802433306,TRUE,pre_treatment
log_under5_mort,fraser_FreeTrade,-23,0.0038821643885232258,0.009456249887189225,-0.014652085390367655,0.022416414167414106,TRUE,pre_treatment
log_under5_mort,fraser_FreeTrade,-22,0.09819853111619693,0.10776878871261253,-0.11302829476052363,0.3094253569929175,TRUE,pre_treatment
log_under5_mort,fraser_FreeTrade,-21,0.003865849471686147,0.009187307353397706,-0.014141272940973358,0.02187297188434565,TRUE,pre_treatment
log_under5_mort,fraser_FreeTrade,-20,0.0058723407650952,0.007701945841127227,-0.009223473083514164,0.020968154613704566,TRUE,pre_treatment
log_under5_mort,fraser_FreeTrade,-19,0.015319939268324242,0.012172713597606698,-0.008538579382984884,0.03917845791963337,TRUE,pre_treatment
log_under5_mort,fraser_FreeTrade,-18,0.00632367415746252,0.013404889958829035,-0.019949910161842388,0.03259725847676743,TRUE,pre_treatment
log_under5_mort,fraser_FreeTrade,-17,-0.008425827493548223,0.013749068525315699,-0.03537400180316699,0.018522346816070547,TRUE,pre_treatment
log_under5_mort,fraser_FreeTrade,-16,-0.003024343774770822,0.005832515072865759,-0.01445607331758771,0.008407385768046068,TRUE,pre_treatment
log_under5_mort,fraser_FreeTrade,-15,-0.0042496493614617,0.005837271634552095,-0.015690701765183807,0.007191403042260404,TRUE,pre_treatment
log_under5_mort,fraser_FreeTrade,-14,0.001938474769851006,0.0071003854485519,-0.011978280709310717,0.01585523024901273,TRUE,pre_treatment
log_under5_mort,fraser_FreeTrade,-13,0.009035305015690777,0.012332939100937015,-0.015137255622145773,0.033207865653527326,TRUE,pre_treatment
log_under5_mort,fraser_FreeTrade,-12,-0.0033997794176167735,0.013463452704814149,-0.029788146719052503,0.022988587883818957,TRUE,pre_treatment
log_under5_mort,fraser_FreeTrade,-11,0.013856219463328262,0.013093818520591445,-0.01180766483703097,0.039520103763687496,TRUE,pre_treatment
log_under5_mort,fraser_FreeTrade,-10,-0.004803634345866314,0.022082703746120886,-0.04808573368826325,0.03847846499653062,TRUE,pre_treatment
log_under5_mort,fraser_FreeTrade,-9,-0.002584514203032506,0.006933912725825543,-0.016174983145650572,0.011005954739585558,TRUE,pre_treatment
log_under5_mort,fraser_FreeTrade,-8,-0.005554279586976751,0.005003958061041952,-0.015362037386618977,0.004253478212665475,TRUE,pre_treatment
log_under5_mort,fraser_FreeTrade,-7,0.0073214578539373115,0.007088837126040705,-0.00657266291310247,0.021215578620977095,TRUE,pre_treatment
log_under5_mort,fraser_FreeTrade,-6,0.0033377444138856394,0.009027842508248046,-0.01435682690228053,0.021032315730051807,TRUE,pre_treatment
log_under5_mort,fraser_FreeTrade,-5,0.015850295823388823,0.021864694714546065,-0.027004505817121466,0.05870509746389911,TRUE,pre_treatment
log_under5_mort,fraser_FreeTrade,-4,-0.008199333331209958,0.020117470315432897,-0.04762957514945844,0.031230908487038522,TRUE,pre_treatment
log_under5_mort,fraser_FreeTrade,-3,4.4565683148007924e-4,0.010180724023216509,-0.019508562254024277,0.020399875916984434,TRUE,pre_treatment
log_under5_mort,fraser_FreeTrade,-2,0.002859609682828329,0.007991072250736633,-0.012802891928615471,0.01852211129427213,TRUE,pre_treatment
log_under5_mort,fraser_FreeTrade,-1,0.009681323953211755,0.004988982461063259,-9.708167047223215e-5,0.01945972957689574,TRUE,pre_treatment
log_under5_mort,fraser_LegalSystem,-23,0.02173644230619527,0.061319058191588574,-0.09844891174931833,0.14192179636170887,TRUE,pre_treatment
log_under5_mort,fraser_LegalSystem,-22,0.003129020626404932,0.04133117408575316,-0.07788008058167126,0.08413812183448113,TRUE,pre_treatment
log_under5_mort,fraser_LegalSystem,-21,0.02964108548387104,0.030499628137107788,-0.030138185664860224,0.08942035663260231,TRUE,pre_treatment
log_under5_mort,fraser_LegalSystem,-20,0.018111564058134178,0.02542595107793268,-0.03172330005461388,0.06794642817088223,TRUE,pre_treatment
log_under5_mort,fraser_LegalSystem,-19,0.005514138372503465,0.02990070970816416,-0.053091252655498286,0.06411952940050522,TRUE,pre_treatment
log_under5_mort,fraser_LegalSystem,-18,-0.007487608703121968,0.024772432090067208,-0.0560415755996537,0.04106635819340976,TRUE,pre_treatment
log_under5_mort,fraser_LegalSystem,-17,-0.0073506081880477135,0.019451428185384964,-0.04547540743140224,0.030774191055306818,TRUE,pre_treatment
log_under5_mort,fraser_LegalSystem,-16,0.012460584802087199,0.018298122642981172,-0.0234037355781559,0.0483249051823303,TRUE,pre_treatment
log_under5_mort,fraser_LegalSystem,-15,-2.8942757200142765e-4,0.014039293657355918,-0.027806443140419024,0.02722758799641617,TRUE,pre_treatment
log_under5_mort,fraser_LegalSystem,-14,0.03437032007675593,0.028112904635770486,-0.02073097300935422,0.08947161316286609,TRUE,pre_treatment
log_under5_mort,fraser_LegalSystem,-13,0.016069399958440762,0.012943763477539906,-0.009300376457537451,0.041439176374418976,TRUE,pre_treatment
log_under5_mort,fraser_LegalSystem,-12,-0.02625127843576622,0.04088623593689152,-0.1063883008720736,0.053885744000541164,TRUE,pre_treatment
log_under5_mort,fraser_LegalSystem,-11,0.012842917611766525,0.028218998677336276,-0.04246631979581257,0.06815215501934563,TRUE,pre_treatment
log_under5_mort,fraser_LegalSystem,-10,0.0013303051809182265,0.022169543368162563,-0.04212199982068039,0.04478261018251685,TRUE,pre_treatment
log_under5_mort,fraser_LegalSystem,-9,0.018186472981521176,0.018941491986271076,-0.018938851311570134,0.05531179727461248,TRUE,pre_treatment
log_under5_mort,fraser_LegalSystem,-8,0.006186088353893862,0.008402373783892449,-0.010282564262535338,0.02265474097032306,TRUE,pre_treatment
log_under5_mort,fraser_LegalSystem,-7,-0.005953943852608566,0.010081839102787028,-0.02571434849407114,0.013806460788854006,TRUE,pre_treatment
log_under5_mort,fraser_LegalSystem,-6,-0.004859843733526127,0.008719314490758247,-0.02194970013541229,0.012230012668360036,TRUE,pre_treatment
log_under5_mort,fraser_LegalSystem,-5,-0.01776851357343591,0.015296415876949706,-0.047749488692257334,0.012212461545385515,TRUE,pre_treatment
log_under5_mort,fraser_LegalSystem,-4,-0.0013349951387777216,0.010791449342670028,-0.022486235850410975,0.019816245572855534,TRUE,pre_treatment
log_under5_mort,fraser_LegalSystem,-3,-0.007516572150820055,0.007565253143142958,-0.022344468311380254,0.007311324009740142,TRUE,pre_treatment
log_under5_mort,fraser_LegalSystem,-2,-0.001808010080494519,0.008892596692283986,-0.019237499597371133,0.015621479436382094,TRUE,pre_treatment
log_under5_mort,fraser_LegalSystem,-1,-0.003117120754468949,0.006604935931406239,-0.016062795180025177,0.00982855367108728,TRUE,pre_treatment
log_under5_mort,fraser_Regulation,-26,0.03617687390744748,0.0595290147543051,-0.08049999501099052,0.15285374282588549,TRUE,pre_treatment
log_under5_mort,fraser_Regulation,-25,-0.013093425449852019,0.005315121508823379,-0.023511063607145843,-0.0026757872925581953,FALSE,pre_treatment
log_under5_mort,fraser_Regulation,-24,-0.010480152692449498,0.009446737403180739,-0.028995758002683746,0.00803545261778475,TRUE,pre_treatment
log_under5_mort,fraser_Regulation,-23,-0.00472296646218406,0.009549363291710104,-0.023439718513935864,0.013993785589567743,TRUE,pre_treatment
log_under5_mort,fraser_Regulation,-22,0.021854559528939783,0.07188453059495226,-0.11903912043716663,0.1627482394950462,TRUE,pre_treatment
log_under5_mort,fraser_Regulation,-21,0.029017586353146985,0.039154501178990504,-0.0477252359576744,0.10576040866396837,TRUE,pre_treatment
log_under5_mort,fraser_Regulation,-20,0.0055691274335649835,0.022772973515657925,-0.03906590065712455,0.050204155524254515,TRUE,pre_treatment
log_under5_mort,fraser_Regulation,-19,0.021208944407858317,0.023396200318329678,-0.024647608216067853,0.0670654970317845,TRUE,pre_treatment
log_under5_mort,fraser_Regulation,-18,0.001064844648793573,0.015310034513428794,-0.028942822997526863,0.03107251229511401,TRUE,pre_treatment
log_under5_mort,fraser_Regulation,-17,-0.006313800220238749,0.019846946312229632,-0.04521381499220882,0.03258621455173133,TRUE,pre_treatment
log_under5_mort,fraser_Regulation,-16,0.3002088125701309,0.3745945769112924,-0.43399655817600213,1.034414183316264,TRUE,pre_treatment
log_under5_mort,fraser_Regulation,-15,0.020746033746035536,0.013261660013564084,-0.005246819880550067,0.046738887372621135,TRUE,pre_treatment
log_under5_mort,fraser_Regulation,-14,0.02122291822685578,0.03326924374698456,-0.043984799517233955,0.08643063597094551,TRUE,pre_treatment
log_under5_mort,fraser_Regulation,-13,-2.9814545982751204e-4,0.007758180179278225,-0.015504178611212832,0.014907887691557807,TRUE,pre_treatment
log_under5_mort,fraser_Regulation,-12,-0.0773045435827855,0.11649599176191316,-0.3056366874361353,0.15102760027056428,TRUE,pre_treatment
log_under5_mort,fraser_Regulation,-11,-0.0028257601674489983,0.0097790640395711715,-0.021992725685008496,0.016341205350110497,TRUE,pre_treatment
log_under5_mort,fraser_Regulation,-10,-0.021308767289082067,0.031607600623006465,-0.08325966451017473,0.04064212993201061,TRUE,pre_treatment
log_under5_mort,fraser_Regulation,-9,0.010718245824232947,0.008860948850870912,-0.006649213923474041,0.028085705571939935,TRUE,pre_treatment
log_under5_mort,fraser_Regulation,-8,0.005022801191349948,0.005807350679836197,-0.006359606141128998,0.016405208523828894,TRUE,pre_treatment
log_under5_mort,fraser_Regulation,-7,-0.0034815995976439306,0.010713357348446247,-0.024479780000598573,0.017516580805310714,TRUE,pre_treatment
log_under5_mort,fraser_Regulation,-6,0.00688659299180709,0.012137567295692044,-0.016903038907749315,0.0306762248913635,TRUE,pre_treatment
log_under5_mort,fraser_Regulation,-5,-0.011714126167882723,0.01164287947335186,-0.034534169935652365,0.011105917599886921,TRUE,pre_treatment
log_under5_mort,fraser_Regulation,-4,-0.005671442135550475,0.006539643118791895,-0.01848914264838259,0.00714625837728164,TRUE,pre_treatment
log_under5_mort,fraser_Regulation,-3,-0.007594245185224051,0.009537733784059643,-0.02628820340198095,0.01109971303153285,TRUE,pre_treatment
log_under5_mort,fraser_Regulation,-2,-0.00807777527932145,0.010025806225490083,-0.027728355481282014,0.011572804922639113,TRUE,pre_treatment
log_under5_mort,fraser_Regulation,-1,-0.011162793617631728,0.011687211957802215,-0.03406972905492407,0.011744141819660613,TRUE,pre_treatment
log_under5_mort,fraser_SizeGov,-25,0.06925398131859332,0.039761670394927326,-0.008678892655464232,0.14718685529265088,TRUE,pre_treatment
log_under5_mort,fraser_SizeGov,-24,0.03782495040168197,0.004419886505909375,0.029161972850099596,0.04648792795326434,FALSE,pre_treatment
log_under5_mort,fraser_SizeGov,-23,0.031426399006926016,0.0066295370621318305,0.01843250636514763,0.0444202916487044,FALSE,pre_treatment
log_under5_mort,fraser_SizeGov,-22,0.02406097795583801,0.020586545227597588,-0.01628865069025326,0.06441060660192928,TRUE,pre_treatment
log_under5_mort,fraser_SizeGov,-21,-0.00848022067977208,0.00520137782538024,-0.01867492121751735,0.0017144798579731887,TRUE,pre_treatment
log_under5_mort,fraser_SizeGov,-20,-0.008468134556922484,0.01775257001207778,-0.043263171780594925,0.02632690266674996,TRUE,pre_treatment
log_under5_mort,fraser_SizeGov,-19,0.012513110681219696,0.025531501259706883,-0.0375286317878058,0.06255485315024518,TRUE,pre_treatment
log_under5_mort,fraser_SizeGov,-18,0.010828392526853563,0.01688037438873642,-0.022257141275069826,0.043913926328776956,TRUE,pre_treatment
log_under5_mort,fraser_SizeGov,-17,0.025559912748871188,0.013755489608128155,-0.001400846883059994,0.052520672380802366,TRUE,pre_treatment
log_under5_mort,fraser_SizeGov,-16,0.022170678513688213,0.011139057710831027,3.381254004593999e-4,0.04400323162691702,FALSE,pre_treatment
log_under5_mort,fraser_SizeGov,-15,0.20937127428972266,0.2938060005992578,-0.3664884868848226,0.785231035464268,TRUE,pre_treatment
log_under5_mort,fraser_SizeGov,-14,0.01874412003985254,0.011642785433033152,-0.004075739408892436,0.04156397948859752,TRUE,pre_treatment
log_under5_mort,fraser_SizeGov,-13,0.007717454679247353,0.010597069557682918,-0.013052801653811166,0.02848771101230587,TRUE,pre_treatment
log_under5_mort,fraser_SizeGov,-12,0.008982816061584445,0.009115239250453568,-0.00888305286930455,0.02684868499247344,TRUE,pre_treatment
log_under5_mort,fraser_SizeGov,-11,-0.1141358294534095,0.18822013378678076,-0.4830472916754998,0.2547756327686808,TRUE,pre_treatment
log_under5_mort,fraser_SizeGov,-10,0.01453562634427138,0.00695986424423409,8.94292425572563e-4,0.028176960262970195,FALSE,pre_treatment
log_under5_mort,fraser_SizeGov,-9,0.023831907423174366,0.008450807143278827,0.007268325422347864,0.04039548942400087,FALSE,pre_treatment
log_under5_mort,fraser_SizeGov,-8,0.015113683650736018,0.006552125262630744,0.0022715181359797606,0.027955849165492277,FALSE,pre_treatment
log_under5_mort,fraser_SizeGov,-7,0.025961771416952682,0.0077814890227388845,0.01071005293238447,0.04121348990152089,FALSE,pre_treatment
log_under5_mort,fraser_SizeGov,-6,0.022460967317170823,0.014201246784161535,-0.005373476379785785,0.050295411014127434,TRUE,pre_treatment
log_under5_mort,fraser_SizeGov,-5,-0.014615763693150367,0.016824788466891658,-0.04759234908825802,0.018360821701957283,TRUE,pre_treatment
log_under5_mort,fraser_SizeGov,-4,0.00826600089598657,0.007422043130463456,-0.006281203639721802,0.022813205431694943,TRUE,pre_treatment
log_under5_mort,fraser_SizeGov,-3,0.006289539036230669,0.008259229383609953,-0.009898550555644838,0.022477628628106174,TRUE,pre_treatment
log_under5_mort,fraser_SizeGov,-2,0.009097015793954694,0.006338578964371188,-0.0033265989762128346,0.02152063056412222,TRUE,pre_treatment
log_under5_mort,fraser_SizeGov,-1,0.023601275264633802,0.012145472055709709,-2.0384996455722476e-4,0.04740640049382483,TRUE,pre_treatment
log_under5_mort,fraser_SoundMoney,-24,-0.04106488851167562,0.045823771158766215,-0.1308794799828574,0.048749702959506154,TRUE,pre_treatment
log_under5_mort,fraser_SoundMoney,-23,-0.031219296822425843,0.04075015008683197,-0.1110895909926165,0.04865099734776482,TRUE,pre_treatment
log_under5_mort,fraser_SoundMoney,-22,-0.012226766684061662,0.03462701215431236,-0.08009571050651387,0.05564217713839056,TRUE,pre_treatment
log_under5_mort,fraser_SoundMoney,-21,-0.010298752387226537,0.022114156272757913,-0.053642498681832046,0.03304499390737897,TRUE,pre_treatment
log_under5_mort,fraser_SoundMoney,-20,0.0035122139796182556,0.020278043708482067,-0.036232751689006595,0.043257179648243105,TRUE,pre_treatment
log_under5_mort,fraser_SoundMoney,-19,0.00812845367663723,0.01219889381793524,-0.015781378206515838,0.0320382855597903,TRUE,pre_treatment
log_under5_mort,fraser_SoundMoney,-18,-0.014690990037363075,0.015649978504234063,-0.04536494790566184,0.015982967830935686,TRUE,pre_treatment
log_under5_mort,fraser_SoundMoney,-17,0.006939292140670444,0.010423264773178667,-0.013490306814759743,0.02736889109610063,TRUE,pre_treatment
log_under5_mort,fraser_SoundMoney,-16,-0.002947543694598952,0.012271358288660173,-0.02699940594037289,0.021104318551174988,TRUE,pre_treatment
log_under5_mort,fraser_SoundMoney,-15,0.001744826676426079,0.011216589487864276,-0.0202396887197879,0.02372934207264006,TRUE,pre_treatment
log_under5_mort,fraser_SoundMoney,-14,0.005931026849230328,0.009848676522133445,-0.013372379134151225,0.02523443283261188,TRUE,pre_treatment
log_under5_mort,fraser_SoundMoney,-13,0.006573304764568139,0.012965894360892946,-0.018839848182782035,0.03198645771191831,TRUE,pre_treatment
log_under5_mort,fraser_SoundMoney,-12,-0.0033590777494873353,0.00802520982327119,-0.019088489003098865,0.012370333504124194,TRUE,pre_treatment
log_under5_mort,fraser_SoundMoney,-11,-0.0011629065255461396,0.007605676526133895,-0.016070032516768574,0.013744219465676295,TRUE,pre_treatment
log_under5_mort,fraser_SoundMoney,-10,0.12612213879359602,0.188190472504306,-0.24273118731484378,0.4949754649020358,TRUE,pre_treatment
log_under5_mort,fraser_SoundMoney,-9,-0.007922849877553137,0.011479926413619572,-0.030423505648247497,0.014577805893141223,TRUE,pre_treatment
log_under5_mort,fraser_SoundMoney,-8,0.00546389525732692,0.007845272125261317,-0.009912838108185261,0.0208406286228391,TRUE,pre_treatment
log_under5_mort,fraser_SoundMoney,-7,0.019058510043192776,0.03337309272874065,-0.046352751705138896,0.08446977179152446,TRUE,pre_treatment
log_under5_mort,fraser_SoundMoney,-6,-0.08094986042828929,0.1031622763970983,-0.28314792216660195,0.12124820131002335,TRUE,pre_treatment
log_under5_mort,fraser_SoundMoney,-5,-0.006511546315138758,0.013342946309923635,-0.03266372108258908,0.019640628452311567,TRUE,pre_treatment
log_under5_mort,fraser_SoundMoney,-4,-0.018844801160440357,0.011899734171867822,-0.042168280137301284,0.004478677816420574,TRUE,pre_treatment
log_under5_mort,fraser_SoundMoney,-3,-0.01263791584384188,0.006672384460994383,-0.025715789387390872,4.399576997071112e-4,TRUE,pre_treatment
log_under5_mort,fraser_SoundMoney,-2,-0.01886150818475346,0.012658486001223997,-0.04367214074715249,0.005949124377645571,TRUE,pre_treatment
log_under5_mort,fraser_SoundMoney,-1,-0.02121686897157453,0.011882169257670652,-0.044505920716609006,0.0020721827734599477,TRUE,pre_treatment
log_under5_mort,heritage_Business.Freedom,-26,-0.02668954550626739,0.15463348358062182,-0.3297711733242861,0.27639208231175133,TRUE,pre_treatment
log_under5_mort,heritage_Business.Freedom,-25,-0.023425910674218276,0.01458662658527963,-0.05201569878136635,0.0051638774329298,TRUE,pre_treatment
log_under5_mort,heritage_Business.Freedom,-24,-0.0032949843495201675,0.04692862238464695,-0.09527508422342819,0.08868511552438786,TRUE,pre_treatment
log_under5_mort,heritage_Business.Freedom,-23,-0.05054075364609525,0.03732884758723403,-0.12370529491707394,0.02262378762488345,TRUE,pre_treatment
log_under5_mort,heritage_Business.Freedom,-22,-0.01866593332918029,0.10774946353104431,-0.22985488185002714,0.19252301519166656,TRUE,pre_treatment
log_under5_mort,heritage_Business.Freedom,-21,-0.016853124248749362,0.008948227080486539,-0.034391649326502974,6.854008290042533e-4,TRUE,pre_treatment
log_under5_mort,heritage_Business.Freedom,-20,-0.017183521263679995,0.008278021842220281,-0.03340844407443175,-9.58598452928245e-4,FALSE,pre_treatment
log_under5_mort,heritage_Business.Freedom,-19,0.019735849607767482,0.01960715781049975,-0.01869417970081203,0.058165878916346996,TRUE,pre_treatment
log_under5_mort,heritage_Business.Freedom,-18,-0.007677311532962905,0.010976261447372022,-0.02919078396981207,0.013836160903886258,TRUE,pre_treatment
log_under5_mort,heritage_Business.Freedom,-17,0.00937809822707225,0.0078526961405469,-0.0060131862083996745,0.024769382662544172,TRUE,pre_treatment
log_under5_mort,heritage_Business.Freedom,-16,-0.0034804858310003633,0.013801099460673264,-0.03053064077391996,0.023569669111919232,TRUE,pre_treatment
log_under5_mort,heritage_Business.Freedom,-15,-0.024850850149681476,0.023214010385945505,-0.07035031050613466,0.020648610206771716,TRUE,pre_treatment
log_under5_mort,heritage_Business.Freedom,-14,-0.0015875300460771403,0.015362337349671061,-0.03169771125143242,0.028522651159278142,TRUE,pre_treatment
log_under5_mort,heritage_Business.Freedom,-13,-0.027050969917647508,0.020478286188866917,-0.06718841084782667,0.013086471012531652,TRUE,pre_treatment
log_under5_mort,heritage_Business.Freedom,-12,-0.0029531093455025677,0.010530806447537976,-0.023593489982676998,0.017687271291671865,TRUE,pre_treatment
log_under5_mort,heritage_Business.Freedom,-11,-0.006948378746292568,0.013927928436189407,-0.034247118481223804,0.02035036098863867,TRUE,pre_treatment
log_under5_mort,heritage_Business.Freedom,-10,-0.024793086511606895,0.04109333224138876,-0.10533601770472886,0.055749844681515066,TRUE,pre_treatment
log_under5_mort,heritage_Business.Freedom,-9,-0.012148341684362645,0.012322836592444165,-0.036301101405553204,0.012004418036827917,TRUE,pre_treatment
log_under5_mort,heritage_Business.Freedom,-8,-0.01513329385174626,0.006260081491507458,-0.027403053575100877,-0.002863534128391642,FALSE,pre_treatment
log_under5_mort,heritage_Business.Freedom,-7,-0.009412779561564288,0.006382223511480474,-0.021921937644066018,0.003096378520937441,TRUE,pre_treatment
log_under5_mort,heritage_Business.Freedom,-6,-0.005713002507403356,0.03400628181066085,-0.07236531485629862,0.06093930984149191,TRUE,pre_treatment
log_under5_mort,heritage_Business.Freedom,-5,-0.005705193025457553,0.009478577234397819,-0.02428320440487728,0.012872818353962173,TRUE,pre_treatment
log_under5_mort,heritage_Business.Freedom,-4,-0.01460033032253677,0.008035485682079449,-0.03034988225941249,0.0011492216143389501,TRUE,pre_treatment
log_under5_mort,heritage_Business.Freedom,-3,-0.036884488349596754,0.04814827551119365,-0.1312551083515363,0.057486131652342794,TRUE,pre_treatment
log_under5_mort,heritage_Business.Freedom,-2,-0.0023661589107068616,0.005328717109451462,-0.012810444445231727,0.008078126623818002,TRUE,pre_treatment
log_under5_mort,heritage_Business.Freedom,-1,-0.008492979876985798,0.005524044801952737,-0.019320107688813162,0.002334147934841567,TRUE,pre_treatment
log_under5_mort,heritage_Financial.Freedom,-25,-0.04078386128459485,0.11353606875888751,-0.26331455605201437,0.18174683348282467,TRUE,pre_treatment
log_under5_mort,heritage_Financial.Freedom,-24,-0.02465463446080873,0.006135986707252956,-0.036681168407024525,-0.012628100514592936,FALSE,pre_treatment
log_under5_mort,heritage_Financial.Freedom,-23,-0.002883313423586848,0.010438917375594207,-0.023343591479751496,0.0175769646325778,TRUE,pre_treatment
log_under5_mort,heritage_Financial.Freedom,-22,0.004480793604490273,0.07772449664887515,-0.14785921982730502,0.15682080703628556,TRUE,pre_treatment
log_under5_mort,heritage_Financial.Freedom,-21,0.026772367790210076,0.02478375398073408,-0.021803790012028722,0.07534852559244887,TRUE,pre_treatment
log_under5_mort,heritage_Financial.Freedom,-20,-0.011336666166963503,0.03793403978799242,-0.08568738415142864,0.06301405181750162,TRUE,pre_treatment
log_under5_mort,heritage_Financial.Freedom,-19,-0.004036405250319692,0.01942933116223781,-0.0421178943283058,0.03404508382766641,TRUE,pre_treatment
log_under5_mort,heritage_Financial.Freedom,-18,-0.005728049552621638,0.020847294924896793,-0.04658874760541935,0.03513264850017607,TRUE,pre_treatment
log_under5_mort,heritage_Financial.Freedom,-17,-0.002840274181167368,0.01231604497743994,-0.026979722336949646,0.021299173974614914,TRUE,pre_treatment
log_under5_mort,heritage_Financial.Freedom,-16,0.004770905293755647,0.026325351768860385,-0.046826784173210706,0.05636859476072201,TRUE,pre_treatment
log_under5_mort,heritage_Financial.Freedom,-15,0.012900541527191464,0.015640919429817584,-0.017755660555250997,0.04355674360963393,TRUE,pre_treatment
log_under5_mort,heritage_Financial.Freedom,-14,0.018239082756743158,0.015367861555533264,-0.01188192589210204,0.048360091405588355,TRUE,pre_treatment
log_under5_mort,heritage_Financial.Freedom,-13,-0.007174179701479187,0.03381940914298605,-0.07346022162173184,0.059111862218773466,TRUE,pre_treatment
log_under5_mort,heritage_Financial.Freedom,-12,-0.008038770655145253,0.03775224465663669,-0.08203317018215316,0.06595562887186264,TRUE,pre_treatment
log_under5_mort,heritage_Financial.Freedom,-11,0.0021090935548458167,0.0367747969884249,-0.06996950854246699,0.07418769565215862,TRUE,pre_treatment
log_under5_mort,heritage_Financial.Freedom,-10,-0.0037188700367541566,0.03337371283449971,-0.06913134719237359,0.061693607118865276,TRUE,pre_treatment
log_under5_mort,heritage_Financial.Freedom,-9,-0.002834604595139496,0.011166559379093803,-0.024721060978163352,0.019051851787884357,TRUE,pre_treatment
log_under5_mort,heritage_Financial.Freedom,-8,0.0074470482552184995,0.011510330173618409,-0.015113198885073582,0.030007295395510582,TRUE,pre_treatment
log_under5_mort,heritage_Financial.Freedom,-7,2.9596719340323164e-4,0.012314033574059169,-0.02383953861175274,0.024431472998559203,TRUE,pre_treatment
log_under5_mort,heritage_Financial.Freedom,-6,-0.00487072249585251,0.011677508472521095,-0.027758639101993856,0.018017194110288837,TRUE,pre_treatment
log_under5_mort,heritage_Financial.Freedom,-5,0.006090643750175246,0.014115717816935007,-0.02157616317101737,0.03375745067136786,TRUE,pre_treatment
log_under5_mort,heritage_Financial.Freedom,-4,-0.002627552132287502,0.00938104546643384,-0.021014401246497828,0.015759296981922823,TRUE,pre_treatment
log_under5_mort,heritage_Financial.Freedom,-3,0.010705356797917927,0.016818383415663937,-0.022258674696783387,0.04366938829261924,TRUE,pre_treatment
log_under5_mort,heritage_Financial.Freedom,-2,-0.006748580133626442,0.011622141918342701,-0.029527978293578137,0.01603081802632525,TRUE,pre_treatment
log_under5_mort,heritage_Financial.Freedom,-1,5.997270896875848e-4,0.007435048621192261,-0.013972968207849247,0.015172422387224417,TRUE,pre_treatment
log_under5_mort,heritage_Fiscal.Health,-25,-0.0044874303401977,0.042527936775644225,-0.08784218642046038,0.07886732574006497,TRUE,pre_treatment
log_under5_mort,heritage_Fiscal.Health,-24,0.0015358416693646566,0.018573395121131316,-0.03486801276805272,0.037939696106782037,TRUE,pre_treatment
log_under5_mort,heritage_Fiscal.Health,-23,0.0017618795842952383,0.010481967304026563,-0.018782776331596824,0.0223065355001873,TRUE,pre_treatment
log_under5_mort,heritage_Fiscal.Health,-22,0.01111535148143224,0.012265535497632063,-0.012925098093926602,0.035155801056791086,TRUE,pre_treatment
log_under5_mort,heritage_Fiscal.Health,-21,0.007024230341944328,0.020481419873596505,-0.033119352610304825,0.04716781329419348,TRUE,pre_treatment
log_under5_mort,heritage_Fiscal.Health,-20,0.0038840857953096023,0.014472502627030495,-0.024482019353670167,0.032250190944289374,TRUE,pre_treatment
log_under5_mort,heritage_Fiscal.Health,-19,0.0116198207487639,0.00938842335861293,-0.006781489034117441,0.030021130531645242,TRUE,pre_treatment
log_under5_mort,heritage_Fiscal.Health,-18,0.012558214312901182,0.011845064962623017,-0.01065811301383993,0.03577454163964229,TRUE,pre_treatment
log_under5_mort,heritage_Fiscal.Health,-17,0.004576124489177246,0.008067683578317483,-0.01123653532432502,0.02038878430267951,TRUE,pre_treatment
log_under5_mort,heritage_Fiscal.Health,-16,0.00973149482471049,0.0065928375393077,-0.003190466752332602,0.02265345640175358,TRUE,pre_treatment
log_under5_mort,heritage_Fiscal.Health,-15,0.003433892965237636,0.009676422429762343,-0.015531894997096554,0.022399680927571827,TRUE,pre_treatment
log_under5_mort,heritage_Fiscal.Health,-14,0.005833224775265941,0.005366132596314586,-0.004684395113510648,0.016350844664042533,TRUE,pre_treatment
log_under5_mort,heritage_Fiscal.Health,-13,0.006674754419851381,0.00483588953093769,-0.002803589060786491,0.01615309790048925,TRUE,pre_treatment
log_under5_mort,heritage_Fiscal.Health,-12,0.0046760318252961515,0.006598614999540362,-0.008257253573802957,0.01760931722439526,TRUE,pre_treatment
log_under5_mort,heritage_Fiscal.Health,-11,0.013244270141902775,0.00523658440118555,0.0029805647155790975,0.023507975568226452,FALSE,pre_treatment
log_under5_mort,heritage_Fiscal.Health,-10,0.013171680174177558,0.005797893051079012,0.0018078097940626946,0.02453555055429242,FALSE,pre_treatment
log_under5_mort,heritage_Fiscal.Health,-9,0.01721339931251232,0.007645949397648127,0.00222733849312199,0.03219946013190265,FALSE,pre_treatment
log_under5_mort,heritage_Fiscal.Health,-8,0.035427660956337564,0.02749753263264142,-0.01846750300363962,0.08932282491631474,TRUE,pre_treatment
log_under5_mort,heritage_Fiscal.Health,-7,-0.013265419944934433,0.02680723421401843,-0.06580759900441055,0.03927675911454169,TRUE,pre_treatment
log_under5_mort,heritage_Fiscal.Health,-6,0.007829535104336711,0.006724830535110817,-0.005351132744480489,0.021010202953153912,TRUE,pre_treatment
log_under5_mort,heritage_Fiscal.Health,-5,-0.004197155095261947,0.006467911901936969,-0.01687426242305841,0.008479952232534513,TRUE,pre_treatment
log_under5_mort,heritage_Fiscal.Health,-4,-0.0049821495935283115,0.007109755941690133,-0.018917271239240974,0.008952972052184349,TRUE,pre_treatment
log_under5_mort,heritage_Fiscal.Health,-3,0.004422057528822586,0.007436501703044044,-0.010153485809143738,0.01899760086678891,TRUE,pre_treatment
log_under5_mort,heritage_Fiscal.Health,-2,0.0015700765332514657,0.009015604208360978,-0.016100507715136048,0.019240660781638982,TRUE,pre_treatment
log_under5_mort,heritage_Fiscal.Health,-1,-1.2367139298705116e-4,0.0077711295073948855,-0.015355085227481026,0.015107742441506923,TRUE,pre_treatment
log_under5_mort,heritage_Government.Integrity,-26,0.8101284600930461,1.0437870006201568,-1.2356940611224614,2.8559509813085535,TRUE,pre_treatment
log_under5_mort,heritage_Government.Integrity,-25,-0.020641343972203546,0.019074703547072247,-0.05802776292446515,0.016745074980058054,TRUE,pre_treatment
log_under5_mort,heritage_Government.Integrity,-24,-0.01276923422232423,0.03886442461097223,-0.0889435064598298,0.06340503801518134,TRUE,pre_treatment
log_under5_mort,heritage_Government.Integrity,-23,-0.03090961211215343,0.010353326373902592,-0.05120213180500251,-0.010617092419304346,FALSE,pre_treatment
log_under5_mort,heritage_Government.Integrity,-22,-0.1838720630797072,0.22058184993086993,-0.6162124889442122,0.24846836278479786,TRUE,pre_treatment
log_under5_mort,heritage_Government.Integrity,-21,-0.0025176102066988477,0.02218311508521558,-0.04599651577372139,0.04096129536032369,TRUE,pre_treatment
log_under5_mort,heritage_Government.Integrity,-20,-0.02542132538812462,0.019223841283829812,-0.06310005430443105,0.012257403528181807,TRUE,pre_treatment
log_under5_mort,heritage_Government.Integrity,-19,-0.007328818152500339,0.01219529983062373,-0.03123160582052285,0.01657396951552217,TRUE,pre_treatment
log_under5_mort,heritage_Government.Integrity,-18,-0.009632585423616408,0.009674708684766801,-0.028595014445759338,0.009329843598526521,TRUE,pre_treatment
log_under5_mort,heritage_Government.Integrity,-17,-0.03325362451804443,0.02424781929853968,-0.0807793503431822,0.01427210130709334,TRUE,pre_treatment
log_under5_mort,heritage_Government.Integrity,-16,-0.01423267321914091,0.007362004649076011,-0.028662202331329892,1.9685589304807224e-4,TRUE,pre_treatment
log_under5_mort,heritage_Government.Integrity,-15,-0.037207933249308926,0.03424972099955894,-0.10433738640844445,0.02992151990982659,TRUE,pre_treatment
log_under5_mort,heritage_Government.Integrity,-14,-0.013026018571115025,0.007023479902041259,-0.026792039179115892,7.400020368858434e-4,TRUE,pre_treatment
log_under5_mort,heritage_Government.Integrity,-13,-0.004539818493638917,0.006479650902967216,-0.01723993426345466,0.008160297276176825,TRUE,pre_treatment
log_under5_mort,heritage_Government.Integrity,-12,-0.0032257460110344614,0.006292416907543822,-0.015558883149820351,0.009107391127751429,TRUE,pre_treatment
log_under5_mort,heritage_Government.Integrity,-11,-0.002247436699089468,0.008388396002575082,-0.01868869286413663,0.014193819465957692,TRUE,pre_treatment
log_under5_mort,heritage_Government.Integrity,-10,0.008242775286474279,0.00730334152780576,-0.006071774108025009,0.022557324680973566,TRUE,pre_treatment
log_under5_mort,heritage_Government.Integrity,-9,-0.006386763192595358,0.011146832595607503,-0.02823455507998606,0.015461028694795346,TRUE,pre_treatment
log_under5_mort,heritage_Government.Integrity,-8,-0.0022009590670965277,0.008050963923116265,-0.017980848356404407,0.01357893022221135,TRUE,pre_treatment
log_under5_mort,heritage_Government.Integrity,-7,0.010075926799090699,0.011369728296399224,-0.012208740661851781,0.03236059426003318,TRUE,pre_treatment
log_under5_mort,heritage_Government.Integrity,-6,-0.020524686466867358,0.010934281049405995,-0.04195587732370311,9.065043899683933e-4,TRUE,pre_treatment
log_under5_mort,heritage_Government.Integrity,-5,-0.008263869080771561,0.013343848431907186,-0.034417812007309645,0.01789007384576652,TRUE,pre_treatment
log_under5_mort,heritage_Government.Integrity,-4,-0.012978931518503543,0.008612969105604293,-0.029860350965487954,0.00390248792848087,TRUE,pre_treatment
log_under5_mort,heritage_Government.Integrity,-3,-0.009598623291456228,0.004842589593935996,-0.01909009889557078,-1.0714768734167504e-4,FALSE,pre_treatment
log_under5_mort,heritage_Government.Integrity,-2,-0.002848034073615283,0.006635137266271465,-0.015852903115507355,0.010156834968276789,TRUE,pre_treatment
log_under5_mort,heritage_Government.Integrity,-1,-0.01189227092842086,0.00644517884170585,-0.024524821458164325,7.402796013226062e-4,TRUE,pre_treatment
log_under5_mort,heritage_Government.Spending,-25,-0.07488776486763882,0.08986166031583119,-0.25101661908666795,0.10124108935139031,TRUE,pre_treatment
log_under5_mort,heritage_Government.Spending,-24,-0.017410130165680195,0.03645976572644362,-0.0888712709895097,0.0540510106581493,TRUE,pre_treatment
log_under5_mort,heritage_Government.Spending,-23,-0.0054714138310259924,0.030455630956017016,-0.06516445050481934,0.05422162284276736,TRUE,pre_treatment
log_under5_mort,heritage_Government.Spending,-22,-0.013566387555226739,0.04137865771262739,-0.09466855667197642,0.06753578156152294,TRUE,pre_treatment
log_under5_mort,heritage_Government.Spending,-21,0.011584499763081678,0.02967540788636211,-0.04657929969418805,0.0697482992203514,TRUE,pre_treatment
log_under5_mort,heritage_Government.Spending,-20,-0.014531669252674337,0.015399588231884986,-0.04471486218716891,0.015651523681820236,TRUE,pre_treatment
log_under5_mort,heritage_Government.Spending,-19,-0.002782301892909606,0.019081834897655473,-0.040182698292314335,0.03461809450649512,TRUE,pre_treatment
log_under5_mort,heritage_Government.Spending,-18,0.0317887097297609,0.027193723576244125,-0.021510988479677584,0.08508840793919939,TRUE,pre_treatment
log_under5_mort,heritage_Government.Spending,-17,-0.05535873663204327,0.04097224613818485,-0.13566433906288558,0.02494686579879904,TRUE,pre_treatment
log_under5_mort,heritage_Government.Spending,-16,-0.017344418537110676,0.011604947103795511,-0.04009011486054988,0.005401277786328526,TRUE,pre_treatment
log_under5_mort,heritage_Government.Spending,-15,-0.004380738695927518,0.014220872100645359,-0.03225364801319242,0.023492170621337384,TRUE,pre_treatment
log_under5_mort,heritage_Government.Spending,-14,0.0072829171296364195,0.012274530435408514,-0.016775162523764268,0.0313409967830371,TRUE,pre_treatment
log_under5_mort,heritage_Government.Spending,-13,0.020869759436641436,0.021377513640487622,-0.021030167298714302,0.06276968617199717,TRUE,pre_treatment
log_under5_mort,heritage_Government.Spending,-12,-0.010816015887937574,0.023668013883012012,-0.05720532309864112,0.03557329132276597,TRUE,pre_treatment
log_under5_mort,heritage_Government.Spending,-11,-0.006494772453332923,0.010060962324064253,-0.026214258608498856,0.013224713701833011,TRUE,pre_treatment
log_under5_mort,heritage_Government.Spending,-10,0.004695659496548097,0.008788699629527783,-0.012530191777326357,0.02192151077042255,TRUE,pre_treatment
log_under5_mort,heritage_Government.Spending,-9,0.002628916173511779,0.008640971782223495,-0.014307388519646271,0.01956522086666983,TRUE,pre_treatment
log_under5_mort,heritage_Government.Spending,-8,0.0020555815874923992,0.008484498856403722,-0.014574036171058895,0.018685199346043693,TRUE,pre_treatment
log_under5_mort,heritage_Government.Spending,-7,-0.005640271915240331,0.009695099629444448,-0.02464266718895145,0.013362123358470788,TRUE,pre_treatment
log_under5_mort,heritage_Government.Spending,-6,-0.011048198860118064,0.010812898015323426,-0.03224147897015198,0.01014508124991585,TRUE,pre_treatment
log_under5_mort,heritage_Government.Spending,-5,-0.007814822619504586,0.01173450602297043,-0.030814454424526627,0.015184809185517456,TRUE,pre_treatment
log_under5_mort,heritage_Government.Spending,-4,-0.020201764146891964,0.01601944287172103,-0.05159987217546519,0.011196343881681257,TRUE,pre_treatment
log_under5_mort,heritage_Government.Spending,-3,-0.0025687440271551275,0.007158904380250103,-0.016600196612445328,0.011462708558135075,TRUE,pre_treatment
log_under5_mort,heritage_Government.Spending,-2,-0.0015645531026434135,0.005993701190981688,-0.01331220743696752,0.010183101231680695,TRUE,pre_treatment
log_under5_mort,heritage_Government.Spending,-1,-0.008757239139214702,0.005789599247451949,-0.02010485366422052,0.0025903753857911167,TRUE,pre_treatment
log_under5_mort,heritage_Investment.Freedom,-24,-0.08164289066872167,0.19810237756214336,-0.4699235506905226,0.3066377693530793,TRUE,pre_treatment
log_under5_mort,heritage_Investment.Freedom,-23,-0.042038444880352396,0.1741192061629223,-0.38331208895968016,0.29923519919897534,TRUE,pre_treatment
log_under5_mort,heritage_Investment.Freedom,-22,-0.04072186319576178,0.08189009237697657,-0.20122644425463587,0.1197827178631123,TRUE,pre_treatment
log_under5_mort,heritage_Investment.Freedom,-21,0.008853297631308259,0.05924229093853179,-0.10726159260821405,0.12496818787083055,TRUE,pre_treatment
log_under5_mort,heritage_Investment.Freedom,-20,-0.01849902746681993,0.05437399899921511,-0.12507206550528155,0.08807401057164169,TRUE,pre_treatment
log_under5_mort,heritage_Investment.Freedom,-19,-0.01288330734421696,0.01959170824715229,-0.05128305550863545,0.02551644082020153,TRUE,pre_treatment
log_under5_mort,heritage_Investment.Freedom,-18,-0.022718563516431662,0.09477978318177846,-0.20848693855271744,0.1630498115198541,TRUE,pre_treatment
log_under5_mort,heritage_Investment.Freedom,-17,8.146747162141857e-4,0.023783182401600978,-0.045800362790923727,0.0474297122233521,TRUE,pre_treatment
log_under5_mort,heritage_Investment.Freedom,-16,0.014224860695714105,0.017293662333861887,-0.019670717478655196,0.0481204388700834,TRUE,pre_treatment
log_under5_mort,heritage_Investment.Freedom,-15,0.006146519994524285,0.032368963264488994,-0.05729664800387414,0.06958968799292271,TRUE,pre_treatment
log_under5_mort,heritage_Investment.Freedom,-14,0.004138241229177547,0.02677553851003019,-0.048341814250481625,0.05661829670883672,TRUE,pre_treatment
log_under5_mort,heritage_Investment.Freedom,-13,0.008387593971966183,0.01348119031295804,-0.018035539041431577,0.03481072698536394,TRUE,pre_treatment
log_under5_mort,heritage_Investment.Freedom,-12,-0.011541701879101276,0.03325847663442492,-0.07672831608257412,0.05364491232437156,TRUE,pre_treatment
log_under5_mort,heritage_Investment.Freedom,-11,0.001648351575992406,0.014175035439649894,-0.026134717885721387,0.0294314210377062,TRUE,pre_treatment
log_under5_mort,heritage_Investment.Freedom,-10,-0.002807538261316778,0.015897707838844973,-0.03396704562545293,0.02835196910281937,TRUE,pre_treatment
log_under5_mort,heritage_Investment.Freedom,-9,0.004240916737663135,0.01770962311122491,-0.030469944560337685,0.03895177803566396,TRUE,pre_treatment
log_under5_mort,heritage_Investment.Freedom,-8,0.017429606948033527,0.03666577636983434,-0.05443531473684178,0.08929452863290883,TRUE,pre_treatment
log_under5_mort,heritage_Investment.Freedom,-7,0.010616092380059719,0.011716366035556893,-0.012347985049631792,0.03358016980975123,TRUE,pre_treatment
log_under5_mort,heritage_Investment.Freedom,-6,7.776402919870579e-4,0.01619888507893299,-0.0309721744627216,0.032527455046695714,TRUE,pre_treatment
log_under5_mort,heritage_Investment.Freedom,-5,-8.391555007284852e-4,0.015474839937754514,-0.03116984177872733,0.02949153077727036,TRUE,pre_treatment
log_under5_mort,heritage_Investment.Freedom,-4,0.002762175807515308,0.009144454070765175,-0.015160954171184434,0.02068530578621505,TRUE,pre_treatment
log_under5_mort,heritage_Investment.Freedom,-3,0.004722463568552192,0.011957727117858983,-0.018714681582451414,0.028159608719555796,TRUE,pre_treatment
log_under5_mort,heritage_Investment.Freedom,-2,0.014249239184262866,0.013113455550605346,-0.011453133694923612,0.03995161206344934,TRUE,pre_treatment
log_under5_mort,heritage_Investment.Freedom,-1,0.002480877432459473,0.009545080884521369,-0.01622748110120241,0.021189235966121357,TRUE,pre_treatment
log_under5_mort,heritage_Judicial.Effectiveness,-26,0.005797963450710189,0.01981512230996902,-0.03303967627682909,0.04463560317824947,TRUE,pre_treatment
log_under5_mort,heritage_Judicial.Effectiveness,-25,-0.005680320401368691,0.0065345779360912685,-0.018488093156107575,0.007127452353370195,TRUE,pre_treatment
log_under5_mort,heritage_Judicial.Effectiveness,-24,-0.014409148983781418,0.0073239504469416496,-0.028764091859787053,-5.4206107775784176e-5,FALSE,pre_treatment
log_under5_mort,heritage_Judicial.Effectiveness,-23,0.0023647738352760663,0.008009566373913103,-0.013333976257593616,0.01806352392814575,TRUE,pre_treatment
log_under5_mort,heritage_Judicial.Effectiveness,-22,0.026091540011264847,0.07307480808410838,-0.11713508383358756,0.16931816385611725,TRUE,pre_treatment
log_under5_mort,heritage_Judicial.Effectiveness,-21,-0.008712240820818198,0.00674359148884765,-0.021929680138959594,0.004505198497323197,TRUE,pre_treatment
log_under5_mort,heritage_Judicial.Effectiveness,-20,-7.612450083435496e-4,0.006859683227589364,-0.014206224134418702,0.012683734117731604,TRUE,pre_treatment
log_under5_mort,heritage_Judicial.Effectiveness,-19,0.0079903685034736,0.010431445856772149,-0.012455265375799811,0.028436002382747013,TRUE,pre_treatment
log_under5_mort,heritage_Judicial.Effectiveness,-18,-0.056759004335004845,0.08000373858847781,-0.21356633196842134,0.10004832329841166,TRUE,pre_treatment
log_under5_mort,heritage_Judicial.Effectiveness,-17,0.011829962683663929,0.006170346974952028,-2.639173872420464e-4,0.023923842754569904,TRUE,pre_treatment
log_under5_mort,heritage_Judicial.Effectiveness,-16,0.008574821707004816,0.0046611643152791715,-5.610603509423606e-4,0.017710703764951992,TRUE,pre_treatment
log_under5_mort,heritage_Judicial.Effectiveness,-15,0.006747119271660543,0.004377858771998126,-0.0018334839214557844,0.015327722464776872,TRUE,pre_treatment
log_under5_mort,heritage_Judicial.Effectiveness,-14,0.005420352535490762,0.0060443459531173286,-0.006426565532619202,0.017267270603600726,TRUE,pre_treatment
log_under5_mort,heritage_Judicial.Effectiveness,-13,-0.006672834315858336,0.015922736448448344,-0.03788139775481709,0.024535729123100418,TRUE,pre_treatment
log_under5_mort,heritage_Judicial.Effectiveness,-12,0.013274766556430562,0.013083522941317894,-0.01236893840855251,0.03891847152141363,TRUE,pre_treatment
log_under5_mort,heritage_Judicial.Effectiveness,-11,-0.007926078182824611,0.008757705898178888,-0.025091181743255232,0.009239025377606009,TRUE,pre_treatment
log_under5_mort,heritage_Judicial.Effectiveness,-10,0.013117607726755093,0.02390049424969306,-0.0337273610026433,0.059962576456153494,TRUE,pre_treatment
log_under5_mort,heritage_Judicial.Effectiveness,-9,0.004047789941170309,0.006690968787388013,-0.009066508882110195,0.017162088764450814,TRUE,pre_treatment
log_under5_mort,heritage_Judicial.Effectiveness,-8,0.0037861443190529013,0.014312993691943231,-0.024267323317155833,0.03183961195526164,TRUE,pre_treatment
log_under5_mort,heritage_Judicial.Effectiveness,-7,-0.0028486410257077864,0.014168046039452726,-0.03061801126303513,0.024920729211619558,TRUE,pre_treatment
log_under5_mort,heritage_Judicial.Effectiveness,-6,0.010807221822275549,0.006209672621680552,-0.0013637365162183328,0.02297818016076943,TRUE,pre_treatment
log_under5_mort,heritage_Judicial.Effectiveness,-5,0.003546173474671164,0.005709063953414052,-0.007643591874020378,0.014735938823362705,TRUE,pre_treatment
log_under5_mort,heritage_Judicial.Effectiveness,-4,0.01100847238955634,0.005147380579723339,9.196064532985965e-4,0.021097338325814084,FALSE,pre_treatment
log_under5_mort,heritage_Judicial.Effectiveness,-3,0.01780967391694818,0.014250887328445878,-0.010122065246805742,0.0457414130807021,TRUE,pre_treatment
log_under5_mort,heritage_Judicial.Effectiveness,-2,0.0065482763978518144,0.012458448657170742,-0.017870282970202836,0.03096683576590647,TRUE,pre_treatment
log_under5_mort,heritage_Judicial.Effectiveness,-1,0.009900842303560182,0.006609616247378387,-0.003054005541301457,0.02285569014842182,TRUE,pre_treatment
log_under5_mort,heritage_Labor.Freedom,-26,-0.004706497919199837,0.0664985763583546,-0.13504370758157486,0.1256307117431752,TRUE,pre_treatment
log_under5_mort,heritage_Labor.Freedom,-25,0.0031397720190462688,0.011301298361476888,-0.01901077276944843,0.025290316807540972,TRUE,pre_treatment
log_under5_mort,heritage_Labor.Freedom,-24,-0.005290884610230461,0.010075449273027995,-0.025038765185365332,0.014456995964904408,TRUE,pre_treatment
log_under5_mort,heritage_Labor.Freedom,-23,0.0017967796377981056,0.009803104267986034,-0.017417304727454522,0.02101086400305073,TRUE,pre_treatment
log_under5_mort,heritage_Labor.Freedom,-22,0.018963199758162557,0.034250444326495245,-0.04816767112176812,0.08609407063809324,TRUE,pre_treatment
log_under5_mort,heritage_Labor.Freedom,-21,-0.004052907688630844,0.0077740230099080975,-0.019289992788050714,0.011184177410789028,TRUE,pre_treatment
log_under5_mort,heritage_Labor.Freedom,-20,0.009149166180582613,0.013618072524502317,-0.017542255967441925,0.035840588328607155,TRUE,pre_treatment
log_under5_mort,heritage_Labor.Freedom,-19,-0.0023920279198379373,0.016031399567819907,-0.033813571072764954,0.029029515233089078,TRUE,pre_treatment
log_under5_mort,heritage_Labor.Freedom,-18,-0.00515911065503107,0.008136522442190555,-0.021106694641724558,0.01078847333166242,TRUE,pre_treatment
log_under5_mort,heritage_Labor.Freedom,-17,-0.0033686709774573224,0.00708134002567438,-0.017248097427779108,0.010510755472864463,TRUE,pre_treatment
log_under5_mort,heritage_Labor.Freedom,-16,-0.0044215905817028296,0.005993614056956346,-0.01616907413333727,0.0073258929699316095,TRUE,pre_treatment
log_under5_mort,heritage_Labor.Freedom,-15,-0.0053210051694550795,0.007018295909062812,-0.01907686515121819,0.008434854812308032,TRUE,pre_treatment
log_under5_mort,heritage_Labor.Freedom,-14,-0.023149055513169765,0.010020004748909388,-0.042788264821032165,-0.0035098462053073654,FALSE,pre_treatment
log_under5_mort,heritage_Labor.Freedom,-13,-0.016197877605946733,0.006952533049071072,-0.029824842382126036,-0.0025709128297674317,FALSE,pre_treatment
log_under5_mort,heritage_Labor.Freedom,-12,-0.004495936679089117,0.006845237448263163,-0.017912602077684917,0.008920728719506683,TRUE,pre_treatment
log_under5_mort,heritage_Labor.Freedom,-11,-0.018041859920281286,0.011030411777158815,-0.039661467003512564,0.003577747162949993,TRUE,pre_treatment
log_under5_mort,heritage_Labor.Freedom,-10,3.9164693006000546e-4,0.012025960694790335,-0.02317923603172905,0.023962529891849063,TRUE,pre_treatment
log_under5_mort,heritage_Labor.Freedom,-9,-0.0035339338117277427,0.0056822081644908535,-0.014671061814129815,0.00760319419067433,TRUE,pre_treatment
log_under5_mort,heritage_Labor.Freedom,-8,-0.003649328341830709,0.005208959269004278,-0.013858888509079095,0.006560231825417676,TRUE,pre_treatment
log_under5_mort,heritage_Labor.Freedom,-7,-0.001992827820760226,0.0061851943669801734,-0.014115808780041365,0.010130153138520913,TRUE,pre_treatment
log_under5_mort,heritage_Labor.Freedom,-6,0.0020152884664059556,0.006881040047327179,-0.011471550026355314,0.015502126959167226,TRUE,pre_treatment
log_under5_mort,heritage_Labor.Freedom,-5,-0.0026978585817527792,0.007099526595252512,-0.016612930708447705,0.011217213544942145,TRUE,pre_treatment
log_under5_mort,heritage_Labor.Freedom,-4,0.005428897142113381,0.005111533158587878,-0.004589707848718858,0.015447502132945622,TRUE,pre_treatment
log_under5_mort,heritage_Labor.Freedom,-3,-0.0012643351828387243,0.004796250348548151,-0.010664985865993099,0.008136315500315652,TRUE,pre_treatment
log_under5_mort,heritage_Labor.Freedom,-2,0.001226450467830546,0.004589259210785566,-0.007768497585309163,0.010221398520970254,TRUE,pre_treatment
log_under5_mort,heritage_Labor.Freedom,-1,-0.0048957608395849474,0.006140157594589213,-0.016930469724979805,0.0071389480458099105,TRUE,pre_treatment
log_under5_mort,heritage_Monetary.Freedom,-24,-0.0026647017142131368,0.031058280071319066,-0.0635389306539985,0.05820952722557223,TRUE,pre_treatment
log_under5_mort,heritage_Monetary.Freedom,-23,-0.0013359688226409878,0.00424919068192098,-0.009664382559206108,0.006992444913924131,TRUE,pre_treatment
log_under5_mort,heritage_Monetary.Freedom,-22,0.0275980437201485,0.04157619986755171,-0.053891308020252854,0.10908739546054985,TRUE,pre_treatment
log_under5_mort,heritage_Monetary.Freedom,-21,0.02092865472651546,0.02245452977403839,-0.023082223630599783,0.06493953308363071,TRUE,pre_treatment
log_under5_mort,heritage_Monetary.Freedom,-20,0.004311342104207736,0.020548484514172866,-0.035963687543571085,0.044586371751986556,TRUE,pre_treatment
log_under5_mort,heritage_Monetary.Freedom,-19,0.0016435632750044222,0.02433932840209283,-0.04606152039309753,0.049348646943106374,TRUE,pre_treatment
log_under5_mort,heritage_Monetary.Freedom,-18,0.01795847005060036,0.020933359345020473,-0.023070914265639765,0.05898785436684049,TRUE,pre_treatment
log_under5_mort,heritage_Monetary.Freedom,-17,-0.0024933766714207257,0.014151461956588366,-0.030230242106333925,0.025243488763492472,TRUE,pre_treatment
log_under5_mort,heritage_Monetary.Freedom,-16,0.003700257657002998,0.007164617619550514,-0.01034239287731601,0.017742908191322005,TRUE,pre_treatment
log_under5_mort,heritage_Monetary.Freedom,-15,0.015399246552902838,0.019465764952391763,-0.022753652753785013,0.05355214585959069,TRUE,pre_treatment
log_under5_mort,heritage_Monetary.Freedom,-14,0.017598939528053834,0.013857460002572949,-0.009561682076989146,0.044759561133096815,TRUE,pre_treatment
log_under5_mort,heritage_Monetary.Freedom,-13,0.017085797093537074,0.013205759322190334,-0.00879749117795598,0.04296908536503013,TRUE,pre_treatment
log_under5_mort,heritage_Monetary.Freedom,-12,0.024228008914612614,0.012396751662500078,-6.962434388754074e-5,0.04852564217311277,TRUE,pre_treatment
log_under5_mort,heritage_Monetary.Freedom,-11,0.020402285889710905,0.006555505216575751,0.007553495665222433,0.03325107611419938,FALSE,pre_treatment
log_under5_mort,heritage_Monetary.Freedom,-10,0.01607026129009314,0.009834993841176583,-0.0032063266386129635,0.03534684921879924,TRUE,pre_treatment
log_under5_mort,heritage_Monetary.Freedom,-9,0.028363552962080072,0.015018488819802101,-0.0010726851247320444,0.057799791048892185,TRUE,pre_treatment
log_under5_mort,heritage_Monetary.Freedom,-8,0.040434432876249385,0.04599186805909261,-0.04970962851957213,0.1305784942720709,TRUE,pre_treatment
log_under5_mort,heritage_Monetary.Freedom,-7,0.05955656380762028,0.05746970678360868,-0.05308406148825273,0.1721971891034933,TRUE,pre_treatment
log_under5_mort,heritage_Monetary.Freedom,-6,-0.03933912304758801,0.04843211561235041,-0.1342660696477948,0.05558782355261879,TRUE,pre_treatment
log_under5_mort,heritage_Monetary.Freedom,-5,0.002458819488923044,0.016594294701922335,-0.03006599812684473,0.034983637104690816,TRUE,pre_treatment
log_under5_mort,heritage_Monetary.Freedom,-4,-0.018558061462638553,0.021193606091108205,-0.06009752940121063,0.022981406475933525,TRUE,pre_treatment
log_under5_mort,heritage_Monetary.Freedom,-3,-0.009088309736407816,0.014042478361624469,-0.036611567325191774,0.018434947852376142,TRUE,pre_treatment
log_under5_mort,heritage_Monetary.Freedom,-2,0.011607504422854699,0.01591995992470633,-0.01959561702956971,0.042810625875279104,TRUE,pre_treatment
log_under5_mort,heritage_Monetary.Freedom,-1,-0.01861428755538207,0.012880122592209876,-0.043859327836113425,0.006630752725349284,TRUE,pre_treatment
log_under5_mort,heritage_Property.Rights,-26,-0.02576992949343483,0.015889577622358906,-0.056913501633258284,0.005373642646388625,TRUE,pre_treatment
log_under5_mort,heritage_Property.Rights,-25,-0.01086890279080897,0.012351856868417738,-0.03507854225290774,0.013340736671289797,TRUE,pre_treatment
log_under5_mort,heritage_Property.Rights,-24,-0.014620742777469012,0.011554076954757748,-0.0372667336087942,0.008025248053856175,TRUE,pre_treatment
log_under5_mort,heritage_Property.Rights,-23,-3.805520876133046e-5,0.01026480057114797,-0.02015706432821135,0.02008095391068869,TRUE,pre_treatment
log_under5_mort,heritage_Property.Rights,-22,-0.02940898473289426,0.03961546993739001,-0.10705530581017868,0.04823733634439016,TRUE,pre_treatment
log_under5_mort,heritage_Property.Rights,-21,0.039335291033377226,0.06881275513641089,-0.0955377090339881,0.17420829110074254,TRUE,pre_treatment
log_under5_mort,heritage_Property.Rights,-20,-0.0050362005735824205,0.00681053846097621,-0.01838485595709579,0.00831245480993095,TRUE,pre_treatment
log_under5_mort,heritage_Property.Rights,-19,-0.009859201828442542,0.010692121656050062,-0.030815760274300663,0.01109735661741558,TRUE,pre_treatment
log_under5_mort,heritage_Property.Rights,-18,0.0030800393413246115,0.01856620942660068,-0.03330973113481272,0.03946980981746195,TRUE,pre_treatment
log_under5_mort,heritage_Property.Rights,-17,-0.05948865495508921,0.0679138151706175,-0.19259973268949948,0.07362242277932107,TRUE,pre_treatment
log_under5_mort,heritage_Property.Rights,-16,-0.005932487417769659,0.005710966125798802,-0.01712598102433531,0.005261006188795993,TRUE,pre_treatment
log_under5_mort,heritage_Property.Rights,-15,-0.011790424703936524,0.008916054950122505,-0.029265892406176632,0.005685042998303583,TRUE,pre_treatment
log_under5_mort,heritage_Property.Rights,-14,-0.013949056781101123,0.014285666640154184,-0.041948963395803326,0.014050849833601078,TRUE,pre_treatment
log_under5_mort,heritage_Property.Rights,-13,-0.0025245687143231454,0.006362591777917483,-0.014995248599041411,0.00994611117039512,TRUE,pre_treatment
log_under5_mort,heritage_Property.Rights,-12,-0.014996019047703407,0.005821987072287992,-0.02640711370938787,-0.0035849243860189423,FALSE,pre_treatment
log_under5_mort,heritage_Property.Rights,-11,0.0036551967426835955,0.017826265026110233,-0.03128428270849246,0.03859467619385965,TRUE,pre_treatment
log_under5_mort,heritage_Property.Rights,-10,-0.02311088888806648,0.016632900059467243,-0.05571137300462227,0.00948959522848931,TRUE,pre_treatment
log_under5_mort,heritage_Property.Rights,-9,-0.005952544860108802,0.0066697349065339305,-0.019025225276915306,0.007120135556697702,TRUE,pre_treatment
log_under5_mort,heritage_Property.Rights,-8,-0.006342521447736538,0.008864726866120226,-0.02371738610533218,0.011032343209859102,TRUE,pre_treatment
log_under5_mort,heritage_Property.Rights,-7,-0.01377295863347579,0.011305410886210059,-0.03593156397044751,0.008385646703495927,TRUE,pre_treatment
log_under5_mort,heritage_Property.Rights,-6,-0.015208750510963515,0.009982659434477457,-0.03477476300253933,0.004357261980612301,TRUE,pre_treatment
log_under5_mort,heritage_Property.Rights,-5,-0.029100284532346834,0.025519747548061956,-0.07911898972654827,0.020918420661854596,TRUE,pre_treatment
log_under5_mort,heritage_Property.Rights,-4,-0.003686702559143011,0.006545882915929786,-0.01651663307436539,0.009143227956079369,TRUE,pre_treatment
log_under5_mort,heritage_Property.Rights,-3,-0.008138097068205565,0.006450647536566576,-0.020781366239876052,0.004505172103464924,TRUE,pre_treatment
log_under5_mort,heritage_Property.Rights,-2,-0.011002386302562612,0.00510456298278263,-0.021007329748816566,-9.97442856308657e-4,FALSE,pre_treatment
log_under5_mort,heritage_Property.Rights,-1,-0.00116496628234112,0.011391728112262838,-0.02349275338237628,0.021162820817694043,TRUE,pre_treatment
log_under5_mort,heritage_Tax.Burden,-25,-0.06690786465069405,0.08717883227236312,-0.23777837590452577,0.10396264660313766,TRUE,pre_treatment
log_under5_mort,heritage_Tax.Burden,-24,-0.020030703017904522,0.04355474114014941,-0.10539799565259736,0.06533658961678832,TRUE,pre_treatment
log_under5_mort,heritage_Tax.Burden,-23,-0.008608695260935356,0.0364646639543107,-0.08007943661138434,0.06286204608951362,TRUE,pre_treatment
log_under5_mort,heritage_Tax.Burden,-22,0.007383557143503716,0.016436035676488624,-0.02483107278241399,0.03959818706942142,TRUE,pre_treatment
log_under5_mort,heritage_Tax.Burden,-21,0.020959908593360548,0.03297117494731005,-0.043663594303367144,0.08558341149008825,TRUE,pre_treatment
log_under5_mort,heritage_Tax.Burden,-20,0.02615453043984923,0.01295844617238972,7.559759419653762e-4,0.051553084937733085,FALSE,pre_treatment
log_under5_mort,heritage_Tax.Burden,-19,0.037879134397473244,0.024045017374903156,-0.009249099657336939,0.08500736845228343,TRUE,pre_treatment
log_under5_mort,heritage_Tax.Burden,-18,-0.04410006693277437,0.09008559466772334,-0.22066783248151212,0.13246769861596336,TRUE,pre_treatment
log_under5_mort,heritage_Tax.Burden,-17,0.02828100452441486,0.02847455958914461,-0.027529132270308575,0.0840911413191383,TRUE,pre_treatment
log_under5_mort,heritage_Tax.Burden,-16,-0.016329057152439052,0.026899989692665188,-0.06905303695006282,0.03639492264518472,TRUE,pre_treatment
log_under5_mort,heritage_Tax.Burden,-15,-0.001401666821867855,0.017264382086758928,-0.035239855711915354,0.032436522068179645,TRUE,pre_treatment
log_under5_mort,heritage_Tax.Burden,-14,-0.026756084435027742,0.03424985039278653,-0.09388579120488935,0.04037362233483386,TRUE,pre_treatment
log_under5_mort,heritage_Tax.Burden,-13,0.010949918449328813,0.009713946506738012,-0.00808941670387769,0.029989253602535317,TRUE,pre_treatment
log_under5_mort,heritage_Tax.Burden,-12,0.010114775499389153,0.007483024679762137,-0.004551952872944635,0.02478150387172294,TRUE,pre_treatment
log_under5_mort,heritage_Tax.Burden,-11,0.001844432900023332,0.009971311210625838,-0.017699337072803308,0.021388202872849975,TRUE,pre_treatment
log_under5_mort,heritage_Tax.Burden,-10,4.6159107375633613e-4,0.007827959078430423,-0.01488120871996729,0.015804390867479964,TRUE,pre_treatment
log_under5_mort,heritage_Tax.Burden,-9,0.013667760616496636,0.015080688226291944,-0.015890388307035572,0.04322590954002885,TRUE,pre_treatment
log_under5_mort,heritage_Tax.Burden,-8,-0.008604960968403736,0.01611956726723306,-0.04019931281218053,0.022989390875373064,TRUE,pre_treatment
log_under5_mort,heritage_Tax.Burden,-7,-0.001850296536977201,0.008869041201127689,-0.019233617291187468,0.015533024217233068,TRUE,pre_treatment
log_under5_mort,heritage_Tax.Burden,-6,0.0011662448812067368,0.007199415251514264,-0.012944609011761221,0.015277098774174694,TRUE,pre_treatment
log_under5_mort,heritage_Tax.Burden,-5,-0.0021637430634994194,0.0059696457600474226,-0.013864248753192369,0.009536762626193528,TRUE,pre_treatment
log_under5_mort,heritage_Tax.Burden,-4,-0.0036186976521086615,0.010014539008369712,-0.023247194108513298,0.016009798804295972,TRUE,pre_treatment
log_under5_mort,heritage_Tax.Burden,-3,5.8564415816203976e-5,0.010999563502182941,-0.02150058004846236,0.02161770888009477,TRUE,pre_treatment
log_under5_mort,heritage_Tax.Burden,-2,0.010485788179972243,0.009851907233913505,-0.008823949998498228,0.029795526358442716,TRUE,pre_treatment
log_under5_mort,heritage_Tax.Burden,-1,-0.011996735354973783,0.008438741959331674,-0.028536669595263867,0.0045431988853162995,TRUE,pre_treatment
log_under5_mort,heritage_Trade.Freedom,-26,0.015492033438900054,0.050169718483188123,-0.08284061478814866,0.11382468166594878,TRUE,pre_treatment
log_under5_mort,heritage_Trade.Freedom,-25,0.01731792701417631,0.005950232016773563,0.0056554722613001256,0.028980381767052494,FALSE,pre_treatment
log_under5_mort,heritage_Trade.Freedom,-24,0.011217367394737806,0.007524429348861313,-0.003530514129030368,0.02596524891850598,TRUE,pre_treatment
log_under5_mort,heritage_Trade.Freedom,-23,-0.04652630709922209,0.072014490087332,-0.18767470767039282,0.09462209347194864,TRUE,pre_treatment
log_under5_mort,heritage_Trade.Freedom,-22,-0.02591933243194568,0.04106536704851481,-0.1064074518470347,0.05456878698314335,TRUE,pre_treatment
log_under5_mort,heritage_Trade.Freedom,-21,-0.02863825882060099,0.03646592617641855,-0.10011147412638134,0.04283495648517936,TRUE,pre_treatment
log_under5_mort,heritage_Trade.Freedom,-20,-0.029759413373396628,0.03376610324464305,-0.095940975732897,0.03642214898610374,TRUE,pre_treatment
log_under5_mort,heritage_Trade.Freedom,-19,-0.006549986637427633,0.03253861278159003,-0.07032566768934409,0.057225694414488826,TRUE,pre_treatment
log_under5_mort,heritage_Trade.Freedom,-18,-0.006167715490020844,0.01946474641056058,-0.044318618454719585,0.03198318747467789,TRUE,pre_treatment
log_under5_mort,heritage_Trade.Freedom,-17,0.012189258437399444,0.016878569769298885,-0.020892738310426366,0.045271255185225255,TRUE,pre_treatment
log_under5_mort,heritage_Trade.Freedom,-16,0.018642347640473754,0.02484236109394622,-0.030048680103660838,0.06733337538460835,TRUE,pre_treatment
log_under5_mort,heritage_Trade.Freedom,-15,-0.035309864829828654,0.0608848324941621,-0.15464413651838638,0.08402440685872906,TRUE,pre_treatment
log_under5_mort,heritage_Trade.Freedom,-14,-0.011583062296244012,0.016545117289034184,-0.044011492182751015,0.020845367590262988,TRUE,pre_treatment
log_under5_mort,heritage_Trade.Freedom,-13,0.01110691965777428,0.01729219193270567,-0.022785776530328837,0.044999615845877396,TRUE,pre_treatment
log_under5_mort,heritage_Trade.Freedom,-12,3.750617019513217e-4,0.0105003396104045,-0.0202056039344415,0.020955727338344145,TRUE,pre_treatment
log_under5_mort,heritage_Trade.Freedom,-11,-0.0017679179441901437,0.013834971110972597,-0.028884461321696434,0.025348625433316146,TRUE,pre_treatment
log_under5_mort,heritage_Trade.Freedom,-10,7.698135742479831e-4,0.01267634531670584,-0.024075823246495463,0.02561545039499143,TRUE,pre_treatment
log_under5_mort,heritage_Trade.Freedom,-9,0.0016862499794174273,0.007494160404460129,-0.013002304413324426,0.01637480437215928,TRUE,pre_treatment
log_under5_mort,heritage_Trade.Freedom,-8,-3.296507921657023e-4,0.009740975125594095,-0.019421962038330128,0.018762660453998724,TRUE,pre_treatment
log_under5_mort,heritage_Trade.Freedom,-7,0.014210869662995599,0.025486396525822096,-0.03574246752761571,0.06416420685360691,TRUE,pre_treatment
log_under5_mort,heritage_Trade.Freedom,-6,-0.017193809652648277,0.02339399423110937,-0.06304603834562264,0.028658419040326084,TRUE,pre_treatment
log_under5_mort,heritage_Trade.Freedom,-5,0.0053014694483384415,0.013061357954386517,-0.02029879214225913,0.030901731038936016,TRUE,pre_treatment
log_under5_mort,heritage_Trade.Freedom,-4,0.001419286146414402,0.009636634321476805,-0.01746851712368014,0.02030708941650894,TRUE,pre_treatment
log_under5_mort,heritage_Trade.Freedom,-3,0.01567765922388686,0.009163612455484338,-0.0022830211888624392,0.033638339636636164,TRUE,pre_treatment
log_under5_mort,heritage_Trade.Freedom,-2,0.0028852486404723336,0.013766734402615912,-0.024097550788654852,0.029868048069599522,TRUE,pre_treatment
log_under5_mort,heritage_Trade.Freedom,-1,-0.0024044410731666084,0.010048803075680679,-0.02210009510150074,0.01729121295516752,TRUE,pre_treatment
